,round,namespace,pod_name,container_name,joules
0,0,client2,client2-86cd6d8cf7-phhhc,client2,918.5850000000002
1,0,client13,client13-7bf86f4f87-z2vhg,linkerd-init,0.0
2,0,client8,client8-5845965f99-9lw8q,sidecar,615.444
3,0,client3,client3-58c68898cd-brlrb,linkerd-proxy,827.106
4,0,client15,client15-79c969ddf-2qhl4,sidecar,742.9650000000001
5,0,client17,client17-69b85b5ccf-s5vfl,client17,741.9179999999998
6,0,client16,client16-6dc7f87f54-dsxvc,sidecar,883.302
7,0,client3,client3-58c68898cd-brlrb,sidecar,824.7330000000001
8,0,client13,client13-7bf86f4f87-z2vhg,sidecar,599.385
9,0,client9,client9-d68fb99b4-8z6bk,linkerd-init,0.0
10,0,client4,client4-744474fb99-l8dcb,sidecar,824.2260000000001
11,0,client8,client8-5845965f99-9lw8q,client8,691.5509999999999
12,0,client6,client6-785d875985-7h2n4,sidecar,895.578
13,0,client15,client15-79c969ddf-2qhl4,client15,886.5720000000001
14,0,client7,client7-544486cc98-v52bx,sidecar,777.7199999999998
15,0,server,maurits-dijk-23d3fcf8server1-6x7s2,sidecar,451.6290000000001
16,0,client5,maurits-dijk-23d3fcf8client51-f558h,hfl-train-model,749.8199999999999
17,0,client10,client10-694b6b97b4-7lkd7,linkerd-proxy,641.955
18,0,client20,client20-65f8864f77-tsjdt,linkerd-proxy,717.588
19,0,client7,client7-544486cc98-v52bx,client7,845.049
20,0,client20,client20-65f8864f77-tsjdt,client20,717.7530000000002
21,0,server,server-656f98b57f-8l82j,linkerd-proxy,507.231
22,0,client18,client18-69db77c748-wt4qr,sidecar,801.4259999999999
23,0,client13,client13-7bf86f4f87-z2vhg,client13,675.636
24,0,client11,client11-565c48c7c7-v26s6,client11,895.3469999999999
25,0,client5,client5-7d5ff7f8b4-kb9w6,sidecar,618.4200000000001
26,0,client15,client15-79c969ddf-2qhl4,linkerd-proxy,886.281
27,0,client2,client2-86cd6d8cf7-phhhc,linkerd-proxy,918.357
28,0,server,maurits-dijk-23d3fcf8server1-6x7s2,hfl-train,501.89700000000005
29,0,client12,client12-79bc8d5846-zjq4m,client12,869.499
30,0,client13,client13-7bf86f4f87-z2vhg,linkerd-proxy,667.8900000000001
31,0,client11,client11-565c48c7c7-v26s6,sidecar,766.356
32,0,server,maurits-dijk-23d3fcf8server1-6x7s2,hfl-train-model,871.6109999999999
33,0,api-gateway,api-gateway-6bf76d45b7-4g74g,linkerd-proxy,361.101
34,0,orchestrator,orchestrator-555f7b7c9d-zn2rf,linkerd-init,0.0
35,0,client13,maurits-dijk-23d3fcf8client131-glgnl,sidecar,482.12699999999995
36,0,client14,client14-856b5b5576-tflrl,sidecar,631.113
37,0,client16,client16-6dc7f87f54-dsxvc,client16,885.2280000000002
38,0,client9,maurits-dijk-23d3fcf8client91-q45t8,hfl-train-model,766.839
39,0,client17,client17-69b85b5ccf-s5vfl,sidecar,639.0719999999999
40,0,client8,client8-5845965f99-9lw8q,linkerd-init,0.0
41,0,client7,client7-544486cc98-v52bx,linkerd-init,0.0
42,0,client9,maurits-dijk-23d3fcf8client91-q45t8,hfl-train,920.6279999999999
43,0,client3,client3-58c68898cd-brlrb,client3,827.271
44,0,client6,client6-785d875985-7h2n4,client6,898.2089999999998
45,0,server,server-656f98b57f-8l82j,linkerd-init,0.0
46,0,client14,client14-856b5b5576-tflrl,linkerd-init,0.0
47,0,client7,client7-544486cc98-v52bx,linkerd-proxy,844.4459999999999
48,0,client15,client15-79c969ddf-2qhl4,linkerd-init,0.0
49,0,client5,maurits-dijk-23d3fcf8client51-f558h,sidecar,655.38
50,0,client8,client8-5845965f99-9lw8q,linkerd-proxy,691.293
51,0,client19,client19-56fccdb4d9-5x8ts,client19,942.3510000000001
52,0,orchestrator,policy-enforcer-cb8dccbd8-8tck9,policy-enforcer,139.91700000000003
53,0,orchestrator,orchestrator-555f7b7c9d-zn2rf,orchestrator,185.898
54,0,api-gateway,api-gateway-6bf76d45b7-4g74g,linkerd-init,0.0
55,0,client5,client5-7d5ff7f8b4-kb9w6,client5,759.7590000000002
56,0,client17,client17-69b85b5ccf-s5vfl,linkerd-proxy,737.5020000000002
57,0,client18,client18-69db77c748-wt4qr,client18,803.1989999999998
58,0,client4,client4-744474fb99-l8dcb,client4,826.8269999999999
59,0,client2,client2-86cd6d8cf7-phhhc,sidecar,916.8510000000001
60,0,client1,client1-7b9db886dd-5dvgn,sidecar,626.262
61,0,client13,maurits-dijk-23d3fcf8client131-glgnl,hfl-train,850.7669999999999
62,0,client20,client20-65f8864f77-tsjdt,sidecar,716.241
63,0,orchestrator,orchestrator-555f7b7c9d-zn2rf,sidecar,276.06899999999996
64,0,client14,client14-856b5b5576-tflrl,client14,695.7930000000001
65,0,client9,client9-d68fb99b4-8z6bk,sidecar,614.769
66,0,client9,client9-d68fb99b4-8z6bk,client9,777.6960000000001
67,0,client5,client5-7d5ff7f8b4-kb9w6,linkerd-init,0.0
68,0,client17,maurits-dijk-23d3fcf8client171-4nldw,hfl-train-model,734.736
69,0,client1,client1-7b9db886dd-5dvgn,linkerd-proxy,731.8439999999998
70,0,client12,client12-79bc8d5846-zjq4m,sidecar,867.7829999999999
71,0,client4,client4-744474fb99-l8dcb,linkerd-proxy,826.6320000000001
72,0,client1,maurits-dijk-23d3fcf8client11-p27wv,sidecar,637.155
73,0,client16,client16-6dc7f87f54-dsxvc,linkerd-proxy,884.7630000000001
74,0,client9,client9-d68fb99b4-8z6bk,linkerd-proxy,772.431
75,0,client19,client19-56fccdb4d9-5x8ts,sidecar,940.5569999999999
76,0,api-gateway,api-gateway-6bf76d45b7-4g74g,api-gateway,376.476
77,0,client18,client18-69db77c748-wt4qr,linkerd-init,0.0
78,0,api-gateway,api-gateway-6bf76d45b7-4g74g,sidecar,294.1020000000001
79,0,client9,maurits-dijk-23d3fcf8client91-q45t8,sidecar,595.2060000000001
80,0,client1,client1-7b9db886dd-5dvgn,client1,727.752
81,0,client3,client3-58c68898cd-brlrb,linkerd-init,0.0
82,0,client1,maurits-dijk-23d3fcf8client11-p27wv,hfl-train,874.392
83,0,client5,client5-7d5ff7f8b4-kb9w6,linkerd-proxy,753.222
84,0,client19,client19-56fccdb4d9-5x8ts,linkerd-init,0.0
85,0,server,server-656f98b57f-8l82j,sidecar,398.0400000000001
86,0,client1,maurits-dijk-23d3fcf8client11-p27wv,hfl-train-model,725.7149999999999
87,0,orchestrator,orchestrator-555f7b7c9d-zn2rf,linkerd-proxy,343.869
88,0,client1,client1-7b9db886dd-5dvgn,linkerd-init,0.0
89,0,client17,maurits-dijk-23d3fcf8client171-4nldw,sidecar,582.7289999999999
90,0,client4,client4-744474fb99-l8dcb,linkerd-init,0.0
91,0,client10,client10-694b6b97b4-7lkd7,sidecar,542.0700000000002
92,0,client16,client16-6dc7f87f54-dsxvc,linkerd-init,0.0
93,0,client19,client19-56fccdb4d9-5x8ts,linkerd-proxy,942.1379999999999
94,0,client6,client6-785d875985-7h2n4,linkerd-proxy,897.6990000000001
95,0,client11,client11-565c48c7c7-v26s6,linkerd-proxy,895.1460000000002
96,0,client6,client6-785d875985-7h2n4,linkerd-init,0.0
97,0,client12,client12-79bc8d5846-zjq4m,linkerd-proxy,869.3790000000001
98,0,client14,client14-856b5b5576-tflrl,linkerd-proxy,695.3430000000001
99,0,server,server-656f98b57f-8l82j,server,526.7730000000001
100,0,client17,maurits-dijk-23d3fcf8client171-4nldw,hfl-train,872.6939999999998
101,0,orchestrator,policy-enforcer-cb8dccbd8-8tck9,sidecar,254.82
102,0,client12,client12-79bc8d5846-zjq4m,linkerd-init,0.0
103,0,client18,client18-69db77c748-wt4qr,linkerd-proxy,802.9380000000001
104,0,client2,client2-86cd6d8cf7-phhhc,linkerd-init,0.0
105,0,orchestrator,policy-enforcer-cb8dccbd8-8tck9,linkerd-proxy,343.87800000000004
106,0,client10,client10-694b6b97b4-7lkd7,client10,642.1199999999999
107,0,client10,client10-694b6b97b4-7lkd7,linkerd-init,0.0
108,0,client20,client20-65f8864f77-tsjdt,linkerd-init,0.0
109,0,client11,client11-565c48c7c7-v26s6,linkerd-init,0.0
110,0,client17,client17-69b85b5ccf-s5vfl,linkerd-init,0.0
111,0,client5,maurits-dijk-23d3fcf8client51-f558h,hfl-train,904.041
112,0,client13,maurits-dijk-23d3fcf8client131-glgnl,hfl-train-model,664.9679999999998
113,0,orchestrator,policy-enforcer-cb8dccbd8-8tck9,linkerd-init,0.0
114,1,client2,client2-86cd6d8cf7-phhhc,client2,693.8519999999999
115,1,client13,client13-7bf86f4f87-z2vhg,linkerd-init,0.0
116,1,client8,client8-5845965f99-9lw8q,sidecar,797.9910000000002
117,1,client3,client3-58c68898cd-brlrb,linkerd-proxy,695.6879999999999
118,1,client15,client15-79c969ddf-2qhl4,sidecar,689.8439999999998
119,1,client17,client17-69b85b5ccf-s5vfl,client17,649.4610000000002
120,1,client16,client16-6dc7f87f54-dsxvc,sidecar,757.7759999999998
121,1,client3,client3-58c68898cd-brlrb,sidecar,693.9749999999999
122,1,client13,client13-7bf86f4f87-z2vhg,sidecar,719.667
123,1,client9,client9-d68fb99b4-8z6bk,linkerd-init,0.0
124,1,client4,client4-744474fb99-l8dcb,sidecar,690.912
125,1,client8,client8-5845965f99-9lw8q,client8,889.0889999999999
126,1,client6,client6-785d875985-7h2n4,sidecar,658.8420000000001
127,1,client15,client15-79c969ddf-2qhl4,client15,829.2599999999998
128,1,client7,client7-544486cc98-v52bx,sidecar,720.1020000000001
129,1,server,maurits-dijk-23d3fcf8server1-6x7s2,sidecar,466.8749999999998
130,1,client5,maurits-dijk-23d3fcf8client51-f558h,hfl-train-model,632.079
131,1,client10,client10-694b6b97b4-7lkd7,linkerd-proxy,789.114
132,1,client20,client20-65f8864f77-tsjdt,linkerd-proxy,893.7270000000001
133,1,client7,client7-544486cc98-v52bx,client7,721.5540000000001
134,1,client20,client20-65f8864f77-tsjdt,client20,894.0269999999998
135,1,server,server-656f98b57f-8l82j,linkerd-proxy,560.847
136,1,client18,client18-69db77c748-wt4qr,sidecar,647.184
137,1,client13,client13-7bf86f4f87-z2vhg,client13,770.5350000000001
138,1,client11,client11-565c48c7c7-v26s6,client11,705.5040000000004
139,1,client5,client5-7d5ff7f8b4-kb9w6,sidecar,602.9969999999998
140,1,client15,client15-79c969ddf-2qhl4,linkerd-proxy,828.9960000000001
141,1,client2,client2-86cd6d8cf7-phhhc,linkerd-proxy,693.6659999999999
142,1,server,maurits-dijk-23d3fcf8server1-6x7s2,hfl-train,557.3100000000001
143,1,client12,client12-79bc8d5846-zjq4m,client12,783.633
144,1,client13,client13-7bf86f4f87-z2vhg,linkerd-proxy,766.194
145,1,client11,client11-565c48c7c7-v26s6,sidecar,629.3010000000002
146,1,server,maurits-dijk-23d3fcf8server1-6x7s2,hfl-train-model,821.7060000000001
147,1,api-gateway,api-gateway-6bf76d45b7-4g74g,linkerd-proxy,433.404
148,1,orchestrator,orchestrator-555f7b7c9d-zn2rf,linkerd-init,0.0
149,1,client13,maurits-dijk-23d3fcf8client131-glgnl,sidecar,492.20100000000014
150,1,client14,client14-856b5b5576-tflrl,sidecar,701.502
151,1,client16,client16-6dc7f87f54-dsxvc,client16,759.5489999999998
152,1,client9,maurits-dijk-23d3fcf8client91-q45t8,hfl-train-model,664.203
153,1,client17,client17-69b85b5ccf-s5vfl,sidecar,562.7550000000001
154,1,client8,client8-5845965f99-9lw8q,linkerd-init,0.0
155,1,client7,client7-544486cc98-v52bx,linkerd-init,0.0
156,1,client9,maurits-dijk-23d3fcf8client91-q45t8,hfl-train,802.137
157,1,client3,client3-58c68898cd-brlrb,client3,695.6009999999999
158,1,client6,client6-785d875985-7h2n4,client6,660.9630000000002
159,1,server,server-656f98b57f-8l82j,linkerd-init,0.0
160,1,client14,client14-856b5b5576-tflrl,linkerd-init,0.0
161,1,client7,client7-544486cc98-v52bx,linkerd-proxy,721.1460000000002
162,1,client15,client15-79c969ddf-2qhl4,linkerd-init,0.0
163,1,client5,maurits-dijk-23d3fcf8client51-f558h,sidecar,599.187
164,1,client8,client8-5845965f99-9lw8q,linkerd-proxy,888.684
165,1,client19,client19-56fccdb4d9-5x8ts,client19,766.992
166,1,orchestrator,policy-enforcer-cb8dccbd8-8tck9,policy-enforcer,295.94100000000003
167,1,orchestrator,orchestrator-555f7b7c9d-zn2rf,orchestrator,331.46700000000004
168,1,api-gateway,api-gateway-6bf76d45b7-4g74g,linkerd-init,0.0
169,1,client5,client5-7d5ff7f8b4-kb9w6,client5,640.857
170,1,client17,client17-69b85b5ccf-s5vfl,linkerd-proxy,645.7469999999998
171,1,client18,client18-69db77c748-wt4qr,client18,648.9810000000002
172,1,client4,client4-744474fb99-l8dcb,client4,692.9580000000001
173,1,client2,client2-86cd6d8cf7-phhhc,sidecar,692.403
174,1,client1,client1-7b9db886dd-5dvgn,sidecar,567.681
175,1,client13,maurits-dijk-23d3fcf8client131-glgnl,hfl-train,934.488
176,1,client20,client20-65f8864f77-tsjdt,sidecar,892.233
177,1,orchestrator,orchestrator-555f7b7c9d-zn2rf,sidecar,402.53700000000003
178,1,client14,client14-856b5b5576-tflrl,client14,824.7539999999999
179,1,client9,client9-d68fb99b4-8z6bk,sidecar,555.9780000000002
180,1,client9,client9-d68fb99b4-8z6bk,client9,671.6189999999999
181,1,client5,client5-7d5ff7f8b4-kb9w6,linkerd-init,0.0
182,1,client17,maurits-dijk-23d3fcf8client171-4nldw,hfl-train-model,642.7650000000001
183,1,client1,client1-7b9db886dd-5dvgn,linkerd-proxy,609.0930000000001
184,1,client12,client12-79bc8d5846-zjq4m,sidecar,782.1510000000001
185,1,client4,client4-744474fb99-l8dcb,linkerd-proxy,692.9279999999999
186,1,client1,maurits-dijk-23d3fcf8client11-p27wv,sidecar,547.869
187,1,client16,client16-6dc7f87f54-dsxvc,linkerd-proxy,759.4979999999998
188,1,client9,client9-d68fb99b4-8z6bk,linkerd-proxy,669.2069999999999
189,1,client19,client19-56fccdb4d9-5x8ts,sidecar,765.4379999999999
190,1,api-gateway,api-gateway-6bf76d45b7-4g74g,api-gateway,418.557
191,1,client18,client18-69db77c748-wt4qr,linkerd-init,0.0
192,1,api-gateway,api-gateway-6bf76d45b7-4g74g,sidecar,371.535
193,1,client9,maurits-dijk-23d3fcf8client91-q45t8,sidecar,546.729
194,1,client1,client1-7b9db886dd-5dvgn,client1,608.5890000000002
195,1,client3,client3-58c68898cd-brlrb,linkerd-init,0.0
196,1,client1,maurits-dijk-23d3fcf8client11-p27wv,hfl-train,724.5029999999999
197,1,client5,client5-7d5ff7f8b4-kb9w6,linkerd-proxy,635.2559999999999
198,1,client19,client19-56fccdb4d9-5x8ts,linkerd-init,0.0
199,1,server,server-656f98b57f-8l82j,sidecar,514.1879999999999
200,1,client1,maurits-dijk-23d3fcf8client11-p27wv,hfl-train-model,603.606
201,1,orchestrator,orchestrator-555f7b7c9d-zn2rf,linkerd-proxy,414.7679999999999
202,1,client1,client1-7b9db886dd-5dvgn,linkerd-init,0.0
203,1,client17,maurits-dijk-23d3fcf8client171-4nldw,sidecar,596.3820000000002
204,1,client4,client4-744474fb99-l8dcb,linkerd-init,0.0
205,1,client10,client10-694b6b97b4-7lkd7,sidecar,675.1169999999997
206,1,client16,client16-6dc7f87f54-dsxvc,linkerd-init,0.0
207,1,client19,client19-56fccdb4d9-5x8ts,linkerd-proxy,766.8629999999998
208,1,client6,client6-785d875985-7h2n4,linkerd-proxy,660.4650000000001
209,1,client11,client11-565c48c7c7-v26s6,linkerd-proxy,705.2699999999998
210,1,client6,client6-785d875985-7h2n4,linkerd-init,0.0
211,1,client12,client12-79bc8d5846-zjq4m,linkerd-proxy,783.4169999999999
212,1,client14,client14-856b5b5576-tflrl,linkerd-proxy,824.4869999999999
213,1,server,server-656f98b57f-8l82j,server,575.1149999999998
214,1,client17,maurits-dijk-23d3fcf8client171-4nldw,hfl-train,778.7550000000001
215,1,orchestrator,policy-enforcer-cb8dccbd8-8tck9,sidecar,394.857
216,1,client12,client12-79bc8d5846-zjq4m,linkerd-init,0.0
217,1,client18,client18-69db77c748-wt4qr,linkerd-proxy,648.7080000000001
218,1,client2,client2-86cd6d8cf7-phhhc,linkerd-init,0.0
219,1,orchestrator,policy-enforcer-cb8dccbd8-8tck9,linkerd-proxy,414.7259999999999
220,1,client10,client10-694b6b97b4-7lkd7,client10,789.1650000000002
221,1,client10,client10-694b6b97b4-7lkd7,linkerd-init,0.0
222,1,client20,client20-65f8864f77-tsjdt,linkerd-init,0.0
223,1,client11,client11-565c48c7c7-v26s6,linkerd-init,0.0
224,1,client17,client17-69b85b5ccf-s5vfl,linkerd-init,0.0
225,1,client5,maurits-dijk-23d3fcf8client51-f558h,hfl-train,766.6889999999999
226,1,client13,maurits-dijk-23d3fcf8client131-glgnl,hfl-train-model,763.3380000000001
227,1,orchestrator,policy-enforcer-cb8dccbd8-8tck9,linkerd-init,0.0
228,2,client2,client2-86cd6d8cf7-phhhc,client2,862.8659999999998
229,2,client13,client13-7bf86f4f87-z2vhg,linkerd-init,0.0
230,2,client8,client8-5845965f99-9lw8q,sidecar,752.904
231,2,client3,client3-58c68898cd-brlrb,linkerd-proxy,849.8730000000003
232,2,client15,client15-79c969ddf-2qhl4,sidecar,785.0340000000001
233,2,client17,client17-69b85b5ccf-s5vfl,client17,833.8409999999997
234,2,client16,client16-6dc7f87f54-dsxvc,sidecar,923.9430000000002
235,2,client3,client3-58c68898cd-brlrb,sidecar,847.7279999999998
236,2,client13,client13-7bf86f4f87-z2vhg,sidecar,546.1950000000002
237,2,client9,client9-d68fb99b4-8z6bk,linkerd-init,0.0
238,2,client4,client4-744474fb99-l8dcb,sidecar,934.3529999999998
239,2,client8,client8-5845965f99-9lw8q,client8,794.6130000000003
240,2,client6,client6-785d875985-7h2n4,sidecar,869.838
241,2,client15,client15-79c969ddf-2qhl4,client15,870.2219999999998
242,2,client7,client7-544486cc98-v52bx,sidecar,845.1210000000001
243,2,server,maurits-dijk-23d3fcf8server1-6x7s2,sidecar,433.17600000000016
244,2,client5,maurits-dijk-23d3fcf8client51-f558h,hfl-train-model,740.3760000000002
245,2,client10,client10-694b6b97b4-7lkd7,linkerd-proxy,698.8229999999999
246,2,client20,client20-65f8864f77-tsjdt,linkerd-proxy,735.7469999999998
247,2,client7,client7-544486cc98-v52bx,client7,846.903
248,2,client20,client20-65f8864f77-tsjdt,client20,735.9869999999996
249,2,server,server-656f98b57f-8l82j,linkerd-proxy,495.14099999999985
250,2,client18,client18-69db77c748-wt4qr,sidecar,912.2640000000001
251,2,client13,client13-7bf86f4f87-z2vhg,client13,629.463
252,2,client11,client11-565c48c7c7-v26s6,client11,825.1379999999999
253,2,client5,client5-7d5ff7f8b4-kb9w6,sidecar,619.902
254,2,client15,client15-79c969ddf-2qhl4,linkerd-proxy,870.0630000000001
255,2,client2,client2-86cd6d8cf7-phhhc,linkerd-proxy,862.6619999999998
256,2,server,maurits-dijk-23d3fcf8server1-6x7s2,hfl-train,489.6749999999997
257,2,client12,client12-79bc8d5846-zjq4m,client12,820.1670000000001
258,2,client13,client13-7bf86f4f87-z2vhg,linkerd-proxy,625.8870000000002
259,2,client11,client11-565c48c7c7-v26s6,sidecar,731.0639999999996
260,2,server,maurits-dijk-23d3fcf8server1-6x7s2,hfl-train-model,774.732
261,2,api-gateway,api-gateway-6bf76d45b7-4g74g,linkerd-proxy,351.66599999999994
262,2,orchestrator,orchestrator-555f7b7c9d-zn2rf,linkerd-init,0.0
263,2,client13,maurits-dijk-23d3fcf8client131-glgnl,sidecar,439.97699999999986
264,2,client14,client14-856b5b5576-tflrl,sidecar,622.0499999999997
265,2,client16,client16-6dc7f87f54-dsxvc,client16,926.346
266,2,client9,maurits-dijk-23d3fcf8client91-q45t8,hfl-train-model,749.538
267,2,client17,client17-69b85b5ccf-s5vfl,sidecar,745.6589999999997
268,2,client8,client8-5845965f99-9lw8q,linkerd-init,0.0
269,2,client7,client7-544486cc98-v52bx,linkerd-init,0.0
270,2,client9,maurits-dijk-23d3fcf8client91-q45t8,hfl-train,884.8319999999999
271,2,client3,client3-58c68898cd-brlrb,client3,849.921
272,2,client6,client6-785d875985-7h2n4,client6,872.2920000000001
273,2,server,server-656f98b57f-8l82j,linkerd-init,0.0
274,2,client14,client14-856b5b5576-tflrl,linkerd-init,0.0
275,2,client7,client7-544486cc98-v52bx,linkerd-proxy,846.3510000000001
276,2,client15,client15-79c969ddf-2qhl4,linkerd-init,0.0
277,2,client5,maurits-dijk-23d3fcf8client51-f558h,sidecar,673.8810000000001
278,2,client8,client8-5845965f99-9lw8q,linkerd-proxy,794.0999999999999
279,2,client19,client19-56fccdb4d9-5x8ts,client19,689.3759999999997
280,2,orchestrator,policy-enforcer-cb8dccbd8-8tck9,policy-enforcer,190.8989999999999
281,2,orchestrator,orchestrator-555f7b7c9d-zn2rf,orchestrator,230.5709999999999
282,2,api-gateway,api-gateway-6bf76d45b7-4g74g,linkerd-init,0.0
283,2,client5,client5-7d5ff7f8b4-kb9w6,client5,748.0410000000002
284,2,client17,client17-69b85b5ccf-s5vfl,linkerd-proxy,831.123
285,2,client18,client18-69db77c748-wt4qr,client18,914.1510000000003
286,2,client4,client4-744474fb99-l8dcb,client4,936.681
287,2,client2,client2-86cd6d8cf7-phhhc,sidecar,861.1589999999999
288,2,client1,client1-7b9db886dd-5dvgn,sidecar,616.4639999999999
289,2,client13,maurits-dijk-23d3fcf8client131-glgnl,hfl-train,795.6660000000002
290,2,client20,client20-65f8864f77-tsjdt,sidecar,734.5349999999999
291,2,orchestrator,orchestrator-555f7b7c9d-zn2rf,sidecar,270.73799999999994
292,2,client14,client14-856b5b5576-tflrl,client14,702.021
293,2,client9,client9-d68fb99b4-8z6bk,sidecar,667.6439999999996
294,2,client9,client9-d68fb99b4-8z6bk,client9,755.7719999999999
295,2,client5,client5-7d5ff7f8b4-kb9w6,linkerd-init,0.0
296,2,client17,maurits-dijk-23d3fcf8client171-4nldw,hfl-train-model,828.2849999999999
297,2,client1,client1-7b9db886dd-5dvgn,linkerd-proxy,649.44
298,2,client12,client12-79bc8d5846-zjq4m,sidecar,818.0309999999997
299,2,client4,client4-744474fb99-l8dcb,linkerd-proxy,936.6660000000002
300,2,client1,maurits-dijk-23d3fcf8client11-p27wv,sidecar,543.0960000000002
301,2,client16,client16-6dc7f87f54-dsxvc,linkerd-proxy,926.031
302,2,client9,client9-d68fb99b4-8z6bk,linkerd-proxy,755.607
303,2,client19,client19-56fccdb4d9-5x8ts,sidecar,687.759
304,2,api-gateway,api-gateway-6bf76d45b7-4g74g,api-gateway,359.7270000000001
305,2,client18,client18-69db77c748-wt4qr,linkerd-init,0.0
306,2,api-gateway,api-gateway-6bf76d45b7-4g74g,sidecar,302.115
307,2,client9,maurits-dijk-23d3fcf8client91-q45t8,sidecar,569.5889999999999
308,2,client1,client1-7b9db886dd-5dvgn,client1,650.3039999999999
309,2,client3,client3-58c68898cd-brlrb,linkerd-init,0.0
310,2,client1,maurits-dijk-23d3fcf8client11-p27wv,hfl-train,785.2350000000001
311,2,client5,client5-7d5ff7f8b4-kb9w6,linkerd-proxy,743.4780000000003
312,2,client19,client19-56fccdb4d9-5x8ts,linkerd-init,0.0
313,2,server,server-656f98b57f-8l82j,sidecar,407.241
314,2,client1,maurits-dijk-23d3fcf8client11-p27wv,hfl-train-model,643.7670000000003
315,2,orchestrator,orchestrator-555f7b7c9d-zn2rf,linkerd-proxy,333.5310000000002
316,2,client1,client1-7b9db886dd-5dvgn,linkerd-init,0.0
317,2,client17,maurits-dijk-23d3fcf8client171-4nldw,sidecar,622.1819999999998
318,2,client4,client4-744474fb99-l8dcb,linkerd-init,0.0
319,2,client10,client10-694b6b97b4-7lkd7,sidecar,581.0850000000005
320,2,client16,client16-6dc7f87f54-dsxvc,linkerd-init,0.0
321,2,client19,client19-56fccdb4d9-5x8ts,linkerd-proxy,689.1180000000004
322,2,client6,client6-785d875985-7h2n4,linkerd-proxy,872.0219999999997
323,2,client11,client11-565c48c7c7-v26s6,linkerd-proxy,824.8290000000002
324,2,client6,client6-785d875985-7h2n4,linkerd-init,0.0
325,2,client12,client12-79bc8d5846-zjq4m,linkerd-proxy,819.9840000000002
326,2,client14,client14-856b5b5576-tflrl,linkerd-proxy,701.6610000000001
327,2,server,server-656f98b57f-8l82j,server,511.95600000000013
328,2,client17,maurits-dijk-23d3fcf8client171-4nldw,hfl-train,948.4170000000004
329,2,orchestrator,policy-enforcer-cb8dccbd8-8tck9,sidecar,272.3219999999999
330,2,client12,client12-79bc8d5846-zjq4m,linkerd-init,0.0
331,2,client18,client18-69db77c748-wt4qr,linkerd-proxy,913.7249999999999
332,2,client2,client2-86cd6d8cf7-phhhc,linkerd-init,0.0
333,2,orchestrator,policy-enforcer-cb8dccbd8-8tck9,linkerd-proxy,333.52800000000025
334,2,client10,client10-694b6b97b4-7lkd7,client10,698.748
335,2,client10,client10-694b6b97b4-7lkd7,linkerd-init,0.0
336,2,client20,client20-65f8864f77-tsjdt,linkerd-init,0.0
337,2,client11,client11-565c48c7c7-v26s6,linkerd-init,0.0
338,2,client17,client17-69b85b5ccf-s5vfl,linkerd-init,0.0
339,2,client5,maurits-dijk-23d3fcf8client51-f558h,hfl-train,876.201
340,2,client13,maurits-dijk-23d3fcf8client131-glgnl,hfl-train-model,622.902
341,2,orchestrator,policy-enforcer-cb8dccbd8-8tck9,linkerd-init,0.0
342,3,client2,client2-86cd6d8cf7-phhhc,client2,766.6890000000003
343,3,client13,client13-7bf86f4f87-z2vhg,linkerd-init,0.0
344,3,client8,client8-5845965f99-9lw8q,sidecar,911.685
345,3,client3,client3-58c68898cd-brlrb,linkerd-proxy,700.3710000000001
346,3,client15,client15-79c969ddf-2qhl4,sidecar,693.4380000000001
347,3,client17,client17-69b85b5ccf-s5vfl,client17,624.6030000000001
348,3,client16,client16-6dc7f87f54-dsxvc,sidecar,819.5399999999995
349,3,client3,client3-58c68898cd-brlrb,sidecar,698.277
350,3,client13,client13-7bf86f4f87-z2vhg,sidecar,654.156
351,3,client9,client9-d68fb99b4-8z6bk,linkerd-init,0.0
352,3,client4,client4-744474fb99-l8dcb,sidecar,680.0370000000003
353,3,client8,client8-5845965f99-9lw8q,client8,973.6979999999999
354,3,client6,client6-785d875985-7h2n4,sidecar,676.3920000000003
355,3,client15,client15-79c969ddf-2qhl4,client15,761.8110000000001
356,3,client7,client7-544486cc98-v52bx,sidecar,696.4920000000002
357,3,server,maurits-dijk-23d3fcf8server1-6x7s2,sidecar,472.45799999999986
358,3,client5,maurits-dijk-23d3fcf8client51-f558h,hfl-train-model,680.1209999999996
359,3,client10,client10-694b6b97b4-7lkd7,linkerd-proxy,789.9000000000001
360,3,client20,client20-65f8864f77-tsjdt,linkerd-proxy,857.4540000000002
361,3,client7,client7-544486cc98-v52bx,client7,697.8359999999998
362,3,client20,client20-65f8864f77-tsjdt,client20,857.7600000000002
363,3,server,server-656f98b57f-8l82j,linkerd-proxy,552.8160000000003
364,3,client18,client18-69db77c748-wt4qr,sidecar,765.2489999999998
365,3,client13,client13-7bf86f4f87-z2vhg,client13,774.6779999999999
366,3,client11,client11-565c48c7c7-v26s6,client11,783.8939999999998
367,3,client5,client5-7d5ff7f8b4-kb9w6,sidecar,602.6129999999998
368,3,client15,client15-79c969ddf-2qhl4,linkerd-proxy,761.4659999999999
369,3,client2,client2-86cd6d8cf7-phhhc,linkerd-proxy,766.5210000000002
370,3,server,maurits-dijk-23d3fcf8server1-6x7s2,hfl-train,549.2550000000001
371,3,client12,client12-79bc8d5846-zjq4m,client12,678.06
372,3,client13,client13-7bf86f4f87-z2vhg,linkerd-proxy,770.6010000000001
373,3,client11,client11-565c48c7c7-v26s6,sidecar,661.1730000000002
374,3,server,maurits-dijk-23d3fcf8server1-6x7s2,hfl-train-model,893.145
375,3,api-gateway,api-gateway-6bf76d45b7-4g74g,linkerd-proxy,353.5500000000002
376,3,orchestrator,orchestrator-555f7b7c9d-zn2rf,linkerd-init,0.0
377,3,client13,maurits-dijk-23d3fcf8client131-glgnl,sidecar,454.4520000000002
378,3,client14,client14-856b5b5576-tflrl,sidecar,727.9020000000005
379,3,client16,client16-6dc7f87f54-dsxvc,client16,821.5769999999998
380,3,client9,maurits-dijk-23d3fcf8client91-q45t8,hfl-train-model,596.4299999999998
381,3,client17,client17-69b85b5ccf-s5vfl,sidecar,519.1980000000003
382,3,client8,client8-5845965f99-9lw8q,linkerd-init,0.0
383,3,client7,client7-544486cc98-v52bx,linkerd-init,0.0
384,3,client9,maurits-dijk-23d3fcf8client91-q45t8,hfl-train,741.9450000000002
385,3,client3,client3-58c68898cd-brlrb,client3,700.4189999999999
386,3,client6,client6-785d875985-7h2n4,client6,678.741
387,3,server,server-656f98b57f-8l82j,linkerd-init,0.0
388,3,client14,client14-856b5b5576-tflrl,linkerd-init,0.0
389,3,client7,client7-544486cc98-v52bx,linkerd-proxy,697.4789999999998
390,3,client15,client15-79c969ddf-2qhl4,linkerd-init,0.0
391,3,client5,maurits-dijk-23d3fcf8client51-f558h,sidecar,650.9969999999998
392,3,client8,client8-5845965f99-9lw8q,linkerd-proxy,973.3500000000004
393,3,client19,client19-56fccdb4d9-5x8ts,client19,824.1360000000004
394,3,orchestrator,policy-enforcer-cb8dccbd8-8tck9,policy-enforcer,222.31500000000005
395,3,orchestrator,orchestrator-555f7b7c9d-zn2rf,orchestrator,204.09600000000012
396,3,api-gateway,api-gateway-6bf76d45b7-4g74g,linkerd-init,0.0
397,3,client5,client5-7d5ff7f8b4-kb9w6,client5,687.7829999999999
398,3,client17,client17-69b85b5ccf-s5vfl,linkerd-proxy,622.107
399,3,client18,client18-69db77c748-wt4qr,client18,766.7399999999998
400,3,client4,client4-744474fb99-l8dcb,client4,681.924
401,3,client2,client2-86cd6d8cf7-phhhc,sidecar,765.21
402,3,client1,client1-7b9db886dd-5dvgn,sidecar,619.4160000000002
403,3,client13,maurits-dijk-23d3fcf8client131-glgnl,hfl-train,944.2949999999996
404,3,client20,client20-65f8864f77-tsjdt,sidecar,855.8969999999999
405,3,orchestrator,orchestrator-555f7b7c9d-zn2rf,sidecar,269.0790000000002
406,3,client14,client14-856b5b5576-tflrl,client14,832.4160000000002
407,3,client9,client9-d68fb99b4-8z6bk,sidecar,484.9350000000004
408,3,client9,client9-d68fb99b4-8z6bk,client9,602.4540000000002
409,3,client5,client5-7d5ff7f8b4-kb9w6,linkerd-init,0.0
410,3,client17,maurits-dijk-23d3fcf8client171-4nldw,hfl-train-model,618.969
411,3,client1,client1-7b9db886dd-5dvgn,linkerd-proxy,730.3589999999999
412,3,client12,client12-79bc8d5846-zjq4m,sidecar,675.9750000000004
413,3,client4,client4-744474fb99-l8dcb,linkerd-proxy,681.9689999999996
414,3,client1,maurits-dijk-23d3fcf8client11-p27wv,sidecar,640.71
415,3,client16,client16-6dc7f87f54-dsxvc,linkerd-proxy,821.319
416,3,client9,client9-d68fb99b4-8z6bk,linkerd-proxy,601.422
417,3,client19,client19-56fccdb4d9-5x8ts,sidecar,822.3810000000003
418,3,api-gateway,api-gateway-6bf76d45b7-4g74g,api-gateway,336.17100000000005
419,3,client18,client18-69db77c748-wt4qr,linkerd-init,0.0
420,3,api-gateway,api-gateway-6bf76d45b7-4g74g,sidecar,278.41200000000003
421,3,client9,maurits-dijk-23d3fcf8client91-q45t8,sidecar,536.2139999999999
422,3,client1,client1-7b9db886dd-5dvgn,client1,730.944
423,3,client3,client3-58c68898cd-brlrb,linkerd-init,0.0
424,3,client1,maurits-dijk-23d3fcf8client11-p27wv,hfl-train,882.828
425,3,client5,client5-7d5ff7f8b4-kb9w6,linkerd-proxy,683.2559999999999
426,3,client19,client19-56fccdb4d9-5x8ts,linkerd-init,0.0
427,3,server,server-656f98b57f-8l82j,sidecar,484.77300000000014
428,3,client1,maurits-dijk-23d3fcf8client11-p27wv,hfl-train-model,724.3200000000002
429,3,orchestrator,orchestrator-555f7b7c9d-zn2rf,linkerd-proxy,335.7629999999999
430,3,client1,client1-7b9db886dd-5dvgn,linkerd-init,0.0
431,3,client17,maurits-dijk-23d3fcf8client171-4nldw,sidecar,583.941
432,3,client4,client4-744474fb99-l8dcb,linkerd-init,0.0
433,3,client10,client10-694b6b97b4-7lkd7,sidecar,711.0509999999995
434,3,client16,client16-6dc7f87f54-dsxvc,linkerd-init,0.0
435,3,client19,client19-56fccdb4d9-5x8ts,linkerd-proxy,823.9110000000001
436,3,client6,client6-785d875985-7h2n4,linkerd-proxy,678.471
437,3,client11,client11-565c48c7c7-v26s6,linkerd-proxy,783.7650000000003
438,3,client6,client6-785d875985-7h2n4,linkerd-init,0.0
439,3,client12,client12-79bc8d5846-zjq4m,linkerd-proxy,677.9399999999996
440,3,client14,client14-856b5b5576-tflrl,linkerd-proxy,832.0410000000002
441,3,server,server-656f98b57f-8l82j,server,573.2130000000002
442,3,client17,maurits-dijk-23d3fcf8client171-4nldw,hfl-train,749.3879999999999
443,3,orchestrator,policy-enforcer-cb8dccbd8-8tck9,sidecar,294.0780000000002
444,3,client12,client12-79bc8d5846-zjq4m,linkerd-init,0.0
445,3,client18,client18-69db77c748-wt4qr,linkerd-proxy,766.5570000000002
446,3,client2,client2-86cd6d8cf7-phhhc,linkerd-init,0.0
447,3,orchestrator,policy-enforcer-cb8dccbd8-8tck9,linkerd-proxy,335.77499999999964
448,3,client10,client10-694b6b97b4-7lkd7,client10,790.2389999999996
449,3,client10,client10-694b6b97b4-7lkd7,linkerd-init,0.0
450,3,client20,client20-65f8864f77-tsjdt,linkerd-init,0.0
451,3,client11,client11-565c48c7c7-v26s6,linkerd-init,0.0
452,3,client17,client17-69b85b5ccf-s5vfl,linkerd-init,0.0
453,3,client5,maurits-dijk-23d3fcf8client51-f558h,hfl-train,824.4209999999998
454,3,client13,maurits-dijk-23d3fcf8client131-glgnl,hfl-train-model,767.1629999999996
455,3,orchestrator,policy-enforcer-cb8dccbd8-8tck9,linkerd-init,0.0
456,4,client2,client2-86cd6d8cf7-phhhc,client2,936.0419999999999
457,4,client13,client13-7bf86f4f87-z2vhg,linkerd-init,0.0
458,4,client8,client8-5845965f99-9lw8q,sidecar,737.3880000000004
459,4,client3,client3-58c68898cd-brlrb,linkerd-proxy,856.29
460,4,client15,client15-79c969ddf-2qhl4,sidecar,872.5349999999999
461,4,client17,client17-69b85b5ccf-s5vfl,client17,729.3900000000003
462,4,client16,client16-6dc7f87f54-dsxvc,sidecar,908.3340000000003
463,4,client3,client3-58c68898cd-brlrb,sidecar,853.8240000000005
464,4,client13,client13-7bf86f4f87-z2vhg,sidecar,561.4199999999996
465,4,client9,client9-d68fb99b4-8z6bk,linkerd-init,0.0
466,4,client4,client4-744474fb99-l8dcb,sidecar,831.6060000000002
467,4,client8,client8-5845965f99-9lw8q,client8,790.5420000000004
468,4,client6,client6-785d875985-7h2n4,sidecar,813.9989999999998
469,4,client15,client15-79c969ddf-2qhl4,client15,874.2719999999995
470,4,client7,client7-544486cc98-v52bx,sidecar,760.7460000000001
471,4,server,maurits-dijk-23d3fcf8server1-6x7s2,sidecar,394.5540000000003
472,4,client5,maurits-dijk-23d3fcf8client51-f558h,hfl-train-model,769.2840000000001
473,4,client10,client10-694b6b97b4-7lkd7,linkerd-proxy,686.844
474,4,client20,client20-65f8864f77-tsjdt,linkerd-proxy,705.3780000000002
475,4,client7,client7-544486cc98-v52bx,client7,762.018
476,4,client20,client20-65f8864f77-tsjdt,client20,705.498
477,4,server,server-656f98b57f-8l82j,linkerd-proxy,451.7249999999999
478,4,client18,client18-69db77c748-wt4qr,sidecar,693.5520000000001
479,4,client13,client13-7bf86f4f87-z2vhg,client13,646.7220000000002
480,4,client11,client11-565c48c7c7-v26s6,client11,771.6419999999998
481,4,client5,client5-7d5ff7f8b4-kb9w6,sidecar,697.9169999999999
482,4,client15,client15-79c969ddf-2qhl4,linkerd-proxy,874.0169999999998
483,4,client2,client2-86cd6d8cf7-phhhc,linkerd-proxy,935.9879999999994
484,4,server,maurits-dijk-23d3fcf8server1-6x7s2,hfl-train,448.0110000000004
485,4,client12,client12-79bc8d5846-zjq4m,client12,847.77
486,4,client13,client13-7bf86f4f87-z2vhg,linkerd-proxy,643.6499999999996
487,4,client11,client11-565c48c7c7-v26s6,sidecar,666.7739999999999
488,4,server,maurits-dijk-23d3fcf8server1-6x7s2,hfl-train-model,730.125
489,4,api-gateway,api-gateway-6bf76d45b7-4g74g,linkerd-proxy,424.2750000000001
490,4,orchestrator,orchestrator-555f7b7c9d-zn2rf,linkerd-init,0.0
491,4,client13,maurits-dijk-23d3fcf8client131-glgnl,sidecar,523.4129999999998
492,4,client14,client14-856b5b5576-tflrl,sidecar,605.415
493,4,client16,client16-6dc7f87f54-dsxvc,client16,910.6110000000003
494,4,client9,maurits-dijk-23d3fcf8client91-q45t8,hfl-train-model,749.373
495,4,client17,client17-69b85b5ccf-s5vfl,sidecar,675.768
496,4,client8,client8-5845965f99-9lw8q,linkerd-init,0.0
497,4,client7,client7-544486cc98-v52bx,linkerd-init,0.0
498,4,client9,maurits-dijk-23d3fcf8client91-q45t8,hfl-train,878.0819999999999
499,4,client3,client3-58c68898cd-brlrb,client3,856.3230000000003
500,4,client6,client6-785d875985-7h2n4,client6,816.681
501,4,server,server-656f98b57f-8l82j,linkerd-init,0.0
502,4,client14,client14-856b5b5576-tflrl,linkerd-init,0.0
503,4,client7,client7-544486cc98-v52bx,linkerd-proxy,761.7840000000006
504,4,client15,client15-79c969ddf-2qhl4,linkerd-init,0.0
505,4,client5,maurits-dijk-23d3fcf8client51-f558h,sidecar,718.107
506,4,client8,client8-5845965f99-9lw8q,linkerd-proxy,790.2839999999992
507,4,client19,client19-56fccdb4d9-5x8ts,client19,697.152
508,4,orchestrator,policy-enforcer-cb8dccbd8-8tck9,policy-enforcer,288.4079999999999
509,4,orchestrator,orchestrator-555f7b7c9d-zn2rf,orchestrator,315.3989999999999
510,4,api-gateway,api-gateway-6bf76d45b7-4g74g,linkerd-init,0.0
511,4,client5,client5-7d5ff7f8b4-kb9w6,client5,776.0489999999995
512,4,client17,client17-69b85b5ccf-s5vfl,linkerd-proxy,726.4110000000001
513,4,client18,client18-69db77c748-wt4qr,client18,695.0130000000004
514,4,client4,client4-744474fb99-l8dcb,client4,834.0570000000002
515,4,client2,client2-86cd6d8cf7-phhhc,sidecar,934.3199999999997
516,4,client1,client1-7b9db886dd-5dvgn,sidecar,588.8040000000001
517,4,client13,maurits-dijk-23d3fcf8client131-glgnl,hfl-train,815.3160000000007
518,4,client20,client20-65f8864f77-tsjdt,sidecar,703.9740000000002
519,4,orchestrator,orchestrator-555f7b7c9d-zn2rf,sidecar,349.9349999999997
520,4,client14,client14-856b5b5576-tflrl,client14,752.5859999999998
521,4,client9,client9-d68fb99b4-8z6bk,sidecar,616.1669999999999
522,4,client9,client9-d68fb99b4-8z6bk,client9,755.5499999999997
523,4,client5,client5-7d5ff7f8b4-kb9w6,linkerd-init,0.0
524,4,client17,maurits-dijk-23d3fcf8client171-4nldw,hfl-train-model,723.1349999999998
525,4,client1,client1-7b9db886dd-5dvgn,linkerd-proxy,617.3400000000001
526,4,client12,client12-79bc8d5846-zjq4m,sidecar,845.5290000000005
527,4,client4,client4-744474fb99-l8dcb,linkerd-proxy,834.1590000000001
528,4,client1,maurits-dijk-23d3fcf8client11-p27wv,sidecar,530.9759999999997
529,4,client16,client16-6dc7f87f54-dsxvc,linkerd-proxy,910.3679999999999
530,4,client9,client9-d68fb99b4-8z6bk,linkerd-proxy,754.9319999999998
531,4,client19,client19-56fccdb4d9-5x8ts,sidecar,695.5950000000003
532,4,api-gateway,api-gateway-6bf76d45b7-4g74g,api-gateway,419.8799999999999
533,4,client18,client18-69db77c748-wt4qr,linkerd-init,0.0
534,4,api-gateway,api-gateway-6bf76d45b7-4g74g,sidecar,389.69100000000003
535,4,client9,maurits-dijk-23d3fcf8client91-q45t8,sidecar,653.3670000000002
536,4,client1,client1-7b9db886dd-5dvgn,client1,617.2559999999999
537,4,client3,client3-58c68898cd-brlrb,linkerd-init,0.0
538,4,client1,maurits-dijk-23d3fcf8client11-p27wv,hfl-train,788.415
539,4,client5,client5-7d5ff7f8b4-kb9w6,linkerd-proxy,772.5119999999997
540,4,client19,client19-56fccdb4d9-5x8ts,linkerd-init,0.0
541,4,server,server-656f98b57f-8l82j,sidecar,400.8510000000001
542,4,client1,maurits-dijk-23d3fcf8client11-p27wv,hfl-train-model,611.0369999999998
543,4,orchestrator,orchestrator-555f7b7c9d-zn2rf,linkerd-proxy,405.1170000000004
544,4,client1,client1-7b9db886dd-5dvgn,linkerd-init,0.0
545,4,client17,maurits-dijk-23d3fcf8client171-4nldw,sidecar,710.46
546,4,client4,client4-744474fb99-l8dcb,linkerd-init,0.0
547,4,client10,client10-694b6b97b4-7lkd7,sidecar,589.4280000000003
548,4,client16,client16-6dc7f87f54-dsxvc,linkerd-init,0.0
549,4,client19,client19-56fccdb4d9-5x8ts,linkerd-proxy,696.8910000000005
550,4,client6,client6-785d875985-7h2n4,linkerd-proxy,816.2310000000007
551,4,client11,client11-565c48c7c7-v26s6,linkerd-proxy,771.5220000000004
552,4,client6,client6-785d875985-7h2n4,linkerd-init,0.0
553,4,client12,client12-79bc8d5846-zjq4m,linkerd-proxy,847.7550000000001
554,4,client14,client14-856b5b5576-tflrl,linkerd-proxy,752.4510000000005
555,4,server,server-656f98b57f-8l82j,server,470.0430000000001
556,4,client17,maurits-dijk-23d3fcf8client171-4nldw,hfl-train,856.6769999999997
557,4,orchestrator,policy-enforcer-cb8dccbd8-8tck9,sidecar,356.13599999999974
558,4,client12,client12-79bc8d5846-zjq4m,linkerd-init,0.0
559,4,client18,client18-69db77c748-wt4qr,linkerd-proxy,694.7849999999994
560,4,client2,client2-86cd6d8cf7-phhhc,linkerd-init,0.0
561,4,orchestrator,policy-enforcer-cb8dccbd8-8tck9,linkerd-proxy,405.1140000000005
562,4,client10,client10-694b6b97b4-7lkd7,client10,686.8590000000004
563,4,client10,client10-694b6b97b4-7lkd7,linkerd-init,0.0
564,4,client20,client20-65f8864f77-tsjdt,linkerd-init,0.0
565,4,client11,client11-565c48c7c7-v26s6,linkerd-init,0.0
566,4,client17,client17-69b85b5ccf-s5vfl,linkerd-init,0.0
567,4,client5,maurits-dijk-23d3fcf8client51-f558h,hfl-train,906.969
568,4,client13,maurits-dijk-23d3fcf8client131-glgnl,hfl-train-model,640.5120000000006
569,4,orchestrator,policy-enforcer-cb8dccbd8-8tck9,linkerd-init,0.0
570,5,server,server-656f98b57f-8l82j,linkerd-init,0.0
571,5,client8,client8-5845965f99-9lw8q,sidecar,694.4519999999993
572,5,client8,client8-5845965f99-9lw8q,client8,750.4889999999996
573,5,client8,client8-5845965f99-9lw8q,linkerd-init,0.0
574,5,client8,client8-5845965f99-9lw8q,linkerd-proxy,750.2790000000014
575,5,client14,client14-856b5b5576-tflrl,sidecar,615.9150000000004
576,5,client14,client14-856b5b5576-tflrl,linkerd-init,0.0
577,5,client14,client14-856b5b5576-tflrl,client14,700.848
578,5,client14,client14-856b5b5576-tflrl,linkerd-proxy,700.6049999999996
579,5,client10,client10-694b6b97b4-7lkd7,linkerd-init,0.0
580,5,api-gateway,api-gateway-6bf76d45b7-4g74g,linkerd-proxy,357.654
581,5,orchestrator,orchestrator-555f7b7c9d-zn2rf,linkerd-init,0.0
582,5,api-gateway,api-gateway-6bf76d45b7-4g74g,linkerd-init,0.0
583,5,orchestrator,orchestrator-555f7b7c9d-zn2rf,linkerd-proxy,339.6119999999996
584,5,orchestrator,policy-enforcer-cb8dccbd8-8tck9,linkerd-proxy,339.5340000000001
585,5,orchestrator,policy-enforcer-cb8dccbd8-8tck9,linkerd-init,0.0
586,5,client6,client6-785d875985-7h2n4,client6,699.4469999999992
587,5,client6,client6-785d875985-7h2n4,linkerd-proxy,699.1319999999996
588,5,client6,client6-785d875985-7h2n4,sidecar,697.2419999999993
589,5,client6,client6-785d875985-7h2n4,linkerd-init,0.0
590,5,client4,client4-744474fb99-l8dcb,sidecar,672.951
591,5,client4,client4-744474fb99-l8dcb,client4,675.0450000000001
592,5,client4,client4-744474fb99-l8dcb,linkerd-proxy,674.9250000000002
593,5,client4,client4-744474fb99-l8dcb,linkerd-init,0.0
594,5,client17,client17-69b85b5ccf-s5vfl,client17,643.6109999999999
595,5,client17,client17-69b85b5ccf-s5vfl,sidecar,563.8049999999998
596,5,client17,client17-69b85b5ccf-s5vfl,linkerd-proxy,640.7849999999994
597,5,client17,client17-69b85b5ccf-s5vfl,linkerd-init,0.0
598,5,client15,client15-79c969ddf-2qhl4,sidecar,729.0630000000001
599,5,client15,client15-79c969ddf-2qhl4,client15,730.6050000000014
600,5,client15,client15-79c969ddf-2qhl4,linkerd-proxy,730.2659999999996
601,5,client15,client15-79c969ddf-2qhl4,linkerd-init,0.0
602,5,client9,client9-d68fb99b4-8z6bk,linkerd-init,0.0
603,5,client9,client9-d68fb99b4-8z6bk,sidecar,485.4449999999997
604,5,client9,client9-d68fb99b4-8z6bk,client9,618.384
605,5,client9,client9-d68fb99b4-8z6bk,linkerd-proxy,618.0240000000003
606,5,client5,client5-7d5ff7f8b4-kb9w6,sidecar,545.5950000000003
607,5,client5,client5-7d5ff7f8b4-kb9w6,client5,710.3670000000002
608,5,client5,client5-7d5ff7f8b4-kb9w6,linkerd-init,0.0
609,5,client5,client5-7d5ff7f8b4-kb9w6,linkerd-proxy,706.7370000000001
610,5,client12,client12-79bc8d5846-zjq4m,client12,658.1999999999998
611,5,client12,client12-79bc8d5846-zjq4m,sidecar,656.3429999999989
612,5,client12,client12-79bc8d5846-zjq4m,linkerd-proxy,658.0200000000004
613,5,client12,client12-79bc8d5846-zjq4m,linkerd-init,0.0
614,5,client16,client16-6dc7f87f54-dsxvc,sidecar,751.0320000000002
615,5,client16,client16-6dc7f87f54-dsxvc,client16,753.0720000000001
616,5,client16,client16-6dc7f87f54-dsxvc,linkerd-proxy,752.817
617,5,client16,client16-6dc7f87f54-dsxvc,linkerd-init,0.0
618,5,client2,client2-86cd6d8cf7-phhhc,client2,707.9099999999999
619,5,client2,client2-86cd6d8cf7-phhhc,linkerd-proxy,707.697000000001
620,5,client2,client2-86cd6d8cf7-phhhc,sidecar,706.3830000000007
621,5,client2,client2-86cd6d8cf7-phhhc,linkerd-init,0.0
622,5,client3,client3-58c68898cd-brlrb,linkerd-proxy,693.4349999999995
623,5,client3,client3-58c68898cd-brlrb,sidecar,691.3109999999997
624,5,client3,client3-58c68898cd-brlrb,linkerd-init,0.0
625,5,client3,client3-58c68898cd-brlrb,client3,693.4800000000005
626,5,client18,client18-69db77c748-wt4qr,sidecar,821.1090000000004
627,5,client18,client18-69db77c748-wt4qr,client18,822.8760000000002
628,5,client18,client18-69db77c748-wt4qr,linkerd-init,0.0
629,5,client18,client18-69db77c748-wt4qr,linkerd-proxy,822.7290000000003
630,5,client7,client7-544486cc98-v52bx,sidecar,881.177999999999
631,5,client7,client7-544486cc98-v52bx,linkerd-init,0.0
632,5,client7,client7-544486cc98-v52bx,linkerd-proxy,882.4799999999996
633,5,client7,client7-544486cc98-v52bx,client7,882.8400000000001
634,5,client11,client11-565c48c7c7-v26s6,client11,873.0330000000004
635,5,client11,client11-565c48c7c7-v26s6,sidecar,796.6830000000009
636,5,client11,client11-565c48c7c7-v26s6,linkerd-proxy,872.9249999999993
637,5,client11,client11-565c48c7c7-v26s6,linkerd-init,0.0
638,5,client19,client19-56fccdb4d9-5x8ts,client19,910.088999999999
639,5,client19,client19-56fccdb4d9-5x8ts,sidecar,908.1719999999996
640,5,client19,client19-56fccdb4d9-5x8ts,linkerd-init,0.0
641,5,client19,client19-56fccdb4d9-5x8ts,linkerd-proxy,909.8189999999986
642,5,client1,client1-7b9db886dd-5dvgn,linkerd-proxy,765.9480000000003
643,5,client1,client1-7b9db886dd-5dvgn,linkerd-init,0.0
644,5,client13,client13-7bf86f4f87-z2vhg,linkerd-init,0.0
645,5,client13,client13-7bf86f4f87-z2vhg,sidecar,634.0680000000002
646,5,client13,client13-7bf86f4f87-z2vhg,client13,755.2590000000005
647,5,client13,client13-7bf86f4f87-z2vhg,linkerd-proxy,752.0610000000001
648,5,client20,client20-65f8864f77-tsjdt,linkerd-proxy,883.6499999999996
649,5,client20,client20-65f8864f77-tsjdt,client20,883.893
650,5,client20,client20-65f8864f77-tsjdt,sidecar,882.0689999999995
651,5,client20,client20-65f8864f77-tsjdt,linkerd-init,0.0
652,5,server,server-656f98b57f-8l82j,linkerd-proxy,585.2640000000001
653,5,server,server-656f98b57f-8l82j,sidecar,488.0519999999997
654,5,server,server-656f98b57f-8l82j,server,606.4439999999995
655,5,client10,client10-694b6b97b4-7lkd7,linkerd-proxy,704.373
656,5,client10,client10-694b6b97b4-7lkd7,sidecar,660.3149999999996
657,5,client10,client10-694b6b97b4-7lkd7,client10,704.5530000000003
658,5,orchestrator,policy-enforcer-cb8dccbd8-8tck9,policy-enforcer,171.2460000000001
659,5,orchestrator,orchestrator-555f7b7c9d-zn2rf,orchestrator,178.66200000000003
660,5,orchestrator,orchestrator-555f7b7c9d-zn2rf,sidecar,259.16700000000014
661,5,api-gateway,api-gateway-6bf76d45b7-4g74g,api-gateway,345.9840000000004
662,5,api-gateway,api-gateway-6bf76d45b7-4g74g,sidecar,259.9589999999996
663,5,orchestrator,policy-enforcer-cb8dccbd8-8tck9,sidecar,296.6969999999999
664,5,client1,client1-7b9db886dd-5dvgn,sidecar,626.4299999999998
665,5,client1,client1-7b9db886dd-5dvgn,client1,766.0650000000005
666,5,client17,maurits-dijk-23d3fcf8client171-4nldw,hfl-train-model,637.8720000000008
667,5,client17,maurits-dijk-23d3fcf8client171-4nldw,sidecar,540.2399999999998
668,5,client17,maurits-dijk-23d3fcf8client171-4nldw,hfl-train,761.1570000000002
669,5,client9,maurits-dijk-23d3fcf8client91-q45t8,hfl-train-model,612.9839999999995
670,5,client9,maurits-dijk-23d3fcf8client91-q45t8,hfl-train,731.0999999999995
671,5,client9,maurits-dijk-23d3fcf8client91-q45t8,sidecar,493.58399999999983
672,5,client5,maurits-dijk-23d3fcf8client51-f558h,hfl-train-model,703.6409999999996
673,5,client5,maurits-dijk-23d3fcf8client51-f558h,sidecar,629.703
674,5,client5,maurits-dijk-23d3fcf8client51-f558h,hfl-train,840.4679999999998
675,5,client1,maurits-dijk-23d3fcf8client11-p27wv,sidecar,712.7309999999998
676,5,client1,maurits-dijk-23d3fcf8client11-p27wv,hfl-train,902.0729999999994
677,5,client1,maurits-dijk-23d3fcf8client11-p27wv,hfl-train-model,759.6119999999996
678,5,client13,maurits-dijk-23d3fcf8client131-glgnl,sidecar,574.4430000000002
679,5,client13,maurits-dijk-23d3fcf8client131-glgnl,hfl-train,917.2829999999994
680,5,client13,maurits-dijk-23d3fcf8client131-glgnl,hfl-train-model,749.003999999999
681,5,server,maurits-dijk-23d3fcf8server1-6x7s2,sidecar,551.0789999999997
682,5,server,maurits-dijk-23d3fcf8server1-6x7s2,hfl-train,580.5929999999998
683,5,server,maurits-dijk-23d3fcf8server1-6x7s2,hfl-train-model,858.1859999999997
684,6,server,server-656f98b57f-8l82j,linkerd-init,0.0
685,6,client8,client8-5845965f99-9lw8q,sidecar,844.0500000000002
686,6,client8,client8-5845965f99-9lw8q,client8,956.3069999999998
687,6,client8,client8-5845965f99-9lw8q,linkerd-init,0.0
688,6,client8,client8-5845965f99-9lw8q,linkerd-proxy,955.9919999999993
689,6,client14,client14-856b5b5576-tflrl,sidecar,864.3149999999996
690,6,client14,client14-856b5b5576-tflrl,linkerd-init,0.0
691,6,client14,client14-856b5b5576-tflrl,client14,866.3160000000007
692,6,client14,client14-856b5b5576-tflrl,linkerd-proxy,866.0369999999994
693,6,client10,client10-694b6b97b4-7lkd7,linkerd-init,0.0
694,6,api-gateway,api-gateway-6bf76d45b7-4g74g,linkerd-proxy,431.3699999999999
695,6,orchestrator,orchestrator-555f7b7c9d-zn2rf,linkerd-init,0.0
696,6,api-gateway,api-gateway-6bf76d45b7-4g74g,linkerd-init,0.0
697,6,orchestrator,orchestrator-555f7b7c9d-zn2rf,linkerd-proxy,412.30499999999984
698,6,orchestrator,policy-enforcer-cb8dccbd8-8tck9,linkerd-proxy,412.3319999999994
699,6,orchestrator,policy-enforcer-cb8dccbd8-8tck9,linkerd-init,0.0
700,6,client6,client6-785d875985-7h2n4,client6,820.6379999999999
701,6,client6,client6-785d875985-7h2n4,linkerd-proxy,820.4879999999994
702,6,client6,client6-785d875985-7h2n4,sidecar,818.2380000000003
703,6,client6,client6-785d875985-7h2n4,linkerd-init,0.0
704,6,client4,client4-744474fb99-l8dcb,sidecar,826.1339999999991
705,6,client4,client4-744474fb99-l8dcb,client4,828.8099999999995
706,6,client4,client4-744474fb99-l8dcb,linkerd-proxy,828.54
707,6,client4,client4-744474fb99-l8dcb,linkerd-init,0.0
708,6,client17,client17-69b85b5ccf-s5vfl,client17,796.9740000000002
709,6,client17,client17-69b85b5ccf-s5vfl,sidecar,608.4269999999997
710,6,client17,client17-69b85b5ccf-s5vfl,linkerd-proxy,794.2650000000012
711,6,client17,client17-69b85b5ccf-s5vfl,linkerd-init,0.0
712,6,client15,client15-79c969ddf-2qhl4,sidecar,930.0239999999994
713,6,client15,client15-79c969ddf-2qhl4,client15,931.9499999999998
714,6,client15,client15-79c969ddf-2qhl4,linkerd-proxy,931.665
715,6,client15,client15-79c969ddf-2qhl4,linkerd-init,0.0
716,6,client9,client9-d68fb99b4-8z6bk,linkerd-init,0.0
717,6,client9,client9-d68fb99b4-8z6bk,sidecar,583.8240000000005
718,6,client9,client9-d68fb99b4-8z6bk,client9,777.4560000000001
719,6,client9,client9-d68fb99b4-8z6bk,linkerd-proxy,775.1310000000003
720,6,client5,client5-7d5ff7f8b4-kb9w6,sidecar,570.5520000000001
721,6,client5,client5-7d5ff7f8b4-kb9w6,client5,746.4960000000001
722,6,client5,client5-7d5ff7f8b4-kb9w6,linkerd-init,0.0
723,6,client5,client5-7d5ff7f8b4-kb9w6,linkerd-proxy,741.9210000000003
724,6,client12,client12-79bc8d5846-zjq4m,client12,817.6169999999993
725,6,client12,client12-79bc8d5846-zjq4m,sidecar,815.3940000000011
726,6,client12,client12-79bc8d5846-zjq4m,linkerd-proxy,817.692
727,6,client12,client12-79bc8d5846-zjq4m,linkerd-init,0.0
728,6,client16,client16-6dc7f87f54-dsxvc,sidecar,752.8770000000004
729,6,client16,client16-6dc7f87f54-dsxvc,client16,755.1030000000001
730,6,client16,client16-6dc7f87f54-dsxvc,linkerd-proxy,754.8030000000008
731,6,client16,client16-6dc7f87f54-dsxvc,linkerd-init,0.0
732,6,client2,client2-86cd6d8cf7-phhhc,client2,671.7510000000002
733,6,client2,client2-86cd6d8cf7-phhhc,linkerd-proxy,671.5859999999993
734,6,client2,client2-86cd6d8cf7-phhhc,sidecar,670.1669999999995
735,6,client2,client2-86cd6d8cf7-phhhc,linkerd-init,0.0
736,6,client3,client3-58c68898cd-brlrb,linkerd-proxy,707.8500000000004
737,6,client3,client3-58c68898cd-brlrb,sidecar,705.8520000000008
738,6,client3,client3-58c68898cd-brlrb,linkerd-init,0.0
739,6,client3,client3-58c68898cd-brlrb,client3,708.0359999999991
740,6,client18,client18-69db77c748-wt4qr,sidecar,684.8999999999996
741,6,client18,client18-69db77c748-wt4qr,client18,686.4239999999991
742,6,client18,client18-69db77c748-wt4qr,linkerd-init,0.0
743,6,client18,client18-69db77c748-wt4qr,linkerd-proxy,686.1930000000002
744,6,client7,client7-544486cc98-v52bx,sidecar,707.3760000000002
745,6,client7,client7-544486cc98-v52bx,linkerd-init,0.0
746,6,client7,client7-544486cc98-v52bx,linkerd-proxy,708.4799999999996
747,6,client7,client7-544486cc98-v52bx,client7,708.6899999999996
748,6,client11,client11-565c48c7c7-v26s6,client11,692.5320000000002
749,6,client11,client11-565c48c7c7-v26s6,sidecar,656.5319999999983
750,6,client11,client11-565c48c7c7-v26s6,linkerd-proxy,692.4660000000003
751,6,client11,client11-565c48c7c7-v26s6,linkerd-init,0.0
752,6,client19,client19-56fccdb4d9-5x8ts,client19,722.0910000000003
753,6,client19,client19-56fccdb4d9-5x8ts,sidecar,720.5100000000002
754,6,client19,client19-56fccdb4d9-5x8ts,linkerd-init,0.0
755,6,client19,client19-56fccdb4d9-5x8ts,linkerd-proxy,721.9230000000007
756,6,client1,client1-7b9db886dd-5dvgn,linkerd-proxy,608.5049999999992
757,6,client1,client1-7b9db886dd-5dvgn,linkerd-init,0.0
758,6,client13,client13-7bf86f4f87-z2vhg,linkerd-init,0.0
759,6,client13,client13-7bf86f4f87-z2vhg,sidecar,524.3700000000003
760,6,client13,client13-7bf86f4f87-z2vhg,client13,606.3419999999996
761,6,client13,client13-7bf86f4f87-z2vhg,linkerd-proxy,601.9619999999995
762,6,client20,client20-65f8864f77-tsjdt,linkerd-proxy,805.848
763,6,client20,client20-65f8864f77-tsjdt,client20,806.1959999999999
764,6,client20,client20-65f8864f77-tsjdt,sidecar,804.7050000000008
765,6,client20,client20-65f8864f77-tsjdt,linkerd-init,0.0
766,6,server,server-656f98b57f-8l82j,linkerd-proxy,451.44900000000007
767,6,server,server-656f98b57f-8l82j,sidecar,423.30600000000004
768,6,server,server-656f98b57f-8l82j,server,466.5720000000001
769,6,client10,client10-694b6b97b4-7lkd7,linkerd-proxy,768.4469999999992
770,6,client10,client10-694b6b97b4-7lkd7,sidecar,733.0259999999998
771,6,client10,client10-694b6b97b4-7lkd7,client10,768.2370000000001
772,6,orchestrator,policy-enforcer-cb8dccbd8-8tck9,policy-enforcer,261.741
773,6,orchestrator,orchestrator-555f7b7c9d-zn2rf,orchestrator,211.84500000000003
774,6,orchestrator,orchestrator-555f7b7c9d-zn2rf,sidecar,344.82299999999987
775,6,api-gateway,api-gateway-6bf76d45b7-4g74g,api-gateway,424.34999999999945
776,6,api-gateway,api-gateway-6bf76d45b7-4g74g,sidecar,328.75800000000027
777,6,orchestrator,policy-enforcer-cb8dccbd8-8tck9,sidecar,373.79100000000017
778,6,client1,client1-7b9db886dd-5dvgn,sidecar,520.0680000000002
779,6,client1,client1-7b9db886dd-5dvgn,client1,608.7929999999997
780,6,client17,maurits-dijk-23d3fcf8client171-4nldw,hfl-train-model,791.177999999999
781,6,client17,maurits-dijk-23d3fcf8client171-4nldw,sidecar,719.8830000000003
782,6,client17,maurits-dijk-23d3fcf8client171-4nldw,hfl-train,911.5439999999999
783,6,client9,maurits-dijk-23d3fcf8client91-q45t8,hfl-train-model,768.804000000001
784,6,client9,maurits-dijk-23d3fcf8client91-q45t8,hfl-train,909.8910000000005
785,6,client9,maurits-dijk-23d3fcf8client91-q45t8,sidecar,656.6640000000007
786,6,client5,maurits-dijk-23d3fcf8client51-f558h,hfl-train-model,739.710000000001
787,6,client5,maurits-dijk-23d3fcf8client51-f558h,sidecar,627.4680000000003
788,6,client5,maurits-dijk-23d3fcf8client51-f558h,hfl-train,854.232
789,6,client1,maurits-dijk-23d3fcf8client11-p27wv,sidecar,536.8680000000008
790,6,client1,maurits-dijk-23d3fcf8client11-p27wv,hfl-train,745.6830000000009
791,6,client1,maurits-dijk-23d3fcf8client11-p27wv,hfl-train-model,603.4050000000007
792,6,client13,maurits-dijk-23d3fcf8client131-glgnl,sidecar,425.4090000000001
793,6,client13,maurits-dijk-23d3fcf8client131-glgnl,hfl-train,777.1170000000002
794,6,client13,maurits-dijk-23d3fcf8client131-glgnl,hfl-train-model,598.902000000001
795,6,server,maurits-dijk-23d3fcf8server1-6x7s2,sidecar,419.06100000000015
796,6,server,maurits-dijk-23d3fcf8server1-6x7s2,hfl-train,444.88499999999976
797,6,server,maurits-dijk-23d3fcf8server1-6x7s2,hfl-train-model,803.7929999999997
798,7,server,server-656f98b57f-8l82j,linkerd-init,0.0
799,7,client8,client8-5845965f99-9lw8q,sidecar,661.527
800,7,client8,client8-5845965f99-9lw8q,client8,737.9190000000008
801,7,client8,client8-5845965f99-9lw8q,linkerd-init,0.0
802,7,client8,client8-5845965f99-9lw8q,linkerd-proxy,737.7659999999996
803,7,client14,client14-856b5b5576-tflrl,sidecar,715.4160000000002
804,7,client14,client14-856b5b5576-tflrl,linkerd-init,0.0
805,7,client14,client14-856b5b5576-tflrl,client14,717.0149999999994
806,7,client14,client14-856b5b5576-tflrl,linkerd-proxy,716.8649999999998
807,7,client10,client10-694b6b97b4-7lkd7,linkerd-init,0.0
808,7,api-gateway,api-gateway-6bf76d45b7-4g74g,linkerd-proxy,366.30600000000004
809,7,orchestrator,orchestrator-555f7b7c9d-zn2rf,linkerd-init,0.0
810,7,api-gateway,api-gateway-6bf76d45b7-4g74g,linkerd-init,0.0
811,7,orchestrator,orchestrator-555f7b7c9d-zn2rf,linkerd-proxy,347.72400000000016
812,7,orchestrator,policy-enforcer-cb8dccbd8-8tck9,linkerd-proxy,347.7570000000005
813,7,orchestrator,policy-enforcer-cb8dccbd8-8tck9,linkerd-init,0.0
814,7,client6,client6-785d875985-7h2n4,client6,694.8720000000012
815,7,client6,client6-785d875985-7h2n4,linkerd-proxy,694.8720000000003
816,7,client6,client6-785d875985-7h2n4,sidecar,692.7750000000005
817,7,client6,client6-785d875985-7h2n4,linkerd-init,0.0
818,7,client4,client4-744474fb99-l8dcb,sidecar,707.1000000000004
819,7,client4,client4-744474fb99-l8dcb,client4,709.1610000000001
820,7,client4,client4-744474fb99-l8dcb,linkerd-proxy,709.0830000000005
821,7,client4,client4-744474fb99-l8dcb,linkerd-init,0.0
822,7,client17,client17-69b85b5ccf-s5vfl,client17,636.5999999999995
823,7,client17,client17-69b85b5ccf-s5vfl,sidecar,576.357
824,7,client17,client17-69b85b5ccf-s5vfl,linkerd-proxy,632.1929999999993
825,7,client17,client17-69b85b5ccf-s5vfl,linkerd-init,0.0
826,7,client15,client15-79c969ddf-2qhl4,sidecar,740.7840000000006
827,7,client15,client15-79c969ddf-2qhl4,client15,742.3379999999988
828,7,client15,client15-79c969ddf-2qhl4,linkerd-proxy,742.0770000000002
829,7,client15,client15-79c969ddf-2qhl4,linkerd-init,0.0
830,7,client9,client9-d68fb99b4-8z6bk,linkerd-init,0.0
831,7,client9,client9-d68fb99b4-8z6bk,sidecar,553.665
832,7,client9,client9-d68fb99b4-8z6bk,client9,611.0550000000003
833,7,client9,client9-d68fb99b4-8z6bk,linkerd-proxy,609.2699999999995
834,7,client5,client5-7d5ff7f8b4-kb9w6,sidecar,562.8900000000003
835,7,client5,client5-7d5ff7f8b4-kb9w6,client5,678.174
836,7,client5,client5-7d5ff7f8b4-kb9w6,linkerd-init,0.0
837,7,client5,client5-7d5ff7f8b4-kb9w6,linkerd-proxy,674.2290000000003
838,7,client12,client12-79bc8d5846-zjq4m,client12,681.6060000000007
839,7,client12,client12-79bc8d5846-zjq4m,sidecar,679.6499999999987
840,7,client12,client12-79bc8d5846-zjq4m,linkerd-proxy,681.3180000000002
841,7,client12,client12-79bc8d5846-zjq4m,linkerd-init,0.0
842,7,client16,client16-6dc7f87f54-dsxvc,sidecar,937.1580000000004
843,7,client16,client16-6dc7f87f54-dsxvc,client16,939.6300000000001
844,7,client16,client16-6dc7f87f54-dsxvc,linkerd-proxy,939.4199999999992
845,7,client16,client16-6dc7f87f54-dsxvc,linkerd-init,0.0
846,7,client2,client2-86cd6d8cf7-phhhc,client2,873.3389999999999
847,7,client2,client2-86cd6d8cf7-phhhc,linkerd-proxy,873.1050000000005
848,7,client2,client2-86cd6d8cf7-phhhc,sidecar,871.527
849,7,client2,client2-86cd6d8cf7-phhhc,linkerd-init,0.0
850,7,client3,client3-58c68898cd-brlrb,linkerd-proxy,857.5079999999998
851,7,client3,client3-58c68898cd-brlrb,sidecar,855.0719999999992
852,7,client3,client3-58c68898cd-brlrb,linkerd-init,0.0
853,7,client3,client3-58c68898cd-brlrb,client3,857.6490000000003
854,7,client18,client18-69db77c748-wt4qr,sidecar,784.7939999999999
855,7,client18,client18-69db77c748-wt4qr,client18,786.5819999999994
856,7,client18,client18-69db77c748-wt4qr,linkerd-init,0.0
857,7,client18,client18-69db77c748-wt4qr,linkerd-proxy,786.3990000000003
858,7,client7,client7-544486cc98-v52bx,sidecar,902.0640000000003
859,7,client7,client7-544486cc98-v52bx,linkerd-init,0.0
860,7,client7,client7-544486cc98-v52bx,linkerd-proxy,903.4560000000001
861,7,client7,client7-544486cc98-v52bx,client7,903.6360000000004
862,7,client11,client11-565c48c7c7-v26s6,client11,799.1699999999992
863,7,client11,client11-565c48c7c7-v26s6,sidecar,749.139000000001
864,7,client11,client11-565c48c7c7-v26s6,linkerd-proxy,798.7769999999991
865,7,client11,client11-565c48c7c7-v26s6,linkerd-init,0.0
866,7,client19,client19-56fccdb4d9-5x8ts,client19,874.9620000000004
867,7,client19,client19-56fccdb4d9-5x8ts,sidecar,873.1229999999996
868,7,client19,client19-56fccdb4d9-5x8ts,linkerd-init,0.0
869,7,client19,client19-56fccdb4d9-5x8ts,linkerd-proxy,874.7640000000001
870,7,client1,client1-7b9db886dd-5dvgn,linkerd-proxy,706.0680000000002
871,7,client1,client1-7b9db886dd-5dvgn,linkerd-init,0.0
872,7,client13,client13-7bf86f4f87-z2vhg,linkerd-init,0.0
873,7,client13,client13-7bf86f4f87-z2vhg,sidecar,654.0119999999997
874,7,client13,client13-7bf86f4f87-z2vhg,client13,743.7089999999998
875,7,client13,client13-7bf86f4f87-z2vhg,linkerd-proxy,739.9979999999996
876,7,client20,client20-65f8864f77-tsjdt,linkerd-proxy,888.2759999999998
877,7,client20,client20-65f8864f77-tsjdt,client20,888.549
878,7,client20,client20-65f8864f77-tsjdt,sidecar,886.8119999999999
879,7,client20,client20-65f8864f77-tsjdt,linkerd-init,0.0
880,7,server,server-656f98b57f-8l82j,linkerd-proxy,583.5509999999999
881,7,server,server-656f98b57f-8l82j,sidecar,460.98900000000003
882,7,server,server-656f98b57f-8l82j,server,599.0909999999999
883,7,client10,client10-694b6b97b4-7lkd7,linkerd-proxy,665.9040000000005
884,7,client10,client10-694b6b97b4-7lkd7,sidecar,636.8490000000002
885,7,client10,client10-694b6b97b4-7lkd7,client10,665.8469999999988
886,7,orchestrator,policy-enforcer-cb8dccbd8-8tck9,policy-enforcer,231.78600000000006
887,7,orchestrator,orchestrator-555f7b7c9d-zn2rf,orchestrator,245.34299999999962
888,7,orchestrator,orchestrator-555f7b7c9d-zn2rf,sidecar,288.97500000000036
889,7,api-gateway,api-gateway-6bf76d45b7-4g74g,api-gateway,345.09900000000016
890,7,api-gateway,api-gateway-6bf76d45b7-4g74g,sidecar,329.6369999999997
891,7,orchestrator,policy-enforcer-cb8dccbd8-8tck9,sidecar,306.28499999999985
892,7,client1,client1-7b9db886dd-5dvgn,sidecar,661.1909999999998
893,7,client1,client1-7b9db886dd-5dvgn,client1,705.6059999999998
894,7,client17,maurits-dijk-23d3fcf8client171-4nldw,hfl-train-model,629.130000000001
895,7,client17,maurits-dijk-23d3fcf8client171-4nldw,sidecar,571.3019999999997
896,7,client17,maurits-dijk-23d3fcf8client171-4nldw,hfl-train,751.4760000000006
897,7,client9,maurits-dijk-23d3fcf8client91-q45t8,hfl-train-model,604.3620000000001
898,7,client9,maurits-dijk-23d3fcf8client91-q45t8,hfl-train,741.0090000000009
899,7,client9,maurits-dijk-23d3fcf8client91-q45t8,sidecar,482.52299999999923
900,7,client5,maurits-dijk-23d3fcf8client51-f558h,hfl-train-model,671.6159999999991
901,7,client5,maurits-dijk-23d3fcf8client51-f558h,sidecar,592.7969999999996
902,7,client5,maurits-dijk-23d3fcf8client51-f558h,hfl-train,805.8090000000002
903,7,client1,maurits-dijk-23d3fcf8client11-p27wv,sidecar,659.5829999999996
904,7,client1,maurits-dijk-23d3fcf8client11-p27wv,hfl-train,824.405999999999
905,7,client1,maurits-dijk-23d3fcf8client11-p27wv,hfl-train-model,700.5989999999993
906,7,client13,maurits-dijk-23d3fcf8client131-glgnl,sidecar,530.2350000000001
907,7,client13,maurits-dijk-23d3fcf8client131-glgnl,hfl-train,913.2119999999995
908,7,client13,maurits-dijk-23d3fcf8client131-glgnl,hfl-train-model,736.6979999999994
909,7,server,maurits-dijk-23d3fcf8server1-6x7s2,sidecar,560.1510000000003
910,7,server,maurits-dijk-23d3fcf8server1-6x7s2,hfl-train,578.4000000000001
911,7,server,maurits-dijk-23d3fcf8server1-6x7s2,hfl-train-model,864.1620000000003
912,8,server,server-656f98b57f-8l82j,linkerd-init,0.0
913,8,client8,client8-5845965f99-9lw8q,sidecar,756.5640000000003
914,8,client8,client8-5845965f99-9lw8q,client8,844.7219999999998
915,8,client8,client8-5845965f99-9lw8q,linkerd-init,0.0
916,8,client8,client8-5845965f99-9lw8q,linkerd-proxy,844.3110000000006
917,8,client14,client14-856b5b5576-tflrl,sidecar,855.0959999999995
918,8,client14,client14-856b5b5576-tflrl,linkerd-init,0.0
919,8,client14,client14-856b5b5576-tflrl,client14,857.1750000000002
920,8,client14,client14-856b5b5576-tflrl,linkerd-proxy,856.7850000000008
921,8,client10,client10-694b6b97b4-7lkd7,linkerd-init,0.0
922,8,api-gateway,api-gateway-6bf76d45b7-4g74g,linkerd-proxy,428.85300000000007
923,8,orchestrator,orchestrator-555f7b7c9d-zn2rf,linkerd-init,0.0
924,8,api-gateway,api-gateway-6bf76d45b7-4g74g,linkerd-init,0.0
925,8,orchestrator,orchestrator-555f7b7c9d-zn2rf,linkerd-proxy,409.82100000000037
926,8,orchestrator,policy-enforcer-cb8dccbd8-8tck9,linkerd-proxy,409.76399999999967
927,8,orchestrator,policy-enforcer-cb8dccbd8-8tck9,linkerd-init,0.0
928,8,client6,client6-785d875985-7h2n4,client6,835.4879999999994
929,8,client6,client6-785d875985-7h2n4,linkerd-proxy,835.0140000000001
930,8,client6,client6-785d875985-7h2n4,sidecar,832.884
931,8,client6,client6-785d875985-7h2n4,linkerd-init,0.0
932,8,client4,client4-744474fb99-l8dcb,sidecar,843.9539999999997
933,8,client4,client4-744474fb99-l8dcb,client4,846.5519999999997
934,8,client4,client4-744474fb99-l8dcb,linkerd-proxy,846.4019999999991
935,8,client4,client4-744474fb99-l8dcb,linkerd-init,0.0
936,8,client17,client17-69b85b5ccf-s5vfl,client17,728.8470000000007
937,8,client17,client17-69b85b5ccf-s5vfl,sidecar,575.9940000000006
938,8,client17,client17-69b85b5ccf-s5vfl,linkerd-proxy,725.9549999999999
939,8,client17,client17-69b85b5ccf-s5vfl,linkerd-init,0.0
940,8,client15,client15-79c969ddf-2qhl4,sidecar,866.8829999999998
941,8,client15,client15-79c969ddf-2qhl4,client15,868.7370000000001
942,8,client15,client15-79c969ddf-2qhl4,linkerd-proxy,868.2750000000005
943,8,client15,client15-79c969ddf-2qhl4,linkerd-init,0.0
944,8,client9,client9-d68fb99b4-8z6bk,linkerd-init,0.0
945,8,client9,client9-d68fb99b4-8z6bk,sidecar,620.2019999999993
946,8,client9,client9-d68fb99b4-8z6bk,client9,774.7439999999997
947,8,client9,client9-d68fb99b4-8z6bk,linkerd-proxy,774.8820000000005
948,8,client5,client5-7d5ff7f8b4-kb9w6,sidecar,632.3039999999992
949,8,client5,client5-7d5ff7f8b4-kb9w6,client5,860.826
950,8,client5,client5-7d5ff7f8b4-kb9w6,linkerd-init,0.0
951,8,client5,client5-7d5ff7f8b4-kb9w6,linkerd-proxy,857.4779999999992
952,8,client12,client12-79bc8d5846-zjq4m,client12,830.8289999999997
953,8,client12,client12-79bc8d5846-zjq4m,sidecar,828.4440000000013
954,8,client12,client12-79bc8d5846-zjq4m,linkerd-proxy,830.4209999999994
955,8,client12,client12-79bc8d5846-zjq4m,linkerd-init,0.0
956,8,client16,client16-6dc7f87f54-dsxvc,sidecar,777.8429999999998
957,8,client16,client16-6dc7f87f54-dsxvc,client16,779.8199999999997
958,8,client16,client16-6dc7f87f54-dsxvc,linkerd-proxy,779.835
959,8,client16,client16-6dc7f87f54-dsxvc,linkerd-init,0.0
960,8,client2,client2-86cd6d8cf7-phhhc,client2,768.4680000000008
961,8,client2,client2-86cd6d8cf7-phhhc,linkerd-proxy,768.402
962,8,client2,client2-86cd6d8cf7-phhhc,sidecar,767.0460000000003
963,8,client2,client2-86cd6d8cf7-phhhc,linkerd-init,0.0
964,8,client3,client3-58c68898cd-brlrb,linkerd-proxy,723.219
965,8,client3,client3-58c68898cd-brlrb,sidecar,721.107
966,8,client3,client3-58c68898cd-brlrb,linkerd-init,0.0
967,8,client3,client3-58c68898cd-brlrb,client3,723.2939999999999
968,8,client18,client18-69db77c748-wt4qr,sidecar,718.0320000000002
969,8,client18,client18-69db77c748-wt4qr,client18,719.5740000000014
970,8,client18,client18-69db77c748-wt4qr,linkerd-init,0.0
971,8,client18,client18-69db77c748-wt4qr,linkerd-proxy,719.4359999999997
972,8,client7,client7-544486cc98-v52bx,sidecar,790.473
973,8,client7,client7-544486cc98-v52bx,linkerd-init,0.0
974,8,client7,client7-544486cc98-v52bx,linkerd-proxy,791.5320000000002
975,8,client7,client7-544486cc98-v52bx,client7,791.607
976,8,client11,client11-565c48c7c7-v26s6,client11,789.1230000000005
977,8,client11,client11-565c48c7c7-v26s6,sidecar,706.5119999999997
978,8,client11,client11-565c48c7c7-v26s6,linkerd-proxy,788.8770000000004
979,8,client11,client11-565c48c7c7-v26s6,linkerd-init,0.0
980,8,client19,client19-56fccdb4d9-5x8ts,client19,671.6849999999995
981,8,client19,client19-56fccdb4d9-5x8ts,sidecar,670.1279999999997
982,8,client19,client19-56fccdb4d9-5x8ts,linkerd-init,0.0
983,8,client19,client19-56fccdb4d9-5x8ts,linkerd-proxy,671.4569999999994
984,8,client1,client1-7b9db886dd-5dvgn,linkerd-proxy,616.6859999999997
985,8,client1,client1-7b9db886dd-5dvgn,linkerd-init,0.0
986,8,client13,client13-7bf86f4f87-z2vhg,linkerd-init,0.0
987,8,client13,client13-7bf86f4f87-z2vhg,sidecar,545.1630000000005
988,8,client13,client13-7bf86f4f87-z2vhg,client13,609.0479999999998
989,8,client13,client13-7bf86f4f87-z2vhg,linkerd-proxy,606.822000000001
990,8,client20,client20-65f8864f77-tsjdt,linkerd-proxy,707.3400000000001
991,8,client20,client20-65f8864f77-tsjdt,client20,707.5709999999999
992,8,client20,client20-65f8864f77-tsjdt,sidecar,706.0649999999996
993,8,client20,client20-65f8864f77-tsjdt,linkerd-init,0.0
994,8,server,server-656f98b57f-8l82j,linkerd-proxy,443.8949999999995
995,8,server,server-656f98b57f-8l82j,sidecar,403.61999999999944
996,8,server,server-656f98b57f-8l82j,server,462.6930000000002
997,8,client10,client10-694b6b97b4-7lkd7,linkerd-proxy,814.0709999999999
998,8,client10,client10-694b6b97b4-7lkd7,sidecar,780.2939999999999
999,8,client10,client10-694b6b97b4-7lkd7,client10,814.0710000000008
1000,8,orchestrator,policy-enforcer-cb8dccbd8-8tck9,policy-enforcer,330.5789999999997
1001,8,orchestrator,orchestrator-555f7b7c9d-zn2rf,orchestrator,300.1890000000003
1002,8,orchestrator,orchestrator-555f7b7c9d-zn2rf,sidecar,376.3769999999995
1003,8,api-gateway,api-gateway-6bf76d45b7-4g74g,api-gateway,422.09400000000005
1004,8,api-gateway,api-gateway-6bf76d45b7-4g74g,sidecar,354.90599999999995
1005,8,orchestrator,policy-enforcer-cb8dccbd8-8tck9,sidecar,398.9640000000004
1006,8,client1,client1-7b9db886dd-5dvgn,sidecar,543.8609999999999
1007,8,client1,client1-7b9db886dd-5dvgn,client1,617.9759999999997
1008,8,client17,maurits-dijk-23d3fcf8client171-4nldw,hfl-train-model,723.0149999999994
1009,8,client17,maurits-dijk-23d3fcf8client171-4nldw,sidecar,722.4900000000007
1010,8,client17,maurits-dijk-23d3fcf8client171-4nldw,hfl-train,853.9229999999998
1011,8,client9,maurits-dijk-23d3fcf8client91-q45t8,hfl-train-model,768.2489999999998
1012,8,client9,maurits-dijk-23d3fcf8client91-q45t8,hfl-train,889.1339999999991
1013,8,client9,maurits-dijk-23d3fcf8client91-q45t8,sidecar,665.7659999999996
1014,8,client5,maurits-dijk-23d3fcf8client51-f558h,hfl-train-model,855.1319999999996
1015,8,client5,maurits-dijk-23d3fcf8client51-f558h,sidecar,759.8880000000008
1016,8,client5,maurits-dijk-23d3fcf8client51-f558h,hfl-train,998.6279999999997
1017,8,client1,maurits-dijk-23d3fcf8client11-p27wv,sidecar,540.0600000000004
1018,8,client1,maurits-dijk-23d3fcf8client11-p27wv,hfl-train,746.2980000000007
1019,8,client1,maurits-dijk-23d3fcf8client11-p27wv,hfl-train-model,612.0119999999997
1020,8,client13,maurits-dijk-23d3fcf8client131-glgnl,sidecar,430.16699999999946
1021,8,client13,maurits-dijk-23d3fcf8client131-glgnl,hfl-train,784.7970000000005
1022,8,client13,maurits-dijk-23d3fcf8client131-glgnl,hfl-train-model,603.7230000000009
1023,8,server,maurits-dijk-23d3fcf8server1-6x7s2,sidecar,417.4830000000002
1024,8,server,maurits-dijk-23d3fcf8server1-6x7s2,hfl-train,438.5460000000003
1025,8,server,maurits-dijk-23d3fcf8server1-6x7s2,hfl-train-model,813.6869999999999
1026,9,server,server-656f98b57f-8l82j,linkerd-init,0.0
1027,9,client8,client8-5845965f99-9lw8q,sidecar,650.781
1028,9,client8,client8-5845965f99-9lw8q,client8,726.0509999999995
1029,9,client8,client8-5845965f99-9lw8q,linkerd-init,0.0
1030,9,client8,client8-5845965f99-9lw8q,linkerd-proxy,725.6549999999997
1031,9,client14,client14-856b5b5576-tflrl,sidecar,682.866
1032,9,client14,client14-856b5b5576-tflrl,linkerd-init,0.0
1033,9,client14,client14-856b5b5576-tflrl,client14,684.4830000000002
1034,9,client14,client14-856b5b5576-tflrl,linkerd-proxy,684.3599999999997
1035,9,client10,client10-694b6b97b4-7lkd7,linkerd-init,0.0
1036,9,api-gateway,api-gateway-6bf76d45b7-4g74g,linkerd-proxy,365.2649999999999
1037,9,orchestrator,orchestrator-555f7b7c9d-zn2rf,linkerd-init,0.0
1038,9,api-gateway,api-gateway-6bf76d45b7-4g74g,linkerd-init,0.0
1039,9,orchestrator,orchestrator-555f7b7c9d-zn2rf,linkerd-proxy,347.12099999999964
1040,9,orchestrator,policy-enforcer-cb8dccbd8-8tck9,linkerd-proxy,346.96799999999985
1041,9,orchestrator,policy-enforcer-cb8dccbd8-8tck9,linkerd-init,0.0
1042,9,client6,client6-785d875985-7h2n4,client6,785.1600000000008
1043,9,client6,client6-785d875985-7h2n4,linkerd-proxy,784.8720000000003
1044,9,client6,client6-785d875985-7h2n4,sidecar,783.2160000000003
1045,9,client6,client6-785d875985-7h2n4,linkerd-init,0.0
1046,9,client4,client4-744474fb99-l8dcb,sidecar,674.5799999999999
1047,9,client4,client4-744474fb99-l8dcb,client4,676.7070000000003
1048,9,client4,client4-744474fb99-l8dcb,linkerd-proxy,676.7370000000001
1049,9,client4,client4-744474fb99-l8dcb,linkerd-init,0.0
1050,9,client17,client17-69b85b5ccf-s5vfl,client17,656.9250000000002
1051,9,client17,client17-69b85b5ccf-s5vfl,sidecar,613.2659999999996
1052,9,client17,client17-69b85b5ccf-s5vfl,linkerd-proxy,654.9269999999997
1053,9,client17,client17-69b85b5ccf-s5vfl,linkerd-init,0.0
1054,9,client15,client15-79c969ddf-2qhl4,sidecar,738.3209999999999
1055,9,client15,client15-79c969ddf-2qhl4,client15,739.7729999999992
1056,9,client15,client15-79c969ddf-2qhl4,linkerd-proxy,739.5779999999986
1057,9,client15,client15-79c969ddf-2qhl4,linkerd-init,0.0
1058,9,client9,client9-d68fb99b4-8z6bk,linkerd-init,0.0
1059,9,client9,client9-d68fb99b4-8z6bk,sidecar,583.9860000000008
1060,9,client9,client9-d68fb99b4-8z6bk,client9,625.0709999999999
1061,9,client9,client9-d68fb99b4-8z6bk,linkerd-proxy,623.1119999999992
1062,9,client5,client5-7d5ff7f8b4-kb9w6,sidecar,575.9490000000005
1063,9,client5,client5-7d5ff7f8b4-kb9w6,client5,694.8149999999996
1064,9,client5,client5-7d5ff7f8b4-kb9w6,linkerd-init,0.0
1065,9,client5,client5-7d5ff7f8b4-kb9w6,linkerd-proxy,691.9170000000004
1066,9,client12,client12-79bc8d5846-zjq4m,client12,660.9269999999997
1067,9,client12,client12-79bc8d5846-zjq4m,sidecar,659.268
1068,9,client12,client12-79bc8d5846-zjq4m,linkerd-proxy,660.8789999999999
1069,9,client12,client12-79bc8d5846-zjq4m,linkerd-init,0.0
1070,9,client16,client16-6dc7f87f54-dsxvc,sidecar,835.6949999999997
1071,9,client16,client16-6dc7f87f54-dsxvc,client16,838.0079999999998
1072,9,client16,client16-6dc7f87f54-dsxvc,linkerd-proxy,837.9000000000015
1073,9,client16,client16-6dc7f87f54-dsxvc,linkerd-init,0.0
1074,9,client2,client2-86cd6d8cf7-phhhc,client2,856.1549999999988
1075,9,client2,client2-86cd6d8cf7-phhhc,linkerd-proxy,856.0889999999999
1076,9,client2,client2-86cd6d8cf7-phhhc,sidecar,854.4269999999988
1077,9,client2,client2-86cd6d8cf7-phhhc,linkerd-init,0.0
1078,9,client3,client3-58c68898cd-brlrb,linkerd-proxy,794.8680000000004
1079,9,client3,client3-58c68898cd-brlrb,sidecar,792.3720000000003
1080,9,client3,client3-58c68898cd-brlrb,linkerd-init,0.0
1081,9,client3,client3-58c68898cd-brlrb,client3,795.0660000000007
1082,9,client18,client18-69db77c748-wt4qr,sidecar,906.3720000000003
1083,9,client18,client18-69db77c748-wt4qr,client18,908.1659999999993
1084,9,client18,client18-69db77c748-wt4qr,linkerd-init,0.0
1085,9,client18,client18-69db77c748-wt4qr,linkerd-proxy,907.9560000000001
1086,9,client7,client7-544486cc98-v52bx,sidecar,918.9240000000009
1087,9,client7,client7-544486cc98-v52bx,linkerd-init,0.0
1088,9,client7,client7-544486cc98-v52bx,linkerd-proxy,920.1810000000014
1089,9,client7,client7-544486cc98-v52bx,client7,920.6580000000004
1090,9,client11,client11-565c48c7c7-v26s6,client11,980.2260000000006
1091,9,client11,client11-565c48c7c7-v26s6,sidecar,860.9549999999999
1092,9,client11,client11-565c48c7c7-v26s6,linkerd-proxy,980.1030000000001
1093,9,client11,client11-565c48c7c7-v26s6,linkerd-init,0.0
1094,9,client19,client19-56fccdb4d9-5x8ts,client19,843.1169999999993
1095,9,client19,client19-56fccdb4d9-5x8ts,sidecar,841.2089999999989
1096,9,client19,client19-56fccdb4d9-5x8ts,linkerd-init,0.0
1097,9,client19,client19-56fccdb4d9-5x8ts,linkerd-proxy,842.7660000000005
1098,9,client1,client1-7b9db886dd-5dvgn,linkerd-proxy,791.4930000000004
1099,9,client1,client1-7b9db886dd-5dvgn,linkerd-init,0.0
1100,9,client13,client13-7bf86f4f87-z2vhg,linkerd-init,0.0
1101,9,client13,client13-7bf86f4f87-z2vhg,sidecar,700.0109999999995
1102,9,client13,client13-7bf86f4f87-z2vhg,client13,803.6220000000003
1103,9,client13,client13-7bf86f4f87-z2vhg,linkerd-proxy,798.5069999999996
1104,9,client20,client20-65f8864f77-tsjdt,linkerd-proxy,830.6760000000004
1105,9,client20,client20-65f8864f77-tsjdt,client20,831.1199999999999
1106,9,client20,client20-65f8864f77-tsjdt,sidecar,829.2390000000005
1107,9,client20,client20-65f8864f77-tsjdt,linkerd-init,0.0
1108,9,server,server-656f98b57f-8l82j,linkerd-proxy,569.085000000001
1109,9,server,server-656f98b57f-8l82j,sidecar,461.9130000000014
1110,9,server,server-656f98b57f-8l82j,server,586.5630000000001
1111,9,client10,client10-694b6b97b4-7lkd7,linkerd-proxy,667.5390000000007
1112,9,client10,client10-694b6b97b4-7lkd7,sidecar,628.4099999999999
1113,9,client10,client10-694b6b97b4-7lkd7,client10,667.7640000000001
1114,9,orchestrator,policy-enforcer-cb8dccbd8-8tck9,policy-enforcer,209.88900000000012
1115,9,orchestrator,orchestrator-555f7b7c9d-zn2rf,orchestrator,238.10700000000043
1116,9,orchestrator,orchestrator-555f7b7c9d-zn2rf,sidecar,313.8000000000002
1117,9,api-gateway,api-gateway-6bf76d45b7-4g74g,api-gateway,372.8069999999998
1118,9,api-gateway,api-gateway-6bf76d45b7-4g74g,sidecar,327.4290000000001
1119,9,orchestrator,policy-enforcer-cb8dccbd8-8tck9,sidecar,332.67899999999963
1120,9,client1,client1-7b9db886dd-5dvgn,sidecar,659.0820000000003
1121,9,client1,client1-7b9db886dd-5dvgn,client1,791.9970000000012
1122,9,client17,maurits-dijk-23d3fcf8client171-4nldw,hfl-train-model,652.116
1123,9,client17,maurits-dijk-23d3fcf8client171-4nldw,sidecar,608.094
1124,9,client17,maurits-dijk-23d3fcf8client171-4nldw,hfl-train,776.8469999999998
1125,9,client9,maurits-dijk-23d3fcf8client91-q45t8,hfl-train-model,618.3089999999993
1126,9,client9,maurits-dijk-23d3fcf8client91-q45t8,hfl-train,753.5129999999999
1127,9,client9,maurits-dijk-23d3fcf8client91-q45t8,sidecar,524.2950000000001
1128,9,client5,maurits-dijk-23d3fcf8client51-f558h,hfl-train-model,689.9550000000008
1129,9,client5,maurits-dijk-23d3fcf8client51-f558h,sidecar,635.5829999999996
1130,9,client5,maurits-dijk-23d3fcf8client51-f558h,hfl-train,804.0870000000014
1131,9,client1,maurits-dijk-23d3fcf8client11-p27wv,sidecar,660.5969999999998
1132,9,client1,maurits-dijk-23d3fcf8client11-p27wv,hfl-train,927.4709999999995
1133,9,client1,maurits-dijk-23d3fcf8client11-p27wv,hfl-train-model,785.9730000000009
1134,9,client13,maurits-dijk-23d3fcf8client131-glgnl,sidecar,572.8379999999997
1135,9,client13,maurits-dijk-23d3fcf8client131-glgnl,hfl-train,972.0569999999998
1136,9,client13,maurits-dijk-23d3fcf8client131-glgnl,hfl-train-model,794.9039999999995
1137,9,server,maurits-dijk-23d3fcf8server1-6x7s2,sidecar,524.2649999999994
1138,9,server,maurits-dijk-23d3fcf8server1-6x7s2,hfl-train,565.5
1139,9,server,maurits-dijk-23d3fcf8server1-6x7s2,hfl-train-model,838.7880000000005
1140,10,server,server-656f98b57f-8l82j,linkerd-init,0.0
1141,10,client8,client8-5845965f99-9lw8q,sidecar,730.5119999999997
1142,10,client8,client8-5845965f99-9lw8q,client8,875.3459999999995
1143,10,client8,client8-5845965f99-9lw8q,linkerd-init,0.0
1144,10,client8,client8-5845965f99-9lw8q,linkerd-proxy,874.994999999999
1145,10,client14,client14-856b5b5576-tflrl,sidecar,833.844000000001
1146,10,client14,client14-856b5b5576-tflrl,linkerd-init,0.0
1147,10,client14,client14-856b5b5576-tflrl,client14,835.8599999999988
1148,10,client14,client14-856b5b5576-tflrl,linkerd-proxy,835.746000000001
1149,10,client10,client10-694b6b97b4-7lkd7,linkerd-init,0.0
1150,10,api-gateway,api-gateway-6bf76d45b7-4g74g,linkerd-proxy,442.40399999999954
1151,10,orchestrator,orchestrator-555f7b7c9d-zn2rf,linkerd-init,0.0
1152,10,api-gateway,api-gateway-6bf76d45b7-4g74g,linkerd-init,0.0
1153,10,orchestrator,orchestrator-555f7b7c9d-zn2rf,linkerd-proxy,424.0590000000002
1154,10,orchestrator,policy-enforcer-cb8dccbd8-8tck9,linkerd-proxy,424.0740000000005
1155,10,orchestrator,policy-enforcer-cb8dccbd8-8tck9,linkerd-init,0.0
1156,10,client6,client6-785d875985-7h2n4,client6,838.0500000000002
1157,10,client6,client6-785d875985-7h2n4,linkerd-proxy,837.9419999999991
1158,10,client6,client6-785d875985-7h2n4,sidecar,835.6980000000003
1159,10,client6,client6-785d875985-7h2n4,linkerd-init,0.0
1160,10,client4,client4-744474fb99-l8dcb,sidecar,820.6830000000009
1161,10,client4,client4-744474fb99-l8dcb,client4,823.1159999999991
1162,10,client4,client4-744474fb99-l8dcb,linkerd-proxy,823.1160000000018
1163,10,client4,client4-744474fb99-l8dcb,linkerd-init,0.0
1164,10,client17,client17-69b85b5ccf-s5vfl,client17,761.6609999999991
1165,10,client17,client17-69b85b5ccf-s5vfl,sidecar,696.219000000001
1166,10,client17,client17-69b85b5ccf-s5vfl,linkerd-proxy,759.4260000000004
1167,10,client17,client17-69b85b5ccf-s5vfl,linkerd-init,0.0
1168,10,client15,client15-79c969ddf-2qhl4,sidecar,914.7120000000014
1169,10,client15,client15-79c969ddf-2qhl4,client15,916.4639999999999
1170,10,client15,client15-79c969ddf-2qhl4,linkerd-proxy,916.2420000000002
1171,10,client15,client15-79c969ddf-2qhl4,linkerd-init,0.0
1172,10,client9,client9-d68fb99b4-8z6bk,linkerd-init,0.0
1173,10,client9,client9-d68fb99b4-8z6bk,sidecar,514.3319999999994
1174,10,client9,client9-d68fb99b4-8z6bk,client9,615.1560000000009
1175,10,client9,client9-d68fb99b4-8z6bk,linkerd-proxy,614.1810000000005
1176,10,client5,client5-7d5ff7f8b4-kb9w6,sidecar,515.2200000000003
1177,10,client5,client5-7d5ff7f8b4-kb9w6,client5,638.2649999999994
1178,10,client5,client5-7d5ff7f8b4-kb9w6,linkerd-init,0.0
1179,10,client5,client5-7d5ff7f8b4-kb9w6,linkerd-proxy,635.4840000000004
1180,10,client12,client12-79bc8d5846-zjq4m,client12,648.7530000000006
1181,10,client12,client12-79bc8d5846-zjq4m,sidecar,646.6889999999994
1182,10,client12,client12-79bc8d5846-zjq4m,linkerd-proxy,648.8429999999989
1183,10,client12,client12-79bc8d5846-zjq4m,linkerd-init,0.0
1184,10,client16,client16-6dc7f87f54-dsxvc,sidecar,717.9179999999997
1185,10,client16,client16-6dc7f87f54-dsxvc,client16,720.0840000000007
1186,10,client16,client16-6dc7f87f54-dsxvc,linkerd-proxy,720.0149999999976
1187,10,client16,client16-6dc7f87f54-dsxvc,linkerd-init,0.0
1188,10,client2,client2-86cd6d8cf7-phhhc,client2,739.0079999999998
1189,10,client2,client2-86cd6d8cf7-phhhc,linkerd-proxy,738.8520000000008
1190,10,client2,client2-86cd6d8cf7-phhhc,sidecar,737.5619999999999
1191,10,client2,client2-86cd6d8cf7-phhhc,linkerd-init,0.0
1192,10,client3,client3-58c68898cd-brlrb,linkerd-proxy,707.8379999999997
1193,10,client3,client3-58c68898cd-brlrb,sidecar,705.7259999999997
1194,10,client3,client3-58c68898cd-brlrb,linkerd-init,0.0
1195,10,client3,client3-58c68898cd-brlrb,client3,707.9429999999984
1196,10,client18,client18-69db77c748-wt4qr,sidecar,714.8309999999992
1197,10,client18,client18-69db77c748-wt4qr,client18,716.3699999999999
1198,10,client18,client18-69db77c748-wt4qr,linkerd-init,0.0
1199,10,client18,client18-69db77c748-wt4qr,linkerd-proxy,716.232
1200,10,client7,client7-544486cc98-v52bx,sidecar,683.9939999999988
1201,10,client7,client7-544486cc98-v52bx,linkerd-init,0.0
1202,10,client7,client7-544486cc98-v52bx,linkerd-proxy,685.0199999999986
1203,10,client7,client7-544486cc98-v52bx,client7,685.3859999999986
1204,10,client11,client11-565c48c7c7-v26s6,client11,795.6599999999999
1205,10,client11,client11-565c48c7c7-v26s6,sidecar,646.8270000000011
1206,10,client11,client11-565c48c7c7-v26s6,linkerd-proxy,795.4740000000002
1207,10,client11,client11-565c48c7c7-v26s6,linkerd-init,0.0
1208,10,client19,client19-56fccdb4d9-5x8ts,client19,706.7700000000004
1209,10,client19,client19-56fccdb4d9-5x8ts,sidecar,705.246000000001
1210,10,client19,client19-56fccdb4d9-5x8ts,linkerd-init,0.0
1211,10,client19,client19-56fccdb4d9-5x8ts,linkerd-proxy,706.527
1212,10,client1,client1-7b9db886dd-5dvgn,linkerd-proxy,673.8149999999996
1213,10,client1,client1-7b9db886dd-5dvgn,linkerd-init,0.0
1214,10,client13,client13-7bf86f4f87-z2vhg,linkerd-init,0.0
1215,10,client13,client13-7bf86f4f87-z2vhg,sidecar,522.1769999999997
1216,10,client13,client13-7bf86f4f87-z2vhg,client13,602.2860000000001
1217,10,client13,client13-7bf86f4f87-z2vhg,linkerd-proxy,598.2240000000002
1218,10,client20,client20-65f8864f77-tsjdt,linkerd-proxy,773.5410000000011
1219,10,client20,client20-65f8864f77-tsjdt,client20,773.7119999999995
1220,10,client20,client20-65f8864f77-tsjdt,sidecar,772.1699999999983
1221,10,client20,client20-65f8864f77-tsjdt,linkerd-init,0.0
1222,10,server,server-656f98b57f-8l82j,linkerd-proxy,465.85199999999895
1223,10,server,server-656f98b57f-8l82j,sidecar,379.4459999999999
1224,10,server,server-656f98b57f-8l82j,server,485.16599999999926
1225,10,client10,client10-694b6b97b4-7lkd7,linkerd-proxy,855.6810000000005
1226,10,client10,client10-694b6b97b4-7lkd7,sidecar,748.2600000000011
1227,10,client10,client10-694b6b97b4-7lkd7,client10,855.8009999999995
1228,10,orchestrator,policy-enforcer-cb8dccbd8-8tck9,policy-enforcer,329.058
1229,10,orchestrator,orchestrator-555f7b7c9d-zn2rf,orchestrator,286.9529999999995
1230,10,orchestrator,orchestrator-555f7b7c9d-zn2rf,sidecar,384.9960000000001
1231,10,api-gateway,api-gateway-6bf76d45b7-4g74g,api-gateway,448.85400000000027
1232,10,api-gateway,api-gateway-6bf76d45b7-4g74g,sidecar,370.96500000000015
1233,10,orchestrator,policy-enforcer-cb8dccbd8-8tck9,sidecar,405.9390000000003
1234,10,client1,client1-7b9db886dd-5dvgn,sidecar,603.4740000000002
1235,10,client1,client1-7b9db886dd-5dvgn,client1,674.3069999999989
1236,10,client17,maurits-dijk-23d3fcf8client171-4nldw,hfl-train-model,756.2730000000001
1237,10,client17,maurits-dijk-23d3fcf8client171-4nldw,sidecar,737.6700000000001
1238,10,client17,maurits-dijk-23d3fcf8client171-4nldw,hfl-train,894.8610000000008
1239,10,client9,maurits-dijk-23d3fcf8client91-q45t8,hfl-train-model,609.4530000000004
1240,10,client9,maurits-dijk-23d3fcf8client91-q45t8,hfl-train,727.1669999999995
1241,10,client9,maurits-dijk-23d3fcf8client91-q45t8,sidecar,536.3820000000005
1242,10,client5,maurits-dijk-23d3fcf8client51-f558h,hfl-train-model,632.7690000000002
1243,10,client5,maurits-dijk-23d3fcf8client51-f558h,sidecar,541.674
1244,10,client5,maurits-dijk-23d3fcf8client51-f558h,hfl-train,748.9470000000001
1245,10,client1,maurits-dijk-23d3fcf8client11-p27wv,sidecar,584.4899999999998
1246,10,client1,maurits-dijk-23d3fcf8client11-p27wv,hfl-train,795.0720000000001
1247,10,client1,maurits-dijk-23d3fcf8client11-p27wv,hfl-train-model,669.2880000000005
1248,10,client13,maurits-dijk-23d3fcf8client131-glgnl,sidecar,384.3149999999996
1249,10,client13,maurits-dijk-23d3fcf8client131-glgnl,hfl-train,779.6580000000013
1250,10,client13,maurits-dijk-23d3fcf8client131-glgnl,hfl-train-model,595.4369999999999
1251,10,server,maurits-dijk-23d3fcf8server1-6x7s2,sidecar,424.8779999999997
1252,10,server,maurits-dijk-23d3fcf8server1-6x7s2,hfl-train,461.5529999999999
1253,10,server,maurits-dijk-23d3fcf8server1-6x7s2,hfl-train-model,833.4150000000009
1254,11,server,server-656f98b57f-8l82j,linkerd-init,0.0
1255,11,client8,client8-5845965f99-9lw8q,sidecar,632.0069999999996
1256,11,client8,client8-5845965f99-9lw8q,client8,784.5930000000008
1257,11,client8,client8-5845965f99-9lw8q,linkerd-init,0.0
1258,11,client8,client8-5845965f99-9lw8q,linkerd-proxy,784.1759999999995
1259,11,client14,client14-856b5b5576-tflrl,sidecar,725.8649999999998
1260,11,client14,client14-856b5b5576-tflrl,linkerd-init,0.0
1261,11,client14,client14-856b5b5576-tflrl,client14,727.509
1262,11,client14,client14-856b5b5576-tflrl,linkerd-proxy,727.3289999999997
1263,11,client10,client10-694b6b97b4-7lkd7,linkerd-init,0.0
1264,11,api-gateway,api-gateway-6bf76d45b7-4g74g,linkerd-proxy,358.4460000000008
1265,11,orchestrator,orchestrator-555f7b7c9d-zn2rf,linkerd-init,0.0
1266,11,api-gateway,api-gateway-6bf76d45b7-4g74g,linkerd-init,0.0
1267,11,orchestrator,orchestrator-555f7b7c9d-zn2rf,linkerd-proxy,340.90199999999913
1268,11,orchestrator,policy-enforcer-cb8dccbd8-8tck9,linkerd-proxy,340.8239999999996
1269,11,orchestrator,policy-enforcer-cb8dccbd8-8tck9,linkerd-init,0.0
1270,11,client6,client6-785d875985-7h2n4,client6,815.5679999999993
1271,11,client6,client6-785d875985-7h2n4,linkerd-proxy,815.2530000000006
1272,11,client6,client6-785d875985-7h2n4,sidecar,813.3899999999994
1273,11,client6,client6-785d875985-7h2n4,linkerd-init,0.0
1274,11,client4,client4-744474fb99-l8dcb,sidecar,688.2929999999997
1275,11,client4,client4-744474fb99-l8dcb,client4,690.3870000000006
1276,11,client4,client4-744474fb99-l8dcb,linkerd-proxy,690.146999999999
1277,11,client4,client4-744474fb99-l8dcb,linkerd-init,0.0
1278,11,client17,client17-69b85b5ccf-s5vfl,client17,617.6369999999997
1279,11,client17,client17-69b85b5ccf-s5vfl,sidecar,570.4229999999989
1280,11,client17,client17-69b85b5ccf-s5vfl,linkerd-proxy,614.6189999999988
1281,11,client17,client17-69b85b5ccf-s5vfl,linkerd-init,0.0
1282,11,client15,client15-79c969ddf-2qhl4,sidecar,771.6539999999986
1283,11,client15,client15-79c969ddf-2qhl4,client15,773.1930000000029
1284,11,client15,client15-79c969ddf-2qhl4,linkerd-proxy,772.9979999999996
1285,11,client15,client15-79c969ddf-2qhl4,linkerd-init,0.0
1286,11,client9,client9-d68fb99b4-8z6bk,linkerd-init,0.0
1287,11,client9,client9-d68fb99b4-8z6bk,sidecar,657.723
1288,11,client9,client9-d68fb99b4-8z6bk,client9,736.0499999999993
1289,11,client9,client9-d68fb99b4-8z6bk,linkerd-proxy,735.4620000000004
1290,11,client5,client5-7d5ff7f8b4-kb9w6,sidecar,655.4249999999993
1291,11,client5,client5-7d5ff7f8b4-kb9w6,client5,750.8520000000008
1292,11,client5,client5-7d5ff7f8b4-kb9w6,linkerd-init,0.0
1293,11,client5,client5-7d5ff7f8b4-kb9w6,linkerd-proxy,748.1249999999982
1294,11,client12,client12-79bc8d5846-zjq4m,client12,813.5849999999991
1295,11,client12,client12-79bc8d5846-zjq4m,sidecar,811.2569999999996
1296,11,client12,client12-79bc8d5846-zjq4m,linkerd-proxy,813.3750000000018
1297,11,client12,client12-79bc8d5846-zjq4m,linkerd-init,0.0
1298,11,client16,client16-6dc7f87f54-dsxvc,sidecar,869.5860000000011
1299,11,client16,client16-6dc7f87f54-dsxvc,client16,871.976999999999
1300,11,client16,client16-6dc7f87f54-dsxvc,linkerd-proxy,871.7820000000011
1301,11,client16,client16-6dc7f87f54-dsxvc,linkerd-init,0.0
1302,11,client2,client2-86cd6d8cf7-phhhc,client2,841.6589999999997
1303,11,client2,client2-86cd6d8cf7-phhhc,linkerd-proxy,841.3169999999991
1304,11,client2,client2-86cd6d8cf7-phhhc,sidecar,839.8500000000004
1305,11,client2,client2-86cd6d8cf7-phhhc,linkerd-init,0.0
1306,11,client3,client3-58c68898cd-brlrb,linkerd-proxy,824.4480000000003
1307,11,client3,client3-58c68898cd-brlrb,sidecar,822.018
1308,11,client3,client3-58c68898cd-brlrb,linkerd-init,0.0
1309,11,client3,client3-58c68898cd-brlrb,client3,824.5380000000005
1310,11,client18,client18-69db77c748-wt4qr,sidecar,838.9380000000001
1311,11,client18,client18-69db77c748-wt4qr,client18,840.8670000000002
1312,11,client18,client18-69db77c748-wt4qr,linkerd-init,0.0
1313,11,client18,client18-69db77c748-wt4qr,linkerd-proxy,840.5429999999997
1314,11,client7,client7-544486cc98-v52bx,sidecar,848.991
1315,11,client7,client7-544486cc98-v52bx,linkerd-init,0.0
1316,11,client7,client7-544486cc98-v52bx,linkerd-proxy,850.2569999999996
1317,11,client7,client7-544486cc98-v52bx,client7,850.6800000000003
1318,11,client11,client11-565c48c7c7-v26s6,client11,849.0
1319,11,client11,client11-565c48c7c7-v26s6,sidecar,813.512999999999
1320,11,client11,client11-565c48c7c7-v26s6,linkerd-proxy,848.8320000000003
1321,11,client11,client11-565c48c7c7-v26s6,linkerd-init,0.0
1322,11,client19,client19-56fccdb4d9-5x8ts,client19,857.5560000000005
1323,11,client19,client19-56fccdb4d9-5x8ts,sidecar,855.5969999999998
1324,11,client19,client19-56fccdb4d9-5x8ts,linkerd-init,0.0
1325,11,client19,client19-56fccdb4d9-5x8ts,linkerd-proxy,857.223
1326,11,client1,client1-7b9db886dd-5dvgn,linkerd-proxy,785.3640000000005
1327,11,client1,client1-7b9db886dd-5dvgn,linkerd-init,0.0
1328,11,client13,client13-7bf86f4f87-z2vhg,linkerd-init,0.0
1329,11,client13,client13-7bf86f4f87-z2vhg,sidecar,702.2880000000005
1330,11,client13,client13-7bf86f4f87-z2vhg,client13,780.4590000000007
1331,11,client13,client13-7bf86f4f87-z2vhg,linkerd-proxy,777.9450000000006
1332,11,client20,client20-65f8864f77-tsjdt,linkerd-proxy,899.4749999999985
1333,11,client20,client20-65f8864f77-tsjdt,client20,899.7450000000008
1334,11,client20,client20-65f8864f77-tsjdt,sidecar,897.8910000000014
1335,11,client20,client20-65f8864f77-tsjdt,linkerd-init,0.0
1336,11,server,server-656f98b57f-8l82j,linkerd-proxy,462.3570000000009
1337,11,server,server-656f98b57f-8l82j,sidecar,421.73099999999886
1338,11,server,server-656f98b57f-8l82j,server,483.71400000000085
1339,11,client10,client10-694b6b97b4-7lkd7,linkerd-proxy,650.507999999998
1340,11,client10,client10-694b6b97b4-7lkd7,sidecar,524.6009999999997
1341,11,client10,client10-694b6b97b4-7lkd7,client10,650.5560000000005
1342,11,orchestrator,policy-enforcer-cb8dccbd8-8tck9,policy-enforcer,236.63700000000017
1343,11,orchestrator,orchestrator-555f7b7c9d-zn2rf,orchestrator,258.0720000000001
1344,11,orchestrator,orchestrator-555f7b7c9d-zn2rf,sidecar,321.14999999999964
1345,11,api-gateway,api-gateway-6bf76d45b7-4g74g,api-gateway,354.8759999999993
1346,11,api-gateway,api-gateway-6bf76d45b7-4g74g,sidecar,340.21799999999985
1347,11,orchestrator,policy-enforcer-cb8dccbd8-8tck9,sidecar,321.087
1348,11,client1,client1-7b9db886dd-5dvgn,sidecar,755.1359999999995
1349,11,client1,client1-7b9db886dd-5dvgn,client1,786.5100000000002
1350,11,client17,maurits-dijk-23d3fcf8client171-4nldw,hfl-train-model,611.9430000000002
1351,11,client17,maurits-dijk-23d3fcf8client171-4nldw,sidecar,602.5019999999995
1352,11,client17,maurits-dijk-23d3fcf8client171-4nldw,hfl-train,747.7530000000006
1353,11,client9,maurits-dijk-23d3fcf8client91-q45t8,hfl-train-model,729.5160000000005
1354,11,client9,maurits-dijk-23d3fcf8client91-q45t8,hfl-train,862.2990000000009
1355,11,client9,maurits-dijk-23d3fcf8client91-q45t8,sidecar,636.0420000000004
1356,11,client5,maurits-dijk-23d3fcf8client51-f558h,hfl-train-model,745.4610000000002
1357,11,client5,maurits-dijk-23d3fcf8client51-f558h,sidecar,681.4470000000001
1358,11,client5,maurits-dijk-23d3fcf8client51-f558h,hfl-train,862.6769999999997
1359,11,client1,maurits-dijk-23d3fcf8client11-p27wv,sidecar,694.1849999999995
1360,11,client1,maurits-dijk-23d3fcf8client11-p27wv,hfl-train,898.2030000000013
1361,11,client1,maurits-dijk-23d3fcf8client11-p27wv,hfl-train-model,780.7290000000003
1362,11,client13,maurits-dijk-23d3fcf8client131-glgnl,sidecar,575.697000000001
1363,11,client13,maurits-dijk-23d3fcf8client131-glgnl,hfl-train,946.6229999999996
1364,11,client13,maurits-dijk-23d3fcf8client131-glgnl,hfl-train-model,774.7679999999991
1365,11,server,maurits-dijk-23d3fcf8server1-6x7s2,sidecar,419.6099999999997
1366,11,server,maurits-dijk-23d3fcf8server1-6x7s2,hfl-train,457.60799999999927
1367,11,server,maurits-dijk-23d3fcf8server1-6x7s2,hfl-train-model,749.3579999999984
1368,12,server,server-656f98b57f-8l82j,linkerd-init,0.0
1369,12,client8,client8-5845965f99-9lw8q,sidecar,901.1399999999994
1370,12,client8,client8-5845965f99-9lw8q,client8,995.5440000000017
1371,12,client8,client8-5845965f99-9lw8q,linkerd-init,0.0
1372,12,client8,client8-5845965f99-9lw8q,linkerd-proxy,995.3070000000025
1373,12,client14,client14-856b5b5576-tflrl,sidecar,811.9589999999989
1374,12,client14,client14-856b5b5576-tflrl,linkerd-init,0.0
1375,12,client14,client14-856b5b5576-tflrl,client14,813.8880000000008
1376,12,client14,client14-856b5b5576-tflrl,linkerd-proxy,813.6599999999999
1377,12,client10,client10-694b6b97b4-7lkd7,linkerd-init,0.0
1378,12,api-gateway,api-gateway-6bf76d45b7-4g74g,linkerd-proxy,427.35599999999977
1379,12,orchestrator,orchestrator-555f7b7c9d-zn2rf,linkerd-init,0.0
1380,12,api-gateway,api-gateway-6bf76d45b7-4g74g,linkerd-init,0.0
1381,12,orchestrator,orchestrator-555f7b7c9d-zn2rf,linkerd-proxy,408.4499999999998
1382,12,orchestrator,policy-enforcer-cb8dccbd8-8tck9,linkerd-proxy,408.48299999999927
1383,12,orchestrator,policy-enforcer-cb8dccbd8-8tck9,linkerd-init,0.0
1384,12,client6,client6-785d875985-7h2n4,client6,796.5750000000007
1385,12,client6,client6-785d875985-7h2n4,linkerd-proxy,796.5300000000007
1386,12,client6,client6-785d875985-7h2n4,sidecar,794.0249999999996
1387,12,client6,client6-785d875985-7h2n4,linkerd-init,0.0
1388,12,client4,client4-744474fb99-l8dcb,sidecar,823.4099999999999
1389,12,client4,client4-744474fb99-l8dcb,client4,825.7230000000018
1390,12,client4,client4-744474fb99-l8dcb,linkerd-proxy,825.7829999999994
1391,12,client4,client4-744474fb99-l8dcb,linkerd-init,0.0
1392,12,client17,client17-69b85b5ccf-s5vfl,client17,724.884
1393,12,client17,client17-69b85b5ccf-s5vfl,sidecar,660.906
1394,12,client17,client17-69b85b5ccf-s5vfl,linkerd-proxy,722.5410000000011
1395,12,client17,client17-69b85b5ccf-s5vfl,linkerd-init,0.0
1396,12,client15,client15-79c969ddf-2qhl4,sidecar,912.2820000000011
1397,12,client15,client15-79c969ddf-2qhl4,client15,914.1839999999993
1398,12,client15,client15-79c969ddf-2qhl4,linkerd-proxy,914.0340000000015
1399,12,client15,client15-79c969ddf-2qhl4,linkerd-init,0.0
1400,12,client9,client9-d68fb99b4-8z6bk,linkerd-init,0.0
1401,12,client9,client9-d68fb99b4-8z6bk,sidecar,631.7280000000001
1402,12,client9,client9-d68fb99b4-8z6bk,client9,790.4519999999993
1403,12,client9,client9-d68fb99b4-8z6bk,linkerd-proxy,789.3449999999993
1404,12,client5,client5-7d5ff7f8b4-kb9w6,sidecar,584.9850000000006
1405,12,client5,client5-7d5ff7f8b4-kb9w6,client5,759.0180000000018
1406,12,client5,client5-7d5ff7f8b4-kb9w6,linkerd-init,0.0
1407,12,client5,client5-7d5ff7f8b4-kb9w6,linkerd-proxy,755.7960000000021
1408,12,client12,client12-79bc8d5846-zjq4m,client12,840.2340000000004
1409,12,client12,client12-79bc8d5846-zjq4m,sidecar,838.0049999999992
1410,12,client12,client12-79bc8d5846-zjq4m,linkerd-proxy,840.0660000000007
1411,12,client12,client12-79bc8d5846-zjq4m,linkerd-init,0.0
1412,12,client16,client16-6dc7f87f54-dsxvc,sidecar,738.8040000000001
1413,12,client16,client16-6dc7f87f54-dsxvc,client16,740.7300000000014
1414,12,client16,client16-6dc7f87f54-dsxvc,linkerd-proxy,740.7299999999996
1415,12,client16,client16-6dc7f87f54-dsxvc,linkerd-init,0.0
1416,12,client2,client2-86cd6d8cf7-phhhc,client2,737.241
1417,12,client2,client2-86cd6d8cf7-phhhc,linkerd-proxy,737.103000000001
1418,12,client2,client2-86cd6d8cf7-phhhc,sidecar,735.8040000000001
1419,12,client2,client2-86cd6d8cf7-phhhc,linkerd-init,0.0
1420,12,client3,client3-58c68898cd-brlrb,linkerd-proxy,722.7360000000008
1421,12,client3,client3-58c68898cd-brlrb,sidecar,720.6419999999998
1422,12,client3,client3-58c68898cd-brlrb,linkerd-init,0.0
1423,12,client3,client3-58c68898cd-brlrb,client3,722.7360000000008
1424,12,client18,client18-69db77c748-wt4qr,sidecar,728.2980000000007
1425,12,client18,client18-69db77c748-wt4qr,client18,729.7049999999999
1426,12,client18,client18-69db77c748-wt4qr,linkerd-init,0.0
1427,12,client18,client18-69db77c748-wt4qr,linkerd-proxy,729.6389999999992
1428,12,client7,client7-544486cc98-v52bx,sidecar,733.6650000000009
1429,12,client7,client7-544486cc98-v52bx,linkerd-init,0.0
1430,12,client7,client7-544486cc98-v52bx,linkerd-proxy,734.7870000000003
1431,12,client7,client7-544486cc98-v52bx,client7,735.0870000000014
1432,12,client11,client11-565c48c7c7-v26s6,client11,680.6579999999994
1433,12,client11,client11-565c48c7c7-v26s6,sidecar,648.9089999999997
1434,12,client11,client11-565c48c7c7-v26s6,linkerd-proxy,680.5469999999987
1435,12,client11,client11-565c48c7c7-v26s6,linkerd-init,0.0
1436,12,client19,client19-56fccdb4d9-5x8ts,client19,715.2510000000002
1437,12,client19,client19-56fccdb4d9-5x8ts,sidecar,713.6640000000007
1438,12,client19,client19-56fccdb4d9-5x8ts,linkerd-init,0.0
1439,12,client19,client19-56fccdb4d9-5x8ts,linkerd-proxy,715.143
1440,12,client1,client1-7b9db886dd-5dvgn,linkerd-proxy,616.8780000000006
1441,12,client1,client1-7b9db886dd-5dvgn,linkerd-init,0.0
1442,12,client13,client13-7bf86f4f87-z2vhg,linkerd-init,0.0
1443,12,client13,client13-7bf86f4f87-z2vhg,sidecar,515.4899999999989
1444,12,client13,client13-7bf86f4f87-z2vhg,client13,619.226999999999
1445,12,client13,client13-7bf86f4f87-z2vhg,linkerd-proxy,615.5729999999985
1446,12,client20,client20-65f8864f77-tsjdt,linkerd-proxy,709.9709999999995
1447,12,client20,client20-65f8864f77-tsjdt,client20,710.1599999999999
1448,12,client20,client20-65f8864f77-tsjdt,sidecar,708.5879999999997
1449,12,client20,client20-65f8864f77-tsjdt,linkerd-init,0.0
1450,12,server,server-656f98b57f-8l82j,linkerd-proxy,549.5039999999999
1451,12,server,server-656f98b57f-8l82j,sidecar,431.33700000000044
1452,12,server,server-656f98b57f-8l82j,server,565.6859999999997
1453,12,client10,client10-694b6b97b4-7lkd7,linkerd-proxy,846.0120000000006
1454,12,client10,client10-694b6b97b4-7lkd7,sidecar,665.5409999999993
1455,12,client10,client10-694b6b97b4-7lkd7,client10,846.1470000000008
1456,12,orchestrator,policy-enforcer-cb8dccbd8-8tck9,policy-enforcer,267.5999999999999
1457,12,orchestrator,orchestrator-555f7b7c9d-zn2rf,orchestrator,242.66400000000021
1458,12,orchestrator,orchestrator-555f7b7c9d-zn2rf,sidecar,350.2860000000005
1459,12,api-gateway,api-gateway-6bf76d45b7-4g74g,api-gateway,426.9810000000007
1460,12,api-gateway,api-gateway-6bf76d45b7-4g74g,sidecar,341.52000000000044
1461,12,orchestrator,policy-enforcer-cb8dccbd8-8tck9,sidecar,385.95899999999983
1462,12,client1,client1-7b9db886dd-5dvgn,sidecar,575.3040000000001
1463,12,client1,client1-7b9db886dd-5dvgn,client1,618.8310000000001
1464,12,client17,maurits-dijk-23d3fcf8client171-4nldw,hfl-train-model,719.4480000000003
1465,12,client17,maurits-dijk-23d3fcf8client171-4nldw,sidecar,688.134
1466,12,client17,maurits-dijk-23d3fcf8client171-4nldw,hfl-train,840.8489999999983
1467,12,client9,maurits-dijk-23d3fcf8client91-q45t8,hfl-train-model,783.2789999999986
1468,12,client9,maurits-dijk-23d3fcf8client91-q45t8,hfl-train,901.2120000000014
1469,12,client9,maurits-dijk-23d3fcf8client91-q45t8,sidecar,686.6489999999994
1470,12,client5,maurits-dijk-23d3fcf8client51-f558h,hfl-train-model,752.8230000000003
1471,12,client5,maurits-dijk-23d3fcf8client51-f558h,sidecar,644.2769999999991
1472,12,client5,maurits-dijk-23d3fcf8client51-f558h,hfl-train,871.3439999999991
1473,12,client1,maurits-dijk-23d3fcf8client11-p27wv,sidecar,539.6640000000007
1474,12,client1,maurits-dijk-23d3fcf8client11-p27wv,hfl-train,740.8889999999992
1475,12,client1,maurits-dijk-23d3fcf8client11-p27wv,hfl-train-model,611.8950000000004
1476,12,client13,maurits-dijk-23d3fcf8client131-glgnl,sidecar,484.4849999999997
1477,12,client13,maurits-dijk-23d3fcf8client131-glgnl,hfl-train,786.878999999999
1478,12,client13,maurits-dijk-23d3fcf8client131-glgnl,hfl-train-model,612.6180000000004
1479,12,server,maurits-dijk-23d3fcf8server1-6x7s2,sidecar,518.9880000000003
1480,12,server,maurits-dijk-23d3fcf8server1-6x7s2,hfl-train,544.9530000000004
1481,12,server,maurits-dijk-23d3fcf8server1-6x7s2,hfl-train-model,906.0870000000014
1482,13,server,server-656f98b57f-8l82j,linkerd-init,0.0
1483,13,client8,client8-5845965f99-9lw8q,sidecar,743.7510000000002
1484,13,client8,client8-5845965f99-9lw8q,client8,808.5629999999983
1485,13,client8,client8-5845965f99-9lw8q,linkerd-init,0.0
1486,13,client8,client8-5845965f99-9lw8q,linkerd-proxy,808.244999999999
1487,13,client14,client14-856b5b5576-tflrl,sidecar,666.9989999999998
1488,13,client14,client14-856b5b5576-tflrl,linkerd-init,0.0
1489,13,client14,client14-856b5b5576-tflrl,client14,668.4809999999998
1490,13,client14,client14-856b5b5576-tflrl,linkerd-proxy,668.369999999999
1491,13,client10,client10-694b6b97b4-7lkd7,linkerd-init,0.0
1492,13,api-gateway,api-gateway-6bf76d45b7-4g74g,linkerd-proxy,363.174
1493,13,orchestrator,orchestrator-555f7b7c9d-zn2rf,linkerd-init,0.0
1494,13,api-gateway,api-gateway-6bf76d45b7-4g74g,linkerd-init,0.0
1495,13,orchestrator,orchestrator-555f7b7c9d-zn2rf,linkerd-proxy,345.8730000000005
1496,13,orchestrator,policy-enforcer-cb8dccbd8-8tck9,linkerd-proxy,345.924
1497,13,orchestrator,policy-enforcer-cb8dccbd8-8tck9,linkerd-init,0.0
1498,13,client6,client6-785d875985-7h2n4,client6,721.5450000000001
1499,13,client6,client6-785d875985-7h2n4,linkerd-proxy,721.4549999999999
1500,13,client6,client6-785d875985-7h2n4,sidecar,719.5800000000017
1501,13,client6,client6-785d875985-7h2n4,linkerd-init,0.0
1502,13,client4,client4-744474fb99-l8dcb,sidecar,761.7090000000007
1503,13,client4,client4-744474fb99-l8dcb,client4,763.9109999999982
1504,13,client4,client4-744474fb99-l8dcb,linkerd-proxy,763.7759999999998
1505,13,client4,client4-744474fb99-l8dcb,linkerd-init,0.0
1506,13,client17,client17-69b85b5ccf-s5vfl,client17,657.3600000000006
1507,13,client17,client17-69b85b5ccf-s5vfl,sidecar,626.0550000000003
1508,13,client17,client17-69b85b5ccf-s5vfl,linkerd-proxy,652.7489999999998
1509,13,client17,client17-69b85b5ccf-s5vfl,linkerd-init,0.0
1510,13,client15,client15-79c969ddf-2qhl4,sidecar,772.5689999999995
1511,13,client15,client15-79c969ddf-2qhl4,client15,774.0059999999994
1512,13,client15,client15-79c969ddf-2qhl4,linkerd-proxy,773.9159999999993
1513,13,client15,client15-79c969ddf-2qhl4,linkerd-init,0.0
1514,13,client9,client9-d68fb99b4-8z6bk,linkerd-init,0.0
1515,13,client9,client9-d68fb99b4-8z6bk,sidecar,556.4070000000011
1516,13,client9,client9-d68fb99b4-8z6bk,client9,625.2720000000008
1517,13,client9,client9-d68fb99b4-8z6bk,linkerd-proxy,622.3109999999997
1518,13,client5,client5-7d5ff7f8b4-kb9w6,sidecar,564.4859999999999
1519,13,client5,client5-7d5ff7f8b4-kb9w6,client5,664.2299999999977
1520,13,client5,client5-7d5ff7f8b4-kb9w6,linkerd-init,0.0
1521,13,client5,client5-7d5ff7f8b4-kb9w6,linkerd-proxy,661.7519999999986
1522,13,client12,client12-79bc8d5846-zjq4m,client12,703.8510000000006
1523,13,client12,client12-79bc8d5846-zjq4m,sidecar,701.7810000000009
1524,13,client12,client12-79bc8d5846-zjq4m,linkerd-proxy,704.030999999999
1525,13,client12,client12-79bc8d5846-zjq4m,linkerd-init,0.0
1526,13,client16,client16-6dc7f87f54-dsxvc,sidecar,862.5419999999976
1527,13,client16,client16-6dc7f87f54-dsxvc,client16,864.8159999999989
1528,13,client16,client16-6dc7f87f54-dsxvc,linkerd-proxy,864.741
1529,13,client16,client16-6dc7f87f54-dsxvc,linkerd-init,0.0
1530,13,client2,client2-86cd6d8cf7-phhhc,client2,919.4040000000005
1531,13,client2,client2-86cd6d8cf7-phhhc,linkerd-proxy,919.3079999999973
1532,13,client2,client2-86cd6d8cf7-phhhc,sidecar,917.7420000000002
1533,13,client2,client2-86cd6d8cf7-phhhc,linkerd-init,0.0
1534,13,client3,client3-58c68898cd-brlrb,linkerd-proxy,895.7789999999986
1535,13,client3,client3-58c68898cd-brlrb,sidecar,893.1870000000017
1536,13,client3,client3-58c68898cd-brlrb,linkerd-init,0.0
1537,13,client3,client3-58c68898cd-brlrb,client3,895.7639999999992
1538,13,client18,client18-69db77c748-wt4qr,sidecar,820.7939999999999
1539,13,client18,client18-69db77c748-wt4qr,client18,822.5130000000008
1540,13,client18,client18-69db77c748-wt4qr,linkerd-init,0.0
1541,13,client18,client18-69db77c748-wt4qr,linkerd-proxy,822.2340000000004
1542,13,client7,client7-544486cc98-v52bx,sidecar,903.9569999999985
1543,13,client7,client7-544486cc98-v52bx,linkerd-init,0.0
1544,13,client7,client7-544486cc98-v52bx,linkerd-proxy,905.2860000000001
1545,13,client7,client7-544486cc98-v52bx,client7,905.7689999999984
1546,13,client11,client11-565c48c7c7-v26s6,client11,849.0450000000001
1547,13,client11,client11-565c48c7c7-v26s6,sidecar,763.206000000002
1548,13,client11,client11-565c48c7c7-v26s6,linkerd-proxy,848.7270000000026
1549,13,client11,client11-565c48c7c7-v26s6,linkerd-init,0.0
1550,13,client19,client19-56fccdb4d9-5x8ts,client19,861.3780000000006
1551,13,client19,client19-56fccdb4d9-5x8ts,sidecar,859.5060000000012
1552,13,client19,client19-56fccdb4d9-5x8ts,linkerd-init,0.0
1553,13,client19,client19-56fccdb4d9-5x8ts,linkerd-proxy,861.1920000000009
1554,13,client1,client1-7b9db886dd-5dvgn,linkerd-proxy,813.641999999998
1555,13,client1,client1-7b9db886dd-5dvgn,linkerd-init,0.0
1556,13,client13,client13-7bf86f4f87-z2vhg,linkerd-init,0.0
1557,13,client13,client13-7bf86f4f87-z2vhg,sidecar,609.960000000001
1558,13,client13,client13-7bf86f4f87-z2vhg,client13,780.6000000000004
1559,13,client13,client13-7bf86f4f87-z2vhg,linkerd-proxy,774.4020000000019
1560,13,client20,client20-65f8864f77-tsjdt,linkerd-proxy,839.8770000000004
1561,13,client20,client20-65f8864f77-tsjdt,client20,840.0390000000007
1562,13,client20,client20-65f8864f77-tsjdt,sidecar,838.1520000000019
1563,13,client20,client20-65f8864f77-tsjdt,linkerd-init,0.0
1564,13,server,server-656f98b57f-8l82j,linkerd-proxy,554.8530000000001
1565,13,server,server-656f98b57f-8l82j,sidecar,422.9250000000002
1566,13,server,server-656f98b57f-8l82j,server,570.174
1567,13,client10,client10-694b6b97b4-7lkd7,linkerd-proxy,660.4290000000019
1568,13,client10,client10-694b6b97b4-7lkd7,sidecar,579.7649999999994
1569,13,client10,client10-694b6b97b4-7lkd7,client10,660.6539999999986
1570,13,orchestrator,policy-enforcer-cb8dccbd8-8tck9,policy-enforcer,179.83500000000004
1571,13,orchestrator,orchestrator-555f7b7c9d-zn2rf,orchestrator,210.1199999999999
1572,13,orchestrator,orchestrator-555f7b7c9d-zn2rf,sidecar,281.6189999999997
1573,13,api-gateway,api-gateway-6bf76d45b7-4g74g,api-gateway,364.48199999999997
1574,13,api-gateway,api-gateway-6bf76d45b7-4g74g,sidecar,312.98399999999947
1575,13,orchestrator,policy-enforcer-cb8dccbd8-8tck9,sidecar,313.6409999999996
1576,13,client1,client1-7b9db886dd-5dvgn,sidecar,776.3220000000001
1577,13,client1,client1-7b9db886dd-5dvgn,client1,814.1490000000013
1578,13,client17,maurits-dijk-23d3fcf8client171-4nldw,hfl-train-model,649.8239999999987
1579,13,client17,maurits-dijk-23d3fcf8client171-4nldw,sidecar,625.9679999999989
1580,13,client17,maurits-dijk-23d3fcf8client171-4nldw,hfl-train,769.0349999999999
1581,13,client9,maurits-dijk-23d3fcf8client91-q45t8,hfl-train-model,616.8900000000012
1582,13,client9,maurits-dijk-23d3fcf8client91-q45t8,hfl-train,760.646999999999
1583,13,client9,maurits-dijk-23d3fcf8client91-q45t8,sidecar,464.07900000000063
1584,13,client5,maurits-dijk-23d3fcf8client51-f558h,hfl-train-model,659.369999999999
1585,13,client5,maurits-dijk-23d3fcf8client51-f558h,sidecar,617.6070000000018
1586,13,client5,maurits-dijk-23d3fcf8client51-f558h,hfl-train,773.726999999999
1587,13,client1,maurits-dijk-23d3fcf8client11-p27wv,sidecar,676.8240000000005
1588,13,client1,maurits-dijk-23d3fcf8client11-p27wv,hfl-train,937.9409999999989
1589,13,client1,maurits-dijk-23d3fcf8client11-p27wv,hfl-train-model,808.8839999999982
1590,13,client13,maurits-dijk-23d3fcf8client131-glgnl,sidecar,660.5010000000002
1591,13,client13,maurits-dijk-23d3fcf8client131-glgnl,hfl-train,941.9760000000006
1592,13,client13,maurits-dijk-23d3fcf8client131-glgnl,hfl-train-model,771.1380000000008
1593,13,server,maurits-dijk-23d3fcf8server1-6x7s2,sidecar,528.5460000000003
1594,13,server,maurits-dijk-23d3fcf8server1-6x7s2,hfl-train,550.491
1595,13,server,maurits-dijk-23d3fcf8server1-6x7s2,hfl-train-model,822.6419999999998
1596,14,server,server-656f98b57f-8l82j,linkerd-init,0.0
1597,14,client8,client8-5845965f99-9lw8q,sidecar,774.7260000000006
1598,14,client8,client8-5845965f99-9lw8q,client8,849.75
1599,14,client8,client8-5845965f99-9lw8q,linkerd-init,0.0
1600,14,client8,client8-5845965f99-9lw8q,linkerd-proxy,849.5640000000003
1601,14,client14,client14-856b5b5576-tflrl,sidecar,860.0519999999997
1602,14,client14,client14-856b5b5576-tflrl,linkerd-init,0.0
1603,14,client14,client14-856b5b5576-tflrl,client14,861.996000000001
1604,14,client14,client14-856b5b5576-tflrl,linkerd-proxy,861.8610000000008
1605,14,client10,client10-694b6b97b4-7lkd7,linkerd-init,0.0
1606,14,api-gateway,api-gateway-6bf76d45b7-4g74g,linkerd-proxy,426.0689999999995
1607,14,orchestrator,orchestrator-555f7b7c9d-zn2rf,linkerd-init,0.0
1608,14,api-gateway,api-gateway-6bf76d45b7-4g74g,linkerd-init,0.0
1609,14,orchestrator,orchestrator-555f7b7c9d-zn2rf,linkerd-proxy,406.59900000000107
1610,14,orchestrator,policy-enforcer-cb8dccbd8-8tck9,linkerd-proxy,406.563000000001
1611,14,orchestrator,policy-enforcer-cb8dccbd8-8tck9,linkerd-init,0.0
1612,14,client6,client6-785d875985-7h2n4,client6,808.098
1613,14,client6,client6-785d875985-7h2n4,linkerd-proxy,807.8399999999983
1614,14,client6,client6-785d875985-7h2n4,sidecar,805.5869999999995
1615,14,client6,client6-785d875985-7h2n4,linkerd-init,0.0
1616,14,client4,client4-744474fb99-l8dcb,sidecar,802.9979999999996
1617,14,client4,client4-744474fb99-l8dcb,client4,805.6500000000015
1618,14,client4,client4-744474fb99-l8dcb,linkerd-proxy,805.5749999999989
1619,14,client4,client4-744474fb99-l8dcb,linkerd-init,0.0
1620,14,client17,client17-69b85b5ccf-s5vfl,client17,794.121000000001
1621,14,client17,client17-69b85b5ccf-s5vfl,sidecar,717.5640000000003
1622,14,client17,client17-69b85b5ccf-s5vfl,linkerd-proxy,791.762999999999
1623,14,client17,client17-69b85b5ccf-s5vfl,linkerd-init,0.0
1624,14,client15,client15-79c969ddf-2qhl4,sidecar,906.1440000000002
1625,14,client15,client15-79c969ddf-2qhl4,client15,907.8899999999994
1626,14,client15,client15-79c969ddf-2qhl4,linkerd-proxy,907.6800000000003
1627,14,client15,client15-79c969ddf-2qhl4,linkerd-init,0.0
1628,14,client9,client9-d68fb99b4-8z6bk,linkerd-init,0.0
1629,14,client9,client9-d68fb99b4-8z6bk,sidecar,499.36199999999917
1630,14,client9,client9-d68fb99b4-8z6bk,client9,642.0750000000007
1631,14,client9,client9-d68fb99b4-8z6bk,linkerd-proxy,641.3580000000002
1632,14,client5,client5-7d5ff7f8b4-kb9w6,sidecar,558.8760000000002
1633,14,client5,client5-7d5ff7f8b4-kb9w6,client5,674.9400000000005
1634,14,client5,client5-7d5ff7f8b4-kb9w6,linkerd-init,0.0
1635,14,client5,client5-7d5ff7f8b4-kb9w6,linkerd-proxy,671.8050000000003
1636,14,client12,client12-79bc8d5846-zjq4m,client12,693.384
1637,14,client12,client12-79bc8d5846-zjq4m,sidecar,675.366
1638,14,client12,client12-79bc8d5846-zjq4m,linkerd-proxy,693.2939999999999
1639,14,client12,client12-79bc8d5846-zjq4m,linkerd-init,0.0
1640,14,client16,client16-6dc7f87f54-dsxvc,sidecar,667.4970000000012
1641,14,client16,client16-6dc7f87f54-dsxvc,client16,669.3150000000005
1642,14,client16,client16-6dc7f87f54-dsxvc,linkerd-proxy,669.1350000000002
1643,14,client16,client16-6dc7f87f54-dsxvc,linkerd-init,0.0
1644,14,client2,client2-86cd6d8cf7-phhhc,client2,784.2420000000002
1645,14,client2,client2-86cd6d8cf7-phhhc,linkerd-proxy,784.0980000000018
1646,14,client2,client2-86cd6d8cf7-phhhc,sidecar,782.7479999999996
1647,14,client2,client2-86cd6d8cf7-phhhc,linkerd-init,0.0
1648,14,client3,client3-58c68898cd-brlrb,linkerd-proxy,688.1039999999994
1649,14,client3,client3-58c68898cd-brlrb,sidecar,686.1029999999992
1650,14,client3,client3-58c68898cd-brlrb,linkerd-init,0.0
1651,14,client3,client3-58c68898cd-brlrb,client3,688.1490000000013
1652,14,client18,client18-69db77c748-wt4qr,sidecar,755.3700000000008
1653,14,client18,client18-69db77c748-wt4qr,client18,756.8790000000008
1654,14,client18,client18-69db77c748-wt4qr,linkerd-init,0.0
1655,14,client18,client18-69db77c748-wt4qr,linkerd-proxy,756.7050000000017
1656,14,client7,client7-544486cc98-v52bx,sidecar,698.8260000000009
1657,14,client7,client7-544486cc98-v52bx,linkerd-init,0.0
1658,14,client7,client7-544486cc98-v52bx,linkerd-proxy,699.9449999999997
1659,14,client7,client7-544486cc98-v52bx,client7,700.215000000002
1660,14,client11,client11-565c48c7c7-v26s6,client11,680.8619999999992
1661,14,client11,client11-565c48c7c7-v26s6,sidecar,619.5419999999995
1662,14,client11,client11-565c48c7c7-v26s6,linkerd-proxy,680.7959999999985
1663,14,client11,client11-565c48c7c7-v26s6,linkerd-init,0.0
1664,14,client19,client19-56fccdb4d9-5x8ts,client19,697.2780000000002
1665,14,client19,client19-56fccdb4d9-5x8ts,sidecar,695.634
1666,14,client19,client19-56fccdb4d9-5x8ts,linkerd-init,0.0
1667,14,client19,client19-56fccdb4d9-5x8ts,linkerd-proxy,697.0679999999993
1668,14,client1,client1-7b9db886dd-5dvgn,linkerd-proxy,674.7840000000015
1669,14,client1,client1-7b9db886dd-5dvgn,linkerd-init,0.0
1670,14,client13,client13-7bf86f4f87-z2vhg,linkerd-init,0.0
1671,14,client13,client13-7bf86f4f87-z2vhg,sidecar,519.6689999999999
1672,14,client13,client13-7bf86f4f87-z2vhg,client13,603.1769999999997
1673,14,client13,client13-7bf86f4f87-z2vhg,linkerd-proxy,600.5759999999991
1674,14,client20,client20-65f8864f77-tsjdt,linkerd-proxy,680.9130000000005
1675,14,client20,client20-65f8864f77-tsjdt,client20,681.0479999999989
1676,14,client20,client20-65f8864f77-tsjdt,sidecar,679.4639999999981
1677,14,client20,client20-65f8864f77-tsjdt,linkerd-init,0.0
1678,14,server,server-656f98b57f-8l82j,linkerd-proxy,471.72599999999966
1679,14,server,server-656f98b57f-8l82j,sidecar,365.6819999999998
1680,14,server,server-656f98b57f-8l82j,server,487.54200000000037
1681,14,client10,client10-694b6b97b4-7lkd7,linkerd-proxy,779.5019999999986
1682,14,client10,client10-694b6b97b4-7lkd7,sidecar,695.0820000000022
1683,14,client10,client10-694b6b97b4-7lkd7,client10,779.6700000000001
1684,14,orchestrator,policy-enforcer-cb8dccbd8-8tck9,policy-enforcer,233.01600000000008
1685,14,orchestrator,orchestrator-555f7b7c9d-zn2rf,orchestrator,229.79399999999987
1686,14,orchestrator,orchestrator-555f7b7c9d-zn2rf,sidecar,326.5559999999996
1687,14,api-gateway,api-gateway-6bf76d45b7-4g74g,api-gateway,430.0140000000001
1688,14,api-gateway,api-gateway-6bf76d45b7-4g74g,sidecar,334.4490000000005
1689,14,orchestrator,policy-enforcer-cb8dccbd8-8tck9,sidecar,364.1340000000009
1690,14,client1,client1-7b9db886dd-5dvgn,sidecar,633.5549999999985
1691,14,client1,client1-7b9db886dd-5dvgn,client1,675.239999999998
1692,14,client17,maurits-dijk-23d3fcf8client171-4nldw,hfl-train-model,788.7480000000014
1693,14,client17,maurits-dijk-23d3fcf8client171-4nldw,sidecar,752.3909999999996
1694,14,client17,maurits-dijk-23d3fcf8client171-4nldw,hfl-train,909.5520000000015
1695,14,client9,maurits-dijk-23d3fcf8client91-q45t8,hfl-train-model,635.4330000000009
1696,14,client9,maurits-dijk-23d3fcf8client91-q45t8,hfl-train,774.5909999999985
1697,14,client9,maurits-dijk-23d3fcf8client91-q45t8,sidecar,579.8220000000001
1698,14,client5,maurits-dijk-23d3fcf8client51-f558h,hfl-train-model,670.0199999999986
1699,14,client5,maurits-dijk-23d3fcf8client51-f558h,sidecar,598.2329999999984
1700,14,client5,maurits-dijk-23d3fcf8client51-f558h,hfl-train,787.4940000000006
1701,14,client1,maurits-dijk-23d3fcf8client11-p27wv,sidecar,591.3899999999994
1702,14,client1,maurits-dijk-23d3fcf8client11-p27wv,hfl-train,787.0710000000017
1703,14,client1,maurits-dijk-23d3fcf8client11-p27wv,hfl-train-model,669.5159999999996
1704,14,client13,maurits-dijk-23d3fcf8client131-glgnl,sidecar,558.6840000000002
1705,14,client13,maurits-dijk-23d3fcf8client131-glgnl,hfl-train,773.2710000000006
1706,14,client13,maurits-dijk-23d3fcf8client131-glgnl,hfl-train-model,597.1679999999997
1707,14,server,maurits-dijk-23d3fcf8server1-6x7s2,sidecar,448.884
1708,14,server,maurits-dijk-23d3fcf8server1-6x7s2,hfl-train,469.85100000000057
1709,14,server,maurits-dijk-23d3fcf8server1-6x7s2,hfl-train-model,832.4340000000011
1710,15,server,server-656f98b57f-8l82j,linkerd-init,0.0
1711,15,client8,client8-5845965f99-9lw8q,sidecar,574.2330000000002
1712,15,client8,client8-5845965f99-9lw8q,client8,656.9069999999992
1713,15,client8,client8-5845965f99-9lw8q,linkerd-init,0.0
1714,15,client8,client8-5845965f99-9lw8q,linkerd-proxy,656.871000000001
1715,15,client14,client14-856b5b5576-tflrl,sidecar,714.9899999999998
1716,15,client14,client14-856b5b5576-tflrl,linkerd-init,0.0
1717,15,client14,client14-856b5b5576-tflrl,client14,716.4809999999998
1718,15,client14,client14-856b5b5576-tflrl,linkerd-proxy,716.2289999999994
1719,15,client10,client10-694b6b97b4-7lkd7,linkerd-init,0.0
1720,15,api-gateway,api-gateway-6bf76d45b7-4g74g,linkerd-proxy,364.04100000000017
1721,15,orchestrator,orchestrator-555f7b7c9d-zn2rf,linkerd-init,0.0
1722,15,api-gateway,api-gateway-6bf76d45b7-4g74g,linkerd-init,0.0
1723,15,orchestrator,orchestrator-555f7b7c9d-zn2rf,linkerd-proxy,345.92099999999937
1724,15,orchestrator,policy-enforcer-cb8dccbd8-8tck9,linkerd-proxy,345.89400000000023
1725,15,orchestrator,policy-enforcer-cb8dccbd8-8tck9,linkerd-init,0.0
1726,15,client6,client6-785d875985-7h2n4,client6,649.4399999999987
1727,15,client6,client6-785d875985-7h2n4,linkerd-proxy,649.2750000000015
1728,15,client6,client6-785d875985-7h2n4,sidecar,647.1359999999986
1729,15,client6,client6-785d875985-7h2n4,linkerd-init,0.0
1730,15,client4,client4-744474fb99-l8dcb,sidecar,678.4889999999996
1731,15,client4,client4-744474fb99-l8dcb,client4,680.6999999999989
1732,15,client4,client4-744474fb99-l8dcb,linkerd-proxy,680.5650000000023
1733,15,client4,client4-744474fb99-l8dcb,linkerd-init,0.0
1734,15,client17,client17-69b85b5ccf-s5vfl,client17,625.5209999999988
1735,15,client17,client17-69b85b5ccf-s5vfl,sidecar,568.7879999999986
1736,15,client17,client17-69b85b5ccf-s5vfl,linkerd-proxy,623.1780000000017
1737,15,client17,client17-69b85b5ccf-s5vfl,linkerd-init,0.0
1738,15,client15,client15-79c969ddf-2qhl4,sidecar,723.5009999999984
1739,15,client15,client15-79c969ddf-2qhl4,client15,725.0580000000009
1740,15,client15,client15-79c969ddf-2qhl4,linkerd-proxy,724.7610000000004
1741,15,client15,client15-79c969ddf-2qhl4,linkerd-init,0.0
1742,15,client9,client9-d68fb99b4-8z6bk,linkerd-init,0.0
1743,15,client9,client9-d68fb99b4-8z6bk,sidecar,661.6620000000003
1744,15,client9,client9-d68fb99b4-8z6bk,client9,741.3659999999982
1745,15,client9,client9-d68fb99b4-8z6bk,linkerd-proxy,740.8860000000004
1746,15,client5,client5-7d5ff7f8b4-kb9w6,sidecar,732.0959999999995
1747,15,client5,client5-7d5ff7f8b4-kb9w6,client5,775.737000000001
1748,15,client5,client5-7d5ff7f8b4-kb9w6,linkerd-init,0.0
1749,15,client5,client5-7d5ff7f8b4-kb9w6,linkerd-proxy,772.0170000000016
1750,15,client12,client12-79bc8d5846-zjq4m,client12,874.7250000000004
1751,15,client12,client12-79bc8d5846-zjq4m,sidecar,852.1440000000002
1752,15,client12,client12-79bc8d5846-zjq4m,linkerd-proxy,874.6889999999985
1753,15,client12,client12-79bc8d5846-zjq4m,linkerd-init,0.0
1754,15,client16,client16-6dc7f87f54-dsxvc,sidecar,820.5750000000007
1755,15,client16,client16-6dc7f87f54-dsxvc,client16,822.860999999999
1756,15,client16,client16-6dc7f87f54-dsxvc,linkerd-proxy,822.8310000000001
1757,15,client16,client16-6dc7f87f54-dsxvc,linkerd-init,0.0
1758,15,client2,client2-86cd6d8cf7-phhhc,client2,847.893
1759,15,client2,client2-86cd6d8cf7-phhhc,linkerd-proxy,847.7369999999992
1760,15,client2,client2-86cd6d8cf7-phhhc,sidecar,846.0540000000019
1761,15,client2,client2-86cd6d8cf7-phhhc,linkerd-init,0.0
1762,15,client3,client3-58c68898cd-brlrb,linkerd-proxy,857.0190000000002
1763,15,client3,client3-58c68898cd-brlrb,sidecar,854.9490000000005
1764,15,client3,client3-58c68898cd-brlrb,linkerd-init,0.0
1765,15,client3,client3-58c68898cd-brlrb,client3,857.1209999999992
1766,15,client18,client18-69db77c748-wt4qr,sidecar,900.7769999999982
1767,15,client18,client18-69db77c748-wt4qr,client18,902.6189999999988
1768,15,client18,client18-69db77c748-wt4qr,linkerd-init,0.0
1769,15,client18,client18-69db77c748-wt4qr,linkerd-proxy,902.3879999999972
1770,15,client7,client7-544486cc98-v52bx,sidecar,864.4529999999995
1771,15,client7,client7-544486cc98-v52bx,linkerd-init,0.0
1772,15,client7,client7-544486cc98-v52bx,linkerd-proxy,865.8060000000005
1773,15,client7,client7-544486cc98-v52bx,client7,866.0849999999991
1774,15,client11,client11-565c48c7c7-v26s6,client11,805.4040000000023
1775,15,client11,client11-565c48c7c7-v26s6,sidecar,732.1409999999978
1776,15,client11,client11-565c48c7c7-v26s6,linkerd-proxy,805.3169999999991
1777,15,client11,client11-565c48c7c7-v26s6,linkerd-init,0.0
1778,15,client19,client19-56fccdb4d9-5x8ts,client19,822.8309999999983
1779,15,client19,client19-56fccdb4d9-5x8ts,sidecar,820.8839999999982
1780,15,client19,client19-56fccdb4d9-5x8ts,linkerd-init,0.0
1781,15,client19,client19-56fccdb4d9-5x8ts,linkerd-proxy,822.5879999999979
1782,15,client1,client1-7b9db886dd-5dvgn,linkerd-proxy,763.4700000000012
1783,15,client1,client1-7b9db886dd-5dvgn,linkerd-init,0.0
1784,15,client13,client13-7bf86f4f87-z2vhg,linkerd-init,0.0
1785,15,client13,client13-7bf86f4f87-z2vhg,sidecar,703.9710000000014
1786,15,client13,client13-7bf86f4f87-z2vhg,client13,760.9500000000007
1787,15,client13,client13-7bf86f4f87-z2vhg,linkerd-proxy,756.0959999999995
1788,15,client20,client20-65f8864f77-tsjdt,linkerd-proxy,815.496000000001
1789,15,client20,client20-65f8864f77-tsjdt,client20,815.6370000000006
1790,15,client20,client20-65f8864f77-tsjdt,sidecar,813.8700000000008
1791,15,client20,client20-65f8864f77-tsjdt,linkerd-init,0.0
1792,15,server,server-656f98b57f-8l82j,linkerd-proxy,497.5079999999998
1793,15,server,server-656f98b57f-8l82j,sidecar,415.4400000000005
1794,15,server,server-656f98b57f-8l82j,server,513.5249999999996
1795,15,client10,client10-694b6b97b4-7lkd7,linkerd-proxy,667.4369999999999
1796,15,client10,client10-694b6b97b4-7lkd7,sidecar,614.8979999999992
1797,15,client10,client10-694b6b97b4-7lkd7,client10,667.4069999999992
1798,15,orchestrator,policy-enforcer-cb8dccbd8-8tck9,policy-enforcer,230.29500000000007
1799,15,orchestrator,orchestrator-555f7b7c9d-zn2rf,orchestrator,261.6959999999999
1800,15,orchestrator,orchestrator-555f7b7c9d-zn2rf,sidecar,292.84800000000087
1801,15,api-gateway,api-gateway-6bf76d45b7-4g74g,api-gateway,359.21999999999935
1802,15,api-gateway,api-gateway-6bf76d45b7-4g74g,sidecar,345.09299999999985
1803,15,orchestrator,policy-enforcer-cb8dccbd8-8tck9,sidecar,292.7699999999995
1804,15,client1,client1-7b9db886dd-5dvgn,sidecar,728.139000000001
1805,15,client1,client1-7b9db886dd-5dvgn,client1,764.1270000000004
1806,15,client17,maurits-dijk-23d3fcf8client171-4nldw,hfl-train-model,620.2109999999993
1807,15,client17,maurits-dijk-23d3fcf8client171-4nldw,sidecar,608.715000000002
1808,15,client17,maurits-dijk-23d3fcf8client171-4nldw,hfl-train,748.1669999999995
1809,15,client9,maurits-dijk-23d3fcf8client91-q45t8,hfl-train-model,734.9549999999981
1810,15,client9,maurits-dijk-23d3fcf8client91-q45t8,hfl-train,857.3760000000002
1811,15,client9,maurits-dijk-23d3fcf8client91-q45t8,sidecar,570.4349999999995
1812,15,client5,maurits-dijk-23d3fcf8client51-f558h,hfl-train-model,770.010000000002
1813,15,client5,maurits-dijk-23d3fcf8client51-f558h,sidecar,705.2129999999997
1814,15,client5,maurits-dijk-23d3fcf8client51-f558h,hfl-train,884.0580000000009
1815,15,client1,maurits-dijk-23d3fcf8client11-p27wv,sidecar,660.7139999999999
1816,15,client1,maurits-dijk-23d3fcf8client11-p27wv,hfl-train,876.2309999999998
1817,15,client1,maurits-dijk-23d3fcf8client11-p27wv,hfl-train-model,758.1600000000017
1818,15,client13,maurits-dijk-23d3fcf8client131-glgnl,sidecar,685.3439999999982
1819,15,client13,maurits-dijk-23d3fcf8client131-glgnl,hfl-train,923.9789999999994
1820,15,client13,maurits-dijk-23d3fcf8client131-glgnl,hfl-train-model,752.9310000000005
1821,15,server,maurits-dijk-23d3fcf8server1-6x7s2,sidecar,469.9470000000001
1822,15,server,maurits-dijk-23d3fcf8server1-6x7s2,hfl-train,492.65099999999984
1823,15,server,maurits-dijk-23d3fcf8server1-6x7s2,hfl-train-model,766.4819999999982
1824,16,server,server-656f98b57f-8l82j,linkerd-init,0.0
1825,16,client8,client8-5845965f99-9lw8q,sidecar,732.3420000000006
1826,16,client8,client8-5845965f99-9lw8q,client8,833.6460000000006
1827,16,client8,client8-5845965f99-9lw8q,linkerd-init,0.0
1828,16,client8,client8-5845965f99-9lw8q,linkerd-proxy,833.5349999999999
1829,16,client14,client14-856b5b5576-tflrl,sidecar,858.885000000002
1830,16,client14,client14-856b5b5576-tflrl,linkerd-init,0.0
1831,16,client14,client14-856b5b5576-tflrl,client14,860.8889999999992
1832,16,client14,client14-856b5b5576-tflrl,linkerd-proxy,860.5860000000011
1833,16,client10,client10-694b6b97b4-7lkd7,linkerd-init,0.0
1834,16,api-gateway,api-gateway-6bf76d45b7-4g74g,linkerd-proxy,419.54399999999987
1835,16,orchestrator,orchestrator-555f7b7c9d-zn2rf,linkerd-init,0.0
1836,16,api-gateway,api-gateway-6bf76d45b7-4g74g,linkerd-init,0.0
1837,16,orchestrator,orchestrator-555f7b7c9d-zn2rf,linkerd-proxy,399.9270000000006
1838,16,orchestrator,policy-enforcer-cb8dccbd8-8tck9,linkerd-proxy,399.89400000000023
1839,16,orchestrator,policy-enforcer-cb8dccbd8-8tck9,linkerd-init,0.0
1840,16,client6,client6-785d875985-7h2n4,client6,843.0540000000001
1841,16,client6,client6-785d875985-7h2n4,linkerd-proxy,842.5439999999999
1842,16,client6,client6-785d875985-7h2n4,sidecar,840.1800000000003
1843,16,client6,client6-785d875985-7h2n4,linkerd-init,0.0
1844,16,client4,client4-744474fb99-l8dcb,sidecar,830.2049999999999
1845,16,client4,client4-744474fb99-l8dcb,client4,832.5329999999994
1846,16,client4,client4-744474fb99-l8dcb,linkerd-proxy,832.4129999999986
1847,16,client4,client4-744474fb99-l8dcb,linkerd-init,0.0
1848,16,client17,client17-69b85b5ccf-s5vfl,client17,733.8119999999999
1849,16,client17,client17-69b85b5ccf-s5vfl,sidecar,680.982
1850,16,client17,client17-69b85b5ccf-s5vfl,linkerd-proxy,728.6880000000001
1851,16,client17,client17-69b85b5ccf-s5vfl,linkerd-init,0.0
1852,16,client15,client15-79c969ddf-2qhl4,sidecar,929.9670000000006
1853,16,client15,client15-79c969ddf-2qhl4,client15,931.8359999999993
1854,16,client15,client15-79c969ddf-2qhl4,linkerd-proxy,931.4850000000006
1855,16,client15,client15-79c969ddf-2qhl4,linkerd-init,0.0
1856,16,client9,client9-d68fb99b4-8z6bk,linkerd-init,0.0
1857,16,client9,client9-d68fb99b4-8z6bk,sidecar,476.52299999999923
1858,16,client9,client9-d68fb99b4-8z6bk,client9,656.1870000000017
1859,16,client9,client9-d68fb99b4-8z6bk,linkerd-proxy,654.5159999999996
1860,16,client5,client5-7d5ff7f8b4-kb9w6,sidecar,475.3919999999998
1861,16,client5,client5-7d5ff7f8b4-kb9w6,client5,633.3089999999975
1862,16,client5,client5-7d5ff7f8b4-kb9w6,linkerd-init,0.0
1863,16,client5,client5-7d5ff7f8b4-kb9w6,linkerd-proxy,630.1829999999973
1864,16,client12,client12-79bc8d5846-zjq4m,client12,669.996000000001
1865,16,client12,client12-79bc8d5846-zjq4m,sidecar,668.2800000000007
1866,16,client12,client12-79bc8d5846-zjq4m,linkerd-proxy,669.6150000000016
1867,16,client12,client12-79bc8d5846-zjq4m,linkerd-init,0.0
1868,16,client16,client16-6dc7f87f54-dsxvc,sidecar,694.2479999999996
1869,16,client16,client16-6dc7f87f54-dsxvc,client16,696.1560000000009
1870,16,client16,client16-6dc7f87f54-dsxvc,linkerd-proxy,696.0630000000001
1871,16,client16,client16-6dc7f87f54-dsxvc,linkerd-init,0.0
1872,16,client2,client2-86cd6d8cf7-phhhc,client2,690.255000000001
1873,16,client2,client2-86cd6d8cf7-phhhc,linkerd-proxy,690.1020000000008
1874,16,client2,client2-86cd6d8cf7-phhhc,sidecar,688.7129999999997
1875,16,client2,client2-86cd6d8cf7-phhhc,linkerd-init,0.0
1876,16,client3,client3-58c68898cd-brlrb,linkerd-proxy,652.8360000000011
1877,16,client3,client3-58c68898cd-brlrb,sidecar,650.7839999999978
1878,16,client3,client3-58c68898cd-brlrb,linkerd-init,0.0
1879,16,client3,client3-58c68898cd-brlrb,client3,652.8359999999993
1880,16,client18,client18-69db77c748-wt4qr,sidecar,675.4740000000002
1881,16,client18,client18-69db77c748-wt4qr,client18,676.8510000000006
1882,16,client18,client18-69db77c748-wt4qr,linkerd-init,0.0
1883,16,client18,client18-69db77c748-wt4qr,linkerd-proxy,676.6920000000009
1884,16,client7,client7-544486cc98-v52bx,sidecar,752.598
1885,16,client7,client7-544486cc98-v52bx,linkerd-init,0.0
1886,16,client7,client7-544486cc98-v52bx,linkerd-proxy,753.777
1887,16,client7,client7-544486cc98-v52bx,client7,754.0949999999993
1888,16,client11,client11-565c48c7c7-v26s6,client11,709.8419999999987
1889,16,client11,client11-565c48c7c7-v26s6,sidecar,632.0490000000009
1890,16,client11,client11-565c48c7c7-v26s6,linkerd-proxy,709.7129999999997
1891,16,client11,client11-565c48c7c7-v26s6,linkerd-init,0.0
1892,16,client19,client19-56fccdb4d9-5x8ts,client19,672.3690000000006
1893,16,client19,client19-56fccdb4d9-5x8ts,sidecar,671.0370000000003
1894,16,client19,client19-56fccdb4d9-5x8ts,linkerd-init,0.0
1895,16,client19,client19-56fccdb4d9-5x8ts,linkerd-proxy,672.3030000000017
1896,16,client1,client1-7b9db886dd-5dvgn,linkerd-proxy,652.4129999999986
1897,16,client1,client1-7b9db886dd-5dvgn,linkerd-init,0.0
1898,16,client13,client13-7bf86f4f87-z2vhg,linkerd-init,0.0
1899,16,client13,client13-7bf86f4f87-z2vhg,sidecar,570.6899999999987
1900,16,client13,client13-7bf86f4f87-z2vhg,client13,611.3850000000002
1901,16,client13,client13-7bf86f4f87-z2vhg,linkerd-proxy,608.3580000000002
1902,16,client20,client20-65f8864f77-tsjdt,linkerd-proxy,746.3759999999984
1903,16,client20,client20-65f8864f77-tsjdt,client20,746.487000000001
1904,16,client20,client20-65f8864f77-tsjdt,sidecar,745.1100000000006
1905,16,client20,client20-65f8864f77-tsjdt,linkerd-init,0.0
1906,16,server,server-656f98b57f-8l82j,linkerd-proxy,572.2110000000011
1907,16,server,server-656f98b57f-8l82j,sidecar,440.3039999999992
1908,16,server,server-656f98b57f-8l82j,server,588.4860000000008
1909,16,client10,client10-694b6b97b4-7lkd7,linkerd-proxy,817.3289999999997
1910,16,client10,client10-694b6b97b4-7lkd7,sidecar,712.7880000000005
1911,16,client10,client10-694b6b97b4-7lkd7,client10,817.4190000000017
1912,16,orchestrator,policy-enforcer-cb8dccbd8-8tck9,policy-enforcer,219.8159999999998
1913,16,orchestrator,orchestrator-555f7b7c9d-zn2rf,orchestrator,207.26399999999967
1914,16,orchestrator,orchestrator-555f7b7c9d-zn2rf,sidecar,320.6129999999994
1915,16,api-gateway,api-gateway-6bf76d45b7-4g74g,api-gateway,411.9930000000004
1916,16,api-gateway,api-gateway-6bf76d45b7-4g74g,sidecar,309.8159999999998
1917,16,orchestrator,policy-enforcer-cb8dccbd8-8tck9,sidecar,358.35899999999947
1918,16,client1,client1-7b9db886dd-5dvgn,sidecar,592.8330000000005
1919,16,client1,client1-7b9db886dd-5dvgn,client1,651.4680000000008
1920,16,client17,maurits-dijk-23d3fcf8client171-4nldw,hfl-train-model,725.652
1921,16,client17,maurits-dijk-23d3fcf8client171-4nldw,sidecar,693.2189999999991
1922,16,client17,maurits-dijk-23d3fcf8client171-4nldw,hfl-train,857.5679999999993
1923,16,client9,maurits-dijk-23d3fcf8client91-q45t8,hfl-train-model,649.9500000000007
1924,16,client9,maurits-dijk-23d3fcf8client91-q45t8,hfl-train,787.4490000000005
1925,16,client9,maurits-dijk-23d3fcf8client91-q45t8,sidecar,552.0
1926,16,client5,maurits-dijk-23d3fcf8client51-f558h,hfl-train-model,627.5820000000003
1927,16,client5,maurits-dijk-23d3fcf8client51-f558h,sidecar,561.7139999999999
1928,16,client5,maurits-dijk-23d3fcf8client51-f558h,hfl-train,742.8209999999999
1929,16,client1,maurits-dijk-23d3fcf8client11-p27wv,sidecar,572.4869999999992
1930,16,client1,maurits-dijk-23d3fcf8client11-p27wv,hfl-train,763.8209999999999
1931,16,client1,maurits-dijk-23d3fcf8client11-p27wv,hfl-train-model,647.1360000000004
1932,16,client13,maurits-dijk-23d3fcf8client131-glgnl,sidecar,556.9680000000008
1933,16,client13,maurits-dijk-23d3fcf8client131-glgnl,hfl-train,773.114999999998
1934,16,client13,maurits-dijk-23d3fcf8client131-glgnl,hfl-train-model,605.2349999999988
1935,16,server,maurits-dijk-23d3fcf8server1-6x7s2,sidecar,502.97999999999956
1936,16,server,maurits-dijk-23d3fcf8server1-6x7s2,hfl-train,567.6090000000004
1937,16,server,maurits-dijk-23d3fcf8server1-6x7s2,hfl-train-model,937.0079999999998
1938,17,server,server-656f98b57f-8l82j,linkerd-init,0.0
1939,17,client8,client8-5845965f99-9lw8q,sidecar,723.0839999999989
1940,17,client8,client8-5845965f99-9lw8q,client8,724.3950000000004
1941,17,client8,client8-5845965f99-9lw8q,linkerd-init,0.0
1942,17,client8,client8-5845965f99-9lw8q,linkerd-proxy,724.2839999999997
1943,17,client14,client14-856b5b5576-tflrl,sidecar,639.9719999999979
1944,17,client14,client14-856b5b5576-tflrl,linkerd-init,0.0
1945,17,client14,client14-856b5b5576-tflrl,client14,641.616
1946,17,client14,client14-856b5b5576-tflrl,linkerd-proxy,641.2829999999994
1947,17,client10,client10-694b6b97b4-7lkd7,linkerd-init,0.0
1948,17,api-gateway,api-gateway-6bf76d45b7-4g74g,linkerd-proxy,352.6230000000005
1949,17,orchestrator,orchestrator-555f7b7c9d-zn2rf,linkerd-init,0.0
1950,17,api-gateway,api-gateway-6bf76d45b7-4g74g,linkerd-init,0.0
1951,17,orchestrator,orchestrator-555f7b7c9d-zn2rf,linkerd-proxy,334.7039999999988
1952,17,orchestrator,policy-enforcer-cb8dccbd8-8tck9,linkerd-proxy,334.6259999999993
1953,17,orchestrator,policy-enforcer-cb8dccbd8-8tck9,linkerd-init,0.0
1954,17,client6,client6-785d875985-7h2n4,client6,749.4449999999997
1955,17,client6,client6-785d875985-7h2n4,linkerd-proxy,749.0370000000003
1956,17,client6,client6-785d875985-7h2n4,sidecar,747.5339999999997
1957,17,client6,client6-785d875985-7h2n4,linkerd-init,0.0
1958,17,client4,client4-744474fb99-l8dcb,sidecar,682.5029999999988
1959,17,client4,client4-744474fb99-l8dcb,client4,684.7139999999999
1960,17,client4,client4-744474fb99-l8dcb,linkerd-proxy,684.6959999999999
1961,17,client4,client4-744474fb99-l8dcb,linkerd-init,0.0
1962,17,client17,client17-69b85b5ccf-s5vfl,client17,624.1650000000009
1963,17,client17,client17-69b85b5ccf-s5vfl,sidecar,555.9510000000009
1964,17,client17,client17-69b85b5ccf-s5vfl,linkerd-proxy,620.4509999999991
1965,17,client17,client17-69b85b5ccf-s5vfl,linkerd-init,0.0
1966,17,client15,client15-79c969ddf-2qhl4,sidecar,740.0849999999991
1967,17,client15,client15-79c969ddf-2qhl4,client15,741.5519999999997
1968,17,client15,client15-79c969ddf-2qhl4,linkerd-proxy,741.2489999999998
1969,17,client15,client15-79c969ddf-2qhl4,linkerd-init,0.0
1970,17,client9,client9-d68fb99b4-8z6bk,linkerd-init,0.0
1971,17,client9,client9-d68fb99b4-8z6bk,sidecar,568.4400000000005
1972,17,client9,client9-d68fb99b4-8z6bk,client9,708.6329999999998
1973,17,client9,client9-d68fb99b4-8z6bk,linkerd-proxy,707.4359999999997
1974,17,client5,client5-7d5ff7f8b4-kb9w6,sidecar,692.6100000000006
1975,17,client5,client5-7d5ff7f8b4-kb9w6,client5,761.1420000000016
1976,17,client5,client5-7d5ff7f8b4-kb9w6,linkerd-init,0.0
1977,17,client5,client5-7d5ff7f8b4-kb9w6,linkerd-proxy,756.210000000001
1978,17,client12,client12-79bc8d5846-zjq4m,client12,877.8599999999988
1979,17,client12,client12-79bc8d5846-zjq4m,sidecar,875.6309999999994
1980,17,client12,client12-79bc8d5846-zjq4m,linkerd-proxy,877.976999999999
1981,17,client12,client12-79bc8d5846-zjq4m,linkerd-init,0.0
1982,17,client16,client16-6dc7f87f54-dsxvc,sidecar,867.1319999999996
1983,17,client16,client16-6dc7f87f54-dsxvc,client16,869.3310000000001
1984,17,client16,client16-6dc7f87f54-dsxvc,linkerd-proxy,869.1329999999998
1985,17,client16,client16-6dc7f87f54-dsxvc,linkerd-init,0.0
1986,17,client2,client2-86cd6d8cf7-phhhc,client2,831.1350000000002
1987,17,client2,client2-86cd6d8cf7-phhhc,linkerd-proxy,830.8439999999991
1988,17,client2,client2-86cd6d8cf7-phhhc,sidecar,829.1759999999995
1989,17,client2,client2-86cd6d8cf7-phhhc,linkerd-init,0.0
1990,17,client3,client3-58c68898cd-brlrb,linkerd-proxy,832.1429999999982
1991,17,client3,client3-58c68898cd-brlrb,sidecar,829.6230000000014
1992,17,client3,client3-58c68898cd-brlrb,linkerd-init,0.0
1993,17,client3,client3-58c68898cd-brlrb,client3,832.2840000000015
1994,17,client18,client18-69db77c748-wt4qr,sidecar,842.0730000000003
1995,17,client18,client18-69db77c748-wt4qr,client18,843.9419999999991
1996,17,client18,client18-69db77c748-wt4qr,linkerd-init,0.0
1997,17,client18,client18-69db77c748-wt4qr,linkerd-proxy,843.6000000000004
1998,17,client7,client7-544486cc98-v52bx,sidecar,859.6830000000009
1999,17,client7,client7-544486cc98-v52bx,linkerd-init,0.0
2000,17,client7,client7-544486cc98-v52bx,linkerd-proxy,861.0869999999995
2001,17,client7,client7-544486cc98-v52bx,client7,861.3869999999988
2002,17,client11,client11-565c48c7c7-v26s6,client11,910.3199999999997
2003,17,client11,client11-565c48c7c7-v26s6,sidecar,739.884
2004,17,client11,client11-565c48c7c7-v26s6,linkerd-proxy,910.1940000000013
2005,17,client11,client11-565c48c7c7-v26s6,linkerd-init,0.0
2006,17,client19,client19-56fccdb4d9-5x8ts,client19,781.0470000000005
2007,17,client19,client19-56fccdb4d9-5x8ts,sidecar,779.1930000000011
2008,17,client19,client19-56fccdb4d9-5x8ts,linkerd-init,0.0
2009,17,client19,client19-56fccdb4d9-5x8ts,linkerd-proxy,780.7860000000001
2010,17,client1,client1-7b9db886dd-5dvgn,linkerd-proxy,778.7909999999993
2011,17,client1,client1-7b9db886dd-5dvgn,linkerd-init,0.0
2012,17,client13,client13-7bf86f4f87-z2vhg,linkerd-init,0.0
2013,17,client13,client13-7bf86f4f87-z2vhg,sidecar,719.652
2014,17,client13,client13-7bf86f4f87-z2vhg,client13,750.3209999999999
2015,17,client13,client13-7bf86f4f87-z2vhg,linkerd-proxy,746.7089999999989
2016,17,client20,client20-65f8864f77-tsjdt,linkerd-proxy,837.0630000000001
2017,17,client20,client20-65f8864f77-tsjdt,client20,837.3569999999982
2018,17,client20,client20-65f8864f77-tsjdt,sidecar,835.4429999999975
2019,17,client20,client20-65f8864f77-tsjdt,linkerd-init,0.0
2020,17,server,server-656f98b57f-8l82j,linkerd-proxy,485.0249999999978
2021,17,server,server-656f98b57f-8l82j,sidecar,394.866
2022,17,server,server-656f98b57f-8l82j,server,502.22699999999895
2023,17,client10,client10-694b6b97b4-7lkd7,linkerd-proxy,683.9970000000012
2024,17,client10,client10-694b6b97b4-7lkd7,sidecar,619.7219999999998
2025,17,client10,client10-694b6b97b4-7lkd7,client10,683.9279999999981
2026,17,orchestrator,policy-enforcer-cb8dccbd8-8tck9,policy-enforcer,289.9440000000004
2027,17,orchestrator,orchestrator-555f7b7c9d-zn2rf,orchestrator,272.90100000000075
2028,17,orchestrator,orchestrator-555f7b7c9d-zn2rf,sidecar,326.4210000000003
2029,17,api-gateway,api-gateway-6bf76d45b7-4g74g,api-gateway,363.6390000000001
2030,17,api-gateway,api-gateway-6bf76d45b7-4g74g,sidecar,333.90900000000056
2031,17,orchestrator,policy-enforcer-cb8dccbd8-8tck9,sidecar,326.3760000000002
2032,17,client1,client1-7b9db886dd-5dvgn,sidecar,747.4470000000001
2033,17,client1,client1-7b9db886dd-5dvgn,client1,779.4930000000004
2034,17,client17,maurits-dijk-23d3fcf8client171-4nldw,hfl-train-model,617.5740000000005
2035,17,client17,maurits-dijk-23d3fcf8client171-4nldw,sidecar,605.0190000000002
2036,17,client17,maurits-dijk-23d3fcf8client171-4nldw,hfl-train,733.0259999999998
2037,17,client9,maurits-dijk-23d3fcf8client91-q45t8,hfl-train-model,701.8799999999992
2038,17,client9,maurits-dijk-23d3fcf8client91-q45t8,hfl-train,818.7510000000002
2039,17,client9,maurits-dijk-23d3fcf8client91-q45t8,sidecar,583.1700000000001
2040,17,client5,maurits-dijk-23d3fcf8client51-f558h,hfl-train-model,753.7139999999981
2041,17,client5,maurits-dijk-23d3fcf8client51-f558h,sidecar,669.2220000000016
2042,17,client5,maurits-dijk-23d3fcf8client51-f558h,hfl-train,873.6929999999993
2043,17,client1,maurits-dijk-23d3fcf8client11-p27wv,sidecar,674.0070000000014
2044,17,client1,maurits-dijk-23d3fcf8client11-p27wv,hfl-train,890.6010000000006
2045,17,client1,maurits-dijk-23d3fcf8client11-p27wv,hfl-train-model,773.3339999999989
2046,17,client13,maurits-dijk-23d3fcf8client131-glgnl,sidecar,684.0420000000013
2047,17,client13,maurits-dijk-23d3fcf8client131-glgnl,hfl-train,913.5480000000007
2048,17,client13,maurits-dijk-23d3fcf8client131-glgnl,hfl-train-model,743.4899999999998
2049,17,server,maurits-dijk-23d3fcf8server1-6x7s2,sidecar,437.9130000000014
2050,17,server,maurits-dijk-23d3fcf8server1-6x7s2,hfl-train,479.5139999999992
2051,17,server,maurits-dijk-23d3fcf8server1-6x7s2,hfl-train-model,762.5669999999991
2052,18,server,server-656f98b57f-8l82j,linkerd-init,0.0
2053,18,client8,client8-5845965f99-9lw8q,sidecar,835.7759999999998
2054,18,client8,client8-5845965f99-9lw8q,client8,837.4650000000001
2055,18,client8,client8-5845965f99-9lw8q,linkerd-init,0.0
2056,18,client8,client8-5845965f99-9lw8q,linkerd-proxy,837.0720000000001
2057,18,client14,client14-856b5b5576-tflrl,sidecar,842.733000000002
2058,18,client14,client14-856b5b5576-tflrl,linkerd-init,0.0
2059,18,client14,client14-856b5b5576-tflrl,client14,844.7399999999998
2060,18,client14,client14-856b5b5576-tflrl,linkerd-proxy,844.4249999999993
2061,18,client10,client10-694b6b97b4-7lkd7,linkerd-init,0.0
2062,18,api-gateway,api-gateway-6bf76d45b7-4g74g,linkerd-proxy,429.77399999999943
2063,18,orchestrator,orchestrator-555f7b7c9d-zn2rf,linkerd-init,0.0
2064,18,api-gateway,api-gateway-6bf76d45b7-4g74g,linkerd-init,0.0
2065,18,orchestrator,orchestrator-555f7b7c9d-zn2rf,linkerd-proxy,410.7990000000009
2066,18,orchestrator,policy-enforcer-cb8dccbd8-8tck9,linkerd-proxy,410.8890000000001
2067,18,orchestrator,policy-enforcer-cb8dccbd8-8tck9,linkerd-init,0.0
2068,18,client6,client6-785d875985-7h2n4,client6,842.9160000000011
2069,18,client6,client6-785d875985-7h2n4,linkerd-proxy,842.8559999999998
2070,18,client6,client6-785d875985-7h2n4,sidecar,840.5760000000009
2071,18,client6,client6-785d875985-7h2n4,linkerd-init,0.0
2072,18,client4,client4-744474fb99-l8dcb,sidecar,714.7440000000006
2073,18,client4,client4-744474fb99-l8dcb,client4,716.9249999999993
2074,18,client4,client4-744474fb99-l8dcb,linkerd-proxy,716.880000000001
2075,18,client4,client4-744474fb99-l8dcb,linkerd-init,0.0
2076,18,client17,client17-69b85b5ccf-s5vfl,client17,685.3319999999985
2077,18,client17,client17-69b85b5ccf-s5vfl,sidecar,606.7169999999987
2078,18,client17,client17-69b85b5ccf-s5vfl,linkerd-proxy,682.3170000000009
2079,18,client17,client17-69b85b5ccf-s5vfl,linkerd-init,0.0
2080,18,client15,client15-79c969ddf-2qhl4,sidecar,792.8640000000014
2081,18,client15,client15-79c969ddf-2qhl4,client15,794.2860000000001
2082,18,client15,client15-79c969ddf-2qhl4,linkerd-proxy,794.1180000000004
2083,18,client15,client15-79c969ddf-2qhl4,linkerd-init,0.0
2084,18,client9,client9-d68fb99b4-8z6bk,linkerd-init,0.0
2085,18,client9,client9-d68fb99b4-8z6bk,sidecar,563.7480000000014
2086,18,client9,client9-d68fb99b4-8z6bk,client9,659.5019999999986
2087,18,client9,client9-d68fb99b4-8z6bk,linkerd-proxy,658.3829999999998
2088,18,client5,client5-7d5ff7f8b4-kb9w6,sidecar,562.4189999999999
2089,18,client5,client5-7d5ff7f8b4-kb9w6,client5,692.2379999999994
2090,18,client5,client5-7d5ff7f8b4-kb9w6,linkerd-init,0.0
2091,18,client5,client5-7d5ff7f8b4-kb9w6,linkerd-proxy,687.4500000000007
2092,18,client12,client12-79bc8d5846-zjq4m,client12,750.9390000000003
2093,18,client12,client12-79bc8d5846-zjq4m,sidecar,749.3549999999996
2094,18,client12,client12-79bc8d5846-zjq4m,linkerd-proxy,750.8490000000002
2095,18,client12,client12-79bc8d5846-zjq4m,linkerd-init,0.0
2096,18,client16,client16-6dc7f87f54-dsxvc,sidecar,691.6920000000009
2097,18,client16,client16-6dc7f87f54-dsxvc,client16,693.5460000000003
2098,18,client16,client16-6dc7f87f54-dsxvc,linkerd-proxy,693.366
2099,18,client16,client16-6dc7f87f54-dsxvc,linkerd-init,0.0
2100,18,client2,client2-86cd6d8cf7-phhhc,client2,714.1829999999991
2101,18,client2,client2-86cd6d8cf7-phhhc,linkerd-proxy,713.9490000000005
2102,18,client2,client2-86cd6d8cf7-phhhc,sidecar,712.5509999999995
2103,18,client2,client2-86cd6d8cf7-phhhc,linkerd-init,0.0
2104,18,client3,client3-58c68898cd-brlrb,linkerd-proxy,667.9740000000002
2105,18,client3,client3-58c68898cd-brlrb,sidecar,665.8289999999997
2106,18,client3,client3-58c68898cd-brlrb,linkerd-init,0.0
2107,18,client3,client3-58c68898cd-brlrb,client3,667.9140000000007
2108,18,client18,client18-69db77c748-wt4qr,sidecar,768.6360000000004
2109,18,client18,client18-69db77c748-wt4qr,client18,770.3880000000008
2110,18,client18,client18-69db77c748-wt4qr,linkerd-init,0.0
2111,18,client18,client18-69db77c748-wt4qr,linkerd-proxy,769.9680000000008
2112,18,client7,client7-544486cc98-v52bx,sidecar,689.4119999999984
2113,18,client7,client7-544486cc98-v52bx,linkerd-init,0.0
2114,18,client7,client7-544486cc98-v52bx,linkerd-proxy,690.6090000000004
2115,18,client7,client7-544486cc98-v52bx,client7,690.8190000000013
2116,18,client11,client11-565c48c7c7-v26s6,client11,684.4860000000008
2117,18,client11,client11-565c48c7c7-v26s6,sidecar,573.9120000000003
2118,18,client11,client11-565c48c7c7-v26s6,linkerd-proxy,684.3089999999993
2119,18,client11,client11-565c48c7c7-v26s6,linkerd-init,0.0
2120,18,client19,client19-56fccdb4d9-5x8ts,client19,667.8899999999994
2121,18,client19,client19-56fccdb4d9-5x8ts,sidecar,666.3479999999981
2122,18,client19,client19-56fccdb4d9-5x8ts,linkerd-init,0.0
2123,18,client19,client19-56fccdb4d9-5x8ts,linkerd-proxy,667.6769999999997
2124,18,client1,client1-7b9db886dd-5dvgn,linkerd-proxy,729.996000000001
2125,18,client1,client1-7b9db886dd-5dvgn,linkerd-init,0.0
2126,18,client13,client13-7bf86f4f87-z2vhg,linkerd-init,0.0
2127,18,client13,client13-7bf86f4f87-z2vhg,sidecar,585.3179999999993
2128,18,client13,client13-7bf86f4f87-z2vhg,client13,615.3029999999981
2129,18,client13,client13-7bf86f4f87-z2vhg,linkerd-proxy,611.1450000000023
2130,18,client20,client20-65f8864f77-tsjdt,linkerd-proxy,695.8170000000009
2131,18,client20,client20-65f8864f77-tsjdt,client20,696.0960000000014
2132,18,client20,client20-65f8864f77-tsjdt,sidecar,694.5840000000026
2133,18,client20,client20-65f8864f77-tsjdt,linkerd-init,0.0
2134,18,server,server-656f98b57f-8l82j,linkerd-proxy,568.0200000000004
2135,18,server,server-656f98b57f-8l82j,sidecar,488.8169999999991
2136,18,server,server-656f98b57f-8l82j,server,583.152
2137,18,client10,client10-694b6b97b4-7lkd7,linkerd-proxy,767.4809999999998
2138,18,client10,client10-694b6b97b4-7lkd7,sidecar,651.0659999999989
2139,18,client10,client10-694b6b97b4-7lkd7,client10,767.6640000000007
2140,18,orchestrator,policy-enforcer-cb8dccbd8-8tck9,policy-enforcer,250.60799999999927
2141,18,orchestrator,orchestrator-555f7b7c9d-zn2rf,orchestrator,263.9489999999996
2142,18,orchestrator,orchestrator-555f7b7c9d-zn2rf,sidecar,377.91899999999987
2143,18,api-gateway,api-gateway-6bf76d45b7-4g74g,api-gateway,435.6269999999995
2144,18,api-gateway,api-gateway-6bf76d45b7-4g74g,sidecar,339.128999999999
2145,18,orchestrator,policy-enforcer-cb8dccbd8-8tck9,sidecar,366.558
2146,18,client1,client1-7b9db886dd-5dvgn,sidecar,671.5319999999992
2147,18,client1,client1-7b9db886dd-5dvgn,client1,731.277
2148,18,client17,maurits-dijk-23d3fcf8client171-4nldw,hfl-train-model,679.4999999999982
2149,18,client17,maurits-dijk-23d3fcf8client171-4nldw,sidecar,629.3429999999989
2150,18,client17,maurits-dijk-23d3fcf8client171-4nldw,hfl-train,809.1299999999992
2151,18,client9,maurits-dijk-23d3fcf8client91-q45t8,hfl-train-model,654.1920000000009
2152,18,client9,maurits-dijk-23d3fcf8client91-q45t8,hfl-train,791.4809999999998
2153,18,client9,maurits-dijk-23d3fcf8client91-q45t8,sidecar,555.8279999999995
2154,18,client5,maurits-dijk-23d3fcf8client51-f558h,hfl-train-model,685.2210000000014
2155,18,client5,maurits-dijk-23d3fcf8client51-f558h,sidecar,601.9259999999977
2156,18,client5,maurits-dijk-23d3fcf8client51-f558h,hfl-train,799.8960000000006
2157,18,client1,maurits-dijk-23d3fcf8client11-p27wv,sidecar,595.3950000000004
2158,18,client1,maurits-dijk-23d3fcf8client11-p27wv,hfl-train,866.6339999999982
2159,18,client1,maurits-dijk-23d3fcf8client11-p27wv,hfl-train-model,724.4459999999999
2160,18,client13,maurits-dijk-23d3fcf8client131-glgnl,sidecar,462.0119999999988
2161,18,client13,maurits-dijk-23d3fcf8client131-glgnl,hfl-train,778.527
2162,18,client13,maurits-dijk-23d3fcf8client131-glgnl,hfl-train-model,608.0580000000009
2163,18,server,maurits-dijk-23d3fcf8server1-6x7s2,sidecar,539.8559999999998
2164,18,server,maurits-dijk-23d3fcf8server1-6x7s2,hfl-train,564.4200000000001
2165,18,server,maurits-dijk-23d3fcf8server1-6x7s2,hfl-train-model,877.5330000000013
2166,19,server,server-656f98b57f-8l82j,linkerd-init,0.0
2167,19,client8,client8-5845965f99-9lw8q,sidecar,679.9800000000014
2168,19,client8,client8-5845965f99-9lw8q,client8,681.4140000000007
2169,19,client8,client8-5845965f99-9lw8q,linkerd-init,0.0
2170,19,client8,client8-5845965f99-9lw8q,linkerd-proxy,681.1679999999997
2171,19,client14,client14-856b5b5576-tflrl,sidecar,664.8989999999976
2172,19,client14,client14-856b5b5576-tflrl,linkerd-init,0.0
2173,19,client14,client14-856b5b5576-tflrl,client14,666.5429999999997
2174,19,client14,client14-856b5b5576-tflrl,linkerd-proxy,666.210000000001
2175,19,client10,client10-694b6b97b4-7lkd7,linkerd-init,0.0
2176,19,api-gateway,api-gateway-6bf76d45b7-4g74g,linkerd-proxy,349.6140000000005
2177,19,orchestrator,orchestrator-555f7b7c9d-zn2rf,linkerd-init,0.0
2178,19,api-gateway,api-gateway-6bf76d45b7-4g74g,linkerd-init,0.0
2179,19,orchestrator,orchestrator-555f7b7c9d-zn2rf,linkerd-proxy,331.96799999999985
2180,19,orchestrator,policy-enforcer-cb8dccbd8-8tck9,linkerd-proxy,331.78200000000015
2181,19,orchestrator,policy-enforcer-cb8dccbd8-8tck9,linkerd-init,0.0
2182,19,client6,client6-785d875985-7h2n4,client6,705.6090000000004
2183,19,client6,client6-785d875985-7h2n4,linkerd-proxy,705.6089999999986
2184,19,client6,client6-785d875985-7h2n4,sidecar,703.4490000000005
2185,19,client6,client6-785d875985-7h2n4,linkerd-init,0.0
2186,19,client4,client4-744474fb99-l8dcb,sidecar,820.6290000000008
2187,19,client4,client4-744474fb99-l8dcb,client4,823.1010000000024
2188,19,client4,client4-744474fb99-l8dcb,linkerd-proxy,823.2179999999989
2189,19,client4,client4-744474fb99-l8dcb,linkerd-init,0.0
2190,19,client17,client17-69b85b5ccf-s5vfl,client17,760.2840000000015
2191,19,client17,client17-69b85b5ccf-s5vfl,sidecar,676.6920000000009
2192,19,client17,client17-69b85b5ccf-s5vfl,linkerd-proxy,756.1799999999985
2193,19,client17,client17-69b85b5ccf-s5vfl,linkerd-init,0.0
2194,19,client15,client15-79c969ddf-2qhl4,sidecar,879.0360000000001
2195,19,client15,client15-79c969ddf-2qhl4,client15,880.7250000000004
2196,19,client15,client15-79c969ddf-2qhl4,linkerd-proxy,880.4909999999982
2197,19,client15,client15-79c969ddf-2qhl4,linkerd-init,0.0
2198,19,client9,client9-d68fb99b4-8z6bk,linkerd-init,0.0
2199,19,client9,client9-d68fb99b4-8z6bk,sidecar,696.869999999999
2200,19,client9,client9-d68fb99b4-8z6bk,client9,826.9800000000014
2201,19,client9,client9-d68fb99b4-8z6bk,linkerd-proxy,827.3700000000008
2202,19,client5,client5-7d5ff7f8b4-kb9w6,sidecar,733.2989999999991
2203,19,client5,client5-7d5ff7f8b4-kb9w6,client5,792.9179999999997
2204,19,client5,client5-7d5ff7f8b4-kb9w6,linkerd-init,0.0
2205,19,client5,client5-7d5ff7f8b4-kb9w6,linkerd-proxy,789.887999999999
2206,19,client12,client12-79bc8d5846-zjq4m,client12,846.3119999999999
2207,19,client12,client12-79bc8d5846-zjq4m,sidecar,844.1280000000006
2208,19,client12,client12-79bc8d5846-zjq4m,linkerd-proxy,846.2909999999993
2209,19,client12,client12-79bc8d5846-zjq4m,linkerd-init,0.0
2210,19,client16,client16-6dc7f87f54-dsxvc,sidecar,861.2339999999986
2211,19,client16,client16-6dc7f87f54-dsxvc,client16,863.3999999999996
2212,19,client16,client16-6dc7f87f54-dsxvc,linkerd-proxy,863.2169999999987
2213,19,client16,client16-6dc7f87f54-dsxvc,linkerd-init,0.0
2214,19,client2,client2-86cd6d8cf7-phhhc,client2,903.4980000000032
2215,19,client2,client2-86cd6d8cf7-phhhc,linkerd-proxy,903.3299999999999
2216,19,client2,client2-86cd6d8cf7-phhhc,sidecar,901.719000000001
2217,19,client2,client2-86cd6d8cf7-phhhc,linkerd-init,0.0
2218,19,client3,client3-58c68898cd-brlrb,linkerd-proxy,836.0790000000015
2219,19,client3,client3-58c68898cd-brlrb,sidecar,833.5289999999986
2220,19,client3,client3-58c68898cd-brlrb,linkerd-init,0.0
2221,19,client3,client3-58c68898cd-brlrb,client3,836.1089999999986
2222,19,client18,client18-69db77c748-wt4qr,sidecar,923.2649999999994
2223,19,client18,client18-69db77c748-wt4qr,client18,925.2690000000002
2224,19,client18,client18-69db77c748-wt4qr,linkerd-init,0.0
2225,19,client18,client18-69db77c748-wt4qr,linkerd-proxy,925.0049999999992
2226,19,client7,client7-544486cc98-v52bx,sidecar,837.5370000000003
2227,19,client7,client7-544486cc98-v52bx,linkerd-init,0.0
2228,19,client7,client7-544486cc98-v52bx,linkerd-proxy,838.9349999999995
2229,19,client7,client7-544486cc98-v52bx,client7,839.241
2230,19,client11,client11-565c48c7c7-v26s6,client11,864.3690000000006
2231,19,client11,client11-565c48c7c7-v26s6,sidecar,785.3220000000001
2232,19,client11,client11-565c48c7c7-v26s6,linkerd-proxy,864.0570000000007
2233,19,client11,client11-565c48c7c7-v26s6,linkerd-init,0.0
2234,19,client19,client19-56fccdb4d9-5x8ts,client19,855.0360000000001
2235,19,client19,client19-56fccdb4d9-5x8ts,sidecar,853.1850000000013
2236,19,client19,client19-56fccdb4d9-5x8ts,linkerd-init,0.0
2237,19,client19,client19-56fccdb4d9-5x8ts,linkerd-proxy,854.8680000000004
2238,19,client1,client1-7b9db886dd-5dvgn,linkerd-proxy,839.1239999999998
2239,19,client1,client1-7b9db886dd-5dvgn,linkerd-init,0.0
2240,19,client13,client13-7bf86f4f87-z2vhg,linkerd-init,0.0
2241,19,client13,client13-7bf86f4f87-z2vhg,sidecar,734.496000000001
2242,19,client13,client13-7bf86f4f87-z2vhg,client13,771.9300000000003
2243,19,client13,client13-7bf86f4f87-z2vhg,linkerd-proxy,768.0149999999994
2244,19,client20,client20-65f8864f77-tsjdt,linkerd-proxy,668.3429999999989
2245,19,client20,client20-65f8864f77-tsjdt,client20,668.4779999999992
2246,19,client20,client20-65f8864f77-tsjdt,sidecar,667.0259999999998
2247,19,client20,client20-65f8864f77-tsjdt,linkerd-init,0.0
2248,19,server,server-656f98b57f-8l82j,linkerd-proxy,483.1800000000003
2249,19,server,server-656f98b57f-8l82j,sidecar,452.82600000000093
2250,19,server,server-656f98b57f-8l82j,server,499.02000000000044
2251,19,client10,client10-694b6b97b4-7lkd7,linkerd-proxy,678.9030000000002
2252,19,client10,client10-694b6b97b4-7lkd7,sidecar,592.5420000000013
2253,19,client10,client10-694b6b97b4-7lkd7,client10,679.0380000000005
2254,19,orchestrator,policy-enforcer-cb8dccbd8-8tck9,policy-enforcer,252.1800000000003
2255,19,orchestrator,orchestrator-555f7b7c9d-zn2rf,orchestrator,242.67000000000007
2256,19,orchestrator,orchestrator-555f7b7c9d-zn2rf,sidecar,331.1940000000004
2257,19,api-gateway,api-gateway-6bf76d45b7-4g74g,api-gateway,344.33100000000104
2258,19,api-gateway,api-gateway-6bf76d45b7-4g74g,sidecar,290.1690000000008
2259,19,orchestrator,policy-enforcer-cb8dccbd8-8tck9,sidecar,321.9360000000006
2260,19,client1,client1-7b9db886dd-5dvgn,sidecar,702.6180000000004
2261,19,client1,client1-7b9db886dd-5dvgn,client1,841.7249999999985
2262,19,client17,maurits-dijk-23d3fcf8client171-4nldw,hfl-train-model,753.2669999999998
2263,19,client17,maurits-dijk-23d3fcf8client171-4nldw,sidecar,738.9540000000015
2264,19,client17,maurits-dijk-23d3fcf8client171-4nldw,hfl-train,874.7279999999992
2265,19,client9,maurits-dijk-23d3fcf8client91-q45t8,hfl-train-model,821.9580000000005
2266,19,client9,maurits-dijk-23d3fcf8client91-q45t8,hfl-train,947.4000000000015
2267,19,client9,maurits-dijk-23d3fcf8client91-q45t8,sidecar,754.6440000000002
2268,19,client5,maurits-dijk-23d3fcf8client51-f558h,hfl-train-model,787.2989999999991
2269,19,client5,maurits-dijk-23d3fcf8client51-f558h,sidecar,698.9700000000012
2270,19,client5,maurits-dijk-23d3fcf8client51-f558h,hfl-train,904.739999999998
2271,19,client1,maurits-dijk-23d3fcf8client11-p27wv,sidecar,725.6489999999994
2272,19,client1,maurits-dijk-23d3fcf8client11-p27wv,hfl-train,974.1480000000029
2273,19,client1,maurits-dijk-23d3fcf8client11-p27wv,hfl-train-model,833.1180000000004
2274,19,client13,maurits-dijk-23d3fcf8client131-glgnl,sidecar,630.3690000000006
2275,19,client13,maurits-dijk-23d3fcf8client131-glgnl,hfl-train,936.851999999999
2276,19,client13,maurits-dijk-23d3fcf8client131-glgnl,hfl-train-model,764.5619999999999
2277,19,server,maurits-dijk-23d3fcf8server1-6x7s2,sidecar,466.77900000000045
2278,19,server,maurits-dijk-23d3fcf8server1-6x7s2,hfl-train,479.65200000000004
2279,19,server,maurits-dijk-23d3fcf8server1-6x7s2,hfl-train-model,855.027
2280,20,server,server-656f98b57f-8l82j,linkerd-init,0.0
2281,20,client8,client8-5845965f99-9lw8q,sidecar,896.6730000000007
2282,20,client8,client8-5845965f99-9lw8q,client8,898.3139999999985
2283,20,client8,client8-5845965f99-9lw8q,linkerd-init,0.0
2284,20,client8,client8-5845965f99-9lw8q,linkerd-proxy,897.8760000000002
2285,20,client14,client14-856b5b5576-tflrl,sidecar,832.4130000000023
2286,20,client14,client14-856b5b5576-tflrl,linkerd-init,0.0
2287,20,client14,client14-856b5b5576-tflrl,client14,834.2549999999992
2288,20,client14,client14-856b5b5576-tflrl,linkerd-proxy,834.0089999999982
2289,20,client10,client10-694b6b97b4-7lkd7,linkerd-init,0.0
2290,20,api-gateway,api-gateway-6bf76d45b7-4g74g,linkerd-proxy,427.5029999999997
2291,20,orchestrator,orchestrator-555f7b7c9d-zn2rf,linkerd-init,0.0
2292,20,api-gateway,api-gateway-6bf76d45b7-4g74g,linkerd-init,0.0
2293,20,orchestrator,orchestrator-555f7b7c9d-zn2rf,linkerd-proxy,408.4380000000001
2294,20,orchestrator,policy-enforcer-cb8dccbd8-8tck9,linkerd-proxy,408.34799999999996
2295,20,orchestrator,policy-enforcer-cb8dccbd8-8tck9,linkerd-init,0.0
2296,20,client6,client6-785d875985-7h2n4,client6,743.039999999999
2297,20,client6,client6-785d875985-7h2n4,linkerd-proxy,742.875
2298,20,client6,client6-785d875985-7h2n4,sidecar,740.9039999999986
2299,20,client6,client6-785d875985-7h2n4,linkerd-init,0.0
2300,20,client4,client4-744474fb99-l8dcb,sidecar,699.2189999999991
2301,20,client4,client4-744474fb99-l8dcb,client4,701.4269999999997
2302,20,client4,client4-744474fb99-l8dcb,linkerd-proxy,701.3219999999983
2303,20,client4,client4-744474fb99-l8dcb,linkerd-init,0.0
2304,20,client17,client17-69b85b5ccf-s5vfl,client17,619.9409999999989
2305,20,client17,client17-69b85b5ccf-s5vfl,sidecar,601.8449999999993
2306,20,client17,client17-69b85b5ccf-s5vfl,linkerd-proxy,617.6190000000006
2307,20,client17,client17-69b85b5ccf-s5vfl,linkerd-init,0.0
2308,20,client15,client15-79c969ddf-2qhl4,sidecar,779.1690000000017
2309,20,client15,client15-79c969ddf-2qhl4,client15,780.5160000000033
2310,20,client15,client15-79c969ddf-2qhl4,linkerd-proxy,780.3780000000042
2311,20,client15,client15-79c969ddf-2qhl4,linkerd-init,0.0
2312,20,client9,client9-d68fb99b4-8z6bk,linkerd-init,0.0
2313,20,client9,client9-d68fb99b4-8z6bk,sidecar,563.0519999999997
2314,20,client9,client9-d68fb99b4-8z6bk,client9,686.8859999999986
2315,20,client9,client9-d68fb99b4-8z6bk,linkerd-proxy,686.1839999999993
2316,20,client5,client5-7d5ff7f8b4-kb9w6,sidecar,563.5470000000005
2317,20,client5,client5-7d5ff7f8b4-kb9w6,client5,631.8420000000006
2318,20,client5,client5-7d5ff7f8b4-kb9w6,linkerd-init,0.0
2319,20,client5,client5-7d5ff7f8b4-kb9w6,linkerd-proxy,628.2840000000015
2320,20,client12,client12-79bc8d5846-zjq4m,client12,741.7529999999988
2321,20,client12,client12-79bc8d5846-zjq4m,sidecar,739.5540000000001
2322,20,client12,client12-79bc8d5846-zjq4m,linkerd-proxy,741.5580000000009
2323,20,client12,client12-79bc8d5846-zjq4m,linkerd-init,0.0
2324,20,client16,client16-6dc7f87f54-dsxvc,sidecar,753.372000000003
2325,20,client16,client16-6dc7f87f54-dsxvc,client16,755.3970000000008
2326,20,client16,client16-6dc7f87f54-dsxvc,linkerd-proxy,755.247000000003
2327,20,client16,client16-6dc7f87f54-dsxvc,linkerd-init,0.0
2328,20,client2,client2-86cd6d8cf7-phhhc,client2,762.0899999999965
2329,20,client2,client2-86cd6d8cf7-phhhc,linkerd-proxy,761.9549999999981
2330,20,client2,client2-86cd6d8cf7-phhhc,sidecar,760.6679999999978
2331,20,client2,client2-86cd6d8cf7-phhhc,linkerd-init,0.0
2332,20,client3,client3-58c68898cd-brlrb,linkerd-proxy,678.4259999999995
2333,20,client3,client3-58c68898cd-brlrb,sidecar,676.371000000001
2334,20,client3,client3-58c68898cd-brlrb,linkerd-init,0.0
2335,20,client3,client3-58c68898cd-brlrb,client3,678.384
2336,20,client18,client18-69db77c748-wt4qr,sidecar,712.7369999999992
2337,20,client18,client18-69db77c748-wt4qr,client18,714.2639999999992
2338,20,client18,client18-69db77c748-wt4qr,linkerd-init,0.0
2339,20,client18,client18-69db77c748-wt4qr,linkerd-proxy,714.1680000000015
2340,20,client7,client7-544486cc98-v52bx,sidecar,654.2579999999998
2341,20,client7,client7-544486cc98-v52bx,linkerd-init,0.0
2342,20,client7,client7-544486cc98-v52bx,linkerd-proxy,655.4700000000012
2343,20,client7,client7-544486cc98-v52bx,client7,655.7549999999992
2344,20,client11,client11-565c48c7c7-v26s6,client11,714.1889999999985
2345,20,client11,client11-565c48c7c7-v26s6,sidecar,648.9329999999991
2346,20,client11,client11-565c48c7c7-v26s6,linkerd-proxy,714.0659999999989
2347,20,client11,client11-565c48c7c7-v26s6,linkerd-init,0.0
2348,20,client19,client19-56fccdb4d9-5x8ts,client19,698.8260000000009
2349,20,client19,client19-56fccdb4d9-5x8ts,sidecar,697.344000000001
2350,20,client19,client19-56fccdb4d9-5x8ts,linkerd-init,0.0
2351,20,client19,client19-56fccdb4d9-5x8ts,linkerd-proxy,698.6760000000013
2352,20,client1,client1-7b9db886dd-5dvgn,linkerd-proxy,627.7709999999988
2353,20,client1,client1-7b9db886dd-5dvgn,linkerd-init,0.0
2354,20,client13,client13-7bf86f4f87-z2vhg,linkerd-init,0.0
2355,20,client13,client13-7bf86f4f87-z2vhg,sidecar,603.4680000000008
2356,20,client13,client13-7bf86f4f87-z2vhg,client13,624.5820000000022
2357,20,client13,client13-7bf86f4f87-z2vhg,linkerd-proxy,621.8130000000001
2358,20,client20,client20-65f8864f77-tsjdt,linkerd-proxy,802.8749999999982
2359,20,client20,client20-65f8864f77-tsjdt,client20,803.1510000000017
2360,20,client20,client20-65f8864f77-tsjdt,sidecar,801.3149999999987
2361,20,client20,client20-65f8864f77-tsjdt,linkerd-init,0.0
2362,20,server,server-656f98b57f-8l82j,linkerd-proxy,572.3070000000007
2363,20,server,server-656f98b57f-8l82j,sidecar,528.8070000000007
2364,20,server,server-656f98b57f-8l82j,server,589.7459999999992
2365,20,client10,client10-694b6b97b4-7lkd7,linkerd-proxy,806.3669999999984
2366,20,client10,client10-694b6b97b4-7lkd7,sidecar,726.7950000000001
2367,20,client10,client10-694b6b97b4-7lkd7,client10,806.4570000000003
2368,20,orchestrator,policy-enforcer-cb8dccbd8-8tck9,policy-enforcer,284.433
2369,20,orchestrator,orchestrator-555f7b7c9d-zn2rf,orchestrator,298.28099999999995
2370,20,orchestrator,orchestrator-555f7b7c9d-zn2rf,sidecar,379.0110000000004
2371,20,api-gateway,api-gateway-6bf76d45b7-4g74g,api-gateway,426.0719999999992
2372,20,api-gateway,api-gateway-6bf76d45b7-4g74g,sidecar,367.8720000000003
2373,20,orchestrator,policy-enforcer-cb8dccbd8-8tck9,sidecar,377.8800000000001
2374,20,client1,client1-7b9db886dd-5dvgn,sidecar,567.1230000000014
2375,20,client1,client1-7b9db886dd-5dvgn,client1,630.0420000000013
2376,20,client17,maurits-dijk-23d3fcf8client171-4nldw,hfl-train-model,615.0780000000013
2377,20,client17,maurits-dijk-23d3fcf8client171-4nldw,sidecar,543.2309999999998
2378,20,client17,maurits-dijk-23d3fcf8client171-4nldw,hfl-train,755.862000000001
2379,20,client9,maurits-dijk-23d3fcf8client91-q45t8,hfl-train-model,681.860999999999
2380,20,client9,maurits-dijk-23d3fcf8client91-q45t8,hfl-train,806.9429999999993
2381,20,client9,maurits-dijk-23d3fcf8client91-q45t8,sidecar,626.232
2382,20,client5,maurits-dijk-23d3fcf8client51-f558h,hfl-train-model,625.1640000000007
2383,20,client5,maurits-dijk-23d3fcf8client51-f558h,sidecar,579.8280000000013
2384,20,client5,maurits-dijk-23d3fcf8client51-f558h,hfl-train,749.5889999999999
2385,20,client1,maurits-dijk-23d3fcf8client11-p27wv,sidecar,503.64899999999943
2386,20,client1,maurits-dijk-23d3fcf8client11-p27wv,hfl-train,744.6629999999968
2387,20,client1,maurits-dijk-23d3fcf8client11-p27wv,hfl-train-model,622.5599999999977
2388,20,client13,maurits-dijk-23d3fcf8client131-glgnl,sidecar,531.3060000000005
2389,20,client13,maurits-dijk-23d3fcf8client131-glgnl,hfl-train,796.7070000000022
2390,20,client13,maurits-dijk-23d3fcf8client131-glgnl,hfl-train-model,618.7199999999993
2391,20,server,maurits-dijk-23d3fcf8server1-6x7s2,sidecar,496.28700000000026
2392,20,server,maurits-dijk-23d3fcf8server1-6x7s2,hfl-train,566.4840000000004
2393,20,server,maurits-dijk-23d3fcf8server1-6x7s2,hfl-train-model,841.3320000000022
2394,21,server,server-656f98b57f-8l82j,linkerd-init,0.0
2395,21,client8,client8-5845965f99-9lw8q,sidecar,706.7999999999993
2396,21,client8,client8-5845965f99-9lw8q,client8,708.2489999999998
2397,21,client8,client8-5845965f99-9lw8q,linkerd-init,0.0
2398,21,client8,client8-5845965f99-9lw8q,linkerd-proxy,707.9490000000005
2399,21,client14,client14-856b5b5576-tflrl,sidecar,712.5630000000019
2400,21,client14,client14-856b5b5576-tflrl,linkerd-init,0.0
2401,21,client14,client14-856b5b5576-tflrl,client14,714.1620000000039
2402,21,client14,client14-856b5b5576-tflrl,linkerd-proxy,713.9520000000011
2403,21,client10,client10-694b6b97b4-7lkd7,linkerd-init,0.0
2404,21,api-gateway,api-gateway-6bf76d45b7-4g74g,linkerd-proxy,356.0400000000009
2405,21,orchestrator,orchestrator-555f7b7c9d-zn2rf,linkerd-init,0.0
2406,21,api-gateway,api-gateway-6bf76d45b7-4g74g,linkerd-init,0.0
2407,21,orchestrator,orchestrator-555f7b7c9d-zn2rf,linkerd-proxy,337.9409999999998
2408,21,orchestrator,policy-enforcer-cb8dccbd8-8tck9,linkerd-proxy,337.8810000000003
2409,21,orchestrator,policy-enforcer-cb8dccbd8-8tck9,linkerd-init,0.0
2410,21,client6,client6-785d875985-7h2n4,client6,822.7829999999994
2411,21,client6,client6-785d875985-7h2n4,linkerd-proxy,822.7079999999987
2412,21,client6,client6-785d875985-7h2n4,sidecar,820.1579999999994
2413,21,client6,client6-785d875985-7h2n4,linkerd-init,0.0
2414,21,client4,client4-744474fb99-l8dcb,sidecar,855.3840000000018
2415,21,client4,client4-744474fb99-l8dcb,client4,857.8230000000003
2416,21,client4,client4-744474fb99-l8dcb,linkerd-proxy,857.6549999999988
2417,21,client4,client4-744474fb99-l8dcb,linkerd-init,0.0
2418,21,client17,client17-69b85b5ccf-s5vfl,client17,752.8919999999998
2419,21,client17,client17-69b85b5ccf-s5vfl,sidecar,685.497000000003
2420,21,client17,client17-69b85b5ccf-s5vfl,linkerd-proxy,748.527
2421,21,client17,client17-69b85b5ccf-s5vfl,linkerd-init,0.0
2422,21,client15,client15-79c969ddf-2qhl4,sidecar,881.627999999997
2423,21,client15,client15-79c969ddf-2qhl4,client15,883.3349999999955
2424,21,client15,client15-79c969ddf-2qhl4,linkerd-proxy,883.1819999999971
2425,21,client15,client15-79c969ddf-2qhl4,linkerd-init,0.0
2426,21,client9,client9-d68fb99b4-8z6bk,linkerd-init,0.0
2427,21,client9,client9-d68fb99b4-8z6bk,sidecar,693.7260000000006
2428,21,client9,client9-d68fb99b4-8z6bk,client9,794.9490000000005
2429,21,client9,client9-d68fb99b4-8z6bk,linkerd-proxy,793.3649999999998
2430,21,client5,client5-7d5ff7f8b4-kb9w6,sidecar,719.9940000000006
2431,21,client5,client5-7d5ff7f8b4-kb9w6,client5,806.2740000000013
2432,21,client5,client5-7d5ff7f8b4-kb9w6,linkerd-init,0.0
2433,21,client5,client5-7d5ff7f8b4-kb9w6,linkerd-proxy,803.4899999999998
2434,21,client12,client12-79bc8d5846-zjq4m,client12,845.1240000000034
2435,21,client12,client12-79bc8d5846-zjq4m,sidecar,842.3610000000008
2436,21,client12,client12-79bc8d5846-zjq4m,linkerd-proxy,844.9140000000007
2437,21,client12,client12-79bc8d5846-zjq4m,linkerd-init,0.0
2438,21,client16,client16-6dc7f87f54-dsxvc,sidecar,905.3039999999964
2439,21,client16,client16-6dc7f87f54-dsxvc,client16,907.5839999999989
2440,21,client16,client16-6dc7f87f54-dsxvc,linkerd-proxy,907.4609999999993
2441,21,client16,client16-6dc7f87f54-dsxvc,linkerd-init,0.0
2442,21,client2,client2-86cd6d8cf7-phhhc,client2,868.0889999999999
2443,21,client2,client2-86cd6d8cf7-phhhc,linkerd-proxy,867.849000000002
2444,21,client2,client2-86cd6d8cf7-phhhc,sidecar,866.2350000000006
2445,21,client2,client2-86cd6d8cf7-phhhc,linkerd-init,0.0
2446,21,client3,client3-58c68898cd-brlrb,linkerd-proxy,818.0070000000014
2447,21,client3,client3-58c68898cd-brlrb,sidecar,815.5679999999993
2448,21,client3,client3-58c68898cd-brlrb,linkerd-init,0.0
2449,21,client3,client3-58c68898cd-brlrb,client3,817.9470000000001
2450,21,client18,client18-69db77c748-wt4qr,sidecar,774.0540000000001
2451,21,client18,client18-69db77c748-wt4qr,client18,775.9530000000013
2452,21,client18,client18-69db77c748-wt4qr,linkerd-init,0.0
2453,21,client18,client18-69db77c748-wt4qr,linkerd-proxy,775.7129999999997
2454,21,client7,client7-544486cc98-v52bx,sidecar,858.6630000000005
2455,21,client7,client7-544486cc98-v52bx,linkerd-init,0.0
2456,21,client7,client7-544486cc98-v52bx,linkerd-proxy,860.1419999999998
2457,21,client7,client7-544486cc98-v52bx,client7,860.4750000000022
2458,21,client11,client11-565c48c7c7-v26s6,client11,832.6320000000014
2459,21,client11,client11-565c48c7c7-v26s6,sidecar,747.8130000000001
2460,21,client11,client11-565c48c7c7-v26s6,linkerd-proxy,832.242000000002
2461,21,client11,client11-565c48c7c7-v26s6,linkerd-init,0.0
2462,21,client19,client19-56fccdb4d9-5x8ts,client19,679.1490000000013
2463,21,client19,client19-56fccdb4d9-5x8ts,sidecar,677.7570000000014
2464,21,client19,client19-56fccdb4d9-5x8ts,linkerd-init,0.0
2465,21,client19,client19-56fccdb4d9-5x8ts,linkerd-proxy,679.1160000000018
2466,21,client1,client1-7b9db886dd-5dvgn,linkerd-proxy,626.7780000000002
2467,21,client1,client1-7b9db886dd-5dvgn,linkerd-init,0.0
2468,21,client13,client13-7bf86f4f87-z2vhg,linkerd-init,0.0
2469,21,client13,client13-7bf86f4f87-z2vhg,sidecar,610.2989999999972
2470,21,client13,client13-7bf86f4f87-z2vhg,client13,658.4039999999986
2471,21,client13,client13-7bf86f4f87-z2vhg,linkerd-proxy,654.2489999999998
2472,21,client20,client20-65f8864f77-tsjdt,linkerd-proxy,744.4320000000007
2473,21,client20,client20-65f8864f77-tsjdt,client20,744.5070000000014
2474,21,client20,client20-65f8864f77-tsjdt,sidecar,742.9680000000008
2475,21,client20,client20-65f8864f77-tsjdt,linkerd-init,0.0
2476,21,server,server-656f98b57f-8l82j,linkerd-proxy,474.6839999999993
2477,21,server,server-656f98b57f-8l82j,sidecar,421.59900000000016
2478,21,server,server-656f98b57f-8l82j,server,492.255000000001
2479,21,client10,client10-694b6b97b4-7lkd7,linkerd-proxy,680.6700000000019
2480,21,client10,client10-694b6b97b4-7lkd7,sidecar,552.6239999999998
2481,21,client10,client10-694b6b97b4-7lkd7,client10,680.8079999999991
2482,21,orchestrator,policy-enforcer-cb8dccbd8-8tck9,policy-enforcer,227.36399999999958
2483,21,orchestrator,orchestrator-555f7b7c9d-zn2rf,orchestrator,190.85099999999966
2484,21,orchestrator,orchestrator-555f7b7c9d-zn2rf,sidecar,308.6969999999992
2485,21,api-gateway,api-gateway-6bf76d45b7-4g74g,api-gateway,361.0740000000005
2486,21,api-gateway,api-gateway-6bf76d45b7-4g74g,sidecar,274.9229999999998
2487,21,orchestrator,policy-enforcer-cb8dccbd8-8tck9,sidecar,318.8849999999993
2488,21,client1,client1-7b9db886dd-5dvgn,sidecar,540.0659999999989
2489,21,client1,client1-7b9db886dd-5dvgn,client1,627.7260000000006
2490,21,client17,maurits-dijk-23d3fcf8client171-4nldw,hfl-train-model,745.646999999999
2491,21,client17,maurits-dijk-23d3fcf8client171-4nldw,sidecar,639.5220000000008
2492,21,client17,maurits-dijk-23d3fcf8client171-4nldw,hfl-train,874.0319999999992
2493,21,client9,maurits-dijk-23d3fcf8client91-q45t8,hfl-train-model,788.2830000000013
2494,21,client9,maurits-dijk-23d3fcf8client91-q45t8,hfl-train,914.5889999999999
2495,21,client9,maurits-dijk-23d3fcf8client91-q45t8,sidecar,757.8870000000006
2496,21,client5,maurits-dijk-23d3fcf8client51-f558h,hfl-train-model,800.7600000000002
2497,21,client5,maurits-dijk-23d3fcf8client51-f558h,sidecar,683.2889999999989
2498,21,client5,maurits-dijk-23d3fcf8client51-f558h,hfl-train,918.8580000000002
2499,21,client1,maurits-dijk-23d3fcf8client11-p27wv,sidecar,504.1650000000009
2500,21,client1,maurits-dijk-23d3fcf8client11-p27wv,hfl-train,747.1620000000003
2501,21,client1,maurits-dijk-23d3fcf8client11-p27wv,hfl-train-model,621.4410000000025
2502,21,client13,maurits-dijk-23d3fcf8client131-glgnl,sidecar,526.4369999999999
2503,21,client13,maurits-dijk-23d3fcf8client131-glgnl,hfl-train,820.8719999999994
2504,21,client13,maurits-dijk-23d3fcf8client131-glgnl,hfl-train-model,651.2820000000011
2505,21,server,maurits-dijk-23d3fcf8server1-6x7s2,sidecar,431.86199999999917
2506,21,server,maurits-dijk-23d3fcf8server1-6x7s2,hfl-train,469.9469999999983
2507,21,server,maurits-dijk-23d3fcf8server1-6x7s2,hfl-train-model,790.0949999999975
2508,22,server,server-656f98b57f-8l82j,linkerd-init,0.0
2509,22,client8,client8-5845965f99-9lw8q,sidecar,820.8960000000006
2510,22,client8,client8-5845965f99-9lw8q,client8,822.4500000000007
2511,22,client8,client8-5845965f99-9lw8q,linkerd-init,0.0
2512,22,client8,client8-5845965f99-9lw8q,linkerd-proxy,822.1800000000003
2513,22,client14,client14-856b5b5576-tflrl,sidecar,824.270999999997
2514,22,client14,client14-856b5b5576-tflrl,linkerd-init,0.0
2515,22,client14,client14-856b5b5576-tflrl,client14,826.109999999997
2516,22,client14,client14-856b5b5576-tflrl,linkerd-proxy,825.8400000000001
2517,22,client10,client10-694b6b97b4-7lkd7,linkerd-init,0.0
2518,22,api-gateway,api-gateway-6bf76d45b7-4g74g,linkerd-proxy,437.3819999999996
2519,22,orchestrator,orchestrator-555f7b7c9d-zn2rf,linkerd-init,0.0
2520,22,api-gateway,api-gateway-6bf76d45b7-4g74g,linkerd-init,0.0
2521,22,orchestrator,orchestrator-555f7b7c9d-zn2rf,linkerd-proxy,419.16899999999987
2522,22,orchestrator,policy-enforcer-cb8dccbd8-8tck9,linkerd-proxy,419.11199999999917
2523,22,orchestrator,policy-enforcer-cb8dccbd8-8tck9,linkerd-init,0.0
2524,22,client6,client6-785d875985-7h2n4,client6,845.7540000000008
2525,22,client6,client6-785d875985-7h2n4,linkerd-proxy,845.6790000000037
2526,22,client6,client6-785d875985-7h2n4,sidecar,843.6840000000011
2527,22,client6,client6-785d875985-7h2n4,linkerd-init,0.0
2528,22,client4,client4-744474fb99-l8dcb,sidecar,662.6159999999982
2529,22,client4,client4-744474fb99-l8dcb,client4,664.6440000000002
2530,22,client4,client4-744474fb99-l8dcb,linkerd-proxy,664.5090000000055
2531,22,client4,client4-744474fb99-l8dcb,linkerd-init,0.0
2532,22,client17,client17-69b85b5ccf-s5vfl,client17,650.1450000000004
2533,22,client17,client17-69b85b5ccf-s5vfl,sidecar,594.6659999999974
2534,22,client17,client17-69b85b5ccf-s5vfl,linkerd-proxy,647.4510000000009
2535,22,client17,client17-69b85b5ccf-s5vfl,linkerd-init,0.0
2536,22,client15,client15-79c969ddf-2qhl4,sidecar,783.2940000000017
2537,22,client15,client15-79c969ddf-2qhl4,client15,784.7429999999986
2538,22,client15,client15-79c969ddf-2qhl4,linkerd-proxy,784.5779999999977
2539,22,client15,client15-79c969ddf-2qhl4,linkerd-init,0.0
2540,22,client9,client9-d68fb99b4-8z6bk,linkerd-init,0.0
2541,22,client9,client9-d68fb99b4-8z6bk,sidecar,549.3719999999994
2542,22,client9,client9-d68fb99b4-8z6bk,client9,640.7700000000023
2543,22,client9,client9-d68fb99b4-8z6bk,linkerd-proxy,638.8230000000003
2544,22,client5,client5-7d5ff7f8b4-kb9w6,sidecar,554.1869999999999
2545,22,client5,client5-7d5ff7f8b4-kb9w6,client5,660.6389999999974
2546,22,client5,client5-7d5ff7f8b4-kb9w6,linkerd-init,0.0
2547,22,client5,client5-7d5ff7f8b4-kb9w6,linkerd-proxy,656.2260000000024
2548,22,client12,client12-79bc8d5846-zjq4m,client12,714.6749999999993
2549,22,client12,client12-79bc8d5846-zjq4m,sidecar,712.5
2550,22,client12,client12-79bc8d5846-zjq4m,linkerd-proxy,714.732
2551,22,client12,client12-79bc8d5846-zjq4m,linkerd-init,0.0
2552,22,client16,client16-6dc7f87f54-dsxvc,sidecar,730.4580000000024
2553,22,client16,client16-6dc7f87f54-dsxvc,client16,732.3780000000006
2554,22,client16,client16-6dc7f87f54-dsxvc,linkerd-proxy,732.1949999999997
2555,22,client16,client16-6dc7f87f54-dsxvc,linkerd-init,0.0
2556,22,client2,client2-86cd6d8cf7-phhhc,client2,709.1310000000012
2557,22,client2,client2-86cd6d8cf7-phhhc,linkerd-proxy,708.905999999999
2558,22,client2,client2-86cd6d8cf7-phhhc,sidecar,707.6520000000019
2559,22,client2,client2-86cd6d8cf7-phhhc,linkerd-init,0.0
2560,22,client3,client3-58c68898cd-brlrb,linkerd-proxy,671.4300000000003
2561,22,client3,client3-58c68898cd-brlrb,sidecar,669.3389999999999
2562,22,client3,client3-58c68898cd-brlrb,linkerd-init,0.0
2563,22,client3,client3-58c68898cd-brlrb,client3,671.507999999998
2564,22,client18,client18-69db77c748-wt4qr,sidecar,737.9550000000017
2565,22,client18,client18-69db77c748-wt4qr,client18,739.5390000000007
2566,22,client18,client18-69db77c748-wt4qr,linkerd-init,0.0
2567,22,client18,client18-69db77c748-wt4qr,linkerd-proxy,739.2510000000002
2568,22,client7,client7-544486cc98-v52bx,sidecar,768.8369999999995
2569,22,client7,client7-544486cc98-v52bx,linkerd-init,0.0
2570,22,client7,client7-544486cc98-v52bx,linkerd-proxy,769.8780000000006
2571,22,client7,client7-544486cc98-v52bx,client7,770.3159999999989
2572,22,client11,client11-565c48c7c7-v26s6,client11,682.7909999999974
2573,22,client11,client11-565c48c7c7-v26s6,sidecar,575.3130000000037
2574,22,client11,client11-565c48c7c7-v26s6,linkerd-proxy,682.5450000000019
2575,22,client11,client11-565c48c7c7-v26s6,linkerd-init,0.0
2576,22,client19,client19-56fccdb4d9-5x8ts,client19,801.1739999999954
2577,22,client19,client19-56fccdb4d9-5x8ts,sidecar,799.1849999999977
2578,22,client19,client19-56fccdb4d9-5x8ts,linkerd-init,0.0
2579,22,client19,client19-56fccdb4d9-5x8ts,linkerd-proxy,800.9429999999957
2580,22,client1,client1-7b9db886dd-5dvgn,linkerd-proxy,797.7029999999977
2581,22,client1,client1-7b9db886dd-5dvgn,linkerd-init,0.0
2582,22,client13,client13-7bf86f4f87-z2vhg,linkerd-init,0.0
2583,22,client13,client13-7bf86f4f87-z2vhg,sidecar,667.4400000000005
2584,22,client13,client13-7bf86f4f87-z2vhg,client13,740.0429999999997
2585,22,client13,client13-7bf86f4f87-z2vhg,linkerd-proxy,735.2700000000004
2586,22,client20,client20-65f8864f77-tsjdt,linkerd-proxy,984.7980000000025
2587,22,client20,client20-65f8864f77-tsjdt,client20,985.0889999999963
2588,22,client20,client20-65f8864f77-tsjdt,sidecar,983.2949999999983
2589,22,client20,client20-65f8864f77-tsjdt,linkerd-init,0.0
2590,22,server,server-656f98b57f-8l82j,linkerd-proxy,556.7430000000004
2591,22,server,server-656f98b57f-8l82j,sidecar,553.4850000000006
2592,22,server,server-656f98b57f-8l82j,server,568.1639999999989
2593,22,client10,client10-694b6b97b4-7lkd7,linkerd-proxy,765.732
2594,22,client10,client10-694b6b97b4-7lkd7,sidecar,653.1749999999993
2595,22,client10,client10-694b6b97b4-7lkd7,client10,765.8070000000007
2596,22,orchestrator,policy-enforcer-cb8dccbd8-8tck9,policy-enforcer,315.8850000000011
2597,22,orchestrator,orchestrator-555f7b7c9d-zn2rf,orchestrator,318.45300000000043
2598,22,orchestrator,orchestrator-555f7b7c9d-zn2rf,sidecar,418.3770000000004
2599,22,api-gateway,api-gateway-6bf76d45b7-4g74g,api-gateway,438.3119999999999
2600,22,api-gateway,api-gateway-6bf76d45b7-4g74g,sidecar,371.65799999999945
2601,22,orchestrator,policy-enforcer-cb8dccbd8-8tck9,sidecar,414.47699999999986
2602,22,client1,client1-7b9db886dd-5dvgn,sidecar,691.9830000000002
2603,22,client1,client1-7b9db886dd-5dvgn,client1,798.7589999999982
2604,22,client17,maurits-dijk-23d3fcf8client171-4nldw,hfl-train-model,644.9250000000011
2605,22,client17,maurits-dijk-23d3fcf8client171-4nldw,sidecar,645.2099999999991
2606,22,client17,maurits-dijk-23d3fcf8client171-4nldw,hfl-train,770.0339999999997
2607,22,client9,maurits-dijk-23d3fcf8client91-q45t8,hfl-train-model,634.4489999999987
2608,22,client9,maurits-dijk-23d3fcf8client91-q45t8,hfl-train,776.168999999998
2609,22,client9,maurits-dijk-23d3fcf8client91-q45t8,sidecar,588.5789999999997
2610,22,client5,maurits-dijk-23d3fcf8client51-f558h,hfl-train-model,653.6070000000018
2611,22,client5,maurits-dijk-23d3fcf8client51-f558h,sidecar,619.2360000000008
2612,22,client5,maurits-dijk-23d3fcf8client51-f558h,hfl-train,770.4720000000016
2613,22,client1,maurits-dijk-23d3fcf8client11-p27wv,sidecar,648.6539999999986
2614,22,client1,maurits-dijk-23d3fcf8client11-p27wv,hfl-train,909.1500000000015
2615,22,client1,maurits-dijk-23d3fcf8client11-p27wv,hfl-train-model,792.5579999999991
2616,22,client13,maurits-dijk-23d3fcf8client131-glgnl,sidecar,611.2950000000001
2617,22,client13,maurits-dijk-23d3fcf8client131-glgnl,hfl-train,904.3650000000016
2618,22,client13,maurits-dijk-23d3fcf8client131-glgnl,hfl-train-model,732.4200000000001
2619,22,server,maurits-dijk-23d3fcf8server1-6x7s2,sidecar,495.67199999999866
2620,22,server,maurits-dijk-23d3fcf8server1-6x7s2,hfl-train,553.0410000000011
2621,22,server,maurits-dijk-23d3fcf8server1-6x7s2,hfl-train-model,890.7720000000008
2622,23,server,server-656f98b57f-8l82j,linkerd-init,0.0
2623,23,client8,client8-5845965f99-9lw8q,sidecar,681.3960000000006
2624,23,client8,client8-5845965f99-9lw8q,client8,682.7099999999991
2625,23,client8,client8-5845965f99-9lw8q,linkerd-init,0.0
2626,23,client8,client8-5845965f99-9lw8q,linkerd-proxy,682.5749999999971
2627,23,client14,client14-856b5b5576-tflrl,sidecar,679.6530000000021
2628,23,client14,client14-856b5b5576-tflrl,linkerd-init,0.0
2629,23,client14,client14-856b5b5576-tflrl,client14,681.1140000000014
2630,23,client14,client14-856b5b5576-tflrl,linkerd-proxy,681.0089999999982
2631,23,client10,client10-694b6b97b4-7lkd7,linkerd-init,0.0
2632,23,api-gateway,api-gateway-6bf76d45b7-4g74g,linkerd-proxy,370.1369999999988
2633,23,orchestrator,orchestrator-555f7b7c9d-zn2rf,linkerd-init,0.0
2634,23,api-gateway,api-gateway-6bf76d45b7-4g74g,linkerd-init,0.0
2635,23,orchestrator,orchestrator-555f7b7c9d-zn2rf,linkerd-proxy,352.3680000000004
2636,23,orchestrator,policy-enforcer-cb8dccbd8-8tck9,linkerd-proxy,352.3590000000004
2637,23,orchestrator,policy-enforcer-cb8dccbd8-8tck9,linkerd-init,0.0
2638,23,client6,client6-785d875985-7h2n4,client6,841.3679999999986
2639,23,client6,client6-785d875985-7h2n4,linkerd-proxy,841.2329999999965
2640,23,client6,client6-785d875985-7h2n4,sidecar,838.7129999999997
2641,23,client6,client6-785d875985-7h2n4,linkerd-init,0.0
2642,23,client4,client4-744474fb99-l8dcb,sidecar,893.505000000001
2643,23,client4,client4-744474fb99-l8dcb,client4,895.8270000000011
2644,23,client4,client4-744474fb99-l8dcb,linkerd-proxy,895.8869999999952
2645,23,client4,client4-744474fb99-l8dcb,linkerd-init,0.0
2646,23,client17,client17-69b85b5ccf-s5vfl,client17,851.4779999999992
2647,23,client17,client17-69b85b5ccf-s5vfl,sidecar,822.210000000001
2648,23,client17,client17-69b85b5ccf-s5vfl,linkerd-proxy,848.6759999999995
2649,23,client17,client17-69b85b5ccf-s5vfl,linkerd-init,0.0
2650,23,client15,client15-79c969ddf-2qhl4,sidecar,857.525999999998
2651,23,client15,client15-79c969ddf-2qhl4,client15,859.2030000000013
2652,23,client15,client15-79c969ddf-2qhl4,linkerd-proxy,859.0500000000029
2653,23,client15,client15-79c969ddf-2qhl4,linkerd-init,0.0
2654,23,client9,client9-d68fb99b4-8z6bk,linkerd-init,0.0
2655,23,client9,client9-d68fb99b4-8z6bk,sidecar,604.1370000000006
2656,23,client9,client9-d68fb99b4-8z6bk,client9,757.1009999999951
2657,23,client9,client9-d68fb99b4-8z6bk,linkerd-proxy,755.5200000000004
2658,23,client5,client5-7d5ff7f8b4-kb9w6,sidecar,676.1849999999995
2659,23,client5,client5-7d5ff7f8b4-kb9w6,client5,769.6020000000026
2660,23,client5,client5-7d5ff7f8b4-kb9w6,linkerd-init,0.0
2661,23,client5,client5-7d5ff7f8b4-kb9w6,linkerd-proxy,765.1110000000008
2662,23,client12,client12-79bc8d5846-zjq4m,client12,915.119999999999
2663,23,client12,client12-79bc8d5846-zjq4m,sidecar,912.5849999999991
2664,23,client12,client12-79bc8d5846-zjq4m,linkerd-proxy,915.1649999999972
2665,23,client12,client12-79bc8d5846-zjq4m,linkerd-init,0.0
2666,23,client16,client16-6dc7f87f54-dsxvc,sidecar,900.6630000000005
2667,23,client16,client16-6dc7f87f54-dsxvc,client16,902.6700000000019
2668,23,client16,client16-6dc7f87f54-dsxvc,linkerd-proxy,902.270999999997
2669,23,client16,client16-6dc7f87f54-dsxvc,linkerd-init,0.0
2670,23,client2,client2-86cd6d8cf7-phhhc,client2,832.4130000000005
2671,23,client2,client2-86cd6d8cf7-phhhc,linkerd-proxy,832.3050000000003
2672,23,client2,client2-86cd6d8cf7-phhhc,sidecar,830.6490000000013
2673,23,client2,client2-86cd6d8cf7-phhhc,linkerd-init,0.0
2674,23,client3,client3-58c68898cd-brlrb,linkerd-proxy,827.0249999999978
2675,23,client3,client3-58c68898cd-brlrb,sidecar,824.4150000000009
2676,23,client3,client3-58c68898cd-brlrb,linkerd-init,0.0
2677,23,client3,client3-58c68898cd-brlrb,client3,827.0550000000039
2678,23,client18,client18-69db77c748-wt4qr,sidecar,838.0619999999981
2679,23,client18,client18-69db77c748-wt4qr,client18,839.9609999999957
2680,23,client18,client18-69db77c748-wt4qr,linkerd-init,0.0
2681,23,client18,client18-69db77c748-wt4qr,linkerd-proxy,839.7299999999996
2682,23,client7,client7-544486cc98-v52bx,sidecar,907.3080000000009
2683,23,client7,client7-544486cc98-v52bx,linkerd-init,0.0
2684,23,client7,client7-544486cc98-v52bx,linkerd-proxy,908.5589999999975
2685,23,client7,client7-544486cc98-v52bx,client7,908.880000000001
2686,23,client11,client11-565c48c7c7-v26s6,client11,863.0430000000015
2687,23,client11,client11-565c48c7c7-v26s6,sidecar,762.2879999999968
2688,23,client11,client11-565c48c7c7-v26s6,linkerd-proxy,862.8059999999969
2689,23,client11,client11-565c48c7c7-v26s6,linkerd-init,0.0
2690,23,client19,client19-56fccdb4d9-5x8ts,client19,672.8340000000026
2691,23,client19,client19-56fccdb4d9-5x8ts,sidecar,671.2619999999988
2692,23,client19,client19-56fccdb4d9-5x8ts,linkerd-init,0.0
2693,23,client19,client19-56fccdb4d9-5x8ts,linkerd-proxy,672.5429999999978
2694,23,client1,client1-7b9db886dd-5dvgn,linkerd-proxy,660.9720000000052
2695,23,client1,client1-7b9db886dd-5dvgn,linkerd-init,0.0
2696,23,client13,client13-7bf86f4f87-z2vhg,linkerd-init,0.0
2697,23,client13,client13-7bf86f4f87-z2vhg,sidecar,589.335000000001
2698,23,client13,client13-7bf86f4f87-z2vhg,client13,623.4210000000039
2699,23,client13,client13-7bf86f4f87-z2vhg,linkerd-proxy,619.7189999999991
2700,23,client20,client20-65f8864f77-tsjdt,linkerd-proxy,717.9089999999997
2701,23,client20,client20-65f8864f77-tsjdt,client20,718.1280000000006
2702,23,client20,client20-65f8864f77-tsjdt,sidecar,716.7090000000026
2703,23,client20,client20-65f8864f77-tsjdt,linkerd-init,0.0
2704,23,server,server-656f98b57f-8l82j,linkerd-proxy,460.59299999999894
2705,23,server,server-656f98b57f-8l82j,sidecar,435.9479999999985
2706,23,server,server-656f98b57f-8l82j,server,476.8709999999992
2707,23,client10,client10-694b6b97b4-7lkd7,linkerd-proxy,671.6189999999988
2708,23,client10,client10-694b6b97b4-7lkd7,sidecar,570.612000000001
2709,23,client10,client10-694b6b97b4-7lkd7,client10,671.6039999999994
2710,23,orchestrator,policy-enforcer-cb8dccbd8-8tck9,policy-enforcer,184.64699999999993
2711,23,orchestrator,orchestrator-555f7b7c9d-zn2rf,orchestrator,225.38699999999972
2712,23,orchestrator,orchestrator-555f7b7c9d-zn2rf,sidecar,321.128999999999
2713,23,api-gateway,api-gateway-6bf76d45b7-4g74g,api-gateway,372.46500000000015
2714,23,api-gateway,api-gateway-6bf76d45b7-4g74g,sidecar,286.65899999999965
2715,23,orchestrator,policy-enforcer-cb8dccbd8-8tck9,sidecar,337.7549999999992
2716,23,client1,client1-7b9db886dd-5dvgn,sidecar,560.5259999999998
2717,23,client1,client1-7b9db886dd-5dvgn,client1,664.5900000000038
2718,23,client17,maurits-dijk-23d3fcf8client171-4nldw,hfl-train-model,845.8169999999991
2719,23,client17,maurits-dijk-23d3fcf8client171-4nldw,sidecar,784.3019999999997
2720,23,client17,maurits-dijk-23d3fcf8client171-4nldw,hfl-train,992.0670000000027
2721,23,client9,maurits-dijk-23d3fcf8client91-q45t8,hfl-train-model,749.358000000002
2722,23,client9,maurits-dijk-23d3fcf8client91-q45t8,hfl-train,883.0080000000016
2723,23,client9,maurits-dijk-23d3fcf8client91-q45t8,sidecar,680.2950000000001
2724,23,client5,maurits-dijk-23d3fcf8client51-f558h,hfl-train-model,762.2520000000004
2725,23,client5,maurits-dijk-23d3fcf8client51-f558h,sidecar,629.9040000000005
2726,23,client5,maurits-dijk-23d3fcf8client51-f558h,hfl-train,901.2690000000002
2727,23,client1,maurits-dijk-23d3fcf8client11-p27wv,sidecar,614.9459999999999
2728,23,client1,maurits-dijk-23d3fcf8client11-p27wv,hfl-train,831.4589999999989
2729,23,client1,maurits-dijk-23d3fcf8client11-p27wv,hfl-train-model,655.2809999999972
2730,23,client13,maurits-dijk-23d3fcf8client131-glgnl,sidecar,457.6139999999996
2731,23,client13,maurits-dijk-23d3fcf8client131-glgnl,hfl-train,786.5220000000008
2732,23,client13,maurits-dijk-23d3fcf8client131-glgnl,hfl-train-model,616.7399999999998
2733,23,server,maurits-dijk-23d3fcf8server1-6x7s2,sidecar,440.8860000000004
2734,23,server,maurits-dijk-23d3fcf8server1-6x7s2,hfl-train,456.54299999999967
2735,23,server,maurits-dijk-23d3fcf8server1-6x7s2,hfl-train-model,786.4049999999988
2736,24,server,server-656f98b57f-8l82j,linkerd-init,0.0
2737,24,client8,client8-5845965f99-9lw8q,sidecar,802.7549999999974
2738,24,client8,client8-5845965f99-9lw8q,client8,804.4290000000001
2739,24,client8,client8-5845965f99-9lw8q,linkerd-init,0.0
2740,24,client8,client8-5845965f99-9lw8q,linkerd-proxy,804.1290000000008
2741,24,client14,client14-856b5b5576-tflrl,sidecar,906.512999999999
2742,24,client14,client14-856b5b5576-tflrl,linkerd-init,0.0
2743,24,client14,client14-856b5b5576-tflrl,client14,908.3820000000014
2744,24,client14,client14-856b5b5576-tflrl,linkerd-proxy,908.0400000000009
2745,24,client10,client10-694b6b97b4-7lkd7,linkerd-init,0.0
2746,24,api-gateway,api-gateway-6bf76d45b7-4g74g,linkerd-proxy,428.9850000000006
2747,24,orchestrator,orchestrator-555f7b7c9d-zn2rf,linkerd-init,0.0
2748,24,api-gateway,api-gateway-6bf76d45b7-4g74g,linkerd-init,0.0
2749,24,orchestrator,orchestrator-555f7b7c9d-zn2rf,linkerd-proxy,410.1389999999992
2750,24,orchestrator,policy-enforcer-cb8dccbd8-8tck9,linkerd-proxy,410.1900000000005
2751,24,orchestrator,policy-enforcer-cb8dccbd8-8tck9,linkerd-init,0.0
2752,24,client6,client6-785d875985-7h2n4,client6,741.257999999998
2753,24,client6,client6-785d875985-7h2n4,linkerd-proxy,741.0930000000044
2754,24,client6,client6-785d875985-7h2n4,sidecar,739.0589999999975
2755,24,client6,client6-785d875985-7h2n4,linkerd-init,0.0
2756,24,client4,client4-744474fb99-l8dcb,sidecar,672.9689999999973
2757,24,client4,client4-744474fb99-l8dcb,client4,675.2639999999956
2758,24,client4,client4-744474fb99-l8dcb,linkerd-proxy,675.0840000000026
2759,24,client4,client4-744474fb99-l8dcb,linkerd-init,0.0
2760,24,client17,client17-69b85b5ccf-s5vfl,client17,606.6870000000017
2761,24,client17,client17-69b85b5ccf-s5vfl,sidecar,544.0169999999998
2762,24,client17,client17-69b85b5ccf-s5vfl,linkerd-proxy,603.3269999999975
2763,24,client17,client17-69b85b5ccf-s5vfl,linkerd-init,0.0
2764,24,client15,client15-79c969ddf-2qhl4,sidecar,685.1580000000031
2765,24,client15,client15-79c969ddf-2qhl4,client15,686.7000000000007
2766,24,client15,client15-79c969ddf-2qhl4,linkerd-proxy,686.4239999999991
2767,24,client15,client15-79c969ddf-2qhl4,linkerd-init,0.0
2768,24,client9,client9-d68fb99b4-8z6bk,linkerd-init,0.0
2769,24,client9,client9-d68fb99b4-8z6bk,sidecar,613.8839999999982
2770,24,client9,client9-d68fb99b4-8z6bk,client9,688.4010000000017
2771,24,client9,client9-d68fb99b4-8z6bk,linkerd-proxy,687.5970000000016
2772,24,client5,client5-7d5ff7f8b4-kb9w6,sidecar,543.476999999999
2773,24,client5,client5-7d5ff7f8b4-kb9w6,client5,650.5290000000023
2774,24,client5,client5-7d5ff7f8b4-kb9w6,linkerd-init,0.0
2775,24,client5,client5-7d5ff7f8b4-kb9w6,linkerd-proxy,646.9049999999952
2776,24,client12,client12-79bc8d5846-zjq4m,client12,701.3520000000026
2777,24,client12,client12-79bc8d5846-zjq4m,sidecar,699.1830000000009
2778,24,client12,client12-79bc8d5846-zjq4m,linkerd-proxy,701.3370000000032
2779,24,client12,client12-79bc8d5846-zjq4m,linkerd-init,0.0
2780,24,client16,client16-6dc7f87f54-dsxvc,sidecar,771.530999999999
2781,24,client16,client16-6dc7f87f54-dsxvc,client16,773.7089999999989
2782,24,client16,client16-6dc7f87f54-dsxvc,linkerd-proxy,773.5140000000029
2783,24,client16,client16-6dc7f87f54-dsxvc,linkerd-init,0.0
2784,24,client2,client2-86cd6d8cf7-phhhc,client2,688.7669999999998
2785,24,client2,client2-86cd6d8cf7-phhhc,linkerd-proxy,688.5839999999989
2786,24,client2,client2-86cd6d8cf7-phhhc,sidecar,687.239999999998
2787,24,client2,client2-86cd6d8cf7-phhhc,linkerd-init,0.0
2788,24,client3,client3-58c68898cd-brlrb,linkerd-proxy,654.1709999999985
2789,24,client3,client3-58c68898cd-brlrb,sidecar,651.9780000000028
2790,24,client3,client3-58c68898cd-brlrb,linkerd-init,0.0
2791,24,client3,client3-58c68898cd-brlrb,client3,654.2159999999967
2792,24,client18,client18-69db77c748-wt4qr,sidecar,724.4099999999999
2793,24,client18,client18-69db77c748-wt4qr,client18,725.9070000000029
2794,24,client18,client18-69db77c748-wt4qr,linkerd-init,0.0
2795,24,client18,client18-69db77c748-wt4qr,linkerd-proxy,725.6820000000007
2796,24,client7,client7-544486cc98-v52bx,sidecar,702.4830000000002
2797,24,client7,client7-544486cc98-v52bx,linkerd-init,0.0
2798,24,client7,client7-544486cc98-v52bx,linkerd-proxy,703.5900000000001
2799,24,client7,client7-544486cc98-v52bx,client7,703.875
2800,24,client11,client11-565c48c7c7-v26s6,client11,699.7949999999983
2801,24,client11,client11-565c48c7c7-v26s6,sidecar,634.3139999999985
2802,24,client11,client11-565c48c7c7-v26s6,linkerd-proxy,699.7050000000017
2803,24,client11,client11-565c48c7c7-v26s6,linkerd-init,0.0
2804,24,client19,client19-56fccdb4d9-5x8ts,client19,909.630000000001
2805,24,client19,client19-56fccdb4d9-5x8ts,sidecar,907.7280000000028
2806,24,client19,client19-56fccdb4d9-5x8ts,linkerd-init,0.0
2807,24,client19,client19-56fccdb4d9-5x8ts,linkerd-proxy,909.4440000000031
2808,24,client1,client1-7b9db886dd-5dvgn,linkerd-proxy,828.1139999999978
2809,24,client1,client1-7b9db886dd-5dvgn,linkerd-init,0.0
2810,24,client13,client13-7bf86f4f87-z2vhg,linkerd-init,0.0
2811,24,client13,client13-7bf86f4f87-z2vhg,sidecar,736.8959999999988
2812,24,client13,client13-7bf86f4f87-z2vhg,client13,765.5969999999943
2813,24,client13,client13-7bf86f4f87-z2vhg,linkerd-proxy,759.0090000000018
2814,24,client20,client20-65f8864f77-tsjdt,linkerd-proxy,828.3359999999993
2815,24,client20,client20-65f8864f77-tsjdt,client20,828.3690000000024
2816,24,client20,client20-65f8864f77-tsjdt,sidecar,826.5720000000001
2817,24,client20,client20-65f8864f77-tsjdt,linkerd-init,0.0
2818,24,server,server-656f98b57f-8l82j,linkerd-proxy,578.862000000001
2819,24,server,server-656f98b57f-8l82j,sidecar,564.9510000000009
2820,24,server,server-656f98b57f-8l82j,server,597.7890000000007
2821,24,client10,client10-694b6b97b4-7lkd7,linkerd-proxy,789.3780000000006
2822,24,client10,client10-694b6b97b4-7lkd7,sidecar,676.893
2823,24,client10,client10-694b6b97b4-7lkd7,client10,789.273000000001
2824,24,orchestrator,policy-enforcer-cb8dccbd8-8tck9,policy-enforcer,329.72099999999955
2825,24,orchestrator,orchestrator-555f7b7c9d-zn2rf,orchestrator,302.5770000000002
2826,24,orchestrator,orchestrator-555f7b7c9d-zn2rf,sidecar,381.0719999999992
2827,24,api-gateway,api-gateway-6bf76d45b7-4g74g,api-gateway,425.52899999999863
2828,24,api-gateway,api-gateway-6bf76d45b7-4g74g,sidecar,343.6110000000017
2829,24,orchestrator,policy-enforcer-cb8dccbd8-8tck9,sidecar,405.8670000000002
2830,24,client1,client1-7b9db886dd-5dvgn,sidecar,769.5059999999994
2831,24,client1,client1-7b9db886dd-5dvgn,client1,826.8149999999987
2832,24,client17,maurits-dijk-23d3fcf8client171-4nldw,hfl-train-model,600.6870000000017
2833,24,client17,maurits-dijk-23d3fcf8client171-4nldw,sidecar,566.6460000000006
2834,24,client17,maurits-dijk-23d3fcf8client171-4nldw,hfl-train,722.387999999999
2835,24,client9,maurits-dijk-23d3fcf8client91-q45t8,hfl-train-model,682.6649999999972
2836,24,client9,maurits-dijk-23d3fcf8client91-q45t8,hfl-train,799.5449999999983
2837,24,client9,maurits-dijk-23d3fcf8client91-q45t8,sidecar,674.030999999999
2838,24,client5,maurits-dijk-23d3fcf8client51-f558h,hfl-train-model,644.921999999995
2839,24,client5,maurits-dijk-23d3fcf8client51-f558h,sidecar,571.601999999999
2840,24,client5,maurits-dijk-23d3fcf8client51-f558h,hfl-train,788.6309999999976
2841,24,client1,maurits-dijk-23d3fcf8client11-p27wv,sidecar,724.3560000000016
2842,24,client1,maurits-dijk-23d3fcf8client11-p27wv,hfl-train,942.9420000000027
2843,24,client1,maurits-dijk-23d3fcf8client11-p27wv,hfl-train-model,822.6360000000022
2844,24,client13,maurits-dijk-23d3fcf8client131-glgnl,sidecar,547.9410000000007
2845,24,client13,maurits-dijk-23d3fcf8client131-glgnl,hfl-train,927.3299999999981
2846,24,client13,maurits-dijk-23d3fcf8client131-glgnl,hfl-train-model,756.0089999999982
2847,24,server,maurits-dijk-23d3fcf8server1-6x7s2,sidecar,551.5920000000006
2848,24,server,maurits-dijk-23d3fcf8server1-6x7s2,hfl-train,576.5490000000009
2849,24,server,maurits-dijk-23d3fcf8server1-6x7s2,hfl-train-model,896.7180000000008
