,round,namespace,pod_name,container_name,joules
0,0,client6,client6-785d875985-c474z,linkerd-init,0.0
1,0,client4,client4-744474fb99-p4xwk,linkerd-init,0.0
2,0,client17,client17-69b85b5ccf-t6qfk,linkerd-init,0.0
3,0,client15,client15-79c969ddf-rnrfk,linkerd-init,0.0
4,0,client9,client9-d68fb99b4-lpsfb,linkerd-init,0.0
5,0,client5,client5-7d5ff7f8b4-sx5j8,linkerd-proxy,751.4010000000001
6,0,client5,client5-7d5ff7f8b4-sx5j8,linkerd-init,0.0
7,0,client5,client5-7d5ff7f8b4-sx5j8,client5,756.885
8,0,client5,client5-7d5ff7f8b4-sx5j8,sidecar,689.307
9,0,client12,client12-79bc8d5846-q5fw7,linkerd-init,0.0
10,0,client16,client16-6dc7f87f54-ffkxj,sidecar,900.903
11,0,client16,client16-6dc7f87f54-ffkxj,client16,902.826
12,0,client16,client16-6dc7f87f54-ffkxj,linkerd-init,0.0
13,0,client16,client16-6dc7f87f54-ffkxj,linkerd-proxy,902.673
14,0,client2,client2-86cd6d8cf7-dfw7v,client2,756.855
15,0,client2,client2-86cd6d8cf7-dfw7v,linkerd-init,0.0
16,0,client2,client2-86cd6d8cf7-dfw7v,linkerd-proxy,756.6989999999998
17,0,client2,client2-86cd6d8cf7-dfw7v,sidecar,755.058
18,0,client3,client3-58c68898cd-7djj4,sidecar,819.0540000000001
19,0,client3,client3-58c68898cd-7djj4,linkerd-init,0.0
20,0,client3,client3-58c68898cd-7djj4,client3,821.6400000000001
21,0,client3,client3-58c68898cd-7djj4,linkerd-proxy,821.535
22,0,client18,client18-69db77c748-xcj8f,client18,873.207
23,0,client18,client18-69db77c748-xcj8f,sidecar,871.485
24,0,client18,client18-69db77c748-xcj8f,linkerd-proxy,872.943
25,0,client18,client18-69db77c748-xcj8f,linkerd-init,0.0
26,0,client7,client7-544486cc98-m9g7c,sidecar,809.997
27,0,client7,client7-544486cc98-m9g7c,linkerd-proxy,811.248
28,0,client7,client7-544486cc98-m9g7c,linkerd-init,0.0
29,0,client7,client7-544486cc98-m9g7c,client7,811.7489999999999
30,0,client11,client11-565c48c7c7-dkvjs,sidecar,826.9740000000002
31,0,client11,client11-565c48c7c7-dkvjs,client11,938.3400000000001
32,0,client11,client11-565c48c7c7-dkvjs,linkerd-init,0.0
33,0,client11,client11-565c48c7c7-dkvjs,linkerd-proxy,938.1150000000001
34,0,client19,client19-56fccdb4d9-wmdll,sidecar,814.47
35,0,client19,client19-56fccdb4d9-wmdll,client19,816.1140000000001
36,0,client19,client19-56fccdb4d9-wmdll,linkerd-init,0.0
37,0,client19,client19-56fccdb4d9-wmdll,linkerd-proxy,815.7779999999998
38,0,client1,client1-7b9db886dd-bt2vd,linkerd-proxy,750.816
39,0,client1,client1-7b9db886dd-bt2vd,linkerd-init,0.0
40,0,client13,client13-7bf86f4f87-bshn4,linkerd-proxy,608.982
41,0,client13,client13-7bf86f4f87-bshn4,linkerd-init,0.0
42,0,client13,client13-7bf86f4f87-bshn4,sidecar,575.64
43,0,client13,client13-7bf86f4f87-bshn4,client13,616.392
44,0,client20,client20-65f8864f77-pxvbs,client20,734.6160000000001
45,0,client20,client20-65f8864f77-pxvbs,linkerd-proxy,734.436
46,0,client20,client20-65f8864f77-pxvbs,sidecar,684.4350000000001
47,0,client20,client20-65f8864f77-pxvbs,linkerd-init,0.0
48,0,server,server-656f98b57f-5kskm,linkerd-proxy,472.08299999999997
49,0,server,server-656f98b57f-5kskm,linkerd-init,0.0
50,0,client8,client8-5845965f99-dncnq,client8,640.431
51,0,client8,client8-5845965f99-dncnq,linkerd-init,0.0
52,0,client8,client8-5845965f99-dncnq,linkerd-proxy,640.128
53,0,client8,client8-5845965f99-dncnq,sidecar,608.853
54,0,client14,client14-856b5b5576-jdgsm,linkerd-init,0.0
55,0,client14,client14-856b5b5576-jdgsm,sidecar,695.646
56,0,client14,client14-856b5b5576-jdgsm,linkerd-proxy,697.0349999999999
57,0,client14,client14-856b5b5576-jdgsm,client14,697.335
58,0,client10,client10-694b6b97b4-qnhwd,client10,719.433
59,0,client10,client10-694b6b97b4-qnhwd,sidecar,597.3000000000001
60,0,client10,client10-694b6b97b4-qnhwd,linkerd-proxy,719.382
61,0,client10,client10-694b6b97b4-qnhwd,linkerd-init,0.0
62,0,orchestrator,policy-enforcer-cb8dccbd8-9j5rz,policy-enforcer,204.70799999999997
63,0,orchestrator,orchestrator-555f7b7c9d-h62wn,orchestrator,263.51099999999997
64,0,api-gateway,api-gateway-6bf76d45b7-8xkj8,linkerd-init,0.0
65,0,orchestrator,policy-enforcer-cb8dccbd8-9j5rz,linkerd-init,0.0
66,0,api-gateway,api-gateway-6bf76d45b7-8xkj8,api-gateway,369.45599999999996
67,0,orchestrator,policy-enforcer-cb8dccbd8-9j5rz,sidecar,262.158
68,0,orchestrator,orchestrator-555f7b7c9d-h62wn,linkerd-proxy,350.433
69,0,orchestrator,policy-enforcer-cb8dccbd8-9j5rz,linkerd-proxy,350.25899999999996
70,0,api-gateway,api-gateway-6bf76d45b7-8xkj8,linkerd-proxy,368.27700000000004
71,0,orchestrator,orchestrator-555f7b7c9d-h62wn,sidecar,331.99800000000005
72,0,orchestrator,orchestrator-555f7b7c9d-h62wn,linkerd-init,0.0
73,0,api-gateway,api-gateway-6bf76d45b7-8xkj8,sidecar,290.847
74,0,client6,client6-785d875985-c474z,client6,721.077
75,0,client6,client6-785d875985-c474z,sidecar,718.8449999999999
76,0,client6,client6-785d875985-c474z,linkerd-proxy,720.7080000000001
77,0,client4,client4-744474fb99-p4xwk,sidecar,837.3299999999999
78,0,client4,client4-744474fb99-p4xwk,client4,839.7690000000001
79,0,client4,client4-744474fb99-p4xwk,linkerd-proxy,839.6039999999999
80,0,client17,client17-69b85b5ccf-t6qfk,client17,769.7249999999999
81,0,client17,client17-69b85b5ccf-t6qfk,sidecar,651.126
82,0,client17,client17-69b85b5ccf-t6qfk,linkerd-proxy,764.982
83,0,client15,client15-79c969ddf-rnrfk,client15,781.4789999999999
84,0,client15,client15-79c969ddf-rnrfk,sidecar,740.8589999999999
85,0,client15,client15-79c969ddf-rnrfk,linkerd-proxy,781.281
86,0,client9,client9-d68fb99b4-lpsfb,linkerd-proxy,751.053
87,0,client9,client9-d68fb99b4-lpsfb,sidecar,586.389
88,0,client9,client9-d68fb99b4-lpsfb,client9,755.199
89,0,client12,client12-79bc8d5846-q5fw7,linkerd-proxy,875.4059999999998
90,0,client12,client12-79bc8d5846-q5fw7,sidecar,756.81
91,0,client12,client12-79bc8d5846-q5fw7,client12,875.3159999999998
92,0,client1,client1-7b9db886dd-bt2vd,client1,746.3159999999999
93,0,client1,client1-7b9db886dd-bt2vd,sidecar,623.0070000000001
94,0,server,server-656f98b57f-5kskm,sidecar,388.356
95,0,server,server-656f98b57f-5kskm,server,491.3910000000001
96,0,client5,maurits-dijk-d57b5102client51-s6twn,hfl-train,1024.98
97,0,client5,maurits-dijk-d57b5102client51-s6twn,hfl-train-model,811.431
98,0,client5,maurits-dijk-d57b5102client51-s6twn,sidecar,595.806
99,0,client1,maurits-dijk-d57b5102client11-76rsr,sidecar,494.01900000000006
100,0,client1,maurits-dijk-d57b5102client11-76rsr,hfl-train,911.241
101,0,client1,maurits-dijk-d57b5102client11-76rsr,hfl-train-model,745.7070000000001
102,0,client13,maurits-dijk-d57b5102client131-7gfpb,sidecar,442.467
103,0,client13,maurits-dijk-d57b5102client131-7gfpb,hfl-train,880.002
104,0,client13,maurits-dijk-d57b5102client131-7gfpb,hfl-train-model,606.132
105,0,server,maurits-dijk-d57b5102server1-6d4br,hfl-train,468.8670000000001
106,0,server,maurits-dijk-d57b5102server1-6d4br,hfl-train-model,726.4470000000001
107,0,server,maurits-dijk-d57b5102server1-6d4br,sidecar,473.607
108,0,client17,maurits-dijk-d57b5102client171-c6vfd,hfl-train,1013.1030000000001
109,0,client17,maurits-dijk-d57b5102client171-c6vfd,hfl-train-model,828.2850000000001
110,0,client17,maurits-dijk-d57b5102client171-c6vfd,sidecar,623.034
111,0,client9,maurits-dijk-d57b5102client91-b5mls,hfl-train,1025.1570000000002
112,0,client9,maurits-dijk-d57b5102client91-b5mls,hfl-train-model,802.5060000000001
113,0,client9,maurits-dijk-d57b5102client91-b5mls,sidecar,629.634
114,1,client6,client6-785d875985-c474z,linkerd-init,0.0
115,1,client4,client4-744474fb99-p4xwk,linkerd-init,0.0
116,1,client17,client17-69b85b5ccf-t6qfk,linkerd-init,0.0
117,1,client15,client15-79c969ddf-rnrfk,linkerd-init,0.0
118,1,client9,client9-d68fb99b4-lpsfb,linkerd-init,0.0
119,1,client5,client5-7d5ff7f8b4-sx5j8,linkerd-proxy,601.605
120,1,client5,client5-7d5ff7f8b4-sx5j8,linkerd-init,0.0
121,1,client5,client5-7d5ff7f8b4-sx5j8,client5,604.9950000000001
122,1,client5,client5-7d5ff7f8b4-sx5j8,sidecar,470.3879999999999
123,1,client12,client12-79bc8d5846-q5fw7,linkerd-init,0.0
124,1,client16,client16-6dc7f87f54-ffkxj,sidecar,721.3409999999999
125,1,client16,client16-6dc7f87f54-ffkxj,client16,723.2729999999999
126,1,client16,client16-6dc7f87f54-ffkxj,linkerd-init,0.0
127,1,client16,client16-6dc7f87f54-ffkxj,linkerd-proxy,723.048
128,1,client2,client2-86cd6d8cf7-dfw7v,client2,655.155
129,1,client2,client2-86cd6d8cf7-dfw7v,linkerd-init,0.0
130,1,client2,client2-86cd6d8cf7-dfw7v,linkerd-proxy,654.951
131,1,client2,client2-86cd6d8cf7-dfw7v,sidecar,653.6159999999999
132,1,client3,client3-58c68898cd-7djj4,sidecar,711.6239999999998
133,1,client3,client3-58c68898cd-7djj4,linkerd-init,0.0
134,1,client3,client3-58c68898cd-7djj4,client3,713.6789999999999
135,1,client3,client3-58c68898cd-7djj4,linkerd-proxy,713.7840000000001
136,1,client18,client18-69db77c748-xcj8f,client18,692.1210000000001
137,1,client18,client18-69db77c748-xcj8f,sidecar,690.5610000000001
138,1,client18,client18-69db77c748-xcj8f,linkerd-proxy,691.971
139,1,client18,client18-69db77c748-xcj8f,linkerd-init,0.0
140,1,client7,client7-544486cc98-m9g7c,sidecar,731.2320000000001
141,1,client7,client7-544486cc98-m9g7c,linkerd-proxy,732.1170000000001
142,1,client7,client7-544486cc98-m9g7c,linkerd-init,0.0
143,1,client7,client7-544486cc98-m9g7c,client7,732.5070000000001
144,1,client11,client11-565c48c7c7-dkvjs,sidecar,617.1509999999998
145,1,client11,client11-565c48c7c7-dkvjs,client11,724.5899999999999
146,1,client11,client11-565c48c7c7-dkvjs,linkerd-init,0.0
147,1,client11,client11-565c48c7c7-dkvjs,linkerd-proxy,724.3619999999999
148,1,client19,client19-56fccdb4d9-wmdll,sidecar,815.5889999999999
149,1,client19,client19-56fccdb4d9-wmdll,client19,816.9479999999999
150,1,client19,client19-56fccdb4d9-wmdll,linkerd-init,0.0
151,1,client19,client19-56fccdb4d9-wmdll,linkerd-proxy,816.6510000000001
152,1,client1,client1-7b9db886dd-bt2vd,linkerd-proxy,668.8319999999999
153,1,client1,client1-7b9db886dd-bt2vd,linkerd-init,0.0
154,1,client13,client13-7bf86f4f87-bshn4,linkerd-proxy,771.1980000000001
155,1,client13,client13-7bf86f4f87-bshn4,linkerd-init,0.0
156,1,client13,client13-7bf86f4f87-bshn4,sidecar,697.1400000000002
157,1,client13,client13-7bf86f4f87-bshn4,client13,776.5439999999999
158,1,client20,client20-65f8864f77-pxvbs,client20,899.319
159,1,client20,client20-65f8864f77-pxvbs,linkerd-proxy,899.1329999999999
160,1,client20,client20-65f8864f77-pxvbs,sidecar,866.727
161,1,client20,client20-65f8864f77-pxvbs,linkerd-init,0.0
162,1,server,server-656f98b57f-5kskm,linkerd-proxy,595.5330000000001
163,1,server,server-656f98b57f-5kskm,linkerd-init,0.0
164,1,client8,client8-5845965f99-dncnq,client8,828.2099999999999
165,1,client8,client8-5845965f99-dncnq,linkerd-init,0.0
166,1,client8,client8-5845965f99-dncnq,linkerd-proxy,827.6639999999999
167,1,client8,client8-5845965f99-dncnq,sidecar,750.8489999999999
168,1,client14,client14-856b5b5576-jdgsm,linkerd-init,0.0
169,1,client14,client14-856b5b5576-jdgsm,sidecar,852.8340000000001
170,1,client14,client14-856b5b5576-jdgsm,linkerd-proxy,854.5290000000001
171,1,client14,client14-856b5b5576-jdgsm,client14,854.9249999999998
172,1,client10,client10-694b6b97b4-qnhwd,client10,798.0540000000001
173,1,client10,client10-694b6b97b4-qnhwd,sidecar,703.623
174,1,client10,client10-694b6b97b4-qnhwd,linkerd-proxy,797.727
175,1,client10,client10-694b6b97b4-qnhwd,linkerd-init,0.0
176,1,orchestrator,policy-enforcer-cb8dccbd8-9j5rz,policy-enforcer,277.233
177,1,orchestrator,orchestrator-555f7b7c9d-h62wn,orchestrator,356.259
178,1,api-gateway,api-gateway-6bf76d45b7-8xkj8,linkerd-init,0.0
179,1,orchestrator,policy-enforcer-cb8dccbd8-9j5rz,linkerd-init,0.0
180,1,api-gateway,api-gateway-6bf76d45b7-8xkj8,api-gateway,434.6790000000001
181,1,orchestrator,policy-enforcer-cb8dccbd8-9j5rz,sidecar,374.028
182,1,orchestrator,orchestrator-555f7b7c9d-h62wn,linkerd-proxy,423.846
183,1,orchestrator,policy-enforcer-cb8dccbd8-9j5rz,linkerd-proxy,423.8280000000001
184,1,api-gateway,api-gateway-6bf76d45b7-8xkj8,linkerd-proxy,442.27199999999993
185,1,orchestrator,orchestrator-555f7b7c9d-h62wn,sidecar,335.397
186,1,orchestrator,orchestrator-555f7b7c9d-h62wn,linkerd-init,0.0
187,1,api-gateway,api-gateway-6bf76d45b7-8xkj8,sidecar,282.0300000000001
188,1,client6,client6-785d875985-c474z,client6,670.9830000000002
189,1,client6,client6-785d875985-c474z,sidecar,668.8980000000001
190,1,client6,client6-785d875985-c474z,linkerd-proxy,670.461
191,1,client4,client4-744474fb99-p4xwk,sidecar,803.2289999999999
192,1,client4,client4-744474fb99-p4xwk,client4,805.4459999999998
193,1,client4,client4-744474fb99-p4xwk,linkerd-proxy,805.251
194,1,client17,client17-69b85b5ccf-t6qfk,client17,668.658
195,1,client17,client17-69b85b5ccf-t6qfk,sidecar,515.715
196,1,client17,client17-69b85b5ccf-t6qfk,linkerd-proxy,663.534
197,1,client15,client15-79c969ddf-rnrfk,client15,679.656
198,1,client15,client15-79c969ddf-rnrfk,sidecar,678.1710000000002
199,1,client15,client15-79c969ddf-rnrfk,linkerd-proxy,679.365
200,1,client9,client9-d68fb99b4-lpsfb,linkerd-proxy,715.5630000000002
201,1,client9,client9-d68fb99b4-lpsfb,sidecar,485.12099999999987
202,1,client9,client9-d68fb99b4-lpsfb,client9,716.9760000000001
203,1,client12,client12-79bc8d5846-q5fw7,linkerd-proxy,728.2740000000001
204,1,client12,client12-79bc8d5846-q5fw7,sidecar,639.4890000000001
205,1,client12,client12-79bc8d5846-q5fw7,client12,728.3490000000002
206,1,client1,client1-7b9db886dd-bt2vd,client1,670.1880000000001
207,1,client1,client1-7b9db886dd-bt2vd,sidecar,581.3430000000001
208,1,server,server-656f98b57f-5kskm,sidecar,582.366
209,1,server,server-656f98b57f-5kskm,server,612.354
210,1,client5,maurits-dijk-d57b5102client51-s6twn,hfl-train,678.531
211,1,client5,maurits-dijk-d57b5102client51-s6twn,hfl-train-model,599.616
212,1,client5,maurits-dijk-d57b5102client51-s6twn,sidecar,495.2549999999999
213,1,client1,maurits-dijk-d57b5102client11-76rsr,sidecar,425.41499999999996
214,1,client1,maurits-dijk-d57b5102client11-76rsr,hfl-train,702.5550000000002
215,1,client1,maurits-dijk-d57b5102client11-76rsr,hfl-train-model,663.8790000000001
216,1,client13,maurits-dijk-d57b5102client131-7gfpb,sidecar,578.5139999999999
217,1,client13,maurits-dijk-d57b5102client131-7gfpb,hfl-train,918.384
218,1,client13,maurits-dijk-d57b5102client131-7gfpb,hfl-train-model,767.8800000000001
219,1,server,maurits-dijk-d57b5102server1-6d4br,hfl-train,590.2019999999998
220,1,server,maurits-dijk-d57b5102server1-6d4br,hfl-train-model,916.0679999999998
221,1,server,maurits-dijk-d57b5102server1-6d4br,sidecar,535.158
222,1,client17,maurits-dijk-d57b5102client171-c6vfd,hfl-train,743.01
223,1,client17,maurits-dijk-d57b5102client171-c6vfd,hfl-train-model,660.144
224,1,client17,maurits-dijk-d57b5102client171-c6vfd,sidecar,590.1959999999998
225,1,client9,maurits-dijk-d57b5102client91-b5mls,hfl-train,781.7579999999998
226,1,client9,maurits-dijk-d57b5102client91-b5mls,hfl-train-model,710.7989999999998
227,1,client9,maurits-dijk-d57b5102client91-b5mls,sidecar,645.702
228,2,client6,client6-785d875985-c474z,linkerd-init,0.0
229,2,client4,client4-744474fb99-p4xwk,linkerd-init,0.0
230,2,client17,client17-69b85b5ccf-t6qfk,linkerd-init,0.0
231,2,client15,client15-79c969ddf-rnrfk,linkerd-init,0.0
232,2,client9,client9-d68fb99b4-lpsfb,linkerd-init,0.0
233,2,client5,client5-7d5ff7f8b4-sx5j8,linkerd-proxy,754.0139999999999
234,2,client5,client5-7d5ff7f8b4-sx5j8,linkerd-init,0.0
235,2,client5,client5-7d5ff7f8b4-sx5j8,client5,756.5309999999997
236,2,client5,client5-7d5ff7f8b4-sx5j8,sidecar,614.9070000000002
237,2,client12,client12-79bc8d5846-q5fw7,linkerd-init,0.0
238,2,client16,client16-6dc7f87f54-ffkxj,sidecar,851.1660000000002
239,2,client16,client16-6dc7f87f54-ffkxj,client16,853.326
240,2,client16,client16-6dc7f87f54-ffkxj,linkerd-init,0.0
241,2,client16,client16-6dc7f87f54-ffkxj,linkerd-proxy,853.1760000000002
242,2,client2,client2-86cd6d8cf7-dfw7v,client2,701.1509999999998
243,2,client2,client2-86cd6d8cf7-dfw7v,linkerd-init,0.0
244,2,client2,client2-86cd6d8cf7-dfw7v,linkerd-proxy,700.9500000000003
245,2,client2,client2-86cd6d8cf7-dfw7v,sidecar,699.327
246,2,client3,client3-58c68898cd-7djj4,sidecar,873.6179999999999
247,2,client3,client3-58c68898cd-7djj4,linkerd-init,0.0
248,2,client3,client3-58c68898cd-7djj4,client3,876.1980000000001
249,2,client3,client3-58c68898cd-7djj4,linkerd-proxy,876.2099999999998
250,2,client18,client18-69db77c748-xcj8f,client18,768.6120000000001
251,2,client18,client18-69db77c748-xcj8f,sidecar,766.9650000000001
252,2,client18,client18-69db77c748-xcj8f,linkerd-proxy,768.2730000000001
253,2,client18,client18-69db77c748-xcj8f,linkerd-init,0.0
254,2,client7,client7-544486cc98-m9g7c,sidecar,792.7530000000002
255,2,client7,client7-544486cc98-m9g7c,linkerd-proxy,794.0069999999996
256,2,client7,client7-544486cc98-m9g7c,linkerd-init,0.0
257,2,client7,client7-544486cc98-m9g7c,client7,794.4150000000002
258,2,client11,client11-565c48c7c7-dkvjs,sidecar,551.001
259,2,client11,client11-565c48c7c7-dkvjs,client11,775.8120000000001
260,2,client11,client11-565c48c7c7-dkvjs,linkerd-init,0.0
261,2,client11,client11-565c48c7c7-dkvjs,linkerd-proxy,775.5059999999999
262,2,client19,client19-56fccdb4d9-wmdll,sidecar,873.6959999999999
263,2,client19,client19-56fccdb4d9-wmdll,client19,874.9679999999998
264,2,client19,client19-56fccdb4d9-wmdll,linkerd-init,0.0
265,2,client19,client19-56fccdb4d9-wmdll,linkerd-proxy,874.77
266,2,client1,client1-7b9db886dd-bt2vd,linkerd-proxy,588.3570000000004
267,2,client1,client1-7b9db886dd-bt2vd,linkerd-init,0.0
268,2,client13,client13-7bf86f4f87-bshn4,linkerd-proxy,609.2429999999997
269,2,client13,client13-7bf86f4f87-bshn4,linkerd-init,0.0
270,2,client13,client13-7bf86f4f87-bshn4,sidecar,473.385
271,2,client13,client13-7bf86f4f87-bshn4,client13,612.1080000000002
272,2,client20,client20-65f8864f77-pxvbs,client20,726.5519999999999
273,2,client20,client20-65f8864f77-pxvbs,linkerd-proxy,726.396
274,2,client20,client20-65f8864f77-pxvbs,sidecar,697.9379999999996
275,2,client20,client20-65f8864f77-pxvbs,linkerd-init,0.0
276,2,server,server-656f98b57f-5kskm,linkerd-proxy,489.81899999999996
277,2,server,server-656f98b57f-5kskm,linkerd-init,0.0
278,2,client8,client8-5845965f99-dncnq,client8,650.097
279,2,client8,client8-5845965f99-dncnq,linkerd-init,0.0
280,2,client8,client8-5845965f99-dncnq,linkerd-proxy,649.6380000000004
281,2,client8,client8-5845965f99-dncnq,sidecar,585.0870000000004
282,2,client14,client14-856b5b5576-jdgsm,linkerd-init,0.0
283,2,client14,client14-856b5b5576-jdgsm,sidecar,699.3989999999999
284,2,client14,client14-856b5b5576-jdgsm,linkerd-proxy,700.8120000000001
285,2,client14,client14-856b5b5576-jdgsm,client14,701.1480000000001
286,2,client10,client10-694b6b97b4-qnhwd,client10,648.3810000000001
287,2,client10,client10-694b6b97b4-qnhwd,sidecar,576.1110000000001
288,2,client10,client10-694b6b97b4-qnhwd,linkerd-proxy,648.2040000000002
289,2,client10,client10-694b6b97b4-qnhwd,linkerd-init,0.0
290,2,orchestrator,policy-enforcer-cb8dccbd8-9j5rz,policy-enforcer,249.54300000000012
291,2,orchestrator,orchestrator-555f7b7c9d-h62wn,orchestrator,195.49800000000005
292,2,api-gateway,api-gateway-6bf76d45b7-8xkj8,linkerd-init,0.0
293,2,orchestrator,policy-enforcer-cb8dccbd8-9j5rz,linkerd-init,0.0
294,2,api-gateway,api-gateway-6bf76d45b7-8xkj8,api-gateway,370.326
295,2,orchestrator,policy-enforcer-cb8dccbd8-9j5rz,sidecar,254.361
296,2,orchestrator,orchestrator-555f7b7c9d-h62wn,linkerd-proxy,345.903
297,2,orchestrator,policy-enforcer-cb8dccbd8-9j5rz,linkerd-proxy,345.84299999999996
298,2,api-gateway,api-gateway-6bf76d45b7-8xkj8,linkerd-proxy,364.3320000000001
299,2,orchestrator,orchestrator-555f7b7c9d-h62wn,sidecar,265.2270000000001
300,2,orchestrator,orchestrator-555f7b7c9d-h62wn,linkerd-init,0.0
301,2,api-gateway,api-gateway-6bf76d45b7-8xkj8,sidecar,299.54099999999994
302,2,client6,client6-785d875985-c474z,client6,827.2740000000001
303,2,client6,client6-785d875985-c474z,sidecar,824.469
304,2,client6,client6-785d875985-c474z,linkerd-proxy,826.8299999999997
305,2,client4,client4-744474fb99-p4xwk,sidecar,935.0310000000002
306,2,client4,client4-744474fb99-p4xwk,client4,937.4760000000003
307,2,client4,client4-744474fb99-p4xwk,linkerd-proxy,937.461
308,2,client17,client17-69b85b5ccf-t6qfk,client17,800.9460000000001
309,2,client17,client17-69b85b5ccf-t6qfk,sidecar,749.5979999999997
310,2,client17,client17-69b85b5ccf-t6qfk,linkerd-proxy,797.7239999999999
311,2,client15,client15-79c969ddf-rnrfk,client15,852.327
312,2,client15,client15-79c969ddf-rnrfk,sidecar,850.5749999999998
313,2,client15,client15-79c969ddf-rnrfk,linkerd-proxy,852.1020000000001
314,2,client9,client9-d68fb99b4-lpsfb,linkerd-proxy,746.5049999999999
315,2,client9,client9-d68fb99b4-lpsfb,sidecar,634.6380000000001
316,2,client9,client9-d68fb99b4-lpsfb,client9,749.0579999999995
317,2,client12,client12-79bc8d5846-q5fw7,linkerd-proxy,842.7180000000003
318,2,client12,client12-79bc8d5846-q5fw7,sidecar,703.7729999999999
319,2,client12,client12-79bc8d5846-q5fw7,client12,842.8230000000001
320,2,client1,client1-7b9db886dd-bt2vd,client1,589.6799999999998
321,2,client1,client1-7b9db886dd-bt2vd,sidecar,571.614
322,2,server,server-656f98b57f-5kskm,sidecar,426.45900000000006
323,2,server,server-656f98b57f-5kskm,server,506.55600000000004
324,2,client5,maurits-dijk-d57b5102client51-s6twn,hfl-train,834.2490000000003
325,2,client5,maurits-dijk-d57b5102client51-s6twn,hfl-train-model,751.7370000000001
326,2,client5,maurits-dijk-d57b5102client51-s6twn,sidecar,661.3980000000001
327,2,client1,maurits-dijk-d57b5102client11-76rsr,sidecar,444.18899999999996
328,2,client1,maurits-dijk-d57b5102client11-76rsr,hfl-train,624.7679999999998
329,2,client1,maurits-dijk-d57b5102client11-76rsr,hfl-train-model,583.1669999999999
330,2,client13,maurits-dijk-d57b5102client131-7gfpb,sidecar,504.03
331,2,client13,maurits-dijk-d57b5102client131-7gfpb,hfl-train,752.406
332,2,client13,maurits-dijk-d57b5102client131-7gfpb,hfl-train-model,605.8410000000001
333,2,server,maurits-dijk-d57b5102server1-6d4br,hfl-train,484.8420000000001
334,2,server,maurits-dijk-d57b5102server1-6d4br,hfl-train-model,828.6930000000002
335,2,server,maurits-dijk-d57b5102server1-6d4br,sidecar,405.80399999999986
336,2,client17,maurits-dijk-d57b5102client171-c6vfd,hfl-train,863.079
337,2,client17,maurits-dijk-d57b5102client171-c6vfd,hfl-train-model,793.9139999999998
338,2,client17,maurits-dijk-d57b5102client171-c6vfd,sidecar,782.826
339,2,client9,maurits-dijk-d57b5102client91-b5mls,hfl-train,826.317
340,2,client9,maurits-dijk-d57b5102client91-b5mls,hfl-train-model,739.6680000000001
341,2,client9,maurits-dijk-d57b5102client91-b5mls,sidecar,607.344
342,3,client6,client6-785d875985-c474z,linkerd-init,0.0
343,3,client4,client4-744474fb99-p4xwk,linkerd-init,0.0
344,3,client17,client17-69b85b5ccf-t6qfk,linkerd-init,0.0
345,3,client15,client15-79c969ddf-rnrfk,linkerd-init,0.0
346,3,client9,client9-d68fb99b4-lpsfb,linkerd-init,0.0
347,3,client5,client5-7d5ff7f8b4-sx5j8,linkerd-proxy,610.6320000000001
348,3,client5,client5-7d5ff7f8b4-sx5j8,linkerd-init,0.0
349,3,client5,client5-7d5ff7f8b4-sx5j8,client5,612.8880000000004
350,3,client5,client5-7d5ff7f8b4-sx5j8,sidecar,542.328
351,3,client12,client12-79bc8d5846-q5fw7,linkerd-init,0.0
352,3,client16,client16-6dc7f87f54-ffkxj,sidecar,712.9769999999999
353,3,client16,client16-6dc7f87f54-ffkxj,client16,714.6179999999999
354,3,client16,client16-6dc7f87f54-ffkxj,linkerd-init,0.0
355,3,client16,client16-6dc7f87f54-ffkxj,linkerd-proxy,714.4799999999996
356,3,client2,client2-86cd6d8cf7-dfw7v,client2,628.2240000000006
357,3,client2,client2-86cd6d8cf7-dfw7v,linkerd-init,0.0
358,3,client2,client2-86cd6d8cf7-dfw7v,linkerd-proxy,628.0529999999999
359,3,client2,client2-86cd6d8cf7-dfw7v,sidecar,626.7420000000002
360,3,client3,client3-58c68898cd-7djj4,sidecar,721.8900000000003
361,3,client3,client3-58c68898cd-7djj4,linkerd-init,0.0
362,3,client3,client3-58c68898cd-7djj4,client3,724.0140000000001
363,3,client3,client3-58c68898cd-7djj4,linkerd-proxy,723.9810000000002
364,3,client18,client18-69db77c748-xcj8f,client18,669.4409999999998
365,3,client18,client18-69db77c748-xcj8f,sidecar,667.9889999999996
366,3,client18,client18-69db77c748-xcj8f,linkerd-proxy,669.4200000000001
367,3,client18,client18-69db77c748-xcj8f,linkerd-init,0.0
368,3,client7,client7-544486cc98-m9g7c,sidecar,723.4709999999995
369,3,client7,client7-544486cc98-m9g7c,linkerd-proxy,724.6110000000003
370,3,client7,client7-544486cc98-m9g7c,linkerd-init,0.0
371,3,client7,client7-544486cc98-m9g7c,client7,724.8479999999995
372,3,client11,client11-565c48c7c7-dkvjs,sidecar,629.1150000000002
373,3,client11,client11-565c48c7c7-dkvjs,client11,915.1319999999996
374,3,client11,client11-565c48c7c7-dkvjs,linkerd-init,0.0
375,3,client11,client11-565c48c7c7-dkvjs,linkerd-proxy,915.0390000000002
376,3,client19,client19-56fccdb4d9-wmdll,sidecar,860.835
377,3,client19,client19-56fccdb4d9-wmdll,client19,862.4370000000004
378,3,client19,client19-56fccdb4d9-wmdll,linkerd-init,0.0
379,3,client19,client19-56fccdb4d9-wmdll,linkerd-proxy,862.3590000000004
380,3,client1,client1-7b9db886dd-bt2vd,linkerd-proxy,719.6279999999997
381,3,client1,client1-7b9db886dd-bt2vd,linkerd-init,0.0
382,3,client13,client13-7bf86f4f87-bshn4,linkerd-proxy,758.7570000000005
383,3,client13,client13-7bf86f4f87-bshn4,linkerd-init,0.0
384,3,client13,client13-7bf86f4f87-bshn4,sidecar,652.644
385,3,client13,client13-7bf86f4f87-bshn4,client13,761.2109999999998
386,3,client20,client20-65f8864f77-pxvbs,client20,820.5659999999998
387,3,client20,client20-65f8864f77-pxvbs,linkerd-proxy,820.5450000000001
388,3,client20,client20-65f8864f77-pxvbs,sidecar,778.7670000000003
389,3,client20,client20-65f8864f77-pxvbs,linkerd-init,0.0
390,3,server,server-656f98b57f-5kskm,linkerd-proxy,611.4960000000001
391,3,server,server-656f98b57f-5kskm,linkerd-init,0.0
392,3,client8,client8-5845965f99-dncnq,client8,680.0010000000002
393,3,client8,client8-5845965f99-dncnq,linkerd-init,0.0
394,3,client8,client8-5845965f99-dncnq,linkerd-proxy,679.4819999999995
395,3,client8,client8-5845965f99-dncnq,sidecar,604.7399999999998
396,3,client14,client14-856b5b5576-jdgsm,linkerd-init,0.0
397,3,client14,client14-856b5b5576-jdgsm,sidecar,727.8539999999998
398,3,client14,client14-856b5b5576-jdgsm,linkerd-proxy,729.3599999999997
399,3,client14,client14-856b5b5576-jdgsm,client14,729.5159999999996
400,3,client10,client10-694b6b97b4-qnhwd,client10,687.357
401,3,client10,client10-694b6b97b4-qnhwd,sidecar,588.1079999999997
402,3,client10,client10-694b6b97b4-qnhwd,linkerd-proxy,687.2909999999997
403,3,client10,client10-694b6b97b4-qnhwd,linkerd-init,0.0
404,3,orchestrator,policy-enforcer-cb8dccbd8-9j5rz,policy-enforcer,171.55799999999988
405,3,orchestrator,orchestrator-555f7b7c9d-h62wn,orchestrator,197.00999999999988
406,3,api-gateway,api-gateway-6bf76d45b7-8xkj8,linkerd-init,0.0
407,3,orchestrator,policy-enforcer-cb8dccbd8-9j5rz,linkerd-init,0.0
408,3,api-gateway,api-gateway-6bf76d45b7-8xkj8,api-gateway,365.82299999999987
409,3,orchestrator,policy-enforcer-cb8dccbd8-9j5rz,sidecar,237.087
410,3,orchestrator,orchestrator-555f7b7c9d-h62wn,linkerd-proxy,337.674
411,3,orchestrator,policy-enforcer-cb8dccbd8-9j5rz,linkerd-proxy,337.548
412,3,api-gateway,api-gateway-6bf76d45b7-8xkj8,linkerd-proxy,356.08799999999997
413,3,orchestrator,orchestrator-555f7b7c9d-h62wn,sidecar,291.519
414,3,orchestrator,orchestrator-555f7b7c9d-h62wn,linkerd-init,0.0
415,3,api-gateway,api-gateway-6bf76d45b7-8xkj8,sidecar,294.4590000000002
416,3,client6,client6-785d875985-c474z,client6,688.9109999999996
417,3,client6,client6-785d875985-c474z,sidecar,686.556
418,3,client6,client6-785d875985-c474z,linkerd-proxy,688.7310000000002
419,3,client4,client4-744474fb99-p4xwk,sidecar,768.192
420,3,client4,client4-744474fb99-p4xwk,client4,770.145
421,3,client4,client4-744474fb99-p4xwk,linkerd-proxy,770.1419999999998
422,3,client17,client17-69b85b5ccf-t6qfk,client17,635.4929999999999
423,3,client17,client17-69b85b5ccf-t6qfk,sidecar,497.69100000000026
424,3,client17,client17-69b85b5ccf-t6qfk,linkerd-proxy,632.7330000000002
425,3,client15,client15-79c969ddf-rnrfk,client15,678.4680000000003
426,3,client15,client15-79c969ddf-rnrfk,sidecar,677.0910000000003
427,3,client15,client15-79c969ddf-rnrfk,linkerd-proxy,678.3599999999997
428,3,client9,client9-d68fb99b4-lpsfb,linkerd-proxy,691.761
429,3,client9,client9-d68fb99b4-lpsfb,sidecar,600.6780000000001
430,3,client9,client9-d68fb99b4-lpsfb,client9,695.6610000000001
431,3,client12,client12-79bc8d5846-q5fw7,linkerd-proxy,695.5349999999999
432,3,client12,client12-79bc8d5846-q5fw7,sidecar,566.9250000000002
433,3,client12,client12-79bc8d5846-q5fw7,client12,695.565
434,3,client1,client1-7b9db886dd-bt2vd,client1,720.0239999999999
435,3,client1,client1-7b9db886dd-bt2vd,sidecar,650.0999999999999
436,3,server,server-656f98b57f-5kskm,sidecar,455.34899999999993
437,3,server,server-656f98b57f-5kskm,server,625.617
438,3,client5,maurits-dijk-d57b5102client51-s6twn,hfl-train,688.9229999999998
439,3,client5,maurits-dijk-d57b5102client51-s6twn,hfl-train-model,608.529
440,3,client5,maurits-dijk-d57b5102client51-s6twn,sidecar,548.8709999999999
441,3,client1,maurits-dijk-d57b5102client11-76rsr,sidecar,557.4749999999999
442,3,client1,maurits-dijk-d57b5102client11-76rsr,hfl-train,754.9740000000002
443,3,client1,maurits-dijk-d57b5102client11-76rsr,hfl-train-model,714.777
444,3,client13,maurits-dijk-d57b5102client131-7gfpb,sidecar,623.6220000000001
445,3,client13,maurits-dijk-d57b5102client131-7gfpb,hfl-train,904.3860000000004
446,3,client13,maurits-dijk-d57b5102client131-7gfpb,hfl-train-model,755.6190000000001
447,3,server,maurits-dijk-d57b5102server1-6d4br,hfl-train,607.809
448,3,server,maurits-dijk-d57b5102server1-6d4br,hfl-train-model,897.4919999999997
449,3,server,maurits-dijk-d57b5102server1-6d4br,sidecar,534.594
450,3,client17,maurits-dijk-d57b5102client171-c6vfd,hfl-train,701.4119999999998
451,3,client17,maurits-dijk-d57b5102client171-c6vfd,hfl-train-model,629.0279999999998
452,3,client17,maurits-dijk-d57b5102client171-c6vfd,sidecar,577.9290000000003
453,3,client9,maurits-dijk-d57b5102client91-b5mls,hfl-train,768.627
454,3,client9,maurits-dijk-d57b5102client91-b5mls,hfl-train-model,686.1779999999999
455,3,client9,maurits-dijk-d57b5102client91-b5mls,sidecar,543.1529999999996
456,4,client6,client6-785d875985-c474z,linkerd-init,0.0
457,4,client4,client4-744474fb99-p4xwk,linkerd-init,0.0
458,4,client17,client17-69b85b5ccf-t6qfk,linkerd-init,0.0
459,4,client15,client15-79c969ddf-rnrfk,linkerd-init,0.0
460,4,client9,client9-d68fb99b4-lpsfb,linkerd-init,0.0
461,4,client5,client5-7d5ff7f8b4-sx5j8,linkerd-proxy,631.5149999999999
462,4,client5,client5-7d5ff7f8b4-sx5j8,linkerd-init,0.0
463,4,client5,client5-7d5ff7f8b4-sx5j8,client5,633.9119999999998
464,4,client5,client5-7d5ff7f8b4-sx5j8,sidecar,615.6480000000001
465,4,client12,client12-79bc8d5846-q5fw7,linkerd-init,0.0
466,4,client16,client16-6dc7f87f54-ffkxj,sidecar,676.935
467,4,client16,client16-6dc7f87f54-ffkxj,client16,678.7620000000002
468,4,client16,client16-6dc7f87f54-ffkxj,linkerd-init,0.0
469,4,client16,client16-6dc7f87f54-ffkxj,linkerd-proxy,678.5400000000004
470,4,client2,client2-86cd6d8cf7-dfw7v,client2,671.2859999999996
471,4,client2,client2-86cd6d8cf7-dfw7v,linkerd-init,0.0
472,4,client2,client2-86cd6d8cf7-dfw7v,linkerd-proxy,671.2229999999995
473,4,client2,client2-86cd6d8cf7-dfw7v,sidecar,669.7619999999997
474,4,client3,client3-58c68898cd-7djj4,sidecar,788.8979999999997
475,4,client3,client3-58c68898cd-7djj4,linkerd-init,0.0
476,4,client3,client3-58c68898cd-7djj4,client3,790.8569999999995
477,4,client3,client3-58c68898cd-7djj4,linkerd-proxy,790.7519999999995
478,4,client18,client18-69db77c748-xcj8f,client18,717.2309999999998
479,4,client18,client18-69db77c748-xcj8f,sidecar,715.7249999999999
480,4,client18,client18-69db77c748-xcj8f,linkerd-proxy,717.0359999999996
481,4,client18,client18-69db77c748-xcj8f,linkerd-init,0.0
482,4,client7,client7-544486cc98-m9g7c,sidecar,808.8600000000001
483,4,client7,client7-544486cc98-m9g7c,linkerd-proxy,810.0209999999997
484,4,client7,client7-544486cc98-m9g7c,linkerd-init,0.0
485,4,client7,client7-544486cc98-m9g7c,client7,810.2790000000005
486,4,client11,client11-565c48c7c7-dkvjs,sidecar,613.281
487,4,client11,client11-565c48c7c7-dkvjs,client11,778.5810000000006
488,4,client11,client11-565c48c7c7-dkvjs,linkerd-init,0.0
489,4,client11,client11-565c48c7c7-dkvjs,linkerd-proxy,778.23
490,4,client19,client19-56fccdb4d9-wmdll,sidecar,744.5579999999995
491,4,client19,client19-56fccdb4d9-wmdll,client19,745.8989999999994
492,4,client19,client19-56fccdb4d9-wmdll,linkerd-init,0.0
493,4,client19,client19-56fccdb4d9-wmdll,linkerd-proxy,745.6439999999998
494,4,client1,client1-7b9db886dd-bt2vd,linkerd-proxy,606.2279999999996
495,4,client1,client1-7b9db886dd-bt2vd,linkerd-init,0.0
496,4,client13,client13-7bf86f4f87-bshn4,linkerd-proxy,611.0669999999996
497,4,client13,client13-7bf86f4f87-bshn4,linkerd-init,0.0
498,4,client13,client13-7bf86f4f87-bshn4,sidecar,602.616
499,4,client13,client13-7bf86f4f87-bshn4,client13,614.9820000000004
500,4,client20,client20-65f8864f77-pxvbs,client20,700.0230000000001
501,4,client20,client20-65f8864f77-pxvbs,linkerd-proxy,699.8699999999999
502,4,client20,client20-65f8864f77-pxvbs,sidecar,662.6759999999999
503,4,client20,client20-65f8864f77-pxvbs,linkerd-init,0.0
504,4,server,server-656f98b57f-5kskm,linkerd-proxy,473.94000000000005
505,4,server,server-656f98b57f-5kskm,linkerd-init,0.0
506,4,client8,client8-5845965f99-dncnq,client8,894.8729999999996
507,4,client8,client8-5845965f99-dncnq,linkerd-init,0.0
508,4,client8,client8-5845965f99-dncnq,linkerd-proxy,894.3780000000002
509,4,client8,client8-5845965f99-dncnq,sidecar,755.9670000000001
510,4,client14,client14-856b5b5576-jdgsm,linkerd-init,0.0
511,4,client14,client14-856b5b5576-jdgsm,sidecar,818.2200000000003
512,4,client14,client14-856b5b5576-jdgsm,linkerd-proxy,819.906
513,4,client14,client14-856b5b5576-jdgsm,client14,820.2090000000003
514,4,client10,client10-694b6b97b4-qnhwd,client10,876.4049999999997
515,4,client10,client10-694b6b97b4-qnhwd,sidecar,764.5830000000001
516,4,client10,client10-694b6b97b4-qnhwd,linkerd-proxy,876.1260000000002
517,4,client10,client10-694b6b97b4-qnhwd,linkerd-init,0.0
518,4,orchestrator,policy-enforcer-cb8dccbd8-9j5rz,policy-enforcer,234.34500000000014
519,4,orchestrator,orchestrator-555f7b7c9d-h62wn,orchestrator,291.95399999999995
520,4,api-gateway,api-gateway-6bf76d45b7-8xkj8,linkerd-init,0.0
521,4,orchestrator,policy-enforcer-cb8dccbd8-9j5rz,linkerd-init,0.0
522,4,api-gateway,api-gateway-6bf76d45b7-8xkj8,api-gateway,410.664
523,4,orchestrator,policy-enforcer-cb8dccbd8-9j5rz,sidecar,313.32000000000016
524,4,orchestrator,orchestrator-555f7b7c9d-h62wn,linkerd-proxy,399.48900000000003
525,4,orchestrator,policy-enforcer-cb8dccbd8-9j5rz,linkerd-proxy,399.423
526,4,api-gateway,api-gateway-6bf76d45b7-8xkj8,linkerd-proxy,418.0020000000002
527,4,orchestrator,orchestrator-555f7b7c9d-h62wn,sidecar,391.01099999999974
528,4,orchestrator,orchestrator-555f7b7c9d-h62wn,linkerd-init,0.0
529,4,api-gateway,api-gateway-6bf76d45b7-8xkj8,sidecar,343.3589999999999
530,4,client6,client6-785d875985-c474z,client6,850.2990000000004
531,4,client6,client6-785d875985-c474z,sidecar,847.6949999999997
532,4,client6,client6-785d875985-c474z,linkerd-proxy,849.8940000000002
533,4,client4,client4-744474fb99-p4xwk,sidecar,964.2689999999998
534,4,client4,client4-744474fb99-p4xwk,client4,966.6509999999998
535,4,client4,client4-744474fb99-p4xwk,linkerd-proxy,966.4710000000005
536,4,client17,client17-69b85b5ccf-t6qfk,client17,720.6659999999997
537,4,client17,client17-69b85b5ccf-t6qfk,sidecar,583.116
538,4,client17,client17-69b85b5ccf-t6qfk,linkerd-proxy,717.2219999999998
539,4,client15,client15-79c969ddf-rnrfk,client15,929.7929999999997
540,4,client15,client15-79c969ddf-rnrfk,sidecar,928.0739999999996
541,4,client15,client15-79c969ddf-rnrfk,linkerd-proxy,929.5110000000004
542,4,client9,client9-d68fb99b4-lpsfb,linkerd-proxy,761.9100000000003
543,4,client9,client9-d68fb99b4-lpsfb,sidecar,591.2429999999999
544,4,client9,client9-d68fb99b4-lpsfb,client9,762.549
545,4,client12,client12-79bc8d5846-q5fw7,linkerd-proxy,720.5999999999999
546,4,client12,client12-79bc8d5846-q5fw7,sidecar,627.9360000000001
547,4,client12,client12-79bc8d5846-q5fw7,client12,720.6299999999997
548,4,client1,client1-7b9db886dd-bt2vd,client1,607.8450000000003
549,4,client1,client1-7b9db886dd-bt2vd,sidecar,526.2689999999998
550,4,server,server-656f98b57f-5kskm,sidecar,445.19399999999996
551,4,server,server-656f98b57f-5kskm,server,484.7579999999998
552,4,client5,maurits-dijk-d57b5102client51-s6twn,hfl-train,709.6019999999999
553,4,client5,maurits-dijk-d57b5102client51-s6twn,hfl-train-model,629.4629999999997
554,4,client5,maurits-dijk-d57b5102client51-s6twn,sidecar,546.7139999999999
555,4,client1,maurits-dijk-d57b5102client11-76rsr,sidecar,425.13599999999997
556,4,client1,maurits-dijk-d57b5102client11-76rsr,hfl-train,647.3429999999998
557,4,client1,maurits-dijk-d57b5102client11-76rsr,hfl-train-model,601.7759999999998
558,4,client13,maurits-dijk-d57b5102client131-7gfpb,sidecar,476.1690000000003
559,4,client13,maurits-dijk-d57b5102client131-7gfpb,hfl-train,767.8019999999997
560,4,client13,maurits-dijk-d57b5102client131-7gfpb,hfl-train-model,608.0129999999995
561,4,server,maurits-dijk-d57b5102server1-6d4br,hfl-train,468.7260000000001
562,4,server,maurits-dijk-d57b5102server1-6d4br,hfl-train-model,749.2680000000009
563,4,server,maurits-dijk-d57b5102server1-6d4br,sidecar,453.1950000000004
564,4,client17,maurits-dijk-d57b5102client171-c6vfd,hfl-train,782.4180000000001
565,4,client17,maurits-dijk-d57b5102client171-c6vfd,hfl-train-model,713.6010000000006
566,4,client17,maurits-dijk-d57b5102client171-c6vfd,sidecar,619.8419999999996
567,4,client9,maurits-dijk-d57b5102client91-b5mls,hfl-train,843.8400000000006
568,4,client9,maurits-dijk-d57b5102client91-b5mls,hfl-train-model,754.8180000000002
569,4,client9,maurits-dijk-d57b5102client91-b5mls,sidecar,617.7870000000007
570,5,client6,client6-785d875985-c474z,linkerd-init,0.0
571,5,client4,client4-744474fb99-p4xwk,linkerd-init,0.0
572,5,client17,client17-69b85b5ccf-t6qfk,linkerd-init,0.0
573,5,client15,client15-79c969ddf-rnrfk,linkerd-init,0.0
574,5,client9,client9-d68fb99b4-lpsfb,linkerd-init,0.0
575,5,client5,client5-7d5ff7f8b4-sx5j8,linkerd-proxy,727.6709999999998
576,5,client5,client5-7d5ff7f8b4-sx5j8,linkerd-init,0.0
577,5,client5,client5-7d5ff7f8b4-sx5j8,client5,731.973
578,5,client5,client5-7d5ff7f8b4-sx5j8,sidecar,599.8379999999997
579,5,client12,client12-79bc8d5846-q5fw7,linkerd-init,0.0
580,5,client16,client16-6dc7f87f54-ffkxj,sidecar,835.7939999999999
581,5,client16,client16-6dc7f87f54-ffkxj,client16,838.308
582,5,client16,client16-6dc7f87f54-ffkxj,linkerd-init,0.0
583,5,client16,client16-6dc7f87f54-ffkxj,linkerd-proxy,838.1130000000003
584,5,client2,client2-86cd6d8cf7-dfw7v,client2,783.5549999999994
585,5,client2,client2-86cd6d8cf7-dfw7v,linkerd-init,0.0
586,5,client2,client2-86cd6d8cf7-dfw7v,linkerd-proxy,783.4200000000001
587,5,client2,client2-86cd6d8cf7-dfw7v,sidecar,781.6859999999997
588,5,client3,client3-58c68898cd-7djj4,sidecar,855.8220000000001
589,5,client3,client3-58c68898cd-7djj4,linkerd-init,0.0
590,5,client3,client3-58c68898cd-7djj4,client3,858.3240000000005
591,5,client3,client3-58c68898cd-7djj4,linkerd-proxy,858.3240000000005
592,5,client18,client18-69db77c748-xcj8f,client18,825.402000000001
593,5,client18,client18-69db77c748-xcj8f,sidecar,823.3500000000004
594,5,client18,client18-69db77c748-xcj8f,linkerd-proxy,825.3030000000003
595,5,client18,client18-69db77c748-xcj8f,linkerd-init,0.0
596,5,client7,client7-544486cc98-m9g7c,sidecar,910.2479999999996
597,5,client7,client7-544486cc98-m9g7c,linkerd-proxy,911.5770000000002
598,5,client7,client7-544486cc98-m9g7c,linkerd-init,0.0
599,5,client7,client7-544486cc98-m9g7c,client7,911.877
600,5,client11,client11-565c48c7c7-dkvjs,sidecar,795.530999999999
601,5,client11,client11-565c48c7c7-dkvjs,client11,892.9409999999998
602,5,client11,client11-565c48c7c7-dkvjs,linkerd-init,0.0
603,5,client11,client11-565c48c7c7-dkvjs,linkerd-proxy,892.6080000000002
604,5,client19,client19-56fccdb4d9-wmdll,sidecar,824.2080000000005
605,5,client19,client19-56fccdb4d9-wmdll,client19,825.9270000000006
606,5,client19,client19-56fccdb4d9-wmdll,linkerd-init,0.0
607,5,client19,client19-56fccdb4d9-wmdll,linkerd-proxy,825.8819999999996
608,5,client1,client1-7b9db886dd-bt2vd,linkerd-proxy,765.3180000000011
609,5,client1,client1-7b9db886dd-bt2vd,linkerd-init,0.0
610,5,client13,client13-7bf86f4f87-bshn4,linkerd-proxy,764.0790000000006
611,5,client13,client13-7bf86f4f87-bshn4,linkerd-init,0.0
612,5,client13,client13-7bf86f4f87-bshn4,sidecar,705.9749999999999
613,5,client13,client13-7bf86f4f87-bshn4,client13,768.3029999999999
614,5,client20,client20-65f8864f77-pxvbs,client20,794.9490000000005
615,5,client20,client20-65f8864f77-pxvbs,linkerd-proxy,795.0149999999994
616,5,client20,client20-65f8864f77-pxvbs,sidecar,680.7839999999997
617,5,client20,client20-65f8864f77-pxvbs,linkerd-init,0.0
618,5,server,server-656f98b57f-5kskm,linkerd-proxy,499.21500000000015
619,5,server,server-656f98b57f-5kskm,linkerd-init,0.0
620,5,client8,client8-5845965f99-dncnq,client8,775.1610000000005
621,5,client8,client8-5845965f99-dncnq,linkerd-init,0.0
622,5,client8,client8-5845965f99-dncnq,linkerd-proxy,774.8519999999999
623,5,client8,client8-5845965f99-dncnq,sidecar,619.2779999999998
624,5,client14,client14-856b5b5576-jdgsm,linkerd-init,0.0
625,5,client14,client14-856b5b5576-jdgsm,sidecar,728.5440000000003
626,5,client14,client14-856b5b5576-jdgsm,linkerd-proxy,729.9450000000006
627,5,client14,client14-856b5b5576-jdgsm,client14,730.0860000000002
628,5,client10,client10-694b6b97b4-qnhwd,client10,720.3209999999999
629,5,client10,client10-694b6b97b4-qnhwd,sidecar,653.6729999999998
630,5,client10,client10-694b6b97b4-qnhwd,linkerd-proxy,720.1199999999999
631,5,client10,client10-694b6b97b4-qnhwd,linkerd-init,0.0
632,5,orchestrator,policy-enforcer-cb8dccbd8-9j5rz,policy-enforcer,257.0339999999999
633,5,orchestrator,orchestrator-555f7b7c9d-h62wn,orchestrator,221.3520000000001
634,5,api-gateway,api-gateway-6bf76d45b7-8xkj8,linkerd-init,0.0
635,5,orchestrator,policy-enforcer-cb8dccbd8-9j5rz,linkerd-init,0.0
636,5,api-gateway,api-gateway-6bf76d45b7-8xkj8,api-gateway,353.40300000000025
637,5,orchestrator,policy-enforcer-cb8dccbd8-9j5rz,sidecar,283.55999999999995
638,5,orchestrator,orchestrator-555f7b7c9d-h62wn,linkerd-proxy,333.942
639,5,orchestrator,policy-enforcer-cb8dccbd8-9j5rz,linkerd-proxy,333.837
640,5,api-gateway,api-gateway-6bf76d45b7-8xkj8,linkerd-proxy,353.14800000000014
641,5,orchestrator,orchestrator-555f7b7c9d-h62wn,sidecar,315.6120000000003
642,5,orchestrator,orchestrator-555f7b7c9d-h62wn,linkerd-init,0.0
643,5,api-gateway,api-gateway-6bf76d45b7-8xkj8,sidecar,257.07299999999987
644,5,client6,client6-785d875985-c474z,client6,710.5769999999993
645,5,client6,client6-785d875985-c474z,sidecar,708.4169999999995
646,5,client6,client6-785d875985-c474z,linkerd-proxy,710.3369999999995
647,5,client4,client4-744474fb99-p4xwk,sidecar,718.6980000000003
648,5,client4,client4-744474fb99-p4xwk,client4,720.6509999999998
649,5,client4,client4-744474fb99-p4xwk,linkerd-proxy,720.6809999999996
650,5,client17,client17-69b85b5ccf-t6qfk,client17,654.2520000000004
651,5,client17,client17-69b85b5ccf-t6qfk,sidecar,648.96
652,5,client17,client17-69b85b5ccf-t6qfk,linkerd-proxy,651.306
653,5,client15,client15-79c969ddf-rnrfk,client15,678.873
654,5,client15,client15-79c969ddf-rnrfk,sidecar,677.2890000000002
655,5,client15,client15-79c969ddf-rnrfk,linkerd-proxy,678.5730000000003
656,5,client9,client9-d68fb99b4-lpsfb,linkerd-proxy,663.5939999999996
657,5,client9,client9-d68fb99b4-lpsfb,sidecar,601.2959999999998
658,5,client9,client9-d68fb99b4-lpsfb,client9,666.7950000000001
659,5,client12,client12-79bc8d5846-q5fw7,linkerd-proxy,891.654
660,5,client12,client12-79bc8d5846-q5fw7,sidecar,727.3139999999989
661,5,client12,client12-79bc8d5846-q5fw7,client12,891.594
662,5,client1,client1-7b9db886dd-bt2vd,client1,765.7559999999999
663,5,client1,client1-7b9db886dd-bt2vd,sidecar,700.4880000000003
664,5,server,server-656f98b57f-5kskm,sidecar,454.1460000000002
665,5,server,server-656f98b57f-5kskm,server,516.5550000000003
666,5,client5,maurits-dijk-d57b5102client51-s6twn,hfl-train,807.0839999999998
667,5,client5,maurits-dijk-d57b5102client51-s6twn,hfl-train-model,725.5320000000002
668,5,client5,maurits-dijk-d57b5102client51-s6twn,sidecar,595.9560000000001
669,5,client1,maurits-dijk-d57b5102client11-76rsr,sidecar,528.078
670,5,client1,maurits-dijk-d57b5102client11-76rsr,hfl-train,805.0169999999998
671,5,client1,maurits-dijk-d57b5102client11-76rsr,hfl-train-model,760.1940000000004
672,5,client13,maurits-dijk-d57b5102client131-7gfpb,sidecar,664.4279999999999
673,5,client13,maurits-dijk-d57b5102client131-7gfpb,hfl-train,912.009
674,5,client13,maurits-dijk-d57b5102client131-7gfpb,hfl-train-model,760.8300000000004
675,5,server,maurits-dijk-d57b5102server1-6d4br,hfl-train,494.03099999999995
676,5,server,maurits-dijk-d57b5102server1-6d4br,hfl-train-model,837.2159999999994
677,5,server,maurits-dijk-d57b5102server1-6d4br,sidecar,455.0819999999999
678,5,client17,maurits-dijk-d57b5102client171-c6vfd,hfl-train,718.4790000000003
679,5,client17,maurits-dijk-d57b5102client171-c6vfd,hfl-train-model,648.0539999999996
680,5,client17,maurits-dijk-d57b5102client171-c6vfd,sidecar,649.1430000000005
681,5,client9,maurits-dijk-d57b5102client91-b5mls,hfl-train,744.4439999999995
682,5,client9,maurits-dijk-d57b5102client91-b5mls,hfl-train-model,657.1890000000003
683,5,client9,maurits-dijk-d57b5102client91-b5mls,sidecar,530.3189999999995
684,6,client6,client6-785d875985-c474z,linkerd-init,0.0
685,6,client4,client4-744474fb99-p4xwk,linkerd-init,0.0
686,6,client17,client17-69b85b5ccf-t6qfk,linkerd-init,0.0
687,6,client15,client15-79c969ddf-rnrfk,linkerd-init,0.0
688,6,client9,client9-d68fb99b4-lpsfb,linkerd-init,0.0
689,6,client5,client5-7d5ff7f8b4-sx5j8,linkerd-proxy,614.4330000000009
690,6,client5,client5-7d5ff7f8b4-sx5j8,linkerd-init,0.0
691,6,client5,client5-7d5ff7f8b4-sx5j8,client5,617.9369999999999
692,6,client5,client5-7d5ff7f8b4-sx5j8,sidecar,514.8539999999998
693,6,client12,client12-79bc8d5846-q5fw7,linkerd-init,0.0
694,6,client16,client16-6dc7f87f54-ffkxj,sidecar,726.0450000000001
695,6,client16,client16-6dc7f87f54-ffkxj,client16,728.0609999999997
696,6,client16,client16-6dc7f87f54-ffkxj,linkerd-init,0.0
697,6,client16,client16-6dc7f87f54-ffkxj,linkerd-proxy,727.8929999999991
698,6,client2,client2-86cd6d8cf7-dfw7v,client2,625.2269999999999
699,6,client2,client2-86cd6d8cf7-dfw7v,linkerd-init,0.0
700,6,client2,client2-86cd6d8cf7-dfw7v,linkerd-proxy,625.0740000000005
701,6,client2,client2-86cd6d8cf7-dfw7v,sidecar,623.6850000000004
702,6,client3,client3-58c68898cd-7djj4,sidecar,693.8879999999999
703,6,client3,client3-58c68898cd-7djj4,linkerd-init,0.0
704,6,client3,client3-58c68898cd-7djj4,client3,695.7839999999997
705,6,client3,client3-58c68898cd-7djj4,linkerd-proxy,695.6159999999991
706,6,client18,client18-69db77c748-xcj8f,client18,754.2839999999997
707,6,client18,client18-69db77c748-xcj8f,sidecar,752.3699999999999
708,6,client18,client18-69db77c748-xcj8f,linkerd-proxy,754.0860000000002
709,6,client18,client18-69db77c748-xcj8f,linkerd-init,0.0
710,6,client7,client7-544486cc98-m9g7c,sidecar,676.0980000000009
711,6,client7,client7-544486cc98-m9g7c,linkerd-proxy,677.1450000000004
712,6,client7,client7-544486cc98-m9g7c,linkerd-init,0.0
713,6,client7,client7-544486cc98-m9g7c,client7,677.415
714,6,client11,client11-565c48c7c7-dkvjs,sidecar,648.027000000001
715,6,client11,client11-565c48c7c7-dkvjs,client11,705.1739999999991
716,6,client11,client11-565c48c7c7-dkvjs,linkerd-init,0.0
717,6,client11,client11-565c48c7c7-dkvjs,linkerd-proxy,705.0
718,6,client19,client19-56fccdb4d9-wmdll,sidecar,695.0190000000002
719,6,client19,client19-56fccdb4d9-wmdll,client19,696.4409999999998
720,6,client19,client19-56fccdb4d9-wmdll,linkerd-init,0.0
721,6,client19,client19-56fccdb4d9-wmdll,linkerd-proxy,696.2759999999998
722,6,client1,client1-7b9db886dd-bt2vd,linkerd-proxy,652.3919999999998
723,6,client1,client1-7b9db886dd-bt2vd,linkerd-init,0.0
724,6,client13,client13-7bf86f4f87-bshn4,linkerd-proxy,620.4299999999994
725,6,client13,client13-7bf86f4f87-bshn4,linkerd-init,0.0
726,6,client13,client13-7bf86f4f87-bshn4,sidecar,578.4239999999995
727,6,client13,client13-7bf86f4f87-bshn4,client13,624.2340000000004
728,6,client20,client20-65f8864f77-pxvbs,client20,751.1669999999995
729,6,client20,client20-65f8864f77-pxvbs,linkerd-proxy,751.0710000000008
730,6,client20,client20-65f8864f77-pxvbs,sidecar,608.0340000000006
731,6,client20,client20-65f8864f77-pxvbs,linkerd-init,0.0
732,6,server,server-656f98b57f-5kskm,linkerd-proxy,602.9669999999996
733,6,server,server-656f98b57f-5kskm,linkerd-init,0.0
734,6,client8,client8-5845965f99-dncnq,client8,871.3469999999998
735,6,client8,client8-5845965f99-dncnq,linkerd-init,0.0
736,6,client8,client8-5845965f99-dncnq,linkerd-proxy,870.9870000000001
737,6,client8,client8-5845965f99-dncnq,sidecar,719.6969999999992
738,6,client14,client14-856b5b5576-jdgsm,linkerd-init,0.0
739,6,client14,client14-856b5b5576-jdgsm,sidecar,853.5089999999991
740,6,client14,client14-856b5b5576-jdgsm,linkerd-proxy,855.1739999999991
741,6,client14,client14-856b5b5576-jdgsm,client14,855.5009999999993
742,6,client10,client10-694b6b97b4-qnhwd,client10,824.8500000000004
743,6,client10,client10-694b6b97b4-qnhwd,sidecar,784.6110000000008
744,6,client10,client10-694b6b97b4-qnhwd,linkerd-proxy,824.7210000000005
745,6,client10,client10-694b6b97b4-qnhwd,linkerd-init,0.0
746,6,orchestrator,policy-enforcer-cb8dccbd8-9j5rz,policy-enforcer,241.08000000000015
747,6,orchestrator,orchestrator-555f7b7c9d-h62wn,orchestrator,202.3710000000001
748,6,api-gateway,api-gateway-6bf76d45b7-8xkj8,linkerd-init,0.0
749,6,orchestrator,policy-enforcer-cb8dccbd8-9j5rz,linkerd-init,0.0
750,6,api-gateway,api-gateway-6bf76d45b7-8xkj8,api-gateway,403.34999999999945
751,6,orchestrator,policy-enforcer-cb8dccbd8-9j5rz,sidecar,309.0360000000003
752,6,orchestrator,orchestrator-555f7b7c9d-h62wn,linkerd-proxy,390.8670000000002
753,6,orchestrator,policy-enforcer-cb8dccbd8-9j5rz,linkerd-proxy,390.8340000000003
754,6,api-gateway,api-gateway-6bf76d45b7-8xkj8,linkerd-proxy,410.04599999999937
755,6,orchestrator,orchestrator-555f7b7c9d-h62wn,sidecar,359.721
756,6,orchestrator,orchestrator-555f7b7c9d-h62wn,linkerd-init,0.0
757,6,api-gateway,api-gateway-6bf76d45b7-8xkj8,sidecar,292.0799999999999
758,6,client6,client6-785d875985-c474z,client6,643.5839999999998
759,6,client6,client6-785d875985-c474z,sidecar,641.442
760,6,client6,client6-785d875985-c474z,linkerd-proxy,643.4639999999999
761,6,client4,client4-744474fb99-p4xwk,sidecar,832.2389999999996
762,6,client4,client4-744474fb99-p4xwk,client4,834.3720000000003
763,6,client4,client4-744474fb99-p4xwk,linkerd-proxy,834.357
764,6,client17,client17-69b85b5ccf-t6qfk,client17,641.2049999999999
765,6,client17,client17-69b85b5ccf-t6qfk,sidecar,540.1679999999997
766,6,client17,client17-69b85b5ccf-t6qfk,linkerd-proxy,637.7310000000007
767,6,client15,client15-79c969ddf-rnrfk,client15,716.5560000000005
768,6,client15,client15-79c969ddf-rnrfk,sidecar,715.0140000000001
769,6,client15,client15-79c969ddf-rnrfk,linkerd-proxy,716.2469999999994
770,6,client9,client9-d68fb99b4-lpsfb,linkerd-proxy,643.6469999999999
771,6,client9,client9-d68fb99b4-lpsfb,sidecar,502.1999999999998
772,6,client9,client9-d68fb99b4-lpsfb,client9,646.9470000000001
773,6,client12,client12-79bc8d5846-q5fw7,linkerd-proxy,705.5190000000002
774,6,client12,client12-79bc8d5846-q5fw7,sidecar,637.6890000000012
775,6,client12,client12-79bc8d5846-q5fw7,client12,705.6090000000004
776,6,client1,client1-7b9db886dd-bt2vd,client1,651.3900000000003
777,6,client1,client1-7b9db886dd-bt2vd,sidecar,608.0549999999994
778,6,server,server-656f98b57f-5kskm,sidecar,469.64699999999993
779,6,server,server-656f98b57f-5kskm,server,615.9719999999998
780,6,client5,maurits-dijk-d57b5102client51-s6twn,hfl-train,702.951
781,6,client5,maurits-dijk-d57b5102client51-s6twn,hfl-train-model,611.3699999999999
782,6,client5,maurits-dijk-d57b5102client51-s6twn,sidecar,515.5590000000002
783,6,client1,maurits-dijk-d57b5102client11-76rsr,sidecar,559.5030000000002
784,6,client1,maurits-dijk-d57b5102client11-76rsr,hfl-train,686.7359999999999
785,6,client1,maurits-dijk-d57b5102client11-76rsr,hfl-train-model,646.7249999999995
786,6,client13,maurits-dijk-d57b5102client131-7gfpb,sidecar,448.51800000000003
787,6,client13,maurits-dijk-d57b5102client131-7gfpb,hfl-train,766.6799999999994
788,6,client13,maurits-dijk-d57b5102client131-7gfpb,hfl-train-model,617.3909999999996
789,6,server,maurits-dijk-d57b5102server1-6d4br,hfl-train,595.5930000000003
790,6,server,maurits-dijk-d57b5102server1-6d4br,hfl-train-model,929.2439999999997
791,6,server,maurits-dijk-d57b5102server1-6d4br,sidecar,465.69299999999976
792,6,client17,maurits-dijk-d57b5102client171-c6vfd,hfl-train,704.094
793,6,client17,maurits-dijk-d57b5102client171-c6vfd,hfl-train-model,634.6440000000002
794,6,client17,maurits-dijk-d57b5102client171-c6vfd,sidecar,609.0389999999998
795,6,client9,maurits-dijk-d57b5102client91-b5mls,hfl-train,718.7399999999998
796,6,client9,maurits-dijk-d57b5102client91-b5mls,hfl-train-model,638.039999999999
797,6,client9,maurits-dijk-d57b5102client91-b5mls,sidecar,502.326
798,7,client6,client6-785d875985-c474z,linkerd-init,0.0
799,7,client4,client4-744474fb99-p4xwk,linkerd-init,0.0
800,7,client17,client17-69b85b5ccf-t6qfk,linkerd-init,0.0
801,7,client15,client15-79c969ddf-rnrfk,linkerd-init,0.0
802,7,client9,client9-d68fb99b4-lpsfb,linkerd-init,0.0
803,7,client5,client5-7d5ff7f8b4-sx5j8,linkerd-proxy,770.7029999999995
804,7,client5,client5-7d5ff7f8b4-sx5j8,linkerd-init,0.0
805,7,client5,client5-7d5ff7f8b4-sx5j8,client5,773.7120000000004
806,7,client5,client5-7d5ff7f8b4-sx5j8,sidecar,626.4030000000002
807,7,client12,client12-79bc8d5846-q5fw7,linkerd-init,0.0
808,7,client16,client16-6dc7f87f54-ffkxj,sidecar,855.7110000000002
809,7,client16,client16-6dc7f87f54-ffkxj,client16,858.3510000000006
810,7,client16,client16-6dc7f87f54-ffkxj,linkerd-init,0.0
811,7,client16,client16-6dc7f87f54-ffkxj,linkerd-proxy,858.2160000000003
812,7,client2,client2-86cd6d8cf7-dfw7v,client2,766.938000000001
813,7,client2,client2-86cd6d8cf7-dfw7v,linkerd-init,0.0
814,7,client2,client2-86cd6d8cf7-dfw7v,linkerd-proxy,766.7039999999997
815,7,client2,client2-86cd6d8cf7-dfw7v,sidecar,764.9340000000002
816,7,client3,client3-58c68898cd-7djj4,sidecar,824.5259999999998
817,7,client3,client3-58c68898cd-7djj4,linkerd-init,0.0
818,7,client3,client3-58c68898cd-7djj4,client3,826.6350000000002
819,7,client3,client3-58c68898cd-7djj4,linkerd-proxy,826.4670000000006
820,7,client18,client18-69db77c748-xcj8f,client18,865.2179999999998
821,7,client18,client18-69db77c748-xcj8f,sidecar,863.3070000000007
822,7,client18,client18-69db77c748-xcj8f,linkerd-proxy,865.1729999999998
823,7,client18,client18-69db77c748-xcj8f,linkerd-init,0.0
824,7,client7,client7-544486cc98-m9g7c,sidecar,788.4719999999988
825,7,client7,client7-544486cc98-m9g7c,linkerd-proxy,789.704999999999
826,7,client7,client7-544486cc98-m9g7c,linkerd-init,0.0
827,7,client7,client7-544486cc98-m9g7c,client7,789.9779999999992
828,7,client11,client11-565c48c7c7-dkvjs,sidecar,743.9399999999996
829,7,client11,client11-565c48c7c7-dkvjs,client11,779.7510000000011
830,7,client11,client11-565c48c7c7-dkvjs,linkerd-init,0.0
831,7,client11,client11-565c48c7c7-dkvjs,linkerd-proxy,779.5829999999996
832,7,client19,client19-56fccdb4d9-wmdll,sidecar,796.2749999999996
833,7,client19,client19-56fccdb4d9-wmdll,client19,798.1979999999994
834,7,client19,client19-56fccdb4d9-wmdll,linkerd-init,0.0
835,7,client19,client19-56fccdb4d9-wmdll,linkerd-proxy,798.0479999999998
836,7,client1,client1-7b9db886dd-bt2vd,linkerd-proxy,800.2529999999997
837,7,client1,client1-7b9db886dd-bt2vd,linkerd-init,0.0
838,7,client13,client13-7bf86f4f87-bshn4,linkerd-proxy,621.2430000000004
839,7,client13,client13-7bf86f4f87-bshn4,linkerd-init,0.0
840,7,client13,client13-7bf86f4f87-bshn4,sidecar,588.9750000000004
841,7,client13,client13-7bf86f4f87-bshn4,client13,625.4429999999993
842,7,client20,client20-65f8864f77-pxvbs,client20,750.7439999999997
843,7,client20,client20-65f8864f77-pxvbs,linkerd-proxy,750.6329999999998
844,7,client20,client20-65f8864f77-pxvbs,sidecar,642.1199999999999
845,7,client20,client20-65f8864f77-pxvbs,linkerd-init,0.0
846,7,server,server-656f98b57f-5kskm,linkerd-proxy,504.6509999999994
847,7,server,server-656f98b57f-5kskm,linkerd-init,0.0
848,7,client8,client8-5845965f99-dncnq,client8,655.8029999999999
849,7,client8,client8-5845965f99-dncnq,linkerd-init,0.0
850,7,client8,client8-5845965f99-dncnq,linkerd-proxy,655.5450000000001
851,7,client8,client8-5845965f99-dncnq,sidecar,580.215000000001
852,7,client14,client14-856b5b5576-jdgsm,linkerd-init,0.0
853,7,client14,client14-856b5b5576-jdgsm,sidecar,688.710000000001
854,7,client14,client14-856b5b5576-jdgsm,linkerd-proxy,689.9970000000003
855,7,client14,client14-856b5b5576-jdgsm,client14,690.3540000000003
856,7,client10,client10-694b6b97b4-qnhwd,client10,721.4880000000003
857,7,client10,client10-694b6b97b4-qnhwd,sidecar,693.5729999999994
858,7,client10,client10-694b6b97b4-qnhwd,linkerd-proxy,721.4579999999996
859,7,client10,client10-694b6b97b4-qnhwd,linkerd-init,0.0
860,7,orchestrator,policy-enforcer-cb8dccbd8-9j5rz,policy-enforcer,170.72399999999993
861,7,orchestrator,orchestrator-555f7b7c9d-h62wn,orchestrator,202.30499999999984
862,7,api-gateway,api-gateway-6bf76d45b7-8xkj8,linkerd-init,0.0
863,7,orchestrator,policy-enforcer-cb8dccbd8-9j5rz,linkerd-init,0.0
864,7,api-gateway,api-gateway-6bf76d45b7-8xkj8,api-gateway,353.6130000000003
865,7,orchestrator,policy-enforcer-cb8dccbd8-9j5rz,sidecar,204.0359999999996
866,7,orchestrator,orchestrator-555f7b7c9d-h62wn,linkerd-proxy,340.2389999999996
867,7,orchestrator,policy-enforcer-cb8dccbd8-9j5rz,linkerd-proxy,340.1999999999998
868,7,api-gateway,api-gateway-6bf76d45b7-8xkj8,linkerd-proxy,359.1600000000003
869,7,orchestrator,orchestrator-555f7b7c9d-h62wn,sidecar,320.26800000000003
870,7,orchestrator,orchestrator-555f7b7c9d-h62wn,linkerd-init,0.0
871,7,api-gateway,api-gateway-6bf76d45b7-8xkj8,sidecar,270.44100000000026
872,7,client6,client6-785d875985-c474z,client6,792.8490000000002
873,7,client6,client6-785d875985-c474z,sidecar,790.2660000000005
874,7,client6,client6-785d875985-c474z,linkerd-proxy,792.6090000000004
875,7,client4,client4-744474fb99-p4xwk,sidecar,866.9879999999994
876,7,client4,client4-744474fb99-p4xwk,client4,869.4629999999997
877,7,client4,client4-744474fb99-p4xwk,linkerd-proxy,869.2529999999997
878,7,client17,client17-69b85b5ccf-t6qfk,client17,791.5709999999999
879,7,client17,client17-69b85b5ccf-t6qfk,sidecar,675.4140000000007
880,7,client17,client17-69b85b5ccf-t6qfk,linkerd-proxy,787.6319999999996
881,7,client15,client15-79c969ddf-rnrfk,client15,839.1539999999995
882,7,client15,client15-79c969ddf-rnrfk,sidecar,837.3779999999997
883,7,client15,client15-79c969ddf-rnrfk,linkerd-proxy,838.9260000000004
884,7,client9,client9-d68fb99b4-lpsfb,linkerd-proxy,822.6690000000008
885,7,client9,client9-d68fb99b4-lpsfb,sidecar,718.4849999999997
886,7,client9,client9-d68fb99b4-lpsfb,client9,825.1800000000003
887,7,client12,client12-79bc8d5846-q5fw7,linkerd-proxy,849.9719999999998
888,7,client12,client12-79bc8d5846-q5fw7,sidecar,740.7629999999999
889,7,client12,client12-79bc8d5846-q5fw7,client12,849.9719999999998
890,7,client1,client1-7b9db886dd-bt2vd,client1,800.6970000000001
891,7,client1,client1-7b9db886dd-bt2vd,sidecar,667.3140000000003
892,7,server,server-656f98b57f-5kskm,sidecar,410.3850000000002
893,7,server,server-656f98b57f-5kskm,server,517.0169999999998
894,7,client5,maurits-dijk-d57b5102client51-s6twn,hfl-train,862.1130000000003
895,7,client5,maurits-dijk-d57b5102client51-s6twn,hfl-train-model,767.6970000000001
896,7,client5,maurits-dijk-d57b5102client51-s6twn,sidecar,720.5129999999999
897,7,client1,maurits-dijk-d57b5102client11-76rsr,sidecar,654.9480000000008
898,7,client1,maurits-dijk-d57b5102client11-76rsr,hfl-train,839.6009999999997
899,7,client1,maurits-dijk-d57b5102client11-76rsr,hfl-train-model,794.9790000000003
900,7,client13,maurits-dijk-d57b5102client131-7gfpb,sidecar,467.27999999999975
901,7,client13,maurits-dijk-d57b5102client131-7gfpb,hfl-train,771.75
902,7,client13,maurits-dijk-d57b5102client131-7gfpb,hfl-train-model,617.6549999999997
903,7,server,maurits-dijk-d57b5102server1-6d4br,hfl-train,501.21600000000035
904,7,server,maurits-dijk-d57b5102server1-6d4br,hfl-train-model,774.6180000000004
905,7,server,maurits-dijk-d57b5102server1-6d4br,sidecar,433.22400000000016
906,7,client17,maurits-dijk-d57b5102client171-c6vfd,hfl-train,854.1480000000001
907,7,client17,maurits-dijk-d57b5102client171-c6vfd,hfl-train-model,784.5330000000004
908,7,client17,maurits-dijk-d57b5102client171-c6vfd,sidecar,673.0649999999996
909,7,client9,maurits-dijk-d57b5102client91-b5mls,hfl-train,899.5649999999996
910,7,client9,maurits-dijk-d57b5102client91-b5mls,hfl-train-model,815.6220000000003
911,7,client9,maurits-dijk-d57b5102client91-b5mls,sidecar,581.8170000000005
912,8,client6,client6-785d875985-c474z,linkerd-init,0.0
913,8,client4,client4-744474fb99-p4xwk,linkerd-init,0.0
914,8,client17,client17-69b85b5ccf-t6qfk,linkerd-init,0.0
915,8,client15,client15-79c969ddf-rnrfk,linkerd-init,0.0
916,8,client9,client9-d68fb99b4-lpsfb,linkerd-init,0.0
917,8,client5,client5-7d5ff7f8b4-sx5j8,linkerd-proxy,610.9290000000001
918,8,client5,client5-7d5ff7f8b4-sx5j8,linkerd-init,0.0
919,8,client5,client5-7d5ff7f8b4-sx5j8,client5,614.2589999999991
920,8,client5,client5-7d5ff7f8b4-sx5j8,sidecar,482.7659999999996
921,8,client12,client12-79bc8d5846-q5fw7,linkerd-init,0.0
922,8,client16,client16-6dc7f87f54-ffkxj,sidecar,695.469
923,8,client16,client16-6dc7f87f54-ffkxj,client16,697.3980000000001
924,8,client16,client16-6dc7f87f54-ffkxj,linkerd-init,0.0
925,8,client16,client16-6dc7f87f54-ffkxj,linkerd-proxy,697.1879999999992
926,8,client2,client2-86cd6d8cf7-dfw7v,client2,611.3400000000001
927,8,client2,client2-86cd6d8cf7-dfw7v,linkerd-init,0.0
928,8,client2,client2-86cd6d8cf7-dfw7v,linkerd-proxy,611.0910000000003
929,8,client2,client2-86cd6d8cf7-dfw7v,sidecar,609.6630000000005
930,8,client3,client3-58c68898cd-7djj4,sidecar,714.8819999999996
931,8,client3,client3-58c68898cd-7djj4,linkerd-init,0.0
932,8,client3,client3-58c68898cd-7djj4,client3,716.5289999999995
933,8,client3,client3-58c68898cd-7djj4,linkerd-proxy,716.4660000000003
934,8,client18,client18-69db77c748-xcj8f,client18,657.2789999999995
935,8,client18,client18-69db77c748-xcj8f,sidecar,655.8419999999996
936,8,client18,client18-69db77c748-xcj8f,linkerd-proxy,657.0839999999998
937,8,client18,client18-69db77c748-xcj8f,linkerd-init,0.0
938,8,client7,client7-544486cc98-m9g7c,sidecar,699.5700000000015
939,8,client7,client7-544486cc98-m9g7c,linkerd-proxy,700.674
940,8,client7,client7-544486cc98-m9g7c,linkerd-init,0.0
941,8,client7,client7-544486cc98-m9g7c,client7,700.902000000001
942,8,client11,client11-565c48c7c7-dkvjs,sidecar,632.2830000000004
943,8,client11,client11-565c48c7c7-dkvjs,client11,665.5259999999998
944,8,client11,client11-565c48c7c7-dkvjs,linkerd-init,0.0
945,8,client11,client11-565c48c7c7-dkvjs,linkerd-proxy,665.3549999999996
946,8,client19,client19-56fccdb4d9-wmdll,sidecar,768.4979999999996
947,8,client19,client19-56fccdb4d9-wmdll,client19,770.0520000000006
948,8,client19,client19-56fccdb4d9-wmdll,linkerd-init,0.0
949,8,client19,client19-56fccdb4d9-wmdll,linkerd-proxy,770.0820000000003
950,8,client1,client1-7b9db886dd-bt2vd,linkerd-proxy,641.5050000000001
951,8,client1,client1-7b9db886dd-bt2vd,linkerd-init,0.0
952,8,client13,client13-7bf86f4f87-bshn4,linkerd-proxy,721.7820000000002
953,8,client13,client13-7bf86f4f87-bshn4,linkerd-init,0.0
954,8,client13,client13-7bf86f4f87-bshn4,sidecar,665.6880000000001
955,8,client13,client13-7bf86f4f87-bshn4,client13,725.5259999999998
956,8,client20,client20-65f8864f77-pxvbs,client20,814.2870000000003
957,8,client20,client20-65f8864f77-pxvbs,linkerd-proxy,814.1369999999997
958,8,client20,client20-65f8864f77-pxvbs,sidecar,738.2340000000004
959,8,client20,client20-65f8864f77-pxvbs,linkerd-init,0.0
960,8,server,server-656f98b57f-5kskm,linkerd-proxy,599.4630000000006
961,8,server,server-656f98b57f-5kskm,linkerd-init,0.0
962,8,client8,client8-5845965f99-dncnq,client8,813.567
963,8,client8,client8-5845965f99-dncnq,linkerd-init,0.0
964,8,client8,client8-5845965f99-dncnq,linkerd-proxy,813.4140000000007
965,8,client8,client8-5845965f99-dncnq,sidecar,729.219
966,8,client14,client14-856b5b5576-jdgsm,linkerd-init,0.0
967,8,client14,client14-856b5b5576-jdgsm,sidecar,825.5579999999991
968,8,client14,client14-856b5b5576-jdgsm,linkerd-proxy,827.268
969,8,client14,client14-856b5b5576-jdgsm,client14,827.5950000000003
970,8,client10,client10-694b6b97b4-qnhwd,client10,840.8249999999998
971,8,client10,client10-694b6b97b4-qnhwd,sidecar,806.3760000000002
972,8,client10,client10-694b6b97b4-qnhwd,linkerd-proxy,841.0799999999999
973,8,client10,client10-694b6b97b4-qnhwd,linkerd-init,0.0
974,8,orchestrator,policy-enforcer-cb8dccbd8-9j5rz,policy-enforcer,260.5709999999999
975,8,orchestrator,orchestrator-555f7b7c9d-h62wn,orchestrator,309.135
976,8,api-gateway,api-gateway-6bf76d45b7-8xkj8,linkerd-init,0.0
977,8,orchestrator,policy-enforcer-cb8dccbd8-9j5rz,linkerd-init,0.0
978,8,api-gateway,api-gateway-6bf76d45b7-8xkj8,api-gateway,405.288
979,8,orchestrator,policy-enforcer-cb8dccbd8-9j5rz,sidecar,387.18600000000015
980,8,orchestrator,orchestrator-555f7b7c9d-h62wn,linkerd-proxy,410.3760000000002
981,8,orchestrator,policy-enforcer-cb8dccbd8-9j5rz,linkerd-proxy,410.3159999999998
982,8,api-gateway,api-gateway-6bf76d45b7-8xkj8,linkerd-proxy,428.433
983,8,orchestrator,orchestrator-555f7b7c9d-h62wn,sidecar,405.1139999999996
984,8,orchestrator,orchestrator-555f7b7c9d-h62wn,linkerd-init,0.0
985,8,api-gateway,api-gateway-6bf76d45b7-8xkj8,sidecar,314.34299999999985
986,8,client6,client6-785d875985-c474z,client6,741.1740000000009
987,8,client6,client6-785d875985-c474z,sidecar,739.1820000000007
988,8,client6,client6-785d875985-c474z,linkerd-proxy,740.9190000000008
989,8,client4,client4-744474fb99-p4xwk,sidecar,754.9140000000016
990,8,client4,client4-744474fb99-p4xwk,client4,756.8340000000007
991,8,client4,client4-744474fb99-p4xwk,linkerd-proxy,756.8640000000014
992,8,client17,client17-69b85b5ccf-t6qfk,client17,646.9499999999998
993,8,client17,client17-69b85b5ccf-t6qfk,sidecar,592.4790000000003
994,8,client17,client17-69b85b5ccf-t6qfk,linkerd-proxy,644.6129999999994
995,8,client15,client15-79c969ddf-rnrfk,client15,680.4539999999997
996,8,client15,client15-79c969ddf-rnrfk,sidecar,679.0019999999995
997,8,client15,client15-79c969ddf-rnrfk,linkerd-proxy,680.2650000000003
998,8,client9,client9-d68fb99b4-lpsfb,linkerd-proxy,652.9619999999995
999,8,client9,client9-d68fb99b4-lpsfb,sidecar,471.96000000000095
1000,8,client9,client9-d68fb99b4-lpsfb,client9,653.6669999999995
1001,8,client12,client12-79bc8d5846-q5fw7,linkerd-proxy,706.1999999999998
1002,8,client12,client12-79bc8d5846-q5fw7,sidecar,619.1880000000001
1003,8,client12,client12-79bc8d5846-q5fw7,client12,706.1549999999997
1004,8,client1,client1-7b9db886dd-bt2vd,client1,641.4809999999989
1005,8,client1,client1-7b9db886dd-bt2vd,sidecar,562.6080000000002
1006,8,server,server-656f98b57f-5kskm,sidecar,554.3610000000003
1007,8,server,server-656f98b57f-5kskm,server,613.4610000000002
1008,8,client5,maurits-dijk-d57b5102client51-s6twn,hfl-train,687.8190000000004
1009,8,client5,maurits-dijk-d57b5102client51-s6twn,hfl-train-model,608.424
1010,8,client5,maurits-dijk-d57b5102client51-s6twn,sidecar,573.4499999999998
1011,8,client1,maurits-dijk-d57b5102client11-76rsr,sidecar,570.905999999999
1012,8,client1,maurits-dijk-d57b5102client11-76rsr,hfl-train,675.7890000000007
1013,8,client1,maurits-dijk-d57b5102client11-76rsr,hfl-train-model,636.9030000000002
1014,8,client13,maurits-dijk-d57b5102client131-7gfpb,sidecar,501.27599999999984
1015,8,client13,maurits-dijk-d57b5102client131-7gfpb,hfl-train,863.7030000000013
1016,8,client13,maurits-dijk-d57b5102client131-7gfpb,hfl-train-model,718.4220000000005
1017,8,server,maurits-dijk-d57b5102server1-6d4br,hfl-train,595.8329999999987
1018,8,server,maurits-dijk-d57b5102server1-6d4br,hfl-train-model,958.5630000000001
1019,8,server,maurits-dijk-d57b5102server1-6d4br,sidecar,502.9889999999996
1020,8,client17,maurits-dijk-d57b5102client171-c6vfd,hfl-train,710.598
1021,8,client17,maurits-dijk-d57b5102client171-c6vfd,hfl-train-model,641.4629999999997
1022,8,client17,maurits-dijk-d57b5102client171-c6vfd,sidecar,531.9810000000007
1023,8,client9,maurits-dijk-d57b5102client91-b5mls,hfl-train,740.0310000000009
1024,8,client9,maurits-dijk-d57b5102client91-b5mls,hfl-train-model,647.3699999999999
1025,8,client9,maurits-dijk-d57b5102client91-b5mls,sidecar,563.9219999999996
1026,9,client6,client6-785d875985-c474z,linkerd-init,0.0
1027,9,client4,client4-744474fb99-p4xwk,linkerd-init,0.0
1028,9,client17,client17-69b85b5ccf-t6qfk,linkerd-init,0.0
1029,9,client15,client15-79c969ddf-rnrfk,linkerd-init,0.0
1030,9,client9,client9-d68fb99b4-lpsfb,linkerd-init,0.0
1031,9,client5,client5-7d5ff7f8b4-sx5j8,linkerd-proxy,736.134
1032,9,client5,client5-7d5ff7f8b4-sx5j8,linkerd-init,0.0
1033,9,client5,client5-7d5ff7f8b4-sx5j8,client5,739.1250000000009
1034,9,client5,client5-7d5ff7f8b4-sx5j8,sidecar,597.4410000000007
1035,9,client12,client12-79bc8d5846-q5fw7,linkerd-init,0.0
1036,9,client16,client16-6dc7f87f54-ffkxj,sidecar,849.8099999999995
1037,9,client16,client16-6dc7f87f54-ffkxj,client16,852.0659999999989
1038,9,client16,client16-6dc7f87f54-ffkxj,linkerd-init,0.0
1039,9,client16,client16-6dc7f87f54-ffkxj,linkerd-proxy,851.8710000000001
1040,9,client2,client2-86cd6d8cf7-dfw7v,client2,601.4849999999997
1041,9,client2,client2-86cd6d8cf7-dfw7v,linkerd-init,0.0
1042,9,client2,client2-86cd6d8cf7-dfw7v,linkerd-proxy,601.2719999999999
1043,9,client2,client2-86cd6d8cf7-dfw7v,sidecar,599.808
1044,9,client3,client3-58c68898cd-7djj4,sidecar,702.6930000000011
1045,9,client3,client3-58c68898cd-7djj4,linkerd-init,0.0
1046,9,client3,client3-58c68898cd-7djj4,client3,704.4150000000009
1047,9,client3,client3-58c68898cd-7djj4,linkerd-proxy,704.232
1048,9,client18,client18-69db77c748-xcj8f,client18,676.2870000000003
1049,9,client18,client18-69db77c748-xcj8f,sidecar,674.6850000000004
1050,9,client18,client18-69db77c748-xcj8f,linkerd-proxy,676.0140000000001
1051,9,client18,client18-69db77c748-xcj8f,linkerd-init,0.0
1052,9,client7,client7-544486cc98-m9g7c,sidecar,701.6429999999991
1053,9,client7,client7-544486cc98-m9g7c,linkerd-proxy,702.6720000000005
1054,9,client7,client7-544486cc98-m9g7c,linkerd-init,0.0
1055,9,client7,client7-544486cc98-m9g7c,client7,702.9570000000003
1056,9,client11,client11-565c48c7c7-dkvjs,sidecar,667.335
1057,9,client11,client11-565c48c7c7-dkvjs,client11,700.3559999999998
1058,9,client11,client11-565c48c7c7-dkvjs,linkerd-init,0.0
1059,9,client11,client11-565c48c7c7-dkvjs,linkerd-proxy,700.1220000000003
1060,9,client19,client19-56fccdb4d9-wmdll,sidecar,802.5329999999994
1061,9,client19,client19-56fccdb4d9-wmdll,client19,804.1349999999984
1062,9,client19,client19-56fccdb4d9-wmdll,linkerd-init,0.0
1063,9,client19,client19-56fccdb4d9-wmdll,linkerd-proxy,803.9490000000005
1064,9,client1,client1-7b9db886dd-bt2vd,linkerd-proxy,633.7919999999995
1065,9,client1,client1-7b9db886dd-bt2vd,linkerd-init,0.0
1066,9,client13,client13-7bf86f4f87-bshn4,linkerd-proxy,671.9009999999998
1067,9,client13,client13-7bf86f4f87-bshn4,linkerd-init,0.0
1068,9,client13,client13-7bf86f4f87-bshn4,sidecar,522.5190000000002
1069,9,client13,client13-7bf86f4f87-bshn4,client13,676.4220000000005
1070,9,client20,client20-65f8864f77-pxvbs,client20,699.5609999999997
1071,9,client20,client20-65f8864f77-pxvbs,linkerd-proxy,699.366
1072,9,client20,client20-65f8864f77-pxvbs,sidecar,636.8669999999993
1073,9,client20,client20-65f8864f77-pxvbs,linkerd-init,0.0
1074,9,server,server-656f98b57f-5kskm,linkerd-proxy,482.4449999999997
1075,9,server,server-656f98b57f-5kskm,linkerd-init,0.0
1076,9,client8,client8-5845965f99-dncnq,client8,672.723
1077,9,client8,client8-5845965f99-dncnq,linkerd-init,0.0
1078,9,client8,client8-5845965f99-dncnq,linkerd-proxy,672.3719999999994
1079,9,client8,client8-5845965f99-dncnq,sidecar,620.04
1080,9,client14,client14-856b5b5576-jdgsm,linkerd-init,0.0
1081,9,client14,client14-856b5b5576-jdgsm,sidecar,701.9880000000012
1082,9,client14,client14-856b5b5576-jdgsm,linkerd-proxy,703.4189999999999
1083,9,client14,client14-856b5b5576-jdgsm,client14,703.6320000000005
1084,9,client10,client10-694b6b97b4-qnhwd,client10,705.4139999999998
1085,9,client10,client10-694b6b97b4-qnhwd,sidecar,678.915
1086,9,client10,client10-694b6b97b4-qnhwd,linkerd-proxy,705.2939999999999
1087,9,client10,client10-694b6b97b4-qnhwd,linkerd-init,0.0
1088,9,orchestrator,policy-enforcer-cb8dccbd8-9j5rz,policy-enforcer,236.99699999999984
1089,9,orchestrator,orchestrator-555f7b7c9d-h62wn,orchestrator,186.99299999999994
1090,9,api-gateway,api-gateway-6bf76d45b7-8xkj8,linkerd-init,0.0
1091,9,orchestrator,policy-enforcer-cb8dccbd8-9j5rz,linkerd-init,0.0
1092,9,api-gateway,api-gateway-6bf76d45b7-8xkj8,api-gateway,334.1970000000001
1093,9,orchestrator,policy-enforcer-cb8dccbd8-9j5rz,sidecar,297.45600000000013
1094,9,orchestrator,orchestrator-555f7b7c9d-h62wn,linkerd-proxy,327.03300000000036
1095,9,orchestrator,policy-enforcer-cb8dccbd8-9j5rz,linkerd-proxy,326.913
1096,9,api-gateway,api-gateway-6bf76d45b7-8xkj8,linkerd-proxy,346.4850000000001
1097,9,orchestrator,orchestrator-555f7b7c9d-h62wn,sidecar,298.4850000000001
1098,9,orchestrator,orchestrator-555f7b7c9d-h62wn,linkerd-init,0.0
1099,9,api-gateway,api-gateway-6bf76d45b7-8xkj8,sidecar,326.1930000000002
1100,9,client6,client6-785d875985-c474z,client6,835.8599999999988
1101,9,client6,client6-785d875985-c474z,sidecar,833.2619999999988
1102,9,client6,client6-785d875985-c474z,linkerd-proxy,835.6349999999993
1103,9,client4,client4-744474fb99-p4xwk,sidecar,875.4870000000001
1104,9,client4,client4-744474fb99-p4xwk,client4,877.9829999999993
1105,9,client4,client4-744474fb99-p4xwk,linkerd-proxy,877.8629999999985
1106,9,client17,client17-69b85b5ccf-t6qfk,client17,747.6870000000008
1107,9,client17,client17-69b85b5ccf-t6qfk,sidecar,682.8179999999993
1108,9,client17,client17-69b85b5ccf-t6qfk,linkerd-proxy,745.1550000000007
1109,9,client15,client15-79c969ddf-rnrfk,client15,860.4930000000004
1110,9,client15,client15-79c969ddf-rnrfk,sidecar,858.7470000000003
1111,9,client15,client15-79c969ddf-rnrfk,linkerd-proxy,860.1899999999996
1112,9,client9,client9-d68fb99b4-lpsfb,linkerd-proxy,755.6099999999997
1113,9,client9,client9-d68fb99b4-lpsfb,sidecar,606.0959999999995
1114,9,client9,client9-d68fb99b4-lpsfb,client9,754.4610000000002
1115,9,client12,client12-79bc8d5846-q5fw7,linkerd-proxy,890.8649999999998
1116,9,client12,client12-79bc8d5846-q5fw7,sidecar,798.2549999999992
1117,9,client12,client12-79bc8d5846-q5fw7,client12,890.7450000000008
1118,9,client1,client1-7b9db886dd-bt2vd,client1,634.3050000000012
1119,9,client1,client1-7b9db886dd-bt2vd,sidecar,629.2140000000009
1120,9,server,server-656f98b57f-5kskm,sidecar,395.9549999999999
1121,9,server,server-656f98b57f-5kskm,server,495.27299999999923
1122,9,client5,maurits-dijk-d57b5102client51-s6twn,hfl-train,813.0959999999995
1123,9,client5,maurits-dijk-d57b5102client51-s6twn,hfl-train-model,734.0549999999994
1124,9,client5,maurits-dijk-d57b5102client51-s6twn,sidecar,652.5389999999998
1125,9,client1,maurits-dijk-d57b5102client11-76rsr,sidecar,547.4760000000006
1126,9,client1,maurits-dijk-d57b5102client11-76rsr,hfl-train,671.0640000000003
1127,9,client1,maurits-dijk-d57b5102client11-76rsr,hfl-train-model,628.5389999999998
1128,9,client13,maurits-dijk-d57b5102client131-7gfpb,sidecar,524.4719999999998
1129,9,client13,maurits-dijk-d57b5102client131-7gfpb,hfl-train,815.9099999999999
1130,9,client13,maurits-dijk-d57b5102client131-7gfpb,hfl-train-model,668.9040000000005
1131,9,server,maurits-dijk-d57b5102server1-6d4br,hfl-train,477.2490000000007
1132,9,server,maurits-dijk-d57b5102server1-6d4br,hfl-train-model,826.9259999999995
1133,9,server,maurits-dijk-d57b5102server1-6d4br,sidecar,374.72700000000077
1134,9,client17,maurits-dijk-d57b5102client171-c6vfd,hfl-train,825.1229999999996
1135,9,client17,maurits-dijk-d57b5102client171-c6vfd,hfl-train-model,741.7439999999997
1136,9,client17,maurits-dijk-d57b5102client171-c6vfd,sidecar,701.8529999999992
1137,9,client9,maurits-dijk-d57b5102client91-b5mls,hfl-train,837.0240000000003
1138,9,client9,maurits-dijk-d57b5102client91-b5mls,hfl-train-model,748.8810000000003
1139,9,client9,maurits-dijk-d57b5102client91-b5mls,sidecar,651.7740000000003
1140,10,client6,client6-785d875985-c474z,linkerd-init,0.0
1141,10,client4,client4-744474fb99-p4xwk,linkerd-init,0.0
1142,10,client17,client17-69b85b5ccf-t6qfk,linkerd-init,0.0
1143,10,client15,client15-79c969ddf-rnrfk,linkerd-init,0.0
1144,10,client9,client9-d68fb99b4-lpsfb,linkerd-init,0.0
1145,10,client5,client5-7d5ff7f8b4-sx5j8,linkerd-proxy,599.2440000000006
1146,10,client5,client5-7d5ff7f8b4-sx5j8,linkerd-init,0.0
1147,10,client5,client5-7d5ff7f8b4-sx5j8,client5,603.512999999999
1148,10,client5,client5-7d5ff7f8b4-sx5j8,sidecar,464.72399999999925
1149,10,client12,client12-79bc8d5846-q5fw7,linkerd-init,0.0
1150,10,client16,client16-6dc7f87f54-ffkxj,sidecar,734.3190000000004
1151,10,client16,client16-6dc7f87f54-ffkxj,client16,736.2120000000004
1152,10,client16,client16-6dc7f87f54-ffkxj,linkerd-init,0.0
1153,10,client16,client16-6dc7f87f54-ffkxj,linkerd-proxy,736.3919999999998
1154,10,client2,client2-86cd6d8cf7-dfw7v,client2,769.9170000000004
1155,10,client2,client2-86cd6d8cf7-dfw7v,linkerd-init,0.0
1156,10,client2,client2-86cd6d8cf7-dfw7v,linkerd-proxy,769.7129999999997
1157,10,client2,client2-86cd6d8cf7-dfw7v,sidecar,768.0360000000001
1158,10,client3,client3-58c68898cd-7djj4,sidecar,886.2929999999988
1159,10,client3,client3-58c68898cd-7djj4,linkerd-init,0.0
1160,10,client3,client3-58c68898cd-7djj4,client3,888.815999999998
1161,10,client3,client3-58c68898cd-7djj4,linkerd-proxy,888.7380000000003
1162,10,client18,client18-69db77c748-xcj8f,client18,805.4129999999996
1163,10,client18,client18-69db77c748-xcj8f,sidecar,803.4689999999991
1164,10,client18,client18-69db77c748-xcj8f,linkerd-proxy,805.1760000000004
1165,10,client18,client18-69db77c748-xcj8f,linkerd-init,0.0
1166,10,client7,client7-544486cc98-m9g7c,sidecar,806.9700000000003
1167,10,client7,client7-544486cc98-m9g7c,linkerd-proxy,808.2480000000005
1168,10,client7,client7-544486cc98-m9g7c,linkerd-init,0.0
1169,10,client7,client7-544486cc98-m9g7c,client7,808.628999999999
1170,10,client11,client11-565c48c7c7-dkvjs,sidecar,812.415
1171,10,client11,client11-565c48c7c7-dkvjs,client11,845.4629999999997
1172,10,client11,client11-565c48c7c7-dkvjs,linkerd-init,0.0
1173,10,client11,client11-565c48c7c7-dkvjs,linkerd-proxy,845.1120000000001
1174,10,client19,client19-56fccdb4d9-wmdll,sidecar,849.1589999999997
1175,10,client19,client19-56fccdb4d9-wmdll,client19,851.085000000001
1176,10,client19,client19-56fccdb4d9-wmdll,linkerd-init,0.0
1177,10,client19,client19-56fccdb4d9-wmdll,linkerd-proxy,850.8629999999994
1178,10,client1,client1-7b9db886dd-bt2vd,linkerd-proxy,752.4839999999995
1179,10,client1,client1-7b9db886dd-bt2vd,linkerd-init,0.0
1180,10,client13,client13-7bf86f4f87-bshn4,linkerd-proxy,786.6840000000002
1181,10,client13,client13-7bf86f4f87-bshn4,linkerd-init,0.0
1182,10,client13,client13-7bf86f4f87-bshn4,sidecar,581.9669999999996
1183,10,client13,client13-7bf86f4f87-bshn4,client13,789.3239999999996
1184,10,client20,client20-65f8864f77-pxvbs,client20,893.4120000000012
1185,10,client20,client20-65f8864f77-pxvbs,linkerd-proxy,893.1900000000014
1186,10,client20,client20-65f8864f77-pxvbs,sidecar,866.7480000000005
1187,10,client20,client20-65f8864f77-pxvbs,linkerd-init,0.0
1188,10,server,server-656f98b57f-5kskm,linkerd-proxy,609.9420000000009
1189,10,server,server-656f98b57f-5kskm,linkerd-init,0.0
1190,10,client8,client8-5845965f99-dncnq,client8,648.3600000000015
1191,10,client8,client8-5845965f99-dncnq,linkerd-init,0.0
1192,10,client8,client8-5845965f99-dncnq,linkerd-proxy,648.0779999999986
1193,10,client8,client8-5845965f99-dncnq,sidecar,646.9889999999996
1194,10,client14,client14-856b5b5576-jdgsm,linkerd-init,0.0
1195,10,client14,client14-856b5b5576-jdgsm,sidecar,723.8459999999986
1196,10,client14,client14-856b5b5576-jdgsm,linkerd-proxy,725.2019999999993
1197,10,client14,client14-856b5b5576-jdgsm,client14,725.5499999999993
1198,10,client10,client10-694b6b97b4-qnhwd,client10,687.3119999999999
1199,10,client10,client10-694b6b97b4-qnhwd,sidecar,596.9159999999993
1200,10,client10,client10-694b6b97b4-qnhwd,linkerd-proxy,687.2820000000002
1201,10,client10,client10-694b6b97b4-qnhwd,linkerd-init,0.0
1202,10,orchestrator,policy-enforcer-cb8dccbd8-9j5rz,policy-enforcer,202.95600000000013
1203,10,orchestrator,orchestrator-555f7b7c9d-h62wn,orchestrator,175.17600000000039
1204,10,api-gateway,api-gateway-6bf76d45b7-8xkj8,linkerd-init,0.0
1205,10,orchestrator,policy-enforcer-cb8dccbd8-9j5rz,linkerd-init,0.0
1206,10,api-gateway,api-gateway-6bf76d45b7-8xkj8,api-gateway,337.99500000000035
1207,10,orchestrator,policy-enforcer-cb8dccbd8-9j5rz,sidecar,299.1779999999999
1208,10,orchestrator,orchestrator-555f7b7c9d-h62wn,linkerd-proxy,329.49599999999964
1209,10,orchestrator,policy-enforcer-cb8dccbd8-9j5rz,linkerd-proxy,329.547
1210,10,api-gateway,api-gateway-6bf76d45b7-8xkj8,linkerd-proxy,348.0809999999997
1211,10,orchestrator,orchestrator-555f7b7c9d-h62wn,sidecar,296.0430000000001
1212,10,orchestrator,orchestrator-555f7b7c9d-h62wn,linkerd-init,0.0
1213,10,api-gateway,api-gateway-6bf76d45b7-8xkj8,sidecar,328.7669999999998
1214,10,client6,client6-785d875985-c474z,client6,792.0690000000004
1215,10,client6,client6-785d875985-c474z,sidecar,789.878999999999
1216,10,client6,client6-785d875985-c474z,linkerd-proxy,791.9939999999988
1217,10,client4,client4-744474fb99-p4xwk,sidecar,743.7659999999996
1218,10,client4,client4-744474fb99-p4xwk,client4,745.8209999999999
1219,10,client4,client4-744474fb99-p4xwk,linkerd-proxy,745.7910000000011
1220,10,client17,client17-69b85b5ccf-t6qfk,client17,599.5229999999992
1221,10,client17,client17-69b85b5ccf-t6qfk,sidecar,506.0640000000003
1222,10,client17,client17-69b85b5ccf-t6qfk,linkerd-proxy,597.8220000000001
1223,10,client15,client15-79c969ddf-rnrfk,client15,660.7889999999998
1224,10,client15,client15-79c969ddf-rnrfk,sidecar,659.2620000000006
1225,10,client15,client15-79c969ddf-rnrfk,linkerd-proxy,660.576
1226,10,client9,client9-d68fb99b4-lpsfb,linkerd-proxy,698.7450000000008
1227,10,client9,client9-d68fb99b4-lpsfb,sidecar,466.52700000000004
1228,10,client9,client9-d68fb99b4-lpsfb,client9,700.719
1229,10,client12,client12-79bc8d5846-q5fw7,linkerd-proxy,747.0660000000007
1230,10,client12,client12-79bc8d5846-q5fw7,sidecar,641.2920000000004
1231,10,client12,client12-79bc8d5846-q5fw7,client12,746.9759999999987
1232,10,client1,client1-7b9db886dd-bt2vd,client1,753.3089999999993
1233,10,client1,client1-7b9db886dd-bt2vd,sidecar,670.3529999999992
1234,10,server,server-656f98b57f-5kskm,sidecar,492.11099999999897
1235,10,server,server-656f98b57f-5kskm,server,629.8500000000013
1236,10,client5,maurits-dijk-d57b5102client51-s6twn,hfl-train,676.1610000000001
1237,10,client5,maurits-dijk-d57b5102client51-s6twn,hfl-train-model,596.9940000000006
1238,10,client5,maurits-dijk-d57b5102client51-s6twn,sidecar,519.3810000000003
1239,10,client1,maurits-dijk-d57b5102client11-76rsr,sidecar,599.1299999999992
1240,10,client1,maurits-dijk-d57b5102client11-76rsr,hfl-train,792.4769999999999
1241,10,client1,maurits-dijk-d57b5102client11-76rsr,hfl-train-model,746.360999999999
1242,10,client13,maurits-dijk-d57b5102client131-7gfpb,sidecar,591.3030000000008
1243,10,client13,maurits-dijk-d57b5102client131-7gfpb,hfl-train,939.5550000000003
1244,10,client13,maurits-dijk-d57b5102client131-7gfpb,hfl-train-model,783.3720000000003
1245,10,server,maurits-dijk-d57b5102server1-6d4br,hfl-train,605.2860000000001
1246,10,server,maurits-dijk-d57b5102server1-6d4br,hfl-train-model,909.3330000000005
1247,10,server,maurits-dijk-d57b5102server1-6d4br,sidecar,426.4379999999992
1248,10,client17,maurits-dijk-d57b5102client171-c6vfd,hfl-train,665.6550000000007
1249,10,client17,maurits-dijk-d57b5102client171-c6vfd,hfl-train-model,594.7980000000007
1250,10,client17,maurits-dijk-d57b5102client171-c6vfd,sidecar,581.3040000000001
1251,10,client9,maurits-dijk-d57b5102client91-b5mls,hfl-train,782.4929999999986
1252,10,client9,maurits-dijk-d57b5102client91-b5mls,hfl-train-model,692.5709999999999
1253,10,client9,maurits-dijk-d57b5102client91-b5mls,sidecar,588.677999999999
1254,11,client6,client6-785d875985-c474z,linkerd-init,0.0
1255,11,client4,client4-744474fb99-p4xwk,linkerd-init,0.0
1256,11,client17,client17-69b85b5ccf-t6qfk,linkerd-init,0.0
1257,11,client15,client15-79c969ddf-rnrfk,linkerd-init,0.0
1258,11,client9,client9-d68fb99b4-lpsfb,linkerd-init,0.0
1259,11,client5,client5-7d5ff7f8b4-sx5j8,linkerd-proxy,603.512999999999
1260,11,client5,client5-7d5ff7f8b4-sx5j8,linkerd-init,0.0
1261,11,client5,client5-7d5ff7f8b4-sx5j8,client5,606.0690000000013
1262,11,client5,client5-7d5ff7f8b4-sx5j8,sidecar,559.6770000000006
1263,11,client12,client12-79bc8d5846-q5fw7,linkerd-init,0.0
1264,11,client16,client16-6dc7f87f54-ffkxj,sidecar,707.139000000001
1265,11,client16,client16-6dc7f87f54-ffkxj,client16,708.9810000000016
1266,11,client16,client16-6dc7f87f54-ffkxj,linkerd-init,0.0
1267,11,client16,client16-6dc7f87f54-ffkxj,linkerd-proxy,708.8130000000019
1268,11,client2,client2-86cd6d8cf7-dfw7v,client2,722.598
1269,11,client2,client2-86cd6d8cf7-dfw7v,linkerd-init,0.0
1270,11,client2,client2-86cd6d8cf7-dfw7v,linkerd-proxy,722.4089999999997
1271,11,client2,client2-86cd6d8cf7-dfw7v,sidecar,721.0439999999999
1272,11,client3,client3-58c68898cd-7djj4,sidecar,691.8000000000011
1273,11,client3,client3-58c68898cd-7djj4,linkerd-init,0.0
1274,11,client3,client3-58c68898cd-7djj4,client3,693.9270000000015
1275,11,client3,client3-58c68898cd-7djj4,linkerd-proxy,693.896999999999
1276,11,client18,client18-69db77c748-xcj8f,client18,671.6100000000006
1277,11,client18,client18-69db77c748-xcj8f,sidecar,669.9779999999992
1278,11,client18,client18-69db77c748-xcj8f,linkerd-proxy,671.351999999999
1279,11,client18,client18-69db77c748-xcj8f,linkerd-init,0.0
1280,11,client7,client7-544486cc98-m9g7c,sidecar,701.2710000000006
1281,11,client7,client7-544486cc98-m9g7c,linkerd-proxy,702.2609999999986
1282,11,client7,client7-544486cc98-m9g7c,linkerd-init,0.0
1283,11,client7,client7-544486cc98-m9g7c,client7,702.6750000000011
1284,11,client11,client11-565c48c7c7-dkvjs,sidecar,599.7480000000005
1285,11,client11,client11-565c48c7c7-dkvjs,client11,649.5270000000019
1286,11,client11,client11-565c48c7c7-dkvjs,linkerd-init,0.0
1287,11,client11,client11-565c48c7c7-dkvjs,linkerd-proxy,649.3590000000004
1288,11,client19,client19-56fccdb4d9-wmdll,sidecar,666.8970000000008
1289,11,client19,client19-56fccdb4d9-wmdll,client19,668.2740000000013
1290,11,client19,client19-56fccdb4d9-wmdll,linkerd-init,0.0
1291,11,client19,client19-56fccdb4d9-wmdll,linkerd-proxy,668.0790000000015
1292,11,client1,client1-7b9db886dd-bt2vd,linkerd-proxy,648.8460000000005
1293,11,client1,client1-7b9db886dd-bt2vd,linkerd-init,0.0
1294,11,client13,client13-7bf86f4f87-bshn4,linkerd-proxy,629.6429999999991
1295,11,client13,client13-7bf86f4f87-bshn4,linkerd-init,0.0
1296,11,client13,client13-7bf86f4f87-bshn4,sidecar,612.4920000000002
1297,11,client13,client13-7bf86f4f87-bshn4,client13,632.826
1298,11,client20,client20-65f8864f77-pxvbs,client20,690.4409999999989
1299,11,client20,client20-65f8864f77-pxvbs,linkerd-proxy,690.3059999999987
1300,11,client20,client20-65f8864f77-pxvbs,sidecar,689.021999999999
1301,11,client20,client20-65f8864f77-pxvbs,linkerd-init,0.0
1302,11,server,server-656f98b57f-5kskm,linkerd-proxy,466.8809999999994
1303,11,server,server-656f98b57f-5kskm,linkerd-init,0.0
1304,11,client8,client8-5845965f99-dncnq,client8,788.2559999999976
1305,11,client8,client8-5845965f99-dncnq,linkerd-init,0.0
1306,11,client8,client8-5845965f99-dncnq,linkerd-proxy,787.7400000000016
1307,11,client8,client8-5845965f99-dncnq,sidecar,786.5339999999997
1308,11,client14,client14-856b5b5576-jdgsm,linkerd-init,0.0
1309,11,client14,client14-856b5b5576-jdgsm,sidecar,834.3210000000017
1310,11,client14,client14-856b5b5576-jdgsm,linkerd-proxy,835.8960000000006
1311,11,client14,client14-856b5b5576-jdgsm,client14,836.148000000001
1312,11,client10,client10-694b6b97b4-qnhwd,client10,799.6830000000009
1313,11,client10,client10-694b6b97b4-qnhwd,sidecar,723.8610000000017
1314,11,client10,client10-694b6b97b4-qnhwd,linkerd-proxy,799.5329999999994
1315,11,client10,client10-694b6b97b4-qnhwd,linkerd-init,0.0
1316,11,orchestrator,policy-enforcer-cb8dccbd8-9j5rz,policy-enforcer,239.04599999999982
1317,11,orchestrator,orchestrator-555f7b7c9d-h62wn,orchestrator,338.44799999999987
1318,11,api-gateway,api-gateway-6bf76d45b7-8xkj8,linkerd-init,0.0
1319,11,orchestrator,policy-enforcer-cb8dccbd8-9j5rz,linkerd-init,0.0
1320,11,api-gateway,api-gateway-6bf76d45b7-8xkj8,api-gateway,430.15799999999945
1321,11,orchestrator,policy-enforcer-cb8dccbd8-9j5rz,sidecar,375.6119999999996
1322,11,orchestrator,orchestrator-555f7b7c9d-h62wn,linkerd-proxy,415.28099999999995
1323,11,orchestrator,policy-enforcer-cb8dccbd8-9j5rz,linkerd-proxy,415.3590000000004
1324,11,api-gateway,api-gateway-6bf76d45b7-8xkj8,linkerd-proxy,434.8560000000007
1325,11,orchestrator,orchestrator-555f7b7c9d-h62wn,sidecar,407.74199999999973
1326,11,orchestrator,orchestrator-555f7b7c9d-h62wn,linkerd-init,0.0
1327,11,api-gateway,api-gateway-6bf76d45b7-8xkj8,sidecar,371.11500000000024
1328,11,client6,client6-785d875985-c474z,client6,817.5509999999995
1329,11,client6,client6-785d875985-c474z,sidecar,815.0520000000015
1330,11,client6,client6-785d875985-c474z,linkerd-proxy,817.4610000000011
1331,11,client4,client4-744474fb99-p4xwk,sidecar,897.7620000000006
1332,11,client4,client4-744474fb99-p4xwk,client4,900.3060000000005
1333,11,client4,client4-744474fb99-p4xwk,linkerd-proxy,900.2160000000003
1334,11,client17,client17-69b85b5ccf-t6qfk,client17,789.4259999999995
1335,11,client17,client17-69b85b5ccf-t6qfk,sidecar,735.2819999999992
1336,11,client17,client17-69b85b5ccf-t6qfk,linkerd-proxy,786.732
1337,11,client15,client15-79c969ddf-rnrfk,client15,835.473
1338,11,client15,client15-79c969ddf-rnrfk,sidecar,833.6939999999995
1339,11,client15,client15-79c969ddf-rnrfk,linkerd-proxy,835.3649999999998
1340,11,client9,client9-d68fb99b4-lpsfb,linkerd-proxy,639.146999999999
1341,11,client9,client9-d68fb99b4-lpsfb,sidecar,484.9260000000004
1342,11,client9,client9-d68fb99b4-lpsfb,client9,640.7249999999995
1343,11,client12,client12-79bc8d5846-q5fw7,linkerd-proxy,724.8449999999993
1344,11,client12,client12-79bc8d5846-q5fw7,sidecar,655.8959999999988
1345,11,client12,client12-79bc8d5846-q5fw7,client12,724.8450000000012
1346,11,client1,client1-7b9db886dd-bt2vd,client1,651.21
1347,11,client1,client1-7b9db886dd-bt2vd,sidecar,565.4340000000002
1348,11,server,server-656f98b57f-5kskm,sidecar,442.85699999999997
1349,11,server,server-656f98b57f-5kskm,server,480.146999999999
1350,11,client5,maurits-dijk-d57b5102client51-s6twn,hfl-train,680.8019999999997
1351,11,client5,maurits-dijk-d57b5102client51-s6twn,hfl-train-model,601.3620000000001
1352,11,client5,maurits-dijk-d57b5102client51-s6twn,sidecar,524.04
1353,11,client1,maurits-dijk-d57b5102client11-76rsr,sidecar,530.6370000000006
1354,11,client1,maurits-dijk-d57b5102client11-76rsr,hfl-train,691.9919999999993
1355,11,client1,maurits-dijk-d57b5102client11-76rsr,hfl-train-model,643.0260000000007
1356,11,client13,maurits-dijk-d57b5102client131-7gfpb,sidecar,442.53600000000006
1357,11,client13,maurits-dijk-d57b5102client131-7gfpb,hfl-train,775.4339999999993
1358,11,client13,maurits-dijk-d57b5102client131-7gfpb,hfl-train-model,626.3579999999993
1359,11,server,maurits-dijk-d57b5102server1-6d4br,hfl-train,462.4229999999998
1360,11,server,maurits-dijk-d57b5102server1-6d4br,hfl-train-model,730.7639999999992
1361,11,server,maurits-dijk-d57b5102server1-6d4br,sidecar,414.4830000000002
1362,11,client17,maurits-dijk-d57b5102client171-c6vfd,hfl-train,855.6059999999998
1363,11,client17,maurits-dijk-d57b5102client171-c6vfd,hfl-train-model,783.4590000000007
1364,11,client17,maurits-dijk-d57b5102client171-c6vfd,sidecar,694.2449999999999
1365,11,client9,maurits-dijk-d57b5102client91-b5mls,hfl-train,714.0150000000012
1366,11,client9,maurits-dijk-d57b5102client91-b5mls,hfl-train-model,633.3269999999993
1367,11,client9,maurits-dijk-d57b5102client91-b5mls,sidecar,518.8650000000007
1368,12,client6,client6-785d875985-c474z,linkerd-init,0.0
1369,12,client4,client4-744474fb99-p4xwk,linkerd-init,0.0
1370,12,client17,client17-69b85b5ccf-t6qfk,linkerd-init,0.0
1371,12,client15,client15-79c969ddf-rnrfk,linkerd-init,0.0
1372,12,client9,client9-d68fb99b4-lpsfb,linkerd-init,0.0
1373,12,client5,client5-7d5ff7f8b4-sx5j8,linkerd-proxy,716.8380000000016
1374,12,client5,client5-7d5ff7f8b4-sx5j8,linkerd-init,0.0
1375,12,client5,client5-7d5ff7f8b4-sx5j8,client5,720.512999999999
1376,12,client5,client5-7d5ff7f8b4-sx5j8,sidecar,557.634
1377,12,client12,client12-79bc8d5846-q5fw7,linkerd-init,0.0
1378,12,client16,client16-6dc7f87f54-ffkxj,sidecar,828.3179999999975
1379,12,client16,client16-6dc7f87f54-ffkxj,client16,830.3669999999984
1380,12,client16,client16-6dc7f87f54-ffkxj,linkerd-init,0.0
1381,12,client16,client16-6dc7f87f54-ffkxj,linkerd-proxy,830.1779999999981
1382,12,client2,client2-86cd6d8cf7-dfw7v,client2,870.7469999999994
1383,12,client2,client2-86cd6d8cf7-dfw7v,linkerd-init,0.0
1384,12,client2,client2-86cd6d8cf7-dfw7v,linkerd-proxy,870.5429999999997
1385,12,client2,client2-86cd6d8cf7-dfw7v,sidecar,868.8989999999994
1386,12,client3,client3-58c68898cd-7djj4,sidecar,836.0729999999985
1387,12,client3,client3-58c68898cd-7djj4,linkerd-init,0.0
1388,12,client3,client3-58c68898cd-7djj4,client3,838.3139999999985
1389,12,client3,client3-58c68898cd-7djj4,linkerd-proxy,838.1940000000013
1390,12,client18,client18-69db77c748-xcj8f,client18,854.3220000000001
1391,12,client18,client18-69db77c748-xcj8f,sidecar,852.3960000000006
1392,12,client18,client18-69db77c748-xcj8f,linkerd-proxy,854.1570000000011
1393,12,client18,client18-69db77c748-xcj8f,linkerd-init,0.0
1394,12,client7,client7-544486cc98-m9g7c,sidecar,965.369999999999
1395,12,client7,client7-544486cc98-m9g7c,linkerd-proxy,966.723
1396,12,client7,client7-544486cc98-m9g7c,linkerd-init,0.0
1397,12,client7,client7-544486cc98-m9g7c,client7,967.0589999999993
1398,12,client11,client11-565c48c7c7-dkvjs,sidecar,707.5199999999986
1399,12,client11,client11-565c48c7c7-dkvjs,client11,784.3889999999974
1400,12,client11,client11-565c48c7c7-dkvjs,linkerd-init,0.0
1401,12,client11,client11-565c48c7c7-dkvjs,linkerd-proxy,784.1880000000001
1402,12,client19,client19-56fccdb4d9-wmdll,sidecar,816.6960000000017
1403,12,client19,client19-56fccdb4d9-wmdll,client19,818.2950000000001
1404,12,client19,client19-56fccdb4d9-wmdll,linkerd-init,0.0
1405,12,client19,client19-56fccdb4d9-wmdll,linkerd-proxy,817.9589999999989
1406,12,client1,client1-7b9db886dd-bt2vd,linkerd-proxy,756.75
1407,12,client1,client1-7b9db886dd-bt2vd,linkerd-init,0.0
1408,12,client13,client13-7bf86f4f87-bshn4,linkerd-proxy,754.7399999999998
1409,12,client13,client13-7bf86f4f87-bshn4,linkerd-init,0.0
1410,12,client13,client13-7bf86f4f87-bshn4,sidecar,691.3559999999998
1411,12,client13,client13-7bf86f4f87-bshn4,client13,757.3410000000003
1412,12,client20,client20-65f8864f77-pxvbs,client20,791.7029999999995
1413,12,client20,client20-65f8864f77-pxvbs,linkerd-proxy,791.5290000000005
1414,12,client20,client20-65f8864f77-pxvbs,sidecar,789.960000000001
1415,12,client20,client20-65f8864f77-pxvbs,linkerd-init,0.0
1416,12,server,server-656f98b57f-5kskm,linkerd-proxy,468.21299999999974
1417,12,server,server-656f98b57f-5kskm,linkerd-init,0.0
1418,12,client8,client8-5845965f99-dncnq,client8,734.1450000000023
1419,12,client8,client8-5845965f99-dncnq,linkerd-init,0.0
1420,12,client8,client8-5845965f99-dncnq,linkerd-proxy,733.8450000000012
1421,12,client8,client8-5845965f99-dncnq,sidecar,732.7830000000013
1422,12,client14,client14-856b5b5576-jdgsm,linkerd-init,0.0
1423,12,client14,client14-856b5b5576-jdgsm,sidecar,717.2249999999985
1424,12,client14,client14-856b5b5576-jdgsm,linkerd-proxy,718.6770000000015
1425,12,client14,client14-856b5b5576-jdgsm,client14,718.8269999999993
1426,12,client10,client10-694b6b97b4-qnhwd,client10,726.009
1427,12,client10,client10-694b6b97b4-qnhwd,sidecar,635.1869999999999
1428,12,client10,client10-694b6b97b4-qnhwd,linkerd-proxy,726.009
1429,12,client10,client10-694b6b97b4-qnhwd,linkerd-init,0.0
1430,12,orchestrator,policy-enforcer-cb8dccbd8-9j5rz,policy-enforcer,283.5990000000006
1431,12,orchestrator,orchestrator-555f7b7c9d-h62wn,orchestrator,268.9319999999998
1432,12,api-gateway,api-gateway-6bf76d45b7-8xkj8,linkerd-init,0.0
1433,12,orchestrator,policy-enforcer-cb8dccbd8-9j5rz,linkerd-init,0.0
1434,12,api-gateway,api-gateway-6bf76d45b7-8xkj8,api-gateway,362.28900000000067
1435,12,orchestrator,policy-enforcer-cb8dccbd8-9j5rz,sidecar,354.13200000000006
1436,12,orchestrator,orchestrator-555f7b7c9d-h62wn,linkerd-proxy,354.951
1437,12,orchestrator,policy-enforcer-cb8dccbd8-9j5rz,linkerd-proxy,354.9539999999997
1438,12,api-gateway,api-gateway-6bf76d45b7-8xkj8,linkerd-proxy,373.820999999999
1439,12,orchestrator,orchestrator-555f7b7c9d-h62wn,sidecar,324.91200000000026
1440,12,orchestrator,orchestrator-555f7b7c9d-h62wn,linkerd-init,0.0
1441,12,api-gateway,api-gateway-6bf76d45b7-8xkj8,sidecar,317.1119999999996
1442,12,client6,client6-785d875985-c474z,client6,667.2479999999996
1443,12,client6,client6-785d875985-c474z,sidecar,664.9709999999995
1444,12,client6,client6-785d875985-c474z,linkerd-proxy,666.9929999999986
1445,12,client4,client4-744474fb99-p4xwk,sidecar,718.125
1446,12,client4,client4-744474fb99-p4xwk,client4,720.3090000000011
1447,12,client4,client4-744474fb99-p4xwk,linkerd-proxy,720.1440000000002
1448,12,client17,client17-69b85b5ccf-t6qfk,client17,706.6769999999997
1449,12,client17,client17-69b85b5ccf-t6qfk,sidecar,674.6400000000012
1450,12,client17,client17-69b85b5ccf-t6qfk,linkerd-proxy,704.2049999999999
1451,12,client15,client15-79c969ddf-rnrfk,client15,653.3250000000007
1452,12,client15,client15-79c969ddf-rnrfk,sidecar,651.7440000000006
1453,12,client15,client15-79c969ddf-rnrfk,linkerd-proxy,653.1270000000004
1454,12,client9,client9-d68fb99b4-lpsfb,linkerd-proxy,875.5529999999999
1455,12,client9,client9-d68fb99b4-lpsfb,sidecar,687.165
1456,12,client9,client9-d68fb99b4-lpsfb,client9,875.6280000000006
1457,12,client12,client12-79bc8d5846-q5fw7,linkerd-proxy,886.0740000000005
1458,12,client12,client12-79bc8d5846-q5fw7,sidecar,699.6270000000022
1459,12,client12,client12-79bc8d5846-q5fw7,client12,886.0740000000005
1460,12,client1,client1-7b9db886dd-bt2vd,client1,756.7830000000013
1461,12,client1,client1-7b9db886dd-bt2vd,sidecar,704.5829999999996
1462,12,server,server-656f98b57f-5kskm,sidecar,452.322000000001
1463,12,server,server-656f98b57f-5kskm,server,485.4480000000003
1464,12,client5,maurits-dijk-d57b5102client51-s6twn,hfl-train,802.0799999999999
1465,12,client5,maurits-dijk-d57b5102client51-s6twn,hfl-train-model,714.7709999999997
1466,12,client5,maurits-dijk-d57b5102client51-s6twn,sidecar,596.1239999999998
1467,12,client1,maurits-dijk-d57b5102client11-76rsr,sidecar,716.1570000000002
1468,12,client1,maurits-dijk-d57b5102client11-76rsr,hfl-train,796.9620000000014
1469,12,client1,maurits-dijk-d57b5102client11-76rsr,hfl-train-model,750.0180000000018
1470,12,client13,maurits-dijk-d57b5102client131-7gfpb,sidecar,588.9419999999991
1471,12,client13,maurits-dijk-d57b5102client131-7gfpb,hfl-train,900.8039999999983
1472,12,client13,maurits-dijk-d57b5102client131-7gfpb,hfl-train-model,751.1369999999988
1473,12,server,maurits-dijk-d57b5102server1-6d4br,hfl-train,463.2029999999995
1474,12,server,maurits-dijk-d57b5102server1-6d4br,hfl-train-model,840.530999999999
1475,12,server,maurits-dijk-d57b5102server1-6d4br,sidecar,428.4539999999997
1476,12,client17,maurits-dijk-d57b5102client171-c6vfd,hfl-train,769.2990000000009
1477,12,client17,maurits-dijk-d57b5102client171-c6vfd,hfl-train-model,701.1839999999993
1478,12,client17,maurits-dijk-d57b5102client171-c6vfd,sidecar,618.6600000000008
1479,12,client9,maurits-dijk-d57b5102client91-b5mls,hfl-train,951.6270000000004
1480,12,client9,maurits-dijk-d57b5102client91-b5mls,hfl-train-model,869.598
1481,12,client9,maurits-dijk-d57b5102client91-b5mls,sidecar,771.9360000000006
1482,13,client6,client6-785d875985-c474z,linkerd-init,0.0
1483,13,client4,client4-744474fb99-p4xwk,linkerd-init,0.0
1484,13,client17,client17-69b85b5ccf-t6qfk,linkerd-init,0.0
1485,13,client15,client15-79c969ddf-rnrfk,linkerd-init,0.0
1486,13,client9,client9-d68fb99b4-lpsfb,linkerd-init,0.0
1487,13,client5,client5-7d5ff7f8b4-sx5j8,linkerd-proxy,630.9119999999984
1488,13,client5,client5-7d5ff7f8b4-sx5j8,linkerd-init,0.0
1489,13,client5,client5-7d5ff7f8b4-sx5j8,client5,634.8299999999999
1490,13,client5,client5-7d5ff7f8b4-sx5j8,sidecar,514.418999999999
1491,13,client12,client12-79bc8d5846-q5fw7,linkerd-init,0.0
1492,13,client16,client16-6dc7f87f54-ffkxj,sidecar,743.7900000000027
1493,13,client16,client16-6dc7f87f54-ffkxj,client16,745.6410000000014
1494,13,client16,client16-6dc7f87f54-ffkxj,linkerd-init,0.0
1495,13,client16,client16-6dc7f87f54-ffkxj,linkerd-proxy,745.5720000000019
1496,13,client2,client2-86cd6d8cf7-dfw7v,client2,653.3279999999995
1497,13,client2,client2-86cd6d8cf7-dfw7v,linkerd-init,0.0
1498,13,client2,client2-86cd6d8cf7-dfw7v,linkerd-proxy,653.1630000000005
1499,13,client2,client2-86cd6d8cf7-dfw7v,sidecar,651.7260000000006
1500,13,client3,client3-58c68898cd-7djj4,sidecar,703.0950000000012
1501,13,client3,client3-58c68898cd-7djj4,linkerd-init,0.0
1502,13,client3,client3-58c68898cd-7djj4,client3,704.6070000000018
1503,13,client3,client3-58c68898cd-7djj4,linkerd-proxy,704.4509999999991
1504,13,client18,client18-69db77c748-xcj8f,client18,771.7829999999994
1505,13,client18,client18-69db77c748-xcj8f,sidecar,770.2260000000006
1506,13,client18,client18-69db77c748-xcj8f,linkerd-proxy,771.6389999999992
1507,13,client18,client18-69db77c748-xcj8f,linkerd-init,0.0
1508,13,client7,client7-544486cc98-m9g7c,sidecar,780.2459999999992
1509,13,client7,client7-544486cc98-m9g7c,linkerd-proxy,781.3500000000022
1510,13,client7,client7-544486cc98-m9g7c,linkerd-init,0.0
1511,13,client7,client7-544486cc98-m9g7c,client7,781.7099999999991
1512,13,client11,client11-565c48c7c7-dkvjs,sidecar,567.9629999999997
1513,13,client11,client11-565c48c7c7-dkvjs,client11,650.7900000000027
1514,13,client11,client11-565c48c7c7-dkvjs,linkerd-init,0.0
1515,13,client11,client11-565c48c7c7-dkvjs,linkerd-proxy,650.7000000000007
1516,13,client19,client19-56fccdb4d9-wmdll,sidecar,685.1549999999988
1517,13,client19,client19-56fccdb4d9-wmdll,client19,686.6669999999995
1518,13,client19,client19-56fccdb4d9-wmdll,linkerd-init,0.0
1519,13,client19,client19-56fccdb4d9-wmdll,linkerd-proxy,686.3099999999995
1520,13,client1,client1-7b9db886dd-bt2vd,linkerd-proxy,619.0259999999998
1521,13,client1,client1-7b9db886dd-bt2vd,linkerd-init,0.0
1522,13,client13,client13-7bf86f4f87-bshn4,linkerd-proxy,610.6620000000003
1523,13,client13,client13-7bf86f4f87-bshn4,linkerd-init,0.0
1524,13,client13,client13-7bf86f4f87-bshn4,sidecar,559.656
1525,13,client13,client13-7bf86f4f87-bshn4,client13,615.7170000000006
1526,13,client20,client20-65f8864f77-pxvbs,client20,637.9710000000014
1527,13,client20,client20-65f8864f77-pxvbs,linkerd-proxy,637.9380000000001
1528,13,client20,client20-65f8864f77-pxvbs,sidecar,636.5820000000003
1529,13,client20,client20-65f8864f77-pxvbs,linkerd-init,0.0
1530,13,server,server-656f98b57f-5kskm,linkerd-proxy,571.7910000000002
1531,13,server,server-656f98b57f-5kskm,linkerd-init,0.0
1532,13,client8,client8-5845965f99-dncnq,client8,916.2389999999996
1533,13,client8,client8-5845965f99-dncnq,linkerd-init,0.0
1534,13,client8,client8-5845965f99-dncnq,linkerd-proxy,915.980999999998
1535,13,client8,client8-5845965f99-dncnq,sidecar,914.7599999999984
1536,13,client14,client14-856b5b5576-jdgsm,linkerd-init,0.0
1537,13,client14,client14-856b5b5576-jdgsm,sidecar,875.5500000000011
1538,13,client14,client14-856b5b5576-jdgsm,linkerd-proxy,877.2059999999983
1539,13,client14,client14-856b5b5576-jdgsm,client14,877.5690000000013
1540,13,client10,client10-694b6b97b4-qnhwd,client10,795.6029999999992
1541,13,client10,client10-694b6b97b4-qnhwd,sidecar,717.9689999999991
1542,13,client10,client10-694b6b97b4-qnhwd,linkerd-proxy,795.648000000001
1543,13,client10,client10-694b6b97b4-qnhwd,linkerd-init,0.0
1544,13,orchestrator,policy-enforcer-cb8dccbd8-9j5rz,policy-enforcer,305.35799999999927
1545,13,orchestrator,orchestrator-555f7b7c9d-h62wn,orchestrator,203.88900000000012
1546,13,api-gateway,api-gateway-6bf76d45b7-8xkj8,linkerd-init,0.0
1547,13,orchestrator,policy-enforcer-cb8dccbd8-9j5rz,linkerd-init,0.0
1548,13,api-gateway,api-gateway-6bf76d45b7-8xkj8,api-gateway,439.97699999999895
1549,13,orchestrator,policy-enforcer-cb8dccbd8-9j5rz,sidecar,385.86299999999983
1550,13,orchestrator,orchestrator-555f7b7c9d-h62wn,linkerd-proxy,415.78799999999956
1551,13,orchestrator,policy-enforcer-cb8dccbd8-9j5rz,linkerd-proxy,415.7459999999992
1552,13,api-gateway,api-gateway-6bf76d45b7-8xkj8,linkerd-proxy,434.2530000000006
1553,13,orchestrator,orchestrator-555f7b7c9d-h62wn,sidecar,367.03499999999985
1554,13,orchestrator,orchestrator-555f7b7c9d-h62wn,linkerd-init,0.0
1555,13,api-gateway,api-gateway-6bf76d45b7-8xkj8,sidecar,414.8760000000002
1556,13,client6,client6-785d875985-c474z,client6,678.4530000000013
1557,13,client6,client6-785d875985-c474z,sidecar,676.2840000000015
1558,13,client6,client6-785d875985-c474z,linkerd-proxy,678.2580000000016
1559,13,client4,client4-744474fb99-p4xwk,sidecar,779.7839999999978
1560,13,client4,client4-744474fb99-p4xwk,client4,781.9409999999971
1561,13,client4,client4-744474fb99-p4xwk,linkerd-proxy,781.7729999999992
1562,13,client17,client17-69b85b5ccf-t6qfk,client17,654.6570000000011
1563,13,client17,client17-69b85b5ccf-t6qfk,sidecar,583.9499999999989
1564,13,client17,client17-69b85b5ccf-t6qfk,linkerd-proxy,653.0939999999991
1565,13,client15,client15-79c969ddf-rnrfk,client15,685.4759999999987
1566,13,client15,client15-79c969ddf-rnrfk,sidecar,683.982
1567,13,client15,client15-79c969ddf-rnrfk,linkerd-proxy,685.2479999999996
1568,13,client9,client9-d68fb99b4-lpsfb,linkerd-proxy,620.0759999999991
1569,13,client9,client9-d68fb99b4-lpsfb,sidecar,544.0949999999993
1570,13,client9,client9-d68fb99b4-lpsfb,client9,621.8700000000008
1571,13,client12,client12-79bc8d5846-q5fw7,linkerd-proxy,696.2070000000003
1572,13,client12,client12-79bc8d5846-q5fw7,sidecar,597.7649999999994
1573,13,client12,client12-79bc8d5846-q5fw7,client12,696.2069999999985
1574,13,client1,client1-7b9db886dd-bt2vd,client1,619.280999999999
1575,13,client1,client1-7b9db886dd-bt2vd,sidecar,613.9590000000007
1576,13,server,server-656f98b57f-5kskm,sidecar,459.6929999999993
1577,13,server,server-656f98b57f-5kskm,server,589.8779999999997
1578,13,client5,maurits-dijk-d57b5102client51-s6twn,hfl-train,709.2569999999996
1579,13,client5,maurits-dijk-d57b5102client51-s6twn,hfl-train-model,629.223
1580,13,client5,maurits-dijk-d57b5102client51-s6twn,sidecar,542.9400000000005
1581,13,client1,maurits-dijk-d57b5102client11-76rsr,sidecar,565.0259999999998
1582,13,client1,maurits-dijk-d57b5102client11-76rsr,hfl-train,659.4029999999984
1583,13,client1,maurits-dijk-d57b5102client11-76rsr,hfl-train-model,613.0919999999969
1584,13,client13,maurits-dijk-d57b5102client131-7gfpb,sidecar,530.1960000000008
1585,13,client13,maurits-dijk-d57b5102client131-7gfpb,hfl-train,755.7030000000013
1586,13,client13,maurits-dijk-d57b5102client131-7gfpb,hfl-train-model,607.590000000002
1587,13,server,maurits-dijk-d57b5102server1-6d4br,hfl-train,569.625
1588,13,server,maurits-dijk-d57b5102server1-6d4br,hfl-train-model,908.2590000000018
1589,13,server,maurits-dijk-d57b5102server1-6d4br,sidecar,532.5540000000001
1590,13,client17,maurits-dijk-d57b5102client171-c6vfd,hfl-train,729.1619999999984
1591,13,client17,maurits-dijk-d57b5102client171-c6vfd,hfl-train-model,649.8899999999994
1592,13,client17,maurits-dijk-d57b5102client171-c6vfd,sidecar,627.0689999999995
1593,13,client9,maurits-dijk-d57b5102client91-b5mls,hfl-train,696.0839999999989
1594,13,client9,maurits-dijk-d57b5102client91-b5mls,hfl-train-model,615.027
1595,13,client9,maurits-dijk-d57b5102client91-b5mls,sidecar,574.7490000000007
1596,14,client6,client6-785d875985-c474z,linkerd-init,0.0
1597,14,client4,client4-744474fb99-p4xwk,linkerd-init,0.0
1598,14,client17,client17-69b85b5ccf-t6qfk,linkerd-init,0.0
1599,14,client15,client15-79c969ddf-rnrfk,linkerd-init,0.0
1600,14,client9,client9-d68fb99b4-lpsfb,linkerd-init,0.0
1601,14,client5,client5-7d5ff7f8b4-sx5j8,linkerd-proxy,807.8549999999996
1602,14,client5,client5-7d5ff7f8b4-sx5j8,linkerd-init,0.0
1603,14,client5,client5-7d5ff7f8b4-sx5j8,client5,812.2139999999999
1604,14,client5,client5-7d5ff7f8b4-sx5j8,sidecar,727.9859999999999
1605,14,client12,client12-79bc8d5846-q5fw7,linkerd-init,0.0
1606,14,client16,client16-6dc7f87f54-ffkxj,sidecar,872.6369999999988
1607,14,client16,client16-6dc7f87f54-ffkxj,client16,875.0609999999979
1608,14,client16,client16-6dc7f87f54-ffkxj,linkerd-init,0.0
1609,14,client16,client16-6dc7f87f54-ffkxj,linkerd-proxy,874.8479999999981
1610,14,client2,client2-86cd6d8cf7-dfw7v,client2,732.4530000000013
1611,14,client2,client2-86cd6d8cf7-dfw7v,linkerd-init,0.0
1612,14,client2,client2-86cd6d8cf7-dfw7v,linkerd-proxy,732.1919999999991
1613,14,client2,client2-86cd6d8cf7-dfw7v,sidecar,730.5540000000001
1614,14,client3,client3-58c68898cd-7djj4,sidecar,870.1710000000003
1615,14,client3,client3-58c68898cd-7djj4,linkerd-init,0.0
1616,14,client3,client3-58c68898cd-7djj4,client3,872.5169999999998
1617,14,client3,client3-58c68898cd-7djj4,linkerd-proxy,872.5019999999986
1618,14,client18,client18-69db77c748-xcj8f,client18,928.1999999999989
1619,14,client18,client18-69db77c748-xcj8f,sidecar,926.2439999999988
1620,14,client18,client18-69db77c748-xcj8f,linkerd-proxy,928.1939999999995
1621,14,client18,client18-69db77c748-xcj8f,linkerd-init,0.0
1622,14,client7,client7-544486cc98-m9g7c,sidecar,810.5160000000014
1623,14,client7,client7-544486cc98-m9g7c,linkerd-proxy,812.0280000000002
1624,14,client7,client7-544486cc98-m9g7c,linkerd-init,0.0
1625,14,client7,client7-544486cc98-m9g7c,client7,812.1630000000005
1626,14,client11,client11-565c48c7c7-dkvjs,sidecar,666.969000000001
1627,14,client11,client11-565c48c7c7-dkvjs,client11,767.0519999999979
1628,14,client11,client11-565c48c7c7-dkvjs,linkerd-init,0.0
1629,14,client11,client11-565c48c7c7-dkvjs,linkerd-proxy,766.8089999999975
1630,14,client19,client19-56fccdb4d9-wmdll,sidecar,904.2870000000003
1631,14,client19,client19-56fccdb4d9-wmdll,client19,906.0239999999994
1632,14,client19,client19-56fccdb4d9-wmdll,linkerd-init,0.0
1633,14,client19,client19-56fccdb4d9-wmdll,linkerd-proxy,905.991
1634,14,client1,client1-7b9db886dd-bt2vd,linkerd-proxy,820.9260000000013
1635,14,client1,client1-7b9db886dd-bt2vd,linkerd-init,0.0
1636,14,client13,client13-7bf86f4f87-bshn4,linkerd-proxy,620.9490000000005
1637,14,client13,client13-7bf86f4f87-bshn4,linkerd-init,0.0
1638,14,client13,client13-7bf86f4f87-bshn4,sidecar,579.1049999999996
1639,14,client13,client13-7bf86f4f87-bshn4,client13,624.6659999999993
1640,14,client20,client20-65f8864f77-pxvbs,client20,674.4839999999986
1641,14,client20,client20-65f8864f77-pxvbs,linkerd-proxy,674.4539999999997
1642,14,client20,client20-65f8864f77-pxvbs,sidecar,673.0469999999987
1643,14,client20,client20-65f8864f77-pxvbs,linkerd-init,0.0
1644,14,server,server-656f98b57f-5kskm,linkerd-proxy,482.3130000000001
1645,14,server,server-656f98b57f-5kskm,linkerd-init,0.0
1646,14,client8,client8-5845965f99-dncnq,client8,664.6529999999984
1647,14,client8,client8-5845965f99-dncnq,linkerd-init,0.0
1648,14,client8,client8-5845965f99-dncnq,linkerd-proxy,664.4879999999994
1649,14,client8,client8-5845965f99-dncnq,sidecar,663.3809999999994
1650,14,client14,client14-856b5b5576-jdgsm,linkerd-init,0.0
1651,14,client14,client14-856b5b5576-jdgsm,sidecar,717.6359999999986
1652,14,client14,client14-856b5b5576-jdgsm,linkerd-proxy,719.3250000000007
1653,14,client14,client14-856b5b5576-jdgsm,client14,719.4299999999985
1654,14,client10,client10-694b6b97b4-qnhwd,client10,628.7340000000004
1655,14,client10,client10-694b6b97b4-qnhwd,sidecar,560.5920000000006
1656,14,client10,client10-694b6b97b4-qnhwd,linkerd-proxy,628.5989999999983
1657,14,client10,client10-694b6b97b4-qnhwd,linkerd-init,0.0
1658,14,orchestrator,policy-enforcer-cb8dccbd8-9j5rz,policy-enforcer,180.75300000000016
1659,14,orchestrator,orchestrator-555f7b7c9d-h62wn,orchestrator,245.73000000000002
1660,14,api-gateway,api-gateway-6bf76d45b7-8xkj8,linkerd-init,0.0
1661,14,orchestrator,policy-enforcer-cb8dccbd8-9j5rz,linkerd-init,0.0
1662,14,api-gateway,api-gateway-6bf76d45b7-8xkj8,api-gateway,359.83800000000065
1663,14,orchestrator,policy-enforcer-cb8dccbd8-9j5rz,sidecar,304.20600000000104
1664,14,orchestrator,orchestrator-555f7b7c9d-h62wn,linkerd-proxy,334.1760000000004
1665,14,orchestrator,policy-enforcer-cb8dccbd8-9j5rz,linkerd-proxy,334.22700000000077
1666,14,api-gateway,api-gateway-6bf76d45b7-8xkj8,linkerd-proxy,352.0559999999996
1667,14,orchestrator,orchestrator-555f7b7c9d-h62wn,sidecar,323.7390000000005
1668,14,orchestrator,orchestrator-555f7b7c9d-h62wn,linkerd-init,0.0
1669,14,api-gateway,api-gateway-6bf76d45b7-8xkj8,sidecar,298.14899999999943
1670,14,client6,client6-785d875985-c474z,client6,896.3490000000002
1671,14,client6,client6-785d875985-c474z,sidecar,894.2789999999986
1672,14,client6,client6-785d875985-c474z,linkerd-proxy,895.9979999999996
1673,14,client4,client4-744474fb99-p4xwk,sidecar,863.7360000000008
1674,14,client4,client4-744474fb99-p4xwk,client4,866.2110000000011
1675,14,client4,client4-744474fb99-p4xwk,linkerd-proxy,866.0759999999991
1676,14,client17,client17-69b85b5ccf-t6qfk,client17,762.3989999999994
1677,14,client17,client17-69b85b5ccf-t6qfk,sidecar,637.4339999999993
1678,14,client17,client17-69b85b5ccf-t6qfk,linkerd-proxy,760.3680000000004
1679,14,client15,client15-79c969ddf-rnrfk,client15,840.2610000000004
1680,14,client15,client15-79c969ddf-rnrfk,sidecar,838.4639999999981
1681,14,client15,client15-79c969ddf-rnrfk,linkerd-proxy,839.973
1682,14,client9,client9-d68fb99b4-lpsfb,linkerd-proxy,774.9540000000015
1683,14,client9,client9-d68fb99b4-lpsfb,sidecar,729.9120000000003
1684,14,client9,client9-d68fb99b4-lpsfb,client9,775.1129999999994
1685,14,client12,client12-79bc8d5846-q5fw7,linkerd-proxy,899.9519999999993
1686,14,client12,client12-79bc8d5846-q5fw7,sidecar,778.9829999999984
1687,14,client12,client12-79bc8d5846-q5fw7,client12,899.6970000000001
1688,14,client1,client1-7b9db886dd-bt2vd,client1,821.0460000000003
1689,14,client1,client1-7b9db886dd-bt2vd,sidecar,733.8059999999987
1690,14,server,server-656f98b57f-5kskm,sidecar,407.5109999999995
1691,14,server,server-656f98b57f-5kskm,server,499.1190000000006
1692,14,client5,maurits-dijk-d57b5102client51-s6twn,hfl-train,900.8970000000008
1693,14,client5,maurits-dijk-d57b5102client51-s6twn,hfl-train-model,805.4850000000006
1694,14,client5,maurits-dijk-d57b5102client51-s6twn,sidecar,689.6550000000007
1695,14,client1,maurits-dijk-d57b5102client11-76rsr,sidecar,740.5169999999989
1696,14,client1,maurits-dijk-d57b5102client11-76rsr,hfl-train,853.5329999999994
1697,14,client1,maurits-dijk-d57b5102client11-76rsr,hfl-train-model,815.8170000000009
1698,14,client13,maurits-dijk-d57b5102client131-7gfpb,sidecar,528.6989999999996
1699,14,client13,maurits-dijk-d57b5102client131-7gfpb,hfl-train,769.6919999999991
1700,14,client13,maurits-dijk-d57b5102client131-7gfpb,hfl-train-model,617.6639999999989
1701,14,server,maurits-dijk-d57b5102server1-6d4br,hfl-train,477.9360000000006
1702,14,server,maurits-dijk-d57b5102server1-6d4br,hfl-train-model,756.4079999999994
1703,14,server,maurits-dijk-d57b5102server1-6d4br,sidecar,471.39900000000034
1704,14,client17,maurits-dijk-d57b5102client171-c6vfd,hfl-train,833.5560000000005
1705,14,client17,maurits-dijk-d57b5102client171-c6vfd,hfl-train-model,757.2810000000009
1706,14,client17,maurits-dijk-d57b5102client171-c6vfd,sidecar,732.5579999999991
1707,14,client9,maurits-dijk-d57b5102client91-b5mls,hfl-train,851.5020000000004
1708,14,client9,maurits-dijk-d57b5102client91-b5mls,hfl-train-model,767.6490000000013
1709,14,client9,maurits-dijk-d57b5102client91-b5mls,sidecar,710.0789999999997
1710,15,client6,client6-785d875985-c474z,linkerd-init,0.0
1711,15,client4,client4-744474fb99-p4xwk,linkerd-init,0.0
1712,15,client17,client17-69b85b5ccf-t6qfk,linkerd-init,0.0
1713,15,client15,client15-79c969ddf-rnrfk,linkerd-init,0.0
1714,15,client9,client9-d68fb99b4-lpsfb,linkerd-init,0.0
1715,15,client5,client5-7d5ff7f8b4-sx5j8,linkerd-proxy,645.8160000000007
1716,15,client5,client5-7d5ff7f8b4-sx5j8,linkerd-init,0.0
1717,15,client5,client5-7d5ff7f8b4-sx5j8,client5,649.2210000000014
1718,15,client5,client5-7d5ff7f8b4-sx5j8,sidecar,527.6100000000006
1719,15,client12,client12-79bc8d5846-q5fw7,linkerd-init,0.0
1720,15,client16,client16-6dc7f87f54-ffkxj,sidecar,736.3709999999992
1721,15,client16,client16-6dc7f87f54-ffkxj,client16,738.1200000000008
1722,15,client16,client16-6dc7f87f54-ffkxj,linkerd-init,0.0
1723,15,client16,client16-6dc7f87f54-ffkxj,linkerd-proxy,738.0690000000013
1724,15,client2,client2-86cd6d8cf7-dfw7v,client2,632.25
1725,15,client2,client2-86cd6d8cf7-dfw7v,linkerd-init,0.0
1726,15,client2,client2-86cd6d8cf7-dfw7v,linkerd-proxy,632.0610000000015
1727,15,client2,client2-86cd6d8cf7-dfw7v,sidecar,630.741
1728,15,client3,client3-58c68898cd-7djj4,sidecar,658.1460000000006
1729,15,client3,client3-58c68898cd-7djj4,linkerd-init,0.0
1730,15,client3,client3-58c68898cd-7djj4,client3,660.2309999999998
1731,15,client3,client3-58c68898cd-7djj4,linkerd-proxy,660.108000000002
1732,15,client18,client18-69db77c748-xcj8f,client18,755.0340000000015
1733,15,client18,client18-69db77c748-xcj8f,sidecar,753.2939999999999
1734,15,client18,client18-69db77c748-xcj8f,linkerd-proxy,754.8029999999999
1735,15,client18,client18-69db77c748-xcj8f,linkerd-init,0.0
1736,15,client7,client7-544486cc98-m9g7c,sidecar,678.8790000000008
1737,15,client7,client7-544486cc98-m9g7c,linkerd-proxy,679.9469999999983
1738,15,client7,client7-544486cc98-m9g7c,linkerd-init,0.0
1739,15,client7,client7-544486cc98-m9g7c,client7,680.2920000000013
1740,15,client11,client11-565c48c7c7-dkvjs,sidecar,620.991
1741,15,client11,client11-565c48c7c7-dkvjs,client11,683.8080000000009
1742,15,client11,client11-565c48c7c7-dkvjs,linkerd-init,0.0
1743,15,client11,client11-565c48c7c7-dkvjs,linkerd-proxy,683.6850000000013
1744,15,client19,client19-56fccdb4d9-wmdll,sidecar,809.8979999999992
1745,15,client19,client19-56fccdb4d9-wmdll,client19,811.3919999999998
1746,15,client19,client19-56fccdb4d9-wmdll,linkerd-init,0.0
1747,15,client19,client19-56fccdb4d9-wmdll,linkerd-proxy,811.2119999999995
1748,15,client1,client1-7b9db886dd-bt2vd,linkerd-proxy,646.2839999999997
1749,15,client1,client1-7b9db886dd-bt2vd,linkerd-init,0.0
1750,15,client13,client13-7bf86f4f87-bshn4,linkerd-proxy,707.5380000000005
1751,15,client13,client13-7bf86f4f87-bshn4,linkerd-init,0.0
1752,15,client13,client13-7bf86f4f87-bshn4,sidecar,675.969000000001
1753,15,client13,client13-7bf86f4f87-bshn4,client13,710.7659999999996
1754,15,client20,client20-65f8864f77-pxvbs,client20,748.3170000000009
1755,15,client20,client20-65f8864f77-pxvbs,linkerd-proxy,748.226999999999
1756,15,client20,client20-65f8864f77-pxvbs,sidecar,746.733000000002
1757,15,client20,client20-65f8864f77-pxvbs,linkerd-init,0.0
1758,15,server,server-656f98b57f-5kskm,linkerd-proxy,582.2939999999999
1759,15,server,server-656f98b57f-5kskm,linkerd-init,0.0
1760,15,client8,client8-5845965f99-dncnq,client8,812.9940000000024
1761,15,client8,client8-5845965f99-dncnq,linkerd-init,0.0
1762,15,client8,client8-5845965f99-dncnq,linkerd-proxy,812.607
1763,15,client8,client8-5845965f99-dncnq,sidecar,811.2930000000015
1764,15,client14,client14-856b5b5576-jdgsm,linkerd-init,0.0
1765,15,client14,client14-856b5b5576-jdgsm,sidecar,809.8260000000009
1766,15,client14,client14-856b5b5576-jdgsm,linkerd-proxy,811.4969999999994
1767,15,client14,client14-856b5b5576-jdgsm,client14,811.7219999999998
1768,15,client10,client10-694b6b97b4-qnhwd,client10,816.0329999999994
1769,15,client10,client10-694b6b97b4-qnhwd,sidecar,647.3220000000001
1770,15,client10,client10-694b6b97b4-qnhwd,linkerd-proxy,816.018
1771,15,client10,client10-694b6b97b4-qnhwd,linkerd-init,0.0
1772,15,orchestrator,policy-enforcer-cb8dccbd8-9j5rz,policy-enforcer,303.0360000000005
1773,15,orchestrator,orchestrator-555f7b7c9d-h62wn,orchestrator,294.846
1774,15,api-gateway,api-gateway-6bf76d45b7-8xkj8,linkerd-init,0.0
1775,15,orchestrator,policy-enforcer-cb8dccbd8-9j5rz,linkerd-init,0.0
1776,15,api-gateway,api-gateway-6bf76d45b7-8xkj8,api-gateway,410.9310000000005
1777,15,orchestrator,policy-enforcer-cb8dccbd8-9j5rz,sidecar,395.23199999999906
1778,15,orchestrator,orchestrator-555f7b7c9d-h62wn,linkerd-proxy,396.09599999999955
1779,15,orchestrator,policy-enforcer-cb8dccbd8-9j5rz,linkerd-proxy,396.0659999999998
1780,15,api-gateway,api-gateway-6bf76d45b7-8xkj8,linkerd-proxy,414.71100000000024
1781,15,orchestrator,orchestrator-555f7b7c9d-h62wn,sidecar,353.5649999999996
1782,15,orchestrator,orchestrator-555f7b7c9d-h62wn,linkerd-init,0.0
1783,15,api-gateway,api-gateway-6bf76d45b7-8xkj8,sidecar,365.27400000000034
1784,15,client6,client6-785d875985-c474z,client6,704.3310000000001
1785,15,client6,client6-785d875985-c474z,sidecar,702.7260000000006
1786,15,client6,client6-785d875985-c474z,linkerd-proxy,703.9650000000001
1787,15,client4,client4-744474fb99-p4xwk,sidecar,772.4430000000011
1788,15,client4,client4-744474fb99-p4xwk,client4,774.4590000000007
1789,15,client4,client4-744474fb99-p4xwk,linkerd-proxy,774.3210000000017
1790,15,client17,client17-69b85b5ccf-t6qfk,client17,657.0330000000013
1791,15,client17,client17-69b85b5ccf-t6qfk,sidecar,598.9230000000007
1792,15,client17,client17-69b85b5ccf-t6qfk,linkerd-proxy,654.8130000000001
1793,15,client15,client15-79c969ddf-rnrfk,client15,715.902
1794,15,client15,client15-79c969ddf-rnrfk,sidecar,714.3630000000012
1795,15,client15,client15-79c969ddf-rnrfk,linkerd-proxy,715.5509999999995
1796,15,client9,client9-d68fb99b4-lpsfb,linkerd-proxy,617.2919999999995
1797,15,client9,client9-d68fb99b4-lpsfb,sidecar,557.4089999999997
1798,15,client9,client9-d68fb99b4-lpsfb,client9,620.9009999999998
1799,15,client12,client12-79bc8d5846-q5fw7,linkerd-proxy,662.8470000000016
1800,15,client12,client12-79bc8d5846-q5fw7,sidecar,586.0110000000004
1801,15,client12,client12-79bc8d5846-q5fw7,client12,662.8619999999992
1802,15,client1,client1-7b9db886dd-bt2vd,client1,646.2119999999995
1803,15,client1,client1-7b9db886dd-bt2vd,sidecar,578.0820000000022
1804,15,server,server-656f98b57f-5kskm,sidecar,560.496000000001
1805,15,server,server-656f98b57f-5kskm,server,599.5709999999999
1806,15,client5,maurits-dijk-d57b5102client51-s6twn,hfl-train,722.7960000000003
1807,15,client5,maurits-dijk-d57b5102client51-s6twn,hfl-train-model,643.5839999999989
1808,15,client5,maurits-dijk-d57b5102client51-s6twn,sidecar,553.9829999999984
1809,15,client1,maurits-dijk-d57b5102client11-76rsr,sidecar,575.8650000000016
1810,15,client1,maurits-dijk-d57b5102client11-76rsr,hfl-train,687.1650000000027
1811,15,client1,maurits-dijk-d57b5102client11-76rsr,hfl-train-model,640.4820000000018
1812,15,client13,maurits-dijk-d57b5102client131-7gfpb,sidecar,609.7019999999993
1813,15,client13,maurits-dijk-d57b5102client131-7gfpb,hfl-train,850.0080000000016
1814,15,client13,maurits-dijk-d57b5102client131-7gfpb,hfl-train-model,704.3430000000008
1815,15,server,maurits-dijk-d57b5102server1-6d4br,hfl-train,579.2699999999995
1816,15,server,maurits-dijk-d57b5102server1-6d4br,hfl-train-model,914.0879999999997
1817,15,server,maurits-dijk-d57b5102server1-6d4br,sidecar,570.0780000000004
1818,15,client17,maurits-dijk-d57b5102client171-c6vfd,hfl-train,725.387999999999
1819,15,client17,maurits-dijk-d57b5102client171-c6vfd,hfl-train-model,651.7049999999981
1820,15,client17,maurits-dijk-d57b5102client171-c6vfd,sidecar,633.8250000000025
1821,15,client9,maurits-dijk-d57b5102client91-b5mls,hfl-train,692.9639999999999
1822,15,client9,maurits-dijk-d57b5102client91-b5mls,hfl-train-model,611.8379999999997
1823,15,client9,maurits-dijk-d57b5102client91-b5mls,sidecar,602.8860000000004
1824,16,client6,client6-785d875985-c474z,linkerd-init,0.0
1825,16,client4,client4-744474fb99-p4xwk,linkerd-init,0.0
1826,16,client17,client17-69b85b5ccf-t6qfk,linkerd-init,0.0
1827,16,client15,client15-79c969ddf-rnrfk,linkerd-init,0.0
1828,16,client9,client9-d68fb99b4-lpsfb,linkerd-init,0.0
1829,16,client5,client5-7d5ff7f8b4-sx5j8,linkerd-proxy,719.1059999999998
1830,16,client5,client5-7d5ff7f8b4-sx5j8,linkerd-init,0.0
1831,16,client5,client5-7d5ff7f8b4-sx5j8,client5,722.7599999999984
1832,16,client5,client5-7d5ff7f8b4-sx5j8,sidecar,636.0750000000007
1833,16,client12,client12-79bc8d5846-q5fw7,linkerd-init,0.0
1834,16,client16,client16-6dc7f87f54-ffkxj,sidecar,878.7900000000009
1835,16,client16,client16-6dc7f87f54-ffkxj,client16,881.0910000000003
1836,16,client16,client16-6dc7f87f54-ffkxj,linkerd-init,0.0
1837,16,client16,client16-6dc7f87f54-ffkxj,linkerd-proxy,881.0460000000003
1838,16,client2,client2-86cd6d8cf7-dfw7v,client2,734.3999999999996
1839,16,client2,client2-86cd6d8cf7-dfw7v,linkerd-init,0.0
1840,16,client2,client2-86cd6d8cf7-dfw7v,linkerd-proxy,734.2890000000007
1841,16,client2,client2-86cd6d8cf7-dfw7v,sidecar,732.6180000000004
1842,16,client3,client3-58c68898cd-7djj4,sidecar,846.6299999999992
1843,16,client3,client3-58c68898cd-7djj4,linkerd-init,0.0
1844,16,client3,client3-58c68898cd-7djj4,client3,849.1350000000002
1845,16,client3,client3-58c68898cd-7djj4,linkerd-proxy,849.1349999999984
1846,16,client18,client18-69db77c748-xcj8f,client18,837.5910000000003
1847,16,client18,client18-69db77c748-xcj8f,sidecar,835.719000000001
1848,16,client18,client18-69db77c748-xcj8f,linkerd-proxy,837.4230000000007
1849,16,client18,client18-69db77c748-xcj8f,linkerd-init,0.0
1850,16,client7,client7-544486cc98-m9g7c,sidecar,803.7059999999983
1851,16,client7,client7-544486cc98-m9g7c,linkerd-proxy,805.1730000000007
1852,16,client7,client7-544486cc98-m9g7c,linkerd-init,0.0
1853,16,client7,client7-544486cc98-m9g7c,client7,805.4279999999981
1854,16,client11,client11-565c48c7c7-dkvjs,sidecar,740.1000000000004
1855,16,client11,client11-565c48c7c7-dkvjs,client11,814.5869999999995
1856,16,client11,client11-565c48c7c7-dkvjs,linkerd-init,0.0
1857,16,client11,client11-565c48c7c7-dkvjs,linkerd-proxy,814.3860000000004
1858,16,client19,client19-56fccdb4d9-wmdll,sidecar,829.9080000000013
1859,16,client19,client19-56fccdb4d9-wmdll,client19,831.2850000000017
1860,16,client19,client19-56fccdb4d9-wmdll,linkerd-init,0.0
1861,16,client19,client19-56fccdb4d9-wmdll,linkerd-proxy,831.2010000000009
1862,16,client1,client1-7b9db886dd-bt2vd,linkerd-proxy,636.4740000000002
1863,16,client1,client1-7b9db886dd-bt2vd,linkerd-init,0.0
1864,16,client13,client13-7bf86f4f87-bshn4,linkerd-proxy,632.5169999999998
1865,16,client13,client13-7bf86f4f87-bshn4,linkerd-init,0.0
1866,16,client13,client13-7bf86f4f87-bshn4,sidecar,580.2120000000014
1867,16,client13,client13-7bf86f4f87-bshn4,client13,636.75
1868,16,client20,client20-65f8864f77-pxvbs,client20,654.2189999999991
1869,16,client20,client20-65f8864f77-pxvbs,linkerd-proxy,654.1679999999997
1870,16,client20,client20-65f8864f77-pxvbs,sidecar,653.0669999999991
1871,16,client20,client20-65f8864f77-pxvbs,linkerd-init,0.0
1872,16,server,server-656f98b57f-5kskm,linkerd-proxy,509.0580000000009
1873,16,server,server-656f98b57f-5kskm,linkerd-init,0.0
1874,16,client8,client8-5845965f99-dncnq,client8,678.4259999999977
1875,16,client8,client8-5845965f99-dncnq,linkerd-init,0.0
1876,16,client8,client8-5845965f99-dncnq,linkerd-proxy,678.2310000000016
1877,16,client8,client8-5845965f99-dncnq,sidecar,677.0190000000002
1878,16,client14,client14-856b5b5576-jdgsm,linkerd-init,0.0
1879,16,client14,client14-856b5b5576-jdgsm,sidecar,776.387999999999
1880,16,client14,client14-856b5b5576-jdgsm,linkerd-proxy,777.7770000000019
1881,16,client14,client14-856b5b5576-jdgsm,client14,777.9300000000003
1882,16,client10,client10-694b6b97b4-qnhwd,client10,660.3240000000005
1883,16,client10,client10-694b6b97b4-qnhwd,sidecar,522.4379999999983
1884,16,client10,client10-694b6b97b4-qnhwd,linkerd-proxy,660.1410000000014
1885,16,client10,client10-694b6b97b4-qnhwd,linkerd-init,0.0
1886,16,orchestrator,policy-enforcer-cb8dccbd8-9j5rz,policy-enforcer,248.9010000000003
1887,16,orchestrator,orchestrator-555f7b7c9d-h62wn,orchestrator,159.98399999999992
1888,16,api-gateway,api-gateway-6bf76d45b7-8xkj8,linkerd-init,0.0
1889,16,orchestrator,policy-enforcer-cb8dccbd8-9j5rz,linkerd-init,0.0
1890,16,api-gateway,api-gateway-6bf76d45b7-8xkj8,api-gateway,347.90099999999893
1891,16,orchestrator,policy-enforcer-cb8dccbd8-9j5rz,sidecar,314.65499999999975
1892,16,orchestrator,orchestrator-555f7b7c9d-h62wn,linkerd-proxy,346.0410000000011
1893,16,orchestrator,policy-enforcer-cb8dccbd8-9j5rz,linkerd-proxy,345.9330000000009
1894,16,api-gateway,api-gateway-6bf76d45b7-8xkj8,linkerd-proxy,364.0050000000001
1895,16,orchestrator,orchestrator-555f7b7c9d-h62wn,sidecar,307.14599999999973
1896,16,orchestrator,orchestrator-555f7b7c9d-h62wn,linkerd-init,0.0
1897,16,api-gateway,api-gateway-6bf76d45b7-8xkj8,sidecar,345.2399999999998
1898,16,client6,client6-785d875985-c474z,client6,788.6730000000007
1899,16,client6,client6-785d875985-c474z,sidecar,786.5070000000014
1900,16,client6,client6-785d875985-c474z,linkerd-proxy,788.0910000000003
1901,16,client4,client4-744474fb99-p4xwk,sidecar,837.9479999999985
1902,16,client4,client4-744474fb99-p4xwk,client4,840.3539999999994
1903,16,client4,client4-744474fb99-p4xwk,linkerd-proxy,840.3689999999988
1904,16,client17,client17-69b85b5ccf-t6qfk,client17,783.9329999999991
1905,16,client17,client17-69b85b5ccf-t6qfk,sidecar,766.7700000000004
1906,16,client17,client17-69b85b5ccf-t6qfk,linkerd-proxy,781.5630000000001
1907,16,client15,client15-79c969ddf-rnrfk,client15,796.6530000000002
1908,16,client15,client15-79c969ddf-rnrfk,sidecar,794.844000000001
1909,16,client15,client15-79c969ddf-rnrfk,linkerd-proxy,796.3590000000004
1910,16,client9,client9-d68fb99b4-lpsfb,linkerd-proxy,754.7579999999998
1911,16,client9,client9-d68fb99b4-lpsfb,sidecar,660.0780000000013
1912,16,client9,client9-d68fb99b4-lpsfb,client9,757.2929999999997
1913,16,client12,client12-79bc8d5846-q5fw7,linkerd-proxy,885.0599999999977
1914,16,client12,client12-79bc8d5846-q5fw7,sidecar,804.5910000000003
1915,16,client12,client12-79bc8d5846-q5fw7,client12,884.9100000000017
1916,16,client1,client1-7b9db886dd-bt2vd,client1,639.1440000000002
1917,16,client1,client1-7b9db886dd-bt2vd,sidecar,612.6299999999992
1918,16,server,server-656f98b57f-5kskm,sidecar,413.52899999999954
1919,16,server,server-656f98b57f-5kskm,server,522.0210000000006
1920,16,client5,maurits-dijk-d57b5102client51-s6twn,hfl-train,795.164999999999
1921,16,client5,maurits-dijk-d57b5102client51-s6twn,hfl-train-model,716.973
1922,16,client5,maurits-dijk-d57b5102client51-s6twn,sidecar,646.8330000000024
1923,16,client1,maurits-dijk-d57b5102client11-76rsr,sidecar,540.9629999999997
1924,16,client1,maurits-dijk-d57b5102client11-76rsr,hfl-train,681.1889999999985
1925,16,client1,maurits-dijk-d57b5102client11-76rsr,hfl-train-model,630.2459999999992
1926,16,client13,maurits-dijk-d57b5102client131-7gfpb,sidecar,530.4330000000009
1927,16,client13,maurits-dijk-d57b5102client131-7gfpb,hfl-train,780.6509999999998
1928,16,client13,maurits-dijk-d57b5102client131-7gfpb,hfl-train-model,629.1089999999986
1929,16,server,maurits-dijk-d57b5102server1-6d4br,hfl-train,504.90000000000146
1930,16,server,maurits-dijk-d57b5102server1-6d4br,hfl-train-model,906.8730000000014
1931,16,server,maurits-dijk-d57b5102server1-6d4br,sidecar,440.5169999999998
1932,16,client17,maurits-dijk-d57b5102client171-c6vfd,hfl-train,854.8050000000003
1933,16,client17,maurits-dijk-d57b5102client171-c6vfd,hfl-train-model,778.1520000000019
1934,16,client17,maurits-dijk-d57b5102client171-c6vfd,sidecar,775.3319999999985
1935,16,client9,maurits-dijk-d57b5102client91-b5mls,hfl-train,825.2729999999992
1936,16,client9,maurits-dijk-d57b5102client91-b5mls,hfl-train-model,747.3719999999994
1937,16,client9,maurits-dijk-d57b5102client91-b5mls,sidecar,689.3399999999983
1938,17,client6,client6-785d875985-c474z,linkerd-init,0.0
1939,17,client4,client4-744474fb99-p4xwk,linkerd-init,0.0
1940,17,client17,client17-69b85b5ccf-t6qfk,linkerd-init,0.0
1941,17,client15,client15-79c969ddf-rnrfk,linkerd-init,0.0
1942,17,client9,client9-d68fb99b4-lpsfb,linkerd-init,0.0
1943,17,client5,client5-7d5ff7f8b4-sx5j8,linkerd-proxy,611.634
1944,17,client5,client5-7d5ff7f8b4-sx5j8,linkerd-init,0.0
1945,17,client5,client5-7d5ff7f8b4-sx5j8,client5,615.0630000000019
1946,17,client5,client5-7d5ff7f8b4-sx5j8,sidecar,590.4119999999984
1947,17,client12,client12-79bc8d5846-q5fw7,linkerd-init,0.0
1948,17,client16,client16-6dc7f87f54-ffkxj,sidecar,716.8680000000004
1949,17,client16,client16-6dc7f87f54-ffkxj,client16,719.094000000001
1950,17,client16,client16-6dc7f87f54-ffkxj,linkerd-init,0.0
1951,17,client16,client16-6dc7f87f54-ffkxj,linkerd-proxy,718.9590000000007
1952,17,client2,client2-86cd6d8cf7-dfw7v,client2,616.7729999999992
1953,17,client2,client2-86cd6d8cf7-dfw7v,linkerd-init,0.0
1954,17,client2,client2-86cd6d8cf7-dfw7v,linkerd-proxy,616.6949999999997
1955,17,client2,client2-86cd6d8cf7-dfw7v,sidecar,615.275999999998
1956,17,client3,client3-58c68898cd-7djj4,sidecar,663.1859999999997
1957,17,client3,client3-58c68898cd-7djj4,linkerd-init,0.0
1958,17,client3,client3-58c68898cd-7djj4,client3,665.2469999999994
1959,17,client3,client3-58c68898cd-7djj4,linkerd-proxy,665.2020000000011
1960,17,client18,client18-69db77c748-xcj8f,client18,680.6879999999983
1961,17,client18,client18-69db77c748-xcj8f,sidecar,679.1909999999989
1962,17,client18,client18-69db77c748-xcj8f,linkerd-proxy,680.5799999999999
1963,17,client18,client18-69db77c748-xcj8f,linkerd-init,0.0
1964,17,client7,client7-544486cc98-m9g7c,sidecar,642.6419999999998
1965,17,client7,client7-544486cc98-m9g7c,linkerd-proxy,643.784999999998
1966,17,client7,client7-544486cc98-m9g7c,linkerd-init,0.0
1967,17,client7,client7-544486cc98-m9g7c,client7,644.001000000002
1968,17,client11,client11-565c48c7c7-dkvjs,sidecar,627.539999999999
1969,17,client11,client11-565c48c7c7-dkvjs,client11,690.1319999999996
1970,17,client11,client11-565c48c7c7-dkvjs,linkerd-init,0.0
1971,17,client11,client11-565c48c7c7-dkvjs,linkerd-proxy,689.8859999999986
1972,17,client19,client19-56fccdb4d9-wmdll,sidecar,824.1209999999992
1973,17,client19,client19-56fccdb4d9-wmdll,client19,825.7049999999981
1974,17,client19,client19-56fccdb4d9-wmdll,linkerd-init,0.0
1975,17,client19,client19-56fccdb4d9-wmdll,linkerd-proxy,825.5550000000003
1976,17,client1,client1-7b9db886dd-bt2vd,linkerd-proxy,818.2889999999989
1977,17,client1,client1-7b9db886dd-bt2vd,linkerd-init,0.0
1978,17,client13,client13-7bf86f4f87-bshn4,linkerd-proxy,751.3860000000004
1979,17,client13,client13-7bf86f4f87-bshn4,linkerd-init,0.0
1980,17,client13,client13-7bf86f4f87-bshn4,sidecar,708.4559999999983
1981,17,client13,client13-7bf86f4f87-bshn4,client13,755.8470000000016
1982,17,client20,client20-65f8864f77-pxvbs,client20,915.9300000000003
1983,17,client20,client20-65f8864f77-pxvbs,linkerd-proxy,915.7080000000024
1984,17,client20,client20-65f8864f77-pxvbs,sidecar,914.2379999999994
1985,17,client20,client20-65f8864f77-pxvbs,linkerd-init,0.0
1986,17,server,server-656f98b57f-5kskm,linkerd-proxy,589.2420000000002
1987,17,server,server-656f98b57f-5kskm,linkerd-init,0.0
1988,17,client8,client8-5845965f99-dncnq,client8,792.1229999999996
1989,17,client8,client8-5845965f99-dncnq,linkerd-init,0.0
1990,17,client8,client8-5845965f99-dncnq,linkerd-proxy,791.9129999999986
1991,17,client8,client8-5845965f99-dncnq,sidecar,790.5659999999989
1992,17,client14,client14-856b5b5576-jdgsm,linkerd-init,0.0
1993,17,client14,client14-856b5b5576-jdgsm,sidecar,720.2250000000022
1994,17,client14,client14-856b5b5576-jdgsm,linkerd-proxy,721.6919999999991
1995,17,client14,client14-856b5b5576-jdgsm,client14,721.9770000000008
1996,17,client10,client10-694b6b97b4-qnhwd,client10,698.9490000000005
1997,17,client10,client10-694b6b97b4-qnhwd,sidecar,599.4360000000015
1998,17,client10,client10-694b6b97b4-qnhwd,linkerd-proxy,698.4479999999985
1999,17,client10,client10-694b6b97b4-qnhwd,linkerd-init,0.0
2000,17,orchestrator,policy-enforcer-cb8dccbd8-9j5rz,policy-enforcer,178.42500000000018
2001,17,orchestrator,orchestrator-555f7b7c9d-h62wn,orchestrator,232.86300000000028
2002,17,api-gateway,api-gateway-6bf76d45b7-8xkj8,linkerd-init,0.0
2003,17,orchestrator,policy-enforcer-cb8dccbd8-9j5rz,linkerd-init,0.0
2004,17,api-gateway,api-gateway-6bf76d45b7-8xkj8,api-gateway,348.795000000001
2005,17,orchestrator,policy-enforcer-cb8dccbd8-9j5rz,sidecar,321.72600000000057
2006,17,orchestrator,orchestrator-555f7b7c9d-h62wn,linkerd-proxy,344.5139999999992
2007,17,orchestrator,policy-enforcer-cb8dccbd8-9j5rz,linkerd-proxy,344.54099999999926
2008,17,api-gateway,api-gateway-6bf76d45b7-8xkj8,linkerd-proxy,362.7330000000002
2009,17,orchestrator,orchestrator-555f7b7c9d-h62wn,sidecar,336.10199999999986
2010,17,orchestrator,orchestrator-555f7b7c9d-h62wn,linkerd-init,0.0
2011,17,api-gateway,api-gateway-6bf76d45b7-8xkj8,sidecar,301.8180000000002
2012,17,client6,client6-785d875985-c474z,client6,732.0389999999989
2013,17,client6,client6-785d875985-c474z,sidecar,730.0019999999986
2014,17,client6,client6-785d875985-c474z,linkerd-proxy,731.8410000000003
2015,17,client4,client4-744474fb99-p4xwk,sidecar,714.3960000000006
2016,17,client4,client4-744474fb99-p4xwk,client4,716.4750000000004
2017,17,client4,client4-744474fb99-p4xwk,linkerd-proxy,716.3850000000002
2018,17,client17,client17-69b85b5ccf-t6qfk,client17,701.0759999999991
2019,17,client17,client17-69b85b5ccf-t6qfk,sidecar,638.5469999999987
2020,17,client17,client17-69b85b5ccf-t6qfk,linkerd-proxy,698.9250000000011
2021,17,client15,client15-79c969ddf-rnrfk,client15,722.0879999999997
2022,17,client15,client15-79c969ddf-rnrfk,sidecar,720.5459999999985
2023,17,client15,client15-79c969ddf-rnrfk,linkerd-proxy,721.8150000000005
2024,17,client9,client9-d68fb99b4-lpsfb,linkerd-proxy,630.9390000000003
2025,17,client9,client9-d68fb99b4-lpsfb,sidecar,598.8179999999975
2026,17,client9,client9-d68fb99b4-lpsfb,client9,635.3040000000001
2027,17,client12,client12-79bc8d5846-q5fw7,linkerd-proxy,683.8170000000009
2028,17,client12,client12-79bc8d5846-q5fw7,sidecar,606.5340000000015
2029,17,client12,client12-79bc8d5846-q5fw7,client12,683.8169999999991
2030,17,client1,client1-7b9db886dd-bt2vd,client1,819.9539999999997
2031,17,client1,client1-7b9db886dd-bt2vd,sidecar,762.2399999999998
2032,17,server,server-656f98b57f-5kskm,sidecar,484.7940000000008
2033,17,server,server-656f98b57f-5kskm,server,606.0360000000001
2034,17,client5,maurits-dijk-d57b5102client51-s6twn,hfl-train,689.4869999999992
2035,17,client5,maurits-dijk-d57b5102client51-s6twn,hfl-train-model,609.0900000000001
2036,17,client5,maurits-dijk-d57b5102client51-s6twn,sidecar,511.637999999999
2037,17,client1,maurits-dijk-d57b5102client11-76rsr,sidecar,607.2569999999996
2038,17,client1,maurits-dijk-d57b5102client11-76rsr,hfl-train,855.7199999999993
2039,17,client1,maurits-dijk-d57b5102client11-76rsr,hfl-train-model,812.2469999999994
2040,17,client13,maurits-dijk-d57b5102client131-7gfpb,sidecar,583.4279999999999
2041,17,client13,maurits-dijk-d57b5102client131-7gfpb,hfl-train,903.8909999999978
2042,17,client13,maurits-dijk-d57b5102client131-7gfpb,hfl-train-model,747.9210000000003
2043,17,server,maurits-dijk-d57b5102server1-6d4br,hfl-train,584.2619999999988
2044,17,server,maurits-dijk-d57b5102server1-6d4br,hfl-train-model,867.8669999999984
2045,17,server,maurits-dijk-d57b5102server1-6d4br,sidecar,568.1820000000007
2046,17,client17,maurits-dijk-d57b5102client171-c6vfd,hfl-train,785.4990000000016
2047,17,client17,maurits-dijk-d57b5102client171-c6vfd,hfl-train-model,695.3639999999996
2048,17,client17,maurits-dijk-d57b5102client171-c6vfd,sidecar,684.402
2049,17,client9,maurits-dijk-d57b5102client91-b5mls,hfl-train,702.7740000000013
2050,17,client9,maurits-dijk-d57b5102client91-b5mls,hfl-train-model,624.6779999999999
2051,17,client9,maurits-dijk-d57b5102client91-b5mls,sidecar,580.4519999999993
2052,18,client6,client6-785d875985-c474z,linkerd-init,0.0
2053,18,client4,client4-744474fb99-p4xwk,linkerd-init,0.0
2054,18,client17,client17-69b85b5ccf-t6qfk,linkerd-init,0.0
2055,18,client15,client15-79c969ddf-rnrfk,linkerd-init,0.0
2056,18,client9,client9-d68fb99b4-lpsfb,linkerd-init,0.0
2057,18,client5,client5-7d5ff7f8b4-sx5j8,linkerd-proxy,750.2340000000004
2058,18,client5,client5-7d5ff7f8b4-sx5j8,linkerd-init,0.0
2059,18,client5,client5-7d5ff7f8b4-sx5j8,client5,752.8289999999979
2060,18,client5,client5-7d5ff7f8b4-sx5j8,sidecar,712.6950000000015
2061,18,client12,client12-79bc8d5846-q5fw7,linkerd-init,0.0
2062,18,client16,client16-6dc7f87f54-ffkxj,sidecar,723.6329999999998
2063,18,client16,client16-6dc7f87f54-ffkxj,client16,725.9639999999981
2064,18,client16,client16-6dc7f87f54-ffkxj,linkerd-init,0.0
2065,18,client16,client16-6dc7f87f54-ffkxj,linkerd-proxy,725.7089999999989
2066,18,client2,client2-86cd6d8cf7-dfw7v,client2,692.3639999999996
2067,18,client2,client2-86cd6d8cf7-dfw7v,linkerd-init,0.0
2068,18,client2,client2-86cd6d8cf7-dfw7v,linkerd-proxy,692.2199999999993
2069,18,client2,client2-86cd6d8cf7-dfw7v,sidecar,690.8400000000001
2070,18,client3,client3-58c68898cd-7djj4,sidecar,678.4920000000002
2071,18,client3,client3-58c68898cd-7djj4,linkerd-init,0.0
2072,18,client3,client3-58c68898cd-7djj4,client3,680.5499999999993
2073,18,client3,client3-58c68898cd-7djj4,linkerd-proxy,680.4750000000004
2074,18,client18,client18-69db77c748-xcj8f,client18,723.0600000000013
2075,18,client18,client18-69db77c748-xcj8f,sidecar,721.4940000000006
2076,18,client18,client18-69db77c748-xcj8f,linkerd-proxy,723.0
2077,18,client18,client18-69db77c748-xcj8f,linkerd-init,0.0
2078,18,client7,client7-544486cc98-m9g7c,sidecar,640.5750000000007
2079,18,client7,client7-544486cc98-m9g7c,linkerd-proxy,641.7330000000002
2080,18,client7,client7-544486cc98-m9g7c,linkerd-init,0.0
2081,18,client7,client7-544486cc98-m9g7c,client7,641.9159999999993
2082,18,client11,client11-565c48c7c7-dkvjs,sidecar,599.139000000001
2083,18,client11,client11-565c48c7c7-dkvjs,client11,680.2889999999989
2084,18,client11,client11-565c48c7c7-dkvjs,linkerd-init,0.0
2085,18,client11,client11-565c48c7c7-dkvjs,linkerd-proxy,680.1090000000022
2086,18,client19,client19-56fccdb4d9-wmdll,sidecar,668.9580000000005
2087,18,client19,client19-56fccdb4d9-wmdll,client19,670.3320000000003
2088,18,client19,client19-56fccdb4d9-wmdll,linkerd-init,0.0
2089,18,client19,client19-56fccdb4d9-wmdll,linkerd-proxy,670.1759999999995
2090,18,client1,client1-7b9db886dd-bt2vd,linkerd-proxy,648.6630000000005
2091,18,client1,client1-7b9db886dd-bt2vd,linkerd-init,0.0
2092,18,client13,client13-7bf86f4f87-bshn4,linkerd-proxy,632.9279999999981
2093,18,client13,client13-7bf86f4f87-bshn4,linkerd-init,0.0
2094,18,client13,client13-7bf86f4f87-bshn4,sidecar,630.1080000000002
2095,18,client13,client13-7bf86f4f87-bshn4,client13,636.6089999999986
2096,18,client20,client20-65f8864f77-pxvbs,client20,722.5380000000005
2097,18,client20,client20-65f8864f77-pxvbs,linkerd-proxy,722.369999999999
2098,18,client20,client20-65f8864f77-pxvbs,sidecar,721.1790000000019
2099,18,client20,client20-65f8864f77-pxvbs,linkerd-init,0.0
2100,18,server,server-656f98b57f-5kskm,linkerd-proxy,508.40999999999804
2101,18,server,server-656f98b57f-5kskm,linkerd-init,0.0
2102,18,client8,client8-5845965f99-dncnq,client8,620.2469999999994
2103,18,client8,client8-5845965f99-dncnq,linkerd-init,0.0
2104,18,client8,client8-5845965f99-dncnq,linkerd-proxy,619.9140000000007
2105,18,client8,client8-5845965f99-dncnq,sidecar,618.8009999999995
2106,18,client14,client14-856b5b5576-jdgsm,linkerd-init,0.0
2107,18,client14,client14-856b5b5576-jdgsm,sidecar,959.525999999998
2108,18,client14,client14-856b5b5576-jdgsm,linkerd-proxy,961.1460000000006
2109,18,client14,client14-856b5b5576-jdgsm,client14,961.4999999999982
2110,18,client10,client10-694b6b97b4-qnhwd,client10,793.1459999999988
2111,18,client10,client10-694b6b97b4-qnhwd,sidecar,725.5650000000005
2112,18,client10,client10-694b6b97b4-qnhwd,linkerd-proxy,793.1310000000012
2113,18,client10,client10-694b6b97b4-qnhwd,linkerd-init,0.0
2114,18,orchestrator,policy-enforcer-cb8dccbd8-9j5rz,policy-enforcer,301.90199999999913
2115,18,orchestrator,orchestrator-555f7b7c9d-h62wn,orchestrator,332.04299999999967
2116,18,api-gateway,api-gateway-6bf76d45b7-8xkj8,linkerd-init,0.0
2117,18,orchestrator,policy-enforcer-cb8dccbd8-9j5rz,linkerd-init,0.0
2118,18,api-gateway,api-gateway-6bf76d45b7-8xkj8,api-gateway,402.5099999999993
2119,18,orchestrator,policy-enforcer-cb8dccbd8-9j5rz,sidecar,401.89500000000044
2120,18,orchestrator,orchestrator-555f7b7c9d-h62wn,linkerd-proxy,408.46200000000044
2121,18,orchestrator,policy-enforcer-cb8dccbd8-9j5rz,linkerd-proxy,408.4260000000004
2122,18,api-gateway,api-gateway-6bf76d45b7-8xkj8,linkerd-proxy,427.16700000000037
2123,18,orchestrator,orchestrator-555f7b7c9d-h62wn,sidecar,350.4300000000003
2124,18,orchestrator,orchestrator-555f7b7c9d-h62wn,linkerd-init,0.0
2125,18,api-gateway,api-gateway-6bf76d45b7-8xkj8,sidecar,342.82800000000043
2126,18,client6,client6-785d875985-c474z,client6,823.5390000000007
2127,18,client6,client6-785d875985-c474z,sidecar,820.8389999999999
2128,18,client6,client6-785d875985-c474z,linkerd-proxy,823.2839999999997
2129,18,client4,client4-744474fb99-p4xwk,sidecar,876.4259999999995
2130,18,client4,client4-744474fb99-p4xwk,client4,879.0869999999995
2131,18,client4,client4-744474fb99-p4xwk,linkerd-proxy,879.027
2132,18,client17,client17-69b85b5ccf-t6qfk,client17,826.2360000000008
2133,18,client17,client17-69b85b5ccf-t6qfk,sidecar,755.367000000002
2134,18,client17,client17-69b85b5ccf-t6qfk,linkerd-proxy,823.6620000000003
2135,18,client15,client15-79c969ddf-rnrfk,client15,818.9789999999994
2136,18,client15,client15-79c969ddf-rnrfk,sidecar,817.215000000002
2137,18,client15,client15-79c969ddf-rnrfk,linkerd-proxy,818.7689999999984
2138,18,client9,client9-d68fb99b4-lpsfb,linkerd-proxy,746.2710000000006
2139,18,client9,client9-d68fb99b4-lpsfb,sidecar,651.9750000000022
2140,18,client9,client9-d68fb99b4-lpsfb,client9,747.7890000000007
2141,18,client12,client12-79bc8d5846-q5fw7,linkerd-proxy,754.3829999999998
2142,18,client12,client12-79bc8d5846-q5fw7,sidecar,635.3040000000001
2143,18,client12,client12-79bc8d5846-q5fw7,client12,754.4130000000005
2144,18,client1,client1-7b9db886dd-bt2vd,client1,648.8159999999989
2145,18,client1,client1-7b9db886dd-bt2vd,sidecar,554.1569999999992
2146,18,server,server-656f98b57f-5kskm,sidecar,495.0630000000001
2147,18,server,server-656f98b57f-5kskm,server,522.2729999999992
2148,18,client5,maurits-dijk-d57b5102client51-s6twn,hfl-train,830.1510000000017
2149,18,client5,maurits-dijk-d57b5102client51-s6twn,hfl-train-model,747.9270000000015
2150,18,client5,maurits-dijk-d57b5102client51-s6twn,sidecar,568.0529999999999
2151,18,client1,maurits-dijk-d57b5102client11-76rsr,sidecar,569.789999999999
2152,18,client1,maurits-dijk-d57b5102client11-76rsr,hfl-train,680.6940000000013
2153,18,client1,maurits-dijk-d57b5102client11-76rsr,hfl-train-model,642.8070000000007
2154,18,client13,maurits-dijk-d57b5102client131-7gfpb,sidecar,502.0709999999999
2155,18,client13,maurits-dijk-d57b5102client131-7gfpb,hfl-train,792.5040000000008
2156,18,client13,maurits-dijk-d57b5102client131-7gfpb,hfl-train-model,629.3970000000008
2157,18,server,maurits-dijk-d57b5102server1-6d4br,hfl-train,504.8790000000008
2158,18,server,maurits-dijk-d57b5102server1-6d4br,hfl-train-model,776.8380000000016
2159,18,server,maurits-dijk-d57b5102server1-6d4br,sidecar,491.60399999999936
2160,18,client17,maurits-dijk-d57b5102client171-c6vfd,hfl-train,890.4719999999998
2161,18,client17,maurits-dijk-d57b5102client171-c6vfd,hfl-train-model,820.9439999999995
2162,18,client17,maurits-dijk-d57b5102client171-c6vfd,sidecar,806.1389999999992
2163,18,client9,maurits-dijk-d57b5102client91-b5mls,hfl-train,820.0979999999981
2164,18,client9,maurits-dijk-d57b5102client91-b5mls,hfl-train-model,739.9920000000002
2165,18,client9,maurits-dijk-d57b5102client91-b5mls,sidecar,725.148000000001
2166,19,client6,client6-785d875985-c474z,linkerd-init,0.0
2167,19,client4,client4-744474fb99-p4xwk,linkerd-init,0.0
2168,19,client17,client17-69b85b5ccf-t6qfk,linkerd-init,0.0
2169,19,client15,client15-79c969ddf-rnrfk,linkerd-init,0.0
2170,19,client9,client9-d68fb99b4-lpsfb,linkerd-init,0.0
2171,19,client5,client5-7d5ff7f8b4-sx5j8,linkerd-proxy,612.1380000000008
2172,19,client5,client5-7d5ff7f8b4-sx5j8,linkerd-init,0.0
2173,19,client5,client5-7d5ff7f8b4-sx5j8,client5,616.6679999999997
2174,19,client5,client5-7d5ff7f8b4-sx5j8,sidecar,550.9349999999995
2175,19,client12,client12-79bc8d5846-q5fw7,linkerd-init,0.0
2176,19,client16,client16-6dc7f87f54-ffkxj,sidecar,865.7849999999999
2177,19,client16,client16-6dc7f87f54-ffkxj,client16,868.1820000000007
2178,19,client16,client16-6dc7f87f54-ffkxj,linkerd-init,0.0
2179,19,client16,client16-6dc7f87f54-ffkxj,linkerd-proxy,868.1370000000006
2180,19,client2,client2-86cd6d8cf7-dfw7v,client2,826.2749999999996
2181,19,client2,client2-86cd6d8cf7-dfw7v,linkerd-init,0.0
2182,19,client2,client2-86cd6d8cf7-dfw7v,linkerd-proxy,826.1370000000006
2183,19,client2,client2-86cd6d8cf7-dfw7v,sidecar,824.4330000000009
2184,19,client3,client3-58c68898cd-7djj4,sidecar,832.4519999999993
2185,19,client3,client3-58c68898cd-7djj4,linkerd-init,0.0
2186,19,client3,client3-58c68898cd-7djj4,client3,834.9360000000015
2187,19,client3,client3-58c68898cd-7djj4,linkerd-proxy,834.8130000000001
2188,19,client18,client18-69db77c748-xcj8f,client18,958.0259999999998
2189,19,client18,client18-69db77c748-xcj8f,sidecar,956.2890000000007
2190,19,client18,client18-69db77c748-xcj8f,linkerd-proxy,957.9240000000009
2191,19,client18,client18-69db77c748-xcj8f,linkerd-init,0.0
2192,19,client7,client7-544486cc98-m9g7c,sidecar,902.8949999999986
2193,19,client7,client7-544486cc98-m9g7c,linkerd-proxy,904.3920000000016
2194,19,client7,client7-544486cc98-m9g7c,linkerd-init,0.0
2195,19,client7,client7-544486cc98-m9g7c,client7,904.601999999999
2196,19,client11,client11-565c48c7c7-dkvjs,sidecar,745.6889999999985
2197,19,client11,client11-565c48c7c7-dkvjs,client11,872.2620000000024
2198,19,client11,client11-565c48c7c7-dkvjs,linkerd-init,0.0
2199,19,client11,client11-565c48c7c7-dkvjs,linkerd-proxy,872.0459999999985
2200,19,client19,client19-56fccdb4d9-wmdll,sidecar,793.3019999999997
2201,19,client19,client19-56fccdb4d9-wmdll,client19,795.0990000000002
2202,19,client19,client19-56fccdb4d9-wmdll,linkerd-init,0.0
2203,19,client19,client19-56fccdb4d9-wmdll,linkerd-proxy,794.8740000000016
2204,19,client1,client1-7b9db886dd-bt2vd,linkerd-proxy,706.5360000000001
2205,19,client1,client1-7b9db886dd-bt2vd,linkerd-init,0.0
2206,19,client13,client13-7bf86f4f87-bshn4,linkerd-proxy,729.9660000000022
2207,19,client13,client13-7bf86f4f87-bshn4,linkerd-init,0.0
2208,19,client13,client13-7bf86f4f87-bshn4,sidecar,670.4009999999998
2209,19,client13,client13-7bf86f4f87-bshn4,client13,734.4060000000009
2210,19,client20,client20-65f8864f77-pxvbs,client20,770.4509999999991
2211,19,client20,client20-65f8864f77-pxvbs,linkerd-proxy,770.3610000000008
2212,19,client20,client20-65f8864f77-pxvbs,sidecar,768.6719999999987
2213,19,client20,client20-65f8864f77-pxvbs,linkerd-init,0.0
2214,19,server,server-656f98b57f-5kskm,linkerd-proxy,489.8790000000008
2215,19,server,server-656f98b57f-5kskm,linkerd-init,0.0
2216,19,client8,client8-5845965f99-dncnq,client8,667.6110000000026
2217,19,client8,client8-5845965f99-dncnq,linkerd-init,0.0
2218,19,client8,client8-5845965f99-dncnq,linkerd-proxy,667.491
2219,19,client8,client8-5845965f99-dncnq,sidecar,666.2340000000022
2220,19,client14,client14-856b5b5576-jdgsm,linkerd-init,0.0
2221,19,client14,client14-856b5b5576-jdgsm,sidecar,653.5949999999993
2222,19,client14,client14-856b5b5576-jdgsm,linkerd-proxy,654.9809999999998
2223,19,client14,client14-856b5b5576-jdgsm,client14,655.2420000000002
2224,19,client10,client10-694b6b97b4-qnhwd,client10,676.9740000000002
2225,19,client10,client10-694b6b97b4-qnhwd,sidecar,645.0779999999977
2226,19,client10,client10-694b6b97b4-qnhwd,linkerd-proxy,676.8989999999994
2227,19,client10,client10-694b6b97b4-qnhwd,linkerd-init,0.0
2228,19,orchestrator,policy-enforcer-cb8dccbd8-9j5rz,policy-enforcer,285.02999999999975
2229,19,orchestrator,orchestrator-555f7b7c9d-h62wn,orchestrator,228.183
2230,19,api-gateway,api-gateway-6bf76d45b7-8xkj8,linkerd-init,0.0
2231,19,orchestrator,policy-enforcer-cb8dccbd8-9j5rz,linkerd-init,0.0
2232,19,api-gateway,api-gateway-6bf76d45b7-8xkj8,api-gateway,354.9390000000003
2233,19,orchestrator,policy-enforcer-cb8dccbd8-9j5rz,sidecar,307.41299999999956
2234,19,orchestrator,orchestrator-555f7b7c9d-h62wn,linkerd-proxy,340.6379999999999
2235,19,orchestrator,policy-enforcer-cb8dccbd8-9j5rz,linkerd-proxy,340.701
2236,19,api-gateway,api-gateway-6bf76d45b7-8xkj8,linkerd-proxy,359.753999999999
2237,19,orchestrator,orchestrator-555f7b7c9d-h62wn,sidecar,294.76800000000003
2238,19,orchestrator,orchestrator-555f7b7c9d-h62wn,linkerd-init,0.0
2239,19,api-gateway,api-gateway-6bf76d45b7-8xkj8,sidecar,339.85499999999956
2240,19,client6,client6-785d875985-c474z,client6,790.9920000000002
2241,19,client6,client6-785d875985-c474z,sidecar,788.8829999999998
2242,19,client6,client6-785d875985-c474z,linkerd-proxy,790.7219999999998
2243,19,client4,client4-744474fb99-p4xwk,sidecar,802.8389999999981
2244,19,client4,client4-744474fb99-p4xwk,client4,805.2600000000002
2245,19,client4,client4-744474fb99-p4xwk,linkerd-proxy,805.1849999999995
2246,19,client17,client17-69b85b5ccf-t6qfk,client17,693.2250000000004
2247,19,client17,client17-69b85b5ccf-t6qfk,sidecar,687.6689999999999
2248,19,client17,client17-69b85b5ccf-t6qfk,linkerd-proxy,690.6329999999998
2249,19,client15,client15-79c969ddf-rnrfk,client15,716.3490000000002
2250,19,client15,client15-79c969ddf-rnrfk,sidecar,714.9869999999992
2251,19,client15,client15-79c969ddf-rnrfk,linkerd-proxy,716.2530000000006
2252,19,client9,client9-d68fb99b4-lpsfb,linkerd-proxy,675.5639999999985
2253,19,client9,client9-d68fb99b4-lpsfb,sidecar,622.4099999999999
2254,19,client9,client9-d68fb99b4-lpsfb,client9,679.1039999999994
2255,19,client12,client12-79bc8d5846-q5fw7,linkerd-proxy,833.1779999999999
2256,19,client12,client12-79bc8d5846-q5fw7,sidecar,662.9669999999987
2257,19,client12,client12-79bc8d5846-q5fw7,client12,833.148000000001
2258,19,client1,client1-7b9db886dd-bt2vd,client1,707.2710000000025
2259,19,client1,client1-7b9db886dd-bt2vd,sidecar,660.4110000000019
2260,19,server,server-656f98b57f-5kskm,sidecar,406.78199999999924
2261,19,server,server-656f98b57f-5kskm,server,504.92399999999907
2262,19,client5,maurits-dijk-d57b5102client51-s6twn,hfl-train,692.8770000000004
2263,19,client5,maurits-dijk-d57b5102client51-s6twn,hfl-train-model,609.3149999999987
2264,19,client5,maurits-dijk-d57b5102client51-s6twn,sidecar,490.72199999999975
2265,19,client1,maurits-dijk-d57b5102client11-76rsr,sidecar,576.585000000001
2266,19,client1,maurits-dijk-d57b5102client11-76rsr,hfl-train,741.980999999998
2267,19,client1,maurits-dijk-d57b5102client11-76rsr,hfl-train-model,701.0969999999979
2268,19,client13,maurits-dijk-d57b5102client131-7gfpb,sidecar,638.232
2269,19,client13,maurits-dijk-d57b5102client131-7gfpb,hfl-train,879.219000000001
2270,19,client13,maurits-dijk-d57b5102client131-7gfpb,hfl-train-model,726.0510000000013
2271,19,server,maurits-dijk-d57b5102server1-6d4br,hfl-train,487.1970000000001
2272,19,server,maurits-dijk-d57b5102server1-6d4br,hfl-train-model,812.0580000000009
2273,19,server,maurits-dijk-d57b5102server1-6d4br,sidecar,445.6260000000002
2274,19,client17,maurits-dijk-d57b5102client171-c6vfd,hfl-train,760.1790000000001
2275,19,client17,maurits-dijk-d57b5102client171-c6vfd,hfl-train-model,687.6779999999999
2276,19,client17,maurits-dijk-d57b5102client171-c6vfd,sidecar,687.6119999999992
2277,19,client9,maurits-dijk-d57b5102client91-b5mls,hfl-train,751.4190000000017
2278,19,client9,maurits-dijk-d57b5102client91-b5mls,hfl-train-model,669.8340000000007
2279,19,client9,maurits-dijk-d57b5102client91-b5mls,sidecar,554.8410000000003
2280,20,client6,client6-785d875985-c474z,linkerd-init,0.0
2281,20,client4,client4-744474fb99-p4xwk,linkerd-init,0.0
2282,20,client17,client17-69b85b5ccf-t6qfk,linkerd-init,0.0
2283,20,client15,client15-79c969ddf-rnrfk,linkerd-init,0.0
2284,20,client9,client9-d68fb99b4-lpsfb,linkerd-init,0.0
2285,20,client5,client5-7d5ff7f8b4-sx5j8,linkerd-proxy,571.784999999998
2286,20,client5,client5-7d5ff7f8b4-sx5j8,linkerd-init,0.0
2287,20,client5,client5-7d5ff7f8b4-sx5j8,client5,576.6270000000022
2288,20,client5,client5-7d5ff7f8b4-sx5j8,sidecar,479.9279999999999
2289,20,client12,client12-79bc8d5846-q5fw7,linkerd-init,0.0
2290,20,client16,client16-6dc7f87f54-ffkxj,sidecar,708.3119999999981
2291,20,client16,client16-6dc7f87f54-ffkxj,client16,710.1929999999975
2292,20,client16,client16-6dc7f87f54-ffkxj,linkerd-init,0.0
2293,20,client16,client16-6dc7f87f54-ffkxj,linkerd-proxy,710.0879999999979
2294,20,client2,client2-86cd6d8cf7-dfw7v,client2,675.729000000003
2295,20,client2,client2-86cd6d8cf7-dfw7v,linkerd-init,0.0
2296,20,client2,client2-86cd6d8cf7-dfw7v,linkerd-proxy,675.6360000000004
2297,20,client2,client2-86cd6d8cf7-dfw7v,sidecar,674.2470000000012
2298,20,client3,client3-58c68898cd-7djj4,sidecar,660.7380000000012
2299,20,client3,client3-58c68898cd-7djj4,linkerd-init,0.0
2300,20,client3,client3-58c68898cd-7djj4,client3,662.7330000000002
2301,20,client3,client3-58c68898cd-7djj4,linkerd-proxy,662.762999999999
2302,20,client18,client18-69db77c748-xcj8f,client18,708.8610000000008
2303,20,client18,client18-69db77c748-xcj8f,sidecar,707.3490000000002
2304,20,client18,client18-69db77c748-xcj8f,linkerd-proxy,708.6960000000017
2305,20,client18,client18-69db77c748-xcj8f,linkerd-init,0.0
2306,20,client7,client7-544486cc98-m9g7c,sidecar,775.7190000000028
2307,20,client7,client7-544486cc98-m9g7c,linkerd-proxy,776.9009999999998
2308,20,client7,client7-544486cc98-m9g7c,linkerd-init,0.0
2309,20,client7,client7-544486cc98-m9g7c,client7,777.2760000000017
2310,20,client11,client11-565c48c7c7-dkvjs,sidecar,624.7770000000019
2311,20,client11,client11-565c48c7c7-dkvjs,client11,725.4239999999991
2312,20,client11,client11-565c48c7c7-dkvjs,linkerd-init,0.0
2313,20,client11,client11-565c48c7c7-dkvjs,linkerd-proxy,725.1360000000004
2314,20,client19,client19-56fccdb4d9-wmdll,sidecar,661.1100000000024
2315,20,client19,client19-56fccdb4d9-wmdll,client19,662.5920000000024
2316,20,client19,client19-56fccdb4d9-wmdll,linkerd-init,0.0
2317,20,client19,client19-56fccdb4d9-wmdll,linkerd-proxy,662.3249999999989
2318,20,client1,client1-7b9db886dd-bt2vd,linkerd-proxy,588.4290000000001
2319,20,client1,client1-7b9db886dd-bt2vd,linkerd-init,0.0
2320,20,client13,client13-7bf86f4f87-bshn4,linkerd-proxy,652.2599999999984
2321,20,client13,client13-7bf86f4f87-bshn4,linkerd-init,0.0
2322,20,client13,client13-7bf86f4f87-bshn4,sidecar,607.362000000001
2323,20,client13,client13-7bf86f4f87-bshn4,client13,655.8029999999999
2324,20,client20,client20-65f8864f77-pxvbs,client20,704.5500000000011
2325,20,client20,client20-65f8864f77-pxvbs,linkerd-proxy,704.4359999999979
2326,20,client20,client20-65f8864f77-pxvbs,sidecar,703.0740000000005
2327,20,client20,client20-65f8864f77-pxvbs,linkerd-init,0.0
2328,20,server,server-656f98b57f-5kskm,linkerd-proxy,573.8820000000014
2329,20,server,server-656f98b57f-5kskm,linkerd-init,0.0
2330,20,client8,client8-5845965f99-dncnq,client8,806.1989999999987
2331,20,client8,client8-5845965f99-dncnq,linkerd-init,0.0
2332,20,client8,client8-5845965f99-dncnq,linkerd-proxy,805.9139999999989
2333,20,client8,client8-5845965f99-dncnq,sidecar,804.5550000000003
2334,20,client14,client14-856b5b5576-jdgsm,linkerd-init,0.0
2335,20,client14,client14-856b5b5576-jdgsm,sidecar,937.7669999999998
2336,20,client14,client14-856b5b5576-jdgsm,linkerd-proxy,939.3809999999994
2337,20,client14,client14-856b5b5576-jdgsm,client14,939.6660000000011
2338,20,client10,client10-694b6b97b4-qnhwd,client10,777.1110000000008
2339,20,client10,client10-694b6b97b4-qnhwd,sidecar,739.3950000000004
2340,20,client10,client10-694b6b97b4-qnhwd,linkerd-proxy,777.0210000000006
2341,20,client10,client10-694b6b97b4-qnhwd,linkerd-init,0.0
2342,20,orchestrator,policy-enforcer-cb8dccbd8-9j5rz,policy-enforcer,230.97900000000027
2343,20,orchestrator,orchestrator-555f7b7c9d-h62wn,orchestrator,235.64999999999964
2344,20,api-gateway,api-gateway-6bf76d45b7-8xkj8,linkerd-init,0.0
2345,20,orchestrator,policy-enforcer-cb8dccbd8-9j5rz,linkerd-init,0.0
2346,20,api-gateway,api-gateway-6bf76d45b7-8xkj8,api-gateway,434.1899999999996
2347,20,orchestrator,policy-enforcer-cb8dccbd8-9j5rz,sidecar,366.375
2348,20,orchestrator,orchestrator-555f7b7c9d-h62wn,linkerd-proxy,407.1090000000004
2349,20,orchestrator,policy-enforcer-cb8dccbd8-9j5rz,linkerd-proxy,407.2650000000003
2350,20,api-gateway,api-gateway-6bf76d45b7-8xkj8,linkerd-proxy,426.5129999999999
2351,20,orchestrator,orchestrator-555f7b7c9d-h62wn,sidecar,361.8630000000003
2352,20,orchestrator,orchestrator-555f7b7c9d-h62wn,linkerd-init,0.0
2353,20,api-gateway,api-gateway-6bf76d45b7-8xkj8,sidecar,367.08600000000024
2354,20,client6,client6-785d875985-c474z,client6,859.364999999998
2355,20,client6,client6-785d875985-c474z,sidecar,856.5419999999995
2356,20,client6,client6-785d875985-c474z,linkerd-proxy,859.0649999999987
2357,20,client4,client4-744474fb99-p4xwk,sidecar,720.6720000000023
2358,20,client4,client4-744474fb99-p4xwk,client4,722.8050000000003
2359,20,client4,client4-744474fb99-p4xwk,linkerd-proxy,722.8200000000033
2360,20,client17,client17-69b85b5ccf-t6qfk,client17,703.0110000000004
2361,20,client17,client17-69b85b5ccf-t6qfk,sidecar,650.039999999999
2362,20,client17,client17-69b85b5ccf-t6qfk,linkerd-proxy,699.3179999999975
2363,20,client15,client15-79c969ddf-rnrfk,client15,697.0709999999999
2364,20,client15,client15-79c969ddf-rnrfk,sidecar,695.6339999999982
2365,20,client15,client15-79c969ddf-rnrfk,linkerd-proxy,696.8670000000002
2366,20,client9,client9-d68fb99b4-lpsfb,linkerd-proxy,601.5150000000012
2367,20,client9,client9-d68fb99b4-lpsfb,sidecar,578.8499999999985
2368,20,client9,client9-d68fb99b4-lpsfb,client9,602.0609999999997
2369,20,client12,client12-79bc8d5846-q5fw7,linkerd-proxy,832.5720000000001
2370,20,client12,client12-79bc8d5846-q5fw7,sidecar,797.9969999999994
2371,20,client12,client12-79bc8d5846-q5fw7,client12,832.6919999999973
2372,20,client1,client1-7b9db886dd-bt2vd,client1,588.6839999999993
2373,20,client1,client1-7b9db886dd-bt2vd,sidecar,487.646999999999
2374,20,server,server-656f98b57f-5kskm,sidecar,495.2099999999991
2375,20,server,server-656f98b57f-5kskm,server,589.260000000002
2376,20,client5,maurits-dijk-d57b5102client51-s6twn,hfl-train,648.5879999999997
2377,20,client5,maurits-dijk-d57b5102client51-s6twn,hfl-train-model,569.8799999999992
2378,20,client5,maurits-dijk-d57b5102client51-s6twn,sidecar,515.2469999999994
2379,20,client1,maurits-dijk-d57b5102client11-76rsr,sidecar,485.71799999999894
2380,20,client1,maurits-dijk-d57b5102client11-76rsr,hfl-train,620.6970000000019
2381,20,client1,maurits-dijk-d57b5102client11-76rsr,hfl-train-model,583.1610000000019
2382,20,client13,maurits-dijk-d57b5102client131-7gfpb,sidecar,439.8629999999994
2383,20,client13,maurits-dijk-d57b5102client131-7gfpb,hfl-train,793.7580000000016
2384,20,client13,maurits-dijk-d57b5102client131-7gfpb,hfl-train-model,649.0019999999986
2385,20,server,maurits-dijk-d57b5102server1-6d4br,hfl-train,571.244999999999
2386,20,server,maurits-dijk-d57b5102server1-6d4br,hfl-train-model,886.400999999998
2387,20,server,maurits-dijk-d57b5102server1-6d4br,sidecar,525.4049999999988
2388,20,client17,maurits-dijk-d57b5102client171-c6vfd,hfl-train,778.5329999999976
2389,20,client17,maurits-dijk-d57b5102client171-c6vfd,hfl-train-model,696.110999999999
2390,20,client17,maurits-dijk-d57b5102client171-c6vfd,sidecar,629.0670000000009
2391,20,client9,maurits-dijk-d57b5102client91-b5mls,hfl-train,682.5839999999989
2392,20,client9,maurits-dijk-d57b5102client91-b5mls,hfl-train-model,596.7389999999996
2393,20,client9,maurits-dijk-d57b5102client91-b5mls,sidecar,526.125
2394,21,client6,client6-785d875985-c474z,linkerd-init,0.0
2395,21,client4,client4-744474fb99-p4xwk,linkerd-init,0.0
2396,21,client17,client17-69b85b5ccf-t6qfk,linkerd-init,0.0
2397,21,client15,client15-79c969ddf-rnrfk,linkerd-init,0.0
2398,21,client9,client9-d68fb99b4-lpsfb,linkerd-init,0.0
2399,21,client5,client5-7d5ff7f8b4-sx5j8,linkerd-proxy,716.0159999999996
2400,21,client5,client5-7d5ff7f8b4-sx5j8,linkerd-init,0.0
2401,21,client5,client5-7d5ff7f8b4-sx5j8,client5,720.0630000000001
2402,21,client5,client5-7d5ff7f8b4-sx5j8,sidecar,686.232
2403,21,client12,client12-79bc8d5846-q5fw7,linkerd-init,0.0
2404,21,client16,client16-6dc7f87f54-ffkxj,sidecar,890.8440000000046
2405,21,client16,client16-6dc7f87f54-ffkxj,client16,893.3970000000045
2406,21,client16,client16-6dc7f87f54-ffkxj,linkerd-init,0.0
2407,21,client16,client16-6dc7f87f54-ffkxj,linkerd-proxy,893.2590000000018
2408,21,client2,client2-86cd6d8cf7-dfw7v,client2,883.6469999999972
2409,21,client2,client2-86cd6d8cf7-dfw7v,linkerd-init,0.0
2410,21,client2,client2-86cd6d8cf7-dfw7v,linkerd-proxy,883.4879999999976
2411,21,client2,client2-86cd6d8cf7-dfw7v,sidecar,881.8139999999985
2412,21,client3,client3-58c68898cd-7djj4,sidecar,966.2789999999968
2413,21,client3,client3-58c68898cd-7djj4,linkerd-init,0.0
2414,21,client3,client3-58c68898cd-7djj4,client3,968.891999999998
2415,21,client3,client3-58c68898cd-7djj4,linkerd-proxy,968.8169999999973
2416,21,client18,client18-69db77c748-xcj8f,client18,815.051999999996
2417,21,client18,client18-69db77c748-xcj8f,sidecar,813.137999999999
2418,21,client18,client18-69db77c748-xcj8f,linkerd-proxy,814.8539999999957
2419,21,client18,client18-69db77c748-xcj8f,linkerd-init,0.0
2420,21,client7,client7-544486cc98-m9g7c,sidecar,920.9009999999998
2421,21,client7,client7-544486cc98-m9g7c,linkerd-proxy,922.2780000000002
2422,21,client7,client7-544486cc98-m9g7c,linkerd-init,0.0
2423,21,client7,client7-544486cc98-m9g7c,client7,922.6499999999996
2424,21,client11,client11-565c48c7c7-dkvjs,sidecar,838.4849999999988
2425,21,client11,client11-565c48c7c7-dkvjs,client11,919.0680000000011
2426,21,client11,client11-565c48c7c7-dkvjs,linkerd-init,0.0
2427,21,client11,client11-565c48c7c7-dkvjs,linkerd-proxy,918.9930000000004
2428,21,client19,client19-56fccdb4d9-wmdll,sidecar,722.3970000000008
2429,21,client19,client19-56fccdb4d9-wmdll,client19,724.0410000000011
2430,21,client19,client19-56fccdb4d9-wmdll,linkerd-init,0.0
2431,21,client19,client19-56fccdb4d9-wmdll,linkerd-proxy,723.8099999999977
2432,21,client1,client1-7b9db886dd-bt2vd,linkerd-proxy,639.366
2433,21,client1,client1-7b9db886dd-bt2vd,linkerd-init,0.0
2434,21,client13,client13-7bf86f4f87-bshn4,linkerd-proxy,647.5560000000005
2435,21,client13,client13-7bf86f4f87-bshn4,linkerd-init,0.0
2436,21,client13,client13-7bf86f4f87-bshn4,sidecar,602.2649999999994
2437,21,client13,client13-7bf86f4f87-bshn4,client13,651.2669999999998
2438,21,client20,client20-65f8864f77-pxvbs,client20,723.6450000000023
2439,21,client20,client20-65f8864f77-pxvbs,linkerd-proxy,723.5400000000009
2440,21,client20,client20-65f8864f77-pxvbs,sidecar,722.259
2441,21,client20,client20-65f8864f77-pxvbs,linkerd-init,0.0
2442,21,server,server-656f98b57f-5kskm,linkerd-proxy,514.6439999999984
2443,21,server,server-656f98b57f-5kskm,linkerd-init,0.0
2444,21,client8,client8-5845965f99-dncnq,client8,650.4180000000015
2445,21,client8,client8-5845965f99-dncnq,linkerd-init,0.0
2446,21,client8,client8-5845965f99-dncnq,linkerd-proxy,650.1570000000047
2447,21,client8,client8-5845965f99-dncnq,sidecar,649.1099999999988
2448,21,client14,client14-856b5b5576-jdgsm,linkerd-init,0.0
2449,21,client14,client14-856b5b5576-jdgsm,sidecar,706.2000000000044
2450,21,client14,client14-856b5b5576-jdgsm,linkerd-proxy,707.5859999999993
2451,21,client14,client14-856b5b5576-jdgsm,client14,707.7990000000027
2452,21,client10,client10-694b6b97b4-qnhwd,client10,639.0719999999983
2453,21,client10,client10-694b6b97b4-qnhwd,sidecar,602.523000000001
2454,21,client10,client10-694b6b97b4-qnhwd,linkerd-proxy,639.1170000000002
2455,21,client10,client10-694b6b97b4-qnhwd,linkerd-init,0.0
2456,21,orchestrator,policy-enforcer-cb8dccbd8-9j5rz,policy-enforcer,185.78700000000026
2457,21,orchestrator,orchestrator-555f7b7c9d-h62wn,orchestrator,265.3110000000006
2458,21,api-gateway,api-gateway-6bf76d45b7-8xkj8,linkerd-init,0.0
2459,21,orchestrator,policy-enforcer-cb8dccbd8-9j5rz,linkerd-init,0.0
2460,21,api-gateway,api-gateway-6bf76d45b7-8xkj8,api-gateway,342.1800000000003
2461,21,orchestrator,policy-enforcer-cb8dccbd8-9j5rz,sidecar,302.3609999999999
2462,21,orchestrator,orchestrator-555f7b7c9d-h62wn,linkerd-proxy,331.3140000000012
2463,21,orchestrator,policy-enforcer-cb8dccbd8-9j5rz,linkerd-proxy,331.46999999999935
2464,21,api-gateway,api-gateway-6bf76d45b7-8xkj8,linkerd-proxy,348.896999999999
2465,21,orchestrator,orchestrator-555f7b7c9d-h62wn,sidecar,330.72000000000025
2466,21,orchestrator,orchestrator-555f7b7c9d-h62wn,linkerd-init,0.0
2467,21,api-gateway,api-gateway-6bf76d45b7-8xkj8,sidecar,283.5720000000001
2468,21,client6,client6-785d875985-c474z,client6,789.0540000000001
2469,21,client6,client6-785d875985-c474z,sidecar,786.9000000000015
2470,21,client6,client6-785d875985-c474z,linkerd-proxy,788.9639999999999
2471,21,client4,client4-744474fb99-p4xwk,sidecar,853.5570000000007
2472,21,client4,client4-744474fb99-p4xwk,client4,856.1519999999982
2473,21,client4,client4-744474fb99-p4xwk,linkerd-proxy,856.1219999999958
2474,21,client17,client17-69b85b5ccf-t6qfk,client17,815.5139999999992
2475,21,client17,client17-69b85b5ccf-t6qfk,sidecar,741.8909999999996
2476,21,client17,client17-69b85b5ccf-t6qfk,linkerd-proxy,812.3100000000013
2477,21,client15,client15-79c969ddf-rnrfk,client15,893.3909999999996
2478,21,client15,client15-79c969ddf-rnrfk,sidecar,891.7469999999994
2479,21,client15,client15-79c969ddf-rnrfk,linkerd-proxy,893.1659999999993
2480,21,client9,client9-d68fb99b4-lpsfb,linkerd-proxy,745.6350000000002
2481,21,client9,client9-d68fb99b4-lpsfb,sidecar,674.25
2482,21,client9,client9-d68fb99b4-lpsfb,client9,745.7070000000003
2483,21,client12,client12-79bc8d5846-q5fw7,linkerd-proxy,843.5490000000027
2484,21,client12,client12-79bc8d5846-q5fw7,sidecar,806.8830000000016
2485,21,client12,client12-79bc8d5846-q5fw7,client12,843.5490000000027
2486,21,client1,client1-7b9db886dd-bt2vd,client1,640.9650000000001
2487,21,client1,client1-7b9db886dd-bt2vd,sidecar,524.2710000000006
2488,21,server,server-656f98b57f-5kskm,sidecar,482.8500000000022
2489,21,server,server-656f98b57f-5kskm,server,532.3469999999998
2490,21,client5,maurits-dijk-d57b5102client51-s6twn,hfl-train,792.905999999999
2491,21,client5,maurits-dijk-d57b5102client51-s6twn,hfl-train-model,713.9400000000005
2492,21,client5,maurits-dijk-d57b5102client51-s6twn,sidecar,628.9380000000001
2493,21,client1,maurits-dijk-d57b5102client11-76rsr,sidecar,553.1970000000001
2494,21,client1,maurits-dijk-d57b5102client11-76rsr,hfl-train,672.0539999999983
2495,21,client1,maurits-dijk-d57b5102client11-76rsr,hfl-train-model,634.4099999999999
2496,21,client13,maurits-dijk-d57b5102client131-7gfpb,sidecar,525.4830000000002
2497,21,client13,maurits-dijk-d57b5102client131-7gfpb,hfl-train,791.6699999999983
2498,21,client13,maurits-dijk-d57b5102client131-7gfpb,hfl-train-model,644.3310000000001
2499,21,server,maurits-dijk-d57b5102server1-6d4br,hfl-train,508.8119999999999
2500,21,server,maurits-dijk-d57b5102server1-6d4br,hfl-train-model,782.8259999999973
2501,21,server,maurits-dijk-d57b5102server1-6d4br,sidecar,494.15400000000227
2502,21,client17,maurits-dijk-d57b5102client171-c6vfd,hfl-train,880.023000000001
2503,21,client17,maurits-dijk-d57b5102client171-c6vfd,hfl-train-model,808.8090000000011
2504,21,client17,maurits-dijk-d57b5102client171-c6vfd,sidecar,745.3950000000004
2505,21,client9,maurits-dijk-d57b5102client91-b5mls,hfl-train,809.8230000000003
2506,21,client9,maurits-dijk-d57b5102client91-b5mls,hfl-train-model,739.7790000000005
2507,21,client9,maurits-dijk-d57b5102client91-b5mls,sidecar,667.1790000000001
2508,22,client6,client6-785d875985-c474z,linkerd-init,0.0
2509,22,client4,client4-744474fb99-p4xwk,linkerd-init,0.0
2510,22,client17,client17-69b85b5ccf-t6qfk,linkerd-init,0.0
2511,22,client15,client15-79c969ddf-rnrfk,linkerd-init,0.0
2512,22,client9,client9-d68fb99b4-lpsfb,linkerd-init,0.0
2513,22,client5,client5-7d5ff7f8b4-sx5j8,linkerd-proxy,609.4050000000007
2514,22,client5,client5-7d5ff7f8b4-sx5j8,linkerd-init,0.0
2515,22,client5,client5-7d5ff7f8b4-sx5j8,client5,612.1409999999978
2516,22,client5,client5-7d5ff7f8b4-sx5j8,sidecar,587.9700000000012
2517,22,client12,client12-79bc8d5846-q5fw7,linkerd-init,0.0
2518,22,client16,client16-6dc7f87f54-ffkxj,sidecar,809.9939999999988
2519,22,client16,client16-6dc7f87f54-ffkxj,client16,812.1479999999974
2520,22,client16,client16-6dc7f87f54-ffkxj,linkerd-init,0.0
2521,22,client16,client16-6dc7f87f54-ffkxj,linkerd-proxy,811.9680000000008
2522,22,client2,client2-86cd6d8cf7-dfw7v,client2,678.5580000000009
2523,22,client2,client2-86cd6d8cf7-dfw7v,linkerd-init,0.0
2524,22,client2,client2-86cd6d8cf7-dfw7v,linkerd-proxy,678.2670000000016
2525,22,client2,client2-86cd6d8cf7-dfw7v,sidecar,676.9860000000026
2526,22,client3,client3-58c68898cd-7djj4,sidecar,658.8390000000036
2527,22,client3,client3-58c68898cd-7djj4,linkerd-init,0.0
2528,22,client3,client3-58c68898cd-7djj4,client3,661.0260000000017
2529,22,client3,client3-58c68898cd-7djj4,linkerd-proxy,660.8610000000044
2530,22,client18,client18-69db77c748-xcj8f,client18,688.224000000002
2531,22,client18,client18-69db77c748-xcj8f,sidecar,686.7720000000008
2532,22,client18,client18-69db77c748-xcj8f,linkerd-proxy,688.206000000002
2533,22,client18,client18-69db77c748-xcj8f,linkerd-init,0.0
2534,22,client7,client7-544486cc98-m9g7c,sidecar,743.8289999999979
2535,22,client7,client7-544486cc98-m9g7c,linkerd-proxy,744.9749999999985
2536,22,client7,client7-544486cc98-m9g7c,linkerd-init,0.0
2537,22,client7,client7-544486cc98-m9g7c,client7,745.2210000000014
2538,22,client11,client11-565c48c7c7-dkvjs,sidecar,589.2960000000003
2539,22,client11,client11-565c48c7c7-dkvjs,client11,656.2049999999981
2540,22,client11,client11-565c48c7c7-dkvjs,linkerd-init,0.0
2541,22,client11,client11-565c48c7c7-dkvjs,linkerd-proxy,655.9350000000013
2542,22,client19,client19-56fccdb4d9-wmdll,sidecar,979.658999999996
2543,22,client19,client19-56fccdb4d9-wmdll,client19,981.2459999999955
2544,22,client19,client19-56fccdb4d9-wmdll,linkerd-init,0.0
2545,22,client19,client19-56fccdb4d9-wmdll,linkerd-proxy,981.1409999999996
2546,22,client1,client1-7b9db886dd-bt2vd,linkerd-proxy,809.9970000000012
2547,22,client1,client1-7b9db886dd-bt2vd,linkerd-init,0.0
2548,22,client13,client13-7bf86f4f87-bshn4,linkerd-proxy,772.2509999999984
2549,22,client13,client13-7bf86f4f87-bshn4,linkerd-init,0.0
2550,22,client13,client13-7bf86f4f87-bshn4,sidecar,755.5830000000005
2551,22,client13,client13-7bf86f4f87-bshn4,client13,775.6949999999997
2552,22,client20,client20-65f8864f77-pxvbs,client20,896.4599999999991
2553,22,client20,client20-65f8864f77-pxvbs,linkerd-proxy,896.3070000000007
2554,22,client20,client20-65f8864f77-pxvbs,sidecar,894.6809999999969
2555,22,client20,client20-65f8864f77-pxvbs,linkerd-init,0.0
2556,22,server,server-656f98b57f-5kskm,linkerd-proxy,570.5820000000003
2557,22,server,server-656f98b57f-5kskm,linkerd-init,0.0
2558,22,client8,client8-5845965f99-dncnq,client8,843.6779999999999
2559,22,client8,client8-5845965f99-dncnq,linkerd-init,0.0
2560,22,client8,client8-5845965f99-dncnq,linkerd-proxy,843.4469999999965
2561,22,client8,client8-5845965f99-dncnq,sidecar,842.1540000000005
2562,22,client14,client14-856b5b5576-jdgsm,linkerd-init,0.0
2563,22,client14,client14-856b5b5576-jdgsm,sidecar,951.395999999997
2564,22,client14,client14-856b5b5576-jdgsm,linkerd-proxy,953.1900000000023
2565,22,client14,client14-856b5b5576-jdgsm,client14,953.3579999999965
2566,22,client10,client10-694b6b97b4-qnhwd,client10,790.9140000000007
2567,22,client10,client10-694b6b97b4-qnhwd,sidecar,744.3599999999988
2568,22,client10,client10-694b6b97b4-qnhwd,linkerd-proxy,791.0339999999997
2569,22,client10,client10-694b6b97b4-qnhwd,linkerd-init,0.0
2570,22,orchestrator,policy-enforcer-cb8dccbd8-9j5rz,policy-enforcer,230.86499999999978
2571,22,orchestrator,orchestrator-555f7b7c9d-h62wn,orchestrator,285.8130000000001
2572,22,api-gateway,api-gateway-6bf76d45b7-8xkj8,linkerd-init,0.0
2573,22,orchestrator,policy-enforcer-cb8dccbd8-9j5rz,linkerd-init,0.0
2574,22,api-gateway,api-gateway-6bf76d45b7-8xkj8,api-gateway,346.9470000000001
2575,22,orchestrator,policy-enforcer-cb8dccbd8-9j5rz,sidecar,335.97299999999996
2576,22,orchestrator,orchestrator-555f7b7c9d-h62wn,linkerd-proxy,336.68399999999747
2577,22,orchestrator,policy-enforcer-cb8dccbd8-9j5rz,linkerd-proxy,336.65099999999984
2578,22,api-gateway,api-gateway-6bf76d45b7-8xkj8,linkerd-proxy,355.22700000000077
2579,22,orchestrator,orchestrator-555f7b7c9d-h62wn,sidecar,336.02099999999973
2580,22,orchestrator,orchestrator-555f7b7c9d-h62wn,linkerd-init,0.0
2581,22,api-gateway,api-gateway-6bf76d45b7-8xkj8,sidecar,297.6720000000005
2582,22,client6,client6-785d875985-c474z,client6,699.0030000000006
2583,22,client6,client6-785d875985-c474z,sidecar,696.8489999999983
2584,22,client6,client6-785d875985-c474z,linkerd-proxy,698.7480000000032
2585,22,client4,client4-744474fb99-p4xwk,sidecar,717.4709999999977
2586,22,client4,client4-744474fb99-p4xwk,client4,719.6039999999994
2587,22,client4,client4-744474fb99-p4xwk,linkerd-proxy,719.5289999999986
2588,22,client17,client17-69b85b5ccf-t6qfk,client17,654.648000000001
2589,22,client17,client17-69b85b5ccf-t6qfk,sidecar,597.384
2590,22,client17,client17-69b85b5ccf-t6qfk,linkerd-proxy,652.1429999999982
2591,22,client15,client15-79c969ddf-rnrfk,client15,706.635000000002
2592,22,client15,client15-79c969ddf-rnrfk,sidecar,705.1530000000021
2593,22,client15,client15-79c969ddf-rnrfk,linkerd-proxy,706.262999999999
2594,22,client9,client9-d68fb99b4-lpsfb,linkerd-proxy,744.3209999999999
2595,22,client9,client9-d68fb99b4-lpsfb,sidecar,561.4110000000001
2596,22,client9,client9-d68fb99b4-lpsfb,client9,745.6890000000003
2597,22,client12,client12-79bc8d5846-q5fw7,linkerd-proxy,726.7379999999976
2598,22,client12,client12-79bc8d5846-q5fw7,sidecar,692.4689999999973
2599,22,client12,client12-79bc8d5846-q5fw7,client12,726.7379999999976
2600,22,client1,client1-7b9db886dd-bt2vd,client1,809.0339999999997
2601,22,client1,client1-7b9db886dd-bt2vd,sidecar,673.4669999999987
2602,22,server,server-656f98b57f-5kskm,sidecar,559.3589999999986
2603,22,server,server-656f98b57f-5kskm,server,585.641999999998
2604,22,client5,maurits-dijk-d57b5102client51-s6twn,hfl-train,688.9409999999989
2605,22,client5,maurits-dijk-d57b5102client51-s6twn,hfl-train-model,607.2510000000002
2606,22,client5,maurits-dijk-d57b5102client51-s6twn,sidecar,522.5370000000003
2607,22,client1,maurits-dijk-d57b5102client11-76rsr,sidecar,688.0380000000023
2608,22,client1,maurits-dijk-d57b5102client11-76rsr,hfl-train,842.1869999999999
2609,22,client1,maurits-dijk-d57b5102client11-76rsr,hfl-train-model,804.7439999999988
2610,22,client13,maurits-dijk-d57b5102client131-7gfpb,sidecar,545.2110000000011
2611,22,client13,maurits-dijk-d57b5102client131-7gfpb,hfl-train,918.8369999999995
2612,22,client13,maurits-dijk-d57b5102client131-7gfpb,hfl-train-model,768.8009999999995
2613,22,server,maurits-dijk-d57b5102server1-6d4br,hfl-train,567.228000000001
2614,22,server,maurits-dijk-d57b5102server1-6d4br,hfl-train-model,849.7200000000012
2615,22,server,maurits-dijk-d57b5102server1-6d4br,sidecar,537.2909999999993
2616,22,client17,maurits-dijk-d57b5102client171-c6vfd,hfl-train,725.3760000000002
2617,22,client17,maurits-dijk-d57b5102client171-c6vfd,hfl-train-model,649.134
2618,22,client17,maurits-dijk-d57b5102client171-c6vfd,sidecar,591.1170000000002
2619,22,client9,maurits-dijk-d57b5102client91-b5mls,hfl-train,816.2250000000022
2620,22,client9,maurits-dijk-d57b5102client91-b5mls,hfl-train-model,739.0619999999999
2621,22,client9,maurits-dijk-d57b5102client91-b5mls,sidecar,687.6029999999992
2622,23,client6,client6-785d875985-c474z,linkerd-init,0.0
2623,23,client4,client4-744474fb99-p4xwk,linkerd-init,0.0
2624,23,client17,client17-69b85b5ccf-t6qfk,linkerd-init,0.0
2625,23,client15,client15-79c969ddf-rnrfk,linkerd-init,0.0
2626,23,client9,client9-d68fb99b4-lpsfb,linkerd-init,0.0
2627,23,client5,client5-7d5ff7f8b4-sx5j8,linkerd-proxy,760.1880000000001
2628,23,client5,client5-7d5ff7f8b4-sx5j8,linkerd-init,0.0
2629,23,client5,client5-7d5ff7f8b4-sx5j8,client5,763.271999999999
2630,23,client5,client5-7d5ff7f8b4-sx5j8,sidecar,663.6059999999998
2631,23,client12,client12-79bc8d5846-q5fw7,linkerd-init,0.0
2632,23,client16,client16-6dc7f87f54-ffkxj,sidecar,842.9669999999969
2633,23,client16,client16-6dc7f87f54-ffkxj,client16,845.643
2634,23,client16,client16-6dc7f87f54-ffkxj,linkerd-init,0.0
2635,23,client16,client16-6dc7f87f54-ffkxj,linkerd-proxy,845.4329999999973
2636,23,client2,client2-86cd6d8cf7-dfw7v,client2,661.5239999999976
2637,23,client2,client2-86cd6d8cf7-dfw7v,linkerd-init,0.0
2638,23,client2,client2-86cd6d8cf7-dfw7v,linkerd-proxy,661.3679999999986
2639,23,client2,client2-86cd6d8cf7-dfw7v,sidecar,660.0419999999976
2640,23,client3,client3-58c68898cd-7djj4,sidecar,766.9320000000007
2641,23,client3,client3-58c68898cd-7djj4,linkerd-init,0.0
2642,23,client3,client3-58c68898cd-7djj4,client3,768.9989999999998
2643,23,client3,client3-58c68898cd-7djj4,linkerd-proxy,768.9989999999998
2644,23,client18,client18-69db77c748-xcj8f,client18,712.8000000000029
2645,23,client18,client18-69db77c748-xcj8f,sidecar,711.5430000000015
2646,23,client18,client18-69db77c748-xcj8f,linkerd-proxy,712.8150000000023
2647,23,client18,client18-69db77c748-xcj8f,linkerd-init,0.0
2648,23,client7,client7-544486cc98-m9g7c,sidecar,743.6489999999976
2649,23,client7,client7-544486cc98-m9g7c,linkerd-proxy,744.8910000000033
2650,23,client7,client7-544486cc98-m9g7c,linkerd-init,0.0
2651,23,client7,client7-544486cc98-m9g7c,client7,744.9959999999955
2652,23,client11,client11-565c48c7c7-dkvjs,sidecar,560.0040000000008
2653,23,client11,client11-565c48c7c7-dkvjs,client11,643.9620000000032
2654,23,client11,client11-565c48c7c7-dkvjs,linkerd-init,0.0
2655,23,client11,client11-565c48c7c7-dkvjs,linkerd-proxy,643.8389999999963
2656,23,client19,client19-56fccdb4d9-wmdll,sidecar,713.6550000000025
2657,23,client19,client19-56fccdb4d9-wmdll,client19,715.0470000000023
2658,23,client19,client19-56fccdb4d9-wmdll,linkerd-init,0.0
2659,23,client19,client19-56fccdb4d9-wmdll,linkerd-proxy,714.984000000004
2660,23,client1,client1-7b9db886dd-bt2vd,linkerd-proxy,673.6949999999961
2661,23,client1,client1-7b9db886dd-bt2vd,linkerd-init,0.0
2662,23,client13,client13-7bf86f4f87-bshn4,linkerd-proxy,637.1369999999988
2663,23,client13,client13-7bf86f4f87-bshn4,linkerd-init,0.0
2664,23,client13,client13-7bf86f4f87-bshn4,sidecar,566.6129999999994
2665,23,client13,client13-7bf86f4f87-bshn4,client13,639.5880000000034
2666,23,client20,client20-65f8864f77-pxvbs,client20,794.8469999999979
2667,23,client20,client20-65f8864f77-pxvbs,linkerd-proxy,794.8289999999979
2668,23,client20,client20-65f8864f77-pxvbs,sidecar,793.4730000000018
2669,23,client20,client20-65f8864f77-pxvbs,linkerd-init,0.0
2670,23,server,server-656f98b57f-5kskm,linkerd-proxy,509.0069999999996
2671,23,server,server-656f98b57f-5kskm,linkerd-init,0.0
2672,23,client8,client8-5845965f99-dncnq,client8,781.3439999999973
2673,23,client8,client8-5845965f99-dncnq,linkerd-init,0.0
2674,23,client8,client8-5845965f99-dncnq,linkerd-proxy,781.0649999999987
2675,23,client8,client8-5845965f99-dncnq,sidecar,780.0270000000019
2676,23,client14,client14-856b5b5576-jdgsm,linkerd-init,0.0
2677,23,client14,client14-856b5b5576-jdgsm,sidecar,676.4940000000024
2678,23,client14,client14-856b5b5576-jdgsm,linkerd-proxy,677.9130000000005
2679,23,client14,client14-856b5b5576-jdgsm,client14,678.1110000000008
2680,23,client10,client10-694b6b97b4-qnhwd,client10,690.3329999999987
2681,23,client10,client10-694b6b97b4-qnhwd,sidecar,568.1790000000001
2682,23,client10,client10-694b6b97b4-qnhwd,linkerd-proxy,690.2129999999997
2683,23,client10,client10-694b6b97b4-qnhwd,linkerd-init,0.0
2684,23,orchestrator,policy-enforcer-cb8dccbd8-9j5rz,policy-enforcer,313.72199999999975
2685,23,orchestrator,orchestrator-555f7b7c9d-h62wn,orchestrator,258.53700000000026
2686,23,api-gateway,api-gateway-6bf76d45b7-8xkj8,linkerd-init,0.0
2687,23,orchestrator,policy-enforcer-cb8dccbd8-9j5rz,linkerd-init,0.0
2688,23,api-gateway,api-gateway-6bf76d45b7-8xkj8,api-gateway,404.6849999999995
2689,23,orchestrator,policy-enforcer-cb8dccbd8-9j5rz,sidecar,376.4400000000005
2690,23,orchestrator,orchestrator-555f7b7c9d-h62wn,linkerd-proxy,397.5030000000006
2691,23,orchestrator,policy-enforcer-cb8dccbd8-9j5rz,linkerd-proxy,397.6170000000002
2692,23,api-gateway,api-gateway-6bf76d45b7-8xkj8,linkerd-proxy,416.69700000000194
2693,23,orchestrator,orchestrator-555f7b7c9d-h62wn,sidecar,368.22299999999814
2694,23,orchestrator,orchestrator-555f7b7c9d-h62wn,linkerd-init,0.0
2695,23,api-gateway,api-gateway-6bf76d45b7-8xkj8,sidecar,389.40899999999965
2696,23,client6,client6-785d875985-c474z,client6,823.6020000000026
2697,23,client6,client6-785d875985-c474z,sidecar,820.8930000000037
2698,23,client6,client6-785d875985-c474z,linkerd-proxy,823.4669999999969
2699,23,client4,client4-744474fb99-p4xwk,sidecar,854.9160000000011
2700,23,client4,client4-744474fb99-p4xwk,client4,857.6490000000049
2701,23,client4,client4-744474fb99-p4xwk,linkerd-proxy,857.4990000000034
2702,23,client17,client17-69b85b5ccf-t6qfk,client17,799.143
2703,23,client17,client17-69b85b5ccf-t6qfk,sidecar,765.1290000000008
2704,23,client17,client17-69b85b5ccf-t6qfk,linkerd-proxy,796.9140000000043
2705,23,client15,client15-79c969ddf-rnrfk,client15,876.6569999999992
2706,23,client15,client15-79c969ddf-rnrfk,sidecar,874.9680000000008
2707,23,client15,client15-79c969ddf-rnrfk,linkerd-proxy,876.4320000000043
2708,23,client9,client9-d68fb99b4-lpsfb,linkerd-proxy,858.456000000002
2709,23,client9,client9-d68fb99b4-lpsfb,sidecar,733.5540000000019
2710,23,client9,client9-d68fb99b4-lpsfb,client9,859.7400000000016
2711,23,client12,client12-79bc8d5846-q5fw7,linkerd-proxy,845.9550000000017
2712,23,client12,client12-79bc8d5846-q5fw7,sidecar,807.8040000000019
2713,23,client12,client12-79bc8d5846-q5fw7,client12,845.898000000001
2714,23,client1,client1-7b9db886dd-bt2vd,client1,674.853000000001
2715,23,client1,client1-7b9db886dd-bt2vd,sidecar,594.1080000000002
2716,23,server,server-656f98b57f-5kskm,sidecar,464.9970000000012
2717,23,server,server-656f98b57f-5kskm,server,527.7540000000008
2718,23,client5,maurits-dijk-d57b5102client51-s6twn,hfl-train,852.8100000000013
2719,23,client5,maurits-dijk-d57b5102client51-s6twn,hfl-train-model,757.6110000000008
2720,23,client5,maurits-dijk-d57b5102client51-s6twn,sidecar,708.4559999999983
2721,23,client1,maurits-dijk-d57b5102client11-76rsr,sidecar,592.8839999999982
2722,23,client1,maurits-dijk-d57b5102client11-76rsr,hfl-train,711.7710000000043
2723,23,client1,maurits-dijk-d57b5102client11-76rsr,hfl-train-model,668.6490000000031
2724,23,client13,maurits-dijk-d57b5102client131-7gfpb,sidecar,562.8029999999999
2725,23,client13,maurits-dijk-d57b5102client131-7gfpb,hfl-train,780.1740000000027
2726,23,client13,maurits-dijk-d57b5102client131-7gfpb,hfl-train-model,634.0500000000011
2727,23,server,maurits-dijk-d57b5102server1-6d4br,hfl-train,504.5759999999991
2728,23,server,maurits-dijk-d57b5102server1-6d4br,hfl-train-model,845.3130000000019
2729,23,server,maurits-dijk-d57b5102server1-6d4br,sidecar,437.3729999999996
2730,23,client17,maurits-dijk-d57b5102client171-c6vfd,hfl-train,866.9850000000006
2731,23,client17,maurits-dijk-d57b5102client171-c6vfd,hfl-train-model,793.6770000000015
2732,23,client17,maurits-dijk-d57b5102client171-c6vfd,sidecar,744.0900000000001
2733,23,client9,maurits-dijk-d57b5102client91-b5mls,hfl-train,921.3329999999987
2734,23,client9,maurits-dijk-d57b5102client91-b5mls,hfl-train-model,852.8400000000001
2735,23,client9,maurits-dijk-d57b5102client91-b5mls,sidecar,803.2739999999994
2736,24,client6,client6-785d875985-c474z,linkerd-init,0.0
2737,24,client4,client4-744474fb99-p4xwk,linkerd-init,0.0
2738,24,client17,client17-69b85b5ccf-t6qfk,linkerd-init,0.0
2739,24,client15,client15-79c969ddf-rnrfk,linkerd-init,0.0
2740,24,client9,client9-d68fb99b4-lpsfb,linkerd-init,0.0
2741,24,client5,client5-7d5ff7f8b4-sx5j8,linkerd-proxy,654.641999999998
2742,24,client5,client5-7d5ff7f8b4-sx5j8,linkerd-init,0.0
2743,24,client5,client5-7d5ff7f8b4-sx5j8,client5,657.867000000002
2744,24,client5,client5-7d5ff7f8b4-sx5j8,sidecar,551.9490000000005
2745,24,client12,client12-79bc8d5846-q5fw7,linkerd-init,0.0
2746,24,client16,client16-6dc7f87f54-ffkxj,sidecar,834.7649999999994
2747,24,client16,client16-6dc7f87f54-ffkxj,client16,836.9639999999999
2748,24,client16,client16-6dc7f87f54-ffkxj,linkerd-init,0.0
2749,24,client16,client16-6dc7f87f54-ffkxj,linkerd-proxy,836.8290000000015
2750,24,client2,client2-86cd6d8cf7-dfw7v,client2,771.9960000000028
2751,24,client2,client2-86cd6d8cf7-dfw7v,linkerd-init,0.0
2752,24,client2,client2-86cd6d8cf7-dfw7v,linkerd-proxy,771.6450000000004
2753,24,client2,client2-86cd6d8cf7-dfw7v,sidecar,770.112000000001
2754,24,client3,client3-58c68898cd-7djj4,sidecar,787.9859999999971
2755,24,client3,client3-58c68898cd-7djj4,linkerd-init,0.0
2756,24,client3,client3-58c68898cd-7djj4,client3,790.6140000000014
2757,24,client3,client3-58c68898cd-7djj4,linkerd-proxy,790.418999999998
2758,24,client18,client18-69db77c748-xcj8f,client18,797.7539999999972
2759,24,client18,client18-69db77c748-xcj8f,sidecar,796.0049999999974
2760,24,client18,client18-69db77c748-xcj8f,linkerd-proxy,797.4539999999979
2761,24,client18,client18-69db77c748-xcj8f,linkerd-init,0.0
2762,24,client7,client7-544486cc98-m9g7c,sidecar,834.2490000000034
2763,24,client7,client7-544486cc98-m9g7c,linkerd-proxy,835.5869999999959
2764,24,client7,client7-544486cc98-m9g7c,linkerd-init,0.0
2765,24,client7,client7-544486cc98-m9g7c,client7,835.9350000000013
2766,24,client11,client11-565c48c7c7-dkvjs,sidecar,677.1299999999992
2767,24,client11,client11-565c48c7c7-dkvjs,client11,808.2209999999977
2768,24,client11,client11-565c48c7c7-dkvjs,linkerd-init,0.0
2769,24,client11,client11-565c48c7c7-dkvjs,linkerd-proxy,808.023000000001
2770,24,client19,client19-56fccdb4d9-wmdll,sidecar,786.0419999999976
2771,24,client19,client19-56fccdb4d9-wmdll,client19,787.9859999999971
2772,24,client19,client19-56fccdb4d9-wmdll,linkerd-init,0.0
2773,24,client19,client19-56fccdb4d9-wmdll,linkerd-proxy,787.6139999999978
2774,24,client1,client1-7b9db886dd-bt2vd,linkerd-proxy,820.854000000003
2775,24,client1,client1-7b9db886dd-bt2vd,linkerd-init,0.0
2776,24,client13,client13-7bf86f4f87-bshn4,linkerd-proxy,786.0240000000049
2777,24,client13,client13-7bf86f4f87-bshn4,linkerd-init,0.0
2778,24,client13,client13-7bf86f4f87-bshn4,sidecar,723.659999999998
2779,24,client13,client13-7bf86f4f87-bshn4,client13,787.5809999999983
2780,24,client20,client20-65f8864f77-pxvbs,client20,956.4720000000016
2781,24,client20,client20-65f8864f77-pxvbs,linkerd-proxy,956.1930000000029
2782,24,client20,client20-65f8864f77-pxvbs,sidecar,954.7560000000012
2783,24,client20,client20-65f8864f77-pxvbs,linkerd-init,0.0
2784,24,server,server-656f98b57f-5kskm,linkerd-proxy,505.41300000000047
2785,24,server,server-656f98b57f-5kskm,linkerd-init,0.0
2786,24,client8,client8-5845965f99-dncnq,client8,701.685000000005
2787,24,client8,client8-5845965f99-dncnq,linkerd-init,0.0
2788,24,client8,client8-5845965f99-dncnq,linkerd-proxy,701.3610000000008
2789,24,client8,client8-5845965f99-dncnq,sidecar,700.3259999999973
2790,24,client14,client14-856b5b5576-jdgsm,linkerd-init,0.0
2791,24,client14,client14-856b5b5576-jdgsm,sidecar,725.7509999999966
2792,24,client14,client14-856b5b5576-jdgsm,linkerd-proxy,727.1999999999971
2793,24,client14,client14-856b5b5576-jdgsm,client14,727.3499999999985
2794,24,client10,client10-694b6b97b4-qnhwd,client10,659.2200000000012
2795,24,client10,client10-694b6b97b4-qnhwd,sidecar,574.5599999999977
2796,24,client10,client10-694b6b97b4-qnhwd,linkerd-proxy,659.2050000000017
2797,24,client10,client10-694b6b97b4-qnhwd,linkerd-init,0.0
2798,24,orchestrator,policy-enforcer-cb8dccbd8-9j5rz,policy-enforcer,218.78400000000056
2799,24,orchestrator,orchestrator-555f7b7c9d-h62wn,orchestrator,169.70399999999972
2800,24,api-gateway,api-gateway-6bf76d45b7-8xkj8,linkerd-init,0.0
2801,24,orchestrator,policy-enforcer-cb8dccbd8-9j5rz,linkerd-init,0.0
2802,24,api-gateway,api-gateway-6bf76d45b7-8xkj8,api-gateway,351.86099999999897
2803,24,orchestrator,policy-enforcer-cb8dccbd8-9j5rz,sidecar,323.0100000000011
2804,24,orchestrator,orchestrator-555f7b7c9d-h62wn,linkerd-proxy,341.8649999999998
2805,24,orchestrator,policy-enforcer-cb8dccbd8-9j5rz,linkerd-proxy,341.8889999999992
2806,24,api-gateway,api-gateway-6bf76d45b7-8xkj8,linkerd-proxy,359.24699999999757
2807,24,orchestrator,orchestrator-555f7b7c9d-h62wn,sidecar,304.4820000000018
2808,24,orchestrator,orchestrator-555f7b7c9d-h62wn,linkerd-init,0.0
2809,24,api-gateway,api-gateway-6bf76d45b7-8xkj8,sidecar,341.02799999999934
2810,24,client6,client6-785d875985-c474z,client6,682.893
2811,24,client6,client6-785d875985-c474z,sidecar,680.6729999999989
2812,24,client6,client6-785d875985-c474z,linkerd-proxy,682.6680000000015
2813,24,client4,client4-744474fb99-p4xwk,sidecar,798.5879999999997
2814,24,client4,client4-744474fb99-p4xwk,client4,800.5319999999956
2815,24,client4,client4-744474fb99-p4xwk,linkerd-proxy,800.4719999999979
2816,24,client17,client17-69b85b5ccf-t6qfk,client17,708.119999999999
2817,24,client17,client17-69b85b5ccf-t6qfk,sidecar,647.1630000000005
2818,24,client17,client17-69b85b5ccf-t6qfk,linkerd-proxy,705.038999999997
2819,24,client15,client15-79c969ddf-rnrfk,client15,713.2139999999999
2820,24,client15,client15-79c969ddf-rnrfk,sidecar,711.732
2821,24,client15,client15-79c969ddf-rnrfk,linkerd-proxy,712.9439999999995
2822,24,client9,client9-d68fb99b4-lpsfb,linkerd-proxy,601.5239999999976
2823,24,client9,client9-d68fb99b4-lpsfb,sidecar,494.78099999999904
2824,24,client9,client9-d68fb99b4-lpsfb,client9,602.525999999998
2825,24,client12,client12-79bc8d5846-q5fw7,linkerd-proxy,753.8009999999958
2826,24,client12,client12-79bc8d5846-q5fw7,sidecar,645.6719999999987
2827,24,client12,client12-79bc8d5846-q5fw7,client12,753.8010000000031
2828,24,client1,client1-7b9db886dd-bt2vd,client1,820.8719999999994
2829,24,client1,client1-7b9db886dd-bt2vd,sidecar,773.0130000000008
2830,24,server,server-656f98b57f-5kskm,sidecar,447.35999999999876
2831,24,server,server-656f98b57f-5kskm,server,519.0
2832,24,client5,maurits-dijk-d57b5102client51-s6twn,hfl-train,747.9030000000021
2833,24,client5,maurits-dijk-d57b5102client51-s6twn,hfl-train-model,652.5480000000007
2834,24,client5,maurits-dijk-d57b5102client51-s6twn,sidecar,607.6830000000027
2835,24,client1,maurits-dijk-d57b5102client11-76rsr,sidecar,724.4429999999993
2836,24,client1,maurits-dijk-d57b5102client11-76rsr,hfl-train,855.257999999998
2837,24,client1,maurits-dijk-d57b5102client11-76rsr,hfl-train-model,815.6669999999976
2838,24,client13,maurits-dijk-d57b5102client131-7gfpb,sidecar,637.9019999999982
2839,24,client13,maurits-dijk-d57b5102client131-7gfpb,hfl-train,935.6669999999976
2840,24,client13,maurits-dijk-d57b5102client131-7gfpb,hfl-train-model,782.6969999999983
2841,24,server,maurits-dijk-d57b5102server1-6d4br,hfl-train,501.03299999999945
2842,24,server,maurits-dijk-d57b5102server1-6d4br,hfl-train-model,829.1999999999971
2843,24,server,maurits-dijk-d57b5102server1-6d4br,sidecar,446.3189999999995
2844,24,client17,maurits-dijk-d57b5102client171-c6vfd,hfl-train,772.1490000000013
2845,24,client17,maurits-dijk-d57b5102client171-c6vfd,hfl-train-model,702.2789999999986
2846,24,client17,maurits-dijk-d57b5102client171-c6vfd,sidecar,677.8079999999991
2847,24,client9,maurits-dijk-d57b5102client91-b5mls,hfl-train,683.8500000000022
2848,24,client9,maurits-dijk-d57b5102client91-b5mls,hfl-train-model,596.5319999999992
2849,24,client9,maurits-dijk-d57b5102client91-b5mls,sidecar,534.7260000000006
