,round,namespace,pod_name,container_name,joules
0,0,server,server-656f98b57f-xcc8n,linkerd-init,0.0
1,0,server,server-656f98b57f-xcc8n,linkerd-proxy,463.5239999999999
2,0,client8,client8-5845965f99-c7gv7,client8,726.7349999999999
3,0,client8,client8-5845965f99-c7gv7,sidecar,708.0360000000001
4,0,client8,client8-5845965f99-c7gv7,linkerd-proxy,726.1680000000001
5,0,client8,client8-5845965f99-c7gv7,linkerd-init,0.0
6,0,client14,client14-856b5b5576-d9cj8,client14,697.0169999999998
7,0,client14,client14-856b5b5576-d9cj8,sidecar,629.973
8,0,client14,client14-856b5b5576-d9cj8,linkerd-init,0.0
9,0,client14,client14-856b5b5576-d9cj8,linkerd-proxy,696.8190000000001
10,0,client10,client10-694b6b97b4-9h5k7,client10,672.225
11,0,client10,client10-694b6b97b4-9h5k7,linkerd-proxy,671.9819999999999
12,0,client10,client10-694b6b97b4-9h5k7,sidecar,670.3890000000001
13,0,client10,client10-694b6b97b4-9h5k7,linkerd-init,0.0
14,0,orchestrator,policy-enforcer-cb8dccbd8-kc7h5,linkerd-init,0.0
15,0,orchestrator,orchestrator-555f7b7c9d-x6psh,linkerd-proxy,415.22399999999993
16,0,api-gateway,api-gateway-6bf76d45b7-wr226,linkerd-proxy,434.052
17,0,orchestrator,policy-enforcer-cb8dccbd8-kc7h5,linkerd-proxy,415.23299999999995
18,0,api-gateway,api-gateway-6bf76d45b7-wr226,linkerd-init,0.0
19,0,orchestrator,orchestrator-555f7b7c9d-x6psh,linkerd-init,0.0
20,0,client6,client6-785d875985-44dw6,client6,841.095
21,0,client6,client6-785d875985-44dw6,linkerd-proxy,840.672
22,0,client6,client6-785d875985-44dw6,linkerd-init,0.0
23,0,client6,client6-785d875985-44dw6,sidecar,838.4940000000001
24,0,client4,client4-744474fb99-2dhnc,sidecar,798.756
25,0,client4,client4-744474fb99-2dhnc,linkerd-init,0.0
26,0,client4,client4-744474fb99-2dhnc,client4,801.117
27,0,client4,client4-744474fb99-2dhnc,linkerd-proxy,800.9910000000001
28,0,client17,client17-69b85b5ccf-jjgfq,sidecar,571.935
29,0,client17,client17-69b85b5ccf-jjgfq,client17,729.663
30,0,client17,client17-69b85b5ccf-jjgfq,linkerd-proxy,722.874
31,0,client17,client17-69b85b5ccf-jjgfq,linkerd-init,0.0
32,0,client15,client15-79c969ddf-9zmnv,linkerd-init,0.0
33,0,client15,client15-79c969ddf-9zmnv,sidecar,859.47
34,0,client15,client15-79c969ddf-9zmnv,client15,861.1439999999999
35,0,client15,client15-79c969ddf-9zmnv,linkerd-proxy,860.808
36,0,client9,client9-d68fb99b4-wnklx,linkerd-init,0.0
37,0,client9,client9-d68fb99b4-wnklx,sidecar,653.844
38,0,client9,client9-d68fb99b4-wnklx,client9,783.7860000000002
39,0,client9,client9-d68fb99b4-wnklx,linkerd-proxy,780.0450000000001
40,0,client5,client5-7d5ff7f8b4-6nn5m,linkerd-proxy,717.9960000000001
41,0,client5,client5-7d5ff7f8b4-6nn5m,sidecar,572.1690000000001
42,0,client5,client5-7d5ff7f8b4-6nn5m,linkerd-init,0.0
43,0,client5,client5-7d5ff7f8b4-6nn5m,client5,722.4900000000001
44,0,client12,client12-79bc8d5846-fg7f4,sidecar,679.6679999999999
45,0,client12,client12-79bc8d5846-fg7f4,client12,804.7469999999998
46,0,client12,client12-79bc8d5846-fg7f4,linkerd-proxy,804.6120000000001
47,0,client12,client12-79bc8d5846-fg7f4,linkerd-init,0.0
48,0,client16,client16-6dc7f87f54-k2nz6,linkerd-init,0.0
49,0,client16,client16-6dc7f87f54-k2nz6,client16,833.613
50,0,client16,client16-6dc7f87f54-k2nz6,sidecar,831.1380000000001
51,0,client16,client16-6dc7f87f54-k2nz6,linkerd-proxy,833.253
52,0,client2,client2-86cd6d8cf7-hwdsb,sidecar,787.6500000000001
53,0,client2,client2-86cd6d8cf7-hwdsb,client2,789.222
54,0,client2,client2-86cd6d8cf7-hwdsb,linkerd-proxy,788.988
55,0,client2,client2-86cd6d8cf7-hwdsb,linkerd-init,0.0
56,0,client3,client3-58c68898cd-zbgmx,client3,684.1679999999999
57,0,client3,client3-58c68898cd-zbgmx,sidecar,682.1279999999999
58,0,client3,client3-58c68898cd-zbgmx,linkerd-init,0.0
59,0,client3,client3-58c68898cd-zbgmx,linkerd-proxy,684.1679999999999
60,0,client18,client18-69db77c748-4z4s5,linkerd-init,0.0
61,0,client18,client18-69db77c748-4z4s5,client18,648.33
62,0,client18,client18-69db77c748-4z4s5,sidecar,646.7280000000001
63,0,client18,client18-69db77c748-4z4s5,linkerd-proxy,648.0360000000001
64,0,client7,client7-544486cc98-pnwh6,sidecar,704.5709999999999
65,0,client7,client7-544486cc98-pnwh6,client7,711.4679999999998
66,0,client7,client7-544486cc98-pnwh6,linkerd-proxy,710.988
67,0,client7,client7-544486cc98-pnwh6,linkerd-init,0.0
68,0,client11,client11-565c48c7c7-vg972,sidecar,707.229
69,0,client11,client11-565c48c7c7-vg972,linkerd-proxy,735.2849999999999
70,0,client11,client11-565c48c7c7-vg972,client11,735.456
71,0,client11,client11-565c48c7c7-vg972,linkerd-init,0.0
72,0,client19,client19-56fccdb4d9-7jztj,linkerd-init,0.0
73,0,client19,client19-56fccdb4d9-7jztj,client19,729.375
74,0,client19,client19-56fccdb4d9-7jztj,sidecar,727.773
75,0,client19,client19-56fccdb4d9-7jztj,linkerd-proxy,729.1770000000001
76,0,client1,client1-7b9db886dd-zwn89,client1,578.091
77,0,client1,client1-7b9db886dd-zwn89,sidecar,525.237
78,0,client1,client1-7b9db886dd-zwn89,linkerd-proxy,576.153
79,0,client1,client1-7b9db886dd-zwn89,linkerd-init,0.0
80,0,client13,client13-7bf86f4f87-gw5cj,sidecar,530.985
81,0,client13,client13-7bf86f4f87-gw5cj,client13,621.294
82,0,client13,client13-7bf86f4f87-gw5cj,linkerd-init,0.0
83,0,client13,client13-7bf86f4f87-gw5cj,linkerd-proxy,615.9749999999999
84,0,client20,client20-65f8864f77-f7g5b,sidecar,703.815
85,0,client20,client20-65f8864f77-f7g5b,client20,705.2460000000001
86,0,client20,client20-65f8864f77-f7g5b,linkerd-proxy,705.0660000000003
87,0,client20,client20-65f8864f77-f7g5b,linkerd-init,0.0
88,0,server,server-656f98b57f-xcc8n,sidecar,363.948
89,0,server,server-656f98b57f-xcc8n,server,483.423
90,0,orchestrator,orchestrator-555f7b7c9d-x6psh,orchestrator,215.57399999999996
91,0,orchestrator,policy-enforcer-cb8dccbd8-kc7h5,sidecar,323.98799999999994
92,0,orchestrator,orchestrator-555f7b7c9d-x6psh,sidecar,363.168
93,0,orchestrator,policy-enforcer-cb8dccbd8-kc7h5,policy-enforcer,196.038
94,0,api-gateway,api-gateway-6bf76d45b7-wr226,sidecar,317.082
95,0,api-gateway,api-gateway-6bf76d45b7-wr226,api-gateway,404.772
96,0,client17,maurits-dijk-07ac9879client171-sp7mj,hfl-train,869.427
97,0,client17,maurits-dijk-07ac9879client171-sp7mj,hfl-train-model,719.3400000000001
98,0,client17,maurits-dijk-07ac9879client171-sp7mj,sidecar,625.533
99,0,client9,maurits-dijk-07ac9879client91-tpphj,hfl-train,900.657
100,0,client9,maurits-dijk-07ac9879client91-tpphj,hfl-train-model,774.933
101,0,client9,maurits-dijk-07ac9879client91-tpphj,sidecar,687.567
102,0,client5,maurits-dijk-07ac9879client51-2h759,hfl-train-model,715.713
103,0,client5,maurits-dijk-07ac9879client51-2h759,hfl-train,846.7679999999999
104,0,client5,maurits-dijk-07ac9879client51-2h759,sidecar,637.836
105,0,client1,maurits-dijk-07ac9879client11-88nrp,hfl-train-model,569.832
106,0,client1,maurits-dijk-07ac9879client11-88nrp,hfl-train,700.755
107,0,client1,maurits-dijk-07ac9879client11-88nrp,sidecar,439.872
108,0,client13,maurits-dijk-07ac9879client131-49m2m,hfl-train,791.4720000000001
109,0,client13,maurits-dijk-07ac9879client131-49m2m,sidecar,443.682
110,0,client13,maurits-dijk-07ac9879client131-49m2m,hfl-train-model,612.972
111,0,server,maurits-dijk-07ac9879server1-n7kt8,hfl-train,457.512
112,0,server,maurits-dijk-07ac9879server1-n7kt8,sidecar,373.76699999999994
113,0,server,maurits-dijk-07ac9879server1-n7kt8,hfl-train-model,738.549
114,1,server,server-656f98b57f-xcc8n,linkerd-init,0.0
115,1,server,server-656f98b57f-xcc8n,linkerd-proxy,556.2090000000002
116,1,client8,client8-5845965f99-c7gv7,client8,838.425
117,1,client8,client8-5845965f99-c7gv7,sidecar,813.2699999999998
118,1,client8,client8-5845965f99-c7gv7,linkerd-proxy,838.0079999999998
119,1,client8,client8-5845965f99-c7gv7,linkerd-init,0.0
120,1,client14,client14-856b5b5576-d9cj8,client14,668.9250000000002
121,1,client14,client14-856b5b5576-d9cj8,sidecar,611.577
122,1,client14,client14-856b5b5576-d9cj8,linkerd-init,0.0
123,1,client14,client14-856b5b5576-d9cj8,linkerd-proxy,668.8140000000001
124,1,client10,client10-694b6b97b4-9h5k7,client10,691.788
125,1,client10,client10-694b6b97b4-9h5k7,linkerd-proxy,691.8300000000002
126,1,client10,client10-694b6b97b4-9h5k7,sidecar,690.0359999999998
127,1,client10,client10-694b6b97b4-9h5k7,linkerd-init,0.0
128,1,orchestrator,policy-enforcer-cb8dccbd8-kc7h5,linkerd-init,0.0
129,1,orchestrator,orchestrator-555f7b7c9d-x6psh,linkerd-proxy,347.57400000000007
130,1,api-gateway,api-gateway-6bf76d45b7-wr226,linkerd-proxy,366.009
131,1,orchestrator,policy-enforcer-cb8dccbd8-kc7h5,linkerd-proxy,347.5350000000001
132,1,api-gateway,api-gateway-6bf76d45b7-wr226,linkerd-init,0.0
133,1,orchestrator,orchestrator-555f7b7c9d-x6psh,linkerd-init,0.0
134,1,client6,client6-785d875985-44dw6,client6,741.7559999999999
135,1,client6,client6-785d875985-44dw6,linkerd-proxy,741.5279999999998
136,1,client6,client6-785d875985-44dw6,linkerd-init,0.0
137,1,client6,client6-785d875985-44dw6,sidecar,739.4969999999998
138,1,client4,client4-744474fb99-2dhnc,sidecar,775.212
139,1,client4,client4-744474fb99-2dhnc,linkerd-init,0.0
140,1,client4,client4-744474fb99-2dhnc,client4,777.231
141,1,client4,client4-744474fb99-2dhnc,linkerd-proxy,777.261
142,1,client17,client17-69b85b5ccf-jjgfq,sidecar,537.654
143,1,client17,client17-69b85b5ccf-jjgfq,client17,625.671
144,1,client17,client17-69b85b5ccf-jjgfq,linkerd-proxy,624.489
145,1,client17,client17-69b85b5ccf-jjgfq,linkerd-init,0.0
146,1,client15,client15-79c969ddf-9zmnv,linkerd-init,0.0
147,1,client15,client15-79c969ddf-9zmnv,sidecar,739.4939999999999
148,1,client15,client15-79c969ddf-9zmnv,client15,740.9760000000001
149,1,client15,client15-79c969ddf-9zmnv,linkerd-proxy,740.6700000000001
150,1,client9,client9-d68fb99b4-wnklx,linkerd-init,0.0
151,1,client9,client9-d68fb99b4-wnklx,sidecar,590.6880000000001
152,1,client9,client9-d68fb99b4-wnklx,client9,639.4859999999999
153,1,client9,client9-d68fb99b4-wnklx,linkerd-proxy,635.9759999999999
154,1,client5,client5-7d5ff7f8b4-6nn5m,linkerd-proxy,604.134
155,1,client5,client5-7d5ff7f8b4-6nn5m,sidecar,477.216
156,1,client5,client5-7d5ff7f8b4-6nn5m,linkerd-init,0.0
157,1,client5,client5-7d5ff7f8b4-6nn5m,client5,606.462
158,1,client12,client12-79bc8d5846-fg7f4,sidecar,561.252
159,1,client12,client12-79bc8d5846-fg7f4,client12,678.9360000000001
160,1,client12,client12-79bc8d5846-fg7f4,linkerd-proxy,679.011
161,1,client12,client12-79bc8d5846-fg7f4,linkerd-init,0.0
162,1,client16,client16-6dc7f87f54-k2nz6,linkerd-init,0.0
163,1,client16,client16-6dc7f87f54-k2nz6,client16,708.0059999999999
164,1,client16,client16-6dc7f87f54-k2nz6,sidecar,705.855
165,1,client16,client16-6dc7f87f54-k2nz6,linkerd-proxy,707.856
166,1,client2,client2-86cd6d8cf7-hwdsb,sidecar,966.6329999999998
167,1,client2,client2-86cd6d8cf7-hwdsb,client2,968.5440000000001
168,1,client2,client2-86cd6d8cf7-hwdsb,linkerd-proxy,968.3010000000002
169,1,client2,client2-86cd6d8cf7-hwdsb,linkerd-init,0.0
170,1,client3,client3-58c68898cd-zbgmx,client3,851.8140000000001
171,1,client3,client3-58c68898cd-zbgmx,sidecar,849.366
172,1,client3,client3-58c68898cd-zbgmx,linkerd-init,0.0
173,1,client3,client3-58c68898cd-zbgmx,linkerd-proxy,851.8589999999999
174,1,client18,client18-69db77c748-4z4s5,linkerd-init,0.0
175,1,client18,client18-69db77c748-4z4s5,client18,784.8420000000001
176,1,client18,client18-69db77c748-4z4s5,sidecar,783.021
177,1,client18,client18-69db77c748-4z4s5,linkerd-proxy,784.6229999999998
178,1,client7,client7-544486cc98-pnwh6,sidecar,933.0360000000001
179,1,client7,client7-544486cc98-pnwh6,client7,934.5870000000002
180,1,client7,client7-544486cc98-pnwh6,linkerd-proxy,934.2720000000004
181,1,client7,client7-544486cc98-pnwh6,linkerd-init,0.0
182,1,client11,client11-565c48c7c7-vg972,sidecar,869.394
183,1,client11,client11-565c48c7c7-vg972,linkerd-proxy,902.7929999999999
184,1,client11,client11-565c48c7c7-vg972,client11,903.2819999999999
185,1,client11,client11-565c48c7c7-vg972,linkerd-init,0.0
186,1,client19,client19-56fccdb4d9-7jztj,linkerd-init,0.0
187,1,client19,client19-56fccdb4d9-7jztj,client19,803.3580000000002
188,1,client19,client19-56fccdb4d9-7jztj,sidecar,801.393
189,1,client19,client19-56fccdb4d9-7jztj,linkerd-proxy,803.067
190,1,client1,client1-7b9db886dd-zwn89,client1,800.9639999999999
191,1,client1,client1-7b9db886dd-zwn89,sidecar,758.9160000000002
192,1,client1,client1-7b9db886dd-zwn89,linkerd-proxy,800.4809999999999
193,1,client1,client1-7b9db886dd-zwn89,linkerd-init,0.0
194,1,client13,client13-7bf86f4f87-gw5cj,sidecar,670.4640000000002
195,1,client13,client13-7bf86f4f87-gw5cj,client13,746.268
196,1,client13,client13-7bf86f4f87-gw5cj,linkerd-init,0.0
197,1,client13,client13-7bf86f4f87-gw5cj,linkerd-proxy,740.5619999999999
198,1,client20,client20-65f8864f77-f7g5b,sidecar,787.2869999999998
199,1,client20,client20-65f8864f77-f7g5b,client20,789.0839999999998
200,1,client20,client20-65f8864f77-f7g5b,linkerd-proxy,788.8799999999999
201,1,client20,client20-65f8864f77-f7g5b,linkerd-init,0.0
202,1,server,server-656f98b57f-xcc8n,sidecar,529.1789999999999
203,1,server,server-656f98b57f-xcc8n,server,583.1939999999998
204,1,orchestrator,orchestrator-555f7b7c9d-x6psh,orchestrator,165.21300000000002
205,1,orchestrator,policy-enforcer-cb8dccbd8-kc7h5,sidecar,285.5220000000001
206,1,orchestrator,orchestrator-555f7b7c9d-x6psh,sidecar,320.0400000000001
207,1,orchestrator,policy-enforcer-cb8dccbd8-kc7h5,policy-enforcer,184.077
208,1,api-gateway,api-gateway-6bf76d45b7-wr226,sidecar,243.66600000000005
209,1,api-gateway,api-gateway-6bf76d45b7-wr226,api-gateway,363.012
210,1,client17,maurits-dijk-07ac9879client171-sp7mj,hfl-train,758.586
211,1,client17,maurits-dijk-07ac9879client171-sp7mj,hfl-train-model,621.1919999999999
212,1,client17,maurits-dijk-07ac9879client171-sp7mj,sidecar,572.253
213,1,client9,maurits-dijk-07ac9879client91-tpphj,hfl-train,753.924
214,1,client9,maurits-dijk-07ac9879client91-tpphj,hfl-train-model,630.9389999999999
215,1,client9,maurits-dijk-07ac9879client91-tpphj,sidecar,631.2000000000002
216,1,client5,maurits-dijk-07ac9879client51-2h759,hfl-train-model,601.5899999999999
217,1,client5,maurits-dijk-07ac9879client51-2h759,hfl-train,716.1089999999999
218,1,client5,maurits-dijk-07ac9879client51-2h759,sidecar,535.3229999999999
219,1,client1,maurits-dijk-07ac9879client11-88nrp,hfl-train-model,794.727
220,1,client1,maurits-dijk-07ac9879client11-88nrp,hfl-train,935.517
221,1,client1,maurits-dijk-07ac9879client11-88nrp,sidecar,652.707
222,1,client13,maurits-dijk-07ac9879client131-49m2m,hfl-train,903.7440000000001
223,1,client13,maurits-dijk-07ac9879client131-49m2m,sidecar,579.1529999999999
224,1,client13,maurits-dijk-07ac9879client131-49m2m,hfl-train-model,737.3729999999999
225,1,server,maurits-dijk-07ac9879server1-n7kt8,hfl-train,550.9049999999999
226,1,server,maurits-dijk-07ac9879server1-n7kt8,sidecar,426.6600000000001
227,1,server,maurits-dijk-07ac9879server1-n7kt8,hfl-train-model,830.6459999999997
228,2,server,server-656f98b57f-xcc8n,linkerd-init,0.0
229,2,server,server-656f98b57f-xcc8n,linkerd-proxy,472.2450000000001
230,2,client8,client8-5845965f99-c7gv7,client8,668.3219999999999
231,2,client8,client8-5845965f99-c7gv7,sidecar,638.5290000000002
232,2,client8,client8-5845965f99-c7gv7,linkerd-proxy,668.0040000000001
233,2,client8,client8-5845965f99-c7gv7,linkerd-init,0.0
234,2,client14,client14-856b5b5576-d9cj8,client14,840.606
235,2,client14,client14-856b5b5576-d9cj8,sidecar,789.636
236,2,client14,client14-856b5b5576-d9cj8,linkerd-init,0.0
237,2,client14,client14-856b5b5576-d9cj8,linkerd-proxy,840.2280000000001
238,2,client10,client10-694b6b97b4-9h5k7,client10,942.3539999999998
239,2,client10,client10-694b6b97b4-9h5k7,linkerd-proxy,942.2939999999999
240,2,client10,client10-694b6b97b4-9h5k7,sidecar,940.068
241,2,client10,client10-694b6b97b4-9h5k7,linkerd-init,0.0
242,2,orchestrator,policy-enforcer-cb8dccbd8-kc7h5,linkerd-init,0.0
243,2,orchestrator,orchestrator-555f7b7c9d-x6psh,linkerd-proxy,422.9340000000001
244,2,api-gateway,api-gateway-6bf76d45b7-wr226,linkerd-proxy,443.385
245,2,orchestrator,policy-enforcer-cb8dccbd8-kc7h5,linkerd-proxy,422.92500000000007
246,2,api-gateway,api-gateway-6bf76d45b7-wr226,linkerd-init,0.0
247,2,orchestrator,orchestrator-555f7b7c9d-x6psh,linkerd-init,0.0
248,2,client6,client6-785d875985-44dw6,client6,825.393
249,2,client6,client6-785d875985-44dw6,linkerd-proxy,824.934
250,2,client6,client6-785d875985-44dw6,linkerd-init,0.0
251,2,client6,client6-785d875985-44dw6,sidecar,822.627
252,2,client4,client4-744474fb99-2dhnc,sidecar,801.1980000000001
253,2,client4,client4-744474fb99-2dhnc,linkerd-init,0.0
254,2,client4,client4-744474fb99-2dhnc,client4,803.6580000000001
255,2,client4,client4-744474fb99-2dhnc,linkerd-proxy,803.412
256,2,client17,client17-69b85b5ccf-jjgfq,sidecar,736.5450000000003
257,2,client17,client17-69b85b5ccf-jjgfq,client17,831.9299999999996
258,2,client17,client17-69b85b5ccf-jjgfq,linkerd-proxy,829.5960000000002
259,2,client17,client17-69b85b5ccf-jjgfq,linkerd-init,0.0
260,2,client15,client15-79c969ddf-9zmnv,linkerd-init,0.0
261,2,client15,client15-79c969ddf-9zmnv,sidecar,846.1650000000004
262,2,client15,client15-79c969ddf-9zmnv,client15,847.7940000000003
263,2,client15,client15-79c969ddf-9zmnv,linkerd-proxy,847.548
264,2,client9,client9-d68fb99b4-wnklx,linkerd-init,0.0
265,2,client9,client9-d68fb99b4-wnklx,sidecar,584.2349999999999
266,2,client9,client9-d68fb99b4-wnklx,client9,743.2440000000001
267,2,client9,client9-d68fb99b4-wnklx,linkerd-proxy,743.7660000000001
268,2,client5,client5-7d5ff7f8b4-6nn5m,linkerd-proxy,714.0839999999998
269,2,client5,client5-7d5ff7f8b4-6nn5m,sidecar,506.82299999999987
270,2,client5,client5-7d5ff7f8b4-6nn5m,linkerd-init,0.0
271,2,client5,client5-7d5ff7f8b4-6nn5m,client5,716.2169999999996
272,2,client12,client12-79bc8d5846-fg7f4,sidecar,565.0350000000001
273,2,client12,client12-79bc8d5846-fg7f4,client12,812.0399999999997
274,2,client12,client12-79bc8d5846-fg7f4,linkerd-proxy,811.9709999999998
275,2,client12,client12-79bc8d5846-fg7f4,linkerd-init,0.0
276,2,client16,client16-6dc7f87f54-k2nz6,linkerd-init,0.0
277,2,client16,client16-6dc7f87f54-k2nz6,client16,925.0950000000003
278,2,client16,client16-6dc7f87f54-k2nz6,sidecar,922.671
279,2,client16,client16-6dc7f87f54-k2nz6,linkerd-proxy,924.9149999999997
280,2,client2,client2-86cd6d8cf7-hwdsb,sidecar,797.8800000000001
281,2,client2,client2-86cd6d8cf7-hwdsb,client2,799.317
282,2,client2,client2-86cd6d8cf7-hwdsb,linkerd-proxy,799.2060000000001
283,2,client2,client2-86cd6d8cf7-hwdsb,linkerd-init,0.0
284,2,client3,client3-58c68898cd-zbgmx,client3,664.233
285,2,client3,client3-58c68898cd-zbgmx,sidecar,662.124
286,2,client3,client3-58c68898cd-zbgmx,linkerd-init,0.0
287,2,client3,client3-58c68898cd-zbgmx,linkerd-proxy,664.2150000000001
288,2,client18,client18-69db77c748-4z4s5,linkerd-init,0.0
289,2,client18,client18-69db77c748-4z4s5,client18,677.4389999999999
290,2,client18,client18-69db77c748-4z4s5,sidecar,675.8970000000002
291,2,client18,client18-69db77c748-4z4s5,linkerd-proxy,677.1480000000001
292,2,client7,client7-544486cc98-pnwh6,sidecar,791.895
293,2,client7,client7-544486cc98-pnwh6,client7,793.2690000000002
294,2,client7,client7-544486cc98-pnwh6,linkerd-proxy,792.9689999999996
295,2,client7,client7-544486cc98-pnwh6,linkerd-init,0.0
296,2,client11,client11-565c48c7c7-vg972,sidecar,669.492
297,2,client11,client11-565c48c7c7-vg972,linkerd-proxy,700.4550000000004
298,2,client11,client11-565c48c7c7-vg972,client11,700.7460000000001
299,2,client11,client11-565c48c7c7-vg972,linkerd-init,0.0
300,2,client19,client19-56fccdb4d9-7jztj,linkerd-init,0.0
301,2,client19,client19-56fccdb4d9-7jztj,client19,658.0200000000002
302,2,client19,client19-56fccdb4d9-7jztj,sidecar,656.3010000000002
303,2,client19,client19-56fccdb4d9-7jztj,linkerd-proxy,657.7199999999998
304,2,client1,client1-7b9db886dd-zwn89,client1,591.3149999999998
305,2,client1,client1-7b9db886dd-zwn89,sidecar,513.7950000000001
306,2,client1,client1-7b9db886dd-zwn89,linkerd-proxy,589.1550000000004
307,2,client1,client1-7b9db886dd-zwn89,linkerd-init,0.0
308,2,client13,client13-7bf86f4f87-gw5cj,sidecar,536.8409999999997
309,2,client13,client13-7bf86f4f87-gw5cj,client13,626.5110000000002
310,2,client13,client13-7bf86f4f87-gw5cj,linkerd-init,0.0
311,2,client13,client13-7bf86f4f87-gw5cj,linkerd-proxy,622.4010000000001
312,2,client20,client20-65f8864f77-f7g5b,sidecar,669.471
313,2,client20,client20-65f8864f77-f7g5b,client20,671.0130000000004
314,2,client20,client20-65f8864f77-f7g5b,linkerd-proxy,670.848
315,2,client20,client20-65f8864f77-f7g5b,linkerd-init,0.0
316,2,server,server-656f98b57f-xcc8n,sidecar,375.894
317,2,server,server-656f98b57f-xcc8n,server,486.33900000000017
318,2,orchestrator,orchestrator-555f7b7c9d-x6psh,orchestrator,322.296
319,2,orchestrator,policy-enforcer-cb8dccbd8-kc7h5,sidecar,337.0139999999998
320,2,orchestrator,orchestrator-555f7b7c9d-x6psh,sidecar,379.97399999999993
321,2,orchestrator,policy-enforcer-cb8dccbd8-kc7h5,policy-enforcer,317.457
322,2,api-gateway,api-gateway-6bf76d45b7-wr226,sidecar,402.321
323,2,api-gateway,api-gateway-6bf76d45b7-wr226,api-gateway,440.16600000000005
324,2,client17,maurits-dijk-07ac9879client171-sp7mj,hfl-train,942.8610000000001
325,2,client17,maurits-dijk-07ac9879client171-sp7mj,hfl-train-model,826.5360000000001
326,2,client17,maurits-dijk-07ac9879client171-sp7mj,sidecar,634.4190000000001
327,2,client9,maurits-dijk-07ac9879client91-tpphj,hfl-train,873.5609999999997
328,2,client9,maurits-dijk-07ac9879client91-tpphj,hfl-train-model,737.5889999999999
329,2,client9,maurits-dijk-07ac9879client91-tpphj,sidecar,676.887
330,2,client5,maurits-dijk-07ac9879client51-2h759,hfl-train-model,711.375
331,2,client5,maurits-dijk-07ac9879client51-2h759,hfl-train,841.815
332,2,client5,maurits-dijk-07ac9879client51-2h759,sidecar,626.1330000000003
333,2,client1,maurits-dijk-07ac9879client11-88nrp,hfl-train-model,582.855
334,2,client1,maurits-dijk-07ac9879client11-88nrp,hfl-train,728.0039999999999
335,2,client1,maurits-dijk-07ac9879client11-88nrp,sidecar,452.4570000000001
336,2,client13,maurits-dijk-07ac9879client131-49m2m,hfl-train,800.1749999999997
337,2,client13,maurits-dijk-07ac9879client131-49m2m,sidecar,474.6300000000001
338,2,client13,maurits-dijk-07ac9879client131-49m2m,hfl-train-model,619.0860000000002
339,2,server,maurits-dijk-07ac9879server1-n7kt8,hfl-train,466.7550000000001
340,2,server,maurits-dijk-07ac9879server1-n7kt8,sidecar,371.976
341,2,server,maurits-dijk-07ac9879server1-n7kt8,hfl-train-model,817.2450000000003
342,3,server,server-656f98b57f-xcc8n,linkerd-init,0.0
343,3,server,server-656f98b57f-xcc8n,linkerd-proxy,564.5849999999998
344,3,client8,client8-5845965f99-c7gv7,client8,756.1289999999999
345,3,client8,client8-5845965f99-c7gv7,sidecar,653.4089999999997
346,3,client8,client8-5845965f99-c7gv7,linkerd-proxy,755.799
347,3,client8,client8-5845965f99-c7gv7,linkerd-init,0.0
348,3,client14,client14-856b5b5576-d9cj8,client14,725.565
349,3,client14,client14-856b5b5576-d9cj8,sidecar,698.8020000000001
350,3,client14,client14-856b5b5576-d9cj8,linkerd-init,0.0
351,3,client14,client14-856b5b5576-d9cj8,linkerd-proxy,725.145
352,3,client10,client10-694b6b97b4-9h5k7,client10,674.8409999999999
353,3,client10,client10-694b6b97b4-9h5k7,linkerd-proxy,674.8380000000002
354,3,client10,client10-694b6b97b4-9h5k7,sidecar,672.9719999999998
355,3,client10,client10-694b6b97b4-9h5k7,linkerd-init,0.0
356,3,orchestrator,policy-enforcer-cb8dccbd8-kc7h5,linkerd-init,0.0
357,3,orchestrator,orchestrator-555f7b7c9d-x6psh,linkerd-proxy,344.49299999999994
358,3,api-gateway,api-gateway-6bf76d45b7-wr226,linkerd-proxy,362.42700000000013
359,3,orchestrator,policy-enforcer-cb8dccbd8-kc7h5,linkerd-proxy,344.41499999999996
360,3,api-gateway,api-gateway-6bf76d45b7-wr226,linkerd-init,0.0
361,3,orchestrator,orchestrator-555f7b7c9d-x6psh,linkerd-init,0.0
362,3,client6,client6-785d875985-44dw6,client6,707.7660000000001
363,3,client6,client6-785d875985-44dw6,linkerd-proxy,707.3610000000003
364,3,client6,client6-785d875985-44dw6,linkerd-init,0.0
365,3,client6,client6-785d875985-44dw6,sidecar,705.489
366,3,client4,client4-744474fb99-2dhnc,sidecar,711.5639999999999
367,3,client4,client4-744474fb99-2dhnc,linkerd-init,0.0
368,3,client4,client4-744474fb99-2dhnc,client4,713.4659999999999
369,3,client4,client4-744474fb99-2dhnc,linkerd-proxy,713.4029999999998
370,3,client17,client17-69b85b5ccf-jjgfq,sidecar,584.9279999999994
371,3,client17,client17-69b85b5ccf-jjgfq,client17,674.8680000000004
372,3,client17,client17-69b85b5ccf-jjgfq,linkerd-proxy,670.875
373,3,client17,client17-69b85b5ccf-jjgfq,linkerd-init,0.0
374,3,client15,client15-79c969ddf-9zmnv,linkerd-init,0.0
375,3,client15,client15-79c969ddf-9zmnv,sidecar,723.8099999999995
376,3,client15,client15-79c969ddf-9zmnv,client15,725.2559999999994
377,3,client15,client15-79c969ddf-9zmnv,linkerd-proxy,725.067
378,3,client9,client9-d68fb99b4-wnklx,linkerd-init,0.0
379,3,client9,client9-d68fb99b4-wnklx,sidecar,550.3289999999997
380,3,client9,client9-d68fb99b4-wnklx,client9,588.0329999999994
381,3,client9,client9-d68fb99b4-wnklx,linkerd-proxy,585.8009999999999
382,3,client5,client5-7d5ff7f8b4-6nn5m,linkerd-proxy,569.3910000000001
383,3,client5,client5-7d5ff7f8b4-6nn5m,sidecar,483.9390000000003
384,3,client5,client5-7d5ff7f8b4-6nn5m,linkerd-init,0.0
385,3,client5,client5-7d5ff7f8b4-6nn5m,client5,572.2170000000001
386,3,client12,client12-79bc8d5846-fg7f4,sidecar,495.0119999999997
387,3,client12,client12-79bc8d5846-fg7f4,client12,654.096
388,3,client12,client12-79bc8d5846-fg7f4,linkerd-proxy,653.9850000000001
389,3,client12,client12-79bc8d5846-fg7f4,linkerd-init,0.0
390,3,client16,client16-6dc7f87f54-k2nz6,linkerd-init,0.0
391,3,client16,client16-6dc7f87f54-k2nz6,client16,683.7539999999999
392,3,client16,client16-6dc7f87f54-k2nz6,sidecar,681.7889999999998
393,3,client16,client16-6dc7f87f54-k2nz6,linkerd-proxy,683.5050000000001
394,3,client2,client2-86cd6d8cf7-hwdsb,sidecar,873.4200000000001
395,3,client2,client2-86cd6d8cf7-hwdsb,client2,875.2289999999998
396,3,client2,client2-86cd6d8cf7-hwdsb,linkerd-proxy,874.9559999999997
397,3,client2,client2-86cd6d8cf7-hwdsb,linkerd-init,0.0
398,3,client3,client3-58c68898cd-zbgmx,client3,789.4170000000004
399,3,client3,client3-58c68898cd-zbgmx,sidecar,787.0799999999999
400,3,client3,client3-58c68898cd-zbgmx,linkerd-init,0.0
401,3,client3,client3-58c68898cd-zbgmx,linkerd-proxy,789.567
402,3,client18,client18-69db77c748-4z4s5,linkerd-init,0.0
403,3,client18,client18-69db77c748-4z4s5,client18,765.768
404,3,client18,client18-69db77c748-4z4s5,sidecar,763.8389999999995
405,3,client18,client18-69db77c748-4z4s5,linkerd-proxy,765.6030000000001
406,3,client7,client7-544486cc98-pnwh6,sidecar,832.3829999999998
407,3,client7,client7-544486cc98-pnwh6,client7,833.9489999999996
408,3,client7,client7-544486cc98-pnwh6,linkerd-proxy,833.616
409,3,client7,client7-544486cc98-pnwh6,linkerd-init,0.0
410,3,client11,client11-565c48c7c7-vg972,sidecar,714.06
411,3,client11,client11-565c48c7c7-vg972,linkerd-proxy,845.73
412,3,client11,client11-565c48c7c7-vg972,client11,845.9490000000001
413,3,client11,client11-565c48c7c7-vg972,linkerd-init,0.0
414,3,client19,client19-56fccdb4d9-7jztj,linkerd-init,0.0
415,3,client19,client19-56fccdb4d9-7jztj,client19,886.569
416,3,client19,client19-56fccdb4d9-7jztj,sidecar,884.6399999999999
417,3,client19,client19-56fccdb4d9-7jztj,linkerd-proxy,886.4160000000002
418,3,client1,client1-7b9db886dd-zwn89,client1,712.1790000000001
419,3,client1,client1-7b9db886dd-zwn89,sidecar,667.0709999999995
420,3,client1,client1-7b9db886dd-zwn89,linkerd-proxy,709.5569999999998
421,3,client1,client1-7b9db886dd-zwn89,linkerd-init,0.0
422,3,client13,client13-7bf86f4f87-gw5cj,sidecar,601.1580000000004
423,3,client13,client13-7bf86f4f87-gw5cj,client13,738.846
424,3,client13,client13-7bf86f4f87-gw5cj,linkerd-init,0.0
425,3,client13,client13-7bf86f4f87-gw5cj,linkerd-proxy,734.1150000000002
426,3,client20,client20-65f8864f77-f7g5b,sidecar,892.944
427,3,client20,client20-65f8864f77-f7g5b,client20,894.8579999999997
428,3,client20,client20-65f8864f77-f7g5b,linkerd-proxy,894.69
429,3,client20,client20-65f8864f77-f7g5b,linkerd-init,0.0
430,3,server,server-656f98b57f-xcc8n,sidecar,506.8380000000002
431,3,server,server-656f98b57f-xcc8n,server,582.807
432,3,orchestrator,orchestrator-555f7b7c9d-x6psh,orchestrator,165.24900000000002
433,3,orchestrator,policy-enforcer-cb8dccbd8-kc7h5,sidecar,274.0920000000003
434,3,orchestrator,orchestrator-555f7b7c9d-x6psh,sidecar,310.491
435,3,orchestrator,policy-enforcer-cb8dccbd8-kc7h5,policy-enforcer,195.10800000000006
436,3,api-gateway,api-gateway-6bf76d45b7-wr226,sidecar,274.98
437,3,api-gateway,api-gateway-6bf76d45b7-wr226,api-gateway,363.7679999999998
438,3,client17,maurits-dijk-07ac9879client171-sp7mj,hfl-train,783.7919999999999
439,3,client17,maurits-dijk-07ac9879client171-sp7mj,hfl-train-model,668.058
440,3,client17,maurits-dijk-07ac9879client171-sp7mj,sidecar,521.2680000000003
441,3,client9,maurits-dijk-07ac9879client91-tpphj,hfl-train,724.5810000000001
442,3,client9,maurits-dijk-07ac9879client91-tpphj,hfl-train-model,581.0430000000001
443,3,client9,maurits-dijk-07ac9879client91-tpphj,sidecar,580.9110000000001
444,3,client5,maurits-dijk-07ac9879client51-2h759,hfl-train-model,566.9760000000001
445,3,client5,maurits-dijk-07ac9879client51-2h759,hfl-train,684.5460000000003
446,3,client5,maurits-dijk-07ac9879client51-2h759,sidecar,480.74099999999976
447,3,client1,maurits-dijk-07ac9879client11-88nrp,hfl-train-model,702.078
448,3,client1,maurits-dijk-07ac9879client11-88nrp,hfl-train,842.415
449,3,client1,maurits-dijk-07ac9879client11-88nrp,sidecar,558.8699999999999
450,3,client13,maurits-dijk-07ac9879client131-49m2m,hfl-train,902.2709999999997
451,3,client13,maurits-dijk-07ac9879client131-49m2m,sidecar,562.155
452,3,client13,maurits-dijk-07ac9879client131-49m2m,hfl-train-model,730.7069999999999
453,3,server,maurits-dijk-07ac9879server1-n7kt8,hfl-train,558.5340000000001
454,3,server,maurits-dijk-07ac9879server1-n7kt8,sidecar,473.42999999999984
455,3,server,maurits-dijk-07ac9879server1-n7kt8,hfl-train-model,823.0620000000004
456,4,server,server-656f98b57f-xcc8n,linkerd-init,0.0
457,4,server,server-656f98b57f-xcc8n,linkerd-proxy,469.9200000000001
458,4,client8,client8-5845965f99-c7gv7,client8,940.5480000000002
459,4,client8,client8-5845965f99-c7gv7,sidecar,798.3690000000006
460,4,client8,client8-5845965f99-c7gv7,linkerd-proxy,940.3380000000002
461,4,client8,client8-5845965f99-c7gv7,linkerd-init,0.0
462,4,client14,client14-856b5b5576-d9cj8,client14,966.0209999999993
463,4,client14,client14-856b5b5576-d9cj8,sidecar,935.5829999999996
464,4,client14,client14-856b5b5576-d9cj8,linkerd-init,0.0
465,4,client14,client14-856b5b5576-d9cj8,linkerd-proxy,965.8229999999999
466,4,client10,client10-694b6b97b4-9h5k7,client10,910.8450000000007
467,4,client10,client10-694b6b97b4-9h5k7,linkerd-proxy,910.9200000000001
468,4,client10,client10-694b6b97b4-9h5k7,sidecar,908.2950000000005
469,4,client10,client10-694b6b97b4-9h5k7,linkerd-init,0.0
470,4,orchestrator,policy-enforcer-cb8dccbd8-kc7h5,linkerd-init,0.0
471,4,orchestrator,orchestrator-555f7b7c9d-x6psh,linkerd-proxy,403.1490000000001
472,4,api-gateway,api-gateway-6bf76d45b7-wr226,linkerd-proxy,422.1600000000001
473,4,orchestrator,policy-enforcer-cb8dccbd8-kc7h5,linkerd-proxy,403.16099999999983
474,4,api-gateway,api-gateway-6bf76d45b7-wr226,linkerd-init,0.0
475,4,orchestrator,orchestrator-555f7b7c9d-x6psh,linkerd-init,0.0
476,4,client6,client6-785d875985-44dw6,client6,839.547
477,4,client6,client6-785d875985-44dw6,linkerd-proxy,839.2769999999996
478,4,client6,client6-785d875985-44dw6,linkerd-init,0.0
479,4,client6,client6-785d875985-44dw6,sidecar,837.1590000000001
480,4,client4,client4-744474fb99-2dhnc,sidecar,830.7539999999999
481,4,client4,client4-744474fb99-2dhnc,linkerd-init,0.0
482,4,client4,client4-744474fb99-2dhnc,client4,833.172
483,4,client4,client4-744474fb99-2dhnc,linkerd-proxy,833.3670000000002
484,4,client17,client17-69b85b5ccf-jjgfq,sidecar,610.2360000000003
485,4,client17,client17-69b85b5ccf-jjgfq,client17,730.4159999999997
486,4,client17,client17-69b85b5ccf-jjgfq,linkerd-proxy,728.7449999999994
487,4,client17,client17-69b85b5ccf-jjgfq,linkerd-init,0.0
488,4,client15,client15-79c969ddf-9zmnv,linkerd-init,0.0
489,4,client15,client15-79c969ddf-9zmnv,sidecar,879.2730000000006
490,4,client15,client15-79c969ddf-9zmnv,client15,880.935
491,4,client15,client15-79c969ddf-9zmnv,linkerd-proxy,880.7850000000008
492,4,client9,client9-d68fb99b4-wnklx,linkerd-init,0.0
493,4,client9,client9-d68fb99b4-wnklx,sidecar,710.4570000000003
494,4,client9,client9-d68fb99b4-wnklx,client9,769.6380000000004
495,4,client9,client9-d68fb99b4-wnklx,linkerd-proxy,769.6440000000002
496,4,client5,client5-7d5ff7f8b4-6nn5m,linkerd-proxy,687.7410000000004
497,4,client5,client5-7d5ff7f8b4-6nn5m,sidecar,559.4159999999997
498,4,client5,client5-7d5ff7f8b4-6nn5m,linkerd-init,0.0
499,4,client5,client5-7d5ff7f8b4-6nn5m,client5,692.6970000000001
500,4,client12,client12-79bc8d5846-fg7f4,sidecar,573.0840000000003
501,4,client12,client12-79bc8d5846-fg7f4,client12,785.9519999999998
502,4,client12,client12-79bc8d5846-fg7f4,linkerd-proxy,785.9520000000002
503,4,client12,client12-79bc8d5846-fg7f4,linkerd-init,0.0
504,4,client16,client16-6dc7f87f54-k2nz6,linkerd-init,0.0
505,4,client16,client16-6dc7f87f54-k2nz6,client16,792.54
506,4,client16,client16-6dc7f87f54-k2nz6,sidecar,790.56
507,4,client16,client16-6dc7f87f54-k2nz6,linkerd-proxy,792.5400000000004
508,4,client2,client2-86cd6d8cf7-hwdsb,sidecar,691.857
509,4,client2,client2-86cd6d8cf7-hwdsb,client2,693.3510000000006
510,4,client2,client2-86cd6d8cf7-hwdsb,linkerd-proxy,693.192
511,4,client2,client2-86cd6d8cf7-hwdsb,linkerd-init,0.0
512,4,client3,client3-58c68898cd-zbgmx,client3,697.1189999999997
513,4,client3,client3-58c68898cd-zbgmx,sidecar,695.067
514,4,client3,client3-58c68898cd-zbgmx,linkerd-init,0.0
515,4,client3,client3-58c68898cd-zbgmx,linkerd-proxy,697.1309999999999
516,4,client18,client18-69db77c748-4z4s5,linkerd-init,0.0
517,4,client18,client18-69db77c748-4z4s5,client18,740.694
518,4,client18,client18-69db77c748-4z4s5,sidecar,739.1820000000002
519,4,client18,client18-69db77c748-4z4s5,linkerd-proxy,740.5499999999997
520,4,client7,client7-544486cc98-pnwh6,sidecar,769.9500000000003
521,4,client7,client7-544486cc98-pnwh6,client7,771.3119999999999
522,4,client7,client7-544486cc98-pnwh6,linkerd-proxy,771.0840000000003
523,4,client7,client7-544486cc98-pnwh6,linkerd-init,0.0
524,4,client11,client11-565c48c7c7-vg972,sidecar,607.3139999999999
525,4,client11,client11-565c48c7c7-vg972,linkerd-proxy,719.232
526,4,client11,client11-565c48c7c7-vg972,client11,719.2200000000003
527,4,client11,client11-565c48c7c7-vg972,linkerd-init,0.0
528,4,client19,client19-56fccdb4d9-7jztj,linkerd-init,0.0
529,4,client19,client19-56fccdb4d9-7jztj,client19,778.7730000000001
530,4,client19,client19-56fccdb4d9-7jztj,sidecar,777.2640000000006
531,4,client19,client19-56fccdb4d9-7jztj,linkerd-proxy,778.6350000000002
532,4,client1,client1-7b9db886dd-zwn89,client1,641.9400000000005
533,4,client1,client1-7b9db886dd-zwn89,sidecar,614.0430000000006
534,4,client1,client1-7b9db886dd-zwn89,linkerd-proxy,641.259
535,4,client1,client1-7b9db886dd-zwn89,linkerd-init,0.0
536,4,client13,client13-7bf86f4f87-gw5cj,sidecar,546.8279999999995
537,4,client13,client13-7bf86f4f87-gw5cj,client13,660.2729999999997
538,4,client13,client13-7bf86f4f87-gw5cj,linkerd-init,0.0
539,4,client13,client13-7bf86f4f87-gw5cj,linkerd-proxy,656.7389999999996
540,4,client20,client20-65f8864f77-f7g5b,sidecar,756.7319999999995
541,4,client20,client20-65f8864f77-f7g5b,client20,758.0939999999991
542,4,client20,client20-65f8864f77-f7g5b,linkerd-proxy,758.0489999999991
543,4,client20,client20-65f8864f77-f7g5b,linkerd-init,0.0
544,4,server,server-656f98b57f-xcc8n,sidecar,393.2549999999999
545,4,server,server-656f98b57f-xcc8n,server,483.9180000000001
546,4,orchestrator,orchestrator-555f7b7c9d-x6psh,orchestrator,300.19799999999987
547,4,orchestrator,policy-enforcer-cb8dccbd8-kc7h5,sidecar,317.81399999999985
548,4,orchestrator,orchestrator-555f7b7c9d-x6psh,sidecar,392.8410000000001
549,4,orchestrator,policy-enforcer-cb8dccbd8-kc7h5,policy-enforcer,314.8739999999998
550,4,api-gateway,api-gateway-6bf76d45b7-wr226,sidecar,383.59199999999987
551,4,api-gateway,api-gateway-6bf76d45b7-wr226,api-gateway,419.1750000000002
552,4,client17,maurits-dijk-07ac9879client171-sp7mj,hfl-train,856.9110000000001
553,4,client17,maurits-dijk-07ac9879client171-sp7mj,hfl-train-model,725.2259999999997
554,4,client17,maurits-dijk-07ac9879client171-sp7mj,sidecar,658.6049999999996
555,4,client9,maurits-dijk-07ac9879client91-tpphj,hfl-train,909.2550000000006
556,4,client9,maurits-dijk-07ac9879client91-tpphj,hfl-train-model,762.9780000000001
557,4,client9,maurits-dijk-07ac9879client91-tpphj,sidecar,677.3309999999997
558,4,client5,maurits-dijk-07ac9879client51-2h759,hfl-train-model,685.6890000000003
559,4,client5,maurits-dijk-07ac9879client51-2h759,hfl-train,814.9589999999998
560,4,client5,maurits-dijk-07ac9879client51-2h759,sidecar,639.2550000000001
561,4,client1,maurits-dijk-07ac9879client11-88nrp,hfl-train-model,635.3159999999998
562,4,client1,maurits-dijk-07ac9879client11-88nrp,hfl-train,776.1720000000005
563,4,client1,maurits-dijk-07ac9879client11-88nrp,sidecar,559.7819999999997
564,4,client13,maurits-dijk-07ac9879client131-49m2m,hfl-train,826.1460000000002
565,4,client13,maurits-dijk-07ac9879client131-49m2m,sidecar,574.8989999999999
566,4,client13,maurits-dijk-07ac9879client131-49m2m,hfl-train-model,653.8020000000001
567,4,server,maurits-dijk-07ac9879server1-n7kt8,hfl-train,465.68100000000004
568,4,server,maurits-dijk-07ac9879server1-n7kt8,sidecar,414.75900000000047
569,4,server,maurits-dijk-07ac9879server1-n7kt8,hfl-train-model,770.5169999999998
570,5,server,server-656f98b57f-xcc8n,linkerd-init,0.0
571,5,server,server-656f98b57f-xcc8n,linkerd-proxy,581.8559999999998
572,5,client8,client8-5845965f99-c7gv7,client8,772.692
573,5,client8,client8-5845965f99-c7gv7,sidecar,698.8679999999995
574,5,client8,client8-5845965f99-c7gv7,linkerd-proxy,772.4099999999999
575,5,client8,client8-5845965f99-c7gv7,linkerd-init,0.0
576,5,client14,client14-856b5b5576-d9cj8,client14,703.7850000000008
577,5,client14,client14-856b5b5576-d9cj8,sidecar,695.6100000000006
578,5,client14,client14-856b5b5576-d9cj8,linkerd-init,0.0
579,5,client14,client14-856b5b5576-d9cj8,linkerd-proxy,703.4519999999993
580,5,client10,client10-694b6b97b4-9h5k7,client10,717.4859999999999
581,5,client10,client10-694b6b97b4-9h5k7,linkerd-proxy,717.558
582,5,client10,client10-694b6b97b4-9h5k7,sidecar,715.4099999999999
583,5,client10,client10-694b6b97b4-9h5k7,linkerd-init,0.0
584,5,orchestrator,policy-enforcer-cb8dccbd8-kc7h5,linkerd-init,0.0
585,5,orchestrator,orchestrator-555f7b7c9d-x6psh,linkerd-proxy,342.0239999999999
586,5,api-gateway,api-gateway-6bf76d45b7-wr226,linkerd-proxy,360.5609999999997
587,5,orchestrator,policy-enforcer-cb8dccbd8-kc7h5,linkerd-proxy,341.9640000000004
588,5,api-gateway,api-gateway-6bf76d45b7-wr226,linkerd-init,0.0
589,5,orchestrator,orchestrator-555f7b7c9d-x6psh,linkerd-init,0.0
590,5,client6,client6-785d875985-44dw6,client6,783.2460000000001
591,5,client6,client6-785d875985-44dw6,linkerd-proxy,782.9220000000005
592,5,client6,client6-785d875985-44dw6,linkerd-init,0.0
593,5,client6,client6-785d875985-44dw6,sidecar,781.3530000000001
594,5,client4,client4-744474fb99-2dhnc,sidecar,678.4290000000001
595,5,client4,client4-744474fb99-2dhnc,linkerd-init,0.0
596,5,client4,client4-744474fb99-2dhnc,client4,680.5950000000003
597,5,client4,client4-744474fb99-2dhnc,linkerd-proxy,680.46
598,5,client17,client17-69b85b5ccf-jjgfq,sidecar,516.2310000000002
599,5,client17,client17-69b85b5ccf-jjgfq,client17,625.815000000001
600,5,client17,client17-69b85b5ccf-jjgfq,linkerd-proxy,622.4670000000006
601,5,client17,client17-69b85b5ccf-jjgfq,linkerd-init,0.0
602,5,client15,client15-79c969ddf-9zmnv,linkerd-init,0.0
603,5,client15,client15-79c969ddf-9zmnv,sidecar,748.5929999999989
604,5,client15,client15-79c969ddf-9zmnv,client15,750.1049999999996
605,5,client15,client15-79c969ddf-9zmnv,linkerd-proxy,749.8559999999989
606,5,client9,client9-d68fb99b4-wnklx,linkerd-init,0.0
607,5,client9,client9-d68fb99b4-wnklx,sidecar,588.5789999999997
608,5,client9,client9-d68fb99b4-wnklx,client9,622.5120000000002
609,5,client9,client9-d68fb99b4-wnklx,linkerd-proxy,620.4689999999996
610,5,client5,client5-7d5ff7f8b4-6nn5m,linkerd-proxy,595.1730000000002
611,5,client5,client5-7d5ff7f8b4-6nn5m,sidecar,458.97900000000027
612,5,client5,client5-7d5ff7f8b4-6nn5m,linkerd-init,0.0
613,5,client5,client5-7d5ff7f8b4-6nn5m,client5,598.9440000000004
614,5,client12,client12-79bc8d5846-fg7f4,sidecar,502.50599999999986
615,5,client12,client12-79bc8d5846-fg7f4,client12,667.1010000000006
616,5,client12,client12-79bc8d5846-fg7f4,linkerd-proxy,666.8249999999998
617,5,client12,client12-79bc8d5846-fg7f4,linkerd-init,0.0
618,5,client16,client16-6dc7f87f54-k2nz6,linkerd-init,0.0
619,5,client16,client16-6dc7f87f54-k2nz6,client16,859.8899999999994
620,5,client16,client16-6dc7f87f54-k2nz6,sidecar,857.5500000000002
621,5,client16,client16-6dc7f87f54-k2nz6,linkerd-proxy,859.8090000000002
622,5,client2,client2-86cd6d8cf7-hwdsb,sidecar,843.594
623,5,client2,client2-86cd6d8cf7-hwdsb,client2,845.3429999999998
624,5,client2,client2-86cd6d8cf7-hwdsb,linkerd-proxy,845.1899999999996
625,5,client2,client2-86cd6d8cf7-hwdsb,linkerd-init,0.0
626,5,client3,client3-58c68898cd-zbgmx,client3,808.5929999999998
627,5,client3,client3-58c68898cd-zbgmx,sidecar,806.1360000000004
628,5,client3,client3-58c68898cd-zbgmx,linkerd-init,0.0
629,5,client3,client3-58c68898cd-zbgmx,linkerd-proxy,808.7429999999995
630,5,client18,client18-69db77c748-4z4s5,linkerd-init,0.0
631,5,client18,client18-69db77c748-4z4s5,client18,899.1780000000003
632,5,client18,client18-69db77c748-4z4s5,sidecar,897.2460000000001
633,5,client18,client18-69db77c748-4z4s5,linkerd-proxy,898.902
634,5,client7,client7-544486cc98-pnwh6,sidecar,823.0680000000002
635,5,client7,client7-544486cc98-pnwh6,client7,824.8290000000006
636,5,client7,client7-544486cc98-pnwh6,linkerd-proxy,824.4539999999997
637,5,client7,client7-544486cc98-pnwh6,linkerd-init,0.0
638,5,client11,client11-565c48c7c7-vg972,sidecar,677.3640000000005
639,5,client11,client11-565c48c7c7-vg972,linkerd-proxy,774.4110000000001
640,5,client11,client11-565c48c7c7-vg972,client11,774.4319999999998
641,5,client11,client11-565c48c7c7-vg972,linkerd-init,0.0
642,5,client19,client19-56fccdb4d9-7jztj,linkerd-init,0.0
643,5,client19,client19-56fccdb4d9-7jztj,client19,832.8959999999997
644,5,client19,client19-56fccdb4d9-7jztj,sidecar,831.0089999999991
645,5,client19,client19-56fccdb4d9-7jztj,linkerd-proxy,832.7519999999995
646,5,client1,client1-7b9db886dd-zwn89,client1,737.7719999999999
647,5,client1,client1-7b9db886dd-zwn89,sidecar,703.5209999999997
648,5,client1,client1-7b9db886dd-zwn89,linkerd-proxy,736.5239999999999
649,5,client1,client1-7b9db886dd-zwn89,linkerd-init,0.0
650,5,client13,client13-7bf86f4f87-gw5cj,sidecar,622.1820000000002
651,5,client13,client13-7bf86f4f87-gw5cj,client13,736.884
652,5,client13,client13-7bf86f4f87-gw5cj,linkerd-init,0.0
653,5,client13,client13-7bf86f4f87-gw5cj,linkerd-proxy,734.5080000000003
654,5,client20,client20-65f8864f77-f7g5b,sidecar,816.3030000000008
655,5,client20,client20-65f8864f77-f7g5b,client20,818.1090000000004
656,5,client20,client20-65f8864f77-f7g5b,linkerd-proxy,817.9080000000013
657,5,client20,client20-65f8864f77-f7g5b,linkerd-init,0.0
658,5,server,server-656f98b57f-xcc8n,sidecar,538.0860000000002
659,5,server,server-656f98b57f-xcc8n,server,590.991
660,5,orchestrator,orchestrator-555f7b7c9d-x6psh,orchestrator,195.6600000000003
661,5,orchestrator,policy-enforcer-cb8dccbd8-kc7h5,sidecar,316.9409999999998
662,5,orchestrator,orchestrator-555f7b7c9d-x6psh,sidecar,319.68899999999985
663,5,orchestrator,policy-enforcer-cb8dccbd8-kc7h5,policy-enforcer,195.64800000000014
664,5,api-gateway,api-gateway-6bf76d45b7-wr226,sidecar,271.02300000000014
665,5,api-gateway,api-gateway-6bf76d45b7-wr226,api-gateway,360.65099999999984
666,5,client17,maurits-dijk-07ac9879client171-sp7mj,hfl-train,757.0410000000002
667,5,client17,maurits-dijk-07ac9879client171-sp7mj,hfl-train-model,619.386
668,5,client17,maurits-dijk-07ac9879client171-sp7mj,sidecar,485.2950000000001
669,5,client9,maurits-dijk-07ac9879client91-tpphj,hfl-train,760.0739999999996
670,5,client9,maurits-dijk-07ac9879client91-tpphj,hfl-train-model,616.0170000000007
671,5,client9,maurits-dijk-07ac9879client91-tpphj,sidecar,602.694
672,5,client5,maurits-dijk-07ac9879client51-2h759,hfl-train-model,592.989
673,5,client5,maurits-dijk-07ac9879client51-2h759,hfl-train,727.2780000000002
674,5,client5,maurits-dijk-07ac9879client51-2h759,sidecar,448.72800000000007
675,5,client1,maurits-dijk-07ac9879client11-88nrp,hfl-train-model,730.7670000000007
676,5,client1,maurits-dijk-07ac9879client11-88nrp,hfl-train,848.9579999999996
677,5,client1,maurits-dijk-07ac9879client11-88nrp,sidecar,593.913
678,5,client13,maurits-dijk-07ac9879client131-49m2m,hfl-train,904.9620000000004
679,5,client13,maurits-dijk-07ac9879client131-49m2m,sidecar,592.4160000000002
680,5,client13,maurits-dijk-07ac9879client131-49m2m,hfl-train-model,730.9919999999997
681,5,server,maurits-dijk-07ac9879server1-n7kt8,hfl-train,576.9960000000001
682,5,server,maurits-dijk-07ac9879server1-n7kt8,sidecar,517.7909999999997
683,5,server,maurits-dijk-07ac9879server1-n7kt8,hfl-train-model,900.9750000000004
684,6,server,server-656f98b57f-xcc8n,linkerd-init,0.0
685,6,server,server-656f98b57f-xcc8n,linkerd-proxy,466.56600000000026
686,6,client8,client8-5845965f99-c7gv7,client8,849.768
687,6,client8,client8-5845965f99-c7gv7,sidecar,771.9330000000009
688,6,client8,client8-5845965f99-c7gv7,linkerd-proxy,849.4769999999999
689,6,client8,client8-5845965f99-c7gv7,linkerd-init,0.0
690,6,client14,client14-856b5b5576-d9cj8,client14,911.8620000000001
691,6,client14,client14-856b5b5576-d9cj8,sidecar,909.5879999999997
692,6,client14,client14-856b5b5576-d9cj8,linkerd-init,0.0
693,6,client14,client14-856b5b5576-d9cj8,linkerd-proxy,911.3850000000002
694,6,client10,client10-694b6b97b4-9h5k7,client10,749.1059999999998
695,6,client10,client10-694b6b97b4-9h5k7,linkerd-proxy,749.2560000000003
696,6,client10,client10-694b6b97b4-9h5k7,sidecar,746.7660000000005
697,6,client10,client10-694b6b97b4-9h5k7,linkerd-init,0.0
698,6,orchestrator,policy-enforcer-cb8dccbd8-kc7h5,linkerd-init,0.0
699,6,orchestrator,orchestrator-555f7b7c9d-x6psh,linkerd-proxy,411.3330000000001
700,6,api-gateway,api-gateway-6bf76d45b7-wr226,linkerd-proxy,429.63599999999997
701,6,orchestrator,policy-enforcer-cb8dccbd8-kc7h5,linkerd-proxy,411.2999999999997
702,6,api-gateway,api-gateway-6bf76d45b7-wr226,linkerd-init,0.0
703,6,orchestrator,orchestrator-555f7b7c9d-x6psh,linkerd-init,0.0
704,6,client6,client6-785d875985-44dw6,client6,819.027
705,6,client6,client6-785d875985-44dw6,linkerd-proxy,818.6549999999997
706,6,client6,client6-785d875985-44dw6,linkerd-init,0.0
707,6,client6,client6-785d875985-44dw6,sidecar,817.0020000000004
708,6,client4,client4-744474fb99-2dhnc,sidecar,972.8850000000002
709,6,client4,client4-744474fb99-2dhnc,linkerd-init,0.0
710,6,client4,client4-744474fb99-2dhnc,client4,975.4920000000002
711,6,client4,client4-744474fb99-2dhnc,linkerd-proxy,975.3720000000003
712,6,client17,client17-69b85b5ccf-jjgfq,sidecar,701.3790000000004
713,6,client17,client17-69b85b5ccf-jjgfq,client17,750.0989999999993
714,6,client17,client17-69b85b5ccf-jjgfq,linkerd-proxy,747.6480000000001
715,6,client17,client17-69b85b5ccf-jjgfq,linkerd-init,0.0
716,6,client15,client15-79c969ddf-9zmnv,linkerd-init,0.0
717,6,client15,client15-79c969ddf-9zmnv,sidecar,814.9050000000007
718,6,client15,client15-79c969ddf-9zmnv,client15,816.6690000000008
719,6,client15,client15-79c969ddf-9zmnv,linkerd-proxy,816.3990000000003
720,6,client9,client9-d68fb99b4-wnklx,linkerd-init,0.0
721,6,client9,client9-d68fb99b4-wnklx,sidecar,719.2590000000005
722,6,client9,client9-d68fb99b4-wnklx,client9,777.2669999999998
723,6,client9,client9-d68fb99b4-wnklx,linkerd-proxy,775.5330000000004
724,6,client5,client5-7d5ff7f8b4-6nn5m,linkerd-proxy,589.1219999999994
725,6,client5,client5-7d5ff7f8b4-6nn5m,sidecar,477.27899999999954
726,6,client5,client5-7d5ff7f8b4-6nn5m,linkerd-init,0.0
727,6,client5,client5-7d5ff7f8b4-6nn5m,client5,593.0879999999997
728,6,client12,client12-79bc8d5846-fg7f4,sidecar,584.8920000000007
729,6,client12,client12-79bc8d5846-fg7f4,client12,661.0109999999995
730,6,client12,client12-79bc8d5846-fg7f4,linkerd-proxy,660.8400000000001
731,6,client12,client12-79bc8d5846-fg7f4,linkerd-init,0.0
732,6,client16,client16-6dc7f87f54-k2nz6,linkerd-init,0.0
733,6,client16,client16-6dc7f87f54-k2nz6,client16,758.844
734,6,client16,client16-6dc7f87f54-k2nz6,sidecar,756.8040000000001
735,6,client16,client16-6dc7f87f54-k2nz6,linkerd-proxy,758.9939999999997
736,6,client2,client2-86cd6d8cf7-hwdsb,sidecar,679.8329999999996
737,6,client2,client2-86cd6d8cf7-hwdsb,client2,681.4289999999992
738,6,client2,client2-86cd6d8cf7-hwdsb,linkerd-proxy,681.2040000000006
739,6,client2,client2-86cd6d8cf7-hwdsb,linkerd-init,0.0
740,6,client3,client3-58c68898cd-zbgmx,client3,751.1639999999998
741,6,client3,client3-58c68898cd-zbgmx,sidecar,749.1509999999998
742,6,client3,client3-58c68898cd-zbgmx,linkerd-init,0.0
743,6,client3,client3-58c68898cd-zbgmx,linkerd-proxy,751.1490000000013
744,6,client18,client18-69db77c748-4z4s5,linkerd-init,0.0
745,6,client18,client18-69db77c748-4z4s5,client18,745.1579999999994
746,6,client18,client18-69db77c748-4z4s5,sidecar,743.5590000000002
747,6,client18,client18-69db77c748-4z4s5,linkerd-proxy,744.8760000000002
748,6,client7,client7-544486cc98-pnwh6,sidecar,667.6679999999997
749,6,client7,client7-544486cc98-pnwh6,client7,669.0990000000002
750,6,client7,client7-544486cc98-pnwh6,linkerd-proxy,668.8740000000007
751,6,client7,client7-544486cc98-pnwh6,linkerd-init,0.0
752,6,client11,client11-565c48c7c7-vg972,sidecar,554.9189999999999
753,6,client11,client11-565c48c7c7-vg972,linkerd-proxy,637.4099999999999
754,6,client11,client11-565c48c7c7-vg972,client11,637.518
755,6,client11,client11-565c48c7c7-vg972,linkerd-init,0.0
756,6,client19,client19-56fccdb4d9-7jztj,linkerd-init,0.0
757,6,client19,client19-56fccdb4d9-7jztj,client19,671.3369999999995
758,6,client19,client19-56fccdb4d9-7jztj,sidecar,669.8339999999998
759,6,client19,client19-56fccdb4d9-7jztj,linkerd-proxy,671.1750000000002
760,6,client1,client1-7b9db886dd-zwn89,client1,604.8809999999994
761,6,client1,client1-7b9db886dd-zwn89,sidecar,574.5450000000001
762,6,client1,client1-7b9db886dd-zwn89,linkerd-proxy,601.9799999999996
763,6,client1,client1-7b9db886dd-zwn89,linkerd-init,0.0
764,6,client13,client13-7bf86f4f87-gw5cj,sidecar,574.9620000000004
765,6,client13,client13-7bf86f4f87-gw5cj,client13,641.094
766,6,client13,client13-7bf86f4f87-gw5cj,linkerd-init,0.0
767,6,client13,client13-7bf86f4f87-gw5cj,linkerd-proxy,636.7529999999997
768,6,client20,client20-65f8864f77-f7g5b,sidecar,688.4009999999998
769,6,client20,client20-65f8864f77-f7g5b,client20,689.8830000000007
770,6,client20,client20-65f8864f77-f7g5b,linkerd-proxy,689.7449999999999
771,6,client20,client20-65f8864f77-f7g5b,linkerd-init,0.0
772,6,server,server-656f98b57f-xcc8n,sidecar,415.22400000000016
773,6,server,server-656f98b57f-xcc8n,server,484.1819999999998
774,6,orchestrator,orchestrator-555f7b7c9d-x6psh,orchestrator,321.6089999999997
775,6,orchestrator,policy-enforcer-cb8dccbd8-kc7h5,sidecar,410.4210000000003
776,6,orchestrator,orchestrator-555f7b7c9d-x6psh,sidecar,405.39300000000003
777,6,orchestrator,policy-enforcer-cb8dccbd8-kc7h5,policy-enforcer,317.49299999999994
778,6,api-gateway,api-gateway-6bf76d45b7-wr226,sidecar,366.0329999999999
779,6,api-gateway,api-gateway-6bf76d45b7-wr226,api-gateway,429.8100000000004
780,6,client17,maurits-dijk-07ac9879client171-sp7mj,hfl-train,863.0969999999998
781,6,client17,maurits-dijk-07ac9879client171-sp7mj,hfl-train-model,744.6330000000007
782,6,client17,maurits-dijk-07ac9879client171-sp7mj,sidecar,729.933
783,6,client9,maurits-dijk-07ac9879client91-tpphj,hfl-train,891.1800000000003
784,6,client9,maurits-dijk-07ac9879client91-tpphj,hfl-train-model,769.4219999999996
785,6,client9,maurits-dijk-07ac9879client91-tpphj,sidecar,717.4530000000004
786,6,client5,maurits-dijk-07ac9879client51-2h759,hfl-train-model,586.7399999999998
787,6,client5,maurits-dijk-07ac9879client51-2h759,hfl-train,702.4319999999998
788,6,client5,maurits-dijk-07ac9879client51-2h759,sidecar,535.0049999999997
789,6,client1,maurits-dijk-07ac9879client11-88nrp,hfl-train-model,596.4629999999997
790,6,client1,maurits-dijk-07ac9879client11-88nrp,hfl-train,715.7280000000001
791,6,client1,maurits-dijk-07ac9879client11-88nrp,sidecar,513.48
792,6,client13,maurits-dijk-07ac9879client131-49m2m,hfl-train,808.5029999999997
793,6,client13,maurits-dijk-07ac9879client131-49m2m,sidecar,606.3509999999997
794,6,client13,maurits-dijk-07ac9879client131-49m2m,hfl-train-model,633.4800000000005
795,6,server,maurits-dijk-07ac9879server1-n7kt8,hfl-train,461.79299999999967
796,6,server,maurits-dijk-07ac9879server1-n7kt8,sidecar,372.8130000000001
797,6,server,maurits-dijk-07ac9879server1-n7kt8,hfl-train-model,764.4329999999991
798,7,server,server-656f98b57f-xcc8n,linkerd-init,0.0
799,7,server,server-656f98b57f-xcc8n,linkerd-proxy,503.1689999999994
800,7,client8,client8-5845965f99-c7gv7,client8,679.9110000000001
801,7,client8,client8-5845965f99-c7gv7,sidecar,617.7239999999993
802,7,client8,client8-5845965f99-c7gv7,linkerd-proxy,679.6590000000006
803,7,client8,client8-5845965f99-c7gv7,linkerd-init,0.0
804,7,client14,client14-856b5b5576-d9cj8,client14,691.2690000000002
805,7,client14,client14-856b5b5576-d9cj8,sidecar,689.4899999999998
806,7,client14,client14-856b5b5576-d9cj8,linkerd-init,0.0
807,7,client14,client14-856b5b5576-d9cj8,linkerd-proxy,691.0410000000002
808,7,client10,client10-694b6b97b4-9h5k7,client10,744.0060000000003
809,7,client10,client10-694b6b97b4-9h5k7,linkerd-proxy,743.8409999999994
810,7,client10,client10-694b6b97b4-9h5k7,sidecar,741.9269999999997
811,7,client10,client10-694b6b97b4-9h5k7,linkerd-init,0.0
812,7,orchestrator,policy-enforcer-cb8dccbd8-kc7h5,linkerd-init,0.0
813,7,orchestrator,orchestrator-555f7b7c9d-x6psh,linkerd-proxy,340.80600000000004
814,7,api-gateway,api-gateway-6bf76d45b7-wr226,linkerd-proxy,358.2840000000001
815,7,orchestrator,policy-enforcer-cb8dccbd8-kc7h5,linkerd-proxy,340.76099999999997
816,7,api-gateway,api-gateway-6bf76d45b7-wr226,linkerd-init,0.0
817,7,orchestrator,orchestrator-555f7b7c9d-x6psh,linkerd-init,0.0
818,7,client6,client6-785d875985-44dw6,client6,740.607
819,7,client6,client6-785d875985-44dw6,linkerd-proxy,740.3220000000001
820,7,client6,client6-785d875985-44dw6,linkerd-init,0.0
821,7,client6,client6-785d875985-44dw6,sidecar,738.6629999999996
822,7,client4,client4-744474fb99-2dhnc,sidecar,670.1940000000004
823,7,client4,client4-744474fb99-2dhnc,linkerd-init,0.0
824,7,client4,client4-744474fb99-2dhnc,client4,672.293999999999
825,7,client4,client4-744474fb99-2dhnc,linkerd-proxy,672.2189999999991
826,7,client17,client17-69b85b5ccf-jjgfq,sidecar,561.2309999999998
827,7,client17,client17-69b85b5ccf-jjgfq,client17,644.1840000000002
828,7,client17,client17-69b85b5ccf-jjgfq,linkerd-proxy,641.6579999999994
829,7,client17,client17-69b85b5ccf-jjgfq,linkerd-init,0.0
830,7,client15,client15-79c969ddf-9zmnv,linkerd-init,0.0
831,7,client15,client15-79c969ddf-9zmnv,sidecar,722.4269999999997
832,7,client15,client15-79c969ddf-9zmnv,client15,723.8940000000002
833,7,client15,client15-79c969ddf-9zmnv,linkerd-proxy,723.7080000000005
834,7,client9,client9-d68fb99b4-wnklx,linkerd-init,0.0
835,7,client9,client9-d68fb99b4-wnklx,sidecar,503.60400000000027
836,7,client9,client9-d68fb99b4-wnklx,client9,667.6620000000003
837,7,client9,client9-d68fb99b4-wnklx,linkerd-proxy,665.7539999999999
838,7,client5,client5-7d5ff7f8b4-6nn5m,linkerd-proxy,733.6710000000003
839,7,client5,client5-7d5ff7f8b4-6nn5m,sidecar,627.1650000000009
840,7,client5,client5-7d5ff7f8b4-6nn5m,linkerd-init,0.0
841,7,client5,client5-7d5ff7f8b4-6nn5m,client5,737.6580000000004
842,7,client12,client12-79bc8d5846-fg7f4,sidecar,709.0319999999992
843,7,client12,client12-79bc8d5846-fg7f4,client12,787.7340000000004
844,7,client12,client12-79bc8d5846-fg7f4,linkerd-proxy,787.5389999999998
845,7,client12,client12-79bc8d5846-fg7f4,linkerd-init,0.0
846,7,client16,client16-6dc7f87f54-k2nz6,linkerd-init,0.0
847,7,client16,client16-6dc7f87f54-k2nz6,client16,877.5120000000006
848,7,client16,client16-6dc7f87f54-k2nz6,sidecar,875.085
849,7,client16,client16-6dc7f87f54-k2nz6,linkerd-proxy,877.3320000000003
850,7,client2,client2-86cd6d8cf7-hwdsb,sidecar,834.1470000000008
851,7,client2,client2-86cd6d8cf7-hwdsb,client2,835.9890000000005
852,7,client2,client2-86cd6d8cf7-hwdsb,linkerd-proxy,835.7429999999995
853,7,client2,client2-86cd6d8cf7-hwdsb,linkerd-init,0.0
854,7,client3,client3-58c68898cd-zbgmx,client3,851.0130000000008
855,7,client3,client3-58c68898cd-zbgmx,sidecar,848.5470000000005
856,7,client3,client3-58c68898cd-zbgmx,linkerd-init,0.0
857,7,client3,client3-58c68898cd-zbgmx,linkerd-proxy,851.0579999999991
858,7,client18,client18-69db77c748-4z4s5,linkerd-init,0.0
859,7,client18,client18-69db77c748-4z4s5,client18,807.3480000000009
860,7,client18,client18-69db77c748-4z4s5,sidecar,805.5240000000003
861,7,client18,client18-69db77c748-4z4s5,linkerd-proxy,807.2129999999997
862,7,client7,client7-544486cc98-pnwh6,sidecar,806.8500000000004
863,7,client7,client7-544486cc98-pnwh6,client7,808.5569999999989
864,7,client7,client7-544486cc98-pnwh6,linkerd-proxy,808.3319999999994
865,7,client7,client7-544486cc98-pnwh6,linkerd-init,0.0
866,7,client11,client11-565c48c7c7-vg972,sidecar,673.0590000000002
867,7,client11,client11-565c48c7c7-vg972,linkerd-proxy,841.6589999999997
868,7,client11,client11-565c48c7c7-vg972,client11,841.8989999999994
869,7,client11,client11-565c48c7c7-vg972,linkerd-init,0.0
870,7,client19,client19-56fccdb4d9-7jztj,linkerd-init,0.0
871,7,client19,client19-56fccdb4d9-7jztj,client19,812.6250000000009
872,7,client19,client19-56fccdb4d9-7jztj,sidecar,810.7980000000007
873,7,client19,client19-56fccdb4d9-7jztj,linkerd-proxy,812.4750000000004
874,7,client1,client1-7b9db886dd-zwn89,client1,756.4290000000001
875,7,client1,client1-7b9db886dd-zwn89,sidecar,738.4679999999998
876,7,client1,client1-7b9db886dd-zwn89,linkerd-proxy,756.1530000000002
877,7,client1,client1-7b9db886dd-zwn89,linkerd-init,0.0
878,7,client13,client13-7bf86f4f87-gw5cj,sidecar,659.6399999999994
879,7,client13,client13-7bf86f4f87-gw5cj,client13,750.3119999999999
880,7,client13,client13-7bf86f4f87-gw5cj,linkerd-init,0.0
881,7,client13,client13-7bf86f4f87-gw5cj,linkerd-proxy,745.1489999999994
882,7,client20,client20-65f8864f77-f7g5b,sidecar,825.4949999999999
883,7,client20,client20-65f8864f77-f7g5b,client20,827.1090000000004
884,7,client20,client20-65f8864f77-f7g5b,linkerd-proxy,827.0730000000003
885,7,client20,client20-65f8864f77-f7g5b,linkerd-init,0.0
886,7,server,server-656f98b57f-xcc8n,sidecar,472.11599999999953
887,7,server,server-656f98b57f-xcc8n,server,516.2370000000005
888,7,orchestrator,orchestrator-555f7b7c9d-x6psh,orchestrator,228.144
889,7,orchestrator,policy-enforcer-cb8dccbd8-kc7h5,sidecar,325.87800000000016
890,7,orchestrator,orchestrator-555f7b7c9d-x6psh,sidecar,305.73600000000033
891,7,orchestrator,policy-enforcer-cb8dccbd8-kc7h5,policy-enforcer,181.6980000000001
892,7,api-gateway,api-gateway-6bf76d45b7-wr226,sidecar,283.02300000000014
893,7,api-gateway,api-gateway-6bf76d45b7-wr226,api-gateway,366.85199999999986
894,7,client17,maurits-dijk-07ac9879client171-sp7mj,hfl-train,754.6380000000008
895,7,client17,maurits-dijk-07ac9879client171-sp7mj,hfl-train-model,638.5799999999999
896,7,client17,maurits-dijk-07ac9879client171-sp7mj,sidecar,489.33300000000054
897,7,client9,maurits-dijk-07ac9879client91-tpphj,hfl-train,809.3490000000002
898,7,client9,maurits-dijk-07ac9879client91-tpphj,hfl-train-model,661.3649999999998
899,7,client9,maurits-dijk-07ac9879client91-tpphj,sidecar,586.3109999999997
900,7,client5,maurits-dijk-07ac9879client51-2h759,hfl-train-model,731.5349999999999
901,7,client5,maurits-dijk-07ac9879client51-2h759,hfl-train,846.6210000000001
902,7,client5,maurits-dijk-07ac9879client51-2h759,sidecar,668.4689999999996
903,7,client1,maurits-dijk-07ac9879client11-88nrp,hfl-train-model,750.7139999999999
904,7,client1,maurits-dijk-07ac9879client11-88nrp,hfl-train,868.5870000000004
905,7,client1,maurits-dijk-07ac9879client11-88nrp,sidecar,532.1429999999996
906,7,client13,maurits-dijk-07ac9879client131-49m2m,hfl-train,917.4180000000006
907,7,client13,maurits-dijk-07ac9879client131-49m2m,sidecar,604.4340000000002
908,7,client13,maurits-dijk-07ac9879client131-49m2m,hfl-train-model,742.0320000000002
909,7,server,maurits-dijk-07ac9879server1-n7kt8,hfl-train,499.13700000000017
910,7,server,maurits-dijk-07ac9879server1-n7kt8,sidecar,416.5949999999998
911,7,server,maurits-dijk-07ac9879server1-n7kt8,hfl-train-model,826.353000000001
912,8,server,server-656f98b57f-xcc8n,linkerd-init,0.0
913,8,server,server-656f98b57f-xcc8n,linkerd-proxy,597.9450000000006
914,8,client8,client8-5845965f99-c7gv7,client8,825.741
915,8,client8,client8-5845965f99-c7gv7,sidecar,743.3159999999998
916,8,client8,client8-5845965f99-c7gv7,linkerd-proxy,825.3599999999988
917,8,client8,client8-5845965f99-c7gv7,linkerd-init,0.0
918,8,client14,client14-856b5b5576-d9cj8,client14,909.5999999999995
919,8,client14,client14-856b5b5576-d9cj8,sidecar,907.5840000000007
920,8,client14,client14-856b5b5576-d9cj8,linkerd-init,0.0
921,8,client14,client14-856b5b5576-d9cj8,linkerd-proxy,909.3029999999999
922,8,client10,client10-694b6b97b4-9h5k7,client10,804.2639999999992
923,8,client10,client10-694b6b97b4-9h5k7,linkerd-proxy,804.3689999999997
924,8,client10,client10-694b6b97b4-9h5k7,sidecar,801.8279999999995
925,8,client10,client10-694b6b97b4-9h5k7,linkerd-init,0.0
926,8,orchestrator,policy-enforcer-cb8dccbd8-kc7h5,linkerd-init,0.0
927,8,orchestrator,orchestrator-555f7b7c9d-x6psh,linkerd-proxy,408.9749999999999
928,8,api-gateway,api-gateway-6bf76d45b7-wr226,linkerd-proxy,428.71799999999985
929,8,orchestrator,policy-enforcer-cb8dccbd8-kc7h5,linkerd-proxy,408.8880000000004
930,8,api-gateway,api-gateway-6bf76d45b7-wr226,linkerd-init,0.0
931,8,orchestrator,orchestrator-555f7b7c9d-x6psh,linkerd-init,0.0
932,8,client6,client6-785d875985-44dw6,client6,798.7739999999994
933,8,client6,client6-785d875985-44dw6,linkerd-proxy,798.3959999999997
934,8,client6,client6-785d875985-44dw6,linkerd-init,0.0
935,8,client6,client6-785d875985-44dw6,sidecar,796.1099999999997
936,8,client4,client4-744474fb99-2dhnc,sidecar,938.991
937,8,client4,client4-744474fb99-2dhnc,linkerd-init,0.0
938,8,client4,client4-744474fb99-2dhnc,client4,941.3640000000005
939,8,client4,client4-744474fb99-2dhnc,linkerd-proxy,941.3490000000002
940,8,client17,client17-69b85b5ccf-jjgfq,sidecar,689.1989999999996
941,8,client17,client17-69b85b5ccf-jjgfq,client17,827.094
942,8,client17,client17-69b85b5ccf-jjgfq,linkerd-proxy,824.2860000000001
943,8,client17,client17-69b85b5ccf-jjgfq,linkerd-init,0.0
944,8,client15,client15-79c969ddf-9zmnv,linkerd-init,0.0
945,8,client15,client15-79c969ddf-9zmnv,sidecar,805.4220000000005
946,8,client15,client15-79c969ddf-9zmnv,client15,807.2460000000001
947,8,client15,client15-79c969ddf-9zmnv,linkerd-proxy,806.9609999999993
948,8,client9,client9-d68fb99b4-wnklx,linkerd-init,0.0
949,8,client9,client9-d68fb99b4-wnklx,sidecar,625.9109999999991
950,8,client9,client9-d68fb99b4-wnklx,client9,729.8939999999993
951,8,client9,client9-d68fb99b4-wnklx,linkerd-proxy,730.6049999999996
952,8,client5,client5-7d5ff7f8b4-6nn5m,linkerd-proxy,621.6299999999992
953,8,client5,client5-7d5ff7f8b4-6nn5m,sidecar,488.9429999999993
954,8,client5,client5-7d5ff7f8b4-6nn5m,linkerd-init,0.0
955,8,client5,client5-7d5ff7f8b4-6nn5m,client5,624.9359999999997
956,8,client12,client12-79bc8d5846-fg7f4,sidecar,605.7870000000003
957,8,client12,client12-79bc8d5846-fg7f4,client12,675.7709999999997
958,8,client12,client12-79bc8d5846-fg7f4,linkerd-proxy,676.0230000000001
959,8,client12,client12-79bc8d5846-fg7f4,linkerd-init,0.0
960,8,client16,client16-6dc7f87f54-k2nz6,linkerd-init,0.0
961,8,client16,client16-6dc7f87f54-k2nz6,client16,743.3429999999998
962,8,client16,client16-6dc7f87f54-k2nz6,sidecar,741.393
963,8,client16,client16-6dc7f87f54-k2nz6,linkerd-proxy,743.3130000000001
964,8,client2,client2-86cd6d8cf7-hwdsb,sidecar,724.9379999999992
965,8,client2,client2-86cd6d8cf7-hwdsb,client2,726.4949999999999
966,8,client2,client2-86cd6d8cf7-hwdsb,linkerd-proxy,726.2370000000001
967,8,client2,client2-86cd6d8cf7-hwdsb,linkerd-init,0.0
968,8,client3,client3-58c68898cd-zbgmx,client3,703.2689999999993
969,8,client3,client3-58c68898cd-zbgmx,sidecar,701.0729999999994
970,8,client3,client3-58c68898cd-zbgmx,linkerd-init,0.0
971,8,client3,client3-58c68898cd-zbgmx,linkerd-proxy,703.2990000000009
972,8,client18,client18-69db77c748-4z4s5,linkerd-init,0.0
973,8,client18,client18-69db77c748-4z4s5,client18,671.0159999999996
974,8,client18,client18-69db77c748-4z4s5,sidecar,669.4829999999993
975,8,client18,client18-69db77c748-4z4s5,linkerd-proxy,670.857
976,8,client7,client7-544486cc98-pnwh6,sidecar,741.3720000000003
977,8,client7,client7-544486cc98-pnwh6,client7,742.7730000000001
978,8,client7,client7-544486cc98-pnwh6,linkerd-proxy,742.6080000000002
979,8,client7,client7-544486cc98-pnwh6,linkerd-init,0.0
980,8,client11,client11-565c48c7c7-vg972,sidecar,473.012999999999
981,8,client11,client11-565c48c7c7-vg972,linkerd-proxy,706.5329999999994
982,8,client11,client11-565c48c7c7-vg972,client11,706.737000000001
983,8,client11,client11-565c48c7c7-vg972,linkerd-init,0.0
984,8,client19,client19-56fccdb4d9-7jztj,linkerd-init,0.0
985,8,client19,client19-56fccdb4d9-7jztj,client19,675.7799999999997
986,8,client19,client19-56fccdb4d9-7jztj,sidecar,674.1660000000002
987,8,client19,client19-56fccdb4d9-7jztj,linkerd-proxy,675.6239999999998
988,8,client1,client1-7b9db886dd-zwn89,client1,657.4380000000001
989,8,client1,client1-7b9db886dd-zwn89,sidecar,615.0029999999997
990,8,client1,client1-7b9db886dd-zwn89,linkerd-proxy,657.0569999999998
991,8,client1,client1-7b9db886dd-zwn89,linkerd-init,0.0
992,8,client13,client13-7bf86f4f87-gw5cj,sidecar,594.192
993,8,client13,client13-7bf86f4f87-gw5cj,client13,671.5770000000002
994,8,client13,client13-7bf86f4f87-gw5cj,linkerd-init,0.0
995,8,client13,client13-7bf86f4f87-gw5cj,linkerd-proxy,668.7900000000009
996,8,client20,client20-65f8864f77-f7g5b,sidecar,685.8029999999999
997,8,client20,client20-65f8864f77-f7g5b,client20,687.2819999999992
998,8,client20,client20-65f8864f77-f7g5b,linkerd-proxy,687.1889999999994
999,8,client20,client20-65f8864f77-f7g5b,linkerd-init,0.0
1000,8,server,server-656f98b57f-xcc8n,sidecar,537.4079999999999
1001,8,server,server-656f98b57f-xcc8n,server,625.1459999999997
1002,8,orchestrator,orchestrator-555f7b7c9d-x6psh,orchestrator,297.3990000000001
1003,8,orchestrator,policy-enforcer-cb8dccbd8-kc7h5,sidecar,407.99099999999953
1004,8,orchestrator,orchestrator-555f7b7c9d-x6psh,sidecar,400.7129999999993
1005,8,orchestrator,policy-enforcer-cb8dccbd8-kc7h5,policy-enforcer,319.08299999999986
1006,8,api-gateway,api-gateway-6bf76d45b7-wr226,sidecar,334.2899999999995
1007,8,api-gateway,api-gateway-6bf76d45b7-wr226,api-gateway,433.0859999999998
1008,8,client17,maurits-dijk-07ac9879client171-sp7mj,hfl-train,938.7389999999996
1009,8,client17,maurits-dijk-07ac9879client171-sp7mj,hfl-train-model,820.9290000000001
1010,8,client17,maurits-dijk-07ac9879client171-sp7mj,sidecar,800.2889999999998
1011,8,client9,maurits-dijk-07ac9879client91-tpphj,hfl-train,866.634
1012,8,client9,maurits-dijk-07ac9879client91-tpphj,hfl-train-model,724.0860000000002
1013,8,client9,maurits-dijk-07ac9879client91-tpphj,sidecar,687.6509999999998
1014,8,client5,maurits-dijk-07ac9879client51-2h759,hfl-train-model,619.4550000000008
1015,8,client5,maurits-dijk-07ac9879client51-2h759,hfl-train,738.2939999999999
1016,8,client5,maurits-dijk-07ac9879client51-2h759,sidecar,576.1950000000006
1017,8,client1,maurits-dijk-07ac9879client11-88nrp,hfl-train-model,651.3990000000003
1018,8,client1,maurits-dijk-07ac9879client11-88nrp,hfl-train,782.5079999999998
1019,8,client1,maurits-dijk-07ac9879client11-88nrp,sidecar,570.4530000000004
1020,8,client13,maurits-dijk-07ac9879client131-49m2m,hfl-train,842.4989999999998
1021,8,client13,maurits-dijk-07ac9879client131-49m2m,sidecar,625.857
1022,8,client13,maurits-dijk-07ac9879client131-49m2m,hfl-train-model,665.8379999999997
1023,8,server,maurits-dijk-07ac9879server1-n7kt8,hfl-train,594.3120000000008
1024,8,server,maurits-dijk-07ac9879server1-n7kt8,sidecar,445.35300000000007
1025,8,server,maurits-dijk-07ac9879server1-n7kt8,hfl-train-model,896.4689999999991
1026,9,server,server-656f98b57f-xcc8n,linkerd-init,0.0
1027,9,server,server-656f98b57f-xcc8n,linkerd-proxy,598.0110000000004
1028,9,client8,client8-5845965f99-c7gv7,client8,720.6900000000005
1029,9,client8,client8-5845965f99-c7gv7,sidecar,637.8509999999997
1030,9,client8,client8-5845965f99-c7gv7,linkerd-proxy,720.3180000000002
1031,9,client8,client8-5845965f99-c7gv7,linkerd-init,0.0
1032,9,client14,client14-856b5b5576-d9cj8,client14,675.8579999999993
1033,9,client14,client14-856b5b5576-d9cj8,sidecar,674.213999999999
1034,9,client14,client14-856b5b5576-d9cj8,linkerd-init,0.0
1035,9,client14,client14-856b5b5576-d9cj8,linkerd-proxy,675.6180000000004
1036,9,client10,client10-694b6b97b4-9h5k7,client10,739.3320000000003
1037,9,client10,client10-694b6b97b4-9h5k7,linkerd-proxy,739.4910000000009
1038,9,client10,client10-694b6b97b4-9h5k7,sidecar,737.469
1039,9,client10,client10-694b6b97b4-9h5k7,linkerd-init,0.0
1040,9,orchestrator,policy-enforcer-cb8dccbd8-kc7h5,linkerd-init,0.0
1041,9,orchestrator,orchestrator-555f7b7c9d-x6psh,linkerd-proxy,344.4659999999999
1042,9,api-gateway,api-gateway-6bf76d45b7-wr226,linkerd-proxy,362.1749999999997
1043,9,orchestrator,policy-enforcer-cb8dccbd8-kc7h5,linkerd-proxy,344.5439999999994
1044,9,api-gateway,api-gateway-6bf76d45b7-wr226,linkerd-init,0.0
1045,9,orchestrator,orchestrator-555f7b7c9d-x6psh,linkerd-init,0.0
1046,9,client6,client6-785d875985-44dw6,client6,690.0240000000003
1047,9,client6,client6-785d875985-44dw6,linkerd-proxy,689.7390000000005
1048,9,client6,client6-785d875985-44dw6,linkerd-init,0.0
1049,9,client6,client6-785d875985-44dw6,sidecar,687.8580000000002
1050,9,client4,client4-744474fb99-2dhnc,sidecar,722.8469999999988
1051,9,client4,client4-744474fb99-2dhnc,linkerd-init,0.0
1052,9,client4,client4-744474fb99-2dhnc,client4,724.9380000000001
1053,9,client4,client4-744474fb99-2dhnc,linkerd-proxy,724.7580000000007
1054,9,client17,client17-69b85b5ccf-jjgfq,sidecar,623.5860000000002
1055,9,client17,client17-69b85b5ccf-jjgfq,client17,714.9929999999995
1056,9,client17,client17-69b85b5ccf-jjgfq,linkerd-proxy,713.2260000000006
1057,9,client17,client17-69b85b5ccf-jjgfq,linkerd-init,0.0
1058,9,client15,client15-79c969ddf-9zmnv,linkerd-init,0.0
1059,9,client15,client15-79c969ddf-9zmnv,sidecar,717.9029999999993
1060,9,client15,client15-79c969ddf-9zmnv,client15,719.3550000000005
1061,9,client15,client15-79c969ddf-9zmnv,linkerd-proxy,719.1270000000004
1062,9,client9,client9-d68fb99b4-wnklx,linkerd-init,0.0
1063,9,client9,client9-d68fb99b4-wnklx,sidecar,562.8330000000005
1064,9,client9,client9-d68fb99b4-wnklx,client9,634.6560000000009
1065,9,client9,client9-d68fb99b4-wnklx,linkerd-proxy,630.4110000000001
1066,9,client5,client5-7d5ff7f8b4-6nn5m,linkerd-proxy,737.4449999999997
1067,9,client5,client5-7d5ff7f8b4-6nn5m,sidecar,506.6369999999997
1068,9,client5,client5-7d5ff7f8b4-6nn5m,linkerd-init,0.0
1069,9,client5,client5-7d5ff7f8b4-6nn5m,client5,741.6930000000002
1070,9,client12,client12-79bc8d5846-fg7f4,sidecar,698.7690000000002
1071,9,client12,client12-79bc8d5846-fg7f4,client12,776.232
1072,9,client12,client12-79bc8d5846-fg7f4,linkerd-proxy,776.0070000000005
1073,9,client12,client12-79bc8d5846-fg7f4,linkerd-init,0.0
1074,9,client16,client16-6dc7f87f54-k2nz6,linkerd-init,0.0
1075,9,client16,client16-6dc7f87f54-k2nz6,client16,809.817
1076,9,client16,client16-6dc7f87f54-k2nz6,sidecar,807.4349999999995
1077,9,client16,client16-6dc7f87f54-k2nz6,linkerd-proxy,809.6969999999992
1078,9,client2,client2-86cd6d8cf7-hwdsb,sidecar,818.2290000000021
1079,9,client2,client2-86cd6d8cf7-hwdsb,client2,819.9780000000001
1080,9,client2,client2-86cd6d8cf7-hwdsb,linkerd-proxy,819.7530000000015
1081,9,client2,client2-86cd6d8cf7-hwdsb,linkerd-init,0.0
1082,9,client3,client3-58c68898cd-zbgmx,client3,862.7609999999995
1083,9,client3,client3-58c68898cd-zbgmx,sidecar,860.3429999999998
1084,9,client3,client3-58c68898cd-zbgmx,linkerd-init,0.0
1085,9,client3,client3-58c68898cd-zbgmx,linkerd-proxy,862.7159999999994
1086,9,client18,client18-69db77c748-4z4s5,linkerd-init,0.0
1087,9,client18,client18-69db77c748-4z4s5,client18,759.3749999999991
1088,9,client18,client18-69db77c748-4z4s5,sidecar,757.5510000000004
1089,9,client18,client18-69db77c748-4z4s5,linkerd-proxy,759.1499999999996
1090,9,client7,client7-544486cc98-pnwh6,sidecar,887.9159999999993
1091,9,client7,client7-544486cc98-pnwh6,client7,889.5300000000007
1092,9,client7,client7-544486cc98-pnwh6,linkerd-proxy,889.1489999999985
1093,9,client7,client7-544486cc98-pnwh6,linkerd-init,0.0
1094,9,client11,client11-565c48c7c7-vg972,sidecar,624.036000000001
1095,9,client11,client11-565c48c7c7-vg972,linkerd-proxy,785.3940000000011
1096,9,client11,client11-565c48c7c7-vg972,client11,785.6879999999992
1097,9,client11,client11-565c48c7c7-vg972,linkerd-init,0.0
1098,9,client19,client19-56fccdb4d9-7jztj,linkerd-init,0.0
1099,9,client19,client19-56fccdb4d9-7jztj,client19,849.5280000000002
1100,9,client19,client19-56fccdb4d9-7jztj,sidecar,847.7820000000002
1101,9,client19,client19-56fccdb4d9-7jztj,linkerd-proxy,849.3779999999997
1102,9,client1,client1-7b9db886dd-zwn89,client1,738.8879999999999
1103,9,client1,client1-7b9db886dd-zwn89,sidecar,692.9219999999996
1104,9,client1,client1-7b9db886dd-zwn89,linkerd-proxy,737.9070000000002
1105,9,client1,client1-7b9db886dd-zwn89,linkerd-init,0.0
1106,9,client13,client13-7bf86f4f87-gw5cj,sidecar,684.951
1107,9,client13,client13-7bf86f4f87-gw5cj,client13,735.0629999999992
1108,9,client13,client13-7bf86f4f87-gw5cj,linkerd-init,0.0
1109,9,client13,client13-7bf86f4f87-gw5cj,linkerd-proxy,732.2340000000004
1110,9,client20,client20-65f8864f77-f7g5b,sidecar,792.9539999999997
1111,9,client20,client20-65f8864f77-f7g5b,client20,794.8409999999994
1112,9,client20,client20-65f8864f77-f7g5b,linkerd-proxy,794.6700000000001
1113,9,client20,client20-65f8864f77-f7g5b,linkerd-init,0.0
1114,9,server,server-656f98b57f-xcc8n,sidecar,526.2300000000005
1115,9,server,server-656f98b57f-xcc8n,server,612.8459999999995
1116,9,orchestrator,orchestrator-555f7b7c9d-x6psh,orchestrator,210.38999999999987
1117,9,orchestrator,policy-enforcer-cb8dccbd8-kc7h5,sidecar,324.1980000000003
1118,9,orchestrator,orchestrator-555f7b7c9d-x6psh,sidecar,306.92400000000043
1119,9,orchestrator,policy-enforcer-cb8dccbd8-kc7h5,policy-enforcer,158.4390000000003
1120,9,api-gateway,api-gateway-6bf76d45b7-wr226,sidecar,293.55900000000065
1121,9,api-gateway,api-gateway-6bf76d45b7-wr226,api-gateway,379.34400000000005
1122,9,client17,maurits-dijk-07ac9879client171-sp7mj,hfl-train,826.5479999999989
1123,9,client17,maurits-dijk-07ac9879client171-sp7mj,hfl-train-model,710.2439999999997
1124,9,client17,maurits-dijk-07ac9879client171-sp7mj,sidecar,605.1629999999996
1125,9,client9,maurits-dijk-07ac9879client91-tpphj,hfl-train,751.1700000000001
1126,9,client9,maurits-dijk-07ac9879client91-tpphj,hfl-train-model,625.6979999999994
1127,9,client9,maurits-dijk-07ac9879client91-tpphj,sidecar,587.9100000000008
1128,9,client5,maurits-dijk-07ac9879client51-2h759,hfl-train-model,735.3899999999994
1129,9,client5,maurits-dijk-07ac9879client51-2h759,hfl-train,849.9900000000007
1130,9,client5,maurits-dijk-07ac9879client51-2h759,sidecar,637.3500000000004
1131,9,client1,maurits-dijk-07ac9879client11-88nrp,hfl-train-model,731.9879999999994
1132,9,client1,maurits-dijk-07ac9879client11-88nrp,hfl-train,876.8039999999992
1133,9,client1,maurits-dijk-07ac9879client11-88nrp,sidecar,638.3970000000008
1134,9,client13,maurits-dijk-07ac9879client131-49m2m,hfl-train,895.5989999999993
1135,9,client13,maurits-dijk-07ac9879client131-49m2m,sidecar,575.0490000000009
1136,9,client13,maurits-dijk-07ac9879client131-49m2m,hfl-train-model,729.4769999999999
1137,9,server,maurits-dijk-07ac9879server1-n7kt8,hfl-train,593.735999999999
1138,9,server,maurits-dijk-07ac9879server1-n7kt8,sidecar,515.2889999999993
1139,9,server,maurits-dijk-07ac9879server1-n7kt8,hfl-train-model,925.8089999999993
1140,10,server,server-656f98b57f-xcc8n,linkerd-init,0.0
1141,10,server,server-656f98b57f-xcc8n,linkerd-proxy,497.8649999999989
1142,10,client8,client8-5845965f99-c7gv7,client8,847.4219999999987
1143,10,client8,client8-5845965f99-c7gv7,sidecar,762.5640000000003
1144,10,client8,client8-5845965f99-c7gv7,linkerd-proxy,847.0320000000011
1145,10,client8,client8-5845965f99-c7gv7,linkerd-init,0.0
1146,10,client14,client14-856b5b5576-d9cj8,client14,885.5310000000009
1147,10,client14,client14-856b5b5576-d9cj8,sidecar,883.5989999999993
1148,10,client14,client14-856b5b5576-d9cj8,linkerd-init,0.0
1149,10,client14,client14-856b5b5576-d9cj8,linkerd-proxy,885.3359999999993
1150,10,client10,client10-694b6b97b4-9h5k7,client10,847.9470000000001
1151,10,client10,client10-694b6b97b4-9h5k7,linkerd-proxy,847.9110000000001
1152,10,client10,client10-694b6b97b4-9h5k7,sidecar,845.8530000000001
1153,10,client10,client10-694b6b97b4-9h5k7,linkerd-init,0.0
1154,10,orchestrator,policy-enforcer-cb8dccbd8-kc7h5,linkerd-init,0.0
1155,10,orchestrator,orchestrator-555f7b7c9d-x6psh,linkerd-proxy,419.8140000000003
1156,10,api-gateway,api-gateway-6bf76d45b7-wr226,linkerd-proxy,439.0709999999999
1157,10,orchestrator,policy-enforcer-cb8dccbd8-kc7h5,linkerd-proxy,419.7780000000007
1158,10,api-gateway,api-gateway-6bf76d45b7-wr226,linkerd-init,0.0
1159,10,orchestrator,orchestrator-555f7b7c9d-x6psh,linkerd-init,0.0
1160,10,client6,client6-785d875985-44dw6,client6,829.3800000000001
1161,10,client6,client6-785d875985-44dw6,linkerd-proxy,829.2450000000008
1162,10,client6,client6-785d875985-44dw6,linkerd-init,0.0
1163,10,client6,client6-785d875985-44dw6,sidecar,826.8210000000017
1164,10,client4,client4-744474fb99-2dhnc,sidecar,834.1770000000015
1165,10,client4,client4-744474fb99-2dhnc,linkerd-init,0.0
1166,10,client4,client4-744474fb99-2dhnc,client4,836.4629999999997
1167,10,client4,client4-744474fb99-2dhnc,linkerd-proxy,836.7929999999997
1168,10,client17,client17-69b85b5ccf-jjgfq,sidecar,787.0019999999995
1169,10,client17,client17-69b85b5ccf-jjgfq,client17,836.7780000000002
1170,10,client17,client17-69b85b5ccf-jjgfq,linkerd-proxy,833.1209999999992
1171,10,client17,client17-69b85b5ccf-jjgfq,linkerd-init,0.0
1172,10,client15,client15-79c969ddf-9zmnv,linkerd-init,0.0
1173,10,client15,client15-79c969ddf-9zmnv,sidecar,774.5100000000002
1174,10,client15,client15-79c969ddf-9zmnv,client15,776.3069999999989
1175,10,client15,client15-79c969ddf-9zmnv,linkerd-proxy,775.9740000000002
1176,10,client9,client9-d68fb99b4-wnklx,linkerd-init,0.0
1177,10,client9,client9-d68fb99b4-wnklx,sidecar,677.1779999999999
1178,10,client9,client9-d68fb99b4-wnklx,client9,768.2369999999992
1179,10,client9,client9-d68fb99b4-wnklx,linkerd-proxy,767.0789999999997
1180,10,client5,client5-7d5ff7f8b4-6nn5m,linkerd-proxy,593.9610000000011
1181,10,client5,client5-7d5ff7f8b4-6nn5m,sidecar,437.9940000000006
1182,10,client5,client5-7d5ff7f8b4-6nn5m,linkerd-init,0.0
1183,10,client5,client5-7d5ff7f8b4-6nn5m,client5,597.5849999999991
1184,10,client12,client12-79bc8d5846-fg7f4,sidecar,613.6259999999993
1185,10,client12,client12-79bc8d5846-fg7f4,client12,672.9210000000003
1186,10,client12,client12-79bc8d5846-fg7f4,linkerd-proxy,672.8759999999993
1187,10,client12,client12-79bc8d5846-fg7f4,linkerd-init,0.0
1188,10,client16,client16-6dc7f87f54-k2nz6,linkerd-init,0.0
1189,10,client16,client16-6dc7f87f54-k2nz6,client16,711.9179999999997
1190,10,client16,client16-6dc7f87f54-k2nz6,sidecar,709.8420000000006
1191,10,client16,client16-6dc7f87f54-k2nz6,linkerd-proxy,711.7950000000001
1192,10,client2,client2-86cd6d8cf7-hwdsb,sidecar,729.3269999999993
1193,10,client2,client2-86cd6d8cf7-hwdsb,client2,730.866
1194,10,client2,client2-86cd6d8cf7-hwdsb,linkerd-proxy,730.7849999999999
1195,10,client2,client2-86cd6d8cf7-hwdsb,linkerd-init,0.0
1196,10,client3,client3-58c68898cd-zbgmx,client3,702.9390000000003
1197,10,client3,client3-58c68898cd-zbgmx,sidecar,700.8299999999999
1198,10,client3,client3-58c68898cd-zbgmx,linkerd-init,0.0
1199,10,client3,client3-58c68898cd-zbgmx,linkerd-proxy,703.0440000000008
1200,10,client18,client18-69db77c748-4z4s5,linkerd-init,0.0
1201,10,client18,client18-69db77c748-4z4s5,client18,648.1470000000018
1202,10,client18,client18-69db77c748-4z4s5,sidecar,646.6680000000006
1203,10,client18,client18-69db77c748-4z4s5,linkerd-proxy,647.9459999999999
1204,10,client7,client7-544486cc98-pnwh6,sidecar,747.1050000000014
1205,10,client7,client7-544486cc98-pnwh6,client7,748.4039999999986
1206,10,client7,client7-544486cc98-pnwh6,linkerd-proxy,748.1010000000024
1207,10,client7,client7-544486cc98-pnwh6,linkerd-init,0.0
1208,10,client11,client11-565c48c7c7-vg972,sidecar,555.8369999999995
1209,10,client11,client11-565c48c7c7-vg972,linkerd-proxy,693.7439999999988
1210,10,client11,client11-565c48c7c7-vg972,client11,693.8999999999996
1211,10,client11,client11-565c48c7c7-vg972,linkerd-init,0.0
1212,10,client19,client19-56fccdb4d9-7jztj,linkerd-init,0.0
1213,10,client19,client19-56fccdb4d9-7jztj,client19,772.107
1214,10,client19,client19-56fccdb4d9-7jztj,sidecar,770.5949999999984
1215,10,client19,client19-56fccdb4d9-7jztj,linkerd-proxy,772.0320000000011
1216,10,client1,client1-7b9db886dd-zwn89,client1,623.7420000000002
1217,10,client1,client1-7b9db886dd-zwn89,sidecar,590.1090000000013
1218,10,client1,client1-7b9db886dd-zwn89,linkerd-proxy,620.3640000000005
1219,10,client1,client1-7b9db886dd-zwn89,linkerd-init,0.0
1220,10,client13,client13-7bf86f4f87-gw5cj,sidecar,620.1660000000002
1221,10,client13,client13-7bf86f4f87-gw5cj,client13,682.8540000000012
1222,10,client13,client13-7bf86f4f87-gw5cj,linkerd-init,0.0
1223,10,client13,client13-7bf86f4f87-gw5cj,linkerd-proxy,680.3519999999999
1224,10,client20,client20-65f8864f77-f7g5b,sidecar,779.9520000000011
1225,10,client20,client20-65f8864f77-f7g5b,client20,781.6110000000008
1226,10,client20,client20-65f8864f77-f7g5b,linkerd-proxy,781.4130000000005
1227,10,client20,client20-65f8864f77-f7g5b,linkerd-init,0.0
1228,10,server,server-656f98b57f-xcc8n,sidecar,403.3679999999995
1229,10,server,server-656f98b57f-xcc8n,server,514.4550000000008
1230,10,orchestrator,orchestrator-555f7b7c9d-x6psh,orchestrator,326.89800000000014
1231,10,orchestrator,policy-enforcer-cb8dccbd8-kc7h5,sidecar,379.0079999999998
1232,10,orchestrator,orchestrator-555f7b7c9d-x6psh,sidecar,412.18799999999965
1233,10,orchestrator,policy-enforcer-cb8dccbd8-kc7h5,policy-enforcer,311.87699999999995
1234,10,api-gateway,api-gateway-6bf76d45b7-wr226,sidecar,407.07299999999987
1235,10,api-gateway,api-gateway-6bf76d45b7-wr226,api-gateway,440.9549999999999
1236,10,client17,maurits-dijk-07ac9879client171-sp7mj,hfl-train,948.7590000000018
1237,10,client17,maurits-dijk-07ac9879client171-sp7mj,hfl-train-model,830.1869999999999
1238,10,client17,maurits-dijk-07ac9879client171-sp7mj,sidecar,773.0910000000003
1239,10,client9,maurits-dijk-07ac9879client91-tpphj,hfl-train,882.6119999999992
1240,10,client9,maurits-dijk-07ac9879client91-tpphj,hfl-train-model,760.6530000000002
1241,10,client9,maurits-dijk-07ac9879client91-tpphj,sidecar,725.8319999999994
1242,10,client5,maurits-dijk-07ac9879client51-2h759,hfl-train-model,591.4649999999992
1243,10,client5,maurits-dijk-07ac9879client51-2h759,hfl-train,714.4169999999986
1244,10,client5,maurits-dijk-07ac9879client51-2h759,sidecar,549.4650000000001
1245,10,client1,maurits-dijk-07ac9879client11-88nrp,hfl-train-model,613.9859999999999
1246,10,client1,maurits-dijk-07ac9879client11-88nrp,hfl-train,754.4699999999993
1247,10,client1,maurits-dijk-07ac9879client11-88nrp,sidecar,590.726999999999
1248,10,client13,maurits-dijk-07ac9879client131-49m2m,hfl-train,852.8459999999995
1249,10,client13,maurits-dijk-07ac9879client131-49m2m,sidecar,511.7039999999988
1250,10,client13,maurits-dijk-07ac9879client131-49m2m,hfl-train-model,677.2349999999997
1251,10,server,maurits-dijk-07ac9879server1-n7kt8,hfl-train,493.58100000000013
1252,10,server,maurits-dijk-07ac9879server1-n7kt8,sidecar,384.5610000000006
1253,10,server,maurits-dijk-07ac9879server1-n7kt8,hfl-train-model,770.0550000000003
1254,11,server,server-656f98b57f-xcc8n,linkerd-init,0.0
1255,11,server,server-656f98b57f-xcc8n,linkerd-proxy,477.6930000000002
1256,11,client8,client8-5845965f99-c7gv7,client8,728.6640000000007
1257,11,client8,client8-5845965f99-c7gv7,sidecar,673.2780000000002
1258,11,client8,client8-5845965f99-c7gv7,linkerd-proxy,728.3400000000001
1259,11,client8,client8-5845965f99-c7gv7,linkerd-init,0.0
1260,11,client14,client14-856b5b5576-d9cj8,client14,670.2749999999996
1261,11,client14,client14-856b5b5576-d9cj8,sidecar,668.6010000000006
1262,11,client14,client14-856b5b5576-d9cj8,linkerd-init,0.0
1263,11,client14,client14-856b5b5576-d9cj8,linkerd-proxy,669.9240000000009
1264,11,client10,client10-694b6b97b4-9h5k7,client10,696.3239999999987
1265,11,client10,client10-694b6b97b4-9h5k7,linkerd-proxy,695.991
1266,11,client10,client10-694b6b97b4-9h5k7,sidecar,694.6949999999997
1267,11,client10,client10-694b6b97b4-9h5k7,linkerd-init,0.0
1268,11,orchestrator,policy-enforcer-cb8dccbd8-kc7h5,linkerd-init,0.0
1269,11,orchestrator,orchestrator-555f7b7c9d-x6psh,linkerd-proxy,354.48299999999927
1270,11,api-gateway,api-gateway-6bf76d45b7-wr226,linkerd-proxy,372.15600000000086
1271,11,orchestrator,policy-enforcer-cb8dccbd8-kc7h5,linkerd-proxy,354.4979999999987
1272,11,api-gateway,api-gateway-6bf76d45b7-wr226,linkerd-init,0.0
1273,11,orchestrator,orchestrator-555f7b7c9d-x6psh,linkerd-init,0.0
1274,11,client6,client6-785d875985-44dw6,client6,774.3119999999999
1275,11,client6,client6-785d875985-44dw6,linkerd-proxy,773.982
1276,11,client6,client6-785d875985-44dw6,linkerd-init,0.0
1277,11,client6,client6-785d875985-44dw6,sidecar,772.0529999999999
1278,11,client4,client4-744474fb99-2dhnc,sidecar,718.0919999999987
1279,11,client4,client4-744474fb99-2dhnc,linkerd-init,0.0
1280,11,client4,client4-744474fb99-2dhnc,client4,720.1650000000009
1281,11,client4,client4-744474fb99-2dhnc,linkerd-proxy,720.1170000000002
1282,11,client17,client17-69b85b5ccf-jjgfq,sidecar,563.9459999999999
1283,11,client17,client17-69b85b5ccf-jjgfq,client17,653.0730000000003
1284,11,client17,client17-69b85b5ccf-jjgfq,linkerd-proxy,650.3790000000008
1285,11,client17,client17-69b85b5ccf-jjgfq,linkerd-init,0.0
1286,11,client15,client15-79c969ddf-9zmnv,linkerd-init,0.0
1287,11,client15,client15-79c969ddf-9zmnv,sidecar,715.5480000000007
1288,11,client15,client15-79c969ddf-9zmnv,client15,717.0419999999995
1289,11,client15,client15-79c969ddf-9zmnv,linkerd-proxy,716.8289999999997
1290,11,client9,client9-d68fb99b4-wnklx,linkerd-init,0.0
1291,11,client9,client9-d68fb99b4-wnklx,sidecar,487.1279999999997
1292,11,client9,client9-d68fb99b4-wnklx,client9,618.2039999999997
1293,11,client9,client9-d68fb99b4-wnklx,linkerd-proxy,613.8270000000002
1294,11,client5,client5-7d5ff7f8b4-6nn5m,linkerd-proxy,730.8299999999999
1295,11,client5,client5-7d5ff7f8b4-6nn5m,sidecar,610.3499999999995
1296,11,client5,client5-7d5ff7f8b4-6nn5m,linkerd-init,0.0
1297,11,client5,client5-7d5ff7f8b4-6nn5m,client5,734.0640000000003
1298,11,client12,client12-79bc8d5846-fg7f4,sidecar,737.9279999999999
1299,11,client12,client12-79bc8d5846-fg7f4,client12,818.4989999999998
1300,11,client12,client12-79bc8d5846-fg7f4,linkerd-proxy,818.2559999999994
1301,11,client12,client12-79bc8d5846-fg7f4,linkerd-init,0.0
1302,11,client16,client16-6dc7f87f54-k2nz6,linkerd-init,0.0
1303,11,client16,client16-6dc7f87f54-k2nz6,client16,812.3549999999996
1304,11,client16,client16-6dc7f87f54-k2nz6,sidecar,809.982
1305,11,client16,client16-6dc7f87f54-k2nz6,linkerd-proxy,812.3069999999989
1306,11,client2,client2-86cd6d8cf7-hwdsb,sidecar,936.239999999998
1307,11,client2,client2-86cd6d8cf7-hwdsb,client2,938.1990000000005
1308,11,client2,client2-86cd6d8cf7-hwdsb,linkerd-proxy,938.012999999999
1309,11,client2,client2-86cd6d8cf7-hwdsb,linkerd-init,0.0
1310,11,client3,client3-58c68898cd-zbgmx,client3,845.5709999999999
1311,11,client3,client3-58c68898cd-zbgmx,sidecar,843.0780000000013
1312,11,client3,client3-58c68898cd-zbgmx,linkerd-init,0.0
1313,11,client3,client3-58c68898cd-zbgmx,linkerd-proxy,845.3610000000008
1314,11,client18,client18-69db77c748-4z4s5,linkerd-init,0.0
1315,11,client18,client18-69db77c748-4z4s5,client18,790.1010000000006
1316,11,client18,client18-69db77c748-4z4s5,sidecar,788.2469999999994
1317,11,client18,client18-69db77c748-4z4s5,linkerd-proxy,789.8250000000007
1318,11,client7,client7-544486cc98-pnwh6,sidecar,803.3009999999995
1319,11,client7,client7-544486cc98-pnwh6,client7,805.0200000000004
1320,11,client7,client7-544486cc98-pnwh6,linkerd-proxy,804.4439999999995
1321,11,client7,client7-544486cc98-pnwh6,linkerd-init,0.0
1322,11,client11,client11-565c48c7c7-vg972,sidecar,710.3729999999996
1323,11,client11,client11-565c48c7c7-vg972,linkerd-proxy,831.603000000001
1324,11,client11,client11-565c48c7c7-vg972,client11,831.759
1325,11,client11,client11-565c48c7c7-vg972,linkerd-init,0.0
1326,11,client19,client19-56fccdb4d9-7jztj,linkerd-init,0.0
1327,11,client19,client19-56fccdb4d9-7jztj,client19,927.6419999999998
1328,11,client19,client19-56fccdb4d9-7jztj,sidecar,925.7160000000022
1329,11,client19,client19-56fccdb4d9-7jztj,linkerd-proxy,927.5189999999984
1330,11,client1,client1-7b9db886dd-zwn89,client1,817.8779999999997
1331,11,client1,client1-7b9db886dd-zwn89,sidecar,771.5969999999998
1332,11,client1,client1-7b9db886dd-zwn89,linkerd-proxy,816.0659999999989
1333,11,client1,client1-7b9db886dd-zwn89,linkerd-init,0.0
1334,11,client13,client13-7bf86f4f87-gw5cj,sidecar,631.8420000000006
1335,11,client13,client13-7bf86f4f87-gw5cj,client13,761.6489999999994
1336,11,client13,client13-7bf86f4f87-gw5cj,linkerd-init,0.0
1337,11,client13,client13-7bf86f4f87-gw5cj,linkerd-proxy,757.0650000000005
1338,11,client20,client20-65f8864f77-f7g5b,sidecar,859.5119999999988
1339,11,client20,client20-65f8864f77-f7g5b,client20,861.3779999999988
1340,11,client20,client20-65f8864f77-f7g5b,linkerd-proxy,861.1229999999978
1341,11,client20,client20-65f8864f77-f7g5b,linkerd-init,0.0
1342,11,server,server-656f98b57f-xcc8n,sidecar,404.64899999999943
1343,11,server,server-656f98b57f-xcc8n,server,492.55199999999877
1344,11,orchestrator,orchestrator-555f7b7c9d-x6psh,orchestrator,162.63599999999997
1345,11,orchestrator,policy-enforcer-cb8dccbd8-kc7h5,sidecar,310.63799999999947
1346,11,orchestrator,orchestrator-555f7b7c9d-x6psh,sidecar,307.15800000000036
1347,11,orchestrator,policy-enforcer-cb8dccbd8-kc7h5,policy-enforcer,185.02800000000025
1348,11,api-gateway,api-gateway-6bf76d45b7-wr226,sidecar,304.60199999999986
1349,11,api-gateway,api-gateway-6bf76d45b7-wr226,api-gateway,378.46800000000076
1350,11,client17,maurits-dijk-07ac9879client171-sp7mj,hfl-train,763.271999999999
1351,11,client17,maurits-dijk-07ac9879client171-sp7mj,hfl-train-model,647.3640000000005
1352,11,client17,maurits-dijk-07ac9879client171-sp7mj,sidecar,506.8620000000001
1353,11,client9,maurits-dijk-07ac9879client91-tpphj,hfl-train,750.4140000000007
1354,11,client9,maurits-dijk-07ac9879client91-tpphj,hfl-train-model,608.0639999999994
1355,11,client9,maurits-dijk-07ac9879client91-tpphj,sidecar,542.6219999999994
1356,11,client5,maurits-dijk-07ac9879client51-2h759,hfl-train-model,728.1720000000005
1357,11,client5,maurits-dijk-07ac9879client51-2h759,hfl-train,842.982
1358,11,client5,maurits-dijk-07ac9879client51-2h759,sidecar,673.9679999999998
1359,11,client1,maurits-dijk-07ac9879client11-88nrp,hfl-train-model,810.1379999999999
1360,11,client1,maurits-dijk-07ac9879client11-88nrp,hfl-train,956.9970000000012
1361,11,client1,maurits-dijk-07ac9879client11-88nrp,sidecar,747.813000000001
1362,11,client13,maurits-dijk-07ac9879client131-49m2m,hfl-train,923.5860000000011
1363,11,client13,maurits-dijk-07ac9879client131-49m2m,sidecar,631.8900000000003
1364,11,client13,maurits-dijk-07ac9879client131-49m2m,hfl-train-model,753.8429999999998
1365,11,server,maurits-dijk-07ac9879server1-n7kt8,hfl-train,474.9360000000006
1366,11,server,maurits-dijk-07ac9879server1-n7kt8,sidecar,376.3050000000003
1367,11,server,maurits-dijk-07ac9879server1-n7kt8,hfl-train-model,798.8850000000002
1368,12,server,server-656f98b57f-xcc8n,linkerd-init,0.0
1369,12,server,server-656f98b57f-xcc8n,linkerd-proxy,596.3760000000002
1370,12,client8,client8-5845965f99-c7gv7,client8,909.0450000000001
1371,12,client8,client8-5845965f99-c7gv7,sidecar,839.232
1372,12,client8,client8-5845965f99-c7gv7,linkerd-proxy,908.6129999999994
1373,12,client8,client8-5845965f99-c7gv7,linkerd-init,0.0
1374,12,client14,client14-856b5b5576-d9cj8,client14,849.7080000000005
1375,12,client14,client14-856b5b5576-d9cj8,sidecar,847.755000000001
1376,12,client14,client14-856b5b5576-d9cj8,linkerd-init,0.0
1377,12,client14,client14-856b5b5576-d9cj8,linkerd-proxy,849.485999999999
1378,12,client10,client10-694b6b97b4-9h5k7,client10,819.4890000000014
1379,12,client10,client10-694b6b97b4-9h5k7,linkerd-proxy,819.5190000000002
1380,12,client10,client10-694b6b97b4-9h5k7,sidecar,817.2029999999995
1381,12,client10,client10-694b6b97b4-9h5k7,linkerd-init,0.0
1382,12,orchestrator,policy-enforcer-cb8dccbd8-kc7h5,linkerd-init,0.0
1383,12,orchestrator,orchestrator-555f7b7c9d-x6psh,linkerd-proxy,411.6270000000013
1384,12,api-gateway,api-gateway-6bf76d45b7-wr226,linkerd-proxy,430.9259999999995
1385,12,orchestrator,policy-enforcer-cb8dccbd8-kc7h5,linkerd-proxy,411.53400000000147
1386,12,api-gateway,api-gateway-6bf76d45b7-wr226,linkerd-init,0.0
1387,12,orchestrator,orchestrator-555f7b7c9d-x6psh,linkerd-init,0.0
1388,12,client6,client6-785d875985-44dw6,client6,832.9560000000001
1389,12,client6,client6-785d875985-44dw6,linkerd-proxy,832.6859999999979
1390,12,client6,client6-785d875985-44dw6,linkerd-init,0.0
1391,12,client6,client6-785d875985-44dw6,sidecar,830.387999999999
1392,12,client4,client4-744474fb99-2dhnc,sidecar,820.1999999999989
1393,12,client4,client4-744474fb99-2dhnc,linkerd-init,0.0
1394,12,client4,client4-744474fb99-2dhnc,client4,822.6659999999993
1395,12,client4,client4-744474fb99-2dhnc,linkerd-proxy,822.5759999999991
1396,12,client17,client17-69b85b5ccf-jjgfq,sidecar,700.4460000000017
1397,12,client17,client17-69b85b5ccf-jjgfq,client17,773.1329999999998
1398,12,client17,client17-69b85b5ccf-jjgfq,linkerd-proxy,770.4329999999991
1399,12,client17,client17-69b85b5ccf-jjgfq,linkerd-init,0.0
1400,12,client15,client15-79c969ddf-9zmnv,linkerd-init,0.0
1401,12,client15,client15-79c969ddf-9zmnv,sidecar,810.7559999999994
1402,12,client15,client15-79c969ddf-9zmnv,client15,812.5679999999993
1403,12,client15,client15-79c969ddf-9zmnv,linkerd-proxy,812.3310000000001
1404,12,client9,client9-d68fb99b4-wnklx,linkerd-init,0.0
1405,12,client9,client9-d68fb99b4-wnklx,sidecar,496.97400000000016
1406,12,client9,client9-d68fb99b4-wnklx,client9,630.7110000000011
1407,12,client9,client9-d68fb99b4-wnklx,linkerd-proxy,627.5490000000009
1408,12,client5,client5-7d5ff7f8b4-6nn5m,linkerd-proxy,625.646999999999
1409,12,client5,client5-7d5ff7f8b4-6nn5m,sidecar,428.02500000000055
1410,12,client5,client5-7d5ff7f8b4-6nn5m,linkerd-init,0.0
1411,12,client5,client5-7d5ff7f8b4-6nn5m,client5,629.1149999999998
1412,12,client12,client12-79bc8d5846-fg7f4,sidecar,593.3160000000007
1413,12,client12,client12-79bc8d5846-fg7f4,client12,690.3960000000006
1414,12,client12,client12-79bc8d5846-fg7f4,linkerd-proxy,690.375
1415,12,client12,client12-79bc8d5846-fg7f4,linkerd-init,0.0
1416,12,client16,client16-6dc7f87f54-k2nz6,linkerd-init,0.0
1417,12,client16,client16-6dc7f87f54-k2nz6,client16,684.8430000000008
1418,12,client16,client16-6dc7f87f54-k2nz6,sidecar,682.902
1419,12,client16,client16-6dc7f87f54-k2nz6,linkerd-proxy,684.867000000002
1420,12,client2,client2-86cd6d8cf7-hwdsb,sidecar,702.4529999999995
1421,12,client2,client2-86cd6d8cf7-hwdsb,client2,704.0789999999979
1422,12,client2,client2-86cd6d8cf7-hwdsb,linkerd-proxy,703.9890000000014
1423,12,client2,client2-86cd6d8cf7-hwdsb,linkerd-init,0.0
1424,12,client3,client3-58c68898cd-zbgmx,client3,671.5290000000005
1425,12,client3,client3-58c68898cd-zbgmx,sidecar,669.7169999999987
1426,12,client3,client3-58c68898cd-zbgmx,linkerd-init,0.0
1427,12,client3,client3-58c68898cd-zbgmx,linkerd-proxy,671.6339999999982
1428,12,client18,client18-69db77c748-4z4s5,linkerd-init,0.0
1429,12,client18,client18-69db77c748-4z4s5,client18,667.2179999999971
1430,12,client18,client18-69db77c748-4z4s5,sidecar,665.5739999999987
1431,12,client18,client18-69db77c748-4z4s5,linkerd-proxy,667.0289999999986
1432,12,client7,client7-544486cc98-pnwh6,sidecar,674.7870000000003
1433,12,client7,client7-544486cc98-pnwh6,client7,676.1640000000007
1434,12,client7,client7-544486cc98-pnwh6,linkerd-proxy,675.8790000000008
1435,12,client7,client7-544486cc98-pnwh6,linkerd-init,0.0
1436,12,client11,client11-565c48c7c7-vg972,sidecar,567.1110000000008
1437,12,client11,client11-565c48c7c7-vg972,linkerd-proxy,684.1800000000003
1438,12,client11,client11-565c48c7c7-vg972,client11,684.5280000000021
1439,12,client11,client11-565c48c7c7-vg972,linkerd-init,0.0
1440,12,client19,client19-56fccdb4d9-7jztj,linkerd-init,0.0
1441,12,client19,client19-56fccdb4d9-7jztj,client19,639.1679999999997
1442,12,client19,client19-56fccdb4d9-7jztj,sidecar,637.601999999999
1443,12,client19,client19-56fccdb4d9-7jztj,linkerd-proxy,639.1650000000009
1444,12,client1,client1-7b9db886dd-zwn89,client1,637.6200000000008
1445,12,client1,client1-7b9db886dd-zwn89,sidecar,576.2489999999998
1446,12,client1,client1-7b9db886dd-zwn89,linkerd-proxy,638.0010000000002
1447,12,client1,client1-7b9db886dd-zwn89,linkerd-init,0.0
1448,12,client13,client13-7bf86f4f87-gw5cj,sidecar,574.655999999999
1449,12,client13,client13-7bf86f4f87-gw5cj,client13,681.9930000000004
1450,12,client13,client13-7bf86f4f87-gw5cj,linkerd-init,0.0
1451,12,client13,client13-7bf86f4f87-gw5cj,linkerd-proxy,677.1089999999986
1452,12,client20,client20-65f8864f77-f7g5b,sidecar,688.9410000000007
1453,12,client20,client20-65f8864f77-f7g5b,client20,690.4680000000008
1454,12,client20,client20-65f8864f77-f7g5b,linkerd-proxy,690.2820000000011
1455,12,client20,client20-65f8864f77-f7g5b,linkerd-init,0.0
1456,12,server,server-656f98b57f-xcc8n,sidecar,523.2750000000005
1457,12,server,server-656f98b57f-xcc8n,server,611.3580000000011
1458,12,orchestrator,orchestrator-555f7b7c9d-x6psh,orchestrator,273.21900000000005
1459,12,orchestrator,policy-enforcer-cb8dccbd8-kc7h5,sidecar,410.65200000000004
1460,12,orchestrator,orchestrator-555f7b7c9d-x6psh,sidecar,401.14500000000044
1461,12,orchestrator,policy-enforcer-cb8dccbd8-kc7h5,policy-enforcer,302.1029999999996
1462,12,api-gateway,api-gateway-6bf76d45b7-wr226,sidecar,325.95600000000013
1463,12,api-gateway,api-gateway-6bf76d45b7-wr226,api-gateway,431.48399999999947
1464,12,client17,maurits-dijk-07ac9879client171-sp7mj,hfl-train,885.4499999999989
1465,12,client17,maurits-dijk-07ac9879client171-sp7mj,hfl-train-model,767.2139999999999
1466,12,client17,maurits-dijk-07ac9879client171-sp7mj,sidecar,749.4089999999987
1467,12,client9,maurits-dijk-07ac9879client91-tpphj,hfl-train,766.0709999999999
1468,12,client9,maurits-dijk-07ac9879client91-tpphj,hfl-train-model,621.9540000000015
1469,12,client9,maurits-dijk-07ac9879client91-tpphj,sidecar,598.965000000001
1470,12,client5,maurits-dijk-07ac9879client51-2h759,hfl-train-model,623.6610000000001
1471,12,client5,maurits-dijk-07ac9879client51-2h759,hfl-train,739.1399999999994
1472,12,client5,maurits-dijk-07ac9879client51-2h759,sidecar,580.5869999999995
1473,12,client1,maurits-dijk-07ac9879client11-88nrp,hfl-train-model,632.2980000000007
1474,12,client1,maurits-dijk-07ac9879client11-88nrp,hfl-train,749.3970000000008
1475,12,client1,maurits-dijk-07ac9879client11-88nrp,sidecar,568.7669999999989
1476,12,client13,maurits-dijk-07ac9879client131-49m2m,hfl-train,846.5099999999984
1477,12,client13,maurits-dijk-07ac9879client131-49m2m,sidecar,600.531
1478,12,client13,maurits-dijk-07ac9879client131-49m2m,hfl-train-model,673.7880000000005
1479,12,server,maurits-dijk-07ac9879server1-n7kt8,hfl-train,593.7839999999997
1480,12,server,maurits-dijk-07ac9879server1-n7kt8,sidecar,461.39999999999964
1481,12,server,maurits-dijk-07ac9879server1-n7kt8,hfl-train-model,884.8680000000004
1482,13,server,server-656f98b57f-xcc8n,linkerd-init,0.0
1483,13,server,server-656f98b57f-xcc8n,linkerd-proxy,473.78099999999995
1484,13,client8,client8-5845965f99-c7gv7,client8,723.2609999999986
1485,13,client8,client8-5845965f99-c7gv7,sidecar,651.1769999999997
1486,13,client8,client8-5845965f99-c7gv7,linkerd-proxy,723.1049999999996
1487,13,client8,client8-5845965f99-c7gv7,linkerd-init,0.0
1488,13,client14,client14-856b5b5576-d9cj8,client14,689.5949999999993
1489,13,client14,client14-856b5b5576-d9cj8,sidecar,688.0499999999993
1490,13,client14,client14-856b5b5576-d9cj8,linkerd-init,0.0
1491,13,client14,client14-856b5b5576-d9cj8,linkerd-proxy,689.3790000000008
1492,13,client10,client10-694b6b97b4-9h5k7,client10,743.5259999999998
1493,13,client10,client10-694b6b97b4-9h5k7,linkerd-proxy,743.4779999999992
1494,13,client10,client10-694b6b97b4-9h5k7,sidecar,741.5490000000009
1495,13,client10,client10-694b6b97b4-9h5k7,linkerd-init,0.0
1496,13,orchestrator,policy-enforcer-cb8dccbd8-kc7h5,linkerd-init,0.0
1497,13,orchestrator,orchestrator-555f7b7c9d-x6psh,linkerd-proxy,334.811999999999
1498,13,api-gateway,api-gateway-6bf76d45b7-wr226,linkerd-proxy,352.54200000000037
1499,13,orchestrator,policy-enforcer-cb8dccbd8-kc7h5,linkerd-proxy,334.79699999999866
1500,13,api-gateway,api-gateway-6bf76d45b7-wr226,linkerd-init,0.0
1501,13,orchestrator,orchestrator-555f7b7c9d-x6psh,linkerd-init,0.0
1502,13,client6,client6-785d875985-44dw6,client6,724.5750000000007
1503,13,client6,client6-785d875985-44dw6,linkerd-proxy,724.2000000000007
1504,13,client6,client6-785d875985-44dw6,linkerd-init,0.0
1505,13,client6,client6-785d875985-44dw6,sidecar,722.4570000000003
1506,13,client4,client4-744474fb99-2dhnc,sidecar,724.5360000000019
1507,13,client4,client4-744474fb99-2dhnc,linkerd-init,0.0
1508,13,client4,client4-744474fb99-2dhnc,client4,726.5760000000009
1509,13,client4,client4-744474fb99-2dhnc,linkerd-proxy,726.6060000000016
1510,13,client17,client17-69b85b5ccf-jjgfq,sidecar,572.1659999999974
1511,13,client17,client17-69b85b5ccf-jjgfq,client17,635.0310000000009
1512,13,client17,client17-69b85b5ccf-jjgfq,linkerd-proxy,630.8880000000008
1513,13,client17,client17-69b85b5ccf-jjgfq,linkerd-init,0.0
1514,13,client15,client15-79c969ddf-9zmnv,linkerd-init,0.0
1515,13,client15,client15-79c969ddf-9zmnv,sidecar,733.8209999999999
1516,13,client15,client15-79c969ddf-9zmnv,client15,735.3630000000012
1517,13,client15,client15-79c969ddf-9zmnv,linkerd-proxy,735.2250000000004
1518,13,client9,client9-d68fb99b4-wnklx,linkerd-init,0.0
1519,13,client9,client9-d68fb99b4-wnklx,sidecar,688.619999999999
1520,13,client9,client9-d68fb99b4-wnklx,client9,818.9339999999993
1521,13,client9,client9-d68fb99b4-wnklx,linkerd-proxy,817.1370000000006
1522,13,client5,client5-7d5ff7f8b4-6nn5m,linkerd-proxy,773.9010000000017
1523,13,client5,client5-7d5ff7f8b4-6nn5m,sidecar,562.2330000000002
1524,13,client5,client5-7d5ff7f8b4-6nn5m,linkerd-init,0.0
1525,13,client5,client5-7d5ff7f8b4-6nn5m,client5,777.7800000000007
1526,13,client12,client12-79bc8d5846-fg7f4,sidecar,668.8230000000003
1527,13,client12,client12-79bc8d5846-fg7f4,client12,802.6200000000008
1528,13,client12,client12-79bc8d5846-fg7f4,linkerd-proxy,802.5239999999994
1529,13,client12,client12-79bc8d5846-fg7f4,linkerd-init,0.0
1530,13,client16,client16-6dc7f87f54-k2nz6,linkerd-init,0.0
1531,13,client16,client16-6dc7f87f54-k2nz6,client16,818.268
1532,13,client16,client16-6dc7f87f54-k2nz6,sidecar,815.9969999999994
1533,13,client16,client16-6dc7f87f54-k2nz6,linkerd-proxy,818.2530000000006
1534,13,client2,client2-86cd6d8cf7-hwdsb,sidecar,813.6030000000028
1535,13,client2,client2-86cd6d8cf7-hwdsb,client2,815.4720000000016
1536,13,client2,client2-86cd6d8cf7-hwdsb,linkerd-proxy,815.360999999999
1537,13,client2,client2-86cd6d8cf7-hwdsb,linkerd-init,0.0
1538,13,client3,client3-58c68898cd-zbgmx,client3,828.7260000000006
1539,13,client3,client3-58c68898cd-zbgmx,sidecar,826.4339999999993
1540,13,client3,client3-58c68898cd-zbgmx,linkerd-init,0.0
1541,13,client3,client3-58c68898cd-zbgmx,linkerd-proxy,828.8610000000008
1542,13,client18,client18-69db77c748-4z4s5,linkerd-init,0.0
1543,13,client18,client18-69db77c748-4z4s5,client18,820.3290000000015
1544,13,client18,client18-69db77c748-4z4s5,sidecar,818.5200000000023
1545,13,client18,client18-69db77c748-4z4s5,linkerd-proxy,820.1310000000012
1546,13,client7,client7-544486cc98-pnwh6,sidecar,804.4229999999989
1547,13,client7,client7-544486cc98-pnwh6,client7,805.9500000000007
1548,13,client7,client7-544486cc98-pnwh6,linkerd-proxy,805.7159999999985
1549,13,client7,client7-544486cc98-pnwh6,linkerd-init,0.0
1550,13,client11,client11-565c48c7c7-vg972,sidecar,722.2560000000012
1551,13,client11,client11-565c48c7c7-vg972,linkerd-proxy,843.6119999999992
1552,13,client11,client11-565c48c7c7-vg972,client11,844.0619999999981
1553,13,client11,client11-565c48c7c7-vg972,linkerd-init,0.0
1554,13,client19,client19-56fccdb4d9-7jztj,linkerd-init,0.0
1555,13,client19,client19-56fccdb4d9-7jztj,client19,804.4290000000001
1556,13,client19,client19-56fccdb4d9-7jztj,sidecar,802.5630000000001
1557,13,client19,client19-56fccdb4d9-7jztj,linkerd-proxy,804.3209999999999
1558,13,client1,client1-7b9db886dd-zwn89,client1,735.9899999999998
1559,13,client1,client1-7b9db886dd-zwn89,sidecar,682.1640000000007
1560,13,client1,client1-7b9db886dd-zwn89,linkerd-proxy,734.4420000000009
1561,13,client1,client1-7b9db886dd-zwn89,linkerd-init,0.0
1562,13,client13,client13-7bf86f4f87-gw5cj,sidecar,629.6099999999997
1563,13,client13,client13-7bf86f4f87-gw5cj,client13,726.2369999999992
1564,13,client13,client13-7bf86f4f87-gw5cj,linkerd-init,0.0
1565,13,client13,client13-7bf86f4f87-gw5cj,linkerd-proxy,722.880000000001
1566,13,client20,client20-65f8864f77-f7g5b,sidecar,797.9189999999999
1567,13,client20,client20-65f8864f77-f7g5b,client20,799.617000000002
1568,13,client20,client20-65f8864f77-f7g5b,linkerd-proxy,799.5270000000019
1569,13,client20,client20-65f8864f77-f7g5b,linkerd-init,0.0
1570,13,server,server-656f98b57f-xcc8n,sidecar,392.3190000000004
1571,13,server,server-656f98b57f-xcc8n,server,490.72499999999945
1572,13,orchestrator,orchestrator-555f7b7c9d-x6psh,orchestrator,188.10300000000007
1573,13,orchestrator,policy-enforcer-cb8dccbd8-kc7h5,sidecar,298.2360000000008
1574,13,orchestrator,orchestrator-555f7b7c9d-x6psh,sidecar,300.3629999999994
1575,13,orchestrator,policy-enforcer-cb8dccbd8-kc7h5,policy-enforcer,157.61099999999988
1576,13,api-gateway,api-gateway-6bf76d45b7-wr226,sidecar,285.90599999999995
1577,13,api-gateway,api-gateway-6bf76d45b7-wr226,api-gateway,375.933
1578,13,client17,maurits-dijk-07ac9879client171-sp7mj,hfl-train,745.215000000002
1579,13,client17,maurits-dijk-07ac9879client171-sp7mj,hfl-train-model,627.9539999999997
1580,13,client17,maurits-dijk-07ac9879client171-sp7mj,sidecar,533.4089999999997
1581,13,client9,maurits-dijk-07ac9879client91-tpphj,hfl-train,963.9420000000009
1582,13,client9,maurits-dijk-07ac9879client91-tpphj,hfl-train-model,810.6389999999992
1583,13,client9,maurits-dijk-07ac9879client91-tpphj,sidecar,735.8069999999989
1584,13,client5,maurits-dijk-07ac9879client51-2h759,hfl-train-model,771.4440000000013
1585,13,client5,maurits-dijk-07ac9879client51-2h759,hfl-train,884.1240000000016
1586,13,client5,maurits-dijk-07ac9879client51-2h759,sidecar,680.5590000000011
1587,13,client1,maurits-dijk-07ac9879client11-88nrp,hfl-train-model,728.6639999999989
1588,13,client1,maurits-dijk-07ac9879client11-88nrp,hfl-train,846.8549999999996
1589,13,client1,maurits-dijk-07ac9879client11-88nrp,sidecar,684.831000000001
1590,13,client13,maurits-dijk-07ac9879client131-49m2m,hfl-train,890.7720000000008
1591,13,client13,maurits-dijk-07ac9879client131-49m2m,sidecar,592.3229999999994
1592,13,client13,maurits-dijk-07ac9879client131-49m2m,hfl-train-model,719.7389999999996
1593,13,server,maurits-dijk-07ac9879server1-n7kt8,hfl-train,469.28999999999996
1594,13,server,maurits-dijk-07ac9879server1-n7kt8,sidecar,417.90300000000025
1595,13,server,maurits-dijk-07ac9879server1-n7kt8,hfl-train-model,797.514000000001
1596,14,server,server-656f98b57f-xcc8n,linkerd-init,0.0
1597,14,server,server-656f98b57f-xcc8n,linkerd-proxy,571.6530000000002
1598,14,client8,client8-5845965f99-c7gv7,client8,900.3570000000018
1599,14,client8,client8-5845965f99-c7gv7,sidecar,837.4830000000002
1600,14,client8,client8-5845965f99-c7gv7,linkerd-proxy,899.9790000000012
1601,14,client8,client8-5845965f99-c7gv7,linkerd-init,0.0
1602,14,client14,client14-856b5b5576-d9cj8,client14,898.7250000000004
1603,14,client14,client14-856b5b5576-d9cj8,sidecar,896.8410000000003
1604,14,client14,client14-856b5b5576-d9cj8,linkerd-init,0.0
1605,14,client14,client14-856b5b5576-d9cj8,linkerd-proxy,898.4580000000005
1606,14,client10,client10-694b6b97b4-9h5k7,client10,798.3780000000006
1607,14,client10,client10-694b6b97b4-9h5k7,linkerd-proxy,798.402
1608,14,client10,client10-694b6b97b4-9h5k7,sidecar,796.3770000000004
1609,14,client10,client10-694b6b97b4-9h5k7,linkerd-init,0.0
1610,14,orchestrator,policy-enforcer-cb8dccbd8-kc7h5,linkerd-init,0.0
1611,14,orchestrator,orchestrator-555f7b7c9d-x6psh,linkerd-proxy,398.0100000000002
1612,14,api-gateway,api-gateway-6bf76d45b7-wr226,linkerd-proxy,416.5199999999995
1613,14,orchestrator,policy-enforcer-cb8dccbd8-kc7h5,linkerd-proxy,397.9230000000007
1614,14,api-gateway,api-gateway-6bf76d45b7-wr226,linkerd-init,0.0
1615,14,orchestrator,orchestrator-555f7b7c9d-x6psh,linkerd-init,0.0
1616,14,client6,client6-785d875985-44dw6,client6,839.6819999999989
1617,14,client6,client6-785d875985-44dw6,linkerd-proxy,839.3220000000001
1618,14,client6,client6-785d875985-44dw6,linkerd-init,0.0
1619,14,client6,client6-785d875985-44dw6,sidecar,837.0239999999994
1620,14,client4,client4-744474fb99-2dhnc,sidecar,667.3769999999986
1621,14,client4,client4-744474fb99-2dhnc,linkerd-init,0.0
1622,14,client4,client4-744474fb99-2dhnc,client4,669.6239999999998
1623,14,client4,client4-744474fb99-2dhnc,linkerd-proxy,669.4409999999989
1624,14,client17,client17-69b85b5ccf-jjgfq,sidecar,586.6230000000014
1625,14,client17,client17-69b85b5ccf-jjgfq,client17,641.0189999999984
1626,14,client17,client17-69b85b5ccf-jjgfq,linkerd-proxy,639.3899999999994
1627,14,client17,client17-69b85b5ccf-jjgfq,linkerd-init,0.0
1628,14,client15,client15-79c969ddf-9zmnv,linkerd-init,0.0
1629,14,client15,client15-79c969ddf-9zmnv,sidecar,659.4989999999998
1630,14,client15,client15-79c969ddf-9zmnv,client15,660.9930000000004
1631,14,client15,client15-79c969ddf-9zmnv,linkerd-proxy,660.8279999999995
1632,14,client9,client9-d68fb99b4-wnklx,linkerd-init,0.0
1633,14,client9,client9-d68fb99b4-wnklx,sidecar,501.474000000002
1634,14,client9,client9-d68fb99b4-wnklx,client9,633.987000000001
1635,14,client9,client9-d68fb99b4-wnklx,linkerd-proxy,631.1639999999989
1636,14,client5,client5-7d5ff7f8b4-6nn5m,linkerd-proxy,626.5769999999993
1637,14,client5,client5-7d5ff7f8b4-6nn5m,sidecar,541.0799999999999
1638,14,client5,client5-7d5ff7f8b4-6nn5m,linkerd-init,0.0
1639,14,client5,client5-7d5ff7f8b4-6nn5m,client5,628.7010000000009
1640,14,client12,client12-79bc8d5846-fg7f4,sidecar,600.2039999999997
1641,14,client12,client12-79bc8d5846-fg7f4,client12,680.0849999999991
1642,14,client12,client12-79bc8d5846-fg7f4,linkerd-proxy,679.9890000000014
1643,14,client12,client12-79bc8d5846-fg7f4,linkerd-init,0.0
1644,14,client16,client16-6dc7f87f54-k2nz6,linkerd-init,0.0
1645,14,client16,client16-6dc7f87f54-k2nz6,client16,629.5349999999999
1646,14,client16,client16-6dc7f87f54-k2nz6,sidecar,627.4139999999989
1647,14,client16,client16-6dc7f87f54-k2nz6,linkerd-proxy,629.3999999999978
1648,14,client2,client2-86cd6d8cf7-hwdsb,sidecar,689.991
1649,14,client2,client2-86cd6d8cf7-hwdsb,client2,691.5870000000014
1650,14,client2,client2-86cd6d8cf7-hwdsb,linkerd-proxy,691.4339999999993
1651,14,client2,client2-86cd6d8cf7-hwdsb,linkerd-init,0.0
1652,14,client3,client3-58c68898cd-zbgmx,client3,671.405999999999
1653,14,client3,client3-58c68898cd-zbgmx,sidecar,669.357
1654,14,client3,client3-58c68898cd-zbgmx,linkerd-init,0.0
1655,14,client3,client3-58c68898cd-zbgmx,linkerd-proxy,671.2859999999982
1656,14,client18,client18-69db77c748-4z4s5,linkerd-init,0.0
1657,14,client18,client18-69db77c748-4z4s5,client18,728.2379999999994
1658,14,client18,client18-69db77c748-4z4s5,sidecar,726.6749999999993
1659,14,client18,client18-69db77c748-4z4s5,linkerd-proxy,728.0879999999997
1660,14,client7,client7-544486cc98-pnwh6,sidecar,659.6939999999995
1661,14,client7,client7-544486cc98-pnwh6,client7,660.9930000000004
1662,14,client7,client7-544486cc98-pnwh6,linkerd-proxy,660.6899999999987
1663,14,client7,client7-544486cc98-pnwh6,linkerd-init,0.0
1664,14,client11,client11-565c48c7c7-vg972,sidecar,626.882999999998
1665,14,client11,client11-565c48c7c7-vg972,linkerd-proxy,695.9550000000017
1666,14,client11,client11-565c48c7c7-vg972,client11,696.0660000000007
1667,14,client11,client11-565c48c7c7-vg972,linkerd-init,0.0
1668,14,client19,client19-56fccdb4d9-7jztj,linkerd-init,0.0
1669,14,client19,client19-56fccdb4d9-7jztj,client19,699.6269999999986
1670,14,client19,client19-56fccdb4d9-7jztj,sidecar,698.1179999999986
1671,14,client19,client19-56fccdb4d9-7jztj,linkerd-proxy,699.5640000000003
1672,14,client1,client1-7b9db886dd-zwn89,client1,634.3829999999998
1673,14,client1,client1-7b9db886dd-zwn89,sidecar,614.0009999999984
1674,14,client1,client1-7b9db886dd-zwn89,linkerd-proxy,634.335000000001
1675,14,client1,client1-7b9db886dd-zwn89,linkerd-init,0.0
1676,14,client13,client13-7bf86f4f87-gw5cj,sidecar,610.9500000000007
1677,14,client13,client13-7bf86f4f87-gw5cj,client13,660.210000000001
1678,14,client13,client13-7bf86f4f87-gw5cj,linkerd-init,0.0
1679,14,client13,client13-7bf86f4f87-gw5cj,linkerd-proxy,656.360999999999
1680,14,client20,client20-65f8864f77-f7g5b,sidecar,716.3190000000013
1681,14,client20,client20-65f8864f77-f7g5b,client20,717.7949999999983
1682,14,client20,client20-65f8864f77-f7g5b,linkerd-proxy,717.6599999999999
1683,14,client20,client20-65f8864f77-f7g5b,linkerd-init,0.0
1684,14,server,server-656f98b57f-xcc8n,sidecar,537.0209999999997
1685,14,server,server-656f98b57f-xcc8n,server,588.2490000000007
1686,14,orchestrator,orchestrator-555f7b7c9d-x6psh,orchestrator,243.71099999999979
1687,14,orchestrator,policy-enforcer-cb8dccbd8-kc7h5,sidecar,397.0559999999996
1688,14,orchestrator,orchestrator-555f7b7c9d-x6psh,sidecar,354.3599999999997
1689,14,orchestrator,policy-enforcer-cb8dccbd8-kc7h5,policy-enforcer,276.89699999999993
1690,14,api-gateway,api-gateway-6bf76d45b7-wr226,sidecar,325.2930000000006
1691,14,api-gateway,api-gateway-6bf76d45b7-wr226,api-gateway,402.47100000000046
1692,14,client17,maurits-dijk-07ac9879client171-sp7mj,hfl-train,754.1700000000001
1693,14,client17,maurits-dijk-07ac9879client171-sp7mj,hfl-train-model,636.2849999999999
1694,14,client17,maurits-dijk-07ac9879client171-sp7mj,sidecar,589.8870000000006
1695,14,client9,maurits-dijk-07ac9879client91-tpphj,hfl-train,746.0189999999984
1696,14,client9,maurits-dijk-07ac9879client91-tpphj,hfl-train-model,626.4869999999992
1697,14,client9,maurits-dijk-07ac9879client91-tpphj,sidecar,616.866
1698,14,client5,maurits-dijk-07ac9879client51-2h759,hfl-train-model,624.4799999999996
1699,14,client5,maurits-dijk-07ac9879client51-2h759,hfl-train,735.9570000000003
1700,14,client5,maurits-dijk-07ac9879client51-2h759,sidecar,586.6350000000002
1701,14,client1,maurits-dijk-07ac9879client11-88nrp,hfl-train-model,628.9410000000007
1702,14,client1,maurits-dijk-07ac9879client11-88nrp,hfl-train,745.9920000000002
1703,14,client1,maurits-dijk-07ac9879client11-88nrp,sidecar,562.3979999999992
1704,14,client13,maurits-dijk-07ac9879client131-49m2m,hfl-train,821.4390000000003
1705,14,client13,maurits-dijk-07ac9879client131-49m2m,sidecar,553.2690000000002
1706,14,client13,maurits-dijk-07ac9879client131-49m2m,hfl-train-model,653.4330000000009
1707,14,server,maurits-dijk-07ac9879server1-n7kt8,hfl-train,569.0190000000002
1708,14,server,maurits-dijk-07ac9879server1-n7kt8,sidecar,503.8169999999991
1709,14,server,maurits-dijk-07ac9879server1-n7kt8,hfl-train-model,887.7749999999978
1710,15,server,server-656f98b57f-xcc8n,linkerd-init,0.0
1711,15,server,server-656f98b57f-xcc8n,linkerd-proxy,480.89699999999993
1712,15,client8,client8-5845965f99-c7gv7,client8,717.1200000000008
1713,15,client8,client8-5845965f99-c7gv7,sidecar,715.728000000001
1714,15,client8,client8-5845965f99-c7gv7,linkerd-proxy,716.8709999999992
1715,15,client8,client8-5845965f99-c7gv7,linkerd-init,0.0
1716,15,client14,client14-856b5b5576-d9cj8,client14,687.0480000000007
1717,15,client14,client14-856b5b5576-d9cj8,sidecar,685.3649999999998
1718,15,client14,client14-856b5b5576-d9cj8,linkerd-init,0.0
1719,15,client14,client14-856b5b5576-d9cj8,linkerd-proxy,686.753999999999
1720,15,client10,client10-694b6b97b4-9h5k7,client10,689.1059999999998
1721,15,client10,client10-694b6b97b4-9h5k7,linkerd-proxy,688.9679999999989
1722,15,client10,client10-694b6b97b4-9h5k7,sidecar,687.7289999999994
1723,15,client10,client10-694b6b97b4-9h5k7,linkerd-init,0.0
1724,15,orchestrator,policy-enforcer-cb8dccbd8-kc7h5,linkerd-init,0.0
1725,15,orchestrator,orchestrator-555f7b7c9d-x6psh,linkerd-proxy,336.0060000000003
1726,15,api-gateway,api-gateway-6bf76d45b7-wr226,linkerd-proxy,353.8830000000007
1727,15,orchestrator,policy-enforcer-cb8dccbd8-kc7h5,linkerd-proxy,335.85000000000036
1728,15,api-gateway,api-gateway-6bf76d45b7-wr226,linkerd-init,0.0
1729,15,orchestrator,orchestrator-555f7b7c9d-x6psh,linkerd-init,0.0
1730,15,client6,client6-785d875985-44dw6,client6,768.4110000000001
1731,15,client6,client6-785d875985-44dw6,linkerd-proxy,768.2759999999998
1732,15,client6,client6-785d875985-44dw6,linkerd-init,0.0
1733,15,client6,client6-785d875985-44dw6,sidecar,766.3379999999997
1734,15,client4,client4-744474fb99-2dhnc,sidecar,781.5540000000019
1735,15,client4,client4-744474fb99-2dhnc,linkerd-init,0.0
1736,15,client4,client4-744474fb99-2dhnc,client4,784.034999999998
1737,15,client4,client4-744474fb99-2dhnc,linkerd-proxy,784.0019999999986
1738,15,client17,client17-69b85b5ccf-jjgfq,sidecar,674.5289999999986
1739,15,client17,client17-69b85b5ccf-jjgfq,client17,740.2380000000012
1740,15,client17,client17-69b85b5ccf-jjgfq,linkerd-proxy,737.3160000000007
1741,15,client17,client17-69b85b5ccf-jjgfq,linkerd-init,0.0
1742,15,client15,client15-79c969ddf-9zmnv,linkerd-init,0.0
1743,15,client15,client15-79c969ddf-9zmnv,sidecar,844.5240000000013
1744,15,client15,client15-79c969ddf-9zmnv,client15,846.3960000000006
1745,15,client15,client15-79c969ddf-9zmnv,linkerd-proxy,846.1470000000008
1746,15,client9,client9-d68fb99b4-wnklx,linkerd-init,0.0
1747,15,client9,client9-d68fb99b4-wnklx,sidecar,674.3339999999989
1748,15,client9,client9-d68fb99b4-wnklx,client9,778.5389999999989
1749,15,client9,client9-d68fb99b4-wnklx,linkerd-proxy,776.7600000000002
1750,15,client5,client5-7d5ff7f8b4-6nn5m,linkerd-proxy,759.2219999999998
1751,15,client5,client5-7d5ff7f8b4-6nn5m,sidecar,571.1369999999988
1752,15,client5,client5-7d5ff7f8b4-6nn5m,linkerd-init,0.0
1753,15,client5,client5-7d5ff7f8b4-6nn5m,client5,763.1939999999995
1754,15,client12,client12-79bc8d5846-fg7f4,sidecar,676.1399999999994
1755,15,client12,client12-79bc8d5846-fg7f4,client12,772.2990000000009
1756,15,client12,client12-79bc8d5846-fg7f4,linkerd-proxy,772.1399999999994
1757,15,client12,client12-79bc8d5846-fg7f4,linkerd-init,0.0
1758,15,client16,client16-6dc7f87f54-k2nz6,linkerd-init,0.0
1759,15,client16,client16-6dc7f87f54-k2nz6,client16,808.7849999999999
1760,15,client16,client16-6dc7f87f54-k2nz6,sidecar,806.4210000000021
1761,15,client16,client16-6dc7f87f54-k2nz6,linkerd-proxy,808.7250000000004
1762,15,client2,client2-86cd6d8cf7-hwdsb,sidecar,864.5189999999984
1763,15,client2,client2-86cd6d8cf7-hwdsb,client2,866.396999999999
1764,15,client2,client2-86cd6d8cf7-hwdsb,linkerd-proxy,866.2109999999993
1765,15,client2,client2-86cd6d8cf7-hwdsb,linkerd-init,0.0
1766,15,client3,client3-58c68898cd-zbgmx,client3,785.3190000000013
1767,15,client3,client3-58c68898cd-zbgmx,sidecar,783.0270000000019
1768,15,client3,client3-58c68898cd-zbgmx,linkerd-init,0.0
1769,15,client3,client3-58c68898cd-zbgmx,linkerd-proxy,785.3040000000019
1770,15,client18,client18-69db77c748-4z4s5,linkerd-init,0.0
1771,15,client18,client18-69db77c748-4z4s5,client18,818.2439999999988
1772,15,client18,client18-69db77c748-4z4s5,sidecar,816.2879999999986
1773,15,client18,client18-69db77c748-4z4s5,linkerd-proxy,817.9139999999989
1774,15,client7,client7-544486cc98-pnwh6,sidecar,858.7829999999994
1775,15,client7,client7-544486cc98-pnwh6,client7,860.2649999999994
1776,15,client7,client7-544486cc98-pnwh6,linkerd-proxy,859.9530000000013
1777,15,client7,client7-544486cc98-pnwh6,linkerd-init,0.0
1778,15,client11,client11-565c48c7c7-vg972,sidecar,710.8739999999998
1779,15,client11,client11-565c48c7c7-vg972,linkerd-proxy,806.3069999999989
1780,15,client11,client11-565c48c7c7-vg972,client11,806.5020000000004
1781,15,client11,client11-565c48c7c7-vg972,linkerd-init,0.0
1782,15,client19,client19-56fccdb4d9-7jztj,linkerd-init,0.0
1783,15,client19,client19-56fccdb4d9-7jztj,client19,790.4220000000023
1784,15,client19,client19-56fccdb4d9-7jztj,sidecar,788.6310000000012
1785,15,client19,client19-56fccdb4d9-7jztj,linkerd-proxy,790.2119999999995
1786,15,client1,client1-7b9db886dd-zwn89,client1,825.5789999999997
1787,15,client1,client1-7b9db886dd-zwn89,sidecar,722.5650000000005
1788,15,client1,client1-7b9db886dd-zwn89,linkerd-proxy,822.914999999999
1789,15,client1,client1-7b9db886dd-zwn89,linkerd-init,0.0
1790,15,client13,client13-7bf86f4f87-gw5cj,sidecar,712.1910000000007
1791,15,client13,client13-7bf86f4f87-gw5cj,client13,771.4110000000001
1792,15,client13,client13-7bf86f4f87-gw5cj,linkerd-init,0.0
1793,15,client13,client13-7bf86f4f87-gw5cj,linkerd-proxy,766.6050000000014
1794,15,client20,client20-65f8864f77-f7g5b,sidecar,819.4139999999989
1795,15,client20,client20-65f8864f77-f7g5b,client20,821.2170000000006
1796,15,client20,client20-65f8864f77-f7g5b,linkerd-proxy,821.0969999999998
1797,15,client20,client20-65f8864f77-f7g5b,linkerd-init,0.0
1798,15,server,server-656f98b57f-xcc8n,sidecar,399.6149999999998
1799,15,server,server-656f98b57f-xcc8n,server,496.85399999999936
1800,15,orchestrator,orchestrator-555f7b7c9d-x6psh,orchestrator,266.4659999999999
1801,15,orchestrator,policy-enforcer-cb8dccbd8-kc7h5,sidecar,302.5500000000002
1802,15,orchestrator,orchestrator-555f7b7c9d-x6psh,sidecar,335.3100000000013
1803,15,orchestrator,policy-enforcer-cb8dccbd8-kc7h5,policy-enforcer,257.3850000000002
1804,15,api-gateway,api-gateway-6bf76d45b7-wr226,sidecar,326.58599999999933
1805,15,api-gateway,api-gateway-6bf76d45b7-wr226,api-gateway,346.0589999999993
1806,15,client17,maurits-dijk-07ac9879client171-sp7mj,hfl-train,869.2469999999994
1807,15,client17,maurits-dijk-07ac9879client171-sp7mj,hfl-train-model,733.9530000000013
1808,15,client17,maurits-dijk-07ac9879client171-sp7mj,sidecar,711.9629999999997
1809,15,client9,maurits-dijk-07ac9879client91-tpphj,hfl-train,900.75
1810,15,client9,maurits-dijk-07ac9879client91-tpphj,hfl-train-model,770.4329999999991
1811,15,client9,maurits-dijk-07ac9879client91-tpphj,sidecar,710.5440000000017
1812,15,client5,maurits-dijk-07ac9879client51-2h759,hfl-train-model,757.2060000000001
1813,15,client5,maurits-dijk-07ac9879client51-2h759,hfl-train,872.1419999999998
1814,15,client5,maurits-dijk-07ac9879client51-2h759,sidecar,742.8359999999993
1815,15,client1,maurits-dijk-07ac9879client11-88nrp,hfl-train-model,816.6149999999998
1816,15,client1,maurits-dijk-07ac9879client11-88nrp,hfl-train,957.7979999999989
1817,15,client1,maurits-dijk-07ac9879client11-88nrp,sidecar,690.5340000000015
1818,15,client13,maurits-dijk-07ac9879client131-49m2m,hfl-train,931.8809999999994
1819,15,client13,maurits-dijk-07ac9879client131-49m2m,sidecar,646.4580000000005
1820,15,client13,maurits-dijk-07ac9879client131-49m2m,hfl-train-model,763.3919999999998
1821,15,server,maurits-dijk-07ac9879server1-n7kt8,hfl-train,476.1179999999986
1822,15,server,maurits-dijk-07ac9879server1-n7kt8,sidecar,415.8120000000008
1823,15,server,maurits-dijk-07ac9879server1-n7kt8,hfl-train-model,793.8120000000017
1824,16,server,server-656f98b57f-xcc8n,linkerd-init,0.0
1825,16,server,server-656f98b57f-xcc8n,linkerd-proxy,581.139000000001
1826,16,client8,client8-5845965f99-c7gv7,client8,812.7600000000002
1827,16,client8,client8-5845965f99-c7gv7,sidecar,811.0589999999993
1828,16,client8,client8-5845965f99-c7gv7,linkerd-proxy,812.3130000000001
1829,16,client8,client8-5845965f99-c7gv7,linkerd-init,0.0
1830,16,client14,client14-856b5b5576-d9cj8,client14,842.9699999999993
1831,16,client14,client14-856b5b5576-d9cj8,sidecar,840.978000000001
1832,16,client14,client14-856b5b5576-d9cj8,linkerd-init,0.0
1833,16,client14,client14-856b5b5576-d9cj8,linkerd-proxy,842.7090000000007
1834,16,client10,client10-694b6b97b4-9h5k7,client10,760.518
1835,16,client10,client10-694b6b97b4-9h5k7,linkerd-proxy,760.335000000001
1836,16,client10,client10-694b6b97b4-9h5k7,sidecar,758.4089999999997
1837,16,client10,client10-694b6b97b4-9h5k7,linkerd-init,0.0
1838,16,orchestrator,policy-enforcer-cb8dccbd8-kc7h5,linkerd-init,0.0
1839,16,orchestrator,orchestrator-555f7b7c9d-x6psh,linkerd-proxy,423.51900000000023
1840,16,api-gateway,api-gateway-6bf76d45b7-wr226,linkerd-proxy,442.22999999999956
1841,16,orchestrator,policy-enforcer-cb8dccbd8-kc7h5,linkerd-proxy,423.40800000000036
1842,16,api-gateway,api-gateway-6bf76d45b7-wr226,linkerd-init,0.0
1843,16,orchestrator,orchestrator-555f7b7c9d-x6psh,linkerd-init,0.0
1844,16,client6,client6-785d875985-44dw6,client6,931.2000000000007
1845,16,client6,client6-785d875985-44dw6,linkerd-proxy,931.0949999999993
1846,16,client6,client6-785d875985-44dw6,linkerd-init,0.0
1847,16,client6,client6-785d875985-44dw6,sidecar,928.6319999999996
1848,16,client4,client4-744474fb99-2dhnc,sidecar,695.9279999999981
1849,16,client4,client4-744474fb99-2dhnc,linkerd-init,0.0
1850,16,client4,client4-744474fb99-2dhnc,client4,698.0670000000009
1851,16,client4,client4-744474fb99-2dhnc,linkerd-proxy,697.8420000000024
1852,16,client17,client17-69b85b5ccf-jjgfq,sidecar,590.760000000002
1853,16,client17,client17-69b85b5ccf-jjgfq,client17,655.8209999999981
1854,16,client17,client17-69b85b5ccf-jjgfq,linkerd-proxy,651.9389999999985
1855,16,client17,client17-69b85b5ccf-jjgfq,linkerd-init,0.0
1856,16,client15,client15-79c969ddf-9zmnv,linkerd-init,0.0
1857,16,client15,client15-79c969ddf-9zmnv,sidecar,659.6579999999994
1858,16,client15,client15-79c969ddf-9zmnv,client15,661.2299999999996
1859,16,client15,client15-79c969ddf-9zmnv,linkerd-proxy,660.9899999999998
1860,16,client9,client9-d68fb99b4-wnklx,linkerd-init,0.0
1861,16,client9,client9-d68fb99b4-wnklx,sidecar,547.6919999999991
1862,16,client9,client9-d68fb99b4-wnklx,client9,669.5429999999997
1863,16,client9,client9-d68fb99b4-wnklx,linkerd-proxy,668.7510000000002
1864,16,client5,client5-7d5ff7f8b4-6nn5m,linkerd-proxy,664.848
1865,16,client5,client5-7d5ff7f8b4-6nn5m,sidecar,588.3600000000024
1866,16,client5,client5-7d5ff7f8b4-6nn5m,linkerd-init,0.0
1867,16,client5,client5-7d5ff7f8b4-6nn5m,client5,667.3949999999986
1868,16,client12,client12-79bc8d5846-fg7f4,sidecar,583.0439999999999
1869,16,client12,client12-79bc8d5846-fg7f4,client12,666.887999999999
1870,16,client12,client12-79bc8d5846-fg7f4,linkerd-proxy,666.732
1871,16,client12,client12-79bc8d5846-fg7f4,linkerd-init,0.0
1872,16,client16,client16-6dc7f87f54-k2nz6,linkerd-init,0.0
1873,16,client16,client16-6dc7f87f54-k2nz6,client16,626.1239999999998
1874,16,client16,client16-6dc7f87f54-k2nz6,sidecar,624.0539999999983
1875,16,client16,client16-6dc7f87f54-k2nz6,linkerd-proxy,626.094000000001
1876,16,client2,client2-86cd6d8cf7-hwdsb,sidecar,697.5930000000008
1877,16,client2,client2-86cd6d8cf7-hwdsb,client2,699.2039999999997
1878,16,client2,client2-86cd6d8cf7-hwdsb,linkerd-proxy,698.9610000000011
1879,16,client2,client2-86cd6d8cf7-hwdsb,linkerd-init,0.0
1880,16,client3,client3-58c68898cd-zbgmx,client3,703.0499999999993
1881,16,client3,client3-58c68898cd-zbgmx,sidecar,701.0429999999997
1882,16,client3,client3-58c68898cd-zbgmx,linkerd-init,0.0
1883,16,client3,client3-58c68898cd-zbgmx,linkerd-proxy,702.8999999999978
1884,16,client18,client18-69db77c748-4z4s5,linkerd-init,0.0
1885,16,client18,client18-69db77c748-4z4s5,client18,692.9820000000018
1886,16,client18,client18-69db77c748-4z4s5,sidecar,691.3950000000004
1887,16,client18,client18-69db77c748-4z4s5,linkerd-proxy,692.8260000000009
1888,16,client7,client7-544486cc98-pnwh6,sidecar,743.3070000000007
1889,16,client7,client7-544486cc98-pnwh6,client7,744.759
1890,16,client7,client7-544486cc98-pnwh6,linkerd-proxy,744.503999999999
1891,16,client7,client7-544486cc98-pnwh6,linkerd-init,0.0
1892,16,client11,client11-565c48c7c7-vg972,sidecar,552.402
1893,16,client11,client11-565c48c7c7-vg972,linkerd-proxy,664.4159999999993
1894,16,client11,client11-565c48c7c7-vg972,client11,664.6949999999997
1895,16,client11,client11-565c48c7c7-vg972,linkerd-init,0.0
1896,16,client19,client19-56fccdb4d9-7jztj,linkerd-init,0.0
1897,16,client19,client19-56fccdb4d9-7jztj,client19,706.8119999999999
1898,16,client19,client19-56fccdb4d9-7jztj,sidecar,705.2399999999998
1899,16,client19,client19-56fccdb4d9-7jztj,linkerd-proxy,706.7099999999991
1900,16,client1,client1-7b9db886dd-zwn89,client1,673.1039999999994
1901,16,client1,client1-7b9db886dd-zwn89,sidecar,613.9889999999996
1902,16,client1,client1-7b9db886dd-zwn89,linkerd-proxy,671.5830000000005
1903,16,client1,client1-7b9db886dd-zwn89,linkerd-init,0.0
1904,16,client13,client13-7bf86f4f87-gw5cj,sidecar,594.8219999999983
1905,16,client13,client13-7bf86f4f87-gw5cj,client13,653.4629999999997
1906,16,client13,client13-7bf86f4f87-gw5cj,linkerd-init,0.0
1907,16,client13,client13-7bf86f4f87-gw5cj,linkerd-proxy,650.4629999999997
1908,16,client20,client20-65f8864f77-f7g5b,sidecar,694.2389999999996
1909,16,client20,client20-65f8864f77-f7g5b,client20,695.6579999999994
1910,16,client20,client20-65f8864f77-f7g5b,linkerd-proxy,695.5229999999992
1911,16,client20,client20-65f8864f77-f7g5b,linkerd-init,0.0
1912,16,server,server-656f98b57f-xcc8n,sidecar,561.2910000000002
1913,16,server,server-656f98b57f-xcc8n,server,594.5069999999996
1914,16,orchestrator,orchestrator-555f7b7c9d-x6psh,orchestrator,214.40399999999954
1915,16,orchestrator,policy-enforcer-cb8dccbd8-kc7h5,sidecar,395.02199999999993
1916,16,orchestrator,orchestrator-555f7b7c9d-x6psh,sidecar,388.97999999999865
1917,16,orchestrator,policy-enforcer-cb8dccbd8-kc7h5,policy-enforcer,250.36200000000053
1918,16,api-gateway,api-gateway-6bf76d45b7-wr226,sidecar,322.78499999999985
1919,16,api-gateway,api-gateway-6bf76d45b7-wr226,api-gateway,431.2349999999997
1920,16,client17,maurits-dijk-07ac9879client171-sp7mj,hfl-train,766.0649999999987
1921,16,client17,maurits-dijk-07ac9879client171-sp7mj,hfl-train-model,649.0619999999981
1922,16,client17,maurits-dijk-07ac9879client171-sp7mj,sidecar,622.7670000000016
1923,16,client9,maurits-dijk-07ac9879client91-tpphj,hfl-train,801.1170000000002
1924,16,client9,maurits-dijk-07ac9879client91-tpphj,hfl-train-model,663.0600000000013
1925,16,client9,maurits-dijk-07ac9879client91-tpphj,sidecar,647.3399999999983
1926,16,client5,maurits-dijk-07ac9879client51-2h759,hfl-train-model,663.0659999999989
1927,16,client5,maurits-dijk-07ac9879client51-2h759,hfl-train,775.6290000000008
1928,16,client5,maurits-dijk-07ac9879client51-2h759,sidecar,641.7929999999997
1929,16,client1,maurits-dijk-07ac9879client11-88nrp,hfl-train-model,665.6400000000012
1930,16,client1,maurits-dijk-07ac9879client11-88nrp,hfl-train,784.746000000001
1931,16,client1,maurits-dijk-07ac9879client11-88nrp,sidecar,618.0479999999989
1932,16,client13,maurits-dijk-07ac9879client131-49m2m,hfl-train,820.0980000000018
1933,16,client13,maurits-dijk-07ac9879client131-49m2m,sidecar,503.4269999999997
1934,16,client13,maurits-dijk-07ac9879client131-49m2m,hfl-train-model,647.148000000001
1935,16,server,maurits-dijk-07ac9879server1-n7kt8,hfl-train,575.6700000000001
1936,16,server,maurits-dijk-07ac9879server1-n7kt8,sidecar,497.02499999999964
1937,16,server,maurits-dijk-07ac9879server1-n7kt8,hfl-train-model,888.2999999999993
1938,17,server,server-656f98b57f-xcc8n,linkerd-init,0.0
1939,17,server,server-656f98b57f-xcc8n,linkerd-proxy,451.59299999999894
1940,17,client8,client8-5845965f99-c7gv7,client8,678.632999999998
1941,17,client8,client8-5845965f99-c7gv7,sidecar,677.2439999999988
1942,17,client8,client8-5845965f99-c7gv7,linkerd-proxy,678.3420000000006
1943,17,client8,client8-5845965f99-c7gv7,linkerd-init,0.0
1944,17,client14,client14-856b5b5576-d9cj8,client14,677.5799999999999
1945,17,client14,client14-856b5b5576-d9cj8,sidecar,675.9179999999997
1946,17,client14,client14-856b5b5576-d9cj8,linkerd-init,0.0
1947,17,client14,client14-856b5b5576-d9cj8,linkerd-proxy,677.378999999999
1948,17,client10,client10-694b6b97b4-9h5k7,client10,688.9229999999989
1949,17,client10,client10-694b6b97b4-9h5k7,linkerd-proxy,688.9650000000001
1950,17,client10,client10-694b6b97b4-9h5k7,sidecar,686.9699999999993
1951,17,client10,client10-694b6b97b4-9h5k7,linkerd-init,0.0
1952,17,orchestrator,policy-enforcer-cb8dccbd8-kc7h5,linkerd-init,0.0
1953,17,orchestrator,orchestrator-555f7b7c9d-x6psh,linkerd-proxy,351.6329999999998
1954,17,api-gateway,api-gateway-6bf76d45b7-wr226,linkerd-proxy,369.90899999999965
1955,17,orchestrator,policy-enforcer-cb8dccbd8-kc7h5,linkerd-proxy,351.66299999999956
1956,17,api-gateway,api-gateway-6bf76d45b7-wr226,linkerd-init,0.0
1957,17,orchestrator,orchestrator-555f7b7c9d-x6psh,linkerd-init,0.0
1958,17,client6,client6-785d875985-44dw6,client6,818.5349999999999
1959,17,client6,client6-785d875985-44dw6,linkerd-proxy,818.3100000000013
1960,17,client6,client6-785d875985-44dw6,linkerd-init,0.0
1961,17,client6,client6-785d875985-44dw6,sidecar,816.3900000000012
1962,17,client4,client4-744474fb99-2dhnc,sidecar,817.7219999999998
1963,17,client4,client4-744474fb99-2dhnc,linkerd-init,0.0
1964,17,client4,client4-744474fb99-2dhnc,client4,820.2270000000008
1965,17,client4,client4-744474fb99-2dhnc,linkerd-proxy,820.107
1966,17,client17,client17-69b85b5ccf-jjgfq,sidecar,646.0709999999981
1967,17,client17,client17-69b85b5ccf-jjgfq,client17,722.3220000000019
1968,17,client17,client17-69b85b5ccf-jjgfq,linkerd-proxy,719.9160000000011
1969,17,client17,client17-69b85b5ccf-jjgfq,linkerd-init,0.0
1970,17,client15,client15-79c969ddf-9zmnv,linkerd-init,0.0
1971,17,client15,client15-79c969ddf-9zmnv,sidecar,892.1190000000006
1972,17,client15,client15-79c969ddf-9zmnv,client15,894.0630000000001
1973,17,client15,client15-79c969ddf-9zmnv,linkerd-proxy,893.7179999999989
1974,17,client9,client9-d68fb99b4-wnklx,linkerd-init,0.0
1975,17,client9,client9-d68fb99b4-wnklx,sidecar,621.483000000002
1976,17,client9,client9-d68fb99b4-wnklx,client9,731.7300000000014
1977,17,client9,client9-d68fb99b4-wnklx,linkerd-proxy,730.884
1978,17,client5,client5-7d5ff7f8b4-6nn5m,linkerd-proxy,724.9410000000007
1979,17,client5,client5-7d5ff7f8b4-6nn5m,sidecar,635.7029999999995
1980,17,client5,client5-7d5ff7f8b4-6nn5m,linkerd-init,0.0
1981,17,client5,client5-7d5ff7f8b4-6nn5m,client5,728.6370000000006
1982,17,client12,client12-79bc8d5846-fg7f4,sidecar,697.9470000000001
1983,17,client12,client12-79bc8d5846-fg7f4,client12,912.8790000000008
1984,17,client12,client12-79bc8d5846-fg7f4,linkerd-proxy,912.6360000000004
1985,17,client12,client12-79bc8d5846-fg7f4,linkerd-init,0.0
1986,17,client16,client16-6dc7f87f54-k2nz6,linkerd-init,0.0
1987,17,client16,client16-6dc7f87f54-k2nz6,client16,832.4549999999999
1988,17,client16,client16-6dc7f87f54-k2nz6,sidecar,829.8240000000005
1989,17,client16,client16-6dc7f87f54-k2nz6,linkerd-proxy,832.2299999999996
1990,17,client2,client2-86cd6d8cf7-hwdsb,sidecar,815.4689999999991
1991,17,client2,client2-86cd6d8cf7-hwdsb,client2,817.4969999999994
1992,17,client2,client2-86cd6d8cf7-hwdsb,linkerd-proxy,817.1939999999995
1993,17,client2,client2-86cd6d8cf7-hwdsb,linkerd-init,0.0
1994,17,client3,client3-58c68898cd-zbgmx,client3,828.8310000000001
1995,17,client3,client3-58c68898cd-zbgmx,sidecar,826.5359999999982
1996,17,client3,client3-58c68898cd-zbgmx,linkerd-init,0.0
1997,17,client3,client3-58c68898cd-zbgmx,linkerd-proxy,828.603000000001
1998,17,client18,client18-69db77c748-4z4s5,linkerd-init,0.0
1999,17,client18,client18-69db77c748-4z4s5,client18,879.2729999999992
2000,17,client18,client18-69db77c748-4z4s5,sidecar,877.3739999999998
2001,17,client18,client18-69db77c748-4z4s5,linkerd-proxy,879.2129999999997
2002,17,client7,client7-544486cc98-pnwh6,sidecar,875.6610000000019
2003,17,client7,client7-544486cc98-pnwh6,client7,877.1999999999989
2004,17,client7,client7-544486cc98-pnwh6,linkerd-proxy,876.9060000000009
2005,17,client7,client7-544486cc98-pnwh6,linkerd-init,0.0
2006,17,client11,client11-565c48c7c7-vg972,sidecar,722.7960000000021
2007,17,client11,client11-565c48c7c7-vg972,linkerd-proxy,870.6779999999999
2008,17,client11,client11-565c48c7c7-vg972,client11,871.0439999999999
2009,17,client11,client11-565c48c7c7-vg972,linkerd-init,0.0
2010,17,client19,client19-56fccdb4d9-7jztj,linkerd-init,0.0
2011,17,client19,client19-56fccdb4d9-7jztj,client19,924.8729999999996
2012,17,client19,client19-56fccdb4d9-7jztj,sidecar,923.0040000000008
2013,17,client19,client19-56fccdb4d9-7jztj,linkerd-proxy,924.6840000000011
2014,17,client1,client1-7b9db886dd-zwn89,client1,741.1920000000009
2015,17,client1,client1-7b9db886dd-zwn89,sidecar,684.621000000001
2016,17,client1,client1-7b9db886dd-zwn89,linkerd-proxy,741.6389999999992
2017,17,client1,client1-7b9db886dd-zwn89,linkerd-init,0.0
2018,17,client13,client13-7bf86f4f87-gw5cj,sidecar,726.1530000000002
2019,17,client13,client13-7bf86f4f87-gw5cj,client13,761.8379999999997
2020,17,client13,client13-7bf86f4f87-gw5cj,linkerd-init,0.0
2021,17,client13,client13-7bf86f4f87-gw5cj,linkerd-proxy,759.9150000000009
2022,17,client20,client20-65f8864f77-f7g5b,sidecar,926.5529999999999
2023,17,client20,client20-65f8864f77-f7g5b,client20,928.3500000000004
2024,17,client20,client20-65f8864f77-f7g5b,linkerd-proxy,928.1669999999995
2025,17,client20,client20-65f8864f77-f7g5b,linkerd-init,0.0
2026,17,server,server-656f98b57f-xcc8n,sidecar,387.4440000000013
2027,17,server,server-656f98b57f-xcc8n,server,466.4879999999994
2028,17,orchestrator,orchestrator-555f7b7c9d-x6psh,orchestrator,264.6690000000008
2029,17,orchestrator,policy-enforcer-cb8dccbd8-kc7h5,sidecar,322.09499999999935
2030,17,orchestrator,orchestrator-555f7b7c9d-x6psh,sidecar,324.996000000001
2031,17,orchestrator,policy-enforcer-cb8dccbd8-kc7h5,policy-enforcer,223.71000000000004
2032,17,api-gateway,api-gateway-6bf76d45b7-wr226,sidecar,339.46799999999985
2033,17,api-gateway,api-gateway-6bf76d45b7-wr226,api-gateway,380.2950000000001
2034,17,client17,maurits-dijk-07ac9879client171-sp7mj,hfl-train,850.1130000000012
2035,17,client17,maurits-dijk-07ac9879client171-sp7mj,hfl-train-model,716.2980000000007
2036,17,client17,maurits-dijk-07ac9879client171-sp7mj,sidecar,684.027
2037,17,client9,maurits-dijk-07ac9879client91-tpphj,hfl-train,857.4269999999997
2038,17,client9,maurits-dijk-07ac9879client91-tpphj,hfl-train-model,724.4639999999999
2039,17,client9,maurits-dijk-07ac9879client91-tpphj,sidecar,679.7639999999992
2040,17,client5,maurits-dijk-07ac9879client51-2h759,hfl-train-model,721.8330000000005
2041,17,client5,maurits-dijk-07ac9879client51-2h759,hfl-train,854.0159999999996
2042,17,client5,maurits-dijk-07ac9879client51-2h759,sidecar,689.5169999999998
2043,17,client1,maurits-dijk-07ac9879client11-88nrp,hfl-train-model,735.8850000000002
2044,17,client1,maurits-dijk-07ac9879client11-88nrp,hfl-train,876.7469999999994
2045,17,client1,maurits-dijk-07ac9879client11-88nrp,sidecar,632.5169999999998
2046,17,client13,maurits-dijk-07ac9879client131-49m2m,hfl-train,929.7209999999995
2047,17,client13,maurits-dijk-07ac9879client131-49m2m,sidecar,578.9190000000017
2048,17,client13,maurits-dijk-07ac9879client131-49m2m,hfl-train-model,756.8939999999984
2049,17,server,maurits-dijk-07ac9879server1-n7kt8,hfl-train,448.353000000001
2050,17,server,maurits-dijk-07ac9879server1-n7kt8,sidecar,367.8240000000005
2051,17,server,maurits-dijk-07ac9879server1-n7kt8,hfl-train-model,792.4349999999995
2052,18,server,server-656f98b57f-xcc8n,linkerd-init,0.0
2053,18,server,server-656f98b57f-xcc8n,linkerd-proxy,555.2459999999992
2054,18,client8,client8-5845965f99-c7gv7,client8,818.898000000001
2055,18,client8,client8-5845965f99-c7gv7,sidecar,817.2720000000008
2056,18,client8,client8-5845965f99-c7gv7,linkerd-proxy,818.6189999999988
2057,18,client8,client8-5845965f99-c7gv7,linkerd-init,0.0
2058,18,client14,client14-856b5b5576-d9cj8,client14,838.0409999999993
2059,18,client14,client14-856b5b5576-d9cj8,sidecar,836.0699999999997
2060,18,client14,client14-856b5b5576-d9cj8,linkerd-init,0.0
2061,18,client14,client14-856b5b5576-d9cj8,linkerd-proxy,837.6870000000017
2062,18,client10,client10-694b6b97b4-9h5k7,client10,785.6670000000013
2063,18,client10,client10-694b6b97b4-9h5k7,linkerd-proxy,785.5319999999992
2064,18,client10,client10-694b6b97b4-9h5k7,sidecar,783.1980000000021
2065,18,client10,client10-694b6b97b4-9h5k7,linkerd-init,0.0
2066,18,orchestrator,policy-enforcer-cb8dccbd8-kc7h5,linkerd-init,0.0
2067,18,orchestrator,orchestrator-555f7b7c9d-x6psh,linkerd-proxy,411.5189999999993
2068,18,api-gateway,api-gateway-6bf76d45b7-wr226,linkerd-proxy,430.34400000000005
2069,18,orchestrator,policy-enforcer-cb8dccbd8-kc7h5,linkerd-proxy,411.4200000000001
2070,18,api-gateway,api-gateway-6bf76d45b7-wr226,linkerd-init,0.0
2071,18,orchestrator,orchestrator-555f7b7c9d-x6psh,linkerd-init,0.0
2072,18,client6,client6-785d875985-44dw6,client6,882.5370000000003
2073,18,client6,client6-785d875985-44dw6,linkerd-proxy,882.4770000000008
2074,18,client6,client6-785d875985-44dw6,linkerd-init,0.0
2075,18,client6,client6-785d875985-44dw6,sidecar,879.9179999999997
2076,18,client4,client4-744474fb99-2dhnc,sidecar,834.8070000000007
2077,18,client4,client4-744474fb99-2dhnc,linkerd-init,0.0
2078,18,client4,client4-744474fb99-2dhnc,client4,837.2999999999993
2079,18,client4,client4-744474fb99-2dhnc,linkerd-proxy,837.1769999999997
2080,18,client17,client17-69b85b5ccf-jjgfq,sidecar,663.1530000000002
2081,18,client17,client17-69b85b5ccf-jjgfq,client17,720.3629999999994
2082,18,client17,client17-69b85b5ccf-jjgfq,linkerd-proxy,717.8670000000002
2083,18,client17,client17-69b85b5ccf-jjgfq,linkerd-init,0.0
2084,18,client15,client15-79c969ddf-9zmnv,linkerd-init,0.0
2085,18,client15,client15-79c969ddf-9zmnv,sidecar,675.9779999999992
2086,18,client15,client15-79c969ddf-9zmnv,client15,677.5799999999999
2087,18,client15,client15-79c969ddf-9zmnv,linkerd-proxy,677.2800000000007
2088,18,client9,client9-d68fb99b4-wnklx,linkerd-init,0.0
2089,18,client9,client9-d68fb99b4-wnklx,sidecar,535.9109999999982
2090,18,client9,client9-d68fb99b4-wnklx,client9,616.5389999999989
2091,18,client9,client9-d68fb99b4-wnklx,linkerd-proxy,612.8880000000008
2092,18,client5,client5-7d5ff7f8b4-6nn5m,linkerd-proxy,621.6449999999986
2093,18,client5,client5-7d5ff7f8b4-6nn5m,sidecar,607.3319999999985
2094,18,client5,client5-7d5ff7f8b4-6nn5m,linkerd-init,0.0
2095,18,client5,client5-7d5ff7f8b4-6nn5m,client5,624.3239999999987
2096,18,client12,client12-79bc8d5846-fg7f4,sidecar,642.0390000000007
2097,18,client12,client12-79bc8d5846-fg7f4,client12,785.2319999999982
2098,18,client12,client12-79bc8d5846-fg7f4,linkerd-proxy,785.0040000000008
2099,18,client12,client12-79bc8d5846-fg7f4,linkerd-init,0.0
2100,18,client16,client16-6dc7f87f54-k2nz6,linkerd-init,0.0
2101,18,client16,client16-6dc7f87f54-k2nz6,client16,652.4069999999992
2102,18,client16,client16-6dc7f87f54-k2nz6,sidecar,650.3700000000008
2103,18,client16,client16-6dc7f87f54-k2nz6,linkerd-proxy,652.2720000000008
2104,18,client2,client2-86cd6d8cf7-hwdsb,sidecar,706.4490000000005
2105,18,client2,client2-86cd6d8cf7-hwdsb,client2,708.0630000000001
2106,18,client2,client2-86cd6d8cf7-hwdsb,linkerd-proxy,707.8500000000004
2107,18,client2,client2-86cd6d8cf7-hwdsb,linkerd-init,0.0
2108,18,client3,client3-58c68898cd-zbgmx,client3,638.5889999999999
2109,18,client3,client3-58c68898cd-zbgmx,sidecar,637.0680000000011
2110,18,client3,client3-58c68898cd-zbgmx,linkerd-init,0.0
2111,18,client3,client3-58c68898cd-zbgmx,linkerd-proxy,638.4930000000004
2112,18,client18,client18-69db77c748-4z4s5,linkerd-init,0.0
2113,18,client18,client18-69db77c748-4z4s5,client18,806.0880000000016
2114,18,client18,client18-69db77c748-4z4s5,sidecar,804.5820000000003
2115,18,client18,client18-69db77c748-4z4s5,linkerd-proxy,806.0550000000003
2116,18,client7,client7-544486cc98-pnwh6,sidecar,740.0879999999979
2117,18,client7,client7-544486cc98-pnwh6,client7,741.4950000000008
2118,18,client7,client7-544486cc98-pnwh6,linkerd-proxy,741.1679999999997
2119,18,client7,client7-544486cc98-pnwh6,linkerd-init,0.0
2120,18,client11,client11-565c48c7c7-vg972,sidecar,580.8629999999994
2121,18,client11,client11-565c48c7c7-vg972,linkerd-proxy,661.3649999999998
2122,18,client11,client11-565c48c7c7-vg972,client11,661.610999999999
2123,18,client11,client11-565c48c7c7-vg972,linkerd-init,0.0
2124,18,client19,client19-56fccdb4d9-7jztj,linkerd-init,0.0
2125,18,client19,client19-56fccdb4d9-7jztj,client19,742.0109999999986
2126,18,client19,client19-56fccdb4d9-7jztj,sidecar,740.4389999999985
2127,18,client19,client19-56fccdb4d9-7jztj,linkerd-proxy,741.8760000000002
2128,18,client1,client1-7b9db886dd-zwn89,client1,662.5380000000005
2129,18,client1,client1-7b9db886dd-zwn89,sidecar,645.3960000000006
2130,18,client1,client1-7b9db886dd-zwn89,linkerd-proxy,663.3330000000005
2131,18,client1,client1-7b9db886dd-zwn89,linkerd-init,0.0
2132,18,client13,client13-7bf86f4f87-gw5cj,sidecar,593.0970000000016
2133,18,client13,client13-7bf86f4f87-gw5cj,client13,622.5540000000001
2134,18,client13,client13-7bf86f4f87-gw5cj,linkerd-init,0.0
2135,18,client13,client13-7bf86f4f87-gw5cj,linkerd-proxy,619.7459999999992
2136,18,client20,client20-65f8864f77-f7g5b,sidecar,811.0200000000004
2137,18,client20,client20-65f8864f77-f7g5b,client20,812.5920000000006
2138,18,client20,client20-65f8864f77-f7g5b,linkerd-proxy,812.3970000000008
2139,18,client20,client20-65f8864f77-f7g5b,linkerd-init,0.0
2140,18,server,server-656f98b57f-xcc8n,sidecar,531.9119999999984
2141,18,server,server-656f98b57f-xcc8n,server,567.2010000000009
2142,18,orchestrator,orchestrator-555f7b7c9d-x6psh,orchestrator,259.8719999999994
2143,18,orchestrator,policy-enforcer-cb8dccbd8-kc7h5,sidecar,410.59200000000055
2144,18,orchestrator,orchestrator-555f7b7c9d-x6psh,sidecar,377.85899999999947
2145,18,orchestrator,policy-enforcer-cb8dccbd8-kc7h5,policy-enforcer,294.85199999999895
2146,18,api-gateway,api-gateway-6bf76d45b7-wr226,sidecar,348.9900000000007
2147,18,api-gateway,api-gateway-6bf76d45b7-wr226,api-gateway,425.3250000000007
2148,18,client17,maurits-dijk-07ac9879client171-sp7mj,hfl-train,839.8259999999991
2149,18,client17,maurits-dijk-07ac9879client171-sp7mj,hfl-train-model,714.6299999999992
2150,18,client17,maurits-dijk-07ac9879client171-sp7mj,sidecar,688.2839999999997
2151,18,client9,maurits-dijk-07ac9879client91-tpphj,hfl-train,745.4459999999999
2152,18,client9,maurits-dijk-07ac9879client91-tpphj,hfl-train-model,608.0069999999996
2153,18,client9,maurits-dijk-07ac9879client91-tpphj,sidecar,580.617000000002
2154,18,client5,maurits-dijk-07ac9879client51-2h759,hfl-train-model,619.5689999999995
2155,18,client5,maurits-dijk-07ac9879client51-2h759,hfl-train,732.5249999999978
2156,18,client5,maurits-dijk-07ac9879client51-2h759,sidecar,604.6890000000003
2157,18,client1,maurits-dijk-07ac9879client11-88nrp,hfl-train-model,657.5519999999997
2158,18,client1,maurits-dijk-07ac9879client11-88nrp,hfl-train,777.6329999999998
2159,18,client1,maurits-dijk-07ac9879client11-88nrp,sidecar,498.1170000000002
2160,18,client13,maurits-dijk-07ac9879client131-49m2m,hfl-train,783.0719999999983
2161,18,client13,maurits-dijk-07ac9879client131-49m2m,sidecar,465.3959999999988
2162,18,client13,maurits-dijk-07ac9879client131-49m2m,hfl-train-model,616.7399999999998
2163,18,server,maurits-dijk-07ac9879server1-n7kt8,hfl-train,549.9779999999992
2164,18,server,maurits-dijk-07ac9879server1-n7kt8,sidecar,428.54399999999987
2165,18,server,maurits-dijk-07ac9879server1-n7kt8,hfl-train-model,860.3700000000008
2166,19,server,server-656f98b57f-xcc8n,linkerd-init,0.0
2167,19,server,server-656f98b57f-xcc8n,linkerd-proxy,483.2340000000004
2168,19,client8,client8-5845965f99-c7gv7,client8,729.2189999999991
2169,19,client8,client8-5845965f99-c7gv7,sidecar,727.8209999999999
2170,19,client8,client8-5845965f99-c7gv7,linkerd-proxy,728.9310000000005
2171,19,client8,client8-5845965f99-c7gv7,linkerd-init,0.0
2172,19,client14,client14-856b5b5576-d9cj8,client14,674.7360000000008
2173,19,client14,client14-856b5b5576-d9cj8,sidecar,673.0919999999987
2174,19,client14,client14-856b5b5576-d9cj8,linkerd-init,0.0
2175,19,client14,client14-856b5b5576-d9cj8,linkerd-proxy,674.5109999999986
2176,19,client10,client10-694b6b97b4-9h5k7,client10,697.6049999999996
2177,19,client10,client10-694b6b97b4-9h5k7,linkerd-proxy,697.527
2178,19,client10,client10-694b6b97b4-9h5k7,sidecar,695.5799999999999
2179,19,client10,client10-694b6b97b4-9h5k7,linkerd-init,0.0
2180,19,orchestrator,policy-enforcer-cb8dccbd8-kc7h5,linkerd-init,0.0
2181,19,orchestrator,orchestrator-555f7b7c9d-x6psh,linkerd-proxy,348.53099999999995
2182,19,api-gateway,api-gateway-6bf76d45b7-wr226,linkerd-proxy,366.40200000000004
2183,19,orchestrator,policy-enforcer-cb8dccbd8-kc7h5,linkerd-proxy,348.4979999999996
2184,19,api-gateway,api-gateway-6bf76d45b7-wr226,linkerd-init,0.0
2185,19,orchestrator,orchestrator-555f7b7c9d-x6psh,linkerd-init,0.0
2186,19,client6,client6-785d875985-44dw6,client6,689.0639999999985
2187,19,client6,client6-785d875985-44dw6,linkerd-proxy,688.7189999999973
2188,19,client6,client6-785d875985-44dw6,linkerd-init,0.0
2189,19,client6,client6-785d875985-44dw6,sidecar,686.789999999999
2190,19,client4,client4-744474fb99-2dhnc,sidecar,749.7270000000008
2191,19,client4,client4-744474fb99-2dhnc,linkerd-init,0.0
2192,19,client4,client4-744474fb99-2dhnc,client4,751.8030000000017
2193,19,client4,client4-744474fb99-2dhnc,linkerd-proxy,751.8029999999999
2194,19,client17,client17-69b85b5ccf-jjgfq,sidecar,552.0840000000007
2195,19,client17,client17-69b85b5ccf-jjgfq,client17,630.2489999999998
2196,19,client17,client17-69b85b5ccf-jjgfq,linkerd-proxy,626.7420000000002
2197,19,client17,client17-69b85b5ccf-jjgfq,linkerd-init,0.0
2198,19,client15,client15-79c969ddf-9zmnv,linkerd-init,0.0
2199,19,client15,client15-79c969ddf-9zmnv,sidecar,869.5920000000006
2200,19,client15,client15-79c969ddf-9zmnv,client15,871.3410000000003
2201,19,client15,client15-79c969ddf-9zmnv,linkerd-proxy,871.0679999999993
2202,19,client9,client9-d68fb99b4-wnklx,linkerd-init,0.0
2203,19,client9,client9-d68fb99b4-wnklx,sidecar,693.219000000001
2204,19,client9,client9-d68fb99b4-wnklx,client9,791.3700000000008
2205,19,client9,client9-d68fb99b4-wnklx,linkerd-proxy,790.6769999999979
2206,19,client5,client5-7d5ff7f8b4-6nn5m,linkerd-proxy,797.5290000000005
2207,19,client5,client5-7d5ff7f8b4-6nn5m,sidecar,730.9080000000013
2208,19,client5,client5-7d5ff7f8b4-6nn5m,linkerd-init,0.0
2209,19,client5,client5-7d5ff7f8b4-6nn5m,client5,801.3450000000012
2210,19,client12,client12-79bc8d5846-fg7f4,sidecar,731.7750000000015
2211,19,client12,client12-79bc8d5846-fg7f4,client12,807.6900000000005
2212,19,client12,client12-79bc8d5846-fg7f4,linkerd-proxy,807.402
2213,19,client12,client12-79bc8d5846-fg7f4,linkerd-init,0.0
2214,19,client16,client16-6dc7f87f54-k2nz6,linkerd-init,0.0
2215,19,client16,client16-6dc7f87f54-k2nz6,client16,858.2310000000016
2216,19,client16,client16-6dc7f87f54-k2nz6,sidecar,855.9809999999998
2217,19,client16,client16-6dc7f87f54-k2nz6,linkerd-proxy,857.9459999999981
2218,19,client2,client2-86cd6d8cf7-hwdsb,sidecar,840.2520000000004
2219,19,client2,client2-86cd6d8cf7-hwdsb,client2,842.148000000001
2220,19,client2,client2-86cd6d8cf7-hwdsb,linkerd-proxy,841.9590000000007
2221,19,client2,client2-86cd6d8cf7-hwdsb,linkerd-init,0.0
2222,19,client3,client3-58c68898cd-zbgmx,client3,770.1570000000011
2223,19,client3,client3-58c68898cd-zbgmx,sidecar,768.3630000000012
2224,19,client3,client3-58c68898cd-zbgmx,linkerd-init,0.0
2225,19,client3,client3-58c68898cd-zbgmx,linkerd-proxy,770.0519999999997
2226,19,client18,client18-69db77c748-4z4s5,linkerd-init,0.0
2227,19,client18,client18-69db77c748-4z4s5,client18,877.3979999999992
2228,19,client18,client18-69db77c748-4z4s5,sidecar,875.4840000000004
2229,19,client18,client18-69db77c748-4z4s5,linkerd-proxy,877.2780000000002
2230,19,client7,client7-544486cc98-pnwh6,sidecar,857.6730000000007
2231,19,client7,client7-544486cc98-pnwh6,client7,859.2869999999984
2232,19,client7,client7-544486cc98-pnwh6,linkerd-proxy,858.9630000000016
2233,19,client7,client7-544486cc98-pnwh6,linkerd-init,0.0
2234,19,client11,client11-565c48c7c7-vg972,sidecar,745.5029999999988
2235,19,client11,client11-565c48c7c7-vg972,linkerd-proxy,820.9320000000007
2236,19,client11,client11-565c48c7c7-vg972,client11,821.3790000000008
2237,19,client11,client11-565c48c7c7-vg972,linkerd-init,0.0
2238,19,client19,client19-56fccdb4d9-7jztj,linkerd-init,0.0
2239,19,client19,client19-56fccdb4d9-7jztj,client19,877.5599999999995
2240,19,client19,client19-56fccdb4d9-7jztj,sidecar,875.7240000000002
2241,19,client19,client19-56fccdb4d9-7jztj,linkerd-proxy,877.5149999999994
2242,19,client1,client1-7b9db886dd-zwn89,client1,822.4799999999996
2243,19,client1,client1-7b9db886dd-zwn89,linkerd-proxy,825.7139999999999
2244,19,client1,client1-7b9db886dd-zwn89,linkerd-init,0.0
2245,19,client1,client1-7b9db886dd-zwn89,sidecar,764.9189999999999
2246,19,client13,client13-7bf86f4f87-gw5cj,sidecar,751.7070000000003
2247,19,client13,client13-7bf86f4f87-gw5cj,client13,787.3770000000004
2248,19,client13,client13-7bf86f4f87-gw5cj,linkerd-init,0.0
2249,19,client13,client13-7bf86f4f87-gw5cj,linkerd-proxy,784.1610000000001
2250,19,client20,client20-65f8864f77-f7g5b,sidecar,729.8130000000001
2251,19,client20,client20-65f8864f77-f7g5b,client20,731.3069999999989
2252,19,client20,client20-65f8864f77-f7g5b,linkerd-proxy,731.1959999999999
2253,19,client20,client20-65f8864f77-f7g5b,linkerd-init,0.0
2254,19,server,server-656f98b57f-xcc8n,sidecar,404.8230000000003
2255,19,server,server-656f98b57f-xcc8n,server,494.0040000000008
2256,19,orchestrator,orchestrator-555f7b7c9d-x6psh,orchestrator,247.63799999999992
2257,19,orchestrator,policy-enforcer-cb8dccbd8-kc7h5,sidecar,302.0730000000003
2258,19,orchestrator,orchestrator-555f7b7c9d-x6psh,sidecar,317.3279999999995
2259,19,orchestrator,policy-enforcer-cb8dccbd8-kc7h5,policy-enforcer,208.9290000000001
2260,19,api-gateway,api-gateway-6bf76d45b7-wr226,sidecar,316.73399999999947
2261,19,api-gateway,api-gateway-6bf76d45b7-wr226,api-gateway,369.35699999999906
2262,19,client17,maurits-dijk-07ac9879client171-sp7mj,hfl-train,763.8809999999994
2263,19,client17,maurits-dijk-07ac9879client171-sp7mj,hfl-train-model,623.9220000000005
2264,19,client17,maurits-dijk-07ac9879client171-sp7mj,sidecar,610.7639999999992
2265,19,client9,maurits-dijk-07ac9879client91-tpphj,hfl-train,922.1100000000006
2266,19,client9,maurits-dijk-07ac9879client91-tpphj,hfl-train-model,783.5160000000014
2267,19,client9,maurits-dijk-07ac9879client91-tpphj,sidecar,728.6069999999982
2268,19,client5,maurits-dijk-07ac9879client51-2h759,hfl-train-model,794.5590000000011
2269,19,client5,maurits-dijk-07ac9879client51-2h759,hfl-train,926.0880000000016
2270,19,client5,maurits-dijk-07ac9879client51-2h759,sidecar,779.4329999999991
2271,19,client1,maurits-dijk-07ac9879client11-88nrp,hfl-train-model,820.1369999999988
2272,19,client1,maurits-dijk-07ac9879client11-88nrp,hfl-train,951.9330000000009
2273,19,client1,maurits-dijk-07ac9879client11-88nrp,sidecar,696.2369999999992
2274,19,client13,maurits-dijk-07ac9879client131-49m2m,hfl-train,949.2659999999996
2275,19,client13,maurits-dijk-07ac9879client131-49m2m,sidecar,583.1579999999994
2276,19,client13,maurits-dijk-07ac9879client131-49m2m,hfl-train-model,781.0320000000011
2277,19,server,maurits-dijk-07ac9879server1-n7kt8,hfl-train,478.22700000000077
2278,19,server,maurits-dijk-07ac9879server1-n7kt8,sidecar,354.4200000000001
2279,19,server,maurits-dijk-07ac9879server1-n7kt8,hfl-train-model,750.7049999999981
2280,20,server,server-656f98b57f-xcc8n,linkerd-init,0.0
2281,20,server,server-656f98b57f-xcc8n,linkerd-proxy,594.8099999999995
2282,20,client8,client8-5845965f99-c7gv7,client8,815.724000000002
2283,20,client8,client8-5845965f99-c7gv7,sidecar,813.9750000000004
2284,20,client8,client8-5845965f99-c7gv7,linkerd-proxy,815.4210000000003
2285,20,client8,client8-5845965f99-c7gv7,linkerd-init,0.0
2286,20,client14,client14-856b5b5576-d9cj8,client14,863.2649999999994
2287,20,client14,client14-856b5b5576-d9cj8,sidecar,861.3359999999993
2288,20,client14,client14-856b5b5576-d9cj8,linkerd-init,0.0
2289,20,client14,client14-856b5b5576-d9cj8,linkerd-proxy,863.039999999999
2290,20,client10,client10-694b6b97b4-9h5k7,client10,815.0880000000016
2291,20,client10,client10-694b6b97b4-9h5k7,linkerd-proxy,814.9830000000002
2292,20,client10,client10-694b6b97b4-9h5k7,sidecar,812.6280000000024
2293,20,client10,client10-694b6b97b4-9h5k7,linkerd-init,0.0
2294,20,orchestrator,policy-enforcer-cb8dccbd8-kc7h5,linkerd-init,0.0
2295,20,orchestrator,orchestrator-555f7b7c9d-x6psh,linkerd-proxy,419.3879999999999
2296,20,api-gateway,api-gateway-6bf76d45b7-wr226,linkerd-proxy,438.2520000000004
2297,20,orchestrator,policy-enforcer-cb8dccbd8-kc7h5,linkerd-proxy,419.35199999999986
2298,20,api-gateway,api-gateway-6bf76d45b7-wr226,linkerd-init,0.0
2299,20,orchestrator,orchestrator-555f7b7c9d-x6psh,linkerd-init,0.0
2300,20,client6,client6-785d875985-44dw6,client6,767.8919999999998
2301,20,client6,client6-785d875985-44dw6,linkerd-proxy,767.5320000000047
2302,20,client6,client6-785d875985-44dw6,linkerd-init,0.0
2303,20,client6,client6-785d875985-44dw6,sidecar,765.6689999999999
2304,20,client4,client4-744474fb99-2dhnc,sidecar,704.8650000000016
2305,20,client4,client4-744474fb99-2dhnc,linkerd-init,0.0
2306,20,client4,client4-744474fb99-2dhnc,client4,706.8839999999982
2307,20,client4,client4-744474fb99-2dhnc,linkerd-proxy,706.8690000000006
2308,20,client17,client17-69b85b5ccf-jjgfq,sidecar,601.5299999999988
2309,20,client17,client17-69b85b5ccf-jjgfq,client17,649.0530000000017
2310,20,client17,client17-69b85b5ccf-jjgfq,linkerd-proxy,647.5289999999986
2311,20,client17,client17-69b85b5ccf-jjgfq,linkerd-init,0.0
2312,20,client15,client15-79c969ddf-9zmnv,linkerd-init,0.0
2313,20,client15,client15-79c969ddf-9zmnv,sidecar,688.5509999999995
2314,20,client15,client15-79c969ddf-9zmnv,client15,690.0179999999982
2315,20,client15,client15-79c969ddf-9zmnv,linkerd-proxy,689.8680000000022
2316,20,client9,client9-d68fb99b4-wnklx,linkerd-init,0.0
2317,20,client9,client9-d68fb99b4-wnklx,sidecar,571.2869999999984
2318,20,client9,client9-d68fb99b4-wnklx,client9,642.1859999999997
2319,20,client9,client9-d68fb99b4-wnklx,linkerd-proxy,639.2309999999998
2320,20,client5,client5-7d5ff7f8b4-6nn5m,linkerd-proxy,622.2420000000002
2321,20,client5,client5-7d5ff7f8b4-6nn5m,sidecar,578.6849999999995
2322,20,client5,client5-7d5ff7f8b4-6nn5m,linkerd-init,0.0
2323,20,client5,client5-7d5ff7f8b4-6nn5m,client5,625.8629999999994
2324,20,client12,client12-79bc8d5846-fg7f4,sidecar,648.2219999999979
2325,20,client12,client12-79bc8d5846-fg7f4,client12,680.378999999999
2326,20,client12,client12-79bc8d5846-fg7f4,linkerd-proxy,680.1689999999999
2327,20,client12,client12-79bc8d5846-fg7f4,linkerd-init,0.0
2328,20,client16,client16-6dc7f87f54-k2nz6,linkerd-init,0.0
2329,20,client16,client16-6dc7f87f54-k2nz6,client16,694.5480000000007
2330,20,client16,client16-6dc7f87f54-k2nz6,sidecar,692.8110000000015
2331,20,client16,client16-6dc7f87f54-k2nz6,linkerd-proxy,694.2300000000014
2332,20,client2,client2-86cd6d8cf7-hwdsb,sidecar,732.8429999999971
2333,20,client2,client2-86cd6d8cf7-hwdsb,client2,734.3669999999984
2334,20,client2,client2-86cd6d8cf7-hwdsb,linkerd-proxy,734.2919999999976
2335,20,client2,client2-86cd6d8cf7-hwdsb,linkerd-init,0.0
2336,20,client3,client3-58c68898cd-zbgmx,client3,662.277
2337,20,client3,client3-58c68898cd-zbgmx,sidecar,660.503999999999
2338,20,client3,client3-58c68898cd-zbgmx,linkerd-init,0.0
2339,20,client3,client3-58c68898cd-zbgmx,linkerd-proxy,662.1689999999999
2340,20,client18,client18-69db77c748-4z4s5,linkerd-init,0.0
2341,20,client18,client18-69db77c748-4z4s5,client18,701.8649999999998
2342,20,client18,client18-69db77c748-4z4s5,sidecar,700.1279999999988
2343,20,client18,client18-69db77c748-4z4s5,linkerd-proxy,701.5709999999999
2344,20,client7,client7-544486cc98-pnwh6,sidecar,686.4269999999979
2345,20,client7,client7-544486cc98-pnwh6,client7,687.7740000000013
2346,20,client7,client7-544486cc98-pnwh6,linkerd-proxy,687.5699999999979
2347,20,client7,client7-544486cc98-pnwh6,linkerd-init,0.0
2348,20,client11,client11-565c48c7c7-vg972,sidecar,659.7930000000015
2349,20,client11,client11-565c48c7c7-vg972,linkerd-proxy,753.8070000000025
2350,20,client11,client11-565c48c7c7-vg972,client11,754.0799999999999
2351,20,client11,client11-565c48c7c7-vg972,linkerd-init,0.0
2352,20,client19,client19-56fccdb4d9-7jztj,linkerd-init,0.0
2353,20,client19,client19-56fccdb4d9-7jztj,client19,732.6660000000029
2354,20,client19,client19-56fccdb4d9-7jztj,sidecar,730.773000000001
2355,20,client19,client19-56fccdb4d9-7jztj,linkerd-proxy,732.4349999999995
2356,20,client1,client1-7b9db886dd-zwn89,client1,662.6129999999994
2357,20,client1,client1-7b9db886dd-zwn89,linkerd-proxy,662.2019999999993
2358,20,client1,client1-7b9db886dd-zwn89,linkerd-init,0.0
2359,20,client1,client1-7b9db886dd-zwn89,sidecar,606.8400000000001
2360,20,client13,client13-7bf86f4f87-gw5cj,sidecar,579.7649999999994
2361,20,client13,client13-7bf86f4f87-gw5cj,client13,630.4230000000007
2362,20,client13,client13-7bf86f4f87-gw5cj,linkerd-init,0.0
2363,20,client13,client13-7bf86f4f87-gw5cj,linkerd-proxy,626.1929999999993
2364,20,client20,client20-65f8864f77-f7g5b,sidecar,882.375
2365,20,client20,client20-65f8864f77-f7g5b,client20,884.1389999999992
2366,20,client20,client20-65f8864f77-f7g5b,linkerd-proxy,883.9529999999995
2367,20,client20,client20-65f8864f77-f7g5b,linkerd-init,0.0
2368,20,server,server-656f98b57f-xcc8n,sidecar,512.6550000000007
2369,20,server,server-656f98b57f-xcc8n,server,615.9539999999979
2370,20,orchestrator,orchestrator-555f7b7c9d-x6psh,orchestrator,256.9230000000007
2371,20,orchestrator,policy-enforcer-cb8dccbd8-kc7h5,sidecar,380.15700000000015
2372,20,orchestrator,orchestrator-555f7b7c9d-x6psh,sidecar,377.16000000000076
2373,20,orchestrator,policy-enforcer-cb8dccbd8-kc7h5,policy-enforcer,256.8150000000005
2374,20,api-gateway,api-gateway-6bf76d45b7-wr226,sidecar,345.27000000000044
2375,20,api-gateway,api-gateway-6bf76d45b7-wr226,api-gateway,438.51600000000053
2376,20,client17,maurits-dijk-07ac9879client171-sp7mj,hfl-train,769.5210000000006
2377,20,client17,maurits-dijk-07ac9879client171-sp7mj,hfl-train-model,644.5889999999999
2378,20,client17,maurits-dijk-07ac9879client171-sp7mj,sidecar,604.9710000000014
2379,20,client9,maurits-dijk-07ac9879client91-tpphj,hfl-train,771.7920000000013
2380,20,client9,maurits-dijk-07ac9879client91-tpphj,hfl-train-model,634.4039999999986
2381,20,client9,maurits-dijk-07ac9879client91-tpphj,sidecar,617.1570000000011
2382,20,client5,maurits-dijk-07ac9879client51-2h759,hfl-train-model,618.8429999999989
2383,20,client5,maurits-dijk-07ac9879client51-2h759,hfl-train,732.723
2384,20,client5,maurits-dijk-07ac9879client51-2h759,sidecar,540.6930000000011
2385,20,client1,maurits-dijk-07ac9879client11-88nrp,hfl-train-model,657.0450000000001
2386,20,client1,maurits-dijk-07ac9879client11-88nrp,hfl-train,778.4909999999982
2387,20,client1,maurits-dijk-07ac9879client11-88nrp,sidecar,584.7870000000003
2388,20,client13,maurits-dijk-07ac9879client131-49m2m,hfl-train,790.8180000000029
2389,20,client13,maurits-dijk-07ac9879client131-49m2m,sidecar,516.5159999999996
2390,20,client13,maurits-dijk-07ac9879client131-49m2m,hfl-train-model,622.9799999999996
2391,20,server,maurits-dijk-07ac9879server1-n7kt8,hfl-train,589.5750000000007
2392,20,server,maurits-dijk-07ac9879server1-n7kt8,sidecar,516.8279999999995
2393,20,server,maurits-dijk-07ac9879server1-n7kt8,hfl-train-model,965.622000000003
2394,21,server,server-656f98b57f-xcc8n,linkerd-init,0.0
2395,21,server,server-656f98b57f-xcc8n,linkerd-proxy,475.7579999999998
2396,21,client8,client8-5845965f99-c7gv7,client8,688.0949999999975
2397,21,client8,client8-5845965f99-c7gv7,sidecar,686.6580000000031
2398,21,client8,client8-5845965f99-c7gv7,linkerd-proxy,687.9269999999997
2399,21,client8,client8-5845965f99-c7gv7,linkerd-init,0.0
2400,21,client14,client14-856b5b5576-d9cj8,client14,690.2610000000022
2401,21,client14,client14-856b5b5576-d9cj8,sidecar,688.6949999999997
2402,21,client14,client14-856b5b5576-d9cj8,linkerd-init,0.0
2403,21,client14,client14-856b5b5576-d9cj8,linkerd-proxy,690.0450000000019
2404,21,client10,client10-694b6b97b4-9h5k7,client10,717.5009999999966
2405,21,client10,client10-694b6b97b4-9h5k7,linkerd-proxy,717.4110000000001
2406,21,client10,client10-694b6b97b4-9h5k7,sidecar,715.5869999999959
2407,21,client10,client10-694b6b97b4-9h5k7,linkerd-init,0.0
2408,21,orchestrator,policy-enforcer-cb8dccbd8-kc7h5,linkerd-init,0.0
2409,21,orchestrator,orchestrator-555f7b7c9d-x6psh,linkerd-proxy,337.7429999999995
2410,21,api-gateway,api-gateway-6bf76d45b7-wr226,linkerd-proxy,355.8959999999988
2411,21,orchestrator,policy-enforcer-cb8dccbd8-kc7h5,linkerd-proxy,337.60199999999986
2412,21,api-gateway,api-gateway-6bf76d45b7-wr226,linkerd-init,0.0
2413,21,orchestrator,orchestrator-555f7b7c9d-x6psh,linkerd-init,0.0
2414,21,client6,client6-785d875985-44dw6,client6,832.2660000000033
2415,21,client6,client6-785d875985-44dw6,linkerd-proxy,832.025999999998
2416,21,client6,client6-785d875985-44dw6,linkerd-init,0.0
2417,21,client6,client6-785d875985-44dw6,sidecar,829.7040000000015
2418,21,client4,client4-744474fb99-2dhnc,sidecar,797.270999999997
2419,21,client4,client4-744474fb99-2dhnc,linkerd-init,0.0
2420,21,client4,client4-744474fb99-2dhnc,client4,799.8029999999999
2421,21,client4,client4-744474fb99-2dhnc,linkerd-proxy,799.7039999999979
2422,21,client17,client17-69b85b5ccf-jjgfq,sidecar,695.5530000000017
2423,21,client17,client17-69b85b5ccf-jjgfq,client17,715.400999999998
2424,21,client17,client17-69b85b5ccf-jjgfq,linkerd-proxy,713.0880000000016
2425,21,client17,client17-69b85b5ccf-jjgfq,linkerd-init,0.0
2426,21,client15,client15-79c969ddf-9zmnv,linkerd-init,0.0
2427,21,client15,client15-79c969ddf-9zmnv,sidecar,866.2589999999982
2428,21,client15,client15-79c969ddf-9zmnv,client15,867.9359999999979
2429,21,client15,client15-79c969ddf-9zmnv,linkerd-proxy,867.8309999999983
2430,21,client9,client9-d68fb99b4-wnklx,linkerd-init,0.0
2431,21,client9,client9-d68fb99b4-wnklx,sidecar,739.5390000000007
2432,21,client9,client9-d68fb99b4-wnklx,client9,774.9210000000003
2433,21,client9,client9-d68fb99b4-wnklx,linkerd-proxy,774.7740000000013
2434,21,client5,client5-7d5ff7f8b4-6nn5m,linkerd-proxy,732.0299999999988
2435,21,client5,client5-7d5ff7f8b4-6nn5m,sidecar,694.0529999999999
2436,21,client5,client5-7d5ff7f8b4-6nn5m,linkerd-init,0.0
2437,21,client5,client5-7d5ff7f8b4-6nn5m,client5,734.9009999999998
2438,21,client12,client12-79bc8d5846-fg7f4,sidecar,747.1229999999996
2439,21,client12,client12-79bc8d5846-fg7f4,client12,784.4280000000017
2440,21,client12,client12-79bc8d5846-fg7f4,linkerd-proxy,784.3080000000009
2441,21,client12,client12-79bc8d5846-fg7f4,linkerd-init,0.0
2442,21,client16,client16-6dc7f87f54-k2nz6,linkerd-init,0.0
2443,21,client16,client16-6dc7f87f54-k2nz6,client16,826.7639999999992
2444,21,client16,client16-6dc7f87f54-k2nz6,sidecar,824.7749999999978
2445,21,client16,client16-6dc7f87f54-k2nz6,linkerd-proxy,826.4310000000005
2446,21,client2,client2-86cd6d8cf7-hwdsb,sidecar,867.1710000000021
2447,21,client2,client2-86cd6d8cf7-hwdsb,client2,868.9650000000001
2448,21,client2,client2-86cd6d8cf7-hwdsb,linkerd-proxy,868.8270000000048
2449,21,client2,client2-86cd6d8cf7-hwdsb,linkerd-init,0.0
2450,21,client3,client3-58c68898cd-zbgmx,client3,918.2790000000005
2451,21,client3,client3-58c68898cd-zbgmx,sidecar,915.8999999999996
2452,21,client3,client3-58c68898cd-zbgmx,linkerd-init,0.0
2453,21,client3,client3-58c68898cd-zbgmx,linkerd-proxy,918.4140000000007
2454,21,client18,client18-69db77c748-4z4s5,linkerd-init,0.0
2455,21,client18,client18-69db77c748-4z4s5,client18,845.2049999999981
2456,21,client18,client18-69db77c748-4z4s5,sidecar,843.4290000000019
2457,21,client18,client18-69db77c748-4z4s5,linkerd-proxy,845.1119999999992
2458,21,client7,client7-544486cc98-pnwh6,sidecar,829.3110000000015
2459,21,client7,client7-544486cc98-pnwh6,client7,830.8529999999992
2460,21,client7,client7-544486cc98-pnwh6,linkerd-proxy,830.7750000000015
2461,21,client7,client7-544486cc98-pnwh6,linkerd-init,0.0
2462,21,client11,client11-565c48c7c7-vg972,sidecar,794.2950000000001
2463,21,client11,client11-565c48c7c7-vg972,linkerd-proxy,914.4569999999985
2464,21,client11,client11-565c48c7c7-vg972,client11,914.6760000000031
2465,21,client11,client11-565c48c7c7-vg972,linkerd-init,0.0
2466,21,client19,client19-56fccdb4d9-7jztj,linkerd-init,0.0
2467,21,client19,client19-56fccdb4d9-7jztj,client19,845.6309999999976
2468,21,client19,client19-56fccdb4d9-7jztj,sidecar,843.7469999999994
2469,21,client19,client19-56fccdb4d9-7jztj,linkerd-proxy,845.5409999999974
2470,21,client1,client1-7b9db886dd-zwn89,client1,724.098
2471,21,client1,client1-7b9db886dd-zwn89,linkerd-proxy,725.0429999999997
2472,21,client1,client1-7b9db886dd-zwn89,linkerd-init,0.0
2473,21,client1,client1-7b9db886dd-zwn89,sidecar,672.7259999999987
2474,21,client13,client13-7bf86f4f87-gw5cj,sidecar,643.9650000000001
2475,21,client13,client13-7bf86f4f87-gw5cj,client13,654.2939999999999
2476,21,client13,client13-7bf86f4f87-gw5cj,linkerd-init,0.0
2477,21,client13,client13-7bf86f4f87-gw5cj,linkerd-proxy,650.607
2478,21,client20,client20-65f8864f77-f7g5b,sidecar,708.4919999999984
2479,21,client20,client20-65f8864f77-f7g5b,client20,709.8990000000013
2480,21,client20,client20-65f8864f77-f7g5b,linkerd-proxy,709.8960000000006
2481,21,client20,client20-65f8864f77-f7g5b,linkerd-init,0.0
2482,21,server,server-656f98b57f-xcc8n,sidecar,414.01800000000003
2483,21,server,server-656f98b57f-xcc8n,server,493.617000000002
2484,21,orchestrator,orchestrator-555f7b7c9d-x6psh,orchestrator,268.7519999999995
2485,21,orchestrator,policy-enforcer-cb8dccbd8-kc7h5,sidecar,336.8609999999999
2486,21,orchestrator,orchestrator-555f7b7c9d-x6psh,sidecar,336.90599999999904
2487,21,orchestrator,policy-enforcer-cb8dccbd8-kc7h5,policy-enforcer,262.90499999999975
2488,21,api-gateway,api-gateway-6bf76d45b7-wr226,sidecar,301.1219999999994
2489,21,api-gateway,api-gateway-6bf76d45b7-wr226,api-gateway,365.259
2490,21,client17,maurits-dijk-07ac9879client171-sp7mj,hfl-train,825.0840000000026
2491,21,client17,maurits-dijk-07ac9879client171-sp7mj,hfl-train-model,710.0820000000003
2492,21,client17,maurits-dijk-07ac9879client171-sp7mj,sidecar,700.7639999999992
2493,21,client9,maurits-dijk-07ac9879client91-tpphj,hfl-train,898.9169999999976
2494,21,client9,maurits-dijk-07ac9879client91-tpphj,hfl-train-model,768.273000000001
2495,21,client9,maurits-dijk-07ac9879client91-tpphj,sidecar,725.771999999999
2496,21,client5,maurits-dijk-07ac9879client51-2h759,hfl-train-model,729.5429999999997
2497,21,client5,maurits-dijk-07ac9879client51-2h759,hfl-train,843.1980000000003
2498,21,client5,maurits-dijk-07ac9879client51-2h759,sidecar,716.0429999999997
2499,21,client1,maurits-dijk-07ac9879client11-88nrp,hfl-train-model,719.5860000000011
2500,21,client1,maurits-dijk-07ac9879client11-88nrp,hfl-train,842.4660000000003
2501,21,client1,maurits-dijk-07ac9879client11-88nrp,sidecar,653.7240000000002
2502,21,client13,maurits-dijk-07ac9879client131-49m2m,hfl-train,818.5379999999968
2503,21,client13,maurits-dijk-07ac9879client131-49m2m,sidecar,608.0880000000016
2504,21,client13,maurits-dijk-07ac9879client131-49m2m,hfl-train-model,647.6249999999982
2505,21,server,maurits-dijk-07ac9879server1-n7kt8,hfl-train,471.52800000000025
2506,21,server,maurits-dijk-07ac9879server1-n7kt8,sidecar,364.0529999999999
2507,21,server,maurits-dijk-07ac9879server1-n7kt8,hfl-train-model,747.0659999999989
2508,22,server,server-656f98b57f-xcc8n,linkerd-init,0.0
2509,22,server,server-656f98b57f-xcc8n,linkerd-proxy,591.4200000000019
2510,22,client8,client8-5845965f99-c7gv7,client8,866.8410000000003
2511,22,client8,client8-5845965f99-c7gv7,sidecar,864.9569999999985
2512,22,client8,client8-5845965f99-c7gv7,linkerd-proxy,866.4360000000015
2513,22,client8,client8-5845965f99-c7gv7,linkerd-init,0.0
2514,22,client14,client14-856b5b5576-d9cj8,client14,786.8399999999965
2515,22,client14,client14-856b5b5576-d9cj8,sidecar,784.8840000000055
2516,22,client14,client14-856b5b5576-d9cj8,linkerd-init,0.0
2517,22,client14,client14-856b5b5576-d9cj8,linkerd-proxy,786.4439999999995
2518,22,client10,client10-694b6b97b4-9h5k7,client10,790.9650000000038
2519,22,client10,client10-694b6b97b4-9h5k7,linkerd-proxy,790.8600000000006
2520,22,client10,client10-694b6b97b4-9h5k7,sidecar,788.4660000000003
2521,22,client10,client10-694b6b97b4-9h5k7,linkerd-init,0.0
2522,22,orchestrator,policy-enforcer-cb8dccbd8-kc7h5,linkerd-init,0.0
2523,22,orchestrator,orchestrator-555f7b7c9d-x6psh,linkerd-proxy,413.9879999999994
2524,22,api-gateway,api-gateway-6bf76d45b7-wr226,linkerd-proxy,432.15000000000146
2525,22,orchestrator,policy-enforcer-cb8dccbd8-kc7h5,linkerd-proxy,413.9490000000005
2526,22,api-gateway,api-gateway-6bf76d45b7-wr226,linkerd-init,0.0
2527,22,orchestrator,orchestrator-555f7b7c9d-x6psh,linkerd-init,0.0
2528,22,client6,client6-785d875985-44dw6,client6,697.7429999999986
2529,22,client6,client6-785d875985-44dw6,linkerd-proxy,697.2900000000009
2530,22,client6,client6-785d875985-44dw6,linkerd-init,0.0
2531,22,client6,client6-785d875985-44dw6,sidecar,695.6310000000012
2532,22,client4,client4-744474fb99-2dhnc,sidecar,742.0020000000004
2533,22,client4,client4-744474fb99-2dhnc,linkerd-init,0.0
2534,22,client4,client4-744474fb99-2dhnc,client4,744.1650000000009
2535,22,client4,client4-744474fb99-2dhnc,linkerd-proxy,744.0750000000007
2536,22,client17,client17-69b85b5ccf-jjgfq,sidecar,540.4590000000007
2537,22,client17,client17-69b85b5ccf-jjgfq,client17,585.3360000000011
2538,22,client17,client17-69b85b5ccf-jjgfq,linkerd-proxy,583.1129999999994
2539,22,client17,client17-69b85b5ccf-jjgfq,linkerd-init,0.0
2540,22,client15,client15-79c969ddf-9zmnv,linkerd-init,0.0
2541,22,client15,client15-79c969ddf-9zmnv,sidecar,672.4320000000007
2542,22,client15,client15-79c969ddf-9zmnv,client15,673.9260000000031
2543,22,client15,client15-79c969ddf-9zmnv,linkerd-proxy,673.7460000000028
2544,22,client9,client9-d68fb99b4-wnklx,linkerd-init,0.0
2545,22,client9,client9-d68fb99b4-wnklx,sidecar,574.8090000000011
2546,22,client9,client9-d68fb99b4-wnklx,client9,659.1479999999974
2547,22,client9,client9-d68fb99b4-wnklx,linkerd-proxy,657.6209999999992
2548,22,client5,client5-7d5ff7f8b4-6nn5m,linkerd-proxy,606.2310000000016
2549,22,client5,client5-7d5ff7f8b4-6nn5m,sidecar,545.7600000000002
2550,22,client5,client5-7d5ff7f8b4-6nn5m,linkerd-init,0.0
2551,22,client5,client5-7d5ff7f8b4-6nn5m,client5,609.5640000000003
2552,22,client12,client12-79bc8d5846-fg7f4,sidecar,671.3460000000014
2553,22,client12,client12-79bc8d5846-fg7f4,client12,696.4199999999983
2554,22,client12,client12-79bc8d5846-fg7f4,linkerd-proxy,696.1349999999984
2555,22,client12,client12-79bc8d5846-fg7f4,linkerd-init,0.0
2556,22,client16,client16-6dc7f87f54-k2nz6,linkerd-init,0.0
2557,22,client16,client16-6dc7f87f54-k2nz6,client16,688.3139999999985
2558,22,client16,client16-6dc7f87f54-k2nz6,sidecar,686.7479999999996
2559,22,client16,client16-6dc7f87f54-k2nz6,linkerd-proxy,688.1189999999988
2560,22,client2,client2-86cd6d8cf7-hwdsb,sidecar,708.4080000000031
2561,22,client2,client2-86cd6d8cf7-hwdsb,client2,709.9620000000032
2562,22,client2,client2-86cd6d8cf7-hwdsb,linkerd-proxy,709.7159999999967
2563,22,client2,client2-86cd6d8cf7-hwdsb,linkerd-init,0.0
2564,22,client3,client3-58c68898cd-zbgmx,client3,667.6139999999978
2565,22,client3,client3-58c68898cd-zbgmx,sidecar,665.7089999999989
2566,22,client3,client3-58c68898cd-zbgmx,linkerd-init,0.0
2567,22,client3,client3-58c68898cd-zbgmx,linkerd-proxy,667.6290000000008
2568,22,client18,client18-69db77c748-4z4s5,linkerd-init,0.0
2569,22,client18,client18-69db77c748-4z4s5,client18,699.1590000000033
2570,22,client18,client18-69db77c748-4z4s5,sidecar,697.5750000000007
2571,22,client18,client18-69db77c748-4z4s5,linkerd-proxy,699.0240000000013
2572,22,client7,client7-544486cc98-pnwh6,sidecar,651.2010000000009
2573,22,client7,client7-544486cc98-pnwh6,client7,652.5
2574,22,client7,client7-544486cc98-pnwh6,linkerd-proxy,652.364999999998
2575,22,client7,client7-544486cc98-pnwh6,linkerd-init,0.0
2576,22,client11,client11-565c48c7c7-vg972,sidecar,599.25
2577,22,client11,client11-565c48c7c7-vg972,linkerd-proxy,656.645999999997
2578,22,client11,client11-565c48c7c7-vg972,client11,656.7689999999966
2579,22,client11,client11-565c48c7c7-vg972,linkerd-init,0.0
2580,22,client19,client19-56fccdb4d9-7jztj,linkerd-init,0.0
2581,22,client19,client19-56fccdb4d9-7jztj,client19,783.0540000000037
2582,22,client19,client19-56fccdb4d9-7jztj,sidecar,781.6650000000009
2583,22,client19,client19-56fccdb4d9-7jztj,linkerd-proxy,782.9670000000042
2584,22,client1,client1-7b9db886dd-zwn89,client1,605.7960000000003
2585,22,client1,client1-7b9db886dd-zwn89,linkerd-proxy,603.9239999999991
2586,22,client1,client1-7b9db886dd-zwn89,linkerd-init,0.0
2587,22,client1,client1-7b9db886dd-zwn89,sidecar,540.2970000000005
2588,22,client13,client13-7bf86f4f87-gw5cj,sidecar,742.1129999999994
2589,22,client13,client13-7bf86f4f87-gw5cj,client13,757.5329999999994
2590,22,client13,client13-7bf86f4f87-gw5cj,linkerd-init,0.0
2591,22,client13,client13-7bf86f4f87-gw5cj,linkerd-proxy,754.994999999999
2592,22,client20,client20-65f8864f77-f7g5b,sidecar,816.119999999999
2593,22,client20,client20-65f8864f77-f7g5b,client20,817.8839999999982
2594,22,client20,client20-65f8864f77-f7g5b,linkerd-proxy,817.676999999996
2595,22,client20,client20-65f8864f77-f7g5b,linkerd-init,0.0
2596,22,server,server-656f98b57f-xcc8n,sidecar,501.65099999999984
2597,22,server,server-656f98b57f-xcc8n,server,605.3429999999989
2598,22,orchestrator,orchestrator-555f7b7c9d-x6psh,orchestrator,261.14400000000023
2599,22,orchestrator,policy-enforcer-cb8dccbd8-kc7h5,sidecar,357.6090000000004
2600,22,orchestrator,orchestrator-555f7b7c9d-x6psh,sidecar,373.90500000000156
2601,22,orchestrator,policy-enforcer-cb8dccbd8-kc7h5,policy-enforcer,215.29200000000037
2602,22,api-gateway,api-gateway-6bf76d45b7-wr226,sidecar,374.02800000000025
2603,22,api-gateway,api-gateway-6bf76d45b7-wr226,api-gateway,431.7450000000008
2604,22,client17,maurits-dijk-07ac9879client171-sp7mj,hfl-train,721.8899999999958
2605,22,client17,maurits-dijk-07ac9879client171-sp7mj,hfl-train-model,579.7979999999989
2606,22,client17,maurits-dijk-07ac9879client171-sp7mj,sidecar,538.7849999999999
2607,22,client9,maurits-dijk-07ac9879client91-tpphj,hfl-train,794.7119999999995
2608,22,client9,maurits-dijk-07ac9879client91-tpphj,hfl-train-model,653.2440000000006
2609,22,client9,maurits-dijk-07ac9879client91-tpphj,sidecar,590.8980000000029
2610,22,client5,maurits-dijk-07ac9879client51-2h759,hfl-train-model,603.8370000000014
2611,22,client5,maurits-dijk-07ac9879client51-2h759,hfl-train,720.6270000000004
2612,22,client5,maurits-dijk-07ac9879client51-2h759,sidecar,553.746000000001
2613,22,client1,maurits-dijk-07ac9879client11-88nrp,hfl-train-model,598.8449999999993
2614,22,client1,maurits-dijk-07ac9879client11-88nrp,hfl-train,734.3189999999995
2615,22,client1,maurits-dijk-07ac9879client11-88nrp,sidecar,498.4500000000007
2616,22,client13,maurits-dijk-07ac9879client131-49m2m,hfl-train,918.6420000000035
2617,22,client13,maurits-dijk-07ac9879client131-49m2m,sidecar,655.6260000000002
2618,22,client13,maurits-dijk-07ac9879client131-49m2m,hfl-train-model,751.854000000003
2619,22,server,maurits-dijk-07ac9879server1-n7kt8,hfl-train,587.8439999999991
2620,22,server,maurits-dijk-07ac9879server1-n7kt8,sidecar,388.67399999999907
2621,22,server,maurits-dijk-07ac9879server1-n7kt8,hfl-train-model,899.094000000001
2622,23,server,server-656f98b57f-xcc8n,linkerd-init,0.0
2623,23,server,server-656f98b57f-xcc8n,linkerd-proxy,470.59200000000055
2624,23,client8,client8-5845965f99-c7gv7,client8,753.3660000000018
2625,23,client8,client8-5845965f99-c7gv7,sidecar,752.0190000000002
2626,23,client8,client8-5845965f99-c7gv7,linkerd-proxy,753.2699999999968
2627,23,client8,client8-5845965f99-c7gv7,linkerd-init,0.0
2628,23,client14,client14-856b5b5576-d9cj8,client14,669.1110000000044
2629,23,client14,client14-856b5b5576-d9cj8,sidecar,667.5119999999952
2630,23,client14,client14-856b5b5576-d9cj8,linkerd-init,0.0
2631,23,client14,client14-856b5b5576-d9cj8,linkerd-proxy,668.8680000000022
2632,23,client10,client10-694b6b97b4-9h5k7,client10,682.3230000000003
2633,23,client10,client10-694b6b97b4-9h5k7,linkerd-proxy,682.4729999999981
2634,23,client10,client10-694b6b97b4-9h5k7,sidecar,679.9830000000038
2635,23,client10,client10-694b6b97b4-9h5k7,linkerd-init,0.0
2636,23,orchestrator,policy-enforcer-cb8dccbd8-kc7h5,linkerd-init,0.0
2637,23,orchestrator,orchestrator-555f7b7c9d-x6psh,linkerd-proxy,341.6550000000025
2638,23,api-gateway,api-gateway-6bf76d45b7-wr226,linkerd-proxy,359.22299999999996
2639,23,orchestrator,policy-enforcer-cb8dccbd8-kc7h5,linkerd-proxy,341.64300000000003
2640,23,api-gateway,api-gateway-6bf76d45b7-wr226,linkerd-init,0.0
2641,23,orchestrator,orchestrator-555f7b7c9d-x6psh,linkerd-init,0.0
2642,23,client6,client6-785d875985-44dw6,client6,803.7330000000002
2643,23,client6,client6-785d875985-44dw6,linkerd-proxy,803.627999999997
2644,23,client6,client6-785d875985-44dw6,linkerd-init,0.0
2645,23,client6,client6-785d875985-44dw6,sidecar,801.0599999999977
2646,23,client4,client4-744474fb99-2dhnc,sidecar,802.0620000000017
2647,23,client4,client4-744474fb99-2dhnc,linkerd-init,0.0
2648,23,client4,client4-744474fb99-2dhnc,client4,804.7409999999982
2649,23,client4,client4-744474fb99-2dhnc,linkerd-proxy,804.7560000000012
2650,23,client17,client17-69b85b5ccf-jjgfq,sidecar,677.7599999999984
2651,23,client17,client17-69b85b5ccf-jjgfq,client17,721.2030000000013
2652,23,client17,client17-69b85b5ccf-jjgfq,linkerd-proxy,717.0510000000013
2653,23,client17,client17-69b85b5ccf-jjgfq,linkerd-init,0.0
2654,23,client15,client15-79c969ddf-9zmnv,linkerd-init,0.0
2655,23,client15,client15-79c969ddf-9zmnv,sidecar,861.8280000000013
2656,23,client15,client15-79c969ddf-9zmnv,client15,863.6399999999994
2657,23,client15,client15-79c969ddf-9zmnv,linkerd-proxy,863.390999999996
2658,23,client9,client9-d68fb99b4-wnklx,linkerd-init,0.0
2659,23,client9,client9-d68fb99b4-wnklx,sidecar,639.503999999999
2660,23,client9,client9-d68fb99b4-wnklx,client9,743.4720000000016
2661,23,client9,client9-d68fb99b4-wnklx,linkerd-proxy,742.7789999999986
2662,23,client5,client5-7d5ff7f8b4-6nn5m,linkerd-proxy,787.289999999999
2663,23,client5,client5-7d5ff7f8b4-6nn5m,sidecar,759.348
2664,23,client5,client5-7d5ff7f8b4-6nn5m,linkerd-init,0.0
2665,23,client5,client5-7d5ff7f8b4-6nn5m,client5,789.756000000003
2666,23,client12,client12-79bc8d5846-fg7f4,sidecar,834.6359999999986
2667,23,client12,client12-79bc8d5846-fg7f4,client12,857.6700000000019
2668,23,client12,client12-79bc8d5846-fg7f4,linkerd-proxy,857.880000000001
2669,23,client12,client12-79bc8d5846-fg7f4,linkerd-init,0.0
2670,23,client16,client16-6dc7f87f54-k2nz6,linkerd-init,0.0
2671,23,client16,client16-6dc7f87f54-k2nz6,client16,826.1219999999994
2672,23,client16,client16-6dc7f87f54-k2nz6,sidecar,824.2799999999988
2673,23,client16,client16-6dc7f87f54-k2nz6,linkerd-proxy,825.9629999999997
2674,23,client2,client2-86cd6d8cf7-hwdsb,sidecar,873.0119999999988
2675,23,client2,client2-86cd6d8cf7-hwdsb,client2,874.8359999999993
2676,23,client2,client2-86cd6d8cf7-hwdsb,linkerd-proxy,874.6980000000003
2677,23,client2,client2-86cd6d8cf7-hwdsb,linkerd-init,0.0
2678,23,client3,client3-58c68898cd-zbgmx,client3,903.456000000002
2679,23,client3,client3-58c68898cd-zbgmx,sidecar,900.9330000000009
2680,23,client3,client3-58c68898cd-zbgmx,linkerd-init,0.0
2681,23,client3,client3-58c68898cd-zbgmx,linkerd-proxy,903.6059999999961
2682,23,client18,client18-69db77c748-4z4s5,linkerd-init,0.0
2683,23,client18,client18-69db77c748-4z4s5,client18,841.107
2684,23,client18,client18-69db77c748-4z4s5,sidecar,839.2200000000012
2685,23,client18,client18-69db77c748-4z4s5,linkerd-proxy,840.9300000000003
2686,23,client7,client7-544486cc98-pnwh6,sidecar,821.8230000000003
2687,23,client7,client7-544486cc98-pnwh6,client7,823.380000000001
2688,23,client7,client7-544486cc98-pnwh6,linkerd-proxy,823.1700000000019
2689,23,client7,client7-544486cc98-pnwh6,linkerd-init,0.0
2690,23,client11,client11-565c48c7c7-vg972,sidecar,817.3769999999986
2691,23,client11,client11-565c48c7c7-vg972,linkerd-proxy,847.8630000000048
2692,23,client11,client11-565c48c7c7-vg972,client11,848.1179999999986
2693,23,client11,client11-565c48c7c7-vg972,linkerd-init,0.0
2694,23,client19,client19-56fccdb4d9-7jztj,linkerd-init,0.0
2695,23,client19,client19-56fccdb4d9-7jztj,client19,716.3669999999984
2696,23,client19,client19-56fccdb4d9-7jztj,sidecar,714.7799999999988
2697,23,client19,client19-56fccdb4d9-7jztj,linkerd-proxy,716.2379999999976
2698,23,client1,client1-7b9db886dd-zwn89,client1,614.5830000000005
2699,23,client1,client1-7b9db886dd-zwn89,linkerd-proxy,614.9460000000036
2700,23,client1,client1-7b9db886dd-zwn89,linkerd-init,0.0
2701,23,client1,client1-7b9db886dd-zwn89,sidecar,595.5960000000014
2702,23,client13,client13-7bf86f4f87-gw5cj,sidecar,611.8769999999986
2703,23,client13,client13-7bf86f4f87-gw5cj,client13,629.3189999999995
2704,23,client13,client13-7bf86f4f87-gw5cj,linkerd-init,0.0
2705,23,client13,client13-7bf86f4f87-gw5cj,linkerd-proxy,624.5819999999985
2706,23,client20,client20-65f8864f77-f7g5b,sidecar,634.2570000000014
2707,23,client20,client20-65f8864f77-f7g5b,client20,635.6640000000007
2708,23,client20,client20-65f8864f77-f7g5b,linkerd-proxy,635.6340000000055
2709,23,client20,client20-65f8864f77-f7g5b,linkerd-init,0.0
2710,23,server,server-656f98b57f-xcc8n,sidecar,450.6209999999992
2711,23,server,server-656f98b57f-xcc8n,server,484.46399999999994
2712,23,orchestrator,orchestrator-555f7b7c9d-x6psh,orchestrator,222.3060000000005
2713,23,orchestrator,policy-enforcer-cb8dccbd8-kc7h5,sidecar,340.8869999999997
2714,23,orchestrator,orchestrator-555f7b7c9d-x6psh,sidecar,295.4310000000005
2715,23,orchestrator,policy-enforcer-cb8dccbd8-kc7h5,policy-enforcer,252.76199999999972
2716,23,api-gateway,api-gateway-6bf76d45b7-wr226,sidecar,303.4260000000004
2717,23,api-gateway,api-gateway-6bf76d45b7-wr226,api-gateway,355.6919999999991
2718,23,client17,maurits-dijk-07ac9879client171-sp7mj,hfl-train,831.9210000000021
2719,23,client17,maurits-dijk-07ac9879client171-sp7mj,hfl-train-model,714.128999999999
2720,23,client17,maurits-dijk-07ac9879client171-sp7mj,sidecar,683.2710000000006
2721,23,client9,maurits-dijk-07ac9879client91-tpphj,hfl-train,857.7720000000008
2722,23,client9,maurits-dijk-07ac9879client91-tpphj,hfl-train-model,736.9499999999989
2723,23,client9,maurits-dijk-07ac9879client91-tpphj,sidecar,711.8130000000001
2724,23,client5,maurits-dijk-07ac9879client51-2h759,hfl-train-model,784.6979999999967
2725,23,client5,maurits-dijk-07ac9879client51-2h759,hfl-train,919.0739999999969
2726,23,client5,maurits-dijk-07ac9879client51-2h759,sidecar,716.0279999999984
2727,23,client1,maurits-dijk-07ac9879client11-88nrp,hfl-train-model,609.7319999999963
2728,23,client1,maurits-dijk-07ac9879client11-88nrp,hfl-train,735.3029999999999
2729,23,client1,maurits-dijk-07ac9879client11-88nrp,sidecar,515.1450000000004
2730,23,client13,maurits-dijk-07ac9879client131-49m2m,hfl-train,788.7119999999995
2731,23,client13,maurits-dijk-07ac9879client131-49m2m,sidecar,478.5089999999982
2732,23,client13,maurits-dijk-07ac9879client131-49m2m,hfl-train-model,621.7529999999988
2733,23,server,maurits-dijk-07ac9879server1-n7kt8,hfl-train,466.8119999999999
2734,23,server,maurits-dijk-07ac9879server1-n7kt8,sidecar,340.89300000000185
2735,23,server,maurits-dijk-07ac9879server1-n7kt8,hfl-train-model,831.9389999999985
2736,24,server,server-656f98b57f-xcc8n,linkerd-init,0.0
2737,24,server,server-656f98b57f-xcc8n,linkerd-proxy,571.1009999999987
2738,24,client8,client8-5845965f99-c7gv7,client8,861.0449999999983
2739,24,client8,client8-5845965f99-c7gv7,sidecar,859.3259999999973
2740,24,client8,client8-5845965f99-c7gv7,linkerd-proxy,860.7690000000002
2741,24,client8,client8-5845965f99-c7gv7,linkerd-init,0.0
2742,24,client14,client14-856b5b5576-d9cj8,client14,845.1929999999957
2743,24,client14,client14-856b5b5576-d9cj8,sidecar,843.0210000000006
2744,24,client14,client14-856b5b5576-d9cj8,linkerd-init,0.0
2745,24,client14,client14-856b5b5576-d9cj8,linkerd-proxy,844.9680000000008
2746,24,client10,client10-694b6b97b4-9h5k7,client10,835.7489999999962
2747,24,client10,client10-694b6b97b4-9h5k7,linkerd-proxy,835.5690000000031
2748,24,client10,client10-694b6b97b4-9h5k7,sidecar,833.0879999999961
2749,24,client10,client10-694b6b97b4-9h5k7,linkerd-init,0.0
2750,24,orchestrator,policy-enforcer-cb8dccbd8-kc7h5,linkerd-init,0.0
2751,24,orchestrator,orchestrator-555f7b7c9d-x6psh,linkerd-proxy,402.39899999999943
2752,24,api-gateway,api-gateway-6bf76d45b7-wr226,linkerd-proxy,421.10100000000057
2753,24,orchestrator,policy-enforcer-cb8dccbd8-kc7h5,linkerd-proxy,402.4290000000001
2754,24,api-gateway,api-gateway-6bf76d45b7-wr226,linkerd-init,0.0
2755,24,orchestrator,orchestrator-555f7b7c9d-x6psh,linkerd-init,0.0
2756,24,client6,client6-785d875985-44dw6,client6,662.1389999999992
2757,24,client6,client6-785d875985-44dw6,linkerd-proxy,661.8389999999999
2758,24,client6,client6-785d875985-44dw6,linkerd-init,0.0
2759,24,client6,client6-785d875985-44dw6,sidecar,659.6909999999989
2760,24,client4,client4-744474fb99-2dhnc,sidecar,760.3019999999997
2761,24,client4,client4-744474fb99-2dhnc,linkerd-init,0.0
2762,24,client4,client4-744474fb99-2dhnc,client4,762.4020000000019
2763,24,client4,client4-744474fb99-2dhnc,linkerd-proxy,762.4619999999995
2764,24,client17,client17-69b85b5ccf-jjgfq,sidecar,587.7240000000002
2765,24,client17,client17-69b85b5ccf-jjgfq,client17,619.997999999996
2766,24,client17,client17-69b85b5ccf-jjgfq,linkerd-proxy,617.5169999999998
2767,24,client17,client17-69b85b5ccf-jjgfq,linkerd-init,0.0
2768,24,client15,client15-79c969ddf-9zmnv,linkerd-init,0.0
2769,24,client15,client15-79c969ddf-9zmnv,sidecar,703.1460000000006
2770,24,client15,client15-79c969ddf-9zmnv,client15,704.762999999999
2771,24,client15,client15-79c969ddf-9zmnv,linkerd-proxy,704.4960000000028
2772,24,client9,client9-d68fb99b4-wnklx,linkerd-init,0.0
2773,24,client9,client9-d68fb99b4-wnklx,sidecar,587.5830000000005
2774,24,client9,client9-d68fb99b4-wnklx,client9,622.8090000000011
2775,24,client9,client9-d68fb99b4-wnklx,linkerd-proxy,621.0270000000019
2776,24,client5,client5-7d5ff7f8b4-6nn5m,linkerd-proxy,647.6399999999994
2777,24,client5,client5-7d5ff7f8b4-6nn5m,sidecar,594.3959999999988
2778,24,client5,client5-7d5ff7f8b4-6nn5m,linkerd-init,0.0
2779,24,client5,client5-7d5ff7f8b4-6nn5m,client5,650.663999999997
2780,24,client12,client12-79bc8d5846-fg7f4,sidecar,623.4120000000003
2781,24,client12,client12-79bc8d5846-fg7f4,client12,651.9359999999979
2782,24,client12,client12-79bc8d5846-fg7f4,linkerd-proxy,652.0109999999986
2783,24,client12,client12-79bc8d5846-fg7f4,linkerd-init,0.0
2784,24,client16,client16-6dc7f87f54-k2nz6,linkerd-init,0.0
2785,24,client16,client16-6dc7f87f54-k2nz6,client16,752.6790000000001
2786,24,client16,client16-6dc7f87f54-k2nz6,sidecar,750.8369999999995
2787,24,client16,client16-6dc7f87f54-k2nz6,linkerd-proxy,752.6039999999994
2788,24,client2,client2-86cd6d8cf7-hwdsb,sidecar,745.1820000000007
2789,24,client2,client2-86cd6d8cf7-hwdsb,client2,746.6490000000013
2790,24,client2,client2-86cd6d8cf7-hwdsb,linkerd-proxy,746.5410000000011
2791,24,client2,client2-86cd6d8cf7-hwdsb,linkerd-init,0.0
2792,24,client3,client3-58c68898cd-zbgmx,client3,656.7479999999996
2793,24,client3,client3-58c68898cd-zbgmx,sidecar,654.7049999999981
2794,24,client3,client3-58c68898cd-zbgmx,linkerd-init,0.0
2795,24,client3,client3-58c68898cd-zbgmx,linkerd-proxy,656.7780000000057
2796,24,client18,client18-69db77c748-4z4s5,linkerd-init,0.0
2797,24,client18,client18-69db77c748-4z4s5,client18,728.7119999999995
2798,24,client18,client18-69db77c748-4z4s5,sidecar,727.109999999997
2799,24,client18,client18-69db77c748-4z4s5,linkerd-proxy,728.5740000000005
2800,24,client7,client7-544486cc98-pnwh6,sidecar,693.2220000000016
2801,24,client7,client7-544486cc98-pnwh6,client7,694.4639999999999
2802,24,client7,client7-544486cc98-pnwh6,linkerd-proxy,694.3409999999967
2803,24,client7,client7-544486cc98-pnwh6,linkerd-init,0.0
2804,24,client11,client11-565c48c7c7-vg972,sidecar,613.3290000000015
2805,24,client11,client11-565c48c7c7-vg972,linkerd-proxy,641.2049999999981
2806,24,client11,client11-565c48c7c7-vg972,client11,641.3940000000002
2807,24,client11,client11-565c48c7c7-vg972,linkerd-init,0.0
2808,24,client19,client19-56fccdb4d9-7jztj,linkerd-init,0.0
2809,24,client19,client19-56fccdb4d9-7jztj,client19,778.0410000000011
2810,24,client19,client19-56fccdb4d9-7jztj,sidecar,776.2139999999999
2811,24,client19,client19-56fccdb4d9-7jztj,linkerd-proxy,777.9360000000015
2812,24,client1,client1-7b9db886dd-zwn89,client1,745.9349999999977
2813,24,client1,client1-7b9db886dd-zwn89,linkerd-proxy,746.4929999999949
2814,24,client1,client1-7b9db886dd-zwn89,linkerd-init,0.0
2815,24,client1,client1-7b9db886dd-zwn89,sidecar,721.0560000000005
2816,24,client13,client13-7bf86f4f87-gw5cj,sidecar,701.724000000002
2817,24,client13,client13-7bf86f4f87-gw5cj,client13,719.2289999999994
2818,24,client13,client13-7bf86f4f87-gw5cj,linkerd-init,0.0
2819,24,client13,client13-7bf86f4f87-gw5cj,linkerd-proxy,716.2200000000048
2820,24,client20,client20-65f8864f77-f7g5b,sidecar,915.0089999999982
2821,24,client20,client20-65f8864f77-f7g5b,client20,916.8179999999993
2822,24,client20,client20-65f8864f77-f7g5b,linkerd-proxy,916.6529999999984
2823,24,client20,client20-65f8864f77-f7g5b,linkerd-init,0.0
2824,24,server,server-656f98b57f-xcc8n,sidecar,481.7579999999998
2825,24,server,server-656f98b57f-xcc8n,server,593.1600000000017
2826,24,orchestrator,orchestrator-555f7b7c9d-x6psh,orchestrator,311.6219999999994
2827,24,orchestrator,policy-enforcer-cb8dccbd8-kc7h5,sidecar,359.9459999999981
2828,24,orchestrator,orchestrator-555f7b7c9d-x6psh,sidecar,368.0699999999997
2829,24,orchestrator,policy-enforcer-cb8dccbd8-kc7h5,policy-enforcer,268.8690000000006
2830,24,api-gateway,api-gateway-6bf76d45b7-wr226,sidecar,393.96599999999944
2831,24,api-gateway,api-gateway-6bf76d45b7-wr226,api-gateway,428.8259999999991
2832,24,client17,maurits-dijk-07ac9879client171-sp7mj,hfl-train,737.0310000000027
2833,24,client17,maurits-dijk-07ac9879client171-sp7mj,hfl-train-model,614.3820000000051
2834,24,client17,maurits-dijk-07ac9879client171-sp7mj,sidecar,604.6769999999997
2835,24,client9,maurits-dijk-07ac9879client91-tpphj,hfl-train,763.9020000000019
2836,24,client9,maurits-dijk-07ac9879client91-tpphj,hfl-train-model,616.0109999999986
2837,24,client9,maurits-dijk-07ac9879client91-tpphj,sidecar,540.3509999999987
2838,24,client5,maurits-dijk-07ac9879client51-2h759,hfl-train-model,645.0299999999988
2839,24,client5,maurits-dijk-07ac9879client51-2h759,hfl-train,761.7690000000002
2840,24,client5,maurits-dijk-07ac9879client51-2h759,sidecar,619.4520000000011
2841,24,client1,maurits-dijk-07ac9879client11-88nrp,hfl-train-model,740.7690000000039
2842,24,client1,maurits-dijk-07ac9879client11-88nrp,hfl-train,860.5260000000017
2843,24,client1,maurits-dijk-07ac9879client11-88nrp,sidecar,643.8959999999988
2844,24,client13,maurits-dijk-07ac9879client131-49m2m,hfl-train,880.2689999999966
2845,24,client13,maurits-dijk-07ac9879client131-49m2m,sidecar,607.4550000000017
2846,24,client13,maurits-dijk-07ac9879client131-49m2m,hfl-train-model,713.2049999999981
2847,24,server,maurits-dijk-07ac9879server1-n7kt8,hfl-train,567.2610000000004
2848,24,server,maurits-dijk-07ac9879server1-n7kt8,sidecar,510.2639999999992
2849,24,server,maurits-dijk-07ac9879server1-n7kt8,hfl-train-model,844.1640000000007
