,round,namespace,pod_name,container_name,joules
0,0,client11,client11-565c48c7c7-dz9jx,linkerd-proxy,670.2660000000001
1,0,client4,client4-744474fb99-mflh4,sidecar,755.622
2,0,client1,maurits-dijk-5bcea8d7client11-4c94x,hfl-train,709.1129999999998
3,0,client5,client5-7d5ff7f8b4-s6pkm,linkerd-proxy,597.909
4,0,client19,client19-56fccdb4d9-vsfg2,linkerd-init,0.0
5,0,orchestrator,orchestrator-555f7b7c9d-bhmxv,linkerd-init,0.0
6,0,client14,client14-856b5b5576-qsgds,linkerd-init,0.0
7,0,client13,client13-7bf86f4f87-tzjtt,linkerd-proxy,731.121
8,0,client18,client18-69db77c748-kqzbp,sidecar,661.0799999999999
9,0,client17,maurits-dijk-5bcea8d7client171-mfvr7,hfl-train,728.424
10,0,server,server-656f98b57f-hpwpf,linkerd-proxy,545.8980000000001
11,0,client20,client20-65f8864f77-jm2bl,client20,849.1560000000001
12,0,client19,client19-56fccdb4d9-vsfg2,client19,670.53
13,0,client15,client15-79c969ddf-tjlgp,client15,755.898
14,0,client1,client1-7b9db886dd-dxzzs,client1,628.875
15,0,client12,client12-79bc8d5846-x56ng,client12,788.6610000000001
16,0,client8,client8-5845965f99-llhcc,linkerd-init,0.0
17,0,client20,client20-65f8864f77-jm2bl,sidecar,748.278
18,0,client8,client8-5845965f99-llhcc,sidecar,761.901
19,0,client14,client14-856b5b5576-qsgds,linkerd-proxy,819.519
20,0,api-gateway,api-gateway-6bf76d45b7-fhf7v,api-gateway,452.53200000000004
21,0,client1,maurits-dijk-5bcea8d7client11-4c94x,hfl-train-model,621.5039999999999
22,0,client2,client2-86cd6d8cf7-86hzl,linkerd-init,0.0
23,0,client14,client14-856b5b5576-qsgds,client14,819.807
24,0,client17,client17-69b85b5ccf-g8cvx,client17,642.1800000000001
25,0,client13,client13-7bf86f4f87-tzjtt,client13,738.399
26,0,client5,maurits-dijk-5bcea8d7client51-t6xrg,sidecar,474.80099999999993
27,0,client4,client4-744474fb99-mflh4,linkerd-init,0.0
28,0,client6,client6-785d875985-99knx,sidecar,678.1229999999999
29,0,client12,client12-79bc8d5846-x56ng,sidecar,711.519
30,0,client14,client14-856b5b5576-qsgds,sidecar,817.881
31,0,client1,client1-7b9db886dd-dxzzs,sidecar,577.518
32,0,client5,client5-7d5ff7f8b4-s6pkm,linkerd-init,0.0
33,0,client3,client3-58c68898cd-sz7tn,sidecar,730.776
34,0,client9,client9-d68fb99b4-2pwjc,linkerd-init,0.0
35,0,client9,client9-d68fb99b4-2pwjc,sidecar,538.62
36,0,client10,client10-694b6b97b4-sq4tv,sidecar,741.7049999999999
37,0,client3,client3-58c68898cd-sz7tn,client3,732.636
38,0,client19,client19-56fccdb4d9-vsfg2,sidecar,553.83
39,0,client11,client11-565c48c7c7-dz9jx,client11,670.3590000000002
40,0,client16,client16-6dc7f87f54-k6shp,linkerd-init,0.0
41,0,api-gateway,api-gateway-6bf76d45b7-fhf7v,linkerd-init,0.0
42,0,orchestrator,orchestrator-555f7b7c9d-bhmxv,linkerd-proxy,415.218
43,0,client6,client6-785d875985-99knx,client6,679.527
44,0,client12,client12-79bc8d5846-x56ng,linkerd-proxy,788.3700000000001
45,0,orchestrator,policy-enforcer-cb8dccbd8-wwdzd,policy-enforcer,326.553
46,0,client7,client7-544486cc98-4jrnk,linkerd-init,0.0
47,0,client2,client2-86cd6d8cf7-86hzl,sidecar,693.789
48,0,client10,client10-694b6b97b4-sq4tv,linkerd-proxy,849.1740000000001
49,0,client3,client3-58c68898cd-sz7tn,linkerd-init,0.0
50,0,client15,client15-79c969ddf-tjlgp,linkerd-proxy,755.8229999999999
51,0,client8,client8-5845965f99-llhcc,linkerd-proxy,839.0730000000001
52,0,client9,maurits-dijk-5bcea8d7client91-8vl9p,sidecar,506.6040000000001
53,0,client20,client20-65f8864f77-jm2bl,linkerd-proxy,848.946
54,0,orchestrator,policy-enforcer-cb8dccbd8-wwdzd,linkerd-proxy,415.22999999999996
55,0,client16,client16-6dc7f87f54-k6shp,client16,667.8000000000001
56,0,client11,client11-565c48c7c7-dz9jx,sidecar,668.685
57,0,client5,maurits-dijk-5bcea8d7client51-t6xrg,hfl-train,683.943
58,0,server,server-656f98b57f-hpwpf,linkerd-init,0.0
59,0,client7,client7-544486cc98-4jrnk,client7,691.2299999999999
60,0,server,maurits-dijk-5bcea8d7server1-fqf7q,hfl-train,607.764
61,0,client7,client7-544486cc98-4jrnk,sidecar,689.8229999999999
62,0,client4,client4-744474fb99-mflh4,linkerd-proxy,757.44
63,0,client13,maurits-dijk-5bcea8d7client131-xq5c7,hfl-train-model,794.508
64,0,client10,client10-694b6b97b4-sq4tv,client10,849.4769999999999
65,0,orchestrator,policy-enforcer-cb8dccbd8-wwdzd,linkerd-init,0.0
66,0,client4,client4-744474fb99-mflh4,client4,757.4250000000001
67,0,client2,client2-86cd6d8cf7-86hzl,linkerd-proxy,695.064
68,0,client18,client18-69db77c748-kqzbp,linkerd-proxy,662.442
69,0,client12,client12-79bc8d5846-x56ng,linkerd-init,0.0
70,0,client15,client15-79c969ddf-tjlgp,sidecar,754.536
71,0,client7,client7-544486cc98-4jrnk,linkerd-proxy,690.8879999999999
72,0,server,maurits-dijk-5bcea8d7server1-fqf7q,sidecar,496.128
73,0,client2,client2-86cd6d8cf7-86hzl,client2,695.2860000000001
74,0,client13,client13-7bf86f4f87-tzjtt,linkerd-init,0.0
75,0,client16,client16-6dc7f87f54-k6shp,sidecar,666.363
76,0,orchestrator,policy-enforcer-cb8dccbd8-wwdzd,sidecar,379.98
77,0,client17,client17-69b85b5ccf-g8cvx,sidecar,521.037
78,0,client3,client3-58c68898cd-sz7tn,linkerd-proxy,732.36
79,0,client13,maurits-dijk-5bcea8d7client131-xq5c7,sidecar,586.725
80,0,client9,client9-d68fb99b4-2pwjc,client9,644.559
81,0,client13,client13-7bf86f4f87-tzjtt,sidecar,619.6379999999999
82,0,client20,client20-65f8864f77-jm2bl,linkerd-init,0.0
83,0,client5,client5-7d5ff7f8b4-s6pkm,client5,602.232
84,0,client5,client5-7d5ff7f8b4-s6pkm,sidecar,478.923
85,0,client1,maurits-dijk-5bcea8d7client11-4c94x,sidecar,395.42999999999995
86,0,api-gateway,api-gateway-6bf76d45b7-fhf7v,sidecar,331.278
87,0,client17,maurits-dijk-5bcea8d7client171-mfvr7,sidecar,476.12700000000007
88,0,client18,client18-69db77c748-kqzbp,client18,662.517
89,0,client9,maurits-dijk-5bcea8d7client91-8vl9p,hfl-train,834.771
90,0,client1,client1-7b9db886dd-dxzzs,linkerd-proxy,626.727
91,0,server,maurits-dijk-5bcea8d7server1-fqf7q,hfl-train-model,893.394
92,0,client9,client9-d68fb99b4-2pwjc,linkerd-proxy,640.278
93,0,client16,client16-6dc7f87f54-k6shp,linkerd-proxy,667.554
94,0,client6,client6-785d875985-99knx,linkerd-init,0.0
95,0,client1,client1-7b9db886dd-dxzzs,linkerd-init,0.0
96,0,client17,client17-69b85b5ccf-g8cvx,linkerd-proxy,637.503
97,0,orchestrator,orchestrator-555f7b7c9d-bhmxv,orchestrator,189.68400000000003
98,0,client11,client11-565c48c7c7-dz9jx,linkerd-init,0.0
99,0,orchestrator,orchestrator-555f7b7c9d-bhmxv,sidecar,304.944
100,0,api-gateway,api-gateway-6bf76d45b7-fhf7v,linkerd-proxy,433.527
101,0,client17,maurits-dijk-5bcea8d7client171-mfvr7,hfl-train-model,634.455
102,0,server,server-656f98b57f-hpwpf,sidecar,432.0899999999999
103,0,client17,client17-69b85b5ccf-g8cvx,linkerd-init,0.0
104,0,client9,maurits-dijk-5bcea8d7client91-8vl9p,hfl-train-model,635.961
105,0,client18,client18-69db77c748-kqzbp,linkerd-init,0.0
106,0,client8,client8-5845965f99-llhcc,client8,839.5889999999999
107,0,client19,client19-56fccdb4d9-vsfg2,linkerd-proxy,670.3139999999999
108,0,client15,client15-79c969ddf-tjlgp,linkerd-init,0.0
109,0,server,server-656f98b57f-hpwpf,server,560.9850000000001
110,0,client5,maurits-dijk-5bcea8d7client51-t6xrg,hfl-train-model,595.284
111,0,client13,maurits-dijk-5bcea8d7client131-xq5c7,hfl-train,1052.955
112,0,client10,client10-694b6b97b4-sq4tv,linkerd-init,0.0
113,0,client6,client6-785d875985-99knx,linkerd-proxy,679.146
114,1,client11,client11-565c48c7c7-dz9jx,linkerd-proxy,649.104
115,1,client4,client4-744474fb99-mflh4,sidecar,831.3689999999999
116,1,client1,maurits-dijk-5bcea8d7client11-4c94x,hfl-train,674.0970000000002
117,1,client5,client5-7d5ff7f8b4-s6pkm,linkerd-proxy,793.209
118,1,client19,client19-56fccdb4d9-vsfg2,linkerd-init,0.0
119,1,orchestrator,orchestrator-555f7b7c9d-bhmxv,linkerd-init,0.0
120,1,client14,client14-856b5b5576-qsgds,linkerd-init,0.0
121,1,client13,client13-7bf86f4f87-tzjtt,linkerd-proxy,605.0759999999999
122,1,client18,client18-69db77c748-kqzbp,sidecar,644.6880000000001
123,1,client17,maurits-dijk-5bcea8d7client171-mfvr7,hfl-train,797.532
124,1,server,server-656f98b57f-hpwpf,linkerd-proxy,466.01999999999987
125,1,client20,client20-65f8864f77-jm2bl,client20,701.1360000000001
126,1,client19,client19-56fccdb4d9-vsfg2,client19,681.8040000000001
127,1,client15,client15-79c969ddf-tjlgp,client15,854.526
128,1,client1,client1-7b9db886dd-dxzzs,client1,610.614
129,1,client12,client12-79bc8d5846-x56ng,client12,900.366
130,1,client8,client8-5845965f99-llhcc,linkerd-init,0.0
131,1,client20,client20-65f8864f77-jm2bl,sidecar,593.133
132,1,client8,client8-5845965f99-llhcc,sidecar,582.2640000000001
133,1,client14,client14-856b5b5576-qsgds,linkerd-proxy,631.0949999999999
134,1,api-gateway,api-gateway-6bf76d45b7-fhf7v,api-gateway,375.41100000000006
135,1,client1,maurits-dijk-5bcea8d7client11-4c94x,hfl-train-model,604.4730000000001
136,1,client2,client2-86cd6d8cf7-86hzl,linkerd-init,0.0
137,1,client14,client14-856b5b5576-qsgds,client14,631.293
138,1,client17,client17-69b85b5ccf-g8cvx,client17,725.871
139,1,client13,client13-7bf86f4f87-tzjtt,client13,611.6370000000001
140,1,client5,maurits-dijk-5bcea8d7client51-t6xrg,sidecar,690.9480000000002
141,1,client4,client4-744474fb99-mflh4,linkerd-init,0.0
142,1,client6,client6-785d875985-99knx,sidecar,834.0120000000001
143,1,client12,client12-79bc8d5846-x56ng,sidecar,792.978
144,1,client14,client14-856b5b5576-qsgds,sidecar,629.8740000000001
145,1,client1,client1-7b9db886dd-dxzzs,sidecar,524.6669999999999
146,1,client5,client5-7d5ff7f8b4-s6pkm,linkerd-init,0.0
147,1,client3,client3-58c68898cd-sz7tn,sidecar,941.298
148,1,client9,client9-d68fb99b4-2pwjc,linkerd-init,0.0
149,1,client9,client9-d68fb99b4-2pwjc,sidecar,725.7420000000001
150,1,client10,client10-694b6b97b4-sq4tv,sidecar,660.7890000000001
151,1,client3,client3-58c68898cd-sz7tn,client3,943.35
152,1,client19,client19-56fccdb4d9-vsfg2,sidecar,590.055
153,1,client11,client11-565c48c7c7-dz9jx,client11,649.2900000000001
154,1,client16,client16-6dc7f87f54-k6shp,linkerd-init,0.0
155,1,api-gateway,api-gateway-6bf76d45b7-fhf7v,linkerd-init,0.0
156,1,orchestrator,orchestrator-555f7b7c9d-bhmxv,linkerd-proxy,345.38700000000006
157,1,client6,client6-785d875985-99knx,client6,835.9680000000001
158,1,client12,client12-79bc8d5846-x56ng,linkerd-proxy,900.3299999999999
159,1,orchestrator,policy-enforcer-cb8dccbd8-wwdzd,policy-enforcer,279.09000000000003
160,1,client7,client7-544486cc98-4jrnk,linkerd-init,0.0
161,1,client2,client2-86cd6d8cf7-86hzl,sidecar,850.5659999999999
162,1,client10,client10-694b6b97b4-sq4tv,linkerd-proxy,724.884
163,1,client3,client3-58c68898cd-sz7tn,linkerd-init,0.0
164,1,client15,client15-79c969ddf-tjlgp,linkerd-proxy,854.2560000000001
165,1,client8,client8-5845965f99-llhcc,linkerd-proxy,648.8069999999998
166,1,client9,maurits-dijk-5bcea8d7client91-8vl9p,sidecar,597.3749999999999
167,1,client20,client20-65f8864f77-jm2bl,linkerd-proxy,700.9230000000001
168,1,orchestrator,policy-enforcer-cb8dccbd8-wwdzd,linkerd-proxy,345.3330000000001
169,1,client16,client16-6dc7f87f54-k6shp,client16,847.161
170,1,client11,client11-565c48c7c7-dz9jx,sidecar,647.6460000000002
171,1,client5,maurits-dijk-5bcea8d7client51-t6xrg,hfl-train,866.2230000000001
172,1,server,server-656f98b57f-hpwpf,linkerd-init,0.0
173,1,client7,client7-544486cc98-4jrnk,client7,680.6400000000002
174,1,server,maurits-dijk-5bcea8d7server1-fqf7q,hfl-train,461.29200000000003
175,1,client7,client7-544486cc98-4jrnk,sidecar,679.2360000000001
176,1,client4,client4-744474fb99-mflh4,linkerd-proxy,833.6610000000001
177,1,client13,maurits-dijk-5bcea8d7client131-xq5c7,hfl-train-model,601.6979999999999
178,1,client10,client10-694b6b97b4-sq4tv,client10,725.2980000000002
179,1,orchestrator,policy-enforcer-cb8dccbd8-wwdzd,linkerd-init,0.0
180,1,client4,client4-744474fb99-mflh4,client4,833.8889999999998
181,1,client2,client2-86cd6d8cf7-86hzl,linkerd-proxy,852.1620000000001
182,1,client18,client18-69db77c748-kqzbp,linkerd-proxy,645.7650000000001
183,1,client12,client12-79bc8d5846-x56ng,linkerd-init,0.0
184,1,client15,client15-79c969ddf-tjlgp,sidecar,852.7770000000002
185,1,client7,client7-544486cc98-4jrnk,linkerd-proxy,680.229
186,1,server,maurits-dijk-5bcea8d7server1-fqf7q,sidecar,373.39500000000004
187,1,client2,client2-86cd6d8cf7-86hzl,client2,852.2399999999999
188,1,client13,client13-7bf86f4f87-tzjtt,linkerd-init,0.0
189,1,client16,client16-6dc7f87f54-k6shp,sidecar,845.457
190,1,orchestrator,policy-enforcer-cb8dccbd8-wwdzd,sidecar,292.257
191,1,client17,client17-69b85b5ccf-g8cvx,sidecar,626.244
192,1,client3,client3-58c68898cd-sz7tn,linkerd-proxy,943.1549999999999
193,1,client13,maurits-dijk-5bcea8d7client131-xq5c7,sidecar,490.74300000000005
194,1,client9,client9-d68fb99b4-2pwjc,client9,790.809
195,1,client13,client13-7bf86f4f87-tzjtt,sidecar,534.111
196,1,client20,client20-65f8864f77-jm2bl,linkerd-init,0.0
197,1,client5,client5-7d5ff7f8b4-s6pkm,client5,795.7110000000001
198,1,client5,client5-7d5ff7f8b4-s6pkm,sidecar,607.5989999999999
199,1,client1,maurits-dijk-5bcea8d7client11-4c94x,sidecar,465.708
200,1,api-gateway,api-gateway-6bf76d45b7-fhf7v,sidecar,296.41800000000006
201,1,client17,maurits-dijk-5bcea8d7client171-mfvr7,sidecar,574.749
202,1,client18,client18-69db77c748-kqzbp,client18,645.9990000000001
203,1,client9,maurits-dijk-5bcea8d7client91-8vl9p,hfl-train,856.719
204,1,client1,client1-7b9db886dd-dxzzs,linkerd-proxy,610.3140000000002
205,1,server,maurits-dijk-5bcea8d7server1-fqf7q,hfl-train-model,778.9680000000001
206,1,client9,client9-d68fb99b4-2pwjc,linkerd-proxy,790.845
207,1,client16,client16-6dc7f87f54-k6shp,linkerd-proxy,846.9300000000001
208,1,client6,client6-785d875985-99knx,linkerd-init,0.0
209,1,client1,client1-7b9db886dd-dxzzs,linkerd-init,0.0
210,1,client17,client17-69b85b5ccf-g8cvx,linkerd-proxy,723.4409999999999
211,1,orchestrator,orchestrator-555f7b7c9d-bhmxv,orchestrator,167.12699999999995
212,1,client11,client11-565c48c7c7-dz9jx,linkerd-init,0.0
213,1,orchestrator,orchestrator-555f7b7c9d-bhmxv,sidecar,258.8760000000001
214,1,api-gateway,api-gateway-6bf76d45b7-fhf7v,linkerd-proxy,362.70000000000005
215,1,client17,maurits-dijk-5bcea8d7client171-mfvr7,hfl-train-model,720.156
216,1,server,server-656f98b57f-hpwpf,sidecar,447.29700000000014
217,1,client17,client17-69b85b5ccf-g8cvx,linkerd-init,0.0
218,1,client9,maurits-dijk-5bcea8d7client91-8vl9p,hfl-train-model,785.7660000000001
219,1,client18,client18-69db77c748-kqzbp,linkerd-init,0.0
220,1,client8,client8-5845965f99-llhcc,client8,649.2300000000002
221,1,client19,client19-56fccdb4d9-vsfg2,linkerd-proxy,681.6030000000001
222,1,client15,client15-79c969ddf-tjlgp,linkerd-init,0.0
223,1,server,server-656f98b57f-hpwpf,server,484.37699999999995
224,1,client5,maurits-dijk-5bcea8d7client51-t6xrg,hfl-train-model,791.0940000000002
225,1,client13,maurits-dijk-5bcea8d7client131-xq5c7,hfl-train,715.749
226,1,client10,client10-694b6b97b4-sq4tv,linkerd-init,0.0
227,1,client6,client6-785d875985-99knx,linkerd-proxy,835.533
228,2,client20,client20-65f8864f77-jm2bl,linkerd-init,0.0
229,2,server,server-656f98b57f-hpwpf,linkerd-proxy,537.51
230,2,server,server-656f98b57f-hpwpf,linkerd-init,0.0
231,2,client8,client8-5845965f99-llhcc,linkerd-init,0.0
232,2,client8,client8-5845965f99-llhcc,sidecar,621.2789999999998
233,2,client8,client8-5845965f99-llhcc,linkerd-proxy,686.4570000000003
234,2,client8,client8-5845965f99-llhcc,client8,686.7449999999997
235,2,client14,client14-856b5b5576-qsgds,linkerd-init,0.0
236,2,client14,client14-856b5b5576-qsgds,linkerd-proxy,666.9479999999999
237,2,client14,client14-856b5b5576-qsgds,client14,667.0860000000002
238,2,client14,client14-856b5b5576-qsgds,sidecar,665.565
239,2,client10,client10-694b6b97b4-sq4tv,linkerd-proxy,726.2669999999996
240,2,client10,client10-694b6b97b4-sq4tv,client10,726.567
241,2,client10,client10-694b6b97b4-sq4tv,sidecar,620.5320000000002
242,2,client10,client10-694b6b97b4-sq4tv,linkerd-init,0.0
243,2,orchestrator,orchestrator-555f7b7c9d-bhmxv,linkerd-init,0.0
244,2,api-gateway,api-gateway-6bf76d45b7-fhf7v,linkerd-init,0.0
245,2,orchestrator,orchestrator-555f7b7c9d-bhmxv,linkerd-proxy,346.12199999999984
246,2,orchestrator,policy-enforcer-cb8dccbd8-wwdzd,linkerd-proxy,346.0559999999999
247,2,orchestrator,policy-enforcer-cb8dccbd8-wwdzd,linkerd-init,0.0
248,2,api-gateway,api-gateway-6bf76d45b7-fhf7v,linkerd-proxy,364.7700000000001
249,2,client6,client6-785d875985-99knx,sidecar,703.8809999999999
250,2,client6,client6-785d875985-99knx,client6,705.906
251,2,client6,client6-785d875985-99knx,linkerd-init,0.0
252,2,client6,client6-785d875985-99knx,linkerd-proxy,705.5009999999997
253,2,client4,client4-744474fb99-mflh4,sidecar,671.8320000000001
254,2,client4,client4-744474fb99-mflh4,linkerd-init,0.0
255,2,client4,client4-744474fb99-mflh4,linkerd-proxy,673.662
256,2,client4,client4-744474fb99-mflh4,client4,673.7220000000002
257,2,client17,client17-69b85b5ccf-g8cvx,client17,636.8370000000002
258,2,client17,client17-69b85b5ccf-g8cvx,sidecar,600.354
259,2,client17,client17-69b85b5ccf-g8cvx,linkerd-proxy,632.8199999999999
260,2,client17,client17-69b85b5ccf-g8cvx,linkerd-init,0.0
261,2,client15,client15-79c969ddf-tjlgp,linkerd-proxy,745.9440000000002
262,2,client15,client15-79c969ddf-tjlgp,sidecar,744.6120000000001
263,2,client15,client15-79c969ddf-tjlgp,client15,746.0339999999999
264,2,client15,client15-79c969ddf-tjlgp,linkerd-init,0.0
265,2,client9,client9-d68fb99b4-2pwjc,linkerd-init,0.0
266,2,client9,client9-d68fb99b4-2pwjc,sidecar,550.722
267,2,client9,client9-d68fb99b4-2pwjc,client9,619.5809999999999
268,2,client9,client9-d68fb99b4-2pwjc,linkerd-proxy,618.279
269,2,client5,client5-7d5ff7f8b4-s6pkm,linkerd-proxy,668.3489999999999
270,2,client5,client5-7d5ff7f8b4-s6pkm,linkerd-init,0.0
271,2,client5,client5-7d5ff7f8b4-s6pkm,sidecar,397.422
272,2,client5,client5-7d5ff7f8b4-s6pkm,client5,670.9889999999998
273,2,client12,client12-79bc8d5846-x56ng,client12,677.4749999999999
274,2,client12,client12-79bc8d5846-x56ng,sidecar,566.4719999999998
275,2,client12,client12-79bc8d5846-x56ng,linkerd-proxy,677.3249999999998
276,2,client12,client12-79bc8d5846-x56ng,linkerd-init,0.0
277,2,client16,client16-6dc7f87f54-k6shp,linkerd-init,0.0
278,2,client16,client16-6dc7f87f54-k6shp,client16,678.0420000000001
279,2,client16,client16-6dc7f87f54-k6shp,sidecar,676.5149999999999
280,2,client16,client16-6dc7f87f54-k6shp,linkerd-proxy,677.673
281,2,client2,client2-86cd6d8cf7-86hzl,linkerd-init,0.0
282,2,client2,client2-86cd6d8cf7-86hzl,sidecar,768.2820000000004
283,2,client2,client2-86cd6d8cf7-86hzl,linkerd-proxy,769.6139999999998
284,2,client2,client2-86cd6d8cf7-86hzl,client2,769.7340000000004
285,2,client3,client3-58c68898cd-sz7tn,sidecar,736.8
286,2,client3,client3-58c68898cd-sz7tn,linkerd-init,0.0
287,2,client3,client3-58c68898cd-sz7tn,client3,738.3990000000003
288,2,client3,client3-58c68898cd-sz7tn,linkerd-proxy,738.1949999999999
289,2,client18,client18-69db77c748-kqzbp,sidecar,822.0749999999996
290,2,client18,client18-69db77c748-kqzbp,linkerd-proxy,823.809
291,2,client18,client18-69db77c748-kqzbp,client18,823.9469999999997
292,2,client18,client18-69db77c748-kqzbp,linkerd-init,0.0
293,2,client7,client7-544486cc98-4jrnk,linkerd-init,0.0
294,2,client7,client7-544486cc98-4jrnk,client7,820.4519999999998
295,2,client7,client7-544486cc98-4jrnk,sidecar,818.8529999999998
296,2,client7,client7-544486cc98-4jrnk,linkerd-proxy,820.0319999999999
297,2,client11,client11-565c48c7c7-dz9jx,linkerd-proxy,879.8519999999999
298,2,client11,client11-565c48c7c7-dz9jx,client11,880.0649999999998
299,2,client11,client11-565c48c7c7-dz9jx,sidecar,878.1479999999997
300,2,client11,client11-565c48c7c7-dz9jx,linkerd-init,0.0
301,2,client19,client19-56fccdb4d9-vsfg2,linkerd-init,0.0
302,2,client19,client19-56fccdb4d9-vsfg2,client19,838.9560000000001
303,2,client19,client19-56fccdb4d9-vsfg2,sidecar,794.0909999999999
304,2,client19,client19-56fccdb4d9-vsfg2,linkerd-proxy,838.7940000000003
305,2,client1,client1-7b9db886dd-dxzzs,client1,775.3980000000001
306,2,client1,client1-7b9db886dd-dxzzs,sidecar,675.0809999999999
307,2,client1,client1-7b9db886dd-dxzzs,linkerd-proxy,773.8529999999996
308,2,client1,client1-7b9db886dd-dxzzs,linkerd-init,0.0
309,2,client13,client13-7bf86f4f87-tzjtt,linkerd-proxy,794.4930000000004
310,2,client13,client13-7bf86f4f87-tzjtt,client13,799.8929999999998
311,2,client13,client13-7bf86f4f87-tzjtt,linkerd-init,0.0
312,2,client13,client13-7bf86f4f87-tzjtt,sidecar,688.3800000000001
313,2,client20,client20-65f8864f77-jm2bl,client20,908.0099999999998
314,2,client20,client20-65f8864f77-jm2bl,sidecar,784.011
315,2,client20,client20-65f8864f77-jm2bl,linkerd-proxy,907.8029999999999
316,2,server,server-656f98b57f-hpwpf,sidecar,449.7660000000001
317,2,server,server-656f98b57f-hpwpf,server,553.8
318,2,api-gateway,api-gateway-6bf76d45b7-fhf7v,api-gateway,363.1020000000001
319,2,orchestrator,policy-enforcer-cb8dccbd8-wwdzd,policy-enforcer,186.95400000000006
320,2,orchestrator,policy-enforcer-cb8dccbd8-wwdzd,sidecar,314.8109999999999
321,2,api-gateway,api-gateway-6bf76d45b7-fhf7v,sidecar,260.5229999999999
322,2,orchestrator,orchestrator-555f7b7c9d-bhmxv,orchestrator,247.497
323,2,orchestrator,orchestrator-555f7b7c9d-bhmxv,sidecar,321.9509999999999
324,2,client17,maurits-dijk-5bcea8d7client171-mfvr7,hfl-train,720.0029999999997
325,2,client17,maurits-dijk-5bcea8d7client171-mfvr7,sidecar,587.7449999999999
326,2,client17,maurits-dijk-5bcea8d7client171-mfvr7,hfl-train-model,629.7149999999999
327,2,client9,maurits-dijk-5bcea8d7client91-8vl9p,sidecar,410.15100000000007
328,2,client9,maurits-dijk-5bcea8d7client91-8vl9p,hfl-train,696.2639999999999
329,2,client9,maurits-dijk-5bcea8d7client91-8vl9p,hfl-train-model,613.893
330,2,client5,maurits-dijk-5bcea8d7client51-t6xrg,sidecar,604.2449999999999
331,2,client5,maurits-dijk-5bcea8d7client51-t6xrg,hfl-train,743.3790000000001
332,2,client5,maurits-dijk-5bcea8d7client51-t6xrg,hfl-train-model,666.144
333,2,client1,maurits-dijk-5bcea8d7client11-4c94x,hfl-train,855.7019999999998
334,2,client1,maurits-dijk-5bcea8d7client11-4c94x,hfl-train-model,766.935
335,2,client1,maurits-dijk-5bcea8d7client11-4c94x,sidecar,633.054
336,2,client13,maurits-dijk-5bcea8d7client131-xq5c7,hfl-train-model,791.1120000000003
337,2,client13,maurits-dijk-5bcea8d7client131-xq5c7,sidecar,750.048
338,2,client13,maurits-dijk-5bcea8d7client131-xq5c7,hfl-train,900.5759999999998
339,2,server,maurits-dijk-5bcea8d7server1-fqf7q,hfl-train,532.434
340,2,server,maurits-dijk-5bcea8d7server1-fqf7q,sidecar,396.8760000000001
341,2,server,maurits-dijk-5bcea8d7server1-fqf7q,hfl-train-model,805.335
342,3,client20,client20-65f8864f77-jm2bl,linkerd-init,0.0
343,3,server,server-656f98b57f-hpwpf,linkerd-proxy,458.73
344,3,server,server-656f98b57f-hpwpf,linkerd-init,0.0
345,3,client8,client8-5845965f99-llhcc,linkerd-init,0.0
346,3,client8,client8-5845965f99-llhcc,sidecar,749.3400000000001
347,3,client8,client8-5845965f99-llhcc,linkerd-proxy,924.384
348,3,client8,client8-5845965f99-llhcc,client8,924.6540000000005
349,3,client14,client14-856b5b5576-qsgds,linkerd-init,0.0
350,3,client14,client14-856b5b5576-qsgds,linkerd-proxy,794.1990000000001
351,3,client14,client14-856b5b5576-qsgds,client14,794.4209999999998
352,3,client14,client14-856b5b5576-qsgds,sidecar,792.5369999999998
353,3,client10,client10-694b6b97b4-sq4tv,linkerd-proxy,853.6380000000004
354,3,client10,client10-694b6b97b4-sq4tv,client10,853.7579999999998
355,3,client10,client10-694b6b97b4-sq4tv,sidecar,798.4979999999996
356,3,client10,client10-694b6b97b4-sq4tv,linkerd-init,0.0
357,3,orchestrator,orchestrator-555f7b7c9d-bhmxv,linkerd-init,0.0
358,3,api-gateway,api-gateway-6bf76d45b7-fhf7v,linkerd-init,0.0
359,3,orchestrator,orchestrator-555f7b7c9d-bhmxv,linkerd-proxy,421.3380000000002
360,3,orchestrator,policy-enforcer-cb8dccbd8-wwdzd,linkerd-proxy,421.299
361,3,orchestrator,policy-enforcer-cb8dccbd8-wwdzd,linkerd-init,0.0
362,3,api-gateway,api-gateway-6bf76d45b7-fhf7v,linkerd-proxy,440.1419999999998
363,3,client6,client6-785d875985-99knx,sidecar,845.3670000000002
364,3,client6,client6-785d875985-99knx,client6,847.9290000000001
365,3,client6,client6-785d875985-99knx,linkerd-init,0.0
366,3,client6,client6-785d875985-99knx,linkerd-proxy,847.5240000000003
367,3,client4,client4-744474fb99-mflh4,sidecar,901.2269999999999
368,3,client4,client4-744474fb99-mflh4,linkerd-init,0.0
369,3,client4,client4-744474fb99-mflh4,linkerd-proxy,903.6239999999998
370,3,client4,client4-744474fb99-mflh4,client4,903.732
371,3,client17,client17-69b85b5ccf-g8cvx,client17,764.7839999999997
372,3,client17,client17-69b85b5ccf-g8cvx,sidecar,712.5659999999998
373,3,client17,client17-69b85b5ccf-g8cvx,linkerd-proxy,761.9549999999999
374,3,client17,client17-69b85b5ccf-g8cvx,linkerd-init,0.0
375,3,client15,client15-79c969ddf-tjlgp,linkerd-proxy,809.4360000000001
376,3,client15,client15-79c969ddf-tjlgp,sidecar,807.8669999999997
377,3,client15,client15-79c969ddf-tjlgp,client15,809.6190000000001
378,3,client15,client15-79c969ddf-tjlgp,linkerd-init,0.0
379,3,client9,client9-d68fb99b4-2pwjc,linkerd-init,0.0
380,3,client9,client9-d68fb99b4-2pwjc,sidecar,643.0649999999998
381,3,client9,client9-d68fb99b4-2pwjc,client9,743.4480000000003
382,3,client9,client9-d68fb99b4-2pwjc,linkerd-proxy,744.3540000000003
383,3,client5,client5-7d5ff7f8b4-s6pkm,linkerd-proxy,628.5360000000001
384,3,client5,client5-7d5ff7f8b4-s6pkm,linkerd-init,0.0
385,3,client5,client5-7d5ff7f8b4-s6pkm,sidecar,555.48
386,3,client5,client5-7d5ff7f8b4-s6pkm,client5,631.3379999999997
387,3,client12,client12-79bc8d5846-x56ng,client12,652.8719999999998
388,3,client12,client12-79bc8d5846-x56ng,sidecar,573.4259999999999
389,3,client12,client12-79bc8d5846-x56ng,linkerd-proxy,652.614
390,3,client12,client12-79bc8d5846-x56ng,linkerd-init,0.0
391,3,client16,client16-6dc7f87f54-k6shp,linkerd-init,0.0
392,3,client16,client16-6dc7f87f54-k6shp,client16,688.1999999999998
393,3,client16,client16-6dc7f87f54-k6shp,sidecar,686.6010000000001
394,3,client16,client16-6dc7f87f54-k6shp,linkerd-proxy,687.9990000000003
395,3,client2,client2-86cd6d8cf7-86hzl,linkerd-init,0.0
396,3,client2,client2-86cd6d8cf7-86hzl,sidecar,722.3909999999996
397,3,client2,client2-86cd6d8cf7-86hzl,linkerd-proxy,723.8519999999999
398,3,client2,client2-86cd6d8cf7-86hzl,client2,723.8879999999995
399,3,client3,client3-58c68898cd-sz7tn,sidecar,682.4939999999997
400,3,client3,client3-58c68898cd-sz7tn,linkerd-init,0.0
401,3,client3,client3-58c68898cd-sz7tn,client3,684.2969999999996
402,3,client3,client3-58c68898cd-sz7tn,linkerd-proxy,683.9430000000002
403,3,client18,client18-69db77c748-kqzbp,sidecar,709.3230000000003
404,3,client18,client18-69db77c748-kqzbp,linkerd-proxy,710.7089999999998
405,3,client18,client18-69db77c748-kqzbp,client18,710.7750000000005
406,3,client18,client18-69db77c748-kqzbp,linkerd-init,0.0
407,3,client7,client7-544486cc98-4jrnk,linkerd-init,0.0
408,3,client7,client7-544486cc98-4jrnk,client7,745.6620000000003
409,3,client7,client7-544486cc98-4jrnk,sidecar,744.3000000000002
410,3,client7,client7-544486cc98-4jrnk,linkerd-proxy,745.344
411,3,client11,client11-565c48c7c7-dz9jx,linkerd-proxy,684.9030000000002
412,3,client11,client11-565c48c7c7-dz9jx,client11,685.0859999999998
413,3,client11,client11-565c48c7c7-dz9jx,sidecar,683.424
414,3,client11,client11-565c48c7c7-dz9jx,linkerd-init,0.0
415,3,client19,client19-56fccdb4d9-vsfg2,linkerd-init,0.0
416,3,client19,client19-56fccdb4d9-vsfg2,client19,650.4989999999998
417,3,client19,client19-56fccdb4d9-vsfg2,sidecar,649.107
418,3,client19,client19-56fccdb4d9-vsfg2,linkerd-proxy,650.4629999999997
419,3,client1,client1-7b9db886dd-dxzzs,client1,619.1579999999999
420,3,client1,client1-7b9db886dd-dxzzs,sidecar,594.183
421,3,client1,client1-7b9db886dd-dxzzs,linkerd-proxy,619.0410000000002
422,3,client1,client1-7b9db886dd-dxzzs,linkerd-init,0.0
423,3,client13,client13-7bf86f4f87-tzjtt,linkerd-proxy,609.6659999999997
424,3,client13,client13-7bf86f4f87-tzjtt,client13,614.067
425,3,client13,client13-7bf86f4f87-tzjtt,linkerd-init,0.0
426,3,client13,client13-7bf86f4f87-tzjtt,sidecar,483.6959999999999
427,3,client20,client20-65f8864f77-jm2bl,client20,733.9590000000003
428,3,client20,client20-65f8864f77-jm2bl,sidecar,666.9180000000001
429,3,client20,client20-65f8864f77-jm2bl,linkerd-proxy,733.7759999999998
430,3,server,server-656f98b57f-hpwpf,sidecar,410.11799999999994
431,3,server,server-656f98b57f-hpwpf,server,480.2579999999998
432,3,api-gateway,api-gateway-6bf76d45b7-fhf7v,api-gateway,441.01800000000003
433,3,orchestrator,policy-enforcer-cb8dccbd8-wwdzd,policy-enforcer,246.67799999999988
434,3,orchestrator,policy-enforcer-cb8dccbd8-wwdzd,sidecar,385.722
435,3,api-gateway,api-gateway-6bf76d45b7-fhf7v,sidecar,339.18600000000004
436,3,orchestrator,orchestrator-555f7b7c9d-bhmxv,orchestrator,345.456
437,3,orchestrator,orchestrator-555f7b7c9d-bhmxv,sidecar,296.703
438,3,client17,maurits-dijk-5bcea8d7client171-mfvr7,hfl-train,832.6890000000003
439,3,client17,maurits-dijk-5bcea8d7client171-mfvr7,sidecar,709.1970000000001
440,3,client17,maurits-dijk-5bcea8d7client171-mfvr7,hfl-train-model,758.9279999999999
441,3,client9,maurits-dijk-5bcea8d7client91-8vl9p,sidecar,560.5529999999999
442,3,client9,maurits-dijk-5bcea8d7client91-8vl9p,hfl-train,824.2350000000001
443,3,client9,maurits-dijk-5bcea8d7client91-8vl9p,hfl-train-model,739.038
444,3,client5,maurits-dijk-5bcea8d7client51-t6xrg,sidecar,538.6649999999997
445,3,client5,maurits-dijk-5bcea8d7client51-t6xrg,hfl-train,718.0619999999994
446,3,client5,maurits-dijk-5bcea8d7client51-t6xrg,hfl-train-model,626.0999999999999
447,3,client1,maurits-dijk-5bcea8d7client11-4c94x,hfl-train,682.7910000000002
448,3,client1,maurits-dijk-5bcea8d7client11-4c94x,hfl-train-model,613.7159999999999
449,3,client1,maurits-dijk-5bcea8d7client11-4c94x,sidecar,548.8739999999998
450,3,client13,maurits-dijk-5bcea8d7client131-xq5c7,hfl-train-model,606.252
451,3,client13,maurits-dijk-5bcea8d7client131-xq5c7,sidecar,484.11900000000014
452,3,client13,maurits-dijk-5bcea8d7client131-xq5c7,hfl-train,718.3770000000004
453,3,server,maurits-dijk-5bcea8d7server1-fqf7q,hfl-train,453.48299999999995
454,3,server,maurits-dijk-5bcea8d7server1-fqf7q,sidecar,359.346
455,3,server,maurits-dijk-5bcea8d7server1-fqf7q,hfl-train-model,820.3710000000001
456,4,client20,client20-65f8864f77-jm2bl,linkerd-init,0.0
457,4,server,server-656f98b57f-hpwpf,linkerd-proxy,458.28600000000006
458,4,server,server-656f98b57f-hpwpf,linkerd-init,0.0
459,4,client8,client8-5845965f99-llhcc,linkerd-init,0.0
460,4,client8,client8-5845965f99-llhcc,sidecar,579.8310000000001
461,4,client8,client8-5845965f99-llhcc,linkerd-proxy,735.942
462,4,client8,client8-5845965f99-llhcc,client8,736.3439999999996
463,4,client14,client14-856b5b5576-qsgds,linkerd-init,0.0
464,4,client14,client14-856b5b5576-qsgds,linkerd-proxy,678.9810000000002
465,4,client14,client14-856b5b5576-qsgds,client14,679.2599999999998
466,4,client14,client14-856b5b5576-qsgds,sidecar,677.6759999999999
467,4,client10,client10-694b6b97b4-sq4tv,linkerd-proxy,665.9879999999998
468,4,client10,client10-694b6b97b4-sq4tv,client10,666.0329999999999
469,4,client10,client10-694b6b97b4-sq4tv,sidecar,635.2620000000002
470,4,client10,client10-694b6b97b4-sq4tv,linkerd-init,0.0
471,4,orchestrator,orchestrator-555f7b7c9d-bhmxv,linkerd-init,0.0
472,4,api-gateway,api-gateway-6bf76d45b7-fhf7v,linkerd-init,0.0
473,4,orchestrator,orchestrator-555f7b7c9d-bhmxv,linkerd-proxy,347.1749999999997
474,4,orchestrator,policy-enforcer-cb8dccbd8-wwdzd,linkerd-proxy,347.14200000000005
475,4,orchestrator,policy-enforcer-cb8dccbd8-wwdzd,linkerd-init,0.0
476,4,api-gateway,api-gateway-6bf76d45b7-fhf7v,linkerd-proxy,365.12699999999995
477,4,client6,client6-785d875985-99knx,sidecar,689.406
478,4,client6,client6-785d875985-99knx,client6,691.4699999999998
479,4,client6,client6-785d875985-99knx,linkerd-init,0.0
480,4,client6,client6-785d875985-99knx,linkerd-proxy,690.96
481,4,client4,client4-744474fb99-mflh4,sidecar,695.6550000000002
482,4,client4,client4-744474fb99-mflh4,linkerd-init,0.0
483,4,client4,client4-744474fb99-mflh4,linkerd-proxy,697.5900000000001
484,4,client4,client4-744474fb99-mflh4,client4,697.7849999999999
485,4,client17,client17-69b85b5ccf-g8cvx,client17,621.5340000000001
486,4,client17,client17-69b85b5ccf-g8cvx,sidecar,519.4680000000003
487,4,client17,client17-69b85b5ccf-g8cvx,linkerd-proxy,618.489
488,4,client17,client17-69b85b5ccf-g8cvx,linkerd-init,0.0
489,4,client15,client15-79c969ddf-tjlgp,linkerd-proxy,716.904
490,4,client15,client15-79c969ddf-tjlgp,sidecar,715.8600000000001
491,4,client15,client15-79c969ddf-tjlgp,client15,717.2490000000003
492,4,client15,client15-79c969ddf-tjlgp,linkerd-init,0.0
493,4,client9,client9-d68fb99b4-2pwjc,linkerd-init,0.0
494,4,client9,client9-d68fb99b4-2pwjc,sidecar,450.6959999999999
495,4,client9,client9-d68fb99b4-2pwjc,client9,601.9889999999996
496,4,client9,client9-d68fb99b4-2pwjc,linkerd-proxy,600.7319999999995
497,4,client5,client5-7d5ff7f8b4-s6pkm,linkerd-proxy,749.451
498,4,client5,client5-7d5ff7f8b4-s6pkm,linkerd-init,0.0
499,4,client5,client5-7d5ff7f8b4-s6pkm,sidecar,607.1879999999996
500,4,client5,client5-7d5ff7f8b4-s6pkm,client5,751.6110000000003
501,4,client12,client12-79bc8d5846-x56ng,client12,832.5450000000001
502,4,client12,client12-79bc8d5846-x56ng,sidecar,752.7240000000002
503,4,client12,client12-79bc8d5846-x56ng,linkerd-proxy,832.2930000000001
504,4,client12,client12-79bc8d5846-x56ng,linkerd-init,0.0
505,4,client16,client16-6dc7f87f54-k6shp,linkerd-init,0.0
506,4,client16,client16-6dc7f87f54-k6shp,client16,803.0190000000002
507,4,client16,client16-6dc7f87f54-k6shp,sidecar,801.0300000000002
508,4,client16,client16-6dc7f87f54-k6shp,linkerd-proxy,802.6169999999997
509,4,client2,client2-86cd6d8cf7-86hzl,linkerd-init,0.0
510,4,client2,client2-86cd6d8cf7-86hzl,sidecar,838.2660000000001
511,4,client2,client2-86cd6d8cf7-86hzl,linkerd-proxy,839.7779999999998
512,4,client2,client2-86cd6d8cf7-86hzl,client2,840.0000000000005
513,4,client3,client3-58c68898cd-sz7tn,sidecar,819.8729999999996
514,4,client3,client3-58c68898cd-sz7tn,linkerd-init,0.0
515,4,client3,client3-58c68898cd-sz7tn,client3,822.4619999999995
516,4,client3,client3-58c68898cd-sz7tn,linkerd-proxy,822.3119999999994
517,4,client18,client18-69db77c748-kqzbp,sidecar,894.5820000000003
518,4,client18,client18-69db77c748-kqzbp,linkerd-proxy,896.154
519,4,client18,client18-69db77c748-kqzbp,client18,896.3579999999997
520,4,client18,client18-69db77c748-kqzbp,linkerd-init,0.0
521,4,client7,client7-544486cc98-4jrnk,linkerd-init,0.0
522,4,client7,client7-544486cc98-4jrnk,client7,876.558
523,4,client7,client7-544486cc98-4jrnk,sidecar,874.8989999999999
524,4,client7,client7-544486cc98-4jrnk,linkerd-proxy,876.105
525,4,client11,client11-565c48c7c7-dz9jx,linkerd-proxy,854.1239999999998
526,4,client11,client11-565c48c7c7-dz9jx,client11,854.3070000000002
527,4,client11,client11-565c48c7c7-dz9jx,sidecar,852.306
528,4,client11,client11-565c48c7c7-dz9jx,linkerd-init,0.0
529,4,client19,client19-56fccdb4d9-vsfg2,linkerd-init,0.0
530,4,client19,client19-56fccdb4d9-vsfg2,client19,815.1599999999999
531,4,client19,client19-56fccdb4d9-vsfg2,sidecar,813.261
532,4,client19,client19-56fccdb4d9-vsfg2,linkerd-proxy,814.9320000000002
533,4,client1,client1-7b9db886dd-dxzzs,client1,731.6039999999998
534,4,client1,client1-7b9db886dd-dxzzs,sidecar,613.884
535,4,client1,client1-7b9db886dd-dxzzs,linkerd-proxy,730.6019999999999
536,4,client1,client1-7b9db886dd-dxzzs,linkerd-init,0.0
537,4,client13,client13-7bf86f4f87-tzjtt,linkerd-proxy,738.4229999999998
538,4,client13,client13-7bf86f4f87-tzjtt,client13,742.9440000000004
539,4,client13,client13-7bf86f4f87-tzjtt,linkerd-init,0.0
540,4,client13,client13-7bf86f4f87-tzjtt,sidecar,582.837
541,4,client20,client20-65f8864f77-jm2bl,client20,923.355
542,4,client20,client20-65f8864f77-jm2bl,sidecar,874.5149999999999
543,4,client20,client20-65f8864f77-jm2bl,linkerd-proxy,923.2440000000001
544,4,server,server-656f98b57f-hpwpf,sidecar,430.452
545,4,server,server-656f98b57f-hpwpf,server,476.067
546,4,api-gateway,api-gateway-6bf76d45b7-fhf7v,api-gateway,383.634
547,4,orchestrator,policy-enforcer-cb8dccbd8-wwdzd,policy-enforcer,291.4469999999999
548,4,orchestrator,policy-enforcer-cb8dccbd8-wwdzd,sidecar,346.3410000000001
549,4,api-gateway,api-gateway-6bf76d45b7-fhf7v,sidecar,324.4379999999999
550,4,orchestrator,orchestrator-555f7b7c9d-bhmxv,orchestrator,175.99800000000005
551,4,orchestrator,orchestrator-555f7b7c9d-bhmxv,sidecar,264.26700000000005
552,4,client17,maurits-dijk-5bcea8d7client171-mfvr7,hfl-train,704.5229999999997
553,4,client17,maurits-dijk-5bcea8d7client171-mfvr7,sidecar,479.2949999999996
554,4,client17,maurits-dijk-5bcea8d7client171-mfvr7,hfl-train-model,615.768
555,4,client9,maurits-dijk-5bcea8d7client91-8vl9p,sidecar,451.87800000000016
556,4,client9,maurits-dijk-5bcea8d7client91-8vl9p,hfl-train,672.7169999999996
557,4,client9,maurits-dijk-5bcea8d7client91-8vl9p,hfl-train-model,596.3159999999998
558,4,client5,maurits-dijk-5bcea8d7client51-t6xrg,sidecar,557.0010000000002
559,4,client5,maurits-dijk-5bcea8d7client51-t6xrg,hfl-train,822.3120000000004
560,4,client5,maurits-dijk-5bcea8d7client51-t6xrg,hfl-train-model,746.8890000000001
561,4,client1,maurits-dijk-5bcea8d7client11-4c94x,hfl-train,793.5
562,4,client1,maurits-dijk-5bcea8d7client11-4c94x,hfl-train-model,725.0940000000005
563,4,client1,maurits-dijk-5bcea8d7client11-4c94x,sidecar,587.6400000000003
564,4,client13,maurits-dijk-5bcea8d7client131-xq5c7,hfl-train-model,735.4919999999997
565,4,client13,maurits-dijk-5bcea8d7client131-xq5c7,sidecar,546.9629999999997
566,4,client13,maurits-dijk-5bcea8d7client131-xq5c7,hfl-train,845.1899999999996
567,4,server,maurits-dijk-5bcea8d7server1-fqf7q,hfl-train,454.4369999999999
568,4,server,maurits-dijk-5bcea8d7server1-fqf7q,sidecar,335.93399999999997
569,4,server,maurits-dijk-5bcea8d7server1-fqf7q,hfl-train-model,797.5109999999995
570,5,client20,client20-65f8864f77-jm2bl,linkerd-init,0.0
571,5,server,server-656f98b57f-hpwpf,linkerd-proxy,546.1680000000001
572,5,server,server-656f98b57f-hpwpf,linkerd-init,0.0
573,5,client8,client8-5845965f99-llhcc,linkerd-init,0.0
574,5,client8,client8-5845965f99-llhcc,sidecar,648.9359999999997
575,5,client8,client8-5845965f99-llhcc,linkerd-proxy,773.2949999999996
576,5,client8,client8-5845965f99-llhcc,client8,773.7510000000002
577,5,client14,client14-856b5b5576-qsgds,linkerd-init,0.0
578,5,client14,client14-856b5b5576-qsgds,linkerd-proxy,838.4519999999998
579,5,client14,client14-856b5b5576-qsgds,client14,838.6979999999999
580,5,client14,client14-856b5b5576-qsgds,sidecar,836.8139999999999
581,5,client10,client10-694b6b97b4-sq4tv,linkerd-proxy,878.7420000000006
582,5,client10,client10-694b6b97b4-sq4tv,client10,878.7120000000009
583,5,client10,client10-694b6b97b4-sq4tv,sidecar,854.7150000000001
584,5,client10,client10-694b6b97b4-sq4tv,linkerd-init,0.0
585,5,orchestrator,orchestrator-555f7b7c9d-bhmxv,linkerd-init,0.0
586,5,api-gateway,api-gateway-6bf76d45b7-fhf7v,linkerd-init,0.0
587,5,orchestrator,orchestrator-555f7b7c9d-bhmxv,linkerd-proxy,407.16300000000024
588,5,orchestrator,policy-enforcer-cb8dccbd8-wwdzd,linkerd-proxy,407.154
589,5,orchestrator,policy-enforcer-cb8dccbd8-wwdzd,linkerd-init,0.0
590,5,api-gateway,api-gateway-6bf76d45b7-fhf7v,linkerd-proxy,426.64800000000014
591,5,client6,client6-785d875985-99knx,sidecar,786.4200000000005
592,5,client6,client6-785d875985-99knx,client6,789.1560000000004
593,5,client6,client6-785d875985-99knx,linkerd-init,0.0
594,5,client6,client6-785d875985-99knx,linkerd-proxy,788.8410000000003
595,5,client4,client4-744474fb99-mflh4,sidecar,746.4389999999999
596,5,client4,client4-744474fb99-mflh4,linkerd-init,0.0
597,5,client4,client4-744474fb99-mflh4,linkerd-proxy,748.5479999999993
598,5,client4,client4-744474fb99-mflh4,client4,748.518
599,5,client17,client17-69b85b5ccf-g8cvx,client17,630.5909999999999
600,5,client17,client17-69b85b5ccf-g8cvx,sidecar,499.25099999999975
601,5,client17,client17-69b85b5ccf-g8cvx,linkerd-proxy,629.1390000000001
602,5,client17,client17-69b85b5ccf-g8cvx,linkerd-init,0.0
603,5,client15,client15-79c969ddf-tjlgp,linkerd-proxy,738.1620000000003
604,5,client15,client15-79c969ddf-tjlgp,sidecar,736.8929999999996
605,5,client15,client15-79c969ddf-tjlgp,client15,738.3299999999999
606,5,client15,client15-79c969ddf-tjlgp,linkerd-init,0.0
607,5,client9,client9-d68fb99b4-2pwjc,linkerd-init,0.0
608,5,client9,client9-d68fb99b4-2pwjc,sidecar,440.5770000000002
609,5,client9,client9-d68fb99b4-2pwjc,client9,624.4710000000009
610,5,client9,client9-d68fb99b4-2pwjc,linkerd-proxy,622.7580000000007
611,5,client5,client5-7d5ff7f8b4-s6pkm,linkerd-proxy,624.7380000000003
612,5,client5,client5-7d5ff7f8b4-s6pkm,linkerd-init,0.0
613,5,client5,client5-7d5ff7f8b4-s6pkm,sidecar,497.62500000000045
614,5,client5,client5-7d5ff7f8b4-s6pkm,client5,627.9179999999992
615,5,client12,client12-79bc8d5846-x56ng,client12,728.2349999999997
616,5,client12,client12-79bc8d5846-x56ng,sidecar,661.8960000000002
617,5,client12,client12-79bc8d5846-x56ng,linkerd-proxy,728.2380000000007
618,5,client12,client12-79bc8d5846-x56ng,linkerd-init,0.0
619,5,client16,client16-6dc7f87f54-k6shp,linkerd-init,0.0
620,5,client16,client16-6dc7f87f54-k6shp,client16,724.1069999999995
621,5,client16,client16-6dc7f87f54-k6shp,sidecar,722.4810000000002
622,5,client16,client16-6dc7f87f54-k6shp,linkerd-proxy,723.9120000000003
623,5,client2,client2-86cd6d8cf7-86hzl,linkerd-init,0.0
624,5,client2,client2-86cd6d8cf7-86hzl,sidecar,674.9369999999999
625,5,client2,client2-86cd6d8cf7-86hzl,linkerd-proxy,676.3410000000003
626,5,client2,client2-86cd6d8cf7-86hzl,client2,676.4339999999993
627,5,client3,client3-58c68898cd-sz7tn,sidecar,682.5180000000009
628,5,client3,client3-58c68898cd-sz7tn,linkerd-init,0.0
629,5,client3,client3-58c68898cd-sz7tn,client3,684.777
630,5,client3,client3-58c68898cd-sz7tn,linkerd-proxy,684.6570000000002
631,5,client18,client18-69db77c748-kqzbp,sidecar,771.6869999999999
632,5,client18,client18-69db77c748-kqzbp,linkerd-proxy,772.9770000000008
633,5,client18,client18-69db77c748-kqzbp,client18,773.2109999999998
634,5,client18,client18-69db77c748-kqzbp,linkerd-init,0.0
635,5,client7,client7-544486cc98-4jrnk,linkerd-init,0.0
636,5,client7,client7-544486cc98-4jrnk,client7,676.9769999999999
637,5,client7,client7-544486cc98-4jrnk,sidecar,675.6480000000001
638,5,client7,client7-544486cc98-4jrnk,linkerd-proxy,676.6500000000001
639,5,client11,client11-565c48c7c7-dz9jx,linkerd-proxy,730.6890000000003
640,5,client11,client11-565c48c7c7-dz9jx,client11,730.7670000000007
641,5,client11,client11-565c48c7c7-dz9jx,sidecar,729.1200000000003
642,5,client11,client11-565c48c7c7-dz9jx,linkerd-init,0.0
643,5,client19,client19-56fccdb4d9-vsfg2,linkerd-init,0.0
644,5,client19,client19-56fccdb4d9-vsfg2,client19,723.7169999999996
645,5,client19,client19-56fccdb4d9-vsfg2,sidecar,722.2109999999998
646,5,client19,client19-56fccdb4d9-vsfg2,linkerd-proxy,723.7289999999998
647,5,client1,client1-7b9db886dd-dxzzs,client1,606.6600000000008
648,5,client1,client1-7b9db886dd-dxzzs,sidecar,474.5130000000004
649,5,client1,client1-7b9db886dd-dxzzs,linkerd-proxy,605.5950000000003
650,5,client1,client1-7b9db886dd-dxzzs,linkerd-init,0.0
651,5,client13,client13-7bf86f4f87-tzjtt,linkerd-proxy,597.7590000000005
652,5,client13,client13-7bf86f4f87-tzjtt,client13,600.3749999999995
653,5,client13,client13-7bf86f4f87-tzjtt,linkerd-init,0.0
654,5,client13,client13-7bf86f4f87-tzjtt,sidecar,595.194
655,5,client20,client20-65f8864f77-jm2bl,client20,761.3699999999999
656,5,client20,client20-65f8864f77-jm2bl,sidecar,732.4619999999995
657,5,client20,client20-65f8864f77-jm2bl,linkerd-proxy,761.2049999999999
658,5,server,server-656f98b57f-hpwpf,sidecar,525.9090000000001
659,5,server,server-656f98b57f-hpwpf,server,562.0500000000002
660,5,api-gateway,api-gateway-6bf76d45b7-fhf7v,api-gateway,430.40099999999984
661,5,orchestrator,policy-enforcer-cb8dccbd8-wwdzd,policy-enforcer,241.83900000000017
662,5,orchestrator,policy-enforcer-cb8dccbd8-wwdzd,sidecar,369.28499999999985
663,5,api-gateway,api-gateway-6bf76d45b7-fhf7v,sidecar,376.7550000000001
664,5,orchestrator,orchestrator-555f7b7c9d-bhmxv,orchestrator,252.43200000000002
665,5,orchestrator,orchestrator-555f7b7c9d-bhmxv,sidecar,369.8729999999998
666,5,client17,maurits-dijk-5bcea8d7client171-mfvr7,hfl-train,712.5300000000007
667,5,client17,maurits-dijk-5bcea8d7client171-mfvr7,sidecar,518.9130000000005
668,5,client17,maurits-dijk-5bcea8d7client171-mfvr7,hfl-train-model,626.0010000000007
669,5,client9,maurits-dijk-5bcea8d7client91-8vl9p,sidecar,488.058
670,5,client9,maurits-dijk-5bcea8d7client91-8vl9p,hfl-train,691.1399999999999
671,5,client9,maurits-dijk-5bcea8d7client91-8vl9p,hfl-train-model,618.4200000000001
672,5,client5,maurits-dijk-5bcea8d7client51-t6xrg,sidecar,427.6380000000004
673,5,client5,maurits-dijk-5bcea8d7client51-t6xrg,hfl-train,697.6109999999994
674,5,client5,maurits-dijk-5bcea8d7client51-t6xrg,hfl-train-model,622.4339999999993
675,5,client1,maurits-dijk-5bcea8d7client11-4c94x,hfl-train,685.3769999999995
676,5,client1,maurits-dijk-5bcea8d7client11-4c94x,hfl-train-model,599.1539999999995
677,5,client1,maurits-dijk-5bcea8d7client11-4c94x,sidecar,490.08899999999994
678,5,client13,maurits-dijk-5bcea8d7client131-xq5c7,hfl-train-model,594.7920000000004
679,5,client13,maurits-dijk-5bcea8d7client131-xq5c7,sidecar,492.5039999999999
680,5,client13,maurits-dijk-5bcea8d7client131-xq5c7,hfl-train,704.415
681,5,server,maurits-dijk-5bcea8d7server1-fqf7q,hfl-train,542.826
682,5,server,maurits-dijk-5bcea8d7server1-fqf7q,sidecar,431.75999999999976
683,5,server,maurits-dijk-5bcea8d7server1-fqf7q,hfl-train-model,849.2309999999998
684,6,client20,client20-65f8864f77-jm2bl,linkerd-init,0.0
685,6,server,server-656f98b57f-hpwpf,linkerd-proxy,467.72699999999986
686,6,server,server-656f98b57f-hpwpf,linkerd-init,0.0
687,6,client8,client8-5845965f99-llhcc,linkerd-init,0.0
688,6,client8,client8-5845965f99-llhcc,sidecar,576.951
689,6,client8,client8-5845965f99-llhcc,linkerd-proxy,655.2359999999999
690,6,client8,client8-5845965f99-llhcc,client8,655.527
691,6,client14,client14-856b5b5576-qsgds,linkerd-init,0.0
692,6,client14,client14-856b5b5576-qsgds,linkerd-proxy,771.0030000000006
693,6,client14,client14-856b5b5576-qsgds,client14,771.2820000000002
694,6,client14,client14-856b5b5576-qsgds,sidecar,769.6830000000009
695,6,client10,client10-694b6b97b4-sq4tv,linkerd-proxy,683.2589999999991
696,6,client10,client10-694b6b97b4-sq4tv,client10,683.1539999999995
697,6,client10,client10-694b6b97b4-sq4tv,sidecar,666.9209999999994
698,6,client10,client10-694b6b97b4-sq4tv,linkerd-init,0.0
699,6,orchestrator,orchestrator-555f7b7c9d-bhmxv,linkerd-init,0.0
700,6,api-gateway,api-gateway-6bf76d45b7-fhf7v,linkerd-init,0.0
701,6,orchestrator,orchestrator-555f7b7c9d-bhmxv,linkerd-proxy,327.2760000000003
702,6,orchestrator,policy-enforcer-cb8dccbd8-wwdzd,linkerd-proxy,327.2850000000003
703,6,orchestrator,policy-enforcer-cb8dccbd8-wwdzd,linkerd-init,0.0
704,6,api-gateway,api-gateway-6bf76d45b7-fhf7v,linkerd-proxy,345.1080000000002
705,6,client6,client6-785d875985-99knx,sidecar,773.0789999999997
706,6,client6,client6-785d875985-99knx,client6,775.2449999999999
707,6,client6,client6-785d875985-99knx,linkerd-init,0.0
708,6,client6,client6-785d875985-99knx,linkerd-proxy,775.1549999999997
709,6,client4,client4-744474fb99-mflh4,sidecar,825.1200000000008
710,6,client4,client4-744474fb99-mflh4,linkerd-init,0.0
711,6,client4,client4-744474fb99-mflh4,linkerd-proxy,827.7120000000004
712,6,client4,client4-744474fb99-mflh4,client4,827.7720000000008
713,6,client17,client17-69b85b5ccf-g8cvx,client17,752.3040000000001
714,6,client17,client17-69b85b5ccf-g8cvx,sidecar,715.6079999999997
715,6,client17,client17-69b85b5ccf-g8cvx,linkerd-proxy,748.0469999999996
716,6,client17,client17-69b85b5ccf-g8cvx,linkerd-init,0.0
717,6,client15,client15-79c969ddf-tjlgp,linkerd-proxy,850.2719999999999
718,6,client15,client15-79c969ddf-tjlgp,sidecar,848.8080000000009
719,6,client15,client15-79c969ddf-tjlgp,client15,850.6049999999996
720,6,client15,client15-79c969ddf-tjlgp,linkerd-init,0.0
721,6,client9,client9-d68fb99b4-2pwjc,linkerd-init,0.0
722,6,client9,client9-d68fb99b4-2pwjc,sidecar,712.2929999999997
723,6,client9,client9-d68fb99b4-2pwjc,client9,768.3209999999999
724,6,client9,client9-d68fb99b4-2pwjc,linkerd-proxy,769.2209999999995
725,6,client5,client5-7d5ff7f8b4-s6pkm,linkerd-proxy,712.665
726,6,client5,client5-7d5ff7f8b4-s6pkm,linkerd-init,0.0
727,6,client5,client5-7d5ff7f8b4-s6pkm,sidecar,662.5140000000001
728,6,client5,client5-7d5ff7f8b4-s6pkm,client5,716.1420000000007
729,6,client12,client12-79bc8d5846-x56ng,client12,921.8460000000005
730,6,client12,client12-79bc8d5846-x56ng,sidecar,780.7470000000003
731,6,client12,client12-79bc8d5846-x56ng,linkerd-proxy,921.8069999999998
732,6,client12,client12-79bc8d5846-x56ng,linkerd-init,0.0
733,6,client16,client16-6dc7f87f54-k6shp,linkerd-init,0.0
734,6,client16,client16-6dc7f87f54-k6shp,client16,846.6420000000007
735,6,client16,client16-6dc7f87f54-k6shp,sidecar,844.6679999999997
736,6,client16,client16-6dc7f87f54-k6shp,linkerd-proxy,846.2579999999998
737,6,client2,client2-86cd6d8cf7-86hzl,linkerd-init,0.0
738,6,client2,client2-86cd6d8cf7-86hzl,sidecar,817.9139999999998
739,6,client2,client2-86cd6d8cf7-86hzl,linkerd-proxy,819.4800000000005
740,6,client2,client2-86cd6d8cf7-86hzl,client2,819.7110000000002
741,6,client3,client3-58c68898cd-sz7tn,sidecar,821.652
742,6,client3,client3-58c68898cd-sz7tn,linkerd-init,0.0
743,6,client3,client3-58c68898cd-sz7tn,client3,824.2710000000006
744,6,client3,client3-58c68898cd-sz7tn,linkerd-proxy,824.3159999999998
745,6,client18,client18-69db77c748-kqzbp,sidecar,884.3310000000001
746,6,client18,client18-69db77c748-kqzbp,linkerd-proxy,885.8069999999989
747,6,client18,client18-69db77c748-kqzbp,client18,886.0500000000002
748,6,client18,client18-69db77c748-kqzbp,linkerd-init,0.0
749,6,client7,client7-544486cc98-4jrnk,linkerd-init,0.0
750,6,client7,client7-544486cc98-4jrnk,client7,852.4200000000001
751,6,client7,client7-544486cc98-4jrnk,sidecar,850.6859999999997
752,6,client7,client7-544486cc98-4jrnk,linkerd-proxy,851.991
753,6,client11,client11-565c48c7c7-dz9jx,linkerd-proxy,819.9029999999993
754,6,client11,client11-565c48c7c7-dz9jx,client11,820.1279999999997
755,6,client11,client11-565c48c7c7-dz9jx,sidecar,818.049
756,6,client11,client11-565c48c7c7-dz9jx,linkerd-init,0.0
757,6,client19,client19-56fccdb4d9-vsfg2,linkerd-init,0.0
758,6,client19,client19-56fccdb4d9-vsfg2,client19,808.023000000001
759,6,client19,client19-56fccdb4d9-vsfg2,sidecar,806.1840000000011
760,6,client19,client19-56fccdb4d9-vsfg2,linkerd-proxy,807.8189999999995
761,6,client1,client1-7b9db886dd-dxzzs,client1,768.0539999999992
762,6,client1,client1-7b9db886dd-dxzzs,sidecar,704.5529999999999
763,6,client1,client1-7b9db886dd-dxzzs,linkerd-proxy,767.79
764,6,client1,client1-7b9db886dd-dxzzs,linkerd-init,0.0
765,6,client13,client13-7bf86f4f87-tzjtt,linkerd-proxy,637.4369999999999
766,6,client13,client13-7bf86f4f87-tzjtt,client13,641.2920000000004
767,6,client13,client13-7bf86f4f87-tzjtt,linkerd-init,0.0
768,6,client13,client13-7bf86f4f87-tzjtt,sidecar,597.0480000000002
769,6,client20,client20-65f8864f77-jm2bl,client20,675.0419999999995
770,6,client20,client20-65f8864f77-jm2bl,sidecar,642.0030000000006
771,6,client20,client20-65f8864f77-jm2bl,linkerd-proxy,674.8560000000007
772,6,server,server-656f98b57f-hpwpf,sidecar,393.36299999999983
773,6,server,server-656f98b57f-hpwpf,server,478.39800000000014
774,6,api-gateway,api-gateway-6bf76d45b7-fhf7v,api-gateway,364.116
775,6,orchestrator,policy-enforcer-cb8dccbd8-wwdzd,policy-enforcer,165.71699999999987
776,6,orchestrator,policy-enforcer-cb8dccbd8-wwdzd,sidecar,295.27800000000025
777,6,api-gateway,api-gateway-6bf76d45b7-fhf7v,sidecar,299.30100000000016
778,6,orchestrator,orchestrator-555f7b7c9d-bhmxv,orchestrator,267.702
779,6,orchestrator,orchestrator-555f7b7c9d-bhmxv,sidecar,252.91500000000042
780,6,client17,maurits-dijk-5bcea8d7client171-mfvr7,hfl-train,830.6880000000001
781,6,client17,maurits-dijk-5bcea8d7client171-mfvr7,sidecar,676.8629999999998
782,6,client17,maurits-dijk-5bcea8d7client171-mfvr7,hfl-train-model,745.0619999999999
783,6,client9,maurits-dijk-5bcea8d7client91-8vl9p,sidecar,590.1179999999999
784,6,client9,maurits-dijk-5bcea8d7client91-8vl9p,hfl-train,841.5660000000007
785,6,client9,maurits-dijk-5bcea8d7client91-8vl9p,hfl-train-model,763.9710000000005
786,6,client5,maurits-dijk-5bcea8d7client51-t6xrg,sidecar,540.8699999999994
787,6,client5,maurits-dijk-5bcea8d7client51-t6xrg,hfl-train,787.344
788,6,client5,maurits-dijk-5bcea8d7client51-t6xrg,hfl-train-model,710.7840000000006
789,6,client1,maurits-dijk-5bcea8d7client11-4c94x,hfl-train,850.2090000000007
790,6,client1,maurits-dijk-5bcea8d7client11-4c94x,hfl-train-model,761.5649999999996
791,6,client1,maurits-dijk-5bcea8d7client11-4c94x,sidecar,704.0039999999999
792,6,client13,maurits-dijk-5bcea8d7client131-xq5c7,hfl-train-model,634.2780000000002
793,6,client13,maurits-dijk-5bcea8d7client131-xq5c7,sidecar,546.9270000000001
794,6,client13,maurits-dijk-5bcea8d7client131-xq5c7,hfl-train,746.0790000000006
795,6,server,maurits-dijk-5bcea8d7server1-fqf7q,hfl-train,463.48799999999983
796,6,server,maurits-dijk-5bcea8d7server1-fqf7q,sidecar,362.96399999999994
797,6,server,maurits-dijk-5bcea8d7server1-fqf7q,hfl-train-model,804.7830000000004
798,7,client20,client20-65f8864f77-jm2bl,linkerd-init,0.0
799,7,server,server-656f98b57f-hpwpf,linkerd-proxy,548.9760000000001
800,7,server,server-656f98b57f-hpwpf,linkerd-init,0.0
801,7,client8,client8-5845965f99-llhcc,linkerd-init,0.0
802,7,client8,client8-5845965f99-llhcc,sidecar,711.9449999999997
803,7,client8,client8-5845965f99-llhcc,linkerd-proxy,806.1059999999998
804,7,client8,client8-5845965f99-llhcc,client8,806.3759999999993
805,7,client14,client14-856b5b5576-qsgds,linkerd-init,0.0
806,7,client14,client14-856b5b5576-qsgds,linkerd-proxy,809.799
807,7,client14,client14-856b5b5576-qsgds,client14,810.1350000000002
808,7,client14,client14-856b5b5576-qsgds,sidecar,808.2089999999989
809,7,client10,client10-694b6b97b4-sq4tv,linkerd-proxy,869.4270000000006
810,7,client10,client10-694b6b97b4-sq4tv,client10,869.2919999999995
811,7,client10,client10-694b6b97b4-sq4tv,sidecar,845.898000000001
812,7,client10,client10-694b6b97b4-sq4tv,linkerd-init,0.0
813,7,orchestrator,orchestrator-555f7b7c9d-bhmxv,linkerd-init,0.0
814,7,api-gateway,api-gateway-6bf76d45b7-fhf7v,linkerd-init,0.0
815,7,orchestrator,orchestrator-555f7b7c9d-bhmxv,linkerd-proxy,395.05499999999984
816,7,orchestrator,policy-enforcer-cb8dccbd8-wwdzd,linkerd-proxy,395.0909999999999
817,7,orchestrator,policy-enforcer-cb8dccbd8-wwdzd,linkerd-init,0.0
818,7,api-gateway,api-gateway-6bf76d45b7-fhf7v,linkerd-proxy,414.4229999999998
819,7,client6,client6-785d875985-99knx,sidecar,710.1239999999998
820,7,client6,client6-785d875985-99knx,client6,712.5059999999994
821,7,client6,client6-785d875985-99knx,linkerd-init,0.0
822,7,client6,client6-785d875985-99knx,linkerd-proxy,712.2060000000001
823,7,client4,client4-744474fb99-mflh4,sidecar,685.4069999999992
824,7,client4,client4-744474fb99-mflh4,linkerd-init,0.0
825,7,client4,client4-744474fb99-mflh4,linkerd-proxy,687.4380000000001
826,7,client4,client4-744474fb99-mflh4,client4,687.5279999999993
827,7,client17,client17-69b85b5ccf-g8cvx,client17,652.9440000000004
828,7,client17,client17-69b85b5ccf-g8cvx,sidecar,588.4859999999999
829,7,client17,client17-69b85b5ccf-g8cvx,linkerd-proxy,650.4900000000007
830,7,client17,client17-69b85b5ccf-g8cvx,linkerd-init,0.0
831,7,client15,client15-79c969ddf-tjlgp,linkerd-proxy,746.8049999999994
832,7,client15,client15-79c969ddf-tjlgp,sidecar,745.6019999999999
833,7,client15,client15-79c969ddf-tjlgp,client15,747.1109999999999
834,7,client15,client15-79c969ddf-tjlgp,linkerd-init,0.0
835,7,client9,client9-d68fb99b4-2pwjc,linkerd-init,0.0
836,7,client9,client9-d68fb99b4-2pwjc,sidecar,541.6710000000003
837,7,client9,client9-d68fb99b4-2pwjc,client9,686.0249999999996
838,7,client9,client9-d68fb99b4-2pwjc,linkerd-proxy,684.375
839,7,client5,client5-7d5ff7f8b4-s6pkm,linkerd-proxy,617.5259999999998
840,7,client5,client5-7d5ff7f8b4-s6pkm,linkerd-init,0.0
841,7,client5,client5-7d5ff7f8b4-s6pkm,sidecar,464.6909999999998
842,7,client5,client5-7d5ff7f8b4-s6pkm,client5,619.6620000000003
843,7,client12,client12-79bc8d5846-x56ng,client12,762.6149999999998
844,7,client12,client12-79bc8d5846-x56ng,sidecar,612.7979999999998
845,7,client12,client12-79bc8d5846-x56ng,linkerd-proxy,762.4439999999995
846,7,client12,client12-79bc8d5846-x56ng,linkerd-init,0.0
847,7,client16,client16-6dc7f87f54-k6shp,linkerd-init,0.0
848,7,client16,client16-6dc7f87f54-k6shp,client16,692.4809999999998
849,7,client16,client16-6dc7f87f54-k6shp,sidecar,691.0169999999998
850,7,client16,client16-6dc7f87f54-k6shp,linkerd-proxy,692.2259999999997
851,7,client2,client2-86cd6d8cf7-86hzl,linkerd-init,0.0
852,7,client2,client2-86cd6d8cf7-86hzl,sidecar,659.6580000000004
853,7,client2,client2-86cd6d8cf7-86hzl,linkerd-proxy,660.96
854,7,client2,client2-86cd6d8cf7-86hzl,client2,661.2120000000004
855,7,client3,client3-58c68898cd-sz7tn,sidecar,743.5889999999999
856,7,client3,client3-58c68898cd-sz7tn,linkerd-init,0.0
857,7,client3,client3-58c68898cd-sz7tn,client3,745.6680000000006
858,7,client3,client3-58c68898cd-sz7tn,linkerd-proxy,745.5930000000008
859,7,client18,client18-69db77c748-kqzbp,sidecar,651.5370000000003
860,7,client18,client18-69db77c748-kqzbp,linkerd-proxy,652.7850000000008
861,7,client18,client18-69db77c748-kqzbp,client18,653.0010000000002
862,7,client18,client18-69db77c748-kqzbp,linkerd-init,0.0
863,7,client7,client7-544486cc98-4jrnk,linkerd-init,0.0
864,7,client7,client7-544486cc98-4jrnk,client7,670.5419999999995
865,7,client7,client7-544486cc98-4jrnk,sidecar,669.1109999999999
866,7,client7,client7-544486cc98-4jrnk,linkerd-proxy,670.1819999999998
867,7,client11,client11-565c48c7c7-dz9jx,linkerd-proxy,688.4460000000008
868,7,client11,client11-565c48c7c7-dz9jx,client11,688.6319999999987
869,7,client11,client11-565c48c7c7-dz9jx,sidecar,686.9849999999997
870,7,client11,client11-565c48c7c7-dz9jx,linkerd-init,0.0
871,7,client19,client19-56fccdb4d9-vsfg2,linkerd-init,0.0
872,7,client19,client19-56fccdb4d9-vsfg2,client19,677.2979999999989
873,7,client19,client19-56fccdb4d9-vsfg2,sidecar,675.9119999999984
874,7,client19,client19-56fccdb4d9-vsfg2,linkerd-proxy,677.2619999999997
875,7,client1,client1-7b9db886dd-dxzzs,client1,649.0920000000006
876,7,client1,client1-7b9db886dd-dxzzs,sidecar,564.3270000000002
877,7,client1,client1-7b9db886dd-dxzzs,linkerd-proxy,647.9009999999998
878,7,client1,client1-7b9db886dd-dxzzs,linkerd-init,0.0
879,7,client13,client13-7bf86f4f87-tzjtt,linkerd-proxy,733.3319999999994
880,7,client13,client13-7bf86f4f87-tzjtt,client13,736.9260000000004
881,7,client13,client13-7bf86f4f87-tzjtt,linkerd-init,0.0
882,7,client13,client13-7bf86f4f87-tzjtt,sidecar,637.2089999999998
883,7,client20,client20-65f8864f77-jm2bl,client20,786.0330000000004
884,7,client20,client20-65f8864f77-jm2bl,sidecar,746.2349999999997
885,7,client20,client20-65f8864f77-jm2bl,linkerd-proxy,785.7600000000002
886,7,server,server-656f98b57f-hpwpf,sidecar,495.0720000000001
887,7,server,server-656f98b57f-hpwpf,server,560.4299999999998
888,7,api-gateway,api-gateway-6bf76d45b7-fhf7v,api-gateway,422.7389999999996
889,7,orchestrator,policy-enforcer-cb8dccbd8-wwdzd,policy-enforcer,320.45100000000025
890,7,orchestrator,policy-enforcer-cb8dccbd8-wwdzd,sidecar,385.4939999999997
891,7,api-gateway,api-gateway-6bf76d45b7-fhf7v,sidecar,394.07699999999977
892,7,orchestrator,orchestrator-555f7b7c9d-bhmxv,orchestrator,247.0709999999999
893,7,orchestrator,orchestrator-555f7b7c9d-bhmxv,sidecar,371.9939999999997
894,7,client17,maurits-dijk-5bcea8d7client171-mfvr7,hfl-train,722.2439999999997
895,7,client17,maurits-dijk-5bcea8d7client171-mfvr7,sidecar,524.9399999999996
896,7,client17,maurits-dijk-5bcea8d7client171-mfvr7,hfl-train-model,647.4629999999997
897,7,client9,maurits-dijk-5bcea8d7client91-8vl9p,sidecar,490.3319999999999
898,7,client9,maurits-dijk-5bcea8d7client91-8vl9p,hfl-train,751.5659999999998
899,7,client9,maurits-dijk-5bcea8d7client91-8vl9p,hfl-train-model,678.8519999999999
900,7,client5,maurits-dijk-5bcea8d7client51-t6xrg,sidecar,471.09900000000016
901,7,client5,maurits-dijk-5bcea8d7client51-t6xrg,hfl-train,692.5950000000003
902,7,client5,maurits-dijk-5bcea8d7client51-t6xrg,hfl-train-model,615.3029999999999
903,7,client1,maurits-dijk-5bcea8d7client11-4c94x,hfl-train,711.9719999999998
904,7,client1,maurits-dijk-5bcea8d7client11-4c94x,hfl-train-model,642.9000000000005
905,7,client1,maurits-dijk-5bcea8d7client11-4c94x,sidecar,538.4639999999999
906,7,client13,maurits-dijk-5bcea8d7client131-xq5c7,hfl-train-model,729.942
907,7,client13,maurits-dijk-5bcea8d7client131-xq5c7,sidecar,550.5539999999996
908,7,client13,maurits-dijk-5bcea8d7client131-xq5c7,hfl-train,841.9080000000004
909,7,server,maurits-dijk-5bcea8d7server1-fqf7q,hfl-train,545.3100000000004
910,7,server,maurits-dijk-5bcea8d7server1-fqf7q,sidecar,440.18700000000035
911,7,server,maurits-dijk-5bcea8d7server1-fqf7q,hfl-train-model,870.4859999999999
912,8,client20,client20-65f8864f77-jm2bl,linkerd-init,0.0
913,8,server,server-656f98b57f-hpwpf,linkerd-proxy,470.03700000000026
914,8,server,server-656f98b57f-hpwpf,linkerd-init,0.0
915,8,client8,client8-5845965f99-llhcc,linkerd-init,0.0
916,8,client8,client8-5845965f99-llhcc,sidecar,601.5840000000007
917,8,client8,client8-5845965f99-llhcc,linkerd-proxy,689.7210000000005
918,8,client8,client8-5845965f99-llhcc,client8,690.0210000000006
919,8,client14,client14-856b5b5576-qsgds,linkerd-init,0.0
920,8,client14,client14-856b5b5576-qsgds,linkerd-proxy,722.3040000000001
921,8,client14,client14-856b5b5576-qsgds,client14,722.6639999999998
922,8,client14,client14-856b5b5576-qsgds,sidecar,720.8370000000004
923,8,client10,client10-694b6b97b4-sq4tv,linkerd-proxy,685.8959999999997
924,8,client10,client10-694b6b97b4-sq4tv,client10,685.7910000000011
925,8,client10,client10-694b6b97b4-sq4tv,sidecar,658.9769999999999
926,8,client10,client10-694b6b97b4-sq4tv,linkerd-init,0.0
927,8,orchestrator,orchestrator-555f7b7c9d-bhmxv,linkerd-init,0.0
928,8,api-gateway,api-gateway-6bf76d45b7-fhf7v,linkerd-init,0.0
929,8,orchestrator,orchestrator-555f7b7c9d-bhmxv,linkerd-proxy,348.60599999999977
930,8,orchestrator,policy-enforcer-cb8dccbd8-wwdzd,linkerd-proxy,348.4949999999999
931,8,orchestrator,policy-enforcer-cb8dccbd8-wwdzd,linkerd-init,0.0
932,8,api-gateway,api-gateway-6bf76d45b7-fhf7v,linkerd-proxy,366.89699999999993
933,8,client6,client6-785d875985-99knx,sidecar,998.6880000000001
934,8,client6,client6-785d875985-99knx,client6,1001.3730000000005
935,8,client6,client6-785d875985-99knx,linkerd-init,0.0
936,8,client6,client6-785d875985-99knx,linkerd-proxy,1001.1629999999996
937,8,client4,client4-744474fb99-mflh4,sidecar,834.3690000000006
938,8,client4,client4-744474fb99-mflh4,linkerd-init,0.0
939,8,client4,client4-744474fb99-mflh4,linkerd-proxy,836.8620000000001
940,8,client4,client4-744474fb99-mflh4,client4,837.0
941,8,client17,client17-69b85b5ccf-g8cvx,client17,773.2920000000004
942,8,client17,client17-69b85b5ccf-g8cvx,sidecar,622.5420000000004
943,8,client17,client17-69b85b5ccf-g8cvx,linkerd-proxy,770.3999999999996
944,8,client17,client17-69b85b5ccf-g8cvx,linkerd-init,0.0
945,8,client15,client15-79c969ddf-tjlgp,linkerd-proxy,859.6530000000002
946,8,client15,client15-79c969ddf-tjlgp,linkerd-init,0.0
947,8,client9,client9-d68fb99b4-2pwjc,linkerd-init,0.0
948,8,client9,client9-d68fb99b4-2pwjc,sidecar,586.3320000000003
949,8,client9,client9-d68fb99b4-2pwjc,client9,780.4470000000001
950,8,client9,client9-d68fb99b4-2pwjc,linkerd-proxy,779.6580000000004
951,8,client5,client5-7d5ff7f8b4-s6pkm,linkerd-proxy,778.6199999999999
952,8,client5,client5-7d5ff7f8b4-s6pkm,linkerd-init,0.0
953,8,client5,client5-7d5ff7f8b4-s6pkm,sidecar,644.1300000000001
954,8,client5,client5-7d5ff7f8b4-s6pkm,client5,781.7699999999995
955,8,client12,client12-79bc8d5846-x56ng,client12,838.2780000000002
956,8,client12,client12-79bc8d5846-x56ng,sidecar,725.2020000000002
957,8,client12,client12-79bc8d5846-x56ng,linkerd-proxy,838.2150000000001
958,8,client12,client12-79bc8d5846-x56ng,linkerd-init,0.0
959,8,client16,client16-6dc7f87f54-k6shp,linkerd-init,0.0
960,8,client16,client16-6dc7f87f54-k6shp,client16,814.3800000000001
961,8,client16,client16-6dc7f87f54-k6shp,sidecar,812.7030000000004
962,8,client16,client16-6dc7f87f54-k6shp,linkerd-proxy,814.134
963,8,client2,client2-86cd6d8cf7-86hzl,linkerd-init,0.0
964,8,client2,client2-86cd6d8cf7-86hzl,sidecar,784.2960000000003
965,8,client2,client2-86cd6d8cf7-86hzl,linkerd-proxy,785.9669999999996
966,8,client2,client2-86cd6d8cf7-86hzl,client2,786.1379999999999
967,8,client3,client3-58c68898cd-sz7tn,sidecar,798.8580000000002
968,8,client3,client3-58c68898cd-sz7tn,linkerd-init,0.0
969,8,client3,client3-58c68898cd-sz7tn,client3,801.2489999999989
970,8,client3,client3-58c68898cd-sz7tn,linkerd-proxy,801.2789999999995
971,8,client18,client18-69db77c748-kqzbp,sidecar,794.789999999999
972,8,client18,client18-69db77c748-kqzbp,linkerd-proxy,796.4939999999997
973,8,client18,client18-69db77c748-kqzbp,client18,796.7039999999997
974,8,client18,client18-69db77c748-kqzbp,linkerd-init,0.0
975,8,client7,client7-544486cc98-4jrnk,linkerd-init,0.0
976,8,client7,client7-544486cc98-4jrnk,client7,845.7000000000007
977,8,client7,client7-544486cc98-4jrnk,sidecar,844.1280000000006
978,8,client7,client7-544486cc98-4jrnk,linkerd-proxy,845.3849999999993
979,8,client11,client11-565c48c7c7-dz9jx,linkerd-proxy,690.3149999999996
980,8,client11,client11-565c48c7c7-dz9jx,client11,690.5100000000011
981,8,client11,client11-565c48c7c7-dz9jx,sidecar,688.8029999999999
982,8,client11,client11-565c48c7c7-dz9jx,linkerd-init,0.0
983,8,client19,client19-56fccdb4d9-vsfg2,linkerd-init,0.0
984,8,client19,client19-56fccdb4d9-vsfg2,client19,705.174
985,8,client19,client19-56fccdb4d9-vsfg2,sidecar,703.8870000000006
986,8,client19,client19-56fccdb4d9-vsfg2,linkerd-proxy,705.2160000000003
987,8,client1,client1-7b9db886dd-dxzzs,client1,630.0629999999992
988,8,client1,client1-7b9db886dd-dxzzs,sidecar,525.9780000000001
989,8,client1,client1-7b9db886dd-dxzzs,linkerd-proxy,636.3209999999999
990,8,client1,client1-7b9db886dd-dxzzs,linkerd-init,0.0
991,8,client13,client13-7bf86f4f87-tzjtt,linkerd-proxy,657.4920000000002
992,8,client13,client13-7bf86f4f87-tzjtt,client13,660.347999999999
993,8,client13,client13-7bf86f4f87-tzjtt,linkerd-init,0.0
994,8,client13,client13-7bf86f4f87-tzjtt,sidecar,598.2180000000008
995,8,client20,client20-65f8864f77-jm2bl,client20,683.433
996,8,client20,client20-65f8864f77-jm2bl,sidecar,653.3250000000007
997,8,client20,client20-65f8864f77-jm2bl,linkerd-proxy,683.3489999999983
998,8,server,server-656f98b57f-hpwpf,sidecar,442.80300000000034
999,8,server,server-656f98b57f-hpwpf,server,488.8830000000007
1000,8,api-gateway,api-gateway-6bf76d45b7-fhf7v,api-gateway,377.4150000000004
1001,8,orchestrator,policy-enforcer-cb8dccbd8-wwdzd,policy-enforcer,231.30299999999988
1002,8,orchestrator,policy-enforcer-cb8dccbd8-wwdzd,sidecar,314.1600000000003
1003,8,api-gateway,api-gateway-6bf76d45b7-fhf7v,sidecar,320.07000000000016
1004,8,orchestrator,orchestrator-555f7b7c9d-bhmxv,orchestrator,209.31299999999987
1005,8,orchestrator,orchestrator-555f7b7c9d-bhmxv,sidecar,332.2829999999999
1006,8,client15,client15-79c969ddf-tjlgp,client15,856.683
1007,8,client15,client15-79c969ddf-tjlgp,sidecar,858.1799999999994
1008,8,client17,maurits-dijk-5bcea8d7client171-mfvr7,hfl-train,854.4179999999997
1009,8,client17,maurits-dijk-5bcea8d7client171-mfvr7,sidecar,637.7160000000003
1010,8,client17,maurits-dijk-5bcea8d7client171-mfvr7,hfl-train-model,767.1899999999996
1011,8,client9,maurits-dijk-5bcea8d7client91-8vl9p,sidecar,598.8870000000006
1012,8,client9,maurits-dijk-5bcea8d7client91-8vl9p,hfl-train,855.9870000000001
1013,8,client9,maurits-dijk-5bcea8d7client91-8vl9p,hfl-train-model,772.6829999999991
1014,8,client5,maurits-dijk-5bcea8d7client51-t6xrg,sidecar,527.3220000000001
1015,8,client5,maurits-dijk-5bcea8d7client51-t6xrg,hfl-train,863.7600000000002
1016,8,client5,maurits-dijk-5bcea8d7client51-t6xrg,hfl-train-model,776.3040000000001
1017,8,client1,maurits-dijk-5bcea8d7client11-4c94x,hfl-train,700.5929999999998
1018,8,client1,maurits-dijk-5bcea8d7client11-4c94x,hfl-train-model,631.6859999999997
1019,8,client1,maurits-dijk-5bcea8d7client11-4c94x,sidecar,519.933
1020,8,client13,maurits-dijk-5bcea8d7client131-xq5c7,hfl-train-model,654.4439999999995
1021,8,client13,maurits-dijk-5bcea8d7client131-xq5c7,sidecar,532.1370000000006
1022,8,client13,maurits-dijk-5bcea8d7client131-xq5c7,hfl-train,769.9259999999995
1023,8,server,maurits-dijk-5bcea8d7server1-fqf7q,hfl-train,466.44600000000037
1024,8,server,maurits-dijk-5bcea8d7server1-fqf7q,sidecar,415.77599999999984
1025,8,server,maurits-dijk-5bcea8d7server1-fqf7q,hfl-train-model,756.8400000000001
1026,9,client20,client20-65f8864f77-jm2bl,linkerd-init,0.0
1027,9,server,server-656f98b57f-hpwpf,linkerd-proxy,552.9539999999997
1028,9,server,server-656f98b57f-hpwpf,linkerd-init,0.0
1029,9,client8,client8-5845965f99-llhcc,linkerd-init,0.0
1030,9,client8,client8-5845965f99-llhcc,sidecar,729.9629999999997
1031,9,client8,client8-5845965f99-llhcc,linkerd-proxy,864.2339999999995
1032,9,client8,client8-5845965f99-llhcc,client8,864.5039999999999
1033,9,client14,client14-856b5b5576-qsgds,linkerd-init,0.0
1034,9,client14,client14-856b5b5576-qsgds,linkerd-proxy,714.4049999999997
1035,9,client14,client14-856b5b5576-qsgds,client14,714.6360000000004
1036,9,client14,client14-856b5b5576-qsgds,sidecar,712.9500000000007
1037,9,client10,client10-694b6b97b4-sq4tv,linkerd-proxy,708.3540000000003
1038,9,client10,client10-694b6b97b4-sq4tv,client10,708.2039999999997
1039,9,client10,client10-694b6b97b4-sq4tv,sidecar,615.3239999999996
1040,9,client10,client10-694b6b97b4-sq4tv,linkerd-init,0.0
1041,9,orchestrator,orchestrator-555f7b7c9d-bhmxv,linkerd-init,0.0
1042,9,api-gateway,api-gateway-6bf76d45b7-fhf7v,linkerd-init,0.0
1043,9,orchestrator,orchestrator-555f7b7c9d-bhmxv,linkerd-proxy,365.7630000000004
1044,9,orchestrator,policy-enforcer-cb8dccbd8-wwdzd,linkerd-proxy,365.69399999999996
1045,9,orchestrator,policy-enforcer-cb8dccbd8-wwdzd,linkerd-init,0.0
1046,9,api-gateway,api-gateway-6bf76d45b7-fhf7v,linkerd-proxy,383.6130000000003
1047,9,client6,client6-785d875985-99knx,sidecar,721.1400000000003
1048,9,client6,client6-785d875985-99knx,client6,723.1949999999997
1049,9,client6,client6-785d875985-99knx,linkerd-init,0.0
1050,9,client6,client6-785d875985-99knx,linkerd-proxy,722.982
1051,9,client4,client4-744474fb99-mflh4,sidecar,683.3159999999998
1052,9,client4,client4-744474fb99-mflh4,linkerd-init,0.0
1053,9,client4,client4-744474fb99-mflh4,linkerd-proxy,685.2510000000002
1054,9,client4,client4-744474fb99-mflh4,client4,685.3410000000003
1055,9,client17,client17-69b85b5ccf-g8cvx,client17,632.3249999999998
1056,9,client17,client17-69b85b5ccf-g8cvx,sidecar,604.4280000000008
1057,9,client17,client17-69b85b5ccf-g8cvx,linkerd-proxy,628.0709999999999
1058,9,client17,client17-69b85b5ccf-g8cvx,linkerd-init,0.0
1059,9,client15,client15-79c969ddf-tjlgp,linkerd-proxy,689.6099999999997
1060,9,client15,client15-79c969ddf-tjlgp,linkerd-init,0.0
1061,9,client9,client9-d68fb99b4-2pwjc,linkerd-init,0.0
1062,9,client9,client9-d68fb99b4-2pwjc,sidecar,715.2569999999996
1063,9,client9,client9-d68fb99b4-2pwjc,client9,742.9679999999998
1064,9,client9,client9-d68fb99b4-2pwjc,linkerd-proxy,741.3359999999993
1065,9,client5,client5-7d5ff7f8b4-s6pkm,linkerd-proxy,594.7470000000003
1066,9,client5,client5-7d5ff7f8b4-s6pkm,linkerd-init,0.0
1067,9,client5,client5-7d5ff7f8b4-s6pkm,sidecar,491.21399999999994
1068,9,client5,client5-7d5ff7f8b4-s6pkm,client5,597.1979999999994
1069,9,client12,client12-79bc8d5846-x56ng,client12,725.0729999999994
1070,9,client12,client12-79bc8d5846-x56ng,sidecar,626.5799999999999
1071,9,client12,client12-79bc8d5846-x56ng,linkerd-proxy,724.8599999999997
1072,9,client12,client12-79bc8d5846-x56ng,linkerd-init,0.0
1073,9,client16,client16-6dc7f87f54-k6shp,linkerd-init,0.0
1074,9,client16,client16-6dc7f87f54-k6shp,client16,674.5649999999996
1075,9,client16,client16-6dc7f87f54-k6shp,sidecar,673.1909999999998
1076,9,client16,client16-6dc7f87f54-k6shp,linkerd-proxy,674.3699999999999
1077,9,client2,client2-86cd6d8cf7-86hzl,linkerd-init,0.0
1078,9,client2,client2-86cd6d8cf7-86hzl,sidecar,716.2740000000003
1079,9,client2,client2-86cd6d8cf7-86hzl,linkerd-proxy,717.6660000000002
1080,9,client2,client2-86cd6d8cf7-86hzl,client2,717.8460000000005
1081,9,client3,client3-58c68898cd-sz7tn,sidecar,799.2479999999996
1082,9,client3,client3-58c68898cd-sz7tn,linkerd-init,0.0
1083,9,client3,client3-58c68898cd-sz7tn,client3,800.9700000000003
1084,9,client3,client3-58c68898cd-sz7tn,linkerd-proxy,800.79
1085,9,client18,client18-69db77c748-kqzbp,sidecar,708.0450000000001
1086,9,client18,client18-69db77c748-kqzbp,linkerd-proxy,709.4850000000006
1087,9,client18,client18-69db77c748-kqzbp,client18,709.719
1088,9,client18,client18-69db77c748-kqzbp,linkerd-init,0.0
1089,9,client7,client7-544486cc98-4jrnk,linkerd-init,0.0
1090,9,client7,client7-544486cc98-4jrnk,client7,640.6739999999991
1091,9,client7,client7-544486cc98-4jrnk,sidecar,639.2519999999995
1092,9,client7,client7-544486cc98-4jrnk,linkerd-proxy,640.3110000000006
1093,9,client11,client11-565c48c7c7-dz9jx,linkerd-proxy,834.0630000000001
1094,9,client11,client11-565c48c7c7-dz9jx,client11,834.1890000000003
1095,9,client11,client11-565c48c7c7-dz9jx,sidecar,832.335
1096,9,client11,client11-565c48c7c7-dz9jx,linkerd-init,0.0
1097,9,client19,client19-56fccdb4d9-vsfg2,linkerd-init,0.0
1098,9,client19,client19-56fccdb4d9-vsfg2,client19,784.3140000000003
1099,9,client19,client19-56fccdb4d9-vsfg2,sidecar,782.7719999999999
1100,9,client19,client19-56fccdb4d9-vsfg2,linkerd-proxy,784.1909999999998
1101,9,client1,client1-7b9db886dd-dxzzs,client1,747.9330000000009
1102,9,client1,client1-7b9db886dd-dxzzs,sidecar,668.4479999999994
1103,9,client1,client1-7b9db886dd-dxzzs,linkerd-proxy,746.103000000001
1104,9,client1,client1-7b9db886dd-dxzzs,linkerd-init,0.0
1105,9,client13,client13-7bf86f4f87-tzjtt,linkerd-proxy,737.3370000000004
1106,9,client13,client13-7bf86f4f87-tzjtt,client13,739.5330000000004
1107,9,client13,client13-7bf86f4f87-tzjtt,linkerd-init,0.0
1108,9,client13,client13-7bf86f4f87-tzjtt,sidecar,697.4369999999999
1109,9,client20,client20-65f8864f77-jm2bl,client20,799.9170000000004
1110,9,client20,client20-65f8864f77-jm2bl,sidecar,703.2929999999997
1111,9,client20,client20-65f8864f77-jm2bl,linkerd-proxy,799.6200000000008
1112,9,server,server-656f98b57f-hpwpf,sidecar,460.27799999999934
1113,9,server,server-656f98b57f-hpwpf,server,563.0699999999997
1114,9,api-gateway,api-gateway-6bf76d45b7-fhf7v,api-gateway,380.8649999999998
1115,9,orchestrator,policy-enforcer-cb8dccbd8-wwdzd,policy-enforcer,163.59299999999985
1116,9,orchestrator,policy-enforcer-cb8dccbd8-wwdzd,sidecar,330.7199999999998
1117,9,api-gateway,api-gateway-6bf76d45b7-fhf7v,sidecar,337.85699999999997
1118,9,orchestrator,orchestrator-555f7b7c9d-bhmxv,orchestrator,251.5890000000004
1119,9,orchestrator,orchestrator-555f7b7c9d-bhmxv,sidecar,364.94399999999996
1120,9,client15,client15-79c969ddf-tjlgp,client15,689.8680000000004
1121,9,client15,client15-79c969ddf-tjlgp,sidecar,688.3859999999995
1122,9,client17,maurits-dijk-5bcea8d7client171-mfvr7,hfl-train,702.549
1123,9,client17,maurits-dijk-5bcea8d7client171-mfvr7,sidecar,566.4359999999997
1124,9,client17,maurits-dijk-5bcea8d7client171-mfvr7,hfl-train-model,625.1369999999997
1125,9,client9,maurits-dijk-5bcea8d7client91-8vl9p,sidecar,501.33599999999933
1126,9,client9,maurits-dijk-5bcea8d7client91-8vl9p,hfl-train,824.1959999999999
1127,9,client9,maurits-dijk-5bcea8d7client91-8vl9p,hfl-train-model,735.1440000000011
1128,9,client5,maurits-dijk-5bcea8d7client51-t6xrg,sidecar,488.10599999999977
1129,9,client5,maurits-dijk-5bcea8d7client51-t6xrg,hfl-train,668.1719999999996
1130,9,client5,maurits-dijk-5bcea8d7client51-t6xrg,hfl-train-model,592.3649999999998
1131,9,client1,maurits-dijk-5bcea8d7client11-4c94x,hfl-train,809.982
1132,9,client1,maurits-dijk-5bcea8d7client11-4c94x,hfl-train-model,740.9669999999996
1133,9,client1,maurits-dijk-5bcea8d7client11-4c94x,sidecar,567.3450000000003
1134,9,client13,maurits-dijk-5bcea8d7client131-xq5c7,hfl-train-model,734.2799999999997
1135,9,client13,maurits-dijk-5bcea8d7client131-xq5c7,sidecar,715.3709999999992
1136,9,client13,maurits-dijk-5bcea8d7client131-xq5c7,hfl-train,848.8949999999995
1137,9,server,maurits-dijk-5bcea8d7server1-fqf7q,hfl-train,548.8559999999998
1138,9,server,maurits-dijk-5bcea8d7server1-fqf7q,sidecar,425.82299999999987
1139,9,server,maurits-dijk-5bcea8d7server1-fqf7q,hfl-train-model,838.3050000000003
1140,10,client20,client20-65f8864f77-jm2bl,linkerd-init,0.0
1141,10,server,server-656f98b57f-hpwpf,linkerd-proxy,474.8699999999999
1142,10,server,server-656f98b57f-hpwpf,linkerd-init,0.0
1143,10,client8,client8-5845965f99-llhcc,linkerd-init,0.0
1144,10,client8,client8-5845965f99-llhcc,sidecar,696.8940000000002
1145,10,client8,client8-5845965f99-llhcc,linkerd-proxy,763.0980000000009
1146,10,client8,client8-5845965f99-llhcc,client8,763.3680000000004
1147,10,client14,client14-856b5b5576-qsgds,linkerd-init,0.0
1148,10,client14,client14-856b5b5576-qsgds,linkerd-proxy,866.9009999999998
1149,10,client14,client14-856b5b5576-qsgds,client14,867.090000000001
1150,10,client14,client14-856b5b5576-qsgds,sidecar,865.253999999999
1151,10,client10,client10-694b6b97b4-sq4tv,linkerd-proxy,875.2470000000012
1152,10,client10,client10-694b6b97b4-sq4tv,client10,875.1119999999992
1153,10,client10,client10-694b6b97b4-sq4tv,sidecar,794.643
1154,10,client10,client10-694b6b97b4-sq4tv,linkerd-init,0.0
1155,10,orchestrator,orchestrator-555f7b7c9d-bhmxv,linkerd-init,0.0
1156,10,api-gateway,api-gateway-6bf76d45b7-fhf7v,linkerd-init,0.0
1157,10,orchestrator,orchestrator-555f7b7c9d-bhmxv,linkerd-proxy,404.3339999999994
1158,10,orchestrator,policy-enforcer-cb8dccbd8-wwdzd,linkerd-proxy,404.35199999999986
1159,10,orchestrator,policy-enforcer-cb8dccbd8-wwdzd,linkerd-init,0.0
1160,10,api-gateway,api-gateway-6bf76d45b7-fhf7v,linkerd-proxy,423.7559999999994
1161,10,client6,client6-785d875985-99knx,sidecar,896.5829999999996
1162,10,client6,client6-785d875985-99knx,client6,899.0550000000003
1163,10,client6,client6-785d875985-99knx,linkerd-init,0.0
1164,10,client6,client6-785d875985-99knx,linkerd-proxy,898.9800000000005
1165,10,client4,client4-744474fb99-mflh4,sidecar,868.1670000000004
1166,10,client4,client4-744474fb99-mflh4,linkerd-init,0.0
1167,10,client4,client4-744474fb99-mflh4,linkerd-proxy,870.6449999999986
1168,10,client4,client4-744474fb99-mflh4,client4,870.7380000000003
1169,10,client17,client17-69b85b5ccf-g8cvx,client17,806.9309999999996
1170,10,client17,client17-69b85b5ccf-g8cvx,sidecar,605.7029999999995
1171,10,client17,client17-69b85b5ccf-g8cvx,linkerd-proxy,804.2280000000001
1172,10,client17,client17-69b85b5ccf-g8cvx,linkerd-init,0.0
1173,10,client15,client15-79c969ddf-tjlgp,linkerd-proxy,837.3930000000009
1174,10,client15,client15-79c969ddf-tjlgp,linkerd-init,0.0
1175,10,client9,client9-d68fb99b4-2pwjc,linkerd-init,0.0
1176,10,client9,client9-d68fb99b4-2pwjc,sidecar,614.2649999999994
1177,10,client9,client9-d68fb99b4-2pwjc,client9,780.7319999999991
1178,10,client9,client9-d68fb99b4-2pwjc,linkerd-proxy,781.1580000000004
1179,10,client5,client5-7d5ff7f8b4-s6pkm,linkerd-proxy,776.7179999999998
1180,10,client5,client5-7d5ff7f8b4-s6pkm,linkerd-init,0.0
1181,10,client5,client5-7d5ff7f8b4-s6pkm,sidecar,527.1030000000001
1182,10,client5,client5-7d5ff7f8b4-s6pkm,client5,779.5110000000004
1183,10,client12,client12-79bc8d5846-x56ng,client12,917.1329999999998
1184,10,client12,client12-79bc8d5846-x56ng,sidecar,805.6619999999994
1185,10,client12,client12-79bc8d5846-x56ng,linkerd-proxy,917.3279999999995
1186,10,client12,client12-79bc8d5846-x56ng,linkerd-init,0.0
1187,10,client16,client16-6dc7f87f54-k6shp,linkerd-init,0.0
1188,10,client16,client16-6dc7f87f54-k6shp,client16,685.6469999999999
1189,10,client16,client16-6dc7f87f54-k6shp,sidecar,684.1709999999994
1190,10,client16,client16-6dc7f87f54-k6shp,linkerd-proxy,685.4819999999991
1191,10,client2,client2-86cd6d8cf7-86hzl,linkerd-init,0.0
1192,10,client2,client2-86cd6d8cf7-86hzl,sidecar,774.5549999999994
1193,10,client2,client2-86cd6d8cf7-86hzl,linkerd-proxy,776.0190000000002
1194,10,client2,client2-86cd6d8cf7-86hzl,client2,776.094
1195,10,client3,client3-58c68898cd-sz7tn,sidecar,751.664999999999
1196,10,client3,client3-58c68898cd-sz7tn,linkerd-init,0.0
1197,10,client3,client3-58c68898cd-sz7tn,client3,753.3539999999994
1198,10,client3,client3-58c68898cd-sz7tn,linkerd-proxy,753.2910000000011
1199,10,client18,client18-69db77c748-kqzbp,sidecar,690.3629999999994
1200,10,client18,client18-69db77c748-kqzbp,linkerd-proxy,691.7249999999995
1201,10,client18,client18-69db77c748-kqzbp,client18,691.9049999999988
1202,10,client18,client18-69db77c748-kqzbp,linkerd-init,0.0
1203,10,client7,client7-544486cc98-4jrnk,linkerd-init,0.0
1204,10,client7,client7-544486cc98-4jrnk,client7,740.5800000000017
1205,10,client7,client7-544486cc98-4jrnk,sidecar,739.2360000000008
1206,10,client7,client7-544486cc98-4jrnk,linkerd-proxy,740.3099999999995
1207,10,client11,client11-565c48c7c7-dz9jx,linkerd-proxy,678.9060000000009
1208,10,client11,client11-565c48c7c7-dz9jx,client11,678.9089999999997
1209,10,client11,client11-565c48c7c7-dz9jx,sidecar,677.4120000000003
1210,10,client11,client11-565c48c7c7-dz9jx,linkerd-init,0.0
1211,10,client19,client19-56fccdb4d9-vsfg2,linkerd-init,0.0
1212,10,client19,client19-56fccdb4d9-vsfg2,client19,658.683
1213,10,client19,client19-56fccdb4d9-vsfg2,sidecar,657.1590000000006
1214,10,client19,client19-56fccdb4d9-vsfg2,linkerd-proxy,658.454999999999
1215,10,client1,client1-7b9db886dd-dxzzs,client1,662.2559999999994
1216,10,client1,client1-7b9db886dd-dxzzs,sidecar,657.2550000000001
1217,10,client1,client1-7b9db886dd-dxzzs,linkerd-proxy,662.3099999999995
1218,10,client1,client1-7b9db886dd-dxzzs,linkerd-init,0.0
1219,10,client13,client13-7bf86f4f87-tzjtt,linkerd-proxy,609.4080000000004
1220,10,client13,client13-7bf86f4f87-tzjtt,client13,613.0320000000002
1221,10,client13,client13-7bf86f4f87-tzjtt,linkerd-init,0.0
1222,10,client13,client13-7bf86f4f87-tzjtt,sidecar,555.2999999999993
1223,10,client20,client20-65f8864f77-jm2bl,client20,675.018
1224,10,client20,client20-65f8864f77-jm2bl,sidecar,657.768
1225,10,client20,client20-65f8864f77-jm2bl,linkerd-proxy,674.8799999999992
1226,10,server,server-656f98b57f-hpwpf,sidecar,403.10100000000057
1227,10,server,server-656f98b57f-hpwpf,server,494.1209999999992
1228,10,api-gateway,api-gateway-6bf76d45b7-fhf7v,api-gateway,436.91400000000067
1229,10,orchestrator,policy-enforcer-cb8dccbd8-wwdzd,policy-enforcer,253.40999999999985
1230,10,orchestrator,policy-enforcer-cb8dccbd8-wwdzd,sidecar,396.39300000000003
1231,10,api-gateway,api-gateway-6bf76d45b7-fhf7v,sidecar,396.61799999999994
1232,10,orchestrator,orchestrator-555f7b7c9d-bhmxv,orchestrator,245.29199999999992
1233,10,orchestrator,orchestrator-555f7b7c9d-bhmxv,sidecar,384.8130000000001
1234,10,client15,client15-79c969ddf-tjlgp,client15,837.6090000000004
1235,10,client15,client15-79c969ddf-tjlgp,sidecar,835.8150000000005
1236,10,client17,maurits-dijk-5bcea8d7client171-mfvr7,hfl-train,886.0650000000005
1237,10,client17,maurits-dijk-5bcea8d7client171-mfvr7,sidecar,587.6549999999997
1238,10,client17,maurits-dijk-5bcea8d7client171-mfvr7,hfl-train-model,801.1170000000002
1239,10,client9,maurits-dijk-5bcea8d7client91-8vl9p,sidecar,529.8810000000003
1240,10,client9,maurits-dijk-5bcea8d7client91-8vl9p,hfl-train,860.991
1241,10,client9,maurits-dijk-5bcea8d7client91-8vl9p,hfl-train-model,773.771999999999
1242,10,client5,maurits-dijk-5bcea8d7client51-t6xrg,sidecar,680.0280000000002
1243,10,client5,maurits-dijk-5bcea8d7client51-t6xrg,hfl-train,870.3420000000006
1244,10,client5,maurits-dijk-5bcea8d7client51-t6xrg,hfl-train-model,774.531
1245,10,client1,maurits-dijk-5bcea8d7client11-4c94x,hfl-train,727.6379999999999
1246,10,client1,maurits-dijk-5bcea8d7client11-4c94x,hfl-train-model,657.0420000000004
1247,10,client1,maurits-dijk-5bcea8d7client11-4c94x,sidecar,516.4470000000001
1248,10,client13,maurits-dijk-5bcea8d7client131-xq5c7,hfl-train-model,606.4830000000002
1249,10,client13,maurits-dijk-5bcea8d7client131-xq5c7,sidecar,558.3900000000003
1250,10,client13,maurits-dijk-5bcea8d7client131-xq5c7,hfl-train,718.8179999999993
1251,10,server,maurits-dijk-5bcea8d7server1-fqf7q,hfl-train,469.7669999999989
1252,10,server,maurits-dijk-5bcea8d7server1-fqf7q,sidecar,391.4730000000004
1253,10,server,maurits-dijk-5bcea8d7server1-fqf7q,hfl-train-model,793.2569999999996
1254,11,client20,client20-65f8864f77-jm2bl,linkerd-init,0.0
1255,11,server,server-656f98b57f-hpwpf,linkerd-proxy,537.3690000000006
1256,11,server,server-656f98b57f-hpwpf,linkerd-init,0.0
1257,11,client8,client8-5845965f99-llhcc,linkerd-init,0.0
1258,11,client8,client8-5845965f99-llhcc,sidecar,786.1619999999984
1259,11,client8,client8-5845965f99-llhcc,linkerd-proxy,787.1910000000007
1260,11,client8,client8-5845965f99-llhcc,client8,787.5840000000007
1261,11,client14,client14-856b5b5576-qsgds,linkerd-init,0.0
1262,11,client14,client14-856b5b5576-qsgds,linkerd-proxy,709.3320000000003
1263,11,client14,client14-856b5b5576-qsgds,client14,709.5299999999988
1264,11,client14,client14-856b5b5576-qsgds,sidecar,707.9370000000017
1265,11,client10,client10-694b6b97b4-sq4tv,linkerd-proxy,721.7429999999986
1266,11,client10,client10-694b6b97b4-sq4tv,client10,721.866
1267,11,client10,client10-694b6b97b4-sq4tv,sidecar,673.6500000000015
1268,11,client10,client10-694b6b97b4-sq4tv,linkerd-init,0.0
1269,11,orchestrator,orchestrator-555f7b7c9d-bhmxv,linkerd-init,0.0
1270,11,api-gateway,api-gateway-6bf76d45b7-fhf7v,linkerd-init,0.0
1271,11,orchestrator,orchestrator-555f7b7c9d-bhmxv,linkerd-proxy,332.29200000000037
1272,11,orchestrator,policy-enforcer-cb8dccbd8-wwdzd,linkerd-proxy,332.1779999999999
1273,11,orchestrator,policy-enforcer-cb8dccbd8-wwdzd,linkerd-init,0.0
1274,11,api-gateway,api-gateway-6bf76d45b7-fhf7v,linkerd-proxy,350.27400000000034
1275,11,client6,client6-785d875985-99knx,sidecar,673.4639999999999
1276,11,client6,client6-785d875985-99knx,client6,675.4169999999995
1277,11,client6,client6-785d875985-99knx,linkerd-init,0.0
1278,11,client6,client6-785d875985-99knx,linkerd-proxy,675.2669999999998
1279,11,client4,client4-744474fb99-mflh4,sidecar,676.7459999999992
1280,11,client4,client4-744474fb99-mflh4,linkerd-init,0.0
1281,11,client4,client4-744474fb99-mflh4,linkerd-proxy,678.6420000000016
1282,11,client4,client4-744474fb99-mflh4,client4,678.777
1283,11,client17,client17-69b85b5ccf-g8cvx,client17,636.3209999999999
1284,11,client17,client17-69b85b5ccf-g8cvx,sidecar,519.5939999999991
1285,11,client17,client17-69b85b5ccf-g8cvx,linkerd-proxy,632.0790000000006
1286,11,client17,client17-69b85b5ccf-g8cvx,linkerd-init,0.0
1287,11,client15,client15-79c969ddf-tjlgp,linkerd-proxy,713.1989999999987
1288,11,client15,client15-79c969ddf-tjlgp,linkerd-init,0.0
1289,11,client9,client9-d68fb99b4-2pwjc,linkerd-init,0.0
1290,11,client9,client9-d68fb99b4-2pwjc,sidecar,520.8750000000009
1291,11,client9,client9-d68fb99b4-2pwjc,client9,727.7160000000013
1292,11,client9,client9-d68fb99b4-2pwjc,linkerd-proxy,724.2210000000005
1293,11,client5,client5-7d5ff7f8b4-s6pkm,linkerd-proxy,619.3530000000001
1294,11,client5,client5-7d5ff7f8b4-s6pkm,linkerd-init,0.0
1295,11,client5,client5-7d5ff7f8b4-s6pkm,sidecar,471.41699999999946
1296,11,client5,client5-7d5ff7f8b4-s6pkm,client5,622.5480000000007
1297,11,client12,client12-79bc8d5846-x56ng,client12,716.9670000000006
1298,11,client12,client12-79bc8d5846-x56ng,sidecar,651.2550000000001
1299,11,client12,client12-79bc8d5846-x56ng,linkerd-proxy,717.1020000000008
1300,11,client12,client12-79bc8d5846-x56ng,linkerd-init,0.0
1301,11,client16,client16-6dc7f87f54-k6shp,linkerd-init,0.0
1302,11,client16,client16-6dc7f87f54-k6shp,client16,881.268
1303,11,client16,client16-6dc7f87f54-k6shp,sidecar,879.6239999999998
1304,11,client16,client16-6dc7f87f54-k6shp,linkerd-proxy,881.0670000000009
1305,11,client2,client2-86cd6d8cf7-86hzl,linkerd-init,0.0
1306,11,client2,client2-86cd6d8cf7-86hzl,sidecar,805.2929999999997
1307,11,client2,client2-86cd6d8cf7-86hzl,linkerd-proxy,806.9309999999987
1308,11,client2,client2-86cd6d8cf7-86hzl,client2,807.0450000000001
1309,11,client3,client3-58c68898cd-sz7tn,sidecar,808.1670000000013
1310,11,client3,client3-58c68898cd-sz7tn,linkerd-init,0.0
1311,11,client3,client3-58c68898cd-sz7tn,client3,810.5730000000003
1312,11,client3,client3-58c68898cd-sz7tn,linkerd-proxy,810.5820000000003
1313,11,client18,client18-69db77c748-kqzbp,sidecar,906.8009999999995
1314,11,client18,client18-69db77c748-kqzbp,linkerd-proxy,908.4030000000002
1315,11,client18,client18-69db77c748-kqzbp,client18,908.6880000000001
1316,11,client18,client18-69db77c748-kqzbp,linkerd-init,0.0
1317,11,client7,client7-544486cc98-4jrnk,linkerd-init,0.0
1318,11,client7,client7-544486cc98-4jrnk,client7,841.9529999999995
1319,11,client7,client7-544486cc98-4jrnk,sidecar,840.2459999999992
1320,11,client7,client7-544486cc98-4jrnk,linkerd-proxy,841.5450000000001
1321,11,client11,client11-565c48c7c7-dz9jx,linkerd-proxy,828.0719999999983
1322,11,client11,client11-565c48c7c7-dz9jx,client11,828.146999999999
1323,11,client11,client11-565c48c7c7-dz9jx,sidecar,826.244999999999
1324,11,client11,client11-565c48c7c7-dz9jx,linkerd-init,0.0
1325,11,client19,client19-56fccdb4d9-vsfg2,linkerd-init,0.0
1326,11,client19,client19-56fccdb4d9-vsfg2,client19,921.7529999999988
1327,11,client19,client19-56fccdb4d9-vsfg2,sidecar,919.9589999999989
1328,11,client19,client19-56fccdb4d9-vsfg2,linkerd-proxy,921.510000000002
1329,11,client1,client1-7b9db886dd-dxzzs,client1,778.0860000000011
1330,11,client1,client1-7b9db886dd-dxzzs,sidecar,625.857
1331,11,client1,client1-7b9db886dd-dxzzs,linkerd-proxy,778.098
1332,11,client1,client1-7b9db886dd-dxzzs,linkerd-init,0.0
1333,11,client13,client13-7bf86f4f87-tzjtt,linkerd-proxy,703.7519999999995
1334,11,client13,client13-7bf86f4f87-tzjtt,client13,707.8560000000007
1335,11,client13,client13-7bf86f4f87-tzjtt,linkerd-init,0.0
1336,11,client13,client13-7bf86f4f87-tzjtt,sidecar,680.2620000000006
1337,11,client20,client20-65f8864f77-jm2bl,client20,892.0169999999998
1338,11,client20,client20-65f8864f77-jm2bl,sidecar,890.4300000000003
1339,11,client20,client20-65f8864f77-jm2bl,linkerd-proxy,891.9210000000021
1340,11,server,server-656f98b57f-hpwpf,sidecar,522.1980000000003
1341,11,server,server-656f98b57f-hpwpf,server,550.3230000000003
1342,11,api-gateway,api-gateway-6bf76d45b7-fhf7v,api-gateway,362.03999999999905
1343,11,orchestrator,policy-enforcer-cb8dccbd8-wwdzd,policy-enforcer,281.92800000000034
1344,11,orchestrator,policy-enforcer-cb8dccbd8-wwdzd,sidecar,301.15799999999945
1345,11,api-gateway,api-gateway-6bf76d45b7-fhf7v,sidecar,302.6400000000003
1346,11,orchestrator,orchestrator-555f7b7c9d-bhmxv,orchestrator,201.23399999999992
1347,11,orchestrator,orchestrator-555f7b7c9d-bhmxv,sidecar,310.9050000000002
1348,11,client15,client15-79c969ddf-tjlgp,client15,713.3670000000002
1349,11,client15,client15-79c969ddf-tjlgp,sidecar,711.9599999999991
1350,11,client17,maurits-dijk-5bcea8d7client171-mfvr7,hfl-train,702.4259999999995
1351,11,client17,maurits-dijk-5bcea8d7client171-mfvr7,sidecar,460.14600000000064
1352,11,client17,maurits-dijk-5bcea8d7client171-mfvr7,hfl-train-model,629.0009999999993
1353,11,client9,maurits-dijk-5bcea8d7client91-8vl9p,sidecar,620.4359999999997
1354,11,client9,maurits-dijk-5bcea8d7client91-8vl9p,hfl-train,809.2650000000012
1355,11,client9,maurits-dijk-5bcea8d7client91-8vl9p,hfl-train-model,718.8539999999994
1356,11,client5,maurits-dijk-5bcea8d7client51-t6xrg,sidecar,456.5550000000003
1357,11,client5,maurits-dijk-5bcea8d7client51-t6xrg,hfl-train,710.4240000000009
1358,11,client5,maurits-dijk-5bcea8d7client51-t6xrg,hfl-train-model,616.8810000000003
1359,11,client1,maurits-dijk-5bcea8d7client11-4c94x,hfl-train,854.4809999999998
1360,11,client1,maurits-dijk-5bcea8d7client11-4c94x,hfl-train-model,772.8690000000006
1361,11,client1,maurits-dijk-5bcea8d7client11-4c94x,sidecar,613.884
1362,11,client13,maurits-dijk-5bcea8d7client131-xq5c7,hfl-train-model,700.7550000000001
1363,11,client13,maurits-dijk-5bcea8d7client131-xq5c7,sidecar,612.0210000000006
1364,11,client13,maurits-dijk-5bcea8d7client131-xq5c7,hfl-train,811.6890000000021
1365,11,server,maurits-dijk-5bcea8d7server1-fqf7q,hfl-train,532.0830000000005
1366,11,server,maurits-dijk-5bcea8d7server1-fqf7q,sidecar,409.72499999999945
1367,11,server,maurits-dijk-5bcea8d7server1-fqf7q,hfl-train-model,817.0110000000004
1368,12,client20,client20-65f8864f77-jm2bl,linkerd-init,0.0
1369,12,server,server-656f98b57f-hpwpf,linkerd-proxy,442.40699999999924
1370,12,server,server-656f98b57f-hpwpf,linkerd-init,0.0
1371,12,client8,client8-5845965f99-llhcc,linkerd-init,0.0
1372,12,client8,client8-5845965f99-llhcc,sidecar,876.8070000000007
1373,12,client8,client8-5845965f99-llhcc,linkerd-proxy,878.0759999999991
1374,12,client8,client8-5845965f99-llhcc,client8,878.5560000000005
1375,12,client14,client14-856b5b5576-qsgds,linkerd-init,0.0
1376,12,client14,client14-856b5b5576-qsgds,linkerd-proxy,859.6739999999991
1377,12,client14,client14-856b5b5576-qsgds,client14,859.8299999999999
1378,12,client14,client14-856b5b5576-qsgds,sidecar,857.8349999999991
1379,12,client10,client10-694b6b97b4-sq4tv,linkerd-proxy,855.7470000000012
1380,12,client10,client10-694b6b97b4-sq4tv,client10,855.6119999999992
1381,12,client10,client10-694b6b97b4-sq4tv,sidecar,774.494999999999
1382,12,client10,client10-694b6b97b4-sq4tv,linkerd-init,0.0
1383,12,orchestrator,orchestrator-555f7b7c9d-bhmxv,linkerd-init,0.0
1384,12,api-gateway,api-gateway-6bf76d45b7-fhf7v,linkerd-init,0.0
1385,12,orchestrator,orchestrator-555f7b7c9d-bhmxv,linkerd-proxy,408.0149999999994
1386,12,orchestrator,policy-enforcer-cb8dccbd8-wwdzd,linkerd-proxy,408.0029999999997
1387,12,orchestrator,policy-enforcer-cb8dccbd8-wwdzd,linkerd-init,0.0
1388,12,api-gateway,api-gateway-6bf76d45b7-fhf7v,linkerd-proxy,427.28999999999996
1389,12,client6,client6-785d875985-99knx,sidecar,851.6879999999983
1390,12,client6,client6-785d875985-99knx,client6,854.223
1391,12,client6,client6-785d875985-99knx,linkerd-init,0.0
1392,12,client6,client6-785d875985-99knx,linkerd-proxy,853.9830000000002
1393,12,client4,client4-744474fb99-mflh4,sidecar,820.7820000000011
1394,12,client4,client4-744474fb99-mflh4,linkerd-init,0.0
1395,12,client4,client4-744474fb99-mflh4,linkerd-proxy,823.3289999999979
1396,12,client4,client4-744474fb99-mflh4,client4,823.4489999999987
1397,12,client17,client17-69b85b5ccf-g8cvx,client17,728.4930000000004
1398,12,client17,client17-69b85b5ccf-g8cvx,sidecar,696.4170000000004
1399,12,client17,client17-69b85b5ccf-g8cvx,linkerd-proxy,725.1509999999998
1400,12,client17,client17-69b85b5ccf-g8cvx,linkerd-init,0.0
1401,12,client15,client15-79c969ddf-tjlgp,linkerd-proxy,828.8580000000002
1402,12,client15,client15-79c969ddf-tjlgp,linkerd-init,0.0
1403,12,client9,client9-d68fb99b4-2pwjc,linkerd-init,0.0
1404,12,client9,client9-d68fb99b4-2pwjc,sidecar,596.4030000000002
1405,12,client9,client9-d68fb99b4-2pwjc,client9,670.280999999999
1406,12,client9,client9-d68fb99b4-2pwjc,linkerd-proxy,666.0840000000007
1407,12,client5,client5-7d5ff7f8b4-s6pkm,linkerd-proxy,584.9850000000006
1408,12,client5,client5-7d5ff7f8b4-s6pkm,linkerd-init,0.0
1409,12,client5,client5-7d5ff7f8b4-s6pkm,sidecar,486.46800000000076
1410,12,client5,client5-7d5ff7f8b4-s6pkm,client5,587.9490000000005
1411,12,client12,client12-79bc8d5846-x56ng,client12,709.8600000000006
1412,12,client12,client12-79bc8d5846-x56ng,sidecar,646.5689999999995
1413,12,client12,client12-79bc8d5846-x56ng,linkerd-proxy,709.9950000000008
1414,12,client12,client12-79bc8d5846-x56ng,linkerd-init,0.0
1415,12,client16,client16-6dc7f87f54-k6shp,linkerd-init,0.0
1416,12,client16,client16-6dc7f87f54-k6shp,client16,686.2709999999988
1417,12,client16,client16-6dc7f87f54-k6shp,sidecar,684.6990000000005
1418,12,client16,client16-6dc7f87f54-k6shp,linkerd-proxy,685.9979999999996
1419,12,client2,client2-86cd6d8cf7-86hzl,linkerd-init,0.0
1420,12,client2,client2-86cd6d8cf7-86hzl,sidecar,625.2510000000002
1421,12,client2,client2-86cd6d8cf7-86hzl,linkerd-proxy,626.5800000000017
1422,12,client2,client2-86cd6d8cf7-86hzl,client2,626.762999999999
1423,12,client3,client3-58c68898cd-sz7tn,sidecar,736.9229999999989
1424,12,client3,client3-58c68898cd-sz7tn,linkerd-init,0.0
1425,12,client3,client3-58c68898cd-sz7tn,client3,739.0439999999999
1426,12,client3,client3-58c68898cd-sz7tn,linkerd-proxy,739.1489999999994
1427,12,client18,client18-69db77c748-kqzbp,sidecar,673.764000000001
1428,12,client18,client18-69db77c748-kqzbp,linkerd-proxy,674.9879999999994
1429,12,client18,client18-69db77c748-kqzbp,client18,675.210000000001
1430,12,client18,client18-69db77c748-kqzbp,linkerd-init,0.0
1431,12,client7,client7-544486cc98-4jrnk,linkerd-init,0.0
1432,12,client7,client7-544486cc98-4jrnk,client7,627.8909999999996
1433,12,client7,client7-544486cc98-4jrnk,sidecar,626.3790000000008
1434,12,client7,client7-544486cc98-4jrnk,linkerd-proxy,627.5010000000002
1435,12,client11,client11-565c48c7c7-dz9jx,linkerd-proxy,754.8000000000011
1436,12,client11,client11-565c48c7c7-dz9jx,client11,754.9680000000008
1437,12,client11,client11-565c48c7c7-dz9jx,sidecar,753.3240000000005
1438,12,client11,client11-565c48c7c7-dz9jx,linkerd-init,0.0
1439,12,client19,client19-56fccdb4d9-vsfg2,linkerd-init,0.0
1440,12,client19,client19-56fccdb4d9-vsfg2,client19,776.4990000000016
1441,12,client19,client19-56fccdb4d9-vsfg2,sidecar,774.8970000000008
1442,12,client19,client19-56fccdb4d9-vsfg2,linkerd-proxy,776.5139999999992
1443,12,client1,client1-7b9db886dd-dxzzs,client1,662.8439999999991
1444,12,client1,client1-7b9db886dd-dxzzs,sidecar,486.1890000000003
1445,12,client1,client1-7b9db886dd-dxzzs,linkerd-proxy,662.2349999999988
1446,12,client1,client1-7b9db886dd-dxzzs,linkerd-init,0.0
1447,12,client13,client13-7bf86f4f87-tzjtt,linkerd-proxy,641.8109999999997
1448,12,client13,client13-7bf86f4f87-tzjtt,client13,646.7909999999993
1449,12,client13,client13-7bf86f4f87-tzjtt,linkerd-init,0.0
1450,12,client13,client13-7bf86f4f87-tzjtt,sidecar,629.2649999999994
1451,12,client20,client20-65f8864f77-jm2bl,client20,748.9319999999989
1452,12,client20,client20-65f8864f77-jm2bl,sidecar,747.5460000000003
1453,12,client20,client20-65f8864f77-jm2bl,linkerd-proxy,748.7459999999992
1454,12,server,server-656f98b57f-hpwpf,sidecar,356.67299999999886
1455,12,server,server-656f98b57f-hpwpf,server,454.6710000000003
1456,12,api-gateway,api-gateway-6bf76d45b7-fhf7v,api-gateway,432.1710000000003
1457,12,orchestrator,policy-enforcer-cb8dccbd8-wwdzd,policy-enforcer,232.96799999999985
1458,12,orchestrator,policy-enforcer-cb8dccbd8-wwdzd,sidecar,372.41100000000006
1459,12,api-gateway,api-gateway-6bf76d45b7-fhf7v,sidecar,367.92599999999993
1460,12,orchestrator,orchestrator-555f7b7c9d-bhmxv,orchestrator,319.9140000000002
1461,12,orchestrator,orchestrator-555f7b7c9d-bhmxv,sidecar,407.0159999999996
1462,12,client15,client15-79c969ddf-tjlgp,client15,829.116
1463,12,client15,client15-79c969ddf-tjlgp,sidecar,827.3520000000008
1464,12,client17,maurits-dijk-5bcea8d7client171-mfvr7,hfl-train,798.1410000000014
1465,12,client17,maurits-dijk-5bcea8d7client171-mfvr7,sidecar,707.625
1466,12,client17,maurits-dijk-5bcea8d7client171-mfvr7,hfl-train-model,722.5530000000017
1467,12,client9,maurits-dijk-5bcea8d7client91-8vl9p,sidecar,485.6999999999998
1468,12,client9,maurits-dijk-5bcea8d7client91-8vl9p,hfl-train,746.6729999999989
1469,12,client9,maurits-dijk-5bcea8d7client91-8vl9p,hfl-train-model,660.3090000000011
1470,12,client5,maurits-dijk-5bcea8d7client51-t6xrg,sidecar,469.1970000000001
1471,12,client5,maurits-dijk-5bcea8d7client51-t6xrg,hfl-train,657.6990000000005
1472,12,client5,maurits-dijk-5bcea8d7client51-t6xrg,hfl-train-model,582.6450000000004
1473,12,client1,maurits-dijk-5bcea8d7client11-4c94x,hfl-train,727.8300000000017
1474,12,client1,maurits-dijk-5bcea8d7client11-4c94x,hfl-train-model,657.1290000000008
1475,12,client1,maurits-dijk-5bcea8d7client11-4c94x,sidecar,542.0969999999998
1476,12,client13,maurits-dijk-5bcea8d7client131-xq5c7,hfl-train-model,638.5409999999993
1477,12,client13,maurits-dijk-5bcea8d7client131-xq5c7,sidecar,638.3639999999996
1478,12,client13,maurits-dijk-5bcea8d7client131-xq5c7,hfl-train,751.0229999999992
1479,12,server,maurits-dijk-5bcea8d7server1-fqf7q,hfl-train,439.27199999999993
1480,12,server,maurits-dijk-5bcea8d7server1-fqf7q,sidecar,320.35499999999956
1481,12,server,maurits-dijk-5bcea8d7server1-fqf7q,hfl-train-model,726.2430000000004
1482,13,client20,client20-65f8864f77-jm2bl,linkerd-init,0.0
1483,13,server,server-656f98b57f-hpwpf,linkerd-proxy,459.41399999999976
1484,13,server,server-656f98b57f-hpwpf,linkerd-init,0.0
1485,13,client8,client8-5845965f99-llhcc,linkerd-init,0.0
1486,13,client8,client8-5845965f99-llhcc,sidecar,665.6730000000007
1487,13,client8,client8-5845965f99-llhcc,linkerd-proxy,666.8249999999989
1488,13,client8,client8-5845965f99-llhcc,client8,667.0949999999975
1489,13,client14,client14-856b5b5576-qsgds,linkerd-init,0.0
1490,13,client14,client14-856b5b5576-qsgds,linkerd-proxy,716.7929999999997
1491,13,client14,client14-856b5b5576-qsgds,client14,716.991
1492,13,client14,client14-856b5b5576-qsgds,sidecar,715.4969999999994
1493,13,client10,client10-694b6b97b4-sq4tv,linkerd-proxy,743.8619999999992
1494,13,client10,client10-694b6b97b4-sq4tv,client10,743.7570000000014
1495,13,client10,client10-694b6b97b4-sq4tv,sidecar,679.6349999999984
1496,13,client10,client10-694b6b97b4-sq4tv,linkerd-init,0.0
1497,13,orchestrator,orchestrator-555f7b7c9d-bhmxv,linkerd-init,0.0
1498,13,api-gateway,api-gateway-6bf76d45b7-fhf7v,linkerd-init,0.0
1499,13,orchestrator,orchestrator-555f7b7c9d-bhmxv,linkerd-proxy,360.09600000000046
1500,13,orchestrator,policy-enforcer-cb8dccbd8-wwdzd,linkerd-proxy,360.1050000000005
1501,13,orchestrator,policy-enforcer-cb8dccbd8-wwdzd,linkerd-init,0.0
1502,13,api-gateway,api-gateway-6bf76d45b7-fhf7v,linkerd-proxy,377.35199999999986
1503,13,client6,client6-785d875985-99knx,sidecar,690.9180000000015
1504,13,client6,client6-785d875985-99knx,client6,692.9189999999999
1505,13,client6,client6-785d875985-99knx,linkerd-init,0.0
1506,13,client6,client6-785d875985-99knx,linkerd-proxy,692.8140000000003
1507,13,client4,client4-744474fb99-mflh4,sidecar,639.5189999999984
1508,13,client4,client4-744474fb99-mflh4,linkerd-init,0.0
1509,13,client4,client4-744474fb99-mflh4,linkerd-proxy,641.652
1510,13,client4,client4-744474fb99-mflh4,client4,641.5920000000006
1511,13,client17,client17-69b85b5ccf-g8cvx,client17,609.1949999999997
1512,13,client17,client17-69b85b5ccf-g8cvx,sidecar,473.5560000000005
1513,13,client17,client17-69b85b5ccf-g8cvx,linkerd-proxy,606.7620000000006
1514,13,client17,client17-69b85b5ccf-g8cvx,linkerd-init,0.0
1515,13,client15,client15-79c969ddf-tjlgp,linkerd-proxy,777.8550000000014
1516,13,client15,client15-79c969ddf-tjlgp,linkerd-init,0.0
1517,13,client9,client9-d68fb99b4-2pwjc,linkerd-init,0.0
1518,13,client9,client9-d68fb99b4-2pwjc,sidecar,600.539999999999
1519,13,client9,client9-d68fb99b4-2pwjc,client9,769.1040000000012
1520,13,client9,client9-d68fb99b4-2pwjc,linkerd-proxy,768.623999999998
1521,13,client5,client5-7d5ff7f8b4-s6pkm,linkerd-proxy,707.753999999999
1522,13,client5,client5-7d5ff7f8b4-s6pkm,linkerd-init,0.0
1523,13,client5,client5-7d5ff7f8b4-s6pkm,sidecar,591.7199999999993
1524,13,client5,client5-7d5ff7f8b4-s6pkm,client5,711.3149999999987
1525,13,client12,client12-79bc8d5846-x56ng,client12,884.9639999999981
1526,13,client12,client12-79bc8d5846-x56ng,sidecar,803.9100000000017
1527,13,client12,client12-79bc8d5846-x56ng,linkerd-proxy,885.0689999999995
1528,13,client12,client12-79bc8d5846-x56ng,linkerd-init,0.0
1529,13,client16,client16-6dc7f87f54-k6shp,linkerd-init,0.0
1530,13,client16,client16-6dc7f87f54-k6shp,client16,824.3340000000007
1531,13,client16,client16-6dc7f87f54-k6shp,sidecar,822.2430000000004
1532,13,client16,client16-6dc7f87f54-k6shp,linkerd-proxy,823.9410000000007
1533,13,client2,client2-86cd6d8cf7-86hzl,linkerd-init,0.0
1534,13,client2,client2-86cd6d8cf7-86hzl,sidecar,850.8299999999999
1535,13,client2,client2-86cd6d8cf7-86hzl,linkerd-proxy,852.4409999999989
1536,13,client2,client2-86cd6d8cf7-86hzl,client2,852.594000000001
1537,13,client3,client3-58c68898cd-sz7tn,sidecar,872.1540000000005
1538,13,client3,client3-58c68898cd-sz7tn,linkerd-init,0.0
1539,13,client3,client3-58c68898cd-sz7tn,client3,874.7220000000016
1540,13,client3,client3-58c68898cd-sz7tn,linkerd-proxy,874.7219999999998
1541,13,client18,client18-69db77c748-kqzbp,sidecar,769.5570000000007
1542,13,client18,client18-69db77c748-kqzbp,linkerd-proxy,771.1380000000008
1543,13,client18,client18-69db77c748-kqzbp,client18,771.2940000000017
1544,13,client18,client18-69db77c748-kqzbp,linkerd-init,0.0
1545,13,client7,client7-544486cc98-4jrnk,linkerd-init,0.0
1546,13,client7,client7-544486cc98-4jrnk,client7,765.2430000000004
1547,13,client7,client7-544486cc98-4jrnk,sidecar,763.6170000000002
1548,13,client7,client7-544486cc98-4jrnk,linkerd-proxy,764.8379999999997
1549,13,client11,client11-565c48c7c7-dz9jx,linkerd-proxy,917.7569999999996
1550,13,client11,client11-565c48c7c7-dz9jx,client11,917.9850000000006
1551,13,client11,client11-565c48c7c7-dz9jx,sidecar,915.9629999999997
1552,13,client11,client11-565c48c7c7-dz9jx,linkerd-init,0.0
1553,13,client19,client19-56fccdb4d9-vsfg2,linkerd-init,0.0
1554,13,client19,client19-56fccdb4d9-vsfg2,client19,797.396999999999
1555,13,client19,client19-56fccdb4d9-vsfg2,sidecar,795.5879999999997
1556,13,client19,client19-56fccdb4d9-vsfg2,linkerd-proxy,797.2559999999994
1557,13,client1,client1-7b9db886dd-dxzzs,client1,816.0869999999995
1558,13,client1,client1-7b9db886dd-dxzzs,sidecar,784.0289999999986
1559,13,client1,client1-7b9db886dd-dxzzs,linkerd-proxy,815.8680000000004
1560,13,client1,client1-7b9db886dd-dxzzs,linkerd-init,0.0
1561,13,client13,client13-7bf86f4f87-tzjtt,linkerd-proxy,726.2430000000004
1562,13,client13,client13-7bf86f4f87-tzjtt,client13,729.1800000000003
1563,13,client13,client13-7bf86f4f87-tzjtt,linkerd-init,0.0
1564,13,client13,client13-7bf86f4f87-tzjtt,sidecar,690.3269999999993
1565,13,client20,client20-65f8864f77-jm2bl,client20,632.331000000002
1566,13,client20,client20-65f8864f77-jm2bl,sidecar,631.0199999999986
1567,13,client20,client20-65f8864f77-jm2bl,linkerd-proxy,632.1479999999992
1568,13,server,server-656f98b57f-hpwpf,sidecar,372.978000000001
1569,13,server,server-656f98b57f-hpwpf,server,474.33899999999994
1570,13,api-gateway,api-gateway-6bf76d45b7-fhf7v,api-gateway,390.8640000000005
1571,13,orchestrator,policy-enforcer-cb8dccbd8-wwdzd,policy-enforcer,242.93399999999974
1572,13,orchestrator,policy-enforcer-cb8dccbd8-wwdzd,sidecar,359.40000000000055
1573,13,api-gateway,api-gateway-6bf76d45b7-fhf7v,sidecar,359.396999999999
1574,13,orchestrator,orchestrator-555f7b7c9d-bhmxv,orchestrator,192.54899999999998
1575,13,orchestrator,orchestrator-555f7b7c9d-bhmxv,sidecar,315.0450000000001
1576,13,client15,client15-79c969ddf-tjlgp,client15,778.1759999999995
1577,13,client15,client15-79c969ddf-tjlgp,sidecar,776.5739999999987
1578,13,client17,maurits-dijk-5bcea8d7client171-mfvr7,hfl-train,677.5199999999986
1579,13,client17,maurits-dijk-5bcea8d7client171-mfvr7,sidecar,520.2000000000007
1580,13,client17,maurits-dijk-5bcea8d7client171-mfvr7,hfl-train-model,603.8939999999984
1581,13,client9,maurits-dijk-5bcea8d7client91-8vl9p,sidecar,563.1210000000001
1582,13,client9,maurits-dijk-5bcea8d7client91-8vl9p,hfl-train,849.8729999999996
1583,13,client9,maurits-dijk-5bcea8d7client91-8vl9p,hfl-train-model,762.2970000000005
1584,13,client5,maurits-dijk-5bcea8d7client51-t6xrg,sidecar,592.9380000000001
1585,13,client5,maurits-dijk-5bcea8d7client51-t6xrg,hfl-train,780.8039999999983
1586,13,client5,maurits-dijk-5bcea8d7client51-t6xrg,hfl-train-model,705.9089999999997
1587,13,client1,maurits-dijk-5bcea8d7client11-4c94x,hfl-train,880.1279999999988
1588,13,client1,maurits-dijk-5bcea8d7client11-4c94x,hfl-train-model,810.2039999999979
1589,13,client1,maurits-dijk-5bcea8d7client11-4c94x,sidecar,599.9699999999993
1590,13,client13,maurits-dijk-5bcea8d7client131-xq5c7,hfl-train-model,723.3960000000006
1591,13,client13,maurits-dijk-5bcea8d7client131-xq5c7,sidecar,694.5810000000001
1592,13,client13,maurits-dijk-5bcea8d7client131-xq5c7,hfl-train,834.1290000000008
1593,13,server,maurits-dijk-5bcea8d7server1-fqf7q,hfl-train,455.02199999999993
1594,13,server,maurits-dijk-5bcea8d7server1-fqf7q,sidecar,320.5680000000011
1595,13,server,maurits-dijk-5bcea8d7server1-fqf7q,hfl-train-model,781.3679999999986
1596,14,client20,client20-65f8864f77-jm2bl,linkerd-init,0.0
1597,14,server,server-656f98b57f-hpwpf,linkerd-proxy,564.9930000000004
1598,14,server,server-656f98b57f-hpwpf,linkerd-init,0.0
1599,14,client8,client8-5845965f99-llhcc,linkerd-init,0.0
1600,14,client8,client8-5845965f99-llhcc,sidecar,812.4089999999997
1601,14,client8,client8-5845965f99-llhcc,linkerd-proxy,813.6810000000005
1602,14,client8,client8-5845965f99-llhcc,client8,814.0110000000004
1603,14,client14,client14-856b5b5576-qsgds,linkerd-init,0.0
1604,14,client14,client14-856b5b5576-qsgds,linkerd-proxy,856.3919999999998
1605,14,client14,client14-856b5b5576-qsgds,client14,856.4969999999994
1606,14,client14,client14-856b5b5576-qsgds,sidecar,854.6129999999994
1607,14,client10,client10-694b6b97b4-sq4tv,linkerd-proxy,877.4790000000012
1608,14,client10,client10-694b6b97b4-sq4tv,client10,877.2240000000002
1609,14,client10,client10-694b6b97b4-sq4tv,sidecar,797.9280000000017
1610,14,client10,client10-694b6b97b4-sq4tv,linkerd-init,0.0
1611,14,orchestrator,orchestrator-555f7b7c9d-bhmxv,linkerd-init,0.0
1612,14,api-gateway,api-gateway-6bf76d45b7-fhf7v,linkerd-init,0.0
1613,14,orchestrator,orchestrator-555f7b7c9d-bhmxv,linkerd-proxy,428.58300000000054
1614,14,orchestrator,policy-enforcer-cb8dccbd8-wwdzd,linkerd-proxy,428.4180000000006
1615,14,orchestrator,policy-enforcer-cb8dccbd8-wwdzd,linkerd-init,0.0
1616,14,api-gateway,api-gateway-6bf76d45b7-fhf7v,linkerd-proxy,447.2430000000004
1617,14,client6,client6-785d875985-99knx,sidecar,748.0740000000005
1618,14,client6,client6-785d875985-99knx,client6,750.0510000000013
1619,14,client6,client6-785d875985-99knx,linkerd-init,0.0
1620,14,client6,client6-785d875985-99knx,linkerd-proxy,750.110999999999
1621,14,client4,client4-744474fb99-mflh4,sidecar,704.9820000000018
1622,14,client4,client4-744474fb99-mflh4,linkerd-init,0.0
1623,14,client4,client4-744474fb99-mflh4,linkerd-proxy,707.2050000000017
1624,14,client4,client4-744474fb99-mflh4,client4,707.268
1625,14,client17,client17-69b85b5ccf-g8cvx,client17,636.9390000000003
1626,14,client17,client17-69b85b5ccf-g8cvx,sidecar,431.2079999999987
1627,14,client17,client17-69b85b5ccf-g8cvx,linkerd-proxy,634.8600000000006
1628,14,client17,client17-69b85b5ccf-g8cvx,linkerd-init,0.0
1629,14,client15,client15-79c969ddf-tjlgp,linkerd-proxy,734.6339999999982
1630,14,client15,client15-79c969ddf-tjlgp,linkerd-init,0.0
1631,14,client9,client9-d68fb99b4-2pwjc,linkerd-init,0.0
1632,14,client9,client9-d68fb99b4-2pwjc,sidecar,627.2010000000009
1633,14,client9,client9-d68fb99b4-2pwjc,client9,678.7709999999988
1634,14,client9,client9-d68fb99b4-2pwjc,linkerd-proxy,675.0660000000007
1635,14,client5,client5-7d5ff7f8b4-s6pkm,linkerd-proxy,615.2309999999998
1636,14,client5,client5-7d5ff7f8b4-s6pkm,linkerd-init,0.0
1637,14,client5,client5-7d5ff7f8b4-s6pkm,sidecar,580.4460000000008
1638,14,client5,client5-7d5ff7f8b4-s6pkm,client5,617.7390000000014
1639,14,client12,client12-79bc8d5846-x56ng,client12,823.6920000000009
1640,14,client12,client12-79bc8d5846-x56ng,sidecar,769.364999999998
1641,14,client12,client12-79bc8d5846-x56ng,linkerd-proxy,823.9920000000002
1642,14,client12,client12-79bc8d5846-x56ng,linkerd-init,0.0
1643,14,client16,client16-6dc7f87f54-k6shp,linkerd-init,0.0
1644,14,client16,client16-6dc7f87f54-k6shp,client16,705.6780000000017
1645,14,client16,client16-6dc7f87f54-k6shp,sidecar,704.1810000000005
1646,14,client16,client16-6dc7f87f54-k6shp,linkerd-proxy,705.5130000000008
1647,14,client2,client2-86cd6d8cf7-86hzl,linkerd-init,0.0
1648,14,client2,client2-86cd6d8cf7-86hzl,sidecar,676.5839999999989
1649,14,client2,client2-86cd6d8cf7-86hzl,linkerd-proxy,677.8590000000004
1650,14,client2,client2-86cd6d8cf7-86hzl,client2,678.0659999999989
1651,14,client3,client3-58c68898cd-sz7tn,sidecar,704.5259999999998
1652,14,client3,client3-58c68898cd-sz7tn,linkerd-init,0.0
1653,14,client3,client3-58c68898cd-sz7tn,client3,706.409999999998
1654,14,client3,client3-58c68898cd-sz7tn,linkerd-proxy,706.2990000000009
1655,14,client18,client18-69db77c748-kqzbp,sidecar,650.7780000000002
1656,14,client18,client18-69db77c748-kqzbp,linkerd-proxy,652.1100000000006
1657,14,client18,client18-69db77c748-kqzbp,client18,652.2899999999972
1658,14,client18,client18-69db77c748-kqzbp,linkerd-init,0.0
1659,14,client7,client7-544486cc98-4jrnk,linkerd-init,0.0
1660,14,client7,client7-544486cc98-4jrnk,client7,722.7779999999984
1661,14,client7,client7-544486cc98-4jrnk,sidecar,721.4909999999982
1662,14,client7,client7-544486cc98-4jrnk,linkerd-proxy,722.5080000000016
1663,14,client11,client11-565c48c7c7-dz9jx,linkerd-proxy,703.014000000001
1664,14,client11,client11-565c48c7c7-dz9jx,client11,703.1970000000001
1665,14,client11,client11-565c48c7c7-dz9jx,sidecar,701.4900000000016
1666,14,client11,client11-565c48c7c7-dz9jx,linkerd-init,0.0
1667,14,client19,client19-56fccdb4d9-vsfg2,linkerd-init,0.0
1668,14,client19,client19-56fccdb4d9-vsfg2,client19,667.8810000000012
1669,14,client19,client19-56fccdb4d9-vsfg2,sidecar,666.2970000000005
1670,14,client19,client19-56fccdb4d9-vsfg2,linkerd-proxy,667.728000000001
1671,14,client1,client1-7b9db886dd-dxzzs,client1,702.0509999999995
1672,14,client1,client1-7b9db886dd-dxzzs,sidecar,597.5070000000014
1673,14,client1,client1-7b9db886dd-dxzzs,linkerd-proxy,700.6800000000003
1674,14,client1,client1-7b9db886dd-dxzzs,linkerd-init,0.0
1675,14,client13,client13-7bf86f4f87-tzjtt,linkerd-proxy,655.2870000000003
1676,14,client13,client13-7bf86f4f87-tzjtt,client13,658.985999999999
1677,14,client13,client13-7bf86f4f87-tzjtt,linkerd-init,0.0
1678,14,client13,client13-7bf86f4f87-tzjtt,sidecar,639.8370000000014
1679,14,client20,client20-65f8864f77-jm2bl,client20,836.2979999999989
1680,14,client20,client20-65f8864f77-jm2bl,sidecar,834.6839999999993
1681,14,client20,client20-65f8864f77-jm2bl,linkerd-proxy,836.1360000000004
1682,14,server,server-656f98b57f-hpwpf,sidecar,537.302999999999
1683,14,server,server-656f98b57f-hpwpf,server,576.6149999999998
1684,14,api-gateway,api-gateway-6bf76d45b7-fhf7v,api-gateway,449.09400000000005
1685,14,orchestrator,policy-enforcer-cb8dccbd8-wwdzd,policy-enforcer,362.9490000000005
1686,14,orchestrator,policy-enforcer-cb8dccbd8-wwdzd,sidecar,390.5159999999996
1687,14,api-gateway,api-gateway-6bf76d45b7-fhf7v,sidecar,397.7310000000007
1688,14,orchestrator,orchestrator-555f7b7c9d-bhmxv,orchestrator,217.71900000000005
1689,14,orchestrator,orchestrator-555f7b7c9d-bhmxv,sidecar,376.9319999999998
1690,14,client15,client15-79c969ddf-tjlgp,client15,734.8289999999997
1691,14,client15,client15-79c969ddf-tjlgp,sidecar,733.2720000000008
1692,14,client17,maurits-dijk-5bcea8d7client171-mfvr7,hfl-train,704.3040000000001
1693,14,client17,maurits-dijk-5bcea8d7client171-mfvr7,sidecar,559.344000000001
1694,14,client17,maurits-dijk-5bcea8d7client171-mfvr7,hfl-train-model,631.1220000000012
1695,14,client9,maurits-dijk-5bcea8d7client91-8vl9p,sidecar,495.7950000000001
1696,14,client9,maurits-dijk-5bcea8d7client91-8vl9p,hfl-train,757.4610000000011
1697,14,client9,maurits-dijk-5bcea8d7client91-8vl9p,hfl-train-model,669.393
1698,14,client5,maurits-dijk-5bcea8d7client51-t6xrg,sidecar,506.34899999999925
1699,14,client5,maurits-dijk-5bcea8d7client51-t6xrg,hfl-train,687.6540000000005
1700,14,client5,maurits-dijk-5bcea8d7client51-t6xrg,hfl-train-model,612.9359999999997
1701,14,client1,maurits-dijk-5bcea8d7client11-4c94x,hfl-train,764.5019999999986
1702,14,client1,maurits-dijk-5bcea8d7client11-4c94x,hfl-train-model,694.875
1703,14,client1,maurits-dijk-5bcea8d7client11-4c94x,sidecar,456.5430000000015
1704,14,client13,maurits-dijk-5bcea8d7client131-xq5c7,hfl-train-model,652.107
1705,14,client13,maurits-dijk-5bcea8d7client131-xq5c7,sidecar,624.4620000000014
1706,14,client13,maurits-dijk-5bcea8d7client131-xq5c7,hfl-train,765.9030000000002
1707,14,server,maurits-dijk-5bcea8d7server1-fqf7q,hfl-train,560.6220000000003
1708,14,server,maurits-dijk-5bcea8d7server1-fqf7q,sidecar,451.6439999999993
1709,14,server,maurits-dijk-5bcea8d7server1-fqf7q,hfl-train-model,949.9619999999995
1710,15,client20,client20-65f8864f77-jm2bl,linkerd-init,0.0
1711,15,server,server-656f98b57f-hpwpf,linkerd-proxy,468.22800000000007
1712,15,server,server-656f98b57f-hpwpf,linkerd-init,0.0
1713,15,client8,client8-5845965f99-llhcc,linkerd-init,0.0
1714,15,client8,client8-5845965f99-llhcc,sidecar,677.4719999999998
1715,15,client8,client8-5845965f99-llhcc,linkerd-proxy,678.4830000000002
1716,15,client8,client8-5845965f99-llhcc,client8,678.7560000000012
1717,15,client14,client14-856b5b5576-qsgds,linkerd-init,0.0
1718,15,client14,client14-856b5b5576-qsgds,linkerd-proxy,723.0030000000006
1719,15,client14,client14-856b5b5576-qsgds,client14,723.3780000000006
1720,15,client14,client14-856b5b5576-qsgds,sidecar,721.8270000000011
1721,15,client10,client10-694b6b97b4-sq4tv,linkerd-proxy,753.1919999999991
1722,15,client10,client10-694b6b97b4-sq4tv,client10,753.1919999999991
1723,15,client10,client10-694b6b97b4-sq4tv,sidecar,655.1519999999982
1724,15,client10,client10-694b6b97b4-sq4tv,linkerd-init,0.0
1725,15,orchestrator,orchestrator-555f7b7c9d-bhmxv,linkerd-init,0.0
1726,15,api-gateway,api-gateway-6bf76d45b7-fhf7v,linkerd-init,0.0
1727,15,orchestrator,orchestrator-555f7b7c9d-bhmxv,linkerd-proxy,335.60699999999906
1728,15,orchestrator,policy-enforcer-cb8dccbd8-wwdzd,linkerd-proxy,335.6939999999995
1729,15,orchestrator,policy-enforcer-cb8dccbd8-wwdzd,linkerd-init,0.0
1730,15,api-gateway,api-gateway-6bf76d45b7-fhf7v,linkerd-proxy,354.21599999999944
1731,15,client6,client6-785d875985-99knx,sidecar,816.5729999999985
1732,15,client6,client6-785d875985-99knx,client6,819.0479999999989
1733,15,client6,client6-785d875985-99knx,linkerd-init,0.0
1734,15,client6,client6-785d875985-99knx,linkerd-proxy,818.8199999999997
1735,15,client4,client4-744474fb99-mflh4,sidecar,773.8349999999991
1736,15,client4,client4-744474fb99-mflh4,linkerd-init,0.0
1737,15,client4,client4-744474fb99-mflh4,linkerd-proxy,776.1629999999986
1738,15,client4,client4-744474fb99-mflh4,client4,776.2980000000007
1739,15,client17,client17-69b85b5ccf-g8cvx,client17,767.3430000000008
1740,15,client17,client17-69b85b5ccf-g8cvx,sidecar,725.1330000000016
1741,15,client17,client17-69b85b5ccf-g8cvx,linkerd-proxy,764.771999999999
1742,15,client17,client17-69b85b5ccf-g8cvx,linkerd-init,0.0
1743,15,client15,client15-79c969ddf-tjlgp,linkerd-proxy,897.6869999999999
1744,15,client15,client15-79c969ddf-tjlgp,linkerd-init,0.0
1745,15,client9,client9-d68fb99b4-2pwjc,linkerd-init,0.0
1746,15,client9,client9-d68fb99b4-2pwjc,sidecar,640.4969999999994
1747,15,client9,client9-d68fb99b4-2pwjc,client9,742.2029999999995
1748,15,client9,client9-d68fb99b4-2pwjc,linkerd-proxy,741.5969999999998
1749,15,client5,client5-7d5ff7f8b4-s6pkm,linkerd-proxy,686.1360000000004
1750,15,client5,client5-7d5ff7f8b4-s6pkm,linkerd-init,0.0
1751,15,client5,client5-7d5ff7f8b4-s6pkm,sidecar,664.3649999999998
1752,15,client5,client5-7d5ff7f8b4-s6pkm,client5,690.3329999999987
1753,15,client12,client12-79bc8d5846-x56ng,client12,903.4500000000007
1754,15,client12,client12-79bc8d5846-x56ng,sidecar,816.8220000000019
1755,15,client12,client12-79bc8d5846-x56ng,linkerd-proxy,903.6149999999998
1756,15,client12,client12-79bc8d5846-x56ng,linkerd-init,0.0
1757,15,client16,client16-6dc7f87f54-k6shp,linkerd-init,0.0
1758,15,client16,client16-6dc7f87f54-k6shp,client16,904.848
1759,15,client16,client16-6dc7f87f54-k6shp,sidecar,903.2489999999998
1760,15,client16,client16-6dc7f87f54-k6shp,linkerd-proxy,904.7279999999992
1761,15,client2,client2-86cd6d8cf7-86hzl,linkerd-init,0.0
1762,15,client2,client2-86cd6d8cf7-86hzl,sidecar,762.6690000000017
1763,15,client2,client2-86cd6d8cf7-86hzl,linkerd-proxy,764.2739999999994
1764,15,client2,client2-86cd6d8cf7-86hzl,client2,764.4750000000004
1765,15,client3,client3-58c68898cd-sz7tn,sidecar,872.2920000000013
1766,15,client3,client3-58c68898cd-sz7tn,linkerd-init,0.0
1767,15,client3,client3-58c68898cd-sz7tn,client3,874.6170000000002
1768,15,client3,client3-58c68898cd-sz7tn,linkerd-proxy,874.5719999999983
1769,15,client18,client18-69db77c748-kqzbp,sidecar,805.8689999999988
1770,15,client18,client18-69db77c748-kqzbp,linkerd-proxy,807.4830000000002
1771,15,client18,client18-69db77c748-kqzbp,client18,807.6630000000005
1772,15,client18,client18-69db77c748-kqzbp,linkerd-init,0.0
1773,15,client7,client7-544486cc98-4jrnk,linkerd-init,0.0
1774,15,client7,client7-544486cc98-4jrnk,client7,809.3160000000007
1775,15,client7,client7-544486cc98-4jrnk,sidecar,807.5700000000015
1776,15,client7,client7-544486cc98-4jrnk,linkerd-proxy,808.7909999999993
1777,15,client11,client11-565c48c7c7-dz9jx,linkerd-proxy,798.6209999999992
1778,15,client11,client11-565c48c7c7-dz9jx,client11,798.878999999999
1779,15,client11,client11-565c48c7c7-dz9jx,sidecar,796.8029999999999
1780,15,client11,client11-565c48c7c7-dz9jx,linkerd-init,0.0
1781,15,client19,client19-56fccdb4d9-vsfg2,linkerd-init,0.0
1782,15,client19,client19-56fccdb4d9-vsfg2,client19,808.764000000001
1783,15,client19,client19-56fccdb4d9-vsfg2,sidecar,806.9580000000005
1784,15,client19,client19-56fccdb4d9-vsfg2,linkerd-proxy,808.5810000000001
1785,15,client1,client1-7b9db886dd-dxzzs,client1,718.9170000000013
1786,15,client1,client1-7b9db886dd-dxzzs,sidecar,597.3600000000006
1787,15,client1,client1-7b9db886dd-dxzzs,linkerd-proxy,718.9439999999995
1788,15,client1,client1-7b9db886dd-dxzzs,linkerd-init,0.0
1789,15,client13,client13-7bf86f4f87-tzjtt,linkerd-proxy,621.4560000000001
1790,15,client13,client13-7bf86f4f87-tzjtt,client13,624.2820000000011
1791,15,client13,client13-7bf86f4f87-tzjtt,linkerd-init,0.0
1792,15,client13,client13-7bf86f4f87-tzjtt,sidecar,585.6569999999992
1793,15,client20,client20-65f8864f77-jm2bl,client20,724.4369999999999
1794,15,client20,client20-65f8864f77-jm2bl,sidecar,722.9130000000023
1795,15,client20,client20-65f8864f77-jm2bl,linkerd-proxy,724.2690000000002
1796,15,server,server-656f98b57f-hpwpf,sidecar,391.8660000000009
1797,15,server,server-656f98b57f-hpwpf,server,485.40899999999965
1798,15,api-gateway,api-gateway-6bf76d45b7-fhf7v,api-gateway,356.3099999999995
1799,15,orchestrator,policy-enforcer-cb8dccbd8-wwdzd,policy-enforcer,201.5039999999999
1800,15,orchestrator,policy-enforcer-cb8dccbd8-wwdzd,sidecar,310.6860000000006
1801,15,api-gateway,api-gateway-6bf76d45b7-fhf7v,sidecar,310.59299999999985
1802,15,orchestrator,orchestrator-555f7b7c9d-bhmxv,orchestrator,276.6779999999999
1803,15,orchestrator,orchestrator-555f7b7c9d-bhmxv,sidecar,334.9410000000007
1804,15,client15,client15-79c969ddf-tjlgp,client15,898.0650000000005
1805,15,client15,client15-79c969ddf-tjlgp,sidecar,896.2260000000006
1806,15,client17,maurits-dijk-5bcea8d7client171-mfvr7,hfl-train,834.8669999999984
1807,15,client17,maurits-dijk-5bcea8d7client171-mfvr7,sidecar,755.7209999999995
1808,15,client17,maurits-dijk-5bcea8d7client171-mfvr7,hfl-train-model,761.7839999999997
1809,15,client9,maurits-dijk-5bcea8d7client91-8vl9p,sidecar,541.0890000000009
1810,15,client9,maurits-dijk-5bcea8d7client91-8vl9p,hfl-train,823.610999999999
1811,15,client9,maurits-dijk-5bcea8d7client91-8vl9p,hfl-train-model,735.5879999999979
1812,15,client5,maurits-dijk-5bcea8d7client51-t6xrg,sidecar,494.8860000000004
1813,15,client5,maurits-dijk-5bcea8d7client51-t6xrg,hfl-train,761.8769999999986
1814,15,client5,maurits-dijk-5bcea8d7client51-t6xrg,hfl-train-model,684.2369999999992
1815,15,client1,maurits-dijk-5bcea8d7client11-4c94x,hfl-train,782.2320000000018
1816,15,client1,maurits-dijk-5bcea8d7client11-4c94x,hfl-train-model,713.2800000000007
1817,15,client1,maurits-dijk-5bcea8d7client11-4c94x,sidecar,537.4709999999995
1818,15,client13,maurits-dijk-5bcea8d7client131-xq5c7,hfl-train-model,618.6330000000016
1819,15,client13,maurits-dijk-5bcea8d7client131-xq5c7,sidecar,614.5319999999974
1820,15,client13,maurits-dijk-5bcea8d7client131-xq5c7,hfl-train,727.1759999999995
1821,15,server,maurits-dijk-5bcea8d7server1-fqf7q,hfl-train,464.826
1822,15,server,maurits-dijk-5bcea8d7server1-fqf7q,sidecar,371.64599999999973
1823,15,server,maurits-dijk-5bcea8d7server1-fqf7q,hfl-train-model,756.6510000000017
1824,16,client20,client20-65f8864f77-jm2bl,linkerd-init,0.0
1825,16,server,server-656f98b57f-hpwpf,linkerd-proxy,560.6369999999988
1826,16,server,server-656f98b57f-hpwpf,linkerd-init,0.0
1827,16,client8,client8-5845965f99-llhcc,linkerd-init,0.0
1828,16,client8,client8-5845965f99-llhcc,sidecar,784.2780000000002
1829,16,client8,client8-5845965f99-llhcc,linkerd-proxy,785.6910000000007
1830,16,client8,client8-5845965f99-llhcc,client8,786.0299999999988
1831,16,client14,client14-856b5b5576-qsgds,linkerd-init,0.0
1832,16,client14,client14-856b5b5576-qsgds,linkerd-proxy,902.1389999999992
1833,16,client14,client14-856b5b5576-qsgds,client14,902.4089999999997
1834,16,client14,client14-856b5b5576-qsgds,sidecar,900.4319999999989
1835,16,client10,client10-694b6b97b4-sq4tv,linkerd-proxy,869.2169999999987
1836,16,client10,client10-694b6b97b4-sq4tv,client10,869.2950000000019
1837,16,client10,client10-694b6b97b4-sq4tv,sidecar,786.8730000000014
1838,16,client10,client10-694b6b97b4-sq4tv,linkerd-init,0.0
1839,16,orchestrator,orchestrator-555f7b7c9d-bhmxv,linkerd-init,0.0
1840,16,api-gateway,api-gateway-6bf76d45b7-fhf7v,linkerd-init,0.0
1841,16,orchestrator,orchestrator-555f7b7c9d-bhmxv,linkerd-proxy,398.1060000000007
1842,16,orchestrator,policy-enforcer-cb8dccbd8-wwdzd,linkerd-proxy,398.03700000000026
1843,16,orchestrator,policy-enforcer-cb8dccbd8-wwdzd,linkerd-init,0.0
1844,16,api-gateway,api-gateway-6bf76d45b7-fhf7v,linkerd-proxy,417.6720000000005
1845,16,client6,client6-785d875985-99knx,sidecar,650.4899999999998
1846,16,client6,client6-785d875985-99knx,client6,652.6800000000003
1847,16,client6,client6-785d875985-99knx,linkerd-init,0.0
1848,16,client6,client6-785d875985-99knx,linkerd-proxy,652.6800000000003
1849,16,client4,client4-744474fb99-mflh4,sidecar,675.1319999999996
1850,16,client4,client4-744474fb99-mflh4,linkerd-init,0.0
1851,16,client4,client4-744474fb99-mflh4,linkerd-proxy,676.8870000000006
1852,16,client4,client4-744474fb99-mflh4,client4,676.976999999999
1853,16,client17,client17-69b85b5ccf-g8cvx,client17,645.8279999999977
1854,16,client17,client17-69b85b5ccf-g8cvx,sidecar,602.5650000000005
1855,16,client17,client17-69b85b5ccf-g8cvx,linkerd-proxy,643.4310000000005
1856,16,client17,client17-69b85b5ccf-g8cvx,linkerd-init,0.0
1857,16,client15,client15-79c969ddf-tjlgp,linkerd-proxy,754.4520000000011
1858,16,client15,client15-79c969ddf-tjlgp,linkerd-init,0.0
1859,16,client9,client9-d68fb99b4-2pwjc,linkerd-init,0.0
1860,16,client9,client9-d68fb99b4-2pwjc,sidecar,499.005000000001
1861,16,client9,client9-d68fb99b4-2pwjc,client9,621.5429999999997
1862,16,client9,client9-d68fb99b4-2pwjc,linkerd-proxy,619.5570000000007
1863,16,client5,client5-7d5ff7f8b4-s6pkm,linkerd-proxy,593.7989999999991
1864,16,client5,client5-7d5ff7f8b4-s6pkm,linkerd-init,0.0
1865,16,client5,client5-7d5ff7f8b4-s6pkm,sidecar,564.0720000000001
1866,16,client5,client5-7d5ff7f8b4-s6pkm,client5,597.264000000001
1867,16,client12,client12-79bc8d5846-x56ng,client12,763.6800000000003
1868,16,client12,client12-79bc8d5846-x56ng,sidecar,702.989999999998
1869,16,client12,client12-79bc8d5846-x56ng,linkerd-proxy,763.664999999999
1870,16,client12,client12-79bc8d5846-x56ng,linkerd-init,0.0
1871,16,client16,client16-6dc7f87f54-k6shp,linkerd-init,0.0
1872,16,client16,client16-6dc7f87f54-k6shp,client16,726.6749999999993
1873,16,client16,client16-6dc7f87f54-k6shp,sidecar,725.2529999999988
1874,16,client16,client16-6dc7f87f54-k6shp,linkerd-proxy,726.5550000000003
1875,16,client2,client2-86cd6d8cf7-86hzl,linkerd-init,0.0
1876,16,client2,client2-86cd6d8cf7-86hzl,sidecar,691.005000000001
1877,16,client2,client2-86cd6d8cf7-86hzl,linkerd-proxy,692.3460000000014
1878,16,client2,client2-86cd6d8cf7-86hzl,client2,692.4720000000016
1879,16,client3,client3-58c68898cd-sz7tn,sidecar,664.4849999999988
1880,16,client3,client3-58c68898cd-sz7tn,linkerd-init,0.0
1881,16,client3,client3-58c68898cd-sz7tn,client3,666.4740000000002
1882,16,client3,client3-58c68898cd-sz7tn,linkerd-proxy,666.4890000000014
1883,16,client18,client18-69db77c748-kqzbp,sidecar,661.0139999999992
1884,16,client18,client18-69db77c748-kqzbp,linkerd-proxy,662.387999999999
1885,16,client18,client18-69db77c748-kqzbp,client18,662.4510000000009
1886,16,client18,client18-69db77c748-kqzbp,linkerd-init,0.0
1887,16,client7,client7-544486cc98-4jrnk,linkerd-init,0.0
1888,16,client7,client7-544486cc98-4jrnk,client7,633.0419999999995
1889,16,client7,client7-544486cc98-4jrnk,sidecar,631.5749999999989
1890,16,client7,client7-544486cc98-4jrnk,linkerd-proxy,632.7420000000002
1891,16,client11,client11-565c48c7c7-dz9jx,linkerd-proxy,664.610999999999
1892,16,client11,client11-565c48c7c7-dz9jx,client11,664.6589999999997
1893,16,client11,client11-565c48c7c7-dz9jx,sidecar,663.0119999999988
1894,16,client11,client11-565c48c7c7-dz9jx,linkerd-init,0.0
1895,16,client19,client19-56fccdb4d9-vsfg2,linkerd-init,0.0
1896,16,client19,client19-56fccdb4d9-vsfg2,client19,658.043999999998
1897,16,client19,client19-56fccdb4d9-vsfg2,sidecar,656.7869999999984
1898,16,client19,client19-56fccdb4d9-vsfg2,linkerd-proxy,657.7739999999994
1899,16,client1,client1-7b9db886dd-dxzzs,client1,649.0139999999992
1900,16,client1,client1-7b9db886dd-dxzzs,sidecar,589.2749999999996
1901,16,client1,client1-7b9db886dd-dxzzs,linkerd-proxy,648.1920000000009
1902,16,client1,client1-7b9db886dd-dxzzs,linkerd-init,0.0
1903,16,client13,client13-7bf86f4f87-tzjtt,linkerd-proxy,776.3309999999983
1904,16,client13,client13-7bf86f4f87-tzjtt,client13,780.3150000000005
1905,16,client13,client13-7bf86f4f87-tzjtt,linkerd-init,0.0
1906,16,client13,client13-7bf86f4f87-tzjtt,sidecar,670.1610000000001
1907,16,client20,client20-65f8864f77-jm2bl,client20,814.2299999999996
1908,16,client20,client20-65f8864f77-jm2bl,sidecar,812.3729999999996
1909,16,client20,client20-65f8864f77-jm2bl,linkerd-proxy,814.1820000000007
1910,16,server,server-656f98b57f-hpwpf,sidecar,484.701
1911,16,server,server-656f98b57f-hpwpf,server,572.241
1912,16,api-gateway,api-gateway-6bf76d45b7-fhf7v,api-gateway,434.3819999999996
1913,16,orchestrator,policy-enforcer-cb8dccbd8-wwdzd,policy-enforcer,306.41700000000037
1914,16,orchestrator,policy-enforcer-cb8dccbd8-wwdzd,sidecar,390.9840000000004
1915,16,api-gateway,api-gateway-6bf76d45b7-fhf7v,sidecar,397.04100000000017
1916,16,orchestrator,orchestrator-555f7b7c9d-bhmxv,orchestrator,192.8429999999994
1917,16,orchestrator,orchestrator-555f7b7c9d-bhmxv,sidecar,351.3779999999997
1918,16,client15,client15-79c969ddf-tjlgp,client15,754.6799999999985
1919,16,client15,client15-79c969ddf-tjlgp,sidecar,753.2880000000005
1920,16,client17,maurits-dijk-5bcea8d7client171-mfvr7,hfl-train,727.5150000000012
1921,16,client17,maurits-dijk-5bcea8d7client171-mfvr7,sidecar,612.905999999999
1922,16,client17,maurits-dijk-5bcea8d7client171-mfvr7,hfl-train-model,639.9480000000003
1923,16,client9,maurits-dijk-5bcea8d7client91-8vl9p,sidecar,428.1779999999999
1924,16,client9,maurits-dijk-5bcea8d7client91-8vl9p,hfl-train,693.8189999999995
1925,16,client9,maurits-dijk-5bcea8d7client91-8vl9p,hfl-train-model,615.3960000000006
1926,16,client5,maurits-dijk-5bcea8d7client51-t6xrg,sidecar,432.9269999999997
1927,16,client5,maurits-dijk-5bcea8d7client51-t6xrg,hfl-train,667.1670000000013
1928,16,client5,maurits-dijk-5bcea8d7client51-t6xrg,hfl-train-model,591.5340000000015
1929,16,client1,maurits-dijk-5bcea8d7client11-4c94x,hfl-train,719.1630000000005
1930,16,client1,maurits-dijk-5bcea8d7client11-4c94x,hfl-train-model,641.6280000000006
1931,16,client1,maurits-dijk-5bcea8d7client11-4c94x,sidecar,458.46899999999914
1932,16,client13,maurits-dijk-5bcea8d7client131-xq5c7,hfl-train-model,773.2259999999987
1933,16,client13,maurits-dijk-5bcea8d7client131-xq5c7,sidecar,729.7560000000012
1934,16,client13,maurits-dijk-5bcea8d7client131-xq5c7,hfl-train,885.0749999999989
1935,16,server,maurits-dijk-5bcea8d7server1-fqf7q,hfl-train,556.5059999999994
1936,16,server,maurits-dijk-5bcea8d7server1-fqf7q,sidecar,495.4800000000005
1937,16,server,maurits-dijk-5bcea8d7server1-fqf7q,hfl-train-model,905.0819999999985
1938,17,client20,client20-65f8864f77-jm2bl,linkerd-init,0.0
1939,17,server,server-656f98b57f-hpwpf,linkerd-proxy,439.1310000000012
1940,17,server,server-656f98b57f-hpwpf,linkerd-init,0.0
1941,17,client8,client8-5845965f99-llhcc,linkerd-init,0.0
1942,17,client8,client8-5845965f99-llhcc,sidecar,640.4430000000011
1943,17,client8,client8-5845965f99-llhcc,linkerd-proxy,641.4809999999998
1944,17,client8,client8-5845965f99-llhcc,client8,641.7569999999996
1945,17,client14,client14-856b5b5576-qsgds,linkerd-init,0.0
1946,17,client14,client14-856b5b5576-qsgds,linkerd-proxy,690.8880000000008
1947,17,client14,client14-856b5b5576-qsgds,client14,691.125
1948,17,client14,client14-856b5b5576-qsgds,sidecar,689.5110000000004
1949,17,client10,client10-694b6b97b4-sq4tv,linkerd-proxy,752.2289999999994
1950,17,client10,client10-694b6b97b4-sq4tv,client10,752.0639999999985
1951,17,client10,client10-694b6b97b4-sq4tv,sidecar,619.1279999999988
1952,17,client10,client10-694b6b97b4-sq4tv,linkerd-init,0.0
1953,17,orchestrator,orchestrator-555f7b7c9d-bhmxv,linkerd-init,0.0
1954,17,api-gateway,api-gateway-6bf76d45b7-fhf7v,linkerd-init,0.0
1955,17,orchestrator,orchestrator-555f7b7c9d-bhmxv,linkerd-proxy,347.72100000000046
1956,17,orchestrator,policy-enforcer-cb8dccbd8-wwdzd,linkerd-proxy,347.817
1957,17,orchestrator,policy-enforcer-cb8dccbd8-wwdzd,linkerd-init,0.0
1958,17,api-gateway,api-gateway-6bf76d45b7-fhf7v,linkerd-proxy,366.174
1959,17,client6,client6-785d875985-99knx,sidecar,840.1860000000015
1960,17,client6,client6-785d875985-99knx,client6,842.3490000000002
1961,17,client6,client6-785d875985-99knx,linkerd-init,0.0
1962,17,client6,client6-785d875985-99knx,linkerd-proxy,842.1239999999998
1963,17,client4,client4-744474fb99-mflh4,sidecar,797.6610000000001
1964,17,client4,client4-744474fb99-mflh4,linkerd-init,0.0
1965,17,client4,client4-744474fb99-mflh4,linkerd-proxy,800.0519999999997
1966,17,client4,client4-744474fb99-mflh4,client4,800.1270000000004
1967,17,client17,client17-69b85b5ccf-g8cvx,client17,735.1440000000002
1968,17,client17,client17-69b85b5ccf-g8cvx,sidecar,655.7129999999997
1969,17,client17,client17-69b85b5ccf-g8cvx,linkerd-proxy,731.8589999999986
1970,17,client17,client17-69b85b5ccf-g8cvx,linkerd-init,0.0
1971,17,client15,client15-79c969ddf-tjlgp,linkerd-proxy,931.1790000000001
1972,17,client15,client15-79c969ddf-tjlgp,linkerd-init,0.0
1973,17,client9,client9-d68fb99b4-2pwjc,linkerd-init,0.0
1974,17,client9,client9-d68fb99b4-2pwjc,sidecar,752.1929999999993
1975,17,client9,client9-d68fb99b4-2pwjc,client9,823.5150000000012
1976,17,client9,client9-d68fb99b4-2pwjc,linkerd-proxy,821.5650000000005
1977,17,client5,client5-7d5ff7f8b4-s6pkm,linkerd-proxy,722.9490000000023
1978,17,client5,client5-7d5ff7f8b4-s6pkm,linkerd-init,0.0
1979,17,client5,client5-7d5ff7f8b4-s6pkm,sidecar,685.2119999999995
1980,17,client5,client5-7d5ff7f8b4-s6pkm,client5,726.1529999999984
1981,17,client12,client12-79bc8d5846-x56ng,client12,943.4039999999986
1982,17,client12,client12-79bc8d5846-x56ng,sidecar,829.9650000000001
1983,17,client12,client12-79bc8d5846-x56ng,linkerd-proxy,943.4940000000006
1984,17,client12,client12-79bc8d5846-x56ng,linkerd-init,0.0
1985,17,client16,client16-6dc7f87f54-k6shp,linkerd-init,0.0
1986,17,client16,client16-6dc7f87f54-k6shp,client16,929.0669999999991
1987,17,client16,client16-6dc7f87f54-k6shp,sidecar,927.2700000000004
1988,17,client16,client16-6dc7f87f54-k6shp,linkerd-proxy,928.7489999999998
1989,17,client2,client2-86cd6d8cf7-86hzl,linkerd-init,0.0
1990,17,client2,client2-86cd6d8cf7-86hzl,sidecar,838.4189999999999
1991,17,client2,client2-86cd6d8cf7-86hzl,linkerd-proxy,840.0269999999982
1992,17,client2,client2-86cd6d8cf7-86hzl,client2,840.110999999999
1993,17,client3,client3-58c68898cd-sz7tn,sidecar,823.8780000000006
1994,17,client3,client3-58c68898cd-sz7tn,linkerd-init,0.0
1995,17,client3,client3-58c68898cd-sz7tn,client3,826.1520000000019
1996,17,client3,client3-58c68898cd-sz7tn,linkerd-proxy,826.1189999999988
1997,17,client18,client18-69db77c748-kqzbp,sidecar,917.7930000000015
1998,17,client18,client18-69db77c748-kqzbp,linkerd-proxy,919.3529999999992
1999,17,client18,client18-69db77c748-kqzbp,client18,919.5420000000013
2000,17,client18,client18-69db77c748-kqzbp,linkerd-init,0.0
2001,17,client7,client7-544486cc98-4jrnk,linkerd-init,0.0
2002,17,client7,client7-544486cc98-4jrnk,client7,807.1800000000003
2003,17,client7,client7-544486cc98-4jrnk,sidecar,805.3830000000016
2004,17,client7,client7-544486cc98-4jrnk,linkerd-proxy,806.771999999999
2005,17,client11,client11-565c48c7c7-dz9jx,linkerd-proxy,670.884
2006,17,client11,client11-565c48c7c7-dz9jx,client11,671.1720000000005
2007,17,client11,client11-565c48c7c7-dz9jx,sidecar,669.4800000000014
2008,17,client11,client11-565c48c7c7-dz9jx,linkerd-init,0.0
2009,17,client19,client19-56fccdb4d9-vsfg2,linkerd-init,0.0
2010,17,client19,client19-56fccdb4d9-vsfg2,client19,759.6000000000022
2011,17,client19,client19-56fccdb4d9-vsfg2,sidecar,758.1330000000016
2012,17,client19,client19-56fccdb4d9-vsfg2,linkerd-proxy,759.4619999999995
2013,17,client1,client1-7b9db886dd-dxzzs,client1,681.2160000000003
2014,17,client1,client1-7b9db886dd-dxzzs,sidecar,540.9210000000003
2015,17,client1,client1-7b9db886dd-dxzzs,linkerd-proxy,678.2549999999992
2016,17,client1,client1-7b9db886dd-dxzzs,linkerd-init,0.0
2017,17,client13,client13-7bf86f4f87-tzjtt,linkerd-proxy,630.648000000001
2018,17,client13,client13-7bf86f4f87-tzjtt,client13,636.0990000000002
2019,17,client13,client13-7bf86f4f87-tzjtt,linkerd-init,0.0
2020,17,client13,client13-7bf86f4f87-tzjtt,sidecar,568.9799999999996
2021,17,client20,client20-65f8864f77-jm2bl,client20,663.0540000000001
2022,17,client20,client20-65f8864f77-jm2bl,sidecar,661.5569999999989
2023,17,client20,client20-65f8864f77-jm2bl,linkerd-proxy,662.8529999999992
2024,17,server,server-656f98b57f-hpwpf,sidecar,429.3809999999994
2025,17,server,server-656f98b57f-hpwpf,server,457.9320000000007
2026,17,api-gateway,api-gateway-6bf76d45b7-fhf7v,api-gateway,382.7340000000004
2027,17,orchestrator,policy-enforcer-cb8dccbd8-wwdzd,policy-enforcer,252.35699999999906
2028,17,orchestrator,policy-enforcer-cb8dccbd8-wwdzd,sidecar,298.16399999999976
2029,17,api-gateway,api-gateway-6bf76d45b7-fhf7v,sidecar,315.2970000000005
2030,17,orchestrator,orchestrator-555f7b7c9d-bhmxv,orchestrator,194.0880000000002
2031,17,orchestrator,orchestrator-555f7b7c9d-bhmxv,sidecar,296.3879999999999
2032,17,client15,client15-79c969ddf-tjlgp,client15,931.4940000000006
2033,17,client15,client15-79c969ddf-tjlgp,sidecar,929.7420000000002
2034,17,client17,maurits-dijk-5bcea8d7client171-mfvr7,hfl-train,805.7729999999992
2035,17,client17,maurits-dijk-5bcea8d7client171-mfvr7,sidecar,677.9669999999987
2036,17,client17,maurits-dijk-5bcea8d7client171-mfvr7,hfl-train-model,728.7689999999984
2037,17,client9,maurits-dijk-5bcea8d7client91-8vl9p,sidecar,563.0910000000003
2038,17,client9,maurits-dijk-5bcea8d7client91-8vl9p,hfl-train,901.9140000000007
2039,17,client9,maurits-dijk-5bcea8d7client91-8vl9p,hfl-train-model,815.0910000000003
2040,17,client5,maurits-dijk-5bcea8d7client51-t6xrg,sidecar,540.6000000000004
2041,17,client5,maurits-dijk-5bcea8d7client51-t6xrg,hfl-train,796.8359999999993
2042,17,client5,maurits-dijk-5bcea8d7client51-t6xrg,hfl-train-model,720.9449999999979
2043,17,client1,maurits-dijk-5bcea8d7client11-4c94x,hfl-train,756.4200000000001
2044,17,client1,maurits-dijk-5bcea8d7client11-4c94x,hfl-train-model,672.027
2045,17,client1,maurits-dijk-5bcea8d7client11-4c94x,sidecar,504.0509999999995
2046,17,client13,maurits-dijk-5bcea8d7client131-xq5c7,hfl-train-model,627.4560000000001
2047,17,client13,maurits-dijk-5bcea8d7client131-xq5c7,sidecar,564.4770000000008
2048,17,client13,maurits-dijk-5bcea8d7client131-xq5c7,hfl-train,737.9639999999999
2049,17,server,maurits-dijk-5bcea8d7server1-fqf7q,hfl-train,434.487000000001
2050,17,server,maurits-dijk-5bcea8d7server1-fqf7q,sidecar,385.3319999999994
2051,17,server,maurits-dijk-5bcea8d7server1-fqf7q,hfl-train-model,817.965000000002
2052,18,client20,client20-65f8864f77-jm2bl,linkerd-init,0.0
2053,18,server,server-656f98b57f-hpwpf,linkerd-proxy,534.6959999999999
2054,18,server,server-656f98b57f-hpwpf,linkerd-init,0.0
2055,18,client8,client8-5845965f99-llhcc,linkerd-init,0.0
2056,18,client8,client8-5845965f99-llhcc,sidecar,829.6979999999985
2057,18,client8,client8-5845965f99-llhcc,linkerd-proxy,830.9459999999999
2058,18,client8,client8-5845965f99-llhcc,client8,831.3720000000012
2059,18,client14,client14-856b5b5576-qsgds,linkerd-init,0.0
2060,18,client14,client14-856b5b5576-qsgds,linkerd-proxy,751.1010000000006
2061,18,client14,client14-856b5b5576-qsgds,client14,751.2810000000009
2062,18,client14,client14-856b5b5576-qsgds,sidecar,749.7420000000002
2063,18,client10,client10-694b6b97b4-sq4tv,linkerd-proxy,695.7900000000009
2064,18,client10,client10-694b6b97b4-sq4tv,client10,695.762999999999
2065,18,client10,client10-694b6b97b4-sq4tv,sidecar,597.603000000001
2066,18,client10,client10-694b6b97b4-sq4tv,linkerd-init,0.0
2067,18,orchestrator,orchestrator-555f7b7c9d-bhmxv,linkerd-init,0.0
2068,18,api-gateway,api-gateway-6bf76d45b7-fhf7v,linkerd-init,0.0
2069,18,orchestrator,orchestrator-555f7b7c9d-bhmxv,linkerd-proxy,344.0759999999991
2070,18,orchestrator,policy-enforcer-cb8dccbd8-wwdzd,linkerd-proxy,344.1779999999999
2071,18,orchestrator,policy-enforcer-cb8dccbd8-wwdzd,linkerd-init,0.0
2072,18,api-gateway,api-gateway-6bf76d45b7-fhf7v,linkerd-proxy,362.72099999999955
2073,18,client6,client6-785d875985-99knx,sidecar,674.8950000000004
2074,18,client6,client6-785d875985-99knx,client6,676.4970000000012
2075,18,client6,client6-785d875985-99knx,linkerd-init,0.0
2076,18,client6,client6-785d875985-99knx,linkerd-proxy,676.1190000000006
2077,18,client4,client4-744474fb99-mflh4,sidecar,656.7810000000009
2078,18,client4,client4-744474fb99-mflh4,linkerd-init,0.0
2079,18,client4,client4-744474fb99-mflh4,linkerd-proxy,658.737000000001
2080,18,client4,client4-744474fb99-mflh4,client4,658.8450000000012
2081,18,client17,client17-69b85b5ccf-g8cvx,client17,635.8470000000016
2082,18,client17,client17-69b85b5ccf-g8cvx,sidecar,610.1549999999988
2083,18,client17,client17-69b85b5ccf-g8cvx,linkerd-proxy,632.0040000000008
2084,18,client17,client17-69b85b5ccf-g8cvx,linkerd-init,0.0
2085,18,client15,client15-79c969ddf-tjlgp,linkerd-proxy,768.0630000000001
2086,18,client15,client15-79c969ddf-tjlgp,linkerd-init,0.0
2087,18,client9,client9-d68fb99b4-2pwjc,linkerd-init,0.0
2088,18,client9,client9-d68fb99b4-2pwjc,sidecar,571.134
2089,18,client9,client9-d68fb99b4-2pwjc,client9,638.5859999999993
2090,18,client9,client9-d68fb99b4-2pwjc,linkerd-proxy,637.4519999999993
2091,18,client5,client5-7d5ff7f8b4-s6pkm,linkerd-proxy,608.3549999999977
2092,18,client5,client5-7d5ff7f8b4-s6pkm,linkerd-init,0.0
2093,18,client5,client5-7d5ff7f8b4-s6pkm,sidecar,586.5779999999995
2094,18,client5,client5-7d5ff7f8b4-s6pkm,client5,611.5020000000004
2095,18,client12,client12-79bc8d5846-x56ng,client12,804.4470000000019
2096,18,client12,client12-79bc8d5846-x56ng,sidecar,709.6560000000009
2097,18,client12,client12-79bc8d5846-x56ng,linkerd-proxy,804.402
2098,18,client12,client12-79bc8d5846-x56ng,linkerd-init,0.0
2099,18,client16,client16-6dc7f87f54-k6shp,linkerd-init,0.0
2100,18,client16,client16-6dc7f87f54-k6shp,client16,707.4270000000015
2101,18,client16,client16-6dc7f87f54-k6shp,sidecar,705.8880000000008
2102,18,client16,client16-6dc7f87f54-k6shp,linkerd-proxy,707.1059999999998
2103,18,client2,client2-86cd6d8cf7-86hzl,linkerd-init,0.0
2104,18,client2,client2-86cd6d8cf7-86hzl,sidecar,684.5519999999997
2105,18,client2,client2-86cd6d8cf7-86hzl,linkerd-proxy,685.8299999999999
2106,18,client2,client2-86cd6d8cf7-86hzl,client2,686.0159999999996
2107,18,client3,client3-58c68898cd-sz7tn,sidecar,783.2819999999992
2108,18,client3,client3-58c68898cd-sz7tn,linkerd-init,0.0
2109,18,client3,client3-58c68898cd-sz7tn,client3,785.4569999999985
2110,18,client3,client3-58c68898cd-sz7tn,linkerd-proxy,785.4120000000003
2111,18,client18,client18-69db77c748-kqzbp,sidecar,865.2180000000008
2112,18,client18,client18-69db77c748-kqzbp,linkerd-proxy,866.4750000000004
2113,18,client18,client18-69db77c748-kqzbp,client18,866.6999999999989
2114,18,client18,client18-69db77c748-kqzbp,linkerd-init,0.0
2115,18,client7,client7-544486cc98-4jrnk,linkerd-init,0.0
2116,18,client7,client7-544486cc98-4jrnk,client7,698.2619999999988
2117,18,client7,client7-544486cc98-4jrnk,sidecar,696.9179999999978
2118,18,client7,client7-544486cc98-4jrnk,linkerd-proxy,697.9890000000014
2119,18,client11,client11-565c48c7c7-dz9jx,linkerd-proxy,828.7200000000012
2120,18,client11,client11-565c48c7c7-dz9jx,client11,828.9629999999997
2121,18,client11,client11-565c48c7c7-dz9jx,sidecar,826.9439999999977
2122,18,client11,client11-565c48c7c7-dz9jx,linkerd-init,0.0
2123,18,client19,client19-56fccdb4d9-vsfg2,linkerd-init,0.0
2124,18,client19,client19-56fccdb4d9-vsfg2,client19,993.4109999999982
2125,18,client19,client19-56fccdb4d9-vsfg2,sidecar,991.6769999999997
2126,18,client19,client19-56fccdb4d9-vsfg2,linkerd-proxy,993.3360000000011
2127,18,client1,client1-7b9db886dd-dxzzs,client1,762.0390000000007
2128,18,client1,client1-7b9db886dd-dxzzs,sidecar,646.0169999999998
2129,18,client1,client1-7b9db886dd-dxzzs,linkerd-proxy,758.5530000000017
2130,18,client1,client1-7b9db886dd-dxzzs,linkerd-init,0.0
2131,18,client13,client13-7bf86f4f87-tzjtt,linkerd-proxy,778.1940000000013
2132,18,client13,client13-7bf86f4f87-tzjtt,client13,781.664999999999
2133,18,client13,client13-7bf86f4f87-tzjtt,linkerd-init,0.0
2134,18,client13,client13-7bf86f4f87-tzjtt,sidecar,707.991
2135,18,client20,client20-65f8864f77-jm2bl,client20,866.4120000000003
2136,18,client20,client20-65f8864f77-jm2bl,sidecar,864.5730000000003
2137,18,client20,client20-65f8864f77-jm2bl,linkerd-proxy,866.2109999999993
2138,18,server,server-656f98b57f-hpwpf,sidecar,454.7549999999992
2139,18,server,server-656f98b57f-hpwpf,server,550.6260000000002
2140,18,api-gateway,api-gateway-6bf76d45b7-fhf7v,api-gateway,357.6270000000004
2141,18,orchestrator,policy-enforcer-cb8dccbd8-wwdzd,policy-enforcer,189.75900000000092
2142,18,orchestrator,policy-enforcer-cb8dccbd8-wwdzd,sidecar,304.08600000000024
2143,18,api-gateway,api-gateway-6bf76d45b7-fhf7v,sidecar,320.9939999999997
2144,18,orchestrator,orchestrator-555f7b7c9d-bhmxv,orchestrator,259.1220000000003
2145,18,orchestrator,orchestrator-555f7b7c9d-bhmxv,sidecar,343.299
2146,18,client15,client15-79c969ddf-tjlgp,client15,768.1710000000003
2147,18,client15,client15-79c969ddf-tjlgp,sidecar,766.8420000000006
2148,18,client17,maurits-dijk-5bcea8d7client171-mfvr7,hfl-train,705.4350000000013
2149,18,client17,maurits-dijk-5bcea8d7client171-mfvr7,sidecar,628.3320000000003
2150,18,client17,maurits-dijk-5bcea8d7client171-mfvr7,hfl-train-model,628.9170000000013
2151,18,client9,maurits-dijk-5bcea8d7client91-8vl9p,sidecar,515.8379999999979
2152,18,client9,maurits-dijk-5bcea8d7client91-8vl9p,hfl-train,715.9830000000002
2153,18,client9,maurits-dijk-5bcea8d7client91-8vl9p,hfl-train-model,631.8389999999999
2154,18,client5,maurits-dijk-5bcea8d7client51-t6xrg,sidecar,469.54799999999886
2155,18,client5,maurits-dijk-5bcea8d7client51-t6xrg,hfl-train,694.2840000000015
2156,18,client5,maurits-dijk-5bcea8d7client51-t6xrg,hfl-train-model,605.5320000000029
2157,18,client1,maurits-dijk-5bcea8d7client11-4c94x,hfl-train,839.5739999999987
2158,18,client1,maurits-dijk-5bcea8d7client11-4c94x,hfl-train-model,751.7219999999998
2159,18,client1,maurits-dijk-5bcea8d7client11-4c94x,sidecar,632.3160000000007
2160,18,client13,maurits-dijk-5bcea8d7client131-xq5c7,hfl-train-model,774.759
2161,18,client13,maurits-dijk-5bcea8d7client131-xq5c7,sidecar,765.0839999999989
2162,18,client13,maurits-dijk-5bcea8d7client131-xq5c7,hfl-train,884.460000000001
2163,18,server,maurits-dijk-5bcea8d7server1-fqf7q,hfl-train,531.8490000000002
2164,18,server,maurits-dijk-5bcea8d7server1-fqf7q,sidecar,399.5640000000003
2165,18,server,maurits-dijk-5bcea8d7server1-fqf7q,hfl-train-model,809.8559999999998
2166,19,client20,client20-65f8864f77-jm2bl,linkerd-init,0.0
2167,19,server,server-656f98b57f-hpwpf,linkerd-proxy,455.8649999999998
2168,19,server,server-656f98b57f-hpwpf,linkerd-init,0.0
2169,19,client8,client8-5845965f99-llhcc,linkerd-init,0.0
2170,19,client8,client8-5845965f99-llhcc,sidecar,687.7440000000006
2171,19,client8,client8-5845965f99-llhcc,linkerd-proxy,688.8630000000012
2172,19,client8,client8-5845965f99-llhcc,client8,689.2109999999993
2173,19,client14,client14-856b5b5576-qsgds,linkerd-init,0.0
2174,19,client14,client14-856b5b5576-qsgds,linkerd-proxy,843.8099999999995
2175,19,client14,client14-856b5b5576-qsgds,client14,844.0889999999981
2176,19,client14,client14-856b5b5576-qsgds,sidecar,842.2619999999988
2177,19,client10,client10-694b6b97b4-sq4tv,linkerd-proxy,889.1579999999994
2178,19,client10,client10-694b6b97b4-sq4tv,client10,888.9630000000016
2179,19,client10,client10-694b6b97b4-sq4tv,sidecar,663.4139999999989
2180,19,client10,client10-694b6b97b4-sq4tv,linkerd-init,0.0
2181,19,orchestrator,orchestrator-555f7b7c9d-bhmxv,linkerd-init,0.0
2182,19,api-gateway,api-gateway-6bf76d45b7-fhf7v,linkerd-init,0.0
2183,19,orchestrator,orchestrator-555f7b7c9d-bhmxv,linkerd-proxy,417.77099999999973
2184,19,orchestrator,policy-enforcer-cb8dccbd8-wwdzd,linkerd-proxy,417.7529999999997
2185,19,orchestrator,policy-enforcer-cb8dccbd8-wwdzd,linkerd-init,0.0
2186,19,api-gateway,api-gateway-6bf76d45b7-fhf7v,linkerd-proxy,436.2510000000011
2187,19,client6,client6-785d875985-99knx,sidecar,924.8880000000008
2188,19,client6,client6-785d875985-99knx,client6,927.2009999999991
2189,19,client6,client6-785d875985-99knx,linkerd-init,0.0
2190,19,client6,client6-785d875985-99knx,linkerd-proxy,927.1829999999991
2191,19,client4,client4-744474fb99-mflh4,sidecar,837.7799999999988
2192,19,client4,client4-744474fb99-mflh4,linkerd-init,0.0
2193,19,client4,client4-744474fb99-mflh4,linkerd-proxy,840.0959999999995
2194,19,client4,client4-744474fb99-mflh4,client4,840.1709999999985
2195,19,client17,client17-69b85b5ccf-g8cvx,client17,798.6180000000004
2196,19,client17,client17-69b85b5ccf-g8cvx,sidecar,730.2389999999996
2197,19,client17,client17-69b85b5ccf-g8cvx,linkerd-proxy,795.6000000000004
2198,19,client17,client17-69b85b5ccf-g8cvx,linkerd-init,0.0
2199,19,client15,client15-79c969ddf-tjlgp,linkerd-proxy,924.1440000000002
2200,19,client15,client15-79c969ddf-tjlgp,linkerd-init,0.0
2201,19,client9,client9-d68fb99b4-2pwjc,linkerd-init,0.0
2202,19,client9,client9-d68fb99b4-2pwjc,sidecar,801.4049999999988
2203,19,client9,client9-d68fb99b4-2pwjc,client9,924.1470000000008
2204,19,client9,client9-d68fb99b4-2pwjc,linkerd-proxy,923.7389999999996
2205,19,client5,client5-7d5ff7f8b4-s6pkm,linkerd-proxy,776.0040000000008
2206,19,client5,client5-7d5ff7f8b4-s6pkm,linkerd-init,0.0
2207,19,client5,client5-7d5ff7f8b4-s6pkm,sidecar,706.8119999999999
2208,19,client5,client5-7d5ff7f8b4-s6pkm,client5,778.9530000000013
2209,19,client12,client12-79bc8d5846-x56ng,client12,962.780999999999
2210,19,client12,client12-79bc8d5846-x56ng,sidecar,814.1640000000007
2211,19,client12,client12-79bc8d5846-x56ng,linkerd-proxy,962.8559999999998
2212,19,client12,client12-79bc8d5846-x56ng,linkerd-init,0.0
2213,19,client16,client16-6dc7f87f54-k6shp,linkerd-init,0.0
2214,19,client16,client16-6dc7f87f54-k6shp,client16,914.726999999999
2215,19,client16,client16-6dc7f87f54-k6shp,sidecar,912.8130000000001
2216,19,client16,client16-6dc7f87f54-k6shp,linkerd-proxy,914.5439999999999
2217,19,client2,client2-86cd6d8cf7-86hzl,linkerd-init,0.0
2218,19,client2,client2-86cd6d8cf7-86hzl,sidecar,711.3209999999999
2219,19,client2,client2-86cd6d8cf7-86hzl,linkerd-proxy,712.6770000000015
2220,19,client2,client2-86cd6d8cf7-86hzl,client2,712.773000000001
2221,19,client3,client3-58c68898cd-sz7tn,sidecar,684.7440000000006
2222,19,client3,client3-58c68898cd-sz7tn,linkerd-init,0.0
2223,19,client3,client3-58c68898cd-sz7tn,client3,686.8380000000016
2224,19,client3,client3-58c68898cd-sz7tn,linkerd-proxy,686.9879999999994
2225,19,client18,client18-69db77c748-kqzbp,sidecar,724.280999999999
2226,19,client18,client18-69db77c748-kqzbp,linkerd-proxy,725.6670000000013
2227,19,client18,client18-69db77c748-kqzbp,client18,725.7779999999984
2228,19,client18,client18-69db77c748-kqzbp,linkerd-init,0.0
2229,19,client7,client7-544486cc98-4jrnk,linkerd-init,0.0
2230,19,client7,client7-544486cc98-4jrnk,client7,703.7130000000016
2231,19,client7,client7-544486cc98-4jrnk,sidecar,702.4560000000001
2232,19,client7,client7-544486cc98-4jrnk,linkerd-proxy,703.5990000000002
2233,19,client11,client11-565c48c7c7-dz9jx,linkerd-proxy,738.4079999999994
2234,19,client11,client11-565c48c7c7-dz9jx,client11,738.5879999999997
2235,19,client11,client11-565c48c7c7-dz9jx,sidecar,736.9110000000001
2236,19,client11,client11-565c48c7c7-dz9jx,linkerd-init,0.0
2237,19,client19,client19-56fccdb4d9-vsfg2,linkerd-init,0.0
2238,19,client19,client19-56fccdb4d9-vsfg2,client19,709.902
2239,19,client19,client19-56fccdb4d9-vsfg2,sidecar,708.4380000000001
2240,19,client19,client19-56fccdb4d9-vsfg2,linkerd-proxy,709.7339999999986
2241,19,client1,client1-7b9db886dd-dxzzs,client1,678.1769999999997
2242,19,client1,client1-7b9db886dd-dxzzs,sidecar,592.664999999999
2243,19,client1,client1-7b9db886dd-dxzzs,linkerd-proxy,678.5369999999984
2244,19,client1,client1-7b9db886dd-dxzzs,linkerd-init,0.0
2245,19,client13,client13-7bf86f4f87-tzjtt,linkerd-proxy,635.9339999999975
2246,19,client13,client13-7bf86f4f87-tzjtt,client13,640.1640000000007
2247,19,client13,client13-7bf86f4f87-tzjtt,linkerd-init,0.0
2248,19,client13,client13-7bf86f4f87-tzjtt,sidecar,547.9410000000007
2249,19,client20,client20-65f8864f77-jm2bl,client20,755.7600000000002
2250,19,client20,client20-65f8864f77-jm2bl,sidecar,754.2330000000002
2251,19,client20,client20-65f8864f77-jm2bl,linkerd-proxy,755.6040000000012
2252,19,server,server-656f98b57f-hpwpf,sidecar,367.3470000000016
2253,19,server,server-656f98b57f-hpwpf,server,470.66099999999824
2254,19,api-gateway,api-gateway-6bf76d45b7-fhf7v,api-gateway,441.7679999999991
2255,19,orchestrator,policy-enforcer-cb8dccbd8-wwdzd,policy-enforcer,299.21699999999964
2256,19,orchestrator,policy-enforcer-cb8dccbd8-wwdzd,sidecar,409.78499999999985
2257,19,api-gateway,api-gateway-6bf76d45b7-fhf7v,sidecar,411.174
2258,19,orchestrator,orchestrator-555f7b7c9d-bhmxv,orchestrator,228.01199999999972
2259,19,orchestrator,orchestrator-555f7b7c9d-bhmxv,sidecar,389.41200000000026
2260,19,client15,client15-79c969ddf-tjlgp,client15,924.3330000000005
2261,19,client15,client15-79c969ddf-tjlgp,sidecar,922.7009999999991
2262,19,client17,maurits-dijk-5bcea8d7client171-mfvr7,hfl-train,880.3169999999991
2263,19,client17,maurits-dijk-5bcea8d7client171-mfvr7,sidecar,721.8870000000006
2264,19,client17,maurits-dijk-5bcea8d7client171-mfvr7,hfl-train-model,792.3149999999987
2265,19,client9,maurits-dijk-5bcea8d7client91-8vl9p,sidecar,725.1870000000017
2266,19,client9,maurits-dijk-5bcea8d7client91-8vl9p,hfl-train,1004.2709999999988
2267,19,client9,maurits-dijk-5bcea8d7client91-8vl9p,hfl-train-model,917.3640000000014
2268,19,client5,maurits-dijk-5bcea8d7client51-t6xrg,sidecar,512.2830000000013
2269,19,client5,maurits-dijk-5bcea8d7client51-t6xrg,hfl-train,856.4489999999987
2270,19,client5,maurits-dijk-5bcea8d7client51-t6xrg,hfl-train-model,773.4089999999997
2271,19,client1,maurits-dijk-5bcea8d7client11-4c94x,hfl-train,760.4850000000006
2272,19,client1,maurits-dijk-5bcea8d7client11-4c94x,hfl-train-model,672.027
2273,19,client1,maurits-dijk-5bcea8d7client11-4c94x,sidecar,537.7919999999995
2274,19,client13,maurits-dijk-5bcea8d7client131-xq5c7,hfl-train-model,632.9639999999999
2275,19,client13,maurits-dijk-5bcea8d7client131-xq5c7,sidecar,582.8700000000008
2276,19,client13,maurits-dijk-5bcea8d7client131-xq5c7,hfl-train,753.1349999999984
2277,19,server,maurits-dijk-5bcea8d7server1-fqf7q,hfl-train,450.1260000000002
2278,19,server,maurits-dijk-5bcea8d7server1-fqf7q,sidecar,364.3890000000001
2279,19,server,maurits-dijk-5bcea8d7server1-fqf7q,hfl-train-model,797.4869999999992
2280,20,client20,client20-65f8864f77-jm2bl,linkerd-init,0.0
2281,20,server,server-656f98b57f-hpwpf,linkerd-proxy,576.1050000000014
2282,20,server,server-656f98b57f-hpwpf,linkerd-init,0.0
2283,20,client8,client8-5845965f99-llhcc,linkerd-init,0.0
2284,20,client8,client8-5845965f99-llhcc,sidecar,680.259
2285,20,client8,client8-5845965f99-llhcc,linkerd-proxy,681.3509999999987
2286,20,client8,client8-5845965f99-llhcc,client8,681.6810000000005
2287,20,client14,client14-856b5b5576-qsgds,linkerd-init,0.0
2288,20,client14,client14-856b5b5576-qsgds,linkerd-proxy,711.2010000000009
2289,20,client14,client14-856b5b5576-qsgds,client14,711.3810000000012
2290,20,client14,client14-856b5b5576-qsgds,sidecar,709.6530000000002
2291,20,client10,client10-694b6b97b4-sq4tv,linkerd-proxy,763.1730000000025
2292,20,client10,client10-694b6b97b4-sq4tv,client10,763.2540000000008
2293,20,client10,client10-694b6b97b4-sq4tv,sidecar,671.6640000000007
2294,20,client10,client10-694b6b97b4-sq4tv,linkerd-init,0.0
2295,20,orchestrator,orchestrator-555f7b7c9d-bhmxv,linkerd-init,0.0
2296,20,api-gateway,api-gateway-6bf76d45b7-fhf7v,linkerd-init,0.0
2297,20,orchestrator,orchestrator-555f7b7c9d-bhmxv,linkerd-proxy,334.6260000000002
2298,20,orchestrator,policy-enforcer-cb8dccbd8-wwdzd,linkerd-proxy,334.6319999999996
2299,20,orchestrator,policy-enforcer-cb8dccbd8-wwdzd,linkerd-init,0.0
2300,20,api-gateway,api-gateway-6bf76d45b7-fhf7v,linkerd-proxy,352.96799999999985
2301,20,client6,client6-785d875985-99knx,sidecar,668.1029999999992
2302,20,client6,client6-785d875985-99knx,client6,670.2030000000013
2303,20,client6,client6-785d875985-99knx,linkerd-init,0.0
2304,20,client6,client6-785d875985-99knx,linkerd-proxy,670.023000000001
2305,20,client4,client4-744474fb99-mflh4,sidecar,688.023000000001
2306,20,client4,client4-744474fb99-mflh4,linkerd-init,0.0
2307,20,client4,client4-744474fb99-mflh4,linkerd-proxy,690.0450000000001
2308,20,client4,client4-744474fb99-mflh4,client4,690.0150000000012
2309,20,client17,client17-69b85b5ccf-g8cvx,client17,666.2279999999992
2310,20,client17,client17-69b85b5ccf-g8cvx,sidecar,598.3080000000009
2311,20,client17,client17-69b85b5ccf-g8cvx,linkerd-proxy,662.2589999999982
2312,20,client17,client17-69b85b5ccf-g8cvx,linkerd-init,0.0
2313,20,client15,client15-79c969ddf-tjlgp,linkerd-proxy,763.0529999999999
2314,20,client15,client15-79c969ddf-tjlgp,linkerd-init,0.0
2315,20,client9,client9-d68fb99b4-2pwjc,linkerd-init,0.0
2316,20,client9,client9-d68fb99b4-2pwjc,sidecar,515.2080000000005
2317,20,client9,client9-d68fb99b4-2pwjc,client9,646.0830000000005
2318,20,client9,client9-d68fb99b4-2pwjc,linkerd-proxy,643.527
2319,20,client5,client5-7d5ff7f8b4-s6pkm,linkerd-proxy,647.021999999999
2320,20,client5,client5-7d5ff7f8b4-s6pkm,linkerd-init,0.0
2321,20,client5,client5-7d5ff7f8b4-s6pkm,sidecar,574.2210000000014
2322,20,client5,client5-7d5ff7f8b4-s6pkm,client5,651.4649999999983
2323,20,client12,client12-79bc8d5846-x56ng,client12,774.4469999999965
2324,20,client12,client12-79bc8d5846-x56ng,sidecar,617.5199999999986
2325,20,client12,client12-79bc8d5846-x56ng,linkerd-proxy,774.4919999999984
2326,20,client12,client12-79bc8d5846-x56ng,linkerd-init,0.0
2327,20,client16,client16-6dc7f87f54-k6shp,linkerd-init,0.0
2328,20,client16,client16-6dc7f87f54-k6shp,client16,710.1180000000004
2329,20,client16,client16-6dc7f87f54-k6shp,sidecar,708.6059999999998
2330,20,client16,client16-6dc7f87f54-k6shp,linkerd-proxy,709.9740000000002
2331,20,client2,client2-86cd6d8cf7-86hzl,linkerd-init,0.0
2332,20,client2,client2-86cd6d8cf7-86hzl,sidecar,910.9529999999995
2333,20,client2,client2-86cd6d8cf7-86hzl,linkerd-proxy,912.6270000000004
2334,20,client2,client2-86cd6d8cf7-86hzl,client2,912.7349999999988
2335,20,client3,client3-58c68898cd-sz7tn,sidecar,862.8690000000006
2336,20,client3,client3-58c68898cd-sz7tn,linkerd-init,0.0
2337,20,client3,client3-58c68898cd-sz7tn,client3,865.4549999999981
2338,20,client3,client3-58c68898cd-sz7tn,linkerd-proxy,865.5750000000025
2339,20,client18,client18-69db77c748-kqzbp,sidecar,858.3629999999994
2340,20,client18,client18-69db77c748-kqzbp,linkerd-proxy,859.9920000000002
2341,20,client18,client18-69db77c748-kqzbp,client18,860.2020000000011
2342,20,client18,client18-69db77c748-kqzbp,linkerd-init,0.0
2343,20,client7,client7-544486cc98-4jrnk,linkerd-init,0.0
2344,20,client7,client7-544486cc98-4jrnk,client7,950.3490000000002
2345,20,client7,client7-544486cc98-4jrnk,sidecar,948.585000000001
2346,20,client7,client7-544486cc98-4jrnk,linkerd-proxy,949.9529999999995
2347,20,client11,client11-565c48c7c7-dz9jx,linkerd-proxy,868.2030000000013
2348,20,client11,client11-565c48c7c7-dz9jx,client11,868.4430000000011
2349,20,client11,client11-565c48c7c7-dz9jx,sidecar,866.4540000000015
2350,20,client11,client11-565c48c7c7-dz9jx,linkerd-init,0.0
2351,20,client19,client19-56fccdb4d9-vsfg2,linkerd-init,0.0
2352,20,client19,client19-56fccdb4d9-vsfg2,client19,805.0410000000011
2353,20,client19,client19-56fccdb4d9-vsfg2,sidecar,803.1989999999987
2354,20,client19,client19-56fccdb4d9-vsfg2,linkerd-proxy,804.9060000000009
2355,20,client1,client1-7b9db886dd-dxzzs,client1,746.3670000000002
2356,20,client1,client1-7b9db886dd-dxzzs,sidecar,643.9079999999994
2357,20,client1,client1-7b9db886dd-dxzzs,linkerd-proxy,744.5040000000008
2358,20,client1,client1-7b9db886dd-dxzzs,linkerd-init,0.0
2359,20,client13,client13-7bf86f4f87-tzjtt,linkerd-proxy,790.3980000000029
2360,20,client13,client13-7bf86f4f87-tzjtt,client13,794.6579999999994
2361,20,client13,client13-7bf86f4f87-tzjtt,linkerd-init,0.0
2362,20,client13,client13-7bf86f4f87-tzjtt,sidecar,746.6339999999982
2363,20,client20,client20-65f8864f77-jm2bl,client20,812.1090000000022
2364,20,client20,client20-65f8864f77-jm2bl,sidecar,810.3149999999987
2365,20,client20,client20-65f8864f77-jm2bl,linkerd-proxy,811.8959999999988
2366,20,server,server-656f98b57f-hpwpf,sidecar,480.78299999999945
2367,20,server,server-656f98b57f-hpwpf,server,591.6780000000017
2368,20,api-gateway,api-gateway-6bf76d45b7-fhf7v,api-gateway,356.2440000000015
2369,20,orchestrator,policy-enforcer-cb8dccbd8-wwdzd,policy-enforcer,183.98399999999947
2370,20,orchestrator,policy-enforcer-cb8dccbd8-wwdzd,sidecar,304.9470000000001
2371,20,api-gateway,api-gateway-6bf76d45b7-fhf7v,sidecar,306.6210000000001
2372,20,orchestrator,orchestrator-555f7b7c9d-bhmxv,orchestrator,259.3200000000006
2373,20,orchestrator,orchestrator-555f7b7c9d-bhmxv,sidecar,333.85199999999986
2374,20,client15,client15-79c969ddf-tjlgp,client15,763.235999999999
2375,20,client15,client15-79c969ddf-tjlgp,sidecar,761.7839999999978
2376,20,client17,maurits-dijk-5bcea8d7client171-mfvr7,hfl-train,732.1860000000015
2377,20,client17,maurits-dijk-5bcea8d7client171-mfvr7,sidecar,622.5930000000008
2378,20,client17,maurits-dijk-5bcea8d7client171-mfvr7,hfl-train-model,658.9380000000019
2379,20,client9,maurits-dijk-5bcea8d7client91-8vl9p,sidecar,537.5339999999997
2380,20,client9,maurits-dijk-5bcea8d7client91-8vl9p,hfl-train,725.378999999999
2381,20,client9,maurits-dijk-5bcea8d7client91-8vl9p,hfl-train-model,638.360999999999
2382,20,client5,maurits-dijk-5bcea8d7client51-t6xrg,sidecar,461.35799999999836
2383,20,client5,maurits-dijk-5bcea8d7client51-t6xrg,hfl-train,719.4660000000003
2384,20,client5,maurits-dijk-5bcea8d7client51-t6xrg,hfl-train-model,644.4899999999998
2385,20,client1,maurits-dijk-5bcea8d7client11-4c94x,hfl-train,822.6239999999998
2386,20,client1,maurits-dijk-5bcea8d7client11-4c94x,hfl-train-model,738.7259999999987
2387,20,client1,maurits-dijk-5bcea8d7client11-4c94x,sidecar,575.652
2388,20,client13,maurits-dijk-5bcea8d7client131-xq5c7,hfl-train-model,787.262999999999
2389,20,client13,maurits-dijk-5bcea8d7client131-xq5c7,sidecar,717.3330000000005
2390,20,client13,maurits-dijk-5bcea8d7client131-xq5c7,hfl-train,897.6810000000005
2391,20,server,maurits-dijk-5bcea8d7server1-fqf7q,hfl-train,572.6879999999983
2392,20,server,maurits-dijk-5bcea8d7server1-fqf7q,sidecar,467.48099999999977
2393,20,server,maurits-dijk-5bcea8d7server1-fqf7q,hfl-train-model,849.3149999999987
2394,21,client20,client20-65f8864f77-jm2bl,linkerd-init,0.0
2395,21,server,server-656f98b57f-hpwpf,linkerd-proxy,448.0619999999999
2396,21,server,server-656f98b57f-hpwpf,linkerd-init,0.0
2397,21,client8,client8-5845965f99-llhcc,linkerd-init,0.0
2398,21,client8,client8-5845965f99-llhcc,sidecar,880.8269999999993
2399,21,client8,client8-5845965f99-llhcc,linkerd-proxy,882.1619999999984
2400,21,client8,client8-5845965f99-llhcc,client8,882.6179999999986
2401,21,client14,client14-856b5b5576-qsgds,linkerd-init,0.0
2402,21,client14,client14-856b5b5576-qsgds,linkerd-proxy,801.3150000000005
2403,21,client14,client14-856b5b5576-qsgds,client14,801.3299999999999
2404,21,client14,client14-856b5b5576-qsgds,sidecar,799.5450000000037
2405,21,client10,client10-694b6b97b4-sq4tv,linkerd-proxy,826.8869999999988
2406,21,client10,client10-694b6b97b4-sq4tv,client10,826.9350000000013
2407,21,client10,client10-694b6b97b4-sq4tv,sidecar,725.4689999999991
2408,21,client10,client10-694b6b97b4-sq4tv,linkerd-init,0.0
2409,21,orchestrator,orchestrator-555f7b7c9d-bhmxv,linkerd-init,0.0
2410,21,api-gateway,api-gateway-6bf76d45b7-fhf7v,linkerd-init,0.0
2411,21,orchestrator,orchestrator-555f7b7c9d-bhmxv,linkerd-proxy,402.59700000000066
2412,21,orchestrator,policy-enforcer-cb8dccbd8-wwdzd,linkerd-proxy,402.72300000000087
2413,21,orchestrator,policy-enforcer-cb8dccbd8-wwdzd,linkerd-init,0.0
2414,21,api-gateway,api-gateway-6bf76d45b7-fhf7v,linkerd-proxy,422.11199999999917
2415,21,client6,client6-785d875985-99knx,sidecar,889.9500000000007
2416,21,client6,client6-785d875985-99knx,client6,892.1100000000006
2417,21,client6,client6-785d875985-99knx,linkerd-init,0.0
2418,21,client6,client6-785d875985-99knx,linkerd-proxy,891.8250000000007
2419,21,client4,client4-744474fb99-mflh4,sidecar,837.2069999999985
2420,21,client4,client4-744474fb99-mflh4,linkerd-init,0.0
2421,21,client4,client4-744474fb99-mflh4,linkerd-proxy,839.5440000000017
2422,21,client4,client4-744474fb99-mflh4,client4,839.8319999999967
2423,21,client17,client17-69b85b5ccf-g8cvx,client17,763.9140000000007
2424,21,client17,client17-69b85b5ccf-g8cvx,sidecar,703.7459999999992
2425,21,client17,client17-69b85b5ccf-g8cvx,linkerd-proxy,760.4610000000011
2426,21,client17,client17-69b85b5ccf-g8cvx,linkerd-init,0.0
2427,21,client15,client15-79c969ddf-tjlgp,linkerd-proxy,892.5450000000019
2428,21,client15,client15-79c969ddf-tjlgp,linkerd-init,0.0
2429,21,client9,client9-d68fb99b4-2pwjc,linkerd-init,0.0
2430,21,client9,client9-d68fb99b4-2pwjc,sidecar,689.4180000000015
2431,21,client9,client9-d68fb99b4-2pwjc,client9,756.9359999999979
2432,21,client9,client9-d68fb99b4-2pwjc,linkerd-proxy,756.585000000001
2433,21,client5,client5-7d5ff7f8b4-s6pkm,linkerd-proxy,598.8960000000006
2434,21,client5,client5-7d5ff7f8b4-s6pkm,linkerd-init,0.0
2435,21,client5,client5-7d5ff7f8b4-s6pkm,sidecar,597.4409999999989
2436,21,client5,client5-7d5ff7f8b4-s6pkm,client5,603.5640000000021
2437,21,client12,client12-79bc8d5846-x56ng,client12,757.0440000000017
2438,21,client12,client12-79bc8d5846-x56ng,sidecar,670.0200000000004
2439,21,client12,client12-79bc8d5846-x56ng,linkerd-proxy,757.1039999999994
2440,21,client12,client12-79bc8d5846-x56ng,linkerd-init,0.0
2441,21,client16,client16-6dc7f87f54-k6shp,linkerd-init,0.0
2442,21,client16,client16-6dc7f87f54-k6shp,client16,703.9889999999996
2443,21,client16,client16-6dc7f87f54-k6shp,sidecar,702.4049999999988
2444,21,client16,client16-6dc7f87f54-k6shp,linkerd-proxy,703.6829999999973
2445,21,client2,client2-86cd6d8cf7-86hzl,linkerd-init,0.0
2446,21,client2,client2-86cd6d8cf7-86hzl,sidecar,685.9320000000007
2447,21,client2,client2-86cd6d8cf7-86hzl,linkerd-proxy,687.2429999999986
2448,21,client2,client2-86cd6d8cf7-86hzl,client2,687.4560000000001
2449,21,client3,client3-58c68898cd-sz7tn,sidecar,694.143
2450,21,client3,client3-58c68898cd-sz7tn,linkerd-init,0.0
2451,21,client3,client3-58c68898cd-sz7tn,client3,696.2459999999992
2452,21,client3,client3-58c68898cd-sz7tn,linkerd-proxy,696.1859999999979
2453,21,client18,client18-69db77c748-kqzbp,sidecar,695.030999999999
2454,21,client18,client18-69db77c748-kqzbp,linkerd-proxy,696.4619999999959
2455,21,client18,client18-69db77c748-kqzbp,client18,696.612000000001
2456,21,client18,client18-69db77c748-kqzbp,linkerd-init,0.0
2457,21,client7,client7-544486cc98-4jrnk,linkerd-init,0.0
2458,21,client7,client7-544486cc98-4jrnk,client7,754.0350000000017
2459,21,client7,client7-544486cc98-4jrnk,sidecar,752.607
2460,21,client7,client7-544486cc98-4jrnk,linkerd-proxy,753.7950000000001
2461,21,client11,client11-565c48c7c7-dz9jx,linkerd-proxy,716.993999999997
2462,21,client11,client11-565c48c7c7-dz9jx,client11,717.1679999999978
2463,21,client11,client11-565c48c7c7-dz9jx,sidecar,715.5509999999977
2464,21,client11,client11-565c48c7c7-dz9jx,linkerd-init,0.0
2465,21,client19,client19-56fccdb4d9-vsfg2,linkerd-init,0.0
2466,21,client19,client19-56fccdb4d9-vsfg2,client19,704.9639999999999
2467,21,client19,client19-56fccdb4d9-vsfg2,sidecar,703.4849999999988
2468,21,client19,client19-56fccdb4d9-vsfg2,linkerd-proxy,704.8380000000016
2469,21,client1,client1-7b9db886dd-dxzzs,client1,653.2349999999988
2470,21,client1,client1-7b9db886dd-dxzzs,sidecar,624.5010000000002
2471,21,client1,client1-7b9db886dd-dxzzs,linkerd-proxy,650.6010000000006
2472,21,client1,client1-7b9db886dd-dxzzs,linkerd-init,0.0
2473,21,client13,client13-7bf86f4f87-tzjtt,linkerd-proxy,645.9929999999986
2474,21,client13,client13-7bf86f4f87-tzjtt,client13,650.7270000000008
2475,21,client13,client13-7bf86f4f87-tzjtt,linkerd-init,0.0
2476,21,client13,client13-7bf86f4f87-tzjtt,sidecar,578.889000000001
2477,21,client20,client20-65f8864f77-jm2bl,client20,622.8359999999993
2478,21,client20,client20-65f8864f77-jm2bl,sidecar,621.2790000000005
2479,21,client20,client20-65f8864f77-jm2bl,linkerd-proxy,622.7400000000016
2480,21,server,server-656f98b57f-hpwpf,sidecar,363.71099999999933
2481,21,server,server-656f98b57f-hpwpf,server,460.1040000000012
2482,21,api-gateway,api-gateway-6bf76d45b7-fhf7v,api-gateway,435.6810000000005
2483,21,orchestrator,policy-enforcer-cb8dccbd8-wwdzd,policy-enforcer,210.20100000000002
2484,21,orchestrator,policy-enforcer-cb8dccbd8-wwdzd,sidecar,357.89999999999964
2485,21,api-gateway,api-gateway-6bf76d45b7-fhf7v,sidecar,394.9859999999999
2486,21,orchestrator,orchestrator-555f7b7c9d-bhmxv,orchestrator,292.70700000000033
2487,21,orchestrator,orchestrator-555f7b7c9d-bhmxv,sidecar,369.8069999999998
2488,21,client15,client15-79c969ddf-tjlgp,client15,892.7250000000022
2489,21,client15,client15-79c969ddf-tjlgp,sidecar,891.0060000000049
2490,21,client17,maurits-dijk-5bcea8d7client171-mfvr7,hfl-train,833.1419999999998
2491,21,client17,maurits-dijk-5bcea8d7client171-mfvr7,sidecar,700.6619999999984
2492,21,client17,maurits-dijk-5bcea8d7client171-mfvr7,hfl-train-model,757.1730000000007
2493,21,client9,maurits-dijk-5bcea8d7client91-8vl9p,sidecar,631.9589999999989
2494,21,client9,maurits-dijk-5bcea8d7client91-8vl9p,hfl-train,835.992000000002
2495,21,client9,maurits-dijk-5bcea8d7client91-8vl9p,hfl-train-model,750.9030000000002
2496,21,client5,maurits-dijk-5bcea8d7client51-t6xrg,sidecar,515.7480000000014
2497,21,client5,maurits-dijk-5bcea8d7client51-t6xrg,hfl-train,670.956000000002
2498,21,client5,maurits-dijk-5bcea8d7client51-t6xrg,hfl-train-model,596.2080000000005
2499,21,client1,maurits-dijk-5bcea8d7client11-4c94x,hfl-train,729.4619999999995
2500,21,client1,maurits-dijk-5bcea8d7client11-4c94x,hfl-train-model,644.7990000000009
2501,21,client1,maurits-dijk-5bcea8d7client11-4c94x,sidecar,585.4470000000019
2502,21,client13,maurits-dijk-5bcea8d7client131-xq5c7,hfl-train-model,642.9959999999992
2503,21,client13,maurits-dijk-5bcea8d7client131-xq5c7,sidecar,606.3539999999994
2504,21,client13,maurits-dijk-5bcea8d7client131-xq5c7,hfl-train,763.3349999999991
2505,21,server,maurits-dijk-5bcea8d7server1-fqf7q,hfl-train,444.51900000000023
2506,21,server,maurits-dijk-5bcea8d7server1-fqf7q,sidecar,365.5560000000005
2507,21,server,maurits-dijk-5bcea8d7server1-fqf7q,hfl-train-model,808.107
2508,22,client20,client20-65f8864f77-jm2bl,linkerd-init,0.0
2509,22,server,server-656f98b57f-hpwpf,linkerd-proxy,476.04599999999846
2510,22,server,server-656f98b57f-hpwpf,linkerd-init,0.0
2511,22,client8,client8-5845965f99-llhcc,linkerd-init,0.0
2512,22,client8,client8-5845965f99-llhcc,sidecar,738.7440000000006
2513,22,client8,client8-5845965f99-llhcc,linkerd-proxy,739.8750000000036
2514,22,client8,client8-5845965f99-llhcc,client8,740.1330000000016
2515,22,client14,client14-856b5b5576-qsgds,linkerd-init,0.0
2516,22,client14,client14-856b5b5576-qsgds,linkerd-proxy,720.9719999999979
2517,22,client14,client14-856b5b5576-qsgds,client14,721.226999999999
2518,22,client14,client14-856b5b5576-qsgds,sidecar,719.609999999997
2519,22,client10,client10-694b6b97b4-sq4tv,linkerd-proxy,727.7520000000004
2520,22,client10,client10-694b6b97b4-sq4tv,client10,727.7369999999974
2521,22,client10,client10-694b6b97b4-sq4tv,sidecar,658.0350000000017
2522,22,client10,client10-694b6b97b4-sq4tv,linkerd-init,0.0
2523,22,orchestrator,orchestrator-555f7b7c9d-bhmxv,linkerd-init,0.0
2524,22,api-gateway,api-gateway-6bf76d45b7-fhf7v,linkerd-init,0.0
2525,22,orchestrator,orchestrator-555f7b7c9d-bhmxv,linkerd-proxy,355.0110000000004
2526,22,orchestrator,policy-enforcer-cb8dccbd8-wwdzd,linkerd-proxy,355.0139999999992
2527,22,orchestrator,policy-enforcer-cb8dccbd8-wwdzd,linkerd-init,0.0
2528,22,api-gateway,api-gateway-6bf76d45b7-fhf7v,linkerd-proxy,373.33500000000095
2529,22,client6,client6-785d875985-99knx,sidecar,678.5969999999979
2530,22,client6,client6-785d875985-99knx,client6,680.7809999999954
2531,22,client6,client6-785d875985-99knx,linkerd-init,0.0
2532,22,client6,client6-785d875985-99knx,linkerd-proxy,680.6310000000012
2533,22,client4,client4-744474fb99-mflh4,sidecar,652.9680000000008
2534,22,client4,client4-744474fb99-mflh4,linkerd-init,0.0
2535,22,client4,client4-744474fb99-mflh4,linkerd-proxy,655.1189999999988
2536,22,client4,client4-744474fb99-mflh4,client4,655.2270000000026
2537,22,client17,client17-69b85b5ccf-g8cvx,client17,658.098
2538,22,client17,client17-69b85b5ccf-g8cvx,sidecar,581.8889999999992
2539,22,client17,client17-69b85b5ccf-g8cvx,linkerd-proxy,654.4920000000002
2540,22,client17,client17-69b85b5ccf-g8cvx,linkerd-init,0.0
2541,22,client15,client15-79c969ddf-tjlgp,linkerd-proxy,759.8669999999984
2542,22,client15,client15-79c969ddf-tjlgp,linkerd-init,0.0
2543,22,client9,client9-d68fb99b4-2pwjc,linkerd-init,0.0
2544,22,client9,client9-d68fb99b4-2pwjc,sidecar,553.4159999999974
2545,22,client9,client9-d68fb99b4-2pwjc,client9,630.5549999999985
2546,22,client9,client9-d68fb99b4-2pwjc,linkerd-proxy,627.8580000000002
2547,22,client5,client5-7d5ff7f8b4-s6pkm,linkerd-proxy,726.4950000000008
2548,22,client5,client5-7d5ff7f8b4-s6pkm,linkerd-init,0.0
2549,22,client5,client5-7d5ff7f8b4-s6pkm,sidecar,651.5250000000015
2550,22,client5,client5-7d5ff7f8b4-s6pkm,client5,728.891999999998
2551,22,client12,client12-79bc8d5846-x56ng,client12,899.369999999999
2552,22,client12,client12-79bc8d5846-x56ng,sidecar,790.6560000000027
2553,22,client12,client12-79bc8d5846-x56ng,linkerd-proxy,899.3250000000007
2554,22,client12,client12-79bc8d5846-x56ng,linkerd-init,0.0
2555,22,client16,client16-6dc7f87f54-k6shp,linkerd-init,0.0
2556,22,client16,client16-6dc7f87f54-k6shp,client16,854.9099999999999
2557,22,client16,client16-6dc7f87f54-k6shp,sidecar,853.0829999999987
2558,22,client16,client16-6dc7f87f54-k6shp,linkerd-proxy,854.7780000000057
2559,22,client2,client2-86cd6d8cf7-86hzl,linkerd-init,0.0
2560,22,client2,client2-86cd6d8cf7-86hzl,sidecar,795.8999999999978
2561,22,client2,client2-86cd6d8cf7-86hzl,linkerd-proxy,797.405999999999
2562,22,client2,client2-86cd6d8cf7-86hzl,client2,797.6369999999988
2563,22,client3,client3-58c68898cd-sz7tn,sidecar,809.6309999999976
2564,22,client3,client3-58c68898cd-sz7tn,linkerd-init,0.0
2565,22,client3,client3-58c68898cd-sz7tn,client3,812.0910000000003
2566,22,client3,client3-58c68898cd-sz7tn,linkerd-proxy,812.0610000000015
2567,22,client18,client18-69db77c748-kqzbp,sidecar,861.3240000000005
2568,22,client18,client18-69db77c748-kqzbp,linkerd-proxy,862.9650000000038
2569,22,client18,client18-69db77c748-kqzbp,client18,863.1929999999993
2570,22,client18,client18-69db77c748-kqzbp,linkerd-init,0.0
2571,22,client7,client7-544486cc98-4jrnk,linkerd-init,0.0
2572,22,client7,client7-544486cc98-4jrnk,client7,927.8099999999977
2573,22,client7,client7-544486cc98-4jrnk,sidecar,926.1359999999986
2574,22,client7,client7-544486cc98-4jrnk,linkerd-proxy,927.5550000000003
2575,22,client11,client11-565c48c7c7-dz9jx,linkerd-proxy,826.6920000000027
2576,22,client11,client11-565c48c7c7-dz9jx,client11,826.9770000000026
2577,22,client11,client11-565c48c7c7-dz9jx,sidecar,824.9100000000035
2578,22,client11,client11-565c48c7c7-dz9jx,linkerd-init,0.0
2579,22,client19,client19-56fccdb4d9-vsfg2,linkerd-init,0.0
2580,22,client19,client19-56fccdb4d9-vsfg2,client19,838.0829999999987
2581,22,client19,client19-56fccdb4d9-vsfg2,sidecar,836.2860000000001
2582,22,client19,client19-56fccdb4d9-vsfg2,linkerd-proxy,837.9569999999985
2583,22,client1,client1-7b9db886dd-dxzzs,client1,752.4480000000003
2584,22,client1,client1-7b9db886dd-dxzzs,sidecar,696.3510000000006
2585,22,client1,client1-7b9db886dd-dxzzs,linkerd-proxy,752.6369999999988
2586,22,client1,client1-7b9db886dd-dxzzs,linkerd-init,0.0
2587,22,client13,client13-7bf86f4f87-tzjtt,linkerd-proxy,767.5439999999999
2588,22,client13,client13-7bf86f4f87-tzjtt,client13,770.8049999999985
2589,22,client13,client13-7bf86f4f87-tzjtt,linkerd-init,0.0
2590,22,client13,client13-7bf86f4f87-tzjtt,sidecar,694.5720000000019
2591,22,client20,client20-65f8864f77-jm2bl,client20,825.3809999999976
2592,22,client20,client20-65f8864f77-jm2bl,sidecar,823.8690000000006
2593,22,client20,client20-65f8864f77-jm2bl,linkerd-proxy,825.1469999999972
2594,22,server,server-656f98b57f-hpwpf,sidecar,462.0570000000007
2595,22,server,server-656f98b57f-hpwpf,server,491.4689999999973
2596,22,api-gateway,api-gateway-6bf76d45b7-fhf7v,api-gateway,371.34900000000016
2597,22,orchestrator,policy-enforcer-cb8dccbd8-wwdzd,policy-enforcer,270.9180000000006
2598,22,orchestrator,policy-enforcer-cb8dccbd8-wwdzd,sidecar,354.3000000000002
2599,22,api-gateway,api-gateway-6bf76d45b7-fhf7v,sidecar,326.35499999999956
2600,22,orchestrator,orchestrator-555f7b7c9d-bhmxv,orchestrator,207.8189999999986
2601,22,orchestrator,orchestrator-555f7b7c9d-bhmxv,sidecar,325.4190000000008
2602,22,client15,client15-79c969ddf-tjlgp,client15,760.0829999999987
2603,22,client15,client15-79c969ddf-tjlgp,sidecar,758.6159999999982
2604,22,client17,maurits-dijk-5bcea8d7client171-mfvr7,hfl-train,735.1409999999996
2605,22,client17,maurits-dijk-5bcea8d7client171-mfvr7,sidecar,555.4110000000001
2606,22,client17,maurits-dijk-5bcea8d7client171-mfvr7,hfl-train-model,651.5669999999991
2607,22,client9,maurits-dijk-5bcea8d7client91-8vl9p,sidecar,540.4080000000013
2608,22,client9,maurits-dijk-5bcea8d7client91-8vl9p,hfl-train,715.9860000000008
2609,22,client9,maurits-dijk-5bcea8d7client91-8vl9p,hfl-train-model,622.773000000001
2610,22,client5,maurits-dijk-5bcea8d7client51-t6xrg,sidecar,585.9179999999997
2611,22,client5,maurits-dijk-5bcea8d7client51-t6xrg,hfl-train,802.6169999999984
2612,22,client5,maurits-dijk-5bcea8d7client51-t6xrg,hfl-train-model,723.8039999999983
2613,22,client1,maurits-dijk-5bcea8d7client11-4c94x,hfl-train,830.543999999998
2614,22,client1,maurits-dijk-5bcea8d7client11-4c94x,hfl-train-model,747.1350000000002
2615,22,client1,maurits-dijk-5bcea8d7client11-4c94x,sidecar,646.601999999999
2616,22,client13,maurits-dijk-5bcea8d7client131-xq5c7,hfl-train-model,764.2470000000012
2617,22,client13,maurits-dijk-5bcea8d7client131-xq5c7,sidecar,662.8079999999991
2618,22,client13,maurits-dijk-5bcea8d7client131-xq5c7,hfl-train,874.9380000000019
2619,22,server,maurits-dijk-5bcea8d7server1-fqf7q,hfl-train,472.7520000000004
2620,22,server,maurits-dijk-5bcea8d7server1-fqf7q,sidecar,433.20600000000013
2621,22,server,maurits-dijk-5bcea8d7server1-fqf7q,hfl-train-model,796.992000000002
2622,23,client20,client20-65f8864f77-jm2bl,linkerd-init,0.0
2623,23,server,server-656f98b57f-hpwpf,linkerd-proxy,518.3400000000001
2624,23,server,server-656f98b57f-hpwpf,linkerd-init,0.0
2625,23,client8,client8-5845965f99-llhcc,linkerd-init,0.0
2626,23,client8,client8-5845965f99-llhcc,sidecar,789.9540000000015
2627,23,client8,client8-5845965f99-llhcc,linkerd-proxy,791.1779999999962
2628,23,client8,client8-5845965f99-llhcc,client8,791.5679999999993
2629,23,client14,client14-856b5b5576-qsgds,linkerd-init,0.0
2630,23,client14,client14-856b5b5576-qsgds,linkerd-proxy,798.5790000000015
2631,23,client14,client14-856b5b5576-qsgds,client14,798.8790000000008
2632,23,client14,client14-856b5b5576-qsgds,sidecar,796.9890000000014
2633,23,client10,client10-694b6b97b4-sq4tv,linkerd-proxy,866.627999999997
2634,23,client10,client10-694b6b97b4-sq4tv,client10,866.6580000000031
2635,23,client10,client10-694b6b97b4-sq4tv,sidecar,756.422999999997
2636,23,client10,client10-694b6b97b4-sq4tv,linkerd-init,0.0
2637,23,orchestrator,orchestrator-555f7b7c9d-bhmxv,linkerd-init,0.0
2638,23,api-gateway,api-gateway-6bf76d45b7-fhf7v,linkerd-init,0.0
2639,23,orchestrator,orchestrator-555f7b7c9d-bhmxv,linkerd-proxy,410.7479999999996
2640,23,orchestrator,policy-enforcer-cb8dccbd8-wwdzd,linkerd-proxy,410.7029999999995
2641,23,orchestrator,policy-enforcer-cb8dccbd8-wwdzd,linkerd-init,0.0
2642,23,api-gateway,api-gateway-6bf76d45b7-fhf7v,linkerd-proxy,429.5789999999997
2643,23,client6,client6-785d875985-99knx,sidecar,695.7089999999989
2644,23,client6,client6-785d875985-99knx,client6,697.8060000000005
2645,23,client6,client6-785d875985-99knx,linkerd-init,0.0
2646,23,client6,client6-785d875985-99knx,linkerd-proxy,697.4909999999982
2647,23,client4,client4-744474fb99-mflh4,sidecar,638.1630000000005
2648,23,client4,client4-744474fb99-mflh4,linkerd-init,0.0
2649,23,client4,client4-744474fb99-mflh4,linkerd-proxy,640.2180000000008
2650,23,client4,client4-744474fb99-mflh4,client4,640.3079999999973
2651,23,client17,client17-69b85b5ccf-g8cvx,client17,664.6079999999984
2652,23,client17,client17-69b85b5ccf-g8cvx,sidecar,605.2050000000017
2653,23,client17,client17-69b85b5ccf-g8cvx,linkerd-proxy,660.6330000000016
2654,23,client17,client17-69b85b5ccf-g8cvx,linkerd-init,0.0
2655,23,client15,client15-79c969ddf-tjlgp,linkerd-proxy,714.0629999999983
2656,23,client15,client15-79c969ddf-tjlgp,linkerd-init,0.0
2657,23,client9,client9-d68fb99b4-2pwjc,linkerd-init,0.0
2658,23,client9,client9-d68fb99b4-2pwjc,sidecar,506.1840000000011
2659,23,client9,client9-d68fb99b4-2pwjc,client9,608.3280000000013
2660,23,client9,client9-d68fb99b4-2pwjc,linkerd-proxy,606.3060000000005
2661,23,client5,client5-7d5ff7f8b4-s6pkm,linkerd-proxy,596.2469999999994
2662,23,client5,client5-7d5ff7f8b4-s6pkm,linkerd-init,0.0
2663,23,client5,client5-7d5ff7f8b4-s6pkm,sidecar,546.8099999999995
2664,23,client5,client5-7d5ff7f8b4-s6pkm,client5,599.4840000000004
2665,23,client12,client12-79bc8d5846-x56ng,client12,763.4430000000029
2666,23,client12,client12-79bc8d5846-x56ng,sidecar,708.4079999999994
2667,23,client12,client12-79bc8d5846-x56ng,linkerd-proxy,763.6830000000045
2668,23,client12,client12-79bc8d5846-x56ng,linkerd-init,0.0
2669,23,client16,client16-6dc7f87f54-k6shp,linkerd-init,0.0
2670,23,client16,client16-6dc7f87f54-k6shp,client16,649.3680000000022
2671,23,client16,client16-6dc7f87f54-k6shp,sidecar,648.0210000000043
2672,23,client16,client16-6dc7f87f54-k6shp,linkerd-proxy,649.2329999999965
2673,23,client2,client2-86cd6d8cf7-86hzl,linkerd-init,0.0
2674,23,client2,client2-86cd6d8cf7-86hzl,sidecar,692.2740000000013
2675,23,client2,client2-86cd6d8cf7-86hzl,linkerd-proxy,693.5700000000033
2676,23,client2,client2-86cd6d8cf7-86hzl,client2,693.6209999999992
2677,23,client3,client3-58c68898cd-sz7tn,sidecar,728.4779999999992
2678,23,client3,client3-58c68898cd-sz7tn,linkerd-init,0.0
2679,23,client3,client3-58c68898cd-sz7tn,client3,730.4459999999999
2680,23,client3,client3-58c68898cd-sz7tn,linkerd-proxy,730.5509999999995
2681,23,client18,client18-69db77c748-kqzbp,sidecar,697.1160000000018
2682,23,client18,client18-69db77c748-kqzbp,linkerd-proxy,698.4719999999979
2683,23,client18,client18-69db77c748-kqzbp,client18,698.5799999999981
2684,23,client18,client18-69db77c748-kqzbp,linkerd-init,0.0
2685,23,client7,client7-544486cc98-4jrnk,linkerd-init,0.0
2686,23,client7,client7-544486cc98-4jrnk,client7,698.5290000000023
2687,23,client7,client7-544486cc98-4jrnk,sidecar,697.1820000000007
2688,23,client7,client7-544486cc98-4jrnk,linkerd-proxy,698.1660000000011
2689,23,client11,client11-565c48c7c7-dz9jx,linkerd-proxy,709.3260000000009
2690,23,client11,client11-565c48c7c7-dz9jx,client11,709.4310000000005
2691,23,client11,client11-565c48c7c7-dz9jx,sidecar,707.726999999999
2692,23,client11,client11-565c48c7c7-dz9jx,linkerd-init,0.0
2693,23,client19,client19-56fccdb4d9-vsfg2,linkerd-init,0.0
2694,23,client19,client19-56fccdb4d9-vsfg2,client19,721.6320000000014
2695,23,client19,client19-56fccdb4d9-vsfg2,sidecar,720.2700000000041
2696,23,client19,client19-56fccdb4d9-vsfg2,linkerd-proxy,721.5690000000031
2697,23,client1,client1-7b9db886dd-dxzzs,client1,616.7520000000022
2698,23,client1,client1-7b9db886dd-dxzzs,sidecar,530.0730000000003
2699,23,client1,client1-7b9db886dd-dxzzs,linkerd-proxy,615.0539999999983
2700,23,client1,client1-7b9db886dd-dxzzs,linkerd-init,0.0
2701,23,client13,client13-7bf86f4f87-tzjtt,linkerd-proxy,641.5499999999993
2702,23,client13,client13-7bf86f4f87-tzjtt,client13,645.0509999999995
2703,23,client13,client13-7bf86f4f87-tzjtt,linkerd-init,0.0
2704,23,client13,client13-7bf86f4f87-tzjtt,sidecar,638.4659999999985
2705,23,client20,client20-65f8864f77-jm2bl,client20,662.6850000000013
2706,23,client20,client20-65f8864f77-jm2bl,sidecar,661.4609999999993
2707,23,client20,client20-65f8864f77-jm2bl,linkerd-proxy,662.5950000000012
2708,23,server,server-656f98b57f-hpwpf,sidecar,471.4830000000002
2709,23,server,server-656f98b57f-hpwpf,server,537.996000000001
2710,23,api-gateway,api-gateway-6bf76d45b7-fhf7v,api-gateway,433.73699999999917
2711,23,orchestrator,policy-enforcer-cb8dccbd8-wwdzd,policy-enforcer,252.1349999999993
2712,23,orchestrator,policy-enforcer-cb8dccbd8-wwdzd,sidecar,375.3720000000003
2713,23,api-gateway,api-gateway-6bf76d45b7-fhf7v,sidecar,371.3249999999998
2714,23,orchestrator,orchestrator-555f7b7c9d-bhmxv,orchestrator,285.78300000000036
2715,23,orchestrator,orchestrator-555f7b7c9d-bhmxv,sidecar,409.8719999999994
2716,23,client15,client15-79c969ddf-tjlgp,client15,714.2580000000016
2717,23,client15,client15-79c969ddf-tjlgp,sidecar,712.7910000000011
2718,23,client17,maurits-dijk-5bcea8d7client171-mfvr7,hfl-train,750.4019999999982
2719,23,client17,maurits-dijk-5bcea8d7client171-mfvr7,sidecar,647.5860000000011
2720,23,client17,maurits-dijk-5bcea8d7client171-mfvr7,hfl-train-model,657.6989999999969
2721,23,client9,maurits-dijk-5bcea8d7client91-8vl9p,sidecar,510.6209999999992
2722,23,client9,maurits-dijk-5bcea8d7client91-8vl9p,hfl-train,701.8169999999991
2723,23,client9,maurits-dijk-5bcea8d7client91-8vl9p,hfl-train-model,601.4579999999987
2724,23,client5,maurits-dijk-5bcea8d7client51-t6xrg,sidecar,427.5750000000007
2725,23,client5,maurits-dijk-5bcea8d7client51-t6xrg,hfl-train,670.6349999999984
2726,23,client5,maurits-dijk-5bcea8d7client51-t6xrg,hfl-train-model,593.8770000000004
2727,23,client1,maurits-dijk-5bcea8d7client11-4c94x,hfl-train,688.0230000000047
2728,23,client1,maurits-dijk-5bcea8d7client11-4c94x,hfl-train-model,609.6209999999992
2729,23,client1,maurits-dijk-5bcea8d7client11-4c94x,sidecar,497.7000000000007
2730,23,client13,maurits-dijk-5bcea8d7client131-xq5c7,hfl-train-model,638.4599999999991
2731,23,client13,maurits-dijk-5bcea8d7client131-xq5c7,sidecar,638.376000000002
2732,23,client13,maurits-dijk-5bcea8d7client131-xq5c7,hfl-train,747.0659999999989
2733,23,server,maurits-dijk-5bcea8d7server1-fqf7q,hfl-train,515.0010000000002
2734,23,server,maurits-dijk-5bcea8d7server1-fqf7q,sidecar,480.6809999999987
2735,23,server,maurits-dijk-5bcea8d7server1-fqf7q,hfl-train-model,833.4809999999998
2736,24,client20,client20-65f8864f77-jm2bl,linkerd-init,0.0
2737,24,server,server-656f98b57f-hpwpf,linkerd-proxy,475.7850000000017
2738,24,server,server-656f98b57f-hpwpf,linkerd-init,0.0
2739,24,client8,client8-5845965f99-llhcc,linkerd-init,0.0
2740,24,client8,client8-5845965f99-llhcc,sidecar,666.75
2741,24,client8,client8-5845965f99-llhcc,linkerd-proxy,667.875
2742,24,client8,client8-5845965f99-llhcc,client8,668.1870000000017
2743,24,client14,client14-856b5b5576-qsgds,linkerd-init,0.0
2744,24,client14,client14-856b5b5576-qsgds,linkerd-proxy,656.5769999999975
2745,24,client14,client14-856b5b5576-qsgds,client14,656.8379999999997
2746,24,client14,client14-856b5b5576-qsgds,sidecar,655.2359999999971
2747,24,client10,client10-694b6b97b4-sq4tv,linkerd-proxy,761.3460000000014
2748,24,client10,client10-694b6b97b4-sq4tv,client10,761.3819999999978
2749,24,client10,client10-694b6b97b4-sq4tv,sidecar,696.4230000000025
2750,24,client10,client10-694b6b97b4-sq4tv,linkerd-init,0.0
2751,24,orchestrator,orchestrator-555f7b7c9d-bhmxv,linkerd-init,0.0
2752,24,api-gateway,api-gateway-6bf76d45b7-fhf7v,linkerd-init,0.0
2753,24,orchestrator,orchestrator-555f7b7c9d-bhmxv,linkerd-proxy,341.39400000000023
2754,24,orchestrator,policy-enforcer-cb8dccbd8-wwdzd,linkerd-proxy,341.46000000000095
2755,24,orchestrator,policy-enforcer-cb8dccbd8-wwdzd,linkerd-init,0.0
2756,24,api-gateway,api-gateway-6bf76d45b7-fhf7v,linkerd-proxy,359.16599999999926
2757,24,client6,client6-785d875985-99knx,sidecar,814.5960000000014
2758,24,client6,client6-785d875985-99knx,client6,816.969000000001
2759,24,client6,client6-785d875985-99knx,linkerd-init,0.0
2760,24,client6,client6-785d875985-99knx,linkerd-proxy,816.6539999999986
2761,24,client4,client4-744474fb99-mflh4,sidecar,800.0010000000002
2762,24,client4,client4-744474fb99-mflh4,linkerd-init,0.0
2763,24,client4,client4-744474fb99-mflh4,linkerd-proxy,802.3169999999991
2764,24,client4,client4-744474fb99-mflh4,client4,802.497000000003
2765,24,client17,client17-69b85b5ccf-g8cvx,client17,787.1159999999982
2766,24,client17,client17-69b85b5ccf-g8cvx,sidecar,751.7099999999991
2767,24,client17,client17-69b85b5ccf-g8cvx,linkerd-proxy,783.497999999996
2768,24,client17,client17-69b85b5ccf-g8cvx,linkerd-init,0.0
2769,24,client15,client15-79c969ddf-tjlgp,linkerd-proxy,899.9880000000012
2770,24,client15,client15-79c969ddf-tjlgp,linkerd-init,0.0
2771,24,client9,client9-d68fb99b4-2pwjc,linkerd-init,0.0
2772,24,client9,client9-d68fb99b4-2pwjc,sidecar,719.2980000000007
2773,24,client9,client9-d68fb99b4-2pwjc,client9,795.5159999999996
2774,24,client9,client9-d68fb99b4-2pwjc,linkerd-proxy,792.4379999999983
2775,24,client5,client5-7d5ff7f8b4-s6pkm,linkerd-proxy,713.1090000000004
2776,24,client5,client5-7d5ff7f8b4-s6pkm,linkerd-init,0.0
2777,24,client5,client5-7d5ff7f8b4-s6pkm,sidecar,698.1989999999987
2778,24,client5,client5-7d5ff7f8b4-s6pkm,client5,715.3379999999979
2779,24,client12,client12-79bc8d5846-x56ng,client12,914.6850000000013
2780,24,client12,client12-79bc8d5846-x56ng,sidecar,798.2189999999973
2781,24,client12,client12-79bc8d5846-x56ng,linkerd-proxy,914.8349999999955
2782,24,client12,client12-79bc8d5846-x56ng,linkerd-init,0.0
2783,24,client16,client16-6dc7f87f54-k6shp,linkerd-init,0.0
2784,24,client16,client16-6dc7f87f54-k6shp,client16,899.8319999999949
2785,24,client16,client16-6dc7f87f54-k6shp,sidecar,898.1429999999964
2786,24,client16,client16-6dc7f87f54-k6shp,linkerd-proxy,899.5590000000011
2787,24,client2,client2-86cd6d8cf7-86hzl,linkerd-init,0.0
2788,24,client2,client2-86cd6d8cf7-86hzl,sidecar,835.857
2789,24,client2,client2-86cd6d8cf7-86hzl,linkerd-proxy,837.4019999999982
2790,24,client2,client2-86cd6d8cf7-86hzl,client2,837.6030000000028
2791,24,client3,client3-58c68898cd-sz7tn,sidecar,810.2760000000017
2792,24,client3,client3-58c68898cd-sz7tn,linkerd-init,0.0
2793,24,client3,client3-58c68898cd-sz7tn,client3,812.4900000000016
2794,24,client3,client3-58c68898cd-sz7tn,linkerd-proxy,812.4149999999972
2795,24,client18,client18-69db77c748-kqzbp,sidecar,850.8119999999981
2796,24,client18,client18-69db77c748-kqzbp,linkerd-proxy,852.216000000004
2797,24,client18,client18-69db77c748-kqzbp,client18,852.5190000000002
2798,24,client18,client18-69db77c748-kqzbp,linkerd-init,0.0
2799,24,client7,client7-544486cc98-4jrnk,linkerd-init,0.0
2800,24,client7,client7-544486cc98-4jrnk,client7,816.8220000000001
2801,24,client7,client7-544486cc98-4jrnk,sidecar,815.0280000000021
2802,24,client7,client7-544486cc98-4jrnk,linkerd-proxy,816.2219999999979
2803,24,client11,client11-565c48c7c7-dz9jx,linkerd-proxy,841.1909999999989
2804,24,client11,client11-565c48c7c7-dz9jx,client11,841.5239999999976
2805,24,client11,client11-565c48c7c7-dz9jx,sidecar,828.9300000000003
2806,24,client11,client11-565c48c7c7-dz9jx,linkerd-init,0.0
2807,24,client19,client19-56fccdb4d9-vsfg2,linkerd-init,0.0
2808,24,client19,client19-56fccdb4d9-vsfg2,client19,953.4750000000022
2809,24,client19,client19-56fccdb4d9-vsfg2,sidecar,951.7740000000013
2810,24,client19,client19-56fccdb4d9-vsfg2,linkerd-proxy,953.3489999999947
2811,24,client1,client1-7b9db886dd-dxzzs,client1,728.0279999999984
2812,24,client1,client1-7b9db886dd-dxzzs,sidecar,721.4669999999987
2813,24,client1,client1-7b9db886dd-dxzzs,linkerd-proxy,727.5030000000006
2814,24,client1,client1-7b9db886dd-dxzzs,linkerd-init,0.0
2815,24,client13,client13-7bf86f4f87-tzjtt,linkerd-proxy,754.5180000000037
2816,24,client13,client13-7bf86f4f87-tzjtt,client13,757.9110000000001
2817,24,client13,client13-7bf86f4f87-tzjtt,linkerd-init,0.0
2818,24,client13,client13-7bf86f4f87-tzjtt,sidecar,680.6370000000006
2819,24,client20,client20-65f8864f77-jm2bl,client20,624.8430000000008
2820,24,client20,client20-65f8864f77-jm2bl,sidecar,623.349000000002
2821,24,client20,client20-65f8864f77-jm2bl,linkerd-proxy,624.7289999999994
2822,24,server,server-656f98b57f-hpwpf,sidecar,430.41899999999987
2823,24,server,server-656f98b57f-hpwpf,server,497.6880000000001
2824,24,api-gateway,api-gateway-6bf76d45b7-fhf7v,api-gateway,382.23899999999776
2825,24,orchestrator,policy-enforcer-cb8dccbd8-wwdzd,policy-enforcer,147.86099999999988
2826,24,orchestrator,policy-enforcer-cb8dccbd8-wwdzd,sidecar,306.03000000000065
2827,24,api-gateway,api-gateway-6bf76d45b7-fhf7v,sidecar,312.2549999999992
2828,24,orchestrator,orchestrator-555f7b7c9d-bhmxv,orchestrator,256.1369999999997
2829,24,orchestrator,orchestrator-555f7b7c9d-bhmxv,sidecar,297.1080000000002
2830,24,client15,client15-79c969ddf-tjlgp,client15,900.393
2831,24,client15,client15-79c969ddf-tjlgp,sidecar,898.5540000000001
2832,24,client17,maurits-dijk-5bcea8d7client171-mfvr7,hfl-train,866.7480000000032
2833,24,client17,maurits-dijk-5bcea8d7client171-mfvr7,sidecar,763.3919999999998
2834,24,client17,maurits-dijk-5bcea8d7client171-mfvr7,hfl-train-model,779.685000000005
2835,24,client9,maurits-dijk-5bcea8d7client91-8vl9p,sidecar,711.264000000001
2836,24,client9,maurits-dijk-5bcea8d7client91-8vl9p,hfl-train,858.9089999999997
2837,24,client9,maurits-dijk-5bcea8d7client91-8vl9p,hfl-train-model,786.2010000000009
2838,24,client5,maurits-dijk-5bcea8d7client51-t6xrg,sidecar,602.780999999999
2839,24,client5,maurits-dijk-5bcea8d7client51-t6xrg,hfl-train,787.4040000000023
2840,24,client5,maurits-dijk-5bcea8d7client51-t6xrg,hfl-train-model,710.4330000000027
2841,24,client1,maurits-dijk-5bcea8d7client11-4c94x,hfl-train,789.6809999999969
2842,24,client1,maurits-dijk-5bcea8d7client11-4c94x,hfl-train-model,721.2299999999996
2843,24,client1,maurits-dijk-5bcea8d7client11-4c94x,sidecar,652.235999999999
2844,24,client13,maurits-dijk-5bcea8d7client131-xq5c7,hfl-train-model,751.1730000000025
2845,24,client13,maurits-dijk-5bcea8d7client131-xq5c7,sidecar,673.1429999999982
2846,24,client13,maurits-dijk-5bcea8d7client131-xq5c7,hfl-train,864.3120000000017
2847,24,server,maurits-dijk-5bcea8d7server1-fqf7q,hfl-train,470.6909999999989
2848,24,server,maurits-dijk-5bcea8d7server1-fqf7q,sidecar,449.1690000000017
2849,24,server,maurits-dijk-5bcea8d7server1-fqf7q,hfl-train-model,823.1159999999982
