,round,namespace,pod_name,container_name,joules
0,0,client20,client20-65f8864f77-hjckw,linkerd-init,0.0
1,0,server,server-656f98b57f-26dvf,linkerd-proxy,462.99899999999997
2,0,server,server-656f98b57f-26dvf,linkerd-init,0.0
3,0,client8,client8-5845965f99-9jpl5,sidecar,772.7460000000001
4,0,client8,client8-5845965f99-9jpl5,linkerd-proxy,892.4460000000001
5,0,client8,client8-5845965f99-9jpl5,client8,893.019
6,0,client8,client8-5845965f99-9jpl5,linkerd-init,0.0
7,0,client14,client14-856b5b5576-94pcp,linkerd-proxy,861.6360000000001
8,0,client14,client14-856b5b5576-94pcp,linkerd-init,0.0
9,0,client14,client14-856b5b5576-94pcp,client14,861.744
10,0,client14,client14-856b5b5576-94pcp,sidecar,859.827
11,0,client10,client10-694b6b97b4-5j2xl,linkerd-init,0.0
12,0,orchestrator,policy-enforcer-cb8dccbd8-5895d,linkerd-proxy,429.48
13,0,api-gateway,api-gateway-6bf76d45b7-gfshk,linkerd-proxy,447.312
14,0,orchestrator,orchestrator-555f7b7c9d-b8qvg,linkerd-proxy,429.55799999999994
15,0,orchestrator,orchestrator-555f7b7c9d-b8qvg,linkerd-init,0.0
16,0,api-gateway,api-gateway-6bf76d45b7-gfshk,linkerd-init,0.0
17,0,orchestrator,policy-enforcer-cb8dccbd8-5895d,linkerd-init,0.0
18,0,client6,client6-785d875985-z8gh2,linkerd-init,0.0
19,0,client6,client6-785d875985-z8gh2,client6,818.691
20,0,client6,client6-785d875985-z8gh2,sidecar,816.5339999999999
21,0,client6,client6-785d875985-z8gh2,linkerd-proxy,818.181
22,0,client4,client4-744474fb99-j6rqt,linkerd-proxy,887.862
23,0,client4,client4-744474fb99-j6rqt,sidecar,885.8969999999999
24,0,client4,client4-744474fb99-j6rqt,client4,888.0209999999998
25,0,client4,client4-744474fb99-j6rqt,linkerd-init,0.0
26,0,client17,client17-69b85b5ccf-f7njx,linkerd-proxy,738.756
27,0,client17,client17-69b85b5ccf-f7njx,sidecar,732.021
28,0,client17,client17-69b85b5ccf-f7njx,client17,743.739
29,0,client17,client17-69b85b5ccf-f7njx,linkerd-init,0.0
30,0,client15,client15-79c969ddf-csdff,client15,896.4569999999999
31,0,client15,client15-79c969ddf-csdff,sidecar,894.6929999999999
32,0,client15,client15-79c969ddf-csdff,linkerd-init,0.0
33,0,client15,client15-79c969ddf-csdff,linkerd-proxy,896.2139999999999
34,0,client9,client9-d68fb99b4-jtqss,linkerd-init,0.0
35,0,client9,client9-d68fb99b4-jtqss,client9,817.8000000000001
36,0,client9,client9-d68fb99b4-jtqss,sidecar,728.9280000000001
37,0,client9,client9-d68fb99b4-jtqss,linkerd-proxy,813.5250000000001
38,0,client5,client5-7d5ff7f8b4-5xc6q,client5,667.668
39,0,client5,client5-7d5ff7f8b4-5xc6q,linkerd-init,0.0
40,0,client5,client5-7d5ff7f8b4-5xc6q,sidecar,574.356
41,0,client5,client5-7d5ff7f8b4-5xc6q,linkerd-proxy,662.4779999999998
42,0,client12,client12-79bc8d5846-bzcv2,sidecar,585.828
43,0,client12,client12-79bc8d5846-bzcv2,client12,681.5610000000001
44,0,client12,client12-79bc8d5846-bzcv2,linkerd-init,0.0
45,0,client12,client12-79bc8d5846-bzcv2,linkerd-proxy,681.2880000000001
46,0,client16,client16-6dc7f87f54-nrkvh,client16,680.925
47,0,client16,client16-6dc7f87f54-nrkvh,sidecar,678.9239999999998
48,0,client16,client16-6dc7f87f54-nrkvh,linkerd-init,0.0
49,0,client16,client16-6dc7f87f54-nrkvh,linkerd-proxy,680.685
50,0,client2,client2-86cd6d8cf7-ngwfh,sidecar,800.997
51,0,client2,client2-86cd6d8cf7-ngwfh,client2,802.5239999999999
52,0,client2,client2-86cd6d8cf7-ngwfh,linkerd-proxy,802.2719999999999
53,0,client2,client2-86cd6d8cf7-ngwfh,linkerd-init,0.0
54,0,client3,client3-58c68898cd-jqjck,sidecar,678.672
55,0,client3,client3-58c68898cd-jqjck,linkerd-proxy,680.4479999999999
56,0,client3,client3-58c68898cd-jqjck,client3,680.643
57,0,client3,client3-58c68898cd-jqjck,linkerd-init,0.0
58,0,client18,client18-69db77c748-flz89,client18,732.477
59,0,client18,client18-69db77c748-flz89,sidecar,730.845
60,0,client18,client18-69db77c748-flz89,linkerd-init,0.0
61,0,client18,client18-69db77c748-flz89,linkerd-proxy,732.249
62,0,client7,client7-544486cc98-m2z98,sidecar,822.8939999999998
63,0,client7,client7-544486cc98-m2z98,linkerd-proxy,823.944
64,0,client7,client7-544486cc98-m2z98,client7,824.3009999999999
65,0,client7,client7-544486cc98-m2z98,linkerd-init,0.0
66,0,client11,client11-565c48c7c7-q8xtl,sidecar,651.078
67,0,client11,client11-565c48c7c7-q8xtl,linkerd-proxy,702.819
68,0,client11,client11-565c48c7c7-q8xtl,client11,703.1129999999999
69,0,client11,client11-565c48c7c7-q8xtl,linkerd-init,0.0
70,0,client19,client19-56fccdb4d9-xppnc,linkerd-proxy,639.8130000000001
71,0,client19,client19-56fccdb4d9-xppnc,client19,640.0110000000001
72,0,client19,client19-56fccdb4d9-xppnc,sidecar,638.3850000000001
73,0,client19,client19-56fccdb4d9-xppnc,linkerd-init,0.0
74,0,client1,client1-7b9db886dd-rjv88,client1,670.5719999999999
75,0,client1,client1-7b9db886dd-rjv88,linkerd-init,0.0
76,0,client1,client1-7b9db886dd-rjv88,sidecar,661.5269999999998
77,0,client1,client1-7b9db886dd-rjv88,linkerd-proxy,666.087
78,0,client13,client13-7bf86f4f87-4mz9b,client13,662.7389999999998
79,0,client13,client13-7bf86f4f87-4mz9b,linkerd-init,0.0
80,0,client13,client13-7bf86f4f87-4mz9b,sidecar,594.825
81,0,client13,client13-7bf86f4f87-4mz9b,linkerd-proxy,657.0060000000001
82,0,client20,client20-65f8864f77-hjckw,client20,675.894
83,0,client20,client20-65f8864f77-hjckw,sidecar,674.433
84,0,client20,client20-65f8864f77-hjckw,linkerd-proxy,675.6360000000002
85,0,server,server-656f98b57f-26dvf,server,479.397
86,0,server,server-656f98b57f-26dvf,sidecar,462.933
87,0,client10,client10-694b6b97b4-5j2xl,sidecar,810.0330000000002
88,0,client10,client10-694b6b97b4-5j2xl,linkerd-proxy,982.374
89,0,client10,client10-694b6b97b4-5j2xl,client10,982.479
90,0,api-gateway,api-gateway-6bf76d45b7-gfshk,sidecar,353.30699999999996
91,0,orchestrator,policy-enforcer-cb8dccbd8-5895d,sidecar,343.797
92,0,api-gateway,api-gateway-6bf76d45b7-gfshk,api-gateway,417.999
93,0,orchestrator,policy-enforcer-cb8dccbd8-5895d,policy-enforcer,269.616
94,0,orchestrator,orchestrator-555f7b7c9d-b8qvg,sidecar,351.831
95,0,orchestrator,orchestrator-555f7b7c9d-b8qvg,orchestrator,265.27200000000005
96,0,client17,maurits-dijk-a1ae290bclient171-fst4v,sidecar,571.245
97,0,client17,maurits-dijk-a1ae290bclient171-fst4v,hfl-train,775.7279999999998
98,0,client17,maurits-dijk-a1ae290bclient171-fst4v,hfl-train-model,736.347
99,0,client9,maurits-dijk-a1ae290bclient91-hwgnj,sidecar,520.7460000000001
100,0,client9,maurits-dijk-a1ae290bclient91-hwgnj,hfl-train-model,808.344
101,0,client9,maurits-dijk-a1ae290bclient91-hwgnj,hfl-train,850.269
102,0,client5,maurits-dijk-a1ae290bclient51-b44hx,hfl-train-model,660.444
103,0,client5,maurits-dijk-a1ae290bclient51-b44hx,hfl-train,709.3139999999999
104,0,client5,maurits-dijk-a1ae290bclient51-b44hx,sidecar,607.047
105,0,client1,maurits-dijk-a1ae290bclient11-n9t2l,sidecar,534.3629999999999
106,0,client1,maurits-dijk-a1ae290bclient11-n9t2l,hfl-train-model,659.3549999999999
107,0,client1,maurits-dijk-a1ae290bclient11-n9t2l,hfl-train,715.4820000000001
108,0,client13,maurits-dijk-a1ae290bclient131-fwh4r,hfl-train-model,654.219
109,0,client13,maurits-dijk-a1ae290bclient131-fwh4r,hfl-train,719.8860000000001
110,0,client13,maurits-dijk-a1ae290bclient131-fwh4r,sidecar,547.071
111,0,server,maurits-dijk-a1ae290bserver1-hkpc8,hfl-train-model,759.7950000000001
112,0,server,maurits-dijk-a1ae290bserver1-hkpc8,hfl-train,457.10100000000006
113,0,server,maurits-dijk-a1ae290bserver1-hkpc8,sidecar,354.507
114,1,client20,client20-65f8864f77-hjckw,linkerd-init,0.0
115,1,server,server-656f98b57f-26dvf,linkerd-proxy,473.601
116,1,server,server-656f98b57f-26dvf,linkerd-init,0.0
117,1,client8,client8-5845965f99-9jpl5,sidecar,672.171
118,1,client8,client8-5845965f99-9jpl5,linkerd-proxy,737.6729999999998
119,1,client8,client8-5845965f99-9jpl5,client8,738.0450000000001
120,1,client8,client8-5845965f99-9jpl5,linkerd-init,0.0
121,1,client14,client14-856b5b5576-94pcp,linkerd-proxy,672.9659999999999
122,1,client14,client14-856b5b5576-94pcp,linkerd-init,0.0
123,1,client14,client14-856b5b5576-94pcp,client14,673.287
124,1,client14,client14-856b5b5576-94pcp,sidecar,671.604
125,1,client10,client10-694b6b97b4-5j2xl,linkerd-init,0.0
126,1,orchestrator,policy-enforcer-cb8dccbd8-5895d,linkerd-proxy,350.39099999999996
127,1,api-gateway,api-gateway-6bf76d45b7-gfshk,linkerd-proxy,368.673
128,1,orchestrator,orchestrator-555f7b7c9d-b8qvg,linkerd-proxy,350.409
129,1,orchestrator,orchestrator-555f7b7c9d-b8qvg,linkerd-init,0.0
130,1,api-gateway,api-gateway-6bf76d45b7-gfshk,linkerd-init,0.0
131,1,orchestrator,policy-enforcer-cb8dccbd8-5895d,linkerd-init,0.0
132,1,client6,client6-785d875985-z8gh2,linkerd-init,0.0
133,1,client6,client6-785d875985-z8gh2,client6,704.031
134,1,client6,client6-785d875985-z8gh2,sidecar,702.336
135,1,client6,client6-785d875985-z8gh2,linkerd-proxy,703.7280000000001
136,1,client4,client4-744474fb99-j6rqt,linkerd-proxy,718.29
137,1,client4,client4-744474fb99-j6rqt,sidecar,716.8530000000001
138,1,client4,client4-744474fb99-j6rqt,client4,718.44
139,1,client4,client4-744474fb99-j6rqt,linkerd-init,0.0
140,1,client17,client17-69b85b5ccf-f7njx,linkerd-proxy,604.8719999999998
141,1,client17,client17-69b85b5ccf-f7njx,sidecar,518.808
142,1,client17,client17-69b85b5ccf-f7njx,client17,606.9629999999997
143,1,client17,client17-69b85b5ccf-f7njx,linkerd-init,0.0
144,1,client15,client15-79c969ddf-csdff,client15,689.8020000000001
145,1,client15,client15-79c969ddf-csdff,sidecar,688.365
146,1,client15,client15-79c969ddf-csdff,linkerd-init,0.0
147,1,client15,client15-79c969ddf-csdff,linkerd-proxy,689.5890000000002
148,1,client9,client9-d68fb99b4-jtqss,linkerd-init,0.0
149,1,client9,client9-d68fb99b4-jtqss,client9,637.3919999999998
150,1,client9,client9-d68fb99b4-jtqss,sidecar,536.8469999999998
151,1,client9,client9-d68fb99b4-jtqss,linkerd-proxy,634.6469999999999
152,1,client5,client5-7d5ff7f8b4-5xc6q,client5,808.6139999999998
153,1,client5,client5-7d5ff7f8b4-5xc6q,linkerd-init,0.0
154,1,client5,client5-7d5ff7f8b4-5xc6q,sidecar,618.042
155,1,client5,client5-7d5ff7f8b4-5xc6q,linkerd-proxy,804.0960000000001
156,1,client12,client12-79bc8d5846-bzcv2,sidecar,852.1109999999999
157,1,client12,client12-79bc8d5846-bzcv2,client12,929.2199999999998
158,1,client12,client12-79bc8d5846-bzcv2,linkerd-init,0.0
159,1,client12,client12-79bc8d5846-bzcv2,linkerd-proxy,929.0070000000001
160,1,client16,client16-6dc7f87f54-nrkvh,client16,887.5740000000001
161,1,client16,client16-6dc7f87f54-nrkvh,sidecar,885.21
162,1,client16,client16-6dc7f87f54-nrkvh,linkerd-init,0.0
163,1,client16,client16-6dc7f87f54-nrkvh,linkerd-proxy,887.2740000000001
164,1,client2,client2-86cd6d8cf7-ngwfh,sidecar,825.4050000000002
165,1,client2,client2-86cd6d8cf7-ngwfh,client2,827.2440000000001
166,1,client2,client2-86cd6d8cf7-ngwfh,linkerd-proxy,826.98
167,1,client2,client2-86cd6d8cf7-ngwfh,linkerd-init,0.0
168,1,client3,client3-58c68898cd-jqjck,sidecar,766.5449999999998
169,1,client3,client3-58c68898cd-jqjck,linkerd-proxy,768.933
170,1,client3,client3-58c68898cd-jqjck,client3,769.0530000000001
171,1,client3,client3-58c68898cd-jqjck,linkerd-init,0.0
172,1,client18,client18-69db77c748-flz89,client18,776.5980000000002
173,1,client18,client18-69db77c748-flz89,sidecar,774.8219999999999
174,1,client18,client18-69db77c748-flz89,linkerd-init,0.0
175,1,client18,client18-69db77c748-flz89,linkerd-proxy,776.442
176,1,client7,client7-544486cc98-m2z98,sidecar,886.008
177,1,client7,client7-544486cc98-m2z98,linkerd-proxy,887.184
178,1,client7,client7-544486cc98-m2z98,client7,887.6489999999999
179,1,client7,client7-544486cc98-m2z98,linkerd-init,0.0
180,1,client11,client11-565c48c7c7-q8xtl,sidecar,760.0289999999998
181,1,client11,client11-565c48c7c7-q8xtl,linkerd-proxy,833.3130000000001
182,1,client11,client11-565c48c7c7-q8xtl,client11,833.547
183,1,client11,client11-565c48c7c7-q8xtl,linkerd-init,0.0
184,1,client19,client19-56fccdb4d9-xppnc,linkerd-proxy,790.4010000000001
185,1,client19,client19-56fccdb4d9-xppnc,client19,790.6320000000001
186,1,client19,client19-56fccdb4d9-xppnc,sidecar,788.694
187,1,client19,client19-56fccdb4d9-xppnc,linkerd-init,0.0
188,1,client1,client1-7b9db886dd-rjv88,client1,813.441
189,1,client1,client1-7b9db886dd-rjv88,linkerd-init,0.0
190,1,client1,client1-7b9db886dd-rjv88,sidecar,737.238
191,1,client1,client1-7b9db886dd-rjv88,linkerd-proxy,810.1770000000001
192,1,client13,client13-7bf86f4f87-4mz9b,client13,826.3170000000002
193,1,client13,client13-7bf86f4f87-4mz9b,linkerd-init,0.0
194,1,client13,client13-7bf86f4f87-4mz9b,sidecar,710.4809999999998
195,1,client13,client13-7bf86f4f87-4mz9b,linkerd-proxy,821.3039999999999
196,1,client20,client20-65f8864f77-hjckw,client20,715.482
197,1,client20,client20-65f8864f77-hjckw,sidecar,713.9399999999998
198,1,client20,client20-65f8864f77-hjckw,linkerd-proxy,715.2509999999997
199,1,server,server-656f98b57f-26dvf,server,489.56100000000015
200,1,server,server-656f98b57f-26dvf,sidecar,408.48000000000013
201,1,client10,client10-694b6b97b4-5j2xl,sidecar,658.9829999999997
202,1,client10,client10-694b6b97b4-5j2xl,linkerd-proxy,738.1170000000004
203,1,client10,client10-694b6b97b4-5j2xl,client10,738.156
204,1,api-gateway,api-gateway-6bf76d45b7-gfshk,sidecar,284.85000000000014
205,1,orchestrator,policy-enforcer-cb8dccbd8-5895d,sidecar,250.39800000000002
206,1,api-gateway,api-gateway-6bf76d45b7-gfshk,api-gateway,375.94499999999994
207,1,orchestrator,policy-enforcer-cb8dccbd8-5895d,policy-enforcer,148.2630000000001
208,1,orchestrator,orchestrator-555f7b7c9d-b8qvg,sidecar,306.342
209,1,orchestrator,orchestrator-555f7b7c9d-b8qvg,orchestrator,276.83399999999995
210,1,client17,maurits-dijk-a1ae290bclient171-fst4v,sidecar,543.9630000000001
211,1,client17,maurits-dijk-a1ae290bclient171-fst4v,hfl-train,640.5360000000003
212,1,client17,maurits-dijk-a1ae290bclient171-fst4v,hfl-train-model,602.2050000000002
213,1,client9,maurits-dijk-a1ae290bclient91-hwgnj,sidecar,500.394
214,1,client9,maurits-dijk-a1ae290bclient91-hwgnj,hfl-train-model,628.683
215,1,client9,maurits-dijk-a1ae290bclient91-hwgnj,hfl-train,675.1470000000002
216,1,client5,maurits-dijk-a1ae290bclient51-b44hx,hfl-train-model,802.14
217,1,client5,maurits-dijk-a1ae290bclient51-b44hx,hfl-train,839.2740000000001
218,1,client5,maurits-dijk-a1ae290bclient51-b44hx,sidecar,761.2439999999999
219,1,client1,maurits-dijk-a1ae290bclient11-n9t2l,sidecar,694.248
220,1,client1,maurits-dijk-a1ae290bclient11-n9t2l,hfl-train-model,803.091
221,1,client1,maurits-dijk-a1ae290bclient11-n9t2l,hfl-train,847.5899999999997
222,1,client13,maurits-dijk-a1ae290bclient131-fwh4r,hfl-train-model,817.7819999999997
223,1,client13,maurits-dijk-a1ae290bclient131-fwh4r,hfl-train,874.3979999999999
224,1,client13,maurits-dijk-a1ae290bclient131-fwh4r,sidecar,696.723
225,1,server,maurits-dijk-a1ae290bserver1-hkpc8,hfl-train-model,769.3019999999999
226,1,server,maurits-dijk-a1ae290bserver1-hkpc8,hfl-train,470.4449999999998
227,1,server,maurits-dijk-a1ae290bserver1-hkpc8,sidecar,365.472
228,2,client20,client20-65f8864f77-hjckw,linkerd-init,0.0
229,2,server,server-656f98b57f-26dvf,linkerd-proxy,534.2850000000001
230,2,server,server-656f98b57f-26dvf,linkerd-init,0.0
231,2,client8,client8-5845965f99-9jpl5,sidecar,816.8580000000002
232,2,client8,client8-5845965f99-9jpl5,linkerd-proxy,896.0580000000002
233,2,client8,client8-5845965f99-9jpl5,client8,896.5619999999999
234,2,client8,client8-5845965f99-9jpl5,linkerd-init,0.0
235,2,client14,client14-856b5b5576-94pcp,linkerd-proxy,838.4490000000001
236,2,client14,client14-856b5b5576-94pcp,linkerd-init,0.0
237,2,client14,client14-856b5b5576-94pcp,client14,838.5720000000001
238,2,client14,client14-856b5b5576-94pcp,sidecar,836.6579999999999
239,2,client10,client10-694b6b97b4-5j2xl,linkerd-init,0.0
240,2,orchestrator,policy-enforcer-cb8dccbd8-5895d,linkerd-proxy,342.8219999999999
241,2,api-gateway,api-gateway-6bf76d45b7-gfshk,linkerd-proxy,361.1819999999999
242,2,orchestrator,orchestrator-555f7b7c9d-b8qvg,linkerd-proxy,342.924
243,2,orchestrator,orchestrator-555f7b7c9d-b8qvg,linkerd-init,0.0
244,2,api-gateway,api-gateway-6bf76d45b7-gfshk,linkerd-init,0.0
245,2,orchestrator,policy-enforcer-cb8dccbd8-5895d,linkerd-init,0.0
246,2,client6,client6-785d875985-z8gh2,linkerd-init,0.0
247,2,client6,client6-785d875985-z8gh2,client6,712.3200000000002
248,2,client6,client6-785d875985-z8gh2,sidecar,710.085
249,2,client6,client6-785d875985-z8gh2,linkerd-proxy,711.8610000000001
250,2,client4,client4-744474fb99-j6rqt,linkerd-proxy,686.6310000000001
251,2,client4,client4-744474fb99-j6rqt,sidecar,685.3169999999998
252,2,client4,client4-744474fb99-j6rqt,client4,686.7839999999999
253,2,client4,client4-744474fb99-j6rqt,linkerd-init,0.0
254,2,client17,client17-69b85b5ccf-f7njx,linkerd-proxy,619.4640000000004
255,2,client17,client17-69b85b5ccf-f7njx,sidecar,542.451
256,2,client17,client17-69b85b5ccf-f7njx,client17,622.479
257,2,client17,client17-69b85b5ccf-f7njx,linkerd-init,0.0
258,2,client15,client15-79c969ddf-csdff,client15,748.3560000000002
259,2,client15,client15-79c969ddf-csdff,sidecar,746.847
260,2,client15,client15-79c969ddf-csdff,linkerd-init,0.0
261,2,client15,client15-79c969ddf-csdff,linkerd-proxy,748.1730000000002
262,2,client9,client9-d68fb99b4-jtqss,linkerd-init,0.0
263,2,client9,client9-d68fb99b4-jtqss,client9,663.402
264,2,client9,client9-d68fb99b4-jtqss,sidecar,594.1860000000004
265,2,client9,client9-d68fb99b4-jtqss,linkerd-proxy,663.2370000000003
266,2,client5,client5-7d5ff7f8b4-5xc6q,client5,613.4250000000004
267,2,client5,client5-7d5ff7f8b4-5xc6q,linkerd-init,0.0
268,2,client5,client5-7d5ff7f8b4-5xc6q,sidecar,414.6089999999999
269,2,client5,client5-7d5ff7f8b4-5xc6q,linkerd-proxy,609.7229999999997
270,2,client12,client12-79bc8d5846-bzcv2,sidecar,669.6510000000001
271,2,client12,client12-79bc8d5846-bzcv2,client12,733.9500000000003
272,2,client12,client12-79bc8d5846-bzcv2,linkerd-init,0.0
273,2,client12,client12-79bc8d5846-bzcv2,linkerd-proxy,733.6619999999998
274,2,client16,client16-6dc7f87f54-nrkvh,client16,661.2029999999997
275,2,client16,client16-6dc7f87f54-nrkvh,sidecar,659.1570000000002
276,2,client16,client16-6dc7f87f54-nrkvh,linkerd-init,0.0
277,2,client16,client16-6dc7f87f54-nrkvh,linkerd-proxy,660.9779999999998
278,2,client2,client2-86cd6d8cf7-ngwfh,sidecar,663.7079999999999
279,2,client2,client2-86cd6d8cf7-ngwfh,client2,665.0849999999996
280,2,client2,client2-86cd6d8cf7-ngwfh,linkerd-proxy,665.0039999999999
281,2,client2,client2-86cd6d8cf7-ngwfh,linkerd-init,0.0
282,2,client3,client3-58c68898cd-jqjck,sidecar,671.835
283,2,client3,client3-58c68898cd-jqjck,linkerd-proxy,673.8660000000002
284,2,client3,client3-58c68898cd-jqjck,client3,673.9140000000002
285,2,client3,client3-58c68898cd-jqjck,linkerd-init,0.0
286,2,client18,client18-69db77c748-flz89,client18,638.646
287,2,client18,client18-69db77c748-flz89,sidecar,637.1640000000002
288,2,client18,client18-69db77c748-flz89,linkerd-init,0.0
289,2,client18,client18-69db77c748-flz89,linkerd-proxy,638.5260000000001
290,2,client7,client7-544486cc98-m2z98,sidecar,709.0740000000001
291,2,client7,client7-544486cc98-m2z98,linkerd-proxy,710.1509999999998
292,2,client7,client7-544486cc98-m2z98,client7,710.4480000000003
293,2,client7,client7-544486cc98-m2z98,linkerd-init,0.0
294,2,client11,client11-565c48c7c7-q8xtl,sidecar,595.566
295,2,client11,client11-565c48c7c7-q8xtl,linkerd-proxy,669.81
296,2,client11,client11-565c48c7c7-q8xtl,client11,670.0319999999999
297,2,client11,client11-565c48c7c7-q8xtl,linkerd-init,0.0
298,2,client19,client19-56fccdb4d9-xppnc,linkerd-proxy,681.4799999999998
299,2,client19,client19-56fccdb4d9-xppnc,client19,681.723
300,2,client19,client19-56fccdb4d9-xppnc,sidecar,680.172
301,2,client19,client19-56fccdb4d9-xppnc,linkerd-init,0.0
302,2,client1,client1-7b9db886dd-rjv88,client1,639.6149999999998
303,2,client1,client1-7b9db886dd-rjv88,linkerd-init,0.0
304,2,client1,client1-7b9db886dd-rjv88,sidecar,574.4939999999999
305,2,client1,client1-7b9db886dd-rjv88,linkerd-proxy,639.108
306,2,client13,client13-7bf86f4f87-4mz9b,client13,658.7189999999998
307,2,client13,client13-7bf86f4f87-4mz9b,linkerd-init,0.0
308,2,client13,client13-7bf86f4f87-4mz9b,sidecar,492.7350000000001
309,2,client13,client13-7bf86f4f87-4mz9b,linkerd-proxy,656.4510000000002
310,2,client20,client20-65f8864f77-hjckw,client20,810.0449999999998
311,2,client20,client20-65f8864f77-hjckw,sidecar,808.1879999999999
312,2,client20,client20-65f8864f77-hjckw,linkerd-proxy,809.7719999999999
313,2,server,server-656f98b57f-26dvf,server,549.1589999999999
314,2,server,server-656f98b57f-26dvf,sidecar,415.18499999999995
315,2,client10,client10-694b6b97b4-5j2xl,sidecar,767.3730000000003
316,2,client10,client10-694b6b97b4-5j2xl,linkerd-proxy,878.73
317,2,client10,client10-694b6b97b4-5j2xl,client10,878.9760000000001
318,2,api-gateway,api-gateway-6bf76d45b7-gfshk,sidecar,260.11199999999985
319,2,orchestrator,policy-enforcer-cb8dccbd8-5895d,sidecar,261.318
320,2,api-gateway,api-gateway-6bf76d45b7-gfshk,api-gateway,349.43100000000004
321,2,orchestrator,policy-enforcer-cb8dccbd8-5895d,policy-enforcer,145.86
322,2,orchestrator,orchestrator-555f7b7c9d-b8qvg,sidecar,308.595
323,2,orchestrator,orchestrator-555f7b7c9d-b8qvg,orchestrator,270.40200000000004
324,2,client17,maurits-dijk-a1ae290bclient171-fst4v,sidecar,519.5219999999999
325,2,client17,maurits-dijk-a1ae290bclient171-fst4v,hfl-train,653.7720000000002
326,2,client17,maurits-dijk-a1ae290bclient171-fst4v,hfl-train-model,616.509
327,2,client9,maurits-dijk-a1ae290bclient91-hwgnj,sidecar,418.38599999999997
328,2,client9,maurits-dijk-a1ae290bclient91-hwgnj,hfl-train-model,657.4530000000002
329,2,client9,maurits-dijk-a1ae290bclient91-hwgnj,hfl-train,702.279
330,2,client5,maurits-dijk-a1ae290bclient51-b44hx,hfl-train-model,607.2749999999999
331,2,client5,maurits-dijk-a1ae290bclient51-b44hx,hfl-train,646.7430000000002
332,2,client5,maurits-dijk-a1ae290bclient51-b44hx,sidecar,577.2869999999998
333,2,client1,maurits-dijk-a1ae290bclient11-n9t2l,sidecar,564.5639999999999
334,2,client1,maurits-dijk-a1ae290bclient11-n9t2l,hfl-train-model,632.3040000000001
335,2,client1,maurits-dijk-a1ae290bclient11-n9t2l,hfl-train,680.9010000000003
336,2,client13,maurits-dijk-a1ae290bclient131-fwh4r,hfl-train-model,653.4210000000003
337,2,client13,maurits-dijk-a1ae290bclient131-fwh4r,hfl-train,709.5630000000001
338,2,client13,maurits-dijk-a1ae290bclient131-fwh4r,sidecar,561.5310000000002
339,2,server,maurits-dijk-a1ae290bserver1-hkpc8,hfl-train-model,801.5489999999998
340,2,server,maurits-dijk-a1ae290bserver1-hkpc8,hfl-train,527.3969999999999
341,2,server,maurits-dijk-a1ae290bserver1-hkpc8,sidecar,429.0869999999999
342,3,client20,client20-65f8864f77-hjckw,linkerd-init,0.0
343,3,server,server-656f98b57f-26dvf,linkerd-proxy,492.9659999999999
344,3,server,server-656f98b57f-26dvf,linkerd-init,0.0
345,3,client8,client8-5845965f99-9jpl5,sidecar,710.3879999999999
346,3,client8,client8-5845965f99-9jpl5,linkerd-proxy,775.1399999999999
347,3,client8,client8-5845965f99-9jpl5,client8,775.5900000000001
348,3,client8,client8-5845965f99-9jpl5,linkerd-init,0.0
349,3,client14,client14-856b5b5576-94pcp,linkerd-proxy,646.1909999999998
350,3,client14,client14-856b5b5576-94pcp,linkerd-init,0.0
351,3,client14,client14-856b5b5576-94pcp,client14,646.4519999999998
352,3,client14,client14-856b5b5576-94pcp,sidecar,644.9339999999997
353,3,client10,client10-694b6b97b4-5j2xl,linkerd-init,0.0
354,3,orchestrator,policy-enforcer-cb8dccbd8-5895d,linkerd-proxy,405.76800000000026
355,3,api-gateway,api-gateway-6bf76d45b7-gfshk,linkerd-proxy,424.9140000000002
356,3,orchestrator,orchestrator-555f7b7c9d-b8qvg,linkerd-proxy,405.8190000000002
357,3,orchestrator,orchestrator-555f7b7c9d-b8qvg,linkerd-init,0.0
358,3,api-gateway,api-gateway-6bf76d45b7-gfshk,linkerd-init,0.0
359,3,orchestrator,policy-enforcer-cb8dccbd8-5895d,linkerd-init,0.0
360,3,client6,client6-785d875985-z8gh2,linkerd-init,0.0
361,3,client6,client6-785d875985-z8gh2,client6,838.989
362,3,client6,client6-785d875985-z8gh2,sidecar,836.3700000000003
363,3,client6,client6-785d875985-z8gh2,linkerd-proxy,838.6530000000002
364,3,client4,client4-744474fb99-j6rqt,linkerd-proxy,851.0819999999999
365,3,client4,client4-744474fb99-j6rqt,sidecar,849.4290000000001
366,3,client4,client4-744474fb99-j6rqt,client4,851.25
367,3,client4,client4-744474fb99-j6rqt,linkerd-init,0.0
368,3,client17,client17-69b85b5ccf-f7njx,linkerd-proxy,715.8809999999999
369,3,client17,client17-69b85b5ccf-f7njx,sidecar,690.8249999999998
370,3,client17,client17-69b85b5ccf-f7njx,client17,718.7040000000002
371,3,client17,client17-69b85b5ccf-f7njx,linkerd-init,0.0
372,3,client15,client15-79c969ddf-csdff,client15,825.6479999999997
373,3,client15,client15-79c969ddf-csdff,sidecar,823.8240000000001
374,3,client15,client15-79c969ddf-csdff,linkerd-init,0.0
375,3,client15,client15-79c969ddf-csdff,linkerd-proxy,825.3719999999998
376,3,client9,client9-d68fb99b4-jtqss,linkerd-init,0.0
377,3,client9,client9-d68fb99b4-jtqss,client9,761.9610000000002
378,3,client9,client9-d68fb99b4-jtqss,sidecar,689.2229999999995
379,3,client9,client9-d68fb99b4-jtqss,linkerd-proxy,761.4749999999995
380,3,client5,client5-7d5ff7f8b4-5xc6q,client5,611.2079999999996
381,3,client5,client5-7d5ff7f8b4-5xc6q,linkerd-init,0.0
382,3,client5,client5-7d5ff7f8b4-5xc6q,sidecar,499.8870000000004
383,3,client5,client5-7d5ff7f8b4-5xc6q,linkerd-proxy,606.2310000000002
384,3,client12,client12-79bc8d5846-bzcv2,sidecar,628.2960000000003
385,3,client12,client12-79bc8d5846-bzcv2,client12,700.3739999999998
386,3,client12,client12-79bc8d5846-bzcv2,linkerd-init,0.0
387,3,client12,client12-79bc8d5846-bzcv2,linkerd-proxy,700.1880000000001
388,3,client16,client16-6dc7f87f54-nrkvh,client16,712.1310000000003
389,3,client16,client16-6dc7f87f54-nrkvh,sidecar,710.6700000000001
390,3,client16,client16-6dc7f87f54-nrkvh,linkerd-init,0.0
391,3,client16,client16-6dc7f87f54-nrkvh,linkerd-proxy,711.933
392,3,client2,client2-86cd6d8cf7-ngwfh,sidecar,658.4190000000003
393,3,client2,client2-86cd6d8cf7-ngwfh,client2,659.8860000000004
394,3,client2,client2-86cd6d8cf7-ngwfh,linkerd-proxy,659.6669999999999
395,3,client2,client2-86cd6d8cf7-ngwfh,linkerd-init,0.0
396,3,client3,client3-58c68898cd-jqjck,sidecar,733.6349999999998
397,3,client3,client3-58c68898cd-jqjck,linkerd-proxy,735.741
398,3,client3,client3-58c68898cd-jqjck,client3,735.8759999999997
399,3,client3,client3-58c68898cd-jqjck,linkerd-init,0.0
400,3,client18,client18-69db77c748-flz89,client18,631.596
401,3,client18,client18-69db77c748-flz89,sidecar,630.0119999999997
402,3,client18,client18-69db77c748-flz89,linkerd-init,0.0
403,3,client18,client18-69db77c748-flz89,linkerd-proxy,631.3409999999999
404,3,client7,client7-544486cc98-m2z98,sidecar,770.5799999999999
405,3,client7,client7-544486cc98-m2z98,linkerd-proxy,771.7230000000004
406,3,client7,client7-544486cc98-m2z98,client7,772.0169999999998
407,3,client7,client7-544486cc98-m2z98,linkerd-init,0.0
408,3,client11,client11-565c48c7c7-q8xtl,sidecar,607.3020000000001
409,3,client11,client11-565c48c7c7-q8xtl,linkerd-proxy,659.1119999999996
410,3,client11,client11-565c48c7c7-q8xtl,client11,659.1990000000001
411,3,client11,client11-565c48c7c7-q8xtl,linkerd-init,0.0
412,3,client19,client19-56fccdb4d9-xppnc,linkerd-proxy,705.2490000000003
413,3,client19,client19-56fccdb4d9-xppnc,client19,705.4049999999997
414,3,client19,client19-56fccdb4d9-xppnc,sidecar,703.8959999999997
415,3,client19,client19-56fccdb4d9-xppnc,linkerd-init,0.0
416,3,client1,client1-7b9db886dd-rjv88,linkerd-init,0.0
417,3,client1,client1-7b9db886dd-rjv88,linkerd-proxy,637.0230000000001
418,3,client13,client13-7bf86f4f87-4mz9b,client13,682.1730000000002
419,3,client13,client13-7bf86f4f87-4mz9b,linkerd-init,0.0
420,3,client13,client13-7bf86f4f87-4mz9b,sidecar,594.7379999999998
421,3,client13,client13-7bf86f4f87-4mz9b,linkerd-proxy,677.6039999999998
422,3,client20,client20-65f8864f77-hjckw,client20,710.5950000000003
423,3,client20,client20-65f8864f77-hjckw,sidecar,709.1760000000004
424,3,client20,client20-65f8864f77-hjckw,linkerd-proxy,710.5500000000002
425,3,server,server-656f98b57f-26dvf,server,502.09799999999973
426,3,server,server-656f98b57f-26dvf,sidecar,393.41399999999976
427,3,client10,client10-694b6b97b4-5j2xl,sidecar,664.0019999999995
428,3,client10,client10-694b6b97b4-5j2xl,linkerd-proxy,771.8729999999996
429,3,client10,client10-694b6b97b4-5j2xl,client10,772.1460000000002
430,3,api-gateway,api-gateway-6bf76d45b7-gfshk,sidecar,306.2069999999999
431,3,orchestrator,policy-enforcer-cb8dccbd8-5895d,sidecar,289.692
432,3,api-gateway,api-gateway-6bf76d45b7-gfshk,api-gateway,415.0379999999998
433,3,orchestrator,policy-enforcer-cb8dccbd8-5895d,policy-enforcer,177.79499999999996
434,3,orchestrator,orchestrator-555f7b7c9d-b8qvg,sidecar,397.1579999999999
435,3,orchestrator,orchestrator-555f7b7c9d-b8qvg,orchestrator,305.8860000000002
436,3,client1,client1-7b9db886dd-rjv88,client1,630.0660000000003
437,3,client1,client1-7b9db886dd-rjv88,sidecar,581.9099999999999
438,3,client17,maurits-dijk-a1ae290bclient171-fst4v,sidecar,636.9000000000001
439,3,client17,maurits-dijk-a1ae290bclient171-fst4v,hfl-train,753.0720000000001
440,3,client17,maurits-dijk-a1ae290bclient171-fst4v,hfl-train-model,713.3429999999998
441,3,client9,maurits-dijk-a1ae290bclient91-hwgnj,sidecar,601.6140000000003
442,3,client9,maurits-dijk-a1ae290bclient91-hwgnj,hfl-train-model,754.8779999999997
443,3,client9,maurits-dijk-a1ae290bclient91-hwgnj,hfl-train,798.9809999999998
444,3,client5,maurits-dijk-a1ae290bclient51-b44hx,hfl-train-model,603.777
445,3,client5,maurits-dijk-a1ae290bclient51-b44hx,hfl-train,649.3319999999994
446,3,client5,maurits-dijk-a1ae290bclient51-b44hx,sidecar,538.7610000000004
447,3,client1,maurits-dijk-a1ae290bclient11-n9t2l,sidecar,555.99
448,3,client1,maurits-dijk-a1ae290bclient11-n9t2l,hfl-train-model,630.654
449,3,client1,maurits-dijk-a1ae290bclient11-n9t2l,hfl-train,678.3360000000002
450,3,client13,maurits-dijk-a1ae290bclient131-fwh4r,hfl-train-model,674.7179999999998
451,3,client13,maurits-dijk-a1ae290bclient131-fwh4r,hfl-train,731.3159999999998
452,3,client13,maurits-dijk-a1ae290bclient131-fwh4r,sidecar,567.5579999999998
453,3,server,maurits-dijk-a1ae290bserver1-hkpc8,hfl-train-model,768.5430000000006
454,3,server,maurits-dijk-a1ae290bserver1-hkpc8,hfl-train,488.1210000000001
455,3,server,maurits-dijk-a1ae290bserver1-hkpc8,sidecar,409.90200000000027
456,4,client20,client20-65f8864f77-hjckw,linkerd-init,0.0
457,4,server,server-656f98b57f-26dvf,linkerd-proxy,456.73199999999997
458,4,server,server-656f98b57f-26dvf,linkerd-init,0.0
459,4,client8,client8-5845965f99-9jpl5,sidecar,583.2869999999998
460,4,client8,client8-5845965f99-9jpl5,linkerd-proxy,694.2870000000003
461,4,client8,client8-5845965f99-9jpl5,client8,694.587
462,4,client8,client8-5845965f99-9jpl5,linkerd-init,0.0
463,4,client14,client14-856b5b5576-94pcp,linkerd-proxy,662.6819999999998
464,4,client14,client14-856b5b5576-94pcp,linkerd-init,0.0
465,4,client14,client14-856b5b5576-94pcp,client14,662.895
466,4,client14,client14-856b5b5576-94pcp,sidecar,661.3410000000003
467,4,client10,client10-694b6b97b4-5j2xl,linkerd-init,0.0
468,4,orchestrator,policy-enforcer-cb8dccbd8-5895d,linkerd-proxy,340.4129999999998
469,4,api-gateway,api-gateway-6bf76d45b7-gfshk,linkerd-proxy,358.66200000000003
470,4,orchestrator,orchestrator-555f7b7c9d-b8qvg,linkerd-proxy,340.52099999999996
471,4,orchestrator,orchestrator-555f7b7c9d-b8qvg,linkerd-init,0.0
472,4,api-gateway,api-gateway-6bf76d45b7-gfshk,linkerd-init,0.0
473,4,orchestrator,policy-enforcer-cb8dccbd8-5895d,linkerd-init,0.0
474,4,client6,client6-785d875985-z8gh2,linkerd-init,0.0
475,4,client6,client6-785d875985-z8gh2,client6,731.0340000000001
476,4,client6,client6-785d875985-z8gh2,sidecar,728.7839999999992
477,4,client6,client6-785d875985-z8gh2,linkerd-proxy,730.8389999999995
478,4,client4,client4-744474fb99-j6rqt,linkerd-proxy,774.6959999999999
479,4,client4,client4-744474fb99-j6rqt,sidecar,773.2710000000002
480,4,client4,client4-744474fb99-j6rqt,client4,774.8280000000004
481,4,client4,client4-744474fb99-j6rqt,linkerd-init,0.0
482,4,client17,client17-69b85b5ccf-f7njx,linkerd-proxy,604.605
483,4,client17,client17-69b85b5ccf-f7njx,sidecar,505.7130000000002
484,4,client17,client17-69b85b5ccf-f7njx,client17,607.6199999999999
485,4,client17,client17-69b85b5ccf-f7njx,linkerd-init,0.0
486,4,client15,client15-79c969ddf-csdff,client15,736.893
487,4,client15,client15-79c969ddf-csdff,sidecar,735.4140000000007
488,4,client15,client15-79c969ddf-csdff,linkerd-init,0.0
489,4,client15,client15-79c969ddf-csdff,linkerd-proxy,736.7160000000003
490,4,client9,client9-d68fb99b4-jtqss,linkerd-init,0.0
491,4,client9,client9-d68fb99b4-jtqss,client9,614.5349999999994
492,4,client9,client9-d68fb99b4-jtqss,sidecar,550.0230000000001
493,4,client9,client9-d68fb99b4-jtqss,linkerd-proxy,612.4560000000001
494,4,client5,client5-7d5ff7f8b4-5xc6q,client5,733.8809999999999
495,4,client5,client5-7d5ff7f8b4-5xc6q,linkerd-init,0.0
496,4,client5,client5-7d5ff7f8b4-5xc6q,sidecar,560.9429999999998
497,4,client5,client5-7d5ff7f8b4-5xc6q,linkerd-proxy,731.085
498,4,client12,client12-79bc8d5846-bzcv2,sidecar,675.444
499,4,client12,client12-79bc8d5846-bzcv2,client12,801.6360000000004
500,4,client12,client12-79bc8d5846-bzcv2,linkerd-init,0.0
501,4,client12,client12-79bc8d5846-bzcv2,linkerd-proxy,801.4680000000003
502,4,client16,client16-6dc7f87f54-nrkvh,client16,825.1590000000001
503,4,client16,client16-6dc7f87f54-nrkvh,sidecar,823.377
504,4,client16,client16-6dc7f87f54-nrkvh,linkerd-init,0.0
505,4,client16,client16-6dc7f87f54-nrkvh,linkerd-proxy,824.9370000000008
506,4,client2,client2-86cd6d8cf7-ngwfh,sidecar,855.242999999999
507,4,client2,client2-86cd6d8cf7-ngwfh,client2,857.0369999999994
508,4,client2,client2-86cd6d8cf7-ngwfh,linkerd-proxy,856.8810000000003
509,4,client2,client2-86cd6d8cf7-ngwfh,linkerd-init,0.0
510,4,client3,client3-58c68898cd-jqjck,sidecar,857.5350000000003
511,4,client3,client3-58c68898cd-jqjck,linkerd-proxy,859.9679999999998
512,4,client3,client3-58c68898cd-jqjck,client3,860.1929999999998
513,4,client3,client3-58c68898cd-jqjck,linkerd-init,0.0
514,4,client18,client18-69db77c748-flz89,client18,766.5059999999999
515,4,client18,client18-69db77c748-flz89,sidecar,764.7000000000003
516,4,client18,client18-69db77c748-flz89,linkerd-init,0.0
517,4,client18,client18-69db77c748-flz89,linkerd-proxy,766.308
518,4,client7,client7-544486cc98-m2z98,sidecar,878.0700000000006
519,4,client7,client7-544486cc98-m2z98,linkerd-proxy,879.3539999999998
520,4,client7,client7-544486cc98-m2z98,client7,879.8609999999999
521,4,client7,client7-544486cc98-m2z98,linkerd-init,0.0
522,4,client11,client11-565c48c7c7-q8xtl,sidecar,735.219
523,4,client11,client11-565c48c7c7-q8xtl,linkerd-proxy,804.8580000000002
524,4,client11,client11-565c48c7c7-q8xtl,client11,804.8520000000003
525,4,client11,client11-565c48c7c7-q8xtl,linkerd-init,0.0
526,4,client19,client19-56fccdb4d9-xppnc,linkerd-proxy,889.5600000000004
527,4,client19,client19-56fccdb4d9-xppnc,client19,889.7309999999998
528,4,client19,client19-56fccdb4d9-xppnc,sidecar,887.8049999999998
529,4,client19,client19-56fccdb4d9-xppnc,linkerd-init,0.0
530,4,client1,client1-7b9db886dd-rjv88,linkerd-init,0.0
531,4,client1,client1-7b9db886dd-rjv88,linkerd-proxy,821.451
532,4,client13,client13-7bf86f4f87-4mz9b,client13,792.7379999999998
533,4,client13,client13-7bf86f4f87-4mz9b,linkerd-init,0.0
534,4,client13,client13-7bf86f4f87-4mz9b,sidecar,669.8760000000002
535,4,client13,client13-7bf86f4f87-4mz9b,linkerd-proxy,788.799
536,4,client20,client20-65f8864f77-hjckw,client20,850.6229999999996
537,4,client20,client20-65f8864f77-hjckw,sidecar,848.9159999999997
538,4,client20,client20-65f8864f77-hjckw,linkerd-proxy,850.6500000000001
539,4,server,server-656f98b57f-26dvf,server,472.25700000000006
540,4,server,server-656f98b57f-26dvf,sidecar,387.42600000000016
541,4,client10,client10-694b6b97b4-5j2xl,sidecar,646.4370000000004
542,4,client10,client10-694b6b97b4-5j2xl,linkerd-proxy,712.8660000000004
543,4,client10,client10-694b6b97b4-5j2xl,client10,712.7639999999997
544,4,api-gateway,api-gateway-6bf76d45b7-gfshk,sidecar,265.39200000000005
545,4,orchestrator,policy-enforcer-cb8dccbd8-5895d,sidecar,238.32600000000002
546,4,api-gateway,api-gateway-6bf76d45b7-gfshk,api-gateway,367.4820000000002
547,4,orchestrator,policy-enforcer-cb8dccbd8-5895d,policy-enforcer,160.077
548,4,orchestrator,orchestrator-555f7b7c9d-b8qvg,sidecar,339.67499999999995
549,4,orchestrator,orchestrator-555f7b7c9d-b8qvg,orchestrator,273.72299999999996
550,4,client1,client1-7b9db886dd-rjv88,client1,822.06
551,4,client1,client1-7b9db886dd-rjv88,sidecar,783.2160000000003
552,4,client17,maurits-dijk-a1ae290bclient171-fst4v,sidecar,563.7840000000001
553,4,client17,maurits-dijk-a1ae290bclient171-fst4v,hfl-train,647.241
554,4,client17,maurits-dijk-a1ae290bclient171-fst4v,hfl-train-model,601.8090000000002
555,4,client9,maurits-dijk-a1ae290bclient91-hwgnj,sidecar,498.99899999999934
556,4,client9,maurits-dijk-a1ae290bclient91-hwgnj,hfl-train-model,607.8540000000003
557,4,client9,maurits-dijk-a1ae290bclient91-hwgnj,hfl-train,647.7660000000001
558,4,client5,maurits-dijk-a1ae290bclient51-b44hx,hfl-train-model,728.7180000000003
559,4,client5,maurits-dijk-a1ae290bclient51-b44hx,hfl-train,766.5270000000005
560,4,client5,maurits-dijk-a1ae290bclient51-b44hx,sidecar,689.5829999999996
561,4,client1,maurits-dijk-a1ae290bclient11-n9t2l,sidecar,658.6950000000002
562,4,client1,maurits-dijk-a1ae290bclient11-n9t2l,hfl-train-model,815.0519999999997
563,4,client1,maurits-dijk-a1ae290bclient11-n9t2l,hfl-train,863.1479999999997
564,4,client13,maurits-dijk-a1ae290bclient131-fwh4r,hfl-train-model,785.6610000000001
565,4,client13,maurits-dijk-a1ae290bclient131-fwh4r,hfl-train,841.2089999999998
566,4,client13,maurits-dijk-a1ae290bclient131-fwh4r,sidecar,692.8199999999997
567,4,server,maurits-dijk-a1ae290bserver1-hkpc8,hfl-train-model,740.6819999999998
568,4,server,maurits-dijk-a1ae290bserver1-hkpc8,hfl-train,452.8470000000002
569,4,server,maurits-dijk-a1ae290bserver1-hkpc8,sidecar,362.4659999999999
570,5,client20,client20-65f8864f77-hjckw,linkerd-init,0.0
571,5,server,server-656f98b57f-26dvf,linkerd-proxy,596.181
572,5,server,server-656f98b57f-26dvf,linkerd-init,0.0
573,5,client8,client8-5845965f99-9jpl5,sidecar,700.0920000000006
574,5,client8,client8-5845965f99-9jpl5,linkerd-proxy,817.6499999999996
575,5,client8,client8-5845965f99-9jpl5,client8,817.9050000000007
576,5,client8,client8-5845965f99-9jpl5,linkerd-init,0.0
577,5,client14,client14-856b5b5576-94pcp,linkerd-proxy,818.5650000000005
578,5,client14,client14-856b5b5576-94pcp,linkerd-init,0.0
579,5,client14,client14-856b5b5576-94pcp,client14,818.7540000000008
580,5,client14,client14-856b5b5576-94pcp,sidecar,816.8100000000004
581,5,client10,client10-694b6b97b4-5j2xl,linkerd-init,0.0
582,5,orchestrator,policy-enforcer-cb8dccbd8-5895d,linkerd-proxy,413.3639999999998
583,5,api-gateway,api-gateway-6bf76d45b7-gfshk,linkerd-proxy,433.6079999999997
584,5,orchestrator,orchestrator-555f7b7c9d-b8qvg,linkerd-proxy,413.5139999999999
585,5,orchestrator,orchestrator-555f7b7c9d-b8qvg,linkerd-init,0.0
586,5,api-gateway,api-gateway-6bf76d45b7-gfshk,linkerd-init,0.0
587,5,orchestrator,policy-enforcer-cb8dccbd8-5895d,linkerd-init,0.0
588,5,client6,client6-785d875985-z8gh2,linkerd-init,0.0
589,5,client6,client6-785d875985-z8gh2,client6,661.7700000000004
590,5,client6,client6-785d875985-z8gh2,sidecar,659.7030000000013
591,5,client6,client6-785d875985-z8gh2,linkerd-proxy,661.6679999999997
592,5,client4,client4-744474fb99-j6rqt,linkerd-proxy,718.1010000000006
593,5,client4,client4-744474fb99-j6rqt,sidecar,716.652
594,5,client4,client4-744474fb99-j6rqt,client4,718.2389999999996
595,5,client4,client4-744474fb99-j6rqt,linkerd-init,0.0
596,5,client17,client17-69b85b5ccf-f7njx,linkerd-proxy,660.5369999999998
597,5,client17,client17-69b85b5ccf-f7njx,sidecar,564.8910000000001
598,5,client17,client17-69b85b5ccf-f7njx,client17,663.1739999999995
599,5,client17,client17-69b85b5ccf-f7njx,linkerd-init,0.0
600,5,client15,client15-79c969ddf-csdff,client15,677.4480000000003
601,5,client15,client15-79c969ddf-csdff,sidecar,675.9809999999998
602,5,client15,client15-79c969ddf-csdff,linkerd-init,0.0
603,5,client15,client15-79c969ddf-csdff,linkerd-proxy,677.2439999999997
604,5,client9,client9-d68fb99b4-jtqss,linkerd-init,0.0
605,5,client9,client9-d68fb99b4-jtqss,client9,675.8340000000007
606,5,client9,client9-d68fb99b4-jtqss,sidecar,586.9319999999998
607,5,client9,client9-d68fb99b4-jtqss,linkerd-proxy,674.3580000000002
608,5,client5,client5-7d5ff7f8b4-5xc6q,client5,653.0789999999997
609,5,client5,client5-7d5ff7f8b4-5xc6q,linkerd-init,0.0
610,5,client5,client5-7d5ff7f8b4-5xc6q,sidecar,464.25
611,5,client5,client5-7d5ff7f8b4-5xc6q,linkerd-proxy,650.7719999999995
612,5,client12,client12-79bc8d5846-bzcv2,sidecar,575.4119999999994
613,5,client12,client12-79bc8d5846-bzcv2,client12,685.0589999999993
614,5,client12,client12-79bc8d5846-bzcv2,linkerd-init,0.0
615,5,client12,client12-79bc8d5846-bzcv2,linkerd-proxy,684.9449999999988
616,5,client16,client16-6dc7f87f54-nrkvh,client16,705.0779999999995
617,5,client16,client16-6dc7f87f54-nrkvh,sidecar,703.2659999999996
618,5,client16,client16-6dc7f87f54-nrkvh,linkerd-init,0.0
619,5,client16,client16-6dc7f87f54-nrkvh,linkerd-proxy,704.9279999999999
620,5,client2,client2-86cd6d8cf7-ngwfh,sidecar,675.7710000000006
621,5,client2,client2-86cd6d8cf7-ngwfh,client2,677.3550000000005
622,5,client2,client2-86cd6d8cf7-ngwfh,linkerd-proxy,677.1599999999999
623,5,client2,client2-86cd6d8cf7-ngwfh,linkerd-init,0.0
624,5,client3,client3-58c68898cd-jqjck,sidecar,700.0469999999996
625,5,client3,client3-58c68898cd-jqjck,linkerd-proxy,702.1410000000005
626,5,client3,client3-58c68898cd-jqjck,client3,702.1860000000001
627,5,client3,client3-58c68898cd-jqjck,linkerd-init,0.0
628,5,client18,client18-69db77c748-flz89,client18,783.7020000000002
629,5,client18,client18-69db77c748-flz89,sidecar,782.2649999999994
630,5,client18,client18-69db77c748-flz89,linkerd-init,0.0
631,5,client18,client18-69db77c748-flz89,linkerd-proxy,783.5520000000001
632,5,client7,client7-544486cc98-m2z98,sidecar,739.509
633,5,client7,client7-544486cc98-m2z98,linkerd-proxy,740.5619999999999
634,5,client7,client7-544486cc98-m2z98,client7,740.8919999999998
635,5,client7,client7-544486cc98-m2z98,linkerd-init,0.0
636,5,client11,client11-565c48c7c7-q8xtl,sidecar,606.8160000000003
637,5,client11,client11-565c48c7c7-q8xtl,linkerd-proxy,695.1959999999999
638,5,client11,client11-565c48c7c7-q8xtl,client11,695.4030000000002
639,5,client11,client11-565c48c7c7-q8xtl,linkerd-init,0.0
640,5,client19,client19-56fccdb4d9-xppnc,linkerd-proxy,776.8289999999997
641,5,client19,client19-56fccdb4d9-xppnc,client19,776.9760000000006
642,5,client19,client19-56fccdb4d9-xppnc,sidecar,775.5150000000003
643,5,client19,client19-56fccdb4d9-xppnc,linkerd-init,0.0
644,5,client1,client1-7b9db886dd-rjv88,linkerd-init,0.0
645,5,client1,client1-7b9db886dd-rjv88,linkerd-proxy,671.4270000000006
646,5,client13,client13-7bf86f4f87-4mz9b,client13,692.0430000000001
647,5,client13,client13-7bf86f4f87-4mz9b,linkerd-init,0.0
648,5,client13,client13-7bf86f4f87-4mz9b,sidecar,568.422
649,5,client13,client13-7bf86f4f87-4mz9b,linkerd-proxy,686.2799999999993
650,5,client20,client20-65f8864f77-hjckw,client20,708.6059999999998
651,5,client20,client20-65f8864f77-hjckw,sidecar,707.2290000000003
652,5,client20,client20-65f8864f77-hjckw,linkerd-proxy,708.576
653,5,server,server-656f98b57f-26dvf,server,610.3530000000001
654,5,server,server-656f98b57f-26dvf,sidecar,474.11400000000003
655,5,client10,client10-694b6b97b4-5j2xl,sidecar,749.2889999999998
656,5,client10,client10-694b6b97b4-5j2xl,linkerd-proxy,872.9189999999999
657,5,client10,client10-694b6b97b4-5j2xl,client10,872.9849999999997
658,5,api-gateway,api-gateway-6bf76d45b7-gfshk,sidecar,306.279
659,5,orchestrator,policy-enforcer-cb8dccbd8-5895d,sidecar,336.61800000000017
660,5,api-gateway,api-gateway-6bf76d45b7-gfshk,api-gateway,417.837
661,5,orchestrator,policy-enforcer-cb8dccbd8-5895d,policy-enforcer,212.30999999999995
662,5,orchestrator,orchestrator-555f7b7c9d-b8qvg,sidecar,371.9070000000004
663,5,orchestrator,orchestrator-555f7b7c9d-b8qvg,orchestrator,313.1399999999999
664,5,client1,client1-7b9db886dd-rjv88,client1,671.5919999999996
665,5,client1,client1-7b9db886dd-rjv88,sidecar,619.4549999999999
666,5,client17,maurits-dijk-a1ae290bclient171-fst4v,sidecar,555.2099999999996
667,5,client17,maurits-dijk-a1ae290bclient171-fst4v,hfl-train,704.3729999999996
668,5,client17,maurits-dijk-a1ae290bclient171-fst4v,hfl-train-model,657.5819999999994
669,5,client9,maurits-dijk-a1ae290bclient91-hwgnj,sidecar,448.91700000000037
670,5,client9,maurits-dijk-a1ae290bclient91-hwgnj,hfl-train-model,669.4920000000002
671,5,client9,maurits-dijk-a1ae290bclient91-hwgnj,hfl-train,713.9460000000004
672,5,client5,maurits-dijk-a1ae290bclient51-b44hx,hfl-train-model,648.3059999999996
673,5,client5,maurits-dijk-a1ae290bclient51-b44hx,hfl-train,684.4859999999994
674,5,client5,maurits-dijk-a1ae290bclient51-b44hx,sidecar,583.1280000000002
675,5,client1,maurits-dijk-a1ae290bclient11-n9t2l,sidecar,497.7539999999999
676,5,client1,maurits-dijk-a1ae290bclient11-n9t2l,hfl-train-model,664.7279999999996
677,5,client1,maurits-dijk-a1ae290bclient11-n9t2l,hfl-train,714.906
678,5,client13,maurits-dijk-a1ae290bclient131-fwh4r,hfl-train-model,683.2469999999998
679,5,client13,maurits-dijk-a1ae290bclient131-fwh4r,hfl-train,740.9279999999999
680,5,client13,maurits-dijk-a1ae290bclient131-fwh4r,sidecar,497.86200000000053
681,5,server,maurits-dijk-a1ae290bserver1-hkpc8,hfl-train-model,857.5020000000004
682,5,server,maurits-dijk-a1ae290bserver1-hkpc8,hfl-train,592.377
683,5,server,maurits-dijk-a1ae290bserver1-hkpc8,sidecar,470.3609999999999
684,6,client20,client20-65f8864f77-hjckw,linkerd-init,0.0
685,6,server,server-656f98b57f-26dvf,linkerd-proxy,456.4409999999998
686,6,server,server-656f98b57f-26dvf,linkerd-init,0.0
687,6,client8,client8-5845965f99-9jpl5,sidecar,647.369999999999
688,6,client8,client8-5845965f99-9jpl5,linkerd-proxy,712.8690000000006
689,6,client8,client8-5845965f99-9jpl5,client8,713.1239999999989
690,6,client8,client8-5845965f99-9jpl5,linkerd-init,0.0
691,6,client14,client14-856b5b5576-94pcp,linkerd-proxy,696.3419999999996
692,6,client14,client14-856b5b5576-94pcp,linkerd-init,0.0
693,6,client14,client14-856b5b5576-94pcp,client14,696.6659999999993
694,6,client14,client14-856b5b5576-94pcp,sidecar,694.9469999999992
695,6,client10,client10-694b6b97b4-5j2xl,linkerd-init,0.0
696,6,orchestrator,policy-enforcer-cb8dccbd8-5895d,linkerd-proxy,345.58500000000004
697,6,api-gateway,api-gateway-6bf76d45b7-gfshk,linkerd-proxy,364.1880000000001
698,6,orchestrator,orchestrator-555f7b7c9d-b8qvg,linkerd-proxy,345.6419999999998
699,6,orchestrator,orchestrator-555f7b7c9d-b8qvg,linkerd-init,0.0
700,6,api-gateway,api-gateway-6bf76d45b7-gfshk,linkerd-init,0.0
701,6,orchestrator,policy-enforcer-cb8dccbd8-5895d,linkerd-init,0.0
702,6,client6,client6-785d875985-z8gh2,linkerd-init,0.0
703,6,client6,client6-785d875985-z8gh2,client6,923.8079999999991
704,6,client6,client6-785d875985-z8gh2,sidecar,920.9609999999993
705,6,client6,client6-785d875985-z8gh2,linkerd-proxy,923.4930000000004
706,6,client4,client4-744474fb99-j6rqt,linkerd-proxy,831.6329999999998
707,6,client4,client4-744474fb99-j6rqt,sidecar,830.0100000000002
708,6,client4,client4-744474fb99-j6rqt,client4,831.7740000000003
709,6,client4,client4-744474fb99-j6rqt,linkerd-init,0.0
710,6,client17,client17-69b85b5ccf-f7njx,linkerd-proxy,779.6099999999997
711,6,client17,client17-69b85b5ccf-f7njx,sidecar,676.5930000000003
712,6,client17,client17-69b85b5ccf-f7njx,client17,781.3950000000013
713,6,client17,client17-69b85b5ccf-f7njx,linkerd-init,0.0
714,6,client15,client15-79c969ddf-csdff,client15,903.576
715,6,client15,client15-79c969ddf-csdff,sidecar,901.6199999999999
716,6,client15,client15-79c969ddf-csdff,linkerd-init,0.0
717,6,client15,client15-79c969ddf-csdff,linkerd-proxy,903.2880000000005
718,6,client9,client9-d68fb99b4-jtqss,linkerd-init,0.0
719,6,client9,client9-d68fb99b4-jtqss,client9,756.3059999999996
720,6,client9,client9-d68fb99b4-jtqss,sidecar,618.261
721,6,client9,client9-d68fb99b4-jtqss,linkerd-proxy,756.4260000000004
722,6,client5,client5-7d5ff7f8b4-5xc6q,client5,719.8770000000004
723,6,client5,client5-7d5ff7f8b4-5xc6q,linkerd-init,0.0
724,6,client5,client5-7d5ff7f8b4-5xc6q,sidecar,620.3279999999995
725,6,client5,client5-7d5ff7f8b4-5xc6q,linkerd-proxy,717.5190000000011
726,6,client12,client12-79bc8d5846-bzcv2,sidecar,670.2540000000008
727,6,client12,client12-79bc8d5846-bzcv2,client12,759.2010000000009
728,6,client12,client12-79bc8d5846-bzcv2,linkerd-init,0.0
729,6,client12,client12-79bc8d5846-bzcv2,linkerd-proxy,759.273000000001
730,6,client16,client16-6dc7f87f54-nrkvh,client16,788.8920000000007
731,6,client16,client16-6dc7f87f54-nrkvh,sidecar,786.2640000000001
732,6,client16,client16-6dc7f87f54-nrkvh,linkerd-init,0.0
733,6,client16,client16-6dc7f87f54-nrkvh,linkerd-proxy,788.6819999999989
734,6,client2,client2-86cd6d8cf7-ngwfh,sidecar,869.6970000000001
735,6,client2,client2-86cd6d8cf7-ngwfh,client2,871.6409999999996
736,6,client2,client2-86cd6d8cf7-ngwfh,linkerd-proxy,871.3320000000003
737,6,client2,client2-86cd6d8cf7-ngwfh,linkerd-init,0.0
738,6,client3,client3-58c68898cd-jqjck,sidecar,817.8810000000012
739,6,client3,client3-58c68898cd-jqjck,linkerd-proxy,820.3739999999998
740,6,client3,client3-58c68898cd-jqjck,client3,820.5690000000004
741,6,client3,client3-58c68898cd-jqjck,linkerd-init,0.0
742,6,client18,client18-69db77c748-flz89,client18,1027.5749999999998
743,6,client18,client18-69db77c748-flz89,sidecar,1025.679
744,6,client18,client18-69db77c748-flz89,linkerd-init,0.0
745,6,client18,client18-69db77c748-flz89,linkerd-proxy,1027.245
746,6,client7,client7-544486cc98-m2z98,sidecar,828.1919999999991
747,6,client7,client7-544486cc98-m2z98,linkerd-proxy,829.5959999999995
748,6,client7,client7-544486cc98-m2z98,client7,830.076
749,6,client7,client7-544486cc98-m2z98,linkerd-init,0.0
750,6,client11,client11-565c48c7c7-q8xtl,sidecar,758.04
751,6,client11,client11-565c48c7c7-q8xtl,linkerd-proxy,815.8649999999998
752,6,client11,client11-565c48c7c7-q8xtl,client11,816.2339999999995
753,6,client11,client11-565c48c7c7-q8xtl,linkerd-init,0.0
754,6,client19,client19-56fccdb4d9-xppnc,linkerd-proxy,730.7039999999997
755,6,client19,client19-56fccdb4d9-xppnc,client19,730.8119999999999
756,6,client19,client19-56fccdb4d9-xppnc,sidecar,729.2579999999998
757,6,client19,client19-56fccdb4d9-xppnc,linkerd-init,0.0
758,6,client1,client1-7b9db886dd-rjv88,linkerd-init,0.0
759,6,client1,client1-7b9db886dd-rjv88,linkerd-proxy,699.6479999999992
760,6,client13,client13-7bf86f4f87-4mz9b,client13,675.2370000000001
761,6,client13,client13-7bf86f4f87-4mz9b,linkerd-init,0.0
762,6,client13,client13-7bf86f4f87-4mz9b,sidecar,541.701
763,6,client13,client13-7bf86f4f87-4mz9b,linkerd-proxy,671.295000000001
764,6,client20,client20-65f8864f77-hjckw,client20,679.7850000000008
765,6,client20,client20-65f8864f77-hjckw,sidecar,678.2910000000002
766,6,client20,client20-65f8864f77-hjckw,linkerd-proxy,679.6170000000002
767,6,server,server-656f98b57f-26dvf,server,473.26800000000003
768,6,server,server-656f98b57f-26dvf,sidecar,381.1439999999998
769,6,client10,client10-694b6b97b4-5j2xl,sidecar,551.8170000000009
770,6,client10,client10-694b6b97b4-5j2xl,linkerd-proxy,727.2539999999999
771,6,client10,client10-694b6b97b4-5j2xl,client10,727.1370000000006
772,6,api-gateway,api-gateway-6bf76d45b7-gfshk,sidecar,247.27500000000032
773,6,orchestrator,policy-enforcer-cb8dccbd8-5895d,sidecar,321.7829999999997
774,6,api-gateway,api-gateway-6bf76d45b7-gfshk,api-gateway,345.43200000000024
775,6,orchestrator,policy-enforcer-cb8dccbd8-5895d,policy-enforcer,214.99500000000012
776,6,orchestrator,orchestrator-555f7b7c9d-b8qvg,sidecar,308.40899999999965
777,6,orchestrator,orchestrator-555f7b7c9d-b8qvg,orchestrator,176.17200000000003
778,6,client1,client1-7b9db886dd-rjv88,client1,701.3249999999998
779,6,client1,client1-7b9db886dd-rjv88,sidecar,613.5299999999997
780,6,client17,maurits-dijk-a1ae290bclient171-fst4v,sidecar,567.8070000000002
781,6,client17,maurits-dijk-a1ae290bclient171-fst4v,hfl-train,815.1000000000004
782,6,client17,maurits-dijk-a1ae290bclient171-fst4v,hfl-train-model,776.3190000000004
783,6,client9,maurits-dijk-a1ae290bclient91-hwgnj,sidecar,588.5279999999998
784,6,client9,maurits-dijk-a1ae290bclient91-hwgnj,hfl-train-model,750.0749999999998
785,6,client9,maurits-dijk-a1ae290bclient91-hwgnj,hfl-train,788.6610000000001
786,6,client5,maurits-dijk-a1ae290bclient51-b44hx,hfl-train-model,715.4759999999997
787,6,client5,maurits-dijk-a1ae290bclient51-b44hx,hfl-train,752.4930000000004
788,6,client5,maurits-dijk-a1ae290bclient51-b44hx,sidecar,558.7950000000001
789,6,client1,maurits-dijk-a1ae290bclient11-n9t2l,sidecar,569.8380000000002
790,6,client1,maurits-dijk-a1ae290bclient11-n9t2l,hfl-train-model,692.5320000000011
791,6,client1,maurits-dijk-a1ae290bclient11-n9t2l,hfl-train,740.0790000000006
792,6,client13,maurits-dijk-a1ae290bclient131-fwh4r,hfl-train-model,668.2650000000003
793,6,client13,maurits-dijk-a1ae290bclient131-fwh4r,hfl-train,723.2970000000005
794,6,client13,maurits-dijk-a1ae290bclient131-fwh4r,sidecar,588.0600000000004
795,6,server,maurits-dijk-a1ae290bserver1-hkpc8,hfl-train-model,786.7649999999994
796,6,server,maurits-dijk-a1ae290bserver1-hkpc8,hfl-train,452.808
797,6,server,maurits-dijk-a1ae290bserver1-hkpc8,sidecar,386.53200000000015
798,7,client20,client20-65f8864f77-hjckw,linkerd-init,0.0
799,7,server,server-656f98b57f-26dvf,linkerd-proxy,556.3560000000007
800,7,server,server-656f98b57f-26dvf,linkerd-init,0.0
801,7,client8,client8-5845965f99-9jpl5,sidecar,880.8150000000005
802,7,client8,client8-5845965f99-9jpl5,linkerd-proxy,958.5029999999997
803,7,client8,client8-5845965f99-9jpl5,client8,958.8030000000008
804,7,client8,client8-5845965f99-9jpl5,linkerd-init,0.0
805,7,client14,client14-856b5b5576-94pcp,linkerd-proxy,688.1760000000004
806,7,client14,client14-856b5b5576-94pcp,linkerd-init,0.0
807,7,client14,client14-856b5b5576-94pcp,client14,688.3739999999998
808,7,client14,client14-856b5b5576-94pcp,sidecar,686.7000000000007
809,7,client10,client10-694b6b97b4-5j2xl,linkerd-init,0.0
810,7,orchestrator,policy-enforcer-cb8dccbd8-5895d,linkerd-proxy,336.9480000000003
811,7,api-gateway,api-gateway-6bf76d45b7-gfshk,linkerd-proxy,355.80600000000004
812,7,orchestrator,orchestrator-555f7b7c9d-b8qvg,linkerd-proxy,336.91200000000026
813,7,orchestrator,orchestrator-555f7b7c9d-b8qvg,linkerd-init,0.0
814,7,api-gateway,api-gateway-6bf76d45b7-gfshk,linkerd-init,0.0
815,7,orchestrator,policy-enforcer-cb8dccbd8-5895d,linkerd-init,0.0
816,7,client6,client6-785d875985-z8gh2,linkerd-init,0.0
817,7,client6,client6-785d875985-z8gh2,client6,682.0320000000002
818,7,client6,client6-785d875985-z8gh2,sidecar,679.6889999999994
819,7,client6,client6-785d875985-z8gh2,linkerd-proxy,681.8759999999993
820,7,client4,client4-744474fb99-j6rqt,linkerd-proxy,778.3620000000001
821,7,client4,client4-744474fb99-j6rqt,sidecar,777.0389999999998
822,7,client4,client4-744474fb99-j6rqt,client4,778.5060000000003
823,7,client4,client4-744474fb99-j6rqt,linkerd-init,0.0
824,7,client17,client17-69b85b5ccf-f7njx,linkerd-proxy,626.889000000001
825,7,client17,client17-69b85b5ccf-f7njx,sidecar,598.4519999999993
826,7,client17,client17-69b85b5ccf-f7njx,client17,630.5489999999991
827,7,client17,client17-69b85b5ccf-f7njx,linkerd-init,0.0
828,7,client15,client15-79c969ddf-csdff,client15,672.4739999999993
829,7,client15,client15-79c969ddf-csdff,sidecar,670.9319999999998
830,7,client15,client15-79c969ddf-csdff,linkerd-init,0.0
831,7,client15,client15-79c969ddf-csdff,linkerd-proxy,672.2579999999989
832,7,client9,client9-d68fb99b4-jtqss,linkerd-init,0.0
833,7,client9,client9-d68fb99b4-jtqss,client9,660.8130000000001
834,7,client9,client9-d68fb99b4-jtqss,sidecar,593.1689999999999
835,7,client9,client9-d68fb99b4-jtqss,linkerd-proxy,657.7709999999997
836,7,client5,client5-7d5ff7f8b4-5xc6q,client5,621.4229999999998
837,7,client5,client5-7d5ff7f8b4-5xc6q,linkerd-init,0.0
838,7,client5,client5-7d5ff7f8b4-5xc6q,sidecar,509.799
839,7,client5,client5-7d5ff7f8b4-5xc6q,linkerd-proxy,617.6459999999997
840,7,client12,client12-79bc8d5846-bzcv2,sidecar,582.8639999999996
841,7,client12,client12-79bc8d5846-bzcv2,client12,655.5119999999988
842,7,client12,client12-79bc8d5846-bzcv2,linkerd-init,0.0
843,7,client12,client12-79bc8d5846-bzcv2,linkerd-proxy,655.3859999999995
844,7,client16,client16-6dc7f87f54-nrkvh,client16,736.1639999999998
845,7,client16,client16-6dc7f87f54-nrkvh,sidecar,734.1930000000002
846,7,client16,client16-6dc7f87f54-nrkvh,linkerd-init,0.0
847,7,client16,client16-6dc7f87f54-nrkvh,linkerd-proxy,735.969
848,7,client2,client2-86cd6d8cf7-ngwfh,sidecar,740.7119999999995
849,7,client2,client2-86cd6d8cf7-ngwfh,client2,742.2240000000002
850,7,client2,client2-86cd6d8cf7-ngwfh,linkerd-proxy,742.0649999999996
851,7,client2,client2-86cd6d8cf7-ngwfh,linkerd-init,0.0
852,7,client3,client3-58c68898cd-jqjck,sidecar,672.3269999999993
853,7,client3,client3-58c68898cd-jqjck,linkerd-proxy,674.3249999999998
854,7,client3,client3-58c68898cd-jqjck,client3,674.4029999999993
855,7,client3,client3-58c68898cd-jqjck,linkerd-init,0.0
856,7,client18,client18-69db77c748-flz89,client18,801.0660000000007
857,7,client18,client18-69db77c748-flz89,sidecar,799.6020000000008
858,7,client18,client18-69db77c748-flz89,linkerd-init,0.0
859,7,client18,client18-69db77c748-flz89,linkerd-proxy,801.0059999999994
860,7,client7,client7-544486cc98-m2z98,sidecar,751.3980000000001
861,7,client7,client7-544486cc98-m2z98,linkerd-proxy,752.5050000000001
862,7,client7,client7-544486cc98-m2z98,client7,752.9700000000003
863,7,client7,client7-544486cc98-m2z98,linkerd-init,0.0
864,7,client11,client11-565c48c7c7-q8xtl,sidecar,655.3739999999998
865,7,client11,client11-565c48c7c7-q8xtl,linkerd-proxy,681.2400000000007
866,7,client11,client11-565c48c7c7-q8xtl,client11,681.558
867,7,client11,client11-565c48c7c7-q8xtl,linkerd-init,0.0
868,7,client19,client19-56fccdb4d9-xppnc,linkerd-proxy,798.3900000000003
869,7,client19,client19-56fccdb4d9-xppnc,client19,798.5910000000003
870,7,client19,client19-56fccdb4d9-xppnc,sidecar,796.7730000000001
871,7,client19,client19-56fccdb4d9-xppnc,linkerd-init,0.0
872,7,client1,client1-7b9db886dd-rjv88,linkerd-init,0.0
873,7,client1,client1-7b9db886dd-rjv88,linkerd-proxy,765.3599999999997
874,7,client13,client13-7bf86f4f87-4mz9b,client13,776.1419999999998
875,7,client13,client13-7bf86f4f87-4mz9b,linkerd-init,0.0
876,7,client13,client13-7bf86f4f87-4mz9b,sidecar,609.0150000000003
877,7,client13,client13-7bf86f4f87-4mz9b,linkerd-proxy,773.6729999999989
878,7,client20,client20-65f8864f77-hjckw,client20,849.3900000000003
879,7,client20,client20-65f8864f77-hjckw,sidecar,847.5929999999998
880,7,client20,client20-65f8864f77-hjckw,linkerd-proxy,849.1499999999996
881,7,server,server-656f98b57f-26dvf,server,572.0579999999995
882,7,server,server-656f98b57f-26dvf,sidecar,514.8660000000004
883,7,client10,client10-694b6b97b4-5j2xl,sidecar,671.771999999999
884,7,client10,client10-694b6b97b4-5j2xl,linkerd-proxy,797.8230000000003
885,7,client10,client10-694b6b97b4-5j2xl,client10,797.7929999999997
886,7,api-gateway,api-gateway-6bf76d45b7-gfshk,sidecar,304.89599999999973
887,7,orchestrator,policy-enforcer-cb8dccbd8-5895d,sidecar,318.279
888,7,api-gateway,api-gateway-6bf76d45b7-gfshk,api-gateway,346.3409999999999
889,7,orchestrator,policy-enforcer-cb8dccbd8-5895d,policy-enforcer,247.31099999999992
890,7,orchestrator,orchestrator-555f7b7c9d-b8qvg,sidecar,294.01200000000017
891,7,orchestrator,orchestrator-555f7b7c9d-b8qvg,orchestrator,141.2610000000002
892,7,client1,client1-7b9db886dd-rjv88,client1,767.4270000000006
893,7,client1,client1-7b9db886dd-rjv88,sidecar,671.8110000000006
894,7,client17,maurits-dijk-a1ae290bclient171-fst4v,sidecar,407.39100000000053
895,7,client17,maurits-dijk-a1ae290bclient171-fst4v,hfl-train,667.8959999999997
896,7,client17,maurits-dijk-a1ae290bclient171-fst4v,hfl-train-model,624.0450000000001
897,7,client9,maurits-dijk-a1ae290bclient91-hwgnj,sidecar,408.16799999999967
898,7,client9,maurits-dijk-a1ae290bclient91-hwgnj,hfl-train-model,652.5420000000004
899,7,client9,maurits-dijk-a1ae290bclient91-hwgnj,hfl-train,699.723
900,7,client5,maurits-dijk-a1ae290bclient51-b44hx,hfl-train-model,615.7410000000009
901,7,client5,maurits-dijk-a1ae290bclient51-b44hx,hfl-train,653.0040000000008
902,7,client5,maurits-dijk-a1ae290bclient51-b44hx,sidecar,512.8020000000006
903,7,client1,maurits-dijk-a1ae290bclient11-n9t2l,sidecar,656.652
904,7,client1,maurits-dijk-a1ae290bclient11-n9t2l,hfl-train-model,758.2199999999993
905,7,client1,maurits-dijk-a1ae290bclient11-n9t2l,hfl-train,806.9969999999994
906,7,client13,maurits-dijk-a1ae290bclient131-fwh4r,hfl-train-model,770.5379999999996
907,7,client13,maurits-dijk-a1ae290bclient131-fwh4r,hfl-train,826.0739999999996
908,7,client13,maurits-dijk-a1ae290bclient131-fwh4r,sidecar,653.1179999999995
909,7,server,maurits-dijk-a1ae290bserver1-hkpc8,hfl-train-model,889.2929999999997
910,7,server,maurits-dijk-a1ae290bserver1-hkpc8,hfl-train,552.8460000000005
911,7,server,maurits-dijk-a1ae290bserver1-hkpc8,sidecar,409.701
912,8,client20,client20-65f8864f77-hjckw,linkerd-init,0.0
913,8,server,server-656f98b57f-26dvf,linkerd-proxy,460.73399999999947
914,8,server,server-656f98b57f-26dvf,linkerd-init,0.0
915,8,client8,client8-5845965f99-9jpl5,sidecar,705.156
916,8,client8,client8-5845965f99-9jpl5,linkerd-proxy,803.7839999999997
917,8,client8,client8-5845965f99-9jpl5,client8,803.9789999999994
918,8,client8,client8-5845965f99-9jpl5,linkerd-init,0.0
919,8,client14,client14-856b5b5576-94pcp,linkerd-proxy,878.5769999999993
920,8,client14,client14-856b5b5576-94pcp,linkerd-init,0.0
921,8,client14,client14-856b5b5576-94pcp,client14,878.7960000000003
922,8,client14,client14-856b5b5576-94pcp,sidecar,876.8399999999992
923,8,client10,client10-694b6b97b4-5j2xl,linkerd-init,0.0
924,8,orchestrator,policy-enforcer-cb8dccbd8-5895d,linkerd-proxy,401.991
925,8,api-gateway,api-gateway-6bf76d45b7-gfshk,linkerd-proxy,421.1790000000001
926,8,orchestrator,orchestrator-555f7b7c9d-b8qvg,linkerd-proxy,401.9520000000002
927,8,orchestrator,orchestrator-555f7b7c9d-b8qvg,linkerd-init,0.0
928,8,api-gateway,api-gateway-6bf76d45b7-gfshk,linkerd-init,0.0
929,8,orchestrator,policy-enforcer-cb8dccbd8-5895d,linkerd-init,0.0
930,8,client6,client6-785d875985-z8gh2,linkerd-init,0.0
931,8,client6,client6-785d875985-z8gh2,client6,862.2209999999995
932,8,client6,client6-785d875985-z8gh2,sidecar,859.5749999999998
933,8,client6,client6-785d875985-z8gh2,linkerd-proxy,861.8400000000001
934,8,client4,client4-744474fb99-j6rqt,linkerd-proxy,949.9049999999997
935,8,client4,client4-744474fb99-j6rqt,sidecar,948.2790000000005
936,8,client4,client4-744474fb99-j6rqt,client4,950.031
937,8,client4,client4-744474fb99-j6rqt,linkerd-init,0.0
938,8,client17,client17-69b85b5ccf-f7njx,linkerd-proxy,781.5089999999991
939,8,client17,client17-69b85b5ccf-f7njx,sidecar,731.0100000000002
940,8,client17,client17-69b85b5ccf-f7njx,client17,783.5190000000002
941,8,client17,client17-69b85b5ccf-f7njx,linkerd-init,0.0
942,8,client15,client15-79c969ddf-csdff,client15,837.1440000000002
943,8,client15,client15-79c969ddf-csdff,sidecar,835.3530000000001
944,8,client15,client15-79c969ddf-csdff,linkerd-init,0.0
945,8,client15,client15-79c969ddf-csdff,linkerd-proxy,836.8140000000003
946,8,client9,client9-d68fb99b4-jtqss,linkerd-init,0.0
947,8,client9,client9-d68fb99b4-jtqss,client9,640.1819999999998
948,8,client9,client9-d68fb99b4-jtqss,sidecar,484.2510000000002
949,8,client9,client9-d68fb99b4-jtqss,linkerd-proxy,639.3269999999993
950,8,client5,client5-7d5ff7f8b4-5xc6q,client5,623.8740000000007
951,8,client5,client5-7d5ff7f8b4-5xc6q,linkerd-init,0.0
952,8,client5,client5-7d5ff7f8b4-5xc6q,sidecar,525.8310000000001
953,8,client5,client5-7d5ff7f8b4-5xc6q,linkerd-proxy,618.6299999999992
954,8,client12,client12-79bc8d5846-bzcv2,sidecar,547.3980000000001
955,8,client12,client12-79bc8d5846-bzcv2,client12,674.9400000000005
956,8,client12,client12-79bc8d5846-bzcv2,linkerd-init,0.0
957,8,client12,client12-79bc8d5846-bzcv2,linkerd-proxy,674.7240000000002
958,8,client16,client16-6dc7f87f54-nrkvh,client16,691.7399999999998
959,8,client16,client16-6dc7f87f54-nrkvh,sidecar,689.625
960,8,client16,client16-6dc7f87f54-nrkvh,linkerd-init,0.0
961,8,client16,client16-6dc7f87f54-nrkvh,linkerd-proxy,691.4670000000006
962,8,client2,client2-86cd6d8cf7-ngwfh,sidecar,791.232
963,8,client2,client2-86cd6d8cf7-ngwfh,client2,792.7440000000006
964,8,client2,client2-86cd6d8cf7-ngwfh,linkerd-proxy,792.6239999999998
965,8,client2,client2-86cd6d8cf7-ngwfh,linkerd-init,0.0
966,8,client3,client3-58c68898cd-jqjck,sidecar,673.1099999999997
967,8,client3,client3-58c68898cd-jqjck,linkerd-proxy,675.2430000000004
968,8,client3,client3-58c68898cd-jqjck,client3,675.4679999999998
969,8,client3,client3-58c68898cd-jqjck,linkerd-init,0.0
970,8,client18,client18-69db77c748-flz89,client18,683.4929999999995
971,8,client18,client18-69db77c748-flz89,sidecar,681.8819999999996
972,8,client18,client18-69db77c748-flz89,linkerd-init,0.0
973,8,client18,client18-69db77c748-flz89,linkerd-proxy,683.2200000000003
974,8,client7,client7-544486cc98-m2z98,sidecar,781.344
975,8,client7,client7-544486cc98-m2z98,linkerd-proxy,782.4000000000005
976,8,client7,client7-544486cc98-m2z98,client7,782.808
977,8,client7,client7-544486cc98-m2z98,linkerd-init,0.0
978,8,client11,client11-565c48c7c7-q8xtl,sidecar,672.741
979,8,client11,client11-565c48c7c7-q8xtl,linkerd-proxy,699.732
980,8,client11,client11-565c48c7c7-q8xtl,client11,699.9810000000007
981,8,client11,client11-565c48c7c7-q8xtl,linkerd-init,0.0
982,8,client19,client19-56fccdb4d9-xppnc,linkerd-proxy,696.2039999999997
983,8,client19,client19-56fccdb4d9-xppnc,client19,696.3000000000002
984,8,client19,client19-56fccdb4d9-xppnc,sidecar,694.8870000000006
985,8,client19,client19-56fccdb4d9-xppnc,linkerd-init,0.0
986,8,client1,client1-7b9db886dd-rjv88,linkerd-init,0.0
987,8,client1,client1-7b9db886dd-rjv88,linkerd-proxy,687.7890000000007
988,8,client13,client13-7bf86f4f87-4mz9b,client13,655.1190000000006
989,8,client13,client13-7bf86f4f87-4mz9b,linkerd-init,0.0
990,8,client13,client13-7bf86f4f87-4mz9b,sidecar,608.1090000000004
991,8,client13,client13-7bf86f4f87-4mz9b,linkerd-proxy,652.590000000001
992,8,client20,client20-65f8864f77-hjckw,client20,728.021999999999
993,8,client20,client20-65f8864f77-hjckw,sidecar,726.7049999999999
994,8,client20,client20-65f8864f77-hjckw,linkerd-proxy,728.0339999999997
995,8,server,server-656f98b57f-26dvf,server,473.0010000000002
996,8,server,server-656f98b57f-26dvf,sidecar,426.7319999999995
997,8,client10,client10-694b6b97b4-5j2xl,sidecar,779.4810000000007
998,8,client10,client10-694b6b97b4-5j2xl,linkerd-proxy,891.0929999999998
999,8,client10,client10-694b6b97b4-5j2xl,client10,891.0360000000001
1000,8,api-gateway,api-gateway-6bf76d45b7-gfshk,sidecar,370.7040000000002
1001,8,orchestrator,policy-enforcer-cb8dccbd8-5895d,sidecar,378.12300000000005
1002,8,api-gateway,api-gateway-6bf76d45b7-gfshk,api-gateway,420.0720000000001
1003,8,orchestrator,policy-enforcer-cb8dccbd8-5895d,policy-enforcer,262.155
1004,8,orchestrator,orchestrator-555f7b7c9d-b8qvg,sidecar,391.20600000000013
1005,8,orchestrator,orchestrator-555f7b7c9d-b8qvg,orchestrator,235.20899999999983
1006,8,client1,client1-7b9db886dd-rjv88,client1,689.451
1007,8,client1,client1-7b9db886dd-rjv88,sidecar,654.0899999999992
1008,8,client17,maurits-dijk-a1ae290bclient171-fst4v,sidecar,625.1489999999994
1009,8,client17,maurits-dijk-a1ae290bclient171-fst4v,hfl-train,814.9289999999992
1010,8,client17,maurits-dijk-a1ae290bclient171-fst4v,hfl-train-model,778.3589999999995
1011,8,client9,maurits-dijk-a1ae290bclient91-hwgnj,sidecar,509.76300000000083
1012,8,client9,maurits-dijk-a1ae290bclient91-hwgnj,hfl-train-model,634.2329999999993
1013,8,client9,maurits-dijk-a1ae290bclient91-hwgnj,hfl-train,679.8299999999999
1014,8,client5,maurits-dijk-a1ae290bclient51-b44hx,hfl-train-model,616.701
1015,8,client5,maurits-dijk-a1ae290bclient51-b44hx,hfl-train,653.9159999999993
1016,8,client5,maurits-dijk-a1ae290bclient51-b44hx,sidecar,539.1329999999989
1017,8,client1,maurits-dijk-a1ae290bclient11-n9t2l,sidecar,553.8389999999999
1018,8,client1,maurits-dijk-a1ae290bclient11-n9t2l,hfl-train-model,681.6539999999995
1019,8,client1,maurits-dijk-a1ae290bclient11-n9t2l,hfl-train,726.9659999999994
1020,8,client13,maurits-dijk-a1ae290bclient131-fwh4r,hfl-train-model,649.4849999999997
1021,8,client13,maurits-dijk-a1ae290bclient131-fwh4r,hfl-train,710.1359999999995
1022,8,client13,maurits-dijk-a1ae290bclient131-fwh4r,sidecar,570.9899999999998
1023,8,server,maurits-dijk-a1ae290bserver1-hkpc8,hfl-train-model,781.9140000000007
1024,8,server,maurits-dijk-a1ae290bserver1-hkpc8,hfl-train,456.54299999999967
1025,8,server,maurits-dijk-a1ae290bserver1-hkpc8,sidecar,371.7029999999995
1026,9,client20,client20-65f8864f77-hjckw,linkerd-init,0.0
1027,9,server,server-656f98b57f-26dvf,linkerd-proxy,469.317
1028,9,server,server-656f98b57f-26dvf,linkerd-init,0.0
1029,9,client8,client8-5845965f99-9jpl5,sidecar,628.4189999999999
1030,9,client8,client8-5845965f99-9jpl5,linkerd-proxy,784.0110000000004
1031,9,client8,client8-5845965f99-9jpl5,client8,784.344
1032,9,client8,client8-5845965f99-9jpl5,linkerd-init,0.0
1033,9,client14,client14-856b5b5576-94pcp,linkerd-proxy,689.7870000000012
1034,9,client14,client14-856b5b5576-94pcp,linkerd-init,0.0
1035,9,client14,client14-856b5b5576-94pcp,client14,690.0840000000007
1036,9,client14,client14-856b5b5576-94pcp,sidecar,688.380000000001
1037,9,client10,client10-694b6b97b4-5j2xl,linkerd-init,0.0
1038,9,orchestrator,policy-enforcer-cb8dccbd8-5895d,linkerd-proxy,339.62999999999965
1039,9,api-gateway,api-gateway-6bf76d45b7-gfshk,linkerd-proxy,357.24599999999964
1040,9,orchestrator,orchestrator-555f7b7c9d-b8qvg,linkerd-proxy,339.52499999999964
1041,9,orchestrator,orchestrator-555f7b7c9d-b8qvg,linkerd-init,0.0
1042,9,api-gateway,api-gateway-6bf76d45b7-gfshk,linkerd-init,0.0
1043,9,orchestrator,policy-enforcer-cb8dccbd8-5895d,linkerd-init,0.0
1044,9,client6,client6-785d875985-z8gh2,linkerd-init,0.0
1045,9,client6,client6-785d875985-z8gh2,client6,693.9750000000004
1046,9,client6,client6-785d875985-z8gh2,sidecar,691.7610000000013
1047,9,client6,client6-785d875985-z8gh2,linkerd-proxy,693.7020000000011
1048,9,client4,client4-744474fb99-j6rqt,linkerd-proxy,800.6999999999998
1049,9,client4,client4-744474fb99-j6rqt,sidecar,799.2689999999984
1050,9,client4,client4-744474fb99-j6rqt,client4,800.8229999999985
1051,9,client4,client4-744474fb99-j6rqt,linkerd-init,0.0
1052,9,client17,client17-69b85b5ccf-f7njx,linkerd-proxy,635.2799999999997
1053,9,client17,client17-69b85b5ccf-f7njx,sidecar,608.9009999999998
1054,9,client17,client17-69b85b5ccf-f7njx,client17,638.6370000000006
1055,9,client17,client17-69b85b5ccf-f7njx,linkerd-init,0.0
1056,9,client15,client15-79c969ddf-csdff,client15,668.0910000000003
1057,9,client15,client15-79c969ddf-csdff,sidecar,666.6329999999998
1058,9,client15,client15-79c969ddf-csdff,linkerd-init,0.0
1059,9,client15,client15-79c969ddf-csdff,linkerd-proxy,667.8119999999999
1060,9,client9,client9-d68fb99b4-jtqss,linkerd-init,0.0
1061,9,client9,client9-d68fb99b4-jtqss,client9,761.7060000000001
1062,9,client9,client9-d68fb99b4-jtqss,sidecar,642.6870000000008
1063,9,client9,client9-d68fb99b4-jtqss,linkerd-proxy,759.8340000000007
1064,9,client5,client5-7d5ff7f8b4-5xc6q,client5,739.8389999999999
1065,9,client5,client5-7d5ff7f8b4-5xc6q,linkerd-init,0.0
1066,9,client5,client5-7d5ff7f8b4-5xc6q,sidecar,571.5000000000009
1067,9,client5,client5-7d5ff7f8b4-5xc6q,linkerd-proxy,737.268
1068,9,client12,client12-79bc8d5846-bzcv2,sidecar,670.1099999999997
1069,9,client12,client12-79bc8d5846-bzcv2,client12,776.1419999999998
1070,9,client12,client12-79bc8d5846-bzcv2,linkerd-init,0.0
1071,9,client12,client12-79bc8d5846-bzcv2,linkerd-proxy,775.9259999999995
1072,9,client16,client16-6dc7f87f54-nrkvh,client16,801.1949999999997
1073,9,client16,client16-6dc7f87f54-nrkvh,sidecar,798.8850000000002
1074,9,client16,client16-6dc7f87f54-nrkvh,linkerd-init,0.0
1075,9,client16,client16-6dc7f87f54-nrkvh,linkerd-proxy,801.0150000000003
1076,9,client2,client2-86cd6d8cf7-ngwfh,sidecar,881.049
1077,9,client2,client2-86cd6d8cf7-ngwfh,client2,882.8279999999986
1078,9,client2,client2-86cd6d8cf7-ngwfh,linkerd-proxy,882.6329999999998
1079,9,client2,client2-86cd6d8cf7-ngwfh,linkerd-init,0.0
1080,9,client3,client3-58c68898cd-jqjck,sidecar,870.6629999999996
1081,9,client3,client3-58c68898cd-jqjck,linkerd-proxy,873.018
1082,9,client3,client3-58c68898cd-jqjck,client3,873.2430000000004
1083,9,client3,client3-58c68898cd-jqjck,linkerd-init,0.0
1084,9,client18,client18-69db77c748-flz89,client18,753.1800000000003
1085,9,client18,client18-69db77c748-flz89,sidecar,751.3710000000001
1086,9,client18,client18-69db77c748-flz89,linkerd-init,0.0
1087,9,client18,client18-69db77c748-flz89,linkerd-proxy,752.9790000000003
1088,9,client7,client7-544486cc98-m2z98,sidecar,949.9559999999992
1089,9,client7,client7-544486cc98-m2z98,linkerd-proxy,951.1740000000009
1090,9,client7,client7-544486cc98-m2z98,client7,951.6719999999996
1091,9,client7,client7-544486cc98-m2z98,linkerd-init,0.0
1092,9,client11,client11-565c48c7c7-q8xtl,sidecar,851.3820000000005
1093,9,client11,client11-565c48c7c7-q8xtl,linkerd-proxy,888.567
1094,9,client11,client11-565c48c7c7-q8xtl,client11,888.869999999999
1095,9,client11,client11-565c48c7c7-q8xtl,linkerd-init,0.0
1096,9,client19,client19-56fccdb4d9-xppnc,linkerd-proxy,875.232
1097,9,client19,client19-56fccdb4d9-xppnc,client19,875.4539999999997
1098,9,client19,client19-56fccdb4d9-xppnc,sidecar,873.7829999999994
1099,9,client19,client19-56fccdb4d9-xppnc,linkerd-init,0.0
1100,9,client1,client1-7b9db886dd-rjv88,linkerd-init,0.0
1101,9,client1,client1-7b9db886dd-rjv88,linkerd-proxy,780.0569999999998
1102,9,client13,client13-7bf86f4f87-4mz9b,client13,688.271999999999
1103,9,client13,client13-7bf86f4f87-4mz9b,linkerd-init,0.0
1104,9,client13,client13-7bf86f4f87-4mz9b,sidecar,668.5649999999996
1105,9,client13,client13-7bf86f4f87-4mz9b,linkerd-proxy,683.5829999999996
1106,9,client20,client20-65f8864f77-hjckw,client20,786.8730000000005
1107,9,client20,client20-65f8864f77-hjckw,sidecar,785.5590000000002
1108,9,client20,client20-65f8864f77-hjckw,linkerd-proxy,786.7710000000006
1109,9,server,server-656f98b57f-26dvf,server,484.3110000000006
1110,9,server,server-656f98b57f-26dvf,sidecar,430.9290000000001
1111,9,client10,client10-694b6b97b4-5j2xl,sidecar,749.0219999999999
1112,9,client10,client10-694b6b97b4-5j2xl,linkerd-proxy,767.1509999999989
1113,9,client10,client10-694b6b97b4-5j2xl,client10,767.3040000000001
1114,9,api-gateway,api-gateway-6bf76d45b7-gfshk,sidecar,314.83799999999974
1115,9,orchestrator,policy-enforcer-cb8dccbd8-5895d,sidecar,319.0830000000001
1116,9,api-gateway,api-gateway-6bf76d45b7-gfshk,api-gateway,356.17799999999943
1117,9,orchestrator,policy-enforcer-cb8dccbd8-5895d,policy-enforcer,202.57799999999997
1118,9,orchestrator,orchestrator-555f7b7c9d-b8qvg,sidecar,338.84699999999975
1119,9,orchestrator,orchestrator-555f7b7c9d-b8qvg,orchestrator,198.462
1120,9,client1,client1-7b9db886dd-rjv88,client1,781.8539999999994
1121,9,client1,client1-7b9db886dd-rjv88,sidecar,745.1160000000009
1122,9,client17,maurits-dijk-a1ae290bclient171-fst4v,sidecar,537.1139999999996
1123,9,client17,maurits-dijk-a1ae290bclient171-fst4v,hfl-train,669.0030000000006
1124,9,client17,maurits-dijk-a1ae290bclient171-fst4v,hfl-train-model,632.2740000000003
1125,9,client9,maurits-dijk-a1ae290bclient91-hwgnj,sidecar,565.5989999999993
1126,9,client9,maurits-dijk-a1ae290bclient91-hwgnj,hfl-train-model,752.8919999999998
1127,9,client9,maurits-dijk-a1ae290bclient91-hwgnj,hfl-train,791.5079999999998
1128,9,client5,maurits-dijk-a1ae290bclient51-b44hx,hfl-train-model,735.2849999999999
1129,9,client5,maurits-dijk-a1ae290bclient51-b44hx,hfl-train,773.7330000000002
1130,9,client5,maurits-dijk-a1ae290bclient51-b44hx,sidecar,665.3940000000011
1131,9,client1,maurits-dijk-a1ae290bclient11-n9t2l,sidecar,710.6100000000006
1132,9,client1,maurits-dijk-a1ae290bclient11-n9t2l,hfl-train-model,773.4330000000009
1133,9,client1,maurits-dijk-a1ae290bclient11-n9t2l,hfl-train,811.545000000001
1134,9,client13,maurits-dijk-a1ae290bclient131-fwh4r,hfl-train-model,680.706000000001
1135,9,client13,maurits-dijk-a1ae290bclient131-fwh4r,hfl-train,736.6350000000011
1136,9,client13,maurits-dijk-a1ae290bclient131-fwh4r,sidecar,625.0410000000002
1137,9,server,maurits-dijk-a1ae290bserver1-hkpc8,hfl-train-model,775.2389999999996
1138,9,server,maurits-dijk-a1ae290bserver1-hkpc8,hfl-train,465.6929999999993
1139,9,server,maurits-dijk-a1ae290bserver1-hkpc8,sidecar,390.1080000000002
1140,10,client20,client20-65f8864f77-hjckw,linkerd-init,0.0
1141,10,server,server-656f98b57f-26dvf,linkerd-proxy,568.2120000000004
1142,10,server,server-656f98b57f-26dvf,linkerd-init,0.0
1143,10,client8,client8-5845965f99-9jpl5,sidecar,725.04
1144,10,client8,client8-5845965f99-9jpl5,linkerd-proxy,896.2559999999994
1145,10,client8,client8-5845965f99-9jpl5,client8,896.5409999999993
1146,10,client8,client8-5845965f99-9jpl5,linkerd-init,0.0
1147,10,client14,client14-856b5b5576-94pcp,linkerd-proxy,920.5260000000007
1148,10,client14,client14-856b5b5576-94pcp,linkerd-init,0.0
1149,10,client14,client14-856b5b5576-94pcp,client14,920.7329999999993
1150,10,client14,client14-856b5b5576-94pcp,sidecar,918.8339999999998
1151,10,client10,client10-694b6b97b4-5j2xl,linkerd-init,0.0
1152,10,orchestrator,policy-enforcer-cb8dccbd8-5895d,linkerd-proxy,351.74400000000014
1153,10,api-gateway,api-gateway-6bf76d45b7-gfshk,linkerd-proxy,370.2090000000003
1154,10,orchestrator,orchestrator-555f7b7c9d-b8qvg,linkerd-proxy,351.69000000000005
1155,10,orchestrator,orchestrator-555f7b7c9d-b8qvg,linkerd-init,0.0
1156,10,api-gateway,api-gateway-6bf76d45b7-gfshk,linkerd-init,0.0
1157,10,orchestrator,policy-enforcer-cb8dccbd8-5895d,linkerd-init,0.0
1158,10,client6,client6-785d875985-z8gh2,linkerd-init,0.0
1159,10,client6,client6-785d875985-z8gh2,client6,699.5490000000018
1160,10,client6,client6-785d875985-z8gh2,sidecar,697.7640000000001
1161,10,client6,client6-785d875985-z8gh2,linkerd-proxy,699.1589999999987
1162,10,client4,client4-744474fb99-j6rqt,linkerd-proxy,735.8819999999996
1163,10,client4,client4-744474fb99-j6rqt,sidecar,734.4930000000004
1164,10,client4,client4-744474fb99-j6rqt,client4,735.9300000000003
1165,10,client4,client4-744474fb99-j6rqt,linkerd-init,0.0
1166,10,client17,client17-69b85b5ccf-f7njx,linkerd-proxy,590.7330000000002
1167,10,client17,client17-69b85b5ccf-f7njx,sidecar,582.375
1168,10,client17,client17-69b85b5ccf-f7njx,client17,592.7309999999989
1169,10,client17,client17-69b85b5ccf-f7njx,linkerd-init,0.0
1170,10,client15,client15-79c969ddf-csdff,client15,689.8320000000012
1171,10,client15,client15-79c969ddf-csdff,sidecar,688.3590000000013
1172,10,client15,client15-79c969ddf-csdff,linkerd-init,0.0
1173,10,client15,client15-79c969ddf-csdff,linkerd-proxy,689.6340000000009
1174,10,client9,client9-d68fb99b4-jtqss,linkerd-init,0.0
1175,10,client9,client9-d68fb99b4-jtqss,client9,645.3209999999999
1176,10,client9,client9-d68fb99b4-jtqss,sidecar,501.0839999999989
1177,10,client9,client9-d68fb99b4-jtqss,linkerd-proxy,643.4039999999995
1178,10,client5,client5-7d5ff7f8b4-5xc6q,client5,620.4120000000003
1179,10,client5,client5-7d5ff7f8b4-5xc6q,linkerd-init,0.0
1180,10,client5,client5-7d5ff7f8b4-5xc6q,sidecar,511.5629999999992
1181,10,client5,client5-7d5ff7f8b4-5xc6q,linkerd-proxy,614.5650000000005
1182,10,client12,client12-79bc8d5846-bzcv2,sidecar,655.2150000000001
1183,10,client12,client12-79bc8d5846-bzcv2,client12,687.9030000000012
1184,10,client12,client12-79bc8d5846-bzcv2,linkerd-init,0.0
1185,10,client12,client12-79bc8d5846-bzcv2,linkerd-proxy,687.7470000000003
1186,10,client16,client16-6dc7f87f54-nrkvh,client16,669.9029999999993
1187,10,client16,client16-6dc7f87f54-nrkvh,sidecar,668.0609999999997
1188,10,client16,client16-6dc7f87f54-nrkvh,linkerd-init,0.0
1189,10,client16,client16-6dc7f87f54-nrkvh,linkerd-proxy,669.7079999999996
1190,10,client2,client2-86cd6d8cf7-ngwfh,sidecar,662.6220000000012
1191,10,client2,client2-86cd6d8cf7-ngwfh,client2,664.1940000000013
1192,10,client2,client2-86cd6d8cf7-ngwfh,linkerd-proxy,663.978000000001
1193,10,client2,client2-86cd6d8cf7-ngwfh,linkerd-init,0.0
1194,10,client3,client3-58c68898cd-jqjck,sidecar,702.8489999999993
1195,10,client3,client3-58c68898cd-jqjck,linkerd-proxy,704.8949999999995
1196,10,client3,client3-58c68898cd-jqjck,client3,705.0780000000004
1197,10,client3,client3-58c68898cd-jqjck,linkerd-init,0.0
1198,10,client18,client18-69db77c748-flz89,client18,666.531
1199,10,client18,client18-69db77c748-flz89,sidecar,664.9619999999995
1200,10,client18,client18-69db77c748-flz89,linkerd-init,0.0
1201,10,client18,client18-69db77c748-flz89,linkerd-proxy,666.4499999999989
1202,10,client7,client7-544486cc98-m2z98,sidecar,746.3160000000007
1203,10,client7,client7-544486cc98-m2z98,linkerd-proxy,747.4829999999984
1204,10,client7,client7-544486cc98-m2z98,client7,747.7830000000013
1205,10,client7,client7-544486cc98-m2z98,linkerd-init,0.0
1206,10,client11,client11-565c48c7c7-q8xtl,sidecar,712.1909999999998
1207,10,client11,client11-565c48c7c7-q8xtl,linkerd-proxy,741.5639999999985
1208,10,client11,client11-565c48c7c7-q8xtl,client11,741.6869999999999
1209,10,client11,client11-565c48c7c7-q8xtl,linkerd-init,0.0
1210,10,client19,client19-56fccdb4d9-xppnc,linkerd-proxy,738.1709999999994
1211,10,client19,client19-56fccdb4d9-xppnc,client19,738.3510000000006
1212,10,client19,client19-56fccdb4d9-xppnc,sidecar,736.8390000000009
1213,10,client19,client19-56fccdb4d9-xppnc,linkerd-init,0.0
1214,10,client1,client1-7b9db886dd-rjv88,linkerd-init,0.0
1215,10,client1,client1-7b9db886dd-rjv88,linkerd-proxy,633.2430000000004
1216,10,client13,client13-7bf86f4f87-4mz9b,client13,785.5860000000002
1217,10,client13,client13-7bf86f4f87-4mz9b,linkerd-init,0.0
1218,10,client13,client13-7bf86f4f87-4mz9b,sidecar,746.1599999999999
1219,10,client13,client13-7bf86f4f87-4mz9b,linkerd-proxy,780.9899999999998
1220,10,client20,client20-65f8864f77-hjckw,client20,853.7069999999994
1221,10,client20,client20-65f8864f77-hjckw,sidecar,851.9699999999993
1222,10,client20,client20-65f8864f77-hjckw,linkerd-proxy,853.5719999999992
1223,10,server,server-656f98b57f-26dvf,server,589.7969999999996
1224,10,server,server-656f98b57f-26dvf,sidecar,527.5020000000004
1225,10,client10,client10-694b6b97b4-5j2xl,sidecar,833.049
1226,10,client10,client10-694b6b97b4-5j2xl,linkerd-proxy,857.5530000000017
1227,10,client10,client10-694b6b97b4-5j2xl,client10,857.8080000000009
1228,10,api-gateway,api-gateway-6bf76d45b7-gfshk,sidecar,332.9520000000002
1229,10,orchestrator,policy-enforcer-cb8dccbd8-5895d,sidecar,331.317
1230,10,api-gateway,api-gateway-6bf76d45b7-gfshk,api-gateway,378.40499999999975
1231,10,orchestrator,policy-enforcer-cb8dccbd8-5895d,policy-enforcer,191.94000000000005
1232,10,orchestrator,orchestrator-555f7b7c9d-b8qvg,sidecar,350.8890000000001
1233,10,orchestrator,orchestrator-555f7b7c9d-b8qvg,orchestrator,224.61900000000014
1234,10,client1,client1-7b9db886dd-rjv88,client1,635.6430000000009
1235,10,client1,client1-7b9db886dd-rjv88,sidecar,622.4759999999997
1236,10,client17,maurits-dijk-a1ae290bclient171-fst4v,sidecar,517.9650000000001
1237,10,client17,maurits-dijk-a1ae290bclient171-fst4v,hfl-train,624.576
1238,10,client17,maurits-dijk-a1ae290bclient171-fst4v,hfl-train-model,588.0119999999997
1239,10,client9,maurits-dijk-a1ae290bclient91-hwgnj,sidecar,462.41100000000006
1240,10,client9,maurits-dijk-a1ae290bclient91-hwgnj,hfl-train-model,638.2620000000006
1241,10,client9,maurits-dijk-a1ae290bclient91-hwgnj,hfl-train,686.2199999999993
1242,10,client5,maurits-dijk-a1ae290bclient51-b44hx,hfl-train-model,612.2669999999998
1243,10,client5,maurits-dijk-a1ae290bclient51-b44hx,hfl-train,657.6869999999999
1244,10,client5,maurits-dijk-a1ae290bclient51-b44hx,sidecar,527.844
1245,10,client1,maurits-dijk-a1ae290bclient11-n9t2l,sidecar,575.5319999999992
1246,10,client1,maurits-dijk-a1ae290bclient11-n9t2l,hfl-train-model,626.7330000000002
1247,10,client1,maurits-dijk-a1ae290bclient11-n9t2l,hfl-train,673.8689999999997
1248,10,client13,maurits-dijk-a1ae290bclient131-fwh4r,hfl-train-model,777.8699999999999
1249,10,client13,maurits-dijk-a1ae290bclient131-fwh4r,hfl-train,833.1449999999995
1250,10,client13,maurits-dijk-a1ae290bclient131-fwh4r,sidecar,724.509
1251,10,server,maurits-dijk-a1ae290bserver1-hkpc8,hfl-train-model,852.5730000000003
1252,10,server,maurits-dijk-a1ae290bserver1-hkpc8,hfl-train,564.0090000000009
1253,10,server,maurits-dijk-a1ae290bserver1-hkpc8,sidecar,492.21600000000035
1254,11,client20,client20-65f8864f77-hjckw,linkerd-init,0.0
1255,11,server,server-656f98b57f-26dvf,linkerd-proxy,461.9430000000002
1256,11,server,server-656f98b57f-26dvf,linkerd-init,0.0
1257,11,client8,client8-5845965f99-9jpl5,sidecar,676.4249999999993
1258,11,client8,client8-5845965f99-9jpl5,linkerd-proxy,677.5619999999999
1259,11,client8,client8-5845965f99-9jpl5,client8,677.9370000000017
1260,11,client8,client8-5845965f99-9jpl5,linkerd-init,0.0
1261,11,client14,client14-856b5b5576-94pcp,linkerd-proxy,672.7229999999981
1262,11,client14,client14-856b5b5576-94pcp,linkerd-init,0.0
1263,11,client14,client14-856b5b5576-94pcp,client14,672.9120000000003
1264,11,client14,client14-856b5b5576-94pcp,sidecar,671.3130000000001
1265,11,client10,client10-694b6b97b4-5j2xl,linkerd-init,0.0
1266,11,orchestrator,policy-enforcer-cb8dccbd8-5895d,linkerd-proxy,424.4430000000002
1267,11,api-gateway,api-gateway-6bf76d45b7-gfshk,linkerd-proxy,443.3249999999998
1268,11,orchestrator,orchestrator-555f7b7c9d-b8qvg,linkerd-proxy,424.4970000000003
1269,11,orchestrator,orchestrator-555f7b7c9d-b8qvg,linkerd-init,0.0
1270,11,api-gateway,api-gateway-6bf76d45b7-gfshk,linkerd-init,0.0
1271,11,orchestrator,policy-enforcer-cb8dccbd8-5895d,linkerd-init,0.0
1272,11,client6,client6-785d875985-z8gh2,linkerd-init,0.0
1273,11,client6,client6-785d875985-z8gh2,client6,894.7229999999981
1274,11,client6,client6-785d875985-z8gh2,sidecar,892.7909999999993
1275,11,client6,client6-785d875985-z8gh2,linkerd-proxy,894.255000000001
1276,11,client4,client4-744474fb99-j6rqt,linkerd-proxy,808.9710000000014
1277,11,client4,client4-744474fb99-j6rqt,sidecar,807.3120000000017
1278,11,client4,client4-744474fb99-j6rqt,client4,809.2830000000013
1279,11,client4,client4-744474fb99-j6rqt,linkerd-init,0.0
1280,11,client17,client17-69b85b5ccf-f7njx,linkerd-proxy,741.8880000000017
1281,11,client17,client17-69b85b5ccf-f7njx,sidecar,721.0260000000007
1282,11,client17,client17-69b85b5ccf-f7njx,client17,745.7969999999996
1283,11,client17,client17-69b85b5ccf-f7njx,linkerd-init,0.0
1284,11,client15,client15-79c969ddf-csdff,client15,810.0449999999983
1285,11,client15,client15-79c969ddf-csdff,sidecar,808.3259999999991
1286,11,client15,client15-79c969ddf-csdff,linkerd-init,0.0
1287,11,client15,client15-79c969ddf-csdff,linkerd-proxy,809.8979999999992
1288,11,client9,client9-d68fb99b4-jtqss,linkerd-init,0.0
1289,11,client9,client9-d68fb99b4-jtqss,client9,604.8869999999997
1290,11,client9,client9-d68fb99b4-jtqss,sidecar,518.514000000001
1291,11,client9,client9-d68fb99b4-jtqss,linkerd-proxy,604.7729999999992
1292,11,client5,client5-7d5ff7f8b4-5xc6q,client5,602.1809999999996
1293,11,client5,client5-7d5ff7f8b4-5xc6q,linkerd-init,0.0
1294,11,client5,client5-7d5ff7f8b4-5xc6q,sidecar,438.366
1295,11,client5,client5-7d5ff7f8b4-5xc6q,linkerd-proxy,597.5759999999991
1296,11,client12,client12-79bc8d5846-bzcv2,sidecar,707.781
1297,11,client12,client12-79bc8d5846-bzcv2,client12,736.757999999998
1298,11,client12,client12-79bc8d5846-bzcv2,linkerd-init,0.0
1299,11,client12,client12-79bc8d5846-bzcv2,linkerd-proxy,736.5389999999989
1300,11,client16,client16-6dc7f87f54-nrkvh,client16,704.7870000000003
1301,11,client16,client16-6dc7f87f54-nrkvh,sidecar,702.905999999999
1302,11,client16,client16-6dc7f87f54-nrkvh,linkerd-init,0.0
1303,11,client16,client16-6dc7f87f54-nrkvh,linkerd-proxy,704.5410000000011
1304,11,client2,client2-86cd6d8cf7-ngwfh,sidecar,695.6369999999988
1305,11,client2,client2-86cd6d8cf7-ngwfh,client2,697.2089999999989
1306,11,client2,client2-86cd6d8cf7-ngwfh,linkerd-proxy,697.005000000001
1307,11,client2,client2-86cd6d8cf7-ngwfh,linkerd-init,0.0
1308,11,client3,client3-58c68898cd-jqjck,sidecar,700.0200000000023
1309,11,client3,client3-58c68898cd-jqjck,linkerd-proxy,702.1589999999997
1310,11,client3,client3-58c68898cd-jqjck,client3,702.2669999999998
1311,11,client3,client3-58c68898cd-jqjck,linkerd-init,0.0
1312,11,client18,client18-69db77c748-flz89,client18,654.5459999999985
1313,11,client18,client18-69db77c748-flz89,sidecar,652.9169999999995
1314,11,client18,client18-69db77c748-flz89,linkerd-init,0.0
1315,11,client18,client18-69db77c748-flz89,linkerd-proxy,654.2910000000011
1316,11,client7,client7-544486cc98-m2z98,sidecar,755.6939999999995
1317,11,client7,client7-544486cc98-m2z98,linkerd-proxy,756.7980000000007
1318,11,client7,client7-544486cc98-m2z98,client7,757.098
1319,11,client7,client7-544486cc98-m2z98,linkerd-init,0.0
1320,11,client11,client11-565c48c7c7-q8xtl,sidecar,657.0689999999995
1321,11,client11,client11-565c48c7c7-q8xtl,linkerd-proxy,695.0820000000003
1322,11,client11,client11-565c48c7c7-q8xtl,client11,695.223
1323,11,client11,client11-565c48c7c7-q8xtl,linkerd-init,0.0
1324,11,client19,client19-56fccdb4d9-xppnc,linkerd-proxy,792.1020000000008
1325,11,client19,client19-56fccdb4d9-xppnc,client19,792.2099999999991
1326,11,client19,client19-56fccdb4d9-xppnc,sidecar,790.7759999999998
1327,11,client19,client19-56fccdb4d9-xppnc,linkerd-init,0.0
1328,11,client1,client1-7b9db886dd-rjv88,linkerd-init,0.0
1329,11,client1,client1-7b9db886dd-rjv88,linkerd-proxy,690.5549999999985
1330,11,client13,client13-7bf86f4f87-4mz9b,client13,628.1940000000013
1331,11,client13,client13-7bf86f4f87-4mz9b,linkerd-init,0.0
1332,11,client13,client13-7bf86f4f87-4mz9b,sidecar,597.4979999999996
1333,11,client13,client13-7bf86f4f87-4mz9b,linkerd-proxy,624.6180000000004
1334,11,client20,client20-65f8864f77-hjckw,client20,701.4060000000009
1335,11,client20,client20-65f8864f77-hjckw,sidecar,699.9540000000015
1336,11,client20,client20-65f8864f77-hjckw,linkerd-proxy,701.1959999999999
1337,11,server,server-656f98b57f-26dvf,server,470.0730000000003
1338,11,server,server-656f98b57f-26dvf,sidecar,422.7510000000002
1339,11,client10,client10-694b6b97b4-5j2xl,sidecar,700.5210000000006
1340,11,client10,client10-694b6b97b4-5j2xl,linkerd-proxy,723.1589999999978
1341,11,client10,client10-694b6b97b4-5j2xl,client10,723.1319999999996
1342,11,api-gateway,api-gateway-6bf76d45b7-gfshk,sidecar,400.40999999999985
1343,11,orchestrator,policy-enforcer-cb8dccbd8-5895d,sidecar,381.4590000000003
1344,11,api-gateway,api-gateway-6bf76d45b7-gfshk,api-gateway,446.7539999999999
1345,11,orchestrator,policy-enforcer-cb8dccbd8-5895d,policy-enforcer,186.47400000000016
1346,11,orchestrator,orchestrator-555f7b7c9d-b8qvg,sidecar,423.48
1347,11,orchestrator,orchestrator-555f7b7c9d-b8qvg,orchestrator,320.96699999999964
1348,11,client1,client1-7b9db886dd-rjv88,client1,692.643
1349,11,client1,client1-7b9db886dd-rjv88,sidecar,686.634
1350,11,client17,maurits-dijk-a1ae290bclient171-fst4v,sidecar,522.2010000000009
1351,11,client17,maurits-dijk-a1ae290bclient171-fst4v,hfl-train,776.5560000000005
1352,11,client17,maurits-dijk-a1ae290bclient171-fst4v,hfl-train-model,738.8880000000017
1353,11,client9,maurits-dijk-a1ae290bclient91-hwgnj,sidecar,488.9940000000006
1354,11,client9,maurits-dijk-a1ae290bclient91-hwgnj,hfl-train-model,600.0959999999986
1355,11,client9,maurits-dijk-a1ae290bclient91-hwgnj,hfl-train,638.7240000000002
1356,11,client5,maurits-dijk-a1ae290bclient51-b44hx,hfl-train-model,595.1610000000001
1357,11,client5,maurits-dijk-a1ae290bclient51-b44hx,hfl-train,643.4250000000002
1358,11,client5,maurits-dijk-a1ae290bclient51-b44hx,sidecar,503.8319999999985
1359,11,client1,maurits-dijk-a1ae290bclient11-n9t2l,sidecar,664.308
1360,11,client1,maurits-dijk-a1ae290bclient11-n9t2l,hfl-train-model,684.219
1361,11,client1,maurits-dijk-a1ae290bclient11-n9t2l,hfl-train,729.5640000000003
1362,11,client13,maurits-dijk-a1ae290bclient131-fwh4r,hfl-train-model,621.8010000000004
1363,11,client13,maurits-dijk-a1ae290bclient131-fwh4r,hfl-train,676.5120000000006
1364,11,client13,maurits-dijk-a1ae290bclient131-fwh4r,sidecar,533.4749999999995
1365,11,server,maurits-dijk-a1ae290bserver1-hkpc8,hfl-train-model,721.8510000000006
1366,11,server,maurits-dijk-a1ae290bserver1-hkpc8,hfl-train,458.5140000000001
1367,11,server,maurits-dijk-a1ae290bserver1-hkpc8,sidecar,406.8119999999999
1368,12,client20,client20-65f8864f77-hjckw,linkerd-init,0.0
1369,12,server,server-656f98b57f-26dvf,linkerd-proxy,476.9489999999996
1370,12,server,server-656f98b57f-26dvf,linkerd-init,0.0
1371,12,client8,client8-5845965f99-9jpl5,sidecar,700.353000000001
1372,12,client8,client8-5845965f99-9jpl5,linkerd-proxy,701.5440000000017
1373,12,client8,client8-5845965f99-9jpl5,client8,701.8889999999992
1374,12,client8,client8-5845965f99-9jpl5,linkerd-init,0.0
1375,12,client14,client14-856b5b5576-94pcp,linkerd-proxy,765.0689999999995
1376,12,client14,client14-856b5b5576-94pcp,linkerd-init,0.0
1377,12,client14,client14-856b5b5576-94pcp,client14,765.3360000000011
1378,12,client14,client14-856b5b5576-94pcp,sidecar,763.7070000000003
1379,12,client10,client10-694b6b97b4-5j2xl,linkerd-init,0.0
1380,12,orchestrator,policy-enforcer-cb8dccbd8-5895d,linkerd-proxy,336.2640000000001
1381,12,api-gateway,api-gateway-6bf76d45b7-gfshk,linkerd-proxy,354.52800000000025
1382,12,orchestrator,orchestrator-555f7b7c9d-b8qvg,linkerd-proxy,336.20700000000033
1383,12,orchestrator,orchestrator-555f7b7c9d-b8qvg,linkerd-init,0.0
1384,12,api-gateway,api-gateway-6bf76d45b7-gfshk,linkerd-init,0.0
1385,12,orchestrator,policy-enforcer-cb8dccbd8-5895d,linkerd-init,0.0
1386,12,client6,client6-785d875985-z8gh2,linkerd-init,0.0
1387,12,client6,client6-785d875985-z8gh2,client6,705.4500000000007
1388,12,client6,client6-785d875985-z8gh2,sidecar,703.4009999999998
1389,12,client6,client6-785d875985-z8gh2,linkerd-proxy,705.3089999999993
1390,12,client4,client4-744474fb99-j6rqt,linkerd-proxy,715.3680000000004
1391,12,client4,client4-744474fb99-j6rqt,sidecar,713.8709999999992
1392,12,client4,client4-744474fb99-j6rqt,client4,715.5990000000002
1393,12,client4,client4-744474fb99-j6rqt,linkerd-init,0.0
1394,12,client17,client17-69b85b5ccf-f7njx,linkerd-proxy,610.2119999999977
1395,12,client17,client17-69b85b5ccf-f7njx,sidecar,602.6849999999995
1396,12,client17,client17-69b85b5ccf-f7njx,client17,614.7390000000014
1397,12,client17,client17-69b85b5ccf-f7njx,linkerd-init,0.0
1398,12,client15,client15-79c969ddf-csdff,client15,675.5339999999997
1399,12,client15,client15-79c969ddf-csdff,sidecar,674.0249999999996
1400,12,client15,client15-79c969ddf-csdff,linkerd-init,0.0
1401,12,client15,client15-79c969ddf-csdff,linkerd-proxy,675.2729999999992
1402,12,client9,client9-d68fb99b4-jtqss,linkerd-init,0.0
1403,12,client9,client9-d68fb99b4-jtqss,client9,789.5370000000003
1404,12,client9,client9-d68fb99b4-jtqss,sidecar,637.884
1405,12,client9,client9-d68fb99b4-jtqss,linkerd-proxy,787.4430000000011
1406,12,client5,client5-7d5ff7f8b4-5xc6q,client5,753.6810000000005
1407,12,client5,client5-7d5ff7f8b4-5xc6q,linkerd-init,0.0
1408,12,client5,client5-7d5ff7f8b4-5xc6q,sidecar,575.5019999999995
1409,12,client5,client5-7d5ff7f8b4-5xc6q,linkerd-proxy,749.2800000000007
1410,12,client12,client12-79bc8d5846-bzcv2,sidecar,809.1930000000011
1411,12,client12,client12-79bc8d5846-bzcv2,client12,884.889000000001
1412,12,client12,client12-79bc8d5846-bzcv2,linkerd-init,0.0
1413,12,client12,client12-79bc8d5846-bzcv2,linkerd-proxy,884.7570000000014
1414,12,client16,client16-6dc7f87f54-nrkvh,client16,848.5440000000017
1415,12,client16,client16-6dc7f87f54-nrkvh,sidecar,846.1830000000009
1416,12,client16,client16-6dc7f87f54-nrkvh,linkerd-init,0.0
1417,12,client16,client16-6dc7f87f54-nrkvh,linkerd-proxy,848.2259999999987
1418,12,client2,client2-86cd6d8cf7-ngwfh,sidecar,804.6090000000004
1419,12,client2,client2-86cd6d8cf7-ngwfh,client2,806.4180000000015
1420,12,client2,client2-86cd6d8cf7-ngwfh,linkerd-proxy,806.2619999999988
1421,12,client2,client2-86cd6d8cf7-ngwfh,linkerd-init,0.0
1422,12,client3,client3-58c68898cd-jqjck,sidecar,794.9459999999999
1423,12,client3,client3-58c68898cd-jqjck,linkerd-proxy,797.6190000000006
1424,12,client3,client3-58c68898cd-jqjck,client3,797.4869999999992
1425,12,client3,client3-58c68898cd-jqjck,linkerd-init,0.0
1426,12,client18,client18-69db77c748-flz89,client18,870.0690000000013
1427,12,client18,client18-69db77c748-flz89,sidecar,868.1640000000007
1428,12,client18,client18-69db77c748-flz89,linkerd-init,0.0
1429,12,client18,client18-69db77c748-flz89,linkerd-proxy,869.7270000000008
1430,12,client7,client7-544486cc98-m2z98,sidecar,859.6230000000014
1431,12,client7,client7-544486cc98-m2z98,linkerd-proxy,860.9459999999999
1432,12,client7,client7-544486cc98-m2z98,client7,861.3689999999988
1433,12,client7,client7-544486cc98-m2z98,linkerd-init,0.0
1434,12,client11,client11-565c48c7c7-q8xtl,sidecar,719.0969999999998
1435,12,client11,client11-565c48c7c7-q8xtl,linkerd-proxy,791.0040000000008
1436,12,client11,client11-565c48c7c7-q8xtl,client11,791.0250000000015
1437,12,client11,client11-565c48c7c7-q8xtl,linkerd-init,0.0
1438,12,client19,client19-56fccdb4d9-xppnc,linkerd-proxy,911.6339999999982
1439,12,client19,client19-56fccdb4d9-xppnc,client19,911.8229999999985
1440,12,client19,client19-56fccdb4d9-xppnc,sidecar,910.0319999999992
1441,12,client19,client19-56fccdb4d9-xppnc,linkerd-init,0.0
1442,12,client1,client1-7b9db886dd-rjv88,linkerd-init,0.0
1443,12,client1,client1-7b9db886dd-rjv88,linkerd-proxy,705.7140000000018
1444,12,client13,client13-7bf86f4f87-4mz9b,client13,626.1869999999981
1445,12,client13,client13-7bf86f4f87-4mz9b,linkerd-init,0.0
1446,12,client13,client13-7bf86f4f87-4mz9b,sidecar,603.0300000000016
1447,12,client13,client13-7bf86f4f87-4mz9b,linkerd-proxy,622.6530000000002
1448,12,client20,client20-65f8864f77-hjckw,client20,700.6440000000002
1449,12,client20,client20-65f8864f77-hjckw,sidecar,699.2999999999993
1450,12,client20,client20-65f8864f77-hjckw,linkerd-proxy,700.5450000000001
1451,12,server,server-656f98b57f-26dvf,server,492.2370000000001
1452,12,server,server-656f98b57f-26dvf,sidecar,457.2389999999996
1453,12,client10,client10-694b6b97b4-5j2xl,sidecar,675.4349999999995
1454,12,client10,client10-694b6b97b4-5j2xl,linkerd-proxy,810.4710000000014
1455,12,client10,client10-694b6b97b4-5j2xl,client10,810.5760000000009
1456,12,api-gateway,api-gateway-6bf76d45b7-gfshk,sidecar,319.2839999999992
1457,12,orchestrator,policy-enforcer-cb8dccbd8-5895d,sidecar,293.5439999999994
1458,12,api-gateway,api-gateway-6bf76d45b7-gfshk,api-gateway,349.9950000000008
1459,12,orchestrator,policy-enforcer-cb8dccbd8-5895d,policy-enforcer,174.74699999999984
1460,12,orchestrator,orchestrator-555f7b7c9d-b8qvg,sidecar,335.46599999999944
1461,12,orchestrator,orchestrator-555f7b7c9d-b8qvg,orchestrator,230.92799999999988
1462,12,client1,client1-7b9db886dd-rjv88,client1,706.5689999999995
1463,12,client1,client1-7b9db886dd-rjv88,sidecar,700.0589999999993
1464,12,client17,maurits-dijk-a1ae290bclient171-fst4v,sidecar,485.433
1465,12,client17,maurits-dijk-a1ae290bclient171-fst4v,hfl-train,646.2089999999989
1466,12,client17,maurits-dijk-a1ae290bclient171-fst4v,hfl-train-model,607.2179999999989
1467,12,client9,maurits-dijk-a1ae290bclient91-hwgnj,sidecar,601.1790000000001
1468,12,client9,maurits-dijk-a1ae290bclient91-hwgnj,hfl-train-model,780.5370000000003
1469,12,client9,maurits-dijk-a1ae290bclient91-hwgnj,hfl-train,826.0920000000006
1470,12,client5,maurits-dijk-a1ae290bclient51-b44hx,hfl-train-model,747.21
1471,12,client5,maurits-dijk-a1ae290bclient51-b44hx,hfl-train,786.5130000000008
1472,12,client5,maurits-dijk-a1ae290bclient51-b44hx,sidecar,656.3850000000011
1473,12,client1,maurits-dijk-a1ae290bclient11-n9t2l,sidecar,650.259
1474,12,client1,maurits-dijk-a1ae290bclient11-n9t2l,hfl-train-model,699.7739999999994
1475,12,client1,maurits-dijk-a1ae290bclient11-n9t2l,hfl-train,744.614999999998
1476,12,client13,maurits-dijk-a1ae290bclient131-fwh4r,hfl-train-model,619.4609999999993
1477,12,client13,maurits-dijk-a1ae290bclient131-fwh4r,hfl-train,674.9609999999993
1478,12,client13,maurits-dijk-a1ae290bclient131-fwh4r,sidecar,546.438000000001
1479,12,server,maurits-dijk-a1ae290bserver1-hkpc8,hfl-train-model,763.1819999999989
1480,12,server,maurits-dijk-a1ae290bserver1-hkpc8,hfl-train,472.46099999999933
1481,12,server,maurits-dijk-a1ae290bserver1-hkpc8,sidecar,435.35400000000027
1482,13,client20,client20-65f8864f77-hjckw,linkerd-init,0.0
1483,13,server,server-656f98b57f-26dvf,linkerd-proxy,560.8169999999991
1484,13,server,server-656f98b57f-26dvf,linkerd-init,0.0
1485,13,client8,client8-5845965f99-9jpl5,sidecar,890.7330000000002
1486,13,client8,client8-5845965f99-9jpl5,linkerd-proxy,892.1849999999977
1487,13,client8,client8-5845965f99-9jpl5,client8,892.664999999999
1488,13,client8,client8-5845965f99-9jpl5,linkerd-init,0.0
1489,13,client14,client14-856b5b5576-94pcp,linkerd-proxy,796.2210000000014
1490,13,client14,client14-856b5b5576-94pcp,linkerd-init,0.0
1491,13,client14,client14-856b5b5576-94pcp,client14,796.4519999999975
1492,13,client14,client14-856b5b5576-94pcp,sidecar,794.4929999999986
1493,13,client10,client10-694b6b97b4-5j2xl,linkerd-init,0.0
1494,13,orchestrator,policy-enforcer-cb8dccbd8-5895d,linkerd-proxy,324.366
1495,13,api-gateway,api-gateway-6bf76d45b7-gfshk,linkerd-proxy,342.10799999999927
1496,13,orchestrator,orchestrator-555f7b7c9d-b8qvg,linkerd-proxy,324.33899999999903
1497,13,orchestrator,orchestrator-555f7b7c9d-b8qvg,linkerd-init,0.0
1498,13,api-gateway,api-gateway-6bf76d45b7-gfshk,linkerd-init,0.0
1499,13,orchestrator,policy-enforcer-cb8dccbd8-5895d,linkerd-init,0.0
1500,13,client6,client6-785d875985-z8gh2,linkerd-init,0.0
1501,13,client6,client6-785d875985-z8gh2,client6,749.4269999999997
1502,13,client6,client6-785d875985-z8gh2,sidecar,747.2160000000003
1503,13,client6,client6-785d875985-z8gh2,linkerd-proxy,749.1870000000017
1504,13,client4,client4-744474fb99-j6rqt,linkerd-proxy,716.0369999999984
1505,13,client4,client4-744474fb99-j6rqt,sidecar,714.6179999999986
1506,13,client4,client4-744474fb99-j6rqt,client4,716.1269999999986
1507,13,client4,client4-744474fb99-j6rqt,linkerd-init,0.0
1508,13,client17,client17-69b85b5ccf-f7njx,linkerd-proxy,606.4710000000014
1509,13,client17,client17-69b85b5ccf-f7njx,sidecar,604.3289999999997
1510,13,client17,client17-69b85b5ccf-f7njx,client17,610.4699999999993
1511,13,client17,client17-69b85b5ccf-f7njx,linkerd-init,0.0
1512,13,client15,client15-79c969ddf-csdff,client15,696.5370000000003
1513,13,client15,client15-79c969ddf-csdff,sidecar,695.0429999999997
1514,13,client15,client15-79c969ddf-csdff,linkerd-init,0.0
1515,13,client15,client15-79c969ddf-csdff,linkerd-proxy,696.3090000000011
1516,13,client9,client9-d68fb99b4-jtqss,linkerd-init,0.0
1517,13,client9,client9-d68fb99b4-jtqss,client9,636.1229999999996
1518,13,client9,client9-d68fb99b4-jtqss,sidecar,497.3130000000001
1519,13,client9,client9-d68fb99b4-jtqss,linkerd-proxy,633.2579999999998
1520,13,client5,client5-7d5ff7f8b4-5xc6q,client5,613.5419999999995
1521,13,client5,client5-7d5ff7f8b4-5xc6q,linkerd-init,0.0
1522,13,client5,client5-7d5ff7f8b4-5xc6q,sidecar,501.71100000000024
1523,13,client5,client5-7d5ff7f8b4-5xc6q,linkerd-proxy,611.9250000000011
1524,13,client12,client12-79bc8d5846-bzcv2,sidecar,609.887999999999
1525,13,client12,client12-79bc8d5846-bzcv2,client12,673.8150000000005
1526,13,client12,client12-79bc8d5846-bzcv2,linkerd-init,0.0
1527,13,client12,client12-79bc8d5846-bzcv2,linkerd-proxy,673.6170000000002
1528,13,client16,client16-6dc7f87f54-nrkvh,client16,684.3420000000006
1529,13,client16,client16-6dc7f87f54-nrkvh,sidecar,682.4880000000012
1530,13,client16,client16-6dc7f87f54-nrkvh,linkerd-init,0.0
1531,13,client16,client16-6dc7f87f54-nrkvh,linkerd-proxy,684.4770000000008
1532,13,client2,client2-86cd6d8cf7-ngwfh,sidecar,753.7139999999999
1533,13,client2,client2-86cd6d8cf7-ngwfh,client2,755.2409999999982
1534,13,client2,client2-86cd6d8cf7-ngwfh,linkerd-proxy,754.9589999999989
1535,13,client2,client2-86cd6d8cf7-ngwfh,linkerd-init,0.0
1536,13,client3,client3-58c68898cd-jqjck,sidecar,666.4199999999983
1537,13,client3,client3-58c68898cd-jqjck,linkerd-proxy,668.4569999999985
1538,13,client3,client3-58c68898cd-jqjck,client3,668.607
1539,13,client3,client3-58c68898cd-jqjck,linkerd-init,0.0
1540,13,client18,client18-69db77c748-flz89,client18,771.1769999999997
1541,13,client18,client18-69db77c748-flz89,sidecar,769.5900000000001
1542,13,client18,client18-69db77c748-flz89,linkerd-init,0.0
1543,13,client18,client18-69db77c748-flz89,linkerd-proxy,771.0120000000006
1544,13,client7,client7-544486cc98-m2z98,sidecar,697.3139999999985
1545,13,client7,client7-544486cc98-m2z98,linkerd-proxy,698.4359999999997
1546,13,client7,client7-544486cc98-m2z98,client7,698.6459999999988
1547,13,client7,client7-544486cc98-m2z98,linkerd-init,0.0
1548,13,client11,client11-565c48c7c7-q8xtl,sidecar,557.789999999999
1549,13,client11,client11-565c48c7c7-q8xtl,linkerd-proxy,638.487000000001
1550,13,client11,client11-565c48c7c7-q8xtl,client11,638.6879999999983
1551,13,client11,client11-565c48c7c7-q8xtl,linkerd-init,0.0
1552,13,client19,client19-56fccdb4d9-xppnc,linkerd-proxy,783.273000000001
1553,13,client19,client19-56fccdb4d9-xppnc,client19,783.4680000000008
1554,13,client19,client19-56fccdb4d9-xppnc,sidecar,781.866
1555,13,client19,client19-56fccdb4d9-xppnc,linkerd-init,0.0
1556,13,client1,client1-7b9db886dd-rjv88,linkerd-init,0.0
1557,13,client1,client1-7b9db886dd-rjv88,linkerd-proxy,629.7389999999978
1558,13,client13,client13-7bf86f4f87-4mz9b,client13,804.9750000000004
1559,13,client13,client13-7bf86f4f87-4mz9b,linkerd-init,0.0
1560,13,client13,client13-7bf86f4f87-4mz9b,sidecar,799.1519999999982
1561,13,client13,client13-7bf86f4f87-4mz9b,linkerd-proxy,801.8189999999995
1562,13,client20,client20-65f8864f77-hjckw,client20,823.7039999999997
1563,13,client20,client20-65f8864f77-hjckw,sidecar,821.9549999999981
1564,13,client20,client20-65f8864f77-hjckw,linkerd-proxy,823.4850000000006
1565,13,server,server-656f98b57f-26dvf,server,577.0919999999996
1566,13,server,server-656f98b57f-26dvf,sidecar,519.5640000000003
1567,13,client10,client10-694b6b97b4-5j2xl,sidecar,759.521999999999
1568,13,client10,client10-694b6b97b4-5j2xl,linkerd-proxy,855.3180000000011
1569,13,client10,client10-694b6b97b4-5j2xl,client10,855.512999999999
1570,13,api-gateway,api-gateway-6bf76d45b7-gfshk,sidecar,301.2420000000011
1571,13,orchestrator,policy-enforcer-cb8dccbd8-5895d,sidecar,285.6240000000007
1572,13,api-gateway,api-gateway-6bf76d45b7-gfshk,api-gateway,345.02400000000034
1573,13,orchestrator,policy-enforcer-cb8dccbd8-5895d,policy-enforcer,142.18499999999995
1574,13,orchestrator,orchestrator-555f7b7c9d-b8qvg,sidecar,323.53200000000106
1575,13,orchestrator,orchestrator-555f7b7c9d-b8qvg,orchestrator,240.82200000000012
1576,13,client1,client1-7b9db886dd-rjv88,client1,630.9239999999991
1577,13,client1,client1-7b9db886dd-rjv88,sidecar,624.9539999999997
1578,13,client17,maurits-dijk-a1ae290bclient171-fst4v,sidecar,524.3130000000001
1579,13,client17,maurits-dijk-a1ae290bclient171-fst4v,hfl-train,640.7099999999991
1580,13,client17,maurits-dijk-a1ae290bclient171-fst4v,hfl-train-model,603.6629999999986
1581,13,client9,maurits-dijk-a1ae290bclient91-hwgnj,sidecar,524.9070000000002
1582,13,client9,maurits-dijk-a1ae290bclient91-hwgnj,hfl-train-model,628.4310000000023
1583,13,client9,maurits-dijk-a1ae290bclient91-hwgnj,hfl-train,672.8430000000008
1584,13,client5,maurits-dijk-a1ae290bclient51-b44hx,hfl-train-model,609.594000000001
1585,13,client5,maurits-dijk-a1ae290bclient51-b44hx,hfl-train,650.4899999999998
1586,13,client5,maurits-dijk-a1ae290bclient51-b44hx,sidecar,551.1480000000001
1587,13,client1,maurits-dijk-a1ae290bclient11-n9t2l,sidecar,604.7519999999995
1588,13,client1,maurits-dijk-a1ae290bclient11-n9t2l,hfl-train-model,624.6299999999992
1589,13,client1,maurits-dijk-a1ae290bclient11-n9t2l,hfl-train,671.3100000000013
1590,13,client13,maurits-dijk-a1ae290bclient131-fwh4r,hfl-train-model,798.768
1591,13,client13,maurits-dijk-a1ae290bclient131-fwh4r,hfl-train,853.8600000000006
1592,13,client13,maurits-dijk-a1ae290bclient131-fwh4r,sidecar,729.9929999999986
1593,13,server,maurits-dijk-a1ae290bserver1-hkpc8,hfl-train-model,844.5210000000006
1594,13,server,maurits-dijk-a1ae290bserver1-hkpc8,hfl-train,559.107
1595,13,server,maurits-dijk-a1ae290bserver1-hkpc8,sidecar,527.2289999999994
1596,14,client20,client20-65f8864f77-hjckw,linkerd-init,0.0
1597,14,server,server-656f98b57f-26dvf,linkerd-proxy,488.1270000000013
1598,14,server,server-656f98b57f-26dvf,linkerd-init,0.0
1599,14,client8,client8-5845965f99-9jpl5,sidecar,757.7099999999991
1600,14,client8,client8-5845965f99-9jpl5,linkerd-proxy,758.9220000000005
1601,14,client8,client8-5845965f99-9jpl5,client8,759.1920000000009
1602,14,client8,client8-5845965f99-9jpl5,linkerd-init,0.0
1603,14,client14,client14-856b5b5576-94pcp,linkerd-proxy,745.5959999999995
1604,14,client14,client14-856b5b5576-94pcp,linkerd-init,0.0
1605,14,client14,client14-856b5b5576-94pcp,client14,745.7160000000003
1606,14,client14,client14-856b5b5576-94pcp,sidecar,744.101999999999
1607,14,client10,client10-694b6b97b4-5j2xl,linkerd-init,0.0
1608,14,orchestrator,policy-enforcer-cb8dccbd8-5895d,linkerd-proxy,398.0729999999994
1609,14,api-gateway,api-gateway-6bf76d45b7-gfshk,linkerd-proxy,417.4440000000004
1610,14,orchestrator,orchestrator-555f7b7c9d-b8qvg,linkerd-proxy,398.04299999999967
1611,14,orchestrator,orchestrator-555f7b7c9d-b8qvg,linkerd-init,0.0
1612,14,api-gateway,api-gateway-6bf76d45b7-gfshk,linkerd-init,0.0
1613,14,orchestrator,policy-enforcer-cb8dccbd8-5895d,linkerd-init,0.0
1614,14,client6,client6-785d875985-z8gh2,linkerd-init,0.0
1615,14,client6,client6-785d875985-z8gh2,client6,842.2950000000001
1616,14,client6,client6-785d875985-z8gh2,sidecar,839.726999999999
1617,14,client6,client6-785d875985-z8gh2,linkerd-proxy,842.1449999999986
1618,14,client4,client4-744474fb99-j6rqt,linkerd-proxy,923.4419999999991
1619,14,client4,client4-744474fb99-j6rqt,sidecar,921.4560000000001
1620,14,client4,client4-744474fb99-j6rqt,client4,923.5770000000011
1621,14,client4,client4-744474fb99-j6rqt,linkerd-init,0.0
1622,14,client17,client17-69b85b5ccf-f7njx,linkerd-proxy,767.2469999999994
1623,14,client17,client17-69b85b5ccf-f7njx,sidecar,751.3919999999998
1624,14,client17,client17-69b85b5ccf-f7njx,client17,768.759
1625,14,client17,client17-69b85b5ccf-f7njx,linkerd-init,0.0
1626,14,client15,client15-79c969ddf-csdff,client15,807.6839999999993
1627,14,client15,client15-79c969ddf-csdff,sidecar,805.9619999999995
1628,14,client15,client15-79c969ddf-csdff,linkerd-init,0.0
1629,14,client15,client15-79c969ddf-csdff,linkerd-proxy,807.4079999999994
1630,14,client9,client9-d68fb99b4-jtqss,linkerd-init,0.0
1631,14,client9,client9-d68fb99b4-jtqss,client9,619.9260000000013
1632,14,client9,client9-d68fb99b4-jtqss,sidecar,539.3130000000001
1633,14,client9,client9-d68fb99b4-jtqss,linkerd-proxy,619.3829999999998
1634,14,client5,client5-7d5ff7f8b4-5xc6q,client5,580.8359999999993
1635,14,client5,client5-7d5ff7f8b4-5xc6q,linkerd-init,0.0
1636,14,client5,client5-7d5ff7f8b4-5xc6q,sidecar,438.1170000000011
1637,14,client5,client5-7d5ff7f8b4-5xc6q,linkerd-proxy,577.4639999999981
1638,14,client12,client12-79bc8d5846-bzcv2,sidecar,555.6000000000004
1639,14,client12,client12-79bc8d5846-bzcv2,client12,657.0119999999988
1640,14,client12,client12-79bc8d5846-bzcv2,linkerd-init,0.0
1641,14,client12,client12-79bc8d5846-bzcv2,linkerd-proxy,656.9009999999998
1642,14,client16,client16-6dc7f87f54-nrkvh,client16,702.7649999999994
1643,14,client16,client16-6dc7f87f54-nrkvh,sidecar,700.8149999999987
1644,14,client16,client16-6dc7f87f54-nrkvh,linkerd-init,0.0
1645,14,client16,client16-6dc7f87f54-nrkvh,linkerd-proxy,702.7469999999994
1646,14,client2,client2-86cd6d8cf7-ngwfh,sidecar,732.8640000000014
1647,14,client2,client2-86cd6d8cf7-ngwfh,client2,734.2860000000019
1648,14,client2,client2-86cd6d8cf7-ngwfh,linkerd-proxy,734.2650000000012
1649,14,client2,client2-86cd6d8cf7-ngwfh,linkerd-init,0.0
1650,14,client3,client3-58c68898cd-jqjck,sidecar,701.1810000000005
1651,14,client3,client3-58c68898cd-jqjck,linkerd-proxy,703.2900000000027
1652,14,client3,client3-58c68898cd-jqjck,client3,703.3050000000003
1653,14,client3,client3-58c68898cd-jqjck,linkerd-init,0.0
1654,14,client18,client18-69db77c748-flz89,client18,683.9250000000011
1655,14,client18,client18-69db77c748-flz89,sidecar,682.3410000000003
1656,14,client18,client18-69db77c748-flz89,linkerd-init,0.0
1657,14,client18,client18-69db77c748-flz89,linkerd-proxy,683.8619999999992
1658,14,client7,client7-544486cc98-m2z98,sidecar,711.9240000000009
1659,14,client7,client7-544486cc98-m2z98,linkerd-proxy,712.9560000000001
1660,14,client7,client7-544486cc98-m2z98,client7,713.2860000000019
1661,14,client7,client7-544486cc98-m2z98,linkerd-init,0.0
1662,14,client11,client11-565c48c7c7-q8xtl,sidecar,566.9640000000018
1663,14,client11,client11-565c48c7c7-q8xtl,linkerd-proxy,665.8950000000004
1664,14,client11,client11-565c48c7c7-q8xtl,client11,666.0390000000007
1665,14,client11,client11-565c48c7c7-q8xtl,linkerd-init,0.0
1666,14,client19,client19-56fccdb4d9-xppnc,linkerd-proxy,676.1190000000006
1667,14,client19,client19-56fccdb4d9-xppnc,client19,676.2240000000002
1668,14,client19,client19-56fccdb4d9-xppnc,sidecar,674.643
1669,14,client19,client19-56fccdb4d9-xppnc,linkerd-init,0.0
1670,14,client1,client1-7b9db886dd-rjv88,linkerd-init,0.0
1671,14,client1,client1-7b9db886dd-rjv88,linkerd-proxy,642.3420000000006
1672,14,client13,client13-7bf86f4f87-4mz9b,client13,623.496000000001
1673,14,client13,client13-7bf86f4f87-4mz9b,linkerd-init,0.0
1674,14,client13,client13-7bf86f4f87-4mz9b,sidecar,615.6990000000005
1675,14,client13,client13-7bf86f4f87-4mz9b,linkerd-proxy,618.6389999999992
1676,14,client20,client20-65f8864f77-hjckw,client20,720.1769999999997
1677,14,client20,client20-65f8864f77-hjckw,sidecar,718.6050000000014
1678,14,client20,client20-65f8864f77-hjckw,linkerd-proxy,719.973
1679,14,server,server-656f98b57f-26dvf,server,499.0799999999999
1680,14,server,server-656f98b57f-26dvf,sidecar,444.1109999999999
1681,14,client10,client10-694b6b97b4-5j2xl,sidecar,668.0159999999996
1682,14,client10,client10-694b6b97b4-5j2xl,linkerd-proxy,767.2799999999988
1683,14,client10,client10-694b6b97b4-5j2xl,client10,767.3580000000002
1684,14,api-gateway,api-gateway-6bf76d45b7-gfshk,sidecar,363.60599999999977
1685,14,orchestrator,policy-enforcer-cb8dccbd8-5895d,sidecar,346.52999999999975
1686,14,api-gateway,api-gateway-6bf76d45b7-gfshk,api-gateway,416.46899999999914
1687,14,orchestrator,policy-enforcer-cb8dccbd8-5895d,policy-enforcer,168.02100000000019
1688,14,orchestrator,orchestrator-555f7b7c9d-b8qvg,sidecar,397.03199999999924
1689,14,orchestrator,orchestrator-555f7b7c9d-b8qvg,orchestrator,317.5590000000002
1690,14,client1,client1-7b9db886dd-rjv88,client1,643.6590000000015
1691,14,client1,client1-7b9db886dd-rjv88,sidecar,599.6130000000012
1692,14,client17,maurits-dijk-a1ae290bclient171-fst4v,sidecar,662.3939999999984
1693,14,client17,maurits-dijk-a1ae290bclient171-fst4v,hfl-train,805.5030000000006
1694,14,client17,maurits-dijk-a1ae290bclient171-fst4v,hfl-train-model,763.5690000000013
1695,14,client9,maurits-dijk-a1ae290bclient91-hwgnj,sidecar,472.8869999999997
1696,14,client9,maurits-dijk-a1ae290bclient91-hwgnj,hfl-train-model,614.3459999999995
1697,14,client9,maurits-dijk-a1ae290bclient91-hwgnj,hfl-train,656.277
1698,14,client5,maurits-dijk-a1ae290bclient51-b44hx,hfl-train-model,574.985999999999
1699,14,client5,maurits-dijk-a1ae290bclient51-b44hx,hfl-train,612.110999999999
1700,14,client5,maurits-dijk-a1ae290bclient51-b44hx,sidecar,489.1650000000009
1701,14,client1,maurits-dijk-a1ae290bclient11-n9t2l,sidecar,602.5020000000004
1702,14,client1,maurits-dijk-a1ae290bclient11-n9t2l,hfl-train-model,637.5570000000007
1703,14,client1,maurits-dijk-a1ae290bclient11-n9t2l,hfl-train,674.8950000000004
1704,14,client13,maurits-dijk-a1ae290bclient131-fwh4r,hfl-train-model,615.6419999999998
1705,14,client13,maurits-dijk-a1ae290bclient131-fwh4r,hfl-train,671.1630000000005
1706,14,client13,maurits-dijk-a1ae290bclient131-fwh4r,sidecar,564.5879999999997
1707,14,server,maurits-dijk-a1ae290bserver1-hkpc8,hfl-train-model,756.0120000000006
1708,14,server,maurits-dijk-a1ae290bserver1-hkpc8,hfl-train,483.84000000000015
1709,14,server,maurits-dijk-a1ae290bserver1-hkpc8,sidecar,470.27700000000004
1710,15,client20,client20-65f8864f77-hjckw,linkerd-init,0.0
1711,15,server,server-656f98b57f-26dvf,linkerd-proxy,441.27300000000014
1712,15,server,server-656f98b57f-26dvf,linkerd-init,0.0
1713,15,client8,client8-5845965f99-9jpl5,sidecar,762.0450000000001
1714,15,client8,client8-5845965f99-9jpl5,linkerd-proxy,762.9869999999992
1715,15,client8,client8-5845965f99-9jpl5,client8,763.4040000000005
1716,15,client8,client8-5845965f99-9jpl5,linkerd-init,0.0
1717,15,client14,client14-856b5b5576-94pcp,linkerd-proxy,686.0669999999991
1718,15,client14,client14-856b5b5576-94pcp,linkerd-init,0.0
1719,15,client14,client14-856b5b5576-94pcp,client14,686.2770000000019
1720,15,client14,client14-856b5b5576-94pcp,sidecar,684.7170000000024
1721,15,client10,client10-694b6b97b4-5j2xl,linkerd-init,0.0
1722,15,orchestrator,policy-enforcer-cb8dccbd8-5895d,linkerd-proxy,328.21500000000106
1723,15,api-gateway,api-gateway-6bf76d45b7-gfshk,linkerd-proxy,345.95700000000033
1724,15,orchestrator,orchestrator-555f7b7c9d-b8qvg,linkerd-proxy,328.1160000000009
1725,15,orchestrator,orchestrator-555f7b7c9d-b8qvg,linkerd-init,0.0
1726,15,api-gateway,api-gateway-6bf76d45b7-gfshk,linkerd-init,0.0
1727,15,orchestrator,policy-enforcer-cb8dccbd8-5895d,linkerd-init,0.0
1728,15,client6,client6-785d875985-z8gh2,linkerd-init,0.0
1729,15,client6,client6-785d875985-z8gh2,client6,721.5029999999988
1730,15,client6,client6-785d875985-z8gh2,sidecar,719.3250000000007
1731,15,client6,client6-785d875985-z8gh2,linkerd-proxy,721.2180000000008
1732,15,client4,client4-744474fb99-j6rqt,linkerd-proxy,687.2400000000016
1733,15,client4,client4-744474fb99-j6rqt,sidecar,685.7250000000022
1734,15,client4,client4-744474fb99-j6rqt,client4,687.5010000000002
1735,15,client4,client4-744474fb99-j6rqt,linkerd-init,0.0
1736,15,client17,client17-69b85b5ccf-f7njx,linkerd-proxy,635.8379999999997
1737,15,client17,client17-69b85b5ccf-f7njx,sidecar,628.242000000002
1738,15,client17,client17-69b85b5ccf-f7njx,client17,639.2129999999997
1739,15,client17,client17-69b85b5ccf-f7njx,linkerd-init,0.0
1740,15,client15,client15-79c969ddf-csdff,client15,700.2720000000008
1741,15,client15,client15-79c969ddf-csdff,sidecar,698.853000000001
1742,15,client15,client15-79c969ddf-csdff,linkerd-init,0.0
1743,15,client15,client15-79c969ddf-csdff,linkerd-proxy,699.9869999999992
1744,15,client9,client9-d68fb99b4-jtqss,linkerd-init,0.0
1745,15,client9,client9-d68fb99b4-jtqss,client9,828.0839999999989
1746,15,client9,client9-d68fb99b4-jtqss,sidecar,722.1899999999987
1747,15,client9,client9-d68fb99b4-jtqss,linkerd-proxy,827.1810000000005
1748,15,client5,client5-7d5ff7f8b4-5xc6q,client5,728.9429999999993
1749,15,client5,client5-7d5ff7f8b4-5xc6q,linkerd-init,0.0
1750,15,client5,client5-7d5ff7f8b4-5xc6q,sidecar,517.0259999999998
1751,15,client5,client5-7d5ff7f8b4-5xc6q,linkerd-proxy,724.965000000002
1752,15,client12,client12-79bc8d5846-bzcv2,sidecar,689.1990000000005
1753,15,client12,client12-79bc8d5846-bzcv2,client12,810.5400000000009
1754,15,client12,client12-79bc8d5846-bzcv2,linkerd-init,0.0
1755,15,client12,client12-79bc8d5846-bzcv2,linkerd-proxy,810.4619999999995
1756,15,client16,client16-6dc7f87f54-nrkvh,client16,827.8019999999979
1757,15,client16,client16-6dc7f87f54-nrkvh,sidecar,825.4499999999989
1758,15,client16,client16-6dc7f87f54-nrkvh,linkerd-init,0.0
1759,15,client16,client16-6dc7f87f54-nrkvh,linkerd-proxy,827.7270000000008
1760,15,client2,client2-86cd6d8cf7-ngwfh,sidecar,878.6189999999988
1761,15,client2,client2-86cd6d8cf7-ngwfh,client2,880.5029999999988
1762,15,client2,client2-86cd6d8cf7-ngwfh,linkerd-proxy,880.2929999999997
1763,15,client2,client2-86cd6d8cf7-ngwfh,linkerd-init,0.0
1764,15,client3,client3-58c68898cd-jqjck,sidecar,817.2569999999996
1765,15,client3,client3-58c68898cd-jqjck,linkerd-proxy,819.6119999999974
1766,15,client3,client3-58c68898cd-jqjck,client3,819.8430000000008
1767,15,client3,client3-58c68898cd-jqjck,linkerd-init,0.0
1768,15,client18,client18-69db77c748-flz89,client18,829.4219999999987
1769,15,client18,client18-69db77c748-flz89,sidecar,827.5259999999998
1770,15,client18,client18-69db77c748-flz89,linkerd-init,0.0
1771,15,client18,client18-69db77c748-flz89,linkerd-proxy,829.1610000000001
1772,15,client7,client7-544486cc98-m2z98,sidecar,916.9139999999989
1773,15,client7,client7-544486cc98-m2z98,linkerd-proxy,918.273000000001
1774,15,client7,client7-544486cc98-m2z98,client7,918.6779999999999
1775,15,client7,client7-544486cc98-m2z98,linkerd-init,0.0
1776,15,client11,client11-565c48c7c7-q8xtl,sidecar,789.2219999999998
1777,15,client11,client11-565c48c7c7-q8xtl,linkerd-proxy,878.6699999999983
1778,15,client11,client11-565c48c7c7-q8xtl,client11,878.9609999999993
1779,15,client11,client11-565c48c7c7-q8xtl,linkerd-init,0.0
1780,15,client19,client19-56fccdb4d9-xppnc,linkerd-proxy,802.0349999999999
1781,15,client19,client19-56fccdb4d9-xppnc,client19,802.2150000000001
1782,15,client19,client19-56fccdb4d9-xppnc,sidecar,800.3909999999996
1783,15,client19,client19-56fccdb4d9-xppnc,linkerd-init,0.0
1784,15,client1,client1-7b9db886dd-rjv88,linkerd-init,0.0
1785,15,client1,client1-7b9db886dd-rjv88,linkerd-proxy,797.4240000000009
1786,15,client13,client13-7bf86f4f87-4mz9b,client13,619.6620000000003
1787,15,client13,client13-7bf86f4f87-4mz9b,linkerd-init,0.0
1788,15,client13,client13-7bf86f4f87-4mz9b,sidecar,596.9069999999992
1789,15,client13,client13-7bf86f4f87-4mz9b,linkerd-proxy,616.0320000000011
1790,15,client20,client20-65f8864f77-hjckw,client20,715.2270000000008
1791,15,client20,client20-65f8864f77-hjckw,sidecar,713.7180000000008
1792,15,client20,client20-65f8864f77-hjckw,linkerd-proxy,715.0289999999986
1793,15,server,server-656f98b57f-26dvf,server,457.85099999999966
1794,15,server,server-656f98b57f-26dvf,sidecar,425.826
1795,15,client10,client10-694b6b97b4-5j2xl,sidecar,662.5350000000017
1796,15,client10,client10-694b6b97b4-5j2xl,linkerd-proxy,774.5820000000003
1797,15,client10,client10-694b6b97b4-5j2xl,client10,774.7530000000006
1798,15,api-gateway,api-gateway-6bf76d45b7-gfshk,sidecar,298.6139999999996
1799,15,orchestrator,policy-enforcer-cb8dccbd8-5895d,sidecar,276.2429999999995
1800,15,api-gateway,api-gateway-6bf76d45b7-gfshk,api-gateway,332.28600000000097
1801,15,orchestrator,policy-enforcer-cb8dccbd8-5895d,policy-enforcer,182.59199999999964
1802,15,orchestrator,orchestrator-555f7b7c9d-b8qvg,sidecar,327.3779999999997
1803,15,orchestrator,orchestrator-555f7b7c9d-b8qvg,orchestrator,246.51299999999947
1804,15,client1,client1-7b9db886dd-rjv88,client1,797.8379999999997
1805,15,client1,client1-7b9db886dd-rjv88,sidecar,791.5020000000004
1806,15,client17,maurits-dijk-a1ae290bclient171-fst4v,sidecar,505.15500000000065
1807,15,client17,maurits-dijk-a1ae290bclient171-fst4v,hfl-train,676.1190000000006
1808,15,client17,maurits-dijk-a1ae290bclient171-fst4v,hfl-train-model,632.2679999999982
1809,15,client9,maurits-dijk-a1ae290bclient91-hwgnj,sidecar,633.0689999999995
1810,15,client9,maurits-dijk-a1ae290bclient91-hwgnj,hfl-train-model,821.4179999999997
1811,15,client9,maurits-dijk-a1ae290bclient91-hwgnj,hfl-train,861.5579999999991
1812,15,client5,maurits-dijk-a1ae290bclient51-b44hx,hfl-train-model,723.1260000000002
1813,15,client5,maurits-dijk-a1ae290bclient51-b44hx,hfl-train,760.1610000000019
1814,15,client5,maurits-dijk-a1ae290bclient51-b44hx,sidecar,685.3139999999985
1815,15,client1,maurits-dijk-a1ae290bclient11-n9t2l,sidecar,645.6180000000004
1816,15,client1,maurits-dijk-a1ae290bclient11-n9t2l,hfl-train-model,791.9879999999994
1817,15,client1,maurits-dijk-a1ae290bclient11-n9t2l,hfl-train,828.476999999999
1818,15,client13,maurits-dijk-a1ae290bclient131-fwh4r,hfl-train-model,613.2240000000002
1819,15,client13,maurits-dijk-a1ae290bclient131-fwh4r,hfl-train,669.4889999999996
1820,15,client13,maurits-dijk-a1ae290bclient131-fwh4r,sidecar,541.215000000002
1821,15,server,maurits-dijk-a1ae290bserver1-hkpc8,hfl-train-model,730.0439999999999
1822,15,server,maurits-dijk-a1ae290bserver1-hkpc8,hfl-train,438.1350000000002
1823,15,server,maurits-dijk-a1ae290bserver1-hkpc8,sidecar,412.04100000000017
1824,16,client20,client20-65f8864f77-hjckw,linkerd-init,0.0
1825,16,server,server-656f98b57f-26dvf,linkerd-proxy,530.5229999999992
1826,16,server,server-656f98b57f-26dvf,linkerd-init,0.0
1827,16,client8,client8-5845965f99-9jpl5,sidecar,883.9890000000014
1828,16,client8,client8-5845965f99-9jpl5,linkerd-proxy,885.3780000000024
1829,16,client8,client8-5845965f99-9jpl5,client8,885.6209999999992
1830,16,client8,client8-5845965f99-9jpl5,linkerd-init,0.0
1831,16,client14,client14-856b5b5576-94pcp,linkerd-proxy,896.7750000000015
1832,16,client14,client14-856b5b5576-94pcp,linkerd-init,0.0
1833,16,client14,client14-856b5b5576-94pcp,client14,896.8499999999985
1834,16,client14,client14-856b5b5576-94pcp,sidecar,894.9959999999992
1835,16,client10,client10-694b6b97b4-5j2xl,linkerd-init,0.0
1836,16,orchestrator,policy-enforcer-cb8dccbd8-5895d,linkerd-proxy,326.4899999999998
1837,16,api-gateway,api-gateway-6bf76d45b7-gfshk,linkerd-proxy,345.28799999999956
1838,16,orchestrator,orchestrator-555f7b7c9d-b8qvg,linkerd-proxy,326.4449999999997
1839,16,orchestrator,orchestrator-555f7b7c9d-b8qvg,linkerd-init,0.0
1840,16,api-gateway,api-gateway-6bf76d45b7-gfshk,linkerd-init,0.0
1841,16,orchestrator,policy-enforcer-cb8dccbd8-5895d,linkerd-init,0.0
1842,16,client6,client6-785d875985-z8gh2,linkerd-init,0.0
1843,16,client6,client6-785d875985-z8gh2,client6,684.465000000002
1844,16,client6,client6-785d875985-z8gh2,sidecar,682.2750000000015
1845,16,client6,client6-785d875985-z8gh2,linkerd-proxy,684.3299999999999
1846,16,client4,client4-744474fb99-j6rqt,linkerd-proxy,681.9719999999998
1847,16,client4,client4-744474fb99-j6rqt,sidecar,680.3579999999984
1848,16,client4,client4-744474fb99-j6rqt,client4,682.0799999999999
1849,16,client4,client4-744474fb99-j6rqt,linkerd-init,0.0
1850,16,client17,client17-69b85b5ccf-f7njx,linkerd-proxy,580.0200000000004
1851,16,client17,client17-69b85b5ccf-f7njx,sidecar,566.5559999999987
1852,16,client17,client17-69b85b5ccf-f7njx,client17,583.6440000000002
1853,16,client17,client17-69b85b5ccf-f7njx,linkerd-init,0.0
1854,16,client15,client15-79c969ddf-csdff,client15,724.0409999999993
1855,16,client15,client15-79c969ddf-csdff,sidecar,722.4989999999998
1856,16,client15,client15-79c969ddf-csdff,linkerd-init,0.0
1857,16,client15,client15-79c969ddf-csdff,linkerd-proxy,723.7320000000018
1858,16,client9,client9-d68fb99b4-jtqss,linkerd-init,0.0
1859,16,client9,client9-d68fb99b4-jtqss,client9,667.2029999999995
1860,16,client9,client9-d68fb99b4-jtqss,sidecar,553.4189999999999
1861,16,client9,client9-d68fb99b4-jtqss,linkerd-proxy,664.7639999999992
1862,16,client5,client5-7d5ff7f8b4-5xc6q,client5,621.4860000000008
1863,16,client5,client5-7d5ff7f8b4-5xc6q,linkerd-init,0.0
1864,16,client5,client5-7d5ff7f8b4-5xc6q,sidecar,451.5779999999995
1865,16,client5,client5-7d5ff7f8b4-5xc6q,linkerd-proxy,618.5969999999979
1866,16,client12,client12-79bc8d5846-bzcv2,sidecar,669.8099999999995
1867,16,client12,client12-79bc8d5846-bzcv2,client12,733.7519999999986
1868,16,client12,client12-79bc8d5846-bzcv2,linkerd-init,0.0
1869,16,client12,client12-79bc8d5846-bzcv2,linkerd-proxy,733.5900000000001
1870,16,client16,client16-6dc7f87f54-nrkvh,client16,709.7340000000004
1871,16,client16,client16-6dc7f87f54-nrkvh,sidecar,707.8170000000009
1872,16,client16,client16-6dc7f87f54-nrkvh,linkerd-init,0.0
1873,16,client16,client16-6dc7f87f54-nrkvh,linkerd-proxy,709.8089999999993
1874,16,client2,client2-86cd6d8cf7-ngwfh,sidecar,710.0760000000009
1875,16,client2,client2-86cd6d8cf7-ngwfh,client2,711.6330000000016
1876,16,client2,client2-86cd6d8cf7-ngwfh,linkerd-proxy,711.5069999999996
1877,16,client2,client2-86cd6d8cf7-ngwfh,linkerd-init,0.0
1878,16,client3,client3-58c68898cd-jqjck,sidecar,721.7880000000023
1879,16,client3,client3-58c68898cd-jqjck,linkerd-proxy,723.8910000000014
1880,16,client3,client3-58c68898cd-jqjck,client3,723.8309999999983
1881,16,client3,client3-58c68898cd-jqjck,linkerd-init,0.0
1882,16,client18,client18-69db77c748-flz89,client18,707.7389999999996
1883,16,client18,client18-69db77c748-flz89,sidecar,706.1399999999994
1884,16,client18,client18-69db77c748-flz89,linkerd-init,0.0
1885,16,client18,client18-69db77c748-flz89,linkerd-proxy,707.5740000000005
1886,16,client7,client7-544486cc98-m2z98,sidecar,789.6630000000005
1887,16,client7,client7-544486cc98-m2z98,linkerd-proxy,790.8719999999994
1888,16,client7,client7-544486cc98-m2z98,client7,791.2049999999999
1889,16,client7,client7-544486cc98-m2z98,linkerd-init,0.0
1890,16,client11,client11-565c48c7c7-q8xtl,sidecar,630.6839999999993
1891,16,client11,client11-565c48c7c7-q8xtl,linkerd-proxy,692.460000000001
1892,16,client11,client11-565c48c7c7-q8xtl,client11,692.5830000000005
1893,16,client11,client11-565c48c7c7-q8xtl,linkerd-init,0.0
1894,16,client19,client19-56fccdb4d9-xppnc,linkerd-proxy,687.0779999999995
1895,16,client19,client19-56fccdb4d9-xppnc,client19,687.2160000000003
1896,16,client19,client19-56fccdb4d9-xppnc,sidecar,685.7039999999997
1897,16,client19,client19-56fccdb4d9-xppnc,linkerd-init,0.0
1898,16,client1,client1-7b9db886dd-rjv88,linkerd-init,0.0
1899,16,client1,client1-7b9db886dd-rjv88,linkerd-proxy,671.4660000000003
1900,16,client13,client13-7bf86f4f87-4mz9b,client13,738.3809999999994
1901,16,client13,client13-7bf86f4f87-4mz9b,linkerd-init,0.0
1902,16,client13,client13-7bf86f4f87-4mz9b,sidecar,733.4220000000005
1903,16,client13,client13-7bf86f4f87-4mz9b,linkerd-proxy,735.8040000000001
1904,16,client20,client20-65f8864f77-hjckw,client20,820.6979999999985
1905,16,client20,client20-65f8864f77-hjckw,sidecar,818.9159999999993
1906,16,client20,client20-65f8864f77-hjckw,linkerd-proxy,820.5270000000019
1907,16,server,server-656f98b57f-26dvf,server,543.8490000000002
1908,16,server,server-656f98b57f-26dvf,sidecar,445.6769999999997
1909,16,client10,client10-694b6b97b4-5j2xl,sidecar,758.4989999999998
1910,16,client10,client10-694b6b97b4-5j2xl,linkerd-proxy,845.1119999999992
1911,16,client10,client10-694b6b97b4-5j2xl,client10,845.0849999999991
1912,16,api-gateway,api-gateway-6bf76d45b7-gfshk,sidecar,282.76800000000094
1913,16,orchestrator,policy-enforcer-cb8dccbd8-5895d,sidecar,287.3640000000005
1914,16,api-gateway,api-gateway-6bf76d45b7-gfshk,api-gateway,347.799
1915,16,orchestrator,policy-enforcer-cb8dccbd8-5895d,policy-enforcer,160.35600000000022
1916,16,orchestrator,orchestrator-555f7b7c9d-b8qvg,sidecar,325.554000000001
1917,16,orchestrator,orchestrator-555f7b7c9d-b8qvg,orchestrator,257.09700000000066
1918,16,client1,client1-7b9db886dd-rjv88,client1,672.5280000000002
1919,16,client1,client1-7b9db886dd-rjv88,sidecar,631.2179999999989
1920,16,client17,maurits-dijk-a1ae290bclient171-fst4v,sidecar,498.88800000000083
1921,16,client17,maurits-dijk-a1ae290bclient171-fst4v,hfl-train,621.7680000000018
1922,16,client17,maurits-dijk-a1ae290bclient171-fst4v,hfl-train-model,577.0050000000028
1923,16,client9,maurits-dijk-a1ae290bclient91-hwgnj,sidecar,551.2380000000012
1924,16,client9,maurits-dijk-a1ae290bclient91-hwgnj,hfl-train-model,660.3059999999987
1925,16,client9,maurits-dijk-a1ae290bclient91-hwgnj,hfl-train,699.4619999999995
1926,16,client5,maurits-dijk-a1ae290bclient51-b44hx,hfl-train-model,615.8639999999996
1927,16,client5,maurits-dijk-a1ae290bclient51-b44hx,hfl-train,659.3969999999972
1928,16,client5,maurits-dijk-a1ae290bclient51-b44hx,sidecar,558.1860000000015
1929,16,client1,maurits-dijk-a1ae290bclient11-n9t2l,sidecar,579.8130000000001
1930,16,client1,maurits-dijk-a1ae290bclient11-n9t2l,hfl-train-model,664.9230000000007
1931,16,client1,maurits-dijk-a1ae290bclient11-n9t2l,hfl-train,719.751000000002
1932,16,client13,maurits-dijk-a1ae290bclient131-fwh4r,hfl-train-model,732.4470000000001
1933,16,client13,maurits-dijk-a1ae290bclient131-fwh4r,hfl-train,788.8919999999998
1934,16,client13,maurits-dijk-a1ae290bclient131-fwh4r,sidecar,657.7739999999994
1935,16,server,maurits-dijk-a1ae290bserver1-hkpc8,hfl-train-model,799.848
1936,16,server,maurits-dijk-a1ae290bserver1-hkpc8,hfl-train,527.945999999999
1937,16,server,maurits-dijk-a1ae290bserver1-hkpc8,sidecar,497.2620000000006
1938,17,client20,client20-65f8864f77-hjckw,linkerd-init,0.0
1939,17,server,server-656f98b57f-26dvf,linkerd-proxy,458.1929999999993
1940,17,server,server-656f98b57f-26dvf,linkerd-init,0.0
1941,17,client8,client8-5845965f99-9jpl5,sidecar,742.5719999999983
1942,17,client8,client8-5845965f99-9jpl5,linkerd-proxy,743.7389999999978
1943,17,client8,client8-5845965f99-9jpl5,client8,744.0239999999994
1944,17,client8,client8-5845965f99-9jpl5,linkerd-init,0.0
1945,17,client14,client14-856b5b5576-94pcp,linkerd-proxy,694.7489999999998
1946,17,client14,client14-856b5b5576-94pcp,linkerd-init,0.0
1947,17,client14,client14-856b5b5576-94pcp,client14,694.9650000000001
1948,17,client14,client14-856b5b5576-94pcp,sidecar,693.3389999999999
1949,17,client10,client10-694b6b97b4-5j2xl,linkerd-init,0.0
1950,17,orchestrator,policy-enforcer-cb8dccbd8-5895d,linkerd-proxy,393.58500000000004
1951,17,api-gateway,api-gateway-6bf76d45b7-gfshk,linkerd-proxy,412.8120000000008
1952,17,orchestrator,orchestrator-555f7b7c9d-b8qvg,linkerd-proxy,393.6360000000004
1953,17,orchestrator,orchestrator-555f7b7c9d-b8qvg,linkerd-init,0.0
1954,17,api-gateway,api-gateway-6bf76d45b7-gfshk,linkerd-init,0.0
1955,17,orchestrator,policy-enforcer-cb8dccbd8-5895d,linkerd-init,0.0
1956,17,client6,client6-785d875985-z8gh2,linkerd-init,0.0
1957,17,client6,client6-785d875985-z8gh2,client6,908.9189999999999
1958,17,client6,client6-785d875985-z8gh2,sidecar,906.4019999999982
1959,17,client6,client6-785d875985-z8gh2,linkerd-proxy,908.498999999998
1960,17,client4,client4-744474fb99-j6rqt,linkerd-proxy,908.0939999999991
1961,17,client4,client4-744474fb99-j6rqt,sidecar,905.8410000000003
1962,17,client4,client4-744474fb99-j6rqt,client4,908.2589999999982
1963,17,client4,client4-744474fb99-j6rqt,linkerd-init,0.0
1964,17,client17,client17-69b85b5ccf-f7njx,linkerd-proxy,779.5259999999998
1965,17,client17,client17-69b85b5ccf-f7njx,sidecar,649.9950000000008
1966,17,client17,client17-69b85b5ccf-f7njx,client17,783.7529999999988
1967,17,client17,client17-69b85b5ccf-f7njx,linkerd-init,0.0
1968,17,client15,client15-79c969ddf-csdff,client15,817.6409999999996
1969,17,client15,client15-79c969ddf-csdff,sidecar,815.9069999999992
1970,17,client15,client15-79c969ddf-csdff,linkerd-init,0.0
1971,17,client15,client15-79c969ddf-csdff,linkerd-proxy,817.3799999999992
1972,17,client9,client9-d68fb99b4-jtqss,linkerd-init,0.0
1973,17,client9,client9-d68fb99b4-jtqss,client9,739.6980000000021
1974,17,client9,client9-d68fb99b4-jtqss,sidecar,628.4940000000006
1975,17,client9,client9-d68fb99b4-jtqss,linkerd-proxy,739.9080000000013
1976,17,client5,client5-7d5ff7f8b4-5xc6q,client5,697.8269999999993
1977,17,client5,client5-7d5ff7f8b4-5xc6q,linkerd-init,0.0
1978,17,client5,client5-7d5ff7f8b4-5xc6q,sidecar,599.1689999999999
1979,17,client5,client5-7d5ff7f8b4-5xc6q,linkerd-proxy,695.2680000000018
1980,17,client12,client12-79bc8d5846-bzcv2,sidecar,722.9249999999993
1981,17,client12,client12-79bc8d5846-bzcv2,client12,787.8180000000011
1982,17,client12,client12-79bc8d5846-bzcv2,linkerd-init,0.0
1983,17,client12,client12-79bc8d5846-bzcv2,linkerd-proxy,787.6350000000002
1984,17,client16,client16-6dc7f87f54-nrkvh,client16,716.1450000000004
1985,17,client16,client16-6dc7f87f54-nrkvh,sidecar,713.9369999999999
1986,17,client16,client16-6dc7f87f54-nrkvh,linkerd-init,0.0
1987,17,client16,client16-6dc7f87f54-nrkvh,linkerd-proxy,716.0249999999996
1988,17,client2,client2-86cd6d8cf7-ngwfh,sidecar,708.0209999999988
1989,17,client2,client2-86cd6d8cf7-ngwfh,client2,709.5929999999989
1990,17,client2,client2-86cd6d8cf7-ngwfh,linkerd-proxy,709.398000000001
1991,17,client2,client2-86cd6d8cf7-ngwfh,linkerd-init,0.0
1992,17,client3,client3-58c68898cd-jqjck,sidecar,673.4879999999976
1993,17,client3,client3-58c68898cd-jqjck,linkerd-proxy,675.6180000000004
1994,17,client3,client3-58c68898cd-jqjck,client3,675.5730000000021
1995,17,client3,client3-58c68898cd-jqjck,linkerd-init,0.0
1996,17,client18,client18-69db77c748-flz89,client18,678.2849999999999
1997,17,client18,client18-69db77c748-flz89,sidecar,676.7790000000005
1998,17,client18,client18-69db77c748-flz89,linkerd-init,0.0
1999,17,client18,client18-69db77c748-flz89,linkerd-proxy,678.101999999999
2000,17,client7,client7-544486cc98-m2z98,sidecar,849.6540000000023
2001,17,client7,client7-544486cc98-m2z98,linkerd-proxy,850.7429999999986
2002,17,client7,client7-544486cc98-m2z98,client7,851.0010000000002
2003,17,client7,client7-544486cc98-m2z98,linkerd-init,0.0
2004,17,client11,client11-565c48c7c7-q8xtl,sidecar,636.0029999999988
2005,17,client11,client11-565c48c7c7-q8xtl,linkerd-proxy,712.9709999999995
2006,17,client11,client11-565c48c7c7-q8xtl,client11,713.1149999999998
2007,17,client11,client11-565c48c7c7-q8xtl,linkerd-init,0.0
2008,17,client19,client19-56fccdb4d9-xppnc,linkerd-proxy,761.085000000001
2009,17,client19,client19-56fccdb4d9-xppnc,client19,761.1329999999998
2010,17,client19,client19-56fccdb4d9-xppnc,sidecar,759.5609999999997
2011,17,client19,client19-56fccdb4d9-xppnc,linkerd-init,0.0
2012,17,client1,client1-7b9db886dd-rjv88,linkerd-init,0.0
2013,17,client1,client1-7b9db886dd-rjv88,linkerd-proxy,639.5040000000008
2014,17,client13,client13-7bf86f4f87-4mz9b,client13,657.0869999999995
2015,17,client13,client13-7bf86f4f87-4mz9b,linkerd-init,0.0
2016,17,client13,client13-7bf86f4f87-4mz9b,sidecar,602.3160000000007
2017,17,client13,client13-7bf86f4f87-4mz9b,linkerd-proxy,653.8619999999992
2018,17,client20,client20-65f8864f77-hjckw,client20,745.7160000000003
2019,17,client20,client20-65f8864f77-hjckw,sidecar,744.2070000000003
2020,17,client20,client20-65f8864f77-hjckw,linkerd-proxy,745.4819999999982
2021,17,server,server-656f98b57f-26dvf,server,470.6220000000012
2022,17,server,server-656f98b57f-26dvf,sidecar,353.6970000000001
2023,17,client10,client10-694b6b97b4-5j2xl,sidecar,620.2559999999994
2024,17,client10,client10-694b6b97b4-5j2xl,linkerd-proxy,720.6360000000004
2025,17,client10,client10-694b6b97b4-5j2xl,client10,720.8909999999996
2026,17,api-gateway,api-gateway-6bf76d45b7-gfshk,sidecar,340.4279999999999
2027,17,orchestrator,policy-enforcer-cb8dccbd8-5895d,sidecar,358.1159999999991
2028,17,api-gateway,api-gateway-6bf76d45b7-gfshk,api-gateway,413.95799999999963
2029,17,orchestrator,policy-enforcer-cb8dccbd8-5895d,policy-enforcer,185.10599999999977
2030,17,orchestrator,orchestrator-555f7b7c9d-b8qvg,sidecar,371.90399999999954
2031,17,orchestrator,orchestrator-555f7b7c9d-b8qvg,orchestrator,296.0729999999994
2032,17,client1,client1-7b9db886dd-rjv88,client1,640.6319999999996
2033,17,client1,client1-7b9db886dd-rjv88,sidecar,582.9629999999997
2034,17,client17,maurits-dijk-a1ae290bclient171-fst4v,sidecar,674.4599999999991
2035,17,client17,maurits-dijk-a1ae290bclient171-fst4v,hfl-train,813.3299999999981
2036,17,client17,maurits-dijk-a1ae290bclient171-fst4v,hfl-train-model,776.2049999999999
2037,17,client9,maurits-dijk-a1ae290bclient91-hwgnj,sidecar,649.3619999999992
2038,17,client9,maurits-dijk-a1ae290bclient91-hwgnj,hfl-train-model,733.4940000000006
2039,17,client9,maurits-dijk-a1ae290bclient91-hwgnj,hfl-train,780.9090000000015
2040,17,client5,maurits-dijk-a1ae290bclient51-b44hx,hfl-train-model,692.7089999999989
2041,17,client5,maurits-dijk-a1ae290bclient51-b44hx,hfl-train,731.0519999999997
2042,17,client5,maurits-dijk-a1ae290bclient51-b44hx,sidecar,650.3279999999977
2043,17,client1,maurits-dijk-a1ae290bclient11-n9t2l,sidecar,479.744999999999
2044,17,client1,maurits-dijk-a1ae290bclient11-n9t2l,hfl-train-model,633.237000000001
2045,17,client1,maurits-dijk-a1ae290bclient11-n9t2l,hfl-train,687.5759999999991
2046,17,client13,maurits-dijk-a1ae290bclient131-fwh4r,hfl-train-model,650.7720000000008
2047,17,client13,maurits-dijk-a1ae290bclient131-fwh4r,hfl-train,708.2939999999999
2048,17,client13,maurits-dijk-a1ae290bclient131-fwh4r,sidecar,582.101999999999
2049,17,server,maurits-dijk-a1ae290bserver1-hkpc8,hfl-train-model,732.8459999999995
2050,17,server,maurits-dijk-a1ae290bserver1-hkpc8,hfl-train,453.8070000000007
2051,17,server,maurits-dijk-a1ae290bserver1-hkpc8,sidecar,431.6939999999995
2052,18,client20,client20-65f8864f77-hjckw,linkerd-init,0.0
2053,18,server,server-656f98b57f-26dvf,linkerd-proxy,458.35200000000077
2054,18,server,server-656f98b57f-26dvf,linkerd-init,0.0
2055,18,client8,client8-5845965f99-9jpl5,sidecar,704.2710000000006
2056,18,client8,client8-5845965f99-9jpl5,linkerd-proxy,705.5400000000009
2057,18,client8,client8-5845965f99-9jpl5,client8,705.75
2058,18,client8,client8-5845965f99-9jpl5,linkerd-init,0.0
2059,18,client14,client14-856b5b5576-94pcp,linkerd-proxy,662.277
2060,18,client14,client14-856b5b5576-94pcp,linkerd-init,0.0
2061,18,client14,client14-856b5b5576-94pcp,client14,662.5649999999987
2062,18,client14,client14-856b5b5576-94pcp,sidecar,660.8909999999996
2063,18,client10,client10-694b6b97b4-5j2xl,linkerd-init,0.0
2064,18,orchestrator,policy-enforcer-cb8dccbd8-5895d,linkerd-proxy,324.8249999999989
2065,18,api-gateway,api-gateway-6bf76d45b7-gfshk,linkerd-proxy,343.2089999999989
2066,18,orchestrator,orchestrator-555f7b7c9d-b8qvg,linkerd-proxy,324.8819999999996
2067,18,orchestrator,orchestrator-555f7b7c9d-b8qvg,linkerd-init,0.0
2068,18,api-gateway,api-gateway-6bf76d45b7-gfshk,linkerd-init,0.0
2069,18,orchestrator,policy-enforcer-cb8dccbd8-5895d,linkerd-init,0.0
2070,18,client6,client6-785d875985-z8gh2,linkerd-init,0.0
2071,18,client6,client6-785d875985-z8gh2,client6,665.6189999999988
2072,18,client6,client6-785d875985-z8gh2,sidecar,663.5759999999991
2073,18,client6,client6-785d875985-z8gh2,linkerd-proxy,665.4210000000021
2074,18,client4,client4-744474fb99-j6rqt,linkerd-proxy,705.7290000000012
2075,18,client4,client4-744474fb99-j6rqt,sidecar,703.7610000000004
2076,18,client4,client4-744474fb99-j6rqt,client4,705.7740000000013
2077,18,client4,client4-744474fb99-j6rqt,linkerd-init,0.0
2078,18,client17,client17-69b85b5ccf-f7njx,linkerd-proxy,629.2890000000007
2079,18,client17,client17-69b85b5ccf-f7njx,sidecar,571.9979999999978
2080,18,client17,client17-69b85b5ccf-f7njx,client17,632.2470000000012
2081,18,client17,client17-69b85b5ccf-f7njx,linkerd-init,0.0
2082,18,client15,client15-79c969ddf-csdff,client15,719.7840000000015
2083,18,client15,client15-79c969ddf-csdff,sidecar,718.353000000001
2084,18,client15,client15-79c969ddf-csdff,linkerd-init,0.0
2085,18,client15,client15-79c969ddf-csdff,linkerd-proxy,719.6460000000006
2086,18,client9,client9-d68fb99b4-jtqss,linkerd-init,0.0
2087,18,client9,client9-d68fb99b4-jtqss,client9,678.9539999999979
2088,18,client9,client9-d68fb99b4-jtqss,sidecar,593.7360000000008
2089,18,client9,client9-d68fb99b4-jtqss,linkerd-proxy,676.9439999999995
2090,18,client5,client5-7d5ff7f8b4-5xc6q,client5,617.7360000000026
2091,18,client5,client5-7d5ff7f8b4-5xc6q,linkerd-init,0.0
2092,18,client5,client5-7d5ff7f8b4-5xc6q,sidecar,519.8189999999995
2093,18,client5,client5-7d5ff7f8b4-5xc6q,linkerd-proxy,615.2009999999991
2094,18,client12,client12-79bc8d5846-bzcv2,sidecar,840.5550000000003
2095,18,client12,client12-79bc8d5846-bzcv2,client12,917.8560000000016
2096,18,client12,client12-79bc8d5846-bzcv2,linkerd-init,0.0
2097,18,client12,client12-79bc8d5846-bzcv2,linkerd-proxy,917.6700000000001
2098,18,client16,client16-6dc7f87f54-nrkvh,client16,848.4539999999997
2099,18,client16,client16-6dc7f87f54-nrkvh,sidecar,845.8170000000009
2100,18,client16,client16-6dc7f87f54-nrkvh,linkerd-init,0.0
2101,18,client16,client16-6dc7f87f54-nrkvh,linkerd-proxy,848.2439999999988
2102,18,client2,client2-86cd6d8cf7-ngwfh,sidecar,842.862000000001
2103,18,client2,client2-86cd6d8cf7-ngwfh,client2,844.8060000000005
2104,18,client2,client2-86cd6d8cf7-ngwfh,linkerd-proxy,844.6169999999984
2105,18,client2,client2-86cd6d8cf7-ngwfh,linkerd-init,0.0
2106,18,client3,client3-58c68898cd-jqjck,sidecar,835.7940000000017
2107,18,client3,client3-58c68898cd-jqjck,linkerd-proxy,838.235999999999
2108,18,client3,client3-58c68898cd-jqjck,client3,838.3140000000003
2109,18,client3,client3-58c68898cd-jqjck,linkerd-init,0.0
2110,18,client18,client18-69db77c748-flz89,client18,846.630000000001
2111,18,client18,client18-69db77c748-flz89,sidecar,844.6589999999997
2112,18,client18,client18-69db77c748-flz89,linkerd-init,0.0
2113,18,client18,client18-69db77c748-flz89,linkerd-proxy,846.476999999999
2114,18,client7,client7-544486cc98-m2z98,sidecar,1032.4169999999976
2115,18,client7,client7-544486cc98-m2z98,linkerd-proxy,1033.6650000000009
2116,18,client7,client7-544486cc98-m2z98,client7,1033.985999999999
2117,18,client7,client7-544486cc98-m2z98,linkerd-init,0.0
2118,18,client11,client11-565c48c7c7-q8xtl,sidecar,709.1610000000001
2119,18,client11,client11-565c48c7c7-q8xtl,linkerd-proxy,845.2890000000007
2120,18,client11,client11-565c48c7c7-q8xtl,client11,845.5020000000004
2121,18,client11,client11-565c48c7c7-q8xtl,linkerd-init,0.0
2122,18,client19,client19-56fccdb4d9-xppnc,linkerd-proxy,961.5419999999995
2123,18,client19,client19-56fccdb4d9-xppnc,client19,961.6230000000014
2124,18,client19,client19-56fccdb4d9-xppnc,sidecar,959.8140000000021
2125,18,client19,client19-56fccdb4d9-xppnc,linkerd-init,0.0
2126,18,client1,client1-7b9db886dd-rjv88,linkerd-init,0.0
2127,18,client1,client1-7b9db886dd-rjv88,linkerd-proxy,878.0820000000003
2128,18,client13,client13-7bf86f4f87-4mz9b,client13,780.0
2129,18,client13,client13-7bf86f4f87-4mz9b,linkerd-init,0.0
2130,18,client13,client13-7bf86f4f87-4mz9b,sidecar,708.2609999999986
2131,18,client13,client13-7bf86f4f87-4mz9b,linkerd-proxy,776.3910000000014
2132,18,client20,client20-65f8864f77-hjckw,client20,738.3570000000018
2133,18,client20,client20-65f8864f77-hjckw,sidecar,736.8630000000012
2134,18,client20,client20-65f8864f77-hjckw,linkerd-proxy,738.2910000000011
2135,18,server,server-656f98b57f-26dvf,server,471.8129999999983
2136,18,server,server-656f98b57f-26dvf,sidecar,380.83200000000033
2137,18,client10,client10-694b6b97b4-5j2xl,sidecar,640.2510000000002
2138,18,client10,client10-694b6b97b4-5j2xl,linkerd-proxy,725.3669999999984
2139,18,client10,client10-694b6b97b4-5j2xl,client10,725.4120000000003
2140,18,api-gateway,api-gateway-6bf76d45b7-gfshk,sidecar,284.1449999999995
2141,18,orchestrator,policy-enforcer-cb8dccbd8-5895d,sidecar,297.7920000000013
2142,18,api-gateway,api-gateway-6bf76d45b7-gfshk,api-gateway,345.54299999999967
2143,18,orchestrator,policy-enforcer-cb8dccbd8-5895d,policy-enforcer,149.6520000000005
2144,18,orchestrator,orchestrator-555f7b7c9d-b8qvg,sidecar,306.2489999999998
2145,18,orchestrator,orchestrator-555f7b7c9d-b8qvg,orchestrator,243.1200000000008
2146,18,client1,client1-7b9db886dd-rjv88,client1,877.5540000000001
2147,18,client1,client1-7b9db886dd-rjv88,sidecar,768.0869999999995
2148,18,client17,maurits-dijk-a1ae290bclient171-fst4v,sidecar,446.38800000000083
2149,18,client17,maurits-dijk-a1ae290bclient171-fst4v,hfl-train,663.0390000000007
2150,18,client17,maurits-dijk-a1ae290bclient171-fst4v,hfl-train-model,626.1089999999986
2151,18,client9,maurits-dijk-a1ae290bclient91-hwgnj,sidecar,555.6690000000017
2152,18,client9,maurits-dijk-a1ae290bclient91-hwgnj,hfl-train-model,670.9889999999996
2153,18,client9,maurits-dijk-a1ae290bclient91-hwgnj,hfl-train,714.6989999999987
2154,18,client5,maurits-dijk-a1ae290bclient51-b44hx,hfl-train-model,612.7440000000024
2155,18,client5,maurits-dijk-a1ae290bclient51-b44hx,hfl-train,650.1240000000016
2156,18,client5,maurits-dijk-a1ae290bclient51-b44hx,sidecar,601.974000000002
2157,18,client1,maurits-dijk-a1ae290bclient11-n9t2l,sidecar,685.8480000000018
2158,18,client1,maurits-dijk-a1ae290bclient11-n9t2l,hfl-train-model,872.6880000000001
2159,18,client1,maurits-dijk-a1ae290bclient11-n9t2l,hfl-train,910.2090000000007
2160,18,client13,maurits-dijk-a1ae290bclient131-fwh4r,hfl-train-model,772.8599999999988
2161,18,client13,maurits-dijk-a1ae290bclient131-fwh4r,hfl-train,828.0720000000001
2162,18,client13,maurits-dijk-a1ae290bclient131-fwh4r,sidecar,674.6370000000006
2163,18,server,maurits-dijk-a1ae290bserver1-hkpc8,hfl-train-model,729.2339999999986
2164,18,server,maurits-dijk-a1ae290bserver1-hkpc8,hfl-train,453.4500000000007
2165,18,server,maurits-dijk-a1ae290bserver1-hkpc8,sidecar,420.7530000000006
2166,19,client20,client20-65f8864f77-hjckw,linkerd-init,0.0
2167,19,server,server-656f98b57f-26dvf,linkerd-proxy,543.4770000000008
2168,19,server,server-656f98b57f-26dvf,linkerd-init,0.0
2169,19,client8,client8-5845965f99-9jpl5,sidecar,821.2530000000006
2170,19,client8,client8-5845965f99-9jpl5,linkerd-proxy,822.7590000000018
2171,19,client8,client8-5845965f99-9jpl5,client8,823.0200000000004
2172,19,client8,client8-5845965f99-9jpl5,linkerd-init,0.0
2173,19,client14,client14-856b5b5576-94pcp,linkerd-proxy,816.2430000000004
2174,19,client14,client14-856b5b5576-94pcp,linkerd-init,0.0
2175,19,client14,client14-856b5b5576-94pcp,client14,816.4710000000014
2176,19,client14,client14-856b5b5576-94pcp,sidecar,814.5390000000007
2177,19,client10,client10-694b6b97b4-5j2xl,linkerd-init,0.0
2178,19,orchestrator,policy-enforcer-cb8dccbd8-5895d,linkerd-proxy,393.21600000000035
2179,19,api-gateway,api-gateway-6bf76d45b7-gfshk,linkerd-proxy,411.90900000000056
2180,19,orchestrator,orchestrator-555f7b7c9d-b8qvg,linkerd-proxy,393.1349999999993
2181,19,orchestrator,orchestrator-555f7b7c9d-b8qvg,linkerd-init,0.0
2182,19,api-gateway,api-gateway-6bf76d45b7-gfshk,linkerd-init,0.0
2183,19,orchestrator,policy-enforcer-cb8dccbd8-5895d,linkerd-init,0.0
2184,19,client6,client6-785d875985-z8gh2,linkerd-init,0.0
2185,19,client6,client6-785d875985-z8gh2,client6,716.9459999999999
2186,19,client6,client6-785d875985-z8gh2,sidecar,714.8670000000002
2187,19,client6,client6-785d875985-z8gh2,linkerd-proxy,716.6460000000006
2188,19,client4,client4-744474fb99-j6rqt,linkerd-proxy,703.1939999999995
2189,19,client4,client4-744474fb99-j6rqt,sidecar,701.2049999999999
2190,19,client4,client4-744474fb99-j6rqt,client4,703.2569999999996
2191,19,client4,client4-744474fb99-j6rqt,linkerd-init,0.0
2192,19,client17,client17-69b85b5ccf-f7njx,linkerd-proxy,629.4629999999997
2193,19,client17,client17-69b85b5ccf-f7njx,sidecar,603.1560000000009
2194,19,client17,client17-69b85b5ccf-f7njx,client17,633.5130000000008
2195,19,client17,client17-69b85b5ccf-f7njx,linkerd-init,0.0
2196,19,client15,client15-79c969ddf-csdff,client15,681.8400000000001
2197,19,client15,client15-79c969ddf-csdff,sidecar,680.3729999999996
2198,19,client15,client15-79c969ddf-csdff,linkerd-init,0.0
2199,19,client15,client15-79c969ddf-csdff,linkerd-proxy,681.6149999999998
2200,19,client9,client9-d68fb99b4-jtqss,linkerd-init,0.0
2201,19,client9,client9-d68fb99b4-jtqss,client9,689.6940000000013
2202,19,client9,client9-d68fb99b4-jtqss,sidecar,582.9509999999991
2203,19,client9,client9-d68fb99b4-jtqss,linkerd-proxy,688.7819999999992
2204,19,client5,client5-7d5ff7f8b4-5xc6q,client5,647.7059999999983
2205,19,client5,client5-7d5ff7f8b4-5xc6q,linkerd-init,0.0
2206,19,client5,client5-7d5ff7f8b4-5xc6q,sidecar,576.3540000000012
2207,19,client5,client5-7d5ff7f8b4-5xc6q,linkerd-proxy,644.8140000000003
2208,19,client12,client12-79bc8d5846-bzcv2,sidecar,657.3359999999993
2209,19,client12,client12-79bc8d5846-bzcv2,client12,752.0309999999972
2210,19,client12,client12-79bc8d5846-bzcv2,linkerd-init,0.0
2211,19,client12,client12-79bc8d5846-bzcv2,linkerd-proxy,751.7969999999987
2212,19,client16,client16-6dc7f87f54-nrkvh,client16,713.7120000000014
2213,19,client16,client16-6dc7f87f54-nrkvh,sidecar,711.7469999999994
2214,19,client16,client16-6dc7f87f54-nrkvh,linkerd-init,0.0
2215,19,client16,client16-6dc7f87f54-nrkvh,linkerd-proxy,713.5920000000006
2216,19,client2,client2-86cd6d8cf7-ngwfh,sidecar,712.6919999999991
2217,19,client2,client2-86cd6d8cf7-ngwfh,client2,714.1889999999985
2218,19,client2,client2-86cd6d8cf7-ngwfh,linkerd-proxy,714.1110000000008
2219,19,client2,client2-86cd6d8cf7-ngwfh,linkerd-init,0.0
2220,19,client3,client3-58c68898cd-jqjck,sidecar,744.3689999999988
2221,19,client3,client3-58c68898cd-jqjck,linkerd-proxy,746.3130000000001
2222,19,client3,client3-58c68898cd-jqjck,client3,746.4029999999984
2223,19,client3,client3-58c68898cd-jqjck,linkerd-init,0.0
2224,19,client18,client18-69db77c748-flz89,client18,830.7089999999989
2225,19,client18,client18-69db77c748-flz89,sidecar,829.0949999999993
2226,19,client18,client18-69db77c748-flz89,linkerd-init,0.0
2227,19,client18,client18-69db77c748-flz89,linkerd-proxy,830.6040000000012
2228,19,client7,client7-544486cc98-m2z98,sidecar,773.6730000000007
2229,19,client7,client7-544486cc98-m2z98,linkerd-proxy,774.7950000000001
2230,19,client7,client7-544486cc98-m2z98,client7,774.9750000000022
2231,19,client7,client7-544486cc98-m2z98,linkerd-init,0.0
2232,19,client11,client11-565c48c7c7-q8xtl,sidecar,614.0970000000016
2233,19,client11,client11-565c48c7c7-q8xtl,linkerd-proxy,702.2099999999991
2234,19,client11,client11-565c48c7c7-q8xtl,client11,702.3539999999994
2235,19,client11,client11-565c48c7c7-q8xtl,linkerd-init,0.0
2236,19,client19,client19-56fccdb4d9-xppnc,linkerd-proxy,775.746000000001
2237,19,client19,client19-56fccdb4d9-xppnc,client19,775.902
2238,19,client19,client19-56fccdb4d9-xppnc,sidecar,774.2279999999992
2239,19,client19,client19-56fccdb4d9-xppnc,linkerd-init,0.0
2240,19,client1,client1-7b9db886dd-rjv88,linkerd-init,0.0
2241,19,client1,client1-7b9db886dd-rjv88,linkerd-proxy,617.9039999999986
2242,19,client13,client13-7bf86f4f87-4mz9b,client13,617.4570000000003
2243,19,client13,client13-7bf86f4f87-4mz9b,linkerd-init,0.0
2244,19,client13,client13-7bf86f4f87-4mz9b,sidecar,563.5349999999999
2245,19,client13,client13-7bf86f4f87-4mz9b,linkerd-proxy,613.9229999999989
2246,19,client20,client20-65f8864f77-hjckw,client20,841.610999999999
2247,19,client20,client20-65f8864f77-hjckw,sidecar,839.6639999999989
2248,19,client20,client20-65f8864f77-hjckw,linkerd-proxy,841.4130000000005
2249,19,server,server-656f98b57f-26dvf,server,554.643
2250,19,server,server-656f98b57f-26dvf,sidecar,455.79299999999967
2251,19,client10,client10-694b6b97b4-5j2xl,sidecar,805.8329999999987
2252,19,client10,client10-694b6b97b4-5j2xl,linkerd-proxy,890.8739999999998
2253,19,client10,client10-694b6b97b4-5j2xl,client10,890.7989999999991
2254,19,api-gateway,api-gateway-6bf76d45b7-gfshk,sidecar,346.3890000000001
2255,19,orchestrator,policy-enforcer-cb8dccbd8-5895d,sidecar,362.58899999999994
2256,19,api-gateway,api-gateway-6bf76d45b7-gfshk,api-gateway,403.6080000000002
2257,19,orchestrator,policy-enforcer-cb8dccbd8-5895d,policy-enforcer,193.45199999999977
2258,19,orchestrator,orchestrator-555f7b7c9d-b8qvg,sidecar,350.83799999999974
2259,19,orchestrator,orchestrator-555f7b7c9d-b8qvg,orchestrator,301.67399999999907
2260,19,client1,client1-7b9db886dd-rjv88,client1,618.1439999999984
2261,19,client1,client1-7b9db886dd-rjv88,sidecar,524.1270000000004
2262,19,client17,maurits-dijk-a1ae290bclient171-fst4v,sidecar,453.85200000000077
2263,19,client17,maurits-dijk-a1ae290bclient171-fst4v,hfl-train,665.991
2264,19,client17,maurits-dijk-a1ae290bclient171-fst4v,hfl-train-model,626.4179999999997
2265,19,client9,maurits-dijk-a1ae290bclient91-hwgnj,sidecar,612.0509999999977
2266,19,client9,maurits-dijk-a1ae290bclient91-hwgnj,hfl-train-model,684.3240000000005
2267,19,client9,maurits-dijk-a1ae290bclient91-hwgnj,hfl-train,721.1010000000006
2268,19,client5,maurits-dijk-a1ae290bclient51-b44hx,hfl-train-model,642.5279999999984
2269,19,client5,maurits-dijk-a1ae290bclient51-b44hx,hfl-train,684.75
2270,19,client5,maurits-dijk-a1ae290bclient51-b44hx,sidecar,619.5509999999977
2271,19,client1,maurits-dijk-a1ae290bclient11-n9t2l,sidecar,529.1399999999976
2272,19,client1,maurits-dijk-a1ae290bclient11-n9t2l,hfl-train-model,612.5969999999998
2273,19,client1,maurits-dijk-a1ae290bclient11-n9t2l,hfl-train,650.8829999999998
2274,19,client13,maurits-dijk-a1ae290bclient131-fwh4r,hfl-train-model,610.9889999999996
2275,19,client13,maurits-dijk-a1ae290bclient131-fwh4r,hfl-train,669.6839999999993
2276,19,client13,maurits-dijk-a1ae290bclient131-fwh4r,sidecar,533.6490000000013
2277,19,server,maurits-dijk-a1ae290bserver1-hkpc8,hfl-train-model,808.956000000002
2278,19,server,maurits-dijk-a1ae290bserver1-hkpc8,hfl-train,539.7779999999984
2279,19,server,maurits-dijk-a1ae290bserver1-hkpc8,sidecar,473.22299999999996
2280,20,client20,client20-65f8864f77-hjckw,linkerd-init,0.0
2281,20,server,server-656f98b57f-26dvf,linkerd-proxy,447.896999999999
2282,20,server,server-656f98b57f-26dvf,linkerd-init,0.0
2283,20,client8,client8-5845965f99-9jpl5,sidecar,685.0769999999993
2284,20,client8,client8-5845965f99-9jpl5,linkerd-proxy,686.2080000000005
2285,20,client8,client8-5845965f99-9jpl5,client8,686.514000000001
2286,20,client8,client8-5845965f99-9jpl5,linkerd-init,0.0
2287,20,client14,client14-856b5b5576-94pcp,linkerd-proxy,659.5319999999992
2288,20,client14,client14-856b5b5576-94pcp,linkerd-init,0.0
2289,20,client14,client14-856b5b5576-94pcp,client14,659.6640000000007
2290,20,client14,client14-856b5b5576-94pcp,sidecar,658.2270000000008
2291,20,client10,client10-694b6b97b4-5j2xl,linkerd-init,0.0
2292,20,orchestrator,policy-enforcer-cb8dccbd8-5895d,linkerd-proxy,336.6329999999998
2293,20,api-gateway,api-gateway-6bf76d45b7-gfshk,linkerd-proxy,355.26600000000053
2294,20,orchestrator,orchestrator-555f7b7c9d-b8qvg,linkerd-proxy,336.71700000000055
2295,20,orchestrator,orchestrator-555f7b7c9d-b8qvg,linkerd-init,0.0
2296,20,api-gateway,api-gateway-6bf76d45b7-gfshk,linkerd-init,0.0
2297,20,orchestrator,policy-enforcer-cb8dccbd8-5895d,linkerd-init,0.0
2298,20,client6,client6-785d875985-z8gh2,linkerd-init,0.0
2299,20,client6,client6-785d875985-z8gh2,client6,831.3900000000012
2300,20,client6,client6-785d875985-z8gh2,sidecar,828.7920000000013
2301,20,client6,client6-785d875985-z8gh2,linkerd-proxy,831.1499999999996
2302,20,client4,client4-744474fb99-j6rqt,linkerd-proxy,906.530999999999
2303,20,client4,client4-744474fb99-j6rqt,sidecar,904.1250000000018
2304,20,client4,client4-744474fb99-j6rqt,client4,906.5760000000028
2305,20,client4,client4-744474fb99-j6rqt,linkerd-init,0.0
2306,20,client17,client17-69b85b5ccf-f7njx,linkerd-proxy,756.366
2307,20,client17,client17-69b85b5ccf-f7njx,sidecar,689.1180000000004
2308,20,client17,client17-69b85b5ccf-f7njx,client17,758.8979999999992
2309,20,client17,client17-69b85b5ccf-f7njx,linkerd-init,0.0
2310,20,client15,client15-79c969ddf-csdff,client15,864.8369999999995
2311,20,client15,client15-79c969ddf-csdff,sidecar,863.2349999999988
2312,20,client15,client15-79c969ddf-csdff,linkerd-init,0.0
2313,20,client15,client15-79c969ddf-csdff,linkerd-proxy,864.668999999998
2314,20,client9,client9-d68fb99b4-jtqss,linkerd-init,0.0
2315,20,client9,client9-d68fb99b4-jtqss,client9,792.5820000000003
2316,20,client9,client9-d68fb99b4-jtqss,sidecar,715.6200000000008
2317,20,client9,client9-d68fb99b4-jtqss,linkerd-proxy,791.3400000000001
2318,20,client5,client5-7d5ff7f8b4-5xc6q,client5,734.3640000000014
2319,20,client5,client5-7d5ff7f8b4-5xc6q,linkerd-init,0.0
2320,20,client5,client5-7d5ff7f8b4-5xc6q,sidecar,707.139000000001
2321,20,client5,client5-7d5ff7f8b4-5xc6q,linkerd-proxy,730.482
2322,20,client12,client12-79bc8d5846-bzcv2,sidecar,619.956000000002
2323,20,client12,client12-79bc8d5846-bzcv2,client12,704.607
2324,20,client12,client12-79bc8d5846-bzcv2,linkerd-init,0.0
2325,20,client12,client12-79bc8d5846-bzcv2,linkerd-proxy,704.2890000000007
2326,20,client16,client16-6dc7f87f54-nrkvh,client16,698.5049999999992
2327,20,client16,client16-6dc7f87f54-nrkvh,sidecar,696.741
2328,20,client16,client16-6dc7f87f54-nrkvh,linkerd-init,0.0
2329,20,client16,client16-6dc7f87f54-nrkvh,linkerd-proxy,698.514000000001
2330,20,client2,client2-86cd6d8cf7-ngwfh,sidecar,698.5770000000011
2331,20,client2,client2-86cd6d8cf7-ngwfh,client2,700.1790000000019
2332,20,client2,client2-86cd6d8cf7-ngwfh,linkerd-proxy,700.0109999999968
2333,20,client2,client2-86cd6d8cf7-ngwfh,linkerd-init,0.0
2334,20,client3,client3-58c68898cd-jqjck,sidecar,693.3029999999999
2335,20,client3,client3-58c68898cd-jqjck,linkerd-proxy,695.3429999999989
2336,20,client3,client3-58c68898cd-jqjck,client3,695.4330000000009
2337,20,client3,client3-58c68898cd-jqjck,linkerd-init,0.0
2338,20,client18,client18-69db77c748-flz89,client18,863.085000000001
2339,20,client18,client18-69db77c748-flz89,sidecar,861.5580000000027
2340,20,client18,client18-69db77c748-flz89,linkerd-init,0.0
2341,20,client18,client18-69db77c748-flz89,linkerd-proxy,862.9470000000019
2342,20,client7,client7-544486cc98-m2z98,sidecar,749.2560000000012
2343,20,client7,client7-544486cc98-m2z98,linkerd-proxy,750.5400000000009
2344,20,client7,client7-544486cc98-m2z98,client7,750.7049999999981
2345,20,client7,client7-544486cc98-m2z98,linkerd-init,0.0
2346,20,client11,client11-565c48c7c7-q8xtl,sidecar,595.1099999999988
2347,20,client11,client11-565c48c7c7-q8xtl,linkerd-proxy,669.3779999999988
2348,20,client11,client11-565c48c7c7-q8xtl,client11,669.5280000000002
2349,20,client11,client11-565c48c7c7-q8xtl,linkerd-init,0.0
2350,20,client19,client19-56fccdb4d9-xppnc,linkerd-proxy,728.141999999998
2351,20,client19,client19-56fccdb4d9-xppnc,client19,728.4209999999985
2352,20,client19,client19-56fccdb4d9-xppnc,sidecar,726.7889999999989
2353,20,client19,client19-56fccdb4d9-xppnc,linkerd-init,0.0
2354,20,client1,client1-7b9db886dd-rjv88,linkerd-init,0.0
2355,20,client1,client1-7b9db886dd-rjv88,linkerd-proxy,618.2249999999985
2356,20,client13,client13-7bf86f4f87-4mz9b,client13,635.5200000000004
2357,20,client13,client13-7bf86f4f87-4mz9b,linkerd-init,0.0
2358,20,client13,client13-7bf86f4f87-4mz9b,sidecar,577.8060000000023
2359,20,client13,client13-7bf86f4f87-4mz9b,linkerd-proxy,632.9609999999993
2360,20,client20,client20-65f8864f77-hjckw,client20,712.3829999999998
2361,20,client20,client20-65f8864f77-hjckw,sidecar,710.8889999999992
2362,20,client20,client20-65f8864f77-hjckw,linkerd-proxy,712.1610000000001
2363,20,server,server-656f98b57f-26dvf,server,465.6900000000023
2364,20,server,server-656f98b57f-26dvf,sidecar,360.4529999999995
2365,20,client10,client10-694b6b97b4-5j2xl,sidecar,624.1380000000008
2366,20,client10,client10-694b6b97b4-5j2xl,linkerd-proxy,682.7669999999998
2367,20,client10,client10-694b6b97b4-5j2xl,client10,682.9320000000007
2368,20,api-gateway,api-gateway-6bf76d45b7-gfshk,sidecar,298.6890000000003
2369,20,orchestrator,policy-enforcer-cb8dccbd8-5895d,sidecar,305.5019999999995
2370,20,api-gateway,api-gateway-6bf76d45b7-gfshk,api-gateway,356.15099999999984
2371,20,orchestrator,policy-enforcer-cb8dccbd8-5895d,policy-enforcer,177.75599999999986
2372,20,orchestrator,orchestrator-555f7b7c9d-b8qvg,sidecar,300.1409999999996
2373,20,orchestrator,orchestrator-555f7b7c9d-b8qvg,orchestrator,256.1280000000006
2374,20,client1,client1-7b9db886dd-rjv88,client1,618.9810000000016
2375,20,client1,client1-7b9db886dd-rjv88,sidecar,538.5090000000018
2376,20,client17,maurits-dijk-a1ae290bclient171-fst4v,sidecar,591.8819999999996
2377,20,client17,maurits-dijk-a1ae290bclient171-fst4v,hfl-train,794.4989999999998
2378,20,client17,maurits-dijk-a1ae290bclient171-fst4v,hfl-train-model,753.0210000000006
2379,20,client9,maurits-dijk-a1ae290bclient91-hwgnj,sidecar,677.0250000000015
2380,20,client9,maurits-dijk-a1ae290bclient91-hwgnj,hfl-train-model,784.7340000000004
2381,20,client9,maurits-dijk-a1ae290bclient91-hwgnj,hfl-train,824.1689999999999
2382,20,client5,maurits-dijk-a1ae290bclient51-b44hx,hfl-train-model,728.1810000000005
2383,20,client5,maurits-dijk-a1ae290bclient51-b44hx,hfl-train,765.3360000000011
2384,20,client5,maurits-dijk-a1ae290bclient51-b44hx,sidecar,691.8870000000006
2385,20,client1,maurits-dijk-a1ae290bclient11-n9t2l,sidecar,525.273000000001
2386,20,client1,maurits-dijk-a1ae290bclient11-n9t2l,hfl-train-model,613.1729999999989
2387,20,client1,maurits-dijk-a1ae290bclient11-n9t2l,hfl-train,650.8259999999991
2388,20,client13,maurits-dijk-a1ae290bclient131-fwh4r,hfl-train-model,629.6010000000006
2389,20,client13,maurits-dijk-a1ae290bclient131-fwh4r,hfl-train,687.1140000000014
2390,20,client13,maurits-dijk-a1ae290bclient131-fwh4r,sidecar,553.3379999999997
2391,20,server,maurits-dijk-a1ae290bserver1-hkpc8,hfl-train-model,720.5159999999996
2392,20,server,maurits-dijk-a1ae290bserver1-hkpc8,hfl-train,444.099000000002
2393,20,server,maurits-dijk-a1ae290bserver1-hkpc8,sidecar,405.83100000000013
2394,21,client20,client20-65f8864f77-hjckw,linkerd-init,0.0
2395,21,server,server-656f98b57f-26dvf,linkerd-proxy,436.3140000000003
2396,21,server,server-656f98b57f-26dvf,linkerd-init,0.0
2397,21,client8,client8-5845965f99-9jpl5,sidecar,725.6670000000031
2398,21,client8,client8-5845965f99-9jpl5,linkerd-proxy,726.8249999999971
2399,21,client8,client8-5845965f99-9jpl5,client8,727.1159999999982
2400,21,client8,client8-5845965f99-9jpl5,linkerd-init,0.0
2401,21,client14,client14-856b5b5576-94pcp,linkerd-proxy,698.7869999999966
2402,21,client14,client14-856b5b5576-94pcp,linkerd-init,0.0
2403,21,client14,client14-856b5b5576-94pcp,client14,699.0299999999988
2404,21,client14,client14-856b5b5576-94pcp,sidecar,697.4460000000017
2405,21,client10,client10-694b6b97b4-5j2xl,linkerd-init,0.0
2406,21,orchestrator,policy-enforcer-cb8dccbd8-5895d,linkerd-proxy,321.3689999999997
2407,21,api-gateway,api-gateway-6bf76d45b7-gfshk,linkerd-proxy,339.5069999999996
2408,21,orchestrator,orchestrator-555f7b7c9d-b8qvg,linkerd-proxy,321.4319999999998
2409,21,orchestrator,orchestrator-555f7b7c9d-b8qvg,linkerd-init,0.0
2410,21,api-gateway,api-gateway-6bf76d45b7-gfshk,linkerd-init,0.0
2411,21,orchestrator,policy-enforcer-cb8dccbd8-5895d,linkerd-init,0.0
2412,21,client6,client6-785d875985-z8gh2,linkerd-init,0.0
2413,21,client6,client6-785d875985-z8gh2,client6,716.1989999999969
2414,21,client6,client6-785d875985-z8gh2,sidecar,714.0419999999976
2415,21,client6,client6-785d875985-z8gh2,linkerd-proxy,715.719000000001
2416,21,client4,client4-744474fb99-j6rqt,linkerd-proxy,725.5770000000011
2417,21,client4,client4-744474fb99-j6rqt,sidecar,723.4619999999995
2418,21,client4,client4-744474fb99-j6rqt,client4,725.6970000000001
2419,21,client4,client4-744474fb99-j6rqt,linkerd-init,0.0
2420,21,client17,client17-69b85b5ccf-f7njx,linkerd-proxy,621.155999999999
2421,21,client17,client17-69b85b5ccf-f7njx,sidecar,530.7749999999996
2422,21,client17,client17-69b85b5ccf-f7njx,client17,624.4770000000008
2423,21,client17,client17-69b85b5ccf-f7njx,linkerd-init,0.0
2424,21,client15,client15-79c969ddf-csdff,client15,684.4799999999996
2425,21,client15,client15-79c969ddf-csdff,sidecar,683.0460000000003
2426,21,client15,client15-79c969ddf-csdff,linkerd-init,0.0
2427,21,client15,client15-79c969ddf-csdff,linkerd-proxy,684.3000000000011
2428,21,client9,client9-d68fb99b4-jtqss,linkerd-init,0.0
2429,21,client9,client9-d68fb99b4-jtqss,client9,655.7699999999986
2430,21,client9,client9-d68fb99b4-jtqss,sidecar,588.3299999999981
2431,21,client9,client9-d68fb99b4-jtqss,linkerd-proxy,653.5409999999993
2432,21,client5,client5-7d5ff7f8b4-5xc6q,client5,648.146999999999
2433,21,client5,client5-7d5ff7f8b4-5xc6q,linkerd-init,0.0
2434,21,client5,client5-7d5ff7f8b4-5xc6q,sidecar,616.1039999999994
2435,21,client5,client5-7d5ff7f8b4-5xc6q,linkerd-proxy,644.0879999999997
2436,21,client12,client12-79bc8d5846-bzcv2,sidecar,753.0839999999989
2437,21,client12,client12-79bc8d5846-bzcv2,client12,844.0860000000011
2438,21,client12,client12-79bc8d5846-bzcv2,linkerd-init,0.0
2439,21,client12,client12-79bc8d5846-bzcv2,linkerd-proxy,843.878999999999
2440,21,client16,client16-6dc7f87f54-nrkvh,client16,885.3779999999988
2441,21,client16,client16-6dc7f87f54-nrkvh,sidecar,882.8069999999971
2442,21,client16,client16-6dc7f87f54-nrkvh,linkerd-init,0.0
2443,21,client16,client16-6dc7f87f54-nrkvh,linkerd-proxy,885.1530000000002
2444,21,client2,client2-86cd6d8cf7-ngwfh,sidecar,933.7829999999994
2445,21,client2,client2-86cd6d8cf7-ngwfh,client2,935.7870000000003
2446,21,client2,client2-86cd6d8cf7-ngwfh,linkerd-proxy,935.5590000000011
2447,21,client2,client2-86cd6d8cf7-ngwfh,linkerd-init,0.0
2448,21,client3,client3-58c68898cd-jqjck,sidecar,856.5570000000007
2449,21,client3,client3-58c68898cd-jqjck,linkerd-proxy,859.0470000000023
2450,21,client3,client3-58c68898cd-jqjck,client3,859.1819999999989
2451,21,client3,client3-58c68898cd-jqjck,linkerd-init,0.0
2452,21,client18,client18-69db77c748-flz89,client18,839.3729999999996
2453,21,client18,client18-69db77c748-flz89,sidecar,837.4320000000007
2454,21,client18,client18-69db77c748-flz89,linkerd-init,0.0
2455,21,client18,client18-69db77c748-flz89,linkerd-proxy,839.2289999999957
2456,21,client7,client7-544486cc98-m2z98,sidecar,846.8729999999996
2457,21,client7,client7-544486cc98-m2z98,linkerd-proxy,848.2559999999976
2458,21,client7,client7-544486cc98-m2z98,client7,848.7119999999995
2459,21,client7,client7-544486cc98-m2z98,linkerd-init,0.0
2460,21,client11,client11-565c48c7c7-q8xtl,sidecar,715.7399999999998
2461,21,client11,client11-565c48c7c7-q8xtl,linkerd-proxy,820.6380000000026
2462,21,client11,client11-565c48c7c7-q8xtl,client11,820.7939999999999
2463,21,client11,client11-565c48c7c7-q8xtl,linkerd-init,0.0
2464,21,client19,client19-56fccdb4d9-xppnc,linkerd-proxy,840.2970000000023
2465,21,client19,client19-56fccdb4d9-xppnc,client19,840.3480000000018
2466,21,client19,client19-56fccdb4d9-xppnc,sidecar,838.6440000000039
2467,21,client19,client19-56fccdb4d9-xppnc,linkerd-init,0.0
2468,21,client1,client1-7b9db886dd-rjv88,linkerd-init,0.0
2469,21,client1,client1-7b9db886dd-rjv88,linkerd-proxy,699.0030000000024
2470,21,client13,client13-7bf86f4f87-4mz9b,client13,771.3899999999994
2471,21,client13,client13-7bf86f4f87-4mz9b,linkerd-init,0.0
2472,21,client13,client13-7bf86f4f87-4mz9b,sidecar,676.8449999999993
2473,21,client13,client13-7bf86f4f87-4mz9b,linkerd-proxy,767.7210000000014
2474,21,client20,client20-65f8864f77-hjckw,client20,705.5760000000009
2475,21,client20,client20-65f8864f77-hjckw,sidecar,704.1270000000022
2476,21,client20,client20-65f8864f77-hjckw,linkerd-proxy,705.4889999999996
2477,21,server,server-656f98b57f-26dvf,server,448.2689999999984
2478,21,server,server-656f98b57f-26dvf,sidecar,371.47199999999975
2479,21,client10,client10-694b6b97b4-5j2xl,sidecar,623.085000000001
2480,21,client10,client10-694b6b97b4-5j2xl,linkerd-proxy,705.1680000000015
2481,21,client10,client10-694b6b97b4-5j2xl,client10,705.2580000000016
2482,21,api-gateway,api-gateway-6bf76d45b7-gfshk,sidecar,287.97900000000027
2483,21,orchestrator,policy-enforcer-cb8dccbd8-5895d,sidecar,291.2340000000004
2484,21,api-gateway,api-gateway-6bf76d45b7-gfshk,api-gateway,340.16100000000097
2485,21,orchestrator,policy-enforcer-cb8dccbd8-5895d,policy-enforcer,171.83100000000013
2486,21,orchestrator,orchestrator-555f7b7c9d-b8qvg,sidecar,292.3830000000007
2487,21,orchestrator,orchestrator-555f7b7c9d-b8qvg,orchestrator,249.32999999999993
2488,21,client1,client1-7b9db886dd-rjv88,client1,700.5449999999983
2489,21,client1,client1-7b9db886dd-rjv88,sidecar,633.623999999998
2490,21,client17,maurits-dijk-a1ae290bclient171-fst4v,sidecar,555.3269999999993
2491,21,client17,maurits-dijk-a1ae290bclient171-fst4v,hfl-train,656.9069999999992
2492,21,client17,maurits-dijk-a1ae290bclient171-fst4v,hfl-train-model,618.5519999999997
2493,21,client9,maurits-dijk-a1ae290bclient91-hwgnj,sidecar,587.1779999999999
2494,21,client9,maurits-dijk-a1ae290bclient91-hwgnj,hfl-train-model,647.9339999999993
2495,21,client9,maurits-dijk-a1ae290bclient91-hwgnj,hfl-train,694.0679999999975
2496,21,client5,maurits-dijk-a1ae290bclient51-b44hx,hfl-train-model,641.5860000000011
2497,21,client5,maurits-dijk-a1ae290bclient51-b44hx,hfl-train,678.9539999999997
2498,21,client5,maurits-dijk-a1ae290bclient51-b44hx,sidecar,623.9340000000011
2499,21,client1,maurits-dijk-a1ae290bclient11-n9t2l,sidecar,597.137999999999
2500,21,client1,maurits-dijk-a1ae290bclient11-n9t2l,hfl-train-model,693.2009999999991
2501,21,client1,maurits-dijk-a1ae290bclient11-n9t2l,hfl-train,738.0599999999995
2502,21,client13,maurits-dijk-a1ae290bclient131-fwh4r,hfl-train-model,764.4359999999997
2503,21,client13,maurits-dijk-a1ae290bclient131-fwh4r,hfl-train,820.895999999997
2504,21,client13,maurits-dijk-a1ae290bclient131-fwh4r,sidecar,670.7819999999992
2505,21,server,maurits-dijk-a1ae290bserver1-hkpc8,hfl-train-model,698.1569999999992
2506,21,server,maurits-dijk-a1ae290bserver1-hkpc8,hfl-train,433.28099999999904
2507,21,server,maurits-dijk-a1ae290bserver1-hkpc8,sidecar,391.271999999999
2508,22,client20,client20-65f8864f77-hjckw,linkerd-init,0.0
2509,22,server,server-656f98b57f-26dvf,linkerd-proxy,563.3459999999995
2510,22,server,server-656f98b57f-26dvf,linkerd-init,0.0
2511,22,client8,client8-5845965f99-9jpl5,sidecar,874.9259999999995
2512,22,client8,client8-5845965f99-9jpl5,linkerd-proxy,876.3389999999999
2513,22,client8,client8-5845965f99-9jpl5,client8,876.6029999999992
2514,22,client8,client8-5845965f99-9jpl5,linkerd-init,0.0
2515,22,client14,client14-856b5b5576-94pcp,linkerd-proxy,825.4860000000044
2516,22,client14,client14-856b5b5576-94pcp,linkerd-init,0.0
2517,22,client14,client14-856b5b5576-94pcp,client14,825.7469999999994
2518,22,client14,client14-856b5b5576-94pcp,sidecar,823.9349999999977
2519,22,client10,client10-694b6b97b4-5j2xl,linkerd-init,0.0
2520,22,orchestrator,policy-enforcer-cb8dccbd8-5895d,linkerd-proxy,330.3120000000008
2521,22,api-gateway,api-gateway-6bf76d45b7-gfshk,linkerd-proxy,348.2069999999985
2522,22,orchestrator,orchestrator-555f7b7c9d-b8qvg,linkerd-proxy,330.3000000000002
2523,22,orchestrator,orchestrator-555f7b7c9d-b8qvg,linkerd-init,0.0
2524,22,api-gateway,api-gateway-6bf76d45b7-gfshk,linkerd-init,0.0
2525,22,orchestrator,policy-enforcer-cb8dccbd8-5895d,linkerd-init,0.0
2526,22,client6,client6-785d875985-z8gh2,linkerd-init,0.0
2527,22,client6,client6-785d875985-z8gh2,client6,771.081000000002
2528,22,client6,client6-785d875985-z8gh2,sidecar,769.4429999999993
2529,22,client6,client6-785d875985-z8gh2,linkerd-proxy,770.7779999999984
2530,22,client4,client4-744474fb99-j6rqt,linkerd-proxy,822.5519999999997
2531,22,client4,client4-744474fb99-j6rqt,sidecar,820.4129999999968
2532,22,client4,client4-744474fb99-j6rqt,client4,822.551999999996
2533,22,client4,client4-744474fb99-j6rqt,linkerd-init,0.0
2534,22,client17,client17-69b85b5ccf-f7njx,linkerd-proxy,626.4269999999997
2535,22,client17,client17-69b85b5ccf-f7njx,sidecar,605.0250000000015
2536,22,client17,client17-69b85b5ccf-f7njx,client17,629.8499999999985
2537,22,client17,client17-69b85b5ccf-f7njx,linkerd-init,0.0
2538,22,client15,client15-79c969ddf-csdff,client15,719.7510000000002
2539,22,client15,client15-79c969ddf-csdff,sidecar,718.3199999999997
2540,22,client15,client15-79c969ddf-csdff,linkerd-init,0.0
2541,22,client15,client15-79c969ddf-csdff,linkerd-proxy,719.4929999999986
2542,22,client9,client9-d68fb99b4-jtqss,linkerd-init,0.0
2543,22,client9,client9-d68fb99b4-jtqss,client9,687.732
2544,22,client9,client9-d68fb99b4-jtqss,sidecar,632.7600000000002
2545,22,client9,client9-d68fb99b4-jtqss,linkerd-proxy,686.514000000001
2546,22,client5,client5-7d5ff7f8b4-5xc6q,client5,631.518
2547,22,client5,client5-7d5ff7f8b4-5xc6q,linkerd-init,0.0
2548,22,client5,client5-7d5ff7f8b4-5xc6q,sidecar,605.0939999999973
2549,22,client5,client5-7d5ff7f8b4-5xc6q,linkerd-proxy,627.9269999999997
2550,22,client12,client12-79bc8d5846-bzcv2,sidecar,662.4629999999997
2551,22,client12,client12-79bc8d5846-bzcv2,client12,725.3790000000008
2552,22,client12,client12-79bc8d5846-bzcv2,linkerd-init,0.0
2553,22,client12,client12-79bc8d5846-bzcv2,linkerd-proxy,725.2109999999993
2554,22,client16,client16-6dc7f87f54-nrkvh,client16,753.6690000000017
2555,22,client16,client16-6dc7f87f54-nrkvh,sidecar,751.6380000000026
2556,22,client16,client16-6dc7f87f54-nrkvh,linkerd-init,0.0
2557,22,client16,client16-6dc7f87f54-nrkvh,linkerd-proxy,753.5489999999991
2558,22,client2,client2-86cd6d8cf7-ngwfh,sidecar,771.9959999999992
2559,22,client2,client2-86cd6d8cf7-ngwfh,client2,773.6699999999983
2560,22,client2,client2-86cd6d8cf7-ngwfh,linkerd-proxy,773.4690000000046
2561,22,client2,client2-86cd6d8cf7-ngwfh,linkerd-init,0.0
2562,22,client3,client3-58c68898cd-jqjck,sidecar,659.7030000000013
2563,22,client3,client3-58c68898cd-jqjck,linkerd-proxy,661.7790000000023
2564,22,client3,client3-58c68898cd-jqjck,client3,661.854000000003
2565,22,client3,client3-58c68898cd-jqjck,linkerd-init,0.0
2566,22,client18,client18-69db77c748-flz89,client18,685.4310000000005
2567,22,client18,client18-69db77c748-flz89,sidecar,683.8289999999979
2568,22,client18,client18-69db77c748-flz89,linkerd-init,0.0
2569,22,client18,client18-69db77c748-flz89,linkerd-proxy,685.2510000000038
2570,22,client7,client7-544486cc98-m2z98,sidecar,729.5849999999991
2571,22,client7,client7-544486cc98-m2z98,linkerd-proxy,730.7520000000004
2572,22,client7,client7-544486cc98-m2z98,client7,731.0519999999997
2573,22,client7,client7-544486cc98-m2z98,linkerd-init,0.0
2574,22,client11,client11-565c48c7c7-q8xtl,sidecar,537.3810000000012
2575,22,client11,client11-565c48c7c7-q8xtl,linkerd-proxy,676.4249999999956
2576,22,client11,client11-565c48c7c7-q8xtl,client11,676.6140000000014
2577,22,client11,client11-565c48c7c7-q8xtl,linkerd-init,0.0
2578,22,client19,client19-56fccdb4d9-xppnc,linkerd-proxy,670.8510000000024
2579,22,client19,client19-56fccdb4d9-xppnc,client19,671.0609999999979
2580,22,client19,client19-56fccdb4d9-xppnc,sidecar,669.4889999999978
2581,22,client19,client19-56fccdb4d9-xppnc,linkerd-init,0.0
2582,22,client1,client1-7b9db886dd-rjv88,linkerd-init,0.0
2583,22,client1,client1-7b9db886dd-rjv88,linkerd-proxy,599.7659999999978
2584,22,client13,client13-7bf86f4f87-4mz9b,client13,633.5969999999998
2585,22,client13,client13-7bf86f4f87-4mz9b,linkerd-init,0.0
2586,22,client13,client13-7bf86f4f87-4mz9b,sidecar,598.0619999999999
2587,22,client13,client13-7bf86f4f87-4mz9b,linkerd-proxy,628.2210000000014
2588,22,client20,client20-65f8864f77-hjckw,client20,803.234999999997
2589,22,client20,client20-65f8864f77-hjckw,sidecar,801.3929999999964
2590,22,client20,client20-65f8864f77-hjckw,linkerd-proxy,803.010000000002
2591,22,server,server-656f98b57f-26dvf,server,574.3559999999998
2592,22,server,server-656f98b57f-26dvf,sidecar,474.2880000000023
2593,22,client10,client10-694b6b97b4-5j2xl,sidecar,797.3369999999995
2594,22,client10,client10-694b6b97b4-5j2xl,linkerd-proxy,871.3410000000003
2595,22,client10,client10-694b6b97b4-5j2xl,client10,871.5210000000006
2596,22,api-gateway,api-gateway-6bf76d45b7-gfshk,sidecar,299.4479999999994
2597,22,orchestrator,policy-enforcer-cb8dccbd8-5895d,sidecar,294.46200000000044
2598,22,api-gateway,api-gateway-6bf76d45b7-gfshk,api-gateway,350.8949999999986
2599,22,orchestrator,policy-enforcer-cb8dccbd8-5895d,policy-enforcer,178.63799999999992
2600,22,orchestrator,orchestrator-555f7b7c9d-b8qvg,sidecar,322.3620000000001
2601,22,orchestrator,orchestrator-555f7b7c9d-b8qvg,orchestrator,274.53299999999945
2602,22,client1,client1-7b9db886dd-rjv88,client1,600.6930000000029
2603,22,client1,client1-7b9db886dd-rjv88,sidecar,494.2350000000024
2604,22,client17,maurits-dijk-a1ae290bclient171-fst4v,sidecar,495.17099999999846
2605,22,client17,maurits-dijk-a1ae290bclient171-fst4v,hfl-train,667.0890000000018
2606,22,client17,maurits-dijk-a1ae290bclient171-fst4v,hfl-train-model,623.2560000000012
2607,22,client9,maurits-dijk-a1ae290bclient91-hwgnj,sidecar,597.1260000000002
2608,22,client9,maurits-dijk-a1ae290bclient91-hwgnj,hfl-train-model,681.1350000000002
2609,22,client9,maurits-dijk-a1ae290bclient91-hwgnj,hfl-train,727.8330000000024
2610,22,client5,maurits-dijk-a1ae290bclient51-b44hx,hfl-train-model,625.8209999999999
2611,22,client5,maurits-dijk-a1ae290bclient51-b44hx,hfl-train,662.7780000000002
2612,22,client5,maurits-dijk-a1ae290bclient51-b44hx,sidecar,603.0809999999983
2613,22,client1,maurits-dijk-a1ae290bclient11-n9t2l,sidecar,518.0130000000008
2614,22,client1,maurits-dijk-a1ae290bclient11-n9t2l,hfl-train-model,594.6840000000029
2615,22,client1,maurits-dijk-a1ae290bclient11-n9t2l,hfl-train,633.0360000000001
2616,22,client13,maurits-dijk-a1ae290bclient131-fwh4r,hfl-train-model,625.0590000000011
2617,22,client13,maurits-dijk-a1ae290bclient131-fwh4r,hfl-train,683.1570000000029
2618,22,client13,maurits-dijk-a1ae290bclient131-fwh4r,sidecar,545.0339999999997
2619,22,server,maurits-dijk-a1ae290bserver1-hkpc8,hfl-train-model,831.887999999999
2620,22,server,maurits-dijk-a1ae290bserver1-hkpc8,hfl-train,559.2420000000002
2621,22,server,maurits-dijk-a1ae290bserver1-hkpc8,sidecar,498.39000000000124
2622,23,client20,client20-65f8864f77-hjckw,linkerd-init,0.0
2623,23,server,server-656f98b57f-26dvf,linkerd-proxy,445.58100000000013
2624,23,server,server-656f98b57f-26dvf,linkerd-init,0.0
2625,23,client8,client8-5845965f99-9jpl5,sidecar,712.3859999999986
2626,23,client8,client8-5845965f99-9jpl5,linkerd-proxy,713.4660000000003
2627,23,client8,client8-5845965f99-9jpl5,client8,713.7150000000038
2628,23,client8,client8-5845965f99-9jpl5,linkerd-init,0.0
2629,23,client14,client14-856b5b5576-94pcp,linkerd-proxy,654.3509999999987
2630,23,client14,client14-856b5b5576-94pcp,linkerd-init,0.0
2631,23,client14,client14-856b5b5576-94pcp,client14,654.5489999999991
2632,23,client14,client14-856b5b5576-94pcp,sidecar,653.0669999999991
2633,23,client10,client10-694b6b97b4-5j2xl,linkerd-init,0.0
2634,23,orchestrator,policy-enforcer-cb8dccbd8-5895d,linkerd-proxy,403.02599999999984
2635,23,api-gateway,api-gateway-6bf76d45b7-gfshk,linkerd-proxy,422.9850000000006
2636,23,orchestrator,orchestrator-555f7b7c9d-b8qvg,linkerd-proxy,403.0799999999999
2637,23,orchestrator,orchestrator-555f7b7c9d-b8qvg,linkerd-init,0.0
2638,23,api-gateway,api-gateway-6bf76d45b7-gfshk,linkerd-init,0.0
2639,23,orchestrator,policy-enforcer-cb8dccbd8-5895d,linkerd-init,0.0
2640,23,client6,client6-785d875985-z8gh2,linkerd-init,0.0
2641,23,client6,client6-785d875985-z8gh2,client6,810.512999999999
2642,23,client6,client6-785d875985-z8gh2,sidecar,808.1760000000031
2643,23,client6,client6-785d875985-z8gh2,linkerd-proxy,810.1589999999997
2644,23,client4,client4-744474fb99-j6rqt,linkerd-proxy,812.7330000000002
2645,23,client4,client4-744474fb99-j6rqt,sidecar,810.119999999999
2646,23,client4,client4-744474fb99-j6rqt,client4,812.6759999999995
2647,23,client4,client4-744474fb99-j6rqt,linkerd-init,0.0
2648,23,client17,client17-69b85b5ccf-f7njx,linkerd-proxy,805.1370000000024
2649,23,client17,client17-69b85b5ccf-f7njx,sidecar,754.7219999999979
2650,23,client17,client17-69b85b5ccf-f7njx,client17,808.7070000000003
2651,23,client17,client17-69b85b5ccf-f7njx,linkerd-init,0.0
2652,23,client15,client15-79c969ddf-csdff,client15,876.5999999999985
2653,23,client15,client15-79c969ddf-csdff,sidecar,874.9229999999989
2654,23,client15,client15-79c969ddf-csdff,linkerd-init,0.0
2655,23,client15,client15-79c969ddf-csdff,linkerd-proxy,876.4170000000013
2656,23,client9,client9-d68fb99b4-jtqss,linkerd-init,0.0
2657,23,client9,client9-d68fb99b4-jtqss,client9,818.1869999999999
2658,23,client9,client9-d68fb99b4-jtqss,sidecar,735.1590000000015
2659,23,client9,client9-d68fb99b4-jtqss,linkerd-proxy,817.2240000000002
2660,23,client5,client5-7d5ff7f8b4-5xc6q,client5,720.7469999999994
2661,23,client5,client5-7d5ff7f8b4-5xc6q,linkerd-init,0.0
2662,23,client5,client5-7d5ff7f8b4-5xc6q,sidecar,700.6290000000026
2663,23,client5,client5-7d5ff7f8b4-5xc6q,linkerd-proxy,718.2120000000014
2664,23,client12,client12-79bc8d5846-bzcv2,sidecar,784.7909999999993
2665,23,client12,client12-79bc8d5846-bzcv2,client12,860.4869999999974
2666,23,client12,client12-79bc8d5846-bzcv2,linkerd-init,0.0
2667,23,client12,client12-79bc8d5846-bzcv2,linkerd-proxy,860.4060000000027
2668,23,client16,client16-6dc7f87f54-nrkvh,client16,692.7659999999996
2669,23,client16,client16-6dc7f87f54-nrkvh,sidecar,690.7380000000012
2670,23,client16,client16-6dc7f87f54-nrkvh,linkerd-init,0.0
2671,23,client16,client16-6dc7f87f54-nrkvh,linkerd-proxy,692.7210000000014
2672,23,client2,client2-86cd6d8cf7-ngwfh,sidecar,749.6369999999988
2673,23,client2,client2-86cd6d8cf7-ngwfh,client2,751.2659999999996
2674,23,client2,client2-86cd6d8cf7-ngwfh,linkerd-proxy,751.2179999999971
2675,23,client2,client2-86cd6d8cf7-ngwfh,linkerd-init,0.0
2676,23,client3,client3-58c68898cd-jqjck,sidecar,646.2180000000008
2677,23,client3,client3-58c68898cd-jqjck,linkerd-proxy,648.3329999999951
2678,23,client3,client3-58c68898cd-jqjck,client3,648.3629999999976
2679,23,client3,client3-58c68898cd-jqjck,linkerd-init,0.0
2680,23,client18,client18-69db77c748-flz89,client18,692.5169999999998
2681,23,client18,client18-69db77c748-flz89,sidecar,691.0349999999999
2682,23,client18,client18-69db77c748-flz89,linkerd-init,0.0
2683,23,client18,client18-69db77c748-flz89,linkerd-proxy,692.3819999999978
2684,23,client7,client7-544486cc98-m2z98,sidecar,715.6949999999997
2685,23,client7,client7-544486cc98-m2z98,linkerd-proxy,716.9310000000005
2686,23,client7,client7-544486cc98-m2z98,client7,717.2970000000023
2687,23,client7,client7-544486cc98-m2z98,linkerd-init,0.0
2688,23,client11,client11-565c48c7c7-q8xtl,sidecar,570.0540000000001
2689,23,client11,client11-565c48c7c7-q8xtl,linkerd-proxy,649.4520000000048
2690,23,client11,client11-565c48c7c7-q8xtl,client11,649.6409999999996
2691,23,client11,client11-565c48c7c7-q8xtl,linkerd-init,0.0
2692,23,client19,client19-56fccdb4d9-xppnc,linkerd-proxy,678.0989999999983
2693,23,client19,client19-56fccdb4d9-xppnc,client19,678.2669999999998
2694,23,client19,client19-56fccdb4d9-xppnc,sidecar,676.7099999999991
2695,23,client19,client19-56fccdb4d9-xppnc,linkerd-init,0.0
2696,23,client1,client1-7b9db886dd-rjv88,linkerd-init,0.0
2697,23,client1,client1-7b9db886dd-rjv88,linkerd-proxy,607.994999999999
2698,23,client13,client13-7bf86f4f87-4mz9b,client13,616.1189999999988
2699,23,client13,client13-7bf86f4f87-4mz9b,linkerd-init,0.0
2700,23,client13,client13-7bf86f4f87-4mz9b,sidecar,564.3689999999988
2701,23,client13,client13-7bf86f4f87-4mz9b,linkerd-proxy,611.9339999999956
2702,23,client20,client20-65f8864f77-hjckw,client20,643.2840000000033
2703,23,client20,client20-65f8864f77-hjckw,sidecar,641.7270000000026
2704,23,client20,client20-65f8864f77-hjckw,linkerd-proxy,643.163999999997
2705,23,server,server-656f98b57f-26dvf,server,460.85399999999936
2706,23,server,server-656f98b57f-26dvf,sidecar,409.84799999999814
2707,23,client10,client10-694b6b97b4-5j2xl,sidecar,695.5679999999993
2708,23,client10,client10-694b6b97b4-5j2xl,linkerd-proxy,800.1630000000005
2709,23,client10,client10-694b6b97b4-5j2xl,client10,800.1809999999969
2710,23,api-gateway,api-gateway-6bf76d45b7-gfshk,sidecar,352.20600000000013
2711,23,orchestrator,policy-enforcer-cb8dccbd8-5895d,sidecar,350.7509999999993
2712,23,api-gateway,api-gateway-6bf76d45b7-gfshk,api-gateway,411.9150000000009
2713,23,orchestrator,policy-enforcer-cb8dccbd8-5895d,policy-enforcer,206.817
2714,23,orchestrator,orchestrator-555f7b7c9d-b8qvg,sidecar,401.8739999999998
2715,23,orchestrator,orchestrator-555f7b7c9d-b8qvg,orchestrator,326.82900000000063
2716,23,client1,client1-7b9db886dd-rjv88,client1,608.390999999996
2717,23,client1,client1-7b9db886dd-rjv88,sidecar,508.98299999999836
2718,23,client17,maurits-dijk-a1ae290bclient171-fst4v,sidecar,665.2500000000018
2719,23,client17,maurits-dijk-a1ae290bclient171-fst4v,hfl-train,843.4199999999983
2720,23,client17,maurits-dijk-a1ae290bclient171-fst4v,hfl-train-model,801.8429999999989
2721,23,client9,maurits-dijk-a1ae290bclient91-hwgnj,sidecar,709.4879999999994
2722,23,client9,maurits-dijk-a1ae290bclient91-hwgnj,hfl-train-model,810.5550000000003
2723,23,client9,maurits-dijk-a1ae290bclient91-hwgnj,hfl-train,862.9170000000013
2724,23,client5,maurits-dijk-a1ae290bclient51-b44hx,hfl-train-model,715.9079999999976
2725,23,client5,maurits-dijk-a1ae290bclient51-b44hx,hfl-train,752.7089999999989
2726,23,client5,maurits-dijk-a1ae290bclient51-b44hx,sidecar,693.1680000000015
2727,23,client1,maurits-dijk-a1ae290bclient11-n9t2l,sidecar,534.485999999999
2728,23,client1,maurits-dijk-a1ae290bclient11-n9t2l,hfl-train-model,602.792999999996
2729,23,client1,maurits-dijk-a1ae290bclient11-n9t2l,hfl-train,642.0929999999971
2730,23,client13,maurits-dijk-a1ae290bclient131-fwh4r,hfl-train-model,608.8470000000016
2731,23,client13,maurits-dijk-a1ae290bclient131-fwh4r,hfl-train,667.3500000000022
2732,23,client13,maurits-dijk-a1ae290bclient131-fwh4r,sidecar,535.9080000000013
2733,23,server,maurits-dijk-a1ae290bserver1-hkpc8,hfl-train-model,721.3170000000027
2734,23,server,maurits-dijk-a1ae290bserver1-hkpc8,hfl-train,440.60399999999936
2735,23,server,maurits-dijk-a1ae290bserver1-hkpc8,sidecar,390.96599999999853
2736,24,client20,client20-65f8864f77-hjckw,linkerd-init,0.0
2737,24,server,server-656f98b57f-26dvf,linkerd-proxy,447.3119999999999
2738,24,server,server-656f98b57f-26dvf,linkerd-init,0.0
2739,24,client8,client8-5845965f99-9jpl5,sidecar,797.5800000000017
2740,24,client8,client8-5845965f99-9jpl5,linkerd-proxy,798.7860000000001
2741,24,client8,client8-5845965f99-9jpl5,client8,798.9839999999967
2742,24,client8,client8-5845965f99-9jpl5,linkerd-init,0.0
2743,24,client14,client14-856b5b5576-94pcp,linkerd-proxy,707.1059999999998
2744,24,client14,client14-856b5b5576-94pcp,linkerd-init,0.0
2745,24,client14,client14-856b5b5576-94pcp,client14,707.4780000000028
2746,24,client14,client14-856b5b5576-94pcp,sidecar,705.8940000000002
2747,24,client10,client10-694b6b97b4-5j2xl,linkerd-init,0.0
2748,24,orchestrator,policy-enforcer-cb8dccbd8-5895d,linkerd-proxy,350.634
2749,24,api-gateway,api-gateway-6bf76d45b7-gfshk,linkerd-proxy,368.6880000000019
2750,24,orchestrator,orchestrator-555f7b7c9d-b8qvg,linkerd-proxy,350.6970000000001
2751,24,orchestrator,orchestrator-555f7b7c9d-b8qvg,linkerd-init,0.0
2752,24,api-gateway,api-gateway-6bf76d45b7-gfshk,linkerd-init,0.0
2753,24,orchestrator,policy-enforcer-cb8dccbd8-5895d,linkerd-init,0.0
2754,24,client6,client6-785d875985-z8gh2,linkerd-init,0.0
2755,24,client6,client6-785d875985-z8gh2,client6,777.5190000000002
2756,24,client6,client6-785d875985-z8gh2,sidecar,775.2569999999978
2757,24,client6,client6-785d875985-z8gh2,linkerd-proxy,777.2010000000009
2758,24,client4,client4-744474fb99-j6rqt,linkerd-proxy,792.2010000000009
2759,24,client4,client4-744474fb99-j6rqt,sidecar,790.2150000000038
2760,24,client4,client4-744474fb99-j6rqt,client4,792.5010000000038
2761,24,client4,client4-744474fb99-j6rqt,linkerd-init,0.0
2762,24,client17,client17-69b85b5ccf-f7njx,linkerd-proxy,659.2799999999988
2763,24,client17,client17-69b85b5ccf-f7njx,sidecar,598.1340000000018
2764,24,client17,client17-69b85b5ccf-f7njx,client17,662.9969999999994
2765,24,client17,client17-69b85b5ccf-f7njx,linkerd-init,0.0
2766,24,client15,client15-79c969ddf-csdff,client15,696.4860000000008
2767,24,client15,client15-79c969ddf-csdff,sidecar,695.0820000000022
2768,24,client15,client15-79c969ddf-csdff,linkerd-init,0.0
2769,24,client15,client15-79c969ddf-csdff,linkerd-proxy,696.237000000001
2770,24,client9,client9-d68fb99b4-jtqss,linkerd-init,0.0
2771,24,client9,client9-d68fb99b4-jtqss,client9,662.9220000000023
2772,24,client9,client9-d68fb99b4-jtqss,sidecar,609.4619999999995
2773,24,client9,client9-d68fb99b4-jtqss,linkerd-proxy,661.6319999999978
2774,24,client5,client5-7d5ff7f8b4-5xc6q,client5,580.610999999999
2775,24,client5,client5-7d5ff7f8b4-5xc6q,linkerd-init,0.0
2776,24,client5,client5-7d5ff7f8b4-5xc6q,sidecar,562.2569999999996
2777,24,client5,client5-7d5ff7f8b4-5xc6q,linkerd-proxy,575.8949999999968
2778,24,client12,client12-79bc8d5846-bzcv2,sidecar,642.0419999999976
2779,24,client12,client12-79bc8d5846-bzcv2,client12,734.4810000000034
2780,24,client12,client12-79bc8d5846-bzcv2,linkerd-init,0.0
2781,24,client12,client12-79bc8d5846-bzcv2,linkerd-proxy,734.3610000000008
2782,24,client16,client16-6dc7f87f54-nrkvh,client16,817.3619999999974
2783,24,client16,client16-6dc7f87f54-nrkvh,sidecar,814.857
2784,24,client16,client16-6dc7f87f54-nrkvh,linkerd-init,0.0
2785,24,client16,client16-6dc7f87f54-nrkvh,linkerd-proxy,817.2119999999995
2786,24,client2,client2-86cd6d8cf7-ngwfh,sidecar,900.1110000000008
2787,24,client2,client2-86cd6d8cf7-ngwfh,client2,902.0490000000027
2788,24,client2,client2-86cd6d8cf7-ngwfh,linkerd-proxy,901.8659999999982
2789,24,client2,client2-86cd6d8cf7-ngwfh,linkerd-init,0.0
2790,24,client3,client3-58c68898cd-jqjck,sidecar,858.476999999999
2791,24,client3,client3-58c68898cd-jqjck,linkerd-proxy,861.099000000002
2792,24,client3,client3-58c68898cd-jqjck,client3,861.1289999999972
2793,24,client3,client3-58c68898cd-jqjck,linkerd-init,0.0
2794,24,client18,client18-69db77c748-flz89,client18,831.905999999999
2795,24,client18,client18-69db77c748-flz89,sidecar,830.0220000000008
2796,24,client18,client18-69db77c748-flz89,linkerd-init,0.0
2797,24,client18,client18-69db77c748-flz89,linkerd-proxy,831.6660000000011
2798,24,client7,client7-544486cc98-m2z98,sidecar,894.9840000000004
2799,24,client7,client7-544486cc98-m2z98,linkerd-proxy,896.3640000000014
2800,24,client7,client7-544486cc98-m2z98,client7,896.762999999999
2801,24,client7,client7-544486cc98-m2z98,linkerd-init,0.0
2802,24,client11,client11-565c48c7c7-q8xtl,sidecar,742.344000000001
2803,24,client11,client11-565c48c7c7-q8xtl,linkerd-proxy,821.7540000000008
2804,24,client11,client11-565c48c7c7-q8xtl,client11,822.0149999999994
2805,24,client11,client11-565c48c7c7-q8xtl,linkerd-init,0.0
2806,24,client19,client19-56fccdb4d9-xppnc,linkerd-proxy,818.9519999999975
2807,24,client19,client19-56fccdb4d9-xppnc,client19,819.117000000002
2808,24,client19,client19-56fccdb4d9-xppnc,sidecar,817.3529999999992
2809,24,client19,client19-56fccdb4d9-xppnc,linkerd-init,0.0
2810,24,client1,client1-7b9db886dd-rjv88,linkerd-init,0.0
2811,24,client1,client1-7b9db886dd-rjv88,linkerd-proxy,767.9099999999999
2812,24,client13,client13-7bf86f4f87-4mz9b,client13,766.5780000000013
2813,24,client13,client13-7bf86f4f87-4mz9b,linkerd-init,0.0
2814,24,client13,client13-7bf86f4f87-4mz9b,sidecar,657.1410000000014
2815,24,client13,client13-7bf86f4f87-4mz9b,linkerd-proxy,762.5310000000027
2816,24,client20,client20-65f8864f77-hjckw,client20,782.3579999999965
2817,24,client20,client20-65f8864f77-hjckw,sidecar,780.4289999999964
2818,24,client20,client20-65f8864f77-hjckw,linkerd-proxy,782.0760000000009
2819,24,server,server-656f98b57f-26dvf,server,467.358000000002
2820,24,server,server-656f98b57f-26dvf,sidecar,379.57800000000134
2821,24,client10,client10-694b6b97b4-5j2xl,sidecar,647.0970000000016
2822,24,client10,client10-694b6b97b4-5j2xl,linkerd-proxy,710.8170000000027
2823,24,client10,client10-694b6b97b4-5j2xl,client10,711.0119999999988
2824,24,api-gateway,api-gateway-6bf76d45b7-gfshk,sidecar,327.6269999999995
2825,24,orchestrator,policy-enforcer-cb8dccbd8-5895d,sidecar,321.0690000000004
2826,24,api-gateway,api-gateway-6bf76d45b7-gfshk,api-gateway,365.71199999999953
2827,24,orchestrator,policy-enforcer-cb8dccbd8-5895d,policy-enforcer,223.76999999999953
2828,24,orchestrator,orchestrator-555f7b7c9d-b8qvg,sidecar,327.384
2829,24,orchestrator,orchestrator-555f7b7c9d-b8qvg,orchestrator,253.70699999999943
2830,24,client1,client1-7b9db886dd-rjv88,client1,768.1050000000032
2831,24,client1,client1-7b9db886dd-rjv88,sidecar,721.2180000000008
2832,24,client17,maurits-dijk-a1ae290bclient171-fst4v,sidecar,515.7299999999996
2833,24,client17,maurits-dijk-a1ae290bclient171-fst4v,hfl-train,699.5460000000021
2834,24,client17,maurits-dijk-a1ae290bclient171-fst4v,hfl-train-model,656.4360000000015
2835,24,client9,maurits-dijk-a1ae290bclient91-hwgnj,sidecar,578.0969999999998
2836,24,client9,maurits-dijk-a1ae290bclient91-hwgnj,hfl-train-model,656.6579999999994
2837,24,client9,maurits-dijk-a1ae290bclient91-hwgnj,hfl-train,703.637999999999
2838,24,client5,maurits-dijk-a1ae290bclient51-b44hx,hfl-train-model,573.5909999999985
2839,24,client5,maurits-dijk-a1ae290bclient51-b44hx,hfl-train,609.8940000000002
2840,24,client5,maurits-dijk-a1ae290bclient51-b44hx,sidecar,563.0669999999991
2841,24,client1,maurits-dijk-a1ae290bclient11-n9t2l,sidecar,640.4640000000018
2842,24,client1,maurits-dijk-a1ae290bclient11-n9t2l,hfl-train-model,761.9940000000024
2843,24,client1,maurits-dijk-a1ae290bclient11-n9t2l,hfl-train,807.2130000000034
2844,24,client13,maurits-dijk-a1ae290bclient131-fwh4r,hfl-train-model,759.3659999999982
2845,24,client13,maurits-dijk-a1ae290bclient131-fwh4r,hfl-train,815.1869999999981
2846,24,client13,maurits-dijk-a1ae290bclient131-fwh4r,sidecar,622.116
2847,24,server,maurits-dijk-a1ae290bserver1-hkpc8,hfl-train-model,709.6769999999997
2848,24,server,maurits-dijk-a1ae290bserver1-hkpc8,hfl-train,442.2659999999996
2849,24,server,maurits-dijk-a1ae290bserver1-hkpc8,sidecar,381.9420000000009
