,Student_ID,Name,Gender,Age,Education_Level,Employment_Status,City,Device_Type,Internet_Connection_Quality,Course_ID,Course_Name,Category,Course_Level,Course_Duration_Days,Instructor_Rating,Login_Frequency,Average_Session_Duration_Min,Video_Completion_Rate,Discussion_Participation,Time_Spent_Hours,Days_Since_Last_Login,Notifications_Checked,Peer_Interaction_Score,Assignments_Submitted,Assignments_Missed,Quiz_Attempts,Quiz_Score_Avg,Project_Grade,Progress_Percentage,Rewatch_Count,Enrollment_Date,Payment_Mode,Fee_Paid,Discount_Used,Payment_Amount,App_Usage_Percentage,Reminder_Emails_Clicked,Support_Tickets_Raised,Satisfaction_Rating,Completed,Gender_Encoded,Education_Encoded,Employment_Encoded,Device_Encoded,Internet_Encoded,Level_Encoded,Category_Encoded,Payment_Encoded
39214,STU139214,Rahul Singh,Male,23,Master,Student,Mumbai,Tablet,High,C102,Data Analysis with Python,Programming,Intermediate,60,4.7,6,35,39.6,1,1.6,2,5,8.4,5,5,8,76.5,62.2,47.0,3,29-08-2025,Credit Card,Yes,No,5102,82,4,2,4.9,Not Completed,1,3,2,2,0,2,4,0
39215,STU139215,Aarav Shah,Male,17,Bachelor,Student,Vadodara,Mobile,Medium,C104,Digital Marketing Essentials,Marketing,Beginner,30,4.3,6,39,65.7,3,3.3,6,6,7.9,6,4,5,79.4,61.3,62.0,2,03-03-2025,Credit Card,Yes,No,3734,76,3,0,5.0,Not Completed,1,0,2,1,2,1,2,0
39216,STU139216,Krishna Verma,Female,20,Diploma,Student,Delhi,Laptop,Low,C103,Introduction to AI,Programming,Intermediate,75,4.5,4,32,53.0,3,0.5,4,3,6.7,3,7,2,70.0,56.6,39.4,0,08-08-2024,Free,No,No,0,63,0,1,3.8,Completed,0,1,2,0,1,2,4,2
39217,STU139217,Rohan Sharma,Male,19,PhD,Employed,Chennai,Mobile,Medium,C106,Machine Learning A-Z,Programming,Advanced,90,4.6,6,19,60.6,0,2.8,1,5,8.3,4,6,3,59.9,36.6,47.0,3,14-08-2024,UPI,Yes,No,6036,50,2,0,3.4,Completed,1,4,0,1,2,0,4,5
39218,STU139218,Ananya Gupta,Male,25,Master,Self-Employed,Bengaluru,Laptop,Medium,C101,Python Basics,Programming,Beginner,45,4.6,6,50,81.9,2,5.7,6,8,3.5,1,9,4,64.5,69.9,38.1,2,07-01-2025,Debit Card,Yes,Yes,3371,82,3,0,2.6,Not Completed,1,3,1,0,2,1,4,1
39219,STU139219,Ritika Gupta,Male,23,Bachelor,Student,Bhopal,Laptop,Medium,C103,Introduction to AI,Programming,Intermediate,75,4.5,3,34,63.0,2,11.5,2,7,5.7,5,5,6,64.8,70.0,55.5,3,19-08-2024,UPI,Yes,No,6125,84,4,0,3.6,Not Completed,1,0,2,0,2,2,4,5
39220,STU139220,Vihaan Kumar,Female,28,Bachelor,Self-Employed,Bhopal,Mobile,Medium,C101,Python Basics,Programming,Beginner,45,4.6,6,38,69.5,2,0.5,3,5,4.2,6,4,0,80.9,66.1,63.6,7,25-06-2024,Debit Card,Yes,No,4432,78,1,0,4.1,Not Completed,0,0,1,1,2,1,4,1
39221,STU139221,Meera Iyer,Female,29,Bachelor,Student,Hyderabad,Mobile,Low,C102,Data Analysis with Python,Programming,Intermediate,60,4.7,3,20,71.0,0,0.5,1,3,5.6,2,8,1,86.4,98.2,41.8,0,23-09-2025,NetBanking,Yes,No,4551,50,1,0,4.3,Not Completed,0,0,2,1,1,2,4,3
39222,STU139222,Krishna Iyer,Female,30,Bachelor,Employed,Kolkata,Mobile,High,C101,Python Basics,Programming,Beginner,45,4.6,3,14,82.1,0,0.5,6,4,6.1,7,2,2,78.8,66.2,74.0,2,04-08-2025,UPI,Yes,No,4211,45,1,1,4.2,Not Completed,0,0,0,1,0,1,4,5
39223,STU139223,Krishna Bose,Male,23,HighSchool,Self-Employed,Nagpur,Mobile,Medium,C108,Excel for Business,Business,Beginner,25,4.1,5,41,80.5,8,1.3,7,5,4.5,4,6,4,100.0,48.4,54.6,2,25-03-2024,UPI,Yes,Yes,2950,31,3,0,3.9,Not Completed,1,2,1,1,2,1,0,5
39224,STU139224,Sai Nair,Male,18,Diploma,Employed,Kolkata,Laptop,Medium,C103,Introduction to AI,Programming,Intermediate,75,4.5,4,41,34.6,5,11.4,5,3,5.6,4,6,6,95.5,78.4,40.0,0,04-06-2024,Free,No,No,0,19,3,1,5.0,Completed,1,1,0,0,2,2,4,2
39225,STU139225,Kavya Singh,Male,20,Diploma,Employed,Ahmedabad,Mobile,High,C106,Machine Learning A-Z,Programming,Advanced,90,4.6,3,29,26.0,0,0.5,4,1,6.0,3,7,1,57.4,32.0,28.7,5,06-03-2024,NetBanking,Yes,Yes,5703,87,1,2,4.3,Not Completed,1,1,0,1,0,0,4,3
39226,STU139226,Neha Bhardwaj,Male,29,HighSchool,Student,Bhopal,Mobile,Medium,C106,Machine Learning A-Z,Programming,Advanced,90,4.6,6,31,57.8,1,4.1,4,3,4.3,3,7,4,72.3,68.4,41.7,2,20-09-2025,Free,No,No,0,44,3,2,4.7,Not Completed,1,2,2,1,2,0,4,2
39227,STU139227,Neha Sharma,Male,28,Master,Employed,Lucknow,Mobile,Medium,C104,Digital Marketing Essentials,Marketing,Beginner,30,4.3,7,43,47.7,4,0.5,14,3,8.2,6,3,6,79.9,69.4,56.2,3,16-04-2024,UPI,Yes,No,3631,72,5,4,5.0,Completed,1,3,0,1,2,1,2,5
39228,STU139228,Arjun Nair,Female,28,HighSchool,Employed,Bengaluru,Mobile,Medium,C101,Python Basics,Programming,Beginner,45,4.6,4,32,71.7,4,3.5,4,4,7.3,3,7,2,72.4,51.6,45.7,2,15-11-2023,Debit Card,Yes,No,4255,88,1,2,4.5,Completed,0,2,0,1,2,1,4,1
39229,STU139229,Isha Patel,Female,19,Bachelor,Employed,Pune,Mobile,High,C106,Machine Learning A-Z,Programming,Advanced,90,4.6,6,29,57.6,0,3.9,4,5,7.3,8,2,4,70.5,47.6,70.5,0,10-06-2025,Credit Card,Yes,No,7043,93,4,0,4.2,Not Completed,0,0,0,1,0,0,4,0
39230,STU139230,Isha Verma,Male,36,HighSchool,Employed,Bhopal,Tablet,High,C101,Python Basics,Programming,Beginner,45,4.6,4,36,77.8,1,5.4,25,7,5.7,5,5,3,46.3,37.6,59.1,2,15-04-2024,UPI,Yes,No,4452,54,2,0,4.5,Completed,1,2,0,2,0,1,4,5
39231,STU139231,Vihaan Shah,Male,30,Master,Employed,Nagpur,Mobile,Medium,C105,UI/UX Design Fundamentals,Design,Beginner,40,4.4,6,25,72.1,3,1.9,4,2,8.1,5,5,3,86.9,74.9,59.0,2,13-11-2023,Credit Card,Yes,No,4379,28,3,1,5.0,Completed,1,3,0,1,2,1,1,0
39232,STU139232,Vivaan Patel,Female,31,Master,Employed,Nagpur,Mobile,High,C106,Machine Learning A-Z,Programming,Advanced,90,4.6,6,26,61.8,5,8.1,3,5,4.8,7,3,2,75.2,84.3,67.8,1,14-08-2024,NetBanking,Yes,No,6458,69,3,0,4.7,Completed,0,3,0,1,0,0,4,3
39233,STU139233,Aditya Gupta,Female,25,Master,Employed,Mumbai,Laptop,Medium,C103,Introduction to AI,Programming,Intermediate,75,4.5,3,27,60.3,3,12.3,16,8,3.5,2,7,1,73.2,43.4,35.3,3,29-05-2024,Free,No,No,0,13,0,0,4.8,Not Completed,0,3,0,0,2,2,4,2
39234,STU139234,Kavya Verma,Female,26,Diploma,Student,Indore,Mobile,Medium,C101,Python Basics,Programming,Beginner,45,4.6,5,25,65.0,3,8.8,9,7,6.3,6,4,1,47.8,76.0,62.5,4,01-06-2025,Debit Card,Yes,No,4394,83,1,1,2.8,Completed,0,1,2,1,2,1,4,1
39235,STU139235,Priya Reddy,Female,30,Bachelor,Student,Delhi,Mobile,High,C105,UI/UX Design Fundamentals,Design,Beginner,40,4.4,5,24,81.4,4,0.6,2,7,7.7,6,4,4,86.6,56.3,67.3,3,07-03-2024,Free,No,Yes,0,49,1,1,4.2,Not Completed,0,0,2,1,0,1,1,2
39236,STU139236,Aarav Iyer,Female,23,Master,Employed,Hyderabad,Laptop,High,C106,Machine Learning A-Z,Programming,Advanced,90,4.6,7,37,77.2,1,2.4,5,4,5.1,7,3,7,77.2,73.4,72.7,3,19-05-2024,Scholarship,No,No,1057,33,3,1,4.5,Not Completed,0,3,0,0,0,0,4,4
39237,STU139237,Aarav Sharma,Male,29,Bachelor,Employed,Hyderabad,Mobile,Medium,C102,Data Analysis with Python,Programming,Intermediate,60,4.7,3,27,88.7,2,0.5,2,8,6.6,6,4,1,73.1,80.9,71.1,3,23-05-2025,NetBanking,Yes,Yes,4511,40,1,0,3.1,Completed,1,0,0,1,2,2,4,3
39238,STU139238,Nikhil Desai,Female,24,Bachelor,Employed,Mumbai,Mobile,Medium,C104,Digital Marketing Essentials,Marketing,Beginner,30,4.3,4,19,70.2,2,5.6,10,5,5.2,2,7,6,61.4,53.7,39.3,0,09-02-2025,UPI,Yes,No,3479,63,0,0,4.0,Completed,0,0,0,1,2,1,2,5
39239,STU139239,Rahul Kumar,Female,19,Bachelor,Unemployed,Pune,Mobile,Medium,C104,Digital Marketing Essentials,Marketing,Beginner,30,4.3,4,33,45.7,3,0.5,3,3,6.2,4,6,9,79.2,77.5,43.9,1,25-10-2024,UPI,Yes,No,3497,84,1,2,4.2,Not Completed,0,0,3,1,2,1,2,5
39240,STU139240,Ananya Mehta,Female,17,PhD,Employed,Indore,Mobile,High,C101,Python Basics,Programming,Beginner,45,4.6,4,39,80.4,2,8.4,9,5,2.1,5,5,1,74.4,63.1,61.3,4,14-05-2024,Scholarship,No,Yes,1178,69,2,0,4.5,Completed,0,4,0,1,0,1,4,4
39241,STU139241,Krishna Joshi,Female,25,Bachelor,Student,Pune,Laptop,Low,C102,Data Analysis with Python,Programming,Intermediate,60,4.7,3,43,79.5,0,6.8,4,7,10.0,6,4,3,77.8,51.9,66.4,1,27-06-2024,Debit Card,Yes,No,4751,82,1,1,5.0,Not Completed,0,0,2,0,1,2,4,1
39242,STU139242,Rahul Reddy,Male,19,Bachelor,Employed,Ahmedabad,Mobile,High,C101,Python Basics,Programming,Beginner,45,4.6,3,27,41.4,3,0.5,13,3,5.6,2,8,1,81.2,61.8,29.6,2,21-08-2024,UPI,Yes,No,4280,77,2,0,4.7,Not Completed,1,0,0,1,0,1,4,5
39243,STU139243,Krishna Mehta,Male,17,Bachelor,Student,Nagpur,Laptop,Medium,C106,Machine Learning A-Z,Programming,Advanced,90,4.6,9,22,61.9,7,7.6,0,6,7.9,5,5,4,68.9,46.8,54.0,2,17-09-2025,Free,No,No,0,71,1,2,4.0,Not Completed,1,0,2,0,2,0,4,2
39244,STU139244,Kavya Shah,Female,22,Bachelor,Student,Nagpur,Mobile,Medium,C102,Data Analysis with Python,Programming,Intermediate,60,4.7,2,34,69.3,2,0.5,3,9,6.3,4,6,3,84.9,72.8,51.9,1,28-03-2025,NetBanking,Yes,No,5412,51,2,1,5.0,Completed,0,0,2,1,2,2,4,3
39245,STU139245,Isha Joshi,Male,26,Bachelor,Employed,Surat,Mobile,Medium,C104,Digital Marketing Essentials,Marketing,Beginner,30,4.3,5,31,77.1,1,0.5,3,2,7.9,3,7,8,66.4,72.3,48.6,2,11-05-2025,UPI,Yes,No,3660,61,5,2,4.7,Not Completed,1,0,0,1,2,1,2,5
39246,STU139246,Pooja Bose,Male,33,Master,Student,Kolkata,Laptop,High,C102,Data Analysis with Python,Programming,Intermediate,60,4.7,6,34,89.8,4,3.0,2,4,4.1,8,2,3,95.1,81.6,83.5,3,16-04-2024,UPI,Yes,No,5154,63,1,0,3.4,Completed,1,3,2,0,0,2,4,5
39247,STU139247,Sneha Desai,Male,25,Master,Employed,Nagpur,Mobile,High,C103,Introduction to AI,Programming,Intermediate,75,4.5,6,32,82.0,4,5.7,1,2,5.3,5,5,6,80.3,83.6,62.9,4,27-05-2025,Credit Card,Yes,No,5696,93,3,0,5.0,Not Completed,1,3,0,1,0,2,4,0
39248,STU139248,Nikhil Bhardwaj,Male,24,Bachelor,Student,Indore,Mobile,Low,C104,Digital Marketing Essentials,Marketing,Beginner,30,4.3,5,38,59.1,3,3.6,2,6,5.6,3,7,2,76.7,76.3,42.5,2,15-02-2024,Scholarship,No,Yes,439,54,2,1,4.5,Completed,1,0,2,1,1,1,2,4
39249,STU139249,Vivaan Desai,Other,32,Bachelor,Employed,Jaipur,Mobile,High,C101,Python Basics,Programming,Beginner,45,4.6,5,51,77.8,4,15.1,6,6,7.9,4,6,3,75.9,86.5,55.6,1,12-09-2025,Credit Card,Yes,No,4577,57,2,2,4.3,Completed,2,0,0,1,0,1,4,0
39250,STU139250,Rahul Bhardwaj,Male,24,Master,Employed,Kolkata,Mobile,Low,C104,Digital Marketing Essentials,Marketing,Beginner,30,4.3,4,39,63.1,3,0.8,6,16,10.0,2,8,6,83.8,57.7,37.0,1,19-05-2024,Scholarship,No,No,676,37,1,1,3.4,Completed,1,3,0,1,1,1,2,4
39251,STU139251,Aarav Singh,Male,22,Bachelor,Employed,Ahmedabad,Laptop,Medium,C106,Machine Learning A-Z,Programming,Advanced,90,4.6,2,16,36.7,0,0.5,16,3,6.3,4,6,4,68.1,61.1,39.9,1,25-04-2025,Scholarship,No,No,2498,75,2,0,3.7,Not Completed,1,0,0,0,2,0,4,4
39252,STU139252,Rohan Patel,Male,25,Master,Employed,Jaipur,Laptop,Medium,C101,Python Basics,Programming,Beginner,45,4.6,3,49,56.4,2,0.5,13,3,5.5,9,1,0,82.8,76.6,77.6,3,23-04-2024,UPI,Yes,No,3905,100,3,1,4.5,Completed,1,3,0,0,2,1,4,5
39253,STU139253,Vihaan Gupta,Male,19,Bachelor,Student,Vadodara,Laptop,High,C101,Python Basics,Programming,Beginner,45,4.6,8,25,65.9,1,2.3,4,8,4.6,7,3,4,82.2,61.5,68.1,0,01-05-2024,Debit Card,Yes,No,4222,88,6,0,3.9,Completed,1,0,2,0,0,1,4,1
39254,STU139254,Kavya Iyer,Female,20,Master,Student,Bhopal,Mobile,Low,C104,Digital Marketing Essentials,Marketing,Beginner,30,4.3,4,52,66.2,3,1.1,3,5,9.8,8,2,4,93.9,78.5,75.1,3,10-07-2025,UPI,Yes,No,3642,100,4,1,4.5,Completed,0,3,2,1,1,1,2,5
39255,STU139255,Aditya Desai,Male,31,PhD,Student,Chennai,Laptop,High,C102,Data Analysis with Python,Programming,Intermediate,60,4.7,9,22,50.0,3,0.5,2,3,7.7,5,5,4,96.3,79.0,51.5,2,27-08-2025,Debit Card,Yes,No,5207,73,1,0,3.8,Completed,1,4,2,0,0,2,4,1
39256,STU139256,Sai Bose,Female,22,Bachelor,Employed,Indore,Mobile,High,C108,Excel for Business,Business,Beginner,25,4.1,6,48,66.7,2,6.0,6,10,9.5,5,5,0,58.1,59.4,56.3,0,31-05-2024,UPI,Yes,No,3177,69,4,2,3.8,Not Completed,0,0,0,1,0,1,0,5
39257,STU139257,Aarav Patel,Other,35,Bachelor,Self-Employed,Lucknow,Mobile,Low,C101,Python Basics,Programming,Beginner,45,4.6,6,34,73.6,3,4.2,2,3,4.6,5,5,4,54.7,62.1,58.9,1,05-01-2024,UPI,Yes,No,3971,61,3,0,4.0,Completed,2,0,1,1,1,1,4,5
39258,STU139258,Rahul Gupta,Male,22,Diploma,Student,Jaipur,Mobile,High,C101,Python Basics,Programming,Beginner,45,4.6,8,30,83.9,2,2.4,16,7,9.9,8,2,5,76.6,66.5,80.7,2,27-04-2025,Credit Card,Yes,Yes,3939,100,3,0,4.4,Completed,1,1,2,1,0,1,4,0
39259,STU139259,Vihaan Iyer,Female,23,Bachelor,Unemployed,Bengaluru,Tablet,Medium,C102,Data Analysis with Python,Programming,Intermediate,60,4.7,3,46,66.1,2,4.1,0,5,4.2,3,7,4,71.7,59.1,44.1,4,28-02-2024,UPI,Yes,No,5328,83,4,1,3.4,Completed,0,0,3,2,2,2,4,5
39260,STU139260,Ritika Reddy,Female,36,HighSchool,Employed,Chennai,Mobile,Medium,C101,Python Basics,Programming,Beginner,45,4.6,6,25,46.0,3,2.0,1,3,6.6,5,5,3,65.5,62.4,49.2,1,12-05-2025,Debit Card,Yes,No,4158,62,2,0,3.5,Not Completed,0,2,0,1,2,1,4,1
39261,STU139261,Neha Shah,Male,25,Bachelor,Student,Kolkata,Tablet,Medium,C101,Python Basics,Programming,Beginner,45,4.6,3,32,46.2,3,0.5,9,4,3.7,4,5,2,49.6,52.1,42.8,1,13-04-2024,Free,No,Yes,0,65,2,0,4.8,Completed,1,0,2,2,2,1,4,2
39262,STU139262,Rohan Verma,Female,27,Bachelor,Student,Jaipur,Mobile,Medium,C102,Data Analysis with Python,Programming,Intermediate,60,4.7,6,48,65.9,2,0.5,0,4,7.2,5,5,5,79.3,71.9,56.7,2,14-06-2024,Debit Card,Yes,Yes,4450,55,0,2,4.5,Completed,0,0,2,1,2,2,4,1
39263,STU139263,Rohan Gupta,Male,17,Master,Employed,Lucknow,Mobile,Medium,C101,Python Basics,Programming,Beginner,45,4.6,4,44,22.3,0,12.1,2,6,8.0,5,5,3,51.6,65.2,41.1,5,17-10-2024,Scholarship,No,Yes,524,75,4,2,4.2,Not Completed,1,3,0,1,2,1,4,4
39264,STU139264,Rohan Mehta,Male,20,Bachelor,Student,Pune,Mobile,Medium,C106,Machine Learning A-Z,Programming,Advanced,90,4.6,3,36,80.8,2,2.6,29,2,3.7,5,5,5,79.2,76.1,62.1,2,31-12-2024,UPI,Yes,No,6273,97,3,1,2.7,Not Completed,1,0,2,1,2,0,4,5
39265,STU139265,Rohan Iyer,Female,26,Bachelor,Employed,Indore,Mobile,Medium,C102,Data Analysis with Python,Programming,Intermediate,60,4.7,7,48,57.9,0,6.0,1,7,4.2,4,6,2,78.8,51.8,46.9,2,17-01-2025,Free,No,No,0,100,0,0,4.4,Completed,0,0,0,1,2,2,4,2
39266,STU139266,Pooja Verma,Male,24,Bachelor,Student,Pune,Mobile,Medium,C104,Digital Marketing Essentials,Marketing,Beginner,30,4.3,5,42,84.5,0,9.0,1,6,3.7,4,6,1,81.8,44.0,55.8,1,05-12-2024,NetBanking,Yes,No,3503,58,3,1,3.7,Completed,1,0,2,1,2,1,2,3
39267,STU139267,Priya Bose,Male,23,Bachelor,Employed,Delhi,Laptop,High,C107,Statistics for Data Science,Math,Intermediate,50,4.2,6,39,24.5,1,0.5,15,5,10.0,4,6,0,79.1,84.3,36.8,2,29-04-2024,Debit Card,Yes,Yes,3498,55,0,2,4.0,Not Completed,1,0,0,0,0,2,3,1
39268,STU139268,Aarav Verma,Female,22,Bachelor,Employed,Chennai,Laptop,Medium,C107,Statistics for Data Science,Math,Intermediate,50,4.2,5,26,81.9,5,3.5,1,2,6.7,4,6,4,94.5,72.7,56.3,3,03-12-2023,Debit Card,Yes,No,4676,75,1,1,3.5,Not Completed,0,0,0,0,2,2,3,1
39269,STU139269,Rahul Sharma,Male,26,Master,Employed,Indore,Mobile,High,C106,Machine Learning A-Z,Programming,Advanced,90,4.6,6,32,83.2,1,6.3,3,7,3.4,3,7,5,63.3,75.9,50.9,1,06-07-2024,UPI,Yes,No,6809,67,3,0,3.4,Completed,1,3,0,1,0,0,4,5
39270,STU139270,Aarav Mehta,Male,18,Master,Student,Lucknow,Laptop,High,C108,Excel for Business,Business,Beginner,25,4.1,4,42,64.4,1,14.3,1,3,2.8,5,5,9,66.9,52.0,55.1,1,13-01-2024,Credit Card,Yes,Yes,3026,68,2,2,3.1,Completed,1,3,2,0,0,1,0,0
39271,STU139271,Arjun Nair,Female,27,Bachelor,Employed,Delhi,Laptop,Low,C108,Excel for Business,Business,Beginner,25,4.1,9,45,73.6,5,9.8,3,11,2.4,6,4,7,83.4,89.2,66.2,0,01-12-2024,Free,No,No,0,68,3,0,4.6,Completed,0,0,0,0,1,1,0,2
39272,STU139272,Pooja Verma,Male,21,Master,Student,Hyderabad,Laptop,High,C106,Machine Learning A-Z,Programming,Advanced,90,4.6,5,46,75.5,0,4.3,15,3,6.2,4,6,4,61.4,76.2,54.2,2,18-03-2025,Scholarship,No,Yes,416,64,1,1,3.5,Not Completed,1,3,2,0,0,0,4,4
39273,STU139273,Ananya Iyer,Male,17,Master,Student,Mumbai,Tablet,High,C108,Excel for Business,Business,Beginner,25,4.1,8,38,71.7,3,12.1,2,7,3.3,8,2,6,75.4,63.1,76.2,2,06-02-2024,UPI,Yes,No,3169,55,5,1,4.0,Completed,1,3,2,2,0,1,0,5
39274,STU139274,Aarav Reddy,Female,30,HighSchool,Employed,Vadodara,Mobile,High,C101,Python Basics,Programming,Beginner,45,4.6,4,32,44.7,0,0.5,8,3,9.9,2,8,3,40.5,54.6,30.4,0,16-12-2023,UPI,Yes,No,4048,57,0,2,3.6,Not Completed,0,2,0,1,0,1,4,5
39275,STU139275,Sakshi Nair,Male,30,Bachelor,Employed,Chennai,Mobile,Low,C101,Python Basics,Programming,Beginner,45,4.6,6,31,49.0,2,0.5,0,7,6.6,5,5,5,75.9,42.1,49.3,1,19-12-2024,NetBanking,Yes,No,4403,59,1,0,2.5,Completed,1,0,0,1,1,1,4,3
39276,STU139276,Isha Gupta,Male,21,Bachelor,Employed,Surat,Mobile,Low,C104,Digital Marketing Essentials,Marketing,Beginner,30,4.3,8,28,63.9,0,2.0,34,4,4.1,6,3,2,62.2,62.0,61.5,1,11-04-2025,Scholarship,No,No,916,46,1,0,3.5,Not Completed,1,0,0,1,1,1,2,4
39277,STU139277,Arjun Desai,Female,18,Bachelor,Employed,Indore,Laptop,Low,C103,Introduction to AI,Programming,Intermediate,75,4.5,5,33,52.3,2,5.8,17,7,10.0,5,5,5,74.8,95.7,53.1,2,29-02-2024,UPI,Yes,Yes,4989,63,5,3,4.1,Completed,0,0,0,0,1,2,4,5
39278,STU139278,Neha Sharma,Female,17,PhD,Unemployed,Surat,Mobile,Medium,C103,Introduction to AI,Programming,Intermediate,75,4.5,6,44,79.3,2,2.9,6,8,7.9,9,1,5,100.0,70.6,85.3,2,20-03-2024,Free,No,No,0,75,4,0,3.2,Completed,0,4,3,1,2,2,4,2
39279,STU139279,Rohan Mehta,Female,23,Bachelor,Student,Jaipur,Mobile,High,C105,UI/UX Design Fundamentals,Design,Beginner,40,4.4,3,10,49.7,0,6.5,5,5,5.2,3,7,0,66.6,75.2,39.2,0,03-04-2025,UPI,Yes,No,4159,85,2,0,4.6,Completed,0,0,2,1,0,1,1,5
39280,STU139280,Nikhil Verma,Female,33,Bachelor,Student,Pune,Laptop,Medium,C104,Digital Marketing Essentials,Marketing,Beginner,30,4.3,4,33,34.9,2,4.5,6,1,7.3,4,6,2,56.5,45.1,38.5,3,18-06-2024,UPI,Yes,No,3321,49,2,1,4.3,Not Completed,0,0,2,0,2,1,2,5
39281,STU139281,Rahul Verma,Female,22,Bachelor,Unemployed,Vadodara,Mobile,Medium,C106,Machine Learning A-Z,Programming,Advanced,90,4.6,4,36,69.5,4,1.5,1,5,4.9,7,3,5,67.7,47.8,68.7,2,07-06-2024,Credit Card,Yes,No,7022,42,1,1,5.0,Completed,0,0,3,1,2,0,4,0
39282,STU139282,Priya Bose,Male,24,Bachelor,Student,Bhopal,Mobile,High,C104,Digital Marketing Essentials,Marketing,Beginner,30,4.3,4,54,83.6,1,2.7,22,7,7.7,5,5,4,68.5,59.7,62.3,0,23-09-2024,UPI,Yes,No,3379,75,4,0,3.9,Completed,1,0,2,1,0,1,2,5
39283,STU139283,Krishna Iyer,Male,29,HighSchool,Employed,Kolkata,Mobile,Medium,C108,Excel for Business,Business,Beginner,25,4.1,6,41,74.5,5,5.0,0,4,8.6,5,5,8,80.4,60.0,59.1,0,27-12-2023,Free,No,No,0,100,1,1,4.6,Completed,1,2,0,1,2,1,0,2
39284,STU139284,Sakshi Patel,Female,25,Bachelor,Unemployed,Nagpur,Mobile,Medium,C102,Data Analysis with Python,Programming,Intermediate,60,4.7,3,37,92.6,1,4.8,16,3,6.0,7,3,2,54.2,51.4,77.0,6,06-09-2024,Debit Card,Yes,No,5321,31,0,2,4.0,Completed,0,0,3,1,2,2,4,1
39285,STU139285,Ritika Kumar,Male,39,Bachelor,Student,Pune,Mobile,High,C102,Data Analysis with Python,Programming,Intermediate,60,4.7,5,32,41.3,3,4.4,2,6,6.0,5,5,2,94.4,64.2,47.6,1,15-08-2025,UPI,Yes,Yes,3897,87,0,1,3.7,Completed,1,0,2,1,0,2,4,5
39286,STU139286,Rahul Gupta,Female,18,Bachelor,Student,Pune,Laptop,Low,C107,Statistics for Data Science,Math,Intermediate,50,4.2,2,23,74.2,3,0.5,0,8,5.4,4,6,5,45.9,78.7,53.9,1,06-05-2024,NetBanking,Yes,No,4363,63,2,2,3.7,Completed,0,0,2,0,1,2,3,3
39287,STU139287,Pooja Joshi,Female,25,Bachelor,Student,Mumbai,Laptop,Medium,C105,UI/UX Design Fundamentals,Design,Beginner,40,4.4,5,30,74.0,5,0.5,3,7,4.2,7,3,4,53.2,78.4,71.8,2,04-08-2025,UPI,Yes,No,4360,63,0,3,2.6,Completed,0,0,2,0,2,1,1,5
39288,STU139288,Pooja Reddy,Female,19,Bachelor,Student,Ahmedabad,Laptop,Medium,C108,Excel for Business,Business,Beginner,25,4.1,6,30,64.1,1,3.4,14,1,5.9,6,4,6,82.6,69.2,61.9,1,03-04-2025,NetBanking,Yes,No,3444,67,6,0,4.2,Completed,0,0,2,0,2,1,0,3
39289,STU139289,Pooja Desai,Female,31,HighSchool,Student,Indore,Laptop,Medium,C106,Machine Learning A-Z,Programming,Advanced,90,4.6,3,35,68.7,2,9.4,10,3,4.7,5,5,2,62.8,83.8,58.2,2,25-05-2025,Debit Card,Yes,No,5888,68,6,1,4.4,Completed,0,2,2,0,2,0,4,1
39290,STU139290,Rohan Shah,Female,17,Bachelor,Employed,Vadodara,Mobile,High,C108,Excel for Business,Business,Beginner,25,4.1,5,31,22.4,2,6.9,1,6,8.4,5,5,6,64.4,91.8,42.4,3,15-11-2023,Scholarship,No,No,787,54,2,1,5.0,Not Completed,0,0,0,1,0,1,0,4
39291,STU139291,Aditya Nair,Female,23,Bachelor,Employed,Bhopal,Mobile,Medium,C101,Python Basics,Programming,Beginner,45,4.6,7,18,46.9,2,0.9,12,3,6.8,4,6,4,54.6,90.0,44.9,2,02-01-2024,Debit Card,Yes,Yes,3963,98,3,0,4.9,Completed,0,0,0,1,2,1,4,1
39292,STU139292,Priya Kumar,Male,30,Bachelor,Student,Nagpur,Mobile,High,C102,Data Analysis with Python,Programming,Intermediate,60,4.7,6,27,23.1,2,6.0,10,3,3.8,5,5,4,82.6,73.9,41.8,1,17-04-2025,UPI,Yes,Yes,4064,88,3,2,3.5,Not Completed,1,0,2,1,0,2,4,5
39293,STU139293,Arjun Gupta,Female,23,Master,Employed,Pune,Laptop,High,C101,Python Basics,Programming,Beginner,45,4.6,4,42,49.8,2,3.7,0,5,7.1,8,2,6,73.5,70.4,69.0,3,09-08-2024,Scholarship,No,No,373,69,3,1,4.4,Completed,0,3,0,0,0,1,4,4
39294,STU139294,Kavya Shah,Female,17,HighSchool,Unemployed,Bhopal,Mobile,Medium,C107,Statistics for Data Science,Math,Intermediate,50,4.2,2,49,71.7,2,0.5,11,4,2.0,6,4,4,49.1,49.9,63.6,1,02-09-2025,Credit Card,Yes,No,4087,61,2,0,2.4,Not Completed,0,2,3,1,2,2,3,0
39295,STU139295,Nikhil Desai,Female,25,Bachelor,Employed,Lucknow,Laptop,Medium,C108,Excel for Business,Business,Beginner,25,4.1,3,44,28.7,4,0.5,13,6,4.5,5,4,2,79.3,66.3,43.4,2,03-01-2025,Free,No,Yes,0,100,1,0,4.9,Not Completed,0,0,0,0,2,1,0,2
39296,STU139296,Krishna Nair,Female,29,Bachelor,Student,Jaipur,Laptop,Low,C102,Data Analysis with Python,Programming,Intermediate,60,4.7,9,26,51.8,3,2.3,4,8,1.6,3,7,5,97.2,91.9,40.7,5,16-11-2023,Scholarship,No,No,1133,80,0,0,4.8,Not Completed,0,0,2,0,1,2,4,4
39297,STU139297,Nikhil Verma,Male,28,Master,Employed,Surat,Mobile,High,C102,Data Analysis with Python,Programming,Intermediate,60,4.7,6,10,83.3,2,0.5,10,5,8.8,4,6,5,75.7,61.9,56.3,1,12-09-2025,UPI,Yes,No,4994,73,0,1,5.0,Not Completed,1,3,0,1,0,2,4,5
39298,STU139298,Aditya Desai,Male,24,Bachelor,Unemployed,Delhi,Laptop,Low,C107,Statistics for Data Science,Math,Intermediate,50,4.2,6,41,85.7,2,0.5,10,5,6.6,6,4,3,84.4,54.4,68.7,0,22-12-2024,Credit Card,Yes,No,4161,73,3,2,3.8,Not Completed,1,0,3,0,1,2,3,0
39299,STU139299,Sneha Mehta,Female,24,Master,Student,Bhopal,Tablet,Medium,C103,Introduction to AI,Programming,Intermediate,75,4.5,3,6,13.6,1,0.5,17,7,10.0,6,4,5,78.4,68.5,44.2,6,05-07-2025,Credit Card,Yes,No,5467,91,1,1,3.8,Not Completed,0,3,2,2,2,2,4,0
39300,STU139300,Ritika Gupta,Male,31,Master,Student,Surat,Laptop,Medium,C105,UI/UX Design Fundamentals,Design,Beginner,40,4.4,7,5,37.3,3,0.5,15,4,10.0,2,8,7,84.1,45.7,27.3,3,17-10-2023,Free,No,Yes,0,96,3,2,2.8,Not Completed,1,3,2,0,2,1,1,2
39301,STU139301,Pooja Kumar,Male,24,Bachelor,Student,Mumbai,Mobile,Low,C105,UI/UX Design Fundamentals,Design,Beginner,40,4.4,2,25,62.1,5,4.1,8,3,4.9,3,7,4,78.2,75.4,43.5,0,10-05-2025,Free,No,No,0,56,1,1,5.0,Not Completed,1,0,2,1,1,1,1,2
39302,STU139302,Aditya Sharma,Male,31,Master,Unemployed,Pune,Laptop,Medium,C104,Digital Marketing Essentials,Marketing,Beginner,30,4.3,6,40,76.4,3,8.6,1,6,8.2,5,5,7,85.3,62.0,59.8,1,17-12-2023,Debit Card,Yes,No,3808,74,1,1,4.3,Completed,1,3,3,0,2,1,2,1
39303,STU139303,Sai Sharma,Other,27,Bachelor,Employed,Chennai,Mobile,Medium,C101,Python Basics,Programming,Beginner,45,4.6,5,46,42.8,4,10.9,18,2,5.0,6,4,2,59.8,54.0,53.7,4,25-09-2024,Credit Card,Yes,No,4546,83,0,0,4.1,Not Completed,2,0,0,1,2,1,4,0
39304,STU139304,Aditya Nair,Female,26,Diploma,Student,Kolkata,Laptop,High,C104,Digital Marketing Essentials,Marketing,Beginner,30,4.3,3,38,68.6,1,2.0,1,5,6.8,5,5,3,85.0,77.3,57.9,3,17-04-2025,Debit Card,Yes,No,3629,96,2,0,3.3,Not Completed,0,1,2,0,0,1,2,1
39305,STU139305,Aditya Nair,Female,17,Master,Employed,Kolkata,Mobile,Low,C102,Data Analysis with Python,Programming,Intermediate,60,4.7,2,24,25.1,2,0.5,5,8,3.8,5,5,2,69.1,66.8,42.1,2,27-04-2024,UPI,Yes,No,4878,100,1,2,4.1,Completed,0,3,0,1,1,2,4,5
39306,STU139306,Pooja Mehta,Male,32,Master,Employed,Nagpur,Mobile,Medium,C103,Introduction to AI,Programming,Intermediate,75,4.5,6,32,60.6,2,15.6,4,5,5.7,2,7,2,67.3,27.3,34.6,3,09-02-2024,Free,No,No,0,57,3,1,4.1,Completed,1,3,0,1,2,2,4,2
39307,STU139307,Aditya Kumar,Female,25,Bachelor,Employed,Bhopal,Mobile,Medium,C108,Excel for Business,Business,Beginner,25,4.1,6,28,18.2,3,0.9,3,0,6.5,5,5,6,70.7,60.5,39.4,0,11-02-2025,Free,No,No,0,55,1,0,5.0,Not Completed,0,0,0,1,2,1,0,2
39308,STU139308,Kavya Reddy,Male,32,Bachelor,Self-Employed,Mumbai,Laptop,Medium,C104,Digital Marketing Essentials,Marketing,Beginner,30,4.3,4,22,86.7,3,0.5,1,5,9.4,5,5,4,35.9,55.0,63.1,2,03-05-2024,Debit Card,Yes,No,3332,65,3,2,4.9,Completed,1,0,1,0,2,1,2,1
39309,STU139309,Krishna Nair,Male,21,Diploma,Student,Vadodara,Mobile,Medium,C102,Data Analysis with Python,Programming,Intermediate,60,4.7,6,33,73.7,3,0.5,3,11,4.1,6,4,5,82.4,69.5,65.3,1,03-07-2025,Scholarship,No,No,1945,69,4,0,4.6,Not Completed,1,1,2,1,2,2,4,4
39310,STU139310,Neha Desai,Male,28,Bachelor,Student,Bhopal,Mobile,Medium,C101,Python Basics,Programming,Beginner,45,4.6,5,33,71.2,2,0.6,8,5,6.4,5,4,3,75.7,72.4,58.5,0,16-03-2025,UPI,Yes,No,4628,64,1,1,4.4,Completed,1,0,2,1,2,1,4,5
39311,STU139311,Aditya Singh,Female,26,Master,Student,Ahmedabad,Laptop,Low,C103,Introduction to AI,Programming,Intermediate,75,4.5,6,26,52.3,4,4.4,20,13,4.8,5,5,4,76.1,57.7,51.2,4,16-08-2025,Free,No,Yes,0,80,2,2,2.9,Completed,0,3,2,0,1,2,4,2
39312,STU139312,Aditya Shah,Male,32,Bachelor,Student,Pune,Mobile,Medium,C102,Data Analysis with Python,Programming,Intermediate,60,4.7,5,27,71.6,0,0.6,0,5,5.1,3,7,0,70.1,93.3,47.7,4,06-11-2024,Free,No,No,0,85,1,0,5.0,Completed,1,0,2,1,2,2,4,2
39313,STU139313,Isha Verma,Female,30,Bachelor,Student,Surat,Mobile,Medium,C103,Introduction to AI,Programming,Intermediate,75,4.5,5,17,56.8,4,0.9,3,4,1.5,5,5,6,68.4,56.7,52.7,4,26-10-2024,Credit Card,Yes,No,6093,57,5,2,5.0,Not Completed,0,0,2,1,2,2,4,0
39314,STU139314,Vivaan Bhardwaj,Female,25,Bachelor,Student,Hyderabad,Laptop,Medium,C103,Introduction to AI,Programming,Intermediate,75,4.5,5,46,73.9,2,0.5,2,4,8.0,5,5,6,65.2,79.1,59.8,2,11-03-2025,Scholarship,No,No,1517,60,2,0,5.0,Completed,0,0,2,0,2,2,4,4
39315,STU139315,Aditya Kumar,Female,31,Master,Student,Delhi,Laptop,Medium,C108,Excel for Business,Business,Beginner,25,4.1,4,28,65.4,1,0.9,5,5,6.1,4,6,3,79.5,57.1,49.7,1,10-06-2024,Free,No,No,0,62,4,3,4.7,Not Completed,0,3,2,0,2,1,0,2
39316,STU139316,Aarav Gupta,Female,22,Master,Employed,Surat,Mobile,Medium,C104,Digital Marketing Essentials,Marketing,Beginner,30,4.3,2,27,70.6,2,0.5,2,3,8.2,3,7,3,74.1,66.7,46.1,3,12-05-2024,Credit Card,Yes,No,3526,75,1,0,4.3,Completed,0,3,0,1,2,1,2,0
39317,STU139317,Sneha Bose,Female,32,Bachelor,Employed,Indore,Mobile,High,C108,Excel for Business,Business,Beginner,25,4.1,3,19,62.9,1,5.9,5,3,10.0,5,4,3,77.7,50.9,54.6,4,08-12-2023,UPI,Yes,No,3562,63,3,0,4.1,Completed,0,0,0,1,0,1,0,5
39318,STU139318,Aarav Nair,Female,23,Diploma,Student,Chennai,Laptop,Medium,C103,Introduction to AI,Programming,Intermediate,75,4.5,4,34,78.5,2,6.8,2,7,5.6,7,3,5,69.7,100.0,74.5,3,06-05-2024,Free,No,No,0,62,4,1,4.7,Not Completed,0,1,2,0,2,2,4,2
39319,STU139319,Neha Reddy,Male,26,Bachelor,Self-Employed,Indore,Laptop,High,C103,Introduction to AI,Programming,Intermediate,75,4.5,4,32,84.9,2,5.0,6,5,5.7,5,5,0,61.0,74.3,63.4,1,30-11-2024,UPI,Yes,No,5773,68,5,1,2.5,Completed,1,0,1,0,0,2,4,5
39320,STU139320,Isha Bhardwaj,Female,22,PhD,Employed,Delhi,Laptop,Medium,C101,Python Basics,Programming,Beginner,45,4.6,5,47,90.7,2,4.9,3,3,2.3,4,6,1,49.3,60.3,58.8,1,30-08-2024,Credit Card,Yes,Yes,3291,100,3,0,5.0,Not Completed,0,4,0,0,2,1,4,0
39321,STU139321,Meera Sharma,Female,24,Bachelor,Employed,Delhi,Mobile,Medium,C104,Digital Marketing Essentials,Marketing,Beginner,30,4.3,7,34,92.0,5,5.7,6,2,3.5,7,3,4,74.9,76.8,78.0,3,30-12-2023,UPI,Yes,No,3467,79,4,1,5.0,Completed,0,0,0,1,2,1,2,5
39322,STU139322,Kavya Desai,Male,33,Master,Employed,Nagpur,Mobile,Medium,C102,Data Analysis with Python,Programming,Intermediate,60,4.7,4,39,68.1,1,0.5,3,3,6.6,1,9,2,78.1,26.3,31.1,1,21-12-2024,UPI,Yes,No,4591,62,0,0,3.9,Completed,1,3,0,1,2,2,4,5
39323,STU139323,Vivaan Nair,Male,21,Bachelor,Student,Bengaluru,Mobile,Medium,C105,UI/UX Design Fundamentals,Design,Beginner,40,4.4,5,43,80.2,4,11.3,16,4,3.3,5,5,5,71.2,81.3,62.1,2,15-04-2024,Free,No,No,0,92,3,1,4.7,Completed,1,0,2,1,2,1,1,2
39324,STU139324,Pooja Iyer,Female,20,Bachelor,Student,Indore,Mobile,High,C102,Data Analysis with Python,Programming,Intermediate,60,4.7,4,34,59.6,3,2.9,8,11,5.1,6,4,2,68.2,54.3,59.6,3,17-12-2023,UPI,Yes,No,4987,80,5,0,4.0,Not Completed,0,0,2,1,0,2,4,5
39325,STU139325,Neha Gupta,Male,24,Bachelor,Self-Employed,Bhopal,Laptop,Medium,C101,Python Basics,Programming,Beginner,45,4.6,8,42,62.5,3,6.4,8,3,8.5,7,3,2,84.0,78.7,67.8,3,13-04-2024,Debit Card,Yes,No,4200,50,2,1,3.8,Completed,1,0,1,0,2,1,4,1
39326,STU139326,Aarav Joshi,Male,17,Master,Employed,Nagpur,Tablet,High,C102,Data Analysis with Python,Programming,Intermediate,60,4.7,3,29,90.3,1,0.5,0,5,8.9,5,4,9,80.4,59.5,64.6,3,01-02-2024,Free,No,No,0,30,0,0,3.8,Not Completed,1,3,0,2,0,2,4,2
39327,STU139327,Nikhil Mehta,Female,27,Bachelor,Student,Delhi,Mobile,High,C101,Python Basics,Programming,Beginner,45,4.6,3,39,18.1,3,5.1,1,5,4.6,3,7,4,82.5,49.5,26.8,1,19-07-2024,Scholarship,No,Yes,394,70,1,2,4.7,Not Completed,0,0,2,1,0,1,4,4
39328,STU139328,Ananya Gupta,Female,23,Master,Employed,Pune,Laptop,Low,C105,UI/UX Design Fundamentals,Design,Beginner,40,4.4,6,39,37.8,3,0.5,0,1,7.9,7,2,2,66.2,55.5,58.0,2,03-02-2025,Scholarship,No,No,276,52,4,0,4.9,Not Completed,0,3,0,0,1,1,1,4
39329,STU139329,Vivaan Nair,Male,42,Master,Employed,Delhi,Laptop,High,C105,UI/UX Design Fundamentals,Design,Beginner,40,4.4,6,39,53.0,2,1.6,0,7,7.9,6,4,3,62.8,69.0,58.0,1,24-02-2024,UPI,Yes,Yes,3319,99,2,1,4.6,Not Completed,1,3,0,0,0,1,1,5
39330,STU139330,Sai Bose,Female,26,PhD,Student,Kolkata,Laptop,Medium,C107,Statistics for Data Science,Math,Intermediate,50,4.2,3,30,92.6,3,0.5,0,6,5.6,6,4,5,78.3,70.5,71.9,2,24-08-2025,Credit Card,Yes,No,4503,46,3,1,5.0,Completed,0,4,2,0,2,2,3,0
39331,STU139331,Sakshi Iyer,Male,18,Master,Employed,Pune,Laptop,Medium,C102,Data Analysis with Python,Programming,Intermediate,60,4.7,5,34,54.4,0,3.3,11,7,6.6,5,5,3,59.8,65.0,52.3,2,05-08-2024,UPI,Yes,No,5058,51,2,1,3.9,Completed,1,3,0,0,2,2,4,5
39332,STU139332,Arjun Patel,Male,24,Master,Employed,Nagpur,Laptop,High,C103,Introduction to AI,Programming,Intermediate,75,4.5,4,20,36.1,3,3.4,1,5,8.0,5,5,4,68.5,100.0,47.6,2,28-01-2024,Free,No,Yes,0,100,3,0,2.5,Not Completed,1,3,0,0,0,2,4,2
39333,STU139333,Sai Bose,Male,22,Bachelor,Student,Mumbai,Tablet,High,C107,Statistics for Data Science,Math,Intermediate,50,4.2,3,40,79.2,3,2.3,1,6,8.3,7,3,3,83.0,75.9,73.5,3,13-11-2023,NetBanking,Yes,Yes,3457,77,4,1,5.0,Completed,1,0,2,2,0,2,3,3
39334,STU139334,Arjun Patel,Female,28,Bachelor,Employed,Hyderabad,Laptop,Medium,C107,Statistics for Data Science,Math,Intermediate,50,4.2,3,30,59.7,2,0.5,14,8,7.2,3,7,5,70.4,48.3,41.3,3,11-09-2025,Credit Card,Yes,No,4537,82,4,3,5.0,Completed,0,0,0,0,2,2,3,0
39335,STU139335,Rahul Shah,Female,33,Bachelor,Employed,Vadodara,Laptop,High,C108,Excel for Business,Business,Beginner,25,4.1,5,24,89.0,3,0.5,2,7,3.6,9,1,7,74.9,62.3,88.3,3,27-05-2024,UPI,Yes,No,3511,62,4,0,5.0,Completed,0,0,0,0,0,1,0,5
39336,STU139336,Ananya Verma,Male,41,Master,Student,Indore,Mobile,Medium,C104,Digital Marketing Essentials,Marketing,Beginner,30,4.3,5,44,79.5,1,4.7,3,5,5.3,4,5,3,74.3,36.9,53.7,0,31-01-2024,Scholarship,No,No,1250,100,2,0,3.7,Not Completed,1,3,2,1,2,1,2,4
39337,STU139337,Neha Mehta,Male,40,HighSchool,Student,Nagpur,Laptop,High,C102,Data Analysis with Python,Programming,Intermediate,60,4.7,5,35,55.0,1,2.5,0,3,3.6,2,8,4,55.4,81.8,35.4,1,03-04-2024,UPI,Yes,No,4747,51,4,0,4.5,Not Completed,1,2,2,0,0,2,4,5
39338,STU139338,Sai Bose,Male,27,HighSchool,Self-Employed,Delhi,Mobile,Medium,C101,Python Basics,Programming,Beginner,45,4.6,9,20,61.3,3,4.9,2,7,7.1,6,4,0,89.2,76.7,61.3,1,04-06-2024,Debit Card,Yes,No,4099,36,1,2,4.4,Completed,1,2,1,1,2,1,4,1
39339,STU139339,Vihaan Mehta,Female,24,Master,Student,Lucknow,Laptop,High,C106,Machine Learning A-Z,Programming,Advanced,90,4.6,5,16,91.1,4,2.8,12,8,6.6,6,3,4,47.2,84.2,72.1,2,23-06-2024,Debit Card,Yes,Yes,5698,70,0,0,3.4,Completed,0,3,2,0,0,0,4,1
39340,STU139340,Meera Joshi,Male,24,Bachelor,Student,Ahmedabad,Mobile,Medium,C101,Python Basics,Programming,Beginner,45,4.6,6,39,88.0,0,0.5,5,3,9.9,5,5,5,73.0,88.9,65.3,0,09-07-2025,Scholarship,No,No,1009,100,2,1,4.2,Completed,1,0,2,1,2,1,4,4
39341,STU139341,Nikhil Singh,Male,23,Bachelor,Employed,Bhopal,Laptop,Medium,C101,Python Basics,Programming,Beginner,45,4.6,7,32,50.9,4,0.5,10,7,7.4,5,5,5,79.8,58.7,50.7,2,06-12-2023,Credit Card,Yes,No,4494,30,5,1,2.9,Not Completed,1,0,0,0,2,1,4,0
39342,STU139342,Ritika Kumar,Male,26,Bachelor,Employed,Hyderabad,Laptop,Medium,C101,Python Basics,Programming,Beginner,45,4.6,4,22,22.0,1,7.8,39,1,6.9,5,5,3,37.9,70.7,41.2,1,07-09-2024,Scholarship,No,No,1026,84,2,3,4.4,Not Completed,1,0,0,0,2,1,4,4
39343,STU139343,Vihaan Bhardwaj,Male,17,Diploma,Student,Nagpur,Laptop,High,C104,Digital Marketing Essentials,Marketing,Beginner,30,4.3,6,42,82.2,2,7.7,0,0,7.8,2,8,5,94.9,84.8,45.0,2,27-12-2023,Credit Card,Yes,Yes,2774,46,0,3,4.1,Completed,1,1,2,0,0,1,2,0
39344,STU139344,Ananya Kumar,Male,21,Bachelor,Student,Ahmedabad,Laptop,High,C105,UI/UX Design Fundamentals,Design,Beginner,40,4.4,7,35,88.4,1,2.3,1,8,6.0,4,6,4,90.0,78.5,58.8,2,10-12-2024,UPI,Yes,No,3956,72,2,1,4.9,Completed,1,0,2,0,0,1,1,5
39345,STU139345,Sakshi Singh,Male,24,Diploma,Student,Surat,Mobile,High,C103,Introduction to AI,Programming,Intermediate,75,4.5,5,27,65.6,4,8.2,27,5,5.2,4,6,3,73.4,57.0,49.8,3,18-05-2024,Free,No,Yes,0,89,1,0,4.6,Not Completed,1,1,2,1,0,2,4,2
39346,STU139346,Priya Patel,Other,35,Bachelor,Employed,Bhopal,Laptop,Low,C106,Machine Learning A-Z,Programming,Advanced,90,4.6,7,54,81.0,5,5.8,2,4,6.8,5,5,6,87.9,51.8,60.9,1,12-08-2025,UPI,Yes,Yes,5554,89,1,1,3.6,Not Completed,2,0,0,0,1,0,4,5
39347,STU139347,Arjun Mehta,Female,21,Master,Student,Chennai,Mobile,High,C108,Excel for Business,Business,Beginner,25,4.1,6,39,78.1,3,0.5,0,3,8.8,7,2,1,57.2,82.8,73.5,1,06-04-2024,Credit Card,Yes,No,3425,94,4,1,4.5,Completed,0,3,2,1,0,1,0,0
39348,STU139348,Sai Joshi,Male,17,Master,Student,Surat,Tablet,Medium,C107,Statistics for Data Science,Math,Intermediate,50,4.2,4,37,68.1,4,9.5,4,7,5.3,5,5,5,83.1,57.0,56.7,1,31-10-2023,NetBanking,Yes,No,4537,63,4,1,4.4,Completed,1,3,2,2,2,2,3,3
39349,STU139349,Aarav Sharma,Female,26,Bachelor,Employed,Hyderabad,Mobile,Medium,C101,Python Basics,Programming,Beginner,45,4.6,5,36,15.6,4,8.5,14,4,8.8,6,4,4,71.9,45.2,43.7,1,25-03-2025,UPI,Yes,No,4420,64,5,0,4.4,Not Completed,0,0,0,1,2,1,4,5
39350,STU139350,Vihaan Nair,Female,19,Bachelor,Employed,Bengaluru,Laptop,Medium,C103,Introduction to AI,Programming,Intermediate,75,4.5,4,16,78.7,3,0.8,1,4,6.1,3,7,8,79.5,58.2,48.4,3,31-10-2024,Debit Card,Yes,No,5220,63,4,1,3.2,Not Completed,0,0,0,0,2,2,4,1
39351,STU139351,Neha Bhardwaj,Female,23,Master,Student,Indore,Mobile,Medium,C108,Excel for Business,Business,Beginner,25,4.1,5,51,87.0,6,3.2,9,2,6.4,3,7,3,75.5,65.4,51.7,7,05-11-2024,UPI,Yes,No,3175,59,0,1,4.3,Completed,0,3,2,1,2,1,0,5
39352,STU139352,Vihaan Kumar,Female,25,PhD,Employed,Bhopal,Laptop,High,C101,Python Basics,Programming,Beginner,45,4.6,5,28,80.8,0,0.5,28,6,5.6,6,4,1,65.8,59.5,67.3,1,21-07-2024,Free,No,No,0,95,4,3,3.9,Not Completed,0,4,0,0,0,1,4,2
39353,STU139353,Ritika Kumar,Male,36,Bachelor,Student,Delhi,Mobile,High,C103,Introduction to AI,Programming,Intermediate,75,4.5,6,61,45.1,2,10.0,7,3,6.5,6,4,7,92.4,78.3,55.7,2,28-07-2025,Scholarship,No,No,345,97,2,1,4.3,Completed,1,0,2,1,0,2,4,4
39354,STU139354,Krishna Nair,Female,32,Bachelor,Student,Mumbai,Mobile,Medium,C101,Python Basics,Programming,Beginner,45,4.6,4,39,63.7,4,2.8,9,6,6.2,2,8,2,76.8,75.3,38.1,4,23-06-2024,UPI,Yes,No,4017,62,2,0,5.0,Not Completed,0,0,2,1,2,1,4,5
39355,STU139355,Meera Mehta,Female,26,Bachelor,Employed,Jaipur,Laptop,High,C107,Statistics for Data Science,Math,Intermediate,50,4.2,6,42,68.3,2,8.7,9,4,6.8,8,2,5,58.4,69.8,75.4,0,30-06-2025,Credit Card,Yes,No,4112,58,4,0,4.6,Completed,0,0,0,0,0,2,3,0
39356,STU139356,Neha Iyer,Female,28,Bachelor,Employed,Vadodara,Mobile,High,C102,Data Analysis with Python,Programming,Intermediate,60,4.7,5,44,56.5,2,5.2,13,3,3.8,4,6,3,75.7,82.9,47.9,0,24-10-2024,Scholarship,No,No,1307,58,3,1,3.5,Not Completed,0,0,0,1,0,2,4,4
39357,STU139357,Aarav Mehta,Male,32,Bachelor,Employed,Vadodara,Mobile,Medium,C104,Digital Marketing Essentials,Marketing,Beginner,30,4.3,5,22,56.5,2,2.0,0,4,3.8,3,7,6,56.6,76.1,41.6,1,25-03-2025,Free,No,Yes,0,59,0,4,3.7,Not Completed,1,0,0,1,2,1,2,2
39358,STU139358,Ritika Reddy,Female,25,Master,Employed,Jaipur,Mobile,Medium,C104,Digital Marketing Essentials,Marketing,Beginner,30,4.3,3,25,70.1,1,0.5,15,4,4.7,3,7,1,38.2,70.0,46.0,2,09-02-2025,Debit Card,Yes,No,3700,60,1,0,4.0,Completed,0,3,0,1,2,1,2,1
39359,STU139359,Arjun Verma,Female,23,Bachelor,Student,Ahmedabad,Mobile,Medium,C101,Python Basics,Programming,Beginner,45,4.6,5,39,44.2,3,9.4,1,3,7.2,6,4,7,58.9,91.6,56.1,0,04-06-2025,Free,No,Yes,0,69,2,2,4.0,Not Completed,0,0,2,1,2,1,4,2
39360,STU139360,Krishna Bhardwaj,Female,25,Master,Employed,Nagpur,Laptop,High,C106,Machine Learning A-Z,Programming,Advanced,90,4.6,5,44,40.2,0,5.4,8,2,6.9,5,5,5,62.2,67.8,47.5,0,26-01-2025,UPI,Yes,No,6102,75,2,0,4.7,Not Completed,0,3,0,0,0,0,4,5
39361,STU139361,Ritika Patel,Female,23,Bachelor,Student,Bengaluru,Laptop,Medium,C102,Data Analysis with Python,Programming,Intermediate,60,4.7,2,34,69.8,0,0.5,13,6,7.4,5,5,1,52.1,73.7,58.1,1,21-11-2023,Credit Card,Yes,Yes,4505,37,2,0,3.8,Completed,0,0,2,0,2,2,4,0
39362,STU139362,Krishna Desai,Male,17,Bachelor,Student,Vadodara,Laptop,Medium,C107,Statistics for Data Science,Math,Intermediate,50,4.2,4,27,94.9,2,0.5,15,7,5.9,2,8,3,78.8,46.7,47.5,0,18-05-2025,Debit Card,Yes,No,4078,35,1,2,4.8,Completed,1,0,2,0,2,2,3,1
39363,STU139363,Nikhil Joshi,Male,26,Bachelor,Employed,Delhi,Mobile,Medium,C102,Data Analysis with Python,Programming,Intermediate,60,4.7,6,23,52.9,1,2.8,3,7,5.8,5,5,4,58.8,47.3,50.9,1,10-03-2025,Debit Card,Yes,Yes,4280,82,4,1,5.0,Not Completed,1,0,0,1,2,2,4,1
39364,STU139364,Ritika Gupta,Male,32,Bachelor,Student,Bhopal,Mobile,High,C108,Excel for Business,Business,Beginner,25,4.1,6,27,59.1,1,3.6,0,8,7.1,5,5,5,73.0,53.3,53.3,3,22-11-2024,Free,No,Yes,0,60,2,0,4.4,Not Completed,1,0,2,1,0,1,0,2
39365,STU139365,Rahul Desai,Male,28,Bachelor,Student,Delhi,Laptop,Medium,C106,Machine Learning A-Z,Programming,Advanced,90,4.6,7,42,59.6,2,0.5,0,6,10.0,3,7,4,94.8,81.9,43.0,6,05-02-2024,Credit Card,Yes,No,5970,66,2,0,5.0,Completed,1,0,2,0,2,0,4,0
39366,STU139366,Aarav Gupta,Male,28,Bachelor,Student,Surat,Mobile,High,C104,Digital Marketing Essentials,Marketing,Beginner,30,4.3,4,55,57.4,2,9.1,4,10,7.1,5,5,4,78.0,57.5,53.0,3,20-12-2024,NetBanking,Yes,No,3265,78,5,1,5.0,Not Completed,1,0,2,1,0,1,2,3
39367,STU139367,Ritika Iyer,Female,29,Bachelor,Employed,Nagpur,Laptop,High,C108,Excel for Business,Business,Beginner,25,4.1,6,38,43.2,3,6.8,9,7,7.8,7,3,4,69.9,79.5,61.1,1,02-03-2024,Debit Card,Yes,No,3491,44,0,1,3.9,Completed,0,0,0,0,0,1,0,1
39368,STU139368,Krishna Bhardwaj,Male,37,Bachelor,Employed,Indore,Tablet,Medium,C101,Python Basics,Programming,Beginner,45,4.6,3,26,82.8,0,0.5,11,9,7.8,6,4,1,64.2,66.7,68.3,1,30-06-2024,UPI,Yes,Yes,3673,97,1,0,4.5,Not Completed,1,0,0,2,2,1,4,5
39369,STU139369,Sai Reddy,Male,22,Bachelor,Student,Lucknow,Mobile,Medium,C105,UI/UX Design Fundamentals,Design,Beginner,40,4.4,6,32,91.2,0,0.6,4,3,5.2,4,6,1,70.1,53.3,58.6,3,20-02-2025,Free,No,No,0,68,0,0,3.9,Completed,1,0,2,1,2,1,1,2
39370,STU139370,Arjun Shah,Female,29,Bachelor,Employed,Bhopal,Mobile,Medium,C101,Python Basics,Programming,Beginner,45,4.6,5,39,64.2,2,0.5,0,6,6.1,2,8,4,63.8,81.8,38.6,1,23-05-2024,Scholarship,No,No,1968,64,2,0,3.6,Not Completed,0,0,0,1,2,1,4,4
39371,STU139371,Priya Reddy,Male,30,Bachelor,Student,Indore,Laptop,Medium,C102,Data Analysis with Python,Programming,Intermediate,60,4.7,5,15,70.4,3,13.9,0,2,3.9,2,8,3,71.6,75.2,40.4,2,29-01-2025,UPI,Yes,No,5497,98,2,0,5.0,Completed,1,0,2,0,2,2,4,5
39372,STU139372,Vihaan Singh,Male,24,Master,Employed,Surat,Mobile,High,C107,Statistics for Data Science,Math,Intermediate,50,4.2,4,35,72.2,2,9.7,2,6,4.1,4,6,3,98.9,40.1,51.3,3,19-04-2025,Debit Card,Yes,Yes,3997,69,3,2,4.2,Completed,1,3,0,1,0,2,3,1
39373,STU139373,Arjun Desai,Male,27,Master,Student,Nagpur,Mobile,Medium,C108,Excel for Business,Business,Beginner,25,4.1,4,16,80.4,5,5.1,7,8,5.6,6,3,2,69.5,90.4,68.7,1,16-02-2025,Credit Card,Yes,No,3327,100,1,0,5.0,Completed,1,3,2,1,2,1,0,0
39374,STU139374,Isha Sharma,Female,18,Bachelor,Employed,Mumbai,Mobile,Low,C106,Machine Learning A-Z,Programming,Advanced,90,4.6,2,34,61.3,2,0.5,21,3,4.7,2,8,2,65.5,82.0,37.6,2,18-09-2024,UPI,Yes,No,6310,81,3,2,4.8,Completed,0,0,0,1,1,0,4,5
39375,STU139375,Rahul Gupta,Female,30,Bachelor,Employed,Bengaluru,Laptop,High,C107,Statistics for Data Science,Math,Intermediate,50,4.2,3,34,75.3,3,1.5,0,4,4.7,7,3,3,76.8,94.1,73.1,2,10-05-2024,UPI,Yes,Yes,3565,32,3,0,3.2,Completed,0,0,0,0,0,2,3,5
39376,STU139376,Isha Kumar,Female,24,Bachelor,Student,Vadodara,Mobile,High,C106,Machine Learning A-Z,Programming,Advanced,90,4.6,6,44,84.2,3,3.3,7,8,4.4,3,7,5,65.7,77.6,51.4,3,09-01-2024,NetBanking,Yes,No,7039,48,2,0,5.0,Not Completed,0,0,2,1,0,0,4,3
39377,STU139377,Sai Shah,Female,22,Diploma,Student,Jaipur,Mobile,High,C106,Machine Learning A-Z,Programming,Advanced,90,4.6,3,32,62.5,2,3.7,14,3,5.5,4,6,3,81.8,68.1,49.3,4,14-08-2024,UPI,Yes,No,6695,96,1,3,4.8,Not Completed,0,1,2,1,0,0,4,5
39378,STU139378,Rahul Gupta,Male,35,Bachelor,Student,Vadodara,Laptop,High,C106,Machine Learning A-Z,Programming,Advanced,90,4.6,7,29,33.2,1,4.4,7,3,6.1,6,3,4,67.8,63.4,50.8,4,24-04-2024,Credit Card,Yes,No,6903,65,1,1,2.9,Completed,1,0,2,0,0,0,4,0
39379,STU139379,Rahul Iyer,Female,20,Master,Employed,Indore,Mobile,Medium,C106,Machine Learning A-Z,Programming,Advanced,90,4.6,5,40,87.1,8,0.5,12,5,3.6,7,2,6,58.8,72.1,76.1,5,13-06-2025,UPI,Yes,No,5858,100,5,1,3.9,Completed,0,3,0,1,2,0,4,5
39380,STU139380,Isha Shah,Female,17,Bachelor,Student,Delhi,Mobile,Medium,C101,Python Basics,Programming,Beginner,45,4.6,5,36,54.1,2,0.8,11,5,5.6,5,5,0,77.7,73.7,52.6,3,18-02-2024,Free,No,No,0,52,3,0,4.7,Not Completed,0,0,2,1,2,1,4,2
39381,STU139381,Vihaan Nair,Male,32,Bachelor,Employed,Vadodara,Mobile,High,C103,Introduction to AI,Programming,Intermediate,75,4.5,3,29,71.9,1,0.5,4,3,5.0,4,6,5,64.3,59.8,52.1,3,18-12-2023,Free,No,No,0,73,3,2,5.0,Completed,1,0,0,1,0,2,4,2
39382,STU139382,Arjun Shah,Female,28,Master,Employed,Kolkata,Mobile,Low,C101,Python Basics,Programming,Beginner,45,4.6,3,20,56.2,5,0.5,11,6,10.0,6,4,3,89.6,80.7,59.7,2,26-07-2024,Free,No,No,0,59,2,1,5.0,Completed,0,3,0,1,1,1,4,2
39383,STU139383,Ritika Kumar,Male,35,Bachelor,Self-Employed,Hyderabad,Laptop,Medium,C101,Python Basics,Programming,Beginner,45,4.6,6,48,96.9,3,4.2,1,7,6.2,8,2,5,86.4,65.0,85.2,3,22-12-2024,Free,No,No,0,100,4,0,5.0,Completed,1,0,1,0,2,1,4,2
39384,STU139384,Aditya Bose,Female,40,Master,Employed,Ahmedabad,Mobile,Medium,C107,Statistics for Data Science,Math,Intermediate,50,4.2,6,23,42.0,1,9.5,6,2,4.5,5,4,3,79.9,60.2,47.7,1,08-08-2024,Credit Card,Yes,No,4851,51,3,1,3.2,Not Completed,0,3,0,1,2,2,3,0
39385,STU139385,Vivaan Patel,Female,20,Diploma,Student,Delhi,Mobile,High,C106,Machine Learning A-Z,Programming,Advanced,90,4.6,2,26,35.9,1,2.3,6,7,7.3,5,5,1,83.2,83.4,46.7,0,19-05-2024,NetBanking,Yes,Yes,5780,75,2,0,3.4,Not Completed,0,1,2,1,0,0,4,3
39386,STU139386,Nikhil Sharma,Female,28,Bachelor,Student,Delhi,Mobile,Medium,C104,Digital Marketing Essentials,Marketing,Beginner,30,4.3,8,21,97.3,3,11.2,1,1,6.3,6,4,2,83.9,91.3,74.6,2,07-05-2024,Debit Card,Yes,No,3584,76,0,0,3.8,Completed,0,0,2,1,2,1,2,1
39387,STU139387,Krishna Patel,Male,18,Bachelor,Employed,Mumbai,Mobile,Medium,C101,Python Basics,Programming,Beginner,45,4.6,3,39,38.7,5,6.1,12,4,6.2,6,4,3,79.2,60.3,52.6,1,24-06-2025,Debit Card,Yes,No,4620,40,1,1,3.6,Completed,1,0,0,1,2,1,4,1
39388,STU139388,Sakshi Verma,Male,29,Bachelor,Student,Jaipur,Laptop,Medium,C102,Data Analysis with Python,Programming,Intermediate,60,4.7,4,31,70.3,5,0.5,8,4,7.1,5,5,7,92.8,63.7,57.8,2,26-12-2024,Free,No,No,0,75,2,0,3.2,Not Completed,1,0,2,0,2,2,4,2
39389,STU139389,Krishna Gupta,Male,29,Bachelor,Student,Surat,Mobile,High,C101,Python Basics,Programming,Beginner,45,4.6,1,25,91.6,2,11.3,4,6,2.6,5,5,4,78.4,46.5,64.4,3,24-07-2025,UPI,Yes,No,4254,84,1,1,5.0,Completed,1,0,2,1,0,1,4,5
39390,STU139390,Kavya Desai,Male,19,HighSchool,Employed,Pune,Mobile,Medium,C102,Data Analysis with Python,Programming,Intermediate,60,4.7,4,26,52.5,3,3.3,6,5,4.2,5,5,5,72.6,35.8,50.2,8,25-06-2024,NetBanking,Yes,No,5490,61,2,2,4.8,Not Completed,1,2,0,1,2,2,4,3
39391,STU139391,Ritika Verma,Male,28,Bachelor,Student,Nagpur,Mobile,Medium,C104,Digital Marketing Essentials,Marketing,Beginner,30,4.3,2,41,42.1,1,0.5,2,4,6.5,6,4,0,81.0,72.9,54.4,0,18-05-2024,UPI,Yes,No,3803,65,1,0,3.5,Not Completed,1,0,2,1,2,1,2,5
39392,STU139392,Ritika Shah,Male,26,Bachelor,Employed,Pune,Mobile,Low,C104,Digital Marketing Essentials,Marketing,Beginner,30,4.3,2,25,54.2,2,0.5,1,4,4.7,6,3,4,72.4,70.4,58.5,2,14-11-2024,Scholarship,No,No,1174,72,2,3,4.6,Not Completed,1,0,0,1,1,1,2,4
39393,STU139393,Pooja Joshi,Female,17,Bachelor,Self-Employed,Indore,Laptop,Medium,C101,Python Basics,Programming,Beginner,45,4.6,5,36,33.1,2,0.5,2,1,5.4,4,6,4,69.4,52.9,38.2,4,10-03-2024,Debit Card,Yes,No,4599,61,0,1,3.7,Completed,0,0,1,0,2,1,4,1
39394,STU139394,Neha Verma,Male,17,Bachelor,Employed,Jaipur,Mobile,Medium,C102,Data Analysis with Python,Programming,Intermediate,60,4.7,7,28,40.4,2,0.5,8,1,5.4,6,4,4,100.0,87.9,54.5,1,21-10-2024,NetBanking,Yes,Yes,4416,50,2,1,4.8,Completed,1,0,0,1,2,2,4,3
39395,STU139395,Nikhil Iyer,Female,20,Bachelor,Employed,Mumbai,Tablet,Medium,C103,Introduction to AI,Programming,Intermediate,75,4.5,2,14,35.3,2,0.5,11,4,3.0,5,5,1,66.0,51.9,45.0,1,07-06-2024,Scholarship,No,No,1385,61,3,1,2.8,Not Completed,0,0,0,2,2,2,4,4
39396,STU139396,Isha Joshi,Female,27,Bachelor,Student,Bengaluru,Mobile,Medium,C103,Introduction to AI,Programming,Intermediate,75,4.5,6,36,26.0,1,6.1,2,5,4.0,6,4,5,71.5,68.3,48.5,2,14-01-2025,NetBanking,Yes,Yes,4547,74,3,1,4.3,Completed,0,0,2,1,2,2,4,3
39397,STU139397,Meera Joshi,Female,17,Bachelor,Unemployed,Pune,Mobile,Medium,C107,Statistics for Data Science,Math,Intermediate,50,4.2,11,48,80.5,2,2.4,0,12,4.0,7,2,4,90.1,64.7,73.4,5,18-12-2023,Scholarship,No,No,2246,72,4,1,5.0,Completed,0,0,3,1,2,2,3,4
39398,STU139398,Nikhil Verma,Male,23,HighSchool,Employed,Bengaluru,Laptop,High,C103,Introduction to AI,Programming,Intermediate,75,4.5,7,41,20.1,2,12.7,12,5,6.2,5,5,3,71.2,49.8,39.5,1,29-05-2025,Debit Card,Yes,No,5380,78,1,2,5.0,Completed,1,2,0,0,0,2,4,1
39399,STU139399,Vihaan Kumar,Female,30,Bachelor,Self-Employed,Bhopal,Mobile,High,C108,Excel for Business,Business,Beginner,25,4.1,4,19,66.0,2,0.5,0,5,8.9,4,6,6,66.8,86.8,51.4,3,19-06-2025,Free,No,No,0,91,2,1,3.1,Not Completed,0,0,1,1,0,1,0,2
39400,STU139400,Sakshi Nair,Male,27,Master,Student,Bengaluru,Mobile,Medium,C106,Machine Learning A-Z,Programming,Advanced,90,4.6,3,41,68.4,3,0.8,18,8,8.4,4,6,1,94.8,100.0,52.9,1,16-02-2024,Credit Card,Yes,No,6227,99,4,0,4.0,Completed,1,3,2,1,2,0,4,0
39401,STU139401,Rahul Patel,Female,38,Master,Employed,Hyderabad,Mobile,Medium,C104,Digital Marketing Essentials,Marketing,Beginner,30,4.3,7,41,17.3,1,4.2,5,5,5.3,4,6,2,70.1,58.7,33.0,1,11-07-2025,Scholarship,No,Yes,744,59,5,2,5.0,Not Completed,0,3,0,1,2,1,2,4
39402,STU139402,Sai Reddy,Female,25,Bachelor,Employed,Chennai,Mobile,Medium,C107,Statistics for Data Science,Math,Intermediate,50,4.2,5,37,69.3,4,4.2,17,4,4.8,7,3,4,74.9,67.8,69.7,2,05-04-2025,UPI,Yes,No,4496,73,3,0,3.9,Completed,0,0,0,1,2,2,3,5
39403,STU139403,Krishna Kumar,Male,33,Master,Employed,Surat,Laptop,Low,C104,Digital Marketing Essentials,Marketing,Beginner,30,4.3,6,23,63.8,5,1.0,14,2,5.9,3,6,1,69.6,68.9,43.8,4,23-05-2025,Free,No,No,0,64,3,0,2.7,Not Completed,1,3,0,0,1,1,2,2
39404,STU139404,Sakshi Patel,Male,24,Master,Student,Bhopal,Mobile,Medium,C105,UI/UX Design Fundamentals,Design,Beginner,40,4.4,4,43,49.6,2,6.2,12,7,7.7,1,9,5,93.6,44.7,25.6,4,11-07-2024,NetBanking,Yes,No,3619,56,1,0,5.0,Not Completed,1,3,2,1,2,1,1,3
39405,STU139405,Arjun Verma,Male,36,Bachelor,Student,Nagpur,Laptop,High,C102,Data Analysis with Python,Programming,Intermediate,60,4.7,8,36,43.5,4,11.3,0,4,8.3,4,5,6,85.5,61.8,42.3,1,28-11-2023,Free,No,No,0,74,4,0,4.1,Completed,1,0,2,0,0,2,4,2
39406,STU139406,Sai Mehta,Female,20,Bachelor,Employed,Lucknow,Mobile,High,C105,UI/UX Design Fundamentals,Design,Beginner,40,4.4,2,27,91.3,3,6.7,19,6,2.1,3,7,7,65.8,54.0,52.6,3,18-09-2025,Credit Card,Yes,No,3762,91,1,2,3.8,Completed,0,0,0,1,0,1,1,0
39407,STU139407,Meera Joshi,Male,22,Bachelor,Student,Hyderabad,Mobile,Low,C108,Excel for Business,Business,Beginner,25,4.1,3,38,40.4,2,1.0,22,7,7.2,5,5,4,70.9,65.1,47.4,4,15-12-2023,NetBanking,Yes,No,3433,58,2,3,4.6,Completed,1,0,2,1,1,1,0,3
39408,STU139408,Priya Desai,Male,17,Bachelor,Employed,Chennai,Laptop,Medium,C101,Python Basics,Programming,Beginner,45,4.6,3,51,53.4,0,0.5,4,2,4.5,4,6,4,82.8,74.0,46.4,4,06-04-2025,Free,No,No,0,45,6,1,4.2,Not Completed,1,0,0,0,2,1,4,2
39409,STU139409,Pooja Joshi,Male,32,Master,Student,Surat,Mobile,High,C101,Python Basics,Programming,Beginner,45,4.6,4,17,46.0,1,5.8,0,2,7.6,5,4,6,70.0,53.0,48.8,1,11-09-2025,Scholarship,No,Yes,1907,72,4,1,5.0,Completed,1,3,2,1,0,1,4,4
39410,STU139410,Arjun Gupta,Female,24,Bachelor,Employed,Jaipur,Mobile,Low,C106,Machine Learning A-Z,Programming,Advanced,90,4.6,1,24,67.4,3,0.5,9,5,9.5,2,8,1,62.7,72.2,39.2,0,08-03-2024,Scholarship,No,No,424,100,1,1,2.0,Not Completed,0,0,0,1,1,0,4,4
39411,STU139411,Vihaan Shah,Male,18,Master,Employed,Indore,Laptop,High,C102,Data Analysis with Python,Programming,Intermediate,60,4.7,2,41,91.3,1,1.0,11,6,5.6,3,7,1,76.5,74.5,53.7,4,27-08-2025,Scholarship,No,No,2013,91,1,1,2.4,Not Completed,1,3,0,0,0,2,4,4
39412,STU139412,Sneha Gupta,Male,17,HighSchool,Unemployed,Bengaluru,Laptop,High,C102,Data Analysis with Python,Programming,Intermediate,60,4.7,7,47,92.1,3,5.7,0,7,8.5,7,3,4,86.7,100.0,79.2,5,19-04-2025,Free,No,Yes,0,83,5,0,5.0,Completed,1,2,3,0,0,2,4,2
39413,STU139413,Ananya Joshi,Male,21,Bachelor,Student,Jaipur,Mobile,Medium,C107,Statistics for Data Science,Math,Intermediate,50,4.2,5,49,82.9,2,2.1,0,3,8.6,3,7,4,92.3,65.9,50.3,2,07-09-2024,UPI,Yes,Yes,4169,68,2,1,4.4,Completed,1,0,2,1,2,2,3,5
39414,STU139414,Neha Mehta,Female,20,HighSchool,Student,Surat,Mobile,Low,C106,Machine Learning A-Z,Programming,Advanced,90,4.6,6,36,37.1,3,7.7,15,5,6.4,1,9,2,73.8,67.4,22.3,2,14-01-2025,NetBanking,Yes,No,5855,33,3,0,2.9,Not Completed,0,2,2,1,1,0,4,3
39415,STU139415,Arjun Desai,Female,34,Bachelor,Employed,Bhopal,Mobile,Medium,C108,Excel for Business,Business,Beginner,25,4.1,2,26,72.7,2,0.5,2,4,10.0,3,7,4,66.4,77.5,47.3,1,08-12-2024,Debit Card,Yes,No,3467,55,4,0,5.0,Not Completed,0,0,0,1,2,1,0,1
39416,STU139416,Rahul Mehta,Female,27,Bachelor,Student,Bengaluru,Mobile,Medium,C103,Introduction to AI,Programming,Intermediate,75,4.5,3,51,77.6,2,2.8,3,3,3.0,2,8,7,70.6,46.2,41.5,0,02-01-2024,Credit Card,Yes,No,5536,66,1,0,5.0,Not Completed,0,0,2,1,2,2,4,0
39417,STU139417,Rahul Mehta,Male,30,Bachelor,Student,Chennai,Mobile,Medium,C103,Introduction to AI,Programming,Intermediate,75,4.5,3,44,23.5,1,0.5,17,3,5.3,4,6,1,50.9,80.4,36.3,3,30-01-2024,NetBanking,Yes,No,5538,83,1,2,3.8,Not Completed,1,0,2,1,2,2,4,3
39418,STU139418,Aarav Singh,Male,33,Master,Unemployed,Mumbai,Laptop,High,C103,Introduction to AI,Programming,Intermediate,75,4.5,5,57,46.7,1,0.5,2,9,3.4,6,4,4,72.8,77.9,56.2,2,24-01-2024,Credit Card,Yes,Yes,4840,69,2,1,4.1,Completed,1,3,3,0,0,2,4,0
39419,STU139419,Meera Desai,Female,29,Bachelor,Student,Kolkata,Laptop,Medium,C102,Data Analysis with Python,Programming,Intermediate,60,4.7,6,32,44.2,5,0.5,2,9,5.3,5,5,3,70.1,100.0,50.5,1,18-12-2023,UPI,Yes,No,4795,66,2,0,4.9,Not Completed,0,0,2,0,2,2,4,5
39420,STU139420,Neha Bose,Male,24,PhD,Student,Kolkata,Mobile,Medium,C102,Data Analysis with Python,Programming,Intermediate,60,4.7,5,47,74.9,5,1.8,4,5,2.9,6,4,5,55.9,97.1,67.1,1,28-06-2025,Free,No,No,0,63,2,0,3.9,Not Completed,1,4,2,1,2,2,4,2
39421,STU139421,Sneha Sharma,Male,28,Master,Employed,Pune,Mobile,Medium,C104,Digital Marketing Essentials,Marketing,Beginner,30,4.3,6,17,62.4,2,5.4,0,7,7.0,8,2,6,93.6,63.4,73.0,3,19-08-2025,UPI,Yes,No,3374,44,3,0,2.6,Completed,1,3,0,1,2,1,2,5
39422,STU139422,Ritika Reddy,Male,24,Bachelor,Student,Hyderabad,Laptop,Low,C103,Introduction to AI,Programming,Intermediate,75,4.5,7,40,42.7,3,0.5,29,5,8.9,8,2,2,79.3,41.4,65.0,3,22-10-2024,Debit Card,Yes,No,5657,12,1,1,4.3,Completed,1,0,2,0,1,2,4,1
39423,STU139423,Krishna Iyer,Male,28,Diploma,Employed,Delhi,Mobile,High,C101,Python Basics,Programming,Beginner,45,4.6,1,43,97.4,2,7.3,4,2,6.0,4,6,3,80.3,68.1,61.5,3,21-03-2024,Free,No,No,0,83,5,0,3.3,Not Completed,1,1,0,1,0,1,4,2
39424,STU139424,Sakshi Nair,Male,17,Bachelor,Student,Pune,Mobile,Medium,C104,Digital Marketing Essentials,Marketing,Beginner,30,4.3,6,43,44.0,2,10.0,11,8,8.6,6,4,4,100.0,72.8,55.0,5,16-05-2024,NetBanking,Yes,No,3728,70,2,0,4.6,Not Completed,1,0,2,1,2,1,2,3
39425,STU139425,Krishna Gupta,Male,22,Master,Student,Mumbai,Tablet,Medium,C103,Introduction to AI,Programming,Intermediate,75,4.5,3,40,70.9,2,0.5,0,3,5.5,5,5,2,77.1,69.2,58.3,4,21-05-2024,Free,No,Yes,0,71,0,0,3.7,Completed,1,3,2,2,2,2,4,2
39426,STU139426,Vivaan Sharma,Female,17,Bachelor,Student,Indore,Laptop,Low,C104,Digital Marketing Essentials,Marketing,Beginner,30,4.3,6,34,54.6,1,9.0,1,6,6.2,4,6,5,65.0,82.4,47.2,7,11-07-2025,Credit Card,Yes,No,3514,57,3,1,4.0,Not Completed,0,0,2,0,1,1,2,0
39427,STU139427,Meera Kumar,Female,32,HighSchool,Student,Vadodara,Mobile,Low,C105,UI/UX Design Fundamentals,Design,Beginner,40,4.4,2,42,91.3,1,0.7,3,8,6.8,5,5,1,48.3,70.1,65.5,1,22-07-2024,Free,No,Yes,0,90,3,1,3.3,Completed,0,2,2,1,1,1,1,2
39428,STU139428,Pooja Singh,Male,27,Bachelor,Employed,Kolkata,Laptop,High,C103,Introduction to AI,Programming,Intermediate,75,4.5,4,24,37.3,1,5.0,1,3,5.2,4,6,2,68.3,59.8,40.0,3,02-10-2025,Credit Card,Yes,No,6065,43,4,1,4.2,Completed,1,0,0,0,0,2,4,0
39429,STU139429,Sai Bhardwaj,Female,20,Bachelor,Employed,Pune,Mobile,Medium,C105,UI/UX Design Fundamentals,Design,Beginner,40,4.4,2,49,96.0,2,1.0,16,3,2.6,5,5,0,75.1,64.2,66.8,5,02-08-2024,UPI,Yes,No,3902,71,3,1,4.3,Completed,0,0,0,1,2,1,1,5
39430,STU139430,Aarav Mehta,Female,29,Bachelor,Self-Employed,Delhi,Laptop,High,C107,Statistics for Data Science,Math,Intermediate,50,4.2,6,40,82.5,4,5.3,0,3,6.7,7,3,4,78.7,72.3,74.5,3,09-04-2024,Free,No,No,0,82,3,0,5.0,Completed,0,0,1,0,0,2,3,2
39431,STU139431,Rahul Singh,Male,25,Master,Student,Lucknow,Laptop,Medium,C104,Digital Marketing Essentials,Marketing,Beginner,30,4.3,8,14,45.6,5,5.0,15,4,3.4,8,2,1,71.2,78.3,67.9,1,27-12-2024,UPI,Yes,No,3669,87,2,1,4.0,Not Completed,1,3,2,0,2,1,2,5
39432,STU139432,Aarav Patel,Male,17,Bachelor,Employed,Surat,Laptop,High,C103,Introduction to AI,Programming,Intermediate,75,4.5,4,35,65.9,1,3.0,6,6,6.5,6,4,5,80.5,77.3,62.9,1,08-03-2024,NetBanking,Yes,No,5838,91,3,3,2.7,Completed,1,0,0,0,0,2,4,3
39433,STU139433,Nikhil Reddy,Female,20,Diploma,Employed,Bhopal,Mobile,Medium,C103,Introduction to AI,Programming,Intermediate,75,4.5,6,38,69.6,3,2.8,1,5,3.9,8,2,6,100.0,69.2,75.8,7,17-11-2024,Credit Card,Yes,No,5902,64,3,1,4.8,Completed,0,1,0,1,2,2,4,0
39434,STU139434,Kavya Patel,Male,27,HighSchool,Employed,Jaipur,Laptop,Medium,C106,Machine Learning A-Z,Programming,Advanced,90,4.6,6,30,65.5,3,0.5,3,2,5.0,5,5,3,66.3,39.3,54.9,4,05-12-2024,UPI,Yes,Yes,5185,56,4,1,4.4,Not Completed,1,2,0,0,2,0,4,5
39435,STU139435,Kavya Gupta,Male,27,Master,Student,Jaipur,Mobile,High,C102,Data Analysis with Python,Programming,Intermediate,60,4.7,4,48,85.6,2,0.9,8,10,5.2,6,4,4,95.9,59.4,68.9,1,21-05-2025,Free,No,No,0,96,2,1,4.7,Not Completed,1,3,2,1,0,2,4,2
39436,STU139436,Vivaan Kumar,Female,29,Bachelor,Employed,Jaipur,Laptop,High,C102,Data Analysis with Python,Programming,Intermediate,60,4.7,3,34,68.4,3,3.0,13,8,4.2,5,5,5,72.8,50.6,56.5,3,17-12-2024,Free,No,No,0,100,6,0,2.5,Completed,0,0,0,0,0,2,4,2
39437,STU139437,Rahul Kumar,Male,26,Master,Employed,Jaipur,Laptop,High,C107,Statistics for Data Science,Math,Intermediate,50,4.2,4,26,57.9,3,0.5,2,2,5.2,5,5,4,59.1,55.9,53.1,2,16-04-2024,Free,No,No,0,100,3,2,4.3,Not Completed,1,3,0,0,0,2,3,2
39438,STU139438,Rahul Bhardwaj,Male,24,Bachelor,Student,Mumbai,Mobile,Medium,C106,Machine Learning A-Z,Programming,Advanced,90,4.6,2,14,69.9,4,0.5,6,4,7.3,3,7,4,70.4,89.3,46.9,0,16-10-2024,Credit Card,Yes,No,6979,75,1,3,3.6,Not Completed,1,0,2,1,2,0,4,0
39439,STU139439,Krishna Desai,Female,30,Bachelor,Employed,Surat,Mobile,Medium,C107,Statistics for Data Science,Math,Intermediate,50,4.2,7,30,89.2,2,0.5,0,7,5.3,1,9,4,59.2,61.7,40.3,1,28-03-2025,UPI,Yes,Yes,3677,100,5,0,4.4,Not Completed,0,0,0,1,2,2,3,5
39440,STU139440,Aarav Reddy,Male,29,Bachelor,Employed,Jaipur,Mobile,Medium,C101,Python Basics,Programming,Beginner,45,4.6,7,30,59.4,3,18.6,0,6,7.9,4,6,3,72.4,100.0,49.8,2,13-02-2024,Scholarship,No,Yes,971,51,4,0,3.4,Completed,1,0,0,1,2,1,4,4
39441,STU139441,Krishna Sharma,Male,23,Master,Employed,Ahmedabad,Mobile,Low,C102,Data Analysis with Python,Programming,Intermediate,60,4.7,4,24,73.3,1,0.5,3,4,3.8,5,5,3,69.6,53.1,58.3,1,09-06-2024,Credit Card,Yes,Yes,4281,52,0,1,4.0,Not Completed,1,3,0,1,1,2,4,0
39442,STU139442,Aditya Kumar,Male,17,Master,Employed,Jaipur,Mobile,Medium,C101,Python Basics,Programming,Beginner,45,4.6,6,45,42.5,1,5.0,0,8,7.7,3,7,5,100.0,77.0,36.7,3,12-04-2024,Free,No,No,0,80,3,2,4.0,Not Completed,1,3,0,1,2,1,4,2
39443,STU139443,Neha Bose,Female,33,Bachelor,Employed,Kolkata,Mobile,Medium,C104,Digital Marketing Essentials,Marketing,Beginner,30,4.3,4,49,39.3,4,9.1,12,14,10.0,3,7,5,75.4,44.6,34.0,1,21-08-2025,Free,No,No,0,33,2,0,3.7,Not Completed,0,0,0,1,2,1,2,2
39444,STU139444,Kavya Joshi,Female,27,Bachelor,Employed,Nagpur,Tablet,Medium,C102,Data Analysis with Python,Programming,Intermediate,60,4.7,5,27,59.6,1,3.3,9,8,7.6,6,4,6,65.2,46.9,59.2,3,17-07-2024,Free,No,No,0,57,3,2,4.4,Not Completed,0,0,0,2,2,2,4,2
39445,STU139445,Priya Bose,Female,20,Bachelor,Student,Kolkata,Mobile,Low,C105,UI/UX Design Fundamentals,Design,Beginner,40,4.4,2,22,30.1,1,4.5,3,4,6.7,2,8,4,83.5,65.0,25.8,0,08-09-2024,UPI,Yes,Yes,3218,78,0,0,4.0,Completed,0,0,2,1,1,1,1,5
39446,STU139446,Pooja Joshi,Female,19,Master,Student,Surat,Laptop,Medium,C104,Digital Marketing Essentials,Marketing,Beginner,30,4.3,5,53,84.5,3,0.5,0,4,5.3,7,3,1,48.2,57.8,74.5,4,22-09-2024,UPI,Yes,No,3415,78,1,0,2.8,Not Completed,0,3,2,0,2,1,2,5
39447,STU139447,Aarav Mehta,Female,26,Bachelor,Employed,Hyderabad,Mobile,Medium,C108,Excel for Business,Business,Beginner,25,4.1,3,38,80.9,1,3.9,9,5,4.7,5,5,2,84.7,79.7,62.3,2,10-12-2023,NetBanking,Yes,No,3064,84,3,1,3.5,Completed,0,0,0,1,2,1,0,3
39448,STU139448,Vivaan Sharma,Female,17,Bachelor,Employed,Bhopal,Mobile,High,C102,Data Analysis with Python,Programming,Intermediate,60,4.7,3,10,64.6,1,0.5,3,6,8.6,5,5,2,72.9,40.6,54.6,3,07-09-2024,Credit Card,Yes,Yes,3867,71,3,0,3.4,Completed,0,0,0,1,0,2,4,0
39449,STU139449,Sneha Reddy,Male,29,Bachelor,Employed,Nagpur,Mobile,High,C106,Machine Learning A-Z,Programming,Advanced,90,4.6,3,37,53.9,1,0.5,3,8,2.9,5,5,2,83.7,70.9,52.4,1,13-05-2025,Scholarship,No,Yes,1640,98,5,0,4.2,Completed,1,0,0,1,0,0,4,4
39450,STU139450,Rohan Reddy,Male,29,Master,Employed,Vadodara,Mobile,Low,C103,Introduction to AI,Programming,Intermediate,75,4.5,3,31,59.4,2,1.9,12,7,6.9,3,7,6,53.8,50.0,41.3,1,01-06-2024,Debit Card,Yes,No,5574,67,1,2,5.0,Completed,1,3,0,1,1,2,4,1
39451,STU139451,Vihaan Bose,Female,17,Bachelor,Student,Nagpur,Mobile,Medium,C106,Machine Learning A-Z,Programming,Advanced,90,4.6,4,39,79.1,2,2.9,1,4,4.9,5,5,6,96.7,61.8,60.8,6,21-01-2025,Free,No,No,0,52,3,2,4.1,Not Completed,0,0,2,1,2,0,4,2
39452,STU139452,Vihaan Nair,Male,30,Master,Unemployed,Hyderabad,Laptop,Medium,C107,Statistics for Data Science,Math,Intermediate,50,4.2,4,33,65.6,2,4.9,4,9,8.7,6,4,7,73.6,76.2,62.8,3,24-12-2023,UPI,Yes,Yes,3765,48,4,1,4.1,Completed,1,3,3,0,2,2,3,5
39453,STU139453,Sai Joshi,Male,18,Bachelor,Employed,Bengaluru,Laptop,Medium,C101,Python Basics,Programming,Beginner,45,4.6,5,30,78.6,3,10.3,3,7,5.0,6,4,10,80.2,100.0,68.5,5,26-03-2025,NetBanking,Yes,Yes,3362,43,1,1,4.7,Not Completed,1,0,0,0,2,1,4,3
39454,STU139454,Kavya Joshi,Male,30,Bachelor,Student,Lucknow,Mobile,Medium,C101,Python Basics,Programming,Beginner,45,4.6,4,39,45.9,3,0.5,3,3,6.3,3,6,4,77.7,70.6,37.6,0,06-08-2025,NetBanking,Yes,No,4313,88,2,0,3.0,Not Completed,1,0,2,1,2,1,4,3
39455,STU139455,Sai Reddy,Female,29,Bachelor,Student,Bengaluru,Mobile,High,C103,Introduction to AI,Programming,Intermediate,75,4.5,5,35,40.7,2,3.0,19,1,6.7,7,3,1,85.6,89.0,60.7,2,25-11-2024,Scholarship,No,No,913,49,3,2,4.2,Completed,0,0,2,1,0,2,4,4
39456,STU139456,Aditya Desai,Female,25,Bachelor,Student,Jaipur,Mobile,Medium,C108,Excel for Business,Business,Beginner,25,4.1,6,41,54.2,3,4.1,9,1,6.4,3,7,2,66.9,67.6,40.4,5,23-03-2024,Debit Card,Yes,No,2989,36,1,1,3.2,Not Completed,0,0,2,1,2,1,0,1
39457,STU139457,Sai Gupta,Male,19,Bachelor,Student,Vadodara,Mobile,Medium,C102,Data Analysis with Python,Programming,Intermediate,60,4.7,3,35,47.4,1,0.5,2,6,4.7,6,3,3,58.5,57.4,55.5,1,12-12-2023,NetBanking,Yes,No,4755,40,4,1,3.2,Not Completed,1,0,2,1,2,2,4,3
39458,STU139458,Ritika Reddy,Female,33,Bachelor,Employed,Bengaluru,Mobile,Low,C101,Python Basics,Programming,Beginner,45,4.6,1,24,58.1,0,1.4,0,4,5.2,4,6,1,60.3,83.6,48.5,1,21-12-2023,NetBanking,Yes,No,4116,95,0,0,3.1,Not Completed,0,0,0,1,1,1,4,3
39459,STU139459,Aditya Bose,Male,24,Master,Student,Nagpur,Laptop,High,C108,Excel for Business,Business,Beginner,25,4.1,4,38,47.2,2,2.4,4,5,1.3,5,5,3,92.3,58.2,49.4,0,06-05-2024,UPI,Yes,Yes,2991,68,3,0,5.0,Completed,1,3,2,0,0,1,0,5
39460,STU139460,Aditya Joshi,Female,28,Bachelor,Employed,Ahmedabad,Mobile,High,C101,Python Basics,Programming,Beginner,45,4.6,7,46,55.3,3,14.4,0,7,0.7,4,6,5,93.3,64.1,46.6,5,29-11-2023,UPI,Yes,No,4375,43,1,0,3.7,Not Completed,0,0,0,1,0,1,4,5
39461,STU139461,Isha Shah,Female,25,Bachelor,Employed,Hyderabad,Laptop,High,C108,Excel for Business,Business,Beginner,25,4.1,9,41,48.9,6,5.0,10,7,9.1,4,6,5,70.6,83.4,45.3,4,22-05-2024,NetBanking,Yes,No,3541,73,1,2,3.8,Completed,0,0,0,0,0,1,0,3
39462,STU139462,Sai Gupta,Male,24,Bachelor,Employed,Surat,Laptop,High,C108,Excel for Business,Business,Beginner,25,4.1,4,40,52.1,2,1.4,17,5,1.4,3,7,3,86.6,44.4,38.4,2,18-07-2024,Debit Card,Yes,No,3550,63,4,1,4.5,Not Completed,1,0,0,0,0,1,0,1
39463,STU139463,Priya Bose,Male,28,Bachelor,Student,Jaipur,Mobile,High,C104,Digital Marketing Essentials,Marketing,Beginner,30,4.3,9,30,79.7,0,1.4,3,5,6.5,5,5,3,60.9,55.4,60.7,2,18-05-2025,UPI,Yes,No,3515,81,4,1,4.6,Not Completed,1,0,2,1,0,1,2,5
39464,STU139464,Krishna Kumar,Female,26,Bachelor,Employed,Bengaluru,Mobile,Low,C108,Excel for Business,Business,Beginner,25,4.1,5,22,45.7,3,4.6,3,4,5.6,2,8,2,57.6,63.7,31.2,2,14-09-2025,Free,No,No,0,64,1,2,4.4,Not Completed,0,0,0,1,1,1,0,2
39465,STU139465,Rahul Gupta,Female,17,HighSchool,Self-Employed,Bhopal,Mobile,Low,C107,Statistics for Data Science,Math,Intermediate,50,4.2,8,22,64.3,6,7.3,6,7,5.1,3,7,6,83.7,78.5,44.4,0,29-03-2025,NetBanking,Yes,No,4103,100,2,0,4.2,Not Completed,0,2,1,1,1,2,3,3
39466,STU139466,Ananya Verma,Male,21,Diploma,Student,Mumbai,Mobile,Low,C103,Introduction to AI,Programming,Intermediate,75,4.5,4,21,46.5,4,7.6,2,0,4.5,2,7,3,77.4,66.4,31.6,1,03-07-2024,NetBanking,Yes,No,6141,45,2,2,3.3,Not Completed,1,1,2,1,1,2,4,3
39467,STU139467,Kavya Bhardwaj,Female,17,HighSchool,Student,Hyderabad,Mobile,Medium,C102,Data Analysis with Python,Programming,Intermediate,60,4.7,6,32,77.0,2,2.0,0,10,10.0,9,1,5,62.8,80.2,85.0,3,27-02-2025,Credit Card,Yes,No,4783,88,2,0,5.0,Completed,0,2,2,1,2,2,4,0
39468,STU139468,Nikhil Mehta,Male,31,Bachelor,Employed,Hyderabad,Mobile,High,C102,Data Analysis with Python,Programming,Intermediate,60,4.7,6,31,73.0,0,8.3,8,7,2.6,4,6,1,72.2,40.1,51.6,4,29-12-2023,Credit Card,Yes,No,4775,50,3,0,4.9,Completed,1,0,0,1,0,2,4,0
39469,STU139469,Ananya Kumar,Female,23,Bachelor,Student,Vadodara,Laptop,Low,C105,UI/UX Design Fundamentals,Design,Beginner,40,4.4,4,38,38.7,0,0.5,7,5,6.2,2,8,0,60.9,61.1,28.6,3,16-01-2024,Free,No,No,0,61,2,2,3.6,Not Completed,0,0,2,0,1,1,1,2
39470,STU139470,Vivaan Shah,Male,33,Master,Employed,Indore,Mobile,Medium,C103,Introduction to AI,Programming,Intermediate,75,4.5,3,49,40.9,5,0.5,2,9,4.8,4,6,4,64.3,71.2,41.9,1,01-08-2024,Free,No,No,0,85,2,0,5.0,Not Completed,1,3,0,1,2,2,4,2
39471,STU139471,Sai Kumar,Male,17,Bachelor,Employed,Lucknow,Mobile,Medium,C104,Digital Marketing Essentials,Marketing,Beginner,30,4.3,3,36,76.1,1,0.5,3,3,7.1,4,6,3,59.0,45.9,52.9,2,08-01-2024,UPI,Yes,Yes,3163,67,1,2,2.3,Not Completed,1,0,0,1,2,1,2,5
39472,STU139472,Sneha Reddy,Male,30,PhD,Self-Employed,Vadodara,Mobile,Medium,C107,Statistics for Data Science,Math,Intermediate,50,4.2,3,47,75.7,2,2.3,3,3,4.1,5,5,5,78.5,41.6,58.6,1,09-09-2025,Free,No,Yes,0,83,4,0,2.8,Not Completed,1,4,1,1,2,2,3,2
39473,STU139473,Kavya Sharma,Female,24,Bachelor,Student,Indore,Laptop,Medium,C107,Statistics for Data Science,Math,Intermediate,50,4.2,8,51,29.0,0,7.5,12,5,4.1,7,3,7,74.9,62.4,55.3,3,11-02-2024,UPI,Yes,No,4477,79,5,0,5.0,Completed,0,0,2,0,2,2,3,5
39474,STU139474,Ananya Bose,Male,20,Master,Student,Chennai,Mobile,Medium,C103,Introduction to AI,Programming,Intermediate,75,4.5,8,54,76.3,3,14.1,7,6,9.7,6,4,6,59.3,65.9,66.0,3,21-07-2025,UPI,Yes,No,5934,54,9,0,4.1,Completed,1,3,2,1,2,2,4,5
39475,STU139475,Vihaan Verma,Male,19,Master,Student,Indore,Laptop,High,C101,Python Basics,Programming,Beginner,45,4.6,4,46,33.3,2,0.5,7,6,8.6,5,5,1,71.9,58.6,44.6,1,24-03-2025,UPI,Yes,Yes,3490,79,3,0,5.0,Not Completed,1,3,2,0,0,1,4,5
39476,STU139476,Meera Iyer,Male,39,Diploma,Student,Bengaluru,Mobile,High,C107,Statistics for Data Science,Math,Intermediate,50,4.2,5,30,78.0,1,2.0,6,7,5.7,3,7,5,72.3,84.1,49.5,1,17-03-2024,UPI,Yes,No,4220,37,2,1,5.0,Completed,1,1,2,1,0,2,3,5
39477,STU139477,Rahul Mehta,Male,28,Bachelor,Student,Hyderabad,Laptop,High,C102,Data Analysis with Python,Programming,Intermediate,60,4.7,5,45,68.0,1,0.5,18,1,7.5,5,5,9,80.6,87.0,58.1,4,22-09-2025,Debit Card,Yes,Yes,4101,49,3,1,4.5,Not Completed,1,0,2,0,0,2,4,1
39478,STU139478,Ananya Sharma,Female,36,Master,Unemployed,Surat,Laptop,Medium,C104,Digital Marketing Essentials,Marketing,Beginner,30,4.3,6,13,52.7,0,7.7,5,7,7.2,5,5,6,99.4,87.6,52.8,1,15-12-2024,Free,No,Yes,0,76,1,1,4.0,Completed,0,3,3,0,2,1,2,2
39479,STU139479,Vihaan Nair,Female,17,Bachelor,Student,Lucknow,Laptop,High,C107,Statistics for Data Science,Math,Intermediate,50,4.2,6,29,97.6,6,0.5,2,4,5.8,7,3,6,90.5,74.2,79.9,5,27-12-2024,UPI,Yes,No,4879,90,4,0,4.4,Completed,0,0,2,0,0,2,3,5
39480,STU139480,Vihaan Mehta,Female,32,Master,Employed,Lucknow,Mobile,Medium,C103,Introduction to AI,Programming,Intermediate,75,4.5,7,32,82.4,3,7.5,4,5,4.9,6,4,6,84.8,75.2,68.6,3,22-03-2024,UPI,Yes,No,5614,62,2,1,4.4,Completed,0,3,0,1,2,2,4,5
39481,STU139481,Ritika Iyer,Female,19,Master,Student,Bengaluru,Mobile,Medium,C108,Excel for Business,Business,Beginner,25,4.1,7,35,93.5,1,8.9,2,5,8.3,7,3,8,82.6,81.7,78.8,4,06-03-2024,Credit Card,Yes,No,3019,49,5,0,4.5,Completed,0,3,2,1,2,1,0,0
39482,STU139482,Vivaan Shah,Male,20,Bachelor,Student,Kolkata,Mobile,High,C103,Introduction to AI,Programming,Intermediate,75,4.5,6,32,33.4,2,7.0,4,8,8.6,6,4,4,65.7,83.1,51.9,5,12-06-2024,UPI,Yes,No,5500,100,5,0,4.7,Not Completed,1,0,2,1,0,2,4,5
39483,STU139483,Sakshi Mehta,Female,28,Bachelor,Self-Employed,Hyderabad,Mobile,High,C107,Statistics for Data Science,Math,Intermediate,50,4.2,4,35,66.5,2,7.5,22,6,7.1,4,6,4,71.2,78.3,51.2,3,30-06-2024,Scholarship,No,No,748,66,2,1,5.0,Not Completed,0,0,1,1,0,2,3,4
39484,STU139484,Ritika Gupta,Female,22,Bachelor,Employed,Kolkata,Mobile,High,C102,Data Analysis with Python,Programming,Intermediate,60,4.7,4,33,36.0,5,4.0,27,2,4.8,6,4,0,83.0,65.5,51.9,2,28-03-2025,UPI,Yes,No,4914,66,1,1,4.6,Not Completed,0,0,0,1,0,2,4,5
39485,STU139485,Aditya Shah,Female,26,Bachelor,Employed,Chennai,Mobile,Low,C103,Introduction to AI,Programming,Intermediate,75,4.5,6,37,66.4,1,7.5,2,4,4.1,7,3,3,60.8,58.4,68.2,1,02-05-2024,Free,No,No,0,94,2,0,4.9,Completed,0,0,0,1,1,2,4,2
39486,STU139486,Arjun Iyer,Male,17,Bachelor,Student,Lucknow,Mobile,High,C104,Digital Marketing Essentials,Marketing,Beginner,30,4.3,7,47,31.4,4,8.8,0,5,7.2,8,2,7,66.0,53.6,61.7,1,28-07-2025,Credit Card,Yes,No,3689,84,5,1,5.0,Completed,1,0,2,1,0,1,2,0
39487,STU139487,Nikhil Mehta,Female,31,Bachelor,Employed,Surat,Mobile,High,C102,Data Analysis with Python,Programming,Intermediate,60,4.7,2,36,41.8,3,6.7,8,9,4.6,2,8,3,94.8,52.5,29.3,1,19-12-2023,Free,No,No,0,60,3,0,2.9,Completed,0,0,0,1,0,2,4,2
39488,STU139488,Sai Reddy,Female,33,PhD,Employed,Pune,Mobile,High,C106,Machine Learning A-Z,Programming,Advanced,90,4.6,5,31,51.4,1,0.5,2,7,2.2,4,6,3,81.3,60.2,45.0,3,20-12-2024,Debit Card,Yes,Yes,5786,62,3,1,5.0,Completed,0,4,0,1,0,0,4,1
39489,STU139489,Krishna Desai,Female,35,Bachelor,Student,Surat,Tablet,High,C101,Python Basics,Programming,Beginner,45,4.6,2,36,91.6,3,0.5,16,2,7.3,4,6,3,76.4,55.2,58.8,1,11-07-2024,UPI,Yes,No,4504,69,2,2,3.5,Completed,0,0,2,2,0,1,4,5
39490,STU139490,Nikhil Sharma,Male,23,Diploma,Employed,Delhi,Mobile,Medium,C101,Python Basics,Programming,Beginner,45,4.6,4,44,88.0,2,4.3,1,4,5.4,4,6,4,79.2,53.3,57.4,2,25-09-2024,Debit Card,Yes,No,4160,57,0,1,5.0,Not Completed,1,1,0,1,2,1,4,1
39491,STU139491,Aditya Nair,Female,17,Bachelor,Student,Kolkata,Laptop,High,C107,Statistics for Data Science,Math,Intermediate,50,4.2,5,27,57.0,3,5.6,3,3,6.0,5,5,3,62.0,62.8,53.1,1,18-09-2025,Credit Card,Yes,Yes,3722,58,1,1,4.6,Completed,0,0,2,0,0,2,3,0
39492,STU139492,Sakshi Bhardwaj,Male,21,Master,Student,Ahmedabad,Mobile,Medium,C104,Digital Marketing Essentials,Marketing,Beginner,30,4.3,6,34,76.8,2,0.5,14,4,10.0,7,3,4,73.8,87.7,73.3,2,16-02-2025,Credit Card,Yes,No,3442,26,2,2,4.9,Completed,1,3,2,1,2,1,2,0
39493,STU139493,Neha Bhardwaj,Male,32,Bachelor,Student,Pune,Tablet,Medium,C102,Data Analysis with Python,Programming,Intermediate,60,4.7,6,44,43.6,2,0.5,0,4,6.1,6,4,5,78.9,60.6,54.3,5,31-07-2025,Debit Card,Yes,Yes,3860,76,3,2,4.7,Not Completed,1,0,2,2,2,2,4,1
39494,STU139494,Pooja Mehta,Female,28,Bachelor,Student,Mumbai,Laptop,Medium,C103,Introduction to AI,Programming,Intermediate,75,4.5,3,31,50.0,6,5.5,9,9,9.9,5,5,2,73.1,48.8,49.9,3,01-04-2024,Credit Card,Yes,No,5659,99,2,2,4.1,Not Completed,0,0,2,0,2,2,4,0
39495,STU139495,Vivaan Desai,Male,22,Bachelor,Self-Employed,Bengaluru,Mobile,Medium,C106,Machine Learning A-Z,Programming,Advanced,90,4.6,6,25,38.3,1,0.5,11,7,7.7,5,4,2,85.9,68.5,46.8,1,25-12-2023,Scholarship,No,No,883,38,0,1,4.3,Completed,1,0,1,1,2,0,4,4
39496,STU139496,Nikhil Bhardwaj,Male,33,Bachelor,Student,Hyderabad,Laptop,Medium,C101,Python Basics,Programming,Beginner,45,4.6,6,22,85.7,1,5.0,3,7,4.7,2,7,5,62.5,83.4,46.2,3,27-02-2024,Credit Card,Yes,No,4227,66,1,0,3.8,Completed,1,0,2,0,2,1,4,0
39497,STU139497,Kavya Nair,Female,31,Master,Unemployed,Jaipur,Mobile,High,C101,Python Basics,Programming,Beginner,45,4.6,9,37,38.5,2,5.4,0,5,5.1,5,5,5,79.7,77.0,47.3,2,13-01-2025,UPI,Yes,No,4330,75,3,1,3.7,Completed,0,3,3,1,0,1,4,5
39498,STU139498,Sneha Patel,Male,25,Bachelor,Student,Bhopal,Laptop,Medium,C103,Introduction to AI,Programming,Intermediate,75,4.5,3,29,37.9,3,7.0,2,4,10.0,5,4,3,88.1,77.7,47.1,1,01-11-2024,Debit Card,Yes,No,5805,49,2,0,4.2,Completed,1,0,2,0,2,2,4,1
39499,STU139499,Ananya Sharma,Female,20,Bachelor,Employed,Delhi,Laptop,Low,C102,Data Analysis with Python,Programming,Intermediate,60,4.7,3,23,20.3,1,11.8,0,4,8.2,3,7,1,75.4,61.3,28.2,0,20-02-2024,Debit Card,Yes,No,4539,90,2,0,3.2,Not Completed,0,0,0,0,1,2,4,1
39500,STU139500,Krishna Joshi,Female,23,Bachelor,Employed,Ahmedabad,Laptop,Low,C101,Python Basics,Programming,Beginner,45,4.6,4,51,82.8,2,3.5,1,9,3.7,5,4,5,66.3,86.8,63.3,4,06-02-2025,Debit Card,Yes,No,4199,89,4,0,4.3,Completed,0,0,0,0,1,1,4,1
39501,STU139501,Isha Kumar,Male,22,Bachelor,Student,Hyderabad,Mobile,High,C101,Python Basics,Programming,Beginner,45,4.6,3,28,41.2,5,4.3,3,4,7.0,4,6,3,74.1,76.2,42.2,3,05-02-2024,UPI,Yes,No,3990,61,3,1,4.4,Not Completed,1,0,2,1,0,1,4,5
39502,STU139502,Ananya Sharma,Male,29,Bachelor,Student,Lucknow,Mobile,Medium,C102,Data Analysis with Python,Programming,Intermediate,60,4.7,7,36,44.8,3,1.8,0,7,8.6,5,4,2,71.8,69.4,49.2,3,09-07-2025,Credit Card,Yes,No,5377,55,2,1,3.9,Completed,1,0,2,1,2,2,4,0
39503,STU139503,Rohan Shah,Male,33,HighSchool,Student,Bengaluru,Laptop,Medium,C106,Machine Learning A-Z,Programming,Advanced,90,4.6,2,17,46.4,1,4.8,9,2,6.2,3,7,3,97.1,52.0,36.8,0,01-10-2024,Credit Card,Yes,Yes,5741,95,0,2,3.5,Completed,1,2,2,0,2,0,4,0
39504,STU139504,Ritika Reddy,Male,29,PhD,Employed,Bengaluru,Mobile,High,C103,Introduction to AI,Programming,Intermediate,75,4.5,4,30,45.5,3,0.5,1,3,1.9,6,4,3,69.2,97.0,56.8,2,22-10-2024,UPI,Yes,No,5724,35,2,1,3.9,Completed,1,4,0,1,0,2,4,5
39505,STU139505,Sneha Mehta,Female,19,Bachelor,Student,Jaipur,Laptop,Medium,C102,Data Analysis with Python,Programming,Intermediate,60,4.7,7,46,95.3,4,5.5,6,9,8.3,5,5,5,68.1,52.8,66.0,5,17-10-2023,UPI,Yes,No,4635,45,1,2,3.2,Completed,0,0,2,0,2,2,4,5
39506,STU139506,Neha Verma,Female,30,Bachelor,Employed,Ahmedabad,Mobile,Medium,C105,UI/UX Design Fundamentals,Design,Beginner,40,4.4,5,43,82.0,0,0.5,16,2,7.4,7,3,2,76.6,75.9,74.5,4,07-06-2025,Scholarship,No,Yes,1743,33,3,0,5.0,Not Completed,0,0,0,1,2,1,1,4
39507,STU139507,Nikhil Joshi,Male,19,Bachelor,Student,Bengaluru,Mobile,High,C101,Python Basics,Programming,Beginner,45,4.6,5,57,76.8,3,3.2,7,5,5.0,5,5,1,73.5,69.3,60.4,1,13-06-2024,Scholarship,No,No,823,60,3,3,4.8,Not Completed,1,0,2,1,0,1,4,4
39508,STU139508,Ritika Sharma,Male,33,Bachelor,Employed,Kolkata,Mobile,Low,C108,Excel for Business,Business,Beginner,25,4.1,4,12,90.7,1,6.0,2,2,5.3,4,6,0,75.7,48.2,58.1,2,27-03-2025,Free,No,No,0,66,2,0,5.0,Completed,1,0,0,1,1,1,0,2
39509,STU139509,Aarav Iyer,Male,30,Bachelor,Student,Hyderabad,Mobile,Medium,C105,UI/UX Design Fundamentals,Design,Beginner,40,4.4,3,44,79.9,5,4.5,3,2,6.2,5,5,4,67.1,88.6,62.4,1,22-07-2025,UPI,Yes,No,3842,59,4,0,5.0,Not Completed,1,0,2,1,2,1,1,5
39510,STU139510,Aarav Bose,Female,17,Bachelor,Student,Nagpur,Laptop,High,C101,Python Basics,Programming,Beginner,45,4.6,8,34,62.8,6,6.0,6,8,6.8,5,5,5,71.4,84.3,56.2,3,25-04-2025,Credit Card,Yes,No,4042,89,1,3,3.8,Not Completed,0,0,2,0,0,1,4,0
39511,STU139511,Arjun Reddy,Female,28,Master,Student,Surat,Mobile,High,C106,Machine Learning A-Z,Programming,Advanced,90,4.6,4,33,80.7,4,0.5,30,6,5.9,3,7,4,76.9,57.4,49.1,3,26-09-2024,Credit Card,Yes,No,6837,63,0,1,4.2,Completed,0,3,2,1,0,0,4,0
39512,STU139512,Neha Bhardwaj,Female,18,Diploma,Student,Jaipur,Mobile,High,C101,Python Basics,Programming,Beginner,45,4.6,7,31,57.4,2,0.5,19,13,6.6,3,7,4,90.4,53.4,40.8,3,07-12-2024,Debit Card,Yes,Yes,3504,67,3,1,4.7,Completed,0,1,2,1,0,1,4,1
39513,STU139513,Ananya Nair,Female,26,HighSchool,Student,Hyderabad,Mobile,Medium,C101,Python Basics,Programming,Beginner,45,4.6,2,20,44.3,5,1.6,0,6,5.2,4,6,2,100.0,68.5,42.9,1,18-04-2024,NetBanking,Yes,No,4435,72,1,1,4.2,Completed,0,2,2,1,2,1,4,3
39514,STU139514,Pooja Nair,Female,27,Bachelor,Self-Employed,Chennai,Mobile,Low,C105,UI/UX Design Fundamentals,Design,Beginner,40,4.4,4,20,10.9,2,0.5,16,6,5.4,2,8,0,64.2,35.6,17.6,2,09-08-2024,Free,No,Yes,0,64,1,1,4.5,Not Completed,0,0,1,1,1,1,1,2
39515,STU139515,Arjun Joshi,Female,31,HighSchool,Student,Delhi,Laptop,High,C101,Python Basics,Programming,Beginner,45,4.6,4,41,21.9,0,9.7,2,7,6.1,6,3,2,54.5,59.4,46.6,0,11-11-2024,NetBanking,Yes,No,3869,54,0,2,3.9,Completed,0,2,2,0,0,1,4,3
39516,STU139516,Vihaan Patel,Male,27,Bachelor,Employed,Lucknow,Laptop,High,C102,Data Analysis with Python,Programming,Intermediate,60,4.7,7,28,58.4,2,8.4,2,4,8.3,3,7,2,52.6,61.9,41.6,2,14-02-2024,Free,No,No,0,70,1,1,4.3,Not Completed,1,0,0,0,0,2,4,2
39517,STU139517,Arjun Joshi,Female,24,HighSchool,Student,Nagpur,Mobile,Low,C101,Python Basics,Programming,Beginner,45,4.6,2,17,38.3,1,7.2,13,3,3.4,4,6,5,83.0,66.5,40.7,1,03-09-2024,UPI,Yes,No,4245,73,6,0,5.0,Not Completed,0,2,2,1,1,1,4,5
39518,STU139518,Priya Patel,Female,25,Master,Self-Employed,Pune,Laptop,Low,C108,Excel for Business,Business,Beginner,25,4.1,4,37,83.4,0,0.5,12,6,6.8,6,4,0,58.5,44.3,67.4,1,21-07-2025,UPI,Yes,No,2964,100,5,2,3.9,Completed,0,3,1,0,1,1,0,5
39519,STU139519,Krishna Desai,Male,32,Bachelor,Employed,Surat,Mobile,Medium,C108,Excel for Business,Business,Beginner,25,4.1,9,36,78.6,3,3.3,0,2,8.3,4,6,4,69.3,84.8,55.7,1,28-01-2025,Free,No,No,0,45,1,0,4.1,Not Completed,1,0,0,1,2,1,0,2
39520,STU139520,Pooja Bhardwaj,Male,25,Bachelor,Employed,Ahmedabad,Mobile,Medium,C102,Data Analysis with Python,Programming,Intermediate,60,4.7,4,39,69.4,3,0.5,4,3,8.4,5,5,4,86.6,79.9,58.3,0,18-11-2023,Credit Card,Yes,No,5453,76,0,1,3.1,Completed,1,0,0,1,2,2,4,0
39521,STU139521,Vivaan Singh,Male,22,Bachelor,Employed,Mumbai,Laptop,High,C102,Data Analysis with Python,Programming,Intermediate,60,4.7,4,29,73.2,1,2.2,9,8,4.1,5,5,4,64.2,83.0,59.8,3,03-11-2024,Free,No,Yes,0,77,5,1,5.0,Completed,1,0,0,0,0,2,4,2
39522,STU139522,Pooja Bose,Male,19,Bachelor,Employed,Mumbai,Laptop,High,C101,Python Basics,Programming,Beginner,45,4.6,5,49,83.5,2,1.4,14,5,2.5,4,6,6,74.1,62.9,56.4,1,30-03-2024,Debit Card,Yes,No,4373,79,2,1,4.4,Not Completed,1,0,0,0,0,1,4,1
39523,STU139523,Rahul Nair,Male,26,Diploma,Employed,Lucknow,Laptop,Medium,C103,Introduction to AI,Programming,Intermediate,75,4.5,4,38,51.7,2,0.5,0,4,3.8,6,4,6,80.8,68.5,57.5,1,09-05-2025,UPI,Yes,No,5617,45,2,3,3.2,Completed,1,1,0,0,2,2,4,5
39524,STU139524,Neha Nair,Female,24,HighSchool,Employed,Ahmedabad,Mobile,High,C104,Digital Marketing Essentials,Marketing,Beginner,30,4.3,6,45,34.8,3,4.1,14,6,5.5,3,7,4,59.5,61.5,33.3,6,01-09-2024,UPI,Yes,No,3175,61,0,0,5.0,Not Completed,0,2,0,1,0,1,2,5
39525,STU139525,Rahul Patel,Female,20,Master,Student,Pune,Mobile,Medium,C106,Machine Learning A-Z,Programming,Advanced,90,4.6,4,33,57.4,2,0.5,7,5,7.9,3,7,3,71.5,70.0,41.6,4,28-04-2025,UPI,Yes,No,6481,66,2,1,3.9,Not Completed,0,3,2,1,2,0,4,5
39526,STU139526,Meera Patel,Male,21,HighSchool,Student,Bhopal,Laptop,Medium,C104,Digital Marketing Essentials,Marketing,Beginner,30,4.3,5,38,87.8,3,3.9,4,5,7.4,6,4,2,81.9,73.5,70.4,1,11-04-2024,Credit Card,Yes,Yes,2928,74,3,1,4.9,Completed,1,2,2,0,2,1,2,0
39527,STU139527,Sakshi Patel,Female,17,HighSchool,Self-Employed,Mumbai,Mobile,High,C107,Statistics for Data Science,Math,Intermediate,50,4.2,6,40,84.6,2,7.3,12,5,3.4,5,5,3,95.8,85.7,63.9,1,10-09-2025,Scholarship,No,No,726,79,3,2,3.9,Completed,0,2,1,1,0,2,3,4
39528,STU139528,Kavya Bhardwaj,Male,27,Bachelor,Student,Surat,Laptop,High,C106,Machine Learning A-Z,Programming,Advanced,90,4.6,5,40,56.8,0,2.8,10,6,6.4,7,3,1,80.5,80.5,65.9,1,01-04-2025,Free,No,Yes,0,62,1,0,4.7,Completed,1,0,2,0,0,0,4,2
39529,STU139529,Krishna Joshi,Female,17,Diploma,Employed,Mumbai,Mobile,Medium,C108,Excel for Business,Business,Beginner,25,4.1,4,27,31.8,0,3.5,8,5,6.7,5,5,2,68.7,65.9,44.4,0,23-01-2024,UPI,Yes,No,3095,57,2,1,4.1,Not Completed,0,1,0,1,2,1,0,5
39530,STU139530,Sakshi Sharma,Male,23,Bachelor,Unemployed,Hyderabad,Mobile,Medium,C108,Excel for Business,Business,Beginner,25,4.1,5,37,37.6,1,8.2,4,3,6.7,6,4,5,71.5,77.0,53.0,1,13-07-2024,UPI,Yes,No,3495,57,2,0,4.4,Completed,1,0,3,1,2,1,0,5
39531,STU139531,Sakshi Desai,Female,26,Bachelor,Employed,Hyderabad,Mobile,Medium,C105,UI/UX Design Fundamentals,Design,Beginner,40,4.4,5,22,68.1,2,0.5,8,2,8.4,2,8,3,72.8,43.3,38.0,1,03-05-2024,UPI,Yes,No,4091,70,3,1,3.8,Not Completed,0,0,0,1,2,1,1,5
39532,STU139532,Vivaan Bhardwaj,Male,34,PhD,Student,Lucknow,Mobile,Medium,C103,Introduction to AI,Programming,Intermediate,75,4.5,8,38,42.7,5,0.5,0,4,5.8,5,5,4,82.8,88.3,49.4,7,24-09-2025,Free,No,Yes,0,85,3,1,4.7,Not Completed,1,4,2,1,2,2,4,2
39533,STU139533,Sakshi Verma,Male,19,PhD,Student,Pune,Laptop,Medium,C102,Data Analysis with Python,Programming,Intermediate,60,4.7,8,44,60.9,3,4.6,1,10,5.5,4,6,7,97.1,64.3,48.5,1,12-07-2025,UPI,Yes,No,5283,61,5,0,3.4,Not Completed,1,4,2,0,2,2,4,5
39534,STU139534,Meera Desai,Male,26,HighSchool,Self-Employed,Indore,Laptop,Medium,C108,Excel for Business,Business,Beginner,25,4.1,4,52,80.3,0,0.5,1,5,9.0,4,6,7,75.7,74.6,55.8,1,25-08-2024,Debit Card,Yes,Yes,2531,47,5,1,4.3,Not Completed,1,2,1,0,2,1,0,1
39535,STU139535,Nikhil Sharma,Male,33,Diploma,Self-Employed,Pune,Mobile,Medium,C103,Introduction to AI,Programming,Intermediate,75,4.5,5,28,94.6,3,1.2,3,7,5.1,3,7,4,67.7,85.3,55.4,1,26-02-2024,Debit Card,Yes,No,5545,76,3,0,4.1,Not Completed,1,1,1,1,2,2,4,1
39536,STU139536,Sakshi Kumar,Female,27,HighSchool,Student,Jaipur,Mobile,Medium,C103,Introduction to AI,Programming,Intermediate,75,4.5,6,22,50.4,5,3.4,0,3,8.2,2,8,2,52.5,60.6,32.7,1,21-08-2025,NetBanking,Yes,No,5486,54,1,1,4.6,Completed,0,2,2,1,2,2,4,3
39537,STU139537,Priya Patel,Male,20,Bachelor,Student,Indore,Mobile,Medium,C108,Excel for Business,Business,Beginner,25,4.1,3,23,36.6,1,2.4,19,5,3.6,4,6,4,80.0,80.1,40.8,0,11-12-2023,Free,No,No,0,67,3,0,5.0,Completed,1,0,2,1,2,1,0,2
39538,STU139538,Aditya Shah,Female,32,Diploma,Employed,Mumbai,Tablet,Medium,C107,Statistics for Data Science,Math,Intermediate,50,4.2,4,37,55.5,6,9.2,3,7,7.1,6,4,4,82.7,85.7,59.7,0,15-02-2025,Free,No,No,0,100,5,1,2.6,Completed,0,1,0,2,2,2,3,2
39539,STU139539,Kavya Singh,Female,22,Bachelor,Self-Employed,Vadodara,Mobile,Medium,C102,Data Analysis with Python,Programming,Intermediate,60,4.7,4,38,40.3,3,0.5,15,3,6.4,4,6,2,75.7,68.7,41.5,2,13-11-2024,Free,No,No,0,77,0,2,5.0,Not Completed,0,0,1,1,2,2,4,2
39540,STU139540,Ananya Bose,Male,26,HighSchool,Unemployed,Bengaluru,Laptop,Low,C108,Excel for Business,Business,Beginner,25,4.1,3,33,61.0,0,2.9,0,2,7.5,2,8,6,74.0,67.1,36.7,1,14-08-2025,Credit Card,Yes,No,2946,61,1,1,5.0,Not Completed,1,2,3,0,1,1,0,0
39541,STU139541,Sneha Iyer,Female,22,Bachelor,Student,Chennai,Laptop,High,C103,Introduction to AI,Programming,Intermediate,75,4.5,5,15,50.7,0,0.5,2,4,5.5,3,7,1,75.0,97.5,40.6,1,12-04-2024,Free,No,No,0,90,3,1,4.1,Not Completed,0,0,2,0,0,2,4,2
39542,STU139542,Ananya Nair,Male,30,Diploma,Employed,Nagpur,Mobile,High,C101,Python Basics,Programming,Beginner,45,4.6,4,26,79.9,1,4.6,12,6,3.5,2,8,2,66.7,45.6,42.2,8,03-12-2024,NetBanking,Yes,No,3878,73,1,1,2.9,Not Completed,1,1,0,1,0,1,4,3
39543,STU139543,Sai Mehta,Female,21,Bachelor,Student,Bengaluru,Mobile,Low,C104,Digital Marketing Essentials,Marketing,Beginner,30,4.3,5,47,90.5,3,0.5,1,5,7.0,5,4,2,65.1,77.7,65.6,2,30-09-2025,Credit Card,Yes,No,3442,95,6,0,3.0,Completed,0,0,2,1,1,1,2,0
39544,STU139544,Vivaan Bhardwaj,Male,32,Master,Student,Kolkata,Mobile,High,C104,Digital Marketing Essentials,Marketing,Beginner,30,4.3,6,41,68.5,2,9.7,3,7,8.5,4,6,5,69.9,54.9,50.7,2,19-01-2025,Debit Card,Yes,No,3657,48,2,0,4.3,Completed,1,3,2,1,0,1,2,1
39545,STU139545,Nikhil Bose,Female,33,Bachelor,Unemployed,Nagpur,Mobile,High,C108,Excel for Business,Business,Beginner,25,4.1,4,31,62.7,2,4.4,4,10,10.0,8,1,8,69.7,70.3,73.5,0,25-05-2024,Free,No,Yes,0,77,4,0,4.6,Not Completed,0,0,3,1,0,1,0,2
39546,STU139546,Rahul Sharma,Female,19,Bachelor,Employed,Jaipur,Laptop,Medium,C108,Excel for Business,Business,Beginner,25,4.1,6,35,57.9,3,9.4,1,1,6.0,6,3,3,98.8,62.2,59.4,1,22-08-2024,Debit Card,Yes,No,3402,79,1,1,2.2,Completed,0,0,0,0,2,1,0,1
39547,STU139547,Rahul Shah,Female,34,HighSchool,Employed,Chennai,Mobile,Low,C101,Python Basics,Programming,Beginner,45,4.6,5,31,69.1,3,0.5,13,0,5.2,7,3,1,45.4,73.5,69.8,3,05-11-2024,Credit Card,Yes,No,3837,28,1,1,4.2,Completed,0,2,0,1,1,1,4,0
39548,STU139548,Pooja Sharma,Male,17,Bachelor,Unemployed,Bengaluru,Mobile,High,C102,Data Analysis with Python,Programming,Intermediate,60,4.7,4,42,69.7,2,11.0,3,5,6.0,3,7,4,66.3,94.3,47.1,5,26-01-2025,Free,No,No,0,40,1,0,3.0,Not Completed,1,0,3,1,0,2,4,2
39549,STU139549,Pooja Joshi,Female,33,Bachelor,Student,Nagpur,Mobile,Medium,C106,Machine Learning A-Z,Programming,Advanced,90,4.6,7,30,49.6,3,10.8,3,5,7.3,4,6,4,84.9,82.5,45.5,1,23-05-2025,UPI,Yes,No,6894,52,5,1,4.8,Completed,0,0,2,1,2,0,4,5
39550,STU139550,Nikhil Nair,Male,27,HighSchool,Employed,Bhopal,Laptop,Low,C104,Digital Marketing Essentials,Marketing,Beginner,30,4.3,7,32,52.6,0,1.5,2,1,7.4,1,9,2,77.0,76.1,28.2,2,30-08-2025,NetBanking,Yes,No,3302,62,1,1,3.6,Not Completed,1,2,0,0,1,1,2,3
39551,STU139551,Sneha Bose,Female,19,Bachelor,Employed,Bengaluru,Laptop,Low,C101,Python Basics,Programming,Beginner,45,4.6,4,37,74.1,2,0.5,10,3,9.7,5,5,3,81.3,51.9,58.5,1,30-10-2023,Debit Card,Yes,No,3828,96,4,0,5.0,Not Completed,0,0,0,0,1,1,4,1
39552,STU139552,Ritika Joshi,Male,26,Master,Employed,Jaipur,Mobile,Medium,C101,Python Basics,Programming,Beginner,45,4.6,5,21,92.5,5,6.5,1,8,2.0,9,1,3,78.5,80.6,90.4,3,11-09-2025,Free,No,No,0,93,1,1,1.9,Completed,1,3,0,1,2,1,4,2
39553,STU139553,Vivaan Bhardwaj,Male,17,Bachelor,Employed,Pune,Mobile,Medium,C104,Digital Marketing Essentials,Marketing,Beginner,30,4.3,7,32,68.7,3,7.3,2,6,6.8,6,4,2,77.1,80.5,64.1,2,28-01-2024,Credit Card,Yes,No,3486,92,4,3,5.0,Completed,1,0,0,1,2,1,2,0
39554,STU139554,Pooja Iyer,Male,18,Bachelor,Employed,Jaipur,Laptop,Medium,C101,Python Basics,Programming,Beginner,45,4.6,8,38,83.9,4,1.8,2,9,5.3,5,5,2,95.7,92.7,64.0,3,06-02-2025,Free,No,No,0,34,3,0,3.9,Not Completed,1,0,0,0,2,1,4,2
39555,STU139555,Neha Joshi,Male,26,Master,Student,Mumbai,Mobile,Medium,C108,Excel for Business,Business,Beginner,25,4.1,3,34,89.4,5,0.5,2,4,8.1,3,7,2,90.6,89.0,53.7,1,05-09-2025,Free,No,Yes,0,30,3,0,3.9,Not Completed,1,3,2,1,2,1,0,2
39556,STU139556,Neha Sharma,Female,28,Bachelor,Employed,Chennai,Laptop,Medium,C108,Excel for Business,Business,Beginner,25,4.1,6,41,56.3,3,0.5,1,7,8.6,3,7,4,57.3,56.2,40.5,4,09-06-2024,Free,No,No,0,68,0,3,4.0,Not Completed,0,0,0,0,2,1,0,2
39557,STU139557,Aditya Singh,Male,23,Master,Student,Bengaluru,Mobile,Medium,C105,UI/UX Design Fundamentals,Design,Beginner,40,4.4,3,29,80.3,2,0.5,1,4,6.7,2,8,2,65.6,70.5,43.6,3,20-01-2024,UPI,Yes,Yes,3601,92,5,1,3.9,Completed,1,3,2,1,2,1,1,5
39558,STU139558,Aditya Singh,Female,24,Master,Self-Employed,Indore,Laptop,High,C106,Machine Learning A-Z,Programming,Advanced,90,4.6,7,30,78.8,1,2.5,0,2,7.6,3,7,6,74.1,65.3,48.8,2,14-09-2024,UPI,Yes,No,6289,72,0,0,5.0,Not Completed,0,3,1,0,0,0,4,5
39559,STU139559,Nikhil Patel,Female,30,Diploma,Employed,Nagpur,Laptop,Medium,C106,Machine Learning A-Z,Programming,Advanced,90,4.6,2,21,96.1,2,0.5,0,1,8.1,3,7,2,42.3,58.2,54.5,0,26-01-2025,UPI,Yes,No,6300,58,1,0,3.7,Completed,0,1,0,0,2,0,4,5
39560,STU139560,Aarav Iyer,Male,36,Bachelor,Student,Delhi,Laptop,High,C104,Digital Marketing Essentials,Marketing,Beginner,30,4.3,1,38,55.2,2,3.1,8,7,6.3,3,7,5,70.5,100.0,42.3,2,07-12-2024,UPI,Yes,No,3682,51,2,0,4.8,Not Completed,1,0,2,0,0,1,2,5
39561,STU139561,Vivaan Gupta,Female,30,Bachelor,Employed,Pune,Mobile,High,C101,Python Basics,Programming,Beginner,45,4.6,6,43,66.1,0,1.9,1,6,6.5,6,4,4,88.1,60.0,62.1,1,22-06-2024,Free,No,No,0,71,2,0,4.1,Completed,0,0,0,1,0,1,4,2
39562,STU139562,Rahul Mehta,Male,29,Diploma,Employed,Surat,Mobile,High,C107,Statistics for Data Science,Math,Intermediate,50,4.2,4,54,29.5,2,1.9,12,7,6.0,5,5,4,47.5,59.5,43.3,2,19-04-2024,Free,No,No,0,67,2,1,4.2,Not Completed,1,1,0,1,0,2,3,2
39563,STU139563,Neha Shah,Male,23,Master,Student,Jaipur,Mobile,Medium,C104,Digital Marketing Essentials,Marketing,Beginner,30,4.3,5,15,75.4,2,1.2,2,5,4.8,2,8,2,55.7,55.9,41.2,0,05-05-2024,Free,No,No,0,63,3,0,4.8,Not Completed,1,3,2,1,2,1,2,2
39564,STU139564,Arjun Mehta,Male,17,Bachelor,Unemployed,Bhopal,Laptop,Medium,C101,Python Basics,Programming,Beginner,45,4.6,5,38,76.7,6,0.5,17,7,8.3,7,3,4,99.7,69.0,72.3,9,21-03-2024,Credit Card,Yes,No,4037,98,3,1,3.7,Completed,1,0,3,0,2,1,4,0
39565,STU139565,Kavya Verma,Male,24,Bachelor,Unemployed,Chennai,Mobile,High,C106,Machine Learning A-Z,Programming,Advanced,90,4.6,3,37,58.8,4,5.9,0,4,6.0,3,7,4,80.4,59.6,41.6,1,03-04-2025,Debit Card,Yes,No,6325,55,2,3,4.9,Completed,1,0,3,1,0,0,4,1
39566,STU139566,Vihaan Joshi,Female,30,Master,Student,Jaipur,Mobile,High,C107,Statistics for Data Science,Math,Intermediate,50,4.2,7,33,52.8,2,5.5,0,4,8.1,5,5,6,76.0,37.8,50.4,5,10-07-2025,Scholarship,No,No,841,53,1,1,5.0,Completed,0,3,2,1,0,2,3,4
39567,STU139567,Sneha Mehta,Female,35,Master,Employed,Kolkata,Mobile,Medium,C101,Python Basics,Programming,Beginner,45,4.6,3,47,87.9,1,0.5,3,9,7.2,3,7,4,75.6,86.3,53.1,5,30-08-2025,UPI,Yes,No,4578,86,4,0,5.0,Completed,0,3,0,1,2,1,4,5
39568,STU139568,Neha Gupta,Female,34,Bachelor,Student,Bengaluru,Mobile,Medium,C105,UI/UX Design Fundamentals,Design,Beginner,40,4.4,5,19,43.6,2,0.5,2,1,7.6,2,8,4,76.9,78.6,31.2,3,04-06-2024,Debit Card,Yes,No,4257,38,1,1,3.9,Not Completed,0,0,2,1,2,1,1,1
39569,STU139569,Neha Mehta,Female,25,Bachelor,Student,Delhi,Mobile,Medium,C105,UI/UX Design Fundamentals,Design,Beginner,40,4.4,4,23,31.1,3,2.1,16,9,7.9,7,3,3,72.5,63.2,56.0,3,30-10-2023,Free,No,No,0,36,3,1,4.9,Not Completed,0,0,2,1,2,1,1,2
39570,STU139570,Aditya Bhardwaj,Female,23,Diploma,Student,Vadodara,Mobile,Medium,C104,Digital Marketing Essentials,Marketing,Beginner,30,4.3,2,42,32.3,3,0.5,2,7,1.2,7,3,6,74.8,88.8,57.7,1,07-12-2024,UPI,Yes,No,3677,16,4,1,3.6,Not Completed,0,1,2,1,2,1,2,5
39571,STU139571,Rohan Patel,Male,17,Bachelor,Student,Bhopal,Mobile,High,C108,Excel for Business,Business,Beginner,25,4.1,5,40,59.3,3,7.4,1,6,4.3,3,7,9,84.4,76.8,42.6,1,27-02-2024,UPI,Yes,No,3347,97,4,1,5.0,Not Completed,1,0,2,1,0,1,0,5
39572,STU139572,Ritika Gupta,Female,31,Master,Employed,Vadodara,Mobile,Medium,C101,Python Basics,Programming,Beginner,45,4.6,6,30,79.7,3,0.5,2,12,4.5,3,7,4,72.1,58.0,48.8,2,27-09-2024,Free,No,Yes,0,76,3,1,3.8,Not Completed,0,3,0,1,2,1,4,2
39573,STU139573,Rahul Singh,Female,17,Master,Employed,Nagpur,Mobile,Medium,C106,Machine Learning A-Z,Programming,Advanced,90,4.6,3,17,75.1,2,0.5,5,4,7.2,3,7,6,50.1,56.9,47.1,1,31-12-2024,Scholarship,No,No,2439,55,1,0,4.8,Not Completed,0,3,0,1,2,0,4,4
39574,STU139574,Pooja Reddy,Male,23,Bachelor,Self-Employed,Chennai,Mobile,High,C104,Digital Marketing Essentials,Marketing,Beginner,30,4.3,8,23,64.5,1,0.5,3,4,5.7,4,6,4,75.2,81.4,50.6,1,02-11-2023,Scholarship,No,No,753,47,1,5,4.1,Not Completed,1,0,1,1,0,1,2,4
39575,STU139575,Sakshi Kumar,Male,35,Diploma,Student,Lucknow,Mobile,High,C107,Statistics for Data Science,Math,Intermediate,50,4.2,9,37,68.5,3,12.8,1,8,10.0,6,4,7,90.4,54.5,62.7,3,12-08-2025,Scholarship,No,No,1735,58,3,2,3.6,Completed,1,1,2,1,0,2,3,4
39576,STU139576,Kavya Iyer,Female,29,Bachelor,Employed,Kolkata,Laptop,Medium,C104,Digital Marketing Essentials,Marketing,Beginner,30,4.3,6,25,75.1,0,1.7,15,4,8.5,4,6,2,99.4,100.0,55.3,0,16-02-2024,UPI,Yes,No,3522,12,2,1,3.2,Completed,0,0,0,0,2,1,2,5
39577,STU139577,Sneha Patel,Female,19,Bachelor,Student,Surat,Mobile,Medium,C105,UI/UX Design Fundamentals,Design,Beginner,40,4.4,4,32,15.8,4,0.5,1,9,9.7,3,7,0,76.9,70.2,27.1,0,28-07-2024,UPI,Yes,No,3712,50,2,0,4.0,Not Completed,0,0,2,1,2,1,1,5
39578,STU139578,Ritika Joshi,Female,18,Bachelor,Student,Hyderabad,Mobile,High,C108,Excel for Business,Business,Beginner,25,4.1,3,9,86.4,3,5.1,0,6,8.0,4,6,4,77.1,88.6,58.7,0,10-04-2024,Debit Card,Yes,No,2981,89,7,1,5.0,Completed,0,0,2,1,0,1,0,1
39579,STU139579,Krishna Mehta,Male,17,Diploma,Unemployed,Delhi,Mobile,Medium,C103,Introduction to AI,Programming,Intermediate,75,4.5,6,29,76.9,5,0.5,5,5,7.0,3,7,4,97.0,44.6,47.1,3,08-08-2024,Credit Card,Yes,No,5296,77,1,0,3.4,Completed,1,1,3,1,2,2,4,0
39580,STU139580,Vivaan Bhardwaj,Female,33,Diploma,Student,Kolkata,Mobile,High,C105,UI/UX Design Fundamentals,Design,Beginner,40,4.4,5,48,97.5,6,2.0,2,4,6.4,6,4,4,93.0,71.1,73.7,1,21-04-2024,Scholarship,No,No,1038,60,4,1,4.8,Not Completed,0,1,2,1,0,1,1,4
39581,STU139581,Rahul Nair,Male,29,Master,Student,Pune,Laptop,Medium,C108,Excel for Business,Business,Beginner,25,4.1,4,44,67.1,1,1.6,1,6,6.3,9,1,6,83.2,88.1,81.9,5,11-07-2025,UPI,Yes,No,3465,40,2,1,4.0,Not Completed,1,3,2,0,2,1,0,5
39582,STU139582,Rohan Iyer,Male,19,Diploma,Student,Indore,Mobile,High,C104,Digital Marketing Essentials,Marketing,Beginner,30,4.3,3,44,75.8,0,0.5,1,6,9.7,4,6,6,73.4,41.0,52.6,3,01-06-2024,UPI,Yes,No,3567,71,5,0,4.9,Not Completed,1,1,2,1,0,1,2,5
39583,STU139583,Rohan Kumar,Female,19,HighSchool,Employed,Nagpur,Mobile,High,C103,Introduction to AI,Programming,Intermediate,75,4.5,5,29,83.4,3,0.5,2,4,5.3,6,4,7,92.7,51.3,67.7,4,02-09-2024,Credit Card,Yes,No,5869,73,3,1,5.0,Completed,0,2,0,1,0,2,4,0
39584,STU139584,Isha Reddy,Male,37,Diploma,Employed,Vadodara,Mobile,Medium,C104,Digital Marketing Essentials,Marketing,Beginner,30,4.3,4,16,89.5,2,0.5,5,4,5.3,4,6,6,56.1,63.9,58.5,2,13-03-2024,NetBanking,Yes,No,3273,63,1,0,4.1,Not Completed,1,1,0,1,2,1,2,3
39585,STU139585,Nikhil Desai,Male,36,HighSchool,Student,Hyderabad,Mobile,Medium,C108,Excel for Business,Business,Beginner,25,4.1,3,22,76.6,1,9.2,1,7,7.5,5,5,1,38.8,79.0,60.8,1,19-04-2024,UPI,Yes,No,2978,78,4,0,5.0,Not Completed,1,2,2,1,2,1,0,5
39586,STU139586,Sai Singh,Male,33,Diploma,Student,Pune,Laptop,Medium,C104,Digital Marketing Essentials,Marketing,Beginner,30,4.3,4,33,80.1,4,3.5,19,1,2.5,6,4,2,66.5,69.5,67.5,4,01-03-2025,Scholarship,No,No,1112,85,2,1,3.6,Not Completed,1,1,2,0,2,1,2,4
39587,STU139587,Aditya Bose,Female,34,Bachelor,Employed,Lucknow,Mobile,High,C101,Python Basics,Programming,Beginner,45,4.6,4,20,30.2,4,2.3,3,1,7.6,4,6,4,58.0,57.3,37.4,1,24-04-2024,Credit Card,Yes,No,4507,75,0,1,3.0,Not Completed,0,0,0,1,0,1,4,0
39588,STU139588,Rahul Reddy,Female,27,Bachelor,Student,Jaipur,Mobile,Medium,C102,Data Analysis with Python,Programming,Intermediate,60,4.7,5,51,62.2,1,8.4,4,8,3.1,4,6,4,54.2,87.1,50.1,3,29-09-2024,NetBanking,Yes,No,5068,61,1,0,4.4,Completed,0,0,2,1,2,2,4,3
39589,STU139589,Aarav Mehta,Male,37,Bachelor,Student,Kolkata,Mobile,Medium,C107,Statistics for Data Science,Math,Intermediate,50,4.2,6,16,58.6,2,0.5,7,5,8.5,4,6,5,86.4,97.0,49.4,3,01-04-2024,Scholarship,No,No,1320,57,0,2,4.2,Not Completed,1,0,2,1,2,2,3,4
39590,STU139590,Aarav Desai,Male,17,Master,Student,Kolkata,Laptop,Low,C104,Digital Marketing Essentials,Marketing,Beginner,30,4.3,2,23,79.9,2,0.5,2,4,5.0,3,7,4,79.9,72.2,49.6,4,17-04-2025,UPI,Yes,No,3743,55,1,0,4.3,Not Completed,1,3,2,0,1,1,2,5
39591,STU139591,Krishna Desai,Male,19,Bachelor,Employed,Bhopal,Mobile,High,C105,UI/UX Design Fundamentals,Design,Beginner,40,4.4,3,39,68.3,2,0.5,12,8,6.7,2,8,3,59.6,38.3,37.8,3,26-12-2024,Debit Card,Yes,No,4378,94,4,1,5.0,Not Completed,1,0,0,1,0,1,1,1
39592,STU139592,Meera Reddy,Male,19,HighSchool,Employed,Hyderabad,Mobile,High,C105,UI/UX Design Fundamentals,Design,Beginner,40,4.4,8,48,58.0,3,4.4,3,9,8.2,5,4,3,84.3,77.8,54.2,0,07-04-2025,UPI,Yes,No,4079,60,2,1,5.0,Completed,1,2,0,1,0,1,1,5
39593,STU139593,Neha Verma,Male,17,Bachelor,Employed,Hyderabad,Laptop,Medium,C108,Excel for Business,Business,Beginner,25,4.1,3,28,14.1,0,0.5,10,1,5.4,1,9,4,61.1,72.6,14.6,3,26-10-2023,Scholarship,No,No,637,78,1,1,2.5,Not Completed,1,0,0,0,2,1,0,4
39594,STU139594,Nikhil Kumar,Male,27,Bachelor,Student,Ahmedabad,Laptop,Medium,C101,Python Basics,Programming,Beginner,45,4.6,5,31,68.4,0,0.5,4,9,6.7,5,5,5,93.5,97.2,58.8,5,15-07-2024,UPI,Yes,No,3940,100,5,0,4.5,Not Completed,1,0,2,0,2,1,4,5
39595,STU139595,Nikhil Desai,Female,26,PhD,Employed,Delhi,Mobile,High,C108,Excel for Business,Business,Beginner,25,4.1,3,29,64.3,1,2.9,0,2,3.9,3,7,1,64.1,84.1,44.7,1,04-06-2025,Debit Card,Yes,No,3512,70,0,1,4.5,Not Completed,0,4,0,1,0,1,0,1
39596,STU139596,Vivaan Kumar,Female,26,HighSchool,Self-Employed,Nagpur,Laptop,High,C105,UI/UX Design Fundamentals,Design,Beginner,40,4.4,3,8,79.1,1,5.7,1,2,9.0,7,3,9,80.9,100.0,74.7,2,05-02-2024,UPI,Yes,No,4185,95,4,1,4.7,Completed,0,2,1,0,0,1,1,5
39597,STU139597,Isha Gupta,Male,25,Diploma,Student,Kolkata,Mobile,Medium,C108,Excel for Business,Business,Beginner,25,4.1,7,39,62.7,4,7.6,9,3,7.7,1,9,5,63.4,78.8,31.9,2,13-11-2023,Free,No,No,0,44,4,0,4.2,Not Completed,1,1,2,1,2,1,0,2
39598,STU139598,Sneha Shah,Female,23,Bachelor,Employed,Surat,Mobile,High,C102,Data Analysis with Python,Programming,Intermediate,60,4.7,5,53,80.4,1,2.9,11,3,9.3,8,2,2,82.7,20.0,77.2,1,10-11-2024,Scholarship,No,Yes,2194,63,1,1,3.8,Completed,0,0,0,1,0,2,4,4
39599,STU139599,Nikhil Verma,Female,26,Bachelor,Student,Jaipur,Mobile,Low,C107,Statistics for Data Science,Math,Intermediate,50,4.2,1,23,43.8,0,0.5,1,3,5.6,2,8,4,52.5,54.9,30.1,0,08-12-2023,UPI,Yes,Yes,4038,100,2,0,3.6,Not Completed,0,0,2,1,1,2,3,5
39600,STU139600,Ananya Singh,Female,22,Master,Self-Employed,Chennai,Laptop,High,C108,Excel for Business,Business,Beginner,25,4.1,5,15,45.7,1,0.5,3,3,3.3,4,6,6,53.6,55.7,42.8,3,06-10-2025,Free,No,No,0,62,3,2,2.8,Completed,0,3,1,0,0,1,0,2
39601,STU139601,Aarav Kumar,Male,25,Master,Employed,Hyderabad,Mobile,Low,C103,Introduction to AI,Programming,Intermediate,75,4.5,3,28,81.9,1,15.5,4,4,8.5,5,5,3,72.4,78.0,62.6,1,24-11-2023,NetBanking,Yes,No,5208,34,1,0,3.0,Completed,1,3,0,1,1,2,4,3
39602,STU139602,Ananya Joshi,Female,24,Bachelor,Unemployed,Vadodara,Laptop,High,C105,UI/UX Design Fundamentals,Design,Beginner,40,4.4,4,9,55.3,3,0.5,37,5,3.1,7,2,3,64.7,70.2,64.9,5,20-06-2025,Free,No,Yes,0,78,4,1,5.0,Completed,0,0,3,0,0,1,1,2
39603,STU139603,Nikhil Desai,Male,19,Bachelor,Employed,Indore,Mobile,Low,C104,Digital Marketing Essentials,Marketing,Beginner,30,4.3,3,32,61.1,1,0.5,4,4,4.4,3,7,6,78.0,68.3,42.8,4,09-03-2024,Free,No,No,0,36,3,1,3.1,Not Completed,1,0,0,1,1,1,2,2
39604,STU139604,Ritika Patel,Female,29,Bachelor,Student,Bengaluru,Laptop,Medium,C108,Excel for Business,Business,Beginner,25,4.1,2,23,59.8,5,0.5,22,2,6.2,9,1,6,71.0,62.9,78.1,2,05-02-2024,Free,No,Yes,0,53,4,0,4.6,Completed,0,0,2,0,2,1,0,2
39605,STU139605,Sai Bhardwaj,Male,29,Bachelor,Student,Chennai,Mobile,Medium,C108,Excel for Business,Business,Beginner,25,4.1,2,31,58.9,2,1.5,22,4,9.1,3,7,1,36.7,52.4,41.2,2,21-02-2024,Credit Card,Yes,No,3030,92,3,0,3.7,Not Completed,1,0,2,1,2,1,0,0
39606,STU139606,Rohan Verma,Female,25,Master,Student,Bhopal,Tablet,High,C102,Data Analysis with Python,Programming,Intermediate,60,4.7,7,32,69.6,7,9.6,11,8,5.8,6,3,4,85.1,89.0,64.8,2,14-02-2025,UPI,Yes,No,4942,79,2,0,4.6,Completed,0,3,2,2,0,2,4,5
39607,STU139607,Priya Gupta,Female,23,Bachelor,Employed,Mumbai,Mobile,Low,C103,Introduction to AI,Programming,Intermediate,75,4.5,4,36,68.6,2,0.5,18,3,6.8,3,7,6,71.9,81.3,46.1,0,19-05-2025,Scholarship,No,Yes,2189,54,2,0,5.0,Not Completed,0,0,0,1,1,2,4,4
39608,STU139608,Sai Kumar,Male,29,Bachelor,Employed,Nagpur,Mobile,High,C104,Digital Marketing Essentials,Marketing,Beginner,30,4.3,5,43,86.7,4,7.2,1,10,9.6,4,6,5,100.0,66.6,57.7,3,17-06-2025,Free,No,No,0,83,1,0,5.0,Completed,1,0,0,1,0,1,2,2
39609,STU139609,Ritika Joshi,Male,21,HighSchool,Student,Surat,Mobile,Low,C102,Data Analysis with Python,Programming,Intermediate,60,4.7,4,34,70.8,3,0.5,14,7,6.6,5,5,7,44.8,68.4,58.2,4,23-11-2024,Scholarship,No,No,1392,58,8,1,4.2,Not Completed,1,2,2,1,1,2,4,4
39610,STU139610,Neha Desai,Male,32,Master,Employed,Nagpur,Laptop,High,C107,Statistics for Data Science,Math,Intermediate,50,4.2,3,55,79.6,1,4.9,11,2,4.5,5,5,3,52.5,86.2,62.2,2,11-12-2023,UPI,Yes,No,4683,90,3,1,3.6,Not Completed,1,3,0,0,0,2,3,5
39611,STU139611,Sai Sharma,Male,21,Bachelor,Student,Pune,Laptop,Low,C103,Introduction to AI,Programming,Intermediate,75,4.5,4,21,57.6,1,6.7,3,2,9.3,3,7,4,52.4,36.3,40.0,2,09-06-2024,Scholarship,No,Yes,669,19,1,0,4.9,Not Completed,1,0,2,0,1,2,4,4
39612,STU139612,Sakshi Joshi,Male,32,Master,Employed,Hyderabad,Laptop,Medium,C101,Python Basics,Programming,Beginner,45,4.6,2,43,54.5,1,0.5,16,5,3.1,5,5,4,96.0,80.4,53.1,2,16-11-2023,Debit Card,Yes,Yes,3462,72,7,1,3.9,Completed,1,3,0,0,2,1,4,1
39613,STU139613,Meera Sharma,Male,30,Master,Self-Employed,Hyderabad,Laptop,Medium,C104,Digital Marketing Essentials,Marketing,Beginner,30,4.3,4,39,53.3,2,0.5,1,4,5.7,5,5,1,81.9,59.9,51.7,3,04-06-2025,UPI,Yes,No,3802,56,3,0,4.3,Completed,1,3,1,0,2,1,2,5
39614,STU139614,Isha Reddy,Male,36,Diploma,Student,Delhi,Mobile,High,C101,Python Basics,Programming,Beginner,45,4.6,7,39,62.3,1,0.5,2,5,9.3,6,4,4,75.4,48.1,60.2,2,30-03-2025,UPI,Yes,No,4157,93,6,0,4.3,Completed,1,1,2,1,0,1,4,5
39615,STU139615,Aditya Mehta,Female,25,Bachelor,Student,Delhi,Mobile,High,C101,Python Basics,Programming,Beginner,45,4.6,6,47,82.4,2,0.9,8,7,6.9,7,3,3,67.5,59.1,73.8,1,01-07-2024,NetBanking,Yes,No,4667,88,3,0,4.5,Not Completed,0,0,2,1,0,1,4,3
39616,STU139616,Isha Patel,Female,32,HighSchool,Employed,Lucknow,Laptop,Medium,C107,Statistics for Data Science,Math,Intermediate,50,4.2,4,24,47.0,1,8.0,6,3,8.0,3,7,2,65.0,40.4,36.5,1,25-06-2025,Scholarship,No,Yes,2121,78,5,1,4.4,Completed,0,2,0,0,2,2,3,4
39617,STU139617,Kavya Gupta,Female,23,Diploma,Employed,Nagpur,Mobile,Medium,C108,Excel for Business,Business,Beginner,25,4.1,2,50,33.6,3,0.5,4,4,8.6,6,4,3,79.0,74.8,51.5,2,10-09-2025,Free,No,No,0,84,1,0,4.1,Not Completed,0,1,0,1,2,1,0,2
39618,STU139618,Rohan Kumar,Female,23,Bachelor,Student,Jaipur,Laptop,Medium,C101,Python Basics,Programming,Beginner,45,4.6,5,29,73.6,3,3.8,2,7,7.5,8,2,2,86.8,73.4,77.4,1,14-09-2024,UPI,Yes,No,4531,100,4,0,4.8,Completed,0,0,2,0,2,1,4,5
39619,STU139619,Aditya Iyer,Female,33,Bachelor,Employed,Lucknow,Laptop,Medium,C106,Machine Learning A-Z,Programming,Advanced,90,4.6,5,36,71.7,1,7.1,1,5,2.6,3,7,4,67.6,87.9,47.5,1,05-11-2024,Free,No,No,0,73,1,0,4.0,Completed,0,0,0,0,2,0,4,2
39620,STU139620,Ananya Kumar,Male,28,Bachelor,Employed,Vadodara,Mobile,High,C103,Introduction to AI,Programming,Intermediate,75,4.5,5,41,63.1,2,0.5,2,7,7.4,2,8,2,85.1,64.8,37.3,6,04-08-2025,Credit Card,Yes,No,5414,81,3,0,4.6,Not Completed,1,0,0,1,0,2,4,0
39621,STU139621,Sai Reddy,Female,33,PhD,Employed,Delhi,Mobile,Medium,C107,Statistics for Data Science,Math,Intermediate,50,4.2,4,33,74.4,2,0.5,4,5,7.4,3,7,8,75.5,88.0,48.4,1,18-08-2025,UPI,Yes,No,4495,58,3,0,2.9,Completed,0,4,0,1,2,2,3,5
39622,STU139622,Isha Gupta,Female,29,Bachelor,Student,Bhopal,Mobile,High,C104,Digital Marketing Essentials,Marketing,Beginner,30,4.3,4,47,42.4,2,10.0,14,8,6.5,0,10,2,73.3,46.2,17.1,1,23-02-2024,Debit Card,Yes,No,3654,65,3,0,5.0,Not Completed,0,0,2,1,0,1,2,1
39623,STU139623,Sai Bhardwaj,Male,38,Master,Employed,Indore,Laptop,High,C102,Data Analysis with Python,Programming,Intermediate,60,4.7,6,52,60.2,2,13.8,10,4,5.2,6,4,9,79.4,85.9,61.4,5,24-10-2023,Debit Card,Yes,No,4829,87,5,0,3.5,Completed,1,3,0,0,0,2,4,1
39624,STU139624,Isha Desai,Male,25,Bachelor,Student,Surat,Laptop,Medium,C106,Machine Learning A-Z,Programming,Advanced,90,4.6,5,56,84.6,5,7.4,11,8,6.3,7,3,2,82.0,56.4,74.4,4,23-02-2024,Debit Card,Yes,No,6996,78,2,1,5.0,Completed,1,0,2,0,2,0,4,1
39625,STU139625,Arjun Patel,Female,20,Diploma,Student,Delhi,Laptop,Low,C102,Data Analysis with Python,Programming,Intermediate,60,4.7,2,24,52.3,1,0.5,12,3,5.4,6,4,3,86.9,59.7,57.3,1,06-05-2025,UPI,Yes,No,5103,53,0,1,3.5,Completed,0,1,2,0,1,2,4,5
39626,STU139626,Ananya Iyer,Male,36,Bachelor,Employed,Nagpur,Mobile,Medium,C105,UI/UX Design Fundamentals,Design,Beginner,40,4.4,5,20,66.0,0,10.0,4,2,7.5,4,6,7,46.7,42.0,49.2,2,21-08-2025,Free,No,No,0,67,2,3,4.2,Not Completed,1,0,0,1,2,1,1,2
39627,STU139627,Arjun Kumar,Female,37,HighSchool,Student,Delhi,Mobile,Medium,C102,Data Analysis with Python,Programming,Intermediate,60,4.7,6,24,65.0,3,3.4,0,4,7.9,6,4,3,69.6,62.6,61.9,2,01-11-2024,Free,No,No,0,71,2,1,2.8,Completed,0,2,2,1,2,2,4,2
39628,STU139628,Vihaan Reddy,Female,33,Master,Employed,Nagpur,Mobile,High,C108,Excel for Business,Business,Beginner,25,4.1,5,33,37.6,1,5.3,2,4,4.1,6,4,5,80.5,83.4,53.3,2,29-10-2024,Free,No,No,0,65,2,0,3.2,Not Completed,0,3,0,1,0,1,0,2
39629,STU139629,Vihaan Nair,Female,17,Bachelor,Student,Bhopal,Mobile,Medium,C106,Machine Learning A-Z,Programming,Advanced,90,4.6,5,38,62.4,1,0.5,4,9,5.7,5,5,5,67.7,50.4,54.4,2,09-02-2025,Free,No,Yes,0,86,2,1,4.4,Not Completed,0,0,2,1,2,0,4,2
39630,STU139630,Isha Patel,Female,25,Master,Employed,Kolkata,Mobile,Medium,C104,Digital Marketing Essentials,Marketing,Beginner,30,4.3,6,34,90.8,3,0.5,5,6,7.1,8,2,3,75.1,60.3,82.8,2,30-04-2025,Credit Card,Yes,No,3242,47,3,1,4.5,Completed,0,3,0,1,2,1,2,0
39631,STU139631,Vihaan Singh,Male,18,Bachelor,Employed,Jaipur,Mobile,Medium,C101,Python Basics,Programming,Beginner,45,4.6,4,17,39.1,0,0.5,8,4,6.0,6,3,5,92.1,61.2,52.8,2,21-01-2025,UPI,Yes,No,4188,77,3,1,3.2,Completed,1,0,0,1,2,1,4,5
39632,STU139632,Sai Gupta,Male,31,Diploma,Employed,Indore,Laptop,Medium,C104,Digital Marketing Essentials,Marketing,Beginner,30,4.3,8,29,77.2,1,4.3,1,7,3.2,7,3,6,78.7,61.6,72.1,1,25-03-2024,UPI,Yes,No,3538,87,2,0,3.3,Completed,1,1,0,0,2,1,2,5
39633,STU139633,Priya Reddy,Female,30,Bachelor,Employed,Bhopal,Mobile,Medium,C101,Python Basics,Programming,Beginner,45,4.6,5,44,62.8,3,0.9,4,6,8.3,5,5,8,85.2,63.7,55.2,3,03-12-2023,Debit Card,Yes,Yes,3851,73,0,0,3.7,Not Completed,0,0,0,1,2,1,4,1
39634,STU139634,Kavya Desai,Female,26,Bachelor,Student,Nagpur,Mobile,Medium,C107,Statistics for Data Science,Math,Intermediate,50,4.2,4,33,75.2,3,1.7,3,9,8.1,3,7,5,67.0,50.1,46.8,4,01-10-2025,UPI,Yes,No,4577,76,3,0,5.0,Not Completed,0,0,2,1,2,2,3,5
39635,STU139635,Priya Mehta,Female,22,Master,Employed,Surat,Mobile,High,C107,Statistics for Data Science,Math,Intermediate,50,4.2,4,5,54.5,2,0.5,23,5,3.4,4,6,2,49.0,54.1,45.8,1,11-02-2025,UPI,Yes,No,4835,54,1,2,3.6,Not Completed,0,3,0,1,0,2,3,5
39636,STU139636,Sai Verma,Male,24,Master,Student,Surat,Mobile,High,C106,Machine Learning A-Z,Programming,Advanced,90,4.6,10,41,52.3,2,3.0,11,7,7.0,4,6,6,82.6,65.6,45.6,1,07-08-2025,UPI,Yes,No,6998,72,5,0,4.4,Completed,1,3,2,1,0,0,4,5
39637,STU139637,Sakshi Singh,Male,32,HighSchool,Employed,Hyderabad,Laptop,Medium,C102,Data Analysis with Python,Programming,Intermediate,60,4.7,3,20,51.7,3,0.5,6,3,3.3,6,4,9,80.2,28.6,55.5,2,25-03-2024,UPI,Yes,No,5233,79,4,1,3.7,Not Completed,1,2,0,0,2,2,4,5
39638,STU139638,Pooja Shah,Male,17,PhD,Self-Employed,Jaipur,Mobile,High,C106,Machine Learning A-Z,Programming,Advanced,90,4.6,8,38,36.8,2,12.1,8,11,7.8,6,4,4,85.5,79.3,52.8,2,22-10-2023,Free,No,No,0,83,3,2,5.0,Not Completed,1,4,1,1,0,0,4,2
39639,STU139639,Vivaan Mehta,Male,45,Bachelor,Employed,Kolkata,Laptop,High,C104,Digital Marketing Essentials,Marketing,Beginner,30,4.3,4,35,50.8,1,14.0,6,2,4.9,7,3,5,78.4,65.1,63.0,4,25-03-2025,UPI,Yes,No,3636,100,4,0,3.8,Completed,1,0,0,0,0,1,2,5
39640,STU139640,Sakshi Singh,Male,18,Master,Student,Nagpur,Mobile,Low,C102,Data Analysis with Python,Programming,Intermediate,60,4.7,5,33,47.0,3,7.2,0,1,10.0,5,5,5,59.4,68.0,49.9,3,05-11-2023,Free,No,No,0,77,2,0,4.5,Not Completed,1,3,2,1,1,2,4,2
39641,STU139641,Rohan Verma,Male,24,HighSchool,Student,Chennai,Laptop,Medium,C103,Introduction to AI,Programming,Intermediate,75,4.5,5,38,74.3,3,0.5,27,4,6.9,2,8,0,51.4,57.1,40.9,1,17-03-2024,Credit Card,Yes,No,6281,63,1,1,3.3,Completed,1,2,2,0,2,2,4,0
39642,STU139642,Aarav Shah,Female,27,Bachelor,Student,Ahmedabad,Laptop,High,C106,Machine Learning A-Z,Programming,Advanced,90,4.6,5,45,60.0,2,0.5,1,5,6.1,8,2,8,89.5,60.0,72.0,3,15-11-2023,UPI,Yes,No,6588,66,3,0,5.0,Completed,0,0,2,0,0,0,4,5
39643,STU139643,Pooja Verma,Male,28,Master,Student,Lucknow,Mobile,Medium,C108,Excel for Business,Business,Beginner,25,4.1,6,53,60.8,1,3.7,11,9,10.0,4,6,1,61.8,89.3,49.7,3,13-06-2025,Credit Card,Yes,No,3330,86,4,2,3.5,Completed,1,3,2,1,2,1,0,0
39644,STU139644,Ritika Verma,Male,27,Bachelor,Employed,Bhopal,Mobile,High,C103,Introduction to AI,Programming,Intermediate,75,4.5,5,60,73.7,6,13.0,3,4,6.7,7,3,4,68.4,63.5,71.0,1,29-01-2024,Free,No,No,0,100,1,1,5.0,Completed,1,0,0,1,0,2,4,2
39645,STU139645,Isha Reddy,Female,22,Bachelor,Self-Employed,Hyderabad,Mobile,Medium,C105,UI/UX Design Fundamentals,Design,Beginner,40,4.4,4,28,75.3,2,0.5,1,12,6.9,5,5,6,87.1,100.0,61.4,4,20-10-2023,Free,No,No,0,53,2,1,4.6,Not Completed,0,0,1,1,2,1,1,2
39646,STU139646,Rohan Bose,Female,23,Master,Student,Indore,Laptop,High,C101,Python Basics,Programming,Beginner,45,4.6,5,22,9.7,1,4.9,5,6,4.3,4,6,7,60.4,84.1,31.6,5,05-05-2025,Scholarship,No,No,1287,77,3,2,2.6,Completed,0,3,2,0,0,1,4,4
39647,STU139647,Ritika Iyer,Male,25,Diploma,Employed,Chennai,Mobile,Medium,C104,Digital Marketing Essentials,Marketing,Beginner,30,4.3,4,37,35.2,0,5.4,31,3,7.3,4,6,3,52.4,68.2,39.7,2,15-05-2024,Scholarship,No,Yes,580,48,4,0,4.7,Not Completed,1,1,0,1,2,1,2,4
39648,STU139648,Rohan Singh,Male,27,Bachelor,Employed,Lucknow,Laptop,Low,C102,Data Analysis with Python,Programming,Intermediate,60,4.7,3,20,33.5,3,3.0,11,1,9.1,3,7,3,81.1,60.1,32.7,4,28-11-2024,UPI,Yes,No,4950,44,2,1,4.3,Not Completed,1,0,0,0,1,2,4,5
39649,STU139649,Vivaan Bhardwaj,Female,28,Bachelor,Student,Chennai,Mobile,Medium,C102,Data Analysis with Python,Programming,Intermediate,60,4.7,5,30,37.4,5,11.4,18,5,10.0,3,7,6,60.5,93.4,35.8,1,21-05-2024,Debit Card,Yes,No,5420,16,4,2,4.4,Not Completed,0,0,2,1,2,2,4,1
39650,STU139650,Sai Singh,Female,25,Master,Unemployed,Chennai,Laptop,High,C103,Introduction to AI,Programming,Intermediate,75,4.5,8,27,67.7,2,11.2,2,6,5.2,7,3,3,78.0,90.2,70.2,2,19-02-2025,NetBanking,Yes,No,6066,56,4,1,5.0,Not Completed,0,3,3,0,0,2,4,3
39651,STU139651,Nikhil Gupta,Female,24,Bachelor,Employed,Delhi,Laptop,High,C103,Introduction to AI,Programming,Intermediate,75,4.5,5,48,90.4,3,0.5,7,7,8.8,6,4,3,54.5,74.2,71.3,4,18-10-2023,NetBanking,Yes,No,5235,49,1,0,3.8,Not Completed,0,0,0,0,0,2,4,3
39652,STU139652,Vihaan Nair,Male,37,Bachelor,Student,Jaipur,Tablet,Low,C101,Python Basics,Programming,Beginner,45,4.6,7,32,66.9,3,5.4,6,7,4.1,3,7,2,78.1,69.5,44.9,4,22-11-2024,UPI,Yes,Yes,3367,66,4,0,3.9,Completed,1,0,2,2,1,1,4,5
39653,STU139653,Neha Shah,Female,28,HighSchool,Employed,Bhopal,Mobile,Medium,C107,Statistics for Data Science,Math,Intermediate,50,4.2,6,36,78.8,6,7.5,0,0,4.6,7,3,3,86.3,82.9,73.7,3,09-12-2023,Scholarship,No,No,995,68,2,2,3.6,Not Completed,0,2,0,1,2,2,3,4
39654,STU139654,Nikhil Singh,Female,33,Bachelor,Student,Surat,Laptop,High,C102,Data Analysis with Python,Programming,Intermediate,60,4.7,4,34,80.9,6,2.8,16,6,8.4,6,4,7,71.2,67.4,67.7,3,02-03-2025,Free,No,No,0,69,3,0,5.0,Completed,0,0,2,0,0,2,4,2
39655,STU139655,Priya Kumar,Male,17,PhD,Employed,Mumbai,Laptop,Medium,C106,Machine Learning A-Z,Programming,Advanced,90,4.6,7,46,71.7,1,5.2,2,4,6.8,5,4,6,53.9,71.9,58.7,4,27-04-2024,Credit Card,Yes,No,6870,78,0,0,3.5,Completed,1,4,0,0,2,0,4,0
39656,STU139656,Isha Bhardwaj,Male,26,HighSchool,Employed,Chennai,Tablet,High,C108,Excel for Business,Business,Beginner,25,4.1,6,44,62.6,3,3.4,15,8,7.6,4,6,2,79.0,46.7,48.3,1,20-06-2025,Free,No,No,0,62,2,2,2.8,Not Completed,1,2,0,2,0,1,0,2
39657,STU139657,Sneha Verma,Female,19,Bachelor,Employed,Nagpur,Laptop,High,C101,Python Basics,Programming,Beginner,45,4.6,4,29,36.5,1,6.1,10,9,7.2,5,5,5,59.1,71.5,46.3,1,11-06-2024,Free,No,No,0,59,4,2,4.6,Completed,0,0,0,0,0,1,4,2
39658,STU139658,Neha Reddy,Female,20,Bachelor,Student,Jaipur,Mobile,High,C104,Digital Marketing Essentials,Marketing,Beginner,30,4.3,3,18,29.5,2,6.1,41,6,3.4,2,8,1,48.2,74.6,26.1,3,08-04-2025,UPI,Yes,No,3496,75,2,0,4.6,Not Completed,0,0,2,1,0,1,2,5
39659,STU139659,Priya Nair,Female,19,Bachelor,Employed,Indore,Mobile,High,C104,Digital Marketing Essentials,Marketing,Beginner,30,4.3,4,54,41.7,3,3.4,4,6,8.8,6,4,5,59.8,71.3,54.2,6,04-06-2025,Free,No,Yes,0,69,2,0,4.9,Completed,0,0,0,1,0,1,2,2
39660,STU139660,Isha Gupta,Male,26,Master,Employed,Mumbai,Mobile,Medium,C108,Excel for Business,Business,Beginner,25,4.1,4,42,79.6,1,3.7,1,5,6.3,4,6,7,64.8,59.8,54.8,0,09-05-2024,Free,No,No,0,55,2,4,5.0,Not Completed,1,3,0,1,2,1,0,2
39661,STU139661,Rahul Shah,Male,39,Bachelor,Employed,Mumbai,Mobile,Medium,C106,Machine Learning A-Z,Programming,Advanced,90,4.6,5,35,65.7,1,2.1,0,6,6.3,3,7,3,55.0,64.0,44.2,4,02-02-2024,Debit Card,Yes,No,6570,66,2,1,3.4,Completed,1,0,0,1,2,0,4,1
39662,STU139662,Aditya Desai,Male,22,Bachelor,Self-Employed,Ahmedabad,Laptop,Medium,C103,Introduction to AI,Programming,Intermediate,75,4.5,9,42,50.9,1,3.5,4,11,3.8,7,3,4,94.3,71.6,63.4,4,25-08-2024,Free,No,No,0,100,6,1,4.2,Not Completed,1,0,1,0,2,2,4,2
39663,STU139663,Pooja Bhardwaj,Female,24,Diploma,Employed,Jaipur,Mobile,Medium,C102,Data Analysis with Python,Programming,Intermediate,60,4.7,6,24,49.6,1,0.5,4,3,6.3,5,5,5,72.2,59.3,50.3,5,06-12-2023,UPI,Yes,No,5010,40,0,0,4.3,Completed,0,1,0,1,2,2,4,5
39664,STU139664,Kavya Mehta,Female,29,PhD,Employed,Kolkata,Laptop,High,C106,Machine Learning A-Z,Programming,Advanced,90,4.6,6,24,48.9,2,0.5,20,5,8.3,3,7,5,50.4,100.0,40.1,6,31-08-2024,Free,No,Yes,0,85,2,1,3.7,Not Completed,0,4,0,0,0,0,4,2
39665,STU139665,Ananya Gupta,Female,28,Bachelor,Self-Employed,Hyderabad,Laptop,High,C101,Python Basics,Programming,Beginner,45,4.6,7,30,54.4,1,0.7,4,5,3.3,3,7,2,64.6,82.9,41.2,4,04-11-2023,UPI,Yes,No,4488,39,4,1,4.7,Not Completed,0,0,1,0,0,1,4,5
39666,STU139666,Neha Bose,Male,30,PhD,Student,Vadodara,Mobile,Medium,C102,Data Analysis with Python,Programming,Intermediate,60,4.7,5,35,55.9,2,0.5,0,4,8.8,3,7,4,97.8,83.0,41.7,4,26-11-2023,Credit Card,Yes,No,4625,63,2,0,3.5,Not Completed,1,4,2,1,2,2,4,0
39667,STU139667,Vihaan Nair,Male,27,Bachelor,Student,Pune,Mobile,High,C108,Excel for Business,Business,Beginner,25,4.1,5,59,25.6,2,5.9,0,3,6.3,5,5,3,78.8,92.1,43.6,3,30-05-2024,Debit Card,Yes,No,2995,80,4,0,5.0,Completed,1,0,2,1,0,1,0,1
39668,STU139668,Rahul Bhardwaj,Male,21,PhD,Self-Employed,Kolkata,Mobile,Medium,C108,Excel for Business,Business,Beginner,25,4.1,4,29,87.1,0,2.7,7,9,3.6,4,6,2,56.3,70.2,58.0,3,10-07-2025,Free,No,No,0,76,1,2,4.8,Not Completed,1,4,1,1,2,1,0,2
39669,STU139669,Vivaan Shah,Female,26,Bachelor,Student,Ahmedabad,Mobile,Medium,C106,Machine Learning A-Z,Programming,Advanced,90,4.6,5,18,24.1,2,4.0,10,5,6.6,4,6,2,83.1,66.4,35.7,2,19-07-2024,Free,No,No,0,69,1,2,4.1,Not Completed,0,0,2,1,2,0,4,2
39670,STU139670,Pooja Reddy,Female,25,Diploma,Employed,Jaipur,Mobile,Medium,C101,Python Basics,Programming,Beginner,45,4.6,4,41,28.1,2,4.3,13,8,5.9,3,7,4,83.2,77.2,31.7,2,31-12-2024,UPI,Yes,Yes,3328,92,1,1,4.0,Not Completed,0,1,0,1,2,1,4,5
39671,STU139671,Meera Patel,Female,17,Bachelor,Student,Vadodara,Mobile,High,C103,Introduction to AI,Programming,Intermediate,75,4.5,2,36,80.5,1,0.5,4,11,4.6,6,4,4,80.1,78.2,68.1,4,20-06-2024,UPI,Yes,No,5656,58,3,0,4.7,Completed,0,0,2,1,0,2,4,5
39672,STU139672,Pooja Iyer,Male,25,Bachelor,Employed,Indore,Mobile,Low,C102,Data Analysis with Python,Programming,Intermediate,60,4.7,5,38,46.3,1,4.7,10,4,4.2,4,6,1,53.7,67.5,43.6,1,04-10-2024,UPI,Yes,No,5239,64,3,0,3.3,Completed,1,0,0,1,1,2,4,5
39673,STU139673,Neha Singh,Male,22,Master,Employed,Mumbai,Mobile,Medium,C104,Digital Marketing Essentials,Marketing,Beginner,30,4.3,3,29,59.7,3,4.6,0,0,3.8,4,6,4,69.4,86.5,49.2,2,22-09-2025,UPI,Yes,No,3528,66,3,0,4.8,Not Completed,1,3,0,1,2,1,2,5
39674,STU139674,Ritika Singh,Male,32,Bachelor,Self-Employed,Bhopal,Mobile,Medium,C103,Introduction to AI,Programming,Intermediate,75,4.5,1,35,51.2,3,5.0,15,3,7.6,3,7,0,67.8,85.0,40.2,3,06-08-2024,NetBanking,Yes,Yes,5299,50,0,3,5.0,Completed,1,0,1,1,2,2,4,3
39675,STU139675,Vihaan Iyer,Male,37,Diploma,Employed,Lucknow,Laptop,Medium,C108,Excel for Business,Business,Beginner,25,4.1,12,27,54.7,0,6.0,3,7,8.8,4,6,4,55.2,94.1,47.8,4,30-08-2024,Free,No,No,0,100,2,3,5.0,Not Completed,1,1,0,0,2,1,0,2
39676,STU139676,Sakshi Verma,Female,30,Bachelor,Student,Surat,Mobile,Low,C106,Machine Learning A-Z,Programming,Advanced,90,4.6,4,33,63.5,1,0.5,3,2,9.2,3,7,3,75.3,70.9,43.8,2,17-09-2024,UPI,Yes,No,7083,61,3,1,4.6,Completed,0,0,2,1,1,0,4,5
39677,STU139677,Pooja Gupta,Female,22,Master,Employed,Bengaluru,Mobile,Medium,C108,Excel for Business,Business,Beginner,25,4.1,3,22,93.7,1,7.1,17,6,9.6,0,10,3,35.4,60.6,35.8,3,12-05-2024,UPI,Yes,Yes,2582,52,1,2,3.7,Completed,0,3,0,1,2,1,0,5
39678,STU139678,Priya Shah,Female,32,Master,Student,Mumbai,Laptop,High,C108,Excel for Business,Business,Beginner,25,4.1,5,22,46.0,2,0.5,3,3,7.8,6,4,3,80.6,74.3,55.8,0,03-03-2025,UPI,Yes,No,3186,67,1,1,4.2,Completed,0,3,2,0,0,1,0,5
39679,STU139679,Vihaan Desai,Female,24,Bachelor,Employed,Pune,Mobile,Medium,C104,Digital Marketing Essentials,Marketing,Beginner,30,4.3,6,35,61.8,4,10.8,4,4,6.0,5,5,4,75.0,82.0,55.7,1,18-05-2024,UPI,Yes,No,3717,62,1,0,5.0,Not Completed,0,0,0,1,2,1,2,5
39680,STU139680,Sai Desai,Female,32,Bachelor,Student,Chennai,Mobile,Medium,C101,Python Basics,Programming,Beginner,45,4.6,4,43,35.6,2,5.7,2,9,4.6,7,3,3,70.6,91.0,59.0,2,13-05-2024,NetBanking,Yes,No,4580,70,3,3,4.2,Completed,0,0,2,1,2,1,4,3
39681,STU139681,Vihaan Bhardwaj,Female,26,Bachelor,Student,Kolkata,Mobile,High,C108,Excel for Business,Business,Beginner,25,4.1,6,35,97.1,6,1.5,1,2,6.1,6,4,2,80.0,70.4,73.5,1,23-12-2023,NetBanking,Yes,No,3563,100,6,2,4.1,Completed,0,0,2,1,0,1,0,3
39682,STU139682,Kavya Nair,Female,19,Master,Employed,Bengaluru,Mobile,High,C101,Python Basics,Programming,Beginner,45,4.6,5,21,69.5,2,1.3,2,5,5.7,7,3,5,58.3,84.2,70.5,1,26-03-2025,Free,No,No,0,61,2,1,3.6,Not Completed,0,3,0,1,0,1,4,2
39683,STU139683,Rohan Desai,Male,29,Master,Employed,Delhi,Mobile,Medium,C105,UI/UX Design Fundamentals,Design,Beginner,40,4.4,8,55,63.1,1,7.4,7,5,6.1,8,2,5,94.5,78.8,74.0,3,26-12-2024,Free,No,Yes,0,62,2,2,4.0,Not Completed,1,3,0,1,2,1,1,2
39684,STU139684,Rohan Reddy,Female,24,Bachelor,Student,Jaipur,Mobile,High,C105,UI/UX Design Fundamentals,Design,Beginner,40,4.4,3,20,80.4,2,0.5,7,6,4.5,4,6,6,80.9,78.2,56.0,1,25-11-2024,Debit Card,Yes,No,4316,51,1,3,4.3,Not Completed,0,0,2,1,0,1,1,1
39685,STU139685,Aditya Reddy,Female,20,Bachelor,Employed,Bhopal,Mobile,Low,C108,Excel for Business,Business,Beginner,25,4.1,4,47,72.4,4,1.0,7,3,5.5,3,7,5,66.0,27.7,44.7,2,10-04-2024,NetBanking,Yes,No,2987,43,2,0,5.0,Completed,0,0,0,1,1,1,0,3
39686,STU139686,Vihaan Bose,Female,23,Diploma,Employed,Hyderabad,Mobile,Medium,C106,Machine Learning A-Z,Programming,Advanced,90,4.6,4,37,82.3,4,14.1,1,6,5.9,3,7,3,75.9,75.0,50.6,4,16-11-2023,UPI,Yes,No,6786,95,2,1,4.8,Completed,0,1,0,1,2,0,4,5
39687,STU139687,Vihaan Gupta,Male,24,Diploma,Employed,Ahmedabad,Mobile,Medium,C108,Excel for Business,Business,Beginner,25,4.1,5,34,46.4,3,1.0,12,3,7.1,3,7,5,58.6,73.8,37.9,6,17-09-2025,Debit Card,Yes,Yes,2823,50,0,0,4.7,Not Completed,1,1,0,1,2,1,0,1
39688,STU139688,Vihaan Shah,Male,22,Bachelor,Employed,Delhi,Mobile,Low,C103,Introduction to AI,Programming,Intermediate,75,4.5,3,31,26.9,3,0.5,1,5,7.8,4,6,0,64.9,45.5,35.7,1,17-01-2025,Free,No,No,0,91,2,1,4.3,Completed,1,0,0,1,1,2,4,2
39689,STU139689,Neha Bhardwaj,Female,27,Diploma,Student,Surat,Laptop,Low,C104,Digital Marketing Essentials,Marketing,Beginner,30,4.3,3,33,25.0,0,2.9,4,5,3.2,4,6,0,84.8,50.2,35.3,4,02-02-2025,Free,No,Yes,0,83,1,2,4.2,Not Completed,0,1,2,0,1,1,2,2
39690,STU139690,Arjun Joshi,Male,27,Diploma,Employed,Bhopal,Mobile,Medium,C101,Python Basics,Programming,Beginner,45,4.6,4,43,23.8,4,4.0,1,4,8.1,5,5,4,77.8,81.4,42.4,4,06-06-2024,Credit Card,Yes,No,3833,77,4,1,2.2,Completed,1,1,0,1,2,1,4,0
39691,STU139691,Rahul Joshi,Male,23,Bachelor,Unemployed,Bhopal,Mobile,High,C103,Introduction to AI,Programming,Intermediate,75,4.5,4,50,87.2,2,0.5,5,3,3.1,5,5,2,55.6,79.4,64.5,0,20-04-2024,UPI,Yes,No,5838,69,2,0,3.9,Not Completed,1,0,3,1,0,2,4,5
39692,STU139692,Sakshi Patel,Female,23,Master,Student,Pune,Laptop,High,C101,Python Basics,Programming,Beginner,45,4.6,5,23,74.3,4,0.5,10,6,8.7,2,8,1,70.6,50.0,40.5,2,04-03-2024,Debit Card,Yes,No,4635,54,2,1,3.6,Completed,0,3,2,0,0,1,4,1
39693,STU139693,Pooja Singh,Female,28,Master,Employed,Surat,Mobile,Medium,C108,Excel for Business,Business,Beginner,25,4.1,7,36,70.2,4,15.5,16,5,8.5,5,5,3,48.9,61.9,57.7,1,10-12-2023,Scholarship,No,No,1426,73,1,0,4.0,Completed,0,3,0,1,2,1,0,4
39694,STU139694,Arjun Singh,Female,27,Bachelor,Student,Surat,Mobile,Low,C102,Data Analysis with Python,Programming,Intermediate,60,4.7,4,37,26.8,3,2.3,7,4,5.8,5,4,6,57.2,79.8,43.4,0,09-04-2025,Free,No,No,0,91,2,2,4.1,Not Completed,0,0,2,1,1,2,4,2
39695,STU139695,Aditya Desai,Female,22,Bachelor,Student,Nagpur,Laptop,High,C107,Statistics for Data Science,Math,Intermediate,50,4.2,5,18,82.6,2,0.5,9,5,2.4,5,4,3,56.2,69.7,62.4,2,23-10-2023,UPI,Yes,No,4522,86,4,2,4.1,Completed,0,0,2,0,0,2,3,5
39696,STU139696,Arjun Singh,Female,24,Bachelor,Employed,Vadodara,Mobile,Medium,C108,Excel for Business,Business,Beginner,25,4.1,3,22,64.7,4,1.1,5,5,3.4,2,8,4,74.6,75.9,38.4,0,31-01-2024,Credit Card,Yes,Yes,2587,83,2,0,3.4,Not Completed,0,0,0,1,2,1,0,0
39697,STU139697,Pooja Bhardwaj,Female,17,Diploma,Student,Bhopal,Mobile,High,C102,Data Analysis with Python,Programming,Intermediate,60,4.7,5,32,43.2,3,2.8,6,2,7.7,4,6,6,72.0,73.5,42.8,2,07-06-2024,Scholarship,No,No,2370,62,2,1,3.9,Not Completed,0,1,2,1,0,2,4,4
39698,STU139698,Vivaan Bhardwaj,Male,20,Bachelor,Student,Vadodara,Mobile,High,C101,Python Basics,Programming,Beginner,45,4.6,5,47,51.7,1,5.7,6,2,8.8,5,5,5,77.0,76.2,51.9,3,06-07-2024,Free,No,Yes,0,81,3,0,4.9,Completed,1,0,2,1,0,1,4,2
39699,STU139699,Nikhil Mehta,Male,24,Bachelor,Student,Nagpur,Mobile,Medium,C107,Statistics for Data Science,Math,Intermediate,50,4.2,3,26,37.4,4,0.5,2,3,7.9,4,6,2,94.6,64.8,40.3,2,01-09-2025,Scholarship,No,Yes,1005,100,4,2,3.5,Not Completed,1,0,2,1,2,2,3,4
39700,STU139700,Rohan Joshi,Female,25,Master,Employed,Bhopal,Laptop,High,C104,Digital Marketing Essentials,Marketing,Beginner,30,4.3,8,35,72.4,0,2.7,1,9,5.8,7,3,5,68.9,59.8,70.3,3,28-12-2023,NetBanking,Yes,No,3629,76,2,2,3.8,Completed,0,3,0,0,0,1,2,3
39701,STU139701,Sai Desai,Female,21,Master,Employed,Jaipur,Mobile,Medium,C102,Data Analysis with Python,Programming,Intermediate,60,4.7,7,36,76.1,2,4.1,1,8,7.0,4,6,1,69.1,80.8,54.7,1,10-10-2024,UPI,Yes,No,5027,74,1,1,4.2,Not Completed,0,3,0,1,2,2,4,5
39702,STU139702,Rahul Desai,Male,22,Bachelor,Employed,Hyderabad,Mobile,Low,C101,Python Basics,Programming,Beginner,45,4.6,4,30,41.2,0,1.6,28,8,7.1,5,5,8,92.8,69.9,47.9,2,02-05-2024,UPI,Yes,No,4048,77,1,0,5.0,Completed,1,0,0,1,1,1,4,5
39703,STU139703,Aditya Desai,Male,27,Bachelor,Employed,Bengaluru,Laptop,Low,C103,Introduction to AI,Programming,Intermediate,75,4.5,2,33,87.6,2,0.5,13,2,6.8,6,4,2,65.7,55.6,69.4,0,21-01-2025,UPI,Yes,No,6168,53,1,1,4.5,Completed,1,0,0,0,1,2,4,5
39704,STU139704,Vivaan Bose,Male,19,Bachelor,Student,Kolkata,Laptop,Low,C101,Python Basics,Programming,Beginner,45,4.6,7,65,68.8,0,0.5,6,5,7.9,7,3,2,71.9,40.6,68.1,4,30-05-2025,Scholarship,No,No,1224,61,2,0,5.0,Not Completed,1,0,2,0,1,1,4,4
39705,STU139705,Meera Patel,Male,18,Master,Employed,Ahmedabad,Laptop,High,C105,UI/UX Design Fundamentals,Design,Beginner,40,4.4,4,15,86.8,1,14.3,1,3,7.2,5,5,5,75.9,93.3,65.0,2,01-07-2024,UPI,Yes,No,4313,94,1,0,3.5,Not Completed,1,3,0,0,0,1,1,5
39706,STU139706,Aarav Kumar,Female,28,Bachelor,Employed,Delhi,Laptop,High,C101,Python Basics,Programming,Beginner,45,4.6,5,34,74.2,2,4.4,6,9,4.3,5,5,1,71.7,68.5,59.4,4,14-06-2025,UPI,Yes,No,4085,92,1,1,4.0,Not Completed,0,0,0,0,0,1,4,5
39707,STU139707,Ananya Kumar,Male,32,Bachelor,Employed,Bengaluru,Laptop,High,C102,Data Analysis with Python,Programming,Intermediate,60,4.7,5,26,82.0,6,6.0,0,7,8.4,4,6,2,69.7,62.6,55.8,2,16-12-2024,Debit Card,Yes,No,4510,100,2,1,4.5,Completed,1,0,0,0,0,2,4,1
39708,STU139708,Arjun Verma,Male,29,Bachelor,Employed,Nagpur,Laptop,High,C107,Statistics for Data Science,Math,Intermediate,50,4.2,4,38,77.5,0,0.5,0,4,6.3,3,7,3,45.1,89.1,49.6,2,05-12-2024,NetBanking,Yes,No,4364,86,4,1,4.0,Not Completed,1,0,0,0,0,2,3,3
39709,STU139709,Sakshi Joshi,Male,25,PhD,Student,Jaipur,Laptop,High,C107,Statistics for Data Science,Math,Intermediate,50,4.2,6,41,86.1,2,4.0,0,9,6.4,4,6,7,97.1,60.2,57.1,3,20-03-2025,UPI,Yes,No,4570,80,2,1,4.2,Not Completed,1,4,2,0,0,2,3,5
39710,STU139710,Aditya Nair,Female,34,Diploma,Student,Kolkata,Laptop,Medium,C108,Excel for Business,Business,Beginner,25,4.1,3,56,48.7,0,7.8,1,5,6.3,5,5,3,75.4,59.7,50.0,1,04-02-2024,Free,No,No,0,88,3,2,4.2,Completed,0,1,2,0,2,1,0,2
39711,STU139711,Arjun Singh,Female,25,Bachelor,Student,Lucknow,Mobile,Medium,C107,Statistics for Data Science,Math,Intermediate,50,4.2,6,33,83.5,7,15.7,1,4,9.8,4,6,3,67.6,77.7,57.1,3,16-11-2024,Debit Card,Yes,Yes,3777,42,1,1,3.1,Completed,0,0,2,1,2,2,3,1
39712,STU139712,Vivaan Kumar,Male,32,Bachelor,Employed,Mumbai,Mobile,Medium,C106,Machine Learning A-Z,Programming,Advanced,90,4.6,8,37,67.3,3,13.4,3,5,5.0,3,7,4,81.7,59.6,44.5,1,21-06-2025,Debit Card,Yes,Yes,5628,100,1,1,5.0,Completed,1,0,0,1,2,0,4,1
39713,STU139713,Isha Gupta,Male,23,Bachelor,Employed,Hyderabad,Mobile,Medium,C105,UI/UX Design Fundamentals,Design,Beginner,40,4.4,4,27,41.2,4,0.5,4,6,6.3,4,6,3,100.0,100.0,43.4,2,08-12-2023,UPI,Yes,No,4070,92,0,2,5.0,Not Completed,1,0,0,1,2,1,1,5
39714,STU139714,Vivaan Verma,Male,18,Master,Student,Indore,Laptop,Medium,C103,Introduction to AI,Programming,Intermediate,75,4.5,6,29,95.4,2,0.5,3,7,8.3,5,5,8,93.1,85.0,67.6,1,27-11-2024,Scholarship,No,No,1280,95,0,0,3.9,Completed,1,3,2,0,2,2,4,4
39715,STU139715,Isha Singh,Male,35,Bachelor,Student,Vadodara,Laptop,Medium,C104,Digital Marketing Essentials,Marketing,Beginner,30,4.3,7,28,35.0,2,1.8,12,7,10.0,3,7,4,70.1,74.9,34.0,2,21-06-2024,NetBanking,Yes,No,3629,76,4,0,4.8,Completed,1,0,2,0,2,1,2,3
39716,STU139716,Priya Sharma,Male,18,Bachelor,Employed,Chennai,Laptop,Medium,C107,Statistics for Data Science,Math,Intermediate,50,4.2,7,37,46.8,3,4.5,6,3,3.6,2,7,4,51.0,59.0,31.3,3,16-02-2025,Free,No,No,0,38,2,1,3.6,Not Completed,1,0,0,0,2,2,3,2
39717,STU139717,Kavya Kumar,Male,28,Master,Employed,Surat,Mobile,Medium,C102,Data Analysis with Python,Programming,Intermediate,60,4.7,4,43,49.0,3,0.5,12,4,2.3,5,5,2,81.8,52.0,49.8,0,10-03-2024,NetBanking,Yes,No,5139,42,2,1,5.0,Completed,1,3,0,1,2,2,4,3
39718,STU139718,Arjun Gupta,Male,32,Master,Employed,Chennai,Mobile,Low,C102,Data Analysis with Python,Programming,Intermediate,60,4.7,9,61,65.4,1,12.5,14,3,8.7,8,2,3,89.3,66.2,74.2,2,21-05-2025,Free,No,No,0,74,3,2,3.1,Completed,1,3,0,1,1,2,4,2
39719,STU139719,Vivaan Shah,Male,30,Bachelor,Employed,Lucknow,Mobile,Medium,C103,Introduction to AI,Programming,Intermediate,75,4.5,5,40,89.9,0,12.1,14,4,7.4,3,7,4,69.9,89.3,53.9,0,28-12-2024,Debit Card,Yes,No,5308,73,3,2,5.0,Completed,1,0,0,1,2,2,4,1
39720,STU139720,Arjun Bhardwaj,Female,20,Bachelor,Student,Mumbai,Mobile,Low,C107,Statistics for Data Science,Math,Intermediate,50,4.2,5,34,73.2,2,0.5,0,6,5.7,5,4,2,54.8,68.1,59.0,2,21-09-2025,Scholarship,No,No,1294,45,1,0,4.3,Completed,0,0,2,1,1,2,3,4
39721,STU139721,Rohan Mehta,Female,39,Bachelor,Employed,Kolkata,Laptop,Medium,C105,UI/UX Design Fundamentals,Design,Beginner,40,4.4,2,26,95.2,2,0.5,6,7,6.5,2,8,2,57.0,43.5,47.5,1,26-05-2025,UPI,Yes,No,4012,65,2,0,5.0,Completed,0,0,0,0,2,1,1,5
39722,STU139722,Isha Kumar,Male,23,Master,Student,Bengaluru,Laptop,Medium,C103,Introduction to AI,Programming,Intermediate,75,4.5,4,51,33.1,2,0.5,2,6,7.1,3,7,1,91.6,83.7,33.8,4,20-04-2024,Debit Card,Yes,Yes,4859,34,2,3,3.3,Not Completed,1,3,2,0,2,2,4,1
39723,STU139723,Neha Mehta,Female,24,Diploma,Student,Lucknow,Mobile,Medium,C106,Machine Learning A-Z,Programming,Advanced,90,4.6,4,36,44.7,1,0.5,0,3,6.8,7,3,2,63.8,45.6,59.9,1,21-08-2024,UPI,Yes,No,6440,79,2,0,4.7,Not Completed,0,1,2,1,2,0,4,5
39724,STU139724,Aditya Shah,Male,17,Bachelor,Student,Ahmedabad,Mobile,Medium,C103,Introduction to AI,Programming,Intermediate,75,4.5,2,35,91.6,1,0.5,7,5,5.4,6,3,6,76.3,66.6,71.4,1,24-08-2024,UPI,Yes,No,6287,53,1,2,4.9,Completed,1,0,2,1,2,2,4,5
39725,STU139725,Priya Shah,Female,34,Diploma,Employed,Ahmedabad,Mobile,Medium,C104,Digital Marketing Essentials,Marketing,Beginner,30,4.3,5,42,75.3,5,5.9,3,11,6.9,3,6,6,91.1,69.1,47.8,3,08-08-2024,Credit Card,Yes,No,3563,60,2,0,4.1,Not Completed,0,1,0,1,2,1,2,0
39726,STU139726,Meera Kumar,Female,34,Bachelor,Employed,Bhopal,Mobile,High,C101,Python Basics,Programming,Beginner,45,4.6,3,32,75.4,1,0.5,37,3,8.6,6,4,6,72.2,66.9,65.7,1,11-02-2024,NetBanking,Yes,No,4205,48,2,0,3.8,Not Completed,0,0,0,1,0,1,4,3
39727,STU139727,Meera Verma,Female,26,Master,Student,Bengaluru,Mobile,Low,C105,UI/UX Design Fundamentals,Design,Beginner,40,4.4,5,35,36.5,0,0.5,0,6,4.7,6,4,3,81.2,65.5,52.0,1,29-01-2025,Free,No,No,0,67,0,1,3.8,Not Completed,0,3,2,1,1,1,1,2
39728,STU139728,Neha Kumar,Female,17,Bachelor,Employed,Bengaluru,Mobile,Medium,C107,Statistics for Data Science,Math,Intermediate,50,4.2,6,42,71.2,3,0.5,19,1,5.3,7,3,9,60.7,68.2,70.3,6,20-11-2023,Debit Card,Yes,No,4652,85,3,2,2.9,Completed,0,0,0,1,2,2,3,1
39729,STU139729,Nikhil Reddy,Male,27,Bachelor,Employed,Mumbai,Mobile,Medium,C107,Statistics for Data Science,Math,Intermediate,50,4.2,6,37,81.5,2,8.2,4,7,8.4,3,7,4,85.7,100.0,51.5,2,23-09-2025,Debit Card,Yes,No,4222,86,0,1,4.9,Completed,1,0,0,1,2,2,3,1
39730,STU139730,Pooja Gupta,Female,30,Diploma,Student,Bhopal,Mobile,High,C101,Python Basics,Programming,Beginner,45,4.6,5,42,99.5,2,12.6,1,8,6.5,6,3,11,63.5,51.2,73.4,2,22-04-2024,UPI,Yes,No,4239,72,4,0,4.7,Completed,0,1,2,1,0,1,4,5
39731,STU139731,Arjun Desai,Male,20,HighSchool,Employed,Delhi,Laptop,Medium,C107,Statistics for Data Science,Math,Intermediate,50,4.2,4,5,70.3,2,0.5,10,4,8.2,7,3,4,59.4,67.0,69.9,1,27-04-2024,Free,No,No,0,51,2,0,2.2,Not Completed,1,2,0,0,2,2,3,2
39732,STU139732,Rohan Desai,Female,22,HighSchool,Student,Bengaluru,Mobile,Medium,C104,Digital Marketing Essentials,Marketing,Beginner,30,4.3,1,26,43.7,3,2.6,8,8,3.8,3,7,0,71.8,61.7,36.4,4,17-04-2025,Free,No,No,0,85,2,0,3.5,Completed,0,2,2,1,2,1,2,2
39733,STU139733,Pooja Iyer,Female,22,Bachelor,Student,Vadodara,Laptop,High,C105,UI/UX Design Fundamentals,Design,Beginner,40,4.4,6,36,76.0,3,0.5,1,6,4.8,8,2,9,83.9,95.8,79.4,8,07-08-2024,Scholarship,No,Yes,1123,51,3,2,3.5,Completed,0,0,2,0,0,1,1,4
39734,STU139734,Priya Kumar,Male,28,HighSchool,Student,Pune,Mobile,Low,C108,Excel for Business,Business,Beginner,25,4.1,6,34,75.1,2,11.4,3,2,3.8,5,5,6,80.6,54.1,59.0,2,04-11-2023,UPI,Yes,No,3381,79,3,1,4.6,Not Completed,1,2,2,1,1,1,0,5
39735,STU139735,Krishna Bose,Female,31,Bachelor,Employed,Pune,Mobile,Medium,C101,Python Basics,Programming,Beginner,45,4.6,3,16,84.0,4,2.2,25,10,8.2,7,2,4,66.1,96.0,76.2,3,16-04-2025,NetBanking,Yes,No,4328,33,3,2,5.0,Not Completed,0,0,0,1,2,1,4,3
39736,STU139736,Sakshi Mehta,Female,24,Master,Student,Nagpur,Mobile,Medium,C103,Introduction to AI,Programming,Intermediate,75,4.5,5,19,69.9,4,0.5,14,5,7.1,8,2,4,73.2,50.0,75.0,3,18-02-2025,Free,No,Yes,0,79,2,3,4.2,Completed,0,3,2,1,2,2,4,2
39737,STU139737,Arjun Nair,Male,17,Diploma,Student,Indore,Mobile,Low,C101,Python Basics,Programming,Beginner,45,4.6,3,35,92.9,3,8.7,4,5,7.9,4,5,0,66.3,67.2,59.9,6,05-06-2025,Free,No,Yes,0,82,2,0,4.0,Completed,1,1,2,1,1,1,4,2
39738,STU139738,Sai Kumar,Male,26,Master,Employed,Vadodara,Mobile,High,C103,Introduction to AI,Programming,Intermediate,75,4.5,4,32,69.7,2,3.9,5,2,7.6,6,4,1,89.9,65.9,63.7,1,07-09-2025,Free,No,No,0,85,2,0,4.1,Not Completed,1,3,0,1,0,2,4,2
39739,STU139739,Ritika Shah,Male,18,Bachelor,Student,Pune,Laptop,High,C107,Statistics for Data Science,Math,Intermediate,50,4.2,4,31,63.8,3,0.5,10,5,8.6,6,4,5,98.4,84.4,62.6,2,07-05-2025,UPI,Yes,No,4174,66,5,1,4.6,Not Completed,1,0,2,0,0,2,3,5
39740,STU139740,Krishna Iyer,Male,28,PhD,Student,Ahmedabad,Laptop,Low,C106,Machine Learning A-Z,Programming,Advanced,90,4.6,6,25,52.3,1,6.9,7,4,6.3,6,4,3,74.1,70.9,57.9,3,30-06-2025,Free,No,No,0,46,3,0,3.6,Not Completed,1,4,2,0,1,0,4,2
39741,STU139741,Vihaan Shah,Female,31,Bachelor,Student,Mumbai,Mobile,Medium,C107,Statistics for Data Science,Math,Intermediate,50,4.2,6,44,58.2,2,11.1,2,6,5.4,3,7,3,75.7,99.0,43.3,2,11-01-2025,UPI,Yes,No,4388,63,1,0,5.0,Not Completed,0,0,2,1,2,2,3,5
39742,STU139742,Arjun Bose,Male,26,HighSchool,Employed,Delhi,Mobile,High,C107,Statistics for Data Science,Math,Intermediate,50,4.2,5,42,51.6,2,2.1,1,7,8.9,7,3,2,66.4,39.8,62.0,1,09-06-2024,UPI,Yes,No,4854,94,5,4,3.4,Completed,1,2,0,1,0,2,3,5
39743,STU139743,Nikhil Gupta,Male,22,Bachelor,Unemployed,Nagpur,Mobile,Medium,C102,Data Analysis with Python,Programming,Intermediate,60,4.7,5,33,65.6,4,1.2,16,7,8.1,5,5,3,86.0,59.4,55.9,3,06-09-2024,Free,No,No,0,57,3,2,4.4,Completed,1,0,3,1,2,2,4,2
39744,STU139744,Neha Desai,Male,28,Bachelor,Employed,Jaipur,Mobile,Medium,C106,Machine Learning A-Z,Programming,Advanced,90,4.6,6,35,67.3,1,16.7,0,10,8.0,7,3,3,58.0,67.3,68.9,5,04-12-2023,Scholarship,No,No,1662,47,3,1,4.5,Not Completed,1,0,0,1,2,0,4,4
39745,STU139745,Ritika Bose,Female,22,Master,Self-Employed,Jaipur,Mobile,Medium,C107,Statistics for Data Science,Math,Intermediate,50,4.2,2,6,91.9,2,0.5,12,1,5.5,6,4,3,63.5,66.1,71.5,0,25-04-2025,NetBanking,Yes,No,4733,73,3,2,3.1,Completed,0,3,1,1,2,2,3,3
39746,STU139746,Pooja Patel,Male,23,HighSchool,Employed,Delhi,Tablet,Medium,C101,Python Basics,Programming,Beginner,45,4.6,7,30,28.7,3,0.5,2,1,7.3,3,7,3,70.1,100.0,33.1,3,30-06-2025,UPI,Yes,No,4089,40,1,2,4.6,Not Completed,1,2,0,2,2,1,4,5
39747,STU139747,Nikhil Sharma,Female,26,Master,Student,Nagpur,Mobile,High,C106,Machine Learning A-Z,Programming,Advanced,90,4.6,2,25,39.9,2,4.7,2,2,6.8,2,8,3,63.2,74.2,29.7,3,31-03-2024,Credit Card,Yes,No,5940,85,1,1,3.7,Not Completed,0,3,2,1,0,0,4,0
39748,STU139748,Priya Mehta,Female,22,Bachelor,Student,Chennai,Mobile,Medium,C103,Introduction to AI,Programming,Intermediate,75,4.5,8,53,56.0,2,7.3,0,7,6.5,5,5,4,52.6,48.7,52.0,3,10-12-2024,UPI,Yes,Yes,4904,69,3,0,4.5,Completed,0,0,2,1,2,2,4,5
39749,STU139749,Vihaan Sharma,Female,23,Bachelor,Student,Jaipur,Mobile,Medium,C102,Data Analysis with Python,Programming,Intermediate,60,4.7,6,27,34.3,4,0.5,1,8,6.5,6,4,5,73.6,63.6,51.2,5,17-04-2024,UPI,Yes,No,4791,54,3,0,4.2,Not Completed,0,0,2,1,2,2,4,5
39750,STU139750,Kavya Shah,Female,18,Bachelor,Unemployed,Hyderabad,Mobile,High,C103,Introduction to AI,Programming,Intermediate,75,4.5,3,19,82.6,4,0.5,0,5,6.7,3,7,2,68.7,70.2,50.4,2,17-05-2025,Free,No,No,0,60,4,0,3.7,Completed,0,0,3,1,0,2,4,2
39751,STU139751,Nikhil Patel,Female,27,Master,Student,Surat,Mobile,High,C104,Digital Marketing Essentials,Marketing,Beginner,30,4.3,5,29,43.5,3,4.1,1,6,7.5,7,3,3,77.4,77.1,61.1,7,03-07-2025,Credit Card,Yes,No,3488,66,3,0,4.6,Not Completed,0,3,2,1,0,1,2,0
39752,STU139752,Aarav Singh,Male,28,Bachelor,Employed,Bengaluru,Laptop,Medium,C108,Excel for Business,Business,Beginner,25,4.1,7,43,57.2,1,12.1,20,7,5.6,8,2,6,100.0,79.0,72.0,1,12-11-2023,UPI,Yes,No,3147,35,2,1,3.9,Completed,1,0,0,0,2,1,0,5
39753,STU139753,Sneha Reddy,Male,25,Master,Employed,Kolkata,Mobile,Medium,C101,Python Basics,Programming,Beginner,45,4.6,7,23,42.6,2,0.5,1,3,8.0,4,6,2,52.4,71.0,42.5,1,02-10-2024,Credit Card,Yes,No,4059,92,4,2,3.9,Not Completed,1,3,0,1,2,1,4,0
39754,STU139754,Meera Iyer,Female,22,Diploma,Employed,Vadodara,Laptop,High,C104,Digital Marketing Essentials,Marketing,Beginner,30,4.3,4,21,63.7,1,3.0,8,5,5.9,5,5,6,76.7,47.6,54.7,6,03-04-2025,Free,No,No,0,88,2,1,4.6,Not Completed,0,1,0,0,0,1,2,2
39755,STU139755,Vivaan Singh,Female,24,Diploma,Student,Mumbai,Mobile,Low,C108,Excel for Business,Business,Beginner,25,4.1,6,32,64.5,3,5.5,5,1,7.1,4,6,5,80.7,69.4,50.0,0,06-11-2023,Credit Card,Yes,No,3186,47,1,0,5.0,Completed,0,1,2,1,1,1,0,0
39756,STU139756,Rohan Verma,Female,19,Master,Self-Employed,Hyderabad,Mobile,Low,C107,Statistics for Data Science,Math,Intermediate,50,4.2,7,44,74.5,3,1.9,12,2,5.8,4,6,3,79.0,57.9,53.0,0,08-06-2024,Credit Card,Yes,No,4237,37,3,0,4.2,Not Completed,0,3,1,1,1,2,3,0
39757,STU139757,Ananya Joshi,Male,18,Bachelor,Student,Lucknow,Mobile,Low,C106,Machine Learning A-Z,Programming,Advanced,90,4.6,4,58,91.8,2,11.8,3,10,6.6,6,4,5,70.0,61.8,71.2,1,09-04-2024,Credit Card,Yes,No,6038,75,1,2,4.0,Not Completed,1,0,2,1,1,0,4,0
39758,STU139758,Pooja Patel,Female,19,Bachelor,Employed,Pune,Laptop,Medium,C104,Digital Marketing Essentials,Marketing,Beginner,30,4.3,6,24,78.6,1,3.4,5,3,5.4,1,9,4,60.0,88.0,37.9,3,09-12-2023,Free,No,No,0,34,2,1,5.0,Not Completed,0,0,0,0,2,1,2,2
39759,STU139759,Rahul Joshi,Male,28,Diploma,Student,Delhi,Mobile,Medium,C101,Python Basics,Programming,Beginner,45,4.6,4,29,59.0,0,10.2,8,7,4.1,8,2,4,70.3,64.1,71.9,3,08-11-2024,NetBanking,Yes,Yes,3750,36,5,1,4.0,Completed,1,1,2,1,2,1,4,3
39760,STU139760,Kavya Bose,Female,31,Master,Student,Indore,Laptop,Medium,C106,Machine Learning A-Z,Programming,Advanced,90,4.6,3,19,31.5,1,0.5,7,5,3.1,5,5,8,58.6,86.3,45.3,3,08-05-2024,UPI,Yes,No,6576,69,4,1,3.6,Not Completed,0,3,2,0,2,0,4,5
39761,STU139761,Krishna Desai,Female,31,Bachelor,Student,Bhopal,Laptop,Medium,C101,Python Basics,Programming,Beginner,45,4.6,6,25,75.6,4,8.6,0,7,6.3,7,3,6,83.4,99.0,73.4,0,20-12-2023,Credit Card,Yes,No,3958,73,4,2,4.1,Not Completed,0,0,2,0,2,1,4,0
39762,STU139762,Rohan Verma,Male,22,Diploma,Unemployed,Surat,Mobile,Medium,C105,UI/UX Design Fundamentals,Design,Beginner,40,4.4,3,21,59.5,1,3.1,0,7,7.0,4,6,8,88.6,62.8,48.0,1,13-07-2024,Free,No,No,0,96,2,0,4.7,Completed,1,1,3,1,2,1,1,2
39763,STU139763,Nikhil Kumar,Male,33,Master,Student,Pune,Mobile,High,C106,Machine Learning A-Z,Programming,Advanced,90,4.6,3,48,70.3,6,0.5,1,6,6.8,4,6,6,94.1,59.6,51.6,3,21-09-2025,NetBanking,Yes,No,5865,59,2,3,3.2,Completed,1,3,2,1,0,0,4,3
39764,STU139764,Krishna Bose,Male,23,HighSchool,Unemployed,Surat,Laptop,High,C103,Introduction to AI,Programming,Intermediate,75,4.5,8,58,71.9,2,9.3,7,5,6.6,7,2,4,99.4,74.4,70.9,2,30-08-2024,Free,No,No,0,56,4,0,2.9,Completed,1,2,3,0,0,2,4,2
39765,STU139765,Arjun Desai,Female,24,Bachelor,Student,Lucknow,Laptop,Low,C105,UI/UX Design Fundamentals,Design,Beginner,40,4.4,5,37,87.7,1,8.5,16,5,7.3,2,8,1,64.7,58.3,45.6,1,08-02-2024,Credit Card,Yes,No,3712,99,1,1,4.9,Completed,0,0,2,0,1,1,1,0
39766,STU139766,Rahul Singh,Female,19,HighSchool,Employed,Surat,Mobile,Medium,C101,Python Basics,Programming,Beginner,45,4.6,6,44,29.1,5,0.5,4,4,9.1,5,5,6,88.6,79.3,44.2,1,22-05-2024,Debit Card,Yes,No,4555,92,5,2,3.9,Not Completed,0,2,0,1,2,1,4,1
39767,STU139767,Ritika Kumar,Female,17,Bachelor,Student,Kolkata,Tablet,Medium,C102,Data Analysis with Python,Programming,Intermediate,60,4.7,6,25,28.5,2,5.7,7,3,8.3,8,2,5,77.0,78.0,61.9,2,12-06-2025,Credit Card,Yes,No,5217,91,3,0,3.5,Completed,0,0,2,2,2,2,4,0
39768,STU139768,Isha Patel,Female,22,Diploma,Student,Delhi,Laptop,High,C108,Excel for Business,Business,Beginner,25,4.1,3,23,26.8,3,8.5,3,3,5.1,6,4,4,80.0,54.4,48.1,2,16-11-2024,UPI,Yes,No,2959,72,4,0,4.2,Completed,0,1,2,0,0,1,0,5
39769,STU139769,Isha Singh,Female,22,Bachelor,Student,Vadodara,Mobile,Medium,C101,Python Basics,Programming,Beginner,45,4.6,4,32,61.0,5,3.3,2,5,5.6,4,6,4,51.6,55.5,48.1,1,17-06-2024,Debit Card,Yes,No,4570,27,1,1,4.5,Completed,0,0,2,1,2,1,4,1
39770,STU139770,Priya Kumar,Female,27,Master,Employed,Kolkata,Laptop,Medium,C102,Data Analysis with Python,Programming,Intermediate,60,4.7,6,26,83.5,1,0.5,4,7,2.7,5,5,5,64.8,78.6,63.2,3,10-12-2024,Debit Card,Yes,No,4792,94,3,1,4.0,Not Completed,0,3,0,0,2,2,4,1
39771,STU139771,Sai Sharma,Male,37,Master,Student,Indore,Mobile,Medium,C106,Machine Learning A-Z,Programming,Advanced,90,4.6,3,11,57.3,1,2.6,6,11,5.1,7,3,6,75.3,49.7,64.5,3,03-07-2025,Free,No,Yes,0,81,3,3,5.0,Completed,1,3,2,1,2,0,4,2
39772,STU139772,Rahul Verma,Female,27,Diploma,Student,Surat,Mobile,Medium,C105,UI/UX Design Fundamentals,Design,Beginner,40,4.4,5,25,43.3,7,0.5,2,8,6.8,5,5,4,67.0,64.0,48.4,2,07-01-2025,UPI,Yes,Yes,3620,100,2,1,4.1,Completed,0,1,2,1,2,1,1,5
39773,STU139773,Vihaan Shah,Male,29,Bachelor,Employed,Jaipur,Laptop,High,C105,UI/UX Design Fundamentals,Design,Beginner,40,4.4,5,31,65.5,2,2.3,1,4,8.6,6,3,5,70.6,78.2,62.8,4,30-08-2024,Credit Card,Yes,No,3989,62,1,0,5.0,Completed,1,0,0,0,0,1,1,0
39774,STU139774,Aarav Iyer,Female,24,HighSchool,Employed,Jaipur,Mobile,Medium,C101,Python Basics,Programming,Beginner,45,4.6,4,45,60.3,0,0.5,2,6,7.2,5,5,5,71.3,42.7,53.3,4,16-11-2024,Free,No,No,0,76,4,2,4.5,Not Completed,0,2,0,1,2,1,4,2
39775,STU139775,Vihaan Joshi,Female,20,Master,Student,Chennai,Mobile,Medium,C101,Python Basics,Programming,Beginner,45,4.6,8,41,82.8,7,8.3,1,6,10.0,8,2,4,76.2,84.5,81.2,2,24-06-2024,Credit Card,Yes,No,4175,100,3,1,3.8,Completed,0,3,2,1,2,1,4,0
39776,STU139776,Neha Singh,Male,26,PhD,Student,Vadodara,Laptop,Medium,C101,Python Basics,Programming,Beginner,45,4.6,5,39,47.2,6,2.6,2,10,4.4,7,2,6,57.1,75.1,62.3,1,25-03-2025,Debit Card,Yes,No,3869,40,2,1,3.6,Not Completed,1,4,2,0,2,1,4,1
39777,STU139777,Rahul Patel,Male,32,Bachelor,Employed,Pune,Laptop,Medium,C101,Python Basics,Programming,Beginner,45,4.6,6,36,76.8,1,2.7,1,4,10.0,3,7,6,97.1,75.3,48.7,4,20-03-2024,NetBanking,Yes,No,4213,70,3,0,2.8,Completed,1,0,0,0,2,1,4,3
39778,STU139778,Sneha Nair,Female,27,Bachelor,Employed,Mumbai,Mobile,Medium,C103,Introduction to AI,Programming,Intermediate,75,4.5,5,41,63.3,3,10.3,4,4,8.9,2,8,4,81.4,48.0,36.6,1,21-04-2024,UPI,Yes,No,5305,50,3,3,4.7,Completed,0,0,0,1,2,2,4,5
39779,STU139779,Sai Patel,Male,26,Master,Employed,Vadodara,Mobile,High,C101,Python Basics,Programming,Beginner,45,4.6,3,35,66.6,4,0.5,9,4,8.0,3,7,4,90.7,60.8,44.3,2,25-03-2025,Debit Card,Yes,No,4035,100,4,1,3.7,Not Completed,1,3,0,1,0,1,4,1
39780,STU139780,Nikhil Iyer,Male,38,Master,Employed,Bengaluru,Mobile,High,C106,Machine Learning A-Z,Programming,Advanced,90,4.6,3,27,67.5,1,5.9,0,4,6.1,4,6,3,82.6,94.4,52.4,4,16-02-2024,NetBanking,Yes,No,6887,93,1,1,5.0,Completed,1,3,0,1,0,0,4,3
39781,STU139781,Aditya Sharma,Male,34,Master,Student,Hyderabad,Mobile,Medium,C103,Introduction to AI,Programming,Intermediate,75,4.5,5,25,80.7,4,0.5,2,6,9.8,2,8,5,73.2,43.5,42.4,5,01-01-2025,Free,No,No,0,80,5,0,4.1,Not Completed,1,3,2,1,2,2,4,2
39782,STU139782,Isha Bose,Female,24,Bachelor,Student,Surat,Mobile,Medium,C102,Data Analysis with Python,Programming,Intermediate,60,4.7,4,47,86.0,3,0.5,8,6,6.6,3,7,2,68.0,58.1,51.0,1,19-12-2023,UPI,Yes,Yes,3868,79,0,2,5.0,Completed,0,0,2,1,2,2,4,5
39783,STU139783,Nikhil Desai,Female,21,Bachelor,Employed,Jaipur,Laptop,Low,C106,Machine Learning A-Z,Programming,Advanced,90,4.6,5,22,82.2,0,3.5,6,3,2.8,3,6,2,87.6,73.7,50.4,3,14-09-2024,UPI,Yes,No,6097,79,2,0,4.9,Not Completed,0,0,0,0,1,0,4,5
39784,STU139784,Meera Bhardwaj,Male,18,Bachelor,Self-Employed,Vadodara,Laptop,Medium,C106,Machine Learning A-Z,Programming,Advanced,90,4.6,3,42,78.6,3,0.5,0,7,6.0,4,6,4,80.6,65.0,54.8,3,27-06-2025,Scholarship,No,No,1500,51,3,3,3.0,Not Completed,1,0,1,0,2,0,4,4
39785,STU139785,Kavya Verma,Male,19,Bachelor,Student,Kolkata,Laptop,High,C107,Statistics for Data Science,Math,Intermediate,50,4.2,3,38,85.7,4,0.5,3,7,5.8,6,4,5,69.8,70.0,69.5,2,28-11-2024,NetBanking,Yes,No,4580,63,3,0,4.8,Completed,1,0,2,0,0,2,3,3
39786,STU139786,Sai Singh,Male,19,Master,Employed,Lucknow,Mobile,Medium,C106,Machine Learning A-Z,Programming,Advanced,90,4.6,5,29,23.1,2,7.4,4,3,4.9,5,5,4,59.9,82.8,42.2,6,07-03-2024,Free,No,No,0,56,4,0,4.3,Not Completed,1,3,0,1,2,0,4,2
39787,STU139787,Vihaan Bhardwaj,Male,33,Bachelor,Employed,Bhopal,Mobile,High,C107,Statistics for Data Science,Math,Intermediate,50,4.2,5,38,87.1,2,15.5,2,10,6.6,8,2,6,67.6,67.7,81.9,3,25-07-2025,UPI,Yes,No,4157,81,2,0,4.1,Completed,1,0,0,1,0,2,3,5
39788,STU139788,Pooja Singh,Female,18,Bachelor,Student,Vadodara,Laptop,Medium,C108,Excel for Business,Business,Beginner,25,4.1,5,13,59.6,4,0.5,34,1,7.0,4,6,4,79.6,61.9,48.0,4,29-11-2023,Scholarship,No,Yes,279,85,0,0,4.7,Not Completed,0,0,2,0,2,1,0,4
39789,STU139789,Rahul Bhardwaj,Male,23,Master,Student,Indore,Laptop,High,C107,Statistics for Data Science,Math,Intermediate,50,4.2,8,47,76.8,4,3.2,0,8,6.0,6,4,7,89.2,83.7,67.1,4,21-10-2023,Free,No,No,0,57,3,0,4.7,Completed,1,3,2,0,0,2,3,2
39790,STU139790,Neha Singh,Male,17,Bachelor,Employed,Pune,Mobile,High,C104,Digital Marketing Essentials,Marketing,Beginner,30,4.3,10,35,84.2,5,2.9,4,8,8.1,3,7,5,61.3,60.2,50.5,3,01-03-2024,UPI,Yes,Yes,2913,79,1,0,5.0,Not Completed,1,0,0,1,0,1,2,5
39791,STU139791,Ananya Reddy,Male,18,Bachelor,Student,Chennai,Mobile,High,C107,Statistics for Data Science,Math,Intermediate,50,4.2,5,45,61.6,8,0.5,6,7,9.6,3,7,3,87.0,61.8,42.7,3,12-06-2025,Free,No,No,0,63,4,1,5.0,Not Completed,1,0,2,1,0,2,3,2
39792,STU139792,Rahul Bhardwaj,Female,32,Master,Employed,Kolkata,Mobile,Medium,C107,Statistics for Data Science,Math,Intermediate,50,4.2,4,14,60.6,0,0.5,4,3,8.1,7,3,0,55.4,55.2,66.0,2,20-02-2024,UPI,Yes,Yes,4183,62,3,1,4.8,Completed,0,3,0,1,2,2,3,5
39793,STU139793,Krishna Shah,Male,31,Bachelor,Employed,Jaipur,Mobile,Low,C103,Introduction to AI,Programming,Intermediate,75,4.5,3,17,8.1,1,0.5,6,4,5.8,3,7,2,73.8,87.4,25.2,2,29-08-2024,UPI,Yes,Yes,4527,95,5,0,3.9,Not Completed,1,0,0,1,1,2,4,5
39794,STU139794,Rohan Bhardwaj,Male,22,Bachelor,Unemployed,Vadodara,Laptop,Medium,C104,Digital Marketing Essentials,Marketing,Beginner,30,4.3,3,50,59.9,0,3.5,0,9,9.2,6,4,2,65.5,61.6,60.0,5,27-01-2024,UPI,Yes,No,3732,58,1,1,4.3,Not Completed,1,0,3,0,2,1,2,5
39795,STU139795,Meera Patel,Female,29,Bachelor,Employed,Mumbai,Mobile,Medium,C102,Data Analysis with Python,Programming,Intermediate,60,4.7,4,51,53.7,0,10.0,0,7,5.4,3,7,5,72.1,56.9,39.6,3,29-12-2023,Credit Card,Yes,Yes,3943,73,2,1,3.7,Completed,0,0,0,1,2,2,4,0
39796,STU139796,Aditya Bhardwaj,Male,17,Master,Employed,Vadodara,Laptop,Medium,C102,Data Analysis with Python,Programming,Intermediate,60,4.7,8,22,59.3,4,0.7,13,8,4.6,4,6,1,57.2,74.4,48.5,1,21-07-2024,Debit Card,Yes,No,5396,99,1,1,2.8,Completed,1,3,0,0,2,2,4,1
39797,STU139797,Aditya Joshi,Male,19,Bachelor,Student,Lucknow,Laptop,Medium,C101,Python Basics,Programming,Beginner,45,4.6,4,23,61.2,2,0.5,5,6,10.0,6,4,5,88.5,69.2,60.9,4,03-10-2025,Credit Card,Yes,Yes,3313,48,1,0,3.5,Completed,1,0,2,0,2,1,4,0
39798,STU139798,Rahul Sharma,Male,24,PhD,Student,Bengaluru,Mobile,Medium,C108,Excel for Business,Business,Beginner,25,4.1,3,38,65.3,2,2.2,1,4,4.7,2,8,4,75.8,40.7,36.9,3,03-09-2024,Free,No,No,0,37,3,0,3.6,Not Completed,1,4,2,1,2,1,0,2
39799,STU139799,Vihaan Sharma,Male,32,Master,Employed,Chennai,Mobile,Medium,C102,Data Analysis with Python,Programming,Intermediate,60,4.7,4,5,65.6,0,1.5,11,7,7.9,2,7,3,82.6,44.3,37.2,1,26-08-2024,Credit Card,Yes,Yes,4358,87,1,1,4.1,Not Completed,1,3,0,1,2,2,4,0
39800,STU139800,Ritika Bhardwaj,Female,29,Diploma,Employed,Chennai,Tablet,High,C101,Python Basics,Programming,Beginner,45,4.6,6,31,64.6,4,0.5,10,11,8.4,5,5,3,76.2,69.2,56.1,3,01-09-2025,Debit Card,Yes,Yes,3909,93,0,0,3.9,Completed,0,1,0,2,0,1,4,1
39801,STU139801,Nikhil Singh,Other,36,HighSchool,Employed,Ahmedabad,Laptop,High,C105,UI/UX Design Fundamentals,Design,Beginner,40,4.4,7,36,30.2,0,14.6,1,7,5.9,6,4,4,63.6,94.2,51.3,3,25-05-2025,Debit Card,Yes,No,4076,47,2,0,4.3,Not Completed,2,2,0,0,0,1,1,1
39802,STU139802,Rahul Desai,Female,17,Bachelor,Student,Delhi,Laptop,Medium,C108,Excel for Business,Business,Beginner,25,4.1,4,34,36.7,8,1.7,3,2,6.0,5,5,4,70.6,66.6,46.2,1,02-08-2024,Free,No,No,0,89,3,0,4.4,Not Completed,0,0,2,0,2,1,0,2
39803,STU139803,Sneha Singh,Other,22,Bachelor,Employed,Hyderabad,Laptop,Low,C101,Python Basics,Programming,Beginner,45,4.6,8,42,81.0,1,4.0,22,6,10.0,6,4,1,75.8,79.5,68.3,3,06-11-2024,NetBanking,Yes,No,4320,81,2,1,3.6,Not Completed,2,0,0,0,1,1,4,3
39804,STU139804,Vivaan Joshi,Male,33,Bachelor,Employed,Vadodara,Laptop,Medium,C104,Digital Marketing Essentials,Marketing,Beginner,30,4.3,7,37,53.9,3,0.5,3,5,7.1,3,7,2,61.0,62.0,40.0,1,16-11-2024,UPI,Yes,Yes,2715,62,2,0,3.9,Not Completed,1,0,0,0,2,1,2,5
39805,STU139805,Vihaan Sharma,Male,17,Bachelor,Employed,Surat,Mobile,Low,C105,UI/UX Design Fundamentals,Design,Beginner,40,4.4,6,14,16.2,3,0.5,7,2,4.3,3,7,1,65.9,64.4,26.9,1,15-01-2024,UPI,Yes,No,3906,99,1,0,3.9,Completed,1,0,0,1,1,1,1,5
39806,STU139806,Nikhil Nair,Male,34,Bachelor,Student,Delhi,Laptop,Medium,C101,Python Basics,Programming,Beginner,45,4.6,4,35,73.4,4,7.6,2,6,6.6,7,3,4,77.0,60.1,70.7,2,21-01-2025,Debit Card,Yes,No,4293,97,3,1,3.4,Completed,1,0,2,0,2,1,4,1
39807,STU139807,Priya Iyer,Male,17,Master,Employed,Pune,Laptop,Medium,C106,Machine Learning A-Z,Programming,Advanced,90,4.6,3,34,69.6,2,17.3,3,7,7.6,7,3,5,79.0,84.7,70.6,3,10-04-2025,NetBanking,Yes,No,6825,50,2,0,5.0,Completed,1,3,0,0,2,0,4,3
39808,STU139808,Ritika Kumar,Female,27,PhD,Student,Bengaluru,Laptop,High,C105,UI/UX Design Fundamentals,Design,Beginner,40,4.4,5,15,59.3,1,6.7,0,5,4.4,7,3,4,67.4,70.2,66.3,2,08-01-2024,Scholarship,No,No,650,72,1,0,3.5,Completed,0,4,2,0,0,1,1,4
39809,STU139809,Ritika Nair,Female,32,Diploma,Student,Kolkata,Mobile,Medium,C108,Excel for Business,Business,Beginner,25,4.1,5,35,15.2,1,2.6,14,3,0.0,5,5,0,62.0,41.7,37.4,1,13-02-2025,UPI,Yes,No,3112,33,2,0,4.4,Not Completed,0,1,2,1,2,1,0,5
39810,STU139810,Sneha Verma,Male,27,Master,Employed,Indore,Mobile,High,C102,Data Analysis with Python,Programming,Intermediate,60,4.7,5,39,16.8,1,10.0,36,3,7.8,4,6,2,73.6,62.9,33.0,1,03-03-2025,UPI,Yes,No,4823,71,2,1,2.5,Not Completed,1,3,0,1,0,2,4,5
39811,STU139811,Neha Nair,Female,33,Master,Unemployed,Vadodara,Laptop,Medium,C103,Introduction to AI,Programming,Intermediate,75,4.5,3,30,70.1,2,0.8,2,7,6.6,6,4,5,73.5,92.1,65.1,4,16-09-2025,Credit Card,Yes,No,6046,57,2,1,5.0,Completed,0,3,3,0,2,2,4,0
39812,STU139812,Neha Iyer,Male,26,Master,Unemployed,Mumbai,Mobile,Medium,C104,Digital Marketing Essentials,Marketing,Beginner,30,4.3,7,34,71.9,0,0.5,19,7,1.2,5,5,3,96.3,80.2,59.2,3,30-08-2024,Scholarship,No,No,1455,56,2,2,5.0,Completed,1,3,3,1,2,1,2,4
39813,STU139813,Sakshi Mehta,Male,26,Bachelor,Employed,Hyderabad,Mobile,Medium,C105,UI/UX Design Fundamentals,Design,Beginner,40,4.4,3,22,90.7,1,2.4,8,5,7.8,2,8,5,72.7,71.1,47.3,2,18-09-2025,Free,No,Yes,0,56,3,1,2.9,Completed,1,0,0,1,2,1,1,2
39814,STU139814,Priya Kumar,Male,21,Bachelor,Student,Nagpur,Laptop,Medium,C104,Digital Marketing Essentials,Marketing,Beginner,30,4.3,3,32,74.0,2,3.7,24,4,6.7,3,7,4,83.8,78.1,47.8,3,19-09-2024,Free,No,No,0,60,3,0,3.4,Not Completed,1,0,2,0,2,1,2,2
39815,STU139815,Ritika Desai,Male,28,Bachelor,Employed,Mumbai,Mobile,Medium,C101,Python Basics,Programming,Beginner,45,4.6,6,38,60.0,1,0.5,10,4,5.3,3,7,2,54.5,41.8,41.1,3,29-03-2024,Credit Card,Yes,No,3842,56,3,1,3.4,Completed,1,0,0,1,2,1,4,0
39816,STU139816,Priya Bose,Female,22,Bachelor,Employed,Nagpur,Mobile,High,C108,Excel for Business,Business,Beginner,25,4.1,6,28,66.9,4,6.7,4,5,7.8,3,7,5,66.9,70.3,44.9,2,16-09-2024,UPI,Yes,No,3009,89,4,2,4.5,Not Completed,0,0,0,1,0,1,0,5
39817,STU139817,Sakshi Nair,Female,19,HighSchool,Student,Chennai,Mobile,Low,C108,Excel for Business,Business,Beginner,25,4.1,3,36,90.5,3,0.5,0,7,7.4,5,5,6,84.5,66.0,65.0,1,15-04-2025,Free,No,No,0,88,2,1,5.0,Completed,0,2,2,1,1,1,0,2
39818,STU139818,Ananya Bhardwaj,Female,39,Bachelor,Student,Mumbai,Laptop,High,C101,Python Basics,Programming,Beginner,45,4.6,7,12,21.2,0,0.5,4,2,7.5,4,6,3,60.3,53.3,34.1,4,04-12-2023,Scholarship,No,No,853,86,0,2,5.0,Completed,0,0,2,0,0,1,4,4
39819,STU139819,Sneha Joshi,Male,34,Bachelor,Student,Surat,Mobile,Medium,C101,Python Basics,Programming,Beginner,45,4.6,2,37,57.7,1,0.5,12,3,5.6,4,6,0,58.5,100.0,49.2,1,13-06-2024,Free,No,No,0,46,3,1,5.0,Not Completed,1,0,2,1,2,1,4,2
39820,STU139820,Ritika Joshi,Male,24,Bachelor,Employed,Nagpur,Mobile,Medium,C101,Python Basics,Programming,Beginner,45,4.6,2,38,79.1,0,0.5,0,12,4.2,3,7,4,72.0,72.7,49.3,4,25-05-2024,NetBanking,Yes,No,4337,80,3,1,4.5,Not Completed,1,0,0,1,2,1,4,3
39821,STU139821,Rahul Joshi,Male,28,Bachelor,Self-Employed,Bengaluru,Mobile,Medium,C103,Introduction to AI,Programming,Intermediate,75,4.5,6,42,86.9,3,0.5,5,9,7.2,5,4,6,55.2,83.3,64.6,3,17-01-2024,Debit Card,Yes,No,6145,70,4,0,3.6,Not Completed,1,0,1,1,2,2,4,1
39822,STU139822,Nikhil Bose,Female,17,Bachelor,Student,Pune,Mobile,High,C104,Digital Marketing Essentials,Marketing,Beginner,30,4.3,3,20,51.0,2,3.6,1,6,8.1,5,5,4,46.0,76.5,51.7,0,15-09-2025,UPI,Yes,No,3577,75,2,0,4.4,Not Completed,0,0,2,1,0,1,2,5
39823,STU139823,Vivaan Iyer,Female,22,Bachelor,Employed,Hyderabad,Mobile,High,C103,Introduction to AI,Programming,Intermediate,75,4.5,4,30,84.5,1,0.5,11,0,5.6,5,4,4,65.0,66.9,62.9,4,22-11-2024,Free,No,No,0,72,1,3,3.1,Completed,0,0,0,1,0,2,4,2
39824,STU139824,Aditya Bhardwaj,Male,30,Bachelor,Employed,Hyderabad,Mobile,Medium,C101,Python Basics,Programming,Beginner,45,4.6,3,21,39.3,5,0.5,23,3,6.6,1,9,4,65.0,62.7,22.9,3,05-04-2025,Scholarship,No,No,254,46,1,1,4.3,Not Completed,1,0,0,1,2,1,4,4
39825,STU139825,Aditya Sharma,Female,17,Bachelor,Student,Hyderabad,Laptop,High,C102,Data Analysis with Python,Programming,Intermediate,60,4.7,7,40,96.7,2,0.5,6,3,3.6,7,3,4,96.0,90.4,80.4,4,05-03-2024,NetBanking,Yes,Yes,4202,100,6,1,4.6,Completed,0,0,2,0,0,2,4,3
39826,STU139826,Ritika Joshi,Male,22,PhD,Student,Pune,Laptop,High,C108,Excel for Business,Business,Beginner,25,4.1,6,37,69.1,1,0.5,0,4,8.2,6,4,4,87.5,96.3,65.0,3,20-10-2023,UPI,Yes,No,3488,52,4,1,5.0,Completed,1,4,2,0,0,1,0,5
39827,STU139827,Priya Joshi,Female,22,Bachelor,Employed,Lucknow,Laptop,Low,C107,Statistics for Data Science,Math,Intermediate,50,4.2,2,24,81.8,2,0.5,24,4,7.2,4,6,2,73.1,59.5,55.6,3,14-11-2024,Credit Card,Yes,No,4128,84,0,0,4.7,Completed,0,0,0,0,1,2,3,0
39828,STU139828,Pooja Bhardwaj,Male,29,Bachelor,Employed,Mumbai,Mobile,Medium,C102,Data Analysis with Python,Programming,Intermediate,60,4.7,4,32,73.2,1,1.5,18,5,5.8,3,6,5,78.0,52.9,46.3,3,11-03-2025,UPI,Yes,No,5018,86,0,0,4.4,Not Completed,1,0,0,1,2,2,4,5
39829,STU139829,Aditya Bose,Female,21,PhD,Employed,Lucknow,Mobile,High,C106,Machine Learning A-Z,Programming,Advanced,90,4.6,7,29,64.6,3,3.2,2,6,1.8,3,7,7,83.4,100.0,45.6,5,14-05-2025,NetBanking,Yes,No,6625,77,1,1,4.3,Not Completed,0,4,0,1,0,0,4,3
39830,STU139830,Pooja Patel,Female,31,Bachelor,Employed,Lucknow,Mobile,High,C102,Data Analysis with Python,Programming,Intermediate,60,4.7,3,25,31.3,4,0.7,3,3,8.6,6,4,4,63.6,87.2,51.3,3,26-07-2024,UPI,Yes,Yes,4196,55,2,1,3.7,Not Completed,0,0,0,1,0,2,4,5
39831,STU139831,Nikhil Verma,Female,28,Bachelor,Employed,Surat,Laptop,Medium,C104,Digital Marketing Essentials,Marketing,Beginner,30,4.3,5,26,73.3,1,3.4,3,8,5.2,1,9,7,77.1,45.0,33.9,2,14-01-2024,Free,No,No,0,58,1,0,3.6,Not Completed,0,0,0,0,2,1,2,2
39832,STU139832,Aarav Kumar,Male,26,Bachelor,Student,Chennai,Tablet,Medium,C102,Data Analysis with Python,Programming,Intermediate,60,4.7,4,48,7.1,2,5.1,2,3,9.8,5,5,4,80.2,60.8,35.5,2,05-11-2024,UPI,Yes,Yes,4392,100,3,1,4.5,Not Completed,1,0,2,2,2,2,4,5
39833,STU139833,Rohan Nair,Female,21,Bachelor,Employed,Indore,Laptop,Medium,C107,Statistics for Data Science,Math,Intermediate,50,4.2,6,36,68.3,3,1.0,0,3,10.0,3,7,4,68.6,94.3,46.6,3,07-08-2025,UPI,Yes,No,4557,79,4,0,2.9,Completed,0,0,0,0,2,2,3,5
39834,STU139834,Sneha Verma,Male,19,Bachelor,Employed,Jaipur,Mobile,Medium,C102,Data Analysis with Python,Programming,Intermediate,60,4.7,2,45,90.5,4,0.5,6,7,6.2,3,7,2,58.7,98.3,54.6,1,02-09-2024,Credit Card,Yes,No,4716,83,2,1,3.8,Completed,1,0,0,1,2,2,4,0
39835,STU139835,Pooja Kumar,Female,31,Bachelor,Student,Ahmedabad,Laptop,Low,C106,Machine Learning A-Z,Programming,Advanced,90,4.6,3,41,77.3,3,8.1,3,9,3.1,3,7,3,71.0,32.9,46.7,1,18-04-2024,UPI,Yes,No,6816,71,3,1,3.9,Completed,0,0,2,0,1,0,4,5
39836,STU139836,Vivaan Bhardwaj,Male,20,HighSchool,Student,Surat,Mobile,High,C101,Python Basics,Programming,Beginner,45,4.6,5,36,56.4,3,0.5,2,9,10.0,6,4,3,97.0,62.2,58.8,2,17-11-2023,UPI,Yes,No,3985,86,1,1,4.4,Completed,1,2,2,1,0,1,4,5
39837,STU139837,Sai Singh,Female,28,Bachelor,Employed,Bhopal,Mobile,Low,C105,UI/UX Design Fundamentals,Design,Beginner,40,4.4,3,36,79.0,0,4.1,18,5,7.1,5,5,4,76.0,49.3,60.1,4,10-08-2025,UPI,Yes,No,4228,100,1,1,4.1,Completed,0,0,0,1,1,1,1,5
39838,STU139838,Pooja Bose,Male,31,Bachelor,Unemployed,Bengaluru,Mobile,Medium,C103,Introduction to AI,Programming,Intermediate,75,4.5,11,40,92.2,4,5.1,2,7,6.7,2,8,2,74.3,39.6,46.3,4,24-10-2024,NetBanking,Yes,No,6317,54,1,0,3.9,Not Completed,1,0,3,1,2,2,4,3
39839,STU139839,Sai Singh,Female,21,Bachelor,Student,Mumbai,Mobile,Medium,C103,Introduction to AI,Programming,Intermediate,75,4.5,3,47,77.5,1,9.5,11,3,4.0,2,8,2,72.6,63.3,42.3,1,22-07-2024,Debit Card,Yes,No,5610,57,2,1,4.7,Completed,0,0,2,1,2,2,4,1
39840,STU139840,Krishna Kumar,Male,33,Diploma,Employed,Delhi,Laptop,Medium,C108,Excel for Business,Business,Beginner,25,4.1,3,59,85.0,1,3.7,1,5,6.8,4,6,4,89.5,58.6,56.7,2,31-12-2023,Debit Card,Yes,Yes,2829,45,3,3,3.6,Not Completed,1,1,0,0,2,1,0,1
39841,STU139841,Aditya Sharma,Female,28,HighSchool,Employed,Jaipur,Mobile,Medium,C103,Introduction to AI,Programming,Intermediate,75,4.5,6,34,19.8,2,7.2,8,3,2.8,3,7,5,45.7,64.5,28.2,1,09-05-2025,UPI,Yes,No,6004,77,2,1,4.7,Completed,0,2,0,1,2,2,4,5
39842,STU139842,Krishna Bose,Female,35,HighSchool,Employed,Surat,Mobile,High,C104,Digital Marketing Essentials,Marketing,Beginner,30,4.3,3,32,83.0,6,0.5,0,4,6.3,2,8,5,87.5,70.1,44.6,1,24-09-2025,Credit Card,Yes,No,3789,56,1,1,5.0,Completed,0,2,0,1,0,1,2,0
39843,STU139843,Vihaan Bose,Male,30,Master,Student,Pune,Mobile,Medium,C102,Data Analysis with Python,Programming,Intermediate,60,4.7,1,26,54.8,4,0.5,0,2,5.7,7,3,1,83.5,75.8,65.0,4,28-01-2025,Free,No,No,0,86,2,1,3.7,Not Completed,1,3,2,1,2,2,4,2
39844,STU139844,Krishna Bhardwaj,Female,29,HighSchool,Employed,Chennai,Laptop,Medium,C106,Machine Learning A-Z,Programming,Advanced,90,4.6,5,45,35.8,1,5.0,4,8,7.4,4,6,2,67.5,83.4,40.7,1,08-11-2024,NetBanking,Yes,No,6299,72,1,0,4.3,Completed,0,2,0,0,2,0,4,3
39845,STU139845,Krishna Joshi,Female,26,HighSchool,Employed,Vadodara,Mobile,Medium,C105,UI/UX Design Fundamentals,Design,Beginner,40,4.4,6,37,83.8,2,7.6,1,2,5.9,2,8,3,54.3,83.4,45.5,1,07-12-2024,UPI,Yes,Yes,3105,55,5,1,3.9,Completed,0,2,0,1,2,1,1,5
39846,STU139846,Isha Reddy,Female,17,Bachelor,Student,Nagpur,Mobile,Medium,C105,UI/UX Design Fundamentals,Design,Beginner,40,4.4,5,35,38.1,3,8.3,5,3,7.0,5,4,1,55.5,56.3,46.2,2,27-09-2025,Free,No,No,0,43,6,3,3.9,Completed,0,0,2,1,2,1,1,2
39847,STU139847,Sakshi Gupta,Female,31,Bachelor,Self-Employed,Pune,Mobile,Medium,C108,Excel for Business,Business,Beginner,25,4.1,9,31,65.0,1,12.2,5,5,6.8,5,5,4,84.2,43.4,54.9,2,02-01-2024,Free,No,No,0,72,0,0,3.9,Not Completed,0,0,1,1,2,1,0,2
39848,STU139848,Meera Sharma,Female,27,HighSchool,Student,Pune,Mobile,Low,C103,Introduction to AI,Programming,Intermediate,75,4.5,8,23,64.9,3,11.6,1,7,7.5,7,3,10,67.6,82.8,68.9,1,27-08-2024,Scholarship,No,Yes,581,60,7,1,3.7,Not Completed,0,2,2,1,1,2,4,4
39849,STU139849,Neha Desai,Male,37,Bachelor,Employed,Mumbai,Laptop,High,C104,Digital Marketing Essentials,Marketing,Beginner,30,4.3,4,5,47.4,3,0.5,1,7,4.1,5,5,4,76.4,84.3,50.8,5,06-10-2025,Scholarship,No,Yes,811,65,2,0,3.2,Not Completed,1,0,0,0,0,1,2,4
39850,STU139850,Sakshi Bhardwaj,Female,30,HighSchool,Employed,Chennai,Mobile,Medium,C103,Introduction to AI,Programming,Intermediate,75,4.5,7,32,31.3,0,11.6,1,7,5.2,5,5,6,62.5,68.4,44.4,3,28-09-2024,Free,No,No,0,86,0,1,5.0,Not Completed,0,2,0,1,2,2,4,2
39851,STU139851,Sneha Desai,Male,24,HighSchool,Student,Pune,Mobile,Medium,C102,Data Analysis with Python,Programming,Intermediate,60,4.7,5,48,76.6,1,7.8,13,5,6.5,4,6,6,71.9,78.9,54.7,4,13-08-2024,UPI,Yes,No,5214,22,2,1,3.2,Not Completed,1,2,2,1,2,2,4,5
39852,STU139852,Ananya Desai,Female,31,HighSchool,Student,Nagpur,Laptop,Medium,C104,Digital Marketing Essentials,Marketing,Beginner,30,4.3,4,41,76.4,1,0.5,3,5,10.0,8,2,2,77.0,68.1,78.1,0,16-04-2024,Free,No,No,0,71,4,1,3.4,Completed,0,2,2,0,2,1,2,2
39853,STU139853,Rohan Gupta,Female,30,HighSchool,Student,Bengaluru,Mobile,Low,C104,Digital Marketing Essentials,Marketing,Beginner,30,4.3,4,31,46.0,2,6.4,7,3,4.3,2,8,3,66.0,53.7,30.8,3,09-04-2024,Scholarship,No,No,934,73,3,0,4.7,Not Completed,0,2,2,1,1,1,2,4
39854,STU139854,Rohan Bhardwaj,Female,24,PhD,Employed,Hyderabad,Mobile,Low,C104,Digital Marketing Essentials,Marketing,Beginner,30,4.3,4,45,92.0,1,1.6,18,3,3.5,5,5,5,74.1,45.6,64.5,2,16-06-2025,Scholarship,No,Yes,1246,47,2,0,4.3,Completed,0,4,0,1,1,1,2,4
39855,STU139855,Pooja Verma,Female,29,Bachelor,Employed,Vadodara,Mobile,High,C106,Machine Learning A-Z,Programming,Advanced,90,4.6,3,46,94.0,3,4.8,4,10,5.0,2,7,2,54.1,59.9,47.9,4,26-03-2025,Scholarship,No,No,536,86,1,0,5.0,Not Completed,0,0,0,1,0,0,4,4
39856,STU139856,Sai Mehta,Male,22,Bachelor,Student,Pune,Mobile,Low,C106,Machine Learning A-Z,Programming,Advanced,90,4.6,4,45,61.2,2,7.4,0,4,3.3,4,6,2,79.5,46.2,47.7,1,09-02-2025,UPI,Yes,No,7135,35,2,0,5.0,Completed,1,0,2,1,1,0,4,5
39857,STU139857,Sneha Shah,Male,29,Bachelor,Employed,Kolkata,Mobile,Medium,C102,Data Analysis with Python,Programming,Intermediate,60,4.7,3,40,64.1,4,0.5,0,2,5.7,3,7,1,89.8,90.5,45.0,3,24-05-2025,Credit Card,Yes,No,5059,53,1,0,3.5,Completed,1,0,0,1,2,2,4,0
39858,STU139858,Vihaan Desai,Female,45,Bachelor,Self-Employed,Delhi,Laptop,High,C107,Statistics for Data Science,Math,Intermediate,50,4.2,7,21,59.4,1,1.0,11,3,3.2,6,4,5,64.3,55.8,59.6,1,04-05-2024,Debit Card,Yes,Yes,3562,83,1,1,3.1,Completed,0,0,1,0,0,2,3,1
39859,STU139859,Sakshi Kumar,Female,18,Bachelor,Student,Nagpur,Mobile,Low,C108,Excel for Business,Business,Beginner,25,4.1,6,40,31.8,3,3.7,1,2,7.7,3,7,3,64.2,66.7,32.5,1,11-04-2024,UPI,Yes,Yes,2702,72,2,0,4.1,Completed,0,0,2,1,1,1,0,5
39860,STU139860,Arjun Kumar,Female,30,Master,Employed,Ahmedabad,Mobile,Medium,C104,Digital Marketing Essentials,Marketing,Beginner,30,4.3,3,51,48.5,3,13.7,1,1,6.1,7,3,6,63.3,76.7,62.8,1,20-05-2024,Free,No,No,0,48,4,0,3.4,Not Completed,0,3,0,1,2,1,2,2
39861,STU139861,Vivaan Bose,Female,29,Diploma,Employed,Nagpur,Laptop,High,C101,Python Basics,Programming,Beginner,45,4.6,6,42,35.0,3,1.1,2,4,9.4,5,5,7,66.4,73.6,45.9,1,24-03-2024,NetBanking,Yes,No,4563,39,3,0,5.0,Not Completed,0,1,0,0,0,1,4,3
39862,STU139862,Pooja Mehta,Male,25,Bachelor,Self-Employed,Mumbai,Mobile,Low,C106,Machine Learning A-Z,Programming,Advanced,90,4.6,2,33,62.5,1,4.0,2,4,4.1,5,4,4,82.4,57.8,54.8,1,05-09-2025,Free,No,No,0,56,1,1,3.6,Completed,1,0,1,1,1,0,4,2
39863,STU139863,Vivaan Shah,Female,24,Master,Student,Delhi,Mobile,High,C107,Statistics for Data Science,Math,Intermediate,50,4.2,5,25,55.9,3,0.5,4,5,9.1,6,4,3,62.4,68.3,59.0,3,13-04-2024,NetBanking,Yes,No,4299,88,3,1,4.3,Completed,0,3,2,1,0,2,3,3
39864,STU139864,Vivaan Desai,Male,27,Master,Student,Delhi,Mobile,Medium,C107,Statistics for Data Science,Math,Intermediate,50,4.2,8,36,32.9,7,3.1,6,1,8.3,3,6,8,53.6,85.6,33.8,7,25-04-2025,UPI,Yes,No,4527,34,0,0,3.5,Not Completed,1,3,2,1,2,2,3,5
39865,STU139865,Priya Desai,Female,22,Bachelor,Employed,Kolkata,Mobile,High,C104,Digital Marketing Essentials,Marketing,Beginner,30,4.3,7,60,41.0,5,6.2,0,7,5.0,5,5,4,90.8,62.8,47.5,3,17-02-2025,Debit Card,Yes,No,3227,96,2,0,4.5,Completed,0,0,0,1,0,1,2,1
39866,STU139866,Arjun Nair,Male,29,Bachelor,Employed,Nagpur,Laptop,High,C102,Data Analysis with Python,Programming,Intermediate,60,4.7,4,38,91.1,1,6.2,0,9,7.1,5,5,3,74.3,54.2,64.6,1,24-02-2025,UPI,Yes,No,4901,59,3,1,3.5,Completed,1,0,0,0,0,2,4,5
39867,STU139867,Isha Joshi,Male,17,Master,Employed,Surat,Laptop,High,C103,Introduction to AI,Programming,Intermediate,75,4.5,6,5,72.8,4,1.8,14,5,5.6,5,4,0,55.3,38.8,57.4,2,29-12-2023,Debit Card,Yes,Yes,5142,77,1,0,3.8,Not Completed,1,3,0,0,0,2,4,1
39868,STU139868,Rahul Patel,Male,29,Bachelor,Student,Surat,Mobile,High,C102,Data Analysis with Python,Programming,Intermediate,60,4.7,7,15,27.4,1,2.7,4,6,7.0,2,8,9,70.5,79.9,25.6,1,24-07-2024,Scholarship,No,No,2198,78,0,2,3.8,Not Completed,1,0,2,1,0,2,4,4
39869,STU139869,Rahul Bhardwaj,Male,30,Diploma,Employed,Surat,Mobile,High,C103,Introduction to AI,Programming,Intermediate,75,4.5,9,35,41.8,1,10.5,3,6,4.0,5,4,5,58.4,54.7,47.4,1,07-03-2024,Debit Card,Yes,No,5529,69,5,0,4.2,Not Completed,1,1,0,1,0,2,4,1
39870,STU139870,Priya Singh,Male,27,Bachelor,Unemployed,Nagpur,Mobile,Low,C102,Data Analysis with Python,Programming,Intermediate,60,4.7,5,34,90.8,3,9.1,2,5,5.9,5,5,0,72.2,60.6,64.8,6,09-08-2024,Credit Card,Yes,No,4722,39,2,1,3.7,Not Completed,1,0,3,1,1,2,4,0
39871,STU139871,Nikhil Mehta,Female,27,Bachelor,Employed,Kolkata,Tablet,Medium,C103,Introduction to AI,Programming,Intermediate,75,4.5,6,22,50.6,4,4.1,1,4,4.8,6,4,3,72.9,99.0,58.7,3,17-03-2025,Free,No,No,0,45,3,1,4.0,Completed,0,0,0,2,2,2,4,2
39872,STU139872,Sakshi Bhardwaj,Female,25,Bachelor,Student,Lucknow,Laptop,Medium,C102,Data Analysis with Python,Programming,Intermediate,60,4.7,4,34,59.8,3,9.7,10,11,3.8,5,5,3,66.0,57.9,53.8,2,30-10-2023,UPI,Yes,No,4963,75,0,1,4.7,Completed,0,0,2,0,2,2,4,5
39873,STU139873,Vihaan Mehta,Male,41,Bachelor,Employed,Pune,Laptop,High,C108,Excel for Business,Business,Beginner,25,4.1,3,31,42.3,2,0.5,3,6,6.3,4,6,1,81.2,76.4,42.6,2,01-02-2025,Scholarship,No,No,983,88,3,2,2.9,Not Completed,1,0,0,0,0,1,0,4
39874,STU139874,Rahul Nair,Male,24,HighSchool,Student,Nagpur,Mobile,High,C103,Introduction to AI,Programming,Intermediate,75,4.5,6,40,81.7,0,5.4,5,5,10.0,5,5,5,79.2,74.2,62.3,0,28-03-2024,Credit Card,Yes,No,5669,84,8,0,3.4,Completed,1,2,2,1,0,2,4,0
39875,STU139875,Meera Nair,Female,21,HighSchool,Self-Employed,Ahmedabad,Mobile,Medium,C102,Data Analysis with Python,Programming,Intermediate,60,4.7,4,26,58.6,1,0.5,6,1,7.1,3,7,4,77.5,73.9,42.2,2,04-04-2024,UPI,Yes,No,5295,100,1,0,4.7,Completed,0,2,1,1,2,2,4,5
39876,STU139876,Meera Gupta,Male,25,Master,Employed,Mumbai,Laptop,Medium,C103,Introduction to AI,Programming,Intermediate,75,4.5,6,24,60.8,2,1.6,3,2,4.9,6,4,7,67.8,59.5,60.2,2,27-04-2024,Debit Card,Yes,Yes,4638,59,0,0,4.0,Completed,1,3,0,0,2,2,4,1
39877,STU139877,Sneha Gupta,Female,29,HighSchool,Student,Nagpur,Tablet,High,C104,Digital Marketing Essentials,Marketing,Beginner,30,4.3,6,36,72.5,3,10.5,4,6,6.7,4,6,3,60.9,35.8,51.2,1,01-07-2025,Credit Card,Yes,No,3383,70,0,1,4.5,Completed,0,2,2,2,0,1,2,0
39878,STU139878,Ritika Shah,Female,30,Bachelor,Employed,Pune,Mobile,Medium,C108,Excel for Business,Business,Beginner,25,4.1,5,32,73.8,2,1.3,4,5,6.2,3,7,5,73.5,64.8,47.1,1,18-02-2024,Credit Card,Yes,No,3359,67,2,0,3.3,Not Completed,0,0,0,1,2,1,0,0
39879,STU139879,Sai Desai,Male,19,Bachelor,Student,Hyderabad,Mobile,Medium,C105,UI/UX Design Fundamentals,Design,Beginner,40,4.4,6,15,81.1,2,0.5,4,2,9.4,6,4,5,61.5,51.9,67.0,0,13-07-2025,UPI,Yes,Yes,3618,100,5,1,3.6,Completed,1,0,2,1,2,1,1,5
39880,STU139880,Kavya Bose,Male,31,Bachelor,Employed,Bhopal,Laptop,High,C102,Data Analysis with Python,Programming,Intermediate,60,4.7,3,25,59.9,2,2.7,1,2,7.2,5,5,1,72.3,65.6,54.3,4,26-07-2025,Free,No,Yes,0,42,3,1,3.5,Completed,1,0,0,0,0,2,4,2
39881,STU139881,Priya Desai,Female,34,Master,Employed,Vadodara,Laptop,Medium,C106,Machine Learning A-Z,Programming,Advanced,90,4.6,3,28,71.0,3,0.5,15,5,3.6,5,5,7,42.8,75.4,58.6,0,14-03-2025,UPI,Yes,No,6882,60,0,2,4.9,Completed,0,3,0,0,2,0,4,5
39882,STU139882,Sai Shah,Female,23,Bachelor,Employed,Lucknow,Mobile,Medium,C106,Machine Learning A-Z,Programming,Advanced,90,4.6,5,26,71.2,2,0.5,1,7,7.0,8,2,4,72.2,88.6,77.3,1,10-04-2025,Scholarship,No,No,2837,55,1,3,5.0,Completed,0,0,0,1,2,0,4,4
39883,STU139883,Nikhil Bose,Female,27,Bachelor,Employed,Ahmedabad,Mobile,Medium,C108,Excel for Business,Business,Beginner,25,4.1,9,31,35.1,3,11.0,6,3,5.9,4,6,6,67.1,83.3,40.5,2,14-06-2024,Scholarship,No,Yes,193,72,2,0,3.4,Not Completed,0,0,0,1,2,1,0,4
39884,STU139884,Ananya Shah,Male,23,Bachelor,Student,Ahmedabad,Mobile,High,C103,Introduction to AI,Programming,Intermediate,75,4.5,9,33,96.6,1,7.4,3,2,2.8,5,5,2,80.0,99.1,68.8,7,02-03-2025,Free,No,No,0,47,4,1,4.7,Completed,1,0,2,1,0,2,4,2
39885,STU139885,Vivaan Sharma,Female,28,Master,Student,Indore,Laptop,High,C103,Introduction to AI,Programming,Intermediate,75,4.5,6,49,16.6,2,4.9,1,4,9.4,5,5,2,86.2,48.1,38.2,0,28-07-2024,Free,No,Yes,0,70,5,0,3.1,Not Completed,0,3,2,0,0,2,4,2
39886,STU139886,Vivaan Reddy,Female,18,HighSchool,Employed,Jaipur,Mobile,Low,C102,Data Analysis with Python,Programming,Intermediate,60,4.7,4,31,63.1,0,8.4,1,2,5.0,6,4,1,78.6,67.4,61.5,2,17-12-2023,UPI,Yes,No,4954,82,1,2,4.9,Completed,0,2,0,1,1,2,4,5
39887,STU139887,Sakshi Mehta,Female,22,HighSchool,Student,Chennai,Mobile,Low,C108,Excel for Business,Business,Beginner,25,4.1,5,16,69.0,3,0.5,6,8,6.8,3,6,4,82.7,85.5,46.4,4,15-11-2023,Debit Card,Yes,Yes,2630,64,1,0,4.1,Not Completed,0,2,2,1,1,1,0,1
39888,STU139888,Aditya Iyer,Female,23,Bachelor,Student,Delhi,Laptop,Medium,C106,Machine Learning A-Z,Programming,Advanced,90,4.6,5,42,41.4,3,0.5,7,4,5.3,6,4,4,83.5,57.3,53.3,2,08-08-2025,Scholarship,No,No,900,81,3,1,3.0,Not Completed,0,0,2,0,2,0,4,4
39889,STU139889,Sai Gupta,Female,28,Master,Employed,Mumbai,Mobile,High,C108,Excel for Business,Business,Beginner,25,4.1,4,56,78.7,4,0.8,1,2,6.1,7,3,6,81.9,75.5,73.3,2,22-02-2024,Credit Card,Yes,No,2985,57,2,2,4.9,Not Completed,0,3,0,1,0,1,0,0
39890,STU139890,Vivaan Desai,Female,34,Diploma,Student,Delhi,Mobile,High,C104,Digital Marketing Essentials,Marketing,Beginner,30,4.3,6,42,81.1,0,4.4,1,9,6.8,4,5,2,81.2,99.9,57.4,2,26-06-2024,UPI,Yes,No,3494,66,2,1,5.0,Completed,0,1,2,1,0,1,2,5
39891,STU139891,Ritika Kumar,Male,30,Master,Employed,Kolkata,Mobile,High,C105,UI/UX Design Fundamentals,Design,Beginner,40,4.4,7,34,89.0,5,7.0,0,8,5.2,5,5,2,79.1,74.4,64.9,1,15-04-2024,Free,No,No,0,93,2,5,5.0,Not Completed,1,3,0,1,0,1,1,2
39892,STU139892,Rahul Shah,Other,18,Master,Employed,Pune,Mobile,High,C108,Excel for Business,Business,Beginner,25,4.1,1,37,45.4,1,0.5,7,3,6.7,4,6,6,72.5,65.1,43.1,5,23-03-2025,Free,No,No,0,52,2,1,5.0,Not Completed,2,3,0,1,0,1,0,2
39893,STU139893,Ananya Joshi,Male,23,Master,Employed,Pune,Mobile,Medium,C102,Data Analysis with Python,Programming,Intermediate,60,4.7,3,35,86.4,2,8.7,4,5,3.2,5,4,3,47.9,60.0,63.3,4,23-05-2024,Free,No,Yes,0,39,1,2,5.0,Not Completed,1,3,0,1,2,2,4,2
39894,STU139894,Sakshi Gupta,Female,21,PhD,Employed,Indore,Mobile,High,C103,Introduction to AI,Programming,Intermediate,75,4.5,3,34,72.3,4,0.5,21,6,10.0,5,5,3,45.2,75.9,59.1,2,02-07-2024,Credit Card,Yes,No,6278,63,2,2,5.0,Completed,0,4,0,1,0,2,4,0
39895,STU139895,Isha Mehta,Male,28,Diploma,Employed,Lucknow,Mobile,Medium,C104,Digital Marketing Essentials,Marketing,Beginner,30,4.3,3,31,26.8,2,5.2,3,6,5.9,4,6,2,82.1,57.4,36.2,2,27-10-2023,Debit Card,Yes,No,3338,75,1,0,4.3,Not Completed,1,1,0,1,2,1,2,1
39896,STU139896,Kavya Bhardwaj,Female,25,PhD,Student,Jaipur,Mobile,Medium,C102,Data Analysis with Python,Programming,Intermediate,60,4.7,5,27,91.4,0,0.5,11,10,8.0,5,5,7,81.7,74.0,65.7,5,18-03-2024,UPI,Yes,No,4724,56,3,4,4.3,Completed,0,4,2,1,2,2,4,5
39897,STU139897,Kavya Nair,Female,18,Bachelor,Student,Chennai,Mobile,Medium,C103,Introduction to AI,Programming,Intermediate,75,4.5,6,29,64.2,0,0.5,6,9,4.7,4,6,2,64.2,85.1,50.7,0,05-06-2025,Free,No,Yes,0,62,2,2,3.4,Completed,0,0,2,1,2,2,4,2
39898,STU139898,Ritika Singh,Male,22,Bachelor,Unemployed,Delhi,Laptop,High,C108,Excel for Business,Business,Beginner,25,4.1,3,45,48.9,2,0.5,2,8,5.8,6,4,2,72.1,85.7,57.4,1,24-12-2023,Credit Card,Yes,Yes,2524,65,3,1,3.6,Completed,1,0,3,0,0,1,0,0
39899,STU139899,Rahul Bhardwaj,Female,31,Bachelor,Employed,Vadodara,Laptop,Low,C101,Python Basics,Programming,Beginner,45,4.6,3,23,68.3,1,1.3,10,3,4.9,2,8,6,58.5,90.3,40.4,6,02-01-2024,UPI,Yes,No,4114,59,2,0,4.2,Not Completed,0,0,0,0,1,1,4,5
39900,STU139900,Pooja Iyer,Male,19,Diploma,Unemployed,Vadodara,Laptop,Medium,C108,Excel for Business,Business,Beginner,25,4.1,4,36,21.7,3,0.5,14,5,2.8,6,4,4,77.6,94.5,48.3,2,14-06-2025,Debit Card,Yes,No,3168,33,3,0,5.0,Not Completed,1,1,3,0,2,1,0,1
39901,STU139901,Nikhil Joshi,Female,17,Bachelor,Student,Lucknow,Laptop,Medium,C108,Excel for Business,Business,Beginner,25,4.1,4,44,37.8,2,10.1,0,7,3.2,4,6,5,100.0,61.0,40.3,4,24-01-2024,UPI,Yes,Yes,2694,52,0,1,5.0,Not Completed,0,0,2,0,2,1,0,5
39902,STU139902,Sakshi Joshi,Male,30,Bachelor,Employed,Jaipur,Mobile,High,C104,Digital Marketing Essentials,Marketing,Beginner,30,4.3,5,32,67.3,4,4.4,8,3,4.7,6,4,6,60.9,56.3,62.4,3,22-09-2025,Free,No,No,0,80,3,0,5.0,Not Completed,1,0,0,1,0,1,2,2
39903,STU139903,Ritika Reddy,Female,32,Master,Employed,Pune,Laptop,High,C108,Excel for Business,Business,Beginner,25,4.1,6,25,80.4,2,0.5,12,5,6.5,8,2,4,95.2,49.0,78.6,2,19-08-2025,NetBanking,Yes,No,3379,82,1,1,3.8,Completed,0,3,0,0,0,1,0,3
39904,STU139904,Rahul Gupta,Female,34,Bachelor,Student,Vadodara,Laptop,High,C102,Data Analysis with Python,Programming,Intermediate,60,4.7,6,36,80.1,1,3.3,1,7,0.4,5,5,5,63.2,42.2,60.1,3,10-03-2024,Scholarship,No,No,1005,77,1,2,5.0,Not Completed,0,0,2,0,0,2,4,4
39905,STU139905,Nikhil Iyer,Female,26,Master,Employed,Hyderabad,Mobile,Medium,C103,Introduction to AI,Programming,Intermediate,75,4.5,7,24,71.9,1,6.0,0,3,6.8,3,7,3,83.9,55.2,45.9,0,21-10-2024,UPI,Yes,No,5857,47,5,0,5.0,Completed,0,3,0,1,2,2,4,5
39906,STU139906,Pooja Verma,Male,19,Bachelor,Student,Surat,Laptop,High,C106,Machine Learning A-Z,Programming,Advanced,90,4.6,4,26,76.1,3,8.3,0,5,7.5,4,6,3,75.1,60.9,53.7,0,05-05-2025,UPI,Yes,Yes,4972,47,0,1,5.0,Completed,1,0,2,0,0,0,4,5
39907,STU139907,Sneha Bhardwaj,Female,24,Master,Employed,Mumbai,Mobile,High,C104,Digital Marketing Essentials,Marketing,Beginner,30,4.3,3,35,65.3,3,3.6,0,7,7.2,5,5,4,54.8,60.6,55.9,0,11-10-2024,Free,No,No,0,100,5,1,4.9,Completed,0,3,0,1,0,1,2,2
39908,STU139908,Ananya Desai,Male,34,Bachelor,Student,Lucknow,Mobile,Medium,C107,Statistics for Data Science,Math,Intermediate,50,4.2,1,30,90.8,1,0.5,2,4,3.4,4,6,5,82.2,50.2,58.3,0,11-03-2025,Free,No,No,0,49,0,0,4.8,Not Completed,1,0,2,1,2,2,3,2
39909,STU139909,Ritika Joshi,Male,30,Bachelor,Self-Employed,Bhopal,Laptop,Medium,C104,Digital Marketing Essentials,Marketing,Beginner,30,4.3,8,44,49.0,4,4.2,12,8,6.8,4,6,4,76.8,85.4,45.4,2,18-11-2023,UPI,Yes,No,3470,43,3,1,5.0,Not Completed,1,0,1,0,2,1,2,5
39910,STU139910,Aditya Nair,Female,28,HighSchool,Unemployed,Lucknow,Laptop,Medium,C106,Machine Learning A-Z,Programming,Advanced,90,4.6,7,16,42.7,1,1.2,8,7,6.0,6,4,4,66.1,54.9,53.7,3,28-06-2024,Scholarship,No,No,2192,59,1,0,2.4,Not Completed,0,2,3,0,2,0,4,4
39911,STU139911,Rahul Mehta,Female,23,Bachelor,Student,Bhopal,Laptop,Medium,C103,Introduction to AI,Programming,Intermediate,75,4.5,6,33,66.9,1,0.5,5,5,7.4,4,6,2,77.7,53.7,50.1,2,12-12-2024,Scholarship,No,No,2589,87,2,2,3.7,Not Completed,0,0,2,0,2,2,4,4
39912,STU139912,Ananya Joshi,Male,30,Bachelor,Employed,Jaipur,Mobile,Medium,C107,Statistics for Data Science,Math,Intermediate,50,4.2,5,24,72.5,3,2.1,3,3,4.0,5,5,5,76.7,57.9,58.3,1,12-04-2025,UPI,Yes,No,4820,34,3,0,3.0,Completed,1,0,0,1,2,2,3,5
39913,STU139913,Vihaan Sharma,Male,20,Bachelor,Employed,Surat,Tablet,High,C103,Introduction to AI,Programming,Intermediate,75,4.5,4,35,92.6,3,2.0,0,2,5.5,5,4,4,86.2,71.5,66.0,1,01-12-2024,Credit Card,Yes,No,5618,85,1,2,3.4,Completed,1,0,0,2,0,2,4,0
39914,STU139914,Vihaan Verma,Female,18,Bachelor,Student,Surat,Mobile,Low,C104,Digital Marketing Essentials,Marketing,Beginner,30,4.3,7,21,69.9,0,2.3,4,3,6.2,4,6,4,81.6,19.0,49.4,0,08-11-2023,UPI,Yes,No,3233,65,2,1,5.0,Not Completed,0,0,2,1,1,1,2,5
39915,STU139915,Sneha Iyer,Male,30,Bachelor,Employed,Lucknow,Mobile,Medium,C103,Introduction to AI,Programming,Intermediate,75,4.5,2,37,87.0,3,0.5,2,8,6.2,8,2,3,69.0,62.9,81.6,0,15-12-2024,Free,No,No,0,91,3,1,3.2,Not Completed,1,0,0,1,2,2,4,2
39916,STU139916,Ananya Shah,Female,17,Bachelor,Employed,Bhopal,Mobile,High,C101,Python Basics,Programming,Beginner,45,4.6,7,55,70.6,5,0.5,17,6,5.8,8,2,5,94.7,70.0,76.2,3,18-07-2025,Debit Card,Yes,No,3987,49,2,0,3.5,Not Completed,0,0,0,1,0,1,4,1
39917,STU139917,Vivaan Bose,Male,21,Bachelor,Student,Jaipur,Mobile,Medium,C101,Python Basics,Programming,Beginner,45,4.6,3,33,78.8,2,6.2,6,4,6.7,5,5,6,48.2,61.9,60.7,1,22-05-2024,Debit Card,Yes,Yes,3525,77,2,1,5.0,Not Completed,1,0,2,1,2,1,4,1
39918,STU139918,Meera Patel,Female,29,Master,Employed,Bhopal,Laptop,High,C101,Python Basics,Programming,Beginner,45,4.6,4,20,20.2,3,4.6,7,3,6.0,5,4,3,50.5,85.9,41.4,1,12-09-2025,NetBanking,Yes,No,3844,68,4,1,3.4,Not Completed,0,3,0,0,0,1,4,3
39919,STU139919,Vihaan Nair,Male,22,HighSchool,Employed,Nagpur,Mobile,High,C103,Introduction to AI,Programming,Intermediate,75,4.5,5,38,63.6,1,6.8,4,6,4.9,4,6,6,55.7,62.9,49.4,1,08-11-2023,UPI,Yes,No,5860,46,2,1,4.7,Not Completed,1,2,0,1,0,2,4,5
39920,STU139920,Ananya Bhardwaj,Male,23,Bachelor,Employed,Delhi,Laptop,Medium,C101,Python Basics,Programming,Beginner,45,4.6,3,47,60.0,0,1.6,32,2,7.2,4,6,5,53.2,86.1,49.3,1,26-07-2024,Debit Card,Yes,No,4433,45,2,0,3.5,Not Completed,1,0,0,0,2,1,4,1
39921,STU139921,Sai Nair,Female,28,Bachelor,Employed,Hyderabad,Mobile,Low,C106,Machine Learning A-Z,Programming,Advanced,90,4.6,2,32,81.3,1,0.5,0,5,4.3,2,8,5,52.8,44.4,42.7,4,09-03-2024,UPI,Yes,No,6288,42,3,1,4.1,Not Completed,0,0,0,1,1,0,4,5
39922,STU139922,Sai Patel,Male,23,Bachelor,Student,Pune,Mobile,Medium,C107,Statistics for Data Science,Math,Intermediate,50,4.2,7,30,63.2,0,0.7,3,3,9.1,4,6,5,53.1,28.8,47.6,2,12-12-2024,Debit Card,Yes,Yes,3532,87,2,0,3.7,Not Completed,1,0,2,1,2,2,3,1
39923,STU139923,Vivaan Sharma,Female,33,Bachelor,Employed,Nagpur,Laptop,Low,C102,Data Analysis with Python,Programming,Intermediate,60,4.7,4,33,57.7,2,0.5,52,3,6.3,3,7,1,60.6,46.3,40.5,4,03-10-2025,NetBanking,Yes,No,5481,43,0,4,4.2,Not Completed,0,0,0,0,1,2,4,3
39924,STU139924,Vivaan Iyer,Male,25,Bachelor,Student,Delhi,Laptop,Medium,C102,Data Analysis with Python,Programming,Intermediate,60,4.7,6,54,91.7,5,6.7,1,9,6.1,3,7,3,69.1,89.3,54.6,7,08-09-2024,Debit Card,Yes,No,4937,67,5,0,4.6,Completed,1,0,2,0,2,2,4,1
39925,STU139925,Vihaan Nair,Male,31,Bachelor,Employed,Hyderabad,Laptop,Medium,C101,Python Basics,Programming,Beginner,45,4.6,3,25,51.1,3,0.5,6,2,6.7,3,7,2,65.8,76.1,39.7,0,10-11-2024,UPI,Yes,No,4624,83,0,1,3.9,Not Completed,1,0,0,0,2,1,4,5
39926,STU139926,Krishna Reddy,Male,17,Bachelor,Employed,Lucknow,Laptop,High,C102,Data Analysis with Python,Programming,Intermediate,60,4.7,7,42,43.0,0,16.4,2,3,4.8,6,4,3,66.4,73.0,54.7,1,09-11-2024,UPI,Yes,No,5366,76,1,1,4.7,Completed,1,0,0,0,0,2,4,5
39927,STU139927,Sakshi Verma,Male,22,HighSchool,Student,Pune,Mobile,High,C108,Excel for Business,Business,Beginner,25,4.1,6,24,53.5,5,0.5,0,4,6.1,5,5,2,71.1,73.4,52.4,3,04-05-2024,UPI,Yes,Yes,2799,79,5,0,3.5,Not Completed,1,2,2,1,0,1,0,5
39928,STU139928,Rahul Shah,Male,21,Diploma,Self-Employed,Chennai,Laptop,Medium,C108,Excel for Business,Business,Beginner,25,4.1,5,36,53.7,6,0.5,3,8,5.5,4,6,3,73.9,86.7,47.1,3,06-08-2024,UPI,Yes,No,3128,33,5,1,3.1,Not Completed,1,1,1,0,2,1,0,5
39929,STU139929,Nikhil Kumar,Male,28,HighSchool,Employed,Hyderabad,Tablet,High,C106,Machine Learning A-Z,Programming,Advanced,90,4.6,6,12,83.2,0,11.6,12,8,3.6,5,5,7,84.4,72.3,62.7,2,31-05-2024,Free,No,No,0,68,1,2,4.0,Completed,1,2,0,2,0,0,4,2
39930,STU139930,Aarav Bhardwaj,Male,17,Bachelor,Employed,Bhopal,Mobile,High,C105,UI/UX Design Fundamentals,Design,Beginner,40,4.4,5,32,59.5,3,0.5,5,5,10.0,6,4,2,91.5,52.3,59.4,2,09-07-2024,NetBanking,Yes,Yes,3061,51,4,0,2.3,Completed,1,0,0,1,0,1,1,3
39931,STU139931,Sakshi Desai,Female,26,Diploma,Student,Nagpur,Mobile,High,C103,Introduction to AI,Programming,Intermediate,75,4.5,4,32,87.1,1,0.5,1,5,8.3,2,8,3,60.3,53.3,45.2,5,06-02-2024,UPI,Yes,No,5857,68,2,1,3.1,Not Completed,0,1,2,1,0,2,4,5
39932,STU139932,Neha Nair,Female,29,Master,Employed,Indore,Laptop,High,C105,UI/UX Design Fundamentals,Design,Beginner,40,4.4,8,43,30.7,0,13.5,5,4,6.1,2,8,3,74.9,78.0,26.6,2,06-03-2025,UPI,Yes,Yes,3382,76,4,1,5.0,Completed,0,3,0,0,0,1,1,5
39933,STU139933,Rohan Nair,Male,27,Bachelor,Employed,Kolkata,Mobile,High,C105,UI/UX Design Fundamentals,Design,Beginner,40,4.4,3,51,73.8,6,12.9,7,9,5.6,3,7,4,72.6,72.5,47.4,2,04-11-2023,UPI,Yes,Yes,3217,80,3,0,4.3,Completed,1,0,0,1,0,1,1,5
39934,STU139934,Aditya Desai,Female,19,Master,Employed,Lucknow,Laptop,High,C106,Machine Learning A-Z,Programming,Advanced,90,4.6,3,27,57.9,1,0.5,11,3,9.0,5,5,3,87.8,73.1,53.9,4,27-06-2025,Debit Card,Yes,No,6653,32,2,2,5.0,Not Completed,0,3,0,0,0,0,4,1
39935,STU139935,Sneha Singh,Female,36,Bachelor,Student,Kolkata,Laptop,Medium,C108,Excel for Business,Business,Beginner,25,4.1,4,30,66.7,3,0.5,4,5,4.1,3,7,2,76.1,71.7,44.9,4,10-11-2023,UPI,Yes,No,3265,43,2,0,4.3,Not Completed,0,0,2,0,2,1,0,5
39936,STU139936,Sneha Iyer,Female,17,Master,Employed,Mumbai,Tablet,Medium,C107,Statistics for Data Science,Math,Intermediate,50,4.2,4,31,20.6,0,0.5,1,5,5.0,4,6,2,68.8,40.5,33.2,2,20-01-2025,Scholarship,No,No,633,40,3,2,2.1,Not Completed,0,3,0,2,2,2,3,4
39937,STU139937,Vivaan Reddy,Male,28,Bachelor,Employed,Bhopal,Mobile,High,C103,Introduction to AI,Programming,Intermediate,75,4.5,6,29,81.0,2,6.4,1,4,9.0,3,7,6,47.9,93.6,51.0,1,04-08-2025,Scholarship,No,No,404,65,4,0,5.0,Completed,1,0,0,1,0,2,4,4
39938,STU139938,Nikhil Patel,Male,19,Bachelor,Student,Chennai,Laptop,High,C106,Machine Learning A-Z,Programming,Advanced,90,4.6,3,29,37.0,3,0.5,8,3,5.7,4,6,3,74.7,64.9,40.2,3,13-09-2025,Free,No,No,0,82,2,1,3.1,Not Completed,1,0,2,0,0,0,4,2
39939,STU139939,Meera Gupta,Male,26,Master,Student,Delhi,Laptop,Medium,C102,Data Analysis with Python,Programming,Intermediate,60,4.7,6,18,82.1,4,8.7,2,8,3.9,4,6,2,75.4,70.6,56.3,6,30-05-2024,Scholarship,No,No,2023,76,1,1,4.7,Completed,1,3,2,0,2,2,4,4
39940,STU139940,Sai Patel,Female,20,Bachelor,Employed,Mumbai,Tablet,High,C102,Data Analysis with Python,Programming,Intermediate,60,4.7,3,32,64.4,1,0.5,0,7,6.5,8,2,2,87.0,64.9,73.8,1,13-05-2024,Debit Card,Yes,Yes,4643,81,3,1,4.5,Completed,0,0,0,2,0,2,4,1
39941,STU139941,Isha Shah,Male,19,Master,Employed,Lucknow,Laptop,High,C107,Statistics for Data Science,Math,Intermediate,50,4.2,2,49,34.8,4,2.6,0,5,7.0,3,7,4,64.3,61.0,33.2,3,27-01-2024,NetBanking,Yes,No,4282,96,1,1,3.0,Not Completed,1,3,0,0,0,2,3,3
39942,STU139942,Ananya Joshi,Male,29,Bachelor,Student,Surat,Mobile,High,C101,Python Basics,Programming,Beginner,45,4.6,3,42,70.7,4,2.1,3,4,5.9,5,5,3,72.7,66.4,58.1,7,27-03-2025,Credit Card,Yes,No,4020,74,1,0,4.6,Completed,1,0,2,1,0,1,4,0
39943,STU139943,Arjun Bhardwaj,Male,23,Bachelor,Employed,Bengaluru,Mobile,Medium,C107,Statistics for Data Science,Math,Intermediate,50,4.2,3,17,34.0,0,3.1,2,4,5.8,5,5,4,89.2,76.8,45.8,3,28-02-2024,Free,No,No,0,26,2,1,3.9,Not Completed,1,0,0,1,2,2,3,2
39944,STU139944,Ritika Shah,Female,19,PhD,Student,Surat,Mobile,Low,C106,Machine Learning A-Z,Programming,Advanced,90,4.6,3,36,80.7,3,12.6,0,3,6.0,5,5,5,56.3,63.3,61.4,1,24-03-2024,Scholarship,No,No,1763,64,2,1,4.1,Completed,0,4,2,1,1,0,4,4
39945,STU139945,Ananya Reddy,Female,25,Bachelor,Self-Employed,Lucknow,Laptop,Medium,C104,Digital Marketing Essentials,Marketing,Beginner,30,4.3,6,39,89.9,2,0.9,3,5,6.7,6,4,9,64.8,74.1,71.2,4,28-02-2025,NetBanking,Yes,No,3319,86,3,0,5.0,Completed,0,0,1,0,2,1,2,3
39946,STU139946,Aditya Patel,Male,46,Bachelor,Employed,Bhopal,Mobile,Medium,C101,Python Basics,Programming,Beginner,45,4.6,4,37,82.9,1,4.6,2,8,6.5,2,8,4,62.5,74.7,44.7,5,18-05-2024,UPI,Yes,No,3964,91,1,0,3.5,Not Completed,1,0,0,1,2,1,4,5
39947,STU139947,Sakshi Shah,Female,21,Diploma,Student,Mumbai,Mobile,High,C101,Python Basics,Programming,Beginner,45,4.6,8,41,39.7,1,0.5,2,3,7.7,5,5,2,71.8,47.5,46.3,2,25-08-2024,Free,No,No,0,80,2,0,4.3,Completed,0,1,2,1,0,1,4,2
39948,STU139948,Aditya Joshi,Male,27,Master,Student,Hyderabad,Mobile,High,C108,Excel for Business,Business,Beginner,25,4.1,8,46,59.5,2,2.8,0,5,7.4,8,1,1,70.8,74.6,72.5,5,12-08-2024,Free,No,No,0,64,2,1,5.0,Completed,1,3,2,1,0,1,0,2
39949,STU139949,Vihaan Sharma,Female,27,Bachelor,Student,Surat,Mobile,High,C102,Data Analysis with Python,Programming,Intermediate,60,4.7,4,11,29.0,3,0.5,3,9,9.7,7,3,3,79.2,63.2,55.3,4,23-12-2024,Scholarship,No,No,981,68,3,0,5.0,Completed,0,0,2,1,0,2,4,4
39950,STU139950,Sneha Mehta,Male,23,Diploma,Employed,Bhopal,Laptop,Low,C107,Statistics for Data Science,Math,Intermediate,50,4.2,5,40,51.0,5,2.5,0,6,3.7,5,5,6,82.7,68.4,51.3,3,30-03-2025,UPI,Yes,Yes,3851,61,1,1,4.0,Not Completed,1,1,0,0,1,2,3,5
39951,STU139951,Pooja Reddy,Male,30,Bachelor,Self-Employed,Hyderabad,Mobile,High,C105,UI/UX Design Fundamentals,Design,Beginner,40,4.4,4,40,78.0,2,0.5,1,4,7.2,3,7,1,71.2,60.2,48.3,6,09-11-2023,Debit Card,Yes,No,3964,34,2,1,4.5,Completed,1,0,1,1,0,1,1,1
39952,STU139952,Neha Reddy,Female,28,Bachelor,Student,Mumbai,Laptop,High,C104,Digital Marketing Essentials,Marketing,Beginner,30,4.3,2,16,53.2,0,0.5,3,2,8.0,2,8,4,40.7,91.2,35.2,1,11-09-2024,Scholarship,No,Yes,1593,57,1,4,2.5,Completed,0,0,2,0,0,1,2,4
39953,STU139953,Sakshi Sharma,Male,31,Bachelor,Employed,Vadodara,Mobile,High,C102,Data Analysis with Python,Programming,Intermediate,60,4.7,2,42,71.0,1,0.5,7,7,8.1,7,3,3,57.1,58.8,69.8,1,25-05-2025,Free,No,No,0,78,1,0,3.6,Completed,1,0,0,1,0,2,4,2
39954,STU139954,Ananya Patel,Male,41,Bachelor,Student,Hyderabad,Mobile,High,C101,Python Basics,Programming,Beginner,45,4.6,4,27,46.0,2,0.5,6,3,8.0,2,8,1,73.2,79.2,32.0,1,26-07-2025,Debit Card,Yes,No,4359,53,4,2,4.3,Not Completed,1,0,2,1,0,1,4,1
39955,STU139955,Kavya Sharma,Male,24,Bachelor,Self-Employed,Delhi,Mobile,Medium,C101,Python Basics,Programming,Beginner,45,4.6,5,37,91.6,5,9.1,8,7,7.2,4,6,3,72.8,70.7,59.6,5,18-11-2024,Debit Card,Yes,No,4370,49,3,3,4.0,Completed,1,0,1,1,2,1,4,1
39956,STU139956,Neha Sharma,Male,17,Bachelor,Student,Mumbai,Laptop,High,C103,Introduction to AI,Programming,Intermediate,75,4.5,6,43,59.8,0,4.9,9,3,6.6,2,8,5,85.7,100.0,37.9,1,23-08-2025,Credit Card,Yes,No,6210,57,0,1,5.0,Not Completed,1,0,2,0,0,2,4,0
39957,STU139957,Pooja Bose,Male,19,Bachelor,Employed,Vadodara,Mobile,Low,C104,Digital Marketing Essentials,Marketing,Beginner,30,4.3,6,22,78.6,0,2.3,1,7,6.3,5,5,4,88.9,65.0,60.8,3,24-07-2025,UPI,Yes,No,3616,89,1,0,3.9,Completed,1,0,0,1,1,1,2,5
39958,STU139958,Nikhil Desai,Male,29,Master,Employed,Surat,Mobile,Medium,C103,Introduction to AI,Programming,Intermediate,75,4.5,4,32,43.7,5,12.9,10,8,6.3,5,4,5,64.0,53.5,48.0,2,11-05-2024,UPI,Yes,Yes,4779,39,6,0,3.9,Completed,1,3,0,1,2,2,4,5
39959,STU139959,Ananya Patel,Female,30,Bachelor,Student,Bengaluru,Mobile,High,C105,UI/UX Design Fundamentals,Design,Beginner,40,4.4,4,41,84.1,0,0.5,3,3,5.5,4,6,3,79.0,64.9,56.7,2,15-02-2025,Free,No,Yes,0,66,0,0,4.6,Completed,0,0,2,1,0,1,1,2
39960,STU139960,Ananya Nair,Female,28,Bachelor,Employed,Bhopal,Mobile,Medium,C106,Machine Learning A-Z,Programming,Advanced,90,4.6,6,52,31.6,4,0.5,3,8,4.5,2,8,3,76.3,76.1,26.9,3,12-04-2025,UPI,Yes,Yes,5213,37,2,2,4.4,Not Completed,0,0,0,1,2,0,4,5
39961,STU139961,Krishna Bose,Female,21,Bachelor,Student,Mumbai,Mobile,High,C104,Digital Marketing Essentials,Marketing,Beginner,30,4.3,2,35,73.3,5,0.5,0,6,7.7,4,6,4,48.4,75.9,53.5,1,10-09-2024,UPI,Yes,No,3661,78,3,1,3.1,Not Completed,0,0,2,1,0,1,2,5
39962,STU139962,Isha Reddy,Male,28,HighSchool,Student,Indore,Mobile,High,C103,Introduction to AI,Programming,Intermediate,75,4.5,6,32,58.3,4,1.9,2,3,4.7,4,6,6,67.9,67.5,47.8,0,22-09-2024,Credit Card,Yes,No,5393,44,1,1,3.4,Not Completed,1,2,2,1,0,2,4,0
39963,STU139963,Aarav Bose,Other,19,Bachelor,Employed,Kolkata,Mobile,Medium,C103,Introduction to AI,Programming,Intermediate,75,4.5,7,38,77.9,4,6.7,1,8,10.0,3,7,6,62.0,63.0,48.4,3,02-12-2024,Free,No,No,0,62,2,0,4.7,Completed,2,0,0,1,2,2,4,2
39964,STU139964,Isha Singh,Male,30,Bachelor,Student,Chennai,Mobile,High,C105,UI/UX Design Fundamentals,Design,Beginner,40,4.4,5,28,74.0,0,0.5,2,4,7.3,5,5,1,65.4,73.5,59.6,1,01-12-2023,Debit Card,Yes,No,4313,37,1,1,4.3,Not Completed,1,0,2,1,0,1,1,1
39965,STU139965,Arjun Nair,Female,25,Master,Student,Bengaluru,Laptop,High,C102,Data Analysis with Python,Programming,Intermediate,60,4.7,9,58,58.2,5,13.7,0,8,6.2,6,4,5,92.2,78.9,60.3,5,24-06-2025,Debit Card,Yes,Yes,3968,100,5,0,4.6,Completed,0,3,2,0,0,2,4,1
39966,STU139966,Aditya Sharma,Female,25,Bachelor,Student,Mumbai,Laptop,Low,C106,Machine Learning A-Z,Programming,Advanced,90,4.6,2,57,71.2,4,1.8,2,2,5.1,3,7,3,73.5,73.0,46.6,3,03-10-2024,UPI,Yes,No,6683,55,3,1,3.1,Not Completed,0,0,2,0,1,0,4,5
39967,STU139967,Rahul Mehta,Male,29,Bachelor,Unemployed,Indore,Mobile,High,C105,UI/UX Design Fundamentals,Design,Beginner,40,4.4,3,40,41.4,3,4.4,5,2,7.6,5,5,1,79.0,58.9,47.4,2,21-09-2024,UPI,Yes,No,4150,47,5,0,4.4,Not Completed,1,0,3,1,0,1,1,5
39968,STU139968,Aarav Shah,Female,26,PhD,Student,Delhi,Tablet,Medium,C102,Data Analysis with Python,Programming,Intermediate,60,4.7,5,42,47.2,3,10.2,0,13,4.7,5,5,1,100.0,82.7,50.7,6,07-06-2024,Free,No,No,0,96,4,1,2.8,Completed,0,4,2,2,2,2,4,2
39969,STU139969,Pooja Singh,Male,27,Master,Student,Ahmedabad,Mobile,Low,C102,Data Analysis with Python,Programming,Intermediate,60,4.7,3,23,41.6,2,0.5,6,7,6.1,4,6,0,36.8,59.0,41.5,0,28-06-2025,Free,No,No,0,54,1,3,5.0,Completed,1,3,2,1,1,2,4,2
39970,STU139970,Sneha Patel,Male,30,Master,Employed,Delhi,Laptop,Medium,C108,Excel for Business,Business,Beginner,25,4.1,5,38,65.2,3,10.3,3,4,4.7,4,6,5,86.6,26.8,48.2,2,11-02-2024,NetBanking,Yes,No,3189,29,5,1,3.9,Not Completed,1,3,0,0,2,1,0,3
39971,STU139971,Vihaan Nair,Male,26,Master,Employed,Delhi,Mobile,High,C107,Statistics for Data Science,Math,Intermediate,50,4.2,3,46,23.8,1,0.9,1,5,10.0,6,3,3,67.4,57.6,47.2,1,06-12-2024,Debit Card,Yes,No,4771,100,1,0,4.7,Completed,1,3,0,1,0,2,3,1
39972,STU139972,Ritika Patel,Female,34,Bachelor,Self-Employed,Indore,Mobile,Medium,C103,Introduction to AI,Programming,Intermediate,75,4.5,8,57,74.6,4,5.8,4,2,9.8,7,3,3,89.8,64.5,71.3,4,09-12-2023,Free,No,No,0,53,2,2,3.8,Completed,0,0,1,1,2,2,4,2
39973,STU139973,Vihaan Gupta,Female,32,HighSchool,Employed,Delhi,Mobile,Low,C102,Data Analysis with Python,Programming,Intermediate,60,4.7,4,29,29.1,0,3.1,2,3,5.4,6,4,5,57.1,56.5,49.0,1,02-12-2024,Scholarship,No,No,991,29,0,1,3.9,Not Completed,0,2,0,1,1,2,4,4
39974,STU139974,Kavya Mehta,Other,29,Bachelor,Student,Chennai,Mobile,Medium,C101,Python Basics,Programming,Beginner,45,4.6,3,35,22.5,2,1.6,4,7,9.9,4,6,8,67.7,86.0,36.2,2,07-05-2025,Free,No,No,0,74,4,0,3.1,Not Completed,2,0,2,1,2,1,4,2
39975,STU139975,Neha Nair,Female,28,Bachelor,Employed,Bengaluru,Mobile,Medium,C101,Python Basics,Programming,Beginner,45,4.6,5,39,36.0,1,9.3,3,6,5.0,4,6,3,92.3,71.9,40.2,2,11-01-2024,UPI,Yes,No,4228,45,3,0,4.7,Completed,0,0,0,1,2,1,4,5
39976,STU139976,Rohan Verma,Male,30,Master,Employed,Bengaluru,Laptop,Medium,C108,Excel for Business,Business,Beginner,25,4.1,4,31,93.4,7,11.3,3,9,6.1,6,4,3,85.4,81.6,72.8,2,26-01-2024,UPI,Yes,No,3524,54,3,0,4.5,Completed,1,3,0,0,2,1,0,5
39977,STU139977,Arjun Mehta,Female,22,PhD,Student,Mumbai,Laptop,Low,C101,Python Basics,Programming,Beginner,45,4.6,6,47,66.2,2,6.9,6,6,7.0,4,6,4,79.9,73.2,50.8,0,19-03-2025,Debit Card,Yes,No,4477,93,3,0,4.6,Completed,0,4,2,0,1,1,4,1
39978,STU139978,Krishna Verma,Female,29,HighSchool,Employed,Nagpur,Mobile,Medium,C103,Introduction to AI,Programming,Intermediate,75,4.5,3,19,76.0,2,3.8,2,7,6.7,2,8,1,66.0,56.9,41.4,4,11-10-2024,Scholarship,No,Yes,2818,86,2,0,3.2,Not Completed,0,2,0,1,2,2,4,4
39979,STU139979,Kavya Reddy,Female,21,Bachelor,Employed,Lucknow,Laptop,High,C108,Excel for Business,Business,Beginner,25,4.1,4,18,76.5,1,0.8,0,1,6.0,3,7,3,70.2,69.7,48.3,2,15-07-2024,Credit Card,Yes,Yes,2521,45,1,0,3.4,Completed,0,0,0,0,0,1,0,0
39980,STU139980,Isha Bose,Male,20,Master,Employed,Chennai,Mobile,High,C104,Digital Marketing Essentials,Marketing,Beginner,30,4.3,6,42,83.0,0,6.7,2,7,7.3,6,3,6,100.0,78.6,69.0,1,17-02-2024,UPI,Yes,No,3636,83,2,1,2.7,Completed,1,3,0,1,0,1,2,5
39981,STU139981,Rohan Joshi,Female,35,Master,Student,Nagpur,Mobile,High,C108,Excel for Business,Business,Beginner,25,4.1,4,32,81.6,3,2.9,14,8,7.0,5,5,1,63.5,64.1,61.8,5,09-11-2023,UPI,Yes,No,3068,94,1,0,4.4,Completed,0,3,2,1,0,1,0,5
39982,STU139982,Nikhil Reddy,Male,19,Bachelor,Employed,Nagpur,Laptop,Medium,C107,Statistics for Data Science,Math,Intermediate,50,4.2,5,19,95.0,2,0.5,5,5,6.7,3,6,2,65.1,64.9,54.5,2,01-06-2025,UPI,Yes,No,4426,100,2,3,4.2,Not Completed,1,0,0,0,2,2,3,5
39983,STU139983,Meera Sharma,Male,26,Bachelor,Employed,Delhi,Mobile,Medium,C102,Data Analysis with Python,Programming,Intermediate,60,4.7,4,19,33.1,2,0.5,1,5,5.9,3,7,2,83.8,38.7,31.5,3,26-10-2023,Free,No,No,0,90,2,4,4.5,Not Completed,1,0,0,1,2,2,4,2
39984,STU139984,Vihaan Mehta,Male,29,Bachelor,Employed,Lucknow,Laptop,Medium,C101,Python Basics,Programming,Beginner,45,4.6,4,27,61.7,4,0.5,0,5,4.0,4,6,1,73.3,52.8,48.2,3,08-04-2025,UPI,Yes,Yes,3823,70,0,1,4.1,Not Completed,1,0,0,0,2,1,4,5
39985,STU139985,Ananya Bhardwaj,Male,40,Bachelor,Student,Nagpur,Mobile,Medium,C103,Introduction to AI,Programming,Intermediate,75,4.5,4,26,42.5,3,0.5,16,6,4.7,6,4,1,71.5,71.0,54.4,1,30-09-2025,Debit Card,Yes,No,6098,80,1,0,4.1,Completed,1,0,2,1,2,2,4,1
39986,STU139986,Meera Reddy,Female,27,Bachelor,Student,Jaipur,Mobile,High,C101,Python Basics,Programming,Beginner,45,4.6,5,37,41.2,1,0.5,1,4,7.5,4,6,5,75.9,64.0,41.6,3,22-12-2024,Credit Card,Yes,No,4600,66,2,0,2.9,Not Completed,0,0,2,1,0,1,4,0
39987,STU139987,Kavya Gupta,Female,33,Diploma,Employed,Delhi,Mobile,Medium,C105,UI/UX Design Fundamentals,Design,Beginner,40,4.4,4,35,76.4,1,0.5,10,4,6.2,6,4,3,72.1,43.2,64.9,3,29-03-2024,Debit Card,Yes,Yes,3105,45,4,0,4.7,Not Completed,0,1,0,1,2,1,1,1
39988,STU139988,Kavya Desai,Female,28,Master,Employed,Mumbai,Laptop,Low,C106,Machine Learning A-Z,Programming,Advanced,90,4.6,6,31,94.5,3,5.0,1,5,7.7,5,5,7,83.2,56.5,65.9,4,27-03-2025,Free,No,No,0,51,1,1,4.1,Completed,0,3,0,0,1,0,4,2
39989,STU139989,Isha Nair,Female,26,Bachelor,Student,Lucknow,Mobile,High,C105,UI/UX Design Fundamentals,Design,Beginner,40,4.4,5,33,67.4,3,6.8,30,3,9.0,5,4,2,68.5,65.7,56.9,0,24-03-2024,Free,No,No,0,96,1,1,4.1,Not Completed,0,0,2,1,0,1,1,2
39990,STU139990,Arjun Verma,Female,27,HighSchool,Student,Delhi,Mobile,Medium,C104,Digital Marketing Essentials,Marketing,Beginner,30,4.3,6,43,66.9,1,3.1,10,9,7.0,2,8,4,88.3,55.2,38.2,3,30-10-2023,UPI,Yes,No,3468,92,4,1,4.9,Completed,0,2,2,1,2,1,2,5
39991,STU139991,Meera Sharma,Male,17,Master,Student,Chennai,Mobile,Medium,C104,Digital Marketing Essentials,Marketing,Beginner,30,4.3,7,29,67.4,4,0.5,12,8,3.9,6,4,6,75.6,93.5,64.3,4,12-01-2025,UPI,Yes,No,3800,85,3,0,4.6,Completed,1,3,2,1,2,1,2,5
39992,STU139992,Vihaan Bose,Female,24,Bachelor,Student,Mumbai,Mobile,Medium,C106,Machine Learning A-Z,Programming,Advanced,90,4.6,7,35,35.2,1,2.2,12,5,4.1,4,6,8,72.2,58.7,39.2,3,08-12-2023,Free,No,No,0,89,3,2,4.0,Not Completed,0,0,2,1,2,0,4,2
39993,STU139993,Nikhil Patel,Male,17,Master,Employed,Vadodara,Mobile,Low,C107,Statistics for Data Science,Math,Intermediate,50,4.2,5,26,68.6,3,0.7,4,3,6.2,4,6,4,78.5,56.8,50.9,1,08-04-2024,Free,No,Yes,0,78,4,0,3.8,Completed,1,3,0,1,1,2,3,2
39994,STU139994,Pooja Gupta,Female,17,Bachelor,Employed,Bengaluru,Laptop,Medium,C105,UI/UX Design Fundamentals,Design,Beginner,40,4.4,4,17,95.8,5,0.5,8,7,3.7,5,5,4,85.7,91.6,68.1,1,18-01-2024,Debit Card,Yes,No,4308,79,0,2,3.7,Completed,0,0,0,0,2,1,1,1
39995,STU139995,Neha Gupta,Male,22,Bachelor,Employed,Pune,Mobile,Medium,C101,Python Basics,Programming,Beginner,45,4.6,2,37,21.4,2,4.1,3,1,4.1,5,5,1,96.2,64.8,40.7,1,29-12-2023,Credit Card,Yes,Yes,3346,84,3,1,5.0,Not Completed,1,0,0,1,2,1,4,0
39996,STU139996,Meera Shah,Male,26,Bachelor,Employed,Chennai,Mobile,Low,C101,Python Basics,Programming,Beginner,45,4.6,2,46,70.8,1,8.5,2,5,3.4,4,6,5,71.4,53.8,51.5,3,28-07-2024,Credit Card,Yes,No,4613,57,1,0,3.7,Not Completed,1,0,0,1,1,1,4,0
39997,STU139997,Rahul Reddy,Male,38,Bachelor,Employed,Chennai,Mobile,Medium,C102,Data Analysis with Python,Programming,Intermediate,60,4.7,4,21,58.4,3,0.5,2,7,3.6,7,3,4,99.3,50.2,64.9,1,27-09-2025,UPI,Yes,No,5052,96,5,0,4.5,Completed,1,0,0,1,2,2,4,5
39998,STU139998,Arjun Joshi,Female,29,Master,Student,Lucknow,Mobile,Medium,C102,Data Analysis with Python,Programming,Intermediate,60,4.7,7,42,97.2,4,5.9,1,3,5.5,5,5,5,66.5,78.8,67.9,1,01-11-2024,Debit Card,Yes,No,5112,42,1,1,2.9,Completed,0,3,2,1,2,2,4,1
39999,STU139999,Meera Verma,Male,25,HighSchool,Student,Mumbai,Laptop,Medium,C107,Statistics for Data Science,Math,Intermediate,50,4.2,3,36,65.3,4,1.3,3,8,8.8,8,2,4,95.7,100.0,75.9,2,05-04-2024,Scholarship,No,Yes,2037,63,3,1,3.3,Not Completed,1,2,2,0,2,2,3,4
40000,STU140000,Sai Mehta,Male,20,HighSchool,Student,Bengaluru,Laptop,Medium,C102,Data Analysis with Python,Programming,Intermediate,60,4.7,4,44,45.6,3,4.0,2,6,4.3,6,4,7,59.8,72.9,55.6,4,16-08-2024,NetBanking,Yes,No,4734,65,4,2,4.6,Not Completed,1,2,2,0,2,2,4,3
40001,STU140001,Arjun Bhardwaj,Female,17,Master,Student,Nagpur,Mobile,Low,C106,Machine Learning A-Z,Programming,Advanced,90,4.6,5,31,64.1,4,5.3,4,3,8.8,5,5,8,87.0,68.9,55.9,1,17-10-2023,Scholarship,No,No,1832,66,5,1,5.0,Completed,0,3,2,1,1,0,4,4
40002,STU140002,Rahul Reddy,Female,28,Bachelor,Student,Ahmedabad,Mobile,Medium,C104,Digital Marketing Essentials,Marketing,Beginner,30,4.3,7,32,79.0,5,0.5,2,7,8.2,6,4,4,77.5,84.5,67.9,2,27-02-2024,Free,No,Yes,0,69,2,0,4.2,Completed,0,0,2,1,2,1,2,2
40003,STU140003,Rohan Gupta,Male,27,Diploma,Student,Indore,Laptop,High,C101,Python Basics,Programming,Beginner,45,4.6,5,30,55.5,0,5.4,10,3,8.3,5,4,5,82.4,55.7,52.2,3,14-01-2024,Free,No,No,0,77,1,1,4.3,Not Completed,1,1,2,0,0,1,4,2
40004,STU140004,Vivaan Shah,Female,17,Bachelor,Employed,Surat,Mobile,Low,C103,Introduction to AI,Programming,Intermediate,75,4.5,4,32,45.3,1,0.5,12,3,5.4,3,7,4,61.4,49.5,36.3,2,26-05-2024,Free,No,Yes,0,32,0,5,4.6,Not Completed,0,0,0,1,1,2,4,2
40005,STU140005,Kavya Bhardwaj,Male,31,Master,Employed,Ahmedabad,Laptop,High,C108,Excel for Business,Business,Beginner,25,4.1,5,46,91.7,6,4.0,3,12,8.6,9,1,8,92.7,78.2,90.0,5,25-01-2025,NetBanking,Yes,No,3512,64,3,2,4.5,Completed,1,3,0,0,0,1,0,3
40006,STU140006,Pooja Nair,Male,28,Bachelor,Self-Employed,Pune,Laptop,High,C107,Statistics for Data Science,Math,Intermediate,50,4.2,2,44,81.3,3,0.5,5,4,4.6,8,2,5,73.4,54.9,79.2,4,01-06-2025,Debit Card,Yes,No,4360,67,3,0,5.0,Not Completed,1,0,1,0,0,2,3,1
40007,STU140007,Rahul Sharma,Male,24,Master,Student,Kolkata,Mobile,Medium,C108,Excel for Business,Business,Beginner,25,4.1,8,26,37.4,1,9.3,20,5,6.9,2,8,2,81.4,56.0,27.9,1,25-06-2024,Debit Card,Yes,No,3209,61,2,2,3.5,Completed,1,3,2,1,2,1,0,1
40008,STU140008,Vihaan Patel,Female,17,Bachelor,Unemployed,Delhi,Laptop,High,C106,Machine Learning A-Z,Programming,Advanced,90,4.6,9,28,68.2,3,3.6,1,5,8.2,6,4,3,70.1,61.9,63.0,2,11-03-2025,UPI,Yes,No,5875,51,1,1,3.3,Completed,0,0,3,0,0,0,4,5
40009,STU140009,Pooja Joshi,Male,26,Diploma,Employed,Surat,Mobile,Low,C104,Digital Marketing Essentials,Marketing,Beginner,30,4.3,6,31,66.8,0,6.7,1,5,5.3,8,2,0,92.9,85.4,75.6,2,09-05-2024,Credit Card,Yes,Yes,3028,81,1,0,3.3,Completed,1,1,0,1,1,1,2,0
40010,STU140010,Priya Patel,Female,21,Bachelor,Student,Hyderabad,Mobile,Medium,C107,Statistics for Data Science,Math,Intermediate,50,4.2,5,38,53.0,5,13.1,10,7,7.0,7,3,9,70.3,70.8,64.1,0,25-10-2024,UPI,Yes,No,4183,56,6,0,5.0,Completed,0,0,2,1,2,2,3,5
40011,STU140011,Ritika Verma,Female,17,PhD,Student,Surat,Laptop,Medium,C102,Data Analysis with Python,Programming,Intermediate,60,4.7,5,35,63.5,1,2.8,3,5,6.1,4,6,4,63.2,63.7,49.4,0,23-02-2024,Scholarship,No,Yes,897,60,2,1,5.0,Not Completed,0,4,2,0,2,2,4,4
40012,STU140012,Ritika Shah,Female,18,Master,Employed,Surat,Mobile,High,C103,Introduction to AI,Programming,Intermediate,75,4.5,2,25,28.1,4,6.8,25,6,3.6,7,2,3,91.4,76.8,55.7,1,09-12-2024,UPI,Yes,No,5310,70,2,2,4.2,Completed,0,3,0,1,0,2,4,5
40013,STU140013,Rohan Kumar,Female,17,Master,Employed,Pune,Laptop,Medium,C104,Digital Marketing Essentials,Marketing,Beginner,30,4.3,2,30,36.1,0,2.5,15,4,5.5,2,8,1,88.4,70.6,28.2,2,02-02-2024,Debit Card,Yes,No,3446,83,1,1,5.0,Completed,0,3,0,0,2,1,2,1
40014,STU140014,Isha Gupta,Female,29,Bachelor,Employed,Nagpur,Mobile,Medium,C107,Statistics for Data Science,Math,Intermediate,50,4.2,2,21,31.0,1,3.0,10,7,6.3,5,4,1,76.1,65.3,44.1,3,25-07-2024,UPI,Yes,No,4174,73,2,4,3.5,Not Completed,0,0,0,1,2,2,3,5
40015,STU140015,Arjun Shah,Female,29,Bachelor,Employed,Nagpur,Mobile,Medium,C106,Machine Learning A-Z,Programming,Advanced,90,4.6,4,21,40.7,6,2.8,18,5,5.2,4,6,1,66.6,90.0,42.8,3,02-06-2024,Credit Card,Yes,No,6768,66,2,0,5.0,Not Completed,0,0,0,1,2,0,4,0
40016,STU140016,Pooja Desai,Female,36,Master,Student,Lucknow,Mobile,Medium,C107,Statistics for Data Science,Math,Intermediate,50,4.2,6,28,70.5,2,0.5,6,4,9.4,6,4,6,63.8,62.5,63.8,0,28-07-2025,NetBanking,Yes,No,4310,78,6,3,3.3,Not Completed,0,3,2,1,2,2,3,3
40017,STU140017,Isha Nair,Male,20,Bachelor,Student,Delhi,Mobile,Medium,C105,UI/UX Design Fundamentals,Design,Beginner,40,4.4,6,46,78.6,2,0.5,10,3,3.4,7,3,4,75.7,76.1,73.3,4,12-09-2024,Debit Card,Yes,No,4235,100,3,0,3.6,Not Completed,1,0,2,1,2,1,1,1
40018,STU140018,Ananya Verma,Male,19,Diploma,Student,Surat,Mobile,High,C107,Statistics for Data Science,Math,Intermediate,50,4.2,4,29,74.0,4,7.1,3,7,8.9,3,6,5,73.8,64.7,47.1,1,25-05-2025,Free,No,No,0,97,3,1,3.8,Completed,1,1,2,1,0,2,3,2
40019,STU140019,Krishna Patel,Male,38,PhD,Student,Bhopal,Tablet,High,C101,Python Basics,Programming,Beginner,45,4.6,5,16,90.2,3,3.4,3,8,6.1,7,3,4,81.7,60.0,76.6,5,11-03-2025,UPI,Yes,No,4241,79,3,0,4.5,Completed,1,4,2,2,0,1,4,5
40020,STU140020,Sai Sharma,Male,28,Diploma,Student,Kolkata,Mobile,High,C104,Digital Marketing Essentials,Marketing,Beginner,30,4.3,5,43,58.4,1,15.8,24,4,6.5,4,6,3,62.1,71.5,48.0,2,11-08-2025,Credit Card,Yes,No,3372,48,1,0,4.4,Completed,1,1,2,1,0,1,2,0
40021,STU140021,Priya Singh,Male,29,Bachelor,Self-Employed,Bhopal,Mobile,Medium,C104,Digital Marketing Essentials,Marketing,Beginner,30,4.3,1,14,53.7,2,0.5,9,8,3.1,3,7,6,68.9,80.0,40.8,2,17-02-2025,Credit Card,Yes,No,3764,43,5,2,3.7,Completed,1,0,1,1,2,1,2,0
40022,STU140022,Sai Desai,Male,19,HighSchool,Self-Employed,Mumbai,Mobile,Medium,C106,Machine Learning A-Z,Programming,Advanced,90,4.6,3,44,90.5,3,3.3,4,3,7.2,3,7,6,92.0,74.3,53.4,2,02-04-2025,Free,No,No,0,70,3,0,4.6,Not Completed,1,2,1,1,2,0,4,2
40023,STU140023,Rohan Iyer,Male,29,Bachelor,Employed,Mumbai,Laptop,High,C101,Python Basics,Programming,Beginner,45,4.6,5,36,61.6,1,3.2,4,8,3.4,8,2,2,97.3,42.8,71.7,4,12-08-2024,Debit Card,Yes,No,4067,73,2,0,4.6,Not Completed,1,0,0,0,0,1,4,1
40024,STU140024,Neha Singh,Female,21,Master,Employed,Hyderabad,Laptop,High,C101,Python Basics,Programming,Beginner,45,4.6,7,33,67.9,2,4.0,2,7,7.5,7,3,10,69.9,58.8,68.7,3,04-04-2025,UPI,Yes,No,3852,63,3,0,5.0,Completed,0,3,0,0,0,1,4,5
40025,STU140025,Meera Joshi,Male,24,Diploma,Student,Jaipur,Mobile,Medium,C103,Introduction to AI,Programming,Intermediate,75,4.5,4,26,29.1,1,0.6,2,6,4.8,5,5,0,79.2,69.5,43.6,4,03-05-2025,NetBanking,Yes,No,5615,71,3,1,2.9,Not Completed,1,1,2,1,2,2,4,3
40026,STU140026,Vihaan Shah,Male,35,Master,Self-Employed,Kolkata,Mobile,Medium,C102,Data Analysis with Python,Programming,Intermediate,60,4.7,6,24,51.5,5,0.5,7,3,5.9,6,4,6,55.2,80.5,58.0,0,17-10-2024,UPI,Yes,No,4654,91,1,0,4.3,Not Completed,1,3,1,1,2,2,4,5
40027,STU140027,Rahul Shah,Female,25,HighSchool,Student,Nagpur,Mobile,Low,C101,Python Basics,Programming,Beginner,45,4.6,9,20,76.4,2,5.0,0,6,5.5,3,6,3,75.8,84.2,49.0,1,19-10-2024,UPI,Yes,No,4376,80,1,1,4.6,Not Completed,0,2,2,1,1,1,4,5
40028,STU140028,Sneha Bose,Female,20,Bachelor,Employed,Nagpur,Mobile,High,C102,Data Analysis with Python,Programming,Intermediate,60,4.7,3,36,63.8,1,0.5,0,8,6.6,5,5,8,78.0,63.9,55.5,2,25-09-2024,Debit Card,Yes,Yes,3844,67,2,0,4.0,Completed,0,0,0,1,0,2,4,1
40029,STU140029,Neha Kumar,Male,28,Master,Unemployed,Ahmedabad,Laptop,High,C101,Python Basics,Programming,Beginner,45,4.6,5,30,53.8,0,5.7,25,3,8.0,4,6,3,69.1,97.8,47.7,3,22-04-2024,Scholarship,No,Yes,2120,89,1,1,3.8,Completed,1,3,3,0,0,1,4,4
40030,STU140030,Sakshi Nair,Male,35,Bachelor,Student,Mumbai,Mobile,High,C103,Introduction to AI,Programming,Intermediate,75,4.5,6,15,69.2,4,1.2,15,5,3.9,4,6,2,76.0,45.1,50.5,0,05-07-2024,Credit Card,Yes,No,5781,72,6,0,4.3,Completed,1,0,2,1,0,2,4,0
40031,STU140031,Krishna Joshi,Male,21,Bachelor,Employed,Bengaluru,Laptop,Low,C101,Python Basics,Programming,Beginner,45,4.6,3,51,64.4,1,1.4,10,7,4.4,5,5,2,62.1,85.7,56.8,2,11-09-2025,Free,No,Yes,0,56,2,1,4.4,Completed,1,0,0,0,1,1,4,2
40032,STU140032,Rahul Shah,Female,23,Master,Employed,Surat,Mobile,High,C101,Python Basics,Programming,Beginner,45,4.6,3,5,74.4,4,0.9,6,5,8.2,2,8,3,83.5,31.3,39.6,2,18-04-2024,UPI,Yes,Yes,3420,43,3,1,4.5,Not Completed,0,3,0,1,0,1,4,5
40033,STU140033,Ananya Desai,Female,27,PhD,Employed,Chennai,Mobile,High,C102,Data Analysis with Python,Programming,Intermediate,60,4.7,5,34,47.1,1,3.9,7,8,8.0,2,8,4,80.8,40.9,30.5,4,04-01-2025,UPI,Yes,No,5114,100,3,1,4.4,Completed,0,4,0,1,0,2,4,5
40034,STU140034,Ritika Nair,Female,17,Bachelor,Student,Jaipur,Laptop,Low,C105,UI/UX Design Fundamentals,Design,Beginner,40,4.4,3,35,78.2,3,2.1,3,7,4.7,6,4,8,71.3,47.7,65.8,3,12-07-2025,Credit Card,Yes,No,3878,62,6,2,4.0,Not Completed,0,0,2,0,1,1,1,0
40035,STU140035,Priya Sharma,Male,24,Master,Employed,Kolkata,Laptop,High,C106,Machine Learning A-Z,Programming,Advanced,90,4.6,4,13,67.4,4,0.5,2,4,3.9,6,4,3,51.8,87.2,64.0,1,27-08-2025,Scholarship,No,No,1344,56,3,1,4.3,Completed,1,3,0,0,0,0,4,4
40036,STU140036,Vivaan Mehta,Male,32,Bachelor,Student,Lucknow,Mobile,Low,C107,Statistics for Data Science,Math,Intermediate,50,4.2,4,43,50.0,2,0.5,1,1,5.1,7,3,5,65.1,57.8,62.4,1,08-02-2024,UPI,Yes,Yes,3554,83,2,0,4.4,Not Completed,1,0,2,1,1,2,3,5
40037,STU140037,Neha Mehta,Female,19,Master,Employed,Ahmedabad,Laptop,High,C101,Python Basics,Programming,Beginner,45,4.6,6,23,83.3,2,1.4,5,5,7.2,4,6,2,86.4,57.8,56.1,1,09-04-2025,Free,No,No,0,77,2,2,4.7,Not Completed,0,3,0,0,0,1,4,2
40038,STU140038,Neha Nair,Male,23,Bachelor,Employed,Nagpur,Mobile,Low,C108,Excel for Business,Business,Beginner,25,4.1,5,27,14.8,2,8.8,8,7,1.4,7,3,1,47.4,30.0,48.7,1,31-08-2024,NetBanking,Yes,No,3484,83,2,0,4.1,Not Completed,1,0,0,1,1,1,0,3
40039,STU140039,Vihaan Nair,Male,27,Bachelor,Student,Bhopal,Laptop,Medium,C102,Data Analysis with Python,Programming,Intermediate,60,4.7,4,45,45.1,0,8.2,7,5,8.2,4,5,6,76.2,74.7,43.5,5,06-12-2024,Debit Card,Yes,No,5176,56,0,3,3.4,Completed,1,0,2,0,2,2,4,1
40040,STU140040,Meera Bose,Male,22,Bachelor,Employed,Chennai,Laptop,Medium,C106,Machine Learning A-Z,Programming,Advanced,90,4.6,7,31,66.7,8,0.5,0,7,5.8,5,5,5,84.8,81.1,57.4,4,11-04-2025,UPI,Yes,No,6882,94,3,0,4.9,Completed,1,0,0,0,2,0,4,5
40041,STU140041,Ananya Bhardwaj,Male,21,Bachelor,Student,Kolkata,Mobile,Low,C105,UI/UX Design Fundamentals,Design,Beginner,40,4.4,6,32,29.8,1,1.1,16,1,1.2,5,5,7,65.4,65.3,43.7,2,30-07-2024,UPI,Yes,No,4161,100,0,1,3.6,Completed,1,0,2,1,1,1,1,5
40042,STU140042,Ananya Shah,Male,27,Bachelor,Employed,Vadodara,Mobile,Medium,C106,Machine Learning A-Z,Programming,Advanced,90,4.6,4,29,47.6,2,0.5,0,4,5.2,3,7,0,66.9,63.2,37.8,1,25-02-2025,Credit Card,Yes,No,7084,70,2,1,5.0,Not Completed,1,0,0,1,2,0,4,0
40043,STU140043,Isha Shah,Male,23,Master,Self-Employed,Mumbai,Mobile,Medium,C101,Python Basics,Programming,Beginner,45,4.6,6,21,59.5,2,0.5,4,8,6.0,3,7,4,76.6,88.9,43.3,1,20-11-2024,UPI,Yes,No,4091,59,3,0,3.7,Not Completed,1,3,1,1,2,1,4,5
40044,STU140044,Isha Nair,Male,30,Master,Employed,Indore,Laptop,Medium,C107,Statistics for Data Science,Math,Intermediate,50,4.2,5,33,64.4,2,4.6,2,5,3.9,5,5,4,68.6,77.9,56.4,2,11-06-2025,UPI,Yes,Yes,3545,69,2,2,5.0,Completed,1,3,0,0,2,2,3,5
40045,STU140045,Ritika Kumar,Female,27,HighSchool,Employed,Delhi,Mobile,Medium,C105,UI/UX Design Fundamentals,Design,Beginner,40,4.4,2,40,72.7,7,0.7,0,2,9.2,4,5,1,56.8,87.6,53.8,3,15-01-2024,Free,No,No,0,83,2,0,3.7,Not Completed,0,2,0,1,2,1,1,2
40046,STU140046,Aditya Kumar,Female,32,Master,Self-Employed,Surat,Mobile,High,C106,Machine Learning A-Z,Programming,Advanced,90,4.6,5,40,95.1,2,2.4,0,4,9.4,4,6,1,77.0,68.2,60.7,3,05-06-2024,Free,No,No,0,93,2,1,4.2,Not Completed,0,3,1,1,0,0,4,2
40047,STU140047,Rahul Reddy,Male,19,Bachelor,Employed,Ahmedabad,Mobile,Medium,C107,Statistics for Data Science,Math,Intermediate,50,4.2,4,15,43.1,1,9.9,9,8,7.4,8,2,5,86.5,73.1,66.7,2,30-12-2024,Credit Card,Yes,No,4053,72,1,2,4.8,Not Completed,1,0,0,1,2,2,3,0
40048,STU140048,Rahul Joshi,Male,23,Master,Employed,Bhopal,Mobile,High,C108,Excel for Business,Business,Beginner,25,4.1,1,30,48.0,1,0.5,1,3,3.1,4,6,3,74.5,47.4,43.2,2,08-04-2025,Debit Card,Yes,No,3162,70,3,1,4.6,Not Completed,1,3,0,1,0,1,0,1
40049,STU140049,Ritika Reddy,Female,17,Bachelor,Student,Surat,Mobile,Medium,C106,Machine Learning A-Z,Programming,Advanced,90,4.6,5,17,42.0,3,0.5,6,4,8.1,5,4,3,79.2,47.6,47.1,4,16-08-2025,UPI,Yes,No,6638,100,1,0,3.6,Not Completed,0,0,2,1,2,0,4,5
40050,STU140050,Priya Patel,Male,34,Diploma,Self-Employed,Lucknow,Laptop,Medium,C101,Python Basics,Programming,Beginner,45,4.6,3,47,53.6,1,0.5,6,2,8.5,3,7,2,53.4,53.1,39.4,3,21-02-2025,UPI,Yes,No,4021,73,0,0,2.4,Not Completed,1,1,1,0,2,1,4,5
40051,STU140051,Rahul Bose,Female,27,Bachelor,Employed,Delhi,Mobile,High,C103,Introduction to AI,Programming,Intermediate,75,4.5,7,38,59.9,1,7.6,6,2,7.1,4,6,3,69.6,58.5,47.9,0,25-05-2024,UPI,Yes,No,5984,83,0,2,3.8,Completed,0,0,0,1,0,2,4,5
40052,STU140052,Vivaan Sharma,Female,28,Bachelor,Student,Jaipur,Laptop,Medium,C108,Excel for Business,Business,Beginner,25,4.1,4,32,32.9,1,7.0,1,6,6.1,3,7,6,79.9,52.2,32.1,5,22-06-2024,Scholarship,No,No,1108,73,4,0,3.5,Not Completed,0,0,2,0,2,1,0,4
40053,STU140053,Ritika Singh,Female,29,Bachelor,Student,Lucknow,Mobile,High,C105,UI/UX Design Fundamentals,Design,Beginner,40,4.4,4,34,26.4,1,3.4,13,5,7.3,4,6,5,80.6,61.9,36.3,3,05-06-2024,Debit Card,Yes,No,4310,55,5,2,3.9,Not Completed,0,0,2,1,0,1,1,1
40054,STU140054,Vivaan Mehta,Female,17,Bachelor,Self-Employed,Surat,Mobile,Medium,C108,Excel for Business,Business,Beginner,25,4.1,3,57,41.4,5,0.5,6,8,5.7,6,4,3,90.6,78.6,54.4,2,15-05-2025,Scholarship,No,No,763,69,2,1,3.0,Not Completed,0,0,1,1,2,1,0,4
40055,STU140055,Ananya Desai,Female,19,Diploma,Employed,Vadodara,Laptop,Medium,C108,Excel for Business,Business,Beginner,25,4.1,5,33,37.4,2,1.1,6,7,6.7,6,4,1,76.9,100.0,54.1,2,22-03-2025,Scholarship,No,No,932,50,2,0,5.0,Not Completed,0,1,0,0,2,1,0,4
40056,STU140056,Aarav Singh,Male,21,Bachelor,Student,Mumbai,Mobile,Low,C106,Machine Learning A-Z,Programming,Advanced,90,4.6,6,41,79.1,1,4.9,17,7,7.7,5,5,2,66.4,49.4,60.1,2,21-06-2024,Credit Card,Yes,No,6309,75,7,1,3.8,Completed,1,0,2,1,1,0,4,0
40057,STU140057,Kavya Nair,Female,39,Master,Student,Delhi,Laptop,Medium,C104,Digital Marketing Essentials,Marketing,Beginner,30,4.3,6,20,35.5,0,2.7,4,4,5.8,6,4,3,76.8,69.7,51.9,2,08-09-2024,Credit Card,Yes,No,3639,74,1,1,4.7,Completed,0,3,2,0,2,1,2,0
40058,STU140058,Pooja Sharma,Male,27,Bachelor,Self-Employed,Bengaluru,Laptop,Medium,C107,Statistics for Data Science,Math,Intermediate,50,4.2,4,33,38.9,1,7.5,1,6,5.5,4,6,2,71.7,69.5,41.1,0,23-08-2024,UPI,Yes,No,4244,89,6,1,5.0,Not Completed,1,0,1,0,2,2,3,5
40059,STU140059,Sakshi Mehta,Male,18,Bachelor,Student,Pune,Laptop,Low,C102,Data Analysis with Python,Programming,Intermediate,60,4.7,3,41,56.9,0,0.5,9,7,1.1,4,6,1,56.2,47.6,46.3,0,07-03-2025,Scholarship,No,No,2117,61,0,2,5.0,Not Completed,1,0,2,0,1,2,4,4
40060,STU140060,Aditya Singh,Male,22,Bachelor,Employed,Jaipur,Mobile,Medium,C103,Introduction to AI,Programming,Intermediate,75,4.5,6,15,46.6,2,1.8,2,7,6.5,3,7,5,63.6,70.6,37.8,1,19-05-2025,UPI,Yes,No,5838,57,2,0,3.2,Not Completed,1,0,0,1,2,2,4,5
40061,STU140061,Arjun Sharma,Male,17,Bachelor,Employed,Indore,Laptop,High,C107,Statistics for Data Science,Math,Intermediate,50,4.2,4,54,91.0,1,12.3,15,8,9.0,5,5,6,73.2,53.2,64.5,4,23-07-2025,Free,No,No,0,53,1,1,3.2,Completed,1,0,0,0,0,2,3,2
40062,STU140062,Aditya Singh,Male,24,Bachelor,Student,Nagpur,Mobile,Medium,C101,Python Basics,Programming,Beginner,45,4.6,6,37,60.2,5,3.2,1,5,4.3,3,7,3,62.3,81.4,43.1,2,27-09-2024,UPI,Yes,No,4633,52,0,0,3.5,Completed,1,0,2,1,2,1,4,5
40063,STU140063,Vivaan Nair,Female,27,Bachelor,Student,Lucknow,Laptop,High,C104,Digital Marketing Essentials,Marketing,Beginner,30,4.3,3,35,58.6,2,6.7,26,5,6.2,4,5,5,75.3,58.8,47.4,2,12-12-2024,Credit Card,Yes,No,3821,67,0,1,4.3,Not Completed,0,0,2,0,0,1,2,0
40064,STU140064,Rahul Patel,Male,18,Diploma,Student,Lucknow,Mobile,High,C106,Machine Learning A-Z,Programming,Advanced,90,4.6,5,39,42.5,2,6.7,7,7,3.5,7,3,4,94.9,73.7,60.6,5,07-09-2025,Scholarship,No,Yes,2042,100,2,0,5.0,Completed,1,1,2,1,0,0,4,4
40065,STU140065,Vihaan Bhardwaj,Male,26,Master,Employed,Jaipur,Mobile,High,C103,Introduction to AI,Programming,Intermediate,75,4.5,2,29,71.3,2,1.8,22,7,5.7,5,5,4,86.2,83.6,59.1,1,02-04-2025,Free,No,No,0,44,1,0,4.3,Completed,1,3,0,1,0,2,4,2
40066,STU140066,Sneha Verma,Male,20,Bachelor,Student,Chennai,Laptop,Medium,C101,Python Basics,Programming,Beginner,45,4.6,4,52,89.7,5,0.5,2,5,7.5,7,3,6,72.5,44.2,75.6,2,02-08-2024,UPI,Yes,No,4589,69,4,1,4.6,Completed,1,0,2,0,2,1,4,5
40067,STU140067,Rohan Bose,Male,33,Master,Employed,Kolkata,Tablet,High,C101,Python Basics,Programming,Beginner,45,4.6,5,45,72.2,5,2.0,1,7,6.6,4,6,5,77.2,88.2,53.7,2,05-03-2024,Credit Card,Yes,No,4520,75,3,0,3.8,Completed,1,3,0,2,0,1,4,0
40068,STU140068,Sneha Kumar,Male,21,Master,Employed,Ahmedabad,Mobile,Medium,C102,Data Analysis with Python,Programming,Intermediate,60,4.7,4,18,61.2,3,10.2,17,4,6.7,6,4,4,73.2,60.1,60.4,2,09-02-2024,Credit Card,Yes,No,4724,67,0,1,4.1,Completed,1,3,0,1,2,2,4,0
40069,STU140069,Sai Iyer,Male,26,Diploma,Student,Vadodara,Laptop,Medium,C106,Machine Learning A-Z,Programming,Advanced,90,4.6,7,36,51.1,3,15.7,2,5,7.0,5,5,5,89.7,57.6,50.8,3,19-06-2024,UPI,Yes,Yes,5577,100,2,0,4.4,Completed,1,1,2,0,2,0,4,5
40070,STU140070,Sai Bose,Male,22,Bachelor,Employed,Bengaluru,Mobile,High,C102,Data Analysis with Python,Programming,Intermediate,60,4.7,5,33,95.3,2,3.7,2,6,4.7,6,4,5,77.8,82.8,73.5,2,25-07-2024,Credit Card,Yes,No,5479,85,2,2,3.6,Completed,1,0,0,1,0,2,4,0
40071,STU140071,Aditya Desai,Male,17,Bachelor,Employed,Bhopal,Mobile,Low,C105,UI/UX Design Fundamentals,Design,Beginner,40,4.4,5,25,83.2,5,1.7,8,8,5.8,4,6,2,39.2,83.3,57.3,4,01-07-2024,Scholarship,No,No,1898,88,4,1,4.8,Not Completed,1,0,0,1,1,1,1,4
40072,STU140072,Sai Reddy,Female,29,Master,Student,Surat,Laptop,High,C102,Data Analysis with Python,Programming,Intermediate,60,4.7,7,40,67.5,1,0.5,4,9,6.7,4,6,6,67.9,71.6,51.2,0,16-09-2025,Debit Card,Yes,No,5476,86,3,0,3.8,Not Completed,0,3,2,0,0,2,4,1
40073,STU140073,Rahul Mehta,Female,17,HighSchool,Student,Vadodara,Mobile,Medium,C104,Digital Marketing Essentials,Marketing,Beginner,30,4.3,8,42,41.9,3,9.7,11,5,4.1,6,4,4,64.5,94.1,55.4,1,07-08-2024,UPI,Yes,Yes,3112,78,1,0,5.0,Not Completed,0,2,2,1,2,1,2,5
40074,STU140074,Aditya Joshi,Male,20,PhD,Student,Surat,Laptop,Low,C106,Machine Learning A-Z,Programming,Advanced,90,4.6,4,34,85.8,1,0.5,2,4,5.5,5,5,3,51.1,86.2,64.3,1,08-06-2024,NetBanking,Yes,Yes,5348,51,2,0,4.1,Completed,1,4,2,0,1,0,4,3
40075,STU140075,Sakshi Gupta,Female,23,Bachelor,Student,Mumbai,Laptop,Medium,C107,Statistics for Data Science,Math,Intermediate,50,4.2,6,21,80.5,3,0.5,0,8,7.2,5,4,0,68.4,57.9,61.1,5,01-12-2024,UPI,Yes,No,4075,79,1,0,3.7,Completed,0,0,2,0,2,2,3,5
40076,STU140076,Priya Verma,Female,17,Bachelor,Student,Nagpur,Mobile,High,C106,Machine Learning A-Z,Programming,Advanced,90,4.6,3,43,62.9,1,5.9,3,5,7.9,8,2,5,73.0,70.2,73.5,1,02-01-2025,Scholarship,No,No,1738,91,6,1,4.1,Not Completed,0,0,2,1,0,0,4,4
40077,STU140077,Arjun Reddy,Female,27,Master,Unemployed,Pune,Mobile,Medium,C105,UI/UX Design Fundamentals,Design,Beginner,40,4.4,6,33,49.1,2,1.1,10,6,5.7,4,6,2,84.1,72.0,44.8,2,30-10-2023,Debit Card,Yes,Yes,3541,60,0,1,5.0,Not Completed,0,3,3,1,2,1,1,1
40078,STU140078,Aarav Singh,Male,29,Bachelor,Student,Vadodara,Laptop,Medium,C103,Introduction to AI,Programming,Intermediate,75,4.5,4,30,60.3,2,3.5,0,7,7.8,6,4,4,74.9,47.9,59.5,2,05-11-2024,Free,No,No,0,77,3,2,3.7,Completed,1,0,2,0,2,2,4,2
40079,STU140079,Krishna Iyer,Male,25,Bachelor,Student,Surat,Laptop,Medium,C102,Data Analysis with Python,Programming,Intermediate,60,4.7,8,32,73.3,2,1.6,1,3,5.5,6,4,5,67.2,74.4,65.4,3,04-03-2024,UPI,Yes,Yes,4504,34,2,0,4.2,Not Completed,1,0,2,0,2,2,4,5
40080,STU140080,Krishna Iyer,Male,31,Bachelor,Student,Ahmedabad,Mobile,High,C102,Data Analysis with Python,Programming,Intermediate,60,4.7,5,8,96.3,2,2.7,3,8,9.8,6,4,0,83.7,100.0,74.7,4,02-08-2025,Free,No,Yes,0,57,3,1,4.3,Not Completed,1,0,2,1,0,2,4,2
40081,STU140081,Krishna Singh,Male,35,Diploma,Employed,Bhopal,Mobile,Low,C108,Excel for Business,Business,Beginner,25,4.1,6,35,80.3,2,0.5,5,6,5.4,2,7,4,80.1,84.1,44.3,2,28-11-2023,NetBanking,Yes,Yes,2581,73,3,0,5.0,Not Completed,1,1,0,1,1,1,0,3
40082,STU140082,Krishna Singh,Female,21,Bachelor,Employed,Kolkata,Mobile,Medium,C102,Data Analysis with Python,Programming,Intermediate,60,4.7,8,30,68.0,2,11.2,9,7,7.8,6,4,2,94.8,73.8,63.5,2,23-10-2023,Debit Card,Yes,No,5309,58,2,0,5.0,Completed,0,0,0,1,2,2,4,1
40083,STU140083,Rahul Iyer,Female,31,Diploma,Employed,Nagpur,Mobile,High,C103,Introduction to AI,Programming,Intermediate,75,4.5,8,36,50.3,2,3.3,7,3,8.0,5,5,3,80.2,62.4,50.7,2,07-03-2025,Credit Card,Yes,Yes,4960,59,1,0,4.4,Not Completed,0,1,0,1,0,2,4,0
40084,STU140084,Sakshi Iyer,Other,25,HighSchool,Employed,Lucknow,Laptop,Low,C104,Digital Marketing Essentials,Marketing,Beginner,30,4.3,2,39,51.7,1,4.6,12,6,5.7,5,5,2,59.6,83.4,52.3,1,11-09-2024,UPI,Yes,No,3610,76,3,2,4.2,Not Completed,2,2,0,0,1,1,2,5
40085,STU140085,Aarav Bose,Female,27,Bachelor,Unemployed,Vadodara,Mobile,High,C101,Python Basics,Programming,Beginner,45,4.6,4,28,84.8,4,4.6,2,7,7.6,2,8,6,94.8,75.5,45.5,2,29-01-2025,Credit Card,Yes,Yes,3858,57,0,1,4.4,Completed,0,0,3,1,0,1,4,0
40086,STU140086,Kavya Kumar,Female,18,Bachelor,Employed,Hyderabad,Mobile,High,C102,Data Analysis with Python,Programming,Intermediate,60,4.7,4,39,28.9,1,5.8,8,3,3.6,1,9,4,63.2,51.0,18.7,1,01-11-2024,NetBanking,Yes,No,5046,41,1,1,2.5,Completed,0,0,0,1,0,2,4,3
40087,STU140087,Aditya Shah,Male,30,Bachelor,Employed,Delhi,Mobile,High,C102,Data Analysis with Python,Programming,Intermediate,60,4.7,4,43,86.3,5,5.7,0,4,4.1,6,4,5,82.3,81.1,70.3,3,14-08-2025,UPI,Yes,No,4862,69,2,1,5.0,Not Completed,1,0,0,1,0,2,4,5
40088,STU140088,Vihaan Nair,Female,25,Bachelor,Employed,Ahmedabad,Mobile,High,C102,Data Analysis with Python,Programming,Intermediate,60,4.7,2,20,81.2,1,0.5,2,7,5.9,4,6,3,64.3,50.2,54.9,4,16-06-2024,UPI,Yes,No,5436,59,0,2,4.3,Not Completed,0,0,0,1,0,2,4,5
40089,STU140089,Priya Patel,Female,30,Bachelor,Employed,Lucknow,Laptop,Medium,C102,Data Analysis with Python,Programming,Intermediate,60,4.7,2,42,63.9,3,0.5,35,6,7.4,1,9,3,39.0,78.2,32.3,1,19-04-2024,Scholarship,No,No,1155,39,3,1,4.3,Not Completed,0,0,0,0,2,2,4,4
40090,STU140090,Ritika Sharma,Male,38,Bachelor,Student,Indore,Mobile,High,C102,Data Analysis with Python,Programming,Intermediate,60,4.7,8,28,35.9,4,0.5,0,5,3.4,6,4,4,63.4,54.4,51.3,3,24-09-2025,Credit Card,Yes,No,4651,58,4,1,4.9,Not Completed,1,0,2,1,0,2,4,0
40091,STU140091,Nikhil Desai,Male,24,Bachelor,Employed,Pune,Mobile,Low,C105,UI/UX Design Fundamentals,Design,Beginner,40,4.4,5,34,47.0,3,7.5,4,7,5.0,5,5,2,67.7,81.8,50.5,1,05-05-2024,UPI,Yes,Yes,3105,92,2,0,5.0,Completed,1,0,0,1,1,1,1,5
40092,STU140092,Ritika Patel,Other,22,HighSchool,Student,Jaipur,Laptop,High,C103,Introduction to AI,Programming,Intermediate,75,4.5,3,38,79.8,4,1.8,1,6,9.3,2,8,3,53.9,68.7,43.4,2,24-08-2024,UPI,Yes,Yes,5142,70,1,0,4.6,Completed,2,2,2,0,0,2,4,5
40093,STU140093,Sai Bose,Female,33,Diploma,Student,Indore,Laptop,Medium,C101,Python Basics,Programming,Beginner,45,4.6,3,31,67.4,4,0.5,4,4,0.0,4,6,3,73.0,43.0,49.7,3,10-04-2025,Debit Card,Yes,Yes,3679,62,3,1,4.2,Completed,0,1,2,0,2,1,4,1
40094,STU140094,Rahul Kumar,Male,32,Bachelor,Student,Vadodara,Mobile,High,C106,Machine Learning A-Z,Programming,Advanced,90,4.6,6,36,82.8,2,2.1,3,3,9.4,2,8,3,85.9,88.3,45.4,2,19-01-2025,Free,No,No,0,100,0,2,5.0,Completed,1,0,2,1,0,0,4,2
40095,STU140095,Sneha Bhardwaj,Male,19,Bachelor,Student,Indore,Mobile,High,C101,Python Basics,Programming,Beginner,45,4.6,3,18,87.4,0,2.0,9,7,6.0,4,6,3,82.1,85.2,58.8,1,03-07-2025,NetBanking,Yes,No,3943,83,4,1,3.7,Completed,1,0,2,1,0,1,4,3
40096,STU140096,Nikhil Desai,Female,37,HighSchool,Employed,Lucknow,Mobile,Medium,C108,Excel for Business,Business,Beginner,25,4.1,5,27,52.5,3,3.0,3,5,6.6,4,6,3,73.5,76.3,46.2,5,08-04-2024,UPI,Yes,No,2946,67,0,0,4.2,Not Completed,0,2,0,1,2,1,0,5
40097,STU140097,Rahul Desai,Male,22,Master,Student,Delhi,Mobile,Medium,C103,Introduction to AI,Programming,Intermediate,75,4.5,4,30,27.7,1,9.1,1,4,6.7,4,6,6,65.4,73.5,37.4,3,11-01-2024,UPI,Yes,Yes,5110,54,3,3,4.5,Not Completed,1,3,2,1,2,2,4,5
40098,STU140098,Sakshi Bhardwaj,Female,17,Diploma,Student,Ahmedabad,Mobile,Medium,C108,Excel for Business,Business,Beginner,25,4.1,5,35,74.0,3,0.5,21,2,8.3,3,7,5,72.3,81.2,47.9,2,26-02-2025,Scholarship,No,No,579,78,0,2,3.5,Not Completed,0,1,2,1,2,1,0,4
40099,STU140099,Rohan Nair,Other,18,Bachelor,Student,Lucknow,Tablet,Medium,C106,Machine Learning A-Z,Programming,Advanced,90,4.6,3,45,59.9,1,10.5,0,5,6.8,7,3,4,73.1,51.4,65.5,1,29-01-2024,Scholarship,No,No,907,59,2,1,4.1,Completed,2,0,2,2,2,0,4,4
40100,STU140100,Rahul Reddy,Male,21,Bachelor,Employed,Surat,Mobile,Medium,C102,Data Analysis with Python,Programming,Intermediate,60,4.7,5,16,50.7,2,0.5,6,7,3.1,6,4,1,74.0,62.1,56.9,0,05-07-2025,NetBanking,Yes,No,4694,29,3,1,4.3,Not Completed,1,0,0,1,2,2,4,3
40101,STU140101,Priya Nair,Male,20,Master,Student,Nagpur,Laptop,Medium,C108,Excel for Business,Business,Beginner,25,4.1,4,40,57.5,5,5.5,24,4,8.1,3,7,4,90.9,83.2,42.3,2,17-10-2024,Free,No,Yes,0,33,5,2,5.0,Completed,1,3,2,0,2,1,0,2
40102,STU140102,Aarav Desai,Male,31,Master,Employed,Nagpur,Mobile,High,C106,Machine Learning A-Z,Programming,Advanced,90,4.6,7,60,89.6,7,13.5,5,4,5.7,6,4,2,63.6,71.9,71.0,4,07-12-2024,Free,No,No,0,81,0,1,4.6,Completed,1,3,0,1,0,0,4,2
40103,STU140103,Ananya Joshi,Male,28,HighSchool,Student,Ahmedabad,Mobile,Medium,C106,Machine Learning A-Z,Programming,Advanced,90,4.6,6,46,39.7,2,5.0,3,6,7.3,4,6,7,79.7,85.5,42.2,2,11-03-2024,Credit Card,Yes,No,6753,81,1,0,4.3,Completed,1,2,2,1,2,0,4,0
40104,STU140104,Vihaan Kumar,Female,24,Master,Student,Bhopal,Tablet,Low,C103,Introduction to AI,Programming,Intermediate,75,4.5,5,39,46.5,3,7.0,0,7,8.4,5,5,4,77.3,50.1,48.8,2,22-09-2025,Free,No,No,0,67,4,1,4.2,Not Completed,0,3,2,2,1,2,4,2
40105,STU140105,Vihaan Joshi,Female,22,Bachelor,Student,Surat,Mobile,Medium,C105,UI/UX Design Fundamentals,Design,Beginner,40,4.4,2,48,83.6,4,3.1,3,2,0.5,1,9,3,70.0,63.8,38.4,5,08-05-2024,Free,No,No,0,41,2,0,5.0,Not Completed,0,0,2,1,2,1,1,2
40106,STU140106,Aarav Mehta,Female,25,Bachelor,Student,Delhi,Mobile,High,C105,UI/UX Design Fundamentals,Design,Beginner,40,4.4,9,39,73.4,3,0.5,3,6,6.0,6,4,4,84.7,80.4,65.7,2,13-03-2025,Debit Card,Yes,No,4279,46,2,0,5.0,Not Completed,0,0,2,1,0,1,1,1
40107,STU140107,Ritika Gupta,Male,24,Bachelor,Student,Hyderabad,Laptop,High,C101,Python Basics,Programming,Beginner,45,4.6,7,45,88.0,2,3.2,7,3,8.2,8,2,4,99.8,84.0,83.0,4,14-03-2024,Credit Card,Yes,Yes,3872,57,4,2,4.7,Completed,1,0,2,0,0,1,4,0
40108,STU140108,Kavya Kumar,Female,26,Diploma,Student,Bhopal,Mobile,Medium,C107,Statistics for Data Science,Math,Intermediate,50,4.2,6,43,65.4,2,14.0,8,7,5.4,5,5,4,100.0,100.0,57.9,5,10-12-2023,Debit Card,Yes,No,4419,48,3,1,5.0,Completed,0,1,2,1,2,2,3,1
40109,STU140109,Nikhil Verma,Male,17,Master,Employed,Pune,Mobile,High,C101,Python Basics,Programming,Beginner,45,4.6,3,27,68.8,3,3.1,6,10,6.5,5,5,6,71.4,80.0,58.1,4,16-08-2025,UPI,Yes,No,4584,51,3,1,4.0,Not Completed,1,3,0,1,0,1,4,5
40110,STU140110,Rohan Reddy,Male,24,Bachelor,Student,Bengaluru,Mobile,Medium,C104,Digital Marketing Essentials,Marketing,Beginner,30,4.3,7,43,43.2,4,9.3,0,3,8.2,4,6,2,79.3,86.4,43.4,6,16-06-2024,Free,No,Yes,0,51,3,0,3.9,Not Completed,1,0,2,1,2,1,2,2
40111,STU140111,Arjun Gupta,Female,20,HighSchool,Student,Surat,Mobile,Medium,C106,Machine Learning A-Z,Programming,Advanced,90,4.6,3,12,87.5,2,0.7,17,5,5.5,4,6,4,68.4,60.6,57.7,2,13-01-2024,Credit Card,Yes,Yes,5751,46,1,1,3.5,Not Completed,0,2,2,1,2,0,4,0
40112,STU140112,Arjun Mehta,Female,38,Bachelor,Employed,Lucknow,Laptop,Medium,C101,Python Basics,Programming,Beginner,45,4.6,4,27,81.7,2,5.2,6,10,10.0,4,6,9,85.1,43.4,54.8,2,12-10-2024,Scholarship,No,No,936,63,2,0,3.8,Not Completed,0,0,0,0,2,1,4,4
40113,STU140113,Aditya Verma,Female,22,Bachelor,Employed,Delhi,Laptop,Medium,C101,Python Basics,Programming,Beginner,45,4.6,10,30,72.2,1,0.5,0,2,5.5,6,4,7,84.9,75.6,65.1,5,01-05-2024,Debit Card,Yes,No,4599,73,1,1,4.6,Completed,0,0,0,0,2,1,4,1
40114,STU140114,Nikhil Iyer,Male,23,Bachelor,Student,Kolkata,Mobile,Medium,C106,Machine Learning A-Z,Programming,Advanced,90,4.6,7,21,67.2,3,9.3,1,3,6.3,6,4,5,63.6,64.4,62.7,0,04-06-2025,Credit Card,Yes,No,7014,76,7,2,4.8,Not Completed,1,0,2,1,2,0,4,0
40115,STU140115,Ritika Verma,Female,27,PhD,Student,Lucknow,Mobile,High,C108,Excel for Business,Business,Beginner,25,4.1,2,48,62.2,1,2.4,10,6,5.2,4,6,2,86.9,48.2,48.2,2,21-05-2025,UPI,Yes,Yes,2709,69,2,1,4.1,Completed,0,4,2,1,0,1,0,5
40116,STU140116,Rahul Gupta,Female,25,Bachelor,Student,Pune,Laptop,Low,C103,Introduction to AI,Programming,Intermediate,75,4.5,4,32,91.5,2,0.5,2,5,5.9,4,6,0,95.6,63.4,59.2,4,23-09-2024,Free,No,Yes,0,82,1,0,5.0,Not Completed,0,0,2,0,1,2,4,2
40117,STU140117,Isha Bhardwaj,Female,20,Master,Student,Pune,Laptop,Medium,C106,Machine Learning A-Z,Programming,Advanced,90,4.6,3,27,52.4,3,0.5,5,6,9.0,6,3,1,72.4,68.0,57.8,0,01-12-2023,Debit Card,Yes,No,6203,78,2,0,4.1,Not Completed,0,3,2,0,2,0,4,1
40118,STU140118,Aditya Mehta,Female,35,Bachelor,Employed,Indore,Mobile,Medium,C106,Machine Learning A-Z,Programming,Advanced,90,4.6,3,31,45.5,2,0.5,11,6,7.0,5,5,1,68.5,95.6,50.7,0,16-02-2025,Scholarship,No,No,1694,32,1,1,4.4,Completed,0,0,0,1,2,0,4,4
40119,STU140119,Vihaan Patel,Female,26,Bachelor,Student,Kolkata,Mobile,Medium,C103,Introduction to AI,Programming,Intermediate,75,4.5,6,20,67.1,1,2.7,5,2,4.3,4,6,3,53.8,94.9,52.2,1,28-10-2023,Debit Card,Yes,No,6233,67,2,2,3.8,Completed,0,0,2,1,2,2,4,1
40120,STU140120,Aarav Nair,Male,30,Bachelor,Unemployed,Nagpur,Laptop,Low,C104,Digital Marketing Essentials,Marketing,Beginner,30,4.3,3,28,92.9,6,4.1,4,5,9.6,2,8,2,75.9,78.1,48.4,1,19-05-2025,Credit Card,Yes,No,3191,37,4,1,5.0,Completed,1,0,3,0,1,1,2,0
40121,STU140121,Meera Bose,Male,35,Bachelor,Employed,Ahmedabad,Laptop,High,C108,Excel for Business,Business,Beginner,25,4.1,6,33,77.8,2,0.5,0,7,10.0,5,4,7,66.9,39.6,59.2,3,21-02-2025,Debit Card,Yes,No,3268,73,1,0,3.2,Completed,1,0,0,0,0,1,0,1
40122,STU140122,Neha Reddy,Male,37,HighSchool,Student,Hyderabad,Laptop,Medium,C104,Digital Marketing Essentials,Marketing,Beginner,30,4.3,6,34,78.0,1,5.6,11,4,10.0,4,6,7,81.7,53.8,54.0,2,04-03-2024,Debit Card,Yes,No,3204,85,2,1,3.7,Completed,1,2,2,0,2,1,2,1
40123,STU140123,Rohan Patel,Male,19,Bachelor,Self-Employed,Bhopal,Laptop,Low,C103,Introduction to AI,Programming,Intermediate,75,4.5,4,25,90.1,2,0.5,6,3,9.5,7,3,5,67.9,67.1,76.9,4,20-12-2023,Scholarship,No,No,1638,71,3,2,4.9,Not Completed,1,0,1,0,1,2,4,4
40124,STU140124,Sneha Patel,Male,20,Bachelor,Employed,Hyderabad,Mobile,High,C104,Digital Marketing Essentials,Marketing,Beginner,30,4.3,2,35,41.9,3,0.5,17,4,3.6,4,6,3,71.8,59.6,41.7,0,29-07-2025,Free,No,No,0,54,0,1,3.7,Not Completed,1,0,0,1,0,1,2,2
40125,STU140125,Isha Nair,Female,21,Master,Student,Delhi,Laptop,Medium,C105,UI/UX Design Fundamentals,Design,Beginner,40,4.4,6,40,73.4,3,9.1,23,9,8.9,5,5,1,65.6,67.3,59.1,4,10-06-2024,UPI,Yes,No,3710,100,3,0,4.0,Completed,0,3,2,0,2,1,1,5
40126,STU140126,Pooja Kumar,Male,17,Bachelor,Student,Delhi,Mobile,High,C102,Data Analysis with Python,Programming,Intermediate,60,4.7,5,56,85.1,5,10.1,13,6,5.8,7,3,8,81.6,74.7,75.5,4,08-08-2025,Free,No,No,0,99,4,1,4.0,Completed,1,0,2,1,0,2,4,2
40127,STU140127,Krishna Bose,Female,25,Bachelor,Employed,Mumbai,Laptop,High,C101,Python Basics,Programming,Beginner,45,4.6,4,35,86.1,0,17.0,18,6,6.2,5,5,2,71.2,65.8,63.4,2,29-02-2024,Debit Card,Yes,No,4116,95,0,2,2.5,Completed,0,0,0,0,0,1,4,1
40128,STU140128,Arjun Patel,Female,21,Diploma,Student,Bhopal,Mobile,Medium,C103,Introduction to AI,Programming,Intermediate,75,4.5,6,40,82.7,5,10.3,5,4,7.7,8,2,3,88.1,74.3,80.7,2,07-11-2023,Free,No,No,0,100,3,0,4.6,Not Completed,0,1,2,1,2,2,4,2
40129,STU140129,Krishna Bose,Female,24,Master,Employed,Delhi,Mobile,Medium,C101,Python Basics,Programming,Beginner,45,4.6,9,41,66.8,2,0.5,6,5,4.9,4,6,4,69.2,80.0,51.4,3,16-11-2023,UPI,Yes,Yes,3474,83,1,1,5.0,Completed,0,3,0,1,2,1,4,5
40130,STU140130,Aarav Patel,Male,28,Bachelor,Employed,Vadodara,Mobile,Low,C101,Python Basics,Programming,Beginner,45,4.6,4,35,20.6,2,6.8,5,2,5.4,0,10,5,83.3,44.0,9.4,4,07-01-2025,Scholarship,No,Yes,1735,53,0,0,4.5,Not Completed,1,0,0,1,1,1,4,4
40131,STU140131,Sai Reddy,Female,30,HighSchool,Employed,Lucknow,Mobile,Medium,C102,Data Analysis with Python,Programming,Intermediate,60,4.7,4,35,95.1,4,0.5,2,5,4.4,6,4,3,75.7,61.9,72.4,5,05-09-2024,Scholarship,No,No,1808,77,1,1,3.3,Completed,0,2,0,1,2,2,4,4
40132,STU140132,Ritika Patel,Female,31,Master,Student,Nagpur,Mobile,Low,C102,Data Analysis with Python,Programming,Intermediate,60,4.7,7,25,78.9,4,7.3,10,2,7.4,5,5,8,64.9,62.9,60.7,2,03-06-2025,Credit Card,Yes,Yes,4566,43,0,0,4.6,Not Completed,0,3,2,1,1,2,4,0
40133,STU140133,Meera Iyer,Male,23,Diploma,Student,Delhi,Mobile,High,C101,Python Basics,Programming,Beginner,45,4.6,6,32,62.4,6,0.5,5,7,10.0,6,4,7,90.2,87.2,62.2,3,23-11-2023,Free,No,Yes,0,73,1,4,3.5,Completed,1,1,2,1,0,1,4,2
40134,STU140134,Meera Sharma,Female,26,Bachelor,Employed,Mumbai,Mobile,High,C101,Python Basics,Programming,Beginner,45,4.6,5,36,60.1,2,15.1,1,6,6.2,6,4,2,81.3,53.3,59.7,2,09-10-2024,Credit Card,Yes,No,4289,67,1,1,4.8,Completed,0,0,0,1,0,1,4,0
40135,STU140135,Priya Reddy,Male,25,HighSchool,Student,Chennai,Mobile,High,C101,Python Basics,Programming,Beginner,45,4.6,2,33,37.8,2,4.9,9,11,5.6,3,7,3,83.4,83.7,35.4,1,11-11-2024,NetBanking,Yes,Yes,3466,57,2,1,5.0,Not Completed,1,2,2,1,0,1,4,3
40136,STU140136,Arjun Verma,Female,37,Diploma,Employed,Bhopal,Mobile,High,C104,Digital Marketing Essentials,Marketing,Beginner,30,4.3,5,28,39.1,4,0.5,6,4,5.3,7,2,5,82.0,43.9,57.9,1,06-12-2024,Free,No,Yes,0,65,5,0,4.3,Completed,0,1,0,1,0,1,2,2
40137,STU140137,Priya Reddy,Male,26,Bachelor,Student,Indore,Mobile,Medium,C106,Machine Learning A-Z,Programming,Advanced,90,4.6,5,37,50.6,3,9.1,8,6,4.8,6,4,6,42.9,65.5,57.0,2,09-04-2024,Debit Card,Yes,Yes,5293,59,5,2,4.0,Completed,1,0,2,1,2,0,4,1
40138,STU140138,Rahul Singh,Male,26,Bachelor,Employed,Delhi,Mobile,Low,C102,Data Analysis with Python,Programming,Intermediate,60,4.7,5,37,83.5,3,12.8,7,4,5.5,3,7,2,52.0,66.4,50.6,3,30-10-2023,Scholarship,No,No,1075,59,2,0,3.6,Completed,1,0,0,1,1,2,4,4
40139,STU140139,Rahul Patel,Male,28,Bachelor,Employed,Jaipur,Laptop,Medium,C101,Python Basics,Programming,Beginner,45,4.6,9,27,27.0,6,6.1,1,6,5.9,6,4,4,72.8,61.1,48.5,3,29-12-2023,NetBanking,Yes,Yes,3384,48,1,1,3.6,Completed,1,0,0,0,2,1,4,3
40140,STU140140,Sai Patel,Male,21,Bachelor,Student,Delhi,Mobile,Low,C108,Excel for Business,Business,Beginner,25,4.1,3,44,73.1,1,0.5,7,4,6.7,6,3,4,73.4,83.3,65.7,1,05-03-2025,Scholarship,No,No,368,48,3,0,4.8,Not Completed,1,0,2,1,1,1,0,4
40141,STU140141,Aditya Shah,Female,31,Master,Employed,Delhi,Mobile,Medium,C108,Excel for Business,Business,Beginner,25,4.1,4,34,34.0,0,0.5,5,3,4.6,5,5,3,65.1,61.7,45.0,3,01-11-2024,Scholarship,No,No,361,76,4,1,5.0,Completed,0,3,0,1,2,1,0,4
40142,STU140142,Aarav Bhardwaj,Female,29,Bachelor,Student,Kolkata,Mobile,High,C108,Excel for Business,Business,Beginner,25,4.1,7,39,92.3,4,7.2,11,12,7.3,8,2,4,75.8,63.1,83.5,2,28-08-2025,Scholarship,No,No,249,86,4,1,4.1,Completed,0,0,2,1,0,1,0,4
40143,STU140143,Sai Kumar,Female,22,Bachelor,Student,Jaipur,Mobile,Medium,C107,Statistics for Data Science,Math,Intermediate,50,4.2,6,46,91.0,3,0.5,8,9,6.4,7,3,9,70.9,65.4,77.1,3,02-12-2024,Debit Card,Yes,No,4453,55,3,1,3.5,Completed,0,0,2,1,2,2,3,1
40144,STU140144,Isha Bhardwaj,Male,27,HighSchool,Employed,Jaipur,Mobile,High,C106,Machine Learning A-Z,Programming,Advanced,90,4.6,5,34,71.8,1,5.0,1,6,6.7,6,4,1,81.4,70.7,64.7,2,11-03-2025,Scholarship,No,No,1965,59,0,0,3.7,Completed,1,2,0,1,0,0,4,4
40145,STU140145,Rahul Desai,Female,17,Master,Student,Bengaluru,Mobile,Medium,C101,Python Basics,Programming,Beginner,45,4.6,5,23,62.0,4,4.5,17,3,8.6,3,7,4,61.7,90.1,44.2,3,20-10-2024,UPI,Yes,Yes,3628,74,1,1,3.5,Completed,0,3,2,1,2,1,4,5
40146,STU140146,Rohan Bose,Female,22,Bachelor,Employed,Bengaluru,Tablet,Medium,C101,Python Basics,Programming,Beginner,45,4.6,2,38,75.6,2,0.5,2,1,5.5,5,5,2,57.5,59.0,59.4,2,22-02-2024,Credit Card,Yes,Yes,3404,89,1,3,3.9,Completed,0,0,0,2,2,1,4,0
40147,STU140147,Isha Bhardwaj,Female,24,Bachelor,Employed,Mumbai,Mobile,Low,C107,Statistics for Data Science,Math,Intermediate,50,4.2,6,39,62.6,3,1.7,0,2,5.0,5,5,5,79.3,74.7,55.6,2,22-07-2025,NetBanking,Yes,No,4869,26,4,2,5.0,Not Completed,0,0,0,1,1,2,3,3
40148,STU140148,Rahul Verma,Male,21,HighSchool,Student,Bengaluru,Mobile,Medium,C108,Excel for Business,Business,Beginner,25,4.1,3,30,87.8,3,5.0,10,6,8.5,7,3,6,91.5,79.5,76.7,3,31-12-2023,UPI,Yes,No,3068,79,5,0,4.1,Completed,1,2,2,1,2,1,0,5
40149,STU140149,Sakshi Joshi,Female,18,Bachelor,Student,Jaipur,Mobile,Low,C102,Data Analysis with Python,Programming,Intermediate,60,4.7,6,38,57.1,0,0.5,1,3,4.3,1,9,2,89.8,65.0,29.2,0,30-01-2024,Debit Card,Yes,Yes,4507,45,2,1,4.3,Not Completed,0,0,2,1,1,2,4,1
40150,STU140150,Arjun Reddy,Female,27,Master,Student,Hyderabad,Mobile,Medium,C102,Data Analysis with Python,Programming,Intermediate,60,4.7,3,46,52.0,2,0.5,7,3,5.1,6,4,2,74.4,77.6,58.1,5,09-06-2025,Free,No,Yes,0,71,3,5,4.3,Not Completed,0,3,2,1,2,2,4,2
40151,STU140151,Rohan Desai,Male,17,Diploma,Student,Lucknow,Mobile,Medium,C108,Excel for Business,Business,Beginner,25,4.1,9,39,36.5,1,2.6,4,6,6.7,4,6,2,89.1,60.4,39.8,3,10-12-2024,NetBanking,Yes,No,3166,67,5,2,4.5,Not Completed,1,1,2,1,2,1,0,3
40152,STU140152,Meera Joshi,Female,17,Master,Employed,Indore,Mobile,Low,C105,UI/UX Design Fundamentals,Design,Beginner,40,4.4,4,53,83.0,1,0.5,18,8,4.5,2,8,4,65.4,58.0,43.9,2,28-10-2023,Free,No,No,0,91,2,0,4.2,Not Completed,0,3,0,1,1,1,1,2
40153,STU140153,Meera Bhardwaj,Female,29,Bachelor,Employed,Jaipur,Mobile,Medium,C107,Statistics for Data Science,Math,Intermediate,50,4.2,5,30,66.8,3,1.2,16,4,4.2,3,7,2,69.4,43.3,43.5,0,18-09-2025,Debit Card,Yes,No,4406,50,4,1,4.3,Not Completed,0,0,0,1,2,2,3,1
40154,STU140154,Neha Shah,Female,25,Bachelor,Student,Nagpur,Tablet,Medium,C108,Excel for Business,Business,Beginner,25,4.1,5,22,54.9,1,2.9,3,4,3.4,5,5,4,85.1,61.7,52.3,1,30-12-2023,UPI,Yes,No,3526,41,2,0,3.8,Completed,0,0,2,2,2,1,0,5
40155,STU140155,Vihaan Sharma,Female,21,HighSchool,Student,Pune,Laptop,Medium,C103,Introduction to AI,Programming,Intermediate,75,4.5,6,31,95.5,2,0.5,15,7,7.9,3,7,3,70.4,71.4,55.0,2,23-07-2025,Free,No,No,0,66,0,2,4.0,Not Completed,0,2,2,0,2,2,4,2
40156,STU140156,Isha Shah,Female,28,Master,Self-Employed,Delhi,Mobile,High,C102,Data Analysis with Python,Programming,Intermediate,60,4.7,4,42,89.9,1,0.5,1,9,6.0,6,4,7,70.0,84.8,71.7,2,21-06-2025,Credit Card,Yes,No,4698,30,1,0,4.1,Completed,0,3,1,1,0,2,4,0
40157,STU140157,Isha Bhardwaj,Male,31,Bachelor,Student,Mumbai,Mobile,Low,C107,Statistics for Data Science,Math,Intermediate,50,4.2,3,30,57.5,2,0.5,5,8,4.1,4,6,4,72.1,76.3,47.9,4,13-08-2025,Scholarship,No,No,2106,17,5,1,4.6,Not Completed,1,0,2,1,1,2,3,4
40158,STU140158,Vihaan Joshi,Female,31,Bachelor,Student,Bengaluru,Mobile,Medium,C107,Statistics for Data Science,Math,Intermediate,50,4.2,4,44,13.3,4,3.1,1,3,6.5,3,7,5,70.1,61.2,25.7,2,20-07-2025,UPI,Yes,No,4920,33,4,1,5.0,Not Completed,0,0,2,1,2,2,3,5
40159,STU140159,Rohan Verma,Female,18,Bachelor,Self-Employed,Vadodara,Laptop,Medium,C104,Digital Marketing Essentials,Marketing,Beginner,30,4.3,6,31,30.0,4,3.5,2,6,4.2,4,6,4,50.7,64.7,37.7,1,19-06-2025,UPI,Yes,No,3401,47,1,1,3.6,Completed,0,0,1,0,2,1,2,5
40160,STU140160,Pooja Shah,Female,26,Bachelor,Student,Bhopal,Mobile,Low,C103,Introduction to AI,Programming,Intermediate,75,4.5,3,30,93.8,1,1.4,9,2,7.8,3,7,3,77.1,73.5,54.5,2,07-08-2024,UPI,Yes,No,5443,69,0,2,4.2,Completed,0,0,2,1,1,2,4,5
40161,STU140161,Ananya Nair,Female,20,Master,Employed,Ahmedabad,Mobile,Medium,C106,Machine Learning A-Z,Programming,Advanced,90,4.6,5,41,42.1,1,0.5,2,6,2.8,6,4,5,75.8,69.1,54.2,3,02-12-2024,Credit Card,Yes,No,6186,50,1,2,4.2,Completed,0,3,0,1,2,0,4,0
40162,STU140162,Sneha Desai,Male,25,Bachelor,Student,Chennai,Mobile,Medium,C102,Data Analysis with Python,Programming,Intermediate,60,4.7,5,48,75.1,2,7.5,2,7,7.5,5,5,6,57.1,66.1,59.6,5,15-12-2024,NetBanking,Yes,No,4589,89,3,1,3.4,Not Completed,1,0,2,1,2,2,4,3
40163,STU140163,Ananya Sharma,Male,18,Master,Student,Lucknow,Laptop,Low,C107,Statistics for Data Science,Math,Intermediate,50,4.2,4,32,60.3,1,0.5,13,8,5.1,4,6,3,55.9,60.7,48.1,4,02-10-2024,UPI,Yes,No,4746,80,5,0,3.9,Completed,1,3,2,0,1,2,3,5
40164,STU140164,Sakshi Bose,Male,39,HighSchool,Self-Employed,Kolkata,Mobile,High,C101,Python Basics,Programming,Beginner,45,4.6,5,27,41.8,3,0.5,1,6,6.3,4,6,2,74.3,57.0,41.5,5,08-12-2024,NetBanking,Yes,No,4503,67,6,0,3.8,Completed,1,2,1,1,0,1,4,3
40165,STU140165,Sakshi Singh,Female,36,Bachelor,Employed,Vadodara,Mobile,Medium,C104,Digital Marketing Essentials,Marketing,Beginner,30,4.3,5,25,67.5,2,0.5,5,4,7.3,6,4,0,65.2,54.0,62.3,3,01-07-2025,Debit Card,Yes,Yes,2988,82,1,0,3.1,Completed,0,0,0,1,2,1,2,1
40166,STU140166,Sneha Reddy,Male,26,Master,Employed,Delhi,Laptop,High,C102,Data Analysis with Python,Programming,Intermediate,60,4.7,11,28,63.0,4,3.4,0,6,3.2,6,4,5,71.3,70.2,61.6,3,03-11-2023,Free,No,No,0,71,1,0,3.5,Not Completed,1,3,0,0,0,2,4,2
40167,STU140167,Sneha Iyer,Female,21,Master,Employed,Delhi,Mobile,High,C103,Introduction to AI,Programming,Intermediate,75,4.5,6,44,74.1,3,0.5,7,8,9.2,3,7,2,74.2,54.7,46.7,4,17-09-2025,UPI,Yes,No,6153,77,3,0,4.3,Completed,0,3,0,1,0,2,4,5
40168,STU140168,Rohan Nair,Male,29,PhD,Student,Pune,Laptop,High,C103,Introduction to AI,Programming,Intermediate,75,4.5,8,31,63.6,3,1.7,2,6,7.0,4,6,1,81.4,69.2,49.7,5,30-04-2025,UPI,Yes,No,6111,71,4,0,4.2,Completed,1,4,2,0,0,2,4,5
40169,STU140169,Vihaan Verma,Male,25,Master,Student,Surat,Mobile,Medium,C107,Statistics for Data Science,Math,Intermediate,50,4.2,6,35,67.0,7,7.1,0,5,7.4,5,5,5,76.2,69.4,56.9,1,18-04-2024,Free,No,Yes,0,96,4,1,4.0,Not Completed,1,3,2,1,2,2,3,2
40170,STU140170,Isha Bhardwaj,Female,34,Diploma,Student,Kolkata,Laptop,Medium,C107,Statistics for Data Science,Math,Intermediate,50,4.2,7,38,75.8,4,6.0,0,6,5.4,6,3,7,56.3,46.1,64.9,4,23-02-2025,Scholarship,No,Yes,1892,66,1,1,3.3,Completed,0,1,2,0,2,2,3,4
40171,STU140171,Vihaan Patel,Male,23,Diploma,Student,Surat,Mobile,Medium,C104,Digital Marketing Essentials,Marketing,Beginner,30,4.3,4,39,92.3,2,7.4,0,6,7.6,3,7,1,81.9,66.7,53.7,1,29-11-2023,UPI,Yes,No,3585,69,2,0,3.4,Not Completed,1,1,2,1,2,1,2,5
40172,STU140172,Kavya Patel,Female,17,Bachelor,Student,Bengaluru,Laptop,Low,C101,Python Basics,Programming,Beginner,45,4.6,3,33,37.3,4,4.6,8,3,10.0,5,5,2,81.1,66.4,46.4,0,28-05-2024,Debit Card,Yes,No,4292,74,5,0,4.3,Completed,0,0,2,0,1,1,4,1
40173,STU140173,Sneha Shah,Other,27,Diploma,Student,Surat,Mobile,Low,C108,Excel for Business,Business,Beginner,25,4.1,4,21,60.6,3,0.5,0,9,1.2,3,7,1,69.4,66.1,42.5,4,08-10-2024,Credit Card,Yes,No,3263,50,4,3,4.1,Not Completed,2,1,2,1,1,1,0,0
40174,STU140174,Priya Verma,Female,31,Bachelor,Unemployed,Mumbai,Mobile,Medium,C102,Data Analysis with Python,Programming,Intermediate,60,4.7,3,32,62.5,5,0.5,0,4,4.7,5,5,1,67.2,90.6,56.4,2,23-12-2023,Free,No,No,0,44,3,0,4.4,Not Completed,0,0,3,1,2,2,4,2
40175,STU140175,Vivaan Singh,Male,26,Bachelor,Employed,Jaipur,Mobile,Medium,C104,Digital Marketing Essentials,Marketing,Beginner,30,4.3,6,34,36.9,1,6.0,20,4,5.2,5,5,6,73.9,43.3,45.1,0,26-12-2023,UPI,Yes,No,3745,11,1,1,4.2,Not Completed,1,0,0,1,2,1,2,5
40176,STU140176,Isha Joshi,Female,23,Bachelor,Employed,Ahmedabad,Laptop,Low,C107,Statistics for Data Science,Math,Intermediate,50,4.2,6,32,62.8,3,12.4,9,5,3.7,4,6,1,62.5,66.0,49.3,5,16-06-2025,Free,No,No,0,80,1,1,4.6,Not Completed,0,0,0,0,1,2,3,2
40177,STU140177,Nikhil Gupta,Female,32,Master,Student,Nagpur,Laptop,Medium,C101,Python Basics,Programming,Beginner,45,4.6,3,31,62.4,2,0.5,1,2,7.1,3,7,3,84.0,33.3,41.5,2,23-02-2025,Free,No,No,0,80,1,0,4.9,Not Completed,0,3,2,0,2,1,4,2
40178,STU140178,Meera Gupta,Female,26,Bachelor,Employed,Bhopal,Mobile,Medium,C103,Introduction to AI,Programming,Intermediate,75,4.5,7,40,73.3,5,3.8,32,4,9.1,5,5,4,81.7,69.6,59.1,4,25-09-2025,UPI,Yes,No,5417,91,2,0,4.0,Completed,0,0,0,1,2,2,4,5
40179,STU140179,Rohan Bose,Female,27,HighSchool,Unemployed,Jaipur,Laptop,Medium,C106,Machine Learning A-Z,Programming,Advanced,90,4.6,7,6,90.8,3,1.3,6,7,6.0,4,6,1,88.5,85.4,60.1,4,20-09-2024,Debit Card,Yes,Yes,5361,99,3,0,4.0,Completed,0,2,3,0,2,0,4,1
40180,STU140180,Neha Desai,Female,33,Bachelor,Employed,Nagpur,Mobile,High,C105,UI/UX Design Fundamentals,Design,Beginner,40,4.4,3,9,57.1,1,0.5,4,4,7.2,6,4,2,71.6,72.5,59.6,4,23-05-2024,UPI,Yes,No,3975,48,2,4,3.6,Not Completed,0,0,0,1,0,1,1,5
40181,STU140181,Ananya Sharma,Female,26,Bachelor,Student,Pune,Mobile,Low,C104,Digital Marketing Essentials,Marketing,Beginner,30,4.3,4,9,57.6,5,2.0,5,6,4.8,4,6,2,62.0,83.4,48.3,1,17-05-2024,UPI,Yes,Yes,3169,55,4,0,4.7,Completed,0,0,2,1,1,1,2,5
40182,STU140182,Ritika Reddy,Female,35,HighSchool,Employed,Jaipur,Mobile,Medium,C103,Introduction to AI,Programming,Intermediate,75,4.5,8,32,86.0,0,0.5,2,3,6.1,1,9,3,72.0,78.6,40.0,3,30-10-2024,UPI,Yes,No,6174,96,4,1,4.7,Not Completed,0,2,0,1,2,2,4,5
40183,STU140183,Isha Desai,Female,22,Master,Employed,Hyderabad,Mobile,Medium,C103,Introduction to AI,Programming,Intermediate,75,4.5,5,17,62.1,1,1.9,4,4,6.4,8,2,7,74.3,58.4,72.7,0,12-06-2025,UPI,Yes,No,6111,100,2,1,3.3,Completed,0,3,0,1,2,2,4,5
40184,STU140184,Vihaan Desai,Female,32,Bachelor,Student,Jaipur,Tablet,High,C107,Statistics for Data Science,Math,Intermediate,50,4.2,5,38,74.9,2,5.2,0,4,4.5,5,5,4,81.5,77.3,60.1,1,01-10-2024,NetBanking,Yes,No,4484,56,11,1,4.1,Completed,0,0,2,2,0,2,3,3
40185,STU140185,Rahul Singh,Female,22,Bachelor,Employed,Kolkata,Laptop,High,C102,Data Analysis with Python,Programming,Intermediate,60,4.7,10,33,82.6,6,2.2,5,3,1.1,4,6,2,63.7,50.8,55.4,3,02-08-2024,UPI,Yes,No,4618,77,4,0,4.2,Not Completed,0,0,0,0,0,2,4,5
40186,STU140186,Meera Nair,Female,24,Master,Employed,Indore,Laptop,High,C107,Statistics for Data Science,Math,Intermediate,50,4.2,4,29,67.7,2,5.2,12,8,5.7,7,3,4,90.6,89.4,70.2,1,18-05-2025,UPI,Yes,Yes,4138,89,4,0,5.0,Completed,0,3,0,0,0,2,3,5
40187,STU140187,Vihaan Sharma,Male,23,Bachelor,Student,Bengaluru,Mobile,Medium,C104,Digital Marketing Essentials,Marketing,Beginner,30,4.3,6,29,38.9,4,0.8,5,5,7.8,4,5,8,71.2,100.0,42.6,0,29-01-2025,UPI,Yes,No,3716,41,2,3,4.3,Completed,1,0,2,1,2,1,2,5
40188,STU140188,Isha Verma,Male,29,HighSchool,Student,Bhopal,Mobile,Medium,C106,Machine Learning A-Z,Programming,Advanced,90,4.6,4,19,87.2,5,6.6,12,4,6.0,4,5,3,79.2,66.7,57.8,2,01-01-2025,Scholarship,No,Yes,3079,75,3,1,5.0,Not Completed,1,2,2,1,2,0,4,4
40189,STU140189,Nikhil Reddy,Female,18,Bachelor,Employed,Bengaluru,Mobile,High,C105,UI/UX Design Fundamentals,Design,Beginner,40,4.4,5,27,86.1,4,0.5,5,4,2.4,4,5,6,74.2,100.0,59.1,2,08-05-2024,Credit Card,Yes,Yes,3167,100,0,1,3.9,Not Completed,0,0,0,1,0,1,1,0
40190,STU140190,Krishna Shah,Female,29,Bachelor,Employed,Lucknow,Laptop,Medium,C106,Machine Learning A-Z,Programming,Advanced,90,4.6,11,36,85.2,0,7.3,2,6,5.5,5,5,3,68.5,64.6,63.1,3,30-05-2024,UPI,Yes,Yes,5908,89,1,0,4.0,Completed,0,0,0,0,2,0,4,5
40191,STU140191,Sakshi Bose,Male,23,Bachelor,Unemployed,Bengaluru,Laptop,Low,C101,Python Basics,Programming,Beginner,45,4.6,3,37,13.6,0,0.5,8,4,6.8,2,8,2,73.2,56.4,19.6,3,27-04-2025,Debit Card,Yes,No,4605,52,5,4,3.1,Completed,1,0,3,0,1,1,4,1
40192,STU140192,Neha Reddy,Female,22,Bachelor,Student,Kolkata,Mobile,Medium,C102,Data Analysis with Python,Programming,Intermediate,60,4.7,4,37,88.9,2,0.6,1,10,3.7,6,4,8,79.9,90.2,71.6,0,10-01-2025,Scholarship,No,No,2432,71,0,0,5.0,Completed,0,0,2,1,2,2,4,4
40193,STU140193,Aarav Mehta,Female,32,Bachelor,Student,Lucknow,Mobile,Medium,C105,UI/UX Design Fundamentals,Design,Beginner,40,4.4,3,32,70.3,4,9.1,12,5,4.6,9,1,2,55.7,66.3,81.9,2,12-09-2024,Free,No,Yes,0,48,1,0,3.3,Completed,0,0,2,1,2,1,1,2
40194,STU140194,Neha Shah,Male,35,HighSchool,Student,Bengaluru,Mobile,Medium,C104,Digital Marketing Essentials,Marketing,Beginner,30,4.3,4,34,41.7,1,0.5,8,5,3.8,4,6,4,68.0,75.1,42.3,2,09-10-2024,UPI,Yes,Yes,3058,98,2,0,2.9,Completed,1,2,2,1,2,1,2,5
40195,STU140195,Vivaan Bhardwaj,Female,28,Bachelor,Student,Bhopal,Mobile,Low,C104,Digital Marketing Essentials,Marketing,Beginner,30,4.3,4,29,90.1,2,3.8,5,4,7.4,5,5,4,46.9,82.5,65.7,4,04-10-2025,UPI,Yes,No,3274,97,4,1,4.8,Completed,0,0,2,1,1,1,2,5
40196,STU140196,Vihaan Bose,Female,30,Diploma,Student,Kolkata,Mobile,High,C104,Digital Marketing Essentials,Marketing,Beginner,30,4.3,6,51,73.1,4,0.5,1,8,7.0,6,4,2,89.0,61.4,64.7,1,05-12-2023,Debit Card,Yes,Yes,3000,67,0,0,4.9,Completed,0,1,2,1,0,1,2,1
40197,STU140197,Vivaan Singh,Female,32,Bachelor,Employed,Nagpur,Mobile,Low,C108,Excel for Business,Business,Beginner,25,4.1,7,26,23.3,1,0.7,3,2,6.2,5,5,7,87.1,57.5,41.0,1,26-05-2025,NetBanking,Yes,No,3415,77,0,1,5.0,Completed,0,0,0,1,1,1,0,3
40198,STU140198,Sneha Singh,Female,28,Bachelor,Self-Employed,Nagpur,Mobile,Medium,C101,Python Basics,Programming,Beginner,45,4.6,4,49,69.2,3,4.2,1,7,7.1,3,7,3,73.6,41.2,44.3,3,10-03-2024,Scholarship,No,No,2119,83,3,0,3.6,Not Completed,0,0,1,1,2,1,4,4
40199,STU140199,Meera Shah,Female,25,Bachelor,Employed,Ahmedabad,Laptop,Medium,C107,Statistics for Data Science,Math,Intermediate,50,4.2,2,28,61.3,2,3.6,2,7,8.0,4,6,1,57.8,53.4,48.1,3,21-10-2023,Debit Card,Yes,No,4298,32,0,2,5.0,Not Completed,0,0,0,0,2,2,3,1
40200,STU140200,Rahul Kumar,Female,23,Diploma,Employed,Indore,Mobile,High,C107,Statistics for Data Science,Math,Intermediate,50,4.2,1,54,74.4,2,0.7,16,4,6.4,2,8,1,78.2,72.6,41.7,0,23-02-2024,Free,No,No,0,68,1,2,3.9,Not Completed,0,1,0,1,0,2,3,2
40201,STU140201,Isha Sharma,Female,22,Bachelor,Employed,Surat,Laptop,Medium,C105,UI/UX Design Fundamentals,Design,Beginner,40,4.4,7,46,64.0,3,4.9,0,13,8.5,8,2,3,76.1,98.0,75.3,6,12-09-2025,Scholarship,No,No,1032,43,1,0,4.0,Not Completed,0,0,0,0,2,1,1,4
40202,STU140202,Priya Singh,Female,24,Bachelor,Employed,Pune,Laptop,Medium,C102,Data Analysis with Python,Programming,Intermediate,60,4.7,4,25,52.0,1,9.5,1,4,5.5,4,6,4,64.5,55.0,44.9,1,09-12-2024,Free,No,Yes,0,69,3,0,3.3,Completed,0,0,0,0,2,2,4,2
40203,STU140203,Priya Desai,Male,26,HighSchool,Employed,Lucknow,Mobile,Low,C107,Statistics for Data Science,Math,Intermediate,50,4.2,3,26,26.0,2,3.8,0,10,6.1,4,6,1,55.3,74.7,36.8,2,12-12-2024,Credit Card,Yes,Yes,3799,64,3,2,4.9,Completed,1,2,0,1,1,2,3,0
40204,STU140204,Ritika Shah,Female,17,Bachelor,Student,Hyderabad,Mobile,High,C106,Machine Learning A-Z,Programming,Advanced,90,4.6,3,23,58.8,5,0.5,19,2,5.5,3,7,3,92.0,63.3,41.8,1,06-08-2025,NetBanking,Yes,No,7006,37,1,1,5.0,Not Completed,0,0,2,1,0,0,4,3
40205,STU140205,Sneha Mehta,Male,21,Bachelor,Student,Delhi,Mobile,High,C105,UI/UX Design Fundamentals,Design,Beginner,40,4.4,6,36,94.2,4,2.1,4,3,10.0,6,4,2,72.4,81.2,73.0,6,20-02-2024,Free,No,Yes,0,39,2,1,4.1,Completed,1,0,2,1,0,1,1,2
40206,STU140206,Sneha Reddy,Female,35,Bachelor,Employed,Kolkata,Laptop,Low,C104,Digital Marketing Essentials,Marketing,Beginner,30,4.3,4,27,65.1,6,1.1,14,6,4.4,4,6,0,73.8,69.7,50.3,2,21-04-2024,Free,No,No,0,54,1,1,4.1,Completed,0,0,0,0,1,1,2,2
40207,STU140207,Pooja Desai,Male,25,Master,Student,Hyderabad,Tablet,High,C102,Data Analysis with Python,Programming,Intermediate,60,4.7,8,35,74.2,7,2.0,0,1,8.8,4,6,8,54.0,63.5,53.1,4,04-09-2025,Credit Card,Yes,No,4622,76,2,0,3.1,Completed,1,3,2,2,0,2,4,0
40208,STU140208,Rohan Desai,Male,17,Bachelor,Employed,Chennai,Mobile,High,C104,Digital Marketing Essentials,Marketing,Beginner,30,4.3,4,41,85.9,0,0.5,5,3,10.0,2,8,3,55.0,46.6,44.4,1,31-10-2023,Debit Card,Yes,Yes,3250,82,6,0,3.7,Completed,1,0,0,1,0,1,2,1
40209,STU140209,Sakshi Verma,Male,34,HighSchool,Student,Indore,Mobile,Medium,C104,Digital Marketing Essentials,Marketing,Beginner,30,4.3,4,21,72.9,3,3.6,3,4,2.2,6,4,3,74.5,72.1,65.1,2,31-01-2024,UPI,Yes,No,3739,100,4,0,4.9,Completed,1,2,2,1,2,1,2,5
40210,STU140210,Sai Bhardwaj,Female,28,Master,Employed,Lucknow,Laptop,Medium,C106,Machine Learning A-Z,Programming,Advanced,90,4.6,2,51,45.2,2,0.8,5,6,7.5,5,5,4,65.8,85.7,50.1,0,31-03-2025,UPI,Yes,No,6152,70,2,1,2.1,Not Completed,0,3,0,0,2,0,4,5
40211,STU140211,Pooja Reddy,Male,17,Bachelor,Employed,Hyderabad,Mobile,Medium,C105,UI/UX Design Fundamentals,Design,Beginner,40,4.4,7,39,55.8,3,0.5,0,4,7.8,5,5,5,66.7,53.7,52.2,3,22-04-2025,Free,No,Yes,0,38,4,1,4.8,Not Completed,1,0,0,1,2,1,1,2
40212,STU140212,Ritika Mehta,Male,38,Bachelor,Student,Lucknow,Mobile,High,C104,Digital Marketing Essentials,Marketing,Beginner,30,4.3,2,37,95.1,4,4.1,17,2,5.5,3,7,2,67.9,79.8,55.3,0,02-11-2024,Credit Card,Yes,No,3835,91,1,1,3.5,Not Completed,1,0,2,1,0,1,2,0
40213,STU140213,Meera Patel,Male,31,Bachelor,Student,Delhi,Laptop,High,C104,Digital Marketing Essentials,Marketing,Beginner,30,4.3,5,38,96.2,2,4.6,3,3,6.0,5,5,0,71.5,82.8,67.8,2,14-12-2023,UPI,Yes,No,3759,95,2,1,3.5,Completed,1,0,2,0,0,1,2,5
40214,STU140214,Krishna Mehta,Male,18,Bachelor,Employed,Bhopal,Mobile,Low,C106,Machine Learning A-Z,Programming,Advanced,90,4.6,5,35,34.0,1,8.9,6,6,9.4,3,7,3,53.3,70.2,33.4,2,30-04-2024,Scholarship,No,No,868,69,1,3,4.5,Not Completed,1,0,0,1,1,0,4,4
40215,STU140215,Aditya Bose,Male,19,Diploma,Unemployed,Bhopal,Mobile,Medium,C101,Python Basics,Programming,Beginner,45,4.6,3,31,69.5,3,0.5,2,2,3.2,4,6,5,65.2,46.4,50.7,3,15-11-2023,NetBanking,Yes,No,4030,35,2,1,3.6,Not Completed,1,1,3,1,2,1,4,3
40216,STU140216,Nikhil Bhardwaj,Female,31,Bachelor,Student,Indore,Mobile,High,C102,Data Analysis with Python,Programming,Intermediate,60,4.7,6,38,28.1,4,7.3,6,7,4.3,5,5,4,79.1,88.0,44.2,2,30-09-2025,Free,No,No,0,50,4,1,4.7,Completed,0,0,2,1,0,2,4,2
40217,STU140217,Meera Bose,Female,32,Bachelor,Student,Surat,Laptop,Medium,C104,Digital Marketing Essentials,Marketing,Beginner,30,4.3,5,21,25.1,0,2.7,5,2,2.5,5,5,3,68.6,74.5,42.5,1,20-09-2025,UPI,Yes,No,3576,86,1,2,4.3,Not Completed,0,0,2,0,2,1,2,5
40218,STU140218,Krishna Verma,Female,31,Master,Employed,Bhopal,Mobile,Medium,C107,Statistics for Data Science,Math,Intermediate,50,4.2,5,29,39.6,0,1.2,10,5,6.6,5,5,3,71.8,64.1,47.1,1,11-06-2024,Free,No,Yes,0,76,4,3,3.5,Not Completed,0,3,0,1,2,2,3,2
40219,STU140219,Sneha Kumar,Male,37,Bachelor,Student,Chennai,Mobile,High,C101,Python Basics,Programming,Beginner,45,4.6,5,26,33.6,1,6.1,7,4,8.2,7,3,2,71.3,81.8,57.8,1,30-08-2024,Scholarship,No,Yes,1745,50,1,4,2.9,Completed,1,0,2,1,0,1,4,4
40220,STU140220,Arjun Sharma,Female,32,HighSchool,Student,Bengaluru,Laptop,Medium,C106,Machine Learning A-Z,Programming,Advanced,90,4.6,3,23,11.9,2,0.5,6,4,8.9,3,7,4,49.1,59.6,25.1,3,24-08-2025,NetBanking,Yes,Yes,5855,88,1,2,3.8,Not Completed,0,2,2,0,2,0,4,3
40221,STU140221,Ritika Bose,Male,20,Bachelor,Student,Delhi,Laptop,Medium,C101,Python Basics,Programming,Beginner,45,4.6,6,35,60.3,3,0.5,7,2,8.4,3,7,5,80.0,58.8,42.1,3,21-07-2024,NetBanking,Yes,No,4540,68,0,0,4.6,Completed,1,0,2,0,2,1,4,3
40222,STU140222,Aarav Kumar,Female,28,Bachelor,Student,Bengaluru,Laptop,Medium,C105,UI/UX Design Fundamentals,Design,Beginner,40,4.4,4,36,46.0,6,6.3,0,9,7.0,5,5,6,53.0,80.8,50.1,3,28-11-2024,Debit Card,Yes,No,3642,55,5,0,2.5,Not Completed,0,0,2,0,2,1,1,1
40223,STU140223,Ritika Singh,Male,23,HighSchool,Student,Indore,Laptop,Medium,C107,Statistics for Data Science,Math,Intermediate,50,4.2,4,18,43.3,2,0.9,12,6,4.7,4,6,4,82.5,59.9,42.1,0,22-02-2025,UPI,Yes,No,4692,22,4,2,2.4,Not Completed,1,2,2,0,2,2,3,5
40224,STU140224,Meera Verma,Female,17,Master,Student,Hyderabad,Mobile,Low,C103,Introduction to AI,Programming,Intermediate,75,4.5,5,16,63.3,1,7.4,0,4,10.0,4,6,3,84.4,67.0,49.5,1,07-01-2025,UPI,Yes,No,6037,74,3,0,5.0,Not Completed,0,3,2,1,1,2,4,5
40225,STU140225,Sai Desai,Female,33,Master,Student,Vadodara,Mobile,High,C102,Data Analysis with Python,Programming,Intermediate,60,4.7,5,18,78.7,1,0.5,1,4,6.9,6,4,8,74.6,83.3,67.7,3,06-07-2025,Debit Card,Yes,No,5445,89,2,1,2.6,Completed,0,3,2,1,0,2,4,1
40226,STU140226,Arjun Bhardwaj,Female,18,Bachelor,Employed,Bengaluru,Mobile,High,C104,Digital Marketing Essentials,Marketing,Beginner,30,4.3,2,20,41.2,0,0.5,27,9,2.3,4,6,4,64.3,61.8,41.5,5,02-11-2024,UPI,Yes,No,3555,38,2,1,3.1,Not Completed,0,0,0,1,0,1,2,5
40227,STU140227,Sneha Iyer,Female,17,Bachelor,Employed,Delhi,Mobile,Low,C106,Machine Learning A-Z,Programming,Advanced,90,4.6,4,14,73.3,2,0.5,1,5,5.4,4,6,4,54.2,74.1,53.4,0,31-10-2024,UPI,Yes,No,6012,88,0,2,4.6,Not Completed,0,0,0,1,1,0,4,5
40228,STU140228,Vivaan Reddy,Female,25,Diploma,Student,Hyderabad,Mobile,Medium,C106,Machine Learning A-Z,Programming,Advanced,90,4.6,4,38,82.9,5,0.5,2,8,6.2,3,7,9,94.6,80.0,51.0,2,12-01-2024,Scholarship,No,Yes,657,76,1,0,4.5,Not Completed,0,1,2,1,2,0,4,4
40229,STU140229,Arjun Patel,Male,26,Master,Employed,Ahmedabad,Tablet,Low,C106,Machine Learning A-Z,Programming,Advanced,90,4.6,7,35,75.2,2,2.0,1,13,3.4,3,7,4,92.3,51.5,46.9,2,31-01-2025,UPI,Yes,No,6193,74,2,0,4.5,Not Completed,1,3,0,2,1,0,4,5
40230,STU140230,Priya Gupta,Male,32,HighSchool,Student,Bhopal,Laptop,Medium,C103,Introduction to AI,Programming,Intermediate,75,4.5,7,42,44.5,4,12.3,0,5,5.8,6,4,1,61.6,85.3,55.8,1,26-08-2024,Credit Card,Yes,No,6204,50,3,0,4.9,Completed,1,2,2,0,2,2,4,0
40231,STU140231,Nikhil Joshi,Male,30,Bachelor,Employed,Vadodara,Mobile,Medium,C108,Excel for Business,Business,Beginner,25,4.1,4,35,79.7,1,5.1,12,4,5.7,4,6,5,39.0,84.3,56.1,2,23-03-2025,UPI,Yes,Yes,2530,28,2,2,3.5,Completed,1,0,0,1,2,1,0,5
40232,STU140232,Nikhil Patel,Female,17,Bachelor,Unemployed,Indore,Laptop,Low,C108,Excel for Business,Business,Beginner,25,4.1,4,40,82.8,3,10.3,15,2,7.2,2,8,4,71.9,54.3,43.7,3,15-05-2024,NetBanking,Yes,No,3299,64,1,1,5.0,Not Completed,0,0,3,0,1,1,0,3
40233,STU140233,Meera Reddy,Female,25,Bachelor,Student,Chennai,Mobile,Medium,C107,Statistics for Data Science,Math,Intermediate,50,4.2,7,26,56.2,2,0.5,2,10,4.3,4,6,6,65.0,76.0,47.5,0,18-11-2024,Credit Card,Yes,No,4169,59,3,0,4.6,Completed,0,0,2,1,2,2,3,0
40234,STU140234,Neha Desai,Male,26,Diploma,Employed,Mumbai,Mobile,High,C107,Statistics for Data Science,Math,Intermediate,50,4.2,2,26,75.6,0,2.3,1,4,2.8,2,8,3,78.0,60.9,41.5,1,13-08-2024,Scholarship,No,No,590,100,0,1,3.7,Not Completed,1,1,0,1,0,2,3,4
40235,STU140235,Nikhil Bhardwaj,Male,28,PhD,Student,Pune,Mobile,Low,C101,Python Basics,Programming,Beginner,45,4.6,2,45,94.5,1,2.1,5,3,3.2,2,8,3,49.0,65.0,48.3,2,10-07-2025,UPI,Yes,No,3958,67,1,2,4.4,Not Completed,1,4,2,1,1,1,4,5
40236,STU140236,Sai Mehta,Female,22,HighSchool,Unemployed,Bengaluru,Laptop,Medium,C102,Data Analysis with Python,Programming,Intermediate,60,4.7,8,37,92.4,0,10.7,6,7,5.2,5,5,6,99.8,54.3,65.0,0,30-10-2023,Debit Card,Yes,No,5476,59,5,0,5.0,Completed,0,2,3,0,2,2,4,1
40237,STU140237,Aditya Iyer,Female,17,HighSchool,Employed,Lucknow,Laptop,Low,C101,Python Basics,Programming,Beginner,45,4.6,4,25,67.7,4,0.5,6,5,7.5,5,5,4,76.4,42.8,55.8,0,27-05-2024,Credit Card,Yes,No,4272,36,2,2,3.4,Completed,0,2,0,0,1,1,4,0
40238,STU140238,Ananya Patel,Male,17,Master,Unemployed,Mumbai,Mobile,Medium,C105,UI/UX Design Fundamentals,Design,Beginner,40,4.4,2,36,48.5,1,11.3,6,8,10.0,6,4,3,81.3,77.0,56.8,2,07-01-2024,Credit Card,Yes,No,4117,71,2,0,3.7,Completed,1,3,3,1,2,1,1,0
40239,STU140239,Pooja Patel,Male,37,Bachelor,Student,Bhopal,Mobile,High,C108,Excel for Business,Business,Beginner,25,4.1,4,50,81.4,0,10.1,12,4,4.0,6,4,2,97.1,56.1,67.3,2,06-05-2025,NetBanking,Yes,No,2957,81,0,1,5.0,Completed,1,0,2,1,0,1,0,3
40240,STU140240,Arjun Mehta,Male,17,Diploma,Student,Vadodara,Mobile,Medium,C106,Machine Learning A-Z,Programming,Advanced,90,4.6,5,53,71.5,5,5.9,7,5,4.6,4,6,9,92.9,62.5,52.2,4,03-04-2024,Free,No,No,0,91,4,0,5.0,Not Completed,1,1,2,1,2,0,4,2
40241,STU140241,Vihaan Gupta,Male,27,Bachelor,Student,Delhi,Mobile,Medium,C102,Data Analysis with Python,Programming,Intermediate,60,4.7,7,39,73.3,1,7.3,5,6,6.8,7,3,2,83.9,100.0,72.7,6,23-07-2024,Credit Card,Yes,Yes,4365,91,3,1,3.5,Completed,1,0,2,1,2,2,4,0
40242,STU140242,Rohan Iyer,Female,27,Master,Self-Employed,Ahmedabad,Laptop,High,C106,Machine Learning A-Z,Programming,Advanced,90,4.6,9,38,64.1,2,0.5,1,9,10.0,6,4,5,88.1,53.0,61.1,3,21-03-2025,Scholarship,No,Yes,710,51,3,2,3.8,Completed,0,3,1,0,0,0,4,4
40243,STU140243,Arjun Joshi,Male,24,Bachelor,Student,Chennai,Mobile,Medium,C102,Data Analysis with Python,Programming,Intermediate,60,4.7,2,21,66.7,6,0.5,3,5,8.4,8,2,4,82.8,60.6,74.4,1,20-05-2025,UPI,Yes,No,5213,66,8,0,4.5,Completed,1,0,2,1,2,2,4,5
40244,STU140244,Nikhil Reddy,Female,30,Bachelor,Employed,Delhi,Tablet,Medium,C101,Python Basics,Programming,Beginner,45,4.6,5,26,33.6,1,4.2,2,7,7.0,5,4,5,74.5,68.6,45.2,1,21-07-2025,Debit Card,Yes,Yes,3911,49,4,0,4.0,Completed,0,0,0,2,2,1,4,1
40245,STU140245,Neha Singh,Male,26,Diploma,Unemployed,Bhopal,Mobile,High,C101,Python Basics,Programming,Beginner,45,4.6,7,36,90.9,0,3.3,12,4,5.1,6,4,6,73.7,49.3,70.3,1,21-10-2023,Debit Card,Yes,No,4278,42,2,0,4.3,Completed,1,1,3,1,0,1,4,1
40246,STU140246,Rahul Joshi,Female,28,Bachelor,Employed,Bengaluru,Tablet,High,C106,Machine Learning A-Z,Programming,Advanced,90,4.6,4,11,68.4,1,0.5,0,1,8.0,4,6,6,69.5,49.9,50.4,7,23-09-2025,UPI,Yes,Yes,5764,69,2,0,4.5,Completed,0,0,0,2,0,0,4,5
40247,STU140247,Arjun Singh,Female,28,Master,Self-Employed,Vadodara,Laptop,Medium,C105,UI/UX Design Fundamentals,Design,Beginner,40,4.4,3,23,69.7,3,1.6,1,2,6.0,5,5,7,93.5,87.7,58.8,3,06-06-2025,UPI,Yes,No,4290,90,1,2,4.2,Not Completed,0,3,1,0,2,1,1,5
40248,STU140248,Rahul Joshi,Female,19,Bachelor,Employed,Bengaluru,Laptop,Low,C106,Machine Learning A-Z,Programming,Advanced,90,4.6,9,31,93.1,1,3.9,14,6,2.9,4,6,1,77.4,59.7,59.6,4,26-01-2024,UPI,Yes,No,7045,62,4,0,3.5,Completed,0,0,0,0,1,0,4,5
40249,STU140249,Aditya Mehta,Male,28,Diploma,Student,Chennai,Mobile,High,C104,Digital Marketing Essentials,Marketing,Beginner,30,4.3,2,7,85.8,1,1.6,12,2,5.6,4,6,6,71.9,71.7,57.6,3,08-06-2025,Debit Card,Yes,No,3681,100,3,1,2.6,Not Completed,1,1,2,1,0,1,2,1
40250,STU140250,Arjun Bose,Male,28,Bachelor,Student,Kolkata,Mobile,High,C101,Python Basics,Programming,Beginner,45,4.6,9,38,31.9,3,3.7,4,7,10.0,5,4,3,65.8,81.7,45.3,2,10-10-2024,UPI,Yes,No,4659,89,4,0,5.0,Not Completed,1,0,2,1,0,1,4,5
40251,STU140251,Nikhil Sharma,Male,17,HighSchool,Student,Ahmedabad,Mobile,Medium,C107,Statistics for Data Science,Math,Intermediate,50,4.2,8,49,30.7,0,5.9,1,10,8.5,6,4,7,79.8,77.1,50.6,2,24-04-2024,NetBanking,Yes,No,4288,72,2,1,5.0,Completed,1,2,2,1,2,2,3,3
40252,STU140252,Sakshi Mehta,Male,28,Diploma,Student,Surat,Mobile,Medium,C101,Python Basics,Programming,Beginner,45,4.6,4,29,40.0,0,3.6,4,5,4.5,4,6,8,65.3,41.4,40.1,3,28-03-2025,Debit Card,Yes,No,3929,57,6,1,4.6,Not Completed,1,1,2,1,2,1,4,1
40253,STU140253,Krishna Kumar,Male,19,Master,Employed,Bengaluru,Laptop,Medium,C102,Data Analysis with Python,Programming,Intermediate,60,4.7,5,28,56.3,4,6.8,4,3,8.3,5,5,2,93.1,68.9,53.1,2,27-08-2024,NetBanking,Yes,No,5305,96,4,0,4.3,Completed,1,3,0,0,2,2,4,3
40254,STU140254,Aditya Patel,Female,19,Bachelor,Student,Delhi,Mobile,Medium,C105,UI/UX Design Fundamentals,Design,Beginner,40,4.4,8,35,61.4,2,12.1,4,4,10.0,6,4,3,97.0,64.8,60.7,6,23-09-2024,Free,No,No,0,89,8,3,5.0,Completed,0,0,2,1,2,1,1,2
40255,STU140255,Neha Kumar,Male,32,Bachelor,Student,Surat,Mobile,Low,C102,Data Analysis with Python,Programming,Intermediate,60,4.7,5,44,28.3,1,4.1,3,1,8.0,2,8,7,73.7,46.2,24.2,1,10-04-2024,Credit Card,Yes,No,5326,43,2,0,4.8,Not Completed,1,0,2,1,1,2,4,0
40256,STU140256,Aarav Verma,Male,20,Bachelor,Employed,Lucknow,Mobile,High,C101,Python Basics,Programming,Beginner,45,4.6,4,37,59.6,1,9.6,6,2,3.7,5,5,1,82.6,41.0,52.9,0,18-02-2025,Scholarship,No,Yes,531,44,0,2,4.2,Completed,1,0,0,1,0,1,4,4
40257,STU140257,Meera Nair,Male,25,Bachelor,Employed,Vadodara,Mobile,High,C101,Python Basics,Programming,Beginner,45,4.6,2,34,57.1,3,0.5,22,5,4.0,3,7,5,85.2,69.9,41.5,1,13-02-2025,UPI,Yes,No,4115,59,3,1,3.4,Not Completed,1,0,0,1,0,1,4,5
40258,STU140258,Aditya Patel,Female,30,Diploma,Employed,Chennai,Mobile,Medium,C104,Digital Marketing Essentials,Marketing,Beginner,30,4.3,5,16,94.8,2,0.5,16,8,8.2,5,5,2,71.9,81.3,67.2,2,11-07-2025,Scholarship,No,No,1269,49,3,0,4.4,Not Completed,0,1,0,1,2,1,2,4
40259,STU140259,Vivaan Singh,Male,17,HighSchool,Student,Jaipur,Tablet,Medium,C104,Digital Marketing Essentials,Marketing,Beginner,30,4.3,7,43,73.2,2,6.0,12,3,4.7,3,7,3,60.4,42.2,45.7,1,29-09-2024,Free,No,Yes,0,62,1,0,4.9,Not Completed,1,2,2,2,2,1,2,2
40260,STU140260,Rohan Nair,Male,23,Master,Employed,Kolkata,Mobile,High,C107,Statistics for Data Science,Math,Intermediate,50,4.2,3,25,50.0,5,0.5,13,3,10.0,7,3,4,81.1,55.8,62.3,1,09-01-2025,UPI,Yes,No,4877,60,3,0,3.5,Not Completed,1,3,0,1,0,2,3,5
40261,STU140261,Nikhil Iyer,Female,24,HighSchool,Employed,Surat,Mobile,Medium,C105,UI/UX Design Fundamentals,Design,Beginner,40,4.4,4,37,74.3,1,10.3,5,3,8.0,6,4,5,64.6,99.6,67.0,0,13-03-2024,UPI,Yes,No,3801,69,3,0,3.7,Completed,0,2,0,1,2,1,1,5
40262,STU140262,Aditya Singh,Female,20,Master,Student,Kolkata,Tablet,Medium,C101,Python Basics,Programming,Beginner,45,4.6,3,39,62.1,0,0.9,18,7,10.0,3,7,3,82.3,81.6,43.8,0,18-10-2023,Scholarship,No,No,883,25,0,1,3.7,Completed,0,3,2,2,2,1,4,4
40263,STU140263,Rohan Mehta,Male,23,Bachelor,Self-Employed,Bengaluru,Laptop,Medium,C106,Machine Learning A-Z,Programming,Advanced,90,4.6,6,27,76.6,0,13.4,10,1,4.9,2,8,5,56.6,50.7,41.3,8,04-05-2025,Credit Card,Yes,No,6177,70,3,1,4.0,Completed,1,0,1,0,2,0,4,0
40264,STU140264,Ritika Kumar,Female,41,Bachelor,Student,Kolkata,Mobile,High,C105,UI/UX Design Fundamentals,Design,Beginner,40,4.4,6,30,28.7,2,0.5,0,3,6.4,5,5,4,78.9,76.9,43.9,2,12-04-2025,Credit Card,Yes,No,3783,64,3,0,4.0,Not Completed,0,0,2,1,0,1,1,0
40265,STU140265,Aarav Joshi,Female,23,Master,Employed,Vadodara,Laptop,Medium,C102,Data Analysis with Python,Programming,Intermediate,60,4.7,3,21,27.8,0,8.1,7,4,9.3,5,5,2,85.7,79.4,43.7,0,26-02-2024,UPI,Yes,No,4637,60,3,0,4.2,Not Completed,0,3,0,0,2,2,4,5
40266,STU140266,Arjun Bhardwaj,Female,27,Bachelor,Employed,Bhopal,Mobile,Medium,C103,Introduction to AI,Programming,Intermediate,75,4.5,4,35,51.0,0,5.3,1,6,3.7,5,4,2,69.0,35.4,49.6,0,23-05-2025,Free,No,No,0,63,4,1,3.7,Not Completed,0,0,0,1,2,2,4,2
40267,STU140267,Sneha Reddy,Female,28,HighSchool,Student,Pune,Laptop,High,C105,UI/UX Design Fundamentals,Design,Beginner,40,4.4,7,32,39.8,3,5.4,4,4,6.4,7,3,4,85.7,79.7,59.9,4,05-05-2024,Debit Card,Yes,Yes,3501,38,1,4,4.4,Completed,0,2,2,0,0,1,1,1
40268,STU140268,Pooja Mehta,Female,24,Bachelor,Student,Indore,Mobile,High,C101,Python Basics,Programming,Beginner,45,4.6,4,41,27.9,2,0.9,1,4,6.2,6,4,1,70.3,85.9,50.0,2,13-05-2024,Free,No,No,0,88,3,2,5.0,Not Completed,0,0,2,1,0,1,4,2
40269,STU140269,Sakshi Singh,Male,34,Bachelor,Employed,Lucknow,Laptop,High,C101,Python Basics,Programming,Beginner,45,4.6,7,7,46.2,2,0.5,6,2,4.8,4,6,3,58.9,60.4,43.2,0,19-07-2024,Credit Card,Yes,No,4335,94,2,0,4.0,Not Completed,1,0,0,0,0,1,4,0
40270,STU140270,Pooja Singh,Male,38,Bachelor,Employed,Indore,Laptop,High,C103,Introduction to AI,Programming,Intermediate,75,4.5,7,50,63.7,2,12.2,0,7,7.5,6,4,4,69.3,67.3,61.7,3,17-05-2024,Debit Card,Yes,No,5637,89,6,2,3.3,Completed,1,0,0,0,0,2,4,1
40271,STU140271,Rahul Shah,Female,22,HighSchool,Employed,Kolkata,Mobile,High,C102,Data Analysis with Python,Programming,Intermediate,60,4.7,4,41,99.3,5,0.5,2,5,6.1,4,6,3,83.2,57.6,61.6,2,16-02-2024,NetBanking,Yes,No,5048,62,3,0,4.6,Completed,0,2,0,1,0,2,4,3
40272,STU140272,Vihaan Reddy,Female,21,Master,Employed,Ahmedabad,Laptop,Medium,C101,Python Basics,Programming,Beginner,45,4.6,4,25,53.2,4,7.1,1,3,4.5,3,7,2,78.7,73.7,40.3,1,11-06-2025,UPI,Yes,Yes,3751,58,2,0,4.7,Completed,0,3,0,0,2,1,4,5
40273,STU140273,Ritika Singh,Male,17,Bachelor,Unemployed,Mumbai,Mobile,Medium,C106,Machine Learning A-Z,Programming,Advanced,90,4.6,6,35,59.3,6,0.5,15,7,7.4,4,6,3,69.7,41.3,46.8,2,01-03-2025,Debit Card,Yes,No,5856,75,6,1,5.0,Not Completed,1,0,3,1,2,0,4,1
40274,STU140274,Pooja Gupta,Female,31,Bachelor,Student,Pune,Mobile,High,C108,Excel for Business,Business,Beginner,25,4.1,6,43,37.3,5,6.7,2,3,7.3,5,5,1,65.9,66.7,46.4,2,10-02-2024,Credit Card,Yes,No,3402,37,1,0,4.1,Completed,0,0,2,1,0,1,0,0
40275,STU140275,Ritika Kumar,Female,28,HighSchool,Employed,Ahmedabad,Mobile,High,C107,Statistics for Data Science,Math,Intermediate,50,4.2,4,29,71.2,4,0.5,0,4,9.3,8,2,4,58.6,86.0,77.2,1,23-10-2024,Debit Card,Yes,Yes,4020,100,2,1,2.3,Completed,0,2,0,1,0,2,3,1
40276,STU140276,Isha Kumar,Female,36,Bachelor,Student,Vadodara,Mobile,Medium,C103,Introduction to AI,Programming,Intermediate,75,4.5,3,32,38.0,0,0.5,5,3,7.3,5,5,2,57.3,100.0,48.3,5,12-09-2024,Scholarship,No,Yes,2728,100,0,1,4.5,Completed,0,0,2,1,2,2,4,4
40277,STU140277,Nikhil Bose,Male,26,Master,Student,Mumbai,Mobile,Medium,C104,Digital Marketing Essentials,Marketing,Beginner,30,4.3,7,34,50.7,0,0.5,8,4,5.6,1,9,4,79.2,67.0,27.1,2,04-03-2024,Credit Card,Yes,No,3316,90,1,1,5.0,Completed,1,3,2,1,2,1,2,0
40278,STU140278,Arjun Joshi,Female,29,HighSchool,Employed,Vadodara,Mobile,High,C102,Data Analysis with Python,Programming,Intermediate,60,4.7,5,36,27.4,5,10.0,7,3,6.3,4,6,4,76.3,76.1,37.4,3,11-08-2025,Credit Card,Yes,No,4586,56,1,0,4.3,Not Completed,0,2,0,1,0,2,4,0
40279,STU140279,Meera Iyer,Female,26,Bachelor,Student,Mumbai,Laptop,High,C103,Introduction to AI,Programming,Intermediate,75,4.5,4,47,66.6,3,4.4,3,4,6.0,5,5,6,78.3,100.0,58.3,2,17-06-2024,Debit Card,Yes,No,5331,52,4,1,3.9,Completed,0,0,2,0,0,2,4,1
40280,STU140280,Vivaan Bhardwaj,Female,29,Bachelor,Employed,Bhopal,Mobile,Medium,C107,Statistics for Data Science,Math,Intermediate,50,4.2,3,24,73.3,1,1.0,11,5,7.6,5,5,2,66.8,36.4,57.5,2,26-05-2024,Debit Card,Yes,Yes,3817,33,1,2,4.4,Completed,0,0,0,1,2,2,3,1
40281,STU140281,Rahul Patel,Male,29,Master,Student,Surat,Laptop,Low,C105,UI/UX Design Fundamentals,Design,Beginner,40,4.4,5,42,22.4,1,6.8,0,5,5.2,2,8,5,38.3,72.3,23.5,6,01-03-2025,Debit Card,Yes,Yes,3198,60,6,0,3.9,Completed,1,3,2,0,1,1,1,1
40282,STU140282,Pooja Nair,Female,25,Master,Employed,Chennai,Laptop,Medium,C107,Statistics for Data Science,Math,Intermediate,50,4.2,6,48,75.0,2,15.3,3,6,10.0,3,6,5,89.3,100.0,49.2,8,20-11-2023,Credit Card,Yes,No,4855,60,1,0,4.7,Completed,0,3,0,0,2,2,3,0
40283,STU140283,Sai Verma,Male,17,Bachelor,Employed,Lucknow,Mobile,High,C104,Digital Marketing Essentials,Marketing,Beginner,30,4.3,7,49,63.0,5,0.5,14,5,7.8,4,6,6,57.0,84.3,50.3,3,02-05-2024,NetBanking,Yes,No,3335,68,2,1,5.0,Completed,1,0,0,1,0,1,2,3
40284,STU140284,Sakshi Nair,Female,24,Master,Student,Ahmedabad,Laptop,Medium,C107,Statistics for Data Science,Math,Intermediate,50,4.2,4,26,45.4,3,4.5,10,7,7.7,4,6,5,77.4,41.1,41.9,2,17-10-2024,Free,No,No,0,60,2,1,4.1,Not Completed,0,3,2,0,2,2,3,2
40285,STU140285,Nikhil Mehta,Female,17,Bachelor,Employed,Ahmedabad,Mobile,High,C102,Data Analysis with Python,Programming,Intermediate,60,4.7,4,29,25.4,0,0.5,7,7,7.8,4,6,5,64.2,65.6,36.2,3,15-08-2025,UPI,Yes,Yes,4017,50,2,0,3.7,Not Completed,0,0,0,1,0,2,4,5
40286,STU140286,Neha Mehta,Female,32,HighSchool,Employed,Bhopal,Laptop,Medium,C101,Python Basics,Programming,Beginner,45,4.6,3,41,75.7,1,0.5,1,4,5.3,3,7,4,75.9,86.3,48.8,1,12-09-2025,Free,No,No,0,61,2,0,4.2,Not Completed,0,2,0,0,2,1,4,2
40287,STU140287,Rahul Bhardwaj,Male,22,Diploma,Student,Indore,Mobile,Medium,C107,Statistics for Data Science,Math,Intermediate,50,4.2,6,40,70.8,3,5.1,2,8,8.0,6,4,5,90.0,69.9,64.3,3,14-06-2024,Credit Card,Yes,No,4374,47,4,1,3.8,Completed,1,1,2,1,2,2,3,0
40288,STU140288,Sneha Kumar,Male,26,Bachelor,Employed,Vadodara,Mobile,Low,C102,Data Analysis with Python,Programming,Intermediate,60,4.7,5,33,37.1,2,0.5,22,9,6.5,4,5,3,73.1,79.2,40.9,1,30-04-2025,Scholarship,No,No,1250,73,4,0,3.7,Not Completed,1,0,0,1,1,2,4,4
40289,STU140289,Vihaan Nair,Female,28,Bachelor,Unemployed,Bengaluru,Mobile,Medium,C101,Python Basics,Programming,Beginner,45,4.6,6,20,34.6,4,1.9,0,4,10.0,7,3,5,84.8,74.0,57.8,3,02-04-2025,Credit Card,Yes,Yes,3630,52,3,2,3.8,Completed,0,0,3,1,2,1,4,0
40290,STU140290,Arjun Iyer,Male,24,HighSchool,Student,Delhi,Mobile,Medium,C102,Data Analysis with Python,Programming,Intermediate,60,4.7,8,44,93.6,6,4.3,1,7,6.6,5,5,5,61.2,84.3,67.0,5,22-06-2025,UPI,Yes,Yes,4063,100,4,0,3.9,Not Completed,1,2,2,1,2,2,4,5
40291,STU140291,Vihaan Singh,Male,25,Master,Student,Kolkata,Mobile,Low,C103,Introduction to AI,Programming,Intermediate,75,4.5,2,35,78.4,0,0.5,12,7,3.7,5,5,3,65.9,81.0,61.5,0,18-10-2023,Free,No,No,0,63,1,2,5.0,Not Completed,1,3,2,1,1,2,4,2
40292,STU140292,Ritika Reddy,Male,26,HighSchool,Employed,Mumbai,Mobile,High,C106,Machine Learning A-Z,Programming,Advanced,90,4.6,6,29,76.1,5,6.5,13,8,6.3,5,5,4,88.2,61.1,59.7,6,25-03-2025,Free,No,No,0,58,4,1,3.7,Not Completed,1,2,0,1,0,0,4,2
40293,STU140293,Pooja Patel,Male,29,HighSchool,Student,Delhi,Mobile,High,C105,UI/UX Design Fundamentals,Design,Beginner,40,4.4,8,33,67.0,3,1.4,0,10,5.5,8,2,5,73.2,71.1,75.0,5,06-04-2025,UPI,Yes,Yes,3709,76,2,0,3.4,Completed,1,2,2,1,0,1,1,5
40294,STU140294,Isha Kumar,Male,30,Bachelor,Employed,Bhopal,Mobile,High,C102,Data Analysis with Python,Programming,Intermediate,60,4.7,2,30,54.8,1,0.5,0,1,9.9,4,6,4,53.2,52.6,45.8,3,11-08-2024,UPI,Yes,No,4833,76,3,1,4.1,Not Completed,1,0,0,1,0,2,4,5
40295,STU140295,Rahul Patel,Female,18,Diploma,Employed,Surat,Mobile,High,C107,Statistics for Data Science,Math,Intermediate,50,4.2,3,30,80.4,0,4.5,5,3,5.5,3,7,5,49.0,73.6,49.8,4,07-07-2025,Free,No,No,0,57,2,1,4.0,Not Completed,0,1,0,1,0,2,3,2
40296,STU140296,Aarav Gupta,Female,31,Bachelor,Employed,Pune,Tablet,High,C108,Excel for Business,Business,Beginner,25,4.1,5,36,92.3,3,0.5,6,6,6.5,3,7,0,55.2,92.5,54.9,4,19-08-2025,Credit Card,Yes,No,3020,57,1,1,5.0,Completed,0,0,0,2,0,1,0,0
40297,STU140297,Aditya Shah,Female,34,HighSchool,Student,Mumbai,Mobile,Medium,C103,Introduction to AI,Programming,Intermediate,75,4.5,7,40,63.9,4,0.5,1,5,6.8,1,9,1,73.4,67.4,31.7,5,30-11-2023,Debit Card,Yes,No,5805,71,2,0,4.7,Completed,0,2,2,1,2,2,4,1
40298,STU140298,Aditya Joshi,Female,24,Diploma,Employed,Delhi,Laptop,Low,C107,Statistics for Data Science,Math,Intermediate,50,4.2,3,34,68.4,2,4.6,4,2,2.6,2,8,2,82.0,63.2,39.1,2,25-01-2024,NetBanking,Yes,No,4767,76,2,1,4.8,Not Completed,0,1,0,0,1,2,3,3
40299,STU140299,Vivaan Mehta,Other,28,Bachelor,Student,Vadodara,Mobile,High,C107,Statistics for Data Science,Math,Intermediate,50,4.2,1,43,59.1,1,9.1,12,6,7.8,2,8,1,49.8,46.5,35.0,5,06-01-2024,UPI,Yes,Yes,3627,82,3,1,2.6,Completed,2,0,2,1,0,2,3,5
40300,STU140300,Aarav Patel,Male,17,Diploma,Employed,Surat,Mobile,Low,C101,Python Basics,Programming,Beginner,45,4.6,6,38,11.3,2,11.4,7,3,2.8,9,1,3,80.6,49.6,60.4,3,24-02-2025,NetBanking,Yes,No,3901,100,4,1,5.0,Completed,1,1,0,1,1,1,4,3
40301,STU140301,Isha Mehta,Female,25,Diploma,Self-Employed,Bhopal,Mobile,Medium,C101,Python Basics,Programming,Beginner,45,4.6,5,34,37.3,1,0.5,2,2,3.6,4,6,4,78.4,67.9,40.5,1,06-06-2025,UPI,Yes,No,4010,55,4,1,3.7,Completed,0,1,1,1,2,1,4,5
40302,STU140302,Vihaan Shah,Male,17,Master,Employed,Vadodara,Mobile,High,C106,Machine Learning A-Z,Programming,Advanced,90,4.6,7,29,35.5,5,5.7,9,7,5.3,6,4,0,68.4,86.2,52.7,5,14-02-2024,UPI,Yes,Yes,5899,23,1,1,3.0,Completed,1,3,0,1,0,0,4,5
40303,STU140303,Krishna Verma,Male,27,Bachelor,Unemployed,Lucknow,Tablet,Medium,C101,Python Basics,Programming,Beginner,45,4.6,3,42,75.3,2,7.5,0,4,3.1,4,6,3,93.1,71.4,53.9,2,03-08-2025,Credit Card,Yes,Yes,3870,18,2,0,3.7,Completed,1,0,3,2,2,1,4,0
40304,STU140304,Ananya Iyer,Male,24,PhD,Employed,Indore,Mobile,Medium,C107,Statistics for Data Science,Math,Intermediate,50,4.2,4,50,73.1,3,3.9,6,6,9.2,3,6,4,85.5,51.5,46.1,1,19-10-2024,Scholarship,No,No,681,47,2,2,3.3,Not Completed,1,4,0,1,2,2,3,4
40305,STU140305,Ananya Singh,Male,18,Bachelor,Employed,Pune,Mobile,Low,C102,Data Analysis with Python,Programming,Intermediate,60,4.7,2,34,48.2,3,0.5,1,3,4.7,8,2,2,80.7,76.8,68.7,4,24-01-2025,Free,No,No,0,69,1,1,4.2,Completed,1,0,0,1,1,2,4,2
40306,STU140306,Krishna Sharma,Male,28,HighSchool,Employed,Bengaluru,Laptop,Medium,C107,Statistics for Data Science,Math,Intermediate,50,4.2,6,25,49.5,4,8.1,1,3,6.2,4,6,4,80.7,60.2,44.3,0,01-03-2024,Free,No,No,0,54,0,0,4.8,Not Completed,1,2,0,0,2,2,3,2
40307,STU140307,Aditya Kumar,Male,26,Master,Student,Lucknow,Mobile,Medium,C107,Statistics for Data Science,Math,Intermediate,50,4.2,4,37,79.1,3,0.5,0,12,8.2,7,3,2,66.7,72.8,73.3,3,16-04-2024,NetBanking,Yes,No,4166,79,6,1,5.0,Completed,1,3,2,1,2,2,3,3
40308,STU140308,Arjun Desai,Male,32,Bachelor,Student,Hyderabad,Laptop,Medium,C108,Excel for Business,Business,Beginner,25,4.1,5,24,38.3,2,1.9,6,5,7.4,2,8,7,57.8,83.3,29.6,2,08-09-2025,Credit Card,Yes,No,3395,83,2,0,5.0,Not Completed,1,0,2,0,2,1,0,0
40309,STU140309,Aditya Iyer,Male,26,Master,Employed,Ahmedabad,Laptop,Low,C106,Machine Learning A-Z,Programming,Advanced,90,4.6,3,27,66.2,4,0.5,5,6,9.2,4,6,5,69.0,90.8,51.7,3,16-04-2025,UPI,Yes,No,6877,54,3,2,4.8,Completed,1,3,0,0,1,0,4,5
40310,STU140310,Ritika Shah,Female,25,Bachelor,Employed,Delhi,Mobile,Medium,C104,Digital Marketing Essentials,Marketing,Beginner,30,4.3,7,25,60.7,2,7.4,5,2,6.3,6,4,1,68.9,44.9,59.5,2,26-09-2025,UPI,Yes,No,3563,38,3,0,3.1,Completed,0,0,0,1,2,1,2,5
40311,STU140311,Aarav Shah,Male,45,Bachelor,Employed,Bengaluru,Mobile,High,C105,UI/UX Design Fundamentals,Design,Beginner,40,4.4,9,23,76.6,1,0.5,12,1,4.4,5,5,5,84.6,48.0,59.2,3,26-04-2025,UPI,Yes,No,3643,49,3,0,3.4,Not Completed,1,0,0,1,0,1,1,5
40312,STU140312,Sneha Reddy,Male,29,Bachelor,Self-Employed,Ahmedabad,Mobile,High,C108,Excel for Business,Business,Beginner,25,4.1,4,38,50.3,4,6.9,2,5,9.2,7,3,4,84.3,55.8,62.4,6,04-08-2025,Scholarship,No,Yes,696,87,0,1,5.0,Completed,1,0,1,1,0,1,0,4
40313,STU140313,Sai Desai,Male,39,Bachelor,Employed,Delhi,Mobile,High,C103,Introduction to AI,Programming,Intermediate,75,4.5,6,45,43.7,3,2.3,5,3,6.7,5,4,5,75.6,52.4,47.9,1,28-06-2025,UPI,Yes,Yes,4707,84,0,1,4.2,Not Completed,1,0,0,1,0,2,4,5
40314,STU140314,Arjun Desai,Female,34,Bachelor,Employed,Vadodara,Mobile,Medium,C101,Python Basics,Programming,Beginner,45,4.6,2,31,58.5,4,0.5,0,7,9.2,7,3,3,86.1,64.5,65.7,3,30-01-2024,NetBanking,Yes,No,4010,82,3,0,4.5,Completed,0,0,0,1,2,1,4,3
40315,STU140315,Kavya Joshi,Female,25,Bachelor,Employed,Chennai,Mobile,Medium,C102,Data Analysis with Python,Programming,Intermediate,60,4.7,6,23,50.8,2,0.5,2,4,5.9,8,2,3,80.3,64.3,69.0,1,14-09-2025,UPI,Yes,No,5174,36,2,1,2.8,Completed,0,0,0,1,2,2,4,5
40316,STU140316,Meera Mehta,Female,21,HighSchool,Employed,Ahmedabad,Mobile,Medium,C101,Python Basics,Programming,Beginner,45,4.6,4,27,63.1,2,7.0,0,9,3.8,3,7,6,88.3,76.7,43.9,2,26-09-2024,Scholarship,No,No,1447,40,7,1,3.8,Not Completed,0,2,0,1,2,1,4,4
40317,STU140317,Vivaan Desai,Female,38,Bachelor,Student,Kolkata,Laptop,High,C101,Python Basics,Programming,Beginner,45,4.6,4,40,41.3,2,0.5,0,6,5.0,6,4,1,67.6,84.1,54.6,6,05-12-2024,Debit Card,Yes,No,4064,41,5,1,4.9,Completed,0,0,2,0,0,1,4,1
40318,STU140318,Pooja Patel,Male,22,Bachelor,Employed,Delhi,Mobile,High,C106,Machine Learning A-Z,Programming,Advanced,90,4.6,6,39,39.1,5,0.5,3,7,4.8,8,1,8,55.8,76.9,65.5,0,31-10-2024,Scholarship,No,Yes,1699,60,2,1,3.9,Not Completed,1,0,0,1,0,0,4,4
40319,STU140319,Ritika Bose,Female,18,Master,Student,Bhopal,Mobile,High,C103,Introduction to AI,Programming,Intermediate,75,4.5,8,49,54.5,3,5.4,0,7,6.2,5,5,0,69.9,80.0,53.1,1,07-12-2023,Credit Card,Yes,Yes,5370,65,3,1,3.9,Not Completed,0,3,2,1,0,2,4,0
40320,STU140320,Sneha Gupta,Male,23,HighSchool,Employed,Mumbai,Mobile,High,C106,Machine Learning A-Z,Programming,Advanced,90,4.6,7,20,75.7,4,4.7,3,4,3.0,6,4,2,70.9,76.9,66.3,1,21-05-2025,Free,No,No,0,85,1,1,3.5,Not Completed,1,2,0,1,0,0,4,2
40321,STU140321,Neha Sharma,Male,32,Bachelor,Employed,Lucknow,Mobile,Medium,C108,Excel for Business,Business,Beginner,25,4.1,6,33,83.5,6,0.5,5,5,10.0,4,6,1,96.7,100.0,58.2,1,14-09-2024,Credit Card,Yes,No,3056,76,3,2,4.7,Not Completed,1,0,0,1,2,1,0,0
40322,STU140322,Isha Sharma,Female,35,Bachelor,Employed,Kolkata,Laptop,High,C101,Python Basics,Programming,Beginner,45,4.6,4,42,38.1,2,0.5,1,5,4.7,4,6,3,71.1,48.7,39.8,4,12-05-2025,UPI,Yes,Yes,3714,77,4,0,4.1,Not Completed,0,0,0,0,0,1,4,5
40323,STU140323,Priya Mehta,Female,28,HighSchool,Student,Hyderabad,Laptop,High,C101,Python Basics,Programming,Beginner,45,4.6,5,41,80.1,3,8.8,4,3,10.0,4,6,6,92.2,92.2,56.7,4,30-11-2024,UPI,Yes,No,3939,64,1,1,3.8,Completed,0,2,2,0,0,1,4,5
40324,STU140324,Meera Iyer,Female,31,Master,Employed,Nagpur,Mobile,Medium,C106,Machine Learning A-Z,Programming,Advanced,90,4.6,2,27,96.0,5,5.7,0,7,2.7,4,6,4,75.4,100.0,62.6,4,15-05-2024,UPI,Yes,No,6505,89,3,4,3.1,Not Completed,0,3,0,1,2,0,4,5
40325,STU140325,Isha Bhardwaj,Male,32,Master,Employed,Mumbai,Laptop,Medium,C101,Python Basics,Programming,Beginner,45,4.6,5,32,34.1,4,0.9,1,4,7.4,6,4,4,57.9,71.7,51.5,1,05-09-2024,NetBanking,Yes,No,4404,70,2,1,4.3,Completed,1,3,0,0,2,1,4,3
40326,STU140326,Rohan Joshi,Female,34,HighSchool,Student,Bhopal,Mobile,High,C107,Statistics for Data Science,Math,Intermediate,50,4.2,6,31,58.2,3,1.5,4,5,6.9,3,7,5,68.4,50.3,40.9,2,16-02-2024,NetBanking,Yes,Yes,3789,37,4,1,2.6,Completed,0,2,2,1,0,2,3,3
40327,STU140327,Priya Kumar,Male,26,Bachelor,Student,Pune,Mobile,Medium,C106,Machine Learning A-Z,Programming,Advanced,90,4.6,6,53,46.5,5,8.9,1,2,2.1,8,2,6,89.4,75.1,68.0,4,27-01-2024,UPI,Yes,No,6556,85,5,0,4.4,Not Completed,1,0,2,1,2,0,4,5
40328,STU140328,Aditya Bhardwaj,Male,17,Bachelor,Employed,Surat,Mobile,High,C105,UI/UX Design Fundamentals,Design,Beginner,40,4.4,1,5,33.2,3,0.5,4,4,5.8,5,5,6,62.0,85.7,45.9,2,13-11-2024,Debit Card,Yes,No,4236,57,3,0,3.8,Not Completed,1,0,0,1,0,1,1,1
40329,STU140329,Rohan Patel,Male,26,HighSchool,Employed,Surat,Mobile,Low,C106,Machine Learning A-Z,Programming,Advanced,90,4.6,5,11,52.4,1,3.5,30,1,5.4,5,5,1,54.8,66.5,51.7,2,10-11-2024,Credit Card,Yes,Yes,5101,69,1,1,5.0,Not Completed,1,2,0,1,1,0,4,0
40330,STU140330,Arjun Bhardwaj,Male,25,Master,Employed,Bengaluru,Mobile,High,C102,Data Analysis with Python,Programming,Intermediate,60,4.7,6,36,15.4,4,0.5,6,9,4.9,4,6,4,75.8,68.4,32.8,2,23-06-2024,UPI,Yes,Yes,4426,86,2,1,3.1,Completed,1,3,0,1,0,2,4,5
40331,STU140331,Isha Gupta,Female,20,Bachelor,Employed,Surat,Laptop,Medium,C101,Python Basics,Programming,Beginner,45,4.6,4,51,89.1,3,4.8,4,8,7.2,4,6,3,87.0,100.0,60.2,3,27-11-2024,Credit Card,Yes,No,4262,60,4,0,3.9,Not Completed,0,0,0,0,2,1,4,0
40332,STU140332,Vihaan Joshi,Male,17,HighSchool,Student,Bengaluru,Laptop,Medium,C102,Data Analysis with Python,Programming,Intermediate,60,4.7,7,40,71.0,3,6.5,20,2,3.5,6,4,6,65.4,88.5,65.3,2,15-06-2024,Debit Card,Yes,No,4738,75,1,0,5.0,Not Completed,1,2,2,0,2,2,4,1
40333,STU140333,Ananya Shah,Female,19,Bachelor,Student,Pune,Mobile,Medium,C108,Excel for Business,Business,Beginner,25,4.1,6,39,40.5,4,3.9,11,1,8.0,6,4,2,73.1,84.8,54.4,3,18-12-2023,Credit Card,Yes,No,3219,72,2,0,4.0,Not Completed,0,0,2,1,2,1,0,0
40334,STU140334,Vihaan Desai,Male,17,Master,Student,Bengaluru,Mobile,Medium,C108,Excel for Business,Business,Beginner,25,4.1,4,41,47.4,5,6.6,0,6,2.8,7,3,11,83.2,76.5,62.4,4,22-12-2023,NetBanking,Yes,No,3565,81,0,1,4.1,Completed,1,3,2,1,2,1,0,3
40335,STU140335,Arjun Gupta,Male,17,Bachelor,Student,Nagpur,Mobile,High,C105,UI/UX Design Fundamentals,Design,Beginner,40,4.4,6,37,60.0,4,0.5,2,7,7.6,5,5,2,77.5,68.0,54.4,4,23-09-2024,UPI,Yes,No,4179,57,4,0,2.6,Not Completed,1,0,2,1,0,1,1,5
40336,STU140336,Aarav Gupta,Male,35,Bachelor,Employed,Delhi,Mobile,High,C103,Introduction to AI,Programming,Intermediate,75,4.5,3,29,22.2,6,2.3,7,4,3.2,5,5,4,52.9,82.2,41.9,3,22-04-2024,Credit Card,Yes,No,5797,49,4,0,3.9,Completed,1,0,0,1,0,2,4,0
40337,STU140337,Rahul Iyer,Female,29,Bachelor,Student,Hyderabad,Mobile,High,C104,Digital Marketing Essentials,Marketing,Beginner,30,4.3,5,25,42.1,1,1.1,3,5,4.3,8,2,4,55.7,67.2,66.1,3,09-12-2023,UPI,Yes,No,3628,53,0,1,5.0,Not Completed,0,0,2,1,0,1,2,5
40338,STU140338,Sakshi Verma,Female,23,Bachelor,Employed,Hyderabad,Mobile,Medium,C101,Python Basics,Programming,Beginner,45,4.6,4,41,57.8,3,0.5,14,3,4.8,5,5,3,90.4,57.8,53.1,2,22-07-2025,UPI,Yes,No,4642,81,0,0,4.8,Completed,0,0,0,1,2,1,4,5
40339,STU140339,Meera Nair,Male,31,Bachelor,Employed,Ahmedabad,Mobile,Medium,C101,Python Basics,Programming,Beginner,45,4.6,4,27,65.9,1,1.2,19,2,3.0,1,9,6,63.9,63.2,32.2,4,14-09-2024,Free,No,Yes,0,70,3,0,4.7,Not Completed,1,0,0,1,2,1,4,2
40340,STU140340,Rohan Singh,Female,20,PhD,Student,Chennai,Mobile,High,C101,Python Basics,Programming,Beginner,45,4.6,6,35,67.8,2,3.2,3,6,8.0,4,6,5,91.4,79.5,51.7,6,26-10-2023,Scholarship,No,No,382,100,1,0,4.6,Not Completed,0,4,2,1,0,1,4,4
40341,STU140341,Aditya Sharma,Male,28,Bachelor,Employed,Hyderabad,Mobile,Low,C106,Machine Learning A-Z,Programming,Advanced,90,4.6,1,46,55.6,1,0.5,3,7,8.7,6,4,1,66.4,83.2,59.6,2,18-08-2024,Debit Card,Yes,No,6949,81,3,2,3.3,Not Completed,1,0,0,1,1,0,4,1
40342,STU140342,Priya Reddy,Female,43,Master,Student,Kolkata,Mobile,Medium,C102,Data Analysis with Python,Programming,Intermediate,60,4.7,4,42,67.3,4,8.6,6,4,2.8,3,7,2,90.1,80.7,45.6,4,23-05-2024,Credit Card,Yes,No,5332,57,6,0,5.0,Completed,0,3,2,1,2,2,4,0
40343,STU140343,Rohan Shah,Male,17,Bachelor,Self-Employed,Kolkata,Mobile,High,C103,Introduction to AI,Programming,Intermediate,75,4.5,4,32,48.1,4,5.0,11,5,9.3,6,4,4,64.3,85.5,57.1,1,05-11-2024,Credit Card,Yes,Yes,4994,59,0,2,4.4,Not Completed,1,0,1,1,0,2,4,0
40344,STU140344,Vihaan Kumar,Male,30,Bachelor,Employed,Jaipur,Laptop,Low,C101,Python Basics,Programming,Beginner,45,4.6,4,27,45.5,1,9.7,22,6,7.4,4,6,2,72.2,69.9,43.4,3,13-12-2023,UPI,Yes,No,4666,71,1,2,4.7,Not Completed,1,0,0,0,1,1,4,5
40345,STU140345,Aditya Gupta,Male,25,Bachelor,Student,Lucknow,Laptop,Medium,C101,Python Basics,Programming,Beginner,45,4.6,6,28,53.6,2,4.4,22,4,7.4,4,6,5,75.2,38.1,44.7,1,10-07-2025,UPI,Yes,No,4651,63,1,1,4.0,Completed,1,0,2,0,2,1,4,5
40346,STU140346,Aarav Shah,Male,20,Bachelor,Employed,Mumbai,Mobile,High,C102,Data Analysis with Python,Programming,Intermediate,60,4.7,4,45,57.6,2,0.5,0,9,5.8,1,9,3,66.8,56.5,29.0,4,23-04-2025,UPI,Yes,No,4598,73,1,0,4.7,Not Completed,1,0,0,1,0,2,4,5
40347,STU140347,Arjun Bhardwaj,Female,21,Bachelor,Employed,Mumbai,Mobile,Medium,C104,Digital Marketing Essentials,Marketing,Beginner,30,4.3,5,28,92.2,3,0.5,3,4,4.2,8,2,6,41.6,78.8,84.2,3,11-01-2024,Free,No,Yes,0,79,2,0,4.6,Completed,0,0,0,1,2,1,2,2
40348,STU140348,Isha Patel,Male,27,HighSchool,Student,Kolkata,Laptop,Low,C102,Data Analysis with Python,Programming,Intermediate,60,4.7,2,33,55.9,4,6.5,16,2,5.3,4,6,1,67.0,77.5,47.4,2,24-06-2025,Free,No,No,0,43,1,2,4.4,Completed,1,2,2,0,1,2,4,2
40349,STU140349,Kavya Kumar,Female,25,Bachelor,Student,Surat,Mobile,Low,C101,Python Basics,Programming,Beginner,45,4.6,2,44,56.1,3,12.4,1,5,4.0,6,4,4,63.0,65.0,58.9,2,09-11-2024,UPI,Yes,No,4212,67,1,2,5.0,Not Completed,0,0,2,1,1,1,4,5
40350,STU140350,Arjun Patel,Male,32,Bachelor,Employed,Jaipur,Laptop,High,C101,Python Basics,Programming,Beginner,45,4.6,4,21,39.6,1,5.0,20,9,8.5,4,6,3,60.9,68.2,41.3,1,21-03-2025,NetBanking,Yes,No,4343,51,0,1,2.5,Not Completed,1,0,0,0,0,1,4,3
40351,STU140351,Sai Iyer,Male,17,Bachelor,Employed,Ahmedabad,Mobile,Medium,C108,Excel for Business,Business,Beginner,25,4.1,7,32,98.4,4,4.2,15,6,10.0,5,5,4,92.1,65.9,67.7,1,14-11-2023,Debit Card,Yes,No,3023,49,3,0,5.0,Not Completed,1,0,0,1,2,1,0,1
40352,STU140352,Krishna Patel,Male,26,Master,Student,Kolkata,Mobile,High,C108,Excel for Business,Business,Beginner,25,4.1,3,41,96.1,4,0.5,0,13,4.4,3,7,5,82.5,50.2,54.1,5,20-06-2024,NetBanking,Yes,No,3418,95,0,0,4.2,Completed,1,3,2,1,0,1,0,3
40353,STU140353,Ritika Gupta,Female,24,Bachelor,Student,Vadodara,Mobile,High,C104,Digital Marketing Essentials,Marketing,Beginner,30,4.3,5,27,41.1,0,2.5,2,6,4.1,3,7,6,78.4,82.6,36.5,3,18-06-2024,UPI,Yes,No,3477,97,3,0,4.2,Not Completed,0,0,2,1,0,1,2,5
40354,STU140354,Aditya Mehta,Female,32,Master,Employed,Kolkata,Laptop,Low,C104,Digital Marketing Essentials,Marketing,Beginner,30,4.3,5,38,69.6,3,10.6,14,9,8.8,7,3,6,100.0,60.1,69.4,6,28-12-2024,Scholarship,No,No,1653,61,6,2,4.0,Not Completed,0,3,0,0,1,1,2,4
40355,STU140355,Sai Sharma,Male,31,Bachelor,Employed,Vadodara,Mobile,Medium,C108,Excel for Business,Business,Beginner,25,4.1,4,36,73.5,4,1.5,2,2,5.2,2,8,3,79.8,100.0,42.7,2,23-10-2024,Credit Card,Yes,No,3402,88,2,2,3.3,Not Completed,1,0,0,1,2,1,0,0
40356,STU140356,Ritika Sharma,Female,24,Master,Student,Chennai,Mobile,Medium,C106,Machine Learning A-Z,Programming,Advanced,90,4.6,5,45,55.2,1,3.8,5,9,6.3,5,5,5,54.6,72.4,52.9,2,07-01-2025,Free,No,No,0,88,6,1,2.8,Not Completed,0,3,2,1,2,0,4,2
40357,STU140357,Vivaan Reddy,Female,24,HighSchool,Employed,Vadodara,Laptop,Medium,C108,Excel for Business,Business,Beginner,25,4.1,1,35,39.5,3,0.9,0,3,2.6,4,5,3,68.0,75.2,41.6,2,25-02-2025,Free,No,No,0,58,1,0,2.5,Not Completed,0,2,0,0,2,1,0,2
40358,STU140358,Arjun Iyer,Female,19,Bachelor,Student,Delhi,Laptop,Medium,C107,Statistics for Data Science,Math,Intermediate,50,4.2,7,30,72.1,2,5.4,1,3,6.3,5,5,1,76.5,54.6,58.0,4,25-12-2024,Debit Card,Yes,No,4632,59,1,0,5.0,Not Completed,0,0,2,0,2,2,3,1
40359,STU140359,Rohan Joshi,Female,27,Bachelor,Student,Bengaluru,Laptop,High,C106,Machine Learning A-Z,Programming,Advanced,90,4.6,5,32,59.9,3,0.5,3,2,8.6,3,7,1,66.9,51.2,41.5,2,26-10-2023,Debit Card,Yes,No,6077,81,1,1,3.9,Not Completed,0,0,2,0,0,0,4,1
40360,STU140360,Priya Gupta,Female,34,Diploma,Student,Lucknow,Mobile,High,C102,Data Analysis with Python,Programming,Intermediate,60,4.7,4,34,92.3,0,0.5,5,2,7.7,9,1,5,80.9,79.0,90.3,2,21-02-2025,UPI,Yes,No,5408,96,2,0,4.2,Completed,0,1,2,1,0,2,4,5
40361,STU140361,Kavya Nair,Female,28,Diploma,Student,Surat,Laptop,Medium,C103,Introduction to AI,Programming,Intermediate,75,4.5,5,27,73.5,5,0.5,3,6,5.8,5,5,5,87.1,89.7,60.2,4,07-05-2024,UPI,Yes,No,5408,76,1,1,5.0,Completed,0,1,2,0,2,2,4,5
40362,STU140362,Ananya Patel,Male,34,Master,Student,Lucknow,Mobile,Medium,C101,Python Basics,Programming,Beginner,45,4.6,3,40,76.9,4,9.1,4,5,4.9,6,4,4,100.0,88.5,67.3,2,25-09-2025,Free,No,No,0,90,4,2,3.2,Not Completed,1,3,2,1,2,1,4,2
40363,STU140363,Rahul Iyer,Male,21,Diploma,Student,Lucknow,Tablet,High,C106,Machine Learning A-Z,Programming,Advanced,90,4.6,6,33,36.8,1,13.9,2,4,8.6,3,7,3,41.4,100.0,35.9,4,22-05-2025,Free,No,Yes,0,84,4,1,4.1,Not Completed,1,1,2,2,0,0,4,2
40364,STU140364,Sai Nair,Female,26,PhD,Student,Delhi,Laptop,Medium,C101,Python Basics,Programming,Beginner,45,4.6,8,37,65.3,0,0.5,4,7,10.0,7,3,7,74.8,67.4,68.2,4,26-09-2024,NetBanking,Yes,No,3935,75,6,2,4.0,Completed,0,4,2,0,2,1,4,3
40365,STU140365,Rohan Verma,Male,23,Bachelor,Employed,Pune,Mobile,High,C108,Excel for Business,Business,Beginner,25,4.1,5,32,78.2,5,6.5,2,8,4.8,3,7,6,64.6,84.6,49.6,2,25-06-2025,Debit Card,Yes,Yes,2917,86,0,1,4.9,Not Completed,1,0,0,1,0,1,0,1
40366,STU140366,Rahul Joshi,Female,31,PhD,Employed,Ahmedabad,Mobile,Medium,C106,Machine Learning A-Z,Programming,Advanced,90,4.6,6,63,24.5,2,7.8,10,8,7.1,7,3,2,57.3,68.1,54.0,2,04-05-2024,Credit Card,Yes,No,6680,78,2,1,4.6,Completed,0,4,0,1,2,0,4,0
40367,STU140367,Kavya Mehta,Female,33,Bachelor,Employed,Indore,Laptop,High,C106,Machine Learning A-Z,Programming,Advanced,90,4.6,4,31,77.3,1,1.3,0,4,9.2,4,6,9,72.7,76.8,54.9,1,20-01-2024,Free,No,No,0,66,3,1,3.4,Not Completed,0,0,0,0,0,0,4,2
40368,STU140368,Vihaan Kumar,Male,24,Master,Employed,Bhopal,Mobile,Medium,C101,Python Basics,Programming,Beginner,45,4.6,7,48,62.0,4,3.7,1,9,6.1,6,4,4,61.8,74.6,61.4,1,23-06-2025,Credit Card,Yes,No,4161,51,6,1,4.1,Not Completed,1,3,0,1,2,1,4,0
40369,STU140369,Meera Sharma,Female,20,Master,Student,Bengaluru,Laptop,Medium,C104,Digital Marketing Essentials,Marketing,Beginner,30,4.3,4,47,44.6,1,5.4,3,8,6.9,5,5,7,71.4,46.5,47.9,3,29-11-2023,NetBanking,Yes,No,3677,41,2,0,4.0,Not Completed,0,3,2,0,2,1,2,3
40370,STU140370,Ritika Nair,Male,30,Master,Student,Indore,Mobile,Medium,C102,Data Analysis with Python,Programming,Intermediate,60,4.7,4,19,90.9,3,0.5,4,8,8.8,5,5,2,91.1,80.7,65.9,0,14-12-2023,Debit Card,Yes,No,5202,60,2,0,4.0,Completed,1,3,2,1,2,2,4,1
40371,STU140371,Sai Shah,Female,25,Bachelor,Employed,Chennai,Laptop,High,C103,Introduction to AI,Programming,Intermediate,75,4.5,6,38,77.0,1,0.5,3,8,5.9,3,7,1,80.4,72.8,48.6,0,23-09-2024,UPI,Yes,No,6201,51,4,0,4.4,Not Completed,0,0,0,0,0,2,4,5
40372,STU140372,Rahul Verma,Female,21,Bachelor,Student,Ahmedabad,Tablet,High,C101,Python Basics,Programming,Beginner,45,4.6,5,37,50.2,3,1.5,2,5,4.4,4,6,2,89.6,49.9,44.1,1,23-08-2024,Free,No,No,0,81,3,0,4.4,Not Completed,0,0,2,2,0,1,4,2
40373,STU140373,Vivaan Gupta,Male,29,Bachelor,Unemployed,Vadodara,Mobile,High,C104,Digital Marketing Essentials,Marketing,Beginner,30,4.3,4,14,61.3,2,0.5,3,5,4.8,4,6,5,65.1,58.3,48.4,3,23-03-2025,NetBanking,Yes,No,3848,64,2,3,4.2,Not Completed,1,0,3,1,0,1,2,3
40374,STU140374,Isha Verma,Female,22,Bachelor,Student,Kolkata,Laptop,High,C108,Excel for Business,Business,Beginner,25,4.1,3,55,75.0,4,7.1,2,4,4.4,6,4,2,89.8,55.6,65.0,1,30-11-2023,Debit Card,Yes,No,3427,64,6,1,3.7,Completed,0,0,2,0,0,1,0,1
40375,STU140375,Nikhil Kumar,Male,17,Diploma,Unemployed,Nagpur,Mobile,Medium,C108,Excel for Business,Business,Beginner,25,4.1,7,36,61.4,2,9.5,1,7,7.0,4,6,4,92.5,70.2,49.0,2,24-07-2025,Debit Card,Yes,No,2989,37,3,0,4.5,Completed,1,1,3,1,2,1,0,1
40376,STU140376,Nikhil Singh,Female,26,Bachelor,Student,Indore,Mobile,Medium,C106,Machine Learning A-Z,Programming,Advanced,90,4.6,4,48,54.6,1,0.5,12,3,5.4,3,7,4,76.9,55.8,39.9,2,18-10-2023,UPI,Yes,No,7056,100,5,1,3.7,Not Completed,0,0,2,1,2,0,4,5
40377,STU140377,Isha Desai,Male,24,Master,Employed,Delhi,Mobile,Medium,C102,Data Analysis with Python,Programming,Intermediate,60,4.7,3,29,75.9,2,5.8,1,5,7.3,5,5,3,69.3,46.2,58.9,1,02-01-2024,Credit Card,Yes,Yes,3884,44,2,2,3.2,Completed,1,3,0,1,2,2,4,0
40378,STU140378,Aditya Verma,Female,24,Bachelor,Student,Bhopal,Mobile,Medium,C102,Data Analysis with Python,Programming,Intermediate,60,4.7,8,53,63.1,0,9.4,9,2,5.3,4,6,1,85.7,51.4,48.6,2,25-08-2024,Free,No,Yes,0,35,1,2,5.0,Not Completed,0,0,2,1,2,2,4,2
40379,STU140379,Ananya Singh,Female,21,Bachelor,Employed,Ahmedabad,Mobile,Low,C102,Data Analysis with Python,Programming,Intermediate,60,4.7,2,14,50.5,2,5.4,0,2,7.2,4,6,2,67.2,57.0,44.5,0,17-10-2023,UPI,Yes,No,4641,66,1,1,4.4,Not Completed,0,0,0,1,1,2,4,5
40380,STU140380,Sai Mehta,Female,21,Bachelor,Employed,Delhi,Mobile,Medium,C105,UI/UX Design Fundamentals,Design,Beginner,40,4.4,4,24,34.9,2,0.5,20,2,9.1,2,8,1,53.2,64.8,27.5,5,28-07-2024,Debit Card,Yes,No,4231,48,1,3,2.4,Not Completed,0,0,0,1,2,1,1,1
40381,STU140381,Sai Sharma,Male,31,Bachelor,Employed,Surat,Laptop,Medium,C102,Data Analysis with Python,Programming,Intermediate,60,4.7,8,52,76.1,1,13.6,1,3,5.5,8,2,1,81.6,44.3,76.9,1,26-09-2025,Scholarship,No,No,297,60,4,0,3.4,Completed,1,0,0,0,2,2,4,4
40382,STU140382,Vihaan Kumar,Female,29,Bachelor,Unemployed,Bhopal,Mobile,High,C102,Data Analysis with Python,Programming,Intermediate,60,4.7,5,35,69.2,4,1.4,1,4,6.0,6,4,4,87.1,69.7,63.7,1,08-07-2024,UPI,Yes,No,5282,73,5,0,3.9,Not Completed,0,0,3,1,0,2,4,5
40383,STU140383,Aditya Desai,Female,22,Bachelor,Unemployed,Bhopal,Laptop,Medium,C106,Machine Learning A-Z,Programming,Advanced,90,4.6,5,54,96.3,6,6.3,2,3,3.2,3,7,8,91.7,55.4,54.5,0,15-05-2025,UPI,Yes,No,6469,88,0,0,4.3,Completed,0,0,3,0,2,0,4,5
40384,STU140384,Aditya Kumar,Male,29,PhD,Student,Kolkata,Mobile,Medium,C104,Digital Marketing Essentials,Marketing,Beginner,30,4.3,6,39,83.3,5,2.0,0,7,5.5,5,5,2,84.3,90.4,63.7,1,13-05-2024,Scholarship,No,No,319,84,6,0,3.4,Completed,1,4,2,1,2,1,2,4
40385,STU140385,Sneha Singh,Female,32,Master,Employed,Bhopal,Mobile,Low,C101,Python Basics,Programming,Beginner,45,4.6,6,31,79.4,2,4.4,0,12,4.9,6,4,4,84.2,66.0,67.1,1,12-04-2024,Debit Card,Yes,No,4521,18,2,1,3.3,Completed,0,3,0,1,1,1,4,1
40386,STU140386,Sai Iyer,Female,26,Bachelor,Employed,Surat,Laptop,Low,C101,Python Basics,Programming,Beginner,45,4.6,4,6,86.1,2,0.8,9,5,2.2,4,6,4,48.0,32.7,55.8,2,15-08-2025,UPI,Yes,No,4176,94,1,0,4.6,Not Completed,0,0,0,0,1,1,4,5
40387,STU140387,Neha Kumar,Female,38,Bachelor,Student,Surat,Mobile,Medium,C108,Excel for Business,Business,Beginner,25,4.1,4,29,79.7,0,2.6,10,3,5.0,5,5,2,71.2,23.8,59.1,0,21-04-2024,Debit Card,Yes,Yes,2776,54,0,1,4.5,Completed,0,0,2,1,2,1,0,1
40388,STU140388,Pooja Patel,Female,25,Master,Student,Bengaluru,Mobile,Medium,C108,Excel for Business,Business,Beginner,25,4.1,4,28,88.6,1,0.5,0,3,8.2,3,7,4,70.3,72.8,52.6,3,27-06-2025,Free,No,Yes,0,77,4,2,3.8,Completed,0,3,2,1,2,1,0,2
40389,STU140389,Neha Mehta,Female,24,Bachelor,Employed,Bengaluru,Mobile,High,C102,Data Analysis with Python,Programming,Intermediate,60,4.7,7,34,77.0,4,8.1,8,4,8.1,6,3,3,74.3,57.2,65.8,7,26-11-2024,Scholarship,No,No,1924,33,4,1,5.0,Completed,0,0,0,1,0,2,4,4
40390,STU140390,Vihaan Patel,Male,38,Bachelor,Student,Vadodara,Mobile,High,C104,Digital Marketing Essentials,Marketing,Beginner,30,4.3,3,37,51.1,7,0.5,5,5,8.2,5,5,6,80.6,53.2,50.5,4,18-10-2023,UPI,Yes,No,3517,74,1,0,4.3,Completed,1,0,2,1,0,1,2,5
40391,STU140391,Kavya Mehta,Male,23,Bachelor,Student,Delhi,Laptop,Medium,C103,Introduction to AI,Programming,Intermediate,75,4.5,7,19,44.2,1,0.8,5,8,6.0,4,6,2,84.7,80.8,43.5,1,21-11-2023,Free,No,No,0,62,2,0,4.6,Not Completed,1,0,2,0,2,2,4,2
40392,STU140392,Rohan Nair,Male,40,Master,Student,Vadodara,Laptop,Medium,C106,Machine Learning A-Z,Programming,Advanced,90,4.6,9,25,32.9,0,3.5,2,6,5.2,3,6,4,82.2,44.9,31.8,3,25-05-2024,UPI,Yes,No,6745,35,0,1,3.9,Not Completed,1,3,2,0,2,0,4,5
40393,STU140393,Neha Sharma,Female,26,Bachelor,Employed,Ahmedabad,Mobile,Low,C103,Introduction to AI,Programming,Intermediate,75,4.5,5,41,79.7,4,2.6,8,7,3.2,2,7,3,61.1,81.6,44.0,2,20-08-2024,NetBanking,Yes,No,5909,79,3,0,4.4,Not Completed,0,0,0,1,1,2,4,3
40394,STU140394,Rohan Mehta,Female,33,Bachelor,Student,Mumbai,Mobile,Medium,C102,Data Analysis with Python,Programming,Intermediate,60,4.7,9,42,59.5,1,3.5,11,0,5.3,3,7,4,46.2,40.5,40.8,1,30-05-2024,Credit Card,Yes,No,5440,52,0,1,3.0,Not Completed,0,0,2,1,2,2,4,0
40395,STU140395,Aarav Reddy,Male,22,HighSchool,Student,Ahmedabad,Mobile,High,C102,Data Analysis with Python,Programming,Intermediate,60,4.7,5,19,69.0,1,11.5,0,4,8.6,2,8,6,75.7,59.8,39.1,1,16-01-2025,Credit Card,Yes,No,5311,75,3,0,5.0,Completed,1,2,2,1,0,2,4,0
40396,STU140396,Ritika Patel,Male,17,Bachelor,Employed,Mumbai,Mobile,Low,C102,Data Analysis with Python,Programming,Intermediate,60,4.7,4,35,77.6,4,6.2,0,5,8.4,2,8,0,78.5,42.8,41.3,0,10-09-2025,Free,No,No,0,45,1,4,3.3,Not Completed,1,0,0,1,1,2,4,2
40397,STU140397,Meera Mehta,Male,17,Bachelor,Student,Ahmedabad,Mobile,Low,C102,Data Analysis with Python,Programming,Intermediate,60,4.7,5,40,82.8,0,3.3,2,5,7.6,3,7,6,75.5,87.5,51.3,2,22-01-2025,UPI,Yes,No,5094,91,0,2,5.0,Completed,1,0,2,1,1,2,4,5
40398,STU140398,Vihaan Desai,Female,31,Bachelor,Student,Nagpur,Laptop,Medium,C108,Excel for Business,Business,Beginner,25,4.1,6,27,58.7,4,0.5,8,9,8.6,7,3,8,73.2,85.4,66.8,3,16-12-2023,Credit Card,Yes,No,3304,62,4,0,3.7,Completed,0,0,2,0,2,1,0,0
40399,STU140399,Sneha Verma,Female,22,Bachelor,Employed,Jaipur,Laptop,Medium,C101,Python Basics,Programming,Beginner,45,4.6,6,39,82.0,1,6.8,3,6,10.0,5,5,8,74.3,79.2,62.7,1,12-03-2025,Credit Card,Yes,No,4108,48,1,2,4.1,Not Completed,0,0,0,0,2,1,4,0
40400,STU140400,Sneha Patel,Male,34,Bachelor,Employed,Hyderabad,Mobile,Medium,C106,Machine Learning A-Z,Programming,Advanced,90,4.6,2,41,34.9,3,0.5,6,6,3.1,4,6,7,77.2,37.0,38.1,1,14-01-2025,Debit Card,Yes,Yes,5753,66,1,2,4.7,Completed,1,0,0,1,2,0,4,1
40401,STU140401,Sai Mehta,Female,26,Bachelor,Self-Employed,Lucknow,Mobile,Medium,C101,Python Basics,Programming,Beginner,45,4.6,3,32,70.9,3,4.7,5,0,8.4,4,6,3,89.2,55.0,51.6,6,06-07-2025,Debit Card,Yes,No,4454,93,4,0,4.2,Completed,0,0,1,1,2,1,4,1
40402,STU140402,Kavya Sharma,Female,23,Master,Student,Lucknow,Mobile,Low,C101,Python Basics,Programming,Beginner,45,4.6,4,21,81.4,3,3.1,1,3,10.0,4,6,5,83.4,66.7,55.8,3,20-02-2025,Debit Card,Yes,No,4383,51,1,0,5.0,Completed,0,3,2,1,1,1,4,1
40403,STU140403,Rahul Kumar,Male,37,Master,Student,Delhi,Laptop,Medium,C102,Data Analysis with Python,Programming,Intermediate,60,4.7,3,25,28.4,0,2.7,8,4,7.6,8,2,6,57.9,72.4,61.6,1,11-03-2025,NetBanking,Yes,No,4500,59,0,0,3.8,Completed,1,3,2,0,2,2,4,3
40404,STU140404,Kavya Shah,Female,31,PhD,Student,Mumbai,Mobile,Low,C103,Introduction to AI,Programming,Intermediate,75,4.5,3,13,38.8,0,0.5,0,5,4.2,5,5,1,71.9,60.8,46.6,3,06-04-2024,Credit Card,Yes,No,5362,58,0,2,4.7,Not Completed,0,4,2,1,1,2,4,0
40405,STU140405,Isha Shah,Male,18,Bachelor,Employed,Delhi,Laptop,Medium,C108,Excel for Business,Business,Beginner,25,4.1,3,40,82.7,5,6.7,6,5,7.6,5,5,6,82.1,58.6,61.9,3,29-03-2025,Free,No,No,0,89,4,0,3.7,Completed,1,0,0,0,2,1,0,2
40406,STU140406,Vihaan Iyer,Male,20,Bachelor,Self-Employed,Delhi,Tablet,Low,C101,Python Basics,Programming,Beginner,45,4.6,6,28,57.8,1,0.5,3,3,10.0,6,4,5,84.3,41.9,58.3,3,10-04-2024,Credit Card,Yes,Yes,3748,53,2,1,4.3,Completed,1,0,1,2,1,1,4,0
40407,STU140407,Arjun Singh,Female,24,Master,Employed,Chennai,Mobile,High,C102,Data Analysis with Python,Programming,Intermediate,60,4.7,7,49,53.6,3,15.2,1,6,9.3,7,3,6,55.9,58.3,63.7,3,01-10-2024,Debit Card,Yes,No,5227,30,1,0,3.2,Not Completed,0,3,0,1,0,2,4,1
40408,STU140408,Neha Shah,Female,32,HighSchool,Student,Jaipur,Tablet,High,C105,UI/UX Design Fundamentals,Design,Beginner,40,4.4,4,26,54.0,1,0.5,0,0,7.1,5,5,5,92.3,96.3,53.7,1,16-01-2025,Credit Card,Yes,No,4276,64,4,0,3.8,Completed,0,2,2,2,0,1,1,0
40409,STU140409,Kavya Gupta,Female,26,Bachelor,Employed,Bengaluru,Mobile,Medium,C102,Data Analysis with Python,Programming,Intermediate,60,4.7,5,49,73.6,5,0.5,1,3,5.5,5,5,8,81.0,48.9,58.2,2,01-11-2023,UPI,Yes,Yes,3991,40,4,0,2.8,Completed,0,0,0,1,2,2,4,5
40410,STU140410,Vihaan Verma,Male,32,Diploma,Unemployed,Pune,Mobile,High,C107,Statistics for Data Science,Math,Intermediate,50,4.2,7,39,74.3,2,2.6,33,10,9.0,6,3,5,100.0,62.2,65.1,5,26-05-2024,Credit Card,Yes,No,4548,100,1,0,3.4,Not Completed,1,1,3,1,0,2,3,0
40411,STU140411,Sakshi Joshi,Female,30,Bachelor,Self-Employed,Bengaluru,Mobile,Low,C102,Data Analysis with Python,Programming,Intermediate,60,4.7,6,43,61.9,2,2.5,3,9,6.1,3,6,2,60.7,50.0,42.1,4,28-02-2024,Debit Card,Yes,No,5069,72,4,0,3.0,Not Completed,0,0,1,1,1,2,4,1
40412,STU140412,Aditya Kumar,Male,29,Bachelor,Employed,Jaipur,Mobile,Medium,C106,Machine Learning A-Z,Programming,Advanced,90,4.6,4,20,37.5,2,0.5,7,6,6.7,3,7,4,68.5,64.5,34.3,3,27-12-2023,Free,No,No,0,49,2,0,5.0,Not Completed,1,0,0,1,2,0,4,2
40413,STU140413,Neha Gupta,Male,17,Bachelor,Employed,Nagpur,Laptop,Medium,C107,Statistics for Data Science,Math,Intermediate,50,4.2,4,19,86.4,6,0.5,1,4,6.8,4,6,7,84.4,69.5,57.7,1,24-09-2025,NetBanking,Yes,Yes,3506,78,1,3,3.6,Completed,1,0,0,0,2,2,3,3
40414,STU140414,Arjun Iyer,Male,30,Bachelor,Student,Bhopal,Mobile,Low,C104,Digital Marketing Essentials,Marketing,Beginner,30,4.3,4,32,89.6,4,8.4,0,7,8.1,7,3,5,66.0,72.2,77.0,4,08-10-2024,Scholarship,No,No,1631,22,2,1,5.0,Completed,1,0,2,1,1,1,2,4
40415,STU140415,Aarav Mehta,Female,17,HighSchool,Student,Ahmedabad,Mobile,Medium,C108,Excel for Business,Business,Beginner,25,4.1,4,44,67.3,3,0.5,5,6,6.0,3,7,2,59.4,59.3,44.5,1,04-01-2024,UPI,Yes,No,3244,59,4,1,4.2,Not Completed,0,2,2,1,2,1,0,5
40416,STU140416,Vivaan Nair,Male,22,Master,Student,Surat,Laptop,Medium,C104,Digital Marketing Essentials,Marketing,Beginner,30,4.3,5,41,37.5,4,10.3,2,9,8.6,8,2,6,94.4,100.0,66.1,4,21-07-2024,UPI,Yes,No,3305,92,1,1,5.0,Not Completed,1,3,2,0,2,1,2,5
40417,STU140417,Krishna Patel,Male,21,Bachelor,Student,Ahmedabad,Mobile,Medium,C104,Digital Marketing Essentials,Marketing,Beginner,30,4.3,7,27,72.5,2,13.3,3,2,8.7,4,6,3,81.8,74.5,53.1,4,01-02-2025,Scholarship,No,No,1591,35,2,1,5.0,Completed,1,0,2,1,2,1,2,4
40418,STU140418,Arjun Iyer,Female,23,Bachelor,Employed,Jaipur,Laptop,Medium,C108,Excel for Business,Business,Beginner,25,4.1,3,24,53.5,4,8.0,1,6,3.1,3,7,2,97.3,68.6,40.2,1,28-06-2025,Scholarship,No,No,959,59,2,0,5.0,Completed,0,0,0,0,2,1,0,4
40419,STU140419,Neha Bose,Female,32,Diploma,Employed,Bengaluru,Mobile,Medium,C101,Python Basics,Programming,Beginner,45,4.6,1,34,80.6,1,0.5,0,3,7.6,4,6,4,60.4,64.8,55.5,0,12-12-2023,Debit Card,Yes,No,4421,46,3,0,3.9,Completed,0,1,0,1,2,1,4,1
40420,STU140420,Arjun Verma,Male,17,Bachelor,Employed,Nagpur,Mobile,Low,C103,Introduction to AI,Programming,Intermediate,75,4.5,3,5,94.0,3,0.5,18,6,8.0,6,4,2,51.5,87.6,73.3,0,18-06-2025,Debit Card,Yes,No,5554,75,2,1,5.0,Completed,1,0,0,1,1,2,4,1
40421,STU140421,Vihaan Bhardwaj,Other,25,Master,Student,Indore,Mobile,Medium,C102,Data Analysis with Python,Programming,Intermediate,60,4.7,5,43,45.0,6,6.5,0,9,5.8,7,3,2,79.9,91.6,62.3,1,13-03-2024,UPI,Yes,No,4976,75,1,0,5.0,Completed,2,3,2,1,2,2,4,5
40422,STU140422,Kavya Shah,Male,37,Bachelor,Employed,Vadodara,Mobile,Medium,C106,Machine Learning A-Z,Programming,Advanced,90,4.6,3,29,52.0,2,0.5,3,4,3.7,6,4,7,96.7,54.1,56.9,2,24-07-2025,NetBanking,Yes,No,7062,77,0,0,4.8,Not Completed,1,0,0,1,2,0,4,3
40423,STU140423,Nikhil Kumar,Male,32,Bachelor,Employed,Ahmedabad,Mobile,Low,C102,Data Analysis with Python,Programming,Intermediate,60,4.7,7,30,63.7,0,1.6,17,5,6.9,3,7,0,72.5,61.1,43.3,4,04-11-2024,Credit Card,Yes,Yes,4337,100,4,1,3.8,Completed,1,0,0,1,1,2,4,0
40424,STU140424,Ritika Joshi,Male,18,Bachelor,Student,Delhi,Mobile,Medium,C105,UI/UX Design Fundamentals,Design,Beginner,40,4.4,1,10,77.3,2,2.7,4,7,6.7,2,8,2,55.4,26.9,40.4,0,21-09-2024,Credit Card,Yes,No,4027,73,0,1,3.9,Not Completed,1,0,2,1,2,1,1,0
40425,STU140425,Neha Bhardwaj,Female,29,Master,Employed,Hyderabad,Laptop,Medium,C107,Statistics for Data Science,Math,Intermediate,50,4.2,5,35,73.3,1,0.5,0,3,7.0,7,3,4,75.5,75.9,71.4,2,09-06-2025,UPI,Yes,No,4484,78,2,1,2.8,Completed,0,3,0,0,2,2,3,5
40426,STU140426,Priya Mehta,Male,32,Bachelor,Employed,Chennai,Laptop,Low,C104,Digital Marketing Essentials,Marketing,Beginner,30,4.3,2,33,85.2,0,0.5,4,4,5.8,7,3,2,73.2,63.6,75.0,0,05-06-2024,UPI,Yes,No,3306,57,2,3,4.2,Completed,1,0,0,0,1,1,2,5
40427,STU140427,Rohan Kumar,Female,24,Bachelor,Student,Pune,Mobile,Medium,C102,Data Analysis with Python,Programming,Intermediate,60,4.7,2,28,70.2,3,5.7,13,3,8.4,4,6,4,71.5,71.6,52.2,2,03-07-2025,UPI,Yes,No,4884,83,2,2,4.1,Not Completed,0,0,2,1,2,2,4,5
40428,STU140428,Kavya Mehta,Male,37,Master,Student,Mumbai,Laptop,Medium,C105,UI/UX Design Fundamentals,Design,Beginner,40,4.4,10,38,63.1,4,14.5,1,8,9.2,8,2,2,74.2,82.5,74.2,2,30-12-2023,Debit Card,Yes,No,3808,85,1,0,4.2,Completed,1,3,2,0,2,1,1,1
40429,STU140429,Arjun Bhardwaj,Male,21,Master,Student,Kolkata,Mobile,Medium,C104,Digital Marketing Essentials,Marketing,Beginner,30,4.3,5,43,58.3,0,1.3,0,1,5.9,3,7,4,64.2,60.1,41.4,0,24-09-2024,UPI,Yes,No,3497,85,3,2,5.0,Not Completed,1,3,2,1,2,1,2,5
40430,STU140430,Arjun Nair,Male,26,Bachelor,Student,Delhi,Laptop,High,C104,Digital Marketing Essentials,Marketing,Beginner,30,4.3,4,38,66.5,3,3.4,10,4,4.6,6,3,9,86.3,100.0,64.3,6,27-02-2024,Credit Card,Yes,No,3743,82,5,2,4.1,Not Completed,1,0,2,0,0,1,2,0
40431,STU140431,Isha Desai,Female,30,PhD,Student,Chennai,Mobile,High,C108,Excel for Business,Business,Beginner,25,4.1,5,36,53.1,3,6.8,4,7,4.4,6,4,4,76.7,82.0,58.7,1,20-12-2024,UPI,Yes,No,3521,60,1,0,2.7,Completed,0,4,2,1,0,1,0,5
40432,STU140432,Rahul Joshi,Female,34,HighSchool,Employed,Vadodara,Tablet,High,C107,Statistics for Data Science,Math,Intermediate,50,4.2,4,33,71.0,2,7.0,2,9,3.7,3,7,5,66.0,82.4,47.0,1,11-10-2024,NetBanking,Yes,No,4555,75,1,2,4.2,Not Completed,0,2,0,2,0,2,3,3
40433,STU140433,Nikhil Verma,Female,29,HighSchool,Student,Chennai,Mobile,High,C103,Introduction to AI,Programming,Intermediate,75,4.5,6,42,60.7,3,2.4,8,3,3.4,3,7,3,75.2,43.7,41.4,3,14-01-2025,Credit Card,Yes,No,5318,81,2,0,4.5,Not Completed,0,2,2,1,0,2,4,0
40434,STU140434,Sai Iyer,Female,22,Bachelor,Student,Delhi,Tablet,High,C108,Excel for Business,Business,Beginner,25,4.1,5,44,63.0,3,0.5,0,3,7.8,7,3,2,91.3,68.3,67.5,0,20-01-2024,Free,No,No,0,69,4,0,5.0,Not Completed,0,0,2,2,0,1,0,2
40435,STU140435,Kavya Bose,Male,22,HighSchool,Student,Bengaluru,Laptop,High,C101,Python Basics,Programming,Beginner,45,4.6,6,25,73.5,4,3.9,3,8,6.3,4,6,1,47.8,91.4,54.3,2,14-11-2023,Credit Card,Yes,No,4375,73,1,1,4.2,Completed,1,2,2,0,0,1,4,0
40436,STU140436,Arjun Nair,Male,17,Bachelor,Student,Kolkata,Tablet,High,C103,Introduction to AI,Programming,Intermediate,75,4.5,3,20,32.5,1,0.5,5,4,8.0,1,9,3,82.2,65.4,20.6,3,22-08-2024,NetBanking,Yes,No,5872,54,2,1,2.7,Completed,1,0,2,2,0,2,4,3
40437,STU140437,Aditya Bose,Female,22,Bachelor,Student,Mumbai,Tablet,Medium,C101,Python Basics,Programming,Beginner,45,4.6,5,56,68.1,4,7.1,1,7,7.0,3,7,6,66.0,51.0,44.4,4,23-04-2025,Free,No,Yes,0,66,1,0,4.1,Not Completed,0,0,2,2,2,1,4,2
40438,STU140438,Sneha Verma,Female,17,Diploma,Unemployed,Chennai,Tablet,Medium,C104,Digital Marketing Essentials,Marketing,Beginner,30,4.3,8,48,67.4,6,1.5,2,3,5.4,7,3,7,100.0,66.9,68.9,3,27-04-2024,Debit Card,Yes,No,3484,63,6,0,3.4,Not Completed,0,1,3,2,2,1,2,1
40439,STU140439,Rahul Bhardwaj,Female,26,Master,Employed,Hyderabad,Mobile,Medium,C101,Python Basics,Programming,Beginner,45,4.6,3,36,75.0,2,0.5,4,4,7.4,2,8,1,70.7,82.1,42.4,1,06-02-2025,Free,No,No,0,76,3,1,5.0,Not Completed,0,3,0,1,2,1,4,2
40440,STU140440,Vihaan Shah,Male,27,HighSchool,Student,Delhi,Laptop,High,C101,Python Basics,Programming,Beginner,45,4.6,5,48,26.6,3,7.5,6,6,6.1,2,8,6,66.6,84.4,25.5,0,23-06-2025,Credit Card,Yes,No,4384,52,0,1,2.0,Completed,1,2,2,0,0,1,4,0
40441,STU140441,Ritika Singh,Female,25,Master,Student,Kolkata,Mobile,High,C105,UI/UX Design Fundamentals,Design,Beginner,40,4.4,3,48,39.8,3,11.2,1,6,6.1,8,2,3,63.4,72.4,65.6,4,25-05-2024,Debit Card,Yes,No,4236,37,4,1,4.0,Completed,0,3,2,1,0,1,1,1
40442,STU140442,Krishna Reddy,Male,24,Master,Employed,Bhopal,Laptop,Medium,C104,Digital Marketing Essentials,Marketing,Beginner,30,4.3,3,35,64.8,1,0.5,3,4,7.7,6,3,2,92.9,62.0,61.8,2,02-10-2024,UPI,Yes,Yes,2749,60,0,2,3.0,Not Completed,1,3,0,0,2,1,2,5
40443,STU140443,Priya Nair,Male,31,Bachelor,Employed,Bengaluru,Laptop,Low,C102,Data Analysis with Python,Programming,Intermediate,60,4.7,3,30,62.9,1,4.7,2,2,9.6,5,4,5,74.2,58.3,54.9,6,09-06-2025,Free,No,No,0,69,3,0,3.1,Completed,1,0,0,0,1,2,4,2
40444,STU140444,Neha Nair,Female,32,Bachelor,Employed,Hyderabad,Mobile,High,C105,UI/UX Design Fundamentals,Design,Beginner,40,4.4,2,31,50.5,3,0.5,1,6,6.9,6,4,3,70.8,59.8,56.7,6,06-04-2025,UPI,Yes,Yes,3417,62,1,0,3.2,Completed,0,0,0,1,0,1,1,5
40445,STU140445,Krishna Shah,Male,32,Bachelor,Student,Mumbai,Laptop,Low,C104,Digital Marketing Essentials,Marketing,Beginner,30,4.3,4,39,94.6,3,3.4,7,6,6.4,6,4,2,78.5,39.5,71.1,5,28-08-2024,Credit Card,Yes,No,3275,64,2,3,4.0,Completed,1,0,2,0,1,1,2,0
40446,STU140446,Arjun Kumar,Male,19,Bachelor,Student,Delhi,Laptop,Low,C107,Statistics for Data Science,Math,Intermediate,50,4.2,3,22,69.8,3,2.2,2,3,10.0,4,6,4,44.7,59.6,51.4,2,08-07-2024,Debit Card,Yes,No,4390,56,2,0,4.6,Completed,1,0,2,0,1,2,3,1
40447,STU140447,Vihaan Bhardwaj,Male,17,Master,Employed,Lucknow,Mobile,High,C101,Python Basics,Programming,Beginner,45,4.6,4,50,49.8,1,2.6,5,2,7.9,3,7,3,89.9,65.0,38.7,2,03-06-2025,Scholarship,No,No,1806,66,7,2,5.0,Not Completed,1,3,0,1,0,1,4,4
40448,STU140448,Krishna Shah,Female,36,HighSchool,Student,Lucknow,Laptop,High,C103,Introduction to AI,Programming,Intermediate,75,4.5,4,20,74.8,5,5.6,11,5,8.1,4,6,0,81.6,77.5,54.1,2,07-03-2025,Debit Card,Yes,No,5307,96,6,3,3.3,Completed,0,2,2,0,0,2,4,1
40449,STU140449,Isha Sharma,Male,29,Master,Employed,Pune,Mobile,Medium,C107,Statistics for Data Science,Math,Intermediate,50,4.2,3,39,74.3,0,0.5,6,7,3.7,5,5,2,57.1,65.2,59.3,2,26-06-2024,Free,No,Yes,0,80,4,1,5.0,Not Completed,1,3,0,1,2,2,3,2
40450,STU140450,Rahul Desai,Female,32,Master,Self-Employed,Delhi,Mobile,High,C105,UI/UX Design Fundamentals,Design,Beginner,40,4.4,2,30,52.6,0,3.3,3,2,4.7,5,5,4,78.9,76.6,52.2,1,30-07-2025,UPI,Yes,No,3932,73,4,0,4.9,Not Completed,0,3,1,1,0,1,1,5
40451,STU140451,Ritika Bose,Female,28,Bachelor,Employed,Indore,Mobile,Medium,C101,Python Basics,Programming,Beginner,45,4.6,3,39,70.6,0,2.8,4,2,8.1,6,4,3,81.5,78.7,64.6,0,25-10-2023,Free,No,No,0,80,3,2,4.7,Not Completed,0,0,0,1,2,1,4,2
40452,STU140452,Kavya Reddy,Male,28,Master,Student,Nagpur,Mobile,Low,C108,Excel for Business,Business,Beginner,25,4.1,5,32,62.7,3,1.9,10,1,5.5,5,5,5,100.0,99.9,56.9,3,11-04-2025,Debit Card,Yes,No,3339,45,1,0,4.5,Not Completed,1,3,2,1,1,1,0,1
40453,STU140453,Sneha Sharma,Male,27,Bachelor,Employed,Hyderabad,Laptop,High,C103,Introduction to AI,Programming,Intermediate,75,4.5,6,24,23.0,1,4.4,2,4,4.1,4,6,6,87.1,62.1,35.2,4,23-10-2023,NetBanking,Yes,Yes,4608,74,0,1,3.0,Not Completed,1,0,0,0,0,2,4,3
40454,STU140454,Rahul Reddy,Female,34,HighSchool,Employed,Kolkata,Mobile,Medium,C104,Digital Marketing Essentials,Marketing,Beginner,30,4.3,1,50,57.0,2,2.1,5,2,6.5,5,4,6,69.1,52.7,52.6,3,22-06-2025,UPI,Yes,No,3570,43,0,1,4.2,Completed,0,2,0,1,2,1,2,5
40455,STU140455,Arjun Patel,Female,21,Master,Self-Employed,Ahmedabad,Laptop,Medium,C104,Digital Marketing Essentials,Marketing,Beginner,30,4.3,6,35,82.0,4,2.9,0,7,8.1,5,5,11,86.7,77.0,62.6,7,14-11-2024,Credit Card,Yes,Yes,2883,72,3,2,5.0,Completed,0,3,1,0,2,1,2,0
40456,STU140456,Aarav Bhardwaj,Male,22,Diploma,Student,Bengaluru,Mobile,High,C102,Data Analysis with Python,Programming,Intermediate,60,4.7,7,17,78.3,5,0.5,0,3,4.9,9,1,4,74.6,54.1,84.1,1,18-09-2025,NetBanking,Yes,No,4621,72,4,2,4.2,Completed,1,1,2,1,0,2,4,3
40457,STU140457,Aarav Desai,Male,25,Diploma,Student,Delhi,Mobile,High,C101,Python Basics,Programming,Beginner,45,4.6,3,26,80.0,2,0.5,0,4,7.2,6,4,2,78.8,56.2,66.8,2,15-03-2025,Debit Card,Yes,No,3870,64,2,3,4.7,Completed,1,1,2,1,0,1,4,1
40458,STU140458,Arjun Gupta,Male,31,Bachelor,Student,Bengaluru,Laptop,Medium,C104,Digital Marketing Essentials,Marketing,Beginner,30,4.3,2,50,88.9,5,0.5,3,4,6.1,5,5,5,81.7,72.3,64.7,3,19-07-2025,Free,No,No,0,70,2,0,5.0,Not Completed,1,0,2,0,2,1,2,2
40459,STU140459,Neha Desai,Female,17,Bachelor,Unemployed,Bengaluru,Laptop,Medium,C106,Machine Learning A-Z,Programming,Advanced,90,4.6,3,33,75.2,2,0.5,4,8,7.1,4,6,4,72.6,74.5,54.0,4,13-09-2024,Free,No,No,0,89,1,2,4.1,Not Completed,0,0,3,0,2,0,4,2
40460,STU140460,Krishna Iyer,Male,26,HighSchool,Employed,Bhopal,Mobile,High,C101,Python Basics,Programming,Beginner,45,4.6,4,32,35.1,3,4.0,10,3,6.9,6,3,2,75.3,51.6,50.9,4,15-03-2025,UPI,Yes,No,4228,98,3,0,3.9,Completed,1,2,0,1,0,1,4,5
40461,STU140461,Rohan Desai,Female,24,Bachelor,Student,Hyderabad,Laptop,Low,C103,Introduction to AI,Programming,Intermediate,75,4.5,4,23,45.4,2,0.5,7,3,3.5,5,5,3,93.1,62.7,49.0,1,31-01-2025,Credit Card,Yes,No,5812,46,2,3,3.2,Not Completed,0,0,2,0,1,2,4,0
40462,STU140462,Pooja Mehta,Male,19,PhD,Employed,Jaipur,Tablet,Medium,C108,Excel for Business,Business,Beginner,25,4.1,4,56,42.4,3,0.5,14,5,8.0,6,4,1,83.6,43.6,53.0,1,26-07-2024,UPI,Yes,No,3573,75,1,0,4.0,Not Completed,1,4,0,2,2,1,0,5
40463,STU140463,Sneha Verma,Male,24,Diploma,Employed,Delhi,Mobile,High,C101,Python Basics,Programming,Beginner,45,4.6,4,36,59.2,1,12.3,2,11,6.0,6,4,3,83.2,68.5,60.1,3,16-03-2025,UPI,Yes,No,4466,60,2,2,3.8,Completed,1,1,0,1,0,1,4,5
40464,STU140464,Vivaan Joshi,Female,24,Diploma,Employed,Lucknow,Mobile,High,C107,Statistics for Data Science,Math,Intermediate,50,4.2,9,36,97.0,4,3.2,4,2,6.0,6,4,4,65.8,62.0,73.0,4,24-02-2024,UPI,Yes,Yes,3456,71,2,1,3.9,Not Completed,0,1,0,1,0,2,3,5
40465,STU140465,Meera Reddy,Male,20,Diploma,Student,Mumbai,Laptop,High,C106,Machine Learning A-Z,Programming,Advanced,90,4.6,5,24,79.9,5,12.3,1,6,8.2,3,7,4,62.9,53.6,48.6,2,29-06-2024,Free,No,No,0,75,1,1,3.3,Completed,1,1,2,0,0,0,4,2
40466,STU140466,Sneha Bhardwaj,Female,18,Master,Self-Employed,Chennai,Mobile,Medium,C104,Digital Marketing Essentials,Marketing,Beginner,30,4.3,3,34,22.3,4,9.4,1,6,5.2,6,4,1,69.3,82.2,47.9,3,16-02-2024,UPI,Yes,No,3504,67,4,2,3.6,Not Completed,0,3,1,1,2,1,2,5
40467,STU140467,Priya Patel,Other,28,Master,Student,Mumbai,Laptop,High,C108,Excel for Business,Business,Beginner,25,4.1,2,23,60.2,2,0.5,14,1,7.0,6,4,1,69.3,57.3,59.9,0,03-09-2025,Debit Card,Yes,No,3473,88,1,1,3.9,Completed,2,3,2,0,0,1,0,1
40468,STU140468,Pooja Bhardwaj,Female,21,HighSchool,Unemployed,Vadodara,Laptop,Medium,C103,Introduction to AI,Programming,Intermediate,75,4.5,5,37,53.1,2,2.4,9,4,10.0,5,5,8,69.1,57.9,51.5,3,11-04-2024,Credit Card,Yes,No,5944,57,3,0,4.9,Not Completed,0,2,3,0,2,2,4,0
40469,STU140469,Kavya Sharma,Female,33,Master,Employed,Indore,Laptop,High,C101,Python Basics,Programming,Beginner,45,4.6,4,43,67.6,5,12.5,13,6,10.0,5,5,5,65.1,100.0,58.7,2,18-10-2023,Free,No,No,0,87,3,1,4.4,Completed,0,3,0,0,0,1,4,2
40470,STU140470,Vivaan Verma,Male,29,Bachelor,Unemployed,Chennai,Laptop,Low,C106,Machine Learning A-Z,Programming,Advanced,90,4.6,4,31,44.4,1,0.5,11,1,7.2,4,6,5,65.2,68.5,43.0,2,23-05-2025,Scholarship,No,No,659,94,0,0,3.5,Not Completed,1,0,3,0,1,0,4,4
40471,STU140471,Neha Shah,Female,30,Bachelor,Student,Jaipur,Mobile,Low,C108,Excel for Business,Business,Beginner,25,4.1,4,31,76.1,1,0.5,1,8,6.5,5,5,2,44.2,94.2,61.4,1,15-11-2024,Credit Card,Yes,No,3480,71,1,1,2.5,Not Completed,0,0,2,1,1,1,0,0
40472,STU140472,Meera Reddy,Female,18,Master,Student,Lucknow,Mobile,Low,C107,Statistics for Data Science,Math,Intermediate,50,4.2,3,29,87.8,3,0.5,24,6,4.7,4,6,4,57.6,44.1,56.9,4,01-04-2024,NetBanking,Yes,No,4601,91,1,0,3.3,Not Completed,0,3,2,1,1,2,3,3
40473,STU140473,Priya Bhardwaj,Male,27,Bachelor,Employed,Bhopal,Tablet,Medium,C107,Statistics for Data Science,Math,Intermediate,50,4.2,6,41,94.6,4,7.3,3,8,5.5,3,7,4,75.2,53.2,53.8,3,06-04-2025,Free,No,No,0,61,2,0,2.3,Completed,1,0,0,2,2,2,3,2
40474,STU140474,Sai Mehta,Female,28,Bachelor,Student,Jaipur,Mobile,High,C105,UI/UX Design Fundamentals,Design,Beginner,40,4.4,3,41,61.7,3,0.5,5,5,5.9,4,6,7,70.7,75.8,49.4,2,15-02-2025,Credit Card,Yes,No,3648,93,4,0,4.9,Not Completed,0,0,2,1,0,1,1,0
40475,STU140475,Priya Shah,Female,26,Bachelor,Student,Chennai,Mobile,High,C108,Excel for Business,Business,Beginner,25,4.1,8,39,77.8,4,10.7,8,2,6.7,2,8,5,51.2,57.8,42.1,5,04-04-2025,Credit Card,Yes,No,3443,60,2,0,3.9,Not Completed,0,0,2,1,0,1,0,0
40476,STU140476,Rohan Desai,Male,25,Bachelor,Unemployed,Nagpur,Mobile,High,C102,Data Analysis with Python,Programming,Intermediate,60,4.7,3,38,45.1,3,0.5,1,1,7.1,4,6,1,77.9,55.6,42.6,4,04-10-2025,UPI,Yes,No,5251,30,1,0,3.3,Not Completed,1,0,3,1,0,2,4,5
40477,STU140477,Sneha Bose,Female,17,PhD,Employed,Hyderabad,Mobile,Low,C107,Statistics for Data Science,Math,Intermediate,50,4.2,4,28,69.7,2,0.5,11,2,8.3,5,4,4,69.9,30.9,55.9,2,27-07-2025,Debit Card,Yes,No,4630,100,1,2,4.1,Completed,0,4,0,1,1,2,3,1
40478,STU140478,Sneha Iyer,Female,35,Master,Student,Kolkata,Mobile,Low,C104,Digital Marketing Essentials,Marketing,Beginner,30,4.3,5,37,47.0,2,2.9,0,10,5.1,7,3,2,64.5,92.3,63.1,0,28-09-2024,Free,No,No,0,44,3,1,4.8,Completed,0,3,2,1,1,1,2,2
40479,STU140479,Ritika Desai,Female,28,Bachelor,Self-Employed,Lucknow,Mobile,Medium,C103,Introduction to AI,Programming,Intermediate,75,4.5,7,19,42.9,0,0.5,2,2,4.4,4,6,6,91.2,64.6,42.2,3,10-03-2024,Credit Card,Yes,Yes,5152,81,2,0,4.0,Not Completed,0,0,1,1,2,2,4,0
40480,STU140480,Vivaan Singh,Female,21,Bachelor,Student,Hyderabad,Mobile,Medium,C103,Introduction to AI,Programming,Intermediate,75,4.5,5,32,76.4,2,2.0,7,5,5.7,3,7,2,54.0,56.1,47.5,2,13-04-2024,NetBanking,Yes,No,6031,84,1,0,4.6,Not Completed,0,0,2,1,2,2,4,3
40481,STU140481,Ananya Shah,Female,20,Bachelor,Student,Nagpur,Tablet,Medium,C106,Machine Learning A-Z,Programming,Advanced,90,4.6,4,37,55.9,1,3.9,8,2,5.3,1,9,2,85.4,58.9,28.5,3,17-07-2025,Credit Card,Yes,Yes,5389,61,3,3,5.0,Not Completed,0,0,2,2,2,0,4,0
40482,STU140482,Aarav Singh,Male,17,Bachelor,Student,Ahmedabad,Mobile,Medium,C108,Excel for Business,Business,Beginner,25,4.1,5,19,77.6,3,0.5,12,5,1.7,3,6,4,56.0,90.2,49.7,3,04-12-2023,Free,No,No,0,49,3,0,3.9,Not Completed,1,0,2,1,2,1,0,2
40483,STU140483,Meera Desai,Female,21,Master,Employed,Vadodara,Mobile,High,C102,Data Analysis with Python,Programming,Intermediate,60,4.7,6,30,51.8,3,5.3,0,10,7.8,4,6,5,82.2,60.8,45.2,1,27-11-2023,Free,No,Yes,0,29,3,0,4.0,Not Completed,0,3,0,1,0,2,4,2
40484,STU140484,Aarav Iyer,Female,17,Bachelor,Unemployed,Mumbai,Laptop,Medium,C108,Excel for Business,Business,Beginner,25,4.1,2,51,89.6,3,0.5,6,6,8.7,6,4,5,91.5,74.9,71.1,2,17-12-2024,Free,No,No,0,49,3,3,4.1,Not Completed,0,0,3,0,2,1,0,2
40485,STU140485,Meera Verma,Male,28,Bachelor,Student,Surat,Mobile,Low,C103,Introduction to AI,Programming,Intermediate,75,4.5,7,29,73.2,2,8.7,16,4,7.3,5,5,3,66.0,60.9,58.7,2,07-09-2024,Free,No,No,0,53,4,1,4.2,Not Completed,1,0,2,1,1,2,4,2
40486,STU140486,Neha Reddy,Male,19,HighSchool,Employed,Jaipur,Mobile,High,C101,Python Basics,Programming,Beginner,45,4.6,5,42,44.0,1,0.5,0,2,6.6,2,8,2,64.5,69.3,30.9,0,16-10-2024,Scholarship,No,No,563,86,1,0,3.4,Not Completed,1,2,0,1,0,1,4,4
40487,STU140487,Priya Kumar,Female,34,HighSchool,Student,Jaipur,Mobile,Medium,C102,Data Analysis with Python,Programming,Intermediate,60,4.7,4,25,5.8,0,0.5,2,8,8.7,6,4,5,95.3,34.5,39.7,3,13-02-2024,UPI,Yes,Yes,4457,81,3,0,4.7,Not Completed,0,2,2,1,2,2,4,5
40488,STU140488,Nikhil Patel,Female,23,Bachelor,Employed,Ahmedabad,Mobile,Medium,C102,Data Analysis with Python,Programming,Intermediate,60,4.7,6,25,53.9,2,0.5,3,4,6.2,3,7,6,81.9,68.9,40.3,1,18-08-2024,Credit Card,Yes,Yes,3847,72,2,3,2.8,Not Completed,0,0,0,1,2,2,4,0
40489,STU140489,Vivaan Joshi,Female,32,Master,Student,Hyderabad,Mobile,High,C101,Python Basics,Programming,Beginner,45,4.6,4,26,59.5,2,7.6,0,5,7.5,7,3,2,100.0,71.1,66.4,3,20-12-2023,UPI,Yes,No,4197,89,3,0,4.1,Completed,0,3,2,1,0,1,4,5
40490,STU140490,Vivaan Singh,Female,26,Bachelor,Employed,Vadodara,Tablet,Low,C105,UI/UX Design Fundamentals,Design,Beginner,40,4.4,5,37,89.3,2,4.4,6,5,3.1,3,7,2,40.2,55.8,52.0,2,31-07-2024,NetBanking,Yes,No,4328,88,0,0,3.1,Not Completed,0,0,0,2,1,1,1,3
40491,STU140491,Rohan Bhardwaj,Male,25,PhD,Unemployed,Lucknow,Laptop,Medium,C102,Data Analysis with Python,Programming,Intermediate,60,4.7,8,29,48.8,3,2.7,0,8,6.3,7,2,5,85.7,55.3,61.8,3,25-08-2024,Credit Card,Yes,No,5097,90,1,0,4.2,Completed,1,4,3,0,2,2,4,0
40492,STU140492,Vihaan Joshi,Female,24,Bachelor,Student,Vadodara,Mobile,Medium,C105,UI/UX Design Fundamentals,Design,Beginner,40,4.4,3,23,82.9,2,0.5,0,3,6.9,5,5,2,65.3,66.3,62.3,1,24-03-2025,Scholarship,No,No,1833,55,2,0,5.0,Completed,0,0,2,1,2,1,1,4
40493,STU140493,Vihaan Patel,Female,35,Diploma,Employed,Indore,Laptop,Medium,C106,Machine Learning A-Z,Programming,Advanced,90,4.6,7,24,86.2,2,10.9,0,2,8.3,5,5,1,79.5,70.3,63.7,2,20-02-2024,Free,No,Yes,0,96,0,1,3.8,Not Completed,0,1,0,0,2,0,4,2
40494,STU140494,Krishna Kumar,Male,26,Master,Employed,Ahmedabad,Mobile,Medium,C104,Digital Marketing Essentials,Marketing,Beginner,30,4.3,3,41,38.6,3,9.9,17,1,6.5,6,4,3,78.2,59.3,52.5,3,16-11-2024,Credit Card,Yes,Yes,3001,55,3,2,4.3,Not Completed,1,3,0,1,2,1,2,0
40495,STU140495,Ritika Singh,Female,24,Bachelor,Employed,Pune,Mobile,Medium,C101,Python Basics,Programming,Beginner,45,4.6,3,35,69.0,0,0.5,2,6,5.6,2,8,6,47.1,56.9,39.0,2,08-04-2025,Credit Card,Yes,No,3836,83,1,2,4.5,Completed,0,0,0,1,2,1,4,0
40496,STU140496,Rahul Reddy,Male,17,Bachelor,Employed,Kolkata,Mobile,High,C103,Introduction to AI,Programming,Intermediate,75,4.5,3,30,81.4,4,5.9,0,8,7.6,7,2,3,57.1,49.7,73.0,1,17-07-2024,Credit Card,Yes,No,5865,58,2,0,3.3,Completed,1,0,0,1,0,2,4,0
40497,STU140497,Arjun Reddy,Female,27,Bachelor,Student,Bhopal,Mobile,Low,C104,Digital Marketing Essentials,Marketing,Beginner,30,4.3,4,25,42.2,2,0.5,6,4,6.3,4,6,2,69.8,100.0,43.8,1,01-11-2024,Free,No,No,0,88,4,2,4.7,Not Completed,0,0,2,1,1,1,2,2
40498,STU140498,Sneha Bose,Female,22,Bachelor,Student,Vadodara,Mobile,Low,C108,Excel for Business,Business,Beginner,25,4.1,3,23,32.2,1,2.8,2,5,6.8,3,7,2,67.5,55.2,32.0,3,21-02-2024,UPI,Yes,No,3365,63,4,1,4.4,Not Completed,0,0,2,1,1,1,0,5
40499,STU140499,Rohan Iyer,Female,34,Bachelor,Student,Pune,Mobile,Medium,C107,Statistics for Data Science,Math,Intermediate,50,4.2,4,38,62.5,3,7.7,0,8,5.1,5,5,10,78.1,51.5,54.5,6,26-08-2024,Free,No,No,0,44,0,1,3.4,Not Completed,0,0,2,1,2,2,3,2
40500,STU140500,Sai Singh,Female,27,Bachelor,Employed,Surat,Mobile,Low,C105,UI/UX Design Fundamentals,Design,Beginner,40,4.4,3,21,43.8,2,4.9,1,4,5.7,2,8,1,78.3,62.6,30.5,4,18-09-2024,Credit Card,Yes,No,3711,63,2,1,3.3,Completed,0,0,0,1,1,1,1,0
40501,STU140501,Krishna Nair,Male,26,Master,Employed,Delhi,Mobile,Medium,C101,Python Basics,Programming,Beginner,45,4.6,5,40,95.6,1,2.1,19,6,7.0,4,6,7,92.5,71.2,61.0,1,30-07-2024,Scholarship,No,No,1320,67,1,0,3.4,Not Completed,1,3,0,1,2,1,4,4
40502,STU140502,Aditya Patel,Male,27,Bachelor,Self-Employed,Nagpur,Laptop,High,C101,Python Basics,Programming,Beginner,45,4.6,2,47,78.7,3,0.5,18,3,7.6,1,9,6,77.9,71.1,37.1,1,22-05-2024,UPI,Yes,No,4652,53,3,0,3.8,Not Completed,1,0,1,0,0,1,4,5
40503,STU140503,Rahul Verma,Female,30,Bachelor,Student,Surat,Laptop,High,C106,Machine Learning A-Z,Programming,Advanced,90,4.6,2,30,90.6,2,8.7,0,4,7.5,7,3,3,72.7,61.3,76.8,0,18-04-2025,Scholarship,No,Yes,2598,100,5,2,5.0,Not Completed,0,0,2,0,0,0,4,4
40504,STU140504,Aditya Bhardwaj,Female,25,HighSchool,Student,Indore,Mobile,Medium,C107,Statistics for Data Science,Math,Intermediate,50,4.2,6,41,81.0,3,4.0,32,3,2.9,6,4,5,72.5,53.1,67.0,2,19-06-2024,Debit Card,Yes,Yes,3580,59,2,0,4.7,Completed,0,2,2,1,2,2,3,1
40505,STU140505,Priya Desai,Female,24,Master,Employed,Pune,Mobile,Medium,C106,Machine Learning A-Z,Programming,Advanced,90,4.6,3,24,47.1,0,0.5,6,3,5.1,5,5,2,72.7,71.8,50.1,3,23-04-2025,Free,No,No,0,100,0,1,3.4,Not Completed,0,3,0,1,2,0,4,2
40506,STU140506,Priya Shah,Other,18,Bachelor,Employed,Delhi,Mobile,High,C102,Data Analysis with Python,Programming,Intermediate,60,4.7,7,30,62.6,0,5.3,2,8,6.9,4,6,3,68.0,82.4,50.0,2,31-07-2025,Scholarship,No,No,1651,68,1,0,3.8,Not Completed,2,0,0,1,0,2,4,4
40507,STU140507,Priya Desai,Male,17,Bachelor,Employed,Vadodara,Mobile,Low,C103,Introduction to AI,Programming,Intermediate,75,4.5,3,38,81.2,1,6.6,7,5,4.7,3,7,4,69.2,63.7,49.6,2,08-01-2024,NetBanking,Yes,Yes,4834,79,2,1,3.5,Not Completed,1,0,0,1,1,2,4,3
40508,STU140508,Priya Reddy,Male,37,Bachelor,Employed,Surat,Tablet,High,C101,Python Basics,Programming,Beginner,45,4.6,4,29,35.6,4,0.5,16,3,6.4,5,4,5,60.5,59.1,45.4,5,09-08-2024,Free,No,No,0,35,2,2,3.6,Not Completed,1,0,0,2,0,1,4,2
40509,STU140509,Isha Singh,Male,23,HighSchool,Employed,Nagpur,Mobile,Medium,C102,Data Analysis with Python,Programming,Intermediate,60,4.7,3,32,75.7,5,4.8,1,3,3.4,5,5,4,74.6,69.0,59.9,1,24-01-2025,Debit Card,Yes,Yes,4310,38,1,0,4.6,Not Completed,1,2,0,1,2,2,4,1
40510,STU140510,Aditya Kumar,Female,22,HighSchool,Student,Delhi,Laptop,High,C108,Excel for Business,Business,Beginner,25,4.1,4,40,61.0,2,6.7,1,2,6.7,4,6,1,87.3,79.0,49.3,3,25-10-2023,NetBanking,Yes,No,3179,61,0,0,4.8,Not Completed,0,2,2,0,0,1,0,3
40511,STU140511,Aditya Kumar,Male,25,Master,Employed,Vadodara,Laptop,Low,C108,Excel for Business,Business,Beginner,25,4.1,5,29,60.6,3,10.1,11,1,5.8,2,7,4,63.3,53.9,35.9,0,22-02-2025,NetBanking,Yes,No,3528,37,3,2,3.2,Not Completed,1,3,0,0,1,1,0,3
40512,STU140512,Ananya Gupta,Female,25,HighSchool,Student,Bhopal,Mobile,Medium,C104,Digital Marketing Essentials,Marketing,Beginner,30,4.3,6,25,75.3,3,9.8,14,7,4.7,6,4,5,52.9,44.1,64.5,5,02-12-2024,UPI,Yes,No,3576,68,3,0,4.8,Not Completed,0,2,2,1,2,1,2,5
40513,STU140513,Sakshi Nair,Female,20,Diploma,Employed,Indore,Mobile,Medium,C108,Excel for Business,Business,Beginner,25,4.1,5,45,78.4,0,2.4,4,6,7.6,3,7,1,60.3,94.3,50.1,3,26-11-2024,UPI,Yes,No,3364,49,3,0,5.0,Completed,0,1,0,1,2,1,0,5
40514,STU140514,Vivaan Iyer,Female,35,Bachelor,Student,Indore,Laptop,Medium,C103,Introduction to AI,Programming,Intermediate,75,4.5,7,29,28.6,3,0.5,19,5,8.4,4,6,6,66.6,66.9,37.4,1,25-08-2025,UPI,Yes,No,5209,100,0,0,4.8,Not Completed,0,0,2,0,2,2,4,5
40515,STU140515,Sneha Singh,Female,20,Master,Employed,Jaipur,Laptop,Medium,C107,Statistics for Data Science,Math,Intermediate,50,4.2,6,54,78.0,4,5.9,11,5,5.8,4,6,1,79.2,87.9,55.7,6,20-10-2023,Credit Card,Yes,No,4454,91,3,0,5.0,Not Completed,0,3,0,0,2,2,3,0
40516,STU140516,Sakshi Patel,Female,25,Bachelor,Student,Lucknow,Laptop,Medium,C106,Machine Learning A-Z,Programming,Advanced,90,4.6,7,51,47.7,4,3.8,0,1,5.2,3,7,3,60.8,81.3,38.7,3,06-05-2025,Free,No,No,0,46,0,1,3.0,Not Completed,0,0,2,0,2,0,4,2
40517,STU140517,Priya Iyer,Female,25,Bachelor,Employed,Delhi,Mobile,Medium,C103,Introduction to AI,Programming,Intermediate,75,4.5,8,33,27.1,2,0.5,34,4,4.4,5,5,4,64.7,51.8,42.1,3,17-05-2025,UPI,Yes,No,5619,76,3,0,2.3,Not Completed,0,0,0,1,2,2,4,5
40518,STU140518,Krishna Bose,Female,23,Master,Student,Pune,Mobile,Low,C102,Data Analysis with Python,Programming,Intermediate,60,4.7,7,17,54.7,1,6.8,3,1,4.3,4,6,2,80.1,78.5,47.1,2,10-06-2025,Debit Card,Yes,Yes,4404,100,1,0,4.0,Completed,0,3,2,1,1,2,4,1
40519,STU140519,Ritika Bose,Male,20,Bachelor,Employed,Surat,Mobile,Medium,C102,Data Analysis with Python,Programming,Intermediate,60,4.7,4,29,53.2,1,4.2,14,5,9.5,2,8,4,64.4,78.9,34.6,3,21-06-2024,Credit Card,Yes,Yes,4281,89,0,2,4.0,Completed,1,0,0,1,2,2,4,0
40520,STU140520,Priya Gupta,Male,17,Master,Student,Indore,Laptop,Low,C104,Digital Marketing Essentials,Marketing,Beginner,30,4.3,9,31,52.9,4,9.4,6,3,5.4,5,5,1,42.9,64.4,51.7,3,13-10-2024,Scholarship,No,Yes,680,52,2,1,5.0,Not Completed,1,3,2,0,1,1,2,4
40521,STU140521,Priya Iyer,Male,31,Diploma,Employed,Pune,Laptop,Medium,C103,Introduction to AI,Programming,Intermediate,75,4.5,4,29,71.0,1,1.2,3,3,4.0,2,8,2,54.7,55.4,39.6,0,12-07-2025,Debit Card,Yes,No,6189,88,4,0,4.6,Not Completed,1,1,0,0,2,2,4,1
40522,STU140522,Kavya Iyer,Male,30,Diploma,Employed,Chennai,Mobile,Medium,C107,Statistics for Data Science,Math,Intermediate,50,4.2,2,41,79.8,1,0.5,10,3,2.5,3,7,3,52.3,50.2,48.4,3,22-05-2025,NetBanking,Yes,No,4877,90,1,0,3.0,Completed,1,1,0,1,2,2,3,3
40523,STU140523,Rohan Bose,Male,26,HighSchool,Employed,Jaipur,Mobile,High,C106,Machine Learning A-Z,Programming,Advanced,90,4.6,6,44,93.0,3,0.5,4,4,6.7,4,6,3,47.7,74.9,60.3,2,28-05-2025,Scholarship,No,No,715,59,1,0,3.9,Not Completed,1,2,0,1,0,0,4,4
40524,STU140524,Priya Bhardwaj,Female,29,Bachelor,Employed,Kolkata,Laptop,Medium,C104,Digital Marketing Essentials,Marketing,Beginner,30,4.3,5,45,81.0,2,6.3,3,2,5.0,3,7,3,80.9,70.4,49.9,1,12-03-2025,UPI,Yes,No,3231,71,3,1,4.9,Completed,0,0,0,0,2,1,2,5
40525,STU140525,Arjun Sharma,Female,28,Master,Student,Bhopal,Laptop,High,C106,Machine Learning A-Z,Programming,Advanced,90,4.6,9,41,98.3,1,13.4,6,7,6.7,4,6,5,70.3,77.1,62.3,5,27-07-2024,UPI,Yes,No,6575,67,0,0,2.4,Not Completed,0,3,2,0,0,0,4,5
40526,STU140526,Rohan Bhardwaj,Other,32,Bachelor,Student,Delhi,Laptop,Medium,C107,Statistics for Data Science,Math,Intermediate,50,4.2,4,31,50.1,3,6.4,16,6,9.5,3,7,4,77.2,39.5,37.5,2,15-05-2024,Debit Card,Yes,No,4104,32,3,0,4.5,Completed,2,0,2,0,2,2,3,1
40527,STU140527,Ritika Bhardwaj,Male,29,HighSchool,Employed,Mumbai,Mobile,High,C101,Python Basics,Programming,Beginner,45,4.6,5,47,73.9,2,5.5,6,3,5.6,2,7,4,60.7,67.1,41.2,0,28-10-2024,Free,No,No,0,100,1,0,3.6,Not Completed,1,2,0,1,0,1,4,2
40528,STU140528,Neha Kumar,Male,29,Master,Student,Bhopal,Laptop,Medium,C104,Digital Marketing Essentials,Marketing,Beginner,30,4.3,7,51,84.4,3,10.0,1,3,8.8,4,6,2,84.8,67.1,56.9,0,20-03-2024,Scholarship,No,No,813,85,4,1,3.4,Completed,1,3,2,0,2,1,2,4
40529,STU140529,Vivaan Iyer,Female,30,Bachelor,Employed,Pune,Mobile,Medium,C108,Excel for Business,Business,Beginner,25,4.1,3,28,80.1,1,0.5,15,2,7.3,3,7,3,72.9,47.3,48.4,3,19-07-2024,Debit Card,Yes,No,3048,59,4,1,3.8,Completed,0,0,0,1,2,1,0,1
40530,STU140530,Nikhil Iyer,Female,17,HighSchool,Employed,Kolkata,Mobile,Medium,C102,Data Analysis with Python,Programming,Intermediate,60,4.7,7,39,57.0,3,0.5,6,5,7.0,6,3,6,71.6,65.5,59.2,5,04-03-2024,UPI,Yes,No,5097,76,2,1,5.0,Completed,0,2,0,1,2,2,4,5
40531,STU140531,Sai Iyer,Male,23,Bachelor,Unemployed,Bengaluru,Mobile,Medium,C102,Data Analysis with Python,Programming,Intermediate,60,4.7,3,31,90.3,1,0.5,3,8,5.1,5,5,6,66.3,73.6,65.3,4,28-05-2025,Free,No,No,0,86,3,0,4.7,Completed,1,0,3,1,2,2,4,2
40532,STU140532,Sai Bhardwaj,Male,17,Bachelor,Employed,Vadodara,Laptop,Low,C104,Digital Marketing Essentials,Marketing,Beginner,30,4.3,2,38,82.2,2,9.3,0,4,10.0,3,7,2,65.3,92.0,51.4,2,04-09-2024,UPI,Yes,No,3501,67,2,1,3.4,Not Completed,1,0,0,0,1,1,2,5
40533,STU140533,Ritika Verma,Female,26,HighSchool,Employed,Surat,Laptop,Medium,C102,Data Analysis with Python,Programming,Intermediate,60,4.7,4,47,94.3,0,1.2,4,6,8.6,4,6,7,67.3,69.2,60.5,0,14-08-2025,NetBanking,Yes,No,5092,40,4,1,3.9,Not Completed,0,2,0,0,2,2,4,3
40534,STU140534,Rahul Desai,Female,32,Master,Employed,Pune,Laptop,Low,C105,UI/UX Design Fundamentals,Design,Beginner,40,4.4,4,44,14.0,2,0.5,3,7,7.3,5,5,4,86.7,42.9,37.1,0,14-05-2024,Free,No,No,0,44,2,1,3.8,Not Completed,0,3,0,0,1,1,1,2
40535,STU140535,Rohan Kumar,Female,17,Bachelor,Student,Vadodara,Laptop,Medium,C103,Introduction to AI,Programming,Intermediate,75,4.5,4,34,53.2,3,5.9,2,4,7.2,6,4,1,71.0,54.5,57.3,1,22-03-2024,UPI,Yes,No,5853,90,2,0,3.1,Not Completed,0,0,2,0,2,2,4,5
40536,STU140536,Rohan Gupta,Male,22,Diploma,Employed,Kolkata,Laptop,High,C101,Python Basics,Programming,Beginner,45,4.6,2,23,84.3,4,0.5,0,5,6.3,4,6,2,84.6,60.6,56.5,0,16-06-2025,UPI,Yes,No,4123,43,3,0,3.0,Not Completed,1,1,0,0,0,1,4,5
40537,STU140537,Aditya Patel,Female,27,Bachelor,Employed,Indore,Mobile,Medium,C107,Statistics for Data Science,Math,Intermediate,50,4.2,5,35,49.3,3,6.1,0,5,7.9,5,5,7,81.1,94.4,52.0,1,29-11-2023,Free,No,No,0,39,4,0,3.6,Not Completed,0,0,0,1,2,2,3,2
40538,STU140538,Vivaan Nair,Female,21,Master,Student,Pune,Mobile,Medium,C104,Digital Marketing Essentials,Marketing,Beginner,30,4.3,6,45,69.9,2,1.0,5,5,10.0,4,6,5,72.1,43.9,50.7,2,09-03-2024,Free,No,No,0,25,4,1,3.9,Completed,0,3,2,1,2,1,2,2
40539,STU140539,Kavya Reddy,Female,25,Bachelor,Student,Bhopal,Laptop,High,C106,Machine Learning A-Z,Programming,Advanced,90,4.6,6,30,24.6,5,6.1,10,7,7.5,5,5,5,76.1,52.8,41.2,3,05-06-2024,UPI,Yes,No,7135,60,4,0,3.1,Not Completed,0,0,2,0,0,0,4,5
40540,STU140540,Vihaan Iyer,Male,20,Bachelor,Unemployed,Pune,Tablet,High,C102,Data Analysis with Python,Programming,Intermediate,60,4.7,7,35,57.0,1,0.5,6,6,9.2,5,5,8,78.3,61.8,53.0,0,14-08-2024,UPI,Yes,No,5084,75,2,1,4.6,Completed,1,0,3,2,0,2,4,5
40541,STU140541,Sakshi Joshi,Female,26,Bachelor,Student,Chennai,Mobile,High,C105,UI/UX Design Fundamentals,Design,Beginner,40,4.4,5,32,66.8,5,7.0,1,3,3.7,7,3,6,69.0,77.8,69.3,3,05-12-2024,NetBanking,Yes,No,3745,90,6,0,5.0,Completed,0,0,2,1,0,1,1,3
40542,STU140542,Sakshi Desai,Female,28,HighSchool,Employed,Kolkata,Laptop,Low,C102,Data Analysis with Python,Programming,Intermediate,60,4.7,4,30,74.8,1,0.5,13,4,2.7,5,5,4,53.2,50.3,58.7,1,29-11-2023,Debit Card,Yes,Yes,4194,69,3,0,3.8,Not Completed,0,2,0,0,1,2,4,1
40543,STU140543,Isha Patel,Female,23,Master,Employed,Vadodara,Mobile,Medium,C103,Introduction to AI,Programming,Intermediate,75,4.5,3,28,35.4,2,0.5,6,7,4.8,5,5,4,79.0,66.1,45.7,5,30-07-2025,UPI,Yes,No,5450,63,1,0,4.1,Completed,0,3,0,1,2,2,4,5
40544,STU140544,Kavya Shah,Female,23,HighSchool,Employed,Bengaluru,Laptop,High,C104,Digital Marketing Essentials,Marketing,Beginner,30,4.3,4,22,66.7,2,6.9,9,8,4.5,5,5,2,68.9,59.4,56.3,1,29-07-2025,Free,No,No,0,74,2,1,3.0,Completed,0,2,0,0,0,1,2,2
40545,STU140545,Aarav Nair,Female,21,PhD,Employed,Ahmedabad,Mobile,Medium,C101,Python Basics,Programming,Beginner,45,4.6,4,48,28.4,0,0.5,43,3,8.2,5,5,3,68.4,70.5,43.5,2,17-04-2024,Debit Card,Yes,No,4344,97,0,3,4.2,Not Completed,0,4,0,1,2,1,4,1
40546,STU140546,Rohan Joshi,Male,22,Master,Self-Employed,Delhi,Tablet,Medium,C106,Machine Learning A-Z,Programming,Advanced,90,4.6,4,29,56.1,3,4.7,4,4,4.1,5,5,6,73.5,63.0,52.8,2,09-08-2024,UPI,Yes,No,6586,76,2,1,3.0,Completed,1,3,1,2,2,0,4,5
40547,STU140547,Rohan Kumar,Female,32,Master,Employed,Pune,Laptop,Low,C104,Digital Marketing Essentials,Marketing,Beginner,30,4.3,6,6,67.1,0,0.5,10,5,5.7,5,5,3,100.0,82.0,57.6,3,03-02-2025,UPI,Yes,No,3318,76,3,1,3.5,Not Completed,0,3,0,0,1,1,2,5
40548,STU140548,Aarav Reddy,Male,33,Bachelor,Employed,Chennai,Mobile,High,C106,Machine Learning A-Z,Programming,Advanced,90,4.6,4,23,58.1,1,6.6,6,2,8.3,7,3,5,82.1,71.3,65.9,1,20-07-2024,UPI,Yes,No,6961,29,1,2,4.5,Not Completed,1,0,0,1,0,0,4,5
40549,STU140549,Ritika Singh,Male,24,PhD,Employed,Chennai,Mobile,Low,C102,Data Analysis with Python,Programming,Intermediate,60,4.7,1,36,80.7,1,9.6,16,3,1.7,4,6,5,59.1,69.0,55.7,3,30-11-2023,UPI,Yes,Yes,4674,53,0,2,4.8,Completed,1,4,0,1,1,2,4,5
40550,STU140550,Nikhil Reddy,Male,30,HighSchool,Self-Employed,Pune,Mobile,Medium,C108,Excel for Business,Business,Beginner,25,4.1,6,33,77.4,0,1.1,0,7,4.7,3,7,3,56.4,89.3,49.6,2,10-01-2025,Free,No,No,0,53,5,0,4.7,Not Completed,1,2,1,1,2,1,0,2
40551,STU140551,Ritika Shah,Male,32,Diploma,Student,Hyderabad,Mobile,High,C102,Data Analysis with Python,Programming,Intermediate,60,4.7,6,40,94.4,2,5.8,2,6,2.6,3,7,1,63.0,80.1,55.0,1,05-04-2024,Debit Card,Yes,No,5229,39,9,0,4.8,Completed,1,1,2,1,0,2,4,1
40552,STU140552,Isha Bhardwaj,Female,17,Master,Employed,Lucknow,Mobile,Low,C101,Python Basics,Programming,Beginner,45,4.6,6,48,33.3,2,3.8,4,3,8.1,3,6,5,58.3,76.6,33.5,3,03-03-2024,Credit Card,Yes,No,4626,76,2,2,4.7,Completed,0,3,0,1,1,1,4,0
40553,STU140553,Neha Bose,Male,28,Bachelor,Employed,Hyderabad,Tablet,Medium,C105,UI/UX Design Fundamentals,Design,Beginner,40,4.4,8,46,49.3,3,1.6,13,8,5.6,5,5,3,72.6,64.0,50.4,2,22-12-2023,Credit Card,Yes,No,3723,41,3,0,3.8,Completed,1,0,0,2,2,1,1,0
40554,STU140554,Pooja Patel,Female,29,Diploma,Student,Bhopal,Laptop,Medium,C102,Data Analysis with Python,Programming,Intermediate,60,4.7,4,23,55.8,0,5.3,12,8,8.1,1,9,4,74.1,38.1,27.4,0,28-06-2024,Debit Card,Yes,No,4987,66,2,1,4.8,Not Completed,0,1,2,0,2,2,4,1
40555,STU140555,Sneha Joshi,Male,29,Bachelor,Student,Ahmedabad,Mobile,Low,C104,Digital Marketing Essentials,Marketing,Beginner,30,4.3,6,20,71.0,3,0.5,0,2,6.8,4,6,5,63.5,57.8,51.7,1,19-02-2024,UPI,Yes,Yes,3074,64,4,1,3.4,Completed,1,0,2,1,1,1,2,5
40556,STU140556,Rahul Gupta,Male,25,Bachelor,Employed,Bengaluru,Laptop,Low,C105,UI/UX Design Fundamentals,Design,Beginner,40,4.4,6,27,30.8,5,0.5,13,3,7.4,6,4,3,57.0,54.2,49.5,2,02-10-2024,NetBanking,Yes,No,3627,99,0,1,5.0,Not Completed,1,0,0,0,1,1,1,3
40557,STU140557,Isha Verma,Female,17,Bachelor,Employed,Nagpur,Mobile,Medium,C103,Introduction to AI,Programming,Intermediate,75,4.5,5,52,46.6,0,0.5,9,3,6.3,4,5,3,69.6,62.0,43.4,3,26-11-2023,Credit Card,Yes,Yes,5049,100,0,0,2.5,Not Completed,0,0,0,1,2,2,4,0
40558,STU140558,Arjun Joshi,Female,26,Master,Employed,Nagpur,Mobile,High,C102,Data Analysis with Python,Programming,Intermediate,60,4.7,2,17,47.8,2,8.9,5,2,6.5,3,7,1,80.1,71.9,38.3,3,25-04-2025,Credit Card,Yes,No,5327,80,2,1,3.3,Not Completed,0,3,0,1,0,2,4,0
40559,STU140559,Rahul Singh,Male,17,Diploma,Student,Ahmedabad,Laptop,Medium,C104,Digital Marketing Essentials,Marketing,Beginner,30,4.3,4,28,57.4,4,0.5,6,2,5.6,4,6,4,55.6,75.2,47.9,1,23-04-2025,Debit Card,Yes,No,3812,70,1,0,5.0,Completed,1,1,2,0,2,1,2,1
40560,STU140560,Vihaan Verma,Male,31,Master,Employed,Lucknow,Mobile,Medium,C106,Machine Learning A-Z,Programming,Advanced,90,4.6,2,34,35.7,0,1.9,0,6,6.4,5,5,3,60.3,48.9,44.9,2,03-03-2025,Credit Card,Yes,No,5899,86,3,1,3.8,Completed,1,3,0,1,2,0,4,0
40561,STU140561,Rahul Patel,Male,38,Bachelor,Employed,Kolkata,Mobile,Medium,C102,Data Analysis with Python,Programming,Intermediate,60,4.7,3,36,91.1,4,0.5,3,7,3.3,7,2,3,87.1,86.0,78.2,1,08-07-2025,Free,No,No,0,67,2,0,4.2,Not Completed,1,0,0,1,2,2,4,2
40562,STU140562,Nikhil Bhardwaj,Female,25,Bachelor,Student,Kolkata,Mobile,Medium,C101,Python Basics,Programming,Beginner,45,4.6,6,21,75.1,4,0.5,0,6,8.0,1,9,8,73.8,41.8,34.4,2,10-05-2024,Free,No,No,0,100,2,0,3.6,Not Completed,0,0,2,1,2,1,4,2
40563,STU140563,Aarav Gupta,Male,21,Bachelor,Self-Employed,Bengaluru,Laptop,Low,C107,Statistics for Data Science,Math,Intermediate,50,4.2,3,29,70.3,2,6.6,7,9,5.5,7,3,3,90.3,54.5,69.3,1,12-09-2024,Debit Card,Yes,No,4757,95,3,1,4.8,Completed,1,0,1,0,1,2,3,1
40564,STU140564,Aarav Singh,Female,26,Bachelor,Self-Employed,Delhi,Mobile,High,C103,Introduction to AI,Programming,Intermediate,75,4.5,5,27,38.1,2,4.2,0,4,8.0,8,2,4,89.4,56.4,64.2,4,06-07-2025,Free,No,No,0,94,3,1,3.9,Not Completed,0,0,1,1,0,2,4,2
40565,STU140565,Sakshi Joshi,Female,25,HighSchool,Student,Bengaluru,Mobile,Medium,C107,Statistics for Data Science,Math,Intermediate,50,4.2,3,31,51.0,1,0.5,14,7,6.6,6,3,1,81.9,43.9,56.0,0,15-08-2024,NetBanking,Yes,No,4631,62,1,1,4.5,Not Completed,0,2,2,1,2,2,3,3
40566,STU140566,Rahul Bhardwaj,Female,25,Bachelor,Employed,Ahmedabad,Mobile,Medium,C103,Introduction to AI,Programming,Intermediate,75,4.5,6,23,76.9,4,0.5,8,5,5.3,7,3,4,74.8,73.3,72.6,4,29-03-2024,Free,No,No,0,55,2,0,3.9,Completed,0,0,0,1,2,2,4,2
40567,STU140567,Priya Mehta,Female,19,Master,Employed,Kolkata,Mobile,Medium,C106,Machine Learning A-Z,Programming,Advanced,90,4.6,4,37,80.9,0,6.0,5,2,4.9,3,7,1,88.3,65.2,49.6,0,07-07-2025,Debit Card,Yes,No,7125,76,2,0,3.5,Not Completed,0,3,0,1,2,0,4,1
40568,STU140568,Isha Mehta,Male,34,Bachelor,Student,Mumbai,Mobile,Medium,C107,Statistics for Data Science,Math,Intermediate,50,4.2,6,34,70.9,3,2.8,9,6,5.6,7,3,4,100.0,73.2,70.5,1,19-09-2025,UPI,Yes,No,4657,76,1,2,5.0,Completed,1,0,2,1,2,2,3,5
40569,STU140569,Pooja Gupta,Female,25,Master,Employed,Jaipur,Mobile,Medium,C104,Digital Marketing Essentials,Marketing,Beginner,30,4.3,4,32,49.8,0,2.3,0,6,5.6,4,6,1,73.8,97.3,46.3,3,05-10-2024,UPI,Yes,Yes,3259,56,2,1,4.9,Not Completed,0,3,0,1,2,1,2,5
40570,STU140570,Aarav Verma,Female,26,Bachelor,Student,Lucknow,Laptop,High,C103,Introduction to AI,Programming,Intermediate,75,4.5,3,15,55.7,2,4.5,36,4,8.7,2,8,1,72.6,86.4,35.8,2,07-04-2025,UPI,Yes,No,5491,92,0,1,3.7,Not Completed,0,0,2,0,0,2,4,5
40571,STU140571,Kavya Patel,Female,29,PhD,Employed,Kolkata,Laptop,Low,C103,Introduction to AI,Programming,Intermediate,75,4.5,3,16,84.3,2,0.5,13,4,6.1,6,4,2,37.2,22.1,66.6,3,26-10-2023,Free,No,No,0,48,2,1,2.0,Not Completed,0,4,0,0,1,2,4,2
40572,STU140572,Vihaan Verma,Male,25,Master,Employed,Vadodara,Mobile,Medium,C107,Statistics for Data Science,Math,Intermediate,50,4.2,8,38,31.1,4,2.0,2,7,8.7,10,0,4,85.1,55.6,73.7,3,27-05-2025,Debit Card,Yes,No,4606,52,3,0,4.8,Completed,1,3,0,1,2,2,3,1
40573,STU140573,Sneha Gupta,Male,24,Diploma,Employed,Delhi,Mobile,High,C105,UI/UX Design Fundamentals,Design,Beginner,40,4.4,4,18,97.2,6,1.9,29,12,4.6,3,7,5,71.3,80.2,56.0,1,29-01-2025,Credit Card,Yes,No,3961,57,3,1,4.1,Not Completed,1,1,0,1,0,1,1,0
40574,STU140574,Vihaan Verma,Male,27,HighSchool,Student,Surat,Mobile,High,C102,Data Analysis with Python,Programming,Intermediate,60,4.7,3,52,17.6,6,0.5,9,7,6.3,4,6,9,63.1,56.6,33.0,2,08-01-2024,Credit Card,Yes,No,5073,57,1,1,4.3,Not Completed,1,2,2,1,0,2,4,0
40575,STU140575,Aditya Singh,Male,23,Master,Student,Lucknow,Laptop,Medium,C103,Introduction to AI,Programming,Intermediate,75,4.5,3,43,69.1,4,4.7,3,6,7.1,6,4,5,57.8,75.9,64.0,0,10-09-2025,Debit Card,Yes,No,5335,58,2,1,4.0,Not Completed,1,3,2,0,2,2,4,1
40576,STU140576,Ananya Verma,Female,21,Diploma,Student,Delhi,Mobile,High,C101,Python Basics,Programming,Beginner,45,4.6,7,42,84.3,1,10.4,3,4,8.8,6,4,10,89.9,76.2,69.3,4,08-06-2025,UPI,Yes,No,4601,65,3,1,4.1,Not Completed,0,1,2,1,0,1,4,5
40577,STU140577,Meera Bose,Male,32,Diploma,Student,Vadodara,Mobile,Medium,C108,Excel for Business,Business,Beginner,25,4.1,1,32,64.6,0,8.6,5,1,4.2,6,4,0,59.7,69.1,62.1,2,19-12-2024,Debit Card,Yes,No,3020,83,1,3,4.6,Completed,1,1,2,1,2,1,0,1
40578,STU140578,Vivaan Bhardwaj,Male,26,Bachelor,Employed,Delhi,Laptop,Medium,C103,Introduction to AI,Programming,Intermediate,75,4.5,3,32,85.8,0,3.5,14,3,7.6,3,7,2,84.9,68.9,51.5,2,15-06-2025,Free,No,No,0,64,1,1,3.5,Not Completed,1,0,0,0,2,2,4,2
40579,STU140579,Sneha Singh,Female,31,Bachelor,Student,Nagpur,Laptop,Low,C101,Python Basics,Programming,Beginner,45,4.6,5,30,84.8,3,6.3,14,4,4.3,8,2,3,86.2,100.0,82.7,5,15-01-2025,UPI,Yes,No,4428,73,1,0,3.4,Completed,0,0,2,0,1,1,4,5
40580,STU140580,Meera Joshi,Female,19,Master,Employed,Kolkata,Mobile,Medium,C104,Digital Marketing Essentials,Marketing,Beginner,30,4.3,7,23,68.8,3,0.5,6,6,5.7,7,3,1,49.5,41.9,68.2,2,03-07-2024,Scholarship,No,No,697,72,6,0,3.2,Completed,0,3,0,1,2,1,2,4
40581,STU140581,Sneha Singh,Male,23,Bachelor,Student,Delhi,Mobile,High,C107,Statistics for Data Science,Math,Intermediate,50,4.2,8,35,65.9,3,1.3,6,6,6.8,5,5,5,86.0,75.5,56.8,6,23-04-2025,Free,No,No,0,98,3,1,5.0,Completed,1,0,2,1,0,2,3,2
40582,STU140582,Aarav Singh,Male,24,Bachelor,Employed,Vadodara,Mobile,Medium,C106,Machine Learning A-Z,Programming,Advanced,90,4.6,2,41,49.8,3,0.5,21,8,6.4,5,5,4,87.1,91.6,52.0,2,06-02-2024,NetBanking,Yes,Yes,5529,45,2,0,4.4,Not Completed,1,0,0,1,2,0,4,3
40583,STU140583,Sakshi Bhardwaj,Male,27,Bachelor,Self-Employed,Bengaluru,Laptop,High,C106,Machine Learning A-Z,Programming,Advanced,90,4.6,7,25,65.8,1,9.8,31,5,9.0,2,8,4,82.2,73.1,38.7,3,12-04-2024,UPI,Yes,No,6269,76,1,1,3.4,Not Completed,1,0,1,0,0,0,4,5
40584,STU140584,Aarav Shah,Male,26,Bachelor,Employed,Bengaluru,Mobile,High,C104,Digital Marketing Essentials,Marketing,Beginner,30,4.3,2,42,59.4,1,6.3,6,3,2.6,4,6,3,60.4,89.4,49.3,3,21-07-2025,Debit Card,Yes,Yes,2850,51,3,2,3.1,Completed,1,0,0,1,0,1,2,1
40585,STU140585,Krishna Bhardwaj,Other,27,Bachelor,Student,Hyderabad,Mobile,High,C108,Excel for Business,Business,Beginner,25,4.1,8,24,63.2,4,0.5,1,13,10.0,5,4,3,63.5,100.0,57.1,1,17-04-2025,NetBanking,Yes,No,3244,49,0,0,4.1,Not Completed,2,0,2,1,0,1,0,3
40586,STU140586,Aarav Mehta,Female,17,Bachelor,Student,Ahmedabad,Mobile,Low,C102,Data Analysis with Python,Programming,Intermediate,60,4.7,5,44,87.7,1,9.7,11,6,5.2,4,6,4,52.4,54.4,57.4,2,07-04-2025,UPI,Yes,No,4794,52,4,2,4.1,Completed,0,0,2,1,1,2,4,5
40587,STU140587,Rahul Joshi,Female,28,Master,Unemployed,Chennai,Mobile,Low,C102,Data Analysis with Python,Programming,Intermediate,60,4.7,6,29,79.2,1,0.8,0,7,9.7,6,4,3,85.7,83.8,67.9,2,02-10-2024,UPI,Yes,Yes,4066,56,1,3,5.0,Not Completed,0,3,3,1,1,2,4,5
40588,STU140588,Nikhil Desai,Female,29,HighSchool,Student,Ahmedabad,Mobile,Medium,C107,Statistics for Data Science,Math,Intermediate,50,4.2,4,32,78.7,1,7.6,2,4,5.3,6,4,10,100.0,61.3,66.6,2,18-11-2024,Debit Card,Yes,No,4691,73,2,0,4.9,Completed,0,2,2,1,2,2,3,1
40589,STU140589,Kavya Singh,Male,24,Bachelor,Employed,Mumbai,Mobile,Medium,C106,Machine Learning A-Z,Programming,Advanced,90,4.6,4,28,62.8,4,0.5,16,7,8.5,5,5,4,92.5,100.0,57.0,2,14-12-2023,Scholarship,No,No,1309,36,6,0,4.9,Not Completed,1,0,0,1,2,0,4,4
40590,STU140590,Sneha Mehta,Male,23,Bachelor,Employed,Delhi,Mobile,Low,C108,Excel for Business,Business,Beginner,25,4.1,8,26,94.1,4,10.8,18,6,6.8,4,6,4,81.9,88.0,61.4,1,28-09-2025,Free,No,No,0,79,1,0,3.8,Not Completed,1,0,0,1,1,1,0,2
40591,STU140591,Kavya Nair,Female,26,Bachelor,Employed,Surat,Mobile,Medium,C103,Introduction to AI,Programming,Intermediate,75,4.5,4,32,65.0,3,1.0,0,8,10.0,4,6,3,67.9,88.0,51.2,3,02-07-2025,NetBanking,Yes,No,5380,96,0,0,5.0,Not Completed,0,0,0,1,2,2,4,3
40592,STU140592,Priya Mehta,Male,18,Bachelor,Student,Ahmedabad,Tablet,Low,C102,Data Analysis with Python,Programming,Intermediate,60,4.7,6,30,27.9,3,6.1,12,5,4.2,1,9,2,29.6,70.2,19.3,1,10-12-2024,Debit Card,Yes,No,4918,61,1,2,4.4,Not Completed,1,0,2,2,1,2,4,1
40593,STU140593,Nikhil Sharma,Male,28,HighSchool,Unemployed,Delhi,Mobile,High,C104,Digital Marketing Essentials,Marketing,Beginner,30,4.3,5,30,26.7,3,0.5,0,3,8.3,5,5,2,72.3,47.7,41.7,5,08-04-2025,Scholarship,No,No,624,70,2,1,4.1,Completed,1,2,3,1,0,1,2,4
40594,STU140594,Ritika Mehta,Male,26,Bachelor,Student,Pune,Mobile,High,C103,Introduction to AI,Programming,Intermediate,75,4.5,6,37,38.2,1,6.4,0,6,6.5,6,4,4,83.8,80.4,53.4,3,20-04-2024,UPI,Yes,No,5878,74,3,2,3.5,Not Completed,1,0,2,1,0,2,4,5
40595,STU140595,Sakshi Iyer,Male,19,Bachelor,Employed,Surat,Mobile,Medium,C101,Python Basics,Programming,Beginner,45,4.6,3,32,57.5,2,0.5,11,4,3.3,3,6,1,58.4,84.3,42.4,0,17-04-2024,UPI,Yes,No,3889,30,0,1,4.4,Completed,1,0,0,1,2,1,4,5
40596,STU140596,Sakshi Mehta,Female,43,Diploma,Student,Kolkata,Mobile,Medium,C102,Data Analysis with Python,Programming,Intermediate,60,4.7,7,48,59.9,4,6.3,0,8,7.7,5,5,2,72.4,91.1,55.5,0,01-01-2024,NetBanking,Yes,No,5028,61,0,1,4.9,Not Completed,0,1,2,1,2,2,4,3
40597,STU140597,Nikhil Verma,Male,19,Master,Employed,Surat,Mobile,Medium,C105,UI/UX Design Fundamentals,Design,Beginner,40,4.4,3,21,86.2,0,0.5,6,7,5.8,9,1,4,60.4,72.5,87.8,4,17-08-2025,Credit Card,Yes,No,3890,62,2,1,5.0,Not Completed,1,3,0,1,2,1,1,0
40598,STU140598,Pooja Verma,Male,33,HighSchool,Self-Employed,Kolkata,Mobile,Medium,C108,Excel for Business,Business,Beginner,25,4.1,5,25,83.7,4,0.5,11,8,7.6,7,3,3,79.8,31.7,72.9,4,05-07-2024,Free,No,No,0,89,1,1,4.8,Not Completed,1,2,1,1,2,1,0,2
40599,STU140599,Meera Kumar,Male,27,Bachelor,Student,Surat,Laptop,Medium,C108,Excel for Business,Business,Beginner,25,4.1,2,31,64.7,0,7.0,4,6,5.1,6,4,8,92.2,100.0,63.7,1,04-08-2025,Credit Card,Yes,No,3234,74,6,0,3.6,Completed,1,0,2,0,2,1,0,0
40600,STU140600,Ananya Bhardwaj,Male,33,Bachelor,Student,Bhopal,Mobile,High,C103,Introduction to AI,Programming,Intermediate,75,4.5,9,31,48.9,3,0.5,5,2,7.3,4,6,1,75.1,72.1,44.7,2,16-06-2024,Debit Card,Yes,No,6209,89,1,0,4.5,Not Completed,1,0,2,1,0,2,4,1
40601,STU140601,Vihaan Iyer,Female,24,Bachelor,Student,Delhi,Mobile,High,C102,Data Analysis with Python,Programming,Intermediate,60,4.7,7,19,68.5,3,0.5,11,7,3.7,5,5,5,78.1,43.1,56.1,2,10-11-2023,UPI,Yes,No,4834,87,1,3,4.4,Not Completed,0,0,2,1,0,2,4,5
40602,STU140602,Vihaan Sharma,Female,27,Bachelor,Employed,Vadodara,Laptop,Medium,C105,UI/UX Design Fundamentals,Design,Beginner,40,4.4,2,36,54.7,2,0.5,2,7,3.1,4,6,5,57.7,76.6,47.0,4,06-02-2025,Credit Card,Yes,No,3882,58,2,1,4.3,Completed,0,0,0,0,2,1,1,0
40603,STU140603,Neha Bose,Female,24,Bachelor,Student,Kolkata,Mobile,Medium,C102,Data Analysis with Python,Programming,Intermediate,60,4.7,4,20,68.4,3,0.5,9,6,6.3,5,5,2,64.8,78.3,57.8,2,05-03-2025,UPI,Yes,Yes,4106,45,5,0,3.1,Not Completed,0,0,2,1,2,2,4,5
40604,STU140604,Rohan Bhardwaj,Other,18,HighSchool,Employed,Vadodara,Mobile,Medium,C108,Excel for Business,Business,Beginner,25,4.1,2,37,74.2,4,2.9,6,5,4.5,8,2,4,38.7,84.4,78.2,0,26-12-2023,UPI,Yes,No,2935,100,2,0,4.2,Completed,2,2,0,1,2,1,0,5
40605,STU140605,Arjun Reddy,Female,31,Diploma,Employed,Vadodara,Mobile,High,C102,Data Analysis with Python,Programming,Intermediate,60,4.7,5,28,52.0,4,0.5,4,6,0.5,7,3,1,74.7,68.5,63.6,5,24-04-2025,Debit Card,Yes,No,4643,32,4,0,4.0,Not Completed,0,1,0,1,0,2,4,1
40606,STU140606,Sakshi Joshi,Female,22,Master,Employed,Chennai,Laptop,Medium,C108,Excel for Business,Business,Beginner,25,4.1,3,42,71.3,2,0.5,0,7,4.9,5,5,7,75.0,72.8,58.6,1,03-05-2024,NetBanking,Yes,Yes,2938,51,6,0,5.0,Completed,0,3,0,0,2,1,0,3
40607,STU140607,Vihaan Singh,Male,27,Master,Student,Bengaluru,Tablet,Medium,C101,Python Basics,Programming,Beginner,45,4.6,4,34,30.6,2,8.6,5,6,6.6,5,4,4,65.1,80.3,44.7,1,03-12-2024,UPI,Yes,No,4657,49,5,2,4.4,Completed,1,3,2,2,2,1,4,5
40608,STU140608,Arjun Desai,Male,25,Master,Self-Employed,Vadodara,Mobile,Medium,C107,Statistics for Data Science,Math,Intermediate,50,4.2,4,17,63.9,0,0.5,5,5,3.2,4,6,7,92.5,59.5,49.3,0,28-02-2024,UPI,Yes,No,4384,68,6,0,4.3,Not Completed,1,3,1,1,2,2,3,5
40609,STU140609,Krishna Reddy,Male,25,HighSchool,Employed,Surat,Laptop,Medium,C104,Digital Marketing Essentials,Marketing,Beginner,30,4.3,6,30,43.2,1,8.2,0,2,3.0,2,8,3,80.7,62.9,30.3,4,20-03-2024,UPI,Yes,No,3698,94,3,1,3.8,Not Completed,1,2,0,0,2,1,2,5
40610,STU140610,Aditya Desai,Female,22,Bachelor,Student,Mumbai,Laptop,Medium,C101,Python Basics,Programming,Beginner,45,4.6,10,36,60.2,6,14.4,4,1,4.8,4,6,5,91.8,48.9,47.5,2,12-06-2025,NetBanking,Yes,No,3908,35,5,3,2.3,Completed,0,0,2,0,2,1,4,3
40611,STU140611,Meera Verma,Male,31,Diploma,Employed,Jaipur,Mobile,Medium,C105,UI/UX Design Fundamentals,Design,Beginner,40,4.4,5,31,59.8,5,2.5,13,9,5.6,4,6,3,70.6,57.2,47.8,0,09-01-2024,UPI,Yes,No,4151,56,2,3,4.7,Completed,1,1,0,1,2,1,1,5
40612,STU140612,Rahul Bose,Male,35,Master,Unemployed,Indore,Mobile,Medium,C107,Statistics for Data Science,Math,Intermediate,50,4.2,5,42,86.3,3,7.4,8,5,6.6,6,4,6,70.6,57.0,69.1,5,02-12-2023,Scholarship,No,No,532,100,4,3,5.0,Not Completed,1,3,3,1,2,2,3,4
40613,STU140613,Isha Bose,Female,17,Master,Student,Nagpur,Laptop,Medium,C105,UI/UX Design Fundamentals,Design,Beginner,40,4.4,3,45,70.4,1,0.5,21,3,4.8,5,4,7,81.6,67.2,58.0,0,07-05-2025,Debit Card,Yes,Yes,3466,38,3,1,5.0,Completed,0,3,2,0,2,1,1,1
40614,STU140614,Nikhil Sharma,Female,31,Bachelor,Unemployed,Pune,Mobile,High,C106,Machine Learning A-Z,Programming,Advanced,90,4.6,3,40,88.4,4,6.6,2,7,10.0,4,6,6,55.3,62.2,58.0,3,17-01-2025,Free,No,No,0,95,6,0,3.7,Completed,0,0,3,1,0,0,4,2
40615,STU140615,Kavya Joshi,Male,26,Master,Employed,Mumbai,Mobile,High,C102,Data Analysis with Python,Programming,Intermediate,60,4.7,4,34,63.8,3,5.6,7,5,5.7,6,4,5,78.1,50.7,60.9,2,23-05-2024,Debit Card,Yes,No,4644,74,0,1,3.1,Completed,1,3,0,1,0,2,4,1
40616,STU140616,Sai Mehta,Male,28,Master,Student,Ahmedabad,Mobile,Medium,C103,Introduction to AI,Programming,Intermediate,75,4.5,5,22,83.6,3,0.5,6,3,6.9,5,5,3,68.1,43.5,61.5,4,16-09-2025,UPI,Yes,No,6134,42,2,2,4.7,Completed,1,3,2,1,2,2,4,5
40617,STU140617,Vivaan Shah,Male,25,Bachelor,Student,Ahmedabad,Mobile,Medium,C105,UI/UX Design Fundamentals,Design,Beginner,40,4.4,3,48,70.5,3,5.0,0,8,9.2,4,6,2,99.0,76.7,52.5,3,20-04-2025,Debit Card,Yes,Yes,3278,61,8,0,5.0,Not Completed,1,0,2,1,2,1,1,1
40618,STU140618,Rohan Iyer,Female,31,HighSchool,Employed,Ahmedabad,Tablet,Medium,C105,UI/UX Design Fundamentals,Design,Beginner,40,4.4,6,34,14.7,3,2.6,0,3,3.2,4,6,5,73.8,63.7,32.3,3,23-10-2023,UPI,Yes,No,3844,40,0,0,3.7,Not Completed,0,2,0,2,2,1,1,5
40619,STU140619,Priya Desai,Female,24,Bachelor,Employed,Chennai,Mobile,Medium,C108,Excel for Business,Business,Beginner,25,4.1,6,46,66.8,0,10.8,0,2,7.1,5,5,2,54.0,69.4,56.8,2,22-11-2024,UPI,Yes,No,3281,79,0,0,3.7,Not Completed,0,0,0,1,2,1,0,5
40620,STU140620,Sakshi Mehta,Male,27,Bachelor,Employed,Bhopal,Mobile,Medium,C107,Statistics for Data Science,Math,Intermediate,50,4.2,4,39,78.1,1,0.5,4,5,5.3,5,5,2,65.6,49.1,59.8,0,10-09-2025,NetBanking,Yes,Yes,4013,57,4,0,4.4,Not Completed,1,0,0,1,2,2,3,3
40621,STU140621,Priya Iyer,Female,17,Bachelor,Student,Bengaluru,Mobile,Medium,C103,Introduction to AI,Programming,Intermediate,75,4.5,2,19,43.4,3,10.7,4,2,4.2,4,6,0,79.0,56.6,42.0,2,01-04-2024,UPI,Yes,No,6145,76,1,1,3.4,Completed,0,0,2,1,2,2,4,5
40622,STU140622,Aarav Mehta,Male,22,Bachelor,Student,Bhopal,Mobile,Medium,C107,Statistics for Data Science,Math,Intermediate,50,4.2,5,31,53.2,4,6.3,15,8,5.6,3,7,4,67.9,65.1,39.9,1,24-02-2024,Credit Card,Yes,No,4657,72,5,0,5.0,Not Completed,1,0,2,1,2,2,3,0
40623,STU140623,Isha Patel,Male,24,Bachelor,Student,Bengaluru,Mobile,Medium,C106,Machine Learning A-Z,Programming,Advanced,90,4.6,6,35,64.0,0,0.5,9,4,8.8,2,8,0,43.0,47.3,36.8,1,10-05-2024,Credit Card,Yes,No,6075,44,0,1,3.8,Not Completed,1,0,2,1,2,0,4,0
40624,STU140624,Sakshi Kumar,Female,30,Master,Student,Vadodara,Laptop,Medium,C108,Excel for Business,Business,Beginner,25,4.1,6,47,69.2,3,0.5,3,4,7.8,5,5,6,60.0,97.3,59.1,5,23-12-2023,Credit Card,Yes,No,3171,92,5,0,5.0,Not Completed,0,3,2,0,2,1,0,0
40625,STU140625,Neha Shah,Male,21,Bachelor,Employed,Kolkata,Laptop,High,C105,UI/UX Design Fundamentals,Design,Beginner,40,4.4,2,37,72.6,3,2.2,13,8,7.8,6,4,4,78.5,81.0,65.5,2,21-02-2024,Debit Card,Yes,No,4391,64,1,2,4.6,Completed,1,0,0,0,0,1,1,1
40626,STU140626,Krishna Verma,Female,32,Master,Employed,Vadodara,Mobile,Medium,C103,Introduction to AI,Programming,Intermediate,75,4.5,5,29,77.6,1,6.8,1,3,6.8,6,4,6,81.4,57.3,66.0,3,23-02-2025,Credit Card,Yes,Yes,5235,57,5,0,4.1,Completed,0,3,0,1,2,2,4,0
40627,STU140627,Krishna Patel,Female,30,Bachelor,Self-Employed,Nagpur,Mobile,High,C107,Statistics for Data Science,Math,Intermediate,50,4.2,3,44,45.8,2,0.5,24,8,5.5,3,7,3,60.8,84.9,38.3,2,01-05-2025,Debit Card,Yes,No,4815,79,1,1,5.0,Not Completed,0,0,1,1,0,2,3,1
40628,STU140628,Kavya Bose,Male,22,Master,Employed,Surat,Mobile,Medium,C101,Python Basics,Programming,Beginner,45,4.6,4,23,57.8,2,0.5,9,6,7.6,3,7,8,65.3,70.1,41.7,3,28-07-2025,UPI,Yes,No,3842,97,2,1,4.3,Not Completed,1,3,0,1,2,1,4,5
40629,STU140629,Kavya Kumar,Female,34,Bachelor,Student,Ahmedabad,Mobile,Medium,C106,Machine Learning A-Z,Programming,Advanced,90,4.6,9,15,68.8,1,0.5,0,8,8.0,2,8,5,81.4,69.7,39.6,3,22-05-2024,UPI,Yes,Yes,5472,57,2,1,4.4,Not Completed,0,0,2,1,2,0,4,5
40630,STU140630,Ritika Singh,Male,26,Master,Employed,Indore,Mobile,Medium,C107,Statistics for Data Science,Math,Intermediate,50,4.2,3,39,64.9,3,0.5,7,2,5.2,7,3,6,75.1,72.4,68.3,3,21-06-2024,Free,No,No,0,64,2,2,4.7,Completed,1,3,0,1,2,2,3,2
40631,STU140631,Nikhil Patel,Male,28,Bachelor,Student,Lucknow,Mobile,Low,C108,Excel for Business,Business,Beginner,25,4.1,4,25,71.3,2,0.5,2,6,8.2,5,5,1,86.6,71.6,58.5,3,07-02-2024,UPI,Yes,No,3134,57,1,3,5.0,Not Completed,1,0,2,1,1,1,0,5
40632,STU140632,Isha Patel,Male,22,Diploma,Employed,Delhi,Mobile,High,C105,UI/UX Design Fundamentals,Design,Beginner,40,4.4,7,40,73.6,3,0.5,3,5,7.0,8,2,2,85.5,77.0,77.6,1,13-11-2023,Free,No,No,0,82,1,2,4.3,Completed,1,1,0,1,0,1,1,2
40633,STU140633,Pooja Gupta,Female,20,Bachelor,Student,Delhi,Mobile,Medium,C108,Excel for Business,Business,Beginner,25,4.1,1,20,43.6,1,0.5,3,5,3.4,5,5,4,53.5,79.3,49.2,2,20-03-2025,NetBanking,Yes,Yes,2788,89,4,2,3.2,Not Completed,0,0,2,1,2,1,0,3
40634,STU140634,Kavya Singh,Male,34,Diploma,Student,Mumbai,Mobile,High,C106,Machine Learning A-Z,Programming,Advanced,90,4.6,4,26,69.9,1,2.2,3,4,5.1,6,4,3,91.4,78.5,64.4,0,09-08-2025,Scholarship,No,Yes,434,95,2,1,5.0,Completed,1,1,2,1,0,0,4,4
40635,STU140635,Arjun Iyer,Male,23,Bachelor,Employed,Kolkata,Mobile,High,C101,Python Basics,Programming,Beginner,45,4.6,2,25,9.4,2,7.6,3,3,5.6,4,6,2,71.4,62.2,30.4,1,30-01-2024,Credit Card,Yes,No,4493,61,1,2,5.0,Not Completed,1,0,0,1,0,1,4,0
40636,STU140636,Rohan Shah,Female,32,Bachelor,Student,Bhopal,Laptop,Medium,C108,Excel for Business,Business,Beginner,25,4.1,5,44,38.2,0,13.1,0,8,6.6,7,3,5,86.8,88.3,59.8,3,29-10-2023,UPI,Yes,No,3312,80,2,1,3.3,Completed,0,0,2,0,2,1,0,5
40637,STU140637,Neha Joshi,Male,26,Bachelor,Employed,Bengaluru,Mobile,High,C101,Python Basics,Programming,Beginner,45,4.6,7,51,37.9,1,2.6,5,9,7.7,5,5,3,66.0,42.5,45.4,3,19-07-2024,UPI,Yes,Yes,3774,51,1,1,3.7,Not Completed,1,0,0,1,0,1,4,5
40638,STU140638,Sneha Desai,Male,27,Diploma,Student,Delhi,Laptop,Medium,C106,Machine Learning A-Z,Programming,Advanced,90,4.6,3,27,66.1,6,0.5,0,5,3.1,6,4,6,91.4,100.0,64.1,0,28-06-2024,NetBanking,Yes,No,6340,86,1,0,4.2,Completed,1,1,2,0,2,0,4,3
40639,STU140639,Aarav Iyer,Female,31,Bachelor,Student,Lucknow,Laptop,Medium,C101,Python Basics,Programming,Beginner,45,4.6,6,53,63.0,0,8.4,6,7,7.9,6,4,8,67.0,67.6,61.4,3,12-02-2025,UPI,Yes,No,4212,62,4,0,5.0,Completed,0,0,2,0,2,1,4,5
40640,STU140640,Sakshi Nair,Female,25,PhD,Employed,Jaipur,Mobile,Low,C105,UI/UX Design Fundamentals,Design,Beginner,40,4.4,3,45,70.2,5,4.3,0,4,5.4,2,8,1,90.1,67.3,40.0,1,29-09-2024,Free,No,Yes,0,65,2,0,4.6,Completed,0,4,0,1,1,1,1,2
40641,STU140641,Vihaan Desai,Female,28,Bachelor,Student,Hyderabad,Mobile,Medium,C107,Statistics for Data Science,Math,Intermediate,50,4.2,5,26,67.3,0,0.5,5,9,9.7,4,6,1,81.0,73.5,51.2,1,29-03-2024,Scholarship,No,No,799,76,0,3,4.1,Not Completed,0,0,2,1,2,2,3,4
40642,STU140642,Pooja Nair,Male,30,HighSchool,Student,Ahmedabad,Laptop,Medium,C104,Digital Marketing Essentials,Marketing,Beginner,30,4.3,3,11,41.3,1,3.2,9,5,4.7,6,3,8,74.0,62.2,53.6,1,10-12-2023,NetBanking,Yes,No,3720,42,2,2,3.1,Completed,1,2,2,0,2,1,2,3
40643,STU140643,Aditya Joshi,Female,26,Master,Employed,Surat,Laptop,High,C104,Digital Marketing Essentials,Marketing,Beginner,30,4.3,4,30,75.5,4,1.6,22,2,6.2,4,6,1,61.4,63.7,53.6,2,02-08-2025,Scholarship,No,No,1091,68,3,3,4.0,Not Completed,0,3,0,0,0,1,2,4
40644,STU140644,Ritika Sharma,Female,19,Bachelor,Student,Chennai,Mobile,High,C108,Excel for Business,Business,Beginner,25,4.1,4,27,44.2,1,11.7,2,2,9.3,3,7,6,74.4,67.4,36.8,2,14-07-2025,Free,No,No,0,70,2,1,3.3,Not Completed,0,0,2,1,0,1,0,2
40645,STU140645,Kavya Sharma,Female,33,Bachelor,Employed,Vadodara,Mobile,Low,C102,Data Analysis with Python,Programming,Intermediate,60,4.7,1,27,35.0,4,4.5,17,4,8.1,4,6,2,61.8,70.4,39.8,4,07-02-2025,Free,No,Yes,0,33,2,3,4.7,Completed,0,0,0,1,1,2,4,2
40646,STU140646,Nikhil Gupta,Female,24,Bachelor,Student,Bhopal,Mobile,Medium,C101,Python Basics,Programming,Beginner,45,4.6,5,50,51.0,1,5.3,15,5,10.0,5,5,5,72.2,80.7,51.9,3,08-03-2024,NetBanking,Yes,Yes,3754,95,4,1,5.0,Not Completed,0,0,2,1,2,1,4,3
40647,STU140647,Aditya Bhardwaj,Male,26,Bachelor,Employed,Ahmedabad,Mobile,High,C102,Data Analysis with Python,Programming,Intermediate,60,4.7,5,38,54.5,0,0.5,4,4,7.2,8,1,6,89.2,59.9,70.1,1,02-03-2025,NetBanking,Yes,Yes,4446,54,2,1,4.1,Completed,1,0,0,1,0,2,4,3
40648,STU140648,Isha Singh,Male,21,Diploma,Student,Bengaluru,Laptop,High,C102,Data Analysis with Python,Programming,Intermediate,60,4.7,7,33,64.8,2,6.0,2,9,10.0,6,4,5,80.6,80.6,62.7,6,21-04-2025,Free,No,No,0,54,1,4,3.6,Completed,1,1,2,0,0,2,4,2
40649,STU140649,Aarav Sharma,Female,23,Bachelor,Employed,Bhopal,Laptop,High,C101,Python Basics,Programming,Beginner,45,4.6,2,30,52.8,5,0.5,35,4,10.0,2,8,2,48.7,45.5,32.8,1,25-12-2023,Free,No,No,0,65,3,0,4.0,Not Completed,0,0,0,0,0,1,4,2
40650,STU140650,Pooja Iyer,Male,32,Bachelor,Employed,Lucknow,Mobile,High,C105,UI/UX Design Fundamentals,Design,Beginner,40,4.4,3,40,56.3,6,0.5,5,4,7.5,6,4,5,78.2,62.9,58.9,1,15-03-2024,UPI,Yes,No,3711,80,3,1,5.0,Not Completed,1,0,0,1,0,1,1,5
40651,STU140651,Pooja Iyer,Female,28,Bachelor,Employed,Nagpur,Laptop,Medium,C108,Excel for Business,Business,Beginner,25,4.1,4,28,62.1,3,2.9,0,6,5.0,6,4,3,57.9,90.4,62.3,1,15-11-2024,Credit Card,Yes,Yes,2892,100,3,2,4.9,Completed,0,0,0,0,2,1,0,0
40652,STU140652,Vivaan Reddy,Female,31,Master,Employed,Bengaluru,Mobile,Medium,C108,Excel for Business,Business,Beginner,25,4.1,4,45,58.6,5,0.5,0,1,2.7,4,6,4,56.0,85.4,48.8,4,25-11-2024,Free,No,No,0,64,2,2,4.9,Not Completed,0,3,0,1,2,1,0,2
40653,STU140653,Meera Desai,Female,19,Bachelor,Employed,Bhopal,Mobile,High,C102,Data Analysis with Python,Programming,Intermediate,60,4.7,4,42,68.6,4,0.5,11,6,7.4,8,2,3,57.8,83.9,76.2,1,05-01-2024,Debit Card,Yes,No,4781,80,0,0,4.2,Not Completed,0,0,0,1,0,2,4,1
40654,STU140654,Meera Desai,Female,27,Bachelor,Employed,Kolkata,Laptop,Low,C106,Machine Learning A-Z,Programming,Advanced,90,4.6,6,12,84.3,3,0.5,3,5,5.6,3,7,1,71.8,80.4,51.5,0,16-06-2024,Free,No,No,0,44,0,2,4.6,Completed,0,0,0,0,1,0,4,2
40655,STU140655,Sneha Sharma,Female,30,PhD,Employed,Indore,Mobile,Medium,C107,Statistics for Data Science,Math,Intermediate,50,4.2,4,10,61.8,3,0.6,4,7,3.9,6,4,2,82.2,58.8,60.6,0,14-05-2025,Debit Card,Yes,No,4420,79,2,2,3.6,Not Completed,0,4,0,1,2,2,3,1
40656,STU140656,Ritika Bhardwaj,Male,32,Bachelor,Student,Hyderabad,Mobile,Medium,C107,Statistics for Data Science,Math,Intermediate,50,4.2,4,31,42.0,1,2.5,1,6,4.2,4,6,4,92.9,61.2,41.8,0,10-05-2025,NetBanking,Yes,Yes,3913,76,3,0,3.4,Completed,1,0,2,1,2,2,3,3
40657,STU140657,Rohan Reddy,Male,33,Master,Student,Delhi,Tablet,High,C101,Python Basics,Programming,Beginner,45,4.6,3,42,71.8,1,0.5,5,5,8.4,6,4,1,58.4,81.3,65.2,1,29-03-2024,Credit Card,Yes,Yes,3605,28,1,1,4.3,Not Completed,1,3,2,2,0,1,4,0
40658,STU140658,Rahul Kumar,Female,21,HighSchool,Employed,Chennai,Mobile,High,C104,Digital Marketing Essentials,Marketing,Beginner,30,4.3,10,45,95.6,0,2.7,4,3,4.9,3,6,2,74.9,57.4,54.3,2,17-02-2024,UPI,Yes,No,3390,72,2,3,5.0,Completed,0,2,0,1,0,1,2,5
40659,STU140659,Rahul Shah,Female,31,Bachelor,Employed,Indore,Mobile,Low,C103,Introduction to AI,Programming,Intermediate,75,4.5,7,34,77.6,2,7.4,4,7,4.5,4,6,3,78.7,64.9,54.4,1,21-09-2024,Debit Card,Yes,No,5395,69,1,0,4.0,Completed,0,0,0,1,1,2,4,1
40660,STU140660,Isha Nair,Female,32,Master,Employed,Kolkata,Laptop,High,C108,Excel for Business,Business,Beginner,25,4.1,3,40,94.1,1,12.8,4,8,7.5,5,5,1,87.0,45.8,65.2,2,16-01-2024,UPI,Yes,No,3565,28,6,2,5.0,Completed,0,3,0,0,0,1,0,5
40661,STU140661,Arjun Bhardwaj,Male,18,HighSchool,Self-Employed,Indore,Mobile,Medium,C103,Introduction to AI,Programming,Intermediate,75,4.5,5,38,67.2,5,9.0,14,7,7.5,7,3,9,68.8,84.8,69.8,3,18-10-2024,UPI,Yes,No,5183,100,9,0,4.2,Completed,1,2,1,1,2,2,4,5
40662,STU140662,Sai Desai,Female,20,Bachelor,Employed,Ahmedabad,Tablet,Low,C106,Machine Learning A-Z,Programming,Advanced,90,4.6,1,26,18.0,1,4.0,16,2,8.1,6,4,3,93.2,79.9,46.3,4,16-12-2023,UPI,Yes,No,6758,88,0,1,4.9,Completed,0,0,0,2,1,0,4,5
40663,STU140663,Sneha Bhardwaj,Male,30,HighSchool,Student,Mumbai,Mobile,Low,C104,Digital Marketing Essentials,Marketing,Beginner,30,4.3,7,25,37.6,1,10.3,5,5,7.0,5,5,6,52.2,66.5,46.5,2,11-02-2025,UPI,Yes,No,3250,75,2,1,4.7,Not Completed,1,2,2,1,1,1,2,5
40664,STU140664,Nikhil Iyer,Male,27,Bachelor,Student,Hyderabad,Mobile,High,C108,Excel for Business,Business,Beginner,25,4.1,4,45,82.5,4,0.5,4,7,2.6,4,6,10,52.5,88.6,57.3,3,05-10-2024,Free,No,Yes,0,89,1,2,4.0,Completed,1,0,2,1,0,1,0,2
40665,STU140665,Rohan Joshi,Male,23,Bachelor,Student,Delhi,Mobile,High,C101,Python Basics,Programming,Beginner,45,4.6,6,31,75.7,2,0.5,3,3,8.4,5,4,6,85.0,86.3,60.8,1,18-11-2024,Free,No,No,0,58,4,1,4.4,Not Completed,1,0,2,1,0,1,4,2
40666,STU140666,Sneha Joshi,Female,25,HighSchool,Student,Chennai,Laptop,Medium,C105,UI/UX Design Fundamentals,Design,Beginner,40,4.4,9,21,30.4,7,0.5,0,3,6.2,5,5,6,58.7,66.0,43.9,2,14-05-2024,NetBanking,Yes,Yes,3645,84,2,0,4.1,Not Completed,0,2,2,0,2,1,1,3
40667,STU140667,Vivaan Singh,Male,27,Bachelor,Employed,Indore,Laptop,High,C103,Introduction to AI,Programming,Intermediate,75,4.5,6,40,85.4,0,3.9,6,5,5.8,4,6,5,84.8,58.6,56.8,2,08-01-2025,Credit Card,Yes,No,5518,76,1,3,4.8,Completed,1,0,0,0,0,2,4,0
40668,STU140668,Priya Bhardwaj,Female,22,Master,Employed,Bengaluru,Laptop,High,C106,Machine Learning A-Z,Programming,Advanced,90,4.6,3,24,36.4,2,7.3,3,4,5.8,1,9,3,69.6,62.3,21.8,1,05-07-2025,NetBanking,Yes,No,6103,63,1,1,3.1,Not Completed,0,3,0,0,0,0,4,3
40669,STU140669,Pooja Desai,Female,17,Master,Employed,Kolkata,Mobile,Medium,C107,Statistics for Data Science,Math,Intermediate,50,4.2,6,36,55.5,4,8.3,13,2,5.3,4,6,3,87.2,45.7,45.7,4,07-04-2024,UPI,Yes,No,4302,77,2,0,5.0,Completed,0,3,0,1,2,2,3,5
40670,STU140670,Sneha Bose,Female,17,Bachelor,Employed,Indore,Laptop,Low,C104,Digital Marketing Essentials,Marketing,Beginner,30,4.3,2,17,13.0,0,2.4,1,4,5.2,2,7,1,92.1,66.1,19.9,3,02-04-2024,Scholarship,No,Yes,516,40,2,0,3.5,Not Completed,0,0,0,0,1,1,2,4
40671,STU140671,Aditya Patel,Male,21,Master,Student,Vadodara,Mobile,Medium,C101,Python Basics,Programming,Beginner,45,4.6,5,17,67.7,1,2.2,2,4,10.0,4,6,3,79.0,70.7,51.2,7,05-05-2025,Scholarship,No,No,1884,77,4,0,2.3,Not Completed,1,3,2,1,2,1,4,4
40672,STU140672,Rohan Kumar,Male,31,Bachelor,Student,Delhi,Mobile,Medium,C104,Digital Marketing Essentials,Marketing,Beginner,30,4.3,3,28,77.4,0,3.6,8,5,6.0,4,6,3,77.7,64.9,54.3,4,24-07-2025,UPI,Yes,Yes,3139,46,3,1,4.1,Not Completed,1,0,2,1,2,1,2,5
40673,STU140673,Krishna Bose,Female,28,Bachelor,Student,Jaipur,Mobile,Low,C105,UI/UX Design Fundamentals,Design,Beginner,40,4.4,6,33,69.3,3,0.5,5,7,5.8,6,4,3,74.7,77.3,64.1,0,06-02-2025,Scholarship,No,No,952,64,3,1,3.7,Not Completed,0,0,2,1,1,1,1,4
40674,STU140674,Nikhil Desai,Female,27,Bachelor,Student,Chennai,Mobile,Medium,C102,Data Analysis with Python,Programming,Intermediate,60,4.7,5,43,55.9,3,1.7,4,6,4.1,4,6,5,59.7,61.1,46.6,1,31-07-2025,UPI,Yes,No,5318,49,2,0,4.4,Not Completed,0,0,2,1,2,2,4,5
40675,STU140675,Vivaan Sharma,Other,21,Bachelor,Student,Kolkata,Mobile,High,C104,Digital Marketing Essentials,Marketing,Beginner,30,4.3,7,31,32.4,3,10.6,5,4,6.1,1,9,5,93.0,71.5,20.9,2,08-02-2025,UPI,Yes,No,3278,95,2,1,3.8,Not Completed,2,0,2,1,0,1,2,5
40676,STU140676,Ritika Iyer,Male,31,Bachelor,Employed,Delhi,Mobile,Medium,C101,Python Basics,Programming,Beginner,45,4.6,4,26,25.7,2,4.9,6,2,5.3,5,5,5,56.8,41.3,41.1,3,01-06-2025,UPI,Yes,No,3847,84,3,1,3.4,Not Completed,1,0,0,1,2,1,4,5
40677,STU140677,Meera Verma,Female,26,Bachelor,Student,Delhi,Laptop,Medium,C103,Introduction to AI,Programming,Intermediate,75,4.5,3,31,34.0,2,5.8,0,1,5.7,7,3,2,71.4,67.4,57.3,1,02-03-2024,Free,No,Yes,0,69,1,1,2.9,Not Completed,0,0,2,0,2,2,4,2
40678,STU140678,Vivaan Gupta,Female,17,Master,Employed,Jaipur,Laptop,Medium,C102,Data Analysis with Python,Programming,Intermediate,60,4.7,4,20,60.5,1,0.5,4,4,5.4,4,6,4,67.6,65.9,48.5,1,04-09-2024,UPI,Yes,No,5021,39,1,0,3.8,Not Completed,0,3,0,0,2,2,4,5
40679,STU140679,Priya Iyer,Male,24,Master,Student,Chennai,Laptop,High,C102,Data Analysis with Python,Programming,Intermediate,60,4.7,4,38,43.0,5,0.5,22,8,9.8,4,6,1,78.0,90.2,43.6,0,25-05-2025,UPI,Yes,No,4566,84,1,0,4.6,Not Completed,1,3,2,0,0,2,4,5
40680,STU140680,Isha Singh,Female,30,Master,Student,Bengaluru,Mobile,Medium,C104,Digital Marketing Essentials,Marketing,Beginner,30,4.3,7,38,83.7,4,4.2,26,7,4.6,6,4,4,80.4,75.8,69.1,5,20-09-2024,UPI,Yes,No,3781,84,1,1,3.3,Completed,0,3,2,1,2,1,2,5
40681,STU140681,Nikhil Gupta,Female,32,Bachelor,Employed,Bengaluru,Mobile,High,C108,Excel for Business,Business,Beginner,25,4.1,7,14,41.1,2,11.3,3,2,6.7,3,7,5,78.7,77.7,36.3,4,30-04-2025,UPI,Yes,No,3066,69,4,0,3.7,Not Completed,0,0,0,1,0,1,0,5
40682,STU140682,Aarav Shah,Male,29,Bachelor,Unemployed,Jaipur,Mobile,Medium,C108,Excel for Business,Business,Beginner,25,4.1,5,19,36.9,2,0.5,12,6,7.5,10,0,3,69.9,79.7,76.9,1,11-07-2025,Debit Card,Yes,No,3261,47,0,1,5.0,Completed,1,0,3,1,2,1,0,1
40683,STU140683,Sneha Joshi,Female,28,Diploma,Student,Surat,Laptop,High,C108,Excel for Business,Business,Beginner,25,4.1,2,24,54.8,4,0.5,4,3,10.0,4,6,1,76.3,78.7,47.1,4,18-11-2024,Free,No,No,0,63,1,1,4.8,Not Completed,0,1,2,0,0,1,0,2
40684,STU140684,Vihaan Kumar,Female,22,Bachelor,Student,Ahmedabad,Mobile,Medium,C108,Excel for Business,Business,Beginner,25,4.1,3,13,22.8,3,0.5,1,5,9.5,6,4,3,93.1,51.8,46.6,0,06-03-2024,Credit Card,Yes,No,3106,100,2,2,4.3,Not Completed,0,0,2,1,2,1,0,0
40685,STU140685,Sakshi Bose,Male,21,Bachelor,Student,Vadodara,Mobile,High,C103,Introduction to AI,Programming,Intermediate,75,4.5,3,29,78.0,3,1.5,12,4,7.0,6,4,4,76.6,56.0,66.1,3,29-02-2024,UPI,Yes,No,5645,61,3,0,4.1,Completed,1,0,2,1,0,2,4,5
40686,STU140686,Vihaan Nair,Female,20,Bachelor,Employed,Hyderabad,Laptop,High,C108,Excel for Business,Business,Beginner,25,4.1,8,39,45.9,4,2.3,2,10,7.3,7,3,3,75.8,78.0,62.0,2,02-07-2024,Debit Card,Yes,Yes,2798,35,5,1,4.7,Not Completed,0,0,0,0,0,1,0,1
40687,STU140687,Priya Desai,Male,34,Bachelor,Employed,Delhi,Laptop,High,C105,UI/UX Design Fundamentals,Design,Beginner,40,4.4,4,25,48.0,2,0.5,1,8,5.0,3,6,5,79.7,57.3,37.7,4,23-06-2025,Debit Card,Yes,No,3797,76,5,2,3.2,Not Completed,1,0,0,0,0,1,1,1
40688,STU140688,Rohan Reddy,Female,24,Bachelor,Unemployed,Jaipur,Laptop,Medium,C102,Data Analysis with Python,Programming,Intermediate,60,4.7,6,33,61.6,2,0.5,1,5,6.5,4,6,3,64.1,77.1,49.4,3,03-02-2024,Free,No,No,0,83,1,4,5.0,Completed,0,0,3,0,2,2,4,2
40689,STU140689,Aarav Mehta,Female,27,HighSchool,Employed,Mumbai,Mobile,High,C101,Python Basics,Programming,Beginner,45,4.6,7,30,84.9,5,2.6,1,7,4.4,7,2,7,76.6,54.5,74.4,0,23-08-2024,UPI,Yes,No,3825,85,4,0,3.0,Completed,0,2,0,1,0,1,4,5
40690,STU140690,Isha Nair,Female,29,Bachelor,Student,Delhi,Mobile,Medium,C102,Data Analysis with Python,Programming,Intermediate,60,4.7,2,16,52.4,1,0.7,1,2,6.2,5,5,6,85.5,42.3,50.4,2,13-03-2024,Free,No,No,0,31,2,0,4.8,Completed,0,0,2,1,2,2,4,2
40691,STU140691,Krishna Mehta,Female,34,Bachelor,Student,Hyderabad,Laptop,Medium,C106,Machine Learning A-Z,Programming,Advanced,90,4.6,3,11,91.6,1,5.8,3,4,5.1,2,8,2,82.3,89.3,48.5,1,11-08-2025,Credit Card,Yes,Yes,5104,79,1,1,4.4,Not Completed,0,0,2,0,2,0,4,0
40692,STU140692,Sakshi Patel,Male,21,Master,Employed,Surat,Mobile,Medium,C104,Digital Marketing Essentials,Marketing,Beginner,30,4.3,4,36,75.3,2,0.5,2,10,5.7,4,6,0,73.2,67.8,53.7,5,21-01-2025,Scholarship,No,No,1722,73,3,0,3.7,Completed,1,3,0,1,2,1,2,4
40693,STU140693,Arjun Nair,Male,33,Bachelor,Unemployed,Ahmedabad,Mobile,Medium,C108,Excel for Business,Business,Beginner,25,4.1,2,38,64.1,4,0.8,4,4,4.8,4,6,4,82.2,61.8,49.5,2,16-10-2024,Scholarship,No,No,380,91,1,1,4.6,Not Completed,1,0,3,1,2,1,0,4
40694,STU140694,Priya Kumar,Female,28,Master,Student,Bengaluru,Laptop,Low,C107,Statistics for Data Science,Math,Intermediate,50,4.2,2,28,31.4,2,3.8,1,1,7.2,6,4,2,76.5,50.5,49.5,2,21-09-2024,Scholarship,No,No,1717,67,1,0,5.0,Completed,0,3,2,0,1,2,3,4
40695,STU140695,Sneha Patel,Male,17,Bachelor,Employed,Kolkata,Laptop,Low,C103,Introduction to AI,Programming,Intermediate,75,4.5,8,31,36.8,3,4.6,8,7,9.4,6,4,1,55.1,52.3,51.5,1,26-08-2025,Debit Card,Yes,No,5362,89,2,0,4.2,Not Completed,1,0,0,0,1,2,4,1
40696,STU140696,Isha Gupta,Male,27,Bachelor,Student,Lucknow,Mobile,Medium,C103,Introduction to AI,Programming,Intermediate,75,4.5,7,53,86.6,2,11.6,5,11,6.5,3,7,7,91.9,85.4,52.6,2,28-06-2025,Credit Card,Yes,Yes,4549,72,3,1,5.0,Completed,1,0,2,1,2,2,4,0
40697,STU140697,Isha Gupta,Other,17,Bachelor,Unemployed,Bengaluru,Tablet,Medium,C104,Digital Marketing Essentials,Marketing,Beginner,30,4.3,5,30,48.4,1,0.5,5,6,5.4,1,8,1,93.8,73.1,26.6,1,02-07-2024,UPI,Yes,No,3252,59,2,0,3.4,Not Completed,2,0,3,2,2,1,2,5
40698,STU140698,Nikhil Nair,Male,17,Bachelor,Student,Hyderabad,Laptop,High,C101,Python Basics,Programming,Beginner,45,4.6,7,29,72.4,1,9.0,10,7,9.3,5,5,2,53.2,69.0,58.8,5,01-08-2025,Credit Card,Yes,No,4615,80,1,0,2.7,Completed,1,0,2,0,0,1,4,0
40699,STU140699,Sneha Iyer,Male,22,Bachelor,Self-Employed,Delhi,Laptop,Low,C102,Data Analysis with Python,Programming,Intermediate,60,4.7,5,19,69.5,1,5.3,2,4,10.0,5,4,7,82.0,67.6,57.7,2,02-12-2023,NetBanking,Yes,No,4982,42,3,0,4.1,Not Completed,1,0,1,0,1,2,4,3
40700,STU140700,Nikhil Verma,Female,28,Diploma,Student,Kolkata,Mobile,Low,C104,Digital Marketing Essentials,Marketing,Beginner,30,4.3,3,22,57.9,2,3.0,1,6,8.2,4,5,4,75.8,79.0,48.2,4,01-05-2025,Debit Card,Yes,No,3303,73,1,1,4.3,Not Completed,0,1,2,1,1,1,2,1
40701,STU140701,Isha Bhardwaj,Male,24,Bachelor,Student,Nagpur,Mobile,High,C101,Python Basics,Programming,Beginner,45,4.6,8,39,91.2,2,5.3,8,7,4.6,6,4,5,79.0,100.0,72.9,1,21-10-2023,Free,No,No,0,45,3,3,4.4,Completed,1,0,2,1,0,1,4,2
40702,STU140702,Vivaan Patel,Male,20,HighSchool,Employed,Indore,Mobile,High,C102,Data Analysis with Python,Programming,Intermediate,60,4.7,4,35,86.4,2,0.5,1,4,7.4,7,3,4,90.2,57.1,75.1,1,18-05-2025,UPI,Yes,Yes,4049,70,5,0,4.2,Not Completed,1,2,0,1,0,2,4,5
40703,STU140703,Isha Bose,Female,22,Diploma,Employed,Vadodara,Laptop,Low,C107,Statistics for Data Science,Math,Intermediate,50,4.2,4,35,77.8,0,0.8,0,5,4.6,3,7,4,81.7,66.6,48.6,2,19-08-2024,Free,No,No,0,76,3,0,3.7,Not Completed,0,1,0,0,1,2,3,2
40704,STU140704,Vivaan Bose,Female,23,Bachelor,Student,Surat,Laptop,Medium,C106,Machine Learning A-Z,Programming,Advanced,90,4.6,9,33,86.6,3,0.5,1,4,10.0,6,4,1,76.1,75.6,70.1,2,03-02-2025,Scholarship,No,Yes,2303,47,0,0,3.6,Not Completed,0,0,2,0,2,0,4,4
40705,STU140705,Rohan Mehta,Female,39,Master,Student,Ahmedabad,Tablet,High,C105,UI/UX Design Fundamentals,Design,Beginner,40,4.4,4,35,83.9,1,5.3,15,7,8.0,5,5,4,79.6,79.1,63.3,2,30-08-2025,Scholarship,No,No,1818,88,0,0,3.2,Completed,0,3,2,2,0,1,1,4
40706,STU140706,Aditya Sharma,Female,28,Bachelor,Employed,Surat,Laptop,Medium,C103,Introduction to AI,Programming,Intermediate,75,4.5,5,38,58.4,1,0.5,19,3,6.3,3,7,6,67.1,45.7,40.7,4,31-01-2024,UPI,Yes,Yes,4769,88,5,0,4.5,Not Completed,0,0,0,0,2,2,4,5
40707,STU140707,Neha Desai,Female,21,Master,Student,Bengaluru,Laptop,Low,C101,Python Basics,Programming,Beginner,45,4.6,4,32,72.6,4,3.4,14,4,7.3,4,6,8,82.4,51.7,52.0,3,18-04-2024,Free,No,No,0,74,1,0,4.5,Not Completed,0,3,2,0,1,1,4,2
40708,STU140708,Sneha Bhardwaj,Female,29,Bachelor,Employed,Lucknow,Laptop,Medium,C104,Digital Marketing Essentials,Marketing,Beginner,30,4.3,5,38,73.9,3,10.6,6,8,5.5,6,4,5,83.7,87.3,66.2,2,31-08-2024,NetBanking,Yes,No,3849,88,1,0,4.9,Completed,0,0,0,0,2,1,2,3
40709,STU140709,Nikhil Nair,Female,20,Bachelor,Student,Kolkata,Laptop,High,C101,Python Basics,Programming,Beginner,45,4.6,5,55,51.7,2,4.0,6,4,9.8,5,5,4,65.8,67.3,51.4,4,11-12-2023,UPI,Yes,No,4334,46,1,1,4.3,Completed,0,0,2,0,0,1,4,5
40710,STU140710,Rahul Sharma,Male,25,HighSchool,Employed,Vadodara,Laptop,Medium,C106,Machine Learning A-Z,Programming,Advanced,90,4.6,4,32,79.7,4,0.5,2,2,7.0,4,6,0,55.9,61.9,55.0,2,23-01-2024,Credit Card,Yes,No,6509,80,2,1,3.3,Completed,1,2,0,0,2,0,4,0
40711,STU140711,Rahul Singh,Male,25,Bachelor,Employed,Delhi,Laptop,High,C105,UI/UX Design Fundamentals,Design,Beginner,40,4.4,5,31,72.9,2,6.3,2,2,5.7,3,7,5,59.3,49.5,46.0,2,22-03-2024,Free,No,No,0,59,2,1,5.0,Not Completed,1,0,0,0,0,1,1,2
40712,STU140712,Pooja Patel,Female,26,HighSchool,Student,Kolkata,Mobile,Medium,C106,Machine Learning A-Z,Programming,Advanced,90,4.6,3,34,74.4,1,1.1,0,4,8.5,9,1,0,73.7,84.7,84.3,6,12-03-2025,UPI,Yes,Yes,4976,57,1,2,4.9,Completed,0,2,2,1,2,0,4,5
40713,STU140713,Krishna Mehta,Female,27,Bachelor,Employed,Indore,Mobile,High,C103,Introduction to AI,Programming,Intermediate,75,4.5,8,40,24.1,5,4.7,7,6,9.8,5,5,4,84.6,80.6,42.5,1,13-01-2025,Free,No,No,0,59,3,0,5.0,Not Completed,0,0,0,1,0,2,4,2
40714,STU140714,Nikhil Nair,Male,21,Diploma,Student,Chennai,Mobile,High,C108,Excel for Business,Business,Beginner,25,4.1,4,26,85.2,4,7.1,12,6,7.9,3,7,6,51.8,87.3,52.2,1,03-12-2024,UPI,Yes,No,3277,100,4,0,3.4,Completed,1,1,2,1,0,1,0,5
40715,STU140715,Arjun Shah,Male,22,Bachelor,Employed,Bengaluru,Laptop,Medium,C108,Excel for Business,Business,Beginner,25,4.1,2,46,75.1,4,0.5,19,6,5.2,4,6,2,72.7,100.0,55.3,1,23-02-2024,Free,No,No,0,57,1,0,4.3,Not Completed,1,0,0,0,2,1,0,2
40716,STU140716,Nikhil Verma,Male,26,Bachelor,Employed,Jaipur,Mobile,Medium,C103,Introduction to AI,Programming,Intermediate,75,4.5,1,37,43.2,1,6.0,5,1,6.7,4,6,5,68.6,54.3,41.8,0,21-01-2024,UPI,Yes,No,5330,46,0,1,4.2,Not Completed,1,0,0,1,2,2,4,5
40717,STU140717,Pooja Patel,Male,27,Master,Employed,Bengaluru,Mobile,High,C105,UI/UX Design Fundamentals,Design,Beginner,40,4.4,3,16,56.9,3,0.5,9,5,6.8,4,6,1,77.0,63.0,47.1,2,26-08-2025,Debit Card,Yes,No,4334,56,2,3,3.4,Completed,1,3,0,1,0,1,1,1
40718,STU140718,Krishna Nair,Male,31,Bachelor,Student,Nagpur,Mobile,High,C101,Python Basics,Programming,Beginner,45,4.6,4,11,49.8,1,0.5,3,6,5.6,3,7,5,44.0,37.5,37.3,0,07-11-2024,Free,No,No,0,99,1,1,4.5,Not Completed,1,0,2,1,0,1,4,2
40719,STU140719,Pooja Iyer,Male,17,Bachelor,Employed,Bhopal,Mobile,Medium,C103,Introduction to AI,Programming,Intermediate,75,4.5,7,34,83.0,4,0.5,11,4,6.3,4,5,3,65.4,68.5,56.5,3,11-02-2025,Free,No,No,0,65,2,1,4.0,Completed,1,0,0,1,2,2,4,2
40720,STU140720,Ananya Shah,Female,27,Master,Student,Chennai,Mobile,Medium,C105,UI/UX Design Fundamentals,Design,Beginner,40,4.4,4,34,38.7,4,0.5,33,2,4.1,5,5,5,61.3,80.5,47.6,0,22-04-2024,Credit Card,Yes,No,3631,87,1,1,3.3,Not Completed,0,3,2,1,2,1,1,0
40721,STU140721,Aarav Desai,Female,33,HighSchool,Student,Chennai,Mobile,Low,C106,Machine Learning A-Z,Programming,Advanced,90,4.6,3,43,78.6,3,0.5,0,2,4.5,5,4,2,72.6,70.8,61.0,2,21-08-2025,UPI,Yes,No,6778,73,3,2,4.0,Completed,0,2,2,1,1,0,4,5
40722,STU140722,Nikhil Nair,Male,17,Bachelor,Employed,Nagpur,Tablet,Low,C102,Data Analysis with Python,Programming,Intermediate,60,4.7,4,15,52.9,1,4.0,20,3,3.9,4,6,2,57.1,62.3,45.6,2,05-12-2023,Free,No,No,0,72,2,0,3.6,Not Completed,1,0,0,2,1,2,4,2
40723,STU140723,Vihaan Reddy,Male,31,Bachelor,Employed,Bhopal,Mobile,Medium,C102,Data Analysis with Python,Programming,Intermediate,60,4.7,7,22,35.9,5,6.4,0,2,5.6,4,6,6,93.5,42.9,38.7,2,26-05-2025,Free,No,No,0,99,3,0,3.4,Completed,1,0,0,1,2,2,4,2
40724,STU140724,Ritika Nair,Female,22,Master,Employed,Bengaluru,Mobile,Medium,C102,Data Analysis with Python,Programming,Intermediate,60,4.7,5,54,81.3,3,5.3,4,6,8.7,6,4,5,70.7,82.0,68.6,5,26-10-2023,UPI,Yes,No,5004,75,0,0,3.8,Completed,0,3,0,1,2,2,4,5
40725,STU140725,Vihaan Verma,Female,29,Master,Employed,Ahmedabad,Mobile,Medium,C108,Excel for Business,Business,Beginner,25,4.1,4,17,63.0,0,2.3,1,5,5.5,5,5,1,74.5,72.9,55.7,1,02-04-2025,UPI,Yes,No,3499,94,3,4,3.4,Not Completed,0,3,0,1,2,1,0,5
40726,STU140726,Nikhil Nair,Male,22,Bachelor,Employed,Chennai,Mobile,High,C106,Machine Learning A-Z,Programming,Advanced,90,4.6,3,19,80.1,2,7.2,21,3,10.0,6,4,1,72.6,35.7,65.8,2,28-10-2023,Debit Card,Yes,No,5861,65,1,0,4.5,Not Completed,1,0,0,1,0,0,4,1
40727,STU140727,Arjun Sharma,Female,28,Diploma,Student,Nagpur,Laptop,High,C102,Data Analysis with Python,Programming,Intermediate,60,4.7,6,55,54.1,3,8.4,24,3,5.6,3,7,4,34.1,61.4,40.0,1,10-04-2025,Credit Card,Yes,Yes,4339,62,3,0,4.4,Not Completed,0,1,2,0,0,2,4,0
40728,STU140728,Rahul Desai,Male,27,Bachelor,Employed,Mumbai,Tablet,Medium,C105,UI/UX Design Fundamentals,Design,Beginner,40,4.4,3,26,56.5,1,0.5,5,5,6.6,6,4,3,88.1,49.1,58.2,3,07-06-2024,UPI,Yes,Yes,3256,57,3,0,4.1,Completed,1,0,0,2,2,1,1,5
40729,STU140729,Neha Reddy,Male,30,Bachelor,Student,Hyderabad,Mobile,Low,C104,Digital Marketing Essentials,Marketing,Beginner,30,4.3,3,44,83.0,2,7.6,0,2,4.3,4,6,2,82.5,63.0,56.2,4,18-06-2024,Credit Card,Yes,No,3601,69,2,0,4.3,Completed,1,0,2,1,1,1,2,0
40730,STU140730,Sakshi Kumar,Female,25,HighSchool,Employed,Nagpur,Laptop,High,C103,Introduction to AI,Programming,Intermediate,75,4.5,2,45,54.1,5,0.5,5,8,2.2,6,4,3,89.0,78.2,58.9,4,20-10-2024,UPI,Yes,No,5838,79,4,2,4.8,Completed,0,2,0,0,0,2,4,5
40731,STU140731,Pooja Desai,Male,27,Bachelor,Student,Indore,Mobile,Medium,C103,Introduction to AI,Programming,Intermediate,75,4.5,5,31,83.7,3,2.1,3,5,2.4,4,6,4,74.6,74.5,57.0,5,17-04-2024,Credit Card,Yes,No,5847,76,2,1,4.1,Not Completed,1,0,2,1,2,2,4,0
40732,STU140732,Sai Verma,Female,35,Bachelor,Student,Vadodara,Mobile,Low,C104,Digital Marketing Essentials,Marketing,Beginner,30,4.3,8,44,52.3,1,3.1,0,3,4.4,7,3,9,74.0,73.2,64.0,2,05-10-2024,Debit Card,Yes,Yes,3167,50,1,0,5.0,Not Completed,0,0,2,1,1,1,2,1
40733,STU140733,Isha Singh,Male,20,HighSchool,Student,Mumbai,Mobile,Medium,C104,Digital Marketing Essentials,Marketing,Beginner,30,4.3,4,40,84.7,0,0.8,13,4,4.2,3,7,3,74.0,76.5,51.5,2,16-03-2025,Free,No,No,0,73,3,0,4.9,Completed,1,2,2,1,2,1,2,2
40734,STU140734,Vihaan Bose,Male,24,Bachelor,Student,Surat,Laptop,High,C103,Introduction to AI,Programming,Intermediate,75,4.5,4,13,78.4,1,0.7,25,3,4.4,2,8,6,52.6,62.8,42.6,1,31-10-2024,UPI,Yes,No,5212,75,1,0,3.0,Not Completed,1,0,2,0,0,2,4,5
40735,STU140735,Aditya Iyer,Female,19,HighSchool,Employed,Surat,Laptop,Medium,C105,UI/UX Design Fundamentals,Design,Beginner,40,4.4,3,40,76.1,0,7.1,9,5,6.4,3,7,2,71.1,31.4,46.2,1,31-07-2025,Credit Card,Yes,Yes,3241,46,3,0,5.0,Not Completed,0,2,0,0,2,1,1,0
40736,STU140736,Ritika Reddy,Female,18,Bachelor,Employed,Vadodara,Mobile,Medium,C104,Digital Marketing Essentials,Marketing,Beginner,30,4.3,5,36,73.2,0,8.6,2,6,4.5,4,6,6,89.2,68.0,53.0,2,24-11-2023,Free,No,Yes,0,66,1,0,5.0,Completed,0,0,0,1,2,1,2,2
40737,STU140737,Nikhil Gupta,Male,29,Master,Student,Bengaluru,Tablet,Medium,C104,Digital Marketing Essentials,Marketing,Beginner,30,4.3,2,34,40.0,1,8.1,4,7,7.8,9,1,3,71.1,63.2,71.1,2,22-02-2024,UPI,Yes,No,3157,44,3,4,3.6,Completed,1,3,2,2,2,1,2,5
40738,STU140738,Isha Kumar,Male,24,Master,Student,Vadodara,Laptop,Medium,C108,Excel for Business,Business,Beginner,25,4.1,9,31,68.7,1,1.9,2,0,6.1,4,6,5,65.4,90.2,52.5,3,14-07-2024,Scholarship,No,No,945,41,5,3,3.7,Completed,1,3,2,0,2,1,0,4
40739,STU140739,Arjun Reddy,Female,22,Bachelor,Student,Indore,Mobile,Low,C108,Excel for Business,Business,Beginner,25,4.1,5,39,82.2,4,5.5,7,5,4.7,7,3,3,49.3,78.6,74.7,4,18-01-2025,Free,No,No,0,80,3,1,4.5,Not Completed,0,0,2,1,1,1,0,2
40740,STU140740,Aarav Bose,Female,30,Bachelor,Employed,Bengaluru,Tablet,High,C104,Digital Marketing Essentials,Marketing,Beginner,30,4.3,6,27,33.9,1,5.1,1,8,6.3,3,7,4,63.4,59.1,32.8,2,13-03-2024,UPI,Yes,No,3395,69,1,0,4.5,Not Completed,0,0,0,2,0,1,2,5
40741,STU140741,Arjun Gupta,Male,21,Bachelor,Employed,Lucknow,Laptop,Low,C101,Python Basics,Programming,Beginner,45,4.6,1,5,84.0,0,5.4,2,1,8.1,4,6,3,36.3,79.3,57.4,1,10-08-2024,NetBanking,Yes,No,4619,67,2,1,5.0,Completed,1,0,0,0,1,1,4,3
40742,STU140742,Sneha Shah,Male,23,Master,Student,Jaipur,Laptop,High,C107,Statistics for Data Science,Math,Intermediate,50,4.2,6,29,65.1,4,0.5,13,5,5.3,3,7,7,73.2,68.9,44.2,4,23-07-2025,Credit Card,Yes,No,4928,48,5,0,4.7,Completed,1,3,2,0,0,2,3,0
40743,STU140743,Vihaan Shah,Male,20,Bachelor,Employed,Nagpur,Mobile,High,C101,Python Basics,Programming,Beginner,45,4.6,5,48,28.5,4,3.6,0,8,10.0,7,3,5,82.4,73.2,55.6,0,22-11-2023,NetBanking,Yes,No,4395,71,4,2,4.4,Completed,1,0,0,1,0,1,4,3
40744,STU140744,Nikhil Verma,Female,31,Bachelor,Student,Lucknow,Laptop,Medium,C102,Data Analysis with Python,Programming,Intermediate,60,4.7,6,22,82.6,1,5.7,0,4,6.2,3,7,10,76.5,84.9,51.2,3,10-03-2025,Debit Card,Yes,No,5295,44,2,1,3.5,Not Completed,0,0,2,0,2,2,4,1
40745,STU140745,Arjun Bose,Female,30,Bachelor,Student,Kolkata,Mobile,Medium,C101,Python Basics,Programming,Beginner,45,4.6,6,35,48.9,5,5.1,9,4,6.1,4,6,8,82.6,100.0,46.1,4,02-08-2025,UPI,Yes,No,4343,68,3,0,5.0,Completed,0,0,2,1,2,1,4,5
40746,STU140746,Vihaan Shah,Female,24,Master,Student,Vadodara,Mobile,High,C107,Statistics for Data Science,Math,Intermediate,50,4.2,5,35,71.3,2,0.5,0,6,9.3,8,2,4,86.9,60.8,76.0,5,18-08-2025,Credit Card,Yes,No,4911,86,3,0,5.0,Not Completed,0,3,2,1,0,2,3,0
40747,STU140747,Arjun Sharma,Female,21,Bachelor,Self-Employed,Mumbai,Mobile,Medium,C104,Digital Marketing Essentials,Marketing,Beginner,30,4.3,3,25,79.4,3,1.8,2,7,5.1,8,2,4,81.8,51.3,78.4,2,02-07-2024,Free,No,No,0,57,0,0,5.0,Not Completed,0,0,1,1,2,1,2,2
40748,STU140748,Ananya Desai,Female,30,HighSchool,Self-Employed,Vadodara,Laptop,Medium,C102,Data Analysis with Python,Programming,Intermediate,60,4.7,7,41,91.8,4,1.5,3,6,6.6,4,6,5,89.0,100.0,61.1,0,10-04-2024,Debit Card,Yes,No,5390,68,5,0,3.4,Completed,0,2,1,0,2,2,4,1
40749,STU140749,Sneha Kumar,Male,35,HighSchool,Student,Indore,Laptop,Medium,C107,Statistics for Data Science,Math,Intermediate,50,4.2,6,43,64.6,4,2.2,3,5,2.7,4,6,1,63.6,65.3,49.9,4,22-09-2024,Debit Card,Yes,No,4252,31,2,1,3.9,Not Completed,1,2,2,0,2,2,3,1
40750,STU140750,Ananya Singh,Female,24,Bachelor,Student,Chennai,Tablet,High,C108,Excel for Business,Business,Beginner,25,4.1,4,39,49.7,0,0.5,39,8,6.4,2,8,4,97.4,65.2,32.7,1,07-08-2025,Credit Card,Yes,No,3215,87,2,0,4.1,Not Completed,0,0,2,2,0,1,0,0
40751,STU140751,Krishna Iyer,Female,38,Master,Employed,Delhi,Mobile,Low,C106,Machine Learning A-Z,Programming,Advanced,90,4.6,3,30,57.8,1,1.3,0,5,3.4,5,5,1,61.6,50.9,52.8,0,23-05-2024,UPI,Yes,No,6587,19,0,0,4.4,Not Completed,0,3,0,1,1,0,4,5
40752,STU140752,Nikhil Joshi,Female,28,HighSchool,Employed,Jaipur,Mobile,Medium,C101,Python Basics,Programming,Beginner,45,4.6,4,27,69.5,7,4.4,0,4,5.9,6,4,6,71.4,57.8,63.2,2,06-02-2024,UPI,Yes,No,3960,53,1,0,3.4,Not Completed,0,2,0,1,2,1,4,5
40753,STU140753,Arjun Iyer,Female,35,Bachelor,Student,Pune,Mobile,Medium,C106,Machine Learning A-Z,Programming,Advanced,90,4.6,6,32,85.0,5,3.2,0,3,5.0,4,6,3,58.8,67.7,57.1,5,06-10-2024,Free,No,Yes,0,85,2,1,5.0,Not Completed,0,0,2,1,2,0,4,2
40754,STU140754,Aarav Sharma,Male,24,Bachelor,Self-Employed,Jaipur,Laptop,High,C105,UI/UX Design Fundamentals,Design,Beginner,40,4.4,4,24,83.9,2,6.0,13,9,5.2,7,3,8,75.6,85.7,75.7,2,13-03-2024,Scholarship,No,No,570,77,3,0,3.5,Not Completed,1,0,1,0,0,1,1,4
40755,STU140755,Isha Joshi,Female,24,Bachelor,Employed,Nagpur,Laptop,High,C101,Python Basics,Programming,Beginner,45,4.6,6,45,78.3,3,3.7,14,8,7.1,6,4,2,81.0,71.9,67.0,2,05-04-2024,NetBanking,Yes,No,4037,45,8,0,4.2,Not Completed,0,0,0,0,0,1,4,3
40756,STU140756,Rahul Reddy,Female,38,Master,Student,Lucknow,Laptop,High,C105,UI/UX Design Fundamentals,Design,Beginner,40,4.4,3,35,41.0,4,10.8,0,7,4.7,7,2,4,96.9,48.2,58.8,5,06-03-2025,NetBanking,Yes,Yes,3675,62,5,3,4.5,Completed,0,3,2,0,0,1,1,3
40757,STU140757,Priya Kumar,Female,27,Bachelor,Employed,Pune,Mobile,Medium,C106,Machine Learning A-Z,Programming,Advanced,90,4.6,3,25,75.4,2,6.7,10,6,6.2,6,4,2,82.1,56.2,65.2,1,23-06-2025,NetBanking,Yes,No,6642,81,2,0,4.4,Completed,0,0,0,1,2,0,4,3
40758,STU140758,Ritika Nair,Female,38,Bachelor,Employed,Delhi,Mobile,High,C107,Statistics for Data Science,Math,Intermediate,50,4.2,6,49,47.7,3,0.5,1,5,5.4,8,2,8,72.5,93.4,69.4,2,02-09-2024,Debit Card,Yes,Yes,3855,46,3,2,5.0,Not Completed,0,0,0,1,0,2,3,1
40759,STU140759,Nikhil Mehta,Male,24,Bachelor,Employed,Vadodara,Mobile,Medium,C103,Introduction to AI,Programming,Intermediate,75,4.5,5,28,83.4,3,0.5,16,5,3.7,6,4,6,95.7,67.8,68.6,1,01-08-2025,UPI,Yes,No,5897,38,3,1,4.1,Completed,1,0,0,1,2,2,4,5
40760,STU140760,Nikhil Sharma,Male,41,Bachelor,Student,Mumbai,Laptop,Medium,C108,Excel for Business,Business,Beginner,25,4.1,3,33,70.2,3,0.5,19,1,7.0,6,4,4,79.5,59.2,63.5,1,02-06-2025,UPI,Yes,No,3175,61,2,0,4.1,Completed,1,0,2,0,2,1,0,5
40761,STU140761,Krishna Sharma,Male,17,Bachelor,Employed,Vadodara,Mobile,Low,C106,Machine Learning A-Z,Programming,Advanced,90,4.6,4,22,27.3,2,0.5,4,7,3.9,3,6,3,59.0,55.6,30.3,0,18-08-2025,Credit Card,Yes,No,6714,43,3,1,4.1,Completed,1,0,0,1,1,0,4,0
40762,STU140762,Krishna Bhardwaj,Female,34,Bachelor,Self-Employed,Mumbai,Mobile,Low,C107,Statistics for Data Science,Math,Intermediate,50,4.2,1,33,61.2,2,1.4,46,8,6.3,6,4,3,71.5,83.0,61.6,0,05-09-2024,NetBanking,Yes,No,4665,79,1,1,4.4,Not Completed,0,0,1,1,1,2,3,3
40763,STU140763,Vihaan Verma,Female,28,HighSchool,Student,Hyderabad,Laptop,High,C101,Python Basics,Programming,Beginner,45,4.6,5,21,76.0,3,8.5,26,9,6.4,6,4,5,91.4,48.8,65.0,3,10-11-2024,Free,No,Yes,0,82,5,0,4.8,Completed,0,2,2,0,0,1,4,2
40764,STU140764,Arjun Patel,Male,27,Master,Student,Bengaluru,Mobile,High,C101,Python Basics,Programming,Beginner,45,4.6,7,36,61.6,3,1.9,1,4,6.1,7,3,1,87.6,96.9,68.4,4,07-04-2024,Credit Card,Yes,No,4193,89,4,0,4.5,Completed,1,3,2,1,0,1,4,0
40765,STU140765,Sakshi Patel,Female,27,Bachelor,Student,Kolkata,Mobile,High,C101,Python Basics,Programming,Beginner,45,4.6,7,18,38.7,0,9.6,5,4,6.9,3,7,1,77.6,78.0,35.4,2,08-04-2025,Free,No,No,0,68,5,1,4.3,Not Completed,0,0,2,1,0,1,4,2
40766,STU140766,Pooja Mehta,Male,35,PhD,Employed,Delhi,Mobile,Medium,C102,Data Analysis with Python,Programming,Intermediate,60,4.7,3,46,38.6,1,0.5,33,0,5.5,5,5,1,86.4,67.7,46.9,0,06-10-2024,UPI,Yes,No,4705,60,3,0,4.3,Completed,1,4,0,1,2,2,4,5
40767,STU140767,Rohan Desai,Male,34,Master,Student,Bhopal,Laptop,Medium,C108,Excel for Business,Business,Beginner,25,4.1,9,25,60.5,8,5.1,6,6,1.8,5,5,3,74.3,68.8,54.6,4,04-02-2024,UPI,Yes,No,3265,46,0,2,5.0,Completed,1,3,2,0,2,1,0,5
40768,STU140768,Kavya Verma,Female,31,Bachelor,Employed,Pune,Mobile,Medium,C108,Excel for Business,Business,Beginner,25,4.1,4,38,19.9,1,0.5,7,4,5.2,6,4,4,71.0,67.6,46.4,1,10-09-2024,NetBanking,Yes,No,3447,64,1,0,4.7,Not Completed,0,0,0,1,2,1,0,3
40769,STU140769,Meera Patel,Male,31,Master,Self-Employed,Nagpur,Mobile,Medium,C101,Python Basics,Programming,Beginner,45,4.6,5,28,35.4,2,7.9,3,5,7.2,5,5,8,48.8,56.8,45.2,0,08-08-2024,Debit Card,Yes,No,3857,64,2,2,3.6,Not Completed,1,3,1,1,2,1,4,1
40770,STU140770,Neha Patel,Female,33,Bachelor,Self-Employed,Kolkata,Laptop,Medium,C102,Data Analysis with Python,Programming,Intermediate,60,4.7,5,30,63.3,2,5.2,4,5,6.7,4,6,0,69.0,70.5,49.7,3,20-09-2024,Credit Card,Yes,No,4700,51,2,1,4.0,Completed,0,0,1,0,2,2,4,0
40771,STU140771,Arjun Gupta,Male,19,Bachelor,Student,Lucknow,Laptop,Medium,C104,Digital Marketing Essentials,Marketing,Beginner,30,4.3,4,36,5.8,3,4.0,6,9,7.6,5,5,5,62.2,44.8,34.3,6,29-02-2024,Credit Card,Yes,No,3491,90,1,1,3.2,Not Completed,1,0,2,0,2,1,2,0
40772,STU140772,Rahul Iyer,Female,21,Master,Student,Indore,Mobile,Low,C103,Introduction to AI,Programming,Intermediate,75,4.5,3,36,61.8,1,7.6,0,5,5.8,5,5,3,67.0,54.1,54.3,5,05-03-2024,NetBanking,Yes,No,5478,57,1,0,4.4,Completed,0,3,2,1,1,2,4,3
40773,STU140773,Pooja Nair,Female,24,Bachelor,Student,Pune,Mobile,Medium,C108,Excel for Business,Business,Beginner,25,4.1,2,45,77.1,6,6.7,2,4,6.3,4,6,6,90.7,76.4,54.8,0,29-09-2024,UPI,Yes,No,2945,84,0,1,4.5,Completed,0,0,2,1,2,1,0,5
40774,STU140774,Meera Reddy,Female,24,Bachelor,Student,Surat,Laptop,Low,C101,Python Basics,Programming,Beginner,45,4.6,5,36,59.6,6,8.0,3,6,7.1,5,5,3,76.5,67.1,54.2,2,02-07-2024,Free,No,No,0,77,6,0,2.8,Completed,0,0,2,0,1,1,4,2
40775,STU140775,Priya Patel,Female,32,Master,Student,Pune,Mobile,Medium,C108,Excel for Business,Business,Beginner,25,4.1,6,55,63.8,2,5.9,10,7,1.3,4,6,7,68.6,60.6,49.4,4,06-05-2025,UPI,Yes,No,3443,86,1,0,4.6,Completed,0,3,2,1,2,1,0,5
40776,STU140776,Krishna Nair,Female,32,Bachelor,Employed,Bhopal,Mobile,High,C105,UI/UX Design Fundamentals,Design,Beginner,40,4.4,4,12,64.0,0,7.7,35,2,9.7,4,6,4,92.2,57.2,49.3,1,25-07-2024,UPI,Yes,Yes,3304,52,1,1,4.0,Completed,0,0,0,1,0,1,1,5
40777,STU140777,Meera Nair,Female,26,Bachelor,Self-Employed,Surat,Tablet,Medium,C105,UI/UX Design Fundamentals,Design,Beginner,40,4.4,4,36,64.8,0,0.5,4,8,8.2,3,7,7,76.2,59.8,43.7,3,11-04-2024,UPI,Yes,No,3733,83,0,2,3.6,Not Completed,0,0,1,2,2,1,1,5
40778,STU140778,Kavya Singh,Male,25,Bachelor,Student,Kolkata,Mobile,High,C104,Digital Marketing Essentials,Marketing,Beginner,30,4.3,5,43,50.5,0,0.5,0,7,4.6,5,5,0,77.6,67.4,51.0,0,21-07-2024,NetBanking,Yes,No,3466,99,1,1,4.4,Not Completed,1,0,2,1,0,1,2,3
40779,STU140779,Aditya Patel,Male,30,HighSchool,Student,Kolkata,Laptop,Medium,C103,Introduction to AI,Programming,Intermediate,75,4.5,5,43,60.1,4,4.9,20,1,9.7,7,3,5,68.5,64.1,66.3,1,08-06-2024,Debit Card,Yes,No,6262,65,2,0,5.0,Not Completed,1,2,2,0,2,2,4,1
40780,STU140780,Vihaan Patel,Male,17,HighSchool,Student,Mumbai,Mobile,Low,C104,Digital Marketing Essentials,Marketing,Beginner,30,4.3,9,39,52.8,2,14.6,2,3,6.9,4,6,5,50.1,72.1,46.1,3,20-09-2025,UPI,Yes,Yes,2927,14,3,2,3.1,Completed,1,2,2,1,1,1,2,5
40781,STU140781,Neha Sharma,Female,32,Master,Employed,Kolkata,Mobile,High,C103,Introduction to AI,Programming,Intermediate,75,4.5,5,38,66.9,2,4.6,4,1,5.0,6,4,5,86.6,58.6,62.3,4,13-04-2025,UPI,Yes,No,6092,66,2,0,4.4,Completed,0,3,0,1,0,2,4,5
40782,STU140782,Isha Bose,Male,34,Master,Employed,Indore,Laptop,High,C104,Digital Marketing Essentials,Marketing,Beginner,30,4.3,3,41,40.1,4,10.2,5,4,3.2,6,4,5,100.0,74.1,53.7,4,21-06-2025,Credit Card,Yes,No,3152,72,2,0,3.3,Completed,1,3,0,0,0,1,2,0
40783,STU140783,Rahul Kumar,Male,28,Diploma,Student,Indore,Mobile,Medium,C106,Machine Learning A-Z,Programming,Advanced,90,4.6,5,39,90.6,0,0.5,4,5,2.5,0,10,3,76.6,54.2,34.4,3,20-06-2025,UPI,Yes,Yes,5539,85,2,1,4.5,Not Completed,1,1,2,1,2,0,4,5
40784,STU140784,Neha Desai,Female,25,Master,Student,Nagpur,Mobile,Medium,C103,Introduction to AI,Programming,Intermediate,75,4.5,4,46,83.4,1,0.5,10,9,7.6,2,8,2,61.5,67.6,44.6,4,06-06-2025,Free,No,No,0,58,4,3,2.7,Not Completed,0,3,2,1,2,2,4,2
40785,STU140785,Meera Joshi,Female,29,HighSchool,Unemployed,Bengaluru,Mobile,Medium,C107,Statistics for Data Science,Math,Intermediate,50,4.2,4,30,49.9,1,9.4,12,7,6.3,3,7,5,61.2,58.3,38.4,1,16-06-2025,UPI,Yes,Yes,3857,38,6,1,5.0,Completed,0,2,3,1,2,2,3,5
40786,STU140786,Meera Reddy,Female,33,Master,Employed,Delhi,Mobile,Medium,C103,Introduction to AI,Programming,Intermediate,75,4.5,4,33,22.0,1,12.9,3,5,4.1,5,4,0,78.9,73.7,41.4,5,13-12-2023,UPI,Yes,No,5211,66,5,2,4.8,Completed,0,3,0,1,2,2,4,5
40787,STU140787,Vihaan Reddy,Female,17,PhD,Student,Nagpur,Laptop,Medium,C102,Data Analysis with Python,Programming,Intermediate,60,4.7,6,23,80.4,2,0.5,0,4,6.9,6,4,0,69.0,71.3,67.7,3,19-01-2024,Free,No,Yes,0,70,4,1,5.0,Not Completed,0,4,2,0,2,2,4,2
40788,STU140788,Kavya Singh,Female,19,HighSchool,Student,Mumbai,Laptop,Low,C101,Python Basics,Programming,Beginner,45,4.6,7,18,74.2,1,1.8,0,1,5.7,6,4,1,65.2,69.7,65.4,3,10-06-2024,UPI,Yes,Yes,3272,68,1,2,4.6,Completed,0,2,2,0,1,1,4,5
40789,STU140789,Ritika Bhardwaj,Male,26,HighSchool,Employed,Pune,Mobile,Medium,C105,UI/UX Design Fundamentals,Design,Beginner,40,4.4,3,21,50.1,2,0.5,8,7,5.0,4,6,2,70.6,56.4,44.4,0,17-02-2024,UPI,Yes,No,3643,71,2,1,4.3,Not Completed,1,2,0,1,2,1,1,5
40790,STU140790,Ananya Bhardwaj,Male,28,Master,Employed,Bhopal,Laptop,High,C102,Data Analysis with Python,Programming,Intermediate,60,4.7,4,40,9.2,1,0.5,2,5,3.7,3,7,2,62.5,57.9,24.1,2,23-09-2025,Debit Card,Yes,Yes,4090,52,1,0,4.2,Not Completed,1,3,0,0,0,2,4,1
40791,STU140791,Sakshi Gupta,Male,28,Master,Student,Nagpur,Mobile,Low,C106,Machine Learning A-Z,Programming,Advanced,90,4.6,2,45,35.3,3,4.5,0,7,8.6,3,7,4,61.6,56.2,33.2,3,21-09-2024,NetBanking,Yes,No,6789,84,1,2,3.1,Not Completed,1,3,2,1,1,0,4,3
40792,STU140792,Rohan Reddy,Female,21,Diploma,Student,Bengaluru,Laptop,Low,C107,Statistics for Data Science,Math,Intermediate,50,4.2,6,39,68.0,2,9.9,2,5,5.8,3,7,4,59.8,55.5,44.6,3,10-02-2024,UPI,Yes,Yes,3722,55,5,1,4.9,Completed,0,1,2,0,1,2,3,5
40793,STU140793,Isha Singh,Female,36,Diploma,Employed,Chennai,Mobile,Medium,C104,Digital Marketing Essentials,Marketing,Beginner,30,4.3,5,27,82.7,0,0.5,1,5,5.5,4,6,1,54.8,71.3,56.5,2,28-08-2024,NetBanking,Yes,No,3647,60,1,3,4.3,Not Completed,0,1,0,1,2,1,2,3
40794,STU140794,Priya Patel,Female,25,Diploma,Student,Indore,Mobile,Medium,C101,Python Basics,Programming,Beginner,45,4.6,4,19,84.3,2,0.5,4,3,3.7,2,7,5,75.5,49.0,44.0,2,30-07-2025,Credit Card,Yes,No,4441,77,2,0,3.8,Not Completed,0,1,2,1,2,1,4,0
40795,STU140795,Neha Joshi,Female,27,Master,Student,Ahmedabad,Mobile,Medium,C101,Python Basics,Programming,Beginner,45,4.6,8,42,59.9,1,2.3,7,2,8.6,4,6,5,88.8,85.2,49.2,7,17-02-2025,UPI,Yes,No,4577,100,4,1,4.0,Completed,0,3,2,1,2,1,4,5
40796,STU140796,Meera Shah,Female,26,Bachelor,Student,Delhi,Laptop,High,C105,UI/UX Design Fundamentals,Design,Beginner,40,4.4,4,24,70.0,3,1.1,5,5,7.3,7,3,1,62.4,62.4,69.6,3,03-04-2025,UPI,Yes,Yes,3342,91,2,1,4.9,Completed,0,0,2,0,0,1,1,5
40797,STU140797,Aditya Patel,Female,28,Diploma,Employed,Lucknow,Mobile,Medium,C103,Introduction to AI,Programming,Intermediate,75,4.5,5,27,52.8,4,9.3,1,7,5.9,5,5,13,76.5,63.4,51.7,3,17-03-2024,NetBanking,Yes,No,5330,77,4,0,4.3,Completed,0,1,0,1,2,2,4,3
40798,STU140798,Nikhil Bose,Female,36,Bachelor,Employed,Ahmedabad,Laptop,Medium,C102,Data Analysis with Python,Programming,Intermediate,60,4.7,3,45,42.0,4,0.5,4,4,7.8,6,4,6,73.1,60.1,53.7,2,18-07-2024,Free,No,No,0,39,2,0,5.0,Not Completed,0,0,0,0,2,2,4,2
40799,STU140799,Rohan Gupta,Male,19,Bachelor,Student,Kolkata,Mobile,High,C107,Statistics for Data Science,Math,Intermediate,50,4.2,3,36,68.5,8,0.5,5,4,8.5,5,5,4,66.0,68.9,57.4,1,10-03-2025,UPI,Yes,No,4406,80,5,1,4.4,Not Completed,1,0,2,1,0,2,3,5
40800,STU140800,Krishna Patel,Female,29,Bachelor,Student,Hyderabad,Mobile,High,C103,Introduction to AI,Programming,Intermediate,75,4.5,5,47,93.3,4,4.0,0,12,8.1,3,7,7,100.0,56.9,53.5,2,03-04-2024,Free,No,No,0,92,2,1,4.2,Completed,0,0,2,1,0,2,4,2
40801,STU140801,Aarav Shah,Male,28,Bachelor,Employed,Indore,Mobile,High,C103,Introduction to AI,Programming,Intermediate,75,4.5,6,30,70.1,0,6.1,4,5,10.0,7,3,7,91.3,65.1,69.8,4,25-11-2024,Credit Card,Yes,No,6145,71,4,2,4.8,Not Completed,1,0,0,1,0,2,4,0
40802,STU140802,Nikhil Kumar,Female,23,Master,Student,Hyderabad,Laptop,High,C106,Machine Learning A-Z,Programming,Advanced,90,4.6,3,42,84.5,7,12.5,2,2,8.8,3,7,2,91.5,82.8,51.7,4,07-03-2025,UPI,Yes,No,6825,62,1,0,4.2,Completed,0,3,2,0,0,0,4,5
40803,STU140803,Rohan Bhardwaj,Male,30,Bachelor,Student,Vadodara,Mobile,High,C108,Excel for Business,Business,Beginner,25,4.1,8,22,74.7,4,3.0,1,2,7.0,4,5,3,71.3,72.4,53.8,4,08-02-2025,Free,No,No,0,85,3,4,4.4,Not Completed,1,0,2,1,0,1,0,2
40804,STU140804,Vihaan Sharma,Female,29,Bachelor,Employed,Chennai,Mobile,Medium,C101,Python Basics,Programming,Beginner,45,4.6,3,17,42.3,1,0.5,6,3,8.6,5,5,4,89.9,98.9,49.8,4,02-04-2024,NetBanking,Yes,No,4197,93,3,0,3.4,Completed,0,0,0,1,2,1,4,3
40805,STU140805,Vivaan Singh,Female,24,Bachelor,Employed,Chennai,Laptop,Medium,C102,Data Analysis with Python,Programming,Intermediate,60,4.7,5,29,64.1,0,5.0,7,3,6.7,0,10,6,56.3,43.7,24.6,0,01-03-2025,Debit Card,Yes,No,4663,73,2,0,4.7,Not Completed,0,0,0,0,2,2,4,1
40806,STU140806,Priya Iyer,Female,26,Bachelor,Employed,Bengaluru,Mobile,High,C108,Excel for Business,Business,Beginner,25,4.1,5,27,80.6,1,0.5,5,7,8.0,4,5,4,57.4,82.2,56.3,2,19-08-2024,UPI,Yes,No,3026,60,2,0,4.5,Completed,0,0,0,1,0,1,0,5
40807,STU140807,Kavya Reddy,Male,17,Diploma,Employed,Vadodara,Mobile,High,C107,Statistics for Data Science,Math,Intermediate,50,4.2,6,46,41.6,1,16.3,4,3,5.0,6,4,6,82.4,76.8,54.4,4,18-12-2024,NetBanking,Yes,No,4790,96,1,2,4.6,Completed,1,1,0,1,0,2,3,3
40808,STU140808,Sai Reddy,Female,23,Bachelor,Employed,Mumbai,Laptop,Low,C102,Data Analysis with Python,Programming,Intermediate,60,4.7,4,29,52.7,3,5.4,6,7,5.2,4,6,4,61.9,40.1,44.4,3,15-09-2024,Free,No,No,0,79,1,1,4.8,Not Completed,0,0,0,0,1,2,4,2
40809,STU140809,Rahul Bose,Male,27,HighSchool,Employed,Lucknow,Laptop,Medium,C101,Python Basics,Programming,Beginner,45,4.6,7,21,67.1,0,6.3,7,4,8.8,2,8,4,79.3,63.7,38.7,1,03-08-2025,NetBanking,Yes,No,4354,70,4,0,3.5,Completed,1,2,0,0,2,1,4,3
40810,STU140810,Krishna Bose,Female,37,Bachelor,Employed,Ahmedabad,Laptop,Medium,C102,Data Analysis with Python,Programming,Intermediate,60,4.7,4,27,61.9,1,0.5,14,7,5.2,2,8,3,70.2,43.3,35.8,1,21-04-2025,Credit Card,Yes,Yes,4603,68,1,0,4.1,Not Completed,0,0,0,0,2,2,4,0
40811,STU140811,Aarav Joshi,Female,27,Master,Student,Pune,Laptop,High,C102,Data Analysis with Python,Programming,Intermediate,60,4.7,3,36,75.8,4,5.5,1,6,9.3,5,5,5,92.8,77.7,60.4,3,16-07-2024,Free,No,Yes,0,100,1,0,3.4,Completed,0,3,2,0,0,2,4,2
40812,STU140812,Ananya Verma,Female,33,Bachelor,Employed,Chennai,Laptop,High,C101,Python Basics,Programming,Beginner,45,4.6,6,22,61.2,1,0.5,5,7,4.3,5,4,4,48.0,40.8,53.4,3,18-02-2024,Free,No,No,0,58,1,0,3.6,Completed,0,0,0,0,0,1,4,2
40813,STU140813,Vivaan Reddy,Male,39,Bachelor,Employed,Nagpur,Mobile,Medium,C107,Statistics for Data Science,Math,Intermediate,50,4.2,7,50,85.2,1,4.6,14,4,5.5,4,6,3,83.5,78.1,57.7,3,02-04-2024,UPI,Yes,Yes,3900,46,2,0,1.9,Completed,1,0,0,1,2,2,3,5
40814,STU140814,Sai Patel,Female,18,Bachelor,Employed,Delhi,Mobile,Medium,C102,Data Analysis with Python,Programming,Intermediate,60,4.7,6,37,72.7,0,5.9,4,9,6.2,5,5,3,60.1,61.3,58.5,3,10-09-2024,NetBanking,Yes,No,4753,41,4,1,3.9,Not Completed,0,0,0,1,2,2,4,3
40815,STU140815,Ananya Patel,Male,28,Master,Student,Indore,Laptop,Medium,C103,Introduction to AI,Programming,Intermediate,75,4.5,7,33,83.3,1,10.2,1,6,7.5,7,3,5,100.0,53.7,73.9,3,27-08-2024,NetBanking,Yes,No,5476,83,3,1,4.0,Completed,1,3,2,0,2,2,4,3
40816,STU140816,Pooja Nair,Other,21,HighSchool,Student,Bengaluru,Laptop,Low,C103,Introduction to AI,Programming,Intermediate,75,4.5,3,49,36.3,1,3.1,9,2,5.3,4,6,1,56.7,37.7,38.6,2,14-11-2024,Free,No,No,0,73,1,1,2.1,Not Completed,2,2,2,0,1,2,4,2
40817,STU140817,Nikhil Sharma,Male,17,Master,Employed,Indore,Laptop,High,C103,Introduction to AI,Programming,Intermediate,75,4.5,6,56,60.5,3,10.4,6,4,5.4,6,4,6,80.2,100.0,62.2,2,14-09-2025,Credit Card,Yes,No,6058,57,1,1,3.2,Not Completed,1,3,0,0,0,2,4,0
40818,STU140818,Aditya Verma,Male,22,Master,Student,Lucknow,Mobile,Medium,C106,Machine Learning A-Z,Programming,Advanced,90,4.6,2,43,85.7,3,0.5,6,3,9.6,4,6,4,72.0,51.6,56.6,0,31-08-2024,UPI,Yes,No,6006,79,4,1,3.7,Completed,1,3,2,1,2,0,4,5
40819,STU140819,Neha Desai,Male,25,Bachelor,Student,Delhi,Laptop,Medium,C104,Digital Marketing Essentials,Marketing,Beginner,30,4.3,6,35,55.9,0,4.1,4,7,7.2,9,1,3,94.1,100.0,78.6,3,11-02-2024,Credit Card,Yes,No,3361,100,3,2,4.0,Completed,1,0,2,0,2,1,2,0
40820,STU140820,Priya Mehta,Male,27,Bachelor,Unemployed,Vadodara,Laptop,Medium,C102,Data Analysis with Python,Programming,Intermediate,60,4.7,2,37,78.1,7,0.5,11,11,9.0,5,4,7,84.7,78.1,61.2,4,15-04-2025,UPI,Yes,Yes,4408,16,2,0,5.0,Completed,1,0,3,0,2,2,4,5
40821,STU140821,Krishna Mehta,Female,29,Bachelor,Employed,Jaipur,Mobile,Medium,C106,Machine Learning A-Z,Programming,Advanced,90,4.6,5,46,47.0,2,0.5,4,6,10.0,8,2,3,97.4,72.9,68.1,1,19-10-2024,Free,No,No,0,100,1,0,3.9,Completed,0,0,0,1,2,0,4,2
40822,STU140822,Pooja Patel,Male,28,Diploma,Employed,Jaipur,Mobile,Medium,C103,Introduction to AI,Programming,Intermediate,75,4.5,10,35,44.2,2,16.3,15,4,6.4,3,7,6,73.2,82.1,37.6,1,24-04-2024,NetBanking,Yes,Yes,4960,65,2,1,4.4,Not Completed,1,1,0,1,2,2,4,3
40823,STU140823,Pooja Bose,Male,18,Bachelor,Employed,Indore,Mobile,High,C101,Python Basics,Programming,Beginner,45,4.6,3,20,71.1,1,0.5,5,4,7.3,5,5,3,50.9,49.0,57.3,2,28-01-2024,NetBanking,Yes,No,4568,100,2,2,4.6,Completed,1,0,0,1,0,1,4,3
40824,STU140824,Krishna Patel,Male,28,HighSchool,Employed,Nagpur,Laptop,Medium,C101,Python Basics,Programming,Beginner,45,4.6,5,31,55.5,2,5.5,4,10,7.3,8,2,3,66.8,64.3,70.7,3,04-06-2025,NetBanking,Yes,No,4373,57,4,0,3.6,Completed,1,2,0,0,2,1,4,3
40825,STU140825,Kavya Iyer,Male,29,Bachelor,Self-Employed,Nagpur,Laptop,Medium,C102,Data Analysis with Python,Programming,Intermediate,60,4.7,4,29,79.5,1,11.9,11,3,2.6,4,6,5,90.5,93.6,56.5,0,31-07-2024,UPI,Yes,No,5446,54,2,0,4.3,Completed,1,0,1,0,2,2,4,5
40826,STU140826,Vihaan Bose,Male,32,Master,Student,Nagpur,Mobile,Medium,C108,Excel for Business,Business,Beginner,25,4.1,3,41,69.4,5,0.5,2,6,7.8,5,5,5,79.2,74.0,58.0,4,28-12-2023,Scholarship,No,No,1277,81,3,0,3.1,Completed,1,3,2,1,2,1,0,4
40827,STU140827,Rohan Verma,Male,28,HighSchool,Student,Lucknow,Laptop,Medium,C108,Excel for Business,Business,Beginner,25,4.1,12,22,57.8,4,4.5,10,12,6.5,4,6,1,77.5,82.2,48.3,4,21-09-2024,UPI,Yes,No,3277,64,3,0,4.9,Not Completed,1,2,2,0,2,1,0,5
40828,STU140828,Aarav Patel,Female,27,Bachelor,Employed,Jaipur,Mobile,Medium,C108,Excel for Business,Business,Beginner,25,4.1,4,24,63.1,4,3.9,16,4,2.4,5,5,5,67.0,61.9,55.2,2,05-11-2024,NetBanking,Yes,No,3354,70,3,1,3.8,Completed,0,0,0,1,2,1,0,3
40829,STU140829,Sakshi Singh,Female,31,Bachelor,Employed,Delhi,Mobile,Medium,C103,Introduction to AI,Programming,Intermediate,75,4.5,4,42,68.1,4,0.5,4,7,6.4,4,6,8,71.3,63.5,51.0,3,17-02-2025,Credit Card,Yes,No,5661,69,7,2,4.1,Completed,0,0,0,1,2,2,4,0
40830,STU140830,Sai Patel,Female,33,Bachelor,Self-Employed,Nagpur,Mobile,Medium,C108,Excel for Business,Business,Beginner,25,4.1,3,27,89.5,1,0.5,0,5,7.8,5,5,3,65.6,72.1,64.9,1,08-07-2025,UPI,Yes,Yes,2833,40,0,1,2.6,Not Completed,0,0,1,1,2,1,0,5
40831,STU140831,Neha Iyer,Female,17,Bachelor,Student,Pune,Mobile,Medium,C101,Python Basics,Programming,Beginner,45,4.6,4,29,42.0,2,0.5,7,11,7.4,4,5,2,61.0,84.3,42.9,0,20-07-2025,UPI,Yes,No,4472,51,4,0,4.5,Not Completed,0,0,2,1,2,1,4,5
40832,STU140832,Sai Iyer,Female,27,Master,Employed,Kolkata,Mobile,Medium,C101,Python Basics,Programming,Beginner,45,4.6,4,53,40.9,2,0.5,16,6,8.5,2,8,5,90.0,51.3,28.9,2,23-03-2025,UPI,Yes,No,4238,80,3,1,4.5,Completed,0,3,0,1,2,1,4,5
40833,STU140833,Aarav Shah,Female,30,Bachelor,Employed,Nagpur,Laptop,High,C104,Digital Marketing Essentials,Marketing,Beginner,30,4.3,1,35,6.4,2,1.6,20,7,4.0,6,4,5,60.3,77.5,42.1,0,29-08-2024,UPI,Yes,Yes,2810,77,1,1,3.5,Not Completed,0,0,0,0,0,1,2,5
40834,STU140834,Sai Iyer,Male,36,Bachelor,Employed,Hyderabad,Laptop,High,C105,UI/UX Design Fundamentals,Design,Beginner,40,4.4,2,32,85.2,1,1.9,3,6,7.2,5,5,3,60.1,62.8,63.0,2,24-04-2024,UPI,Yes,No,3732,68,2,1,5.0,Completed,1,0,0,0,0,1,1,5
40835,STU140835,Aarav Bhardwaj,Male,40,Bachelor,Employed,Ahmedabad,Mobile,Medium,C108,Excel for Business,Business,Beginner,25,4.1,3,39,27.1,3,0.5,6,1,5.9,4,5,1,95.4,73.2,37.2,0,12-01-2025,UPI,Yes,No,2930,83,2,0,3.0,Completed,1,0,0,1,2,1,0,5
40836,STU140836,Sneha Singh,Male,19,Bachelor,Employed,Pune,Laptop,Low,C106,Machine Learning A-Z,Programming,Advanced,90,4.6,7,27,25.9,2,0.5,3,2,1.8,7,3,3,77.1,40.9,53.1,1,15-01-2025,NetBanking,Yes,No,6398,11,3,0,2.8,Completed,1,0,0,0,1,0,4,3
40837,STU140837,Pooja Patel,Female,22,Bachelor,Unemployed,Vadodara,Mobile,High,C103,Introduction to AI,Programming,Intermediate,75,4.5,2,31,51.9,1,0.5,2,8,3.2,4,5,3,82.2,46.0,44.5,4,24-12-2024,Free,No,No,0,100,0,2,3.6,Completed,0,0,3,1,0,2,4,2
40838,STU140838,Ananya Reddy,Male,36,Master,Student,Bhopal,Mobile,High,C102,Data Analysis with Python,Programming,Intermediate,60,4.7,5,37,50.6,5,6.3,5,2,5.7,5,5,2,60.0,62.7,50.8,2,30-01-2025,UPI,Yes,Yes,3936,57,1,3,4.4,Not Completed,1,3,2,1,0,2,4,5
40839,STU140839,Meera Singh,Female,26,Bachelor,Student,Kolkata,Mobile,Medium,C101,Python Basics,Programming,Beginner,45,4.6,7,16,86.2,1,0.5,5,6,10.0,6,4,1,89.5,48.2,68.6,3,15-04-2025,UPI,Yes,No,4667,89,3,0,4.7,Completed,0,0,2,1,2,1,4,5
40840,STU140840,Aditya Nair,Female,19,Bachelor,Student,Delhi,Laptop,High,C102,Data Analysis with Python,Programming,Intermediate,60,4.7,6,37,65.8,2,0.5,1,7,7.1,5,5,8,100.0,84.4,57.2,3,04-06-2024,Credit Card,Yes,No,5141,85,2,0,5.0,Completed,0,0,2,0,0,2,4,0
40841,STU140841,Krishna Verma,Male,28,HighSchool,Employed,Delhi,Mobile,Medium,C107,Statistics for Data Science,Math,Intermediate,50,4.2,7,38,60.5,3,1.6,1,3,4.4,2,8,5,57.8,74.7,36.9,2,01-02-2024,Free,No,No,0,61,2,0,3.1,Not Completed,1,2,0,1,2,2,3,2
40842,STU140842,Isha Bhardwaj,Other,19,Diploma,Student,Hyderabad,Mobile,Medium,C107,Statistics for Data Science,Math,Intermediate,50,4.2,5,29,69.8,4,1.2,4,4,7.1,6,4,5,76.4,71.1,64.0,0,15-05-2024,NetBanking,Yes,No,4389,83,4,2,4.8,Completed,2,1,2,1,2,2,3,3
40843,STU140843,Aditya Verma,Male,27,Bachelor,Student,Surat,Mobile,High,C108,Excel for Business,Business,Beginner,25,4.1,3,32,36.5,2,6.6,0,6,7.3,4,6,4,88.6,57.3,39.7,2,20-11-2024,Credit Card,Yes,No,3006,54,1,1,4.7,Not Completed,1,0,2,1,0,1,0,0
40844,STU140844,Ritika Reddy,Male,26,Diploma,Self-Employed,Ahmedabad,Mobile,Medium,C101,Python Basics,Programming,Beginner,45,4.6,6,51,70.2,4,12.0,16,11,3.9,8,2,7,79.6,51.5,75.2,9,07-01-2025,NetBanking,Yes,No,4480,92,1,0,5.0,Completed,1,1,1,1,2,1,4,3
40845,STU140845,Sakshi Joshi,Male,22,Bachelor,Employed,Kolkata,Mobile,Medium,C101,Python Basics,Programming,Beginner,45,4.6,4,29,69.3,1,4.3,0,7,9.9,6,4,4,73.4,75.0,64.0,1,21-10-2024,Free,No,No,0,58,1,2,3.3,Not Completed,1,0,0,1,2,1,4,2
40846,STU140846,Meera Desai,Male,24,HighSchool,Student,Delhi,Laptop,Medium,C103,Introduction to AI,Programming,Intermediate,75,4.5,7,26,50.5,2,0.5,2,6,7.6,3,6,5,73.3,65.3,38.9,2,11-03-2024,Free,No,No,0,73,3,1,4.7,Not Completed,1,2,2,0,2,2,4,2
40847,STU140847,Aarav Desai,Female,26,Master,Student,Jaipur,Mobile,Medium,C102,Data Analysis with Python,Programming,Intermediate,60,4.7,5,31,40.3,1,5.2,5,4,7.7,5,4,3,70.8,76.3,47.9,1,15-06-2024,UPI,Yes,No,5427,81,1,3,4.7,Not Completed,0,3,2,1,2,2,4,5
40848,STU140848,Sai Kumar,Female,25,Bachelor,Student,Bhopal,Laptop,Medium,C108,Excel for Business,Business,Beginner,25,4.1,9,41,37.2,6,2.6,3,5,8.1,7,3,5,93.8,67.1,58.4,4,18-01-2024,UPI,Yes,No,3277,85,1,0,3.8,Completed,0,0,2,0,2,1,0,5
40849,STU140849,Priya Shah,Male,28,Bachelor,Employed,Indore,Laptop,Low,C102,Data Analysis with Python,Programming,Intermediate,60,4.7,5,33,46.7,6,0.5,6,3,4.6,2,8,2,61.7,54.3,31.1,2,27-06-2024,NetBanking,Yes,Yes,4540,70,2,1,4.8,Completed,1,0,0,0,1,2,4,3
40850,STU140850,Meera Mehta,Female,32,Master,Student,Bhopal,Laptop,Medium,C108,Excel for Business,Business,Beginner,25,4.1,4,50,49.9,4,0.5,13,3,10.0,5,5,2,100.0,84.2,51.7,4,28-03-2025,UPI,Yes,No,3571,87,6,1,4.2,Completed,0,3,2,0,2,1,0,5
40851,STU140851,Rahul Shah,Female,36,Master,Employed,Delhi,Mobile,High,C101,Python Basics,Programming,Beginner,45,4.6,4,25,60.8,2,3.9,6,3,5.8,7,3,2,72.3,72.1,66.9,2,20-02-2024,Debit Card,Yes,No,4068,80,2,1,4.3,Not Completed,0,3,0,1,0,1,4,1
40852,STU140852,Rohan Joshi,Male,27,Master,Employed,Surat,Mobile,Low,C101,Python Basics,Programming,Beginner,45,4.6,4,20,50.2,3,3.3,10,2,6.7,5,5,5,79.2,50.2,50.1,3,08-01-2024,UPI,Yes,Yes,3471,100,0,3,5.0,Completed,1,3,0,1,1,1,4,5
40853,STU140853,Krishna Desai,Female,27,Bachelor,Employed,Chennai,Mobile,High,C106,Machine Learning A-Z,Programming,Advanced,90,4.6,4,26,86.6,2,0.5,4,6,9.5,4,6,4,91.9,49.7,56.8,2,26-03-2025,UPI,Yes,No,6659,61,1,0,4.5,Completed,0,0,0,1,0,0,4,5
40854,STU140854,Nikhil Sharma,Female,34,Bachelor,Student,Hyderabad,Mobile,Medium,C104,Digital Marketing Essentials,Marketing,Beginner,30,4.3,3,19,52.0,1,3.1,7,1,9.3,3,7,3,49.0,46.5,38.5,2,16-09-2025,Debit Card,Yes,No,3732,85,0,2,3.7,Not Completed,0,0,2,1,2,1,2,1
40855,STU140855,Sakshi Shah,Male,28,Master,Student,Jaipur,Mobile,Medium,C103,Introduction to AI,Programming,Intermediate,75,4.5,9,52,73.3,1,11.9,1,8,7.9,5,5,0,65.8,73.9,59.3,3,23-12-2023,Debit Card,Yes,No,5793,77,3,1,3.1,Completed,1,3,2,1,2,2,4,1
40856,STU140856,Krishna Reddy,Female,27,HighSchool,Student,Kolkata,Laptop,Medium,C101,Python Basics,Programming,Beginner,45,4.6,6,44,72.6,4,14.0,8,7,9.4,4,6,6,66.6,100.0,54.4,4,27-09-2024,UPI,Yes,No,3835,81,4,1,4.7,Not Completed,0,2,2,0,2,1,4,5
40857,STU140857,Arjun Mehta,Male,17,Bachelor,Student,Chennai,Mobile,High,C106,Machine Learning A-Z,Programming,Advanced,90,4.6,3,35,77.1,3,0.5,1,7,7.3,7,3,4,98.6,93.6,73.6,1,19-08-2024,Credit Card,Yes,No,6905,66,4,0,3.1,Completed,1,0,2,1,0,0,4,0
40858,STU140858,Nikhil Joshi,Female,25,Bachelor,Employed,Surat,Mobile,Low,C106,Machine Learning A-Z,Programming,Advanced,90,4.6,5,23,78.5,1,0.5,1,5,3.8,5,5,4,61.0,67.9,60.9,3,09-06-2025,Free,No,No,0,45,4,1,4.1,Not Completed,0,0,0,1,1,0,4,2
40859,STU140859,Rahul Mehta,Male,27,Diploma,Employed,Bhopal,Mobile,Medium,C106,Machine Learning A-Z,Programming,Advanced,90,4.6,7,46,37.4,5,5.8,10,6,4.6,4,6,5,60.6,75.3,40.8,3,16-06-2024,UPI,Yes,No,6294,75,3,1,3.3,Not Completed,1,1,0,1,2,0,4,5
40860,STU140860,Kavya Sharma,Female,25,Bachelor,Student,Delhi,Mobile,Medium,C101,Python Basics,Programming,Beginner,45,4.6,4,36,5.0,3,0.5,2,3,7.3,4,6,4,73.6,84.4,30.0,1,24-07-2025,Free,No,No,0,55,2,2,3.4,Not Completed,0,0,2,1,2,1,4,2
40861,STU140861,Ananya Patel,Female,31,Master,Student,Hyderabad,Laptop,Medium,C101,Python Basics,Programming,Beginner,45,4.6,5,36,76.5,3,5.1,0,5,6.0,5,5,12,56.4,72.6,60.4,4,01-07-2024,Free,No,No,0,64,4,0,2.8,Not Completed,0,3,2,0,2,1,4,2
40862,STU140862,Ritika Singh,Female,19,Bachelor,Student,Chennai,Mobile,High,C104,Digital Marketing Essentials,Marketing,Beginner,30,4.3,7,39,59.0,3,7.5,0,8,4.8,5,5,5,81.4,53.8,53.3,2,03-12-2024,UPI,Yes,No,3341,58,2,0,4.6,Completed,0,0,2,1,0,1,2,5
40863,STU140863,Kavya Patel,Male,32,PhD,Employed,Mumbai,Mobile,Medium,C107,Statistics for Data Science,Math,Intermediate,50,4.2,7,26,50.9,2,7.1,7,5,9.8,4,6,2,72.2,85.2,46.1,3,26-02-2025,Free,No,No,0,74,1,0,4.3,Not Completed,1,4,0,1,2,2,3,2
40864,STU140864,Isha Mehta,Female,34,Diploma,Unemployed,Indore,Mobile,Medium,C107,Statistics for Data Science,Math,Intermediate,50,4.2,5,47,65.7,4,0.5,7,5,6.4,8,1,3,72.1,58.7,73.9,1,15-02-2024,UPI,Yes,Yes,4198,78,1,0,3.2,Not Completed,0,1,3,1,2,2,3,5
40865,STU140865,Sakshi Sharma,Male,27,Bachelor,Self-Employed,Pune,Mobile,High,C106,Machine Learning A-Z,Programming,Advanced,90,4.6,7,24,98.4,3,17.8,5,2,5.4,4,6,2,86.2,62.8,61.6,2,15-07-2024,NetBanking,Yes,Yes,6017,81,1,0,5.0,Completed,1,0,1,1,0,0,4,3
40866,STU140866,Aditya Joshi,Female,17,Bachelor,Employed,Lucknow,Mobile,Low,C106,Machine Learning A-Z,Programming,Advanced,90,4.6,5,49,67.2,1,1.6,4,7,4.8,4,6,2,83.3,37.5,49.4,0,30-06-2024,Debit Card,Yes,No,5888,34,4,0,4.2,Completed,0,0,0,1,1,0,4,1
40867,STU140867,Nikhil Patel,Female,20,Bachelor,Unemployed,Chennai,Laptop,Medium,C108,Excel for Business,Business,Beginner,25,4.1,5,29,71.0,4,7.1,1,4,5.3,7,3,5,75.4,70.4,70.4,3,24-01-2024,Free,No,No,0,90,2,1,3.8,Not Completed,0,0,3,0,2,1,0,2
40868,STU140868,Krishna Bhardwaj,Female,24,Bachelor,Student,Hyderabad,Laptop,High,C107,Statistics for Data Science,Math,Intermediate,50,4.2,8,40,60.6,5,8.0,1,6,4.3,5,5,4,71.2,61.8,54.3,2,21-01-2025,Credit Card,Yes,No,4804,60,4,0,5.0,Completed,0,0,2,0,0,2,3,0
40869,STU140869,Vihaan Desai,Male,29,HighSchool,Employed,Chennai,Laptop,High,C106,Machine Learning A-Z,Programming,Advanced,90,4.6,6,35,84.2,2,0.5,4,6,6.1,5,5,2,67.9,75.6,63.2,0,16-04-2024,UPI,Yes,No,6386,50,2,0,3.8,Completed,1,2,0,0,0,0,4,5
40870,STU140870,Aarav Sharma,Female,35,HighSchool,Self-Employed,Nagpur,Laptop,Medium,C105,UI/UX Design Fundamentals,Design,Beginner,40,4.4,3,37,94.0,2,0.5,2,5,6.4,4,6,5,81.4,77.4,60.8,2,08-11-2023,Free,No,No,0,76,2,1,5.0,Not Completed,0,2,1,0,2,1,1,2
40871,STU140871,Aarav Sharma,Male,18,Bachelor,Employed,Jaipur,Laptop,Medium,C101,Python Basics,Programming,Beginner,45,4.6,5,23,74.9,3,2.6,0,6,10.0,4,5,3,96.0,66.6,53.6,7,06-11-2023,UPI,Yes,Yes,3847,58,1,0,3.3,Completed,1,0,0,0,2,1,4,5
40872,STU140872,Sneha Iyer,Female,20,Bachelor,Student,Chennai,Mobile,Medium,C104,Digital Marketing Essentials,Marketing,Beginner,30,4.3,2,29,67.7,1,0.5,7,6,8.1,1,9,6,68.2,50.0,32.2,4,07-10-2024,Credit Card,Yes,Yes,2740,69,1,1,4.9,Completed,0,0,2,1,2,1,2,0
40873,STU140873,Meera Singh,Female,20,Master,Unemployed,Kolkata,Laptop,High,C106,Machine Learning A-Z,Programming,Advanced,90,4.6,7,38,59.3,1,1.4,1,5,9.6,2,7,8,67.4,54.9,35.5,0,10-05-2024,Credit Card,Yes,No,5870,87,0,0,3.7,Not Completed,0,3,3,0,0,0,4,0
40874,STU140874,Rohan Gupta,Male,27,Bachelor,Employed,Kolkata,Laptop,Medium,C101,Python Basics,Programming,Beginner,45,4.6,6,28,81.2,2,3.4,2,5,5.1,6,4,6,41.2,78.9,68.4,3,01-03-2024,Free,No,No,0,97,3,2,3.0,Completed,1,0,0,0,2,1,4,2
40875,STU140875,Sakshi Sharma,Male,23,HighSchool,Student,Mumbai,Mobile,Medium,C101,Python Basics,Programming,Beginner,45,4.6,4,22,54.8,3,0.5,5,6,7.6,6,4,3,64.8,57.9,58.1,3,17-08-2025,Credit Card,Yes,Yes,3468,48,3,2,3.9,Completed,1,2,2,1,2,1,4,0
40876,STU140876,Aarav Sharma,Male,18,Bachelor,Student,Surat,Laptop,Medium,C107,Statistics for Data Science,Math,Intermediate,50,4.2,5,17,91.7,8,2.6,0,6,4.8,7,3,7,73.5,67.1,77.5,2,24-03-2024,Free,No,Yes,0,82,1,0,4.4,Completed,1,0,2,0,2,2,3,2
40877,STU140877,Rohan Nair,Male,24,Bachelor,Employed,Ahmedabad,Mobile,High,C103,Introduction to AI,Programming,Intermediate,75,4.5,7,50,84.4,2,0.6,11,0,10.0,7,3,4,100.0,85.3,75.8,3,26-02-2025,Free,No,No,0,71,4,0,4.0,Completed,1,0,0,1,0,2,4,2
40878,STU140878,Meera Mehta,Female,24,Bachelor,Student,Lucknow,Mobile,Medium,C105,UI/UX Design Fundamentals,Design,Beginner,40,4.4,4,38,74.3,1,0.5,15,1,9.4,5,5,0,71.1,87.1,60.4,1,18-12-2024,Debit Card,Yes,No,4064,88,0,1,4.2,Completed,0,0,2,1,2,1,1,1
40879,STU140879,Nikhil Shah,Male,19,Master,Student,Hyderabad,Laptop,Low,C104,Digital Marketing Essentials,Marketing,Beginner,30,4.3,4,33,55.1,4,0.5,3,9,7.1,6,4,9,61.8,65.2,58.5,0,05-04-2025,Credit Card,Yes,No,3634,93,4,0,4.3,Not Completed,1,3,2,0,1,1,2,0
40880,STU140880,Ritika Joshi,Male,23,HighSchool,Student,Nagpur,Laptop,High,C104,Digital Marketing Essentials,Marketing,Beginner,30,4.3,3,18,48.9,1,1.3,2,4,5.0,0,9,5,67.5,61.4,20.2,3,13-01-2024,Free,No,Yes,0,71,1,0,4.4,Not Completed,1,2,2,0,0,1,2,2
40881,STU140881,Pooja Sharma,Female,25,Bachelor,Employed,Nagpur,Mobile,High,C101,Python Basics,Programming,Beginner,45,4.6,6,33,60.8,6,1.6,2,3,6.4,4,6,6,62.4,50.3,47.8,2,27-04-2024,UPI,Yes,Yes,3458,99,7,1,3.3,Not Completed,0,0,0,1,0,1,4,5
40882,STU140882,Isha Iyer,Male,18,Bachelor,Student,Ahmedabad,Mobile,Medium,C103,Introduction to AI,Programming,Intermediate,75,4.5,6,22,90.2,1,0.5,3,3,4.2,3,7,4,96.0,62.0,52.7,2,11-05-2025,UPI,Yes,No,5314,42,1,0,3.4,Completed,1,0,2,1,2,2,4,5
40883,STU140883,Sakshi Iyer,Male,24,Bachelor,Employed,Jaipur,Tablet,Medium,C106,Machine Learning A-Z,Programming,Advanced,90,4.6,3,34,47.6,3,5.2,13,6,6.2,3,7,2,79.4,64.3,37.9,2,09-05-2025,UPI,Yes,No,6009,61,2,2,4.7,Not Completed,1,0,0,2,2,0,4,5
40884,STU140884,Pooja Bhardwaj,Female,24,HighSchool,Employed,Lucknow,Laptop,Medium,C103,Introduction to AI,Programming,Intermediate,75,4.5,6,29,77.3,4,2.2,5,6,5.0,4,6,3,52.0,60.0,54.0,2,27-11-2023,UPI,Yes,No,5883,73,0,2,5.0,Completed,0,2,0,0,2,2,4,5
40885,STU140885,Priya Desai,Female,17,Bachelor,Student,Chennai,Mobile,Medium,C102,Data Analysis with Python,Programming,Intermediate,60,4.7,6,46,36.6,6,3.6,8,6,10.0,9,0,3,82.8,87.0,71.1,1,05-05-2025,UPI,Yes,Yes,4418,47,7,0,4.3,Completed,0,0,2,1,2,2,4,5
40886,STU140886,Aarav Patel,Female,29,Bachelor,Employed,Indore,Mobile,High,C101,Python Basics,Programming,Beginner,45,4.6,4,48,57.4,2,0.5,9,3,7.9,5,5,3,75.3,92.6,54.7,3,06-10-2025,UPI,Yes,Yes,3790,48,2,0,3.7,Completed,0,0,0,1,0,1,4,5
40887,STU140887,Krishna Mehta,Female,22,HighSchool,Self-Employed,Pune,Laptop,Medium,C106,Machine Learning A-Z,Programming,Advanced,90,4.6,5,52,57.8,7,8.9,2,7,7.7,4,6,5,96.7,83.8,48.4,2,17-05-2025,NetBanking,Yes,Yes,5414,58,5,0,4.8,Completed,0,2,1,0,2,0,4,3
40888,STU140888,Aditya Iyer,Female,18,Bachelor,Employed,Delhi,Laptop,Medium,C107,Statistics for Data Science,Math,Intermediate,50,4.2,4,17,83.4,1,4.0,1,6,5.1,9,1,3,52.5,53.1,85.8,1,17-11-2024,UPI,Yes,Yes,3513,80,1,0,2.6,Completed,0,0,0,0,2,2,3,5
40889,STU140889,Pooja Desai,Female,29,Bachelor,Employed,Chennai,Mobile,High,C104,Digital Marketing Essentials,Marketing,Beginner,30,4.3,3,14,52.6,0,5.7,2,7,5.6,3,7,0,64.8,80.9,40.5,1,29-12-2023,Credit Card,Yes,No,3648,47,3,0,3.6,Not Completed,0,0,0,1,0,1,2,0
40890,STU140890,Sai Gupta,Male,34,Diploma,Unemployed,Jaipur,Laptop,High,C107,Statistics for Data Science,Math,Intermediate,50,4.2,2,46,41.2,3,0.5,10,5,5.4,6,4,5,72.7,83.1,54.6,4,13-08-2025,NetBanking,Yes,No,4598,75,2,1,4.2,Not Completed,1,1,3,0,0,2,3,3
40891,STU140891,Ritika Nair,Female,20,Master,Employed,Delhi,Laptop,Medium,C105,UI/UX Design Fundamentals,Design,Beginner,40,4.4,8,46,54.8,2,8.9,16,6,5.9,7,3,6,41.6,61.0,64.2,4,20-09-2024,Free,No,Yes,0,18,2,0,4.0,Not Completed,0,3,0,0,2,1,1,2
40892,STU140892,Aarav Gupta,Female,25,Master,Employed,Indore,Laptop,High,C101,Python Basics,Programming,Beginner,45,4.6,3,61,59.5,2,0.5,1,3,5.3,6,4,0,65.5,91.6,61.4,2,24-06-2024,Scholarship,No,No,2093,93,3,1,3.0,Completed,0,3,0,0,0,1,4,4
40893,STU140893,Vivaan Verma,Male,17,Bachelor,Self-Employed,Hyderabad,Laptop,Medium,C107,Statistics for Data Science,Math,Intermediate,50,4.2,8,40,70.7,2,0.5,13,9,9.7,2,8,2,100.0,53.2,39.4,3,22-01-2025,UPI,Yes,No,4350,26,3,0,3.1,Not Completed,1,0,1,0,2,2,3,5
40894,STU140894,Kavya Shah,Other,26,Bachelor,Employed,Kolkata,Mobile,Medium,C104,Digital Marketing Essentials,Marketing,Beginner,30,4.3,11,34,42.2,0,1.5,12,3,3.2,5,5,3,48.1,54.9,47.5,1,17-08-2024,Debit Card,Yes,No,3496,72,1,0,1.7,Completed,2,0,0,1,2,1,2,1
40895,STU140895,Rohan Singh,Male,24,Bachelor,Employed,Lucknow,Mobile,Medium,C103,Introduction to AI,Programming,Intermediate,75,4.5,3,31,89.1,2,0.5,11,4,4.4,2,8,7,72.5,64.3,46.4,1,29-10-2023,Free,No,No,0,40,0,1,3.5,Completed,1,0,0,1,2,2,4,2
40896,STU140896,Sakshi Reddy,Male,33,Master,Employed,Delhi,Mobile,Medium,C108,Excel for Business,Business,Beginner,25,4.1,5,30,54.2,1,8.1,4,6,8.5,7,3,2,67.3,81.4,65.0,7,12-01-2025,Free,No,No,0,72,4,0,2.6,Not Completed,1,3,0,1,2,1,0,2
40897,STU140897,Vihaan Joshi,Male,29,Bachelor,Employed,Bengaluru,Mobile,Medium,C107,Statistics for Data Science,Math,Intermediate,50,4.2,5,30,73.4,1,0.5,0,4,6.9,7,3,3,60.7,70.3,71.2,3,24-09-2024,UPI,Yes,No,4515,40,5,2,4.0,Completed,1,0,0,1,2,2,3,5
40898,STU140898,Ritika Gupta,Male,35,Diploma,Student,Indore,Laptop,Medium,C107,Statistics for Data Science,Math,Intermediate,50,4.2,6,37,40.5,1,2.3,0,0,5.6,5,5,2,70.5,89.3,48.7,2,09-07-2024,UPI,Yes,No,4597,52,1,1,5.0,Completed,1,1,2,0,2,2,3,5
40899,STU140899,Rohan Bose,Male,23,Bachelor,Employed,Indore,Mobile,High,C102,Data Analysis with Python,Programming,Intermediate,60,4.7,6,43,75.9,2,5.7,5,3,5.4,5,5,1,63.0,68.4,60.0,2,05-10-2024,Debit Card,Yes,Yes,4273,89,2,2,4.2,Completed,1,0,0,1,0,2,4,1
40900,STU140900,Ritika Sharma,Male,29,Diploma,Employed,Bengaluru,Laptop,High,C104,Digital Marketing Essentials,Marketing,Beginner,30,4.3,6,22,22.7,3,0.5,12,5,5.8,1,9,0,59.0,59.3,16.9,4,11-02-2024,Credit Card,Yes,No,3585,40,2,1,3.0,Not Completed,1,1,0,0,0,1,2,0
40901,STU140901,Aditya Singh,Female,24,Master,Student,Pune,Mobile,Low,C103,Introduction to AI,Programming,Intermediate,75,4.5,5,25,74.2,1,0.5,1,3,6.0,6,3,2,71.9,74.0,65.7,1,12-09-2024,UPI,Yes,No,5238,85,5,0,2.7,Completed,0,3,2,1,1,2,4,5
40902,STU140902,Vihaan Bhardwaj,Male,19,Bachelor,Employed,Jaipur,Laptop,Medium,C101,Python Basics,Programming,Beginner,45,4.6,2,37,37.6,2,9.3,6,4,8.7,1,9,3,74.0,39.2,21.1,4,14-11-2024,UPI,Yes,No,4340,63,0,2,5.0,Not Completed,1,0,0,0,2,1,4,5
40903,STU140903,Vihaan Verma,Male,24,HighSchool,Employed,Jaipur,Laptop,High,C107,Statistics for Data Science,Math,Intermediate,50,4.2,4,43,74.4,2,3.8,2,5,7.0,6,3,1,61.1,83.9,66.2,2,14-03-2025,Free,No,No,0,61,1,2,5.0,Not Completed,1,2,0,0,0,2,3,2
40904,STU140904,Meera Reddy,Male,31,Bachelor,Student,Bhopal,Laptop,High,C105,UI/UX Design Fundamentals,Design,Beginner,40,4.4,9,55,91.2,0,11.1,2,3,4.6,10,0,3,79.0,94.3,96.6,3,11-02-2024,Debit Card,Yes,Yes,3592,64,1,1,3.1,Completed,1,0,2,0,0,1,1,1
40905,STU140905,Nikhil Shah,Female,26,HighSchool,Employed,Hyderabad,Laptop,Medium,C102,Data Analysis with Python,Programming,Intermediate,60,4.7,8,42,68.4,1,3.2,3,7,7.0,5,5,3,77.3,78.6,57.9,5,16-02-2024,NetBanking,Yes,Yes,4221,96,5,0,4.6,Not Completed,0,2,0,0,2,2,4,3
40906,STU140906,Meera Sharma,Female,24,Master,Employed,Ahmedabad,Laptop,Medium,C106,Machine Learning A-Z,Programming,Advanced,90,4.6,3,41,63.2,2,4.6,10,7,9.1,4,6,6,79.9,78.9,50.1,2,08-07-2024,UPI,Yes,No,6107,67,2,0,5.0,Not Completed,0,3,0,0,2,0,4,5
40907,STU140907,Rahul Singh,Male,23,Bachelor,Employed,Mumbai,Laptop,High,C104,Digital Marketing Essentials,Marketing,Beginner,30,4.3,4,28,24.3,4,0.5,2,5,8.8,2,8,2,62.8,74.9,24.3,5,21-01-2024,Credit Card,Yes,Yes,2800,94,1,1,3.2,Not Completed,1,0,0,0,0,1,2,0
40908,STU140908,Pooja Desai,Male,26,Master,Employed,Mumbai,Laptop,High,C104,Digital Marketing Essentials,Marketing,Beginner,30,4.3,6,46,24.4,5,3.1,3,2,6.3,5,5,2,79.0,59.9,41.5,2,07-03-2025,Free,No,No,0,73,0,0,4.1,Not Completed,1,3,0,0,0,1,2,2
40909,STU140909,Sneha Nair,Male,17,Master,Employed,Jaipur,Tablet,Medium,C102,Data Analysis with Python,Programming,Intermediate,60,4.7,3,41,74.0,4,0.5,0,6,6.1,4,6,5,82.3,88.3,54.3,5,01-12-2023,Credit Card,Yes,Yes,4500,66,3,1,4.6,Completed,1,3,0,2,2,2,4,0
40910,STU140910,Vivaan Bhardwaj,Female,18,Bachelor,Self-Employed,Lucknow,Tablet,High,C103,Introduction to AI,Programming,Intermediate,75,4.5,5,29,65.4,2,4.2,0,3,4.5,7,3,4,66.0,71.9,68.5,4,08-10-2024,Debit Card,Yes,No,5774,53,2,2,2.7,Completed,0,0,1,2,0,2,4,1
40911,STU140911,Sakshi Verma,Male,34,Bachelor,Student,Lucknow,Mobile,High,C104,Digital Marketing Essentials,Marketing,Beginner,30,4.3,6,29,80.1,5,0.5,0,8,10.0,8,2,4,74.5,76.6,79.8,4,13-07-2024,Free,No,No,0,65,2,1,5.0,Not Completed,1,0,2,1,0,1,2,2
40912,STU140912,Nikhil Verma,Female,28,Diploma,Student,Lucknow,Mobile,Medium,C103,Introduction to AI,Programming,Intermediate,75,4.5,3,35,60.0,5,0.5,3,11,7.6,6,4,5,93.9,73.6,60.7,1,04-04-2025,UPI,Yes,No,6070,40,0,0,3.4,Completed,0,1,2,1,2,2,4,5
40913,STU140913,Neha Desai,Female,30,Bachelor,Student,Bengaluru,Laptop,Medium,C103,Introduction to AI,Programming,Intermediate,75,4.5,10,28,31.3,4,0.5,9,3,5.6,9,1,3,61.9,52.4,67.6,1,28-01-2025,Debit Card,Yes,No,5286,25,3,1,4.1,Completed,0,0,2,0,2,2,4,1
40914,STU140914,Neha Mehta,Male,27,Bachelor,Unemployed,Chennai,Mobile,Low,C107,Statistics for Data Science,Math,Intermediate,50,4.2,2,26,60.3,0,5.9,8,4,6.2,3,7,2,82.7,74.4,42.8,1,18-12-2024,UPI,Yes,No,4597,52,3,0,3.2,Completed,1,0,3,1,1,2,3,5
40915,STU140915,Isha Mehta,Female,20,Master,Unemployed,Vadodara,Mobile,High,C104,Digital Marketing Essentials,Marketing,Beginner,30,4.3,2,18,9.5,0,0.5,5,1,7.4,4,6,4,65.1,62.8,30.5,1,16-12-2023,Scholarship,No,Yes,591,84,2,2,4.8,Completed,0,3,3,1,0,1,2,4
40916,STU140916,Aditya Joshi,Male,29,Bachelor,Student,Vadodara,Mobile,Low,C108,Excel for Business,Business,Beginner,25,4.1,5,25,70.3,1,5.2,2,7,6.5,5,5,3,83.0,61.3,57.7,6,18-11-2023,Credit Card,Yes,No,2995,82,4,1,3.1,Completed,1,0,2,1,1,1,0,0
40917,STU140917,Meera Shah,Male,21,Master,Employed,Indore,Mobile,Medium,C105,UI/UX Design Fundamentals,Design,Beginner,40,4.4,4,24,78.6,7,1.1,10,6,7.3,6,4,3,90.1,57.7,66.4,1,11-05-2024,UPI,Yes,No,3926,53,2,0,5.0,Completed,1,3,0,1,2,1,1,5
40918,STU140918,Vihaan Reddy,Male,19,Bachelor,Employed,Surat,Laptop,Medium,C105,UI/UX Design Fundamentals,Design,Beginner,40,4.4,3,32,40.9,2,1.1,8,5,7.1,3,7,5,58.8,72.7,35.9,2,14-03-2025,Free,No,No,0,54,2,1,4.3,Not Completed,1,0,0,0,2,1,1,2
40919,STU140919,Aarav Patel,Female,19,Bachelor,Employed,Bengaluru,Laptop,Low,C106,Machine Learning A-Z,Programming,Advanced,90,4.6,4,27,41.1,5,4.3,21,5,7.3,5,5,5,84.4,68.8,47.8,2,08-07-2025,UPI,Yes,No,6025,65,2,1,4.6,Not Completed,0,0,0,0,1,0,4,5
40920,STU140920,Ritika Mehta,Male,28,Bachelor,Employed,Hyderabad,Tablet,High,C107,Statistics for Data Science,Math,Intermediate,50,4.2,4,32,27.1,4,1.1,0,4,7.0,9,1,1,86.7,88.9,67.9,3,14-09-2024,UPI,Yes,No,4388,58,2,1,3.9,Completed,1,0,0,2,0,2,3,5
40921,STU140921,Neha Patel,Male,27,Bachelor,Employed,Vadodara,Mobile,Medium,C104,Digital Marketing Essentials,Marketing,Beginner,30,4.3,6,43,56.7,2,4.1,16,6,6.1,3,7,4,50.6,79.2,41.8,0,10-12-2023,Debit Card,Yes,No,3363,48,1,3,4.7,Not Completed,1,0,0,1,2,1,2,1
40922,STU140922,Sneha Verma,Female,29,PhD,Employed,Kolkata,Mobile,Medium,C108,Excel for Business,Business,Beginner,25,4.1,3,29,75.6,1,6.7,5,1,6.2,2,8,5,92.2,70.3,42.0,1,23-08-2025,UPI,Yes,No,3452,71,1,2,3.1,Not Completed,0,4,0,1,2,1,0,5
40923,STU140923,Rohan Joshi,Female,29,Bachelor,Unemployed,Pune,Mobile,High,C108,Excel for Business,Business,Beginner,25,4.1,2,27,48.0,2,3.1,11,9,8.6,6,4,5,74.4,68.5,56.2,1,04-03-2024,Debit Card,Yes,Yes,2698,58,0,1,4.3,Completed,0,0,3,1,0,1,0,1
40924,STU140924,Sakshi Singh,Female,23,Bachelor,Employed,Vadodara,Mobile,Medium,C108,Excel for Business,Business,Beginner,25,4.1,3,17,67.9,3,1.1,4,4,6.4,3,7,5,61.8,81.3,45.8,4,15-07-2025,UPI,Yes,No,3303,82,4,1,5.0,Completed,0,0,0,1,2,1,0,5
40925,STU140925,Vihaan Gupta,Male,17,Bachelor,Student,Nagpur,Tablet,Medium,C103,Introduction to AI,Programming,Intermediate,75,4.5,7,37,71.2,1,0.5,18,7,6.3,9,1,3,65.2,72.0,82.5,2,07-06-2024,UPI,Yes,No,6293,58,1,0,4.2,Completed,1,0,2,2,2,2,4,5
40926,STU140926,Ananya Sharma,Female,36,Diploma,Unemployed,Vadodara,Tablet,Medium,C101,Python Basics,Programming,Beginner,45,4.6,6,46,72.7,6,13.3,0,3,10.0,9,1,2,88.0,86.8,83.8,3,10-02-2024,UPI,Yes,Yes,3426,92,2,1,5.0,Completed,0,1,3,2,2,1,4,5
40927,STU140927,Krishna Bhardwaj,Female,20,Bachelor,Student,Surat,Laptop,High,C103,Introduction to AI,Programming,Intermediate,75,4.5,3,34,70.8,2,5.7,2,8,5.1,2,8,5,92.9,74.7,40.5,1,23-01-2024,UPI,Yes,No,5196,90,3,2,4.2,Not Completed,0,0,2,0,0,2,4,5
40928,STU140928,Priya Kumar,Male,23,Bachelor,Employed,Delhi,Mobile,Medium,C105,UI/UX Design Fundamentals,Design,Beginner,40,4.4,6,33,51.7,1,2.1,12,5,6.7,5,5,3,36.8,74.7,51.8,1,09-04-2025,NetBanking,Yes,Yes,3367,64,1,1,3.9,Not Completed,1,0,0,1,2,1,1,3
40929,STU140929,Arjun Bhardwaj,Female,29,HighSchool,Employed,Hyderabad,Laptop,Medium,C102,Data Analysis with Python,Programming,Intermediate,60,4.7,5,43,71.9,3,0.5,5,3,4.4,5,5,3,93.4,86.7,59.5,4,14-12-2024,UPI,Yes,Yes,4363,54,2,2,3.6,Completed,0,2,0,0,2,2,4,5
40930,STU140930,Aditya Joshi,Male,32,Bachelor,Employed,Kolkata,Mobile,High,C106,Machine Learning A-Z,Programming,Advanced,90,4.6,2,25,48.4,3,0.5,7,3,7.1,6,4,4,57.4,88.8,57.4,3,31-10-2023,Scholarship,No,No,2992,81,2,1,4.2,Not Completed,1,0,0,1,0,0,4,4
40931,STU140931,Vihaan Bose,Male,27,HighSchool,Student,Ahmedabad,Laptop,Medium,C103,Introduction to AI,Programming,Intermediate,75,4.5,8,45,41.8,2,1.6,5,8,3.2,5,5,6,83.8,52.1,47.2,2,03-12-2023,UPI,Yes,No,6078,88,3,0,3.7,Not Completed,1,2,2,0,2,2,4,5
40932,STU140932,Rahul Gupta,Female,17,Bachelor,Student,Ahmedabad,Mobile,Medium,C105,UI/UX Design Fundamentals,Design,Beginner,40,4.4,4,26,81.4,0,3.0,1,7,0.7,3,6,4,72.1,70.5,50.0,1,04-10-2024,UPI,Yes,No,4178,53,0,1,4.7,Completed,0,0,2,1,2,1,1,5
40933,STU140933,Sakshi Patel,Female,31,Bachelor,Student,Nagpur,Tablet,Medium,C108,Excel for Business,Business,Beginner,25,4.1,5,25,28.7,4,0.5,2,7,6.7,8,2,5,61.9,91.7,62.6,1,28-01-2025,Debit Card,Yes,No,3100,69,1,1,5.0,Not Completed,0,0,2,2,2,1,0,1
40934,STU140934,Aarav Verma,Female,34,Bachelor,Employed,Chennai,Laptop,High,C104,Digital Marketing Essentials,Marketing,Beginner,30,4.3,4,37,70.4,2,1.0,10,4,5.3,5,5,6,57.8,46.3,56.9,2,11-07-2024,Free,No,No,0,87,2,0,3.4,Not Completed,0,0,0,0,0,1,2,2
40935,STU140935,Sakshi Bose,Male,26,Diploma,Self-Employed,Nagpur,Laptop,High,C107,Statistics for Data Science,Math,Intermediate,50,4.2,4,40,90.4,2,5.7,1,4,6.9,5,5,4,64.1,73.6,65.3,0,11-09-2024,Debit Card,Yes,No,4495,96,0,0,5.0,Completed,1,1,1,0,0,2,3,1
40936,STU140936,Sneha Patel,Female,18,Bachelor,Student,Pune,Laptop,Low,C102,Data Analysis with Python,Programming,Intermediate,60,4.7,4,20,73.1,2,7.2,4,6,4.1,5,4,5,78.5,84.4,59.8,2,12-04-2024,UPI,Yes,No,4844,79,0,1,3.9,Not Completed,0,0,2,0,1,2,4,5
40937,STU140937,Rahul Bose,Male,24,Master,Student,Vadodara,Mobile,Medium,C103,Introduction to AI,Programming,Intermediate,75,4.5,4,24,41.9,2,0.7,3,1,6.0,5,5,3,73.3,61.1,47.7,1,21-06-2025,NetBanking,Yes,No,5752,85,2,2,2.9,Completed,1,3,2,1,2,2,4,3
40938,STU140938,Vivaan Verma,Male,26,Bachelor,Student,Kolkata,Mobile,Medium,C104,Digital Marketing Essentials,Marketing,Beginner,30,4.3,6,33,74.0,2,3.0,5,4,4.0,2,8,3,57.3,41.8,40.0,2,03-06-2024,Free,No,No,0,67,0,3,3.6,Completed,1,0,2,1,2,1,2,2
40939,STU140939,Vihaan Iyer,Male,23,HighSchool,Student,Delhi,Mobile,High,C104,Digital Marketing Essentials,Marketing,Beginner,30,4.3,6,50,88.1,1,4.5,19,6,2.5,6,4,1,76.5,77.2,70.7,1,03-07-2025,NetBanking,Yes,Yes,3150,44,1,3,2.6,Completed,1,2,2,1,0,1,2,3
40940,STU140940,Meera Bhardwaj,Male,33,Diploma,Student,Lucknow,Laptop,High,C104,Digital Marketing Essentials,Marketing,Beginner,30,4.3,3,28,69.3,4,0.5,4,10,5.7,4,6,7,65.8,70.3,51.8,2,13-06-2025,Credit Card,Yes,No,3277,73,0,1,3.6,Not Completed,1,1,2,0,0,1,2,0
40941,STU140941,Kavya Reddy,Female,34,Bachelor,Employed,Ahmedabad,Mobile,High,C105,UI/UX Design Fundamentals,Design,Beginner,40,4.4,4,31,45.2,2,0.5,8,5,3.7,8,2,4,68.5,81.0,67.9,2,16-03-2025,Credit Card,Yes,No,3695,100,1,0,4.9,Not Completed,0,0,0,1,0,1,1,0
40942,STU140942,Ananya Mehta,Female,17,Diploma,Student,Pune,Mobile,Medium,C108,Excel for Business,Business,Beginner,25,4.1,6,17,83.1,3,1.9,2,4,4.0,5,5,4,96.5,86.7,63.4,1,09-01-2025,UPI,Yes,No,3276,67,4,1,4.7,Completed,0,1,2,1,2,1,0,5
40943,STU140943,Pooja Bhardwaj,Male,22,Bachelor,Employed,Ahmedabad,Mobile,Medium,C104,Digital Marketing Essentials,Marketing,Beginner,30,4.3,5,45,24.9,2,15.4,1,2,7.4,7,3,6,63.7,57.3,53.6,2,05-10-2025,UPI,Yes,No,3405,100,3,1,4.2,Not Completed,1,0,0,1,2,1,2,5
40944,STU140944,Sai Desai,Female,21,HighSchool,Employed,Delhi,Tablet,High,C108,Excel for Business,Business,Beginner,25,4.1,3,37,95.3,2,4.1,4,4,3.9,7,3,7,68.8,76.9,79.2,1,07-12-2023,NetBanking,Yes,No,3070,87,3,0,4.9,Completed,0,2,0,2,0,1,0,3
40945,STU140945,Ritika Gupta,Male,22,HighSchool,Employed,Surat,Laptop,High,C105,UI/UX Design Fundamentals,Design,Beginner,40,4.4,6,26,54.7,3,0.5,1,3,8.3,6,4,6,89.3,56.2,57.9,0,21-05-2024,Scholarship,No,Yes,1183,100,4,1,5.0,Completed,1,2,0,0,0,1,1,4
40946,STU140946,Sai Shah,Male,36,Master,Student,Ahmedabad,Mobile,Medium,C105,UI/UX Design Fundamentals,Design,Beginner,40,4.4,6,32,89.7,0,1.1,12,5,7.5,6,4,2,79.2,69.5,70.9,5,12-02-2025,UPI,Yes,No,4216,70,4,0,4.8,Completed,1,3,2,1,2,1,1,5
40947,STU140947,Nikhil Bose,Male,26,Bachelor,Employed,Indore,Mobile,High,C102,Data Analysis with Python,Programming,Intermediate,60,4.7,5,37,81.9,4,0.5,4,10,9.1,4,6,2,65.6,73.8,56.4,3,16-06-2024,Debit Card,Yes,No,4709,65,5,1,3.3,Completed,1,0,0,1,0,2,4,1
40948,STU140948,Sneha Nair,Female,26,Diploma,Employed,Vadodara,Laptop,Low,C104,Digital Marketing Essentials,Marketing,Beginner,30,4.3,6,23,72.3,1,0.5,2,5,8.1,6,3,4,72.8,72.6,64.9,2,07-11-2024,Free,No,No,0,94,4,2,3.3,Not Completed,0,1,0,0,1,1,2,2
40949,STU140949,Priya Gupta,Female,22,HighSchool,Student,Mumbai,Mobile,Medium,C107,Statistics for Data Science,Math,Intermediate,50,4.2,4,25,50.5,2,8.2,14,4,5.6,6,4,4,76.9,73.8,57.3,2,04-03-2025,NetBanking,Yes,No,4671,49,2,1,3.9,Not Completed,0,2,2,1,2,2,3,3
40950,STU140950,Ritika Joshi,Male,27,Bachelor,Student,Nagpur,Mobile,Medium,C104,Digital Marketing Essentials,Marketing,Beginner,30,4.3,5,38,76.4,1,2.6,6,7,7.1,1,9,7,68.1,45.6,35.0,3,17-07-2024,Scholarship,No,No,1326,59,2,0,4.2,Completed,1,0,2,1,2,1,2,4
40951,STU140951,Kavya Kumar,Female,32,Bachelor,Employed,Hyderabad,Laptop,Medium,C101,Python Basics,Programming,Beginner,45,4.6,4,49,40.2,4,3.7,0,6,7.9,5,5,4,87.5,67.9,47.5,2,05-01-2025,UPI,Yes,No,4591,80,3,0,4.7,Not Completed,0,0,0,0,2,1,4,5
40952,STU140952,Nikhil Shah,Female,30,Bachelor,Employed,Surat,Laptop,Medium,C105,UI/UX Design Fundamentals,Design,Beginner,40,4.4,4,32,77.8,2,4.2,0,3,4.3,6,4,1,82.1,63.1,66.4,2,20-11-2023,Scholarship,No,No,709,76,2,1,5.0,Completed,0,0,0,0,2,1,1,4
40953,STU140953,Pooja Shah,Male,22,Bachelor,Student,Ahmedabad,Mobile,High,C103,Introduction to AI,Programming,Intermediate,75,4.5,3,55,74.7,6,0.5,4,7,6.6,9,1,7,86.8,97.5,85.0,6,04-09-2024,UPI,Yes,No,5911,53,1,1,2.9,Completed,1,0,2,1,0,2,4,5
40954,STU140954,Arjun Gupta,Male,26,Master,Student,Vadodara,Mobile,High,C104,Digital Marketing Essentials,Marketing,Beginner,30,4.3,9,31,74.7,1,0.5,3,5,9.5,2,8,5,66.0,74.2,41.9,3,26-10-2024,Debit Card,Yes,Yes,3178,74,3,0,4.3,Not Completed,1,3,2,1,0,1,2,1
40955,STU140955,Nikhil Verma,Female,30,Bachelor,Student,Mumbai,Laptop,High,C103,Introduction to AI,Programming,Intermediate,75,4.5,3,27,97.8,2,3.0,1,8,3.6,5,5,5,61.8,46.6,66.5,1,25-02-2025,UPI,Yes,Yes,4574,100,1,2,2.7,Completed,0,0,2,0,0,2,4,5
40956,STU140956,Vivaan Bose,Female,27,Master,Student,Hyderabad,Mobile,Medium,C104,Digital Marketing Essentials,Marketing,Beginner,30,4.3,4,27,51.4,2,0.5,21,6,8.6,3,7,3,75.4,79.3,40.0,0,14-03-2024,Credit Card,Yes,Yes,3110,52,4,1,3.9,Not Completed,0,3,2,1,2,1,2,0
40957,STU140957,Vihaan Sharma,Female,17,Bachelor,Student,Pune,Mobile,Medium,C104,Digital Marketing Essentials,Marketing,Beginner,30,4.3,5,34,61.2,1,0.5,14,4,6.5,5,5,2,77.0,49.5,53.9,2,14-01-2025,Credit Card,Yes,No,3181,88,2,1,4.5,Completed,0,0,2,1,2,1,2,0
40958,STU140958,Sakshi Kumar,Other,19,Bachelor,Employed,Delhi,Mobile,Medium,C107,Statistics for Data Science,Math,Intermediate,50,4.2,4,46,42.5,3,0.5,1,4,8.9,6,4,5,66.4,40.6,52.9,3,23-05-2024,UPI,Yes,No,4420,65,2,0,5.0,Not Completed,2,0,0,1,2,2,3,5
40959,STU140959,Kavya Singh,Male,17,Master,Student,Vadodara,Mobile,Medium,C101,Python Basics,Programming,Beginner,45,4.6,6,40,73.0,4,8.4,2,6,6.9,5,4,4,70.6,90.8,60.1,2,13-07-2024,Credit Card,Yes,Yes,3313,100,2,4,5.0,Not Completed,1,3,2,1,2,1,4,0
40960,STU140960,Sneha Patel,Male,17,Master,Student,Delhi,Mobile,Medium,C108,Excel for Business,Business,Beginner,25,4.1,8,38,84.1,6,11.0,7,6,5.7,4,6,7,83.1,59.7,56.4,1,20-01-2024,Credit Card,Yes,No,3202,60,3,0,4.1,Not Completed,1,3,2,1,2,1,0,0
40961,STU140961,Isha Verma,Male,21,Diploma,Student,Vadodara,Mobile,Medium,C106,Machine Learning A-Z,Programming,Advanced,90,4.6,7,27,47.1,0,5.2,8,6,7.6,6,4,3,83.1,55.8,55.3,1,31-12-2023,UPI,Yes,No,6236,100,3,0,5.0,Not Completed,1,1,2,1,2,0,4,5
40962,STU140962,Sai Mehta,Female,30,Master,Student,Nagpur,Mobile,Low,C106,Machine Learning A-Z,Programming,Advanced,90,4.6,4,34,62.8,4,6.6,28,7,4.9,6,4,5,83.1,84.3,62.2,1,03-08-2025,Free,No,No,0,67,4,2,2.7,Completed,0,3,2,1,1,0,4,2
40963,STU140963,Aditya Kumar,Male,17,Bachelor,Employed,Kolkata,Mobile,Low,C107,Statistics for Data Science,Math,Intermediate,50,4.2,5,16,71.1,1,0.5,17,5,6.2,4,6,3,46.0,94.4,53.6,3,31-01-2024,Debit Card,Yes,No,4284,59,0,1,5.0,Completed,1,0,0,1,1,2,3,1
40964,STU140964,Rahul Kumar,Female,23,Master,Student,Ahmedabad,Laptop,High,C103,Introduction to AI,Programming,Intermediate,75,4.5,7,19,39.0,1,0.5,20,5,5.0,6,3,5,83.3,48.9,52.1,0,06-09-2025,Credit Card,Yes,No,5638,82,3,0,4.7,Completed,0,3,2,0,0,2,4,0
40965,STU140965,Aditya Sharma,Female,26,Diploma,Employed,Surat,Mobile,Medium,C103,Introduction to AI,Programming,Intermediate,75,4.5,4,41,88.4,0,1.8,11,4,6.1,5,5,3,60.2,66.2,64.3,1,27-06-2025,UPI,Yes,No,5819,100,2,0,4.2,Completed,0,1,0,1,2,2,4,5
40966,STU140966,Sneha Joshi,Male,29,Bachelor,Employed,Lucknow,Mobile,Medium,C104,Digital Marketing Essentials,Marketing,Beginner,30,4.3,3,26,90.3,2,0.5,11,1,3.1,7,3,3,58.4,73.8,77.3,1,21-10-2023,Debit Card,Yes,Yes,2758,53,1,3,4.1,Completed,1,0,0,1,2,1,2,1
40967,STU140967,Sakshi Bhardwaj,Female,22,Diploma,Employed,Nagpur,Mobile,Medium,C108,Excel for Business,Business,Beginner,25,4.1,5,33,67.3,2,2.1,12,3,6.1,3,7,4,78.2,48.9,44.0,1,04-06-2025,UPI,Yes,No,3135,51,3,0,5.0,Completed,0,1,0,1,2,1,0,5
40968,STU140968,Ritika Desai,Male,22,Bachelor,Student,Kolkata,Tablet,High,C103,Introduction to AI,Programming,Intermediate,75,4.5,4,58,45.9,2,1.9,1,8,4.9,7,3,3,77.1,92.3,62.7,1,05-09-2025,UPI,Yes,No,5758,96,5,0,3.3,Completed,1,0,2,2,0,2,4,5
40969,STU140969,Meera Singh,Male,26,Master,Employed,Surat,Mobile,Medium,C102,Data Analysis with Python,Programming,Intermediate,60,4.7,6,18,9.5,2,0.5,5,6,8.3,4,6,1,89.7,64.9,30.6,3,14-12-2024,UPI,Yes,No,5352,90,1,2,4.8,Not Completed,1,3,0,1,2,2,4,5
40970,STU140970,Krishna Desai,Male,28,Diploma,Employed,Ahmedabad,Mobile,High,C101,Python Basics,Programming,Beginner,45,4.6,5,25,85.2,2,0.5,1,5,6.1,3,7,3,71.5,69.4,51.3,2,19-12-2024,UPI,Yes,No,4420,78,2,0,5.0,Completed,1,1,0,1,0,1,4,5
40971,STU140971,Sakshi Gupta,Female,28,Bachelor,Employed,Ahmedabad,Mobile,Medium,C103,Introduction to AI,Programming,Intermediate,75,4.5,4,52,31.7,2,4.7,1,6,8.8,4,6,1,86.0,59.7,38.1,2,23-09-2024,Free,No,No,0,82,7,0,5.0,Completed,0,0,0,1,2,2,4,2
40972,STU140972,Meera Desai,Male,25,PhD,Student,Surat,Mobile,Medium,C108,Excel for Business,Business,Beginner,25,4.1,6,43,78.4,1,0.5,0,8,5.3,5,5,6,77.4,56.7,60.3,1,07-12-2024,Credit Card,Yes,No,3261,21,4,1,4.0,Not Completed,1,4,2,1,2,1,0,0
40973,STU140973,Priya Gupta,Male,22,Bachelor,Self-Employed,Surat,Mobile,Low,C106,Machine Learning A-Z,Programming,Advanced,90,4.6,4,50,28.8,2,6.1,2,6,5.1,5,5,6,51.2,100.0,45.1,0,17-03-2024,Free,No,No,0,63,0,1,4.1,Not Completed,1,0,1,1,1,0,4,2
40974,STU140974,Aditya Nair,Male,18,Master,Employed,Chennai,Laptop,Medium,C106,Machine Learning A-Z,Programming,Advanced,90,4.6,6,22,91.9,3,3.1,10,5,8.8,7,3,2,64.0,65.8,77.5,1,24-05-2024,UPI,Yes,No,6857,77,4,1,3.8,Completed,1,3,0,0,2,0,4,5
40975,STU140975,Vivaan Iyer,Female,22,Master,Student,Jaipur,Laptop,Medium,C105,UI/UX Design Fundamentals,Design,Beginner,40,4.4,5,21,58.4,0,11.3,2,2,3.5,4,6,5,50.8,40.1,46.5,3,18-08-2024,UPI,Yes,No,4252,85,2,0,4.3,Completed,0,3,2,0,2,1,1,5
40976,STU140976,Sai Sharma,Male,36,Bachelor,Student,Hyderabad,Laptop,Medium,C107,Statistics for Data Science,Math,Intermediate,50,4.2,4,32,83.0,1,1.3,37,1,9.3,5,5,3,76.2,88.9,63.5,2,20-10-2024,Debit Card,Yes,Yes,3914,89,0,1,3.7,Completed,1,0,2,0,2,2,3,1
40977,STU140977,Neha Gupta,Male,26,Diploma,Student,Indore,Mobile,Medium,C104,Digital Marketing Essentials,Marketing,Beginner,30,4.3,5,29,50.4,1,2.1,15,8,7.9,4,6,5,77.5,69.1,45.1,1,30-01-2025,Credit Card,Yes,No,3243,100,2,0,5.0,Completed,1,1,2,1,2,1,2,0
40978,STU140978,Sakshi Nair,Female,31,PhD,Unemployed,Surat,Laptop,Low,C106,Machine Learning A-Z,Programming,Advanced,90,4.6,4,24,64.7,1,0.5,10,7,6.5,3,7,2,75.6,86.9,45.0,3,20-12-2023,UPI,Yes,No,6173,61,1,1,4.7,Not Completed,0,4,3,0,1,0,4,5
40979,STU140979,Vihaan Mehta,Male,20,HighSchool,Employed,Hyderabad,Mobile,High,C108,Excel for Business,Business,Beginner,25,4.1,3,28,14.9,0,2.2,3,6,5.7,3,7,3,66.7,47.7,25.6,2,09-09-2025,Scholarship,No,Yes,818,72,0,0,3.2,Not Completed,1,2,0,1,0,1,0,4
40980,STU140980,Sai Nair,Male,25,Bachelor,Employed,Kolkata,Mobile,Medium,C108,Excel for Business,Business,Beginner,25,4.1,5,45,74.3,2,13.5,8,3,1.6,5,5,4,90.3,44.4,58.2,1,24-08-2024,Credit Card,Yes,No,3082,35,2,0,4.5,Completed,1,0,0,1,2,1,0,0
40981,STU140981,Rohan Verma,Female,21,Master,Employed,Vadodara,Laptop,Medium,C104,Digital Marketing Essentials,Marketing,Beginner,30,4.3,7,30,75.7,3,0.5,1,8,8.9,5,5,8,80.4,69.0,60.0,5,30-01-2025,Credit Card,Yes,Yes,2872,45,2,4,4.7,Completed,0,3,0,0,2,1,2,0
40982,STU140982,Rohan Gupta,Female,27,Bachelor,Employed,Indore,Laptop,Medium,C102,Data Analysis with Python,Programming,Intermediate,60,4.7,6,46,54.6,2,0.5,8,4,3.6,7,3,1,67.7,69.8,64.6,3,23-01-2025,NetBanking,Yes,No,5121,55,8,0,4.2,Not Completed,0,0,0,0,2,2,4,3
40983,STU140983,Vihaan Patel,Female,31,Bachelor,Employed,Bengaluru,Laptop,Medium,C105,UI/UX Design Fundamentals,Design,Beginner,40,4.4,4,59,81.2,7,3.5,0,6,7.1,5,5,2,61.5,49.0,60.9,2,24-04-2024,Debit Card,Yes,Yes,3633,69,4,2,3.1,Not Completed,0,0,0,0,2,1,1,1
40984,STU140984,Sai Bhardwaj,Female,17,Bachelor,Employed,Delhi,Laptop,Medium,C102,Data Analysis with Python,Programming,Intermediate,60,4.7,4,39,92.9,2,0.6,16,5,3.1,3,7,3,70.9,47.1,52.9,5,10-10-2024,Credit Card,Yes,Yes,4634,57,1,0,4.5,Not Completed,0,0,0,0,2,2,4,0
40985,STU140985,Krishna Patel,Female,17,Bachelor,Employed,Jaipur,Laptop,High,C104,Digital Marketing Essentials,Marketing,Beginner,30,4.3,2,35,42.4,3,7.3,1,4,8.7,7,3,6,59.2,62.2,60.0,0,20-06-2024,UPI,Yes,No,3764,79,1,0,4.6,Not Completed,0,0,0,0,0,1,2,5
40986,STU140986,Sakshi Mehta,Female,17,Bachelor,Student,Jaipur,Mobile,High,C102,Data Analysis with Python,Programming,Intermediate,60,4.7,7,52,62.0,1,2.5,1,6,4.7,6,3,3,57.2,40.3,59.7,0,03-09-2025,Free,No,No,0,25,3,2,4.2,Not Completed,0,0,2,1,0,2,4,2
40987,STU140987,Arjun Bose,Male,33,Bachelor,Student,Pune,Mobile,Medium,C105,UI/UX Design Fundamentals,Design,Beginner,40,4.4,3,20,50.9,0,0.5,0,7,3.5,5,5,5,100.0,77.2,51.7,2,13-12-2023,Credit Card,Yes,Yes,3088,74,2,2,4.3,Not Completed,1,0,2,1,2,1,1,0
40988,STU140988,Rohan Joshi,Female,32,Diploma,Student,Delhi,Mobile,Medium,C107,Statistics for Data Science,Math,Intermediate,50,4.2,5,38,98.8,1,0.5,6,6,10.0,4,6,3,62.5,68.0,62.0,2,13-03-2025,UPI,Yes,No,4169,51,2,1,1.3,Not Completed,0,1,2,1,2,2,3,5
40989,STU140989,Neha Singh,Female,30,Master,Employed,Jaipur,Mobile,Low,C101,Python Basics,Programming,Beginner,45,4.6,4,21,58.3,0,0.5,4,6,6.3,2,7,2,62.1,54.5,35.1,2,29-11-2024,UPI,Yes,No,4275,47,3,1,3.8,Not Completed,0,3,0,1,1,1,4,5
40990,STU140990,Krishna Gupta,Female,33,Bachelor,Employed,Nagpur,Mobile,High,C107,Statistics for Data Science,Math,Intermediate,50,4.2,5,31,18.9,2,4.6,10,3,6.7,4,6,5,84.1,35.5,32.4,2,02-11-2023,Credit Card,Yes,Yes,3455,31,5,0,4.2,Not Completed,0,0,0,1,0,2,3,0
40991,STU140991,Rahul Desai,Male,27,Bachelor,Student,Bengaluru,Mobile,Low,C102,Data Analysis with Python,Programming,Intermediate,60,4.7,5,38,68.5,7,0.5,16,3,7.9,6,4,6,70.4,69.9,63.5,3,21-12-2023,Credit Card,Yes,No,5095,82,1,1,4.3,Completed,1,0,2,1,1,2,4,0
40992,STU140992,Vihaan Verma,Female,28,HighSchool,Employed,Pune,Laptop,Medium,C101,Python Basics,Programming,Beginner,45,4.6,3,38,73.5,2,9.9,3,4,5.1,5,4,4,65.8,63.1,58.9,2,08-06-2024,NetBanking,Yes,Yes,3783,68,2,2,4.5,Not Completed,0,2,0,0,2,1,4,3
40993,STU140993,Vivaan Patel,Female,27,Bachelor,Student,Jaipur,Mobile,Low,C106,Machine Learning A-Z,Programming,Advanced,90,4.6,3,27,56.2,1,5.6,4,9,4.3,7,3,1,73.2,46.9,64.0,3,15-01-2024,Debit Card,Yes,No,6678,52,1,1,3.9,Completed,0,0,2,1,1,0,4,1
40994,STU140994,Ananya Sharma,Female,17,Diploma,Student,Indore,Laptop,Medium,C103,Introduction to AI,Programming,Intermediate,75,4.5,5,28,79.8,0,5.7,6,3,6.3,6,4,9,78.9,52.8,66.6,2,20-03-2025,Scholarship,No,No,1046,98,2,2,4.0,Not Completed,0,1,2,0,2,2,4,4
40995,STU140995,Kavya Gupta,Male,40,Bachelor,Student,Lucknow,Laptop,Medium,C108,Excel for Business,Business,Beginner,25,4.1,4,46,53.9,2,6.3,16,5,4.1,5,5,3,70.6,60.0,51.9,1,02-02-2024,Free,No,No,0,73,2,0,4.6,Not Completed,1,0,2,0,2,1,0,2
40996,STU140996,Ritika Nair,Female,20,Master,Employed,Ahmedabad,Mobile,Medium,C103,Introduction to AI,Programming,Intermediate,75,4.5,6,28,44.9,1,0.5,9,5,3.8,7,3,1,80.9,72.2,61.3,3,07-11-2024,NetBanking,Yes,Yes,4826,58,4,0,4.2,Completed,0,3,0,1,2,2,4,3
40997,STU140997,Kavya Verma,Female,18,Bachelor,Student,Surat,Tablet,Medium,C106,Machine Learning A-Z,Programming,Advanced,90,4.6,4,40,62.2,5,4.7,3,4,3.0,5,5,6,79.4,68.0,55.2,6,13-12-2024,Debit Card,Yes,Yes,5253,84,4,2,4.7,Completed,0,0,2,2,2,0,4,1
40998,STU140998,Meera Iyer,Female,31,Master,Employed,Pune,Mobile,Medium,C101,Python Basics,Programming,Beginner,45,4.6,5,56,71.9,0,5.5,6,7,7.4,4,5,2,72.5,99.4,54.1,4,10-02-2025,Debit Card,Yes,Yes,3545,59,3,0,4.3,Completed,0,3,0,1,2,1,4,1
40999,STU140999,Isha Desai,Male,30,Bachelor,Employed,Jaipur,Laptop,Low,C102,Data Analysis with Python,Programming,Intermediate,60,4.7,3,39,60.5,2,5.9,5,2,9.4,3,7,3,41.4,51.4,41.7,2,23-01-2025,Credit Card,Yes,No,4602,70,3,1,3.2,Not Completed,1,0,0,0,1,2,4,0
41000,STU141000,Nikhil Nair,Female,35,Bachelor,Employed,Indore,Mobile,High,C104,Digital Marketing Essentials,Marketing,Beginner,30,4.3,4,33,63.9,1,0.5,1,5,7.4,5,5,1,74.4,80.7,56.4,1,25-11-2023,UPI,Yes,Yes,2844,50,5,3,4.5,Not Completed,0,0,0,1,0,1,2,5
41001,STU141001,Priya Shah,Female,17,HighSchool,Student,Nagpur,Mobile,Medium,C104,Digital Marketing Essentials,Marketing,Beginner,30,4.3,5,24,14.2,0,3.4,1,4,9.8,6,4,6,71.1,65.9,44.3,1,21-11-2024,Credit Card,Yes,Yes,3194,98,4,1,3.1,Not Completed,0,2,2,1,2,1,2,0
41002,STU141002,Arjun Gupta,Male,31,Bachelor,Employed,Chennai,Mobile,Medium,C106,Machine Learning A-Z,Programming,Advanced,90,4.6,7,46,95.8,2,10.0,1,6,8.9,4,6,5,66.0,72.8,61.2,0,05-09-2025,Scholarship,No,No,2628,66,1,1,4.6,Not Completed,1,0,0,1,2,0,4,4
41003,STU141003,Aditya Desai,Other,35,Bachelor,Employed,Delhi,Mobile,High,C101,Python Basics,Programming,Beginner,45,4.6,1,39,47.5,1,0.5,8,6,6.4,6,4,1,68.1,71.9,56.2,3,24-06-2025,UPI,Yes,No,3846,41,5,0,4.4,Not Completed,2,0,0,1,0,1,4,5
41004,STU141004,Arjun Sharma,Male,31,Master,Employed,Indore,Tablet,High,C104,Digital Marketing Essentials,Marketing,Beginner,30,4.3,7,47,57.5,3,6.3,14,4,6.6,3,7,6,90.0,70.0,41.6,0,14-12-2024,Scholarship,No,No,511,99,3,2,4.3,Not Completed,1,3,0,2,0,1,2,4
41005,STU141005,Nikhil Bose,Male,17,Master,Employed,Lucknow,Mobile,Low,C102,Data Analysis with Python,Programming,Intermediate,60,4.7,5,43,87.3,3,7.2,3,7,6.1,3,7,1,57.7,66.0,51.9,0,20-10-2024,UPI,Yes,No,5498,89,0,0,3.7,Not Completed,1,3,0,1,1,2,4,5
41006,STU141006,Sneha Sharma,Male,19,Bachelor,Employed,Hyderabad,Laptop,Low,C106,Machine Learning A-Z,Programming,Advanced,90,4.6,7,34,94.0,0,0.5,3,6,5.9,5,5,3,68.8,73.0,66.6,2,03-04-2025,UPI,Yes,No,6332,53,1,2,5.0,Completed,1,0,0,0,1,0,4,5
41007,STU141007,Rahul Nair,Female,29,Bachelor,Employed,Vadodara,Laptop,Medium,C107,Statistics for Data Science,Math,Intermediate,50,4.2,4,23,51.3,0,0.5,2,5,6.9,2,7,3,82.1,97.3,34.8,2,12-12-2023,Scholarship,No,Yes,1788,77,4,2,4.4,Not Completed,0,0,0,0,2,2,3,4
41008,STU141008,Aarav Sharma,Male,17,Bachelor,Student,Kolkata,Laptop,Medium,C108,Excel for Business,Business,Beginner,25,4.1,1,36,55.6,3,1.7,10,6,6.0,6,4,3,78.3,49.5,57.9,0,07-01-2025,Credit Card,Yes,No,3420,55,5,2,4.5,Completed,1,0,2,0,2,1,0,0
41009,STU141009,Isha Gupta,Female,30,Diploma,Employed,Mumbai,Mobile,Medium,C105,UI/UX Design Fundamentals,Design,Beginner,40,4.4,6,45,38.0,2,0.5,12,8,6.2,6,4,2,56.1,77.6,53.2,3,12-09-2025,UPI,Yes,No,4037,72,1,0,4.3,Not Completed,0,1,0,1,2,1,1,5
41010,STU141010,Sai Shah,Female,17,Diploma,Employed,Kolkata,Laptop,Medium,C102,Data Analysis with Python,Programming,Intermediate,60,4.7,7,28,83.0,3,0.5,7,1,9.6,7,3,3,73.3,52.6,73.7,1,25-09-2024,Scholarship,No,No,1115,50,2,1,5.0,Completed,0,1,0,0,2,2,4,4
41011,STU141011,Sai Reddy,Male,27,Bachelor,Employed,Lucknow,Laptop,Low,C105,UI/UX Design Fundamentals,Design,Beginner,40,4.4,3,12,54.2,1,0.5,1,6,8.7,3,7,3,78.6,64.8,40.2,5,08-06-2024,Credit Card,Yes,Yes,3734,69,0,0,5.0,Completed,1,0,0,0,1,1,1,0
41012,STU141012,Arjun Iyer,Male,23,Master,Student,Jaipur,Laptop,Medium,C107,Statistics for Data Science,Math,Intermediate,50,4.2,8,43,55.2,2,8.6,1,5,8.1,4,6,3,88.1,53.5,46.0,1,13-02-2024,Free,No,No,0,80,2,0,4.2,Not Completed,1,3,2,0,2,2,3,2
41013,STU141013,Nikhil Bhardwaj,Female,29,Bachelor,Employed,Indore,Mobile,Medium,C101,Python Basics,Programming,Beginner,45,4.6,3,38,57.4,2,1.3,31,8,4.5,5,5,5,63.1,73.2,53.8,2,19-06-2025,UPI,Yes,No,4544,50,2,0,3.4,Completed,0,0,0,1,2,1,4,5
41014,STU141014,Ritika Nair,Male,26,Bachelor,Employed,Mumbai,Mobile,Medium,C104,Digital Marketing Essentials,Marketing,Beginner,30,4.3,3,34,59.6,5,0.5,7,4,9.2,4,6,5,92.2,82.5,49.0,5,25-12-2023,Free,No,No,0,69,5,0,5.0,Not Completed,1,0,0,1,2,1,2,2
41015,STU141015,Krishna Iyer,Other,33,HighSchool,Student,Surat,Mobile,High,C102,Data Analysis with Python,Programming,Intermediate,60,4.7,5,27,40.5,2,0.5,7,5,7.6,5,5,1,88.7,59.9,47.2,0,26-11-2023,UPI,Yes,Yes,4639,80,0,1,2.9,Completed,2,2,2,1,0,2,4,5
41016,STU141016,Vihaan Joshi,Male,20,Bachelor,Student,Surat,Mobile,High,C103,Introduction to AI,Programming,Intermediate,75,4.5,6,19,11.6,3,7.6,0,2,4.5,4,6,2,44.4,54.1,30.8,2,23-01-2025,UPI,Yes,Yes,4689,65,0,1,3.7,Not Completed,1,0,2,1,0,2,4,5
41017,STU141017,Isha Kumar,Female,27,Master,Self-Employed,Bengaluru,Mobile,Low,C105,UI/UX Design Fundamentals,Design,Beginner,40,4.4,6,47,35.6,6,3.9,7,5,2.1,5,5,3,66.3,63.2,45.6,6,08-12-2023,Free,No,No,0,78,2,1,2.2,Completed,0,3,1,1,1,1,1,2
41018,STU141018,Nikhil Desai,Female,30,Bachelor,Student,Hyderabad,Mobile,Medium,C104,Digital Marketing Essentials,Marketing,Beginner,30,4.3,6,37,65.9,1,6.4,1,3,10.0,6,4,4,73.3,71.0,62.6,4,28-03-2024,UPI,Yes,Yes,3058,100,1,1,4.3,Completed,0,0,2,1,2,1,2,5
41019,STU141019,Krishna Patel,Male,23,Bachelor,Employed,Hyderabad,Mobile,Medium,C104,Digital Marketing Essentials,Marketing,Beginner,30,4.3,4,19,37.6,1,3.8,0,5,7.3,4,6,4,85.1,77.0,41.0,4,25-07-2025,NetBanking,Yes,No,3376,75,5,0,2.7,Completed,1,0,0,1,2,1,2,3
41020,STU141020,Aditya Mehta,Male,26,Bachelor,Student,Hyderabad,Tablet,High,C107,Statistics for Data Science,Math,Intermediate,50,4.2,2,20,23.6,4,1.4,3,9,4.0,4,6,6,51.2,61.7,35.3,2,11-08-2025,NetBanking,Yes,No,4672,86,1,1,3.7,Not Completed,1,0,2,2,0,2,3,3
41021,STU141021,Sneha Kumar,Female,30,Bachelor,Student,Vadodara,Laptop,High,C102,Data Analysis with Python,Programming,Intermediate,60,4.7,3,36,90.1,4,0.5,0,8,5.4,3,7,2,66.4,60.8,52.6,1,02-05-2024,Debit Card,Yes,No,4745,83,3,1,3.6,Not Completed,0,0,2,0,0,2,4,1
41022,STU141022,Sneha Shah,Female,36,Diploma,Student,Ahmedabad,Laptop,Low,C104,Digital Marketing Essentials,Marketing,Beginner,30,4.3,4,21,57.0,1,1.4,23,5,6.7,8,2,6,70.9,72.5,71.6,3,29-09-2024,Credit Card,Yes,No,3550,52,1,1,4.4,Completed,0,1,2,0,1,1,2,0
41023,STU141023,Rohan Kumar,Female,27,PhD,Student,Kolkata,Laptop,High,C103,Introduction to AI,Programming,Intermediate,75,4.5,5,25,93.3,2,1.7,10,7,7.0,3,6,3,83.4,67.0,54.0,6,22-10-2023,Debit Card,Yes,No,5346,91,2,0,4.7,Completed,0,4,2,0,0,2,4,1
41024,STU141024,Ritika Gupta,Female,26,Bachelor,Student,Pune,Tablet,High,C104,Digital Marketing Essentials,Marketing,Beginner,30,4.3,3,24,23.6,1,0.5,0,4,3.0,3,7,1,82.7,97.8,31.2,4,11-03-2024,Scholarship,No,No,905,50,3,3,3.8,Not Completed,0,0,2,2,0,1,2,4
41025,STU141025,Ananya Bhardwaj,Female,28,Diploma,Employed,Lucknow,Mobile,Medium,C108,Excel for Business,Business,Beginner,25,4.1,6,31,72.9,2,3.7,1,3,6.8,3,7,5,75.6,77.8,47.4,2,06-12-2024,NetBanking,Yes,Yes,2921,81,1,2,3.1,Completed,0,1,0,1,2,1,0,3
41026,STU141026,Neha Iyer,Male,30,Master,Self-Employed,Bengaluru,Mobile,High,C101,Python Basics,Programming,Beginner,45,4.6,4,30,35.9,4,0.5,1,12,5.0,5,5,2,100.0,69.1,46.0,1,22-06-2024,Debit Card,Yes,No,4058,79,1,1,4.4,Not Completed,1,3,1,1,0,1,4,1
41027,STU141027,Vivaan Reddy,Male,24,Master,Employed,Jaipur,Laptop,Low,C103,Introduction to AI,Programming,Intermediate,75,4.5,5,42,75.4,2,7.0,3,5,5.4,6,4,4,82.8,92.0,67.0,5,14-04-2025,Scholarship,No,No,1983,74,3,2,3.3,Completed,1,3,0,0,1,2,4,4
41028,STU141028,Aditya Gupta,Female,26,Bachelor,Employed,Hyderabad,Mobile,Medium,C101,Python Basics,Programming,Beginner,45,4.6,4,35,46.8,3,0.5,8,6,7.0,4,6,6,60.5,78.5,44.3,2,30-01-2025,UPI,Yes,No,3905,80,4,0,4.1,Completed,0,0,0,1,2,1,4,5
41029,STU141029,Nikhil Joshi,Female,18,Bachelor,Employed,Bhopal,Mobile,High,C107,Statistics for Data Science,Math,Intermediate,50,4.2,7,33,73.8,1,7.3,14,6,6.6,5,5,6,61.6,51.2,58.4,5,05-12-2024,UPI,Yes,No,4694,49,4,0,4.8,Not Completed,0,0,0,1,0,2,3,5
41030,STU141030,Ritika Reddy,Male,19,Master,Employed,Kolkata,Mobile,Low,C101,Python Basics,Programming,Beginner,45,4.6,4,36,36.0,4,0.5,10,7,9.3,7,3,3,69.9,67.9,58.0,1,25-12-2024,UPI,Yes,No,4317,64,4,1,4.9,Not Completed,1,3,0,1,1,1,4,5
41031,STU141031,Pooja Bhardwaj,Female,19,Master,Student,Nagpur,Mobile,Medium,C107,Statistics for Data Science,Math,Intermediate,50,4.2,2,40,75.1,1,6.8,4,6,7.9,4,6,3,81.9,85.5,54.6,2,14-06-2024,UPI,Yes,No,4198,89,6,1,5.0,Not Completed,0,3,2,1,2,2,3,5
41032,STU141032,Rahul Patel,Female,41,Bachelor,Employed,Vadodara,Mobile,Low,C105,UI/UX Design Fundamentals,Design,Beginner,40,4.4,4,47,38.8,4,3.9,14,4,7.1,4,6,0,84.1,74.9,41.3,0,07-08-2024,NetBanking,Yes,No,3761,100,1,3,3.6,Not Completed,0,0,0,1,1,1,1,3
41033,STU141033,Kavya Desai,Male,22,Bachelor,Self-Employed,Vadodara,Laptop,Medium,C101,Python Basics,Programming,Beginner,45,4.6,6,25,47.2,2,3.8,0,4,8.1,5,5,6,62.3,59.1,49.5,2,19-05-2024,Free,No,Yes,0,70,2,1,4.6,Completed,1,0,1,0,2,1,4,2
41034,STU141034,Nikhil Desai,Female,27,Bachelor,Employed,Chennai,Mobile,Medium,C105,UI/UX Design Fundamentals,Design,Beginner,40,4.4,9,33,34.9,5,6.1,2,8,9.2,6,4,4,75.1,67.4,51.6,2,16-03-2024,Scholarship,No,No,1943,50,2,1,4.3,Completed,0,0,0,1,2,1,1,4
41035,STU141035,Sakshi Bhardwaj,Male,19,Master,Employed,Nagpur,Laptop,Medium,C108,Excel for Business,Business,Beginner,25,4.1,7,39,54.5,2,9.4,4,7,6.9,3,6,5,75.9,75.8,40.9,1,05-03-2024,UPI,Yes,No,3186,80,3,2,5.0,Not Completed,1,3,0,0,2,1,0,5
41036,STU141036,Priya Bhardwaj,Female,17,Master,Employed,Vadodara,Laptop,High,C108,Excel for Business,Business,Beginner,25,4.1,6,25,74.1,3,0.5,9,4,3.5,5,5,2,61.1,100.0,60.9,1,25-02-2024,Free,No,Yes,0,57,4,1,5.0,Not Completed,0,3,0,0,0,1,0,2
41037,STU141037,Arjun Iyer,Female,25,Bachelor,Student,Surat,Laptop,High,C106,Machine Learning A-Z,Programming,Advanced,90,4.6,5,25,41.4,1,0.5,10,7,6.6,5,5,6,49.7,45.4,46.8,3,09-05-2024,UPI,Yes,No,6229,48,1,2,4.9,Not Completed,0,0,2,0,0,0,4,5
41038,STU141038,Aarav Joshi,Female,20,Bachelor,Student,Delhi,Laptop,High,C102,Data Analysis with Python,Programming,Intermediate,60,4.7,7,22,60.9,4,0.5,2,5,6.0,6,4,5,71.8,79.2,61.3,0,30-07-2025,Scholarship,No,No,1694,100,3,0,4.2,Completed,0,0,2,0,0,2,4,4
41039,STU141039,Nikhil Sharma,Male,18,Master,Student,Nagpur,Mobile,Low,C103,Introduction to AI,Programming,Intermediate,75,4.5,3,27,52.4,1,7.3,3,4,7.1,1,9,1,68.4,46.3,26.6,1,26-12-2023,UPI,Yes,No,5486,54,0,2,4.9,Not Completed,1,3,2,1,1,2,4,5
41040,STU141040,Kavya Joshi,Female,22,Bachelor,Employed,Ahmedabad,Tablet,Medium,C102,Data Analysis with Python,Programming,Intermediate,60,4.7,2,32,81.8,2,0.5,0,3,5.7,6,4,3,58.2,56.0,67.4,5,30-12-2023,NetBanking,Yes,No,5457,51,4,1,3.4,Completed,0,0,0,2,2,2,4,3
41041,STU141041,Priya Joshi,Female,24,Bachelor,Unemployed,Ahmedabad,Mobile,High,C104,Digital Marketing Essentials,Marketing,Beginner,30,4.3,7,35,69.6,5,4.3,6,10,6.7,7,3,5,69.5,72.4,70.0,3,17-02-2024,Free,No,No,0,65,4,1,4.4,Not Completed,0,0,3,1,0,1,2,2
41042,STU141042,Pooja Kumar,Male,31,Bachelor,Student,Mumbai,Mobile,Low,C101,Python Basics,Programming,Beginner,45,4.6,4,26,88.1,3,15.2,1,4,5.9,2,8,3,100.0,82.3,47.0,0,12-05-2024,Scholarship,No,No,1095,93,5,0,3.7,Completed,1,0,2,1,1,1,4,4
41043,STU141043,Vihaan Joshi,Male,26,Bachelor,Student,Chennai,Laptop,High,C106,Machine Learning A-Z,Programming,Advanced,90,4.6,6,29,61.8,3,3.9,0,8,8.4,5,5,6,72.1,78.5,55.6,2,10-10-2024,Debit Card,Yes,No,6756,65,1,1,3.7,Completed,1,0,2,0,0,0,4,1
41044,STU141044,Neha Desai,Male,27,Bachelor,Student,Ahmedabad,Laptop,Medium,C104,Digital Marketing Essentials,Marketing,Beginner,30,4.3,4,42,62.5,0,0.5,8,6,6.3,3,7,9,56.1,49.3,42.3,2,15-03-2024,Credit Card,Yes,Yes,3189,54,3,5,3.7,Not Completed,1,0,2,0,2,1,2,0
41045,STU141045,Meera Sharma,Female,23,Bachelor,Student,Surat,Laptop,Medium,C101,Python Basics,Programming,Beginner,45,4.6,3,28,58.0,2,0.5,3,6,6.4,7,2,6,72.2,69.8,65.8,0,10-09-2024,Free,No,No,0,55,4,0,4.8,Not Completed,0,0,2,0,2,1,4,2
41046,STU141046,Pooja Desai,Female,28,Bachelor,Student,Bengaluru,Mobile,Medium,C101,Python Basics,Programming,Beginner,45,4.6,3,5,29.4,0,6.9,2,8,6.4,8,2,3,70.7,51.4,60.9,2,06-12-2023,Credit Card,Yes,No,4128,88,1,0,5.0,Not Completed,0,0,2,1,2,1,4,0
41047,STU141047,Isha Patel,Male,20,Diploma,Student,Indore,Mobile,High,C102,Data Analysis with Python,Programming,Intermediate,60,4.7,4,26,35.4,3,8.0,2,3,9.8,7,3,1,98.1,65.0,57.6,2,13-07-2024,Free,No,Yes,0,50,1,0,3.7,Completed,1,1,2,1,0,2,4,2
41048,STU141048,Nikhil Verma,Male,32,Master,Student,Surat,Mobile,Medium,C106,Machine Learning A-Z,Programming,Advanced,90,4.6,3,33,26.3,2,0.5,4,3,5.6,3,7,2,78.7,90.3,31.7,4,25-02-2024,UPI,Yes,No,6741,52,2,1,4.4,Completed,1,3,2,1,2,0,4,5
41049,STU141049,Nikhil Mehta,Male,28,Bachelor,Student,Nagpur,Laptop,High,C107,Statistics for Data Science,Math,Intermediate,50,4.2,9,43,97.8,2,0.5,5,2,6.1,6,4,3,66.3,86.2,74.5,3,16-07-2025,Credit Card,Yes,No,4845,59,2,1,3.7,Completed,1,0,2,0,0,2,3,0
41050,STU141050,Krishna Shah,Female,29,Bachelor,Employed,Mumbai,Laptop,Medium,C107,Statistics for Data Science,Math,Intermediate,50,4.2,7,28,63.2,2,10.9,9,4,5.6,3,7,7,74.4,59.6,43.1,4,29-01-2025,Free,No,Yes,0,59,3,0,2.7,Not Completed,0,0,0,0,2,2,3,2
41051,STU141051,Priya Singh,Male,18,Master,Employed,Chennai,Mobile,High,C106,Machine Learning A-Z,Programming,Advanced,90,4.6,9,27,91.4,2,0.5,0,3,5.9,2,8,2,61.9,71.5,47.6,3,24-10-2023,Debit Card,Yes,No,7073,48,0,1,4.7,Not Completed,1,3,0,1,0,0,4,1
41052,STU141052,Ananya Gupta,Male,27,Bachelor,Student,Vadodara,Laptop,Medium,C102,Data Analysis with Python,Programming,Intermediate,60,4.7,5,43,75.5,2,0.5,1,7,4.8,5,5,4,73.7,69.2,59.9,1,15-03-2025,Debit Card,Yes,Yes,4081,65,3,0,5.0,Completed,1,0,2,0,2,2,4,1
41053,STU141053,Sai Sharma,Male,30,Diploma,Student,Ahmedabad,Laptop,Low,C101,Python Basics,Programming,Beginner,45,4.6,6,40,69.5,1,0.5,26,4,6.5,5,5,1,77.4,70.2,57.8,0,06-10-2025,Scholarship,No,Yes,472,55,2,0,4.4,Not Completed,1,1,2,0,1,1,4,4
41054,STU141054,Krishna Mehta,Male,29,Bachelor,Employed,Ahmedabad,Laptop,Medium,C106,Machine Learning A-Z,Programming,Advanced,90,4.6,9,40,85.9,1,5.9,5,7,5.1,7,3,4,61.1,100.0,77.1,5,20-07-2025,Credit Card,Yes,No,7077,66,2,2,4.0,Completed,1,0,0,0,2,0,4,0
41055,STU141055,Vihaan Desai,Other,24,HighSchool,Student,Bhopal,Laptop,High,C103,Introduction to AI,Programming,Intermediate,75,4.5,4,65,49.1,3,5.8,9,12,7.3,6,4,2,74.7,78.2,57.1,3,01-12-2023,UPI,Yes,Yes,4538,44,2,1,4.8,Not Completed,2,2,2,0,0,2,4,5
41056,STU141056,Vivaan Reddy,Female,29,Master,Employed,Bhopal,Mobile,High,C102,Data Analysis with Python,Programming,Intermediate,60,4.7,6,36,48.1,4,5.2,1,8,5.3,6,4,5,98.0,94.5,57.6,0,19-02-2024,Debit Card,Yes,No,5091,35,3,0,4.1,Completed,0,3,0,1,0,2,4,1
41057,STU141057,Sakshi Bose,Female,18,Bachelor,Student,Pune,Mobile,Low,C101,Python Basics,Programming,Beginner,45,4.6,5,23,58.0,4,1.3,13,6,5.9,5,5,2,78.4,94.9,55.1,2,12-04-2024,Free,No,Yes,0,75,1,0,3.5,Not Completed,0,0,2,1,1,1,4,2
41058,STU141058,Vihaan Shah,Male,32,Diploma,Student,Delhi,Tablet,High,C107,Statistics for Data Science,Math,Intermediate,50,4.2,8,41,55.1,3,17.9,1,5,7.1,5,5,1,77.1,91.0,53.8,5,05-01-2024,UPI,Yes,No,4949,82,1,0,5.0,Completed,1,1,2,2,0,2,3,5
41059,STU141059,Kavya Joshi,Male,30,HighSchool,Employed,Ahmedabad,Mobile,Medium,C103,Introduction to AI,Programming,Intermediate,75,4.5,4,40,53.4,2,5.6,0,4,7.7,4,6,4,78.7,63.1,45.8,2,16-06-2024,Debit Card,Yes,No,6026,84,2,2,4.2,Completed,1,2,0,1,2,2,4,1
41060,STU141060,Ananya Bose,Male,23,Bachelor,Student,Delhi,Mobile,High,C106,Machine Learning A-Z,Programming,Advanced,90,4.6,6,18,17.2,3,0.5,14,5,6.8,4,6,3,73.3,34.9,31.8,0,23-04-2025,UPI,Yes,No,6551,55,3,1,4.0,Not Completed,1,0,2,1,0,0,4,5
41061,STU141061,Meera Reddy,Male,30,Bachelor,Student,Lucknow,Laptop,Low,C103,Introduction to AI,Programming,Intermediate,75,4.5,6,26,86.3,3,7.5,25,9,5.0,4,6,3,95.7,57.9,57.1,4,03-01-2025,Free,No,No,0,34,1,0,3.7,Completed,1,0,2,0,1,2,4,2
41062,STU141062,Arjun Reddy,Male,25,Bachelor,Student,Chennai,Mobile,Low,C108,Excel for Business,Business,Beginner,25,4.1,3,27,32.7,1,13.8,15,3,6.6,6,4,3,78.2,51.1,50.0,0,20-01-2025,UPI,Yes,No,3083,56,1,2,2.6,Not Completed,1,0,2,1,1,1,0,5
41063,STU141063,Krishna Joshi,Male,31,Bachelor,Employed,Ahmedabad,Mobile,Low,C103,Introduction to AI,Programming,Intermediate,75,4.5,4,28,79.0,2,0.5,22,3,6.8,3,7,3,55.3,55.2,48.4,5,22-08-2024,Credit Card,Yes,Yes,5109,47,2,0,3.9,Not Completed,1,0,0,1,1,2,4,0
41064,STU141064,Vivaan Bhardwaj,Female,27,Bachelor,Employed,Kolkata,Mobile,High,C101,Python Basics,Programming,Beginner,45,4.6,11,50,70.9,4,12.5,6,8,8.7,4,6,3,69.4,73.0,52.5,4,05-11-2023,Scholarship,No,No,475,36,3,0,5.0,Completed,0,0,0,1,0,1,4,4
41065,STU141065,Neha Iyer,Female,23,Bachelor,Student,Vadodara,Mobile,Medium,C102,Data Analysis with Python,Programming,Intermediate,60,4.7,4,34,97.9,3,0.5,6,5,4.1,8,2,3,76.4,69.8,85.8,3,31-01-2024,NetBanking,Yes,No,5329,71,2,1,4.9,Completed,0,0,2,1,2,2,4,3
41066,STU141066,Pooja Nair,Male,17,Bachelor,Self-Employed,Lucknow,Mobile,High,C102,Data Analysis with Python,Programming,Intermediate,60,4.7,3,31,52.7,4,1.3,1,11,9.0,6,4,2,70.9,74.8,58.2,3,17-02-2024,Debit Card,Yes,No,4878,58,5,1,4.8,Not Completed,1,0,1,1,0,2,4,1
41067,STU141067,Vivaan Patel,Male,29,Master,Employed,Kolkata,Mobile,Medium,C108,Excel for Business,Business,Beginner,25,4.1,3,33,69.9,0,1.6,14,4,7.0,4,6,7,78.6,59.7,51.4,4,21-08-2024,Scholarship,No,No,1011,92,1,0,3.9,Completed,1,3,0,1,2,1,0,4
41068,STU141068,Kavya Joshi,Female,24,Master,Employed,Nagpur,Laptop,High,C106,Machine Learning A-Z,Programming,Advanced,90,4.6,3,24,36.9,1,0.5,14,4,8.2,4,5,4,63.5,87.1,41.3,0,10-04-2025,Debit Card,Yes,Yes,5846,60,3,0,2.9,Not Completed,0,3,0,0,0,0,4,1
41069,STU141069,Ritika Singh,Male,25,HighSchool,Employed,Ahmedabad,Mobile,Medium,C102,Data Analysis with Python,Programming,Intermediate,60,4.7,5,17,40.6,2,0.5,7,6,4.8,4,6,4,64.0,84.3,42.4,5,16-01-2024,UPI,Yes,Yes,4071,100,3,0,4.7,Not Completed,1,2,0,1,2,2,4,5
41070,STU141070,Kavya Iyer,Male,31,Bachelor,Self-Employed,Hyderabad,Mobile,Medium,C102,Data Analysis with Python,Programming,Intermediate,60,4.7,6,49,78.9,1,0.5,0,7,6.8,7,3,4,88.5,77.8,73.5,5,19-02-2024,Debit Card,Yes,No,4811,71,4,0,4.8,Completed,1,0,1,1,2,2,4,1
41071,STU141071,Isha Shah,Male,33,Bachelor,Employed,Delhi,Mobile,Low,C108,Excel for Business,Business,Beginner,25,4.1,6,36,54.2,3,0.5,11,3,6.9,4,6,3,58.7,47.0,45.3,2,17-11-2023,NetBanking,Yes,No,3323,50,3,1,4.6,Completed,1,0,0,1,1,1,0,3
41072,STU141072,Ananya Patel,Female,24,HighSchool,Employed,Chennai,Laptop,High,C102,Data Analysis with Python,Programming,Intermediate,60,4.7,9,42,53.3,3,4.5,1,2,9.3,3,7,1,77.5,90.6,41.2,1,27-10-2023,Scholarship,No,No,462,98,1,0,3.5,Completed,0,2,0,0,0,2,4,4
41073,STU141073,Sakshi Patel,Female,24,Bachelor,Employed,Indore,Mobile,High,C106,Machine Learning A-Z,Programming,Advanced,90,4.6,3,41,63.0,2,2.3,5,4,5.2,7,3,7,60.4,56.2,66.9,3,26-11-2023,Debit Card,Yes,No,6997,53,4,1,5.0,Completed,0,0,0,1,0,0,4,1
41074,STU141074,Aarav Sharma,Female,37,Bachelor,Student,Bengaluru,Mobile,Medium,C101,Python Basics,Programming,Beginner,45,4.6,6,33,33.5,0,3.8,1,8,4.1,5,5,3,78.0,81.2,45.8,2,21-07-2025,UPI,Yes,No,4309,69,4,0,5.0,Completed,0,0,2,1,2,1,4,5
41075,STU141075,Kavya Mehta,Female,31,HighSchool,Employed,Indore,Mobile,High,C102,Data Analysis with Python,Programming,Intermediate,60,4.7,5,34,53.1,3,6.8,3,1,3.8,7,2,4,85.5,49.2,63.0,4,02-05-2024,Free,No,No,0,68,3,0,4.0,Completed,0,2,0,1,0,2,4,2
41076,STU141076,Kavya Sharma,Male,24,Master,Employed,Surat,Laptop,Medium,C102,Data Analysis with Python,Programming,Intermediate,60,4.7,4,40,84.9,2,0.5,1,4,6.6,4,6,6,63.4,49.0,56.2,1,31-12-2023,Credit Card,Yes,Yes,4433,72,0,3,3.8,Not Completed,1,3,0,0,2,2,4,0
41077,STU141077,Nikhil Patel,Female,25,Bachelor,Employed,Chennai,Mobile,Medium,C104,Digital Marketing Essentials,Marketing,Beginner,30,4.3,8,27,28.8,2,12.8,3,5,5.1,6,4,2,49.4,53.9,48.8,2,27-07-2025,Debit Card,Yes,No,3814,10,0,0,3.8,Not Completed,0,0,0,1,2,1,2,1
41078,STU141078,Aarav Gupta,Female,36,Bachelor,Student,Kolkata,Mobile,High,C105,UI/UX Design Fundamentals,Design,Beginner,40,4.4,2,35,43.0,5,0.5,7,3,7.1,4,6,4,76.5,61.8,42.1,1,23-10-2024,Credit Card,Yes,No,3949,56,0,0,3.0,Not Completed,0,0,2,1,0,1,1,0
41079,STU141079,Kavya Singh,Female,18,Bachelor,Student,Delhi,Mobile,High,C108,Excel for Business,Business,Beginner,25,4.1,4,36,49.2,2,0.5,2,9,6.2,6,4,7,70.6,80.5,57.2,2,05-06-2024,Free,No,No,0,55,1,1,3.3,Not Completed,0,0,2,1,0,1,0,2
41080,STU141080,Meera Gupta,Male,24,Diploma,Student,Hyderabad,Mobile,Medium,C103,Introduction to AI,Programming,Intermediate,75,4.5,4,31,56.1,1,13.3,13,8,5.1,3,7,2,76.3,64.3,40.8,0,26-08-2024,Scholarship,No,No,2116,52,2,3,4.3,Not Completed,1,1,2,1,2,2,4,4
41081,STU141081,Rohan Mehta,Male,25,Diploma,Employed,Vadodara,Mobile,Low,C102,Data Analysis with Python,Programming,Intermediate,60,4.7,2,25,63.6,2,0.5,4,9,4.1,4,6,1,63.5,63.3,49.4,1,27-08-2024,UPI,Yes,No,4930,52,2,2,5.0,Not Completed,1,1,0,1,1,2,4,5
41082,STU141082,Kavya Iyer,Male,29,Bachelor,Self-Employed,Indore,Laptop,High,C104,Digital Marketing Essentials,Marketing,Beginner,30,4.3,8,42,76.3,1,0.5,7,6,10.0,8,2,6,89.0,72.8,78.3,0,07-08-2024,Debit Card,Yes,Yes,2844,88,2,3,4.3,Completed,1,0,1,0,0,1,2,1
41083,STU141083,Arjun Desai,Male,19,Bachelor,Self-Employed,Pune,Laptop,Low,C102,Data Analysis with Python,Programming,Intermediate,60,4.7,6,27,77.0,4,11.0,2,5,7.4,5,5,4,85.6,41.8,59.0,3,24-09-2025,Debit Card,Yes,No,5375,87,1,0,3.8,Not Completed,1,0,1,0,1,2,4,1
41084,STU141084,Sakshi Sharma,Male,28,Master,Student,Pune,Mobile,High,C108,Excel for Business,Business,Beginner,25,4.1,6,27,77.8,4,5.7,0,8,7.0,5,5,2,100.0,82.7,61.4,2,24-11-2023,Scholarship,No,No,248,100,3,0,4.4,Completed,1,3,2,1,0,1,0,4
41085,STU141085,Kavya Joshi,Female,25,Bachelor,Student,Chennai,Laptop,Low,C101,Python Basics,Programming,Beginner,45,4.6,2,26,89.9,0,5.5,5,9,8.0,6,4,5,80.2,42.1,69.6,2,21-11-2023,Debit Card,Yes,No,4418,82,1,0,4.4,Completed,0,0,2,0,1,1,4,1
41086,STU141086,Nikhil Singh,Male,29,Bachelor,Employed,Bhopal,Laptop,Medium,C103,Introduction to AI,Programming,Intermediate,75,4.5,3,26,62.5,3,1.0,0,6,8.8,5,5,2,71.3,73.0,55.5,4,08-09-2025,UPI,Yes,No,5797,77,3,2,2.9,Completed,1,0,0,0,2,2,4,5
41087,STU141087,Vihaan Gupta,Female,29,Master,Employed,Bhopal,Mobile,Medium,C101,Python Basics,Programming,Beginner,45,4.6,4,35,12.8,2,7.3,3,7,3.8,5,5,3,67.4,65.3,37.7,1,20-01-2024,Credit Card,Yes,No,3895,20,1,1,4.6,Completed,0,3,0,1,2,1,4,0
41088,STU141088,Pooja Kumar,Male,22,Bachelor,Student,Chennai,Laptop,High,C105,UI/UX Design Fundamentals,Design,Beginner,40,4.4,6,27,50.2,0,0.5,23,3,8.2,6,4,5,72.0,79.5,57.6,3,20-01-2025,UPI,Yes,Yes,3372,64,3,0,4.3,Completed,1,0,2,0,0,1,1,5
41089,STU141089,Sakshi Shah,Male,36,Bachelor,Student,Kolkata,Mobile,Medium,C103,Introduction to AI,Programming,Intermediate,75,4.5,3,50,57.4,0,0.5,13,5,5.2,7,3,4,96.0,81.6,66.2,1,11-04-2025,Scholarship,No,Yes,1354,100,2,2,4.1,Not Completed,1,0,2,1,2,2,4,4
41090,STU141090,Arjun Bose,Male,19,Diploma,Student,Chennai,Mobile,High,C107,Statistics for Data Science,Math,Intermediate,50,4.2,2,41,71.5,0,2.7,3,9,6.4,5,5,2,74.8,94.1,59.7,8,03-08-2024,UPI,Yes,No,4147,61,3,0,4.3,Completed,1,1,2,1,0,2,3,5
41091,STU141091,Pooja Iyer,Female,17,Bachelor,Student,Pune,Mobile,Low,C102,Data Analysis with Python,Programming,Intermediate,60,4.7,7,30,46.2,1,0.5,16,3,6.6,4,6,5,89.9,75.7,43.9,1,07-03-2024,NetBanking,Yes,No,5296,34,2,2,3.4,Not Completed,0,0,2,1,1,2,4,3
41092,STU141092,Kavya Nair,Female,19,Master,Employed,Pune,Mobile,High,C108,Excel for Business,Business,Beginner,25,4.1,4,35,35.3,1,0.5,7,7,6.7,4,6,3,83.3,74.2,40.1,1,06-01-2025,UPI,Yes,No,3243,49,1,0,4.0,Not Completed,0,3,0,1,0,1,0,5
41093,STU141093,Nikhil Nair,Female,37,Bachelor,Employed,Indore,Mobile,High,C107,Statistics for Data Science,Math,Intermediate,50,4.2,2,59,8.1,0,0.5,28,6,5.7,2,8,2,71.7,74.0,18.5,0,11-10-2024,UPI,Yes,No,4644,36,2,0,4.5,Not Completed,0,0,0,1,0,2,3,5
41094,STU141094,Pooja Joshi,Female,23,Bachelor,Employed,Bhopal,Mobile,Medium,C101,Python Basics,Programming,Beginner,45,4.6,4,52,83.2,2,0.5,4,6,6.7,6,4,6,93.9,76.0,68.9,0,22-04-2024,Credit Card,Yes,No,4444,45,4,1,4.4,Completed,0,0,0,1,2,1,4,0
41095,STU141095,Sneha Nair,Other,18,Diploma,Employed,Mumbai,Mobile,Low,C104,Digital Marketing Essentials,Marketing,Beginner,30,4.3,6,24,47.8,1,0.5,1,2,5.0,3,6,2,44.7,63.0,37.9,1,26-03-2025,UPI,Yes,Yes,2964,80,3,4,3.0,Completed,2,1,0,1,1,1,2,5
41096,STU141096,Ritika Joshi,Male,23,Bachelor,Student,Jaipur,Mobile,Low,C107,Statistics for Data Science,Math,Intermediate,50,4.2,3,34,51.6,2,0.5,20,7,5.8,6,4,4,67.6,75.5,57.8,0,03-03-2025,UPI,Yes,No,4824,68,3,2,3.4,Completed,1,0,2,1,1,2,3,5
41097,STU141097,Krishna Shah,Female,32,Master,Student,Bengaluru,Mobile,High,C106,Machine Learning A-Z,Programming,Advanced,90,4.6,9,70,38.6,3,13.8,4,9,9.1,7,3,2,80.0,86.5,59.8,2,27-10-2024,UPI,Yes,No,6612,68,4,0,4.0,Not Completed,0,3,2,1,0,0,4,5
41098,STU141098,Nikhil Mehta,Male,25,PhD,Employed,Jaipur,Laptop,Medium,C104,Digital Marketing Essentials,Marketing,Beginner,30,4.3,6,34,39.5,3,3.1,0,5,4.1,6,4,2,98.1,73.9,53.5,0,14-10-2024,UPI,Yes,No,3280,58,3,1,4.4,Not Completed,1,4,0,0,2,1,2,5
41099,STU141099,Rohan Singh,Male,27,Bachelor,Student,Delhi,Mobile,Medium,C105,UI/UX Design Fundamentals,Design,Beginner,40,4.4,12,44,64.2,3,11.5,8,6,7.8,6,4,2,85.9,88.1,62.9,2,28-10-2023,Free,No,Yes,0,66,1,1,4.4,Not Completed,1,0,2,1,2,1,1,2
41100,STU141100,Neha Gupta,Male,32,PhD,Employed,Jaipur,Laptop,Medium,C105,UI/UX Design Fundamentals,Design,Beginner,40,4.4,3,27,60.1,0,3.1,5,4,4.9,6,4,1,84.7,60.6,60.1,2,01-02-2025,Credit Card,Yes,No,4050,41,4,0,4.1,Not Completed,1,4,0,0,2,1,1,0
41101,STU141101,Neha Sharma,Male,21,Master,Employed,Jaipur,Mobile,High,C104,Digital Marketing Essentials,Marketing,Beginner,30,4.3,6,20,28.9,5,10.5,4,6,4.4,6,4,3,55.1,40.2,48.1,6,05-04-2024,Credit Card,Yes,No,3495,66,3,0,3.6,Completed,1,3,0,1,0,1,2,0
41102,STU141102,Rahul Patel,Male,27,Master,Student,Bengaluru,Laptop,Medium,C103,Introduction to AI,Programming,Intermediate,75,4.5,8,26,58.9,3,0.5,2,4,6.9,2,7,5,88.4,93.7,37.3,2,04-11-2024,UPI,Yes,No,5950,83,3,0,4.0,Not Completed,1,3,2,0,2,2,4,5
41103,STU141103,Sai Iyer,Male,27,Diploma,Student,Chennai,Mobile,High,C104,Digital Marketing Essentials,Marketing,Beginner,30,4.3,2,13,24.1,2,0.6,2,3,4.2,2,7,3,69.4,82.7,24.6,3,28-04-2025,Free,No,No,0,78,1,0,5.0,Not Completed,1,1,2,1,0,1,2,2
41104,STU141104,Rahul Kumar,Male,26,HighSchool,Employed,Surat,Mobile,Medium,C101,Python Basics,Programming,Beginner,45,4.6,6,36,58.9,3,6.6,6,15,6.1,4,6,5,67.0,79.3,48.6,3,14-09-2024,Credit Card,Yes,No,4424,94,5,0,4.5,Not Completed,1,2,0,1,2,1,4,0
41105,STU141105,Neha Bhardwaj,Female,20,HighSchool,Employed,Jaipur,Mobile,Medium,C106,Machine Learning A-Z,Programming,Advanced,90,4.6,4,51,73.5,3,0.5,3,3,4.2,4,6,3,64.5,57.8,52.6,0,14-09-2024,UPI,Yes,No,6974,78,1,2,4.5,Not Completed,0,2,0,1,2,0,4,5
41106,STU141106,Ritika Reddy,Male,17,Master,Employed,Vadodara,Mobile,Low,C103,Introduction to AI,Programming,Intermediate,75,4.5,4,28,77.7,2,2.8,4,1,3.3,4,6,3,49.8,75.9,55.0,2,09-05-2024,Credit Card,Yes,No,5283,60,2,1,4.8,Not Completed,1,3,0,1,1,2,4,0
41107,STU141107,Aditya Desai,Male,31,Bachelor,Employed,Ahmedabad,Mobile,Medium,C101,Python Basics,Programming,Beginner,45,4.6,3,35,79.5,3,1.7,7,4,8.7,5,5,4,63.9,67.7,61.2,2,19-02-2025,Debit Card,Yes,No,4550,68,2,1,5.0,Completed,1,0,0,1,2,1,4,1
41108,STU141108,Priya Nair,Female,17,Master,Student,Chennai,Mobile,Medium,C107,Statistics for Data Science,Math,Intermediate,50,4.2,3,30,29.3,3,0.5,2,3,5.5,5,5,2,77.8,84.4,44.5,1,24-11-2024,NetBanking,Yes,No,4764,63,3,0,5.0,Not Completed,0,3,2,1,2,2,3,3
41109,STU141109,Krishna Patel,Male,22,Bachelor,Employed,Lucknow,Mobile,High,C105,UI/UX Design Fundamentals,Design,Beginner,40,4.4,6,32,94.7,1,8.7,0,8,5.9,7,3,4,61.8,78.6,79.1,3,02-04-2025,Debit Card,Yes,No,4012,26,6,1,4.2,Not Completed,1,0,0,1,0,1,1,1
41110,STU141110,Sai Joshi,Male,27,Bachelor,Employed,Chennai,Laptop,Medium,C101,Python Basics,Programming,Beginner,45,4.6,2,39,67.9,4,0.5,9,4,5.5,3,7,1,63.8,46.3,44.1,2,06-09-2025,Credit Card,Yes,No,4382,43,1,1,4.5,Not Completed,1,0,0,0,2,1,4,0
41111,STU141111,Vivaan Iyer,Female,37,Bachelor,Student,Mumbai,Mobile,Medium,C105,UI/UX Design Fundamentals,Design,Beginner,40,4.4,2,37,50.8,2,1.9,6,8,6.3,5,5,2,81.3,69.9,51.3,0,07-03-2024,Free,No,No,0,97,3,1,4.6,Not Completed,0,0,2,1,2,1,1,2
41112,STU141112,Isha Verma,Male,21,Bachelor,Student,Ahmedabad,Mobile,Medium,C103,Introduction to AI,Programming,Intermediate,75,4.5,7,31,33.5,2,1.4,9,5,4.2,5,5,2,77.1,54.8,44.5,2,01-11-2023,UPI,Yes,No,6033,47,3,1,2.6,Not Completed,1,0,2,1,2,2,4,5
41113,STU141113,Vihaan Bhardwaj,Male,27,Master,Employed,Jaipur,Mobile,Medium,C104,Digital Marketing Essentials,Marketing,Beginner,30,4.3,1,35,89.2,2,4.0,6,10,8.7,3,7,0,68.6,58.9,52.2,1,23-05-2025,UPI,Yes,No,3470,56,2,1,5.0,Not Completed,1,3,0,1,2,1,2,5
41114,STU141114,Arjun Shah,Female,33,Bachelor,Employed,Surat,Laptop,Medium,C102,Data Analysis with Python,Programming,Intermediate,60,4.7,6,50,53.6,0,2.1,9,4,3.3,2,8,0,67.1,95.3,35.5,4,24-06-2025,UPI,Yes,Yes,4669,100,2,0,4.0,Completed,0,0,0,0,2,2,4,5
41115,STU141115,Sneha Kumar,Female,23,Master,Student,Jaipur,Mobile,Medium,C103,Introduction to AI,Programming,Intermediate,75,4.5,3,28,87.6,5,5.6,3,6,7.9,3,7,4,49.8,84.9,52.9,3,13-11-2024,NetBanking,Yes,No,6055,19,2,0,4.0,Completed,0,3,2,1,2,2,4,3
41116,STU141116,Krishna Joshi,Male,27,Diploma,Employed,Bhopal,Laptop,Medium,C106,Machine Learning A-Z,Programming,Advanced,90,4.6,2,53,90.8,1,0.5,4,4,8.6,6,4,1,65.2,69.6,71.3,4,28-11-2023,NetBanking,Yes,No,6519,100,1,0,4.9,Completed,1,1,0,0,2,0,4,3
41117,STU141117,Aarav Singh,Male,24,Bachelor,Student,Kolkata,Mobile,High,C108,Excel for Business,Business,Beginner,25,4.1,6,36,42.6,1,4.4,1,9,4.8,2,7,6,62.9,39.9,28.9,2,21-07-2024,UPI,Yes,Yes,2983,45,1,1,3.6,Completed,1,0,2,1,0,1,0,5
41118,STU141118,Rahul Shah,Female,25,Bachelor,Employed,Nagpur,Mobile,High,C106,Machine Learning A-Z,Programming,Advanced,90,4.6,4,45,65.6,0,3.2,4,8,10.0,1,8,3,63.9,47.1,31.3,1,19-09-2024,Credit Card,Yes,No,6948,98,4,1,4.9,Not Completed,0,0,0,1,0,0,4,0
41119,STU141119,Arjun Sharma,Male,25,Bachelor,Student,Hyderabad,Mobile,Medium,C108,Excel for Business,Business,Beginner,25,4.1,7,46,89.8,0,0.5,3,5,7.1,5,5,6,62.0,79.4,65.4,2,26-12-2024,UPI,Yes,Yes,2716,78,5,2,3.3,Completed,1,0,2,1,2,1,0,5
41120,STU141120,Vivaan Gupta,Male,32,Bachelor,Student,Vadodara,Laptop,Medium,C106,Machine Learning A-Z,Programming,Advanced,90,4.6,5,27,51.4,4,7.9,5,3,6.0,7,3,4,69.5,72.1,63.6,0,04-05-2024,UPI,Yes,No,6068,72,6,2,4.4,Not Completed,1,0,2,0,2,0,4,5
41121,STU141121,Sai Verma,Female,22,Diploma,Student,Bhopal,Laptop,Medium,C105,UI/UX Design Fundamentals,Design,Beginner,40,4.4,3,40,48.8,2,2.7,3,6,6.9,5,5,6,52.4,51.3,49.6,2,22-03-2025,UPI,Yes,No,3701,76,3,0,4.0,Not Completed,0,1,2,0,2,1,1,5
41122,STU141122,Ananya Gupta,Male,34,Master,Student,Vadodara,Laptop,Medium,C102,Data Analysis with Python,Programming,Intermediate,60,4.7,3,48,68.9,2,1.0,28,4,9.2,2,8,3,73.5,63.3,39.3,1,18-12-2024,Free,No,No,0,65,0,1,3.2,Not Completed,1,3,2,0,2,2,4,2
41123,STU141123,Vihaan Kumar,Male,34,Bachelor,Student,Nagpur,Mobile,Medium,C106,Machine Learning A-Z,Programming,Advanced,90,4.6,7,39,71.8,4,3.4,1,11,7.8,4,6,4,75.4,72.3,52.7,3,22-02-2025,UPI,Yes,No,6106,100,1,1,2.5,Not Completed,1,0,2,1,2,0,4,5
41124,STU141124,Vivaan Desai,Male,33,Master,Employed,Nagpur,Laptop,Medium,C104,Digital Marketing Essentials,Marketing,Beginner,30,4.3,8,39,88.2,2,4.2,9,5,8.4,5,5,3,69.1,76.0,64.7,3,15-11-2023,Debit Card,Yes,No,3655,70,4,2,4.3,Not Completed,1,3,0,0,2,1,2,1
41125,STU141125,Sneha Singh,Female,28,Bachelor,Student,Mumbai,Laptop,Medium,C105,UI/UX Design Fundamentals,Design,Beginner,40,4.4,4,37,47.5,5,7.8,2,4,7.0,2,8,3,69.5,70.8,32.2,4,28-08-2024,Free,No,No,0,91,4,1,4.4,Not Completed,0,0,2,0,2,1,1,2
41126,STU141126,Ritika Mehta,Male,28,Master,Student,Hyderabad,Mobile,Medium,C101,Python Basics,Programming,Beginner,45,4.6,7,23,69.3,2,2.7,20,3,1.9,7,3,5,68.0,64.9,69.5,1,13-02-2025,Credit Card,Yes,No,4118,83,0,1,4.9,Not Completed,1,3,2,1,2,1,4,0
41127,STU141127,Sakshi Patel,Male,29,Bachelor,Employed,Vadodara,Mobile,Medium,C102,Data Analysis with Python,Programming,Intermediate,60,4.7,5,32,66.1,2,6.0,0,4,2.5,8,2,6,61.6,53.0,73.8,2,23-10-2024,Credit Card,Yes,No,4578,34,3,2,5.0,Completed,1,0,0,1,2,2,4,0
41128,STU141128,Sai Joshi,Male,29,Bachelor,Employed,Kolkata,Mobile,High,C104,Digital Marketing Essentials,Marketing,Beginner,30,4.3,5,25,56.3,2,4.1,3,8,3.9,4,6,8,81.5,73.6,47.4,2,01-11-2023,Debit Card,Yes,No,3591,70,2,1,2.7,Completed,1,0,0,1,0,1,2,1
41129,STU141129,Meera Shah,Male,33,Master,Employed,Bhopal,Mobile,Low,C105,UI/UX Design Fundamentals,Design,Beginner,40,4.4,5,20,72.9,3,0.5,2,4,3.7,4,6,1,64.3,62.6,52.6,2,08-06-2025,Free,No,Yes,0,61,2,2,4.2,Not Completed,1,3,0,1,1,1,1,2
41130,STU141130,Pooja Joshi,Female,31,Bachelor,Employed,Lucknow,Mobile,Medium,C102,Data Analysis with Python,Programming,Intermediate,60,4.7,7,19,27.8,2,0.5,0,6,5.7,6,4,5,76.2,81.4,49.8,3,22-10-2023,Free,No,No,0,76,1,2,4.2,Completed,0,0,0,1,2,2,4,2
41131,STU141131,Vihaan Verma,Female,33,Bachelor,Student,Hyderabad,Mobile,High,C103,Introduction to AI,Programming,Intermediate,75,4.5,4,32,61.3,1,0.5,8,3,7.3,4,6,0,51.8,55.2,48.2,1,17-02-2024,Scholarship,No,Yes,1548,26,3,1,3.0,Not Completed,0,0,2,1,0,2,4,4
41132,STU141132,Vivaan Iyer,Male,22,Master,Student,Indore,Mobile,Low,C102,Data Analysis with Python,Programming,Intermediate,60,4.7,4,28,85.5,4,0.5,19,4,4.5,3,7,2,50.7,85.1,52.2,1,26-04-2025,UPI,Yes,No,5395,80,2,0,3.9,Not Completed,1,3,2,1,1,2,4,5
41133,STU141133,Meera Reddy,Male,29,Bachelor,Student,Indore,Mobile,High,C104,Digital Marketing Essentials,Marketing,Beginner,30,4.3,2,50,82.1,1,8.2,2,11,5.4,7,3,4,59.3,60.8,73.8,3,02-07-2025,UPI,Yes,No,3341,54,3,1,4.9,Not Completed,1,0,2,1,0,1,2,5
41134,STU141134,Vivaan Singh,Male,27,Bachelor,Student,Nagpur,Mobile,Medium,C106,Machine Learning A-Z,Programming,Advanced,90,4.6,4,28,55.9,1,1.9,3,3,9.2,4,6,4,57.9,91.7,48.2,1,26-06-2025,UPI,Yes,No,6464,59,2,3,5.0,Completed,1,0,2,1,2,0,4,5
41135,STU141135,Nikhil Shah,Male,21,Bachelor,Employed,Mumbai,Laptop,Low,C101,Python Basics,Programming,Beginner,45,4.6,4,31,21.0,7,0.5,36,4,8.4,3,7,1,67.5,62.8,28.5,1,30-07-2025,NetBanking,Yes,Yes,3587,83,3,0,2.6,Not Completed,1,0,0,0,1,1,4,3
41136,STU141136,Kavya Bhardwaj,Male,27,Bachelor,Employed,Indore,Laptop,Low,C102,Data Analysis with Python,Programming,Intermediate,60,4.7,7,31,17.8,5,7.0,5,5,5.5,6,4,1,69.3,70.6,45.8,1,26-10-2024,UPI,Yes,No,4858,53,2,0,4.0,Completed,1,0,0,0,1,2,4,5
41137,STU141137,Aditya Nair,Male,18,Bachelor,Employed,Surat,Laptop,Low,C103,Introduction to AI,Programming,Intermediate,75,4.5,2,36,67.1,3,0.5,3,0,7.7,7,3,5,56.0,48.8,67.9,1,21-04-2024,NetBanking,Yes,Yes,4672,8,2,3,4.7,Completed,1,0,0,0,1,2,4,3
41138,STU141138,Kavya Reddy,Female,27,Master,Employed,Pune,Mobile,High,C102,Data Analysis with Python,Programming,Intermediate,60,4.7,6,36,67.4,3,15.6,2,2,7.1,3,7,3,55.9,48.4,44.0,1,25-12-2024,NetBanking,Yes,No,5416,84,1,1,4.2,Completed,0,3,0,1,0,2,4,3
41139,STU141139,Nikhil Gupta,Female,17,Bachelor,Student,Nagpur,Laptop,Medium,C106,Machine Learning A-Z,Programming,Advanced,90,4.6,4,24,48.7,2,0.5,4,7,5.6,2,8,4,53.3,81.8,33.1,0,03-06-2024,Free,No,Yes,0,53,2,2,4.3,Completed,0,0,2,0,2,0,4,2
41140,STU141140,Krishna Sharma,Male,23,HighSchool,Student,Vadodara,Mobile,Medium,C106,Machine Learning A-Z,Programming,Advanced,90,4.6,2,30,80.5,0,1.2,0,8,5.8,4,6,6,57.6,51.2,54.7,1,12-11-2023,Debit Card,Yes,No,6270,77,2,0,4.2,Completed,1,2,2,1,2,0,4,1
41141,STU141141,Aditya Joshi,Female,22,Bachelor,Employed,Indore,Mobile,Medium,C102,Data Analysis with Python,Programming,Intermediate,60,4.7,7,35,81.4,0,7.9,0,2,8.0,2,8,4,73.1,78.9,44.4,1,19-11-2024,NetBanking,Yes,No,5069,75,1,2,4.2,Not Completed,0,0,0,1,2,2,4,3
41142,STU141142,Kavya Shah,Female,34,Master,Student,Delhi,Laptop,High,C102,Data Analysis with Python,Programming,Intermediate,60,4.7,6,31,71.8,2,10.4,9,8,7.1,7,3,3,80.9,62.6,70.3,4,05-01-2024,Scholarship,No,No,2051,93,6,1,2.9,Completed,0,3,2,0,0,2,4,4
41143,STU141143,Vivaan Bhardwaj,Female,23,Bachelor,Student,Mumbai,Laptop,Medium,C108,Excel for Business,Business,Beginner,25,4.1,5,36,65.7,3,5.5,4,2,4.4,5,5,3,64.3,59.9,56.0,2,11-02-2025,Credit Card,Yes,Yes,2533,68,2,1,4.4,Completed,0,0,2,0,2,1,0,0
41144,STU141144,Meera Gupta,Female,33,Bachelor,Employed,Bengaluru,Mobile,High,C107,Statistics for Data Science,Math,Intermediate,50,4.2,5,20,52.4,0,1.7,19,6,6.7,4,6,2,54.5,60.0,45.3,1,10-01-2025,Credit Card,Yes,No,4722,59,4,0,4.6,Not Completed,0,0,0,1,0,2,3,0
41145,STU141145,Krishna Nair,Other,20,Bachelor,Employed,Mumbai,Laptop,Medium,C104,Digital Marketing Essentials,Marketing,Beginner,30,4.3,6,34,59.0,2,6.0,8,4,1.9,6,4,2,73.6,89.2,61.1,3,15-06-2024,UPI,Yes,No,3280,85,3,2,4.5,Completed,2,0,0,0,2,1,2,5
41146,STU141146,Isha Mehta,Female,26,Master,Student,Ahmedabad,Mobile,Medium,C108,Excel for Business,Business,Beginner,25,4.1,6,20,48.4,2,1.8,3,2,8.6,4,6,4,89.7,41.2,43.0,1,27-05-2024,Debit Card,Yes,No,3038,48,0,0,3.3,Completed,0,3,2,1,2,1,0,1
41147,STU141147,Isha Gupta,Female,18,Bachelor,Employed,Mumbai,Mobile,Medium,C108,Excel for Business,Business,Beginner,25,4.1,6,52,19.1,1,0.5,2,4,7.2,4,5,5,77.5,75.6,34.5,5,24-10-2024,Scholarship,No,Yes,426,60,2,0,5.0,Not Completed,0,0,0,1,2,1,0,4
41148,STU141148,Nikhil Shah,Male,25,Bachelor,Employed,Pune,Mobile,High,C105,UI/UX Design Fundamentals,Design,Beginner,40,4.4,5,37,78.4,2,5.3,3,5,7.4,5,5,7,64.9,36.4,59.3,1,31-05-2024,UPI,Yes,No,4062,59,5,1,5.0,Not Completed,1,0,0,1,0,1,1,5
41149,STU141149,Ananya Bhardwaj,Male,30,Diploma,Student,Jaipur,Mobile,High,C101,Python Basics,Programming,Beginner,45,4.6,4,15,60.1,3,0.5,0,2,5.6,7,3,2,75.2,69.9,66.5,1,30-11-2023,UPI,Yes,No,4511,65,1,0,3.1,Not Completed,1,1,2,1,0,1,4,5
41150,STU141150,Vihaan Bhardwaj,Male,21,Master,Employed,Jaipur,Mobile,Medium,C106,Machine Learning A-Z,Programming,Advanced,90,4.6,2,45,51.9,2,8.6,11,4,8.7,4,6,1,83.7,60.1,45.2,1,09-10-2024,Debit Card,Yes,No,5867,57,3,0,2.9,Completed,1,3,0,1,2,0,4,1
41151,STU141151,Vivaan Singh,Male,18,PhD,Student,Mumbai,Mobile,High,C105,UI/UX Design Fundamentals,Design,Beginner,40,4.4,4,49,61.8,2,3.7,0,9,8.4,3,7,3,79.2,84.1,43.8,1,10-09-2025,Debit Card,Yes,Yes,3467,84,2,1,3.5,Completed,1,4,2,1,0,1,1,1
41152,STU141152,Nikhil Bose,Female,41,Bachelor,Unemployed,Nagpur,Mobile,Medium,C108,Excel for Business,Business,Beginner,25,4.1,5,47,59.1,5,0.5,4,4,8.7,4,6,5,73.7,87.1,49.1,4,23-04-2025,NetBanking,Yes,No,2960,91,3,1,5.0,Completed,0,0,3,1,2,1,0,3
41153,STU141153,Vivaan Singh,Male,28,Master,Student,Mumbai,Mobile,High,C104,Digital Marketing Essentials,Marketing,Beginner,30,4.3,3,35,52.1,4,0.5,6,7,5.7,5,4,4,73.9,86.7,52.6,4,12-10-2024,Debit Card,Yes,No,3430,54,4,1,3.7,Not Completed,1,3,2,1,0,1,2,1
41154,STU141154,Rahul Shah,Female,25,Bachelor,Student,Bengaluru,Mobile,High,C105,UI/UX Design Fundamentals,Design,Beginner,40,4.4,2,18,79.3,3,1.7,0,8,6.9,3,7,2,93.8,84.1,49.9,2,01-07-2024,NetBanking,Yes,No,3851,55,5,0,3.7,Completed,0,0,2,1,0,1,1,3
41155,STU141155,Priya Sharma,Male,18,HighSchool,Student,Surat,Mobile,High,C101,Python Basics,Programming,Beginner,45,4.6,3,20,60.3,2,0.5,0,5,5.6,1,9,7,66.3,74.0,30.8,2,13-08-2024,NetBanking,Yes,No,4046,36,1,1,3.1,Completed,1,2,2,1,0,1,4,3
41156,STU141156,Krishna Reddy,Female,29,Diploma,Employed,Delhi,Laptop,Medium,C102,Data Analysis with Python,Programming,Intermediate,60,4.7,3,57,32.4,3,6.6,22,6,6.4,4,6,2,67.4,77.4,39.2,2,30-09-2025,UPI,Yes,No,4926,79,2,2,4.0,Not Completed,0,1,0,0,2,2,4,5
41157,STU141157,Ritika Reddy,Female,17,Bachelor,Employed,Chennai,Mobile,High,C102,Data Analysis with Python,Programming,Intermediate,60,4.7,4,31,10.4,1,5.7,0,5,5.2,6,4,7,71.4,47.3,42.0,0,06-04-2024,Free,No,No,0,87,1,1,4.5,Not Completed,0,0,0,1,0,2,4,2
41158,STU141158,Arjun Desai,Male,17,Master,Unemployed,Ahmedabad,Laptop,High,C105,UI/UX Design Fundamentals,Design,Beginner,40,4.4,6,40,40.5,1,0.5,2,3,8.9,6,4,5,78.9,57.1,53.0,6,01-02-2024,Scholarship,No,No,901,59,1,1,4.3,Not Completed,1,3,3,0,0,1,1,4
41159,STU141159,Aditya Bhardwaj,Female,31,Bachelor,Employed,Bengaluru,Tablet,Medium,C105,UI/UX Design Fundamentals,Design,Beginner,40,4.4,5,22,80.2,3,0.5,3,3,5.9,6,4,8,69.0,80.5,68.1,1,01-01-2024,UPI,Yes,No,3736,92,0,1,4.5,Completed,0,0,0,2,2,1,1,5
41160,STU141160,Aarav Bhardwaj,Male,26,HighSchool,Student,Pune,Mobile,Medium,C106,Machine Learning A-Z,Programming,Advanced,90,4.6,5,38,94.0,0,1.5,16,7,2.8,3,7,4,96.7,43.2,53.1,5,05-10-2025,Scholarship,No,No,2748,48,2,0,3.5,Not Completed,1,2,2,1,2,0,4,4
41161,STU141161,Kavya Iyer,Female,19,Bachelor,Student,Bengaluru,Mobile,Medium,C104,Digital Marketing Essentials,Marketing,Beginner,30,4.3,5,46,93.3,1,0.5,6,7,8.8,4,5,1,90.4,58.7,59.6,3,13-05-2024,UPI,Yes,No,3471,56,1,0,4.9,Completed,0,0,2,1,2,1,2,5
41162,STU141162,Sai Kumar,Male,30,Master,Employed,Surat,Laptop,High,C103,Introduction to AI,Programming,Intermediate,75,4.5,5,42,79.2,2,7.8,11,3,7.8,5,5,2,80.4,65.4,61.0,3,03-05-2025,Free,No,No,0,57,5,1,3.8,Completed,1,3,0,0,0,2,4,2
41163,STU141163,Ananya Nair,Male,23,Master,Student,Ahmedabad,Laptop,Low,C107,Statistics for Data Science,Math,Intermediate,50,4.2,11,25,59.2,0,0.5,1,4,6.0,6,4,3,63.6,63.7,59.9,6,09-06-2024,Debit Card,Yes,No,4725,46,1,2,4.4,Not Completed,1,3,2,0,1,2,3,1
41164,STU141164,Sai Bose,Male,20,Master,Student,Pune,Mobile,Medium,C108,Excel for Business,Business,Beginner,25,4.1,5,9,81.7,0,4.8,3,4,2.7,5,5,2,92.4,55.0,61.3,1,28-06-2025,Free,No,No,0,56,4,1,3.2,Not Completed,1,3,2,1,2,1,0,2
41165,STU141165,Nikhil Bhardwaj,Male,29,Master,Student,Ahmedabad,Laptop,Medium,C102,Data Analysis with Python,Programming,Intermediate,60,4.7,8,48,47.5,2,13.3,4,5,4.5,4,6,5,77.1,67.7,44.0,5,27-02-2024,UPI,Yes,No,4594,55,0,1,3.6,Not Completed,1,3,2,0,2,2,4,5
41166,STU141166,Aditya Gupta,Female,23,Diploma,Student,Delhi,Laptop,Medium,C102,Data Analysis with Python,Programming,Intermediate,60,4.7,6,28,89.0,3,0.5,1,1,5.2,4,5,4,89.9,50.4,57.7,2,15-09-2025,Free,No,Yes,0,89,4,1,5.0,Completed,0,1,2,0,2,2,4,2
41167,STU141167,Neha Bhardwaj,Female,29,Bachelor,Employed,Indore,Laptop,High,C101,Python Basics,Programming,Beginner,45,4.6,1,30,87.5,1,0.5,6,2,2.6,5,5,1,63.6,32.7,62.3,4,18-03-2025,NetBanking,Yes,No,4252,100,0,1,3.1,Completed,0,0,0,0,0,1,4,3
41168,STU141168,Rahul Bose,Female,30,Bachelor,Self-Employed,Delhi,Mobile,High,C101,Python Basics,Programming,Beginner,45,4.6,5,41,7.7,5,0.5,11,4,8.8,1,9,4,53.7,73.2,12.3,7,12-02-2024,NetBanking,Yes,No,4051,72,0,1,4.0,Completed,0,0,1,1,0,1,4,3
41169,STU141169,Krishna Bhardwaj,Male,28,Bachelor,Employed,Bengaluru,Mobile,Low,C101,Python Basics,Programming,Beginner,45,4.6,2,24,68.5,3,0.5,17,3,6.4,2,8,6,64.9,50.3,38.5,2,25-12-2023,UPI,Yes,Yes,3895,36,2,1,3.0,Completed,1,0,0,1,1,1,4,5
41170,STU141170,Vivaan Sharma,Male,31,Master,Employed,Surat,Laptop,Medium,C107,Statistics for Data Science,Math,Intermediate,50,4.2,6,34,96.1,1,7.1,2,9,3.1,3,6,6,66.9,74.7,55.4,2,19-07-2024,Debit Card,Yes,Yes,4173,65,4,1,5.0,Completed,1,3,0,0,2,2,3,1
41171,STU141171,Kavya Iyer,Female,35,Bachelor,Student,Vadodara,Mobile,Low,C105,UI/UX Design Fundamentals,Design,Beginner,40,4.4,8,44,27.1,3,7.1,19,4,5.1,4,6,3,72.5,82.9,37.6,3,20-12-2023,Free,No,No,0,37,0,1,3.2,Not Completed,0,0,2,1,1,1,1,2
41172,STU141172,Priya Iyer,Male,31,Master,Unemployed,Jaipur,Laptop,High,C102,Data Analysis with Python,Programming,Intermediate,60,4.7,2,34,65.1,1,6.1,1,4,6.3,6,4,2,87.4,68.3,62.2,7,16-10-2024,Free,No,No,0,55,4,0,4.6,Not Completed,1,3,3,0,0,2,4,2
41173,STU141173,Vihaan Kumar,Female,27,Master,Student,Jaipur,Mobile,High,C101,Python Basics,Programming,Beginner,45,4.6,4,27,62.6,6,3.2,3,5,7.9,5,5,4,94.6,76.1,55.7,3,28-04-2024,Credit Card,Yes,No,4638,68,3,0,4.2,Not Completed,0,3,2,1,0,1,4,0
41174,STU141174,Sakshi Shah,Other,33,Master,Self-Employed,Nagpur,Laptop,Medium,C103,Introduction to AI,Programming,Intermediate,75,4.5,4,27,95.6,5,0.5,18,7,5.3,4,6,4,78.0,55.7,60.2,2,07-10-2024,UPI,Yes,No,5751,70,6,0,3.9,Not Completed,2,3,1,0,2,2,4,5
41175,STU141175,Krishna Nair,Other,22,Bachelor,Student,Lucknow,Laptop,Medium,C101,Python Basics,Programming,Beginner,45,4.6,4,18,65.8,4,0.5,17,8,6.2,7,3,3,62.5,47.2,67.4,1,29-05-2025,Credit Card,Yes,No,4053,75,4,0,4.3,Completed,2,0,2,0,2,1,4,0
41176,STU141176,Isha Nair,Male,24,Bachelor,Employed,Nagpur,Mobile,High,C101,Python Basics,Programming,Beginner,45,4.6,5,54,32.8,1,0.5,14,5,6.3,4,6,5,71.7,51.1,38.0,1,18-03-2024,Scholarship,No,No,2098,35,1,0,5.0,Not Completed,1,0,0,1,0,1,4,4
41177,STU141177,Aarav Kumar,Female,27,Bachelor,Employed,Lucknow,Laptop,Medium,C104,Digital Marketing Essentials,Marketing,Beginner,30,4.3,4,24,54.6,1,7.6,9,5,4.7,4,6,4,75.6,80.9,47.2,4,17-11-2023,NetBanking,Yes,No,3696,60,1,1,4.7,Not Completed,0,0,0,0,2,1,2,3
41178,STU141178,Meera Bhardwaj,Male,23,Diploma,Employed,Jaipur,Mobile,Medium,C108,Excel for Business,Business,Beginner,25,4.1,8,32,53.5,1,10.7,1,9,4.7,4,6,1,80.9,57.1,45.6,2,12-09-2025,UPI,Yes,No,3179,94,1,1,4.0,Completed,1,1,0,1,2,1,0,5
41179,STU141179,Vivaan Reddy,Male,21,Bachelor,Employed,Vadodara,Laptop,Medium,C107,Statistics for Data Science,Math,Intermediate,50,4.2,7,31,55.6,1,0.5,3,4,4.3,1,9,7,42.8,34.8,27.2,1,17-05-2025,Free,No,No,0,83,3,0,5.0,Not Completed,1,0,0,0,2,2,3,2
41180,STU141180,Meera Bose,Male,33,HighSchool,Student,Mumbai,Mobile,Medium,C103,Introduction to AI,Programming,Intermediate,75,4.5,8,27,71.6,1,0.5,0,2,6.1,6,3,8,73.4,71.7,64.7,4,01-03-2024,NetBanking,Yes,No,5692,71,9,1,5.0,Not Completed,1,2,2,1,2,2,4,3
41181,STU141181,Krishna Verma,Female,18,Master,Student,Chennai,Laptop,Medium,C103,Introduction to AI,Programming,Intermediate,75,4.5,8,23,51.5,2,2.4,3,3,9.0,5,4,3,73.0,64.2,51.2,1,16-08-2024,Credit Card,Yes,No,5920,83,0,0,5.0,Not Completed,0,3,2,0,2,2,4,0
41182,STU141182,Sakshi Shah,Female,17,Diploma,Employed,Mumbai,Laptop,Low,C107,Statistics for Data Science,Math,Intermediate,50,4.2,6,42,42.4,3,9.7,19,2,3.1,5,5,2,67.2,68.0,48.2,2,05-03-2025,Debit Card,Yes,No,4185,71,1,0,4.5,Not Completed,0,1,0,0,1,2,3,1
41183,STU141183,Rohan Gupta,Male,33,Bachelor,Student,Lucknow,Laptop,Low,C108,Excel for Business,Business,Beginner,25,4.1,6,30,53.0,2,0.5,11,6,5.2,4,6,2,89.7,67.9,45.9,1,23-02-2024,UPI,Yes,No,3443,54,2,1,4.0,Not Completed,1,0,2,0,1,1,0,5
41184,STU141184,Kavya Bose,Female,29,Bachelor,Self-Employed,Mumbai,Mobile,Medium,C107,Statistics for Data Science,Math,Intermediate,50,4.2,3,48,80.3,1,3.0,2,8,9.0,4,6,4,71.8,45.1,54.4,1,12-06-2024,NetBanking,Yes,No,4430,55,4,1,4.7,Completed,0,0,1,1,2,2,3,3
41185,STU141185,Krishna Desai,Male,24,Bachelor,Student,Vadodara,Mobile,Medium,C105,UI/UX Design Fundamentals,Design,Beginner,40,4.4,3,52,36.3,4,1.1,2,6,9.0,2,8,2,85.1,97.8,29.6,4,13-01-2025,NetBanking,Yes,No,3848,50,4,0,5.0,Completed,1,0,2,1,2,1,1,3
41186,STU141186,Nikhil Nair,Male,35,Master,Student,Bhopal,Laptop,Medium,C104,Digital Marketing Essentials,Marketing,Beginner,30,4.3,8,32,85.2,3,16.4,8,9,5.4,5,5,3,62.3,32.5,61.4,5,21-10-2024,Free,No,No,0,41,2,1,4.5,Completed,1,3,2,0,2,1,2,2
41187,STU141187,Krishna Verma,Male,20,Master,Student,Lucknow,Mobile,Medium,C105,UI/UX Design Fundamentals,Design,Beginner,40,4.4,4,25,78.2,4,1.2,9,6,5.8,3,7,6,89.1,100.0,50.4,5,10-05-2025,Credit Card,Yes,No,3712,46,2,0,3.3,Completed,1,3,2,1,2,1,1,0
41188,STU141188,Isha Kumar,Male,22,Bachelor,Employed,Ahmedabad,Laptop,High,C101,Python Basics,Programming,Beginner,45,4.6,4,28,53.9,3,5.6,1,2,6.8,4,6,7,74.4,86.7,47.2,5,20-06-2025,UPI,Yes,No,4023,42,1,1,3.9,Completed,1,0,0,0,0,1,4,5
41189,STU141189,Sneha Bose,Female,20,HighSchool,Unemployed,Delhi,Mobile,Medium,C104,Digital Marketing Essentials,Marketing,Beginner,30,4.3,6,37,43.9,2,5.6,5,5,7.3,6,3,5,54.5,75.7,55.2,2,28-02-2025,Debit Card,Yes,No,3573,66,1,1,3.0,Not Completed,0,2,3,1,2,1,2,1
41190,STU141190,Kavya Iyer,Female,27,Bachelor,Employed,Mumbai,Mobile,Medium,C108,Excel for Business,Business,Beginner,25,4.1,5,42,80.0,4,0.5,3,8,10.0,5,4,3,79.9,84.9,62.2,2,28-01-2024,UPI,Yes,No,3190,61,1,1,3.6,Completed,0,0,0,1,2,1,0,5
41191,STU141191,Sneha Iyer,Female,24,Diploma,Employed,Pune,Mobile,High,C104,Digital Marketing Essentials,Marketing,Beginner,30,4.3,4,31,91.4,2,4.9,7,2,7.8,7,3,6,54.6,51.7,76.6,0,21-11-2024,Free,No,No,0,50,3,0,5.0,Not Completed,0,1,0,1,0,1,2,2
41192,STU141192,Vivaan Kumar,Male,28,Bachelor,Student,Surat,Laptop,High,C107,Statistics for Data Science,Math,Intermediate,50,4.2,5,32,81.2,2,0.5,20,5,10.0,4,5,6,94.2,64.7,55.7,0,28-06-2025,NetBanking,Yes,No,4503,59,2,1,3.5,Not Completed,1,0,2,0,0,2,3,3
41193,STU141193,Isha Joshi,Female,24,Diploma,Employed,Nagpur,Mobile,Medium,C102,Data Analysis with Python,Programming,Intermediate,60,4.7,5,30,75.1,2,0.5,2,13,6.7,2,8,3,66.1,77.5,42.2,5,12-03-2025,UPI,Yes,No,4681,100,3,1,4.6,Not Completed,0,1,0,1,2,2,4,5
41194,STU141194,Neha Reddy,Male,20,Bachelor,Student,Delhi,Mobile,Low,C102,Data Analysis with Python,Programming,Intermediate,60,4.7,6,58,44.8,5,2.6,0,11,10.0,9,0,5,82.7,56.9,72.5,8,06-05-2024,Credit Card,Yes,No,5353,97,2,2,3.9,Not Completed,1,0,2,1,1,2,4,0
41195,STU141195,Vihaan Iyer,Male,20,HighSchool,Employed,Chennai,Mobile,Medium,C102,Data Analysis with Python,Programming,Intermediate,60,4.7,6,40,55.4,1,0.5,4,12,10.0,6,3,2,73.0,47.0,57.7,0,05-03-2024,UPI,Yes,No,5179,53,2,0,3.7,Completed,1,2,0,1,2,2,4,5
41196,STU141196,Sneha Patel,Male,22,Diploma,Student,Vadodara,Mobile,High,C102,Data Analysis with Python,Programming,Intermediate,60,4.7,6,50,74.3,2,0.5,0,1,2.9,6,4,2,75.0,92.0,66.6,1,28-06-2025,Credit Card,Yes,No,4567,47,1,2,3.1,Completed,1,1,2,1,0,2,4,0
41197,STU141197,Sakshi Nair,Male,34,Bachelor,Student,Vadodara,Laptop,Medium,C106,Machine Learning A-Z,Programming,Advanced,90,4.6,2,24,48.0,1,8.8,12,8,7.4,2,8,6,88.1,100.0,33.8,3,30-10-2023,NetBanking,Yes,No,6613,49,4,0,4.7,Not Completed,1,0,2,0,2,0,4,3
41198,STU141198,Priya Reddy,Female,30,Bachelor,Employed,Vadodara,Laptop,Medium,C102,Data Analysis with Python,Programming,Intermediate,60,4.7,6,38,71.3,3,8.4,0,10,6.0,6,4,7,97.7,65.5,64.2,2,05-05-2025,UPI,Yes,No,5325,69,4,1,4.9,Not Completed,0,0,0,0,2,2,4,5
41199,STU141199,Aarav Bhardwaj,Male,23,Master,Student,Vadodara,Mobile,High,C104,Digital Marketing Essentials,Marketing,Beginner,30,4.3,7,37,92.1,5,0.5,14,6,8.8,4,6,3,81.0,31.4,57.8,4,08-08-2024,Debit Card,Yes,No,3683,58,4,0,3.0,Not Completed,1,3,2,1,0,1,2,1
41200,STU141200,Sneha Shah,Male,34,HighSchool,Employed,Pune,Mobile,Low,C106,Machine Learning A-Z,Programming,Advanced,90,4.6,2,22,72.2,1,0.5,5,5,4.4,3,7,3,69.9,59.3,46.2,1,13-03-2024,Debit Card,Yes,No,6811,55,3,1,3.8,Not Completed,1,2,0,1,1,0,4,1
41201,STU141201,Rohan Sharma,Female,21,Bachelor,Student,Indore,Laptop,High,C102,Data Analysis with Python,Programming,Intermediate,60,4.7,5,36,76.5,1,3.3,7,7,7.1,6,4,2,76.5,45.5,65.1,4,06-11-2024,Credit Card,Yes,No,4771,87,2,1,5.0,Completed,0,0,2,0,0,2,4,0
41202,STU141202,Rohan Bhardwaj,Female,20,Bachelor,Employed,Lucknow,Laptop,Medium,C108,Excel for Business,Business,Beginner,25,4.1,5,33,86.8,0,7.5,2,6,6.9,4,6,4,62.2,72.8,58.0,0,21-07-2025,Credit Card,Yes,No,3493,90,1,0,4.0,Completed,0,0,0,0,2,1,0,0
41203,STU141203,Kavya Iyer,Female,29,Bachelor,Employed,Mumbai,Laptop,Medium,C104,Digital Marketing Essentials,Marketing,Beginner,30,4.3,7,20,70.9,2,3.3,18,0,9.3,3,7,1,86.3,68.4,46.2,2,06-04-2025,NetBanking,Yes,No,3525,95,1,2,2.9,Completed,0,0,0,0,2,1,2,3
41204,STU141204,Vihaan Desai,Male,25,Master,Student,Surat,Tablet,Medium,C106,Machine Learning A-Z,Programming,Advanced,90,4.6,7,31,43.6,3,1.4,1,8,8.5,4,6,3,70.3,81.9,43.4,1,28-04-2024,Debit Card,Yes,No,6426,100,1,0,3.6,Not Completed,1,3,2,2,2,0,4,1
41205,STU141205,Arjun Sharma,Male,35,Bachelor,Employed,Indore,Mobile,High,C108,Excel for Business,Business,Beginner,25,4.1,4,45,75.9,2,7.9,5,9,5.6,4,6,3,67.1,83.7,54.7,4,07-08-2025,UPI,Yes,No,2949,83,4,0,3.8,Not Completed,1,0,0,1,0,1,0,5
41206,STU141206,Priya Bhardwaj,Female,31,Bachelor,Employed,Jaipur,Mobile,Medium,C108,Excel for Business,Business,Beginner,25,4.1,2,47,52.1,1,3.5,1,7,6.4,4,6,4,76.4,54.2,44.9,1,17-06-2024,Free,No,No,0,71,2,2,4.6,Not Completed,0,0,0,1,2,1,0,2
41207,STU141207,Kavya Desai,Female,17,Diploma,Student,Nagpur,Mobile,Medium,C106,Machine Learning A-Z,Programming,Advanced,90,4.6,6,36,45.0,1,10.0,4,2,6.8,5,5,4,86.3,95.9,50.5,3,07-03-2024,Credit Card,Yes,No,6912,92,1,0,4.5,Completed,0,1,2,1,2,0,4,0
41208,STU141208,Nikhil Gupta,Female,24,HighSchool,Employed,Delhi,Mobile,Medium,C105,UI/UX Design Fundamentals,Design,Beginner,40,4.4,6,25,91.2,2,4.5,0,6,2.5,8,2,1,100.0,55.6,82.7,1,30-07-2024,UPI,Yes,Yes,3300,72,2,3,4.4,Completed,0,2,0,1,2,1,1,5
41209,STU141209,Vihaan Patel,Female,18,Bachelor,Employed,Indore,Laptop,Low,C108,Excel for Business,Business,Beginner,25,4.1,4,49,55.3,1,0.5,3,8,5.4,2,8,1,91.3,82.6,35.5,1,07-10-2024,Credit Card,Yes,No,3025,89,1,1,5.0,Not Completed,0,0,0,0,1,1,0,0
41210,STU141210,Nikhil Bhardwaj,Male,24,Bachelor,Student,Indore,Mobile,Medium,C107,Statistics for Data Science,Math,Intermediate,50,4.2,4,46,76.3,3,0.5,1,3,8.1,6,4,3,85.2,100.0,67.7,2,06-11-2023,UPI,Yes,No,4266,96,4,0,3.5,Completed,1,0,2,1,2,2,3,5
41211,STU141211,Ananya Singh,Female,22,Diploma,Unemployed,Indore,Mobile,Medium,C103,Introduction to AI,Programming,Intermediate,75,4.5,5,25,77.9,3,9.1,15,6,5.9,3,7,1,74.2,92.5,49.9,0,30-04-2024,UPI,Yes,No,6219,85,1,1,3.9,Completed,0,1,3,1,2,2,4,5
41212,STU141212,Sai Patel,Female,17,Bachelor,Employed,Bhopal,Mobile,Medium,C104,Digital Marketing Essentials,Marketing,Beginner,30,4.3,3,37,83.1,5,1.6,5,4,6.9,7,3,1,58.6,59.9,74.1,1,08-12-2024,Scholarship,No,No,757,79,3,1,4.7,Completed,0,0,0,1,2,1,2,4
41213,STU141213,Sai Nair,Female,20,Bachelor,Employed,Mumbai,Laptop,Medium,C106,Machine Learning A-Z,Programming,Advanced,90,4.6,2,31,63.3,2,7.3,16,4,7.4,2,8,3,72.7,42.5,36.3,1,06-12-2024,Free,No,No,0,37,4,0,4.3,Not Completed,0,0,0,0,2,0,4,2
41214,STU141214,Rohan Sharma,Female,30,Bachelor,Employed,Lucknow,Laptop,Medium,C107,Statistics for Data Science,Math,Intermediate,50,4.2,5,43,71.6,3,3.8,12,5,10.0,1,9,5,81.1,70.6,34.6,2,29-05-2025,Free,No,No,0,58,1,1,3.2,Not Completed,0,0,0,0,2,2,3,2
41215,STU141215,Arjun Verma,Male,23,PhD,Employed,Chennai,Mobile,Medium,C101,Python Basics,Programming,Beginner,45,4.6,5,41,37.6,3,5.9,1,3,4.7,6,4,8,79.1,78.0,53.1,4,12-09-2025,Debit Card,Yes,No,4484,73,5,0,4.2,Completed,1,4,0,1,2,1,4,1
41216,STU141216,Arjun Kumar,Male,22,Master,Student,Kolkata,Laptop,High,C101,Python Basics,Programming,Beginner,45,4.6,2,38,44.3,0,0.5,8,2,6.4,5,5,2,87.1,62.8,48.7,4,12-02-2025,UPI,Yes,No,4485,76,3,0,3.7,Not Completed,1,3,2,0,0,1,4,5
41217,STU141217,Kavya Nair,Male,27,Bachelor,Employed,Bengaluru,Laptop,High,C102,Data Analysis with Python,Programming,Intermediate,60,4.7,6,45,45.4,3,7.4,1,4,5.7,4,6,1,60.4,54.0,42.6,4,29-01-2025,UPI,Yes,No,5462,96,3,1,3.8,Completed,1,0,0,0,0,2,4,5
41218,STU141218,Aarav Joshi,Male,30,Diploma,Employed,Hyderabad,Mobile,High,C102,Data Analysis with Python,Programming,Intermediate,60,4.7,5,57,84.9,5,10.6,4,4,5.9,3,6,4,67.9,51.8,50.3,1,20-02-2024,Free,No,No,0,62,0,1,5.0,Not Completed,1,1,0,1,0,2,4,2
41219,STU141219,Ananya Singh,Female,30,Bachelor,Employed,Nagpur,Mobile,Low,C107,Statistics for Data Science,Math,Intermediate,50,4.2,2,44,69.5,3,0.5,0,12,10.0,6,4,3,84.3,66.2,63.6,4,19-06-2024,Debit Card,Yes,No,4467,70,3,1,5.0,Not Completed,0,0,0,1,1,2,3,1
41220,STU141220,Sneha Shah,Female,29,Bachelor,Employed,Bhopal,Mobile,High,C105,UI/UX Design Fundamentals,Design,Beginner,40,4.4,7,22,62.6,3,4.4,1,5,6.4,4,6,2,71.8,76.1,49.7,0,15-02-2025,UPI,Yes,No,3608,100,1,2,3.4,Completed,0,0,0,1,0,1,1,5
41221,STU141221,Ritika Patel,Female,33,Bachelor,Student,Lucknow,Mobile,Medium,C102,Data Analysis with Python,Programming,Intermediate,60,4.7,6,35,79.0,1,0.5,7,6,3.9,5,5,6,82.1,75.8,61.4,3,31-03-2024,Scholarship,No,No,1568,21,2,1,5.0,Not Completed,0,0,2,1,2,2,4,4
41222,STU141222,Neha Kumar,Female,29,Master,Employed,Kolkata,Tablet,Low,C104,Digital Marketing Essentials,Marketing,Beginner,30,4.3,5,33,69.2,1,0.5,9,8,5.9,4,6,5,78.1,69.7,51.7,3,09-03-2025,Credit Card,Yes,Yes,2950,84,5,1,5.0,Completed,0,3,0,2,1,1,2,0
41223,STU141223,Vivaan Iyer,Male,17,Bachelor,Employed,Kolkata,Mobile,High,C105,UI/UX Design Fundamentals,Design,Beginner,40,4.4,5,24,79.9,1,7.9,15,1,7.7,1,9,4,62.7,68.2,37.4,2,06-07-2024,UPI,Yes,No,4105,78,1,0,3.4,Completed,1,0,0,1,0,1,1,5
41224,STU141224,Ritika Iyer,Male,20,Bachelor,Employed,Jaipur,Laptop,High,C106,Machine Learning A-Z,Programming,Advanced,90,4.6,7,40,65.3,0,2.4,6,5,9.4,2,8,5,59.2,75.0,38.6,1,22-08-2025,UPI,Yes,No,6962,76,0,2,3.6,Not Completed,1,0,0,0,0,0,4,5
41225,STU141225,Priya Patel,Male,23,Bachelor,Employed,Bhopal,Laptop,High,C103,Introduction to AI,Programming,Intermediate,75,4.5,4,43,85.2,1,0.5,4,6,7.5,5,5,6,73.4,100.0,64.8,2,27-02-2025,UPI,Yes,No,5302,99,3,1,3.9,Not Completed,1,0,0,0,0,2,4,5
41226,STU141226,Ananya Shah,Male,27,Diploma,Student,Chennai,Mobile,Medium,C101,Python Basics,Programming,Beginner,45,4.6,5,28,69.7,6,9.9,10,10,7.8,7,3,6,95.8,70.8,69.9,2,06-06-2025,Scholarship,No,No,892,70,4,0,5.0,Completed,1,1,2,1,2,1,4,4
41227,STU141227,Aarav Gupta,Male,22,Bachelor,Student,Pune,Mobile,Medium,C106,Machine Learning A-Z,Programming,Advanced,90,4.6,5,52,89.5,3,13.5,1,3,6.3,7,3,7,69.2,88.4,77.7,4,30-04-2024,UPI,Yes,No,6391,85,4,1,4.6,Completed,1,0,2,1,2,0,4,5
41228,STU141228,Rohan Bose,Female,25,Bachelor,Employed,Indore,Mobile,Low,C102,Data Analysis with Python,Programming,Intermediate,60,4.7,4,44,75.5,1,6.7,2,7,4.5,5,5,2,32.6,32.9,58.1,4,11-05-2025,Debit Card,Yes,No,4775,69,1,3,3.7,Not Completed,0,0,0,1,1,2,4,1
41229,STU141229,Vivaan Desai,Female,26,Master,Self-Employed,Nagpur,Laptop,High,C106,Machine Learning A-Z,Programming,Advanced,90,4.6,4,40,69.6,0,1.6,3,4,9.6,1,9,6,81.4,51.8,32.9,0,23-08-2025,UPI,Yes,Yes,6061,68,3,2,5.0,Not Completed,0,3,1,0,0,0,4,5
41230,STU141230,Ananya Kumar,Female,26,HighSchool,Employed,Chennai,Laptop,Medium,C107,Statistics for Data Science,Math,Intermediate,50,4.2,4,44,74.8,3,0.5,5,3,7.3,3,7,3,52.5,73.8,47.9,2,19-04-2025,Debit Card,Yes,Yes,3548,78,4,0,2.7,Not Completed,0,2,0,0,2,2,3,1
41231,STU141231,Ritika Nair,Female,28,Bachelor,Student,Pune,Mobile,Medium,C104,Digital Marketing Essentials,Marketing,Beginner,30,4.3,5,53,76.3,3,8.0,1,7,8.0,7,3,4,85.7,75.5,72.5,3,03-12-2024,UPI,Yes,No,3667,78,2,0,3.9,Completed,0,0,2,1,2,1,2,5
41232,STU141232,Priya Shah,Male,27,Master,Employed,Bengaluru,Laptop,Medium,C105,UI/UX Design Fundamentals,Design,Beginner,40,4.4,5,36,89.0,1,8.4,7,2,6.9,6,4,5,89.7,78.8,71.1,2,18-11-2024,Free,No,No,0,80,2,1,4.3,Completed,1,3,0,0,2,1,1,2
41233,STU141233,Neha Bhardwaj,Female,26,Master,Employed,Surat,Mobile,Medium,C104,Digital Marketing Essentials,Marketing,Beginner,30,4.3,5,30,62.2,3,9.5,2,4,9.4,5,5,5,61.9,80.7,55.8,1,06-04-2024,UPI,Yes,No,3570,99,5,3,3.4,Not Completed,0,3,0,1,2,1,2,5
41234,STU141234,Sai Verma,Male,20,Diploma,Student,Surat,Mobile,High,C108,Excel for Business,Business,Beginner,25,4.1,5,33,83.6,6,3.0,4,5,5.6,5,5,6,80.5,78.8,63.2,3,12-11-2024,Credit Card,Yes,Yes,3032,57,4,1,4.9,Completed,1,1,2,1,0,1,0,0
41235,STU141235,Neha Desai,Female,27,Bachelor,Student,Lucknow,Mobile,Medium,C103,Introduction to AI,Programming,Intermediate,75,4.5,8,44,75.7,1,8.1,12,6,2.2,4,6,5,78.2,43.6,52.7,1,21-04-2024,Free,No,No,0,90,0,2,2.8,Not Completed,0,0,2,1,2,2,4,2
41236,STU141236,Aarav Singh,Male,18,Master,Employed,Bengaluru,Laptop,High,C102,Data Analysis with Python,Programming,Intermediate,60,4.7,4,42,53.2,4,0.5,6,7,8.6,4,5,5,71.0,66.5,45.9,1,04-05-2025,Free,No,No,0,100,2,1,4.2,Completed,1,3,0,0,0,2,4,2
41237,STU141237,Rohan Verma,Male,22,Bachelor,Employed,Nagpur,Laptop,Low,C106,Machine Learning A-Z,Programming,Advanced,90,4.6,7,17,21.0,1,11.4,1,1,4.6,5,5,2,72.7,67.1,40.7,2,11-11-2024,NetBanking,Yes,No,6389,100,1,0,4.9,Completed,1,0,0,0,1,0,4,3
41238,STU141238,Sneha Kumar,Male,20,Master,Student,Bhopal,Mobile,Medium,C101,Python Basics,Programming,Beginner,45,4.6,6,28,73.2,3,9.9,10,9,4.3,3,7,3,51.8,49.3,46.1,1,10-08-2024,UPI,Yes,No,4118,55,1,0,5.0,Completed,1,3,2,1,2,1,4,5
41239,STU141239,Sneha Iyer,Male,19,Diploma,Student,Indore,Mobile,Low,C103,Introduction to AI,Programming,Intermediate,75,4.5,5,41,60.4,0,10.9,2,3,8.7,5,5,4,69.7,43.7,53.3,3,14-01-2024,Free,No,No,0,99,3,1,5.0,Not Completed,1,1,2,1,1,2,4,2
41240,STU141240,Kavya Kumar,Female,25,Master,Employed,Bengaluru,Laptop,Low,C107,Statistics for Data Science,Math,Intermediate,50,4.2,4,22,89.4,1,8.0,16,4,1.7,5,5,2,68.4,65.3,64.6,1,02-04-2024,Credit Card,Yes,Yes,3678,80,3,1,4.7,Completed,0,3,0,0,1,2,3,0
41241,STU141241,Aarav Joshi,Male,24,Master,Student,Nagpur,Mobile,Medium,C103,Introduction to AI,Programming,Intermediate,75,4.5,9,21,18.9,3,12.0,0,3,8.6,4,6,1,70.4,62.2,33.7,3,29-12-2023,NetBanking,Yes,No,5237,65,4,0,4.9,Not Completed,1,3,2,1,2,2,4,3
41242,STU141242,Aditya Singh,Male,37,HighSchool,Employed,Kolkata,Mobile,High,C105,UI/UX Design Fundamentals,Design,Beginner,40,4.4,6,12,75.9,1,0.7,3,4,8.2,5,5,4,67.0,32.6,58.2,1,07-08-2025,UPI,Yes,Yes,3354,79,4,0,2.7,Completed,1,2,0,1,0,1,1,5
41243,STU141243,Vihaan Bose,Female,28,HighSchool,Student,Nagpur,Laptop,Medium,C102,Data Analysis with Python,Programming,Intermediate,60,4.7,4,34,13.3,1,1.6,12,5,5.3,3,7,1,47.6,41.5,24.7,2,06-09-2025,Debit Card,Yes,Yes,4495,89,1,1,5.0,Not Completed,0,2,2,0,2,2,4,1
41244,STU141244,Sakshi Nair,Female,29,Master,Employed,Jaipur,Mobile,Medium,C102,Data Analysis with Python,Programming,Intermediate,60,4.7,6,18,21.8,1,9.1,2,5,6.1,6,3,2,80.0,76.8,47.5,1,27-01-2025,Free,No,No,0,21,3,0,4.3,Completed,0,3,0,1,2,2,4,2
41245,STU141245,Sai Mehta,Male,37,Master,Student,Bengaluru,Laptop,Medium,C102,Data Analysis with Python,Programming,Intermediate,60,4.7,5,31,96.4,3,0.5,6,4,6.9,3,7,2,54.5,70.6,55.3,4,22-03-2024,UPI,Yes,No,5110,56,1,2,3.7,Completed,1,3,2,0,2,2,4,5
41246,STU141246,Arjun Nair,Female,24,Master,Student,Bhopal,Mobile,High,C105,UI/UX Design Fundamentals,Design,Beginner,40,4.4,2,36,60.7,2,0.5,8,4,9.5,3,7,3,70.1,68.7,42.7,2,31-01-2024,Credit Card,Yes,No,4067,53,2,2,4.7,Not Completed,0,3,2,1,0,1,1,0
41247,STU141247,Neha Reddy,Male,27,HighSchool,Employed,Lucknow,Laptop,Medium,C106,Machine Learning A-Z,Programming,Advanced,90,4.6,5,28,86.2,4,4.1,2,7,2.9,5,4,3,40.4,50.4,62.7,2,25-10-2024,Debit Card,Yes,No,6302,69,3,0,3.8,Completed,1,2,0,0,2,0,4,1
41248,STU141248,Priya Gupta,Female,22,Bachelor,Unemployed,Chennai,Mobile,High,C102,Data Analysis with Python,Programming,Intermediate,60,4.7,5,31,23.9,4,0.5,8,4,6.1,4,6,3,90.0,57.0,35.2,4,07-03-2024,Credit Card,Yes,No,5235,76,1,0,3.7,Not Completed,0,0,3,1,0,2,4,0
41249,STU141249,Vihaan Shah,Male,30,HighSchool,Employed,Vadodara,Mobile,Medium,C107,Statistics for Data Science,Math,Intermediate,50,4.2,4,34,23.0,1,4.5,21,6,10.0,7,3,4,71.3,59.0,53.0,3,05-02-2025,Scholarship,No,No,1065,79,3,1,3.3,Not Completed,1,2,0,1,2,2,3,4
41250,STU141250,Arjun Bose,Male,20,Diploma,Employed,Indore,Mobile,High,C102,Data Analysis with Python,Programming,Intermediate,60,4.7,6,50,61.3,0,10.5,3,1,5.6,4,6,1,64.9,55.5,48.2,1,11-03-2025,UPI,Yes,No,5411,89,2,0,4.4,Completed,1,1,0,1,0,2,4,5
41251,STU141251,Krishna Kumar,Male,25,Bachelor,Employed,Kolkata,Mobile,Medium,C106,Machine Learning A-Z,Programming,Advanced,90,4.6,2,15,69.6,1,0.5,9,4,7.7,2,8,1,73.4,92.8,41.0,0,14-07-2024,UPI,Yes,No,6126,76,1,1,3.4,Not Completed,1,0,0,1,2,0,4,5
41252,STU141252,Pooja Joshi,Female,17,Bachelor,Employed,Indore,Mobile,Medium,C106,Machine Learning A-Z,Programming,Advanced,90,4.6,5,39,35.1,2,3.2,1,4,7.3,3,6,0,76.1,64.4,33.5,3,27-05-2024,Free,No,Yes,0,63,2,1,4.9,Not Completed,0,0,0,1,2,0,4,2
41253,STU141253,Rahul Reddy,Female,26,Bachelor,Student,Indore,Laptop,Medium,C101,Python Basics,Programming,Beginner,45,4.6,4,30,88.4,2,0.5,3,5,5.7,3,7,4,94.1,76.6,52.8,2,27-02-2025,Free,No,No,0,84,1,2,4.4,Not Completed,0,0,2,0,2,1,4,2
41254,STU141254,Ritika Sharma,Female,22,Master,Employed,Hyderabad,Mobile,Medium,C104,Digital Marketing Essentials,Marketing,Beginner,30,4.3,5,24,82.3,1,3.6,11,6,9.3,5,4,3,42.1,63.3,62.0,1,05-05-2024,NetBanking,Yes,No,3715,68,5,0,4.5,Not Completed,0,3,0,1,2,1,2,3
41255,STU141255,Rohan Nair,Male,32,Bachelor,Unemployed,Lucknow,Mobile,Low,C106,Machine Learning A-Z,Programming,Advanced,90,4.6,6,31,53.4,2,10.7,4,7,2.8,3,7,5,62.7,40.5,38.7,1,13-02-2024,UPI,Yes,No,6528,61,1,1,4.1,Completed,1,0,3,1,1,0,4,5
41256,STU141256,Vihaan Joshi,Male,32,Bachelor,Self-Employed,Indore,Mobile,Low,C103,Introduction to AI,Programming,Intermediate,75,4.5,4,35,77.9,5,1.3,4,6,6.6,6,4,7,73.8,99.1,68.2,0,18-05-2025,Credit Card,Yes,No,5397,68,2,2,5.0,Not Completed,1,0,1,1,1,2,4,0
41257,STU141257,Priya Shah,Male,17,Bachelor,Student,Kolkata,Mobile,Medium,C108,Excel for Business,Business,Beginner,25,4.1,3,21,61.0,3,6.5,0,4,8.0,5,5,5,83.3,34.4,53.1,1,17-07-2024,Credit Card,Yes,No,3268,61,2,0,3.4,Not Completed,1,0,2,1,2,1,0,0
41258,STU141258,Arjun Desai,Female,26,Master,Student,Surat,Mobile,High,C102,Data Analysis with Python,Programming,Intermediate,60,4.7,3,31,52.3,3,0.5,17,4,1.5,6,4,2,100.0,67.0,57.7,3,08-04-2024,Debit Card,Yes,No,4668,77,2,1,5.0,Completed,0,3,2,1,0,2,4,1
41259,STU141259,Aarav Iyer,Female,26,Bachelor,Employed,Bengaluru,Mobile,Low,C107,Statistics for Data Science,Math,Intermediate,50,4.2,3,33,76.3,2,15.2,23,5,5.8,4,6,1,74.0,82.6,54.8,2,20-02-2025,Free,No,No,0,90,0,0,2.6,Not Completed,0,0,0,1,1,2,3,2
41260,STU141260,Ananya Nair,Female,21,HighSchool,Student,Bengaluru,Mobile,Medium,C101,Python Basics,Programming,Beginner,45,4.6,4,33,71.5,1,2.0,3,3,7.4,5,5,1,90.3,91.0,59.6,0,16-10-2024,Debit Card,Yes,Yes,3676,72,2,1,3.5,Completed,0,2,2,1,2,1,4,1
41261,STU141261,Krishna Gupta,Female,36,Bachelor,Student,Hyderabad,Mobile,Medium,C102,Data Analysis with Python,Programming,Intermediate,60,4.7,3,35,87.6,1,0.5,5,5,4.2,5,5,3,62.0,76.0,64.5,2,14-01-2024,Debit Card,Yes,No,4946,79,3,0,3.6,Completed,0,0,2,1,2,2,4,1
41262,STU141262,Vivaan Reddy,Female,36,Bachelor,Employed,Ahmedabad,Laptop,Low,C108,Excel for Business,Business,Beginner,25,4.1,4,51,76.1,2,2.2,3,5,6.4,4,6,4,69.6,78.7,54.6,1,20-01-2025,UPI,Yes,Yes,2971,41,2,2,3.4,Not Completed,0,0,0,0,1,1,0,5
41263,STU141263,Ananya Kumar,Female,17,Bachelor,Employed,Pune,Laptop,Medium,C106,Machine Learning A-Z,Programming,Advanced,90,4.6,3,49,77.4,1,1.9,6,4,7.9,5,5,2,57.5,77.0,60.9,4,27-01-2024,Credit Card,Yes,No,7101,84,5,0,3.8,Completed,0,0,0,0,2,0,4,0
41264,STU141264,Rohan Bhardwaj,Female,27,Bachelor,Student,Hyderabad,Mobile,Medium,C102,Data Analysis with Python,Programming,Intermediate,60,4.7,5,33,97.5,2,0.5,5,2,10.0,3,7,2,93.0,83.8,56.3,3,24-02-2025,Credit Card,Yes,No,5267,48,1,0,4.6,Completed,0,0,2,1,2,2,4,0
41265,STU141265,Sai Sharma,Female,21,Master,Employed,Surat,Mobile,High,C102,Data Analysis with Python,Programming,Intermediate,60,4.7,7,55,70.0,5,5.7,0,3,7.3,6,4,3,70.3,74.8,64.2,2,29-09-2025,NetBanking,Yes,No,5367,87,6,1,5.0,Not Completed,0,3,0,1,0,2,4,3
41266,STU141266,Meera Singh,Female,27,Bachelor,Employed,Jaipur,Laptop,Medium,C103,Introduction to AI,Programming,Intermediate,75,4.5,6,40,30.8,4,5.7,2,7,5.1,8,1,4,55.9,66.6,62.1,4,27-09-2025,Debit Card,Yes,No,6070,42,1,1,4.8,Completed,0,0,0,0,2,2,4,1
41267,STU141267,Arjun Nair,Female,23,Bachelor,Student,Pune,Mobile,Low,C102,Data Analysis with Python,Programming,Intermediate,60,4.7,4,14,52.4,0,0.5,0,8,7.0,5,4,3,85.4,65.8,51.6,3,18-05-2025,Credit Card,Yes,No,5176,81,1,0,4.2,Completed,0,0,2,1,1,2,4,0
41268,STU141268,Pooja Kumar,Female,17,Master,Student,Lucknow,Laptop,Medium,C105,UI/UX Design Fundamentals,Design,Beginner,40,4.4,5,26,60.9,4,5.7,0,6,5.8,5,5,2,52.0,66.9,54.7,2,03-05-2024,NetBanking,Yes,Yes,3177,100,0,0,4.0,Not Completed,0,3,2,0,2,1,1,3
41269,STU141269,Pooja Iyer,Male,27,Bachelor,Employed,Chennai,Tablet,High,C104,Digital Marketing Essentials,Marketing,Beginner,30,4.3,4,46,84.2,4,7.7,1,3,2.8,7,3,4,83.8,88.5,75.9,1,10-05-2025,Free,No,Yes,0,89,2,2,2.5,Completed,1,0,0,2,0,1,2,2
41270,STU141270,Sakshi Bhardwaj,Male,30,Bachelor,Unemployed,Delhi,Mobile,Medium,C108,Excel for Business,Business,Beginner,25,4.1,4,60,65.9,4,6.4,6,3,6.3,3,7,3,48.0,90.3,45.6,1,12-07-2025,Credit Card,Yes,Yes,2995,82,1,1,3.6,Not Completed,1,0,3,1,2,1,0,0
41271,STU141271,Arjun Verma,Female,27,Bachelor,Student,Nagpur,Mobile,Medium,C101,Python Basics,Programming,Beginner,45,4.6,6,28,65.3,3,3.7,7,5,8.4,5,5,6,91.9,40.3,54.9,3,18-04-2025,UPI,Yes,No,4090,66,3,0,5.0,Not Completed,0,0,2,1,2,1,4,5
41272,STU141272,Rahul Kumar,Female,34,Master,Employed,Bengaluru,Mobile,Medium,C101,Python Basics,Programming,Beginner,45,4.6,4,37,81.2,3,0.5,2,11,6.1,6,4,5,79.5,67.5,67.8,0,20-12-2024,UPI,Yes,Yes,3669,76,1,1,5.0,Completed,0,3,0,1,2,1,4,5
41273,STU141273,Ananya Iyer,Male,19,Bachelor,Employed,Indore,Mobile,Low,C102,Data Analysis with Python,Programming,Intermediate,60,4.7,5,32,46.5,1,0.5,26,2,4.9,5,5,1,78.3,75.1,50.0,3,02-10-2024,NetBanking,Yes,No,5439,81,2,0,5.0,Not Completed,1,0,0,1,1,2,4,3
41274,STU141274,Meera Verma,Female,33,Bachelor,Student,Surat,Mobile,High,C108,Excel for Business,Business,Beginner,25,4.1,7,41,28.5,0,5.0,8,7,7.3,5,5,2,82.1,90.8,44.5,3,16-12-2023,UPI,Yes,Yes,2678,82,0,0,4.3,Completed,0,0,2,1,0,1,0,5
41275,STU141275,Sneha Verma,Male,17,Bachelor,Employed,Chennai,Laptop,Medium,C107,Statistics for Data Science,Math,Intermediate,50,4.2,4,39,77.8,1,5.2,4,3,7.1,4,6,3,46.9,89.6,55.7,5,11-06-2025,NetBanking,Yes,No,4452,77,4,3,5.0,Completed,1,0,0,0,2,2,3,3
41276,STU141276,Sakshi Nair,Female,35,Bachelor,Self-Employed,Bhopal,Laptop,High,C103,Introduction to AI,Programming,Intermediate,75,4.5,3,41,80.2,2,0.5,7,3,5.8,4,6,4,61.0,64.8,55.3,3,05-06-2025,UPI,Yes,No,5902,45,5,1,5.0,Not Completed,0,0,1,0,0,2,4,5
41277,STU141277,Sakshi Joshi,Male,24,Bachelor,Student,Kolkata,Tablet,Low,C104,Digital Marketing Essentials,Marketing,Beginner,30,4.3,4,45,25.9,6,3.4,3,6,6.0,4,6,3,61.1,72.6,36.7,1,19-01-2025,Free,No,No,0,61,1,0,4.9,Not Completed,1,0,2,2,1,1,2,2
41278,STU141278,Isha Bose,Male,23,Diploma,Student,Indore,Mobile,Low,C102,Data Analysis with Python,Programming,Intermediate,60,4.7,4,34,67.4,2,0.5,7,4,4.6,4,6,4,67.5,49.4,50.0,2,14-07-2024,Debit Card,Yes,Yes,4539,54,5,1,4.8,Not Completed,1,1,2,1,1,2,4,1
41279,STU141279,Vihaan Bhardwaj,Male,17,Master,Student,Mumbai,Mobile,Low,C104,Digital Marketing Essentials,Marketing,Beginner,30,4.3,9,29,44.1,0,3.9,0,7,5.1,6,4,1,73.2,58.3,54.3,2,02-10-2024,Credit Card,Yes,No,3616,77,0,1,5.0,Not Completed,1,3,2,1,1,1,2,0
41280,STU141280,Sneha Verma,Female,37,Bachelor,Self-Employed,Nagpur,Mobile,Low,C103,Introduction to AI,Programming,Intermediate,75,4.5,3,49,71.2,2,8.4,6,4,4.2,5,5,3,70.8,77.1,58.8,6,02-01-2025,Free,No,No,0,63,2,0,4.5,Not Completed,0,0,1,1,1,2,4,2
41281,STU141281,Aditya Shah,Male,17,Bachelor,Student,Indore,Laptop,Low,C107,Statistics for Data Science,Math,Intermediate,50,4.2,3,35,76.6,0,4.6,14,3,4.6,1,9,3,86.5,52.8,35.5,1,17-03-2025,NetBanking,Yes,No,4693,55,2,1,3.9,Completed,1,0,2,0,1,2,3,3
41282,STU141282,Sneha Verma,Male,18,Master,Student,Surat,Mobile,Low,C101,Python Basics,Programming,Beginner,45,4.6,3,31,45.2,3,2.5,5,4,6.3,5,5,4,55.3,72.3,49.4,3,04-11-2023,NetBanking,Yes,Yes,3278,64,1,3,4.7,Not Completed,1,3,2,1,1,1,4,3
41283,STU141283,Vivaan Patel,Female,18,Bachelor,Student,Vadodara,Laptop,Medium,C101,Python Basics,Programming,Beginner,45,4.6,6,47,57.1,2,3.2,2,7,6.2,6,4,6,84.4,95.8,60.8,2,12-08-2024,Credit Card,Yes,No,4652,97,4,1,5.0,Not Completed,0,0,2,0,2,1,4,0
41284,STU141284,Priya Desai,Female,17,Master,Employed,Delhi,Mobile,High,C101,Python Basics,Programming,Beginner,45,4.6,5,63,49.9,5,13.8,0,3,6.7,3,6,3,78.7,65.6,38.7,2,20-09-2024,UPI,Yes,No,4208,100,0,1,3.7,Completed,0,3,0,1,0,1,4,5
41285,STU141285,Aditya Bhardwaj,Female,26,Diploma,Employed,Nagpur,Mobile,High,C103,Introduction to AI,Programming,Intermediate,75,4.5,3,28,71.7,1,2.1,6,6,1.2,2,8,5,94.4,89.4,41.6,3,13-09-2025,NetBanking,Yes,Yes,4495,69,2,2,4.9,Completed,0,1,0,1,0,2,4,3
41286,STU141286,Sakshi Verma,Male,29,Bachelor,Student,Chennai,Laptop,High,C108,Excel for Business,Business,Beginner,25,4.1,4,39,56.9,2,3.6,4,6,4.5,6,4,6,61.6,35.8,57.7,1,19-08-2024,Scholarship,No,No,801,68,2,1,4.6,Not Completed,1,0,2,0,0,1,0,4
41287,STU141287,Kavya Desai,Female,17,Master,Student,Lucknow,Mobile,High,C102,Data Analysis with Python,Programming,Intermediate,60,4.7,6,36,71.7,2,4.4,0,4,5.0,8,1,5,77.7,59.8,76.1,2,19-06-2024,UPI,Yes,No,5330,90,4,0,4.5,Not Completed,0,3,2,1,0,2,4,5
41288,STU141288,Pooja Verma,Female,26,Master,Employed,Bengaluru,Laptop,Medium,C104,Digital Marketing Essentials,Marketing,Beginner,30,4.3,3,27,40.7,4,0.5,10,9,7.0,5,5,1,74.3,58.9,47.2,2,17-04-2024,UPI,Yes,Yes,2679,59,4,1,4.1,Not Completed,0,3,0,0,2,1,2,5
41289,STU141289,Krishna Reddy,Female,23,Master,Employed,Delhi,Laptop,High,C107,Statistics for Data Science,Math,Intermediate,50,4.2,2,25,81.6,2,0.5,6,6,6.0,5,4,1,81.3,72.5,62.2,3,02-12-2023,NetBanking,Yes,No,4346,26,2,1,3.6,Not Completed,0,3,0,0,0,2,3,3
41290,STU141290,Vivaan Singh,Female,27,Diploma,Student,Hyderabad,Laptop,High,C104,Digital Marketing Essentials,Marketing,Beginner,30,4.3,4,48,83.5,4,0.5,6,6,8.3,4,6,10,64.2,75.8,57.0,3,14-05-2024,Credit Card,Yes,Yes,3235,66,3,0,4.5,Not Completed,0,1,2,0,0,1,2,0
41291,STU141291,Rahul Kumar,Female,27,Bachelor,Employed,Lucknow,Mobile,High,C108,Excel for Business,Business,Beginner,25,4.1,4,27,79.6,2,1.5,15,2,6.0,4,6,5,52.5,79.4,55.8,3,09-12-2024,UPI,Yes,No,3329,100,0,0,3.5,Completed,0,0,0,1,0,1,0,5
41292,STU141292,Isha Desai,Female,26,Bachelor,Employed,Indore,Mobile,Low,C106,Machine Learning A-Z,Programming,Advanced,90,4.6,3,17,76.7,2,0.5,10,4,4.0,3,7,5,55.8,62.0,47.9,4,09-06-2025,UPI,Yes,No,6957,77,2,2,3.0,Completed,0,0,0,1,1,0,4,5
41293,STU141293,Sakshi Sharma,Female,18,Master,Employed,Lucknow,Mobile,Medium,C107,Statistics for Data Science,Math,Intermediate,50,4.2,9,29,84.0,1,6.4,8,4,2.9,7,3,3,71.7,42.6,73.5,3,12-11-2023,Credit Card,Yes,Yes,3861,88,5,2,5.0,Completed,0,3,0,1,2,2,3,0
41294,STU141294,Nikhil Iyer,Male,23,Bachelor,Student,Vadodara,Mobile,Medium,C102,Data Analysis with Python,Programming,Intermediate,60,4.7,4,36,60.9,3,5.3,6,2,8.4,4,6,2,72.9,77.8,49.2,1,15-07-2025,Debit Card,Yes,Yes,4478,72,3,0,3.8,Not Completed,1,0,2,1,2,2,4,1
41295,STU141295,Aditya Reddy,Female,24,Bachelor,Employed,Mumbai,Mobile,High,C101,Python Basics,Programming,Beginner,45,4.6,5,31,83.0,3,5.6,6,10,6.7,5,5,2,71.3,58.7,62.0,3,28-10-2023,UPI,Yes,Yes,3902,63,3,2,4.1,Not Completed,0,0,0,1,0,1,4,5
41296,STU141296,Sakshi Joshi,Female,29,Bachelor,Employed,Surat,Mobile,Medium,C108,Excel for Business,Business,Beginner,25,4.1,5,26,67.0,7,0.5,3,9,8.5,6,4,4,72.5,80.8,63.5,3,07-07-2024,Scholarship,No,No,702,55,6,0,4.4,Not Completed,0,0,0,1,2,1,0,4
41297,STU141297,Kavya Gupta,Male,24,Bachelor,Student,Bengaluru,Mobile,Medium,C106,Machine Learning A-Z,Programming,Advanced,90,4.6,6,34,39.7,2,4.8,0,4,5.4,8,2,3,93.4,61.0,64.9,6,30-03-2024,UPI,Yes,No,5990,63,3,0,5.0,Completed,1,0,2,1,2,0,4,5
41298,STU141298,Pooja Sharma,Female,17,Bachelor,Student,Indore,Mobile,High,C102,Data Analysis with Python,Programming,Intermediate,60,4.7,3,50,72.7,1,0.8,13,3,9.7,8,2,3,71.7,80.9,77.5,6,09-11-2023,Free,No,No,0,100,1,0,3.6,Completed,0,0,2,1,0,2,4,2
41299,STU141299,Aarav Reddy,Female,17,Diploma,Employed,Surat,Mobile,Medium,C104,Digital Marketing Essentials,Marketing,Beginner,30,4.3,5,19,32.5,1,0.5,5,6,7.4,3,7,1,56.2,52.1,32.0,2,26-05-2024,Credit Card,Yes,No,3482,55,3,0,5.0,Not Completed,0,1,0,1,2,1,2,0
41300,STU141300,Pooja Bose,Male,36,Bachelor,Student,Ahmedabad,Mobile,Medium,C107,Statistics for Data Science,Math,Intermediate,50,4.2,6,37,81.1,0,2.6,6,3,2.0,4,6,3,77.3,67.1,55.7,0,11-04-2024,UPI,Yes,Yes,3581,55,0,1,5.0,Completed,1,0,2,1,2,2,3,5
41301,STU141301,Pooja Shah,Male,31,HighSchool,Employed,Bhopal,Laptop,Medium,C101,Python Basics,Programming,Beginner,45,4.6,3,33,90.0,6,0.5,4,8,4.9,4,5,2,78.6,58.3,58.4,2,21-01-2025,Credit Card,Yes,No,4406,95,5,0,3.5,Completed,1,2,0,0,2,1,4,0
41302,STU141302,Meera Singh,Male,34,Bachelor,Student,Jaipur,Mobile,Medium,C104,Digital Marketing Essentials,Marketing,Beginner,30,4.3,7,32,33.8,6,0.5,13,4,6.7,6,4,4,70.0,57.5,50.7,0,07-05-2024,Debit Card,Yes,No,3430,73,1,2,4.2,Not Completed,1,0,2,1,2,1,2,1
41303,STU141303,Rohan Mehta,Male,31,Bachelor,Student,Pune,Mobile,High,C108,Excel for Business,Business,Beginner,25,4.1,4,44,48.4,3,0.5,1,3,8.8,5,5,6,87.3,83.6,51.1,1,21-09-2025,NetBanking,Yes,Yes,2534,48,1,0,3.3,Not Completed,1,0,2,1,0,1,0,3
41304,STU141304,Priya Joshi,Female,27,PhD,Student,Hyderabad,Laptop,Low,C106,Machine Learning A-Z,Programming,Advanced,90,4.6,9,22,51.2,3,5.6,2,8,6.2,7,3,6,69.2,89.3,64.4,2,30-06-2024,UPI,Yes,Yes,4975,67,2,0,3.3,Completed,0,4,2,0,1,0,4,5
41305,STU141305,Ritika Gupta,Female,22,Master,Employed,Nagpur,Laptop,Medium,C108,Excel for Business,Business,Beginner,25,4.1,8,40,69.9,2,8.0,0,5,6.8,2,8,3,77.9,45.3,38.7,1,11-03-2025,Credit Card,Yes,Yes,2855,66,2,1,5.0,Completed,0,3,0,0,2,1,0,0
41306,STU141306,Vihaan Verma,Female,25,Bachelor,Student,Lucknow,Laptop,Low,C108,Excel for Business,Business,Beginner,25,4.1,4,24,72.3,0,3.6,15,5,3.2,3,7,2,71.7,93.2,48.0,0,17-11-2024,Free,No,No,0,33,2,2,4.2,Not Completed,0,0,2,0,1,1,0,2
41307,STU141307,Kavya Kumar,Male,31,Bachelor,Employed,Chennai,Mobile,High,C106,Machine Learning A-Z,Programming,Advanced,90,4.6,5,41,14.0,0,8.0,25,3,6.7,5,5,2,75.5,55.2,37.7,2,20-05-2024,Free,No,No,0,70,1,4,3.5,Not Completed,1,0,0,1,0,0,4,2
41308,STU141308,Nikhil Reddy,Female,23,Master,Student,Chennai,Mobile,Low,C101,Python Basics,Programming,Beginner,45,4.6,4,30,75.5,1,5.8,9,6,4.9,5,5,3,65.5,51.5,59.0,2,12-11-2023,Free,No,No,0,100,4,3,4.7,Completed,0,3,2,1,1,1,4,2
41309,STU141309,Rahul Sharma,Female,17,Bachelor,Employed,Hyderabad,Laptop,High,C102,Data Analysis with Python,Programming,Intermediate,60,4.7,6,33,87.7,0,11.6,8,5,5.8,5,5,1,96.9,78.5,64.6,4,07-09-2025,Credit Card,Yes,No,4847,80,1,0,5.0,Completed,0,0,0,0,0,2,4,0
41310,STU141310,Priya Joshi,Female,24,Diploma,Student,Lucknow,Mobile,Medium,C108,Excel for Business,Business,Beginner,25,4.1,4,42,69.7,0,1.1,4,2,7.4,4,6,1,57.1,68.1,51.8,1,06-01-2025,UPI,Yes,Yes,2762,53,4,1,3.8,Not Completed,0,1,2,1,2,1,0,5
41311,STU141311,Nikhil Iyer,Female,41,Master,Employed,Bengaluru,Tablet,High,C102,Data Analysis with Python,Programming,Intermediate,60,4.7,4,36,80.6,2,7.9,5,4,8.5,4,6,7,80.7,47.3,54.6,1,13-01-2024,UPI,Yes,No,5087,100,4,0,3.0,Completed,0,3,0,2,0,2,4,5
41312,STU141312,Sakshi Gupta,Female,21,Master,Employed,Indore,Laptop,High,C102,Data Analysis with Python,Programming,Intermediate,60,4.7,5,32,73.0,5,5.6,3,6,7.2,4,6,6,59.9,56.8,52.4,1,02-06-2024,Free,No,Yes,0,69,1,0,2.8,Completed,0,3,0,0,0,2,4,2
41313,STU141313,Sneha Bhardwaj,Female,27,Bachelor,Employed,Hyderabad,Mobile,Low,C101,Python Basics,Programming,Beginner,45,4.6,2,46,74.4,1,0.5,3,3,2.0,3,6,6,56.5,64.4,47.2,3,15-08-2024,Credit Card,Yes,No,4539,95,5,1,3.4,Completed,0,0,0,1,1,1,4,0
41314,STU141314,Vivaan Singh,Female,23,Bachelor,Employed,Bhopal,Mobile,High,C104,Digital Marketing Essentials,Marketing,Beginner,30,4.3,5,41,88.2,3,0.5,2,6,5.8,5,5,3,86.7,73.9,64.6,4,28-06-2024,Credit Card,Yes,No,3776,54,1,3,3.2,Completed,0,0,0,1,0,1,2,0
41315,STU141315,Vivaan Singh,Other,28,Bachelor,Student,Chennai,Laptop,Medium,C102,Data Analysis with Python,Programming,Intermediate,60,4.7,7,40,69.4,4,0.5,0,5,5.4,7,3,3,58.9,78.7,70.2,2,14-01-2024,Free,No,No,0,80,4,0,4.1,Completed,2,0,2,0,2,2,4,2
41316,STU141316,Neha Bhardwaj,Male,26,Bachelor,Employed,Delhi,Mobile,Low,C104,Digital Marketing Essentials,Marketing,Beginner,30,4.3,3,41,67.2,1,16.5,0,3,5.4,3,7,1,75.9,55.2,44.3,0,09-12-2024,UPI,Yes,Yes,2806,66,0,1,4.2,Completed,1,0,0,1,1,1,2,5
41317,STU141317,Kavya Bose,Male,29,Bachelor,Employed,Bengaluru,Laptop,Medium,C108,Excel for Business,Business,Beginner,25,4.1,4,39,40.4,1,5.8,4,7,2.6,6,4,4,55.4,59.5,53.1,5,04-10-2025,Debit Card,Yes,No,3136,25,3,0,3.4,Not Completed,1,0,0,0,2,1,0,1
41318,STU141318,Kavya Bose,Male,23,Diploma,Student,Vadodara,Laptop,Medium,C108,Excel for Business,Business,Beginner,25,4.1,6,44,55.6,2,5.9,3,6,8.3,7,3,6,83.5,56.4,64.3,4,06-03-2024,NetBanking,Yes,No,3374,100,4,1,3.8,Completed,1,1,2,0,2,1,0,3
41319,STU141319,Rahul Joshi,Male,29,Bachelor,Self-Employed,Mumbai,Mobile,Medium,C108,Excel for Business,Business,Beginner,25,4.1,4,17,71.2,2,12.4,23,5,6.5,3,7,5,67.0,62.6,46.1,2,18-11-2023,Credit Card,Yes,No,3110,44,7,0,4.4,Not Completed,1,0,1,1,2,1,0,0
41320,STU141320,Priya Verma,Female,19,Diploma,Student,Nagpur,Laptop,Low,C103,Introduction to AI,Programming,Intermediate,75,4.5,5,31,58.2,0,11.0,2,5,6.6,4,6,5,42.1,72.6,48.0,3,02-02-2025,Credit Card,Yes,No,5797,72,0,2,4.0,Not Completed,0,1,2,0,1,2,4,0
41321,STU141321,Aarav Sharma,Male,24,Bachelor,Employed,Bengaluru,Laptop,Medium,C106,Machine Learning A-Z,Programming,Advanced,90,4.6,5,40,95.7,1,6.9,0,6,9.7,5,5,7,65.2,66.1,66.8,3,24-10-2024,Free,No,Yes,0,64,1,0,4.1,Not Completed,1,0,0,0,2,0,4,2
41322,STU141322,Ritika Desai,Male,37,Bachelor,Employed,Hyderabad,Tablet,Medium,C104,Digital Marketing Essentials,Marketing,Beginner,30,4.3,3,32,66.4,1,4.6,2,6,9.2,7,3,2,81.2,72.2,68.9,4,13-04-2024,Credit Card,Yes,Yes,3246,53,1,1,3.8,Not Completed,1,0,0,2,2,1,2,0
41323,STU141323,Sneha Joshi,Male,30,Bachelor,Unemployed,Nagpur,Mobile,Medium,C106,Machine Learning A-Z,Programming,Advanced,90,4.6,6,35,76.9,1,9.8,0,5,2.1,8,2,6,81.3,62.8,78.1,0,29-08-2024,Free,No,No,0,73,3,0,4.2,Completed,1,0,3,1,2,0,4,2
41324,STU141324,Kavya Gupta,Female,23,Master,Student,Surat,Mobile,Medium,C102,Data Analysis with Python,Programming,Intermediate,60,4.7,3,15,18.7,2,0.5,5,2,6.4,6,4,7,62.5,66.2,45.9,0,14-04-2025,UPI,Yes,No,5066,100,3,1,5.0,Not Completed,0,3,2,1,2,2,4,5
41325,STU141325,Arjun Patel,Male,35,Diploma,Employed,Pune,Mobile,Medium,C106,Machine Learning A-Z,Programming,Advanced,90,4.6,5,22,67.4,0,3.6,7,4,3.2,5,5,3,77.5,69.0,57.0,3,21-01-2024,NetBanking,Yes,No,5868,43,3,1,4.4,Completed,1,1,0,1,2,0,4,3
41326,STU141326,Priya Kumar,Female,26,Master,Employed,Bhopal,Mobile,Medium,C107,Statistics for Data Science,Math,Intermediate,50,4.2,5,30,22.3,2,6.8,13,5,6.9,8,2,5,64.5,57.7,58.7,2,29-06-2024,Debit Card,Yes,No,4924,83,0,0,3.6,Not Completed,0,3,0,1,2,2,3,1
41327,STU141327,Pooja Nair,Male,34,Bachelor,Student,Bhopal,Mobile,Medium,C102,Data Analysis with Python,Programming,Intermediate,60,4.7,7,38,50.0,6,0.5,11,7,9.0,5,5,7,67.4,69.3,51.0,3,07-04-2024,Free,No,No,0,63,4,0,4.9,Not Completed,1,0,2,1,2,2,4,2
41328,STU141328,Nikhil Bose,Female,30,Master,Self-Employed,Mumbai,Tablet,High,C102,Data Analysis with Python,Programming,Intermediate,60,4.7,6,43,72.3,1,0.5,9,2,6.2,4,6,5,85.4,54.1,52.0,4,05-05-2025,Credit Card,Yes,No,5232,95,1,1,5.0,Completed,0,3,1,2,0,2,4,0
41329,STU141329,Meera Bose,Male,17,Bachelor,Employed,Bengaluru,Mobile,Medium,C106,Machine Learning A-Z,Programming,Advanced,90,4.6,2,32,77.6,1,13.9,4,7,6.6,4,6,2,59.4,87.7,55.5,2,04-07-2024,UPI,Yes,Yes,5014,53,3,2,3.6,Completed,1,0,0,1,2,0,4,5
41330,STU141330,Isha Reddy,Male,18,PhD,Self-Employed,Kolkata,Laptop,High,C104,Digital Marketing Essentials,Marketing,Beginner,30,4.3,7,48,76.6,3,11.3,1,7,6.9,4,6,5,73.8,43.7,53.0,0,05-10-2025,Free,No,Yes,0,54,2,1,3.9,Not Completed,1,4,1,0,0,1,2,2
41331,STU141331,Pooja Bhardwaj,Male,30,Bachelor,Employed,Vadodara,Mobile,Medium,C104,Digital Marketing Essentials,Marketing,Beginner,30,4.3,8,39,86.9,0,3.0,2,7,6.0,6,4,7,78.9,81.5,70.5,2,24-03-2025,Free,No,No,0,52,0,0,4.3,Not Completed,1,0,0,1,2,1,2,2
41332,STU141332,Sakshi Iyer,Female,29,Bachelor,Employed,Surat,Laptop,Medium,C101,Python Basics,Programming,Beginner,45,4.6,5,44,67.3,4,4.8,0,4,6.9,5,5,4,93.2,58.6,56.5,5,09-07-2024,UPI,Yes,No,4386,72,2,1,4.6,Not Completed,0,0,0,0,2,1,4,5
41333,STU141333,Meera Singh,Female,19,Bachelor,Employed,Indore,Mobile,High,C104,Digital Marketing Essentials,Marketing,Beginner,30,4.3,4,25,34.8,3,4.4,1,3,4.3,7,3,5,62.1,82.3,58.3,1,29-12-2024,Credit Card,Yes,No,3227,67,2,0,2.7,Not Completed,0,0,0,1,0,1,2,0
41334,STU141334,Vihaan Bose,Female,22,Diploma,Employed,Indore,Laptop,Low,C107,Statistics for Data Science,Math,Intermediate,50,4.2,2,22,38.0,1,0.5,7,3,6.0,6,4,3,45.1,61.5,52.4,1,24-01-2025,Free,No,No,0,42,4,1,4.5,Completed,0,1,0,0,1,2,3,2
41335,STU141335,Meera Patel,Female,25,HighSchool,Student,Hyderabad,Laptop,High,C101,Python Basics,Programming,Beginner,45,4.6,4,35,87.7,5,2.2,2,7,6.7,2,8,3,66.7,60.8,45.8,5,20-06-2025,Free,No,No,0,82,2,0,4.5,Not Completed,0,2,2,0,0,1,4,2
41336,STU141336,Meera Singh,Female,32,Diploma,Student,Nagpur,Mobile,Medium,C103,Introduction to AI,Programming,Intermediate,75,4.5,3,21,48.8,2,0.5,0,4,9.7,5,5,2,73.4,58.7,50.0,1,21-05-2024,NetBanking,Yes,No,6095,50,2,2,3.4,Not Completed,0,1,2,1,2,2,4,3
41337,STU141337,Nikhil Shah,Male,22,Bachelor,Student,Ahmedabad,Mobile,High,C101,Python Basics,Programming,Beginner,45,4.6,5,51,46.5,2,0.5,4,5,6.2,7,2,7,84.9,91.5,62.8,1,19-12-2024,Free,No,No,0,100,4,0,4.2,Completed,1,0,2,1,0,1,4,2
41338,STU141338,Ritika Nair,Male,20,Diploma,Student,Vadodara,Mobile,Medium,C102,Data Analysis with Python,Programming,Intermediate,60,4.7,8,28,80.5,2,3.6,0,3,6.5,4,5,5,77.2,74.4,55.9,3,16-08-2025,Scholarship,No,No,1716,83,2,1,4.5,Not Completed,1,1,2,1,2,2,4,4
41339,STU141339,Priya Bose,Female,19,Bachelor,Employed,Ahmedabad,Mobile,High,C101,Python Basics,Programming,Beginner,45,4.6,6,33,31.3,2,9.5,3,4,1.0,3,7,3,40.3,60.5,32.0,4,20-11-2023,Free,No,No,0,44,1,3,3.3,Completed,0,0,0,1,0,1,4,2
41340,STU141340,Vihaan Joshi,Female,26,Bachelor,Student,Jaipur,Mobile,Medium,C102,Data Analysis with Python,Programming,Intermediate,60,4.7,5,39,43.3,3,8.4,4,7,8.2,6,3,2,94.2,76.2,55.0,6,03-03-2024,Credit Card,Yes,No,5492,93,1,1,4.0,Completed,0,0,2,1,2,2,4,0
41341,STU141341,Sneha Verma,Female,29,PhD,Student,Delhi,Laptop,Medium,C107,Statistics for Data Science,Math,Intermediate,50,4.2,5,46,88.0,1,5.0,1,3,2.4,6,4,6,90.9,71.3,70.4,4,16-09-2024,UPI,Yes,Yes,4068,90,5,0,5.0,Completed,0,4,2,0,2,2,3,5
41342,STU141342,Rahul Joshi,Female,25,Bachelor,Employed,Delhi,Mobile,High,C101,Python Basics,Programming,Beginner,45,4.6,2,17,43.4,3,0.5,12,9,4.5,5,5,4,62.8,56.1,48.0,1,26-11-2023,Scholarship,No,No,1624,12,2,2,5.0,Not Completed,0,0,0,1,0,1,4,4
41343,STU141343,Kavya Patel,Female,18,Bachelor,Student,Lucknow,Mobile,High,C107,Statistics for Data Science,Math,Intermediate,50,4.2,7,45,76.7,2,1.0,8,7,3.8,4,6,6,60.7,88.6,55.3,3,11-06-2024,NetBanking,Yes,Yes,4072,58,1,0,2.9,Completed,0,0,2,1,0,2,3,3
41344,STU141344,Sai Mehta,Female,30,Bachelor,Student,Vadodara,Laptop,Low,C107,Statistics for Data Science,Math,Intermediate,50,4.2,9,32,31.2,1,0.5,2,3,6.1,7,3,4,68.6,75.2,56.7,3,22-01-2025,Scholarship,No,No,1672,48,1,0,4.3,Not Completed,0,0,2,0,1,2,3,4
41345,STU141345,Rohan Bose,Female,30,Diploma,Unemployed,Kolkata,Mobile,High,C107,Statistics for Data Science,Math,Intermediate,50,4.2,6,41,86.6,3,0.5,17,9,8.2,4,6,4,60.8,83.6,58.5,3,17-09-2024,Debit Card,Yes,Yes,3551,77,2,0,4.7,Completed,0,1,3,1,0,2,3,1
41346,STU141346,Ritika Reddy,Male,29,Bachelor,Student,Jaipur,Mobile,Medium,C105,UI/UX Design Fundamentals,Design,Beginner,40,4.4,3,48,48.1,0,11.3,24,4,2.4,6,4,3,83.5,48.3,55.3,0,10-06-2025,UPI,Yes,No,4182,81,1,1,3.3,Not Completed,1,0,2,1,2,1,1,5
41347,STU141347,Neha Desai,Female,25,HighSchool,Employed,Jaipur,Laptop,Medium,C104,Digital Marketing Essentials,Marketing,Beginner,30,4.3,5,38,91.0,3,13.2,7,7,2.7,8,2,3,67.8,56.8,82.7,4,16-02-2025,Free,No,No,0,88,1,0,4.4,Completed,0,2,0,0,2,1,2,2
41348,STU141348,Priya Reddy,Male,20,Diploma,Student,Indore,Laptop,Low,C106,Machine Learning A-Z,Programming,Advanced,90,4.6,3,30,63.9,4,5.1,1,5,4.1,8,2,2,60.1,76.4,74.2,4,05-04-2025,Debit Card,Yes,No,6725,69,1,3,4.8,Completed,1,1,2,0,1,0,4,1
41349,STU141349,Ritika Gupta,Male,21,Bachelor,Employed,Jaipur,Mobile,Low,C102,Data Analysis with Python,Programming,Intermediate,60,4.7,5,18,77.6,1,2.7,2,6,7.4,7,2,2,66.0,73.4,72.8,2,06-02-2025,Debit Card,Yes,No,4514,59,2,0,4.2,Completed,1,0,0,1,1,2,4,1
41350,STU141350,Rahul Patel,Female,36,Bachelor,Student,Lucknow,Mobile,Medium,C101,Python Basics,Programming,Beginner,45,4.6,8,34,63.7,1,0.5,17,3,5.9,5,5,2,70.3,71.4,55.9,2,27-09-2024,Credit Card,Yes,Yes,3868,74,3,1,5.0,Completed,0,0,2,1,2,1,4,0
41351,STU141351,Neha Singh,Male,33,Bachelor,Employed,Bhopal,Laptop,Medium,C101,Python Basics,Programming,Beginner,45,4.6,3,53,53.9,2,16.4,0,5,1.7,5,4,0,50.5,49.9,51.4,1,08-03-2025,Free,No,No,0,73,1,0,4.6,Completed,1,0,0,0,2,1,4,2
41352,STU141352,Sakshi Joshi,Female,21,Master,Student,Kolkata,Mobile,High,C101,Python Basics,Programming,Beginner,45,4.6,3,31,63.4,3,10.1,8,4,5.1,4,6,4,47.7,61.9,49.3,2,02-02-2024,UPI,Yes,Yes,3949,46,2,1,4.8,Not Completed,0,3,2,1,0,1,4,5
41353,STU141353,Priya Singh,Male,21,Bachelor,Employed,Mumbai,Laptop,Medium,C106,Machine Learning A-Z,Programming,Advanced,90,4.6,3,43,71.4,2,0.5,9,10,4.3,6,3,5,72.5,45.7,63.3,2,13-01-2024,Credit Card,Yes,No,6958,52,4,0,4.2,Completed,1,0,0,0,2,0,4,0
41354,STU141354,Kavya Singh,Male,27,Bachelor,Student,Indore,Laptop,High,C102,Data Analysis with Python,Programming,Intermediate,60,4.7,6,49,58.7,1,0.5,0,5,7.3,3,6,1,74.9,58.0,41.4,5,10-03-2024,Debit Card,Yes,Yes,4009,100,6,1,2.6,Completed,1,0,2,0,0,2,4,1
41355,STU141355,Aarav Patel,Male,17,Bachelor,Employed,Ahmedabad,Laptop,Medium,C105,UI/UX Design Fundamentals,Design,Beginner,40,4.4,10,44,94.8,1,0.5,2,7,3.5,9,1,3,82.9,73.3,90.8,0,26-05-2024,Free,No,No,0,84,3,3,3.3,Not Completed,1,0,0,0,2,1,1,2
41356,STU141356,Rohan Bose,Female,22,Diploma,Self-Employed,Lucknow,Laptop,Low,C103,Introduction to AI,Programming,Intermediate,75,4.5,5,44,75.1,1,3.4,0,10,2.9,1,9,5,60.8,87.9,36.7,3,26-07-2024,UPI,Yes,No,5681,70,2,1,3.6,Completed,0,1,1,0,1,2,4,5
41357,STU141357,Kavya Patel,Female,21,Bachelor,Student,Indore,Mobile,Medium,C108,Excel for Business,Business,Beginner,25,4.1,5,32,10.5,1,0.5,1,5,1.8,3,7,6,92.9,42.3,23.8,2,17-01-2025,Free,No,No,0,76,3,1,5.0,Not Completed,0,0,2,1,2,1,0,2
41358,STU141358,Aditya Singh,Male,25,Bachelor,Student,Indore,Tablet,High,C103,Introduction to AI,Programming,Intermediate,75,4.5,8,42,27.4,2,4.3,5,4,7.4,7,3,3,82.3,81.9,55.7,1,25-12-2024,Free,No,Yes,0,79,2,0,4.1,Completed,1,0,2,2,0,2,4,2
41359,STU141359,Rohan Iyer,Female,29,Master,Employed,Delhi,Laptop,Medium,C101,Python Basics,Programming,Beginner,45,4.6,5,35,87.8,2,10.6,10,7,6.1,4,6,4,78.6,100.0,59.7,4,20-08-2025,UPI,Yes,No,4367,38,6,0,3.8,Not Completed,0,3,0,0,2,1,4,5
41360,STU141360,Arjun Shah,Female,17,Bachelor,Student,Bhopal,Laptop,Low,C106,Machine Learning A-Z,Programming,Advanced,90,4.6,4,28,90.5,1,5.6,17,8,6.3,6,4,6,67.7,72.6,71.3,2,10-02-2024,Scholarship,No,Yes,2881,71,6,1,5.0,Not Completed,0,0,2,0,1,0,4,4
41361,STU141361,Meera Bhardwaj,Female,26,Diploma,Employed,Surat,Mobile,High,C106,Machine Learning A-Z,Programming,Advanced,90,4.6,4,48,34.5,3,3.6,5,4,3.4,5,5,3,77.4,77.8,46.0,0,05-05-2024,Credit Card,Yes,No,6691,85,5,1,4.2,Not Completed,0,1,0,1,0,0,4,0
41362,STU141362,Isha Verma,Female,29,Master,Student,Kolkata,Laptop,High,C101,Python Basics,Programming,Beginner,45,4.6,3,14,56.2,6,12.0,1,6,3.4,7,3,5,56.4,58.4,64.6,4,14-06-2024,Credit Card,Yes,No,4195,55,2,1,4.3,Completed,0,3,2,0,0,1,4,0
41363,STU141363,Aditya Desai,Female,19,Diploma,Self-Employed,Hyderabad,Mobile,High,C107,Statistics for Data Science,Math,Intermediate,50,4.2,7,36,83.7,2,11.7,2,5,7.7,4,6,3,59.5,72.5,56.9,1,19-06-2024,NetBanking,Yes,Yes,3832,26,3,2,4.3,Not Completed,0,1,1,1,0,2,3,3
41364,STU141364,Ritika Sharma,Male,27,Bachelor,Employed,Lucknow,Laptop,High,C107,Statistics for Data Science,Math,Intermediate,50,4.2,5,37,84.3,4,1.7,10,1,4.7,5,5,4,83.0,70.1,63.0,1,01-10-2024,UPI,Yes,No,4292,57,4,3,3.9,Not Completed,1,0,0,0,0,2,3,5
41365,STU141365,Vivaan Iyer,Female,23,Bachelor,Student,Ahmedabad,Mobile,Medium,C103,Introduction to AI,Programming,Intermediate,75,4.5,5,19,85.8,1,6.0,2,4,4.3,2,8,1,67.1,48.0,44.4,2,27-07-2024,Scholarship,No,No,2186,64,1,0,4.3,Completed,0,0,2,1,2,2,4,4
41366,STU141366,Rahul Bose,Male,17,HighSchool,Employed,Vadodara,Mobile,High,C108,Excel for Business,Business,Beginner,25,4.1,4,32,48.1,2,1.6,8,5,1.8,4,6,1,50.9,50.2,43.3,2,21-07-2024,NetBanking,Yes,Yes,2998,86,3,2,4.2,Not Completed,1,2,0,1,0,1,0,3
41367,STU141367,Meera Bose,Female,24,Master,Employed,Chennai,Mobile,Medium,C102,Data Analysis with Python,Programming,Intermediate,60,4.7,3,29,35.6,1,2.2,1,3,6.6,2,8,5,63.0,66.5,27.8,2,01-12-2023,Credit Card,Yes,No,5224,69,1,1,3.8,Not Completed,0,3,0,1,2,2,4,0
41368,STU141368,Nikhil Shah,Male,34,Master,Student,Nagpur,Laptop,Medium,C103,Introduction to AI,Programming,Intermediate,75,4.5,4,43,58.3,4,0.5,7,10,7.8,5,5,6,71.5,57.0,53.2,2,23-04-2024,UPI,Yes,No,5877,85,2,1,5.0,Completed,1,3,2,0,2,2,4,5
41369,STU141369,Kavya Joshi,Female,25,Bachelor,Employed,Hyderabad,Mobile,Medium,C101,Python Basics,Programming,Beginner,45,4.6,5,40,47.0,2,8.3,25,2,5.2,2,8,2,68.2,55.6,31.2,0,25-11-2023,Credit Card,Yes,No,4199,85,2,1,4.0,Not Completed,0,0,0,1,2,1,4,0
41370,STU141370,Krishna Gupta,Female,20,Bachelor,Employed,Surat,Mobile,High,C101,Python Basics,Programming,Beginner,45,4.6,2,42,74.4,1,0.5,3,1,0.0,3,7,2,66.6,47.5,46.4,0,23-06-2024,Debit Card,Yes,No,4271,47,0,3,4.4,Completed,0,0,0,1,0,1,4,1
41371,STU141371,Neha Reddy,Female,32,Bachelor,Employed,Ahmedabad,Mobile,Low,C103,Introduction to AI,Programming,Intermediate,75,4.5,5,19,55.1,2,6.8,1,6,5.4,3,7,6,50.2,88.7,41.7,2,17-07-2025,Debit Card,Yes,No,5625,38,2,0,4.4,Completed,0,0,0,1,1,2,4,1
41372,STU141372,Rohan Iyer,Male,20,Diploma,Self-Employed,Bhopal,Mobile,Medium,C101,Python Basics,Programming,Beginner,45,4.6,3,41,25.4,1,3.1,5,6,6.6,2,8,3,85.4,61.8,24.0,2,14-03-2024,Scholarship,No,Yes,228,82,3,3,4.5,Completed,1,1,1,1,2,1,4,4
41373,STU141373,Ritika Verma,Male,33,Master,Student,Vadodara,Laptop,High,C104,Digital Marketing Essentials,Marketing,Beginner,30,4.3,6,28,25.6,0,1.5,7,6,5.4,5,5,2,78.9,40.1,41.0,1,14-04-2025,UPI,Yes,No,3400,64,2,2,3.2,Completed,1,3,2,0,0,1,2,5
41374,STU141374,Kavya Joshi,Male,21,Diploma,Student,Bhopal,Mobile,Medium,C105,UI/UX Design Fundamentals,Design,Beginner,40,4.4,8,58,56.7,2,10.1,0,4,7.1,7,3,3,66.7,68.1,65.2,1,21-10-2024,UPI,Yes,No,3778,80,0,0,5.0,Not Completed,1,1,2,1,2,1,1,5
41375,STU141375,Rahul Bhardwaj,Female,27,PhD,Employed,Bhopal,Laptop,Low,C107,Statistics for Data Science,Math,Intermediate,50,4.2,4,37,69.2,1,0.6,6,3,8.3,2,8,2,59.7,72.6,39.8,2,10-09-2025,Free,No,No,0,60,0,0,4.2,Completed,0,4,0,0,1,2,3,2
41376,STU141376,Neha Desai,Female,27,Bachelor,Self-Employed,Bhopal,Mobile,Medium,C107,Statistics for Data Science,Math,Intermediate,50,4.2,7,32,62.8,3,6.4,2,6,8.6,7,3,3,76.2,83.5,68.2,7,04-04-2024,Free,No,No,0,76,2,0,4.4,Completed,0,0,1,1,2,2,3,2
41377,STU141377,Rohan Bose,Female,24,Bachelor,Student,Nagpur,Mobile,Medium,C107,Statistics for Data Science,Math,Intermediate,50,4.2,6,25,57.8,3,4.0,1,9,10.0,5,5,4,53.4,77.3,54.1,2,07-07-2025,UPI,Yes,Yes,3528,96,4,3,2.9,Not Completed,0,0,2,1,2,2,3,5
41378,STU141378,Ananya Singh,Other,26,Master,Employed,Bhopal,Tablet,Low,C103,Introduction to AI,Programming,Intermediate,75,4.5,3,19,77.7,0,0.5,3,5,7.6,6,4,0,72.5,50.2,65.7,4,20-03-2024,UPI,Yes,Yes,4854,50,2,3,5.0,Completed,2,3,0,2,1,2,4,5
41379,STU141379,Isha Patel,Female,19,Bachelor,Student,Ahmedabad,Tablet,High,C104,Digital Marketing Essentials,Marketing,Beginner,30,4.3,8,49,55.1,3,9.0,13,8,7.0,7,3,7,77.7,83.7,65.5,4,15-08-2025,UPI,Yes,No,3802,87,5,0,4.2,Completed,0,0,2,2,0,1,2,5
41380,STU141380,Priya Verma,Female,33,Bachelor,Employed,Ahmedabad,Mobile,High,C104,Digital Marketing Essentials,Marketing,Beginner,30,4.3,3,34,67.9,2,12.0,3,4,4.6,10,0,3,57.8,58.7,86.7,0,25-11-2023,UPI,Yes,No,3370,63,2,1,5.0,Completed,0,0,0,1,0,1,2,5
41381,STU141381,Kavya Verma,Male,36,Bachelor,Self-Employed,Bhopal,Mobile,Medium,C104,Digital Marketing Essentials,Marketing,Beginner,30,4.3,8,29,57.3,1,9.8,2,12,10.0,7,3,5,49.1,100.0,67.1,1,21-12-2024,Debit Card,Yes,Yes,2855,91,1,0,3.1,Completed,1,0,1,1,2,1,2,1
41382,STU141382,Isha Patel,Female,33,Bachelor,Student,Ahmedabad,Mobile,High,C101,Python Basics,Programming,Beginner,45,4.6,4,42,69.1,2,0.5,1,6,10.0,8,1,9,97.7,70.1,75.7,1,02-08-2024,Credit Card,Yes,No,4537,74,6,1,4.0,Completed,0,0,2,1,0,1,4,0
41383,STU141383,Sai Reddy,Male,32,Bachelor,Employed,Hyderabad,Laptop,Medium,C107,Statistics for Data Science,Math,Intermediate,50,4.2,4,22,69.2,2,7.7,25,6,9.0,6,4,4,54.6,55.8,63.0,3,23-04-2024,UPI,Yes,No,4427,45,1,2,3.4,Not Completed,1,0,0,0,2,2,3,5
41384,STU141384,Meera Reddy,Female,28,Bachelor,Student,Delhi,Mobile,High,C108,Excel for Business,Business,Beginner,25,4.1,8,56,79.5,2,8.4,2,4,5.9,6,4,5,99.0,73.7,67.5,1,05-10-2025,NetBanking,Yes,No,3021,53,2,1,4.0,Completed,0,0,2,1,0,1,0,3
41385,STU141385,Krishna Bhardwaj,Female,19,Master,Student,Bengaluru,Mobile,Medium,C104,Digital Marketing Essentials,Marketing,Beginner,30,4.3,6,56,55.7,3,0.5,0,5,6.5,1,9,7,98.6,97.3,30.4,5,28-09-2025,Free,No,No,0,68,2,2,2.9,Not Completed,0,3,2,1,2,1,2,2
41386,STU141386,Ananya Desai,Female,25,Bachelor,Employed,Bhopal,Mobile,High,C104,Digital Marketing Essentials,Marketing,Beginner,30,4.3,4,7,24.1,2,0.5,1,8,3.0,6,4,2,73.8,37.3,46.3,2,04-03-2025,UPI,Yes,Yes,2829,51,1,1,4.0,Completed,0,0,0,1,0,1,2,5
41387,STU141387,Nikhil Reddy,Male,26,Master,Employed,Surat,Mobile,Medium,C104,Digital Marketing Essentials,Marketing,Beginner,30,4.3,6,38,65.6,3,0.5,10,7,7.8,6,4,7,65.1,85.3,63.2,3,06-08-2024,UPI,Yes,No,3739,79,2,0,4.4,Completed,1,3,0,1,2,1,2,5
41388,STU141388,Isha Nair,Female,24,Bachelor,Employed,Delhi,Laptop,High,C107,Statistics for Data Science,Math,Intermediate,50,4.2,5,30,92.9,1,5.2,2,4,6.9,3,7,6,80.0,97.7,55.4,1,21-11-2024,Credit Card,Yes,No,4761,64,3,1,4.2,Not Completed,0,0,0,0,0,2,3,0
41389,STU141389,Rahul Bhardwaj,Male,26,Diploma,Employed,Indore,Laptop,High,C106,Machine Learning A-Z,Programming,Advanced,90,4.6,4,30,31.8,4,6.5,3,12,4.1,6,4,3,90.0,67.8,50.5,4,07-09-2024,UPI,Yes,No,6820,28,4,1,3.6,Not Completed,1,1,0,0,0,0,4,5
41390,STU141390,Sneha Gupta,Male,30,Bachelor,Employed,Lucknow,Laptop,Medium,C104,Digital Marketing Essentials,Marketing,Beginner,30,4.3,6,47,75.3,4,2.3,3,5,4.1,7,3,5,70.5,84.1,72.6,3,11-06-2024,UPI,Yes,Yes,2849,73,2,1,4.6,Completed,1,0,0,0,2,1,2,5
41391,STU141391,Vivaan Joshi,Male,25,Diploma,Student,Mumbai,Laptop,Low,C104,Digital Marketing Essentials,Marketing,Beginner,30,4.3,6,34,88.2,0,0.5,6,7,4.7,4,6,1,65.0,48.3,57.3,0,23-06-2024,NetBanking,Yes,No,3403,78,1,1,4.3,Not Completed,1,1,2,0,1,1,2,3
41392,STU141392,Isha Bhardwaj,Male,20,Bachelor,Employed,Lucknow,Mobile,High,C108,Excel for Business,Business,Beginner,25,4.1,4,19,52.8,0,9.5,7,8,6.0,4,6,2,66.6,63.3,45.6,3,28-03-2024,Free,No,No,0,72,1,2,5.0,Not Completed,1,0,0,1,0,1,0,2
41393,STU141393,Vivaan Joshi,Female,23,Bachelor,Student,Surat,Laptop,Medium,C105,UI/UX Design Fundamentals,Design,Beginner,40,4.4,4,19,68.4,3,6.8,4,6,6.7,3,7,2,70.9,79.2,45.9,6,26-08-2025,Free,No,No,0,86,1,0,2.8,Not Completed,0,0,2,0,2,1,1,2
41394,STU141394,Aditya Iyer,Male,31,Master,Student,Pune,Mobile,Medium,C105,UI/UX Design Fundamentals,Design,Beginner,40,4.4,5,45,54.4,5,2.4,5,3,10.0,3,7,4,75.9,86.6,41.4,3,17-08-2025,Debit Card,Yes,No,4096,65,4,0,5.0,Not Completed,1,3,2,1,2,1,1,1
41395,STU141395,Vivaan Singh,Male,18,Master,Employed,Surat,Laptop,High,C104,Digital Marketing Essentials,Marketing,Beginner,30,4.3,7,22,95.5,3,3.7,5,5,7.4,3,7,2,67.4,77.3,55.3,5,07-11-2024,UPI,Yes,No,3730,63,3,0,4.6,Completed,1,3,0,0,0,1,2,5
41396,STU141396,Vihaan Reddy,Female,24,Bachelor,Student,Nagpur,Mobile,Medium,C103,Introduction to AI,Programming,Intermediate,75,4.5,2,34,72.9,3,2.3,12,6,10.0,7,3,3,84.6,47.1,69.9,3,09-01-2025,Credit Card,Yes,No,6090,80,5,1,4.2,Not Completed,0,0,2,1,2,2,4,0
41397,STU141397,Nikhil Kumar,Male,30,Bachelor,Employed,Bengaluru,Mobile,High,C107,Statistics for Data Science,Math,Intermediate,50,4.2,4,29,73.4,2,0.5,11,9,4.9,4,6,3,51.9,69.7,53.2,1,15-12-2023,Free,No,No,0,55,1,0,5.0,Completed,1,0,0,1,0,2,3,2
41398,STU141398,Aarav Desai,Male,17,Diploma,Employed,Ahmedabad,Mobile,Medium,C108,Excel for Business,Business,Beginner,25,4.1,3,26,22.2,4,6.6,0,4,6.9,5,5,6,64.1,73.2,41.4,3,07-03-2025,Scholarship,No,No,1415,70,6,1,3.1,Not Completed,1,1,0,1,2,1,0,4
41399,STU141399,Neha Desai,Female,32,Bachelor,Student,Mumbai,Mobile,Medium,C102,Data Analysis with Python,Programming,Intermediate,60,4.7,3,28,83.8,0,0.7,0,7,6.6,5,4,4,77.1,54.7,62.1,0,30-08-2024,UPI,Yes,No,5224,75,0,1,2.4,Completed,0,0,2,1,2,2,4,5
41400,STU141400,Sai Patel,Male,30,Diploma,Employed,Bengaluru,Mobile,High,C102,Data Analysis with Python,Programming,Intermediate,60,4.7,3,21,76.2,0,0.5,12,8,7.6,4,6,5,60.1,56.0,53.5,2,18-10-2023,Free,No,No,0,63,2,0,3.0,Not Completed,1,1,0,1,0,2,4,2
41401,STU141401,Meera Shah,Male,30,Bachelor,Employed,Lucknow,Mobile,Medium,C102,Data Analysis with Python,Programming,Intermediate,60,4.7,4,21,58.9,2,0.5,11,4,3.8,8,2,1,68.0,86.9,72.9,1,20-11-2024,UPI,Yes,No,4775,65,2,0,3.5,Completed,1,0,0,1,2,2,4,5
41402,STU141402,Vihaan Singh,Female,24,Bachelor,Employed,Mumbai,Laptop,Medium,C102,Data Analysis with Python,Programming,Intermediate,60,4.7,5,19,56.5,2,0.5,1,6,5.3,5,5,1,72.3,92.9,54.4,2,20-02-2025,Credit Card,Yes,No,5471,50,1,1,5.0,Completed,0,0,0,0,2,2,4,0
41403,STU141403,Pooja Verma,Female,17,Bachelor,Student,Hyderabad,Laptop,High,C105,UI/UX Design Fundamentals,Design,Beginner,40,4.4,5,40,66.3,4,6.3,0,7,4.6,3,7,4,94.4,80.6,45.2,2,25-04-2024,Scholarship,No,No,421,81,1,0,5.0,Completed,0,0,2,0,0,1,1,4
41404,STU141404,Sakshi Sharma,Female,29,Diploma,Employed,Ahmedabad,Mobile,High,C107,Statistics for Data Science,Math,Intermediate,50,4.2,4,33,78.8,1,10.3,1,5,8.5,5,5,0,85.7,63.4,60.8,2,04-12-2023,Debit Card,Yes,No,4136,69,1,1,4.4,Completed,0,1,0,1,0,2,3,1
41405,STU141405,Ananya Nair,Male,26,Bachelor,Employed,Ahmedabad,Mobile,High,C102,Data Analysis with Python,Programming,Intermediate,60,4.7,5,29,86.1,1,8.6,2,5,6.8,4,6,4,86.3,73.6,57.8,4,20-01-2025,UPI,Yes,No,4516,49,5,0,4.1,Completed,1,0,0,1,0,2,4,5
41406,STU141406,Meera Kumar,Male,31,Master,Student,Bhopal,Laptop,Medium,C104,Digital Marketing Essentials,Marketing,Beginner,30,4.3,5,29,52.8,5,0.5,0,4,9.7,5,5,5,65.5,79.3,52.5,1,31-12-2024,Credit Card,Yes,No,3841,57,2,1,3.1,Completed,1,3,2,0,2,1,2,0
41407,STU141407,Sakshi Kumar,Female,31,PhD,Student,Bhopal,Tablet,Medium,C108,Excel for Business,Business,Beginner,25,4.1,8,34,56.8,2,0.5,4,7,7.4,6,4,4,86.1,95.1,60.6,6,21-06-2024,Scholarship,No,No,346,99,2,1,4.1,Completed,0,4,2,2,2,1,0,4
41408,STU141408,Neha Desai,Male,23,Bachelor,Unemployed,Vadodara,Mobile,High,C108,Excel for Business,Business,Beginner,25,4.1,6,40,65.4,3,10.4,8,2,4.1,3,7,2,71.0,69.2,44.4,2,05-06-2025,NetBanking,Yes,No,3263,83,3,1,2.9,Completed,1,0,3,1,0,1,0,3
41409,STU141409,Krishna Patel,Female,27,Bachelor,Student,Vadodara,Mobile,Medium,C107,Statistics for Data Science,Math,Intermediate,50,4.2,6,28,35.4,1,0.5,8,6,5.9,5,5,3,76.4,59.6,45.4,3,16-04-2025,Scholarship,No,Yes,686,76,1,4,2.8,Not Completed,0,0,2,1,2,2,3,4
41410,STU141410,Ritika Nair,Female,20,HighSchool,Student,Mumbai,Mobile,High,C105,UI/UX Design Fundamentals,Design,Beginner,40,4.4,7,48,67.1,2,3.8,19,3,3.4,4,6,5,80.4,71.8,51.1,3,07-07-2024,Scholarship,No,No,939,90,5,0,4.2,Not Completed,0,2,2,1,0,1,1,4
41411,STU141411,Aarav Gupta,Female,20,Bachelor,Employed,Lucknow,Mobile,High,C102,Data Analysis with Python,Programming,Intermediate,60,4.7,3,24,72.6,1,0.5,0,5,5.1,8,2,4,46.6,78.0,77.3,0,30-12-2023,UPI,Yes,No,4589,69,4,2,3.1,Completed,0,0,0,1,0,2,4,5
41412,STU141412,Vivaan Kumar,Male,17,Bachelor,Employed,Jaipur,Mobile,High,C101,Python Basics,Programming,Beginner,45,4.6,5,21,75.3,3,0.5,3,3,10.0,6,4,3,78.7,64.0,65.6,3,24-06-2025,UPI,Yes,No,4397,98,1,2,3.8,Completed,1,0,0,1,0,1,4,5
41413,STU141413,Isha Verma,Female,31,Bachelor,Student,Lucknow,Laptop,Low,C108,Excel for Business,Business,Beginner,25,4.1,4,19,16.4,5,8.4,0,2,1.5,4,6,3,46.9,54.2,32.5,1,31-12-2024,Free,No,No,0,85,2,1,4.3,Not Completed,0,0,2,0,1,1,0,2
41414,STU141414,Rahul Shah,Male,19,Bachelor,Student,Jaipur,Tablet,Medium,C101,Python Basics,Programming,Beginner,45,4.6,3,24,87.3,1,7.2,10,1,8.2,5,5,4,33.8,100.0,65.6,1,30-12-2023,NetBanking,Yes,No,4145,91,3,1,4.8,Not Completed,1,0,2,2,2,1,4,3
41415,STU141415,Aditya Bhardwaj,Female,28,Master,Employed,Lucknow,Mobile,Medium,C101,Python Basics,Programming,Beginner,45,4.6,2,24,77.7,3,0.5,0,2,6.2,3,7,5,77.3,66.8,48.5,1,10-09-2024,Debit Card,Yes,No,4649,92,1,2,3.3,Not Completed,0,3,0,1,2,1,4,1
41416,STU141416,Priya Reddy,Female,24,Bachelor,Employed,Kolkata,Mobile,High,C107,Statistics for Data Science,Math,Intermediate,50,4.2,3,39,40.2,0,8.9,11,7,3.6,4,6,5,63.0,44.0,40.3,0,10-09-2025,Debit Card,Yes,No,4616,51,4,0,4.4,Not Completed,0,0,0,1,0,2,3,1
41417,STU141417,Aditya Shah,Female,27,Bachelor,Employed,Indore,Mobile,High,C102,Data Analysis with Python,Programming,Intermediate,60,4.7,4,34,54.3,1,7.6,2,6,5.4,4,6,5,76.8,83.2,47.2,0,16-11-2023,NetBanking,Yes,No,4503,63,1,0,4.1,Not Completed,0,0,0,1,0,2,4,3
41418,STU141418,Priya Verma,Female,29,Diploma,Employed,Pune,Mobile,Medium,C102,Data Analysis with Python,Programming,Intermediate,60,4.7,2,24,72.3,1,5.0,7,3,3.1,6,4,3,76.5,76.2,65.1,0,29-12-2024,UPI,Yes,No,4766,51,1,1,4.2,Not Completed,0,1,0,1,2,2,4,5
41419,STU141419,Kavya Shah,Female,22,Bachelor,Student,Jaipur,Mobile,Medium,C106,Machine Learning A-Z,Programming,Advanced,90,4.6,5,35,55.1,4,0.5,1,3,7.8,6,3,4,100.0,62.9,58.4,4,22-06-2025,Scholarship,No,No,2975,67,2,1,4.7,Not Completed,0,0,2,1,2,0,4,4
41420,STU141420,Priya Desai,Female,20,Bachelor,Student,Nagpur,Laptop,Medium,C101,Python Basics,Programming,Beginner,45,4.6,2,38,90.0,3,5.7,0,4,6.5,8,2,3,78.4,48.4,81.9,1,19-07-2024,Free,No,No,0,51,2,0,3.9,Completed,0,0,2,0,2,1,4,2
41421,STU141421,Aditya Bhardwaj,Female,17,Bachelor,Employed,Hyderabad,Tablet,Medium,C101,Python Basics,Programming,Beginner,45,4.6,3,20,54.2,1,0.5,2,7,6.9,4,6,3,87.2,45.0,45.2,0,02-04-2025,UPI,Yes,Yes,3864,47,1,2,3.7,Completed,0,0,0,2,2,1,4,5
41422,STU141422,Ritika Sharma,Female,25,Bachelor,Student,Nagpur,Mobile,High,C107,Statistics for Data Science,Math,Intermediate,50,4.2,5,24,63.4,3,1.8,7,5,4.0,5,5,5,71.3,70.7,55.7,5,02-10-2025,Free,No,No,0,59,3,1,3.8,Not Completed,0,0,2,1,0,2,3,2
41423,STU141423,Vihaan Desai,Other,26,Master,Employed,Indore,Mobile,Low,C101,Python Basics,Programming,Beginner,45,4.6,7,20,67.4,0,3.4,3,6,5.7,6,4,1,39.1,53.9,62.3,0,23-02-2024,Debit Card,Yes,No,4490,80,2,0,3.3,Not Completed,2,3,0,1,1,1,4,1
41424,STU141424,Sneha Reddy,Female,23,Master,Employed,Chennai,Laptop,High,C103,Introduction to AI,Programming,Intermediate,75,4.5,2,20,46.4,7,5.2,23,5,5.6,4,5,0,64.1,81.3,44.3,1,02-05-2025,UPI,Yes,No,5253,52,2,0,3.4,Completed,0,3,0,0,0,2,4,5
41425,STU141425,Pooja Bose,Female,30,Master,Student,Jaipur,Laptop,Medium,C105,UI/UX Design Fundamentals,Design,Beginner,40,4.4,4,38,75.3,4,0.5,25,5,6.4,6,4,2,83.1,81.4,66.4,4,31-12-2024,UPI,Yes,No,3862,32,2,1,4.6,Completed,0,3,2,0,2,1,1,5
41426,STU141426,Sai Nair,Male,33,Bachelor,Employed,Surat,Mobile,Medium,C105,UI/UX Design Fundamentals,Design,Beginner,40,4.4,2,40,65.1,0,4.1,2,5,8.6,5,5,2,78.3,72.8,56.4,3,23-07-2024,Free,No,No,0,61,3,0,4.2,Not Completed,1,0,0,1,2,1,1,2
41427,STU141427,Ananya Sharma,Female,25,Bachelor,Employed,Bengaluru,Mobile,High,C108,Excel for Business,Business,Beginner,25,4.1,3,56,54.2,4,10.0,2,4,10.0,5,5,5,100.0,57.8,51.9,1,17-09-2024,Scholarship,No,No,1210,61,2,2,5.0,Not Completed,0,0,0,1,0,1,0,4
41428,STU141428,Nikhil Patel,Male,28,HighSchool,Student,Lucknow,Mobile,Medium,C103,Introduction to AI,Programming,Intermediate,75,4.5,4,19,67.4,4,0.5,1,2,5.0,3,7,1,68.9,46.5,43.9,2,05-09-2025,Free,No,Yes,0,42,1,0,4.0,Not Completed,1,2,2,1,2,2,4,2
41429,STU141429,Rahul Bose,Male,25,Master,Student,Lucknow,Laptop,High,C104,Digital Marketing Essentials,Marketing,Beginner,30,4.3,5,41,48.0,3,0.5,7,3,2.4,5,5,3,78.7,60.8,49.8,1,25-12-2024,Debit Card,Yes,No,3611,88,1,1,3.9,Completed,1,3,2,0,0,1,2,1
41430,STU141430,Rohan Gupta,Male,21,Bachelor,Employed,Indore,Mobile,High,C104,Digital Marketing Essentials,Marketing,Beginner,30,4.3,4,30,63.5,1,0.5,5,6,5.6,5,5,4,75.6,88.8,56.7,4,06-03-2024,Credit Card,Yes,No,3706,55,1,2,3.3,Completed,1,0,0,1,0,1,2,0
41431,STU141431,Rohan Bhardwaj,Female,34,Master,Student,Lucknow,Mobile,Low,C102,Data Analysis with Python,Programming,Intermediate,60,4.7,4,23,86.7,4,0.5,12,6,6.6,6,4,6,71.6,77.8,70.2,3,10-07-2024,UPI,Yes,No,5442,11,4,1,4.2,Not Completed,0,3,2,1,1,2,4,5
41432,STU141432,Isha Kumar,Male,33,Bachelor,Student,Chennai,Laptop,Medium,C104,Digital Marketing Essentials,Marketing,Beginner,30,4.3,4,27,87.2,2,0.5,0,1,2.1,4,6,0,45.0,69.3,58.0,2,21-07-2024,Free,No,No,0,56,1,1,4.6,Completed,1,0,2,0,2,1,2,2
41433,STU141433,Sai Shah,Female,17,Bachelor,Student,Jaipur,Laptop,High,C104,Digital Marketing Essentials,Marketing,Beginner,30,4.3,2,33,30.7,2,0.5,3,8,6.9,4,6,2,62.6,59.9,37.8,1,27-11-2024,UPI,Yes,No,3185,16,1,1,5.0,Completed,0,0,2,0,0,1,2,5
41434,STU141434,Aarav Shah,Male,32,Bachelor,Student,Mumbai,Mobile,Medium,C103,Introduction to AI,Programming,Intermediate,75,4.5,8,39,43.2,2,1.7,1,3,4.8,5,5,4,68.7,66.5,48.4,1,12-09-2024,Debit Card,Yes,No,5350,67,3,0,4.3,Completed,1,0,2,1,2,2,4,1
41435,STU141435,Vivaan Joshi,Female,25,Master,Unemployed,Kolkata,Mobile,High,C108,Excel for Business,Business,Beginner,25,4.1,5,24,67.0,1,0.5,1,3,7.1,3,7,6,64.7,73.3,45.1,4,11-04-2025,Scholarship,No,No,718,96,1,1,2.7,Completed,0,3,3,1,0,1,0,4
41436,STU141436,Arjun Bhardwaj,Female,29,Bachelor,Employed,Delhi,Mobile,Medium,C108,Excel for Business,Business,Beginner,25,4.1,5,25,50.1,1,2.8,6,4,6.1,4,6,5,73.7,68.5,44.9,3,09-06-2024,Credit Card,Yes,No,3477,71,2,1,4.3,Completed,0,0,0,1,2,1,0,0
41437,STU141437,Vihaan Desai,Female,17,Master,Employed,Jaipur,Laptop,Medium,C102,Data Analysis with Python,Programming,Intermediate,60,4.7,3,33,46.4,3,7.4,14,6,6.3,3,7,3,83.0,62.7,37.4,1,01-12-2023,UPI,Yes,No,4607,83,1,1,5.0,Not Completed,0,3,0,0,2,2,4,5
41438,STU141438,Aarav Bhardwaj,Male,23,Master,Employed,Delhi,Laptop,High,C102,Data Analysis with Python,Programming,Intermediate,60,4.7,12,26,62.7,1,8.3,2,3,6.5,7,2,3,81.0,91.8,68.5,1,19-06-2025,UPI,Yes,Yes,4189,100,4,0,3.2,Not Completed,1,3,0,0,0,2,4,5
41439,STU141439,Meera Sharma,Male,32,Bachelor,Student,Kolkata,Tablet,Medium,C102,Data Analysis with Python,Programming,Intermediate,60,4.7,5,29,63.8,2,0.5,12,5,6.7,5,5,6,84.3,70.5,55.9,0,20-11-2024,Scholarship,No,No,992,47,2,0,3.0,Not Completed,1,0,2,2,2,2,4,4
41440,STU141440,Krishna Sharma,Female,18,Diploma,Employed,Chennai,Laptop,Medium,C103,Introduction to AI,Programming,Intermediate,75,4.5,2,34,73.3,1,0.5,2,7,7.2,4,6,0,57.4,63.4,52.8,4,21-08-2024,UPI,Yes,Yes,4800,58,2,0,5.0,Not Completed,0,1,0,0,2,2,4,5
41441,STU141441,Aarav Bhardwaj,Female,25,Master,Student,Surat,Laptop,Low,C106,Machine Learning A-Z,Programming,Advanced,90,4.6,9,55,58.1,3,20.5,4,6,5.9,4,6,7,71.4,54.9,47.1,2,17-04-2024,Free,No,No,0,41,3,2,5.0,Completed,0,3,2,0,1,0,4,2
41442,STU141442,Rohan Sharma,Male,29,Bachelor,Employed,Vadodara,Mobile,High,C104,Digital Marketing Essentials,Marketing,Beginner,30,4.3,7,16,88.5,5,4.6,7,9,6.9,5,5,4,68.7,71.6,64.5,2,11-06-2024,Free,No,No,0,100,2,0,3.8,Completed,1,0,0,1,0,1,2,2
41443,STU141443,Sneha Reddy,Male,23,Bachelor,Employed,Indore,Laptop,High,C101,Python Basics,Programming,Beginner,45,4.6,3,41,25.7,1,13.6,9,9,6.7,3,7,2,55.1,58.7,29.9,1,29-01-2024,UPI,Yes,No,4282,77,0,1,4.6,Completed,1,0,0,0,0,1,4,5
41444,STU141444,Aarav Mehta,Female,23,Bachelor,Student,Nagpur,Tablet,Medium,C105,UI/UX Design Fundamentals,Design,Beginner,40,4.4,4,28,60.4,2,0.5,18,3,8.1,5,4,2,96.2,70.5,54.7,2,17-08-2024,UPI,Yes,No,4045,71,2,0,4.1,Completed,0,0,2,2,2,1,1,5
41445,STU141445,Sai Singh,Female,17,Bachelor,Employed,Ahmedabad,Mobile,Medium,C104,Digital Marketing Essentials,Marketing,Beginner,30,4.3,4,39,87.6,2,0.5,6,3,7.0,6,4,4,77.2,64.2,69.9,3,24-04-2025,Debit Card,Yes,No,3812,76,4,1,5.0,Completed,0,0,0,1,2,1,2,1
41446,STU141446,Nikhil Verma,Female,17,Bachelor,Student,Pune,Mobile,Low,C107,Statistics for Data Science,Math,Intermediate,50,4.2,3,22,87.5,2,10.8,7,5,5.4,4,6,2,75.0,81.2,58.7,3,23-02-2024,Debit Card,Yes,No,4061,69,4,0,4.8,Completed,0,0,2,1,1,2,3,1
41447,STU141447,Isha Bose,Male,25,HighSchool,Student,Chennai,Mobile,Medium,C108,Excel for Business,Business,Beginner,25,4.1,6,28,80.1,3,0.5,8,4,7.2,7,3,4,92.4,39.6,72.0,4,04-01-2025,NetBanking,Yes,No,3355,49,1,0,4.4,Not Completed,1,2,2,1,2,1,0,3
41448,STU141448,Isha Verma,Female,30,HighSchool,Student,Hyderabad,Mobile,High,C103,Introduction to AI,Programming,Intermediate,75,4.5,3,47,87.0,2,0.5,0,3,6.0,5,5,7,94.5,62.0,63.6,1,14-11-2023,UPI,Yes,No,5419,100,4,0,3.1,Not Completed,0,2,2,1,0,2,4,5
41449,STU141449,Sneha Singh,Female,27,HighSchool,Student,Chennai,Mobile,Medium,C104,Digital Marketing Essentials,Marketing,Beginner,30,4.3,5,21,30.8,4,6.4,15,7,7.1,8,2,5,78.2,95.6,63.6,1,31-03-2025,Credit Card,Yes,No,3618,70,2,0,3.5,Completed,0,2,2,1,2,1,2,0
41450,STU141450,Isha Bhardwaj,Female,17,Master,Employed,Kolkata,Mobile,Low,C102,Data Analysis with Python,Programming,Intermediate,60,4.7,5,17,79.2,4,1.6,4,2,5.6,3,7,3,83.3,73.8,49.4,1,15-02-2024,Credit Card,Yes,No,4918,49,4,1,4.3,Completed,0,3,0,1,1,2,4,0
41451,STU141451,Neha Joshi,Male,31,Bachelor,Student,Surat,Mobile,High,C108,Excel for Business,Business,Beginner,25,4.1,5,28,40.9,1,0.5,14,2,4.1,5,5,1,71.4,44.6,46.5,0,28-09-2024,Debit Card,Yes,No,3148,61,4,0,4.7,Not Completed,1,0,2,1,0,1,0,1
41452,STU141452,Aditya Gupta,Female,20,Bachelor,Employed,Lucknow,Mobile,Medium,C108,Excel for Business,Business,Beginner,25,4.1,4,39,58.8,2,0.5,5,1,7.9,5,5,1,86.7,76.6,54.4,2,22-08-2024,UPI,Yes,No,3543,78,4,1,5.0,Completed,0,0,0,1,2,1,0,5
41453,STU141453,Rohan Reddy,Male,24,Bachelor,Employed,Indore,Mobile,Medium,C102,Data Analysis with Python,Programming,Intermediate,60,4.7,3,21,60.3,1,0.5,2,5,5.5,5,5,3,71.9,66.9,54.5,1,01-01-2024,Debit Card,Yes,No,4653,74,1,2,3.4,Completed,1,0,0,1,2,2,4,1
41454,STU141454,Sakshi Shah,Female,24,Bachelor,Employed,Delhi,Mobile,Medium,C103,Introduction to AI,Programming,Intermediate,75,4.5,4,35,52.5,0,1.6,14,4,6.2,2,8,1,63.3,58.6,33.3,3,26-08-2025,Free,No,No,0,100,5,1,5.0,Completed,0,0,0,1,2,2,4,2
41455,STU141455,Meera Nair,Female,30,HighSchool,Employed,Jaipur,Mobile,Medium,C101,Python Basics,Programming,Beginner,45,4.6,3,45,58.3,4,0.5,3,4,4.2,3,7,7,70.9,57.9,41.3,4,15-09-2025,UPI,Yes,No,4527,88,5,1,3.8,Completed,0,2,0,1,2,1,4,5
41456,STU141456,Sakshi Desai,Male,30,PhD,Employed,Delhi,Mobile,High,C103,Introduction to AI,Programming,Intermediate,75,4.5,4,31,37.4,3,0.5,0,7,6.4,5,4,1,57.8,65.9,46.4,2,15-03-2025,UPI,Yes,No,5813,67,0,1,5.0,Not Completed,1,4,0,1,0,2,4,5
41457,STU141457,Sai Iyer,Female,27,Diploma,Employed,Kolkata,Mobile,Medium,C101,Python Basics,Programming,Beginner,45,4.6,4,16,77.7,1,3.0,0,7,7.4,5,4,4,75.2,71.6,60.8,2,03-08-2024,UPI,Yes,No,4496,65,3,1,4.0,Completed,0,1,0,1,2,1,4,5
41458,STU141458,Krishna Sharma,Male,28,Bachelor,Employed,Hyderabad,Laptop,Medium,C108,Excel for Business,Business,Beginner,25,4.1,6,24,78.3,2,8.0,2,6,9.1,6,4,3,88.4,49.2,65.8,3,25-05-2024,UPI,Yes,Yes,2644,57,6,0,4.3,Not Completed,1,0,0,0,2,1,0,5
41459,STU141459,Vihaan Patel,Female,31,Bachelor,Student,Delhi,Laptop,Medium,C108,Excel for Business,Business,Beginner,25,4.1,7,43,67.7,1,4.9,3,6,9.3,8,2,3,100.0,93.1,76.3,1,30-07-2024,Free,No,No,0,80,1,1,3.4,Completed,0,0,2,0,2,1,0,2
41460,STU141460,Vivaan Joshi,Male,31,Bachelor,Student,Kolkata,Laptop,Medium,C106,Machine Learning A-Z,Programming,Advanced,90,4.6,5,41,59.4,0,6.9,3,5,7.5,7,3,3,80.1,97.3,67.6,1,09-01-2025,UPI,Yes,Yes,5184,88,2,0,3.5,Completed,1,0,2,0,2,0,4,5
41461,STU141461,Priya Desai,Male,29,Bachelor,Employed,Bhopal,Mobile,Medium,C108,Excel for Business,Business,Beginner,25,4.1,7,36,38.2,0,5.1,15,7,6.4,6,4,3,59.2,54.9,52.1,1,22-02-2024,UPI,Yes,No,3416,53,5,0,3.3,Not Completed,1,0,0,1,2,1,0,5
41462,STU141462,Sakshi Verma,Female,36,Bachelor,Student,Ahmedabad,Mobile,High,C106,Machine Learning A-Z,Programming,Advanced,90,4.6,3,39,72.7,5,2.7,2,6,5.5,8,2,6,72.7,83.7,77.6,0,18-05-2025,Scholarship,No,No,450,76,1,0,3.6,Completed,0,0,2,1,0,0,4,4
41463,STU141463,Pooja Iyer,Male,29,Bachelor,Employed,Hyderabad,Mobile,Low,C101,Python Basics,Programming,Beginner,45,4.6,3,28,79.8,3,1.2,3,4,4.6,6,4,3,72.9,79.8,67.9,0,05-02-2024,Debit Card,Yes,No,4568,81,1,0,4.6,Completed,1,0,0,1,1,1,4,1
41464,STU141464,Vivaan Singh,Female,35,HighSchool,Student,Indore,Mobile,High,C104,Digital Marketing Essentials,Marketing,Beginner,30,4.3,5,39,66.0,3,0.5,24,4,6.0,5,5,5,66.9,59.0,56.1,3,05-11-2023,Free,No,No,0,39,1,0,3.6,Completed,0,2,2,1,0,1,2,2
41465,STU141465,Krishna Verma,Female,17,Bachelor,Student,Pune,Laptop,Medium,C101,Python Basics,Programming,Beginner,45,4.6,5,34,71.0,4,1.8,3,5,6.6,6,4,9,56.3,75.9,64.7,1,29-06-2025,Free,No,No,0,61,3,1,4.3,Not Completed,0,0,2,0,2,1,4,2
41466,STU141466,Nikhil Verma,Male,25,Bachelor,Unemployed,Pune,Mobile,Medium,C103,Introduction to AI,Programming,Intermediate,75,4.5,4,38,64.3,2,7.1,3,7,6.3,4,6,1,76.7,71.6,50.1,1,03-01-2024,Free,No,No,0,74,1,0,4.3,Completed,1,0,3,1,2,2,4,2
41467,STU141467,Priya Singh,Female,29,Bachelor,Self-Employed,Jaipur,Mobile,Medium,C106,Machine Learning A-Z,Programming,Advanced,90,4.6,3,27,33.2,3,3.3,2,3,7.4,6,4,3,80.2,99.9,52.6,1,22-12-2024,Free,No,No,0,94,0,0,4.5,Not Completed,0,0,1,1,2,0,4,2
41468,STU141468,Arjun Kumar,Male,23,HighSchool,Employed,Jaipur,Tablet,Low,C102,Data Analysis with Python,Programming,Intermediate,60,4.7,4,28,72.7,1,2.5,9,3,3.9,8,2,3,73.0,48.3,75.9,1,21-05-2024,UPI,Yes,No,5144,87,2,1,4.0,Not Completed,1,2,0,2,1,2,4,5
41469,STU141469,Nikhil Patel,Male,32,Master,Student,Delhi,Mobile,High,C104,Digital Marketing Essentials,Marketing,Beginner,30,4.3,5,36,44.0,2,0.5,11,3,7.9,6,4,5,83.0,68.4,54.8,3,25-08-2025,NetBanking,Yes,No,3823,87,2,3,4.3,Not Completed,1,3,2,1,0,1,2,3
41470,STU141470,Ritika Reddy,Male,31,Bachelor,Employed,Delhi,Mobile,Low,C108,Excel for Business,Business,Beginner,25,4.1,3,17,53.9,2,0.5,17,4,5.7,5,5,2,81.3,62.4,52.0,3,05-09-2024,Credit Card,Yes,Yes,3032,51,1,1,4.5,Completed,1,0,0,1,1,1,0,0
41471,STU141471,Priya Bose,Female,21,Bachelor,Student,Nagpur,Mobile,Medium,C106,Machine Learning A-Z,Programming,Advanced,90,4.6,6,45,83.2,3,3.4,1,9,2.5,4,5,4,71.7,53.3,55.8,5,12-12-2023,UPI,Yes,No,6284,68,3,0,3.4,Completed,0,0,2,1,2,0,4,5
41472,STU141472,Ritika Nair,Female,33,Diploma,Student,Jaipur,Mobile,Medium,C106,Machine Learning A-Z,Programming,Advanced,90,4.6,8,43,55.5,4,5.1,9,9,10.0,4,6,6,78.4,69.9,46.9,2,19-03-2025,Debit Card,Yes,No,6257,86,0,1,5.0,Completed,0,1,2,1,2,0,4,1
41473,STU141473,Aarav Verma,Female,21,Bachelor,Employed,Delhi,Laptop,Medium,C108,Excel for Business,Business,Beginner,25,4.1,3,42,91.5,0,5.7,5,3,8.0,3,7,2,70.5,65.7,53.3,0,17-08-2025,Debit Card,Yes,No,3345,80,0,2,4.0,Completed,0,0,0,0,2,1,0,1
41474,STU141474,Rahul Iyer,Female,35,Bachelor,Employed,Nagpur,Laptop,Medium,C101,Python Basics,Programming,Beginner,45,4.6,6,33,54.4,3,10.3,2,5,6.3,4,6,3,72.4,85.1,47.3,4,31-01-2025,Free,No,No,0,49,3,1,4.8,Not Completed,0,0,0,0,2,1,4,2
41475,STU141475,Kavya Bhardwaj,Female,24,Bachelor,Employed,Kolkata,Laptop,Medium,C103,Introduction to AI,Programming,Intermediate,75,4.5,5,52,49.2,2,2.5,28,7,6.6,6,4,9,81.7,72.1,56.8,3,09-06-2024,UPI,Yes,No,6281,48,1,0,4.7,Not Completed,0,0,0,0,2,2,4,5
41476,STU141476,Nikhil Mehta,Male,23,Bachelor,Employed,Indore,Mobile,High,C102,Data Analysis with Python,Programming,Intermediate,60,4.7,12,36,71.0,0,0.5,13,9,5.9,5,5,4,59.1,51.9,57.4,3,08-03-2025,Credit Card,Yes,No,5160,63,2,1,2.9,Completed,1,0,0,1,0,2,4,0
41477,STU141477,Sakshi Nair,Female,23,Bachelor,Student,Delhi,Mobile,Medium,C106,Machine Learning A-Z,Programming,Advanced,90,4.6,5,38,32.9,4,2.9,2,4,6.1,1,9,5,56.2,70.3,21.0,0,02-07-2025,NetBanking,Yes,No,6576,61,2,1,3.8,Not Completed,0,0,2,1,2,0,4,3
41478,STU141478,Sneha Nair,Female,22,Bachelor,Student,Lucknow,Mobile,Medium,C104,Digital Marketing Essentials,Marketing,Beginner,30,4.3,9,41,63.9,1,10.8,0,7,6.4,6,4,7,91.3,98.3,63.3,3,06-08-2025,NetBanking,Yes,Yes,2770,100,2,0,4.0,Completed,0,0,2,1,2,1,2,3
41479,STU141479,Arjun Singh,Male,18,Master,Student,Indore,Mobile,Medium,C108,Excel for Business,Business,Beginner,25,4.1,7,42,50.5,1,0.5,4,3,8.8,7,3,2,78.0,73.0,63.3,2,19-12-2024,Debit Card,Yes,No,3212,61,2,2,4.0,Not Completed,1,3,2,1,2,1,0,1
41480,STU141480,Aditya Bhardwaj,Female,23,HighSchool,Student,Bengaluru,Mobile,Medium,C103,Introduction to AI,Programming,Intermediate,75,4.5,2,32,67.2,1,3.3,25,7,7.5,9,1,3,49.7,55.0,80.3,5,03-11-2024,Debit Card,Yes,No,6306,53,3,0,5.0,Not Completed,0,2,2,1,2,2,4,1
41481,STU141481,Aarav Iyer,Male,31,Bachelor,Employed,Delhi,Laptop,High,C107,Statistics for Data Science,Math,Intermediate,50,4.2,3,29,74.6,5,0.5,3,5,6.3,4,6,3,74.3,95.1,54.9,4,07-08-2024,NetBanking,Yes,No,4715,79,3,1,4.7,Completed,1,0,0,0,0,2,3,3
41482,STU141482,Vivaan Iyer,Male,17,Bachelor,Employed,Nagpur,Laptop,Medium,C101,Python Basics,Programming,Beginner,45,4.6,5,29,91.8,2,5.7,5,2,5.0,5,5,1,81.1,58.3,65.1,2,22-10-2024,Debit Card,Yes,Yes,3569,19,2,1,4.0,Not Completed,1,0,0,0,2,1,4,1
41483,STU141483,Aarav Sharma,Female,28,Diploma,Employed,Chennai,Laptop,Low,C104,Digital Marketing Essentials,Marketing,Beginner,30,4.3,4,29,74.8,3,3.7,22,2,8.1,4,6,2,80.3,60.4,53.2,2,19-01-2025,Credit Card,Yes,No,3702,79,0,1,5.0,Not Completed,0,1,0,0,1,1,2,0
41484,STU141484,Kavya Kumar,Female,24,HighSchool,Employed,Kolkata,Laptop,Medium,C101,Python Basics,Programming,Beginner,45,4.6,4,48,58.7,3,3.3,7,3,8.5,8,2,4,75.4,88.1,73.0,4,07-02-2024,UPI,Yes,No,3997,91,3,2,4.4,Completed,0,2,0,0,2,1,4,5
41485,STU141485,Nikhil Desai,Male,26,Bachelor,Student,Nagpur,Tablet,High,C104,Digital Marketing Essentials,Marketing,Beginner,30,4.3,2,19,64.6,0,9.7,4,1,9.6,3,7,3,69.3,40.1,42.6,0,20-05-2025,NetBanking,Yes,No,3294,83,1,2,3.0,Not Completed,1,0,2,2,0,1,2,3
41486,STU141486,Krishna Desai,Female,29,Bachelor,Student,Bengaluru,Mobile,Medium,C103,Introduction to AI,Programming,Intermediate,75,4.5,4,34,73.1,4,0.5,2,7,4.7,7,3,8,70.7,86.5,71.9,0,13-07-2024,Debit Card,Yes,No,5750,64,1,1,4.6,Completed,0,0,2,1,2,2,4,1
41487,STU141487,Meera Singh,Male,17,Bachelor,Student,Lucknow,Laptop,Medium,C104,Digital Marketing Essentials,Marketing,Beginner,30,4.3,5,27,69.7,0,2.6,4,10,5.4,4,6,3,77.7,77.1,52.3,3,21-12-2023,Credit Card,Yes,Yes,3258,64,1,1,3.3,Completed,1,0,2,0,2,1,2,0
41488,STU141488,Krishna Reddy,Female,23,HighSchool,Student,Chennai,Mobile,Medium,C108,Excel for Business,Business,Beginner,25,4.1,6,23,97.9,0,7.5,9,7,5.0,4,6,4,43.9,68.1,61.7,1,24-09-2025,Credit Card,Yes,No,3159,72,3,1,3.6,Completed,0,2,2,1,2,1,0,0
41489,STU141489,Sneha Kumar,Male,21,Bachelor,Student,Indore,Laptop,Low,C105,UI/UX Design Fundamentals,Design,Beginner,40,4.4,5,61,67.5,2,1.3,20,2,6.7,4,6,3,93.8,70.4,51.1,2,07-11-2023,UPI,Yes,Yes,3428,81,2,1,4.3,Completed,1,0,2,0,1,1,1,5
41490,STU141490,Neha Gupta,Female,23,Bachelor,Employed,Kolkata,Mobile,Low,C104,Digital Marketing Essentials,Marketing,Beginner,30,4.3,4,23,48.3,4,0.5,3,3,7.8,6,4,4,64.9,67.2,56.3,4,26-02-2024,UPI,Yes,No,3322,66,0,0,4.0,Not Completed,0,0,0,1,1,1,2,5
41491,STU141491,Sakshi Verma,Female,18,HighSchool,Student,Pune,Mobile,Low,C108,Excel for Business,Business,Beginner,25,4.1,5,48,71.9,2,0.5,1,4,7.1,5,5,3,73.3,35.1,56.9,0,22-06-2024,Credit Card,Yes,No,3140,44,5,1,4.3,Not Completed,0,2,2,1,1,1,0,0
41492,STU141492,Meera Desai,Male,26,Diploma,Employed,Lucknow,Mobile,High,C103,Introduction to AI,Programming,Intermediate,75,4.5,5,36,53.8,3,0.5,3,3,4.8,5,5,3,42.4,91.5,53.4,1,25-10-2023,UPI,Yes,No,6049,86,1,0,3.5,Not Completed,1,1,0,1,0,2,4,5
41493,STU141493,Sai Kumar,Female,27,PhD,Self-Employed,Ahmedabad,Mobile,Medium,C101,Python Basics,Programming,Beginner,45,4.6,4,15,70.5,1,1.3,4,7,6.7,5,5,3,60.0,58.6,57.6,2,13-07-2025,Free,No,No,0,63,1,1,5.0,Completed,0,4,1,1,2,1,4,2
41494,STU141494,Neha Gupta,Female,25,Master,Employed,Chennai,Mobile,High,C101,Python Basics,Programming,Beginner,45,4.6,1,35,41.1,2,0.5,5,1,5.5,4,6,1,78.2,64.4,41.6,0,20-01-2024,Debit Card,Yes,No,3918,10,2,0,3.2,Not Completed,0,3,0,1,0,1,4,1
41495,STU141495,Vihaan Desai,Female,26,Master,Employed,Indore,Mobile,Medium,C107,Statistics for Data Science,Math,Intermediate,50,4.2,5,47,87.4,0,11.6,1,6,5.3,4,6,3,79.6,82.1,58.7,6,29-06-2024,Credit Card,Yes,No,4363,58,0,2,5.0,Not Completed,0,3,0,1,2,2,3,0
41496,STU141496,Ananya Gupta,Male,26,Master,Employed,Kolkata,Mobile,High,C104,Digital Marketing Essentials,Marketing,Beginner,30,4.3,6,41,69.5,3,0.5,14,2,7.7,1,9,3,52.5,51.2,32.9,0,16-11-2023,Free,No,Yes,0,76,3,0,4.9,Not Completed,1,3,0,1,0,1,2,2
41497,STU141497,Sai Bhardwaj,Male,24,Master,Employed,Indore,Mobile,Medium,C101,Python Basics,Programming,Beginner,45,4.6,3,19,92.8,1,4.3,5,9,8.5,6,4,1,64.3,46.8,70.8,3,02-03-2025,UPI,Yes,No,4205,91,1,2,4.6,Completed,1,3,0,1,2,1,4,5
41498,STU141498,Priya Bhardwaj,Male,45,HighSchool,Student,Surat,Laptop,Medium,C102,Data Analysis with Python,Programming,Intermediate,60,4.7,4,33,26.4,0,0.5,8,1,3.4,6,4,1,65.7,100.0,50.2,1,06-02-2025,Credit Card,Yes,Yes,4067,56,5,1,4.5,Completed,1,2,2,0,2,2,4,0
41499,STU141499,Sakshi Sharma,Female,24,Bachelor,Student,Lucknow,Mobile,Medium,C101,Python Basics,Programming,Beginner,45,4.6,6,42,69.2,4,2.8,0,10,8.2,5,5,6,92.1,62.0,57.3,1,18-01-2025,Free,No,No,0,82,3,1,5.0,Completed,0,0,2,1,2,1,4,2
41500,STU141500,Vivaan Bose,Male,27,Bachelor,Employed,Ahmedabad,Mobile,High,C101,Python Basics,Programming,Beginner,45,4.6,3,42,83.3,2,9.8,35,6,9.8,4,6,1,85.5,53.5,55.8,5,11-05-2024,Debit Card,Yes,No,4130,88,2,1,4.7,Completed,1,0,0,1,0,1,4,1
41501,STU141501,Aditya Shah,Female,25,Master,Employed,Lucknow,Mobile,Medium,C106,Machine Learning A-Z,Programming,Advanced,90,4.6,4,35,46.7,2,1.3,6,10,8.5,6,4,3,64.7,71.7,55.9,3,06-09-2025,NetBanking,Yes,Yes,6012,63,2,0,5.0,Not Completed,0,3,0,1,2,0,4,3
41502,STU141502,Aditya Gupta,Male,25,Diploma,Student,Nagpur,Mobile,Medium,C105,UI/UX Design Fundamentals,Design,Beginner,40,4.4,7,41,58.8,1,4.5,14,8,7.9,5,5,5,77.8,74.6,54.3,2,09-05-2025,Credit Card,Yes,No,4395,70,0,1,4.1,Completed,1,1,2,1,2,1,1,0
41503,STU141503,Aditya Mehta,Female,31,Bachelor,Employed,Delhi,Laptop,Medium,C102,Data Analysis with Python,Programming,Intermediate,60,4.7,3,22,60.8,2,9.8,10,8,9.5,7,3,3,78.2,64.7,66.5,2,31-05-2025,Scholarship,No,No,667,85,0,1,3.9,Not Completed,0,0,0,0,2,2,4,4
41504,STU141504,Aarav Reddy,Male,35,Bachelor,Student,Hyderabad,Laptop,High,C108,Excel for Business,Business,Beginner,25,4.1,4,50,95.1,1,3.8,1,3,7.4,8,2,5,78.2,56.5,84.1,4,18-12-2023,UPI,Yes,No,3368,72,4,0,4.3,Completed,1,0,2,0,0,1,0,5
41505,STU141505,Ananya Bhardwaj,Female,27,Bachelor,Student,Delhi,Mobile,High,C102,Data Analysis with Python,Programming,Intermediate,60,4.7,8,39,66.7,2,5.4,0,7,5.2,5,5,3,84.9,74.2,57.1,1,29-06-2025,Scholarship,No,No,1492,52,2,2,4.3,Not Completed,0,0,2,1,0,2,4,4
41506,STU141506,Neha Gupta,Other,36,Bachelor,Employed,Chennai,Mobile,Medium,C103,Introduction to AI,Programming,Intermediate,75,4.5,2,32,27.3,3,6.2,1,7,8.1,7,3,5,70.5,67.4,54.9,2,16-01-2024,NetBanking,Yes,Yes,4704,81,1,2,3.7,Not Completed,2,0,0,1,2,2,4,3
41507,STU141507,Nikhil Reddy,Female,19,Diploma,Employed,Pune,Laptop,High,C106,Machine Learning A-Z,Programming,Advanced,90,4.6,5,45,85.5,3,0.5,1,6,6.8,4,6,3,82.4,76.7,57.8,0,01-01-2025,Credit Card,Yes,No,6818,56,1,1,4.8,Completed,0,1,0,0,0,0,4,0
41508,STU141508,Meera Kumar,Female,19,HighSchool,Student,Mumbai,Mobile,Medium,C103,Introduction to AI,Programming,Intermediate,75,4.5,2,47,63.4,0,6.9,6,5,8.0,5,5,4,71.5,57.1,55.1,4,11-02-2025,Credit Card,Yes,No,5852,58,1,0,3.5,Not Completed,0,2,2,1,2,2,4,0
41509,STU141509,Aarav Sharma,Female,25,Bachelor,Student,Vadodara,Laptop,Low,C102,Data Analysis with Python,Programming,Intermediate,60,4.7,5,32,63.5,2,0.5,7,5,7.8,3,7,4,58.0,61.9,43.3,2,07-04-2025,Credit Card,Yes,No,4802,77,1,0,5.0,Not Completed,0,0,2,0,1,2,4,0
41510,STU141510,Isha Shah,Female,26,Bachelor,Student,Indore,Mobile,Medium,C104,Digital Marketing Essentials,Marketing,Beginner,30,4.3,4,38,58.6,3,0.5,6,6,5.6,4,6,4,72.1,77.9,48.4,0,02-08-2025,UPI,Yes,No,3419,81,1,1,4.2,Not Completed,0,0,2,1,2,1,2,5
41511,STU141511,Kavya Reddy,Female,23,Bachelor,Student,Bhopal,Mobile,Low,C101,Python Basics,Programming,Beginner,45,4.6,2,28,86.8,2,6.1,2,5,3.3,6,4,4,73.4,68.7,69.8,2,08-04-2025,UPI,Yes,No,4353,75,1,2,3.3,Completed,0,0,2,1,1,1,4,5
41512,STU141512,Pooja Bhardwaj,Other,32,Bachelor,Student,Delhi,Mobile,Medium,C101,Python Basics,Programming,Beginner,45,4.6,6,24,81.9,2,2.3,6,6,8.6,7,3,4,91.1,93.2,75.3,5,14-10-2024,UPI,Yes,No,4384,75,4,1,5.0,Completed,2,0,2,1,2,1,4,5
41513,STU141513,Ritika Kumar,Male,33,Diploma,Student,Chennai,Laptop,Medium,C104,Digital Marketing Essentials,Marketing,Beginner,30,4.3,7,42,80.9,5,8.5,9,7,4.1,6,4,7,80.4,91.7,68.9,0,07-06-2025,Free,No,No,0,51,2,1,2.5,Completed,1,1,2,0,2,1,2,2
41514,STU141514,Kavya Bhardwaj,Male,28,Master,Student,Nagpur,Mobile,Medium,C104,Digital Marketing Essentials,Marketing,Beginner,30,4.3,7,33,50.1,4,9.1,9,9,7.6,6,4,7,83.5,56.0,56.3,2,20-08-2025,Scholarship,No,No,664,100,3,0,4.5,Completed,1,3,2,1,2,1,2,4
41515,STU141515,Ananya Sharma,Female,23,Bachelor,Employed,Indore,Mobile,Medium,C101,Python Basics,Programming,Beginner,45,4.6,9,48,94.3,3,5.6,0,6,3.5,6,4,4,57.4,83.8,73.2,2,25-04-2024,Scholarship,No,No,1721,37,2,2,4.8,Completed,0,0,0,1,2,1,4,4
41516,STU141516,Krishna Mehta,Male,17,Bachelor,Student,Vadodara,Laptop,Medium,C102,Data Analysis with Python,Programming,Intermediate,60,4.7,3,49,46.3,0,6.4,2,7,5.5,5,5,2,65.1,73.2,49.9,4,06-11-2023,UPI,Yes,No,5155,53,2,1,4.5,Not Completed,1,0,2,0,2,2,4,5
41517,STU141517,Kavya Sharma,Female,17,Bachelor,Unemployed,Ahmedabad,Laptop,Medium,C107,Statistics for Data Science,Math,Intermediate,50,4.2,9,32,85.8,2,4.9,2,7,4.6,4,6,2,66.8,58.3,57.0,2,17-02-2024,UPI,Yes,No,4120,50,1,1,4.7,Completed,0,0,3,0,2,2,3,5
41518,STU141518,Ritika Patel,Female,17,Bachelor,Student,Delhi,Mobile,High,C102,Data Analysis with Python,Programming,Intermediate,60,4.7,7,38,58.3,2,9.3,11,11,4.1,3,7,3,64.0,75.2,42.2,1,22-07-2025,UPI,Yes,No,5491,59,4,3,4.1,Not Completed,0,0,2,1,0,2,4,5
41519,STU141519,Isha Shah,Female,29,Bachelor,Student,Bhopal,Mobile,Medium,C102,Data Analysis with Python,Programming,Intermediate,60,4.7,3,45,60.3,4,0.5,6,6,10.0,7,3,3,70.1,66.5,66.4,5,02-10-2024,NetBanking,Yes,Yes,3886,87,1,1,3.7,Not Completed,0,0,2,1,2,2,4,3
41520,STU141520,Neha Mehta,Female,23,Bachelor,Student,Bengaluru,Tablet,Low,C108,Excel for Business,Business,Beginner,25,4.1,6,29,86.1,1,5.8,25,4,6.6,7,3,4,87.3,48.3,74.6,9,19-03-2025,Scholarship,No,No,790,63,4,0,4.3,Completed,0,0,2,2,1,1,0,4
41521,STU141521,Priya Patel,Female,30,Bachelor,Student,Bhopal,Laptop,Medium,C102,Data Analysis with Python,Programming,Intermediate,60,4.7,4,31,82.3,6,4.7,2,5,5.5,4,6,3,76.8,95.3,57.6,2,22-08-2024,Free,No,No,0,83,4,0,3.5,Not Completed,0,0,2,0,2,2,4,2
41522,STU141522,Sai Bose,Male,26,Master,Employed,Jaipur,Mobile,Medium,C106,Machine Learning A-Z,Programming,Advanced,90,4.6,5,36,57.1,4,5.7,18,3,7.3,5,5,4,55.4,71.0,53.5,2,17-03-2025,Debit Card,Yes,No,6532,66,3,2,4.4,Not Completed,1,3,0,1,2,0,4,1
41523,STU141523,Ananya Bhardwaj,Female,23,Master,Student,Nagpur,Mobile,Medium,C104,Digital Marketing Essentials,Marketing,Beginner,30,4.3,4,9,31.9,2,0.5,6,3,5.2,3,7,1,72.4,66.3,32.5,1,05-01-2024,Free,No,No,0,91,3,0,5.0,Completed,0,3,2,1,2,1,2,2
41524,STU141524,Vivaan Gupta,Male,32,HighSchool,Student,Pune,Laptop,Medium,C101,Python Basics,Programming,Beginner,45,4.6,4,27,95.9,2,11.0,1,5,2.7,5,5,3,74.0,75.2,67.3,3,10-05-2025,Debit Card,Yes,No,4243,67,0,2,5.0,Completed,1,2,2,0,2,1,4,1
41525,STU141525,Pooja Iyer,Female,23,Master,Student,Lucknow,Mobile,Medium,C102,Data Analysis with Python,Programming,Intermediate,60,4.7,4,41,54.8,5,9.1,3,9,5.6,3,7,5,71.8,71.1,40.7,3,05-02-2024,Scholarship,No,No,1700,100,3,1,3.8,Not Completed,0,3,2,1,2,2,4,4
41526,STU141526,Pooja Bose,Male,17,Bachelor,Employed,Vadodara,Laptop,High,C106,Machine Learning A-Z,Programming,Advanced,90,4.6,5,55,27.7,2,2.4,11,6,3.2,3,7,3,81.4,56.9,30.5,3,21-10-2024,UPI,Yes,No,6513,40,1,0,2.6,Completed,1,0,0,0,0,0,4,5
41527,STU141527,Meera Bose,Female,28,Bachelor,Employed,Pune,Mobile,High,C101,Python Basics,Programming,Beginner,45,4.6,7,35,75.5,1,2.5,6,5,5.8,4,6,5,88.8,79.0,54.4,3,07-05-2024,UPI,Yes,No,4257,62,1,0,4.8,Not Completed,0,0,0,1,0,1,4,5
41528,STU141528,Sakshi Verma,Male,24,Bachelor,Unemployed,Hyderabad,Laptop,High,C104,Digital Marketing Essentials,Marketing,Beginner,30,4.3,3,42,74.3,3,2.0,10,5,3.2,3,7,3,58.9,59.6,47.0,3,22-12-2023,Credit Card,Yes,No,3403,38,0,3,4.8,Completed,1,0,3,0,0,1,2,0
41529,STU141529,Aditya Mehta,Female,25,Diploma,Employed,Mumbai,Laptop,Medium,C103,Introduction to AI,Programming,Intermediate,75,4.5,2,29,32.3,1,11.7,2,8,1.6,3,7,6,66.7,68.2,32.7,2,06-01-2024,NetBanking,Yes,No,5300,91,4,0,4.4,Not Completed,0,1,0,0,2,2,4,3
41530,STU141530,Neha Reddy,Male,17,Master,Student,Lucknow,Mobile,Medium,C102,Data Analysis with Python,Programming,Intermediate,60,4.7,4,38,41.8,0,1.7,7,7,4.4,5,5,5,55.0,44.9,46.9,1,13-03-2024,UPI,Yes,No,5359,37,1,1,4.1,Not Completed,1,3,2,1,2,2,4,5
41531,STU141531,Rahul Bose,Male,18,HighSchool,Employed,Ahmedabad,Laptop,High,C107,Statistics for Data Science,Math,Intermediate,50,4.2,3,50,45.8,3,0.5,10,8,5.3,5,5,2,57.5,72.5,49.6,1,16-07-2025,Credit Card,Yes,No,4373,92,3,0,3.5,Not Completed,1,2,0,0,0,2,3,0
41532,STU141532,Isha Iyer,Male,17,Diploma,Student,Surat,Mobile,Medium,C103,Introduction to AI,Programming,Intermediate,75,4.5,3,39,87.2,1,0.5,1,4,5.2,6,4,3,64.8,39.1,68.5,1,26-04-2024,UPI,Yes,No,5744,61,1,0,4.1,Not Completed,1,1,2,1,2,2,4,5
41533,STU141533,Priya Gupta,Male,31,Master,Student,Surat,Mobile,High,C105,UI/UX Design Fundamentals,Design,Beginner,40,4.4,3,22,79.7,2,0.5,21,8,4.5,2,8,3,58.1,57.5,42.8,4,18-06-2024,NetBanking,Yes,No,3795,86,0,0,2.6,Not Completed,1,3,2,1,0,1,1,3
41534,STU141534,Arjun Joshi,Male,27,Bachelor,Employed,Bengaluru,Tablet,Medium,C106,Machine Learning A-Z,Programming,Advanced,90,4.6,5,40,76.4,0,0.5,1,3,1.5,1,9,2,69.0,45.5,35.0,2,10-02-2025,NetBanking,Yes,Yes,5264,50,4,0,3.0,Not Completed,1,0,0,2,2,0,4,3
41535,STU141535,Sakshi Joshi,Male,19,Master,Employed,Jaipur,Tablet,Medium,C103,Introduction to AI,Programming,Intermediate,75,4.5,6,34,22.4,5,0.5,3,7,6.2,4,6,2,74.9,64.0,35.1,5,08-06-2024,UPI,Yes,No,5956,76,5,0,5.0,Not Completed,1,3,0,2,2,2,4,5
41536,STU141536,Isha Reddy,Female,23,Diploma,Employed,Delhi,Mobile,Medium,C103,Introduction to AI,Programming,Intermediate,75,4.5,4,15,67.3,2,0.5,10,7,8.4,5,5,3,59.1,38.4,55.5,1,17-10-2024,NetBanking,Yes,No,5348,54,3,2,5.0,Completed,0,1,0,1,2,2,4,3
41537,STU141537,Rahul Nair,Male,25,Bachelor,Employed,Delhi,Mobile,Medium,C107,Statistics for Data Science,Math,Intermediate,50,4.2,5,44,67.6,1,0.5,2,11,7.5,5,5,2,93.0,85.0,57.9,2,17-03-2024,Free,No,Yes,0,83,4,1,4.7,Completed,1,0,0,1,2,2,3,2
41538,STU141538,Arjun Bose,Male,21,Master,Student,Nagpur,Mobile,High,C105,UI/UX Design Fundamentals,Design,Beginner,40,4.4,4,24,73.2,3,3.0,3,6,4.8,2,8,5,79.3,44.9,39.9,2,25-03-2024,Debit Card,Yes,No,3808,70,5,2,4.2,Not Completed,1,3,2,1,0,1,1,1
41539,STU141539,Arjun Joshi,Male,32,Bachelor,Student,Mumbai,Mobile,High,C101,Python Basics,Programming,Beginner,45,4.6,5,54,88.8,1,5.0,1,2,7.7,5,5,5,85.4,75.8,64.9,0,11-09-2025,UPI,Yes,Yes,3492,100,1,3,4.5,Completed,1,0,2,1,0,1,4,5
41540,STU141540,Aditya Reddy,Female,24,Bachelor,Unemployed,Bhopal,Laptop,Medium,C107,Statistics for Data Science,Math,Intermediate,50,4.2,3,33,49.3,1,7.4,3,3,5.8,6,4,6,50.7,86.3,57.6,2,22-07-2025,Free,No,No,0,88,6,0,5.0,Not Completed,0,0,3,0,2,2,3,2
41541,STU141541,Vivaan Shah,Female,24,HighSchool,Employed,Hyderabad,Laptop,High,C103,Introduction to AI,Programming,Intermediate,75,4.5,4,31,35.9,3,0.5,3,5,4.8,7,3,2,62.8,97.7,59.4,3,28-11-2024,UPI,Yes,No,5666,86,0,0,4.9,Not Completed,0,2,0,0,0,2,4,5
41542,STU141542,Vihaan Desai,Male,24,Master,Employed,Bengaluru,Mobile,Medium,C106,Machine Learning A-Z,Programming,Advanced,90,4.6,6,55,80.7,1,17.9,7,9,6.3,6,4,7,76.8,40.0,66.3,3,27-06-2025,Free,No,No,0,100,4,1,4.3,Completed,1,3,0,1,2,0,4,2
41543,STU141543,Arjun Singh,Female,24,Bachelor,Employed,Bengaluru,Mobile,Medium,C101,Python Basics,Programming,Beginner,45,4.6,2,43,69.9,2,0.5,0,7,8.4,4,6,2,73.2,74.5,52.2,1,25-04-2024,UPI,Yes,No,4649,72,1,2,3.7,Completed,0,0,0,1,2,1,4,5
41544,STU141544,Isha Singh,Female,25,Bachelor,Student,Chennai,Mobile,Medium,C108,Excel for Business,Business,Beginner,25,4.1,3,26,47.3,2,0.5,7,8,7.6,1,9,2,62.3,46.2,24.9,3,01-12-2024,UPI,Yes,No,3476,67,1,3,4.6,Completed,0,0,2,1,2,1,0,5
41545,STU141545,Aditya Reddy,Female,30,Bachelor,Student,Surat,Mobile,High,C106,Machine Learning A-Z,Programming,Advanced,90,4.6,4,31,51.9,1,0.5,1,3,8.7,8,2,2,70.4,65.4,69.4,5,23-09-2024,Free,No,No,0,77,0,1,4.5,Not Completed,0,0,2,1,0,0,4,2
41546,STU141546,Krishna Joshi,Male,31,PhD,Student,Nagpur,Laptop,Medium,C104,Digital Marketing Essentials,Marketing,Beginner,30,4.3,4,47,77.8,2,7.4,5,6,10.0,2,8,5,80.7,61.7,42.3,2,15-11-2023,UPI,Yes,No,3227,77,2,1,4.1,Completed,1,4,2,0,2,1,2,5
41547,STU141547,Sneha Mehta,Male,20,Bachelor,Employed,Mumbai,Mobile,High,C101,Python Basics,Programming,Beginner,45,4.6,3,17,33.3,2,2.5,0,7,10.0,4,6,3,74.2,84.5,39.9,0,22-11-2024,Free,No,No,0,24,1,2,4.6,Completed,1,0,0,1,0,1,4,2
41548,STU141548,Kavya Bhardwaj,Male,23,Bachelor,Student,Kolkata,Laptop,High,C102,Data Analysis with Python,Programming,Intermediate,60,4.7,4,42,79.3,2,4.7,0,6,10.0,7,3,8,83.2,60.2,72.8,2,31-05-2025,UPI,Yes,Yes,4334,61,6,1,5.0,Not Completed,1,0,2,0,0,2,4,5
41549,STU141549,Meera Shah,Female,30,Bachelor,Self-Employed,Surat,Mobile,Medium,C106,Machine Learning A-Z,Programming,Advanced,90,4.6,7,31,75.8,3,2.0,5,5,5.6,4,6,2,69.9,63.1,53.7,4,28-09-2025,UPI,Yes,Yes,5861,68,1,1,4.5,Not Completed,0,0,1,1,2,0,4,5
41550,STU141550,Krishna Singh,Female,27,Bachelor,Student,Lucknow,Mobile,High,C102,Data Analysis with Python,Programming,Intermediate,60,4.7,4,30,49.5,1,5.4,0,6,4.9,3,7,2,59.2,62.5,38.5,4,31-01-2025,Debit Card,Yes,Yes,4112,69,5,3,4.8,Completed,0,0,2,1,0,2,4,1
41551,STU141551,Neha Bose,Female,23,Master,Student,Jaipur,Mobile,High,C102,Data Analysis with Python,Programming,Intermediate,60,4.7,3,32,86.8,2,2.9,8,5,2.7,4,5,1,75.1,59.8,57.4,4,13-04-2024,Debit Card,Yes,Yes,3902,76,3,1,3.4,Completed,0,3,2,1,0,2,4,1
41552,STU141552,Nikhil Mehta,Other,17,Diploma,Employed,Chennai,Mobile,Medium,C106,Machine Learning A-Z,Programming,Advanced,90,4.6,5,39,42.8,3,8.8,1,5,8.5,7,3,4,81.5,88.1,61.4,3,11-02-2025,Debit Card,Yes,No,6350,92,5,1,3.8,Completed,2,1,0,1,2,0,4,1
41553,STU141553,Meera Sharma,Female,22,Master,Student,Nagpur,Mobile,Medium,C105,UI/UX Design Fundamentals,Design,Beginner,40,4.4,8,38,38.0,3,7.2,5,11,5.8,4,6,1,74.0,71.6,40.9,3,02-10-2024,Free,No,No,0,76,2,2,4.4,Not Completed,0,3,2,1,2,1,1,2
41554,STU141554,Rahul Verma,Female,17,Bachelor,Employed,Jaipur,Mobile,High,C105,UI/UX Design Fundamentals,Design,Beginner,40,4.4,6,27,42.4,2,7.6,3,7,5.6,4,6,3,85.6,45.6,41.1,5,30-05-2024,UPI,Yes,No,4203,40,2,1,4.0,Not Completed,0,0,0,1,0,1,1,5
41555,STU141555,Meera Bhardwaj,Male,17,Bachelor,Unemployed,Chennai,Laptop,Medium,C101,Python Basics,Programming,Beginner,45,4.6,1,34,60.2,2,0.5,7,4,9.7,5,5,3,56.8,55.7,53.8,1,08-08-2024,UPI,Yes,No,4553,53,3,2,4.4,Not Completed,1,0,3,0,2,1,4,5
41556,STU141556,Ananya Joshi,Male,24,HighSchool,Student,Vadodara,Mobile,Medium,C103,Introduction to AI,Programming,Intermediate,75,4.5,4,43,88.5,1,3.9,5,6,8.9,3,7,2,60.9,58.8,51.9,1,13-11-2023,Debit Card,Yes,No,5621,58,3,0,4.0,Completed,1,2,2,1,2,2,4,1
41557,STU141557,Ananya Kumar,Female,34,Bachelor,Employed,Ahmedabad,Mobile,Medium,C108,Excel for Business,Business,Beginner,25,4.1,5,25,39.7,1,0.5,5,7,6.2,7,3,9,88.4,81.6,60.0,1,16-05-2024,Credit Card,Yes,No,3171,93,3,0,5.0,Completed,0,0,0,1,2,1,0,0
41558,STU141558,Neha Desai,Male,30,PhD,Student,Bengaluru,Tablet,High,C101,Python Basics,Programming,Beginner,45,4.6,2,50,64.3,4,9.8,0,7,6.2,4,6,5,81.0,93.9,51.2,4,03-01-2025,Credit Card,Yes,No,4242,70,6,3,4.4,Completed,1,4,2,2,0,1,4,0
41559,STU141559,Meera Bhardwaj,Male,28,Bachelor,Self-Employed,Hyderabad,Laptop,High,C105,UI/UX Design Fundamentals,Design,Beginner,40,4.4,4,58,84.2,4,2.5,5,8,3.8,7,3,6,87.6,73.7,75.2,2,05-08-2025,Credit Card,Yes,No,4009,57,4,0,3.8,Not Completed,1,0,1,0,0,1,1,0
41560,STU141560,Sai Nair,Female,35,Diploma,Student,Surat,Tablet,High,C108,Excel for Business,Business,Beginner,25,4.1,5,38,78.3,1,0.5,0,3,6.6,5,5,2,68.7,70.5,60.9,3,05-01-2024,Debit Card,Yes,No,3082,72,2,0,5.0,Completed,0,1,2,2,0,1,0,1
41561,STU141561,Aarav Sharma,Female,35,Bachelor,Student,Bhopal,Mobile,High,C101,Python Basics,Programming,Beginner,45,4.6,3,17,61.5,3,0.5,4,10,5.8,4,6,2,86.4,51.8,48.1,3,23-07-2024,UPI,Yes,Yes,3565,58,3,1,4.6,Not Completed,0,0,2,1,0,1,4,5
41562,STU141562,Neha Singh,Female,28,Bachelor,Employed,Bengaluru,Laptop,High,C101,Python Basics,Programming,Beginner,45,4.6,4,46,79.9,2,5.5,1,8,5.9,4,6,3,68.6,74.8,55.7,3,20-04-2024,Debit Card,Yes,No,4614,85,4,0,3.2,Completed,0,0,0,0,0,1,4,1
41563,STU141563,Vivaan Kumar,Male,17,Master,Employed,Pune,Laptop,Medium,C108,Excel for Business,Business,Beginner,25,4.1,2,16,84.4,2,1.2,6,4,6.6,4,6,4,60.3,61.0,56.6,1,09-01-2025,Credit Card,Yes,Yes,2938,64,3,0,3.7,Not Completed,1,3,0,0,2,1,0,0
41564,STU141564,Sai Kumar,Female,27,Bachelor,Employed,Bhopal,Mobile,Medium,C103,Introduction to AI,Programming,Intermediate,75,4.5,4,57,84.4,1,0.5,1,8,10.0,4,6,4,67.6,83.9,57.7,3,04-07-2025,UPI,Yes,No,5625,100,6,0,5.0,Completed,0,0,0,1,2,2,4,5
41565,STU141565,Rahul Reddy,Female,27,HighSchool,Employed,Ahmedabad,Tablet,Medium,C108,Excel for Business,Business,Beginner,25,4.1,1,55,74.9,1,0.5,3,4,3.9,4,6,3,63.3,54.4,52.9,2,02-04-2024,UPI,Yes,No,3230,74,0,4,4.6,Not Completed,0,2,0,2,2,1,0,5
41566,STU141566,Aditya Singh,Male,27,Diploma,Employed,Kolkata,Laptop,Medium,C108,Excel for Business,Business,Beginner,25,4.1,5,40,89.7,3,6.2,1,3,7.6,6,3,6,62.3,80.7,71.4,3,05-08-2024,Free,No,No,0,100,2,0,4.4,Completed,1,1,0,0,2,1,0,2
41567,STU141567,Meera Mehta,Female,28,HighSchool,Employed,Bengaluru,Laptop,Medium,C103,Introduction to AI,Programming,Intermediate,75,4.5,7,23,74.0,0,5.1,3,9,4.9,5,5,8,75.0,100.0,60.9,3,18-07-2025,Scholarship,No,No,1595,90,2,2,4.4,Completed,0,2,0,0,2,2,4,4
41568,STU141568,Aarav Mehta,Female,17,Bachelor,Student,Indore,Mobile,Low,C104,Digital Marketing Essentials,Marketing,Beginner,30,4.3,4,33,40.7,0,2.4,0,2,7.5,4,6,4,73.6,57.2,41.1,5,28-09-2025,Credit Card,Yes,No,3164,100,1,2,4.7,Completed,0,0,2,1,1,1,2,0
41569,STU141569,Nikhil Kumar,Male,19,Master,Student,Nagpur,Tablet,High,C102,Data Analysis with Python,Programming,Intermediate,60,4.7,7,46,46.1,5,13.6,1,6,7.5,5,5,5,74.3,96.9,51.0,3,02-06-2024,UPI,Yes,No,5398,99,3,1,3.4,Not Completed,1,3,2,2,0,2,4,5
41570,STU141570,Aditya Sharma,Female,18,Bachelor,Employed,Vadodara,Laptop,High,C102,Data Analysis with Python,Programming,Intermediate,60,4.7,6,34,71.3,2,2.6,0,7,8.5,5,5,2,85.7,51.8,57.5,4,04-03-2024,UPI,Yes,No,4691,82,2,1,4.4,Not Completed,0,0,0,0,0,2,4,5
41571,STU141571,Ananya Patel,Male,28,Bachelor,Student,Nagpur,Laptop,High,C106,Machine Learning A-Z,Programming,Advanced,90,4.6,6,26,57.5,2,0.5,4,6,8.5,2,8,5,60.9,60.4,35.1,2,03-08-2024,NetBanking,Yes,No,6541,87,2,2,3.8,Not Completed,1,0,2,0,0,0,4,3
41572,STU141572,Sai Nair,Male,20,Bachelor,Student,Delhi,Mobile,High,C102,Data Analysis with Python,Programming,Intermediate,60,4.7,5,30,55.0,2,0.5,7,4,6.0,3,7,6,62.1,74.2,41.0,1,30-09-2024,Scholarship,No,No,323,74,1,2,2.0,Not Completed,1,0,2,1,0,2,4,4
41573,STU141573,Aditya Gupta,Female,26,Bachelor,Student,Mumbai,Laptop,High,C103,Introduction to AI,Programming,Intermediate,75,4.5,4,18,44.3,1,0.5,4,4,7.2,5,5,5,80.5,82.8,49.7,0,02-12-2024,UPI,Yes,Yes,4570,92,2,1,3.3,Not Completed,0,0,2,0,0,2,4,5
41574,STU141574,Krishna Sharma,Female,32,Diploma,Student,Jaipur,Mobile,Medium,C101,Python Basics,Programming,Beginner,45,4.6,10,50,95.9,0,12.3,2,5,6.7,5,5,2,79.4,67.1,66.9,4,06-11-2024,Credit Card,Yes,No,3908,83,2,1,5.0,Completed,0,1,2,1,2,1,4,0
41575,STU141575,Priya Desai,Male,20,Bachelor,Student,Nagpur,Mobile,Medium,C101,Python Basics,Programming,Beginner,45,4.6,6,40,86.7,3,5.6,13,2,6.2,6,4,3,80.6,73.7,70.0,0,15-03-2025,Credit Card,Yes,No,3971,54,0,1,4.2,Completed,1,0,2,1,2,1,4,0
41576,STU141576,Kavya Reddy,Male,23,Master,Employed,Chennai,Mobile,Low,C104,Digital Marketing Essentials,Marketing,Beginner,30,4.3,3,27,69.7,3,0.5,14,4,7.9,4,6,3,65.0,89.2,52.8,0,16-07-2025,NetBanking,Yes,No,3694,44,1,1,3.4,Not Completed,1,3,0,1,1,1,2,3
41577,STU141577,Arjun Sharma,Male,19,Bachelor,Employed,Delhi,Mobile,High,C105,UI/UX Design Fundamentals,Design,Beginner,40,4.4,4,31,87.4,3,0.5,1,7,6.3,7,3,2,64.2,68.8,76.0,5,18-11-2023,UPI,Yes,No,3970,55,1,1,4.5,Not Completed,1,0,0,1,0,1,1,5
41578,STU141578,Aarav Desai,Other,26,Bachelor,Employed,Nagpur,Laptop,Medium,C103,Introduction to AI,Programming,Intermediate,75,4.5,2,38,24.7,5,0.7,1,8,7.4,7,3,2,68.6,67.9,54.0,1,09-01-2025,UPI,Yes,No,5666,92,5,0,4.2,Not Completed,2,0,0,0,2,2,4,5
41579,STU141579,Vivaan Joshi,Female,25,Bachelor,Employed,Surat,Laptop,Medium,C104,Digital Marketing Essentials,Marketing,Beginner,30,4.3,3,35,89.3,3,5.1,7,4,2.9,4,6,2,68.6,73.7,58.9,0,09-11-2024,Credit Card,Yes,No,3812,66,3,1,3.3,Completed,0,0,0,0,2,1,2,0
41580,STU141580,Neha Shah,Female,28,Master,Unemployed,Bhopal,Laptop,High,C105,UI/UX Design Fundamentals,Design,Beginner,40,4.4,2,26,27.3,2,5.4,6,4,3.7,4,6,3,92.2,73.5,37.2,2,27-05-2024,Scholarship,No,Yes,1300,61,4,1,3.7,Not Completed,0,3,3,0,0,1,1,4
41581,STU141581,Vivaan Bhardwaj,Female,28,PhD,Student,Lucknow,Laptop,Medium,C108,Excel for Business,Business,Beginner,25,4.1,4,27,79.3,4,3.3,3,5,9.8,9,1,1,77.6,78.8,85.7,4,03-03-2024,NetBanking,Yes,No,3447,29,3,1,4.9,Completed,0,4,2,0,2,1,0,3
41582,STU141582,Ritika Desai,Female,29,Bachelor,Employed,Vadodara,Mobile,Low,C104,Digital Marketing Essentials,Marketing,Beginner,30,4.3,2,30,10.8,2,0.5,0,5,6.3,6,4,4,58.9,68.5,43.2,1,25-07-2025,Scholarship,No,No,968,59,1,0,3.3,Not Completed,0,0,0,1,1,1,2,4
41583,STU141583,Sakshi Singh,Male,29,Master,Student,Pune,Mobile,High,C101,Python Basics,Programming,Beginner,45,4.6,8,32,63.2,4,1.0,2,6,5.3,5,5,2,84.9,56.4,54.9,2,10-04-2025,NetBanking,Yes,No,4136,74,7,0,3.1,Completed,1,3,2,1,0,1,4,3
41584,STU141584,Meera Shah,Female,17,HighSchool,Self-Employed,Indore,Mobile,Low,C103,Introduction to AI,Programming,Intermediate,75,4.5,4,38,55.9,6,0.5,3,7,7.3,3,7,1,83.5,76.3,41.4,0,26-04-2024,Scholarship,No,Yes,347,65,1,1,4.4,Completed,0,2,1,1,1,2,4,4
41585,STU141585,Ritika Gupta,Male,28,Bachelor,Employed,Chennai,Mobile,Medium,C103,Introduction to AI,Programming,Intermediate,75,4.5,3,44,65.9,2,0.5,7,5,4.2,5,5,4,77.8,72.5,56.7,2,03-10-2025,Debit Card,Yes,Yes,5124,81,3,1,3.7,Not Completed,1,0,0,1,2,2,4,1
41586,STU141586,Isha Sharma,Male,19,Bachelor,Student,Lucknow,Mobile,High,C104,Digital Marketing Essentials,Marketing,Beginner,30,4.3,4,31,51.9,2,0.8,1,9,4.5,5,4,1,75.2,57.5,51.0,2,09-11-2024,NetBanking,Yes,No,3418,70,1,0,4.8,Not Completed,1,0,2,1,0,1,2,3
41587,STU141587,Neha Iyer,Female,30,Bachelor,Employed,Ahmedabad,Mobile,Medium,C107,Statistics for Data Science,Math,Intermediate,50,4.2,5,36,38.5,3,2.3,15,5,4.6,5,5,5,87.4,75.2,47.2,1,16-11-2023,Free,No,Yes,0,54,4,0,4.9,Completed,0,0,0,1,2,2,3,2
41588,STU141588,Rahul Verma,Female,28,Diploma,Student,Jaipur,Mobile,High,C105,UI/UX Design Fundamentals,Design,Beginner,40,4.4,3,30,83.1,2,3.6,1,6,4.2,5,4,2,55.8,83.3,63.2,0,09-12-2023,Credit Card,Yes,Yes,3080,65,1,1,3.1,Completed,0,1,2,1,0,1,1,0
41589,STU141589,Pooja Reddy,Female,29,Diploma,Student,Bhopal,Mobile,Medium,C107,Statistics for Data Science,Math,Intermediate,50,4.2,8,42,61.2,1,12.6,4,11,6.0,3,7,5,95.1,56.1,42.2,3,25-10-2024,Debit Card,Yes,No,4262,67,2,2,4.6,Completed,0,1,2,1,2,2,3,1
41590,STU141590,Sai Verma,Male,29,HighSchool,Employed,Delhi,Mobile,Low,C103,Introduction to AI,Programming,Intermediate,75,4.5,6,28,68.4,5,10.8,7,2,6.3,4,6,2,86.1,67.9,51.3,1,10-02-2025,UPI,Yes,No,5549,70,1,0,2.7,Completed,1,2,0,1,1,2,4,5
41591,STU141591,Nikhil Mehta,Male,19,Bachelor,Student,Hyderabad,Laptop,High,C107,Statistics for Data Science,Math,Intermediate,50,4.2,3,27,94.9,0,8.0,0,6,5.0,7,3,3,80.2,57.8,78.1,3,07-08-2024,UPI,Yes,Yes,3801,27,0,1,4.0,Completed,1,0,2,0,0,2,3,5
41592,STU141592,Priya Bose,Male,26,HighSchool,Employed,Ahmedabad,Mobile,Medium,C103,Introduction to AI,Programming,Intermediate,75,4.5,5,28,54.9,0,2.8,18,4,4.1,3,7,3,82.9,58.0,40.1,4,04-01-2024,UPI,Yes,No,5913,40,3,1,4.6,Not Completed,1,2,0,1,2,2,4,5
41593,STU141593,Sneha Reddy,Male,29,Bachelor,Unemployed,Mumbai,Mobile,High,C103,Introduction to AI,Programming,Intermediate,75,4.5,6,21,77.3,2,3.1,4,5,6.1,6,4,4,69.7,53.5,65.7,0,13-11-2023,UPI,Yes,Yes,5272,69,3,1,4.6,Not Completed,1,0,3,1,0,2,4,5
41594,STU141594,Arjun Mehta,Male,22,Diploma,Student,Bengaluru,Mobile,Low,C108,Excel for Business,Business,Beginner,25,4.1,3,14,65.8,1,0.5,9,6,4.6,1,9,4,93.4,71.1,32.6,6,01-09-2024,Free,No,Yes,0,69,7,1,3.4,Completed,1,1,2,1,1,1,0,2
41595,STU141595,Ritika Bose,Male,21,Master,Employed,Lucknow,Laptop,High,C102,Data Analysis with Python,Programming,Intermediate,60,4.7,2,27,42.9,2,10.4,6,7,2.3,7,3,2,60.6,69.7,60.5,2,12-06-2025,UPI,Yes,No,4819,79,5,2,4.2,Not Completed,1,3,0,0,0,2,4,5
41596,STU141596,Neha Shah,Male,30,Bachelor,Student,Surat,Mobile,Medium,C104,Digital Marketing Essentials,Marketing,Beginner,30,4.3,4,30,78.7,3,3.9,8,3,6.8,8,2,7,63.5,62.2,78.7,2,20-05-2025,Credit Card,Yes,Yes,2812,57,1,1,5.0,Completed,1,0,2,1,2,1,2,0
41597,STU141597,Krishna Sharma,Male,25,Master,Employed,Kolkata,Laptop,Medium,C101,Python Basics,Programming,Beginner,45,4.6,4,35,62.8,2,6.0,10,6,4.8,4,5,8,80.0,85.3,50.3,0,31-05-2025,Debit Card,Yes,No,4270,85,3,0,5.0,Completed,1,3,0,0,2,1,4,1
41598,STU141598,Ritika Desai,Female,21,Bachelor,Student,Surat,Laptop,Low,C106,Machine Learning A-Z,Programming,Advanced,90,4.6,5,39,46.4,1,12.0,20,7,8.8,6,3,5,63.0,37.4,54.1,6,19-08-2024,UPI,Yes,No,6822,80,5,2,5.0,Completed,0,0,2,0,1,0,4,5
41599,STU141599,Pooja Singh,Female,19,Diploma,Student,Bengaluru,Laptop,High,C107,Statistics for Data Science,Math,Intermediate,50,4.2,4,50,94.7,1,2.0,3,7,6.9,3,7,2,84.2,53.8,53.8,5,04-07-2024,Debit Card,Yes,No,4347,31,3,0,4.3,Not Completed,0,1,2,0,0,2,3,1
41600,STU141600,Ritika Reddy,Female,28,Bachelor,Employed,Pune,Mobile,High,C107,Statistics for Data Science,Math,Intermediate,50,4.2,4,30,33.6,3,0.5,5,2,5.9,6,3,3,95.2,54.0,50.5,1,09-09-2024,Debit Card,Yes,No,4456,84,1,1,3.6,Completed,0,0,0,1,0,2,3,1
41601,STU141601,Aarav Bose,Female,43,Bachelor,Employed,Ahmedabad,Mobile,Medium,C103,Introduction to AI,Programming,Intermediate,75,4.5,6,15,77.4,3,0.5,6,4,6.9,4,6,1,90.5,69.3,54.6,2,26-07-2024,Credit Card,Yes,Yes,5294,11,0,0,4.6,Completed,0,0,0,1,2,2,4,0
41602,STU141602,Vivaan Nair,Male,26,Bachelor,Self-Employed,Bhopal,Tablet,Medium,C102,Data Analysis with Python,Programming,Intermediate,60,4.7,8,21,23.0,3,6.8,3,10,10.0,5,5,0,39.7,43.8,40.2,3,16-05-2025,Debit Card,Yes,No,4705,51,3,1,3.7,Completed,1,0,1,2,2,2,4,1
41603,STU141603,Rahul Mehta,Male,24,Bachelor,Student,Jaipur,Mobile,Medium,C105,UI/UX Design Fundamentals,Design,Beginner,40,4.4,8,50,45.2,3,6.1,6,7,8.2,4,5,11,70.7,65.7,43.1,3,15-06-2024,Debit Card,Yes,No,3677,56,1,0,4.6,Completed,1,0,2,1,2,1,1,1
41604,STU141604,Ritika Desai,Female,27,Bachelor,Employed,Hyderabad,Mobile,High,C106,Machine Learning A-Z,Programming,Advanced,90,4.6,4,13,74.5,3,3.5,5,3,2.2,5,5,3,98.6,57.2,58.9,3,27-12-2024,Debit Card,Yes,No,6202,58,0,1,4.0,Completed,0,0,0,1,0,0,4,1
41605,STU141605,Kavya Patel,Female,30,Master,Employed,Lucknow,Mobile,Low,C104,Digital Marketing Essentials,Marketing,Beginner,30,4.3,2,32,70.7,1,0.5,4,8,10.0,4,6,3,74.0,100.0,53.7,1,31-07-2025,Free,No,Yes,0,88,2,0,4.4,Not Completed,0,3,0,1,1,1,2,2
41606,STU141606,Nikhil Sharma,Male,23,Bachelor,Employed,Lucknow,Laptop,Low,C106,Machine Learning A-Z,Programming,Advanced,90,4.6,8,35,60.5,5,0.5,1,3,7.6,2,8,7,87.3,82.9,37.3,4,17-09-2024,Debit Card,Yes,No,6766,65,3,0,3.1,Completed,1,0,0,0,1,0,4,1
41607,STU141607,Kavya Reddy,Male,24,Master,Student,Delhi,Mobile,High,C102,Data Analysis with Python,Programming,Intermediate,60,4.7,4,26,79.9,3,0.5,3,5,6.4,6,4,4,87.2,76.7,67.8,2,20-09-2025,NetBanking,Yes,No,5412,81,7,0,4.3,Completed,1,3,2,1,0,2,4,3
41608,STU141608,Aditya Patel,Female,28,Bachelor,Student,Vadodara,Mobile,Medium,C101,Python Basics,Programming,Beginner,45,4.6,3,24,66.4,3,0.5,1,6,4.4,6,4,4,65.1,68.4,62.7,5,29-07-2024,Debit Card,Yes,Yes,3742,60,1,2,3.5,Completed,0,0,2,1,2,1,4,1
41609,STU141609,Aditya Gupta,Male,32,Bachelor,Employed,Lucknow,Laptop,Low,C102,Data Analysis with Python,Programming,Intermediate,60,4.7,7,49,53.0,1,11.7,0,6,8.0,4,6,1,64.0,59.6,45.5,1,25-01-2025,Scholarship,No,Yes,1700,61,1,2,4.1,Not Completed,1,0,0,0,1,2,4,4
41610,STU141610,Ananya Singh,Female,24,Master,Student,Surat,Mobile,High,C107,Statistics for Data Science,Math,Intermediate,50,4.2,7,38,47.8,1,6.5,5,4,8.0,5,5,3,88.3,85.9,51.0,4,25-06-2025,Free,No,No,0,60,3,1,5.0,Not Completed,0,3,2,1,0,2,3,2
41611,STU141611,Meera Joshi,Male,18,Bachelor,Student,Delhi,Mobile,Low,C104,Digital Marketing Essentials,Marketing,Beginner,30,4.3,7,23,56.6,2,2.1,14,3,6.1,4,6,0,82.2,58.2,46.7,3,14-04-2025,Scholarship,No,No,319,22,2,0,5.0,Not Completed,1,0,2,1,1,1,2,4
41612,STU141612,Aarav Bhardwaj,Female,30,Diploma,Student,Surat,Mobile,Low,C102,Data Analysis with Python,Programming,Intermediate,60,4.7,7,55,22.1,2,3.1,2,5,5.3,4,6,3,59.2,69.6,35.2,0,14-10-2024,Debit Card,Yes,No,4549,76,2,3,3.0,Not Completed,0,1,2,1,1,2,4,1
41613,STU141613,Vivaan Iyer,Female,24,HighSchool,Employed,Bhopal,Laptop,High,C106,Machine Learning A-Z,Programming,Advanced,90,4.6,2,18,85.6,1,4.9,4,6,7.3,4,6,3,66.8,67.3,57.3,3,27-02-2025,Credit Card,Yes,No,6402,62,2,0,4.3,Completed,0,2,0,0,0,0,4,0
41614,STU141614,Ananya Kumar,Male,17,Bachelor,Employed,Lucknow,Laptop,Medium,C102,Data Analysis with Python,Programming,Intermediate,60,4.7,5,40,89.0,0,6.5,0,10,10.0,8,2,2,77.0,53.4,81.8,3,30-01-2024,Free,No,Yes,0,48,2,0,2.7,Completed,1,0,0,0,2,2,4,2
41615,STU141615,Ritika Singh,Female,17,Bachelor,Unemployed,Hyderabad,Mobile,High,C105,UI/UX Design Fundamentals,Design,Beginner,40,4.4,3,24,98.6,1,8.9,4,2,5.9,4,6,3,67.6,72.8,62.1,5,18-06-2025,Scholarship,No,No,882,90,0,2,2.5,Not Completed,0,0,3,1,0,1,1,4
41616,STU141616,Ritika Joshi,Male,26,Bachelor,Employed,Bengaluru,Mobile,High,C103,Introduction to AI,Programming,Intermediate,75,4.5,6,24,67.6,2,7.5,24,5,7.3,7,2,6,60.9,85.3,69.9,6,12-12-2023,Free,No,No,0,100,3,2,5.0,Not Completed,1,0,0,1,0,2,4,2
41617,STU141617,Aarav Joshi,Female,17,Bachelor,Employed,Hyderabad,Mobile,High,C105,UI/UX Design Fundamentals,Design,Beginner,40,4.4,2,16,85.4,7,1.9,0,4,5.0,1,9,3,66.8,51.9,38.5,3,22-06-2024,UPI,Yes,Yes,3443,69,0,1,3.5,Completed,0,0,0,1,0,1,1,5
41618,STU141618,Ananya Mehta,Female,23,Master,Employed,Mumbai,Mobile,Low,C104,Digital Marketing Essentials,Marketing,Beginner,30,4.3,3,28,85.1,4,0.5,16,4,7.7,4,6,1,44.6,78.7,57.7,1,20-02-2024,Credit Card,Yes,No,3152,58,1,0,3.9,Not Completed,0,3,0,1,1,1,2,0
41619,STU141619,Meera Shah,Male,29,PhD,Employed,Indore,Mobile,High,C104,Digital Marketing Essentials,Marketing,Beginner,30,4.3,1,45,25.6,0,0.5,17,4,3.9,4,6,3,63.4,70.5,36.5,1,19-07-2025,Scholarship,No,No,1556,71,3,2,4.5,Not Completed,1,4,0,1,0,1,2,4
41620,STU141620,Vivaan Joshi,Male,18,Diploma,Employed,Ahmedabad,Mobile,Medium,C107,Statistics for Data Science,Math,Intermediate,50,4.2,6,49,77.2,0,3.5,3,7,5.3,6,4,3,71.7,40.0,65.0,2,27-11-2024,UPI,Yes,No,4569,45,0,0,4.8,Not Completed,1,1,0,1,2,2,3,5
41621,STU141621,Rahul Mehta,Male,26,Bachelor,Student,Surat,Mobile,Medium,C101,Python Basics,Programming,Beginner,45,4.6,4,23,40.5,1,1.2,3,4,4.1,8,1,4,71.2,70.7,65.7,1,16-08-2025,UPI,Yes,No,4224,67,7,0,5.0,Not Completed,1,0,2,1,2,1,4,5
41622,STU141622,Aarav Singh,Female,25,Bachelor,Employed,Mumbai,Mobile,High,C102,Data Analysis with Python,Programming,Intermediate,60,4.7,3,25,83.3,3,0.5,10,9,5.7,3,7,2,60.4,62.9,50.3,4,09-05-2024,UPI,Yes,No,5068,66,0,1,4.9,Completed,0,0,0,1,0,2,4,5
41623,STU141623,Kavya Mehta,Female,21,HighSchool,Student,Indore,Laptop,High,C108,Excel for Business,Business,Beginner,25,4.1,6,43,48.6,4,1.8,0,8,5.7,6,4,8,68.6,83.1,57.2,2,30-04-2024,Credit Card,Yes,No,3056,63,6,2,4.7,Completed,0,2,2,0,0,1,0,0
41624,STU141624,Aarav Singh,Female,19,Master,Student,Hyderabad,Laptop,Medium,C103,Introduction to AI,Programming,Intermediate,75,4.5,4,55,26.8,4,0.5,1,2,5.8,6,4,4,71.1,65.8,48.7,1,29-12-2024,NetBanking,Yes,No,5708,79,2,1,3.5,Not Completed,0,3,2,0,2,2,4,3
41625,STU141625,Krishna Bhardwaj,Female,26,HighSchool,Self-Employed,Kolkata,Mobile,Medium,C102,Data Analysis with Python,Programming,Intermediate,60,4.7,2,13,37.9,3,0.5,0,6,7.6,6,4,2,77.0,86.2,53.6,3,06-11-2023,NetBanking,Yes,No,5146,100,1,0,3.1,Not Completed,0,2,1,1,2,2,4,3
41626,STU141626,Sai Singh,Male,30,Bachelor,Employed,Vadodara,Laptop,High,C107,Statistics for Data Science,Math,Intermediate,50,4.2,3,24,89.7,1,0.5,1,5,5.0,3,7,1,72.4,64.0,52.6,2,07-10-2024,Free,No,No,0,65,3,0,4.5,Not Completed,1,0,0,0,0,2,3,2
41627,STU141627,Vivaan Shah,Male,30,Bachelor,Student,Nagpur,Mobile,Medium,C102,Data Analysis with Python,Programming,Intermediate,60,4.7,6,35,62.2,2,0.9,1,6,9.5,4,6,7,76.8,54.7,48.5,2,17-08-2024,Free,No,Yes,0,61,2,0,3.7,Not Completed,1,0,2,1,2,2,4,2
41628,STU141628,Rohan Verma,Male,27,Master,Unemployed,Lucknow,Laptop,Medium,C101,Python Basics,Programming,Beginner,45,4.6,5,30,50.7,1,13.3,2,2,6.1,3,7,3,70.3,66.0,39.0,0,19-08-2025,Scholarship,No,No,358,24,3,1,4.2,Completed,1,3,3,0,2,1,4,4
41629,STU141629,Sneha Iyer,Female,24,Diploma,Employed,Lucknow,Mobile,Medium,C103,Introduction to AI,Programming,Intermediate,75,4.5,3,37,78.5,4,2.3,10,2,4.5,2,8,5,67.8,77.1,43.3,3,24-06-2025,Debit Card,Yes,No,6156,70,1,0,5.0,Completed,0,1,0,1,2,2,4,1
41630,STU141630,Kavya Desai,Female,32,Master,Employed,Pune,Mobile,Low,C108,Excel for Business,Business,Beginner,25,4.1,2,42,35.2,1,0.5,7,7,9.9,6,4,5,68.8,50.2,50.8,2,08-10-2024,UPI,Yes,No,3547,78,3,0,4.7,Completed,0,3,0,1,1,1,0,5
41631,STU141631,Ananya Singh,Female,26,Bachelor,Student,Pune,Mobile,Medium,C105,UI/UX Design Fundamentals,Design,Beginner,40,4.4,7,20,83.5,3,0.5,0,4,7.9,6,4,7,67.1,66.4,68.6,5,25-02-2024,Credit Card,Yes,No,3815,75,2,0,3.5,Completed,0,0,2,1,2,1,1,0
41632,STU141632,Rohan Nair,Male,21,Bachelor,Employed,Nagpur,Laptop,Medium,C102,Data Analysis with Python,Programming,Intermediate,60,4.7,4,37,38.7,4,4.6,0,6,6.3,4,6,6,71.1,88.0,41.9,0,22-02-2025,Debit Card,Yes,No,4510,76,4,1,3.2,Not Completed,1,0,0,0,2,2,4,1
41633,STU141633,Kavya Shah,Male,24,Bachelor,Employed,Lucknow,Mobile,High,C107,Statistics for Data Science,Math,Intermediate,50,4.2,6,16,56.1,3,0.9,12,4,7.3,5,4,2,67.8,71.8,53.2,1,28-11-2024,Scholarship,No,No,2200,83,2,2,4.3,Not Completed,1,0,0,1,0,2,3,4
41634,STU141634,Pooja Joshi,Male,25,Bachelor,Student,Pune,Mobile,Low,C106,Machine Learning A-Z,Programming,Advanced,90,4.6,5,12,78.5,2,2.9,2,8,7.1,7,3,1,95.9,56.3,72.3,1,09-04-2024,UPI,Yes,Yes,5813,78,2,5,3.4,Completed,1,0,2,1,1,0,4,5
41635,STU141635,Kavya Kumar,Female,17,Diploma,Employed,Chennai,Mobile,High,C101,Python Basics,Programming,Beginner,45,4.6,7,48,70.2,5,11.9,1,4,4.9,3,7,6,91.3,70.8,46.1,0,28-05-2024,Credit Card,Yes,No,3967,83,3,1,5.0,Not Completed,0,1,0,1,0,1,4,0
41636,STU141636,Vivaan Kumar,Male,24,Bachelor,Employed,Ahmedabad,Mobile,High,C108,Excel for Business,Business,Beginner,25,4.1,3,48,27.8,1,0.5,2,4,5.3,7,3,7,60.6,46.7,54.1,2,15-05-2024,UPI,Yes,No,3433,100,4,1,4.8,Not Completed,1,0,0,1,0,1,0,5
41637,STU141637,Rohan Nair,Female,24,Bachelor,Employed,Kolkata,Mobile,Low,C103,Introduction to AI,Programming,Intermediate,75,4.5,2,33,72.6,0,0.9,8,4,4.5,3,7,3,69.9,49.2,45.9,0,03-06-2025,UPI,Yes,No,6191,49,4,0,5.0,Not Completed,0,0,0,1,1,2,4,5
41638,STU141638,Meera Joshi,Female,25,Bachelor,Employed,Hyderabad,Mobile,Low,C102,Data Analysis with Python,Programming,Intermediate,60,4.7,3,40,35.8,2,0.5,15,4,3.2,4,6,4,77.0,60.0,39.5,0,18-03-2025,Credit Card,Yes,No,5355,88,1,0,4.4,Not Completed,0,0,0,1,1,2,4,0
41639,STU141639,Arjun Mehta,Female,34,Diploma,Employed,Bhopal,Mobile,High,C104,Digital Marketing Essentials,Marketing,Beginner,30,4.3,4,43,73.9,5,2.0,20,7,4.9,6,4,0,73.0,54.3,64.6,0,24-10-2024,Scholarship,No,No,306,57,3,3,4.2,Not Completed,0,1,0,1,0,1,2,4
41640,STU141640,Kavya Singh,Male,17,HighSchool,Student,Hyderabad,Laptop,High,C101,Python Basics,Programming,Beginner,45,4.6,2,30,74.7,3,0.5,22,5,6.7,4,6,1,61.7,80.1,54.2,0,31-08-2025,NetBanking,Yes,No,4194,79,1,2,3.6,Completed,1,2,2,0,0,1,4,3
41641,STU141641,Sakshi Bhardwaj,Female,17,Master,Student,Mumbai,Mobile,Medium,C102,Data Analysis with Python,Programming,Intermediate,60,4.7,4,30,49.7,1,4.2,4,6,10.0,6,4,7,100.0,90.6,57.9,6,14-10-2024,Debit Card,Yes,No,4928,78,5,0,5.0,Not Completed,0,3,2,1,2,2,4,1
41642,STU141642,Pooja Gupta,Female,19,Bachelor,Unemployed,Lucknow,Tablet,High,C103,Introduction to AI,Programming,Intermediate,75,4.5,3,45,91.9,2,0.5,7,4,3.4,5,4,4,55.4,55.8,65.0,0,14-11-2024,Debit Card,Yes,No,5742,39,3,0,4.2,Not Completed,0,0,3,2,0,2,4,1
41643,STU141643,Aditya Gupta,Male,33,Bachelor,Employed,Chennai,Mobile,Medium,C101,Python Basics,Programming,Beginner,45,4.6,2,35,38.4,2,2.8,8,6,8.7,5,5,3,82.9,87.4,47.8,3,10-08-2024,Scholarship,No,No,2069,49,2,0,4.4,Not Completed,1,0,0,1,2,1,4,4
41644,STU141644,Aarav Reddy,Female,24,Master,Student,Vadodara,Laptop,Medium,C103,Introduction to AI,Programming,Intermediate,75,4.5,6,67,75.2,3,0.5,2,6,8.0,5,5,3,81.5,89.6,60.8,3,12-07-2024,Credit Card,Yes,No,5783,75,3,1,3.7,Not Completed,0,3,2,0,2,2,4,0
41645,STU141645,Kavya Verma,Male,26,Bachelor,Student,Lucknow,Mobile,Medium,C102,Data Analysis with Python,Programming,Intermediate,60,4.7,5,25,55.7,1,5.1,1,4,3.1,5,5,1,80.4,42.2,51.6,5,12-09-2025,Debit Card,Yes,No,5111,89,4,1,2.9,Completed,1,0,2,1,2,2,4,1
41646,STU141646,Vihaan Iyer,Female,25,Bachelor,Employed,Mumbai,Mobile,Low,C101,Python Basics,Programming,Beginner,45,4.6,6,29,79.8,0,0.5,7,4,5.0,2,7,6,53.3,48.7,42.3,1,18-10-2024,UPI,Yes,No,4493,37,0,3,2.7,Completed,0,0,0,1,1,1,4,5
41647,STU141647,Arjun Bhardwaj,Female,24,Bachelor,Student,Mumbai,Laptop,Low,C105,UI/UX Design Fundamentals,Design,Beginner,40,4.4,8,29,58.1,0,4.6,18,8,7.3,5,5,2,72.3,84.3,54.6,2,13-12-2023,UPI,Yes,No,4092,49,4,1,4.9,Completed,0,0,2,0,1,1,1,5
41648,STU141648,Isha Bose,Female,34,Bachelor,Employed,Bhopal,Laptop,Medium,C106,Machine Learning A-Z,Programming,Advanced,90,4.6,6,46,67.7,2,7.0,2,5,3.9,5,5,8,66.3,73.9,57.4,1,16-09-2025,Free,No,No,0,24,2,1,3.7,Not Completed,0,0,0,0,2,0,4,2
41649,STU141649,Sai Bose,Female,35,Bachelor,Student,Chennai,Laptop,Medium,C106,Machine Learning A-Z,Programming,Advanced,90,4.6,4,44,43.5,5,0.8,0,6,5.6,6,4,7,72.5,88.1,55.6,6,22-12-2024,Credit Card,Yes,No,6074,66,1,0,4.8,Completed,0,0,2,0,2,0,4,0
41650,STU141650,Ritika Verma,Female,28,Bachelor,Employed,Kolkata,Laptop,Medium,C102,Data Analysis with Python,Programming,Intermediate,60,4.7,8,21,77.3,2,0.5,0,6,8.0,5,5,4,87.5,75.4,60.8,4,12-12-2024,Debit Card,Yes,Yes,4057,66,3,0,3.0,Completed,0,0,0,0,2,2,4,1
41651,STU141651,Aditya Nair,Male,24,HighSchool,Self-Employed,Delhi,Mobile,Medium,C101,Python Basics,Programming,Beginner,45,4.6,6,35,80.7,6,1.4,4,11,8.9,4,6,2,73.4,45.4,54.5,4,28-01-2025,Debit Card,Yes,No,4558,45,3,1,3.9,Not Completed,1,2,1,1,2,1,4,1
41652,STU141652,Pooja Desai,Female,32,Diploma,Employed,Pune,Laptop,Low,C101,Python Basics,Programming,Beginner,45,4.6,3,34,22.5,2,0.5,10,6,7.9,6,4,5,73.9,72.6,47.5,2,03-05-2024,Credit Card,Yes,No,4247,80,3,3,3.7,Completed,0,1,0,0,1,1,4,0
41653,STU141653,Rohan Nair,Male,26,Bachelor,Employed,Mumbai,Mobile,High,C102,Data Analysis with Python,Programming,Intermediate,60,4.7,5,38,39.9,1,0.5,22,8,5.0,8,1,1,55.6,45.7,64.2,2,02-02-2025,UPI,Yes,No,4718,100,5,1,3.8,Completed,1,0,0,1,0,2,4,5
41654,STU141654,Aarav Bose,Male,34,HighSchool,Student,Bhopal,Mobile,Medium,C103,Introduction to AI,Programming,Intermediate,75,4.5,7,42,60.7,2,5.4,1,4,6.2,5,5,6,80.6,71.8,54.8,1,22-01-2024,Debit Card,Yes,No,5899,55,3,1,3.9,Completed,1,2,2,1,2,2,4,1
41655,STU141655,Kavya Verma,Male,17,Bachelor,Employed,Vadodara,Laptop,Medium,C102,Data Analysis with Python,Programming,Intermediate,60,4.7,3,27,76.2,6,8.4,8,9,8.7,3,7,5,75.8,47.2,47.0,4,03-10-2024,Free,No,No,0,37,2,0,3.9,Completed,1,0,0,0,2,2,4,2
41656,STU141656,Priya Verma,Male,29,Bachelor,Student,Lucknow,Mobile,High,C108,Excel for Business,Business,Beginner,25,4.1,7,35,78.2,2,0.8,7,5,6.8,5,5,3,59.7,64.0,60.6,1,17-04-2025,UPI,Yes,No,2979,76,2,1,3.5,Not Completed,1,0,2,1,0,1,0,5
41657,STU141657,Neha Gupta,Female,24,Bachelor,Employed,Chennai,Laptop,Medium,C106,Machine Learning A-Z,Programming,Advanced,90,4.6,2,26,42.6,1,5.9,3,6,2.8,4,6,3,61.6,75.3,42.7,0,25-01-2025,NetBanking,Yes,No,6831,22,1,0,4.4,Not Completed,0,0,0,0,2,0,4,3
41658,STU141658,Kavya Singh,Male,27,Bachelor,Employed,Indore,Mobile,Medium,C107,Statistics for Data Science,Math,Intermediate,50,4.2,7,29,32.6,3,0.5,18,6,2.7,5,5,6,84.6,62.5,44.5,1,08-08-2024,UPI,Yes,No,4178,66,1,0,4.9,Completed,1,0,0,1,2,2,3,5
41659,STU141659,Meera Iyer,Male,24,Bachelor,Student,Kolkata,Tablet,Medium,C106,Machine Learning A-Z,Programming,Advanced,90,4.6,2,28,40.9,3,1.7,0,5,6.7,4,6,0,61.8,42.2,40.4,3,25-03-2025,Scholarship,No,Yes,545,84,1,3,4.3,Not Completed,1,0,2,2,2,0,4,4
41660,STU141660,Sakshi Patel,Male,21,Diploma,Employed,Delhi,Mobile,High,C104,Digital Marketing Essentials,Marketing,Beginner,30,4.3,4,45,79.1,2,3.3,1,6,3.1,7,3,6,58.9,45.0,71.9,1,02-09-2024,Scholarship,No,No,496,76,1,1,4.4,Not Completed,1,1,0,1,0,1,2,4
