,Student_ID,Name,Gender,Age,Education_Level,Employment_Status,City,Device_Type,Internet_Connection_Quality,Course_ID,Course_Name,Category,Course_Level,Course_Duration_Days,Instructor_Rating,Login_Frequency,Average_Session_Duration_Min,Video_Completion_Rate,Discussion_Participation,Time_Spent_Hours,Days_Since_Last_Login,Notifications_Checked,Peer_Interaction_Score,Assignments_Submitted,Assignments_Missed,Quiz_Attempts,Quiz_Score_Avg,Project_Grade,Progress_Percentage,Rewatch_Count,Enrollment_Date,Payment_Mode,Fee_Paid,Discount_Used,Payment_Amount,App_Usage_Percentage,Reminder_Emails_Clicked,Support_Tickets_Raised,Satisfaction_Rating,Completed,Gender_Encoded,Education_Encoded,Employment_Encoded,Device_Encoded,Internet_Encoded,Level_Encoded,Category_Encoded,Payment_Encoded
0,STU100000,Vihaan Patel,Male,19,Diploma,Student,Indore,Laptop,Medium,C102,Data Analysis with Python,Programming,Intermediate,60,4.7,3,30,55.0,2,0.5,1,6,4.3,8,1,5,80.9,71.2,70.8,0,01-06-2024,Scholarship,No,No,1740,49,3,4,3.5,Completed,1,1,2,0,2,2,4,4
1,STU100001,Arjun Nair,Female,17,Bachelor,Student,Delhi,Laptop,Low,C106,Machine Learning A-Z,Programming,Advanced,90,4.6,4,37,84.1,2,0.9,3,5,7.8,4,6,3,78.4,42.5,55.6,2,27-04-2025,Credit Card,Yes,No,6147,86,0,0,4.5,Not Completed,0,0,2,0,1,0,4,0
2,STU100002,Aditya Bhardwaj,Female,34,Master,Student,Chennai,Mobile,Medium,C101,Python Basics,Programming,Beginner,45,4.6,5,9,75.6,3,0.5,19,5,6.7,8,2,3,100.0,87.9,78.8,2,20-01-2024,NetBanking,Yes,No,4280,85,1,0,5.0,Completed,0,3,2,1,2,1,4,3
3,STU100003,Krishna Singh,Female,29,Diploma,Employed,Surat,Mobile,High,C105,UI/UX Design Fundamentals,Design,Beginner,40,4.4,2,27,63.3,1,7.4,19,9,6.4,0,10,4,59.1,51.4,24.7,4,13-05-2025,UPI,Yes,No,3812,42,2,3,3.8,Completed,0,1,0,1,0,1,1,5
4,STU100004,Krishna Nair,Female,19,Master,Self-Employed,Lucknow,Laptop,Medium,C106,Machine Learning A-Z,Programming,Advanced,90,4.6,2,36,86.4,1,0.5,4,7,7.5,5,5,8,84.8,93.0,64.9,4,19-12-2024,Debit Card,Yes,Yes,5486,91,3,0,4.0,Completed,0,3,1,0,2,0,4,1
5,STU100005,Rohan Reddy,Female,21,Bachelor,Student,Jaipur,Mobile,Medium,C102,Data Analysis with Python,Programming,Intermediate,60,4.7,7,30,85.9,1,11.8,4,9,6.2,7,3,4,99.6,65.6,75.3,5,23-10-2023,UPI,Yes,No,4526,74,5,2,4.5,Completed,0,0,2,1,2,2,4,5
6,STU100006,Sai Nair,Male,22,Diploma,Employed,Chennai,Laptop,High,C103,Introduction to AI,Programming,Intermediate,75,4.5,5,43,94.5,5,0.5,0,6,7.2,3,7,5,74.4,80.4,55.1,1,24-03-2024,UPI,Yes,No,5682,83,2,0,4.8,Completed,1,1,0,0,0,2,4,5
7,STU100007,Krishna Desai,Male,23,Master,Employed,Hyderabad,Mobile,Low,C101,Python Basics,Programming,Beginner,45,4.6,8,12,79.2,1,0.5,1,6,5.4,7,3,3,76.3,72.9,73.4,3,09-11-2024,NetBanking,Yes,No,4590,68,0,0,5.0,Completed,1,3,0,1,1,1,4,3
8,STU100008,Vihaan Joshi,Male,17,Bachelor,Student,Nagpur,Tablet,High,C103,Introduction to AI,Programming,Intermediate,75,4.5,7,20,82.3,2,0.9,2,6,6.8,10,0,6,76.3,69.4,92.3,2,13-07-2024,Credit Card,Yes,Yes,5055,78,4,2,4.7,Completed,1,0,2,2,0,2,4,0
9,STU100009,Vivaan Nair,Male,32,Bachelor,Student,Kolkata,Laptop,Medium,C104,Digital Marketing Essentials,Marketing,Beginner,30,4.3,7,30,63.4,2,3.3,0,2,6.4,3,7,3,55.8,54.1,42.9,0,07-11-2024,UPI,Yes,Yes,2951,48,1,2,4.4,Completed,1,0,2,0,2,1,2,5
10,STU100010,Aditya Gupta,Female,31,Bachelor,Student,Ahmedabad,Mobile,Medium,C107,Statistics for Data Science,Math,Intermediate,50,4.2,6,38,82.9,2,4.2,3,1,4.9,3,7,4,58.6,100.0,52.0,2,11-07-2025,UPI,Yes,No,4631,88,4,0,3.8,Completed,0,0,2,1,2,2,3,5
11,STU100011,Sneha Bhardwaj,Male,21,Master,Student,Pune,Mobile,Medium,C106,Machine Learning A-Z,Programming,Advanced,90,4.6,4,28,64.3,3,2.9,2,3,3.2,5,5,2,82.1,54.6,55.2,0,02-12-2023,Scholarship,No,No,2693,60,3,1,4.6,Not Completed,1,3,2,1,2,0,4,4
12,STU100012,Rohan Desai,Female,28,Master,Student,Ahmedabad,Mobile,High,C108,Excel for Business,Business,Beginner,25,4.1,6,30,53.5,4,13.4,3,6,6.7,3,6,3,81.5,76.7,40.6,2,11-06-2024,Credit Card,Yes,No,3408,100,0,2,5.0,Completed,0,3,2,1,0,1,0,0
13,STU100013,Vihaan Mehta,Female,24,Master,Student,Ahmedabad,Mobile,High,C104,Digital Marketing Essentials,Marketing,Beginner,30,4.3,5,21,88.2,2,9.2,5,4,7.0,5,5,7,73.3,66.4,64.2,2,24-10-2024,Credit Card,Yes,No,3153,88,2,1,5.0,Completed,0,3,2,1,0,1,2,0
14,STU100014,Sai Joshi,Male,19,Diploma,Employed,Hyderabad,Mobile,High,C102,Data Analysis with Python,Programming,Intermediate,60,4.7,5,23,73.8,3,0.5,11,4,10.0,2,8,4,58.3,61.4,40.9,3,16-07-2024,NetBanking,Yes,No,4525,60,1,1,3.6,Not Completed,1,1,0,1,0,2,4,3
15,STU100015,Aditya Bhardwaj,Male,26,Diploma,Employed,Lucknow,Mobile,Low,C102,Data Analysis with Python,Programming,Intermediate,60,4.7,5,20,92.4,2,10.5,4,5,6.4,5,5,5,68.2,68.9,65.8,2,23-06-2024,Free,No,No,0,32,1,0,4.2,Completed,1,1,0,1,1,2,4,2
16,STU100016,Sai Reddy,Female,32,Bachelor,Student,Chennai,Mobile,High,C102,Data Analysis with Python,Programming,Intermediate,60,4.7,6,34,83.5,1,3.5,5,5,4.7,5,4,2,100.0,80.4,63.3,0,02-08-2025,Debit Card,Yes,No,4834,40,2,1,3.8,Completed,0,0,2,1,0,2,4,1
17,STU100017,Rahul Singh,Female,29,Bachelor,Employed,Lucknow,Mobile,Low,C103,Introduction to AI,Programming,Intermediate,75,4.5,6,44,55.6,2,9.8,1,5,7.9,2,8,8,74.1,69.0,34.9,1,13-12-2023,UPI,Yes,No,5565,59,1,0,5.0,Completed,0,0,0,1,1,2,4,5
18,STU100018,Rohan Shah,Female,27,Bachelor,Student,Mumbai,Laptop,Low,C107,Statistics for Data Science,Math,Intermediate,50,4.2,9,58,89.5,1,0.5,2,3,2.7,4,6,6,60.7,53.4,58.0,5,30-11-2024,UPI,Yes,Yes,3611,77,2,0,4.0,Not Completed,0,0,2,0,1,2,3,5
19,STU100019,Neha Sharma,Female,28,Bachelor,Student,Pune,Mobile,Medium,C108,Excel for Business,Business,Beginner,25,4.1,4,27,48.4,0,7.2,2,4,7.7,2,8,6,59.9,76.4,32.8,8,19-05-2025,Free,No,Yes,0,61,2,1,5.0,Completed,0,0,2,1,2,1,0,2
20,STU100020,Pooja Singh,Female,26,HighSchool,Student,Lucknow,Laptop,High,C104,Digital Marketing Essentials,Marketing,Beginner,30,4.3,7,42,66.1,4,6.3,2,5,7.8,9,1,7,74.4,57.3,80.0,3,05-08-2025,NetBanking,Yes,No,3341,70,4,1,5.0,Completed,0,2,2,0,0,1,2,3
21,STU100021,Kavya Verma,Male,26,Bachelor,Employed,Ahmedabad,Mobile,High,C101,Python Basics,Programming,Beginner,45,4.6,8,34,86.3,2,4.3,5,4,5.6,2,8,6,71.0,51.8,44.8,2,13-05-2025,Debit Card,Yes,No,4422,66,1,0,3.4,Completed,1,0,0,1,0,1,4,1
22,STU100022,Rahul Kumar,Male,24,Diploma,Employed,Indore,Laptop,High,C105,UI/UX Design Fundamentals,Design,Beginner,40,4.4,2,34,47.2,5,0.5,18,6,3.9,6,4,6,63.6,74.2,56.2,0,05-06-2025,UPI,Yes,No,3970,46,4,1,2.8,Not Completed,1,1,0,0,0,1,1,5
23,STU100023,Priya Joshi,Female,17,Bachelor,Unemployed,Pune,Mobile,Medium,C108,Excel for Business,Business,Beginner,25,4.1,5,36,49.1,2,1.1,1,6,6.1,3,7,3,77.5,43.5,37.4,2,06-03-2024,UPI,Yes,Yes,2893,59,5,0,3.9,Completed,0,0,3,1,2,1,0,5
24,STU100024,Ritika Reddy,Female,25,Master,Student,Delhi,Mobile,Low,C106,Machine Learning A-Z,Programming,Advanced,90,4.6,4,32,49.7,1,0.5,0,5,4.6,6,4,8,91.2,66.2,56.7,1,06-02-2024,NetBanking,Yes,No,6696,74,0,2,4.0,Not Completed,0,3,2,1,1,0,4,3
25,STU100025,Arjun Iyer,Female,35,Master,Student,Bengaluru,Mobile,High,C107,Statistics for Data Science,Math,Intermediate,50,4.2,7,35,87.1,2,0.5,2,5,8.7,5,5,1,73.1,51.2,63.1,7,22-12-2024,UPI,Yes,Yes,3937,38,3,1,4.3,Completed,0,3,2,1,0,2,3,5
26,STU100026,Sakshi Sharma,Male,31,Bachelor,Student,Chennai,Laptop,High,C103,Introduction to AI,Programming,Intermediate,75,4.5,4,39,22.2,3,3.7,9,6,4.8,5,5,5,64.3,62.8,40.9,1,07-02-2025,NetBanking,Yes,No,5849,93,2,0,5.0,Not Completed,1,0,2,0,0,2,4,3
27,STU100027,Ritika Kumar,Male,34,Bachelor,Self-Employed,Surat,Mobile,High,C107,Statistics for Data Science,Math,Intermediate,50,4.2,6,33,57.3,1,2.3,3,2,4.2,5,5,5,67.4,72.5,53.7,2,28-10-2023,Debit Card,Yes,No,4207,100,1,1,5.0,Completed,1,0,1,1,0,2,3,1
28,STU100028,Vihaan Iyer,Female,22,Diploma,Self-Employed,Bhopal,Laptop,Medium,C104,Digital Marketing Essentials,Marketing,Beginner,30,4.3,4,26,53.3,1,6.5,3,4,10.0,4,5,5,55.1,57.1,45.5,4,16-07-2024,UPI,Yes,No,3271,89,3,1,5.0,Not Completed,0,1,1,0,2,1,2,5
29,STU100029,Pooja Sharma,Male,17,Diploma,Student,Ahmedabad,Mobile,Low,C103,Introduction to AI,Programming,Intermediate,75,4.5,6,33,23.6,2,0.5,0,4,5.0,3,7,2,66.7,69.0,29.7,3,23-01-2025,Debit Card,Yes,No,5325,67,2,0,5.0,Not Completed,1,1,2,1,1,2,4,1
30,STU100030,Aarav Nair,Female,25,Bachelor,Student,Bhopal,Mobile,High,C106,Machine Learning A-Z,Programming,Advanced,90,4.6,4,34,95.4,1,12.6,0,8,5.0,6,4,2,86.0,67.2,72.7,5,12-03-2025,Debit Card,Yes,Yes,5787,87,2,0,3.9,Completed,0,0,2,1,0,0,4,1
31,STU100031,Sai Gupta,Male,17,Bachelor,Employed,Bhopal,Laptop,Medium,C101,Python Basics,Programming,Beginner,45,4.6,2,43,60.2,1,8.0,8,4,4.6,7,3,4,80.2,72.4,66.7,1,18-07-2025,Credit Card,Yes,No,4345,61,2,0,4.3,Completed,1,0,0,0,2,1,4,0
32,STU100032,Ananya Shah,Female,24,Master,Employed,Lucknow,Laptop,High,C104,Digital Marketing Essentials,Marketing,Beginner,30,4.3,5,39,55.2,4,0.5,4,6,8.1,9,1,5,63.4,61.8,76.4,2,07-05-2024,Free,No,Yes,0,47,3,0,3.9,Not Completed,0,3,0,0,0,1,2,2
33,STU100033,Arjun Joshi,Other,21,Bachelor,Employed,Vadodara,Mobile,Medium,C101,Python Basics,Programming,Beginner,45,4.6,3,13,70.4,1,0.5,7,6,3.8,1,9,5,64.5,48.8,33.1,0,12-04-2025,UPI,Yes,No,4450,25,4,1,4.9,Not Completed,2,0,0,1,2,1,4,5
34,STU100034,Aarav Bhardwaj,Female,18,Bachelor,Student,Hyderabad,Mobile,Low,C104,Digital Marketing Essentials,Marketing,Beginner,30,4.3,5,44,51.8,1,1.0,0,7,7.8,7,3,1,87.3,54.4,62.9,2,08-02-2024,Free,No,No,0,51,1,1,4.3,Not Completed,0,0,2,1,1,1,2,2
35,STU100035,Sneha Bose,Male,27,Bachelor,Unemployed,Nagpur,Mobile,Medium,C107,Statistics for Data Science,Math,Intermediate,50,4.2,5,24,64.4,1,1.8,0,5,7.3,3,7,3,82.9,76.2,44.4,3,18-06-2024,UPI,Yes,No,4775,87,1,1,3.7,Completed,1,0,3,1,2,2,3,5
36,STU100036,Vivaan Singh,Female,17,Master,Employed,Bhopal,Laptop,Medium,C104,Digital Marketing Essentials,Marketing,Beginner,30,4.3,5,34,57.2,5,18.8,4,8,8.3,4,6,4,81.6,54.4,46.7,2,05-01-2024,Free,No,No,0,77,5,0,4.1,Completed,0,3,0,0,2,1,2,2
37,STU100037,Aditya Nair,Male,33,Bachelor,Employed,Kolkata,Mobile,High,C107,Statistics for Data Science,Math,Intermediate,50,4.2,8,53,69.8,2,0.5,9,3,10.0,5,5,6,77.7,94.4,59.2,1,14-04-2025,Free,No,No,0,51,5,0,4.9,Not Completed,1,0,0,1,0,2,3,2
38,STU100038,Arjun Verma,Female,29,Bachelor,Unemployed,Lucknow,Laptop,Medium,C104,Digital Marketing Essentials,Marketing,Beginner,30,4.3,4,49,63.1,1,2.9,7,7,8.8,7,3,3,73.7,46.7,66.4,3,01-05-2025,UPI,Yes,No,3746,67,4,0,4.5,Completed,0,0,3,0,2,1,2,5
39,STU100039,Sai Kumar,Female,20,HighSchool,Unemployed,Surat,Laptop,High,C107,Statistics for Data Science,Math,Intermediate,50,4.2,6,50,64.2,3,9.8,4,7,5.4,6,4,2,78.4,67.8,61.8,2,23-12-2024,UPI,Yes,No,4054,29,0,0,5.0,Completed,0,2,3,0,0,2,3,5
40,STU100040,Krishna Bose,Female,28,Bachelor,Student,Surat,Laptop,Low,C106,Machine Learning A-Z,Programming,Advanced,90,4.6,8,25,24.2,5,2.4,8,2,9.4,3,7,2,82.1,89.2,30.9,0,22-09-2025,UPI,Yes,No,7074,57,3,0,4.7,Not Completed,0,0,2,0,1,0,4,5
41,STU100041,Krishna Nair,Female,22,Master,Student,Ahmedabad,Mobile,Low,C103,Introduction to AI,Programming,Intermediate,75,4.5,2,17,65.6,3,1.0,10,7,6.9,7,3,5,76.4,51.9,67.6,1,03-09-2025,Free,No,No,0,60,1,1,3.7,Completed,0,3,2,1,1,2,4,2
42,STU100042,Sneha Reddy,Male,31,Bachelor,Student,Bhopal,Tablet,Medium,C104,Digital Marketing Essentials,Marketing,Beginner,30,4.3,5,40,72.2,2,2.8,7,10,7.0,6,4,7,87.6,65.5,64.6,1,17-02-2024,UPI,Yes,No,3540,62,2,0,4.3,Completed,1,0,2,2,2,1,2,5
43,STU100043,Rohan Singh,Other,27,Bachelor,Employed,Delhi,Mobile,Medium,C103,Introduction to AI,Programming,Intermediate,75,4.5,2,62,37.0,2,10.9,8,8,3.6,6,4,7,65.3,76.6,52.8,2,10-06-2025,Free,No,No,0,100,2,1,5.0,Not Completed,2,0,0,1,2,2,4,2
44,STU100044,Rahul Singh,Male,37,Bachelor,Employed,Jaipur,Mobile,Medium,C102,Data Analysis with Python,Programming,Intermediate,60,4.7,4,27,61.6,1,4.4,12,6,2.8,2,8,3,51.6,66.7,36.9,1,28-12-2023,Debit Card,Yes,No,5207,79,0,0,2.9,Completed,1,0,0,1,2,2,4,1
45,STU100045,Vivaan Singh,Male,30,Bachelor,Employed,Delhi,Mobile,Medium,C108,Excel for Business,Business,Beginner,25,4.1,6,33,48.1,3,9.5,13,5,4.8,5,5,2,66.5,57.0,49.7,2,19-09-2024,Free,No,Yes,0,67,2,0,3.1,Not Completed,1,0,0,1,2,1,0,2
46,STU100046,Aditya Gupta,Male,27,Bachelor,Unemployed,Pune,Mobile,High,C102,Data Analysis with Python,Programming,Intermediate,60,4.7,4,51,29.3,4,9.6,8,5,3.6,6,4,2,72.6,75.0,50.0,2,25-02-2025,Free,No,No,0,76,3,2,3.3,Not Completed,1,0,3,1,0,2,4,2
47,STU100047,Krishna Gupta,Male,24,Bachelor,Student,Bengaluru,Mobile,Medium,C106,Machine Learning A-Z,Programming,Advanced,90,4.6,4,21,54.7,3,0.5,3,9,8.0,7,3,1,83.9,73.4,64.8,2,23-05-2025,UPI,Yes,No,7116,100,1,3,3.0,Completed,1,0,2,1,2,0,4,5
48,STU100048,Nikhil Reddy,Male,25,Bachelor,Employed,Pune,Mobile,High,C107,Statistics for Data Science,Math,Intermediate,50,4.2,6,16,40.7,1,0.5,13,4,5.1,4,6,1,71.7,48.6,40.7,0,06-12-2024,Scholarship,No,No,714,100,2,0,3.8,Not Completed,1,0,0,1,0,2,3,4
49,STU100049,Krishna Sharma,Male,17,HighSchool,Employed,Delhi,Tablet,High,C105,UI/UX Design Fundamentals,Design,Beginner,40,4.4,5,17,80.4,6,2.2,31,5,4.3,5,5,1,77.4,48.0,60.5,3,13-10-2024,Credit Card,Yes,Yes,3387,79,1,0,4.7,Not Completed,1,2,0,2,0,1,1,0
50,STU100050,Isha Mehta,Male,22,Bachelor,Employed,Kolkata,Laptop,High,C107,Statistics for Data Science,Math,Intermediate,50,4.2,5,17,85.6,1,0.5,1,1,7.2,6,3,6,75.5,70.0,69.4,3,11-12-2023,Debit Card,Yes,Yes,3696,90,2,0,4.3,Completed,1,0,0,0,0,2,3,1
51,STU100051,Vihaan Patel,Female,23,Bachelor,Employed,Chennai,Laptop,Medium,C106,Machine Learning A-Z,Programming,Advanced,90,4.6,6,39,47.8,2,0.5,2,1,8.0,4,6,5,62.6,83.2,44.9,6,05-02-2024,Debit Card,Yes,No,6067,65,3,0,3.0,Not Completed,0,0,0,0,2,0,4,1
52,STU100052,Rohan Singh,Female,26,Bachelor,Student,Pune,Laptop,High,C104,Digital Marketing Essentials,Marketing,Beginner,30,4.3,8,27,61.9,3,7.5,1,3,3.0,5,5,2,66.4,93.0,56.3,2,08-03-2024,Debit Card,Yes,No,3242,67,2,0,4.4,Not Completed,0,0,2,0,0,1,2,1
53,STU100053,Isha Verma,Male,32,Master,Unemployed,Ahmedabad,Mobile,High,C104,Digital Marketing Essentials,Marketing,Beginner,30,4.3,4,31,85.5,1,7.6,8,5,7.7,5,5,4,89.7,71.0,63.5,2,02-01-2024,UPI,Yes,No,3229,42,4,0,3.8,Completed,1,3,3,1,0,1,2,5
54,STU100054,Kavya Desai,Male,31,Master,Employed,Nagpur,Mobile,Low,C107,Statistics for Data Science,Math,Intermediate,50,4.2,3,46,57.2,1,7.4,7,3,5.2,4,6,2,69.6,38.3,45.9,2,25-01-2024,Free,No,Yes,0,74,2,0,3.3,Not Completed,1,3,0,1,1,2,3,2
55,STU100055,Vivaan Iyer,Female,17,Bachelor,Employed,Surat,Mobile,Medium,C107,Statistics for Data Science,Math,Intermediate,50,4.2,5,35,71.9,0,0.5,5,9,7.0,5,5,2,55.7,67.8,58.6,2,20-01-2024,Free,No,No,0,82,3,1,5.0,Not Completed,0,0,0,1,2,2,3,2
56,STU100056,Rohan Verma,Male,22,Bachelor,Student,Chennai,Mobile,Medium,C104,Digital Marketing Essentials,Marketing,Beginner,30,4.3,3,32,88.3,1,0.5,6,6,10.0,6,4,7,92.9,69.5,70.4,2,22-05-2024,Free,No,No,0,54,5,1,3.5,Completed,1,0,2,1,2,1,2,2
57,STU100057,Priya Bose,Male,26,Diploma,Student,Mumbai,Mobile,Medium,C101,Python Basics,Programming,Beginner,45,4.6,6,41,77.7,5,1.3,6,7,5.3,7,3,5,84.8,72.2,72.8,2,19-10-2023,Debit Card,Yes,No,4410,73,1,1,4.7,Not Completed,1,1,2,1,2,1,4,1
58,STU100058,Priya Kumar,Female,32,Bachelor,Student,Bhopal,Laptop,High,C107,Statistics for Data Science,Math,Intermediate,50,4.2,3,45,62.0,1,7.0,5,5,4.1,4,6,1,63.9,93.6,50.4,2,24-01-2025,UPI,Yes,No,4485,62,0,2,5.0,Not Completed,0,0,2,0,0,2,3,5
59,STU100059,Ananya Mehta,Female,19,Bachelor,Employed,Indore,Laptop,Medium,C108,Excel for Business,Business,Beginner,25,4.1,8,36,76.0,1,0.5,2,5,6.7,4,6,6,67.2,50.3,53.1,2,08-05-2025,Debit Card,Yes,No,3355,50,3,0,3.4,Completed,0,0,0,0,2,1,0,1
60,STU100060,Meera Verma,Male,24,Bachelor,Student,Pune,Laptop,Medium,C102,Data Analysis with Python,Programming,Intermediate,60,4.7,9,29,56.0,2,7.4,2,2,7.4,6,4,1,94.4,81.5,59.7,1,15-12-2023,Free,No,No,0,98,7,1,4.7,Not Completed,1,0,2,0,2,2,4,2
61,STU100061,Nikhil Nair,Female,28,Bachelor,Self-Employed,Surat,Tablet,Medium,C101,Python Basics,Programming,Beginner,45,4.6,4,48,38.3,3,2.4,2,3,4.8,4,6,1,87.4,68.4,40.8,5,02-09-2024,Credit Card,Yes,Yes,3664,90,2,1,3.3,Not Completed,0,0,1,2,2,1,4,0
62,STU100062,Vivaan Patel,Female,27,Bachelor,Employed,Jaipur,Laptop,Medium,C104,Digital Marketing Essentials,Marketing,Beginner,30,4.3,6,38,57.1,1,3.2,20,5,5.3,5,5,2,67.3,69.9,53.5,2,12-04-2025,UPI,Yes,No,3240,80,2,0,4.8,Completed,0,0,0,0,2,1,2,5
63,STU100063,Sai Patel,Male,25,Bachelor,Employed,Surat,Laptop,Low,C101,Python Basics,Programming,Beginner,45,4.6,3,16,71.2,1,0.5,4,8,3.4,4,6,5,61.6,54.7,51.6,1,24-04-2024,UPI,Yes,No,3974,25,2,1,2.4,Not Completed,1,0,0,0,1,1,4,5
64,STU100064,Aditya Bhardwaj,Male,18,Bachelor,Student,Delhi,Mobile,High,C106,Machine Learning A-Z,Programming,Advanced,90,4.6,6,48,56.7,3,0.6,1,3,7.1,5,5,3,80.0,82.9,54.0,0,13-06-2024,UPI,Yes,No,6159,69,4,1,3.8,Not Completed,1,0,2,1,0,0,4,5
65,STU100065,Priya Sharma,Male,26,Bachelor,Unemployed,Bhopal,Mobile,Medium,C104,Digital Marketing Essentials,Marketing,Beginner,30,4.3,2,8,94.2,1,0.5,7,2,4.6,5,5,4,80.2,50.5,65.5,0,31-05-2025,Free,No,No,0,60,1,1,4.0,Not Completed,1,0,3,1,2,1,2,2
66,STU100066,Sakshi Patel,Male,35,Bachelor,Employed,Jaipur,Laptop,High,C101,Python Basics,Programming,Beginner,45,4.6,6,46,84.8,3,3.5,1,3,7.3,7,2,5,62.7,78.5,75.6,3,20-08-2025,UPI,Yes,No,4388,100,5,1,3.9,Completed,1,0,0,0,0,1,4,5
67,STU100067,Nikhil Bhardwaj,Male,27,Bachelor,Employed,Surat,Mobile,Medium,C102,Data Analysis with Python,Programming,Intermediate,60,4.7,4,46,55.0,5,9.3,0,5,7.1,4,6,3,70.2,47.2,45.6,6,10-07-2024,UPI,Yes,Yes,4413,83,3,1,4.7,Completed,1,0,0,1,2,2,4,5
68,STU100068,Krishna Iyer,Male,32,Bachelor,Student,Indore,Mobile,Medium,C102,Data Analysis with Python,Programming,Intermediate,60,4.7,5,38,75.4,3,0.5,0,6,4.9,5,4,2,45.8,84.2,60.6,4,14-07-2024,UPI,Yes,No,4913,91,0,0,5.0,Not Completed,1,0,2,1,2,2,4,5
69,STU100069,Priya Verma,Male,23,Bachelor,Student,Lucknow,Laptop,Medium,C105,UI/UX Design Fundamentals,Design,Beginner,40,4.4,9,19,86.3,3,3.6,10,7,9.0,5,5,1,73.9,76.4,64.0,5,27-01-2025,Free,No,No,0,100,2,0,5.0,Completed,1,0,2,0,2,1,1,2
70,STU100070,Pooja Bose,Female,29,Bachelor,Student,Vadodara,Mobile,Medium,C108,Excel for Business,Business,Beginner,25,4.1,3,38,53.3,0,0.5,11,3,5.6,5,5,2,67.8,86.0,53.0,0,26-10-2023,Debit Card,Yes,No,3557,35,3,1,4.6,Not Completed,0,0,2,1,2,1,0,1
71,STU100071,Kavya Bhardwaj,Male,24,Bachelor,Employed,Jaipur,Laptop,Low,C108,Excel for Business,Business,Beginner,25,4.1,3,22,5.6,1,7.7,11,1,6.0,3,7,2,63.0,52.9,22.6,1,31-12-2023,NetBanking,Yes,No,3500,56,0,1,4.4,Not Completed,1,0,0,0,1,1,0,3
72,STU100072,Rahul Singh,Female,29,Bachelor,Student,Surat,Laptop,Medium,C102,Data Analysis with Python,Programming,Intermediate,60,4.7,3,40,51.2,1,0.5,4,7,9.5,5,5,1,58.2,54.5,50.6,3,08-10-2024,UPI,Yes,No,5173,57,4,1,4.8,Not Completed,0,0,2,0,2,2,4,5
73,STU100073,Aditya Bose,Male,30,Bachelor,Employed,Pune,Mobile,Low,C103,Introduction to AI,Programming,Intermediate,75,4.5,2,22,28.6,2,0.5,0,4,5.4,5,4,2,70.7,100.0,45.0,0,26-03-2024,UPI,Yes,No,5567,63,1,0,4.7,Not Completed,1,0,0,1,1,2,4,5
74,STU100074,Kavya Shah,Female,27,Bachelor,Employed,Surat,Laptop,Medium,C106,Machine Learning A-Z,Programming,Advanced,90,4.6,4,24,33.2,1,2.8,0,4,7.8,4,6,1,89.3,72.3,39.2,3,04-07-2025,Debit Card,Yes,No,6639,42,1,0,3.8,Not Completed,0,0,0,0,2,0,4,1
75,STU100075,Ritika Patel,Other,17,Bachelor,Employed,Lucknow,Mobile,Medium,C107,Statistics for Data Science,Math,Intermediate,50,4.2,4,28,49.0,6,12.3,10,4,4.8,5,5,1,80.6,59.6,50.1,4,18-08-2024,Debit Card,Yes,No,4277,90,6,0,3.1,Completed,2,0,0,1,2,2,3,1
76,STU100076,Vihaan Bose,Female,36,HighSchool,Student,Bengaluru,Mobile,High,C102,Data Analysis with Python,Programming,Intermediate,60,4.7,5,44,81.3,0,4.1,1,5,1.7,6,4,4,74.7,66.8,67.8,1,03-02-2024,NetBanking,Yes,No,4901,49,1,1,3.8,Completed,0,2,2,1,0,2,4,3
77,STU100077,Rahul Verma,Female,21,Bachelor,Student,Ahmedabad,Laptop,Medium,C102,Data Analysis with Python,Programming,Intermediate,60,4.7,5,27,83.1,4,13.6,9,7,5.7,8,2,7,68.5,83.2,81.2,1,19-05-2024,NetBanking,Yes,No,4554,87,2,0,4.4,Completed,0,0,2,0,2,2,4,3
78,STU100078,Pooja Singh,Male,28,Master,Employed,Lucknow,Laptop,Medium,C105,UI/UX Design Fundamentals,Design,Beginner,40,4.4,6,49,49.9,3,1.9,3,3,7.0,8,2,4,66.5,70.4,69.0,0,13-07-2024,Debit Card,Yes,No,4302,81,0,0,4.3,Completed,1,3,0,0,2,1,1,1
79,STU100079,Ritika Reddy,Female,29,Master,Student,Ahmedabad,Mobile,Medium,C108,Excel for Business,Business,Beginner,25,4.1,5,31,96.4,3,0.8,3,3,5.6,5,5,2,73.6,54.6,66.5,3,08-12-2023,UPI,Yes,No,3152,75,2,2,3.7,Not Completed,0,3,2,1,2,1,0,5
80,STU100080,Aditya Iyer,Male,32,Bachelor,Employed,Chennai,Laptop,High,C107,Statistics for Data Science,Math,Intermediate,50,4.2,4,30,98.1,2,8.8,3,5,4.0,5,5,2,87.8,59.0,67.3,3,01-12-2023,Free,No,No,0,63,1,0,5.0,Completed,1,0,0,0,0,2,3,2
81,STU100081,Aarav Joshi,Male,41,Bachelor,Student,Vadodara,Laptop,Low,C101,Python Basics,Programming,Beginner,45,4.6,4,36,44.0,2,3.5,12,7,8.6,4,6,5,56.4,70.7,42.9,3,11-07-2024,NetBanking,Yes,No,4503,100,5,1,3.0,Completed,1,0,2,0,1,1,4,3
82,STU100082,Sai Nair,Male,24,Diploma,Employed,Kolkata,Mobile,High,C104,Digital Marketing Essentials,Marketing,Beginner,30,4.3,5,27,64.0,5,8.2,4,6,8.3,5,5,7,73.5,76.8,56.2,1,27-12-2024,Debit Card,Yes,Yes,2825,89,5,2,3.8,Not Completed,1,1,0,1,0,1,2,1
83,STU100083,Rahul Patel,Female,17,Diploma,Student,Delhi,Laptop,High,C101,Python Basics,Programming,Beginner,45,4.6,8,26,66.4,2,2.4,10,7,10.0,6,4,6,84.7,84.5,63.5,1,23-09-2025,Free,No,Yes,0,75,2,1,4.6,Completed,0,1,2,0,0,1,4,2
84,STU100084,Arjun Gupta,Male,34,Bachelor,Self-Employed,Mumbai,Mobile,Medium,C107,Statistics for Data Science,Math,Intermediate,50,4.2,6,14,77.6,2,3.9,3,7,8.7,3,7,1,58.5,64.3,48.4,0,04-06-2025,Scholarship,No,No,1728,73,2,1,4.0,Not Completed,1,0,1,1,2,2,3,4
85,STU100085,Rahul Verma,Male,17,HighSchool,Self-Employed,Chennai,Mobile,Low,C101,Python Basics,Programming,Beginner,45,4.6,6,31,39.1,6,0.5,0,5,9.2,6,4,1,78.5,50.8,52.2,2,27-08-2024,Free,No,No,0,28,2,0,4.2,Completed,1,2,1,1,1,1,4,2
86,STU100086,Sneha Bose,Female,18,Diploma,Employed,Bhopal,Mobile,Low,C107,Statistics for Data Science,Math,Intermediate,50,4.2,3,45,54.6,6,0.5,3,4,4.0,4,6,4,67.6,54.1,45.8,1,26-11-2023,UPI,Yes,No,4908,59,1,1,4.0,Not Completed,0,1,0,1,1,2,3,5
87,STU100087,Sneha Singh,Male,27,Master,Student,Lucknow,Laptop,Medium,C102,Data Analysis with Python,Programming,Intermediate,60,4.7,4,44,93.6,3,0.5,1,8,5.7,8,2,2,68.0,93.5,85.4,1,30-01-2024,UPI,Yes,No,4580,65,2,0,3.8,Not Completed,1,3,2,0,2,2,4,5
88,STU100088,Sneha Desai,Male,21,Master,Student,Surat,Laptop,Medium,C108,Excel for Business,Business,Beginner,25,4.1,4,46,52.9,5,1.9,1,10,3.3,4,6,9,74.9,62.9,45.7,4,06-12-2024,UPI,Yes,No,3279,57,4,1,3.5,Not Completed,1,3,2,0,2,1,0,5
89,STU100089,Sakshi Nair,Female,25,Bachelor,Student,Bengaluru,Mobile,Medium,C108,Excel for Business,Business,Beginner,25,4.1,5,42,65.6,2,8.5,5,8,5.7,6,4,4,77.2,69.8,62.4,7,15-06-2024,UPI,Yes,Yes,2887,64,3,0,3.8,Not Completed,0,0,2,1,2,1,0,5
90,STU100090,Sai Desai,Female,26,Master,Employed,Vadodara,Mobile,High,C102,Data Analysis with Python,Programming,Intermediate,60,4.7,5,53,81.3,3,0.5,15,5,8.3,6,3,0,97.6,78.3,68.4,1,12-12-2024,Scholarship,No,No,1631,69,1,0,3.1,Completed,0,3,0,1,0,2,4,4
91,STU100091,Aarav Verma,Female,29,Master,Student,Indore,Mobile,Low,C108,Excel for Business,Business,Beginner,25,4.1,5,27,95.2,1,0.5,12,10,5.6,4,5,1,74.1,78.2,61.2,2,11-12-2024,Free,No,No,0,48,0,1,4.2,Not Completed,0,3,2,1,1,1,0,2
92,STU100092,Rohan Kumar,Female,27,Bachelor,Student,Bengaluru,Mobile,High,C107,Statistics for Data Science,Math,Intermediate,50,4.2,5,35,66.7,2,2.1,1,4,10.0,2,8,3,74.0,74.1,39.1,0,04-02-2024,Credit Card,Yes,No,4846,73,3,3,3.7,Completed,0,0,2,1,0,2,3,0
93,STU100093,Priya Shah,Male,24,Bachelor,Employed,Mumbai,Laptop,Medium,C107,Statistics for Data Science,Math,Intermediate,50,4.2,3,43,73.8,5,0.5,7,5,4.3,6,4,3,86.7,73.3,65.5,2,31-05-2024,Credit Card,Yes,No,4419,65,2,0,4.3,Completed,1,0,0,0,2,2,3,0
94,STU100094,Krishna Shah,Female,28,Bachelor,Employed,Bhopal,Laptop,High,C104,Digital Marketing Essentials,Marketing,Beginner,30,4.3,4,5,38.7,2,1.4,0,6,8.2,2,8,3,72.5,59.3,28.5,2,24-08-2024,UPI,Yes,No,3472,45,1,0,4.8,Not Completed,0,0,0,0,0,1,2,5
95,STU100095,Rohan Singh,Female,28,Bachelor,Student,Mumbai,Laptop,Low,C105,UI/UX Design Fundamentals,Design,Beginner,40,4.4,5,37,68.0,1,0.5,2,3,4.4,3,7,3,71.5,74.9,45.5,2,28-11-2024,Free,No,No,0,69,0,0,4.6,Not Completed,0,0,2,0,1,1,1,2
96,STU100096,Pooja Kumar,Other,23,Bachelor,Employed,Nagpur,Mobile,Medium,C101,Python Basics,Programming,Beginner,45,4.6,6,45,85.0,3,6.3,2,4,8.9,1,9,5,84.8,70.1,39.3,3,28-07-2024,Debit Card,Yes,No,4562,83,3,1,3.9,Completed,2,0,0,1,2,1,4,1
97,STU100097,Sneha Iyer,Male,22,Bachelor,Student,Surat,Mobile,Medium,C103,Introduction to AI,Programming,Intermediate,75,4.5,6,38,50.4,0,11.3,1,4,7.6,3,6,1,88.4,46.1,37.9,1,18-04-2025,UPI,Yes,No,5420,100,1,0,3.6,Completed,1,0,2,1,2,2,4,5
98,STU100098,Pooja Patel,Male,30,Bachelor,Employed,Delhi,Laptop,High,C108,Excel for Business,Business,Beginner,25,4.1,3,43,51.5,2,10.6,9,7,5.3,4,6,6,70.6,42.5,44.1,1,10-07-2024,Debit Card,Yes,No,3092,45,3,3,4.0,Not Completed,1,0,0,0,0,1,0,1
99,STU100099,Sai Bhardwaj,Female,28,Bachelor,Employed,Ahmedabad,Mobile,Medium,C101,Python Basics,Programming,Beginner,45,4.6,4,25,64.7,2,0.5,8,4,6.0,2,8,2,73.4,75.4,38.4,2,18-06-2025,Free,No,No,0,39,2,1,5.0,Not Completed,0,0,0,1,2,1,4,2
100,STU100100,Isha Joshi,Female,31,PhD,Student,Indore,Laptop,Medium,C107,Statistics for Data Science,Math,Intermediate,50,4.2,6,36,81.6,0,0.5,22,3,1.2,8,2,5,62.5,61.0,79.6,1,05-01-2025,Debit Card,Yes,No,4851,32,0,2,2.4,Not Completed,0,4,2,0,2,2,3,1
101,STU100101,Sakshi Gupta,Male,24,Bachelor,Student,Delhi,Mobile,High,C103,Introduction to AI,Programming,Intermediate,75,4.5,2,43,44.4,1,0.5,1,4,7.3,8,2,5,85.6,92.6,68.2,3,29-05-2025,Credit Card,Yes,Yes,4525,88,3,1,4.6,Not Completed,1,0,2,1,0,2,4,0
102,STU100102,Krishna Kumar,Female,29,HighSchool,Employed,Mumbai,Laptop,Medium,C106,Machine Learning A-Z,Programming,Advanced,90,4.6,2,40,32.4,1,3.4,5,4,4.6,5,5,3,55.9,42.1,43.4,1,18-10-2023,Scholarship,No,No,2945,70,1,3,3.4,Not Completed,0,2,0,0,2,0,4,4
103,STU100103,Ritika Bose,Male,22,Diploma,Student,Vadodara,Mobile,High,C104,Digital Marketing Essentials,Marketing,Beginner,30,4.3,2,37,91.4,2,1.0,18,9,4.8,6,4,5,82.2,52.8,70.6,3,02-09-2025,Free,No,No,0,63,3,1,3.9,Completed,1,1,2,1,0,1,2,2
104,STU100104,Krishna Joshi,Female,17,Bachelor,Employed,Chennai,Mobile,Medium,C101,Python Basics,Programming,Beginner,45,4.6,4,37,64.2,1,0.5,0,3,4.4,4,5,5,73.7,51.5,49.1,5,27-08-2025,UPI,Yes,No,4366,63,4,3,3.6,Completed,0,0,0,1,2,1,4,5
105,STU100105,Pooja Bhardwaj,Male,33,HighSchool,Student,Hyderabad,Laptop,Medium,C106,Machine Learning A-Z,Programming,Advanced,90,4.6,4,29,46.9,0,2.2,3,2,6.2,5,5,5,91.2,79.5,50.4,4,21-02-2024,Debit Card,Yes,No,6664,31,6,0,2.1,Not Completed,1,2,2,0,2,0,4,1
106,STU100106,Ananya Gupta,Male,24,Master,Employed,Ahmedabad,Laptop,Medium,C106,Machine Learning A-Z,Programming,Advanced,90,4.6,4,24,40.6,4,4.9,0,7,2.9,7,3,4,59.7,77.1,60.1,1,15-09-2024,Credit Card,Yes,No,5875,42,0,2,3.2,Not Completed,1,3,0,0,2,0,4,0
107,STU100107,Priya Nair,Male,22,Bachelor,Student,Ahmedabad,Mobile,High,C104,Digital Marketing Essentials,Marketing,Beginner,30,4.3,8,46,43.9,2,6.8,4,3,3.9,3,7,4,48.2,99.2,38.3,1,30-04-2024,NetBanking,Yes,No,3685,44,2,1,4.1,Completed,1,0,2,1,0,1,2,3
108,STU100108,Isha Iyer,Female,29,Bachelor,Employed,Chennai,Laptop,High,C106,Machine Learning A-Z,Programming,Advanced,90,4.6,3,27,66.4,0,0.5,17,2,4.3,4,6,3,69.6,62.3,50.4,0,12-04-2024,Free,No,No,0,57,0,2,3.0,Not Completed,0,0,0,0,0,0,4,2
109,STU100109,Sakshi Bhardwaj,Female,26,Master,Employed,Ahmedabad,Mobile,High,C103,Introduction to AI,Programming,Intermediate,75,4.5,4,18,86.9,1,0.5,25,2,4.4,2,8,2,52.5,25.8,43.7,2,17-10-2023,UPI,Yes,No,6048,74,0,2,3.1,Not Completed,0,3,0,1,0,2,4,5
110,STU100110,Ananya Kumar,Male,27,Master,Student,Pune,Laptop,Medium,C103,Introduction to AI,Programming,Intermediate,75,4.5,4,44,49.4,4,8.0,37,3,8.7,1,8,4,61.3,44.6,25.5,2,01-06-2025,UPI,Yes,Yes,4800,71,3,2,4.6,Not Completed,1,3,2,0,2,2,4,5
111,STU100111,Sakshi Iyer,Female,41,Bachelor,Employed,Hyderabad,Mobile,Low,C104,Digital Marketing Essentials,Marketing,Beginner,30,4.3,4,43,64.2,3,0.5,10,4,6.5,4,6,1,79.2,76.4,50.3,1,11-01-2025,UPI,Yes,No,3599,51,2,0,4.5,Not Completed,0,0,0,1,1,1,2,5
112,STU100112,Krishna Gupta,Female,35,HighSchool,Unemployed,Kolkata,Mobile,Medium,C107,Statistics for Data Science,Math,Intermediate,50,4.2,4,32,85.1,2,5.4,1,3,8.0,8,2,4,84.6,61.2,80.8,5,07-04-2024,Debit Card,Yes,No,4731,45,2,1,4.4,Completed,0,2,3,1,2,2,3,1
113,STU100113,Aditya Kumar,Female,17,Master,Student,Surat,Mobile,High,C106,Machine Learning A-Z,Programming,Advanced,90,4.6,4,47,24.5,3,8.3,1,10,5.7,5,4,4,63.7,86.8,42.9,4,12-07-2025,Credit Card,Yes,No,6327,97,3,0,4.3,Not Completed,0,3,2,1,0,0,4,0
114,STU100114,Pooja Sharma,Female,27,HighSchool,Employed,Nagpur,Mobile,Medium,C108,Excel for Business,Business,Beginner,25,4.1,4,29,38.0,1,1.1,2,5,3.2,3,6,2,63.0,65.0,34.5,4,13-06-2024,Scholarship,No,No,257,34,2,0,3.9,Not Completed,0,2,0,1,2,1,0,4
115,STU100115,Ananya Singh,Female,18,Bachelor,Unemployed,Vadodara,Laptop,Medium,C102,Data Analysis with Python,Programming,Intermediate,60,4.7,3,45,89.5,3,9.8,6,8,5.6,3,7,5,87.3,65.2,52.6,2,11-11-2023,Credit Card,Yes,No,5261,76,1,0,4.3,Not Completed,0,0,3,0,2,2,4,0
116,STU100116,Vivaan Singh,Female,24,Bachelor,Employed,Kolkata,Laptop,High,C105,UI/UX Design Fundamentals,Design,Beginner,40,4.4,5,44,83.1,1,8.4,19,6,10.0,7,3,2,57.6,55.5,73.9,4,30-12-2023,Debit Card,Yes,Yes,3695,82,6,1,5.0,Completed,0,0,0,0,0,1,1,1
117,STU100117,Kavya Mehta,Male,41,Diploma,Employed,Bhopal,Tablet,Medium,C105,UI/UX Design Fundamentals,Design,Beginner,40,4.4,6,32,66.4,1,1.8,0,10,6.9,4,6,3,72.3,82.2,51.3,2,03-05-2024,Free,No,No,0,76,2,0,5.0,Not Completed,1,1,0,2,2,1,1,2
118,STU100118,Priya Reddy,Male,18,Bachelor,Student,Chennai,Laptop,High,C102,Data Analysis with Python,Programming,Intermediate,60,4.7,3,17,47.2,2,4.8,2,4,8.4,4,6,4,93.5,39.9,42.5,0,18-08-2025,UPI,Yes,No,4577,79,2,3,4.4,Not Completed,1,0,2,0,0,2,4,5
119,STU100119,Aarav Bose,Male,36,Diploma,Employed,Vadodara,Mobile,Medium,C107,Statistics for Data Science,Math,Intermediate,50,4.2,4,32,71.8,4,2.7,15,4,4.4,7,3,4,71.0,32.7,68.8,3,03-02-2024,NetBanking,Yes,No,4679,49,4,1,4.1,Not Completed,1,1,0,1,2,2,3,3
120,STU100120,Isha Singh,Female,24,Master,Student,Bengaluru,Mobile,High,C107,Statistics for Data Science,Math,Intermediate,50,4.2,5,43,71.9,1,6.6,3,7,3.2,6,4,2,80.7,85.9,65.5,3,28-09-2025,UPI,Yes,No,4328,41,1,1,3.3,Completed,0,3,2,1,0,2,3,5
121,STU100121,Ritika Reddy,Female,29,Bachelor,Student,Mumbai,Laptop,Medium,C104,Digital Marketing Essentials,Marketing,Beginner,30,4.3,6,44,58.6,1,8.7,10,4,8.3,5,5,4,79.9,97.7,55.4,3,18-02-2024,Debit Card,Yes,No,3152,96,3,1,4.6,Completed,0,0,2,0,2,1,2,1
122,STU100122,Kavya Verma,Male,17,HighSchool,Student,Vadodara,Laptop,Medium,C104,Digital Marketing Essentials,Marketing,Beginner,30,4.3,3,28,44.2,1,0.5,11,4,5.0,5,5,8,67.3,37.2,47.3,2,12-04-2025,UPI,Yes,No,3189,62,4,0,3.9,Completed,1,2,2,0,2,1,2,5
123,STU100123,Rahul Bhardwaj,Male,21,Master,Employed,Hyderabad,Mobile,Medium,C108,Excel for Business,Business,Beginner,25,4.1,7,52,86.8,0,10.3,13,3,6.3,8,1,1,67.9,47.6,80.8,2,12-01-2025,UPI,Yes,No,3515,89,3,2,3.0,Completed,1,3,0,1,2,1,0,5
124,STU100124,Sakshi Shah,Male,27,Bachelor,Self-Employed,Indore,Mobile,Low,C108,Excel for Business,Business,Beginner,25,4.1,4,41,29.9,1,0.5,1,8,3.3,3,7,1,67.4,56.0,31.3,1,26-12-2024,UPI,Yes,No,3478,12,1,0,3.6,Not Completed,1,0,1,1,1,1,0,5
125,STU100125,Rahul Reddy,Female,22,Bachelor,Student,Bhopal,Laptop,Low,C101,Python Basics,Programming,Beginner,45,4.6,3,20,92.0,1,0.5,16,8,5.9,5,5,3,71.1,92.7,66.8,1,14-02-2025,Free,No,No,0,100,5,0,4.6,Completed,0,0,2,0,1,1,4,2
126,STU100126,Kavya Kumar,Male,18,Bachelor,Student,Vadodara,Mobile,Medium,C102,Data Analysis with Python,Programming,Intermediate,60,4.7,5,35,90.2,4,0.5,0,7,5.5,4,6,3,72.1,66.1,58.9,3,30-07-2025,Debit Card,Yes,No,4741,69,7,1,3.9,Completed,1,0,2,1,2,2,4,1
127,STU100127,Neha Desai,Female,20,Bachelor,Student,Vadodara,Laptop,Medium,C104,Digital Marketing Essentials,Marketing,Beginner,30,4.3,7,17,57.7,5,0.5,9,9,7.2,6,4,4,66.5,77.9,60.1,6,19-07-2025,Debit Card,Yes,No,3162,98,1,0,5.0,Completed,0,0,2,0,2,1,2,1
128,STU100128,Rohan Kumar,Male,29,Bachelor,Employed,Kolkata,Mobile,Medium,C101,Python Basics,Programming,Beginner,45,4.6,2,36,71.3,2,5.7,13,4,5.8,4,6,2,55.6,44.1,51.2,2,04-08-2024,NetBanking,Yes,Yes,3602,76,2,1,4.3,Not Completed,1,0,0,1,2,1,4,3
129,STU100129,Rohan Kumar,Female,31,Master,Student,Hyderabad,Mobile,Medium,C102,Data Analysis with Python,Programming,Intermediate,60,4.7,7,36,94.2,3,3.5,1,5,8.6,5,4,3,90.1,61.7,66.1,4,22-04-2025,Debit Card,Yes,No,5059,94,2,0,1.4,Completed,0,3,2,1,2,2,4,1
130,STU100130,Aditya Verma,Female,29,Diploma,Unemployed,Bengaluru,Mobile,Medium,C102,Data Analysis with Python,Programming,Intermediate,60,4.7,4,16,36.2,4,0.5,18,5,4.2,4,6,3,71.4,74.7,40.4,3,26-09-2025,Debit Card,Yes,No,4547,81,0,3,4.3,Not Completed,0,1,3,1,2,2,4,1
131,STU100131,Arjun Nair,Male,29,HighSchool,Employed,Pune,Mobile,Medium,C101,Python Basics,Programming,Beginner,45,4.6,2,24,81.4,3,5.9,2,4,6.0,3,7,3,69.6,72.2,50.1,1,07-12-2024,UPI,Yes,No,3959,24,1,0,4.1,Completed,1,2,0,1,2,1,4,5
132,STU100132,Pooja Gupta,Female,24,Master,Student,Kolkata,Laptop,Low,C103,Introduction to AI,Programming,Intermediate,75,4.5,4,39,24.4,3,0.5,7,6,5.0,4,6,5,100.0,31.8,34.1,2,15-05-2024,Free,No,No,0,62,2,3,4.1,Not Completed,0,3,2,0,1,2,4,2
133,STU100133,Isha Mehta,Female,30,Master,Employed,Bhopal,Mobile,Medium,C106,Machine Learning A-Z,Programming,Advanced,90,4.6,4,33,38.1,2,0.5,36,3,5.2,7,3,2,69.7,83.2,59.5,1,28-09-2025,UPI,Yes,No,6741,78,1,0,5.0,Not Completed,0,3,0,1,2,0,4,5
134,STU100134,Aarav Shah,Male,18,Bachelor,Employed,Bhopal,Mobile,Medium,C106,Machine Learning A-Z,Programming,Advanced,90,4.6,3,25,22.6,1,6.7,9,3,3.4,1,9,2,72.8,50.3,16.4,0,09-11-2024,UPI,Yes,No,6291,75,2,1,5.0,Not Completed,1,0,0,1,2,0,4,5
135,STU100135,Meera Patel,Other,17,Bachelor,Student,Hyderabad,Mobile,Medium,C102,Data Analysis with Python,Programming,Intermediate,60,4.7,4,25,46.1,1,1.9,4,2,7.6,5,5,1,62.4,16.1,46.9,2,19-11-2024,Scholarship,No,No,2066,58,1,1,3.2,Not Completed,2,0,2,1,2,2,4,4
136,STU100136,Isha Gupta,Female,19,Diploma,Student,Indore,Mobile,High,C106,Machine Learning A-Z,Programming,Advanced,90,4.6,5,21,78.5,2,2.3,6,6,1.0,2,8,4,53.6,36.0,41.3,1,25-06-2025,UPI,Yes,No,7135,50,4,1,4.7,Not Completed,0,1,2,1,0,0,4,5
137,STU100137,Rohan Reddy,Female,24,Master,Employed,Pune,Laptop,Low,C102,Data Analysis with Python,Programming,Intermediate,60,4.7,3,50,96.5,0,4.0,10,4,3.7,3,7,4,75.9,59.8,54.8,2,25-02-2025,Scholarship,No,No,276,47,3,0,4.5,Completed,0,3,0,0,1,2,4,4
138,STU100138,Aarav Mehta,Male,32,Diploma,Unemployed,Hyderabad,Mobile,Medium,C106,Machine Learning A-Z,Programming,Advanced,90,4.6,6,24,30.5,3,0.5,34,2,7.5,4,6,0,42.5,52.3,37.3,1,04-12-2024,UPI,Yes,No,6518,51,1,0,3.2,Not Completed,1,1,3,1,2,0,4,5
139,STU100139,Sai Shah,Female,30,Bachelor,Employed,Kolkata,Mobile,Medium,C108,Excel for Business,Business,Beginner,25,4.1,5,48,43.2,4,15.6,3,4,7.4,6,4,6,56.8,53.7,53.8,4,15-07-2025,UPI,Yes,No,3420,92,0,0,4.3,Completed,0,0,0,1,2,1,0,5
140,STU100140,Rahul Patel,Female,17,Bachelor,Unemployed,Bhopal,Mobile,High,C103,Introduction to AI,Programming,Intermediate,75,4.5,2,38,67.7,4,2.4,13,4,5.3,4,6,4,66.0,79.2,51.7,2,16-05-2025,UPI,Yes,No,5476,80,1,1,3.3,Completed,0,0,3,1,0,2,4,5
141,STU100141,Aarav Sharma,Male,30,Bachelor,Employed,Lucknow,Laptop,Medium,C103,Introduction to AI,Programming,Intermediate,75,4.5,1,18,81.8,1,0.5,3,3,7.2,3,7,2,59.0,50.2,49.1,0,31-01-2025,UPI,Yes,No,5537,80,1,0,4.4,Not Completed,1,0,0,0,2,2,4,5
142,STU100142,Sai Patel,Male,23,Master,Unemployed,Ahmedabad,Mobile,Medium,C103,Introduction to AI,Programming,Intermediate,75,4.5,7,13,80.8,1,9.5,4,4,7.7,6,4,3,82.1,47.9,66.7,2,20-05-2024,Credit Card,Yes,No,5441,60,0,0,3.8,Completed,1,3,3,1,2,2,4,0
143,STU100143,Kavya Joshi,Male,19,Master,Student,Hyderabad,Laptop,High,C106,Machine Learning A-Z,Programming,Advanced,90,4.6,7,61,81.5,2,0.5,2,10,5.8,8,2,4,84.4,44.3,78.7,3,08-11-2024,UPI,Yes,No,6734,100,2,1,3.7,Not Completed,1,3,2,0,0,0,4,5
144,STU100144,Neha Desai,Female,28,Bachelor,Student,Nagpur,Mobile,Low,C103,Introduction to AI,Programming,Intermediate,75,4.5,6,42,62.1,3,1.2,12,5,7.3,7,3,2,91.3,72.7,67.4,4,08-01-2024,UPI,Yes,No,6046,92,1,1,5.0,Not Completed,0,0,2,1,1,2,4,5
145,STU100145,Meera Patel,Male,24,Master,Employed,Indore,Laptop,Medium,C104,Digital Marketing Essentials,Marketing,Beginner,30,4.3,2,20,84.7,2,1.3,3,3,7.5,6,4,4,59.8,97.7,70.5,4,09-10-2024,UPI,Yes,No,3728,69,3,0,2.9,Completed,1,3,0,0,2,1,2,5
146,STU100146,Rohan Iyer,Female,26,Bachelor,Self-Employed,Delhi,Tablet,Medium,C107,Statistics for Data Science,Math,Intermediate,50,4.2,2,31,63.3,2,0.5,6,5,2.9,4,6,5,64.7,76.1,49.9,3,14-08-2025,Credit Card,Yes,Yes,3606,73,3,2,3.6,Not Completed,0,0,1,2,2,2,3,0
147,STU100147,Vivaan Desai,Female,26,HighSchool,Student,Mumbai,Mobile,Medium,C108,Excel for Business,Business,Beginner,25,4.1,5,32,61.5,3,0.5,1,5,7.8,0,10,7,70.2,57.4,24.4,3,08-05-2024,Free,No,No,0,77,0,0,4.1,Not Completed,0,2,2,1,2,1,0,2
148,STU100148,Aarav Bhardwaj,Female,29,Master,Student,Bengaluru,Laptop,High,C102,Data Analysis with Python,Programming,Intermediate,60,4.7,6,29,97.7,0,0.5,1,8,10.0,8,2,1,73.2,64.5,85.4,5,12-02-2025,UPI,Yes,No,4816,48,1,0,5.0,Completed,0,3,2,0,0,2,4,5
149,STU100149,Vihaan Bhardwaj,Female,25,Bachelor,Student,Pune,Mobile,Medium,C104,Digital Marketing Essentials,Marketing,Beginner,30,4.3,3,30,16.0,1,4.6,1,5,7.1,5,5,4,94.7,74.3,39.3,2,05-07-2024,Free,No,No,0,67,2,3,3.9,Not Completed,0,0,2,1,2,1,2,2
150,STU100150,Sneha Verma,Male,36,PhD,Employed,Jaipur,Laptop,Low,C105,UI/UX Design Fundamentals,Design,Beginner,40,4.4,2,26,23.2,1,1.6,4,4,4.8,4,5,5,72.8,55.5,34.9,2,11-02-2024,UPI,Yes,No,4273,99,0,2,5.0,Completed,1,4,0,0,1,1,1,5
151,STU100151,Sai Kumar,Male,30,Diploma,Student,Delhi,Mobile,Medium,C105,UI/UX Design Fundamentals,Design,Beginner,40,4.4,1,28,12.8,3,0.5,4,2,7.0,6,4,6,66.5,72.4,44.1,3,31-08-2024,UPI,Yes,No,4374,79,0,1,4.5,Completed,1,1,2,1,2,1,1,5
152,STU100152,Nikhil Iyer,Male,32,Bachelor,Employed,Bhopal,Mobile,Medium,C108,Excel for Business,Business,Beginner,25,4.1,4,35,81.4,1,9.7,7,4,4.9,5,5,5,61.3,68.9,61.9,1,26-11-2024,Scholarship,No,No,1315,81,5,1,5.0,Completed,1,0,0,1,2,1,0,4
153,STU100153,Krishna Sharma,Male,17,PhD,Student,Jaipur,Mobile,Low,C106,Machine Learning A-Z,Programming,Advanced,90,4.6,4,41,76.0,1,4.6,0,4,4.1,5,5,4,84.9,99.6,61.6,3,20-07-2025,UPI,Yes,No,6424,46,5,1,5.0,Completed,1,4,2,1,1,0,4,5
154,STU100154,Rohan Sharma,Male,17,Bachelor,Student,Indore,Mobile,Medium,C106,Machine Learning A-Z,Programming,Advanced,90,4.6,4,43,69.3,1,0.5,1,8,6.8,6,4,3,85.2,73.6,63.9,1,16-09-2025,NetBanking,Yes,No,6744,48,5,0,3.6,Completed,1,0,2,1,2,0,4,3
155,STU100155,Sakshi Desai,Male,17,Master,Employed,Delhi,Laptop,High,C107,Statistics for Data Science,Math,Intermediate,50,4.2,5,31,46.5,4,0.5,2,3,8.7,4,6,3,69.0,74.2,44.0,7,18-05-2025,UPI,Yes,No,4398,49,1,1,3.5,Completed,1,3,0,0,0,2,3,5
156,STU100156,Vivaan Joshi,Female,24,Master,Student,Surat,Mobile,Medium,C103,Introduction to AI,Programming,Intermediate,75,4.5,5,41,78.0,3,11.7,11,5,5.4,3,7,6,90.9,71.6,48.9,0,30-10-2024,NetBanking,Yes,No,6166,90,2,0,3.4,Not Completed,0,3,2,1,2,2,4,3
157,STU100157,Aditya Gupta,Male,22,Bachelor,Employed,Lucknow,Laptop,Medium,C103,Introduction to AI,Programming,Intermediate,75,4.5,4,22,33.5,1,0.5,6,4,1.7,2,8,3,78.1,55.2,26.5,1,20-12-2024,Debit Card,Yes,No,5244,48,2,0,3.7,Not Completed,1,0,0,0,2,2,4,1
158,STU100158,Meera Sharma,Male,28,Bachelor,Student,Chennai,Mobile,Medium,C108,Excel for Business,Business,Beginner,25,4.1,4,21,84.7,1,1.6,7,5,2.8,4,6,7,84.9,63.4,56.8,2,28-07-2025,Credit Card,Yes,No,3039,51,3,0,4.9,Not Completed,1,0,2,1,2,1,0,0
159,STU100159,Kavya Nair,Male,21,Bachelor,Student,Bengaluru,Mobile,Medium,C103,Introduction to AI,Programming,Intermediate,75,4.5,2,35,72.5,0,2.5,19,4,10.0,3,7,4,60.7,81.4,47.5,0,03-04-2025,Free,No,No,0,81,3,2,5.0,Not Completed,1,0,2,1,2,2,4,2
160,STU100160,Neha Bhardwaj,Male,21,Diploma,Employed,Vadodara,Mobile,Medium,C108,Excel for Business,Business,Beginner,25,4.1,7,40,63.2,3,9.7,3,2,2.2,2,8,3,59.4,45.5,36.4,3,23-02-2025,UPI,Yes,No,3304,88,2,3,4.3,Not Completed,1,1,0,1,2,1,0,5
161,STU100161,Kavya Mehta,Female,25,Diploma,Student,Nagpur,Mobile,Medium,C106,Machine Learning A-Z,Programming,Advanced,90,4.6,5,59,28.9,2,3.5,2,3,5.1,4,6,4,84.0,61.8,37.2,2,17-07-2024,UPI,Yes,No,6602,84,6,4,4.1,Not Completed,0,1,2,1,2,0,4,5
162,STU100162,Pooja Shah,Female,20,Bachelor,Employed,Pune,Mobile,Low,C107,Statistics for Data Science,Math,Intermediate,50,4.2,5,38,52.5,2,2.0,2,9,8.0,4,6,0,50.1,79.5,46.4,4,13-01-2024,UPI,Yes,No,4455,69,4,0,4.0,Completed,0,0,0,1,1,2,3,5
163,STU100163,Neha Bose,Male,29,Bachelor,Student,Kolkata,Laptop,Medium,C102,Data Analysis with Python,Programming,Intermediate,60,4.7,6,31,33.1,2,1.6,1,8,2.8,5,5,5,77.7,73.4,45.2,2,03-02-2025,NetBanking,Yes,No,5371,34,3,1,4.3,Completed,1,0,2,0,2,2,4,3
164,STU100164,Nikhil Bhardwaj,Female,20,Bachelor,Employed,Lucknow,Mobile,High,C103,Introduction to AI,Programming,Intermediate,75,4.5,2,38,53.9,4,4.9,25,3,2.4,6,4,4,63.0,64.1,58.1,0,15-11-2023,Free,No,No,0,77,4,0,2.0,Completed,0,0,0,1,0,2,4,2
165,STU100165,Meera Shah,Female,17,Bachelor,Student,Hyderabad,Mobile,High,C102,Data Analysis with Python,Programming,Intermediate,60,4.7,3,23,84.2,1,0.5,4,5,7.9,4,6,6,78.5,72.1,57.1,8,21-05-2024,NetBanking,Yes,No,5450,87,3,1,3.6,Completed,0,0,2,1,0,2,4,3
166,STU100166,Sneha Desai,Male,23,Master,Employed,Ahmedabad,Laptop,Medium,C103,Introduction to AI,Programming,Intermediate,75,4.5,5,14,37.9,3,7.5,3,5,7.2,3,7,0,66.7,58.6,34.2,1,18-06-2025,Free,No,No,0,65,1,2,4.0,Not Completed,1,3,0,0,2,2,4,2
167,STU100167,Neha Gupta,Male,36,Bachelor,Employed,Mumbai,Laptop,Low,C104,Digital Marketing Essentials,Marketing,Beginner,30,4.3,6,36,63.4,3,8.0,1,9,10.0,4,6,1,99.9,70.7,49.7,4,29-04-2024,Scholarship,No,No,884,58,0,1,3.5,Completed,1,0,0,0,1,1,2,4
168,STU100168,Aditya Singh,Male,21,Diploma,Employed,Indore,Mobile,Medium,C103,Introduction to AI,Programming,Intermediate,75,4.5,5,39,73.6,3,0.5,1,2,9.4,6,3,6,80.1,51.4,64.3,8,07-05-2025,UPI,Yes,No,6148,100,1,1,4.4,Completed,1,1,0,1,2,2,4,5
169,STU100169,Rohan Nair,Female,21,Bachelor,Employed,Kolkata,Mobile,High,C105,UI/UX Design Fundamentals,Design,Beginner,40,4.4,6,24,44.9,5,3.4,2,9,6.9,4,6,3,83.8,79.2,43.7,3,02-03-2025,Free,No,No,0,59,6,0,3.6,Not Completed,0,0,0,1,0,1,1,2
170,STU100170,Kavya Desai,Female,19,Bachelor,Student,Mumbai,Mobile,Medium,C101,Python Basics,Programming,Beginner,45,4.6,9,14,33.3,2,0.5,4,4,8.8,7,3,3,67.7,71.1,57.2,3,30-05-2024,Scholarship,No,No,1327,82,4,1,4.2,Completed,0,0,2,1,2,1,4,4
171,STU100171,Priya Nair,Male,32,Bachelor,Student,Pune,Mobile,High,C102,Data Analysis with Python,Programming,Intermediate,60,4.7,3,19,68.7,1,0.5,4,4,7.4,6,4,9,64.9,61.9,63.2,0,03-06-2025,UPI,Yes,No,5304,72,0,0,4.8,Completed,1,0,2,1,0,2,4,5
172,STU100172,Sneha Reddy,Male,21,Bachelor,Student,Surat,Laptop,Medium,C104,Digital Marketing Essentials,Marketing,Beginner,30,4.3,4,25,38.7,1,2.5,6,3,2.8,3,7,2,69.8,59.8,34.5,1,25-12-2024,Debit Card,Yes,No,3216,81,1,2,3.6,Not Completed,1,0,2,0,2,1,2,1
173,STU100173,Rahul Joshi,Male,28,Bachelor,Student,Hyderabad,Mobile,Low,C106,Machine Learning A-Z,Programming,Advanced,90,4.6,6,27,67.9,3,4.4,4,6,10.0,2,8,4,62.6,52.9,38.4,1,20-07-2024,UPI,Yes,No,6895,60,3,1,3.2,Not Completed,1,0,2,1,1,0,4,5
174,STU100174,Ananya Kumar,Male,17,Bachelor,Student,Pune,Mobile,High,C101,Python Basics,Programming,Beginner,45,4.6,7,45,75.9,5,4.4,7,5,5.6,7,3,3,74.8,73.6,72.2,3,01-05-2024,Credit Card,Yes,No,4490,100,2,0,5.0,Completed,1,0,2,1,0,1,4,0
175,STU100175,Pooja Sharma,Female,17,Diploma,Employed,Indore,Laptop,Medium,C104,Digital Marketing Essentials,Marketing,Beginner,30,4.3,1,22,85.8,4,0.5,7,4,3.7,1,9,4,82.7,58.7,39.0,3,22-09-2025,Credit Card,Yes,No,3311,70,2,2,5.0,Not Completed,0,1,0,0,2,1,2,0
176,STU100176,Sai Singh,Male,21,Master,Student,Pune,Mobile,Medium,C106,Machine Learning A-Z,Programming,Advanced,90,4.6,2,30,60.0,1,0.5,1,6,4.8,1,9,1,54.7,76.5,30.8,3,26-07-2024,Scholarship,No,No,636,97,1,0,4.0,Completed,1,3,2,1,2,0,4,4
177,STU100177,Nikhil Desai,Female,26,Master,Employed,Surat,Mobile,Medium,C105,UI/UX Design Fundamentals,Design,Beginner,40,4.4,4,28,37.3,5,0.5,1,2,5.8,4,6,7,75.0,79.4,41.0,5,27-01-2024,Free,No,No,0,100,5,0,5.0,Not Completed,0,3,0,1,2,1,1,2
178,STU100178,Krishna Kumar,Male,34,Bachelor,Employed,Pune,Laptop,High,C103,Introduction to AI,Programming,Intermediate,75,4.5,6,42,32.4,3,0.5,3,6,2.4,3,7,4,80.9,47.5,31.7,2,21-08-2024,Debit Card,Yes,No,5416,62,1,0,5.0,Not Completed,1,0,0,0,0,2,4,1
179,STU100179,Aarav Nair,Male,17,Master,Student,Surat,Laptop,High,C101,Python Basics,Programming,Beginner,45,4.6,5,34,56.0,3,7.5,0,6,8.3,8,2,4,77.1,50.1,70.1,4,02-12-2023,Credit Card,Yes,No,4534,63,3,0,3.9,Completed,1,3,2,0,0,1,4,0
180,STU100180,Vivaan Gupta,Female,28,Master,Student,Ahmedabad,Mobile,High,C106,Machine Learning A-Z,Programming,Advanced,90,4.6,4,37,15.3,1,3.2,2,9,5.6,4,6,3,81.3,52.6,32.0,5,23-02-2024,Credit Card,Yes,No,6981,66,2,0,4.2,Completed,0,3,2,1,0,0,4,0
181,STU100181,Meera Sharma,Male,24,Master,Employed,Nagpur,Laptop,Medium,C101,Python Basics,Programming,Beginner,45,4.6,4,38,27.1,5,6.0,0,3,7.0,6,4,8,83.2,73.7,49.2,3,03-08-2024,Free,No,No,0,39,4,1,4.3,Completed,1,3,0,0,2,1,4,2
182,STU100182,Meera Reddy,Male,26,Bachelor,Student,Kolkata,Laptop,High,C103,Introduction to AI,Programming,Intermediate,75,4.5,8,31,39.6,2,5.8,5,5,8.3,6,4,3,68.2,69.0,53.3,3,08-12-2023,UPI,Yes,No,5542,74,1,0,4.1,Completed,1,0,2,0,0,2,4,5
183,STU100183,Neha Shah,Male,27,HighSchool,Employed,Kolkata,Mobile,Medium,C101,Python Basics,Programming,Beginner,45,4.6,3,31,63.1,2,5.9,6,3,9.8,5,5,5,67.7,63.2,55.2,2,22-12-2023,UPI,Yes,No,4533,100,3,1,4.9,Not Completed,1,2,0,1,2,1,4,5
184,STU100184,Priya Reddy,Male,25,Bachelor,Student,Delhi,Mobile,Low,C104,Digital Marketing Essentials,Marketing,Beginner,30,4.3,6,47,27.7,1,0.5,0,6,7.9,4,6,2,77.3,55.6,36.5,1,18-09-2025,NetBanking,Yes,No,3381,70,4,0,3.3,Not Completed,1,0,2,1,1,1,2,3
185,STU100185,Vivaan Verma,Male,31,HighSchool,Employed,Bengaluru,Laptop,High,C107,Statistics for Data Science,Math,Intermediate,50,4.2,6,24,32.2,1,0.5,2,4,5.5,5,5,1,70.9,100.0,46.3,1,23-08-2024,NetBanking,Yes,No,4652,66,1,1,3.6,Completed,1,2,0,0,0,2,3,3
186,STU100186,Aditya Singh,Female,25,Bachelor,Employed,Delhi,Laptop,Medium,C104,Digital Marketing Essentials,Marketing,Beginner,30,4.3,4,14,73.0,0,0.5,3,5,5.6,5,4,3,71.0,64.2,58.7,1,16-12-2024,Credit Card,Yes,No,3346,69,1,1,5.0,Not Completed,0,0,0,0,2,1,2,0
187,STU100187,Sakshi Bhardwaj,Male,28,Diploma,Student,Vadodara,Mobile,Medium,C105,UI/UX Design Fundamentals,Design,Beginner,40,4.4,5,37,47.0,3,0.5,6,8,7.3,4,6,3,89.4,78.5,44.4,3,04-04-2025,Credit Card,Yes,No,3893,100,5,0,5.0,Not Completed,1,1,2,1,2,1,1,0
188,STU100188,Priya Reddy,Female,26,Bachelor,Student,Bhopal,Laptop,High,C103,Introduction to AI,Programming,Intermediate,75,4.5,9,31,38.5,1,0.8,1,5,5.4,6,4,5,91.4,37.9,51.4,1,10-06-2025,NetBanking,Yes,No,6073,59,1,1,4.9,Completed,0,0,2,0,0,2,4,3
189,STU100189,Isha Kumar,Female,21,Bachelor,Student,Jaipur,Mobile,Medium,C105,UI/UX Design Fundamentals,Design,Beginner,40,4.4,8,28,35.1,6,3.8,3,8,6.2,5,5,5,53.2,71.9,45.9,3,02-07-2025,UPI,Yes,No,3607,76,2,0,4.9,Completed,0,0,2,1,2,1,1,5
190,STU100190,Vihaan Desai,Female,19,Bachelor,Student,Pune,Mobile,Low,C105,UI/UX Design Fundamentals,Design,Beginner,40,4.4,6,29,83.8,4,4.4,6,7,10.0,6,4,3,67.2,65.9,68.6,2,13-07-2024,NetBanking,Yes,No,4213,66,3,0,4.9,Completed,0,0,2,1,1,1,1,3
191,STU100191,Aditya Verma,Female,17,Bachelor,Student,Pune,Laptop,Medium,C102,Data Analysis with Python,Programming,Intermediate,60,4.7,7,42,78.9,3,4.8,4,5,7.4,4,6,6,61.9,71.8,55.2,3,01-01-2024,UPI,Yes,No,5371,83,2,0,4.7,Not Completed,0,0,2,0,2,2,4,5
192,STU100192,Sai Patel,Female,17,Diploma,Student,Chennai,Mobile,Medium,C103,Introduction to AI,Programming,Intermediate,75,4.5,7,39,77.2,5,9.2,3,11,7.1,3,7,4,76.0,87.8,49.4,2,16-06-2025,UPI,Yes,No,5289,70,1,0,4.4,Not Completed,0,1,2,1,2,2,4,5
193,STU100193,Meera Kumar,Male,27,Bachelor,Employed,Mumbai,Tablet,Medium,C102,Data Analysis with Python,Programming,Intermediate,60,4.7,3,49,39.6,5,0.5,1,3,8.9,5,5,3,74.3,64.1,47.1,2,01-08-2024,UPI,Yes,Yes,3834,82,1,2,3.2,Completed,1,0,0,2,2,2,4,5
194,STU100194,Kavya Sharma,Female,17,Bachelor,Employed,Lucknow,Laptop,Medium,C102,Data Analysis with Python,Programming,Intermediate,60,4.7,4,25,76.3,4,1.5,7,4,5.3,5,5,1,87.7,52.1,59.3,2,13-07-2024,Debit Card,Yes,No,4982,51,2,0,5.0,Completed,0,0,0,0,2,2,4,1
195,STU100195,Nikhil Iyer,Female,29,Bachelor,Unemployed,Vadodara,Laptop,High,C108,Excel for Business,Business,Beginner,25,4.1,5,32,80.8,2,1.4,2,10,6.0,6,4,2,80.9,100.0,69.3,0,25-12-2024,Scholarship,No,No,929,64,2,2,4.2,Not Completed,0,0,3,0,0,1,0,4
196,STU100196,Vihaan Gupta,Male,38,Master,Student,Pune,Mobile,High,C105,UI/UX Design Fundamentals,Design,Beginner,40,4.4,5,40,94.4,2,5.4,16,3,9.3,3,7,3,94.2,100.0,56.1,3,15-07-2024,Debit Card,Yes,Yes,3693,58,4,0,4.2,Completed,1,3,2,1,0,1,1,1
197,STU100197,Arjun Sharma,Male,32,HighSchool,Student,Mumbai,Mobile,Medium,C101,Python Basics,Programming,Beginner,45,4.6,8,46,56.7,3,6.1,5,5,5.6,8,2,8,100.0,97.5,72.7,3,26-08-2024,UPI,Yes,No,4014,62,3,1,5.0,Completed,1,2,2,1,2,1,4,5
198,STU100198,Sakshi Nair,Female,31,Bachelor,Employed,Nagpur,Mobile,Low,C104,Digital Marketing Essentials,Marketing,Beginner,30,4.3,5,44,66.0,4,2.0,1,2,8.2,3,7,8,90.3,100.0,46.1,1,07-08-2024,Credit Card,Yes,Yes,3241,87,4,0,4.5,Completed,0,0,0,1,1,1,2,0
199,STU100199,Kavya Sharma,Female,27,Bachelor,Student,Kolkata,Laptop,Medium,C106,Machine Learning A-Z,Programming,Advanced,90,4.6,6,28,89.2,8,0.5,1,5,4.1,6,3,6,87.0,49.1,69.7,4,02-10-2025,Credit Card,Yes,No,6380,64,6,1,4.2,Not Completed,0,0,2,0,2,0,4,0
200,STU100200,Priya Kumar,Female,21,HighSchool,Student,Surat,Mobile,Medium,C104,Digital Marketing Essentials,Marketing,Beginner,30,4.3,7,42,55.8,3,4.6,4,9,5.9,4,6,5,85.9,100.0,48.5,1,07-01-2025,Free,No,No,0,64,3,1,5.0,Completed,0,2,2,1,2,1,2,2
201,STU100201,Aditya Bhardwaj,Female,24,Diploma,Employed,Mumbai,Laptop,Medium,C108,Excel for Business,Business,Beginner,25,4.1,5,31,88.8,8,5.0,8,7,7.2,7,3,4,84.8,71.0,76.6,2,11-09-2024,Free,No,No,0,71,1,0,4.3,Completed,0,1,0,0,2,1,0,2
202,STU100202,Sakshi Kumar,Male,21,Master,Student,Mumbai,Mobile,High,C101,Python Basics,Programming,Beginner,45,4.6,2,10,59.9,3,2.7,0,5,8.3,3,7,3,65.8,85.6,43.2,1,06-09-2025,Free,No,No,0,76,3,2,4.3,Not Completed,1,3,2,1,0,1,4,2
203,STU100203,Nikhil Bhardwaj,Male,19,Bachelor,Employed,Mumbai,Laptop,Medium,C108,Excel for Business,Business,Beginner,25,4.1,3,35,44.9,3,0.5,18,2,4.6,7,3,5,59.3,65.4,61.0,2,04-09-2025,UPI,Yes,No,3000,60,1,3,4.3,Completed,1,0,0,0,2,1,0,5
204,STU100204,Neha Bhardwaj,Female,39,Bachelor,Employed,Mumbai,Mobile,Low,C106,Machine Learning A-Z,Programming,Advanced,90,4.6,3,35,39.2,2,0.5,4,5,5.2,6,4,0,77.3,41.1,51.8,1,13-04-2024,UPI,Yes,No,6826,94,2,0,4.5,Not Completed,0,0,0,1,1,0,4,5
205,STU100205,Meera Gupta,Male,35,Master,Unemployed,Lucknow,Mobile,High,C103,Introduction to AI,Programming,Intermediate,75,4.5,5,36,86.3,3,2.4,1,8,6.8,6,4,6,76.0,58.9,69.2,1,27-07-2024,Credit Card,Yes,No,6239,99,4,1,3.8,Completed,1,3,3,1,0,2,4,0
206,STU100206,Sai Bhardwaj,Male,21,Diploma,Employed,Chennai,Tablet,Medium,C105,UI/UX Design Fundamentals,Design,Beginner,40,4.4,8,47,57.4,2,6.0,2,6,6.7,4,6,1,64.5,52.4,46.7,1,03-03-2025,UPI,Yes,No,3946,81,2,1,4.5,Completed,1,1,0,2,2,1,1,5
207,STU100207,Aditya Reddy,Female,18,Bachelor,Student,Hyderabad,Mobile,High,C103,Introduction to AI,Programming,Intermediate,75,4.5,6,56,89.8,6,0.5,0,7,4.1,3,7,1,76.9,59.5,52.4,2,09-09-2024,Debit Card,Yes,No,6292,64,6,1,3.5,Not Completed,0,0,2,1,0,2,4,1
208,STU100208,Vihaan Shah,Female,17,Bachelor,Self-Employed,Bengaluru,Mobile,High,C103,Introduction to AI,Programming,Intermediate,75,4.5,6,46,44.5,3,0.5,7,3,6.6,4,6,5,80.4,80.3,43.6,3,26-09-2025,Free,No,No,0,89,3,1,4.2,Not Completed,0,0,1,1,0,2,4,2
209,STU100209,Meera Kumar,Female,19,Master,Employed,Lucknow,Mobile,High,C108,Excel for Business,Business,Beginner,25,4.1,1,26,74.5,1,0.5,0,4,8.0,2,8,2,57.5,36.7,39.9,5,02-05-2025,NetBanking,Yes,No,3238,69,3,0,4.0,Completed,0,3,0,1,0,1,0,3
210,STU100210,Vivaan Reddy,Female,17,Bachelor,Employed,Delhi,Mobile,Medium,C102,Data Analysis with Python,Programming,Intermediate,60,4.7,9,43,35.1,1,1.9,1,3,5.5,5,5,2,51.8,68.3,45.7,2,12-09-2024,Free,No,No,0,42,4,2,4.9,Not Completed,0,0,0,1,2,2,4,2
211,STU100211,Vihaan Desai,Male,25,Bachelor,Unemployed,Chennai,Tablet,Medium,C107,Statistics for Data Science,Math,Intermediate,50,4.2,5,41,85.7,2,3.3,4,5,9.2,5,5,7,71.9,46.8,62.3,3,18-10-2023,UPI,Yes,Yes,3629,74,4,3,3.6,Completed,1,0,3,2,2,2,3,5
212,STU100212,Rahul Reddy,Male,28,Bachelor,Employed,Chennai,Mobile,Low,C101,Python Basics,Programming,Beginner,45,4.6,3,23,71.4,4,2.3,4,2,7.8,8,2,3,64.1,47.5,75.4,1,30-03-2025,Credit Card,Yes,No,4670,71,0,0,3.6,Completed,1,0,0,1,1,1,4,0
213,STU100213,Sneha Bhardwaj,Female,22,Bachelor,Employed,Vadodara,Mobile,High,C104,Digital Marketing Essentials,Marketing,Beginner,30,4.3,6,50,70.8,2,12.0,0,1,6.8,5,5,3,62.4,78.8,58.7,5,11-01-2025,UPI,Yes,No,3399,79,1,3,4.7,Not Completed,0,0,0,1,0,1,2,5
214,STU100214,Vivaan Singh,Male,34,Bachelor,Employed,Ahmedabad,Laptop,High,C104,Digital Marketing Essentials,Marketing,Beginner,30,4.3,6,46,67.1,2,4.6,3,4,4.0,2,7,6,56.1,73.2,39.1,8,06-08-2024,UPI,Yes,No,3357,67,2,0,3.8,Completed,1,0,0,0,0,1,2,5
215,STU100215,Kavya Bose,Female,19,Bachelor,Student,Indore,Mobile,Low,C104,Digital Marketing Essentials,Marketing,Beginner,30,4.3,6,27,64.5,5,3.8,5,4,3.3,4,6,4,49.1,61.4,49.6,1,15-11-2023,Debit Card,Yes,Yes,2910,35,2,0,4.6,Completed,0,0,2,1,1,1,2,1
216,STU100216,Sakshi Desai,Female,25,HighSchool,Student,Pune,Laptop,Medium,C106,Machine Learning A-Z,Programming,Advanced,90,4.6,9,42,52.1,0,13.5,10,6,2.7,5,5,7,56.5,88.9,52.7,3,30-08-2024,Credit Card,Yes,No,6900,59,4,1,3.6,Not Completed,0,2,2,0,2,0,4,0
217,STU100217,Rahul Patel,Female,19,Bachelor,Employed,Surat,Laptop,Medium,C103,Introduction to AI,Programming,Intermediate,75,4.5,3,41,52.0,1,4.3,8,2,9.1,4,6,4,56.9,72.8,45.9,2,03-06-2024,NetBanking,Yes,No,5476,83,2,0,3.8,Completed,0,0,0,0,2,2,4,3
218,STU100218,Vihaan Reddy,Female,22,PhD,Student,Delhi,Mobile,High,C105,UI/UX Design Fundamentals,Design,Beginner,40,4.4,6,44,59.4,3,10.5,5,7,5.4,8,2,3,82.8,60.3,71.8,2,22-03-2024,UPI,Yes,No,3723,100,2,2,3.2,Completed,0,4,2,1,0,1,1,5
219,STU100219,Meera Bose,Female,30,HighSchool,Self-Employed,Indore,Laptop,High,C102,Data Analysis with Python,Programming,Intermediate,60,4.7,4,31,51.3,4,0.5,15,5,7.5,4,6,3,53.6,85.5,46.2,2,22-07-2024,Scholarship,No,No,1678,61,1,0,1.9,Not Completed,0,2,1,0,0,2,4,4
220,STU100220,Isha Shah,Female,17,Bachelor,Student,Kolkata,Mobile,Medium,C108,Excel for Business,Business,Beginner,25,4.1,3,36,72.0,2,1.0,19,11,6.1,4,6,2,90.8,46.5,51.5,2,22-06-2024,Scholarship,No,No,644,99,3,1,3.7,Not Completed,0,0,2,1,2,1,0,4
221,STU100221,Kavya Gupta,Female,22,Bachelor,Student,Bengaluru,Mobile,Medium,C103,Introduction to AI,Programming,Intermediate,75,4.5,6,35,76.8,3,6.4,1,7,6.5,4,6,5,82.6,79.8,54.9,2,21-06-2025,NetBanking,Yes,No,6189,67,1,1,4.5,Completed,0,0,2,1,2,2,4,3
222,STU100222,Ritika Nair,Male,20,Bachelor,Employed,Bhopal,Laptop,Medium,C101,Python Basics,Programming,Beginner,45,4.6,5,24,80.5,3,2.7,0,4,5.4,5,5,3,77.7,97.1,63.0,3,27-12-2023,Debit Card,Yes,No,3999,63,6,0,5.0,Completed,1,0,0,0,2,1,4,1
223,STU100223,Neha Desai,Male,27,Bachelor,Employed,Vadodara,Mobile,Medium,C107,Statistics for Data Science,Math,Intermediate,50,4.2,4,38,74.6,1,12.4,9,5,5.8,3,7,4,83.1,62.5,47.3,3,29-09-2024,UPI,Yes,No,4948,48,2,1,5.0,Completed,1,0,0,1,2,2,3,5
224,STU100224,Ritika Kumar,Male,22,Bachelor,Student,Nagpur,Laptop,High,C101,Python Basics,Programming,Beginner,45,4.6,4,43,70.7,1,0.5,2,4,8.8,3,7,3,80.0,57.1,45.6,2,17-08-2024,UPI,Yes,Yes,3968,78,3,0,5.0,Not Completed,1,0,2,0,0,1,4,5
225,STU100225,Nikhil Bhardwaj,Female,34,Master,Student,Lucknow,Laptop,Medium,C104,Digital Marketing Essentials,Marketing,Beginner,30,4.3,8,41,59.4,1,2.9,5,4,6.2,5,5,2,77.3,73.6,54.5,5,17-03-2024,UPI,Yes,No,3579,100,7,1,4.7,Completed,0,3,2,0,2,1,2,5
226,STU100226,Kavya Gupta,Female,22,Master,Student,Kolkata,Mobile,Medium,C103,Introduction to AI,Programming,Intermediate,75,4.5,4,33,64.0,5,0.5,0,4,2.6,4,6,8,79.4,64.9,49.7,1,04-05-2025,UPI,Yes,Yes,5014,82,2,0,4.6,Not Completed,0,3,2,1,2,2,4,5
227,STU100227,Rahul Mehta,Female,24,Bachelor,Student,Kolkata,Mobile,Medium,C108,Excel for Business,Business,Beginner,25,4.1,6,39,83.4,3,2.0,2,2,2.5,5,5,4,82.4,58.5,62.1,2,27-04-2024,UPI,Yes,Yes,2808,63,3,0,3.8,Completed,0,0,2,1,2,1,0,5
228,STU100228,Rohan Bhardwaj,Male,31,Bachelor,Unemployed,Chennai,Laptop,Medium,C102,Data Analysis with Python,Programming,Intermediate,60,4.7,8,51,82.5,1,6.1,13,3,6.5,5,5,1,73.3,63.5,62.0,1,10-12-2024,Debit Card,Yes,Yes,4593,73,4,0,4.6,Completed,1,0,3,0,2,2,4,1
229,STU100229,Vivaan Joshi,Male,17,Bachelor,Student,Indore,Mobile,High,C104,Digital Marketing Essentials,Marketing,Beginner,30,4.3,5,49,66.8,1,3.1,0,6,6.3,5,5,7,63.6,78.8,57.3,3,10-11-2024,Scholarship,No,No,933,85,1,1,4.6,Completed,1,0,2,1,0,1,2,4
230,STU100230,Priya Iyer,Male,21,Master,Self-Employed,Vadodara,Mobile,High,C107,Statistics for Data Science,Math,Intermediate,50,4.2,5,48,59.2,1,16.5,1,3,5.5,3,7,4,78.5,54.1,41.4,3,20-03-2024,Credit Card,Yes,Yes,3712,61,2,1,3.3,Not Completed,1,3,1,1,0,2,3,0
231,STU100231,Meera Patel,Female,21,Bachelor,Student,Bengaluru,Mobile,Medium,C104,Digital Marketing Essentials,Marketing,Beginner,30,4.3,5,26,61.1,2,2.3,2,8,7.6,3,6,5,77.3,89.9,43.9,1,12-06-2025,UPI,Yes,No,3367,74,2,0,5.0,Not Completed,0,0,2,1,2,1,2,5
232,STU100232,Pooja Shah,Male,25,Master,Student,Delhi,Mobile,High,C108,Excel for Business,Business,Beginner,25,4.1,9,46,46.8,0,12.4,1,8,6.7,4,6,4,69.8,58.9,43.3,2,09-01-2025,Free,No,No,0,76,2,0,2.7,Completed,1,3,2,1,0,1,0,2
233,STU100233,Vihaan Gupta,Male,32,Bachelor,Self-Employed,Bhopal,Laptop,Medium,C104,Digital Marketing Essentials,Marketing,Beginner,30,4.3,7,19,56.8,2,5.6,16,1,5.8,2,7,2,80.2,65.8,35.2,3,12-03-2024,Scholarship,No,Yes,1667,74,2,3,3.2,Not Completed,1,0,1,0,2,1,2,4
234,STU100234,Isha Shah,Female,25,Master,Employed,Lucknow,Mobile,Low,C108,Excel for Business,Business,Beginner,25,4.1,3,23,36.0,5,0.5,6,6,6.8,4,6,0,61.6,75.5,40.4,2,01-01-2024,Scholarship,No,No,1042,88,4,2,5.0,Not Completed,0,3,0,1,1,1,0,4
235,STU100235,Meera Desai,Female,32,Bachelor,Student,Ahmedabad,Mobile,High,C103,Introduction to AI,Programming,Intermediate,75,4.5,5,34,92.8,3,6.7,19,3,6.1,5,5,5,63.8,72.0,66.1,0,25-09-2025,UPI,Yes,No,5983,82,2,3,3.4,Completed,0,0,2,1,0,2,4,5
236,STU100236,Priya Iyer,Female,24,Master,Employed,Delhi,Laptop,High,C107,Statistics for Data Science,Math,Intermediate,50,4.2,5,32,47.4,1,11.7,4,7,7.4,5,5,1,72.9,47.2,49.0,6,06-09-2025,UPI,Yes,No,4552,25,1,1,4.3,Not Completed,0,3,0,0,0,2,3,5
237,STU100237,Rahul Mehta,Female,33,Master,Student,Hyderabad,Laptop,High,C105,UI/UX Design Fundamentals,Design,Beginner,40,4.4,3,30,38.6,5,0.5,7,2,3.5,5,5,1,86.4,82.9,47.7,2,27-02-2025,Debit Card,Yes,No,4183,30,1,0,3.6,Completed,0,3,2,0,0,1,1,1
238,STU100238,Rahul Patel,Male,21,Bachelor,Student,Jaipur,Laptop,High,C101,Python Basics,Programming,Beginner,45,4.6,2,37,61.5,4,6.8,8,6,6.2,6,4,3,64.3,62.1,60.6,3,24-07-2025,Debit Card,Yes,No,4280,79,5,0,5.0,Completed,1,0,2,0,0,1,4,1
239,STU100239,Ananya Singh,Male,19,Diploma,Employed,Indore,Laptop,Medium,C101,Python Basics,Programming,Beginner,45,4.6,4,43,25.6,1,8.5,4,6,5.9,3,7,3,69.3,21.3,28.0,3,25-01-2024,UPI,Yes,No,3855,44,1,1,3.4,Not Completed,1,1,0,0,2,1,4,5
240,STU100240,Vihaan Reddy,Female,28,Bachelor,Employed,Bengaluru,Mobile,Low,C106,Machine Learning A-Z,Programming,Advanced,90,4.6,6,52,78.5,2,0.5,0,3,6.6,3,7,1,52.9,83.8,49.7,1,15-11-2023,Credit Card,Yes,No,6997,72,0,0,3.7,Completed,0,0,0,1,1,0,4,0
241,STU100241,Vivaan Joshi,Female,31,Master,Employed,Vadodara,Laptop,Medium,C101,Python Basics,Programming,Beginner,45,4.6,6,44,61.7,3,6.9,3,9,7.3,4,6,4,69.6,53.8,48.3,5,18-10-2024,Credit Card,Yes,Yes,3681,54,1,0,3.3,Not Completed,0,3,0,0,2,1,4,0
242,STU100242,Sneha Mehta,Female,36,HighSchool,Employed,Bengaluru,Mobile,High,C102,Data Analysis with Python,Programming,Intermediate,60,4.7,6,36,88.0,1,10.8,1,2,4.4,3,6,7,73.0,58.2,51.7,3,11-12-2024,Credit Card,Yes,No,4629,71,4,1,5.0,Completed,0,2,0,1,0,2,4,0
243,STU100243,Nikhil Iyer,Male,20,Bachelor,Employed,Vadodara,Laptop,Medium,C102,Data Analysis with Python,Programming,Intermediate,60,4.7,3,35,88.4,2,8.5,1,5,7.0,8,2,4,84.1,70.9,82.5,2,13-04-2024,Scholarship,No,No,1460,57,3,0,5.0,Completed,1,0,0,0,2,2,4,4
244,STU100244,Aditya Bhardwaj,Male,21,Master,Student,Nagpur,Mobile,Medium,C103,Introduction to AI,Programming,Intermediate,75,4.5,7,19,67.0,0,0.5,6,5,4.3,5,5,2,72.8,60.1,56.5,3,15-09-2025,Credit Card,Yes,No,5221,65,1,3,4.1,Completed,1,3,2,1,2,2,4,0
245,STU100245,Rohan Reddy,Male,31,Bachelor,Employed,Bhopal,Laptop,Medium,C105,UI/UX Design Fundamentals,Design,Beginner,40,4.4,5,49,69.6,1,0.5,5,8,8.2,7,3,9,69.3,78.8,70.3,4,10-06-2024,UPI,Yes,No,3734,56,2,0,4.5,Not Completed,1,0,0,0,2,1,1,5
246,STU100246,Kavya Iyer,Female,27,Bachelor,Student,Ahmedabad,Mobile,Medium,C104,Digital Marketing Essentials,Marketing,Beginner,30,4.3,3,29,88.1,0,9.7,2,6,5.5,4,6,6,64.8,74.0,58.5,0,29-08-2025,NetBanking,Yes,No,3216,89,1,0,4.8,Completed,0,0,2,1,2,1,2,3
247,STU100247,Aarav Bose,Female,21,Bachelor,Employed,Vadodara,Mobile,Medium,C104,Digital Marketing Essentials,Marketing,Beginner,30,4.3,4,30,49.9,1,4.8,9,7,7.5,4,6,3,82.5,83.3,45.6,1,06-08-2024,NetBanking,Yes,No,3763,84,2,2,4.3,Completed,0,0,0,1,2,1,2,3
248,STU100248,Rahul Verma,Male,20,Diploma,Employed,Delhi,Mobile,Medium,C103,Introduction to AI,Programming,Intermediate,75,4.5,4,22,45.3,3,0.5,0,6,6.3,8,2,3,64.1,60.8,66.9,1,04-10-2024,NetBanking,Yes,No,5785,73,0,0,4.2,Completed,1,1,0,1,2,2,4,3
249,STU100249,Nikhil Kumar,Male,32,Bachelor,Student,Lucknow,Laptop,High,C108,Excel for Business,Business,Beginner,25,4.1,7,44,72.3,5,1.4,1,3,7.6,5,5,6,88.8,66.0,58.6,5,22-09-2025,Free,No,No,0,92,6,0,4.5,Not Completed,1,0,2,0,0,1,0,2
250,STU100250,Neha Reddy,Male,23,HighSchool,Student,Nagpur,Laptop,Medium,C102,Data Analysis with Python,Programming,Intermediate,60,4.7,4,35,87.1,2,2.1,1,11,6.7,6,4,4,87.7,87.4,70.8,5,13-11-2024,Free,No,No,0,60,2,0,4.8,Not Completed,1,2,2,0,2,2,4,2
251,STU100251,Meera Sharma,Male,20,HighSchool,Student,Pune,Mobile,Low,C103,Introduction to AI,Programming,Intermediate,75,4.5,5,26,48.4,0,3.4,5,10,4.8,3,6,0,65.1,79.2,38.9,1,18-10-2024,Debit Card,Yes,No,5931,64,3,1,3.5,Completed,1,2,2,1,1,2,4,1
252,STU100252,Nikhil Kumar,Male,17,Diploma,Employed,Indore,Mobile,Medium,C102,Data Analysis with Python,Programming,Intermediate,60,4.7,3,29,20.2,2,0.5,35,9,8.4,4,6,3,58.4,68.5,34.5,2,21-08-2025,Free,No,No,0,54,2,0,3.7,Not Completed,1,1,0,1,2,2,4,2
253,STU100253,Priya Kumar,Male,26,Master,Employed,Mumbai,Laptop,Medium,C104,Digital Marketing Essentials,Marketing,Beginner,30,4.3,6,41,32.8,3,0.5,2,2,4.1,6,4,5,59.3,83.3,51.6,0,18-09-2025,Credit Card,Yes,No,3477,48,1,1,5.0,Not Completed,1,3,0,0,2,1,2,0
254,STU100254,Vivaan Bose,Male,20,Bachelor,Employed,Jaipur,Laptop,Medium,C106,Machine Learning A-Z,Programming,Advanced,90,4.6,5,32,63.4,1,0.9,3,5,6.6,2,8,5,67.4,63.7,37.4,2,05-08-2024,Debit Card,Yes,No,6446,44,0,1,5.0,Not Completed,1,0,0,0,2,0,4,1
255,STU100255,Rohan Bhardwaj,Female,22,Bachelor,Employed,Vadodara,Laptop,High,C103,Introduction to AI,Programming,Intermediate,75,4.5,5,46,78.4,0,1.5,3,7,5.2,1,9,2,75.6,43.2,35.6,4,29-07-2025,Free,No,Yes,0,95,4,0,4.2,Not Completed,0,0,0,0,0,2,4,2
256,STU100256,Krishna Bhardwaj,Female,24,Bachelor,Student,Ahmedabad,Laptop,Low,C106,Machine Learning A-Z,Programming,Advanced,90,4.6,3,38,54.1,5,0.5,9,5,10.0,3,7,3,93.6,66.1,40.2,1,22-08-2025,UPI,Yes,Yes,5498,48,1,0,4.5,Not Completed,0,0,2,0,1,0,4,5
257,STU100257,Arjun Iyer,Male,17,Master,Employed,Delhi,Mobile,Low,C108,Excel for Business,Business,Beginner,25,4.1,6,53,74.5,3,3.7,16,3,5.8,3,7,2,65.1,64.8,47.3,6,08-08-2025,NetBanking,Yes,No,2974,74,9,1,4.2,Completed,1,3,0,1,1,1,0,3
258,STU100258,Vivaan Kumar,Female,30,Master,Employed,Vadodara,Laptop,Medium,C103,Introduction to AI,Programming,Intermediate,75,4.5,4,57,72.8,1,4.4,9,8,5.5,8,2,4,82.8,83.5,77.6,0,01-06-2025,Debit Card,Yes,Yes,5372,95,3,0,3.5,Completed,0,3,0,0,2,2,4,1
259,STU100259,Sneha Nair,Male,24,Master,Employed,Bengaluru,Mobile,High,C101,Python Basics,Programming,Beginner,45,4.6,4,34,77.6,2,5.3,4,6,5.9,7,2,2,71.2,70.1,72.7,1,14-08-2024,Credit Card,Yes,Yes,3854,56,3,1,3.4,Completed,1,3,0,1,0,1,4,0
260,STU100260,Pooja Nair,Male,35,Bachelor,Unemployed,Chennai,Mobile,Medium,C102,Data Analysis with Python,Programming,Intermediate,60,4.7,8,29,83.3,6,0.5,2,5,6.3,5,5,3,59.8,51.0,61.7,2,29-02-2024,Credit Card,Yes,No,5024,95,2,2,5.0,Completed,1,0,3,1,2,2,4,0
261,STU100261,Rahul Bose,Female,17,HighSchool,Employed,Hyderabad,Mobile,Medium,C104,Digital Marketing Essentials,Marketing,Beginner,30,4.3,6,45,74.4,2,4.0,0,6,3.1,2,8,9,67.2,63.2,41.2,4,22-07-2024,Debit Card,Yes,No,3423,77,3,0,4.9,Not Completed,0,2,0,1,2,1,2,1
262,STU100262,Sai Kumar,Male,35,Bachelor,Employed,Bhopal,Mobile,Medium,C107,Statistics for Data Science,Math,Intermediate,50,4.2,5,21,46.0,3,5.5,8,7,7.3,3,7,4,60.0,79.0,38.0,1,21-02-2025,Debit Card,Yes,Yes,3865,41,2,1,5.0,Not Completed,1,0,0,1,2,2,3,1
263,STU100263,Ananya Nair,Female,34,HighSchool,Employed,Nagpur,Mobile,High,C103,Introduction to AI,Programming,Intermediate,75,4.5,5,22,51.6,1,4.7,43,1,3.7,5,4,4,63.3,63.6,51.2,2,11-02-2024,UPI,Yes,No,6203,56,1,0,3.2,Not Completed,0,2,0,1,0,2,4,5
264,STU100264,Kavya Sharma,Female,24,Bachelor,Unemployed,Bengaluru,Laptop,High,C106,Machine Learning A-Z,Programming,Advanced,90,4.6,2,56,47.0,2,0.5,4,4,2.1,5,5,4,88.8,74.8,50.2,0,04-06-2024,Credit Card,Yes,No,6309,78,1,2,4.3,Not Completed,0,0,3,0,0,0,4,0
265,STU100265,Priya Shah,Male,26,HighSchool,Employed,Vadodara,Laptop,High,C104,Digital Marketing Essentials,Marketing,Beginner,30,4.3,4,51,43.9,1,0.9,1,6,7.3,4,6,5,73.2,40.3,41.4,2,17-01-2024,UPI,Yes,No,3384,50,0,2,2.8,Not Completed,1,2,0,0,0,1,2,5
266,STU100266,Priya Patel,Female,34,Bachelor,Employed,Ahmedabad,Mobile,Medium,C104,Digital Marketing Essentials,Marketing,Beginner,30,4.3,3,37,89.3,3,4.4,11,7,7.5,5,5,2,59.5,90.8,65.8,0,24-01-2025,Credit Card,Yes,Yes,2924,95,2,2,3.5,Completed,0,0,0,1,2,1,2,0
267,STU100267,Sneha Iyer,Male,29,Bachelor,Employed,Indore,Mobile,Low,C106,Machine Learning A-Z,Programming,Advanced,90,4.6,3,50,75.3,1,5.8,13,2,4.1,2,8,4,61.5,82.2,42.4,5,06-06-2025,Debit Card,Yes,No,7066,44,1,1,4.0,Not Completed,1,0,0,1,1,0,4,1
268,STU100268,Priya Shah,Female,24,Master,Student,Lucknow,Laptop,Medium,C108,Excel for Business,Business,Beginner,25,4.1,3,32,86.0,2,9.6,12,7,7.8,6,4,5,94.3,100.0,71.1,3,04-02-2024,Credit Card,Yes,No,3168,63,6,0,5.0,Completed,0,3,2,0,2,1,0,0
269,STU100269,Rohan Reddy,Male,33,Bachelor,Student,Mumbai,Mobile,High,C105,UI/UX Design Fundamentals,Design,Beginner,40,4.4,2,33,91.3,0,6.6,15,6,5.9,6,4,4,76.4,68.0,71.4,0,13-05-2025,Scholarship,No,No,1653,55,3,0,2.3,Completed,1,0,2,1,0,1,1,4
270,STU100270,Pooja Bose,Male,31,Bachelor,Student,Jaipur,Mobile,High,C102,Data Analysis with Python,Programming,Intermediate,60,4.7,5,35,34.2,1,1.1,6,2,5.9,7,2,2,74.4,80.4,58.0,0,20-12-2023,Credit Card,Yes,Yes,4159,62,1,0,5.0,Completed,1,0,2,1,0,2,4,0
271,STU100271,Kavya Bose,Male,19,Bachelor,Employed,Indore,Mobile,Medium,C102,Data Analysis with Python,Programming,Intermediate,60,4.7,3,28,45.0,2,10.1,1,3,2.1,2,8,2,81.8,89.4,32.2,0,08-12-2024,Debit Card,Yes,No,4691,80,2,0,2.9,Not Completed,1,0,0,1,2,2,4,1
272,STU100272,Vihaan Verma,Female,20,PhD,Employed,Mumbai,Mobile,High,C108,Excel for Business,Business,Beginner,25,4.1,7,28,30.4,3,5.0,8,3,3.8,7,3,3,75.0,92.2,57.3,0,23-08-2024,NetBanking,Yes,No,3257,74,1,0,3.1,Completed,0,4,0,1,0,1,0,3
273,STU100273,Meera Sharma,Female,21,Master,Student,Delhi,Mobile,Medium,C102,Data Analysis with Python,Programming,Intermediate,60,4.7,2,36,52.0,3,13.9,16,1,8.7,3,7,3,75.3,50.9,38.7,1,19-04-2025,NetBanking,Yes,No,4963,59,1,1,3.1,Completed,0,3,2,1,2,2,4,3
274,STU100274,Arjun Mehta,Female,27,Diploma,Student,Kolkata,Laptop,Medium,C103,Introduction to AI,Programming,Intermediate,75,4.5,2,42,38.0,3,8.3,9,5,8.5,3,7,0,52.8,86.1,35.6,3,29-09-2025,NetBanking,Yes,No,6283,66,6,3,4.8,Completed,0,1,2,0,2,2,4,3
275,STU100275,Rahul Mehta,Female,26,Bachelor,Self-Employed,Jaipur,Mobile,Medium,C106,Machine Learning A-Z,Programming,Advanced,90,4.6,4,27,49.3,1,5.6,4,7,5.5,3,7,6,78.1,49.9,37.7,2,23-03-2024,UPI,Yes,Yes,5767,66,3,0,5.0,Completed,0,0,1,1,2,0,4,5
276,STU100276,Isha Iyer,Female,27,Bachelor,Unemployed,Delhi,Mobile,Medium,C107,Statistics for Data Science,Math,Intermediate,50,4.2,2,45,52.6,1,6.4,7,4,7.2,6,3,3,67.1,81.4,58.5,4,08-07-2025,Debit Card,Yes,No,4610,73,2,1,4.0,Not Completed,0,0,3,1,2,2,3,1
277,STU100277,Isha Kumar,Female,19,Master,Student,Mumbai,Laptop,High,C106,Machine Learning A-Z,Programming,Advanced,90,4.6,5,24,86.3,1,0.5,5,6,7.8,6,4,4,69.2,38.1,68.1,2,26-05-2024,Debit Card,Yes,No,7135,41,2,1,4.2,Completed,0,3,2,0,0,0,4,1
278,STU100278,Kavya Reddy,Male,23,Master,Employed,Pune,Laptop,Medium,C107,Statistics for Data Science,Math,Intermediate,50,4.2,3,41,54.0,3,0.5,5,7,7.6,7,3,4,76.9,73.1,64.6,5,26-01-2024,Debit Card,Yes,Yes,3665,77,2,0,4.5,Not Completed,1,3,0,0,2,2,3,1
279,STU100279,Sneha Gupta,Male,17,PhD,Student,Bhopal,Laptop,Medium,C108,Excel for Business,Business,Beginner,25,4.1,5,33,70.3,4,0.5,0,5,5.3,4,6,2,90.5,63.8,51.8,6,18-10-2024,UPI,Yes,No,3076,30,2,2,4.4,Completed,1,4,2,0,2,1,0,5
280,STU100280,Vivaan Mehta,Female,18,Master,Employed,Ahmedabad,Laptop,Medium,C102,Data Analysis with Python,Programming,Intermediate,60,4.7,3,20,82.9,4,0.5,10,7,5.6,6,4,5,69.7,80.7,69.1,4,19-02-2024,Free,No,No,0,64,4,0,5.0,Not Completed,0,3,0,0,2,2,4,2
281,STU100281,Kavya Sharma,Male,25,HighSchool,Employed,Lucknow,Mobile,High,C102,Data Analysis with Python,Programming,Intermediate,60,4.7,4,49,46.0,2,0.5,4,4,7.8,4,6,3,64.5,68.4,43.5,2,01-08-2025,Free,No,No,0,55,4,0,4.9,Not Completed,1,2,0,1,0,2,4,2
282,STU100282,Sakshi Patel,Female,30,Diploma,Student,Mumbai,Laptop,Medium,C107,Statistics for Data Science,Math,Intermediate,50,4.2,3,56,77.2,2,0.8,1,4,6.5,7,2,2,68.2,90.8,73.6,2,22-06-2024,Free,No,Yes,0,100,2,2,4.2,Completed,0,1,2,0,2,2,3,2
283,STU100283,Arjun Desai,Female,26,Bachelor,Student,Jaipur,Mobile,High,C102,Data Analysis with Python,Programming,Intermediate,60,4.7,5,41,80.7,4,5.6,0,5,3.0,6,4,6,61.8,82.7,68.4,3,06-05-2025,Credit Card,Yes,No,5459,66,2,0,5.0,Completed,0,0,2,1,0,2,4,0
284,STU100284,Krishna Bhardwaj,Male,24,Bachelor,Student,Pune,Mobile,Medium,C107,Statistics for Data Science,Math,Intermediate,50,4.2,4,30,67.8,2,3.5,7,2,6.8,5,5,2,57.4,63.1,56.9,6,11-06-2024,Scholarship,No,No,965,68,2,1,3.7,Not Completed,1,0,2,1,2,2,3,4
285,STU100285,Pooja Desai,Male,28,Bachelor,Employed,Bengaluru,Mobile,Low,C107,Statistics for Data Science,Math,Intermediate,50,4.2,5,30,38.5,2,0.5,1,6,5.8,4,6,3,64.7,54.5,40.2,1,18-06-2025,UPI,Yes,Yes,3542,51,3,2,3.4,Not Completed,1,0,0,1,1,2,3,5
286,STU100286,Aarav Kumar,Female,27,Master,Student,Nagpur,Mobile,Low,C108,Excel for Business,Business,Beginner,25,4.1,2,41,76.3,0,0.5,2,5,5.2,5,5,4,55.6,48.4,59.1,1,27-02-2024,Free,No,No,0,53,3,1,4.2,Not Completed,0,3,2,1,1,1,0,2
287,STU100287,Rahul Kumar,Female,43,Master,Student,Vadodara,Laptop,Medium,C102,Data Analysis with Python,Programming,Intermediate,60,4.7,6,42,71.6,4,15.9,2,5,8.3,5,4,0,77.7,51.7,57.6,1,23-08-2025,Credit Card,Yes,Yes,4109,77,6,0,3.2,Completed,0,3,2,0,2,2,4,0
288,STU100288,Aarav Verma,Female,34,Bachelor,Employed,Mumbai,Mobile,Medium,C103,Introduction to AI,Programming,Intermediate,75,4.5,7,43,92.7,4,8.2,12,3,7.1,4,6,2,65.4,69.5,59.9,1,16-06-2024,UPI,Yes,No,5832,65,1,1,4.2,Completed,0,0,0,1,2,2,4,5
289,STU100289,Nikhil Joshi,Other,28,Master,Employed,Mumbai,Mobile,High,C102,Data Analysis with Python,Programming,Intermediate,60,4.7,5,36,24.3,1,1.2,8,4,6.5,5,5,7,80.7,83.6,42.7,2,09-12-2023,Debit Card,Yes,No,4880,67,3,0,4.9,Not Completed,2,3,0,1,0,2,4,1
290,STU100290,Arjun Nair,Female,20,Diploma,Employed,Chennai,Mobile,High,C104,Digital Marketing Essentials,Marketing,Beginner,30,4.3,5,38,60.2,2,0.5,4,8,4.9,2,8,7,51.1,61.0,36.1,1,21-12-2023,Credit Card,Yes,No,3619,84,0,3,5.0,Not Completed,0,1,0,1,0,1,2,0
291,STU100291,Meera Reddy,Female,26,Master,Employed,Vadodara,Mobile,High,C103,Introduction to AI,Programming,Intermediate,75,4.5,5,36,14.7,1,1.2,2,3,8.1,7,3,2,60.4,81.8,51.2,2,15-06-2025,Scholarship,No,No,2187,100,1,1,4.2,Not Completed,0,3,0,1,0,2,4,4
292,STU100292,Vihaan Reddy,Male,19,Bachelor,Student,Surat,Mobile,Medium,C102,Data Analysis with Python,Programming,Intermediate,60,4.7,2,36,30.5,2,1.7,6,7,7.4,5,5,5,67.9,69.1,44.1,0,07-07-2025,Credit Card,Yes,Yes,4516,58,1,2,4.7,Completed,1,0,2,1,2,2,4,0
293,STU100293,Vivaan Nair,Male,18,Bachelor,Employed,Vadodara,Mobile,Low,C108,Excel for Business,Business,Beginner,25,4.1,3,11,57.7,1,5.3,20,5,6.1,5,4,4,65.6,64.1,53.4,1,21-08-2025,Credit Card,Yes,Yes,2890,80,1,1,4.7,Completed,1,0,0,1,1,1,0,0
294,STU100294,Ritika Kumar,Female,27,HighSchool,Self-Employed,Kolkata,Mobile,High,C105,UI/UX Design Fundamentals,Design,Beginner,40,4.4,5,28,43.7,2,3.0,7,3,5.2,3,7,4,87.7,70.5,36.8,1,17-11-2023,NetBanking,Yes,No,3614,53,2,1,3.4,Not Completed,0,2,1,1,0,1,1,3
295,STU100295,Vivaan Reddy,Male,29,Bachelor,Employed,Nagpur,Laptop,Medium,C103,Introduction to AI,Programming,Intermediate,75,4.5,8,19,58.2,2,3.4,6,7,9.9,4,6,5,78.4,54.9,47.1,0,18-09-2025,Scholarship,No,No,2506,64,2,1,4.8,Not Completed,1,0,0,0,2,2,4,4
296,STU100296,Vihaan Reddy,Male,30,Master,Student,Indore,Laptop,Medium,C108,Excel for Business,Business,Beginner,25,4.1,4,28,95.7,2,0.5,4,4,2.9,4,5,3,71.3,53.5,60.2,1,31-12-2023,Credit Card,Yes,No,3004,83,3,0,4.0,Completed,1,3,2,0,2,1,0,0
297,STU100297,Aditya Joshi,Male,17,Diploma,Employed,Jaipur,Mobile,Medium,C101,Python Basics,Programming,Beginner,45,4.6,6,35,80.6,4,0.5,0,6,8.7,5,5,4,65.3,70.8,61.7,1,23-02-2024,UPI,Yes,No,4629,94,3,2,3.2,Not Completed,1,1,0,1,2,1,4,5
298,STU100298,Neha Bhardwaj,Male,29,Bachelor,Student,Lucknow,Laptop,High,C105,UI/UX Design Fundamentals,Design,Beginner,40,4.4,2,42,83.0,3,0.5,9,4,3.8,5,5,7,52.5,78.0,62.9,2,13-09-2024,Debit Card,Yes,No,3745,65,6,0,4.2,Completed,1,0,2,0,0,1,1,1
299,STU100299,Priya Bhardwaj,Male,35,Bachelor,Employed,Surat,Mobile,Medium,C102,Data Analysis with Python,Programming,Intermediate,60,4.7,3,37,55.6,5,1.6,15,3,6.1,6,4,4,81.5,56.1,58.3,4,17-03-2025,Scholarship,No,No,1632,100,1,0,3.3,Completed,1,0,0,1,2,2,4,4
300,STU100300,Sakshi Mehta,Female,29,Bachelor,Student,Delhi,Mobile,Medium,C107,Statistics for Data Science,Math,Intermediate,50,4.2,5,63,53.3,1,6.5,11,6,3.9,5,4,4,49.5,58.0,51.5,4,11-02-2024,UPI,Yes,Yes,4046,100,0,0,5.0,Not Completed,0,0,2,1,2,2,3,5
301,STU100301,Rahul Nair,Female,28,Bachelor,Employed,Nagpur,Mobile,Medium,C102,Data Analysis with Python,Programming,Intermediate,60,4.7,6,34,45.8,1,8.7,3,5,9.1,5,5,3,85.8,70.4,49.6,4,21-01-2025,NetBanking,Yes,No,4916,49,1,1,2.9,Not Completed,0,0,0,1,2,2,4,3
302,STU100302,Rohan Mehta,Female,32,Master,Employed,Hyderabad,Mobile,High,C107,Statistics for Data Science,Math,Intermediate,50,4.2,2,43,46.2,6,7.2,19,2,8.1,3,7,4,69.3,48.2,36.6,0,28-11-2024,Debit Card,Yes,Yes,3524,100,0,2,5.0,Not Completed,0,3,0,1,0,2,3,1
303,STU100303,Isha Nair,Male,19,Master,Unemployed,Delhi,Laptop,High,C102,Data Analysis with Python,Programming,Intermediate,60,4.7,7,51,68.9,1,3.2,3,7,8.6,5,5,3,70.0,77.6,58.0,2,01-09-2024,Debit Card,Yes,No,5243,93,4,1,5.0,Completed,1,3,3,0,0,2,4,1
304,STU100304,Neha Joshi,Male,33,Master,Employed,Bengaluru,Mobile,Medium,C106,Machine Learning A-Z,Programming,Advanced,90,4.6,4,21,51.9,0,0.5,3,6,4.1,6,4,1,71.0,78.4,58.1,1,13-02-2025,UPI,Yes,Yes,5473,46,3,1,3.3,Not Completed,1,3,0,1,2,0,4,5
305,STU100305,Aditya Sharma,Female,25,HighSchool,Student,Nagpur,Tablet,Low,C101,Python Basics,Programming,Beginner,45,4.6,5,34,70.6,3,1.9,1,7,9.6,5,5,4,60.2,53.1,57.4,2,01-01-2025,Debit Card,Yes,No,3903,38,3,3,3.4,Not Completed,0,2,2,2,1,1,4,1
306,STU100306,Vihaan Nair,Female,19,Master,Employed,Indore,Laptop,Low,C103,Introduction to AI,Programming,Intermediate,75,4.5,4,28,54.3,3,0.5,3,4,7.5,7,3,3,70.4,51.5,63.6,3,27-02-2024,Debit Card,Yes,Yes,4597,66,0,2,3.7,Completed,0,3,0,0,1,2,4,1
307,STU100307,Rahul Patel,Female,27,Bachelor,Employed,Jaipur,Tablet,High,C108,Excel for Business,Business,Beginner,25,4.1,5,42,76.6,2,4.2,12,5,7.9,7,3,5,74.6,70.2,72.3,2,14-05-2025,Free,No,No,0,72,5,1,4.5,Completed,0,0,0,2,0,1,0,2
308,STU100308,Pooja Iyer,Male,17,Bachelor,Student,Delhi,Laptop,Medium,C103,Introduction to AI,Programming,Intermediate,75,4.5,5,34,42.4,6,5.7,11,3,6.2,5,5,4,69.9,96.5,49.7,7,28-08-2025,Credit Card,Yes,No,5179,81,1,1,5.0,Not Completed,1,0,2,0,2,2,4,0
309,STU100309,Isha Shah,Female,22,Bachelor,Student,Bhopal,Mobile,Medium,C106,Machine Learning A-Z,Programming,Advanced,90,4.6,4,35,75.3,2,0.5,0,8,8.8,5,5,4,89.6,83.1,60.5,1,06-08-2024,Debit Card,Yes,No,6625,95,4,0,5.0,Not Completed,0,0,2,1,2,0,4,1
310,STU100310,Sakshi Kumar,Female,30,Bachelor,Student,Hyderabad,Laptop,High,C101,Python Basics,Programming,Beginner,45,4.6,4,28,48.9,2,4.5,2,8,8.7,7,3,6,77.4,67.2,62.5,2,19-03-2025,UPI,Yes,No,4131,43,4,0,4.7,Completed,0,0,2,0,0,1,4,5
311,STU100311,Krishna Verma,Female,28,Bachelor,Employed,Lucknow,Laptop,High,C104,Digital Marketing Essentials,Marketing,Beginner,30,4.3,6,39,33.8,4,11.6,4,0,5.4,5,5,4,72.6,49.4,44.3,3,04-02-2024,UPI,Yes,Yes,2685,75,3,1,5.0,Not Completed,0,0,0,0,0,1,2,5
312,STU100312,Sneha Shah,Male,30,Bachelor,Student,Surat,Mobile,Medium,C103,Introduction to AI,Programming,Intermediate,75,4.5,5,22,62.8,4,0.5,2,2,5.8,6,3,5,91.5,82.0,62.1,4,28-07-2024,Free,No,No,0,98,4,3,4.9,Not Completed,1,0,2,1,2,2,4,2
313,STU100313,Nikhil Singh,Male,20,Bachelor,Student,Vadodara,Mobile,Medium,C103,Introduction to AI,Programming,Intermediate,75,4.5,3,35,64.9,3,0.5,0,8,6.6,4,6,3,63.1,70.5,50.3,3,13-05-2025,UPI,Yes,No,5342,81,0,1,3.2,Not Completed,1,0,2,1,2,2,4,5
314,STU100314,Sakshi Bhardwaj,Male,25,Master,Student,Lucknow,Mobile,Medium,C105,UI/UX Design Fundamentals,Design,Beginner,40,4.4,6,34,92.1,2,4.0,3,6,3.4,5,5,4,70.0,71.1,65.8,7,12-11-2023,Debit Card,Yes,No,4270,77,6,3,3.3,Not Completed,1,3,2,1,2,1,1,1
315,STU100315,Sakshi Bose,Female,17,PhD,Employed,Lucknow,Laptop,High,C107,Statistics for Data Science,Math,Intermediate,50,4.2,4,37,88.2,1,3.0,5,12,6.9,6,4,1,79.6,69.4,70.4,2,16-07-2024,Free,No,No,0,88,3,1,3.3,Not Completed,0,4,0,0,0,2,3,2
316,STU100316,Aarav Verma,Male,22,Diploma,Employed,Ahmedabad,Laptop,Medium,C106,Machine Learning A-Z,Programming,Advanced,90,4.6,2,35,53.2,1,7.6,3,5,4.6,2,8,8,31.2,60.6,33.7,2,28-08-2024,UPI,Yes,Yes,5512,55,2,2,4.7,Not Completed,1,1,0,0,2,0,4,5
317,STU100317,Pooja Joshi,Male,33,Bachelor,Employed,Mumbai,Laptop,Medium,C102,Data Analysis with Python,Programming,Intermediate,60,4.7,5,34,69.3,1,10.2,7,3,10.0,5,5,3,90.2,67.2,57.6,1,11-03-2024,Debit Card,Yes,No,4656,76,2,1,4.8,Completed,1,0,0,0,2,2,4,1
318,STU100318,Nikhil Iyer,Female,22,Bachelor,Employed,Chennai,Laptop,Low,C101,Python Basics,Programming,Beginner,45,4.6,5,29,80.3,2,0.5,5,7,4.9,5,5,4,96.2,58.9,61.1,2,26-07-2025,Credit Card,Yes,Yes,3734,61,0,1,5.0,Not Completed,0,0,0,0,1,1,4,0
319,STU100319,Aarav Sharma,Male,20,Bachelor,Student,Indore,Mobile,Medium,C104,Digital Marketing Essentials,Marketing,Beginner,30,4.3,3,51,71.1,1,8.7,6,6,6.0,6,4,3,68.0,58.0,63.8,2,05-11-2024,UPI,Yes,No,3476,100,1,0,3.7,Not Completed,1,0,2,1,2,1,2,5
320,STU100320,Isha Reddy,Female,31,Master,Student,Hyderabad,Mobile,High,C101,Python Basics,Programming,Beginner,45,4.6,4,29,90.7,2,0.5,9,3,7.2,3,7,2,68.3,59.4,52.7,1,31-08-2024,UPI,Yes,No,4494,79,0,1,4.4,Completed,0,3,2,1,0,1,4,5
321,STU100321,Pooja Desai,Female,23,Bachelor,Self-Employed,Jaipur,Laptop,Medium,C105,UI/UX Design Fundamentals,Design,Beginner,40,4.4,6,45,69.8,1,0.5,0,9,8.1,5,5,7,87.4,80.5,58.4,3,09-12-2023,Free,No,No,0,63,2,0,4.4,Completed,0,0,1,0,2,1,1,2
322,STU100322,Arjun Verma,Female,30,Bachelor,Student,Vadodara,Mobile,Medium,C105,UI/UX Design Fundamentals,Design,Beginner,40,4.4,5,21,52.8,2,7.0,11,8,5.6,5,5,4,50.9,93.9,53.2,2,06-09-2025,UPI,Yes,No,4307,52,1,1,5.0,Completed,0,0,2,1,2,1,1,5
323,STU100323,Aditya Kumar,Female,24,Master,Employed,Kolkata,Mobile,Medium,C105,UI/UX Design Fundamentals,Design,Beginner,40,4.4,4,34,82.6,1,5.2,5,4,4.5,6,4,8,92.2,62.1,68.0,2,25-02-2025,Scholarship,No,No,522,78,2,1,4.7,Completed,0,3,0,1,2,1,1,4
324,STU100324,Sakshi Reddy,Female,21,Master,Employed,Chennai,Laptop,Medium,C102,Data Analysis with Python,Programming,Intermediate,60,4.7,6,40,86.0,3,6.3,10,3,8.4,4,6,5,65.9,69.0,57.5,5,24-03-2025,NetBanking,Yes,No,5401,38,0,1,5.0,Not Completed,0,3,0,0,2,2,4,3
325,STU100325,Vihaan Joshi,Female,23,Bachelor,Student,Chennai,Mobile,Medium,C101,Python Basics,Programming,Beginner,45,4.6,4,34,38.9,1,0.5,1,2,2.5,4,6,3,72.7,67.9,41.0,4,10-09-2025,NetBanking,Yes,No,4222,65,2,1,5.0,Completed,0,0,2,1,2,1,4,3
326,STU100326,Nikhil Reddy,Male,24,Bachelor,Student,Surat,Mobile,Medium,C106,Machine Learning A-Z,Programming,Advanced,90,4.6,6,44,87.5,3,7.2,9,7,7.3,2,8,4,62.9,60.2,45.6,0,02-12-2023,Free,No,Yes,0,62,2,1,4.7,Not Completed,1,0,2,1,2,0,4,2
327,STU100327,Rohan Mehta,Male,30,Master,Employed,Jaipur,Tablet,High,C101,Python Basics,Programming,Beginner,45,4.6,7,31,76.2,1,5.1,2,8,5.1,3,7,3,62.7,60.2,47.7,1,13-05-2024,Debit Card,Yes,No,3842,62,1,1,3.7,Completed,1,3,0,2,0,1,4,1
328,STU100328,Ananya Singh,Female,23,Bachelor,Employed,Vadodara,Mobile,Low,C101,Python Basics,Programming,Beginner,45,4.6,4,26,75.5,0,0.5,2,6,7.1,6,3,1,86.6,66.5,65.8,1,04-07-2024,Scholarship,No,No,464,66,3,0,4.8,Completed,0,0,0,1,1,1,4,4
329,STU100329,Ananya Joshi,Male,33,Master,Student,Delhi,Laptop,Medium,C101,Python Basics,Programming,Beginner,45,4.6,5,53,70.7,1,8.6,1,6,3.2,8,2,4,82.0,80.1,76.8,5,30-12-2024,UPI,Yes,No,4481,50,1,0,4.5,Completed,1,3,2,0,2,1,4,5
330,STU100330,Sai Verma,Male,24,Master,Student,Chennai,Mobile,High,C104,Digital Marketing Essentials,Marketing,Beginner,30,4.3,9,48,60.2,4,11.7,1,6,8.9,4,6,5,95.2,52.8,47.7,8,08-06-2024,Scholarship,No,No,309,100,3,0,5.0,Completed,1,3,2,1,0,1,2,4
331,STU100331,Ritika Gupta,Male,31,Bachelor,Employed,Nagpur,Laptop,Medium,C106,Machine Learning A-Z,Programming,Advanced,90,4.6,3,26,50.3,2,0.5,1,6,7.1,6,4,3,90.5,71.8,57.2,4,13-10-2024,UPI,Yes,No,6598,77,2,0,4.7,Not Completed,1,0,0,0,2,0,4,5
332,STU100332,Aditya Mehta,Male,35,Bachelor,Employed,Nagpur,Mobile,High,C106,Machine Learning A-Z,Programming,Advanced,90,4.6,6,45,73.0,5,1.0,0,5,3.5,3,7,1,65.5,40.9,45.6,2,05-01-2025,UPI,Yes,No,6230,83,3,1,4.6,Completed,1,0,0,1,0,0,4,5
333,STU100333,Aarav Reddy,Female,24,Master,Employed,Bhopal,Mobile,Medium,C101,Python Basics,Programming,Beginner,45,4.6,7,46,64.8,1,7.5,0,7,5.6,4,6,5,71.3,54.8,49.4,3,01-09-2024,UPI,Yes,No,4062,84,2,1,2.8,Completed,0,3,0,1,2,1,4,5
334,STU100334,Nikhil Mehta,Female,26,Bachelor,Employed,Jaipur,Laptop,Medium,C103,Introduction to AI,Programming,Intermediate,75,4.5,5,40,70.6,4,7.7,2,10,8.2,3,7,3,78.4,85.8,47.0,4,02-08-2025,Scholarship,No,No,1654,70,6,1,3.3,Not Completed,0,0,0,0,2,2,4,4
335,STU100335,Isha Kumar,Female,26,Master,Student,Delhi,Laptop,Medium,C103,Introduction to AI,Programming,Intermediate,75,4.5,4,31,77.4,3,6.4,2,5,5.0,4,5,6,73.1,72.6,54.7,6,13-09-2024,UPI,Yes,Yes,4490,71,7,1,3.1,Not Completed,0,3,2,0,2,2,4,5
336,STU100336,Sai Desai,Other,26,HighSchool,Employed,Jaipur,Mobile,Medium,C104,Digital Marketing Essentials,Marketing,Beginner,30,4.3,3,28,62.1,1,10.2,0,7,8.3,6,4,5,81.7,77.8,61.6,2,22-09-2025,UPI,Yes,No,3770,50,7,1,4.5,Not Completed,2,2,0,1,2,1,2,5
337,STU100337,Sneha Sharma,Male,28,Bachelor,Student,Chennai,Laptop,High,C107,Statistics for Data Science,Math,Intermediate,50,4.2,4,48,55.0,1,7.8,6,11,6.4,6,3,12,75.2,55.3,58.0,2,22-06-2024,Scholarship,No,No,1093,82,0,0,3.0,Completed,1,0,2,0,0,2,3,4
338,STU100338,Isha Bhardwaj,Female,29,HighSchool,Student,Chennai,Mobile,Medium,C104,Digital Marketing Essentials,Marketing,Beginner,30,4.3,6,36,93.0,4,1.8,5,5,2.4,4,6,3,87.3,63.2,59.7,2,25-11-2024,Debit Card,Yes,No,3849,95,3,2,5.0,Completed,0,2,2,1,2,1,2,1
339,STU100339,Ananya Nair,Male,26,Bachelor,Employed,Hyderabad,Mobile,Medium,C102,Data Analysis with Python,Programming,Intermediate,60,4.7,6,33,88.3,3,6.4,3,8,9.8,7,3,2,60.5,65.1,76.2,0,06-04-2024,UPI,Yes,No,4981,36,5,0,4.3,Completed,1,0,0,1,2,2,4,5
340,STU100340,Aditya Gupta,Female,26,Bachelor,Employed,Lucknow,Mobile,Medium,C101,Python Basics,Programming,Beginner,45,4.6,2,24,47.5,1,7.0,4,2,5.2,6,4,3,81.1,80.5,56.6,1,22-03-2025,UPI,Yes,No,3832,58,1,3,3.0,Not Completed,0,0,0,1,2,1,4,5
341,STU100341,Krishna Bose,Male,29,HighSchool,Unemployed,Vadodara,Mobile,High,C103,Introduction to AI,Programming,Intermediate,75,4.5,5,19,25.2,1,0.5,4,2,3.3,7,2,3,81.4,69.9,54.3,2,07-08-2025,UPI,Yes,Yes,4583,46,1,0,3.9,Not Completed,1,2,3,1,0,2,4,5
342,STU100342,Arjun Singh,Female,19,Diploma,Student,Delhi,Laptop,Medium,C101,Python Basics,Programming,Beginner,45,4.6,6,40,58.8,1,0.5,9,4,7.2,5,5,3,72.2,68.8,54.0,2,06-05-2024,Credit Card,Yes,No,4219,51,2,0,3.7,Not Completed,0,1,2,0,2,1,4,0
343,STU100343,Sai Bhardwaj,Male,33,PhD,Student,Bengaluru,Mobile,Medium,C106,Machine Learning A-Z,Programming,Advanced,90,4.6,6,25,48.6,3,11.6,0,5,7.5,7,3,5,73.8,73.9,62.7,5,18-08-2025,Credit Card,Yes,No,5919,81,8,1,5.0,Completed,1,4,2,1,2,0,4,0
344,STU100344,Aditya Verma,Female,27,PhD,Student,Vadodara,Mobile,Medium,C105,UI/UX Design Fundamentals,Design,Beginner,40,4.4,3,34,85.8,2,5.5,1,5,9.5,7,2,5,85.4,62.3,75.2,2,03-02-2025,Debit Card,Yes,No,3985,49,3,1,4.4,Not Completed,0,4,2,1,2,1,1,1
345,STU100345,Nikhil Desai,Male,29,Bachelor,Employed,Jaipur,Mobile,Medium,C103,Introduction to AI,Programming,Intermediate,75,4.5,3,30,52.7,1,0.5,5,4,3.3,7,3,7,71.0,48.1,62.8,4,17-05-2025,Scholarship,No,No,2190,29,2,2,4.5,Not Completed,1,0,0,1,2,2,4,4
346,STU100346,Sakshi Joshi,Male,17,PhD,Self-Employed,Nagpur,Tablet,Medium,C108,Excel for Business,Business,Beginner,25,4.1,2,40,71.4,1,5.6,6,10,6.9,6,4,3,73.2,59.4,63.9,5,04-09-2024,UPI,Yes,No,3399,49,2,1,5.0,Not Completed,1,4,1,2,2,1,0,5
347,STU100347,Arjun Reddy,Female,20,Master,Employed,Delhi,Mobile,High,C104,Digital Marketing Essentials,Marketing,Beginner,30,4.3,8,33,75.9,5,11.5,5,5,4.6,5,5,2,78.9,33.9,58.3,2,24-07-2025,UPI,Yes,No,3797,89,1,1,4.2,Not Completed,0,3,0,1,0,1,2,5
348,STU100348,Ananya Desai,Female,20,HighSchool,Student,Ahmedabad,Mobile,Medium,C105,UI/UX Design Fundamentals,Design,Beginner,40,4.4,2,49,66.1,1,0.5,14,5,3.3,4,6,1,69.7,58.0,50.0,4,11-10-2024,Free,No,No,0,37,0,1,2.9,Completed,0,2,2,1,2,1,1,2
349,STU100349,Ritika Sharma,Male,19,HighSchool,Student,Ahmedabad,Laptop,Medium,C104,Digital Marketing Essentials,Marketing,Beginner,30,4.3,6,27,39.8,3,11.8,1,4,4.8,4,6,9,84.5,54.6,40.7,4,24-11-2023,Free,No,No,0,79,3,1,4.1,Not Completed,1,2,2,0,2,1,2,2
350,STU100350,Vivaan Joshi,Male,37,Bachelor,Unemployed,Nagpur,Mobile,Low,C102,Data Analysis with Python,Programming,Intermediate,60,4.7,6,21,44.7,1,0.5,2,2,8.7,4,6,2,66.9,100.0,44.6,4,07-08-2025,Debit Card,Yes,Yes,4120,83,3,3,3.4,Completed,1,0,3,1,1,2,4,1
351,STU100351,Aditya Bhardwaj,Male,30,HighSchool,Student,Jaipur,Mobile,High,C104,Digital Marketing Essentials,Marketing,Beginner,30,4.3,5,34,77.4,1,7.0,0,3,4.0,5,5,5,90.6,84.6,61.3,3,01-02-2025,Scholarship,No,No,815,54,2,0,3.8,Not Completed,1,2,2,1,0,1,2,4
352,STU100352,Nikhil Gupta,Female,37,Master,Student,Vadodara,Laptop,Medium,C106,Machine Learning A-Z,Programming,Advanced,90,4.6,3,54,33.6,4,4.5,0,5,8.9,5,5,3,89.9,80.4,45.8,2,28-11-2023,Debit Card,Yes,No,6936,41,1,0,4.2,Not Completed,0,3,2,0,2,0,4,1
353,STU100353,Kavya Bose,Male,34,Bachelor,Employed,Vadodara,Laptop,Medium,C104,Digital Marketing Essentials,Marketing,Beginner,30,4.3,6,28,79.2,0,1.0,2,1,7.1,6,4,3,59.5,71.5,67.3,3,26-04-2024,Debit Card,Yes,No,3634,100,3,1,4.6,Not Completed,1,0,0,0,2,1,2,1
354,STU100354,Pooja Bhardwaj,Female,26,Master,Student,Kolkata,Mobile,Medium,C104,Digital Marketing Essentials,Marketing,Beginner,30,4.3,5,22,89.3,1,0.5,8,6,7.4,6,4,3,47.2,100.0,72.2,1,19-12-2023,Free,No,No,0,99,1,1,5.0,Not Completed,0,3,2,1,2,1,2,2
355,STU100355,Kavya Sharma,Male,23,Master,Student,Vadodara,Mobile,Medium,C108,Excel for Business,Business,Beginner,25,4.1,6,36,82.9,5,0.5,15,8,7.8,6,4,7,79.5,72.3,68.6,1,02-10-2024,UPI,Yes,No,3180,73,1,1,5.0,Not Completed,1,3,2,1,2,1,0,5
356,STU100356,Aditya Gupta,Male,21,Bachelor,Employed,Lucknow,Laptop,High,C102,Data Analysis with Python,Programming,Intermediate,60,4.7,3,21,68.3,1,0.5,8,8,5.1,5,4,2,89.0,70.9,57.5,5,26-06-2024,Free,No,No,0,55,2,0,3.4,Not Completed,1,0,0,0,0,2,4,2
357,STU100357,Kavya Reddy,Female,26,Master,Student,Surat,Laptop,High,C104,Digital Marketing Essentials,Marketing,Beginner,30,4.3,4,42,57.9,1,5.8,4,6,9.5,7,3,5,40.4,100.0,67.3,3,27-03-2024,UPI,Yes,No,3341,75,4,3,3.9,Completed,0,3,2,0,0,1,2,5
358,STU100358,Sneha Joshi,Female,33,Bachelor,Student,Bhopal,Laptop,Medium,C102,Data Analysis with Python,Programming,Intermediate,60,4.7,7,44,66.5,2,4.1,2,6,5.6,3,7,6,73.5,52.2,43.9,3,08-12-2024,UPI,Yes,No,4607,45,2,0,3.1,Not Completed,0,0,2,0,2,2,4,5
359,STU100359,Pooja Iyer,Male,29,Bachelor,Student,Jaipur,Mobile,High,C101,Python Basics,Programming,Beginner,45,4.6,3,36,85.0,4,0.5,21,6,10.0,6,4,3,67.3,67.1,69.1,2,24-07-2025,Debit Card,Yes,No,3882,100,4,1,2.7,Completed,1,0,2,1,0,1,4,1
360,STU100360,Pooja Sharma,Female,25,Bachelor,Employed,Hyderabad,Mobile,High,C101,Python Basics,Programming,Beginner,45,4.6,8,15,76.5,4,0.5,9,3,5.3,2,8,4,68.9,95.6,43.6,3,10-09-2025,Debit Card,Yes,No,3891,65,0,0,3.0,Completed,0,0,0,1,0,1,4,1
361,STU100361,Priya Kumar,Male,17,Bachelor,Employed,Ahmedabad,Laptop,High,C106,Machine Learning A-Z,Programming,Advanced,90,4.6,5,33,90.0,0,1.2,2,7,8.0,8,2,6,63.6,67.9,82.9,1,19-08-2025,Free,No,No,0,57,3,0,5.0,Completed,1,0,0,0,0,0,4,2
362,STU100362,Sakshi Shah,Female,34,PhD,Student,Bengaluru,Laptop,Medium,C103,Introduction to AI,Programming,Intermediate,75,4.5,6,37,49.0,1,1.1,0,9,7.8,4,6,5,67.2,70.8,44.7,5,04-06-2025,UPI,Yes,No,5582,81,2,3,3.5,Completed,0,4,2,0,2,2,4,5
363,STU100363,Arjun Bose,Female,27,Bachelor,Student,Hyderabad,Laptop,High,C102,Data Analysis with Python,Programming,Intermediate,60,4.7,7,35,69.0,2,13.2,5,4,9.3,6,4,3,80.0,83.9,64.4,3,18-08-2025,Credit Card,Yes,No,4743,92,1,1,3.3,Completed,0,0,2,0,0,2,4,0
364,STU100364,Priya Verma,Female,32,Bachelor,Employed,Jaipur,Mobile,Medium,C106,Machine Learning A-Z,Programming,Advanced,90,4.6,5,34,94.9,3,4.1,5,5,5.7,4,6,4,70.2,81.5,61.3,3,11-01-2024,UPI,Yes,No,6659,71,2,1,4.6,Completed,0,0,0,1,2,0,4,5
365,STU100365,Ananya Gupta,Male,24,Master,Employed,Chennai,Laptop,Medium,C105,UI/UX Design Fundamentals,Design,Beginner,40,4.4,7,17,53.8,3,14.4,3,7,5.6,4,6,4,79.1,50.7,45.4,2,17-09-2024,UPI,Yes,Yes,3405,46,6,0,2.3,Completed,1,3,0,0,2,1,1,5
366,STU100366,Arjun Iyer,Female,23,HighSchool,Self-Employed,Indore,Mobile,Medium,C107,Statistics for Data Science,Math,Intermediate,50,4.2,4,30,36.2,1,0.6,3,5,8.5,6,4,2,61.1,88.9,53.1,2,17-09-2025,NetBanking,Yes,No,4439,80,1,1,4.8,Completed,0,2,1,1,2,2,3,3
367,STU100367,Ritika Sharma,Male,21,Bachelor,Self-Employed,Lucknow,Laptop,Medium,C106,Machine Learning A-Z,Programming,Advanced,90,4.6,7,28,71.3,4,4.1,3,3,7.7,2,7,0,88.1,88.5,41.4,1,20-03-2025,Scholarship,No,No,1967,77,1,1,3.8,Not Completed,1,0,1,0,2,0,4,4
368,STU100368,Sneha Patel,Male,26,Master,Employed,Hyderabad,Mobile,High,C102,Data Analysis with Python,Programming,Intermediate,60,4.7,3,24,58.3,5,1.9,3,6,8.3,4,6,1,71.8,63.3,47.6,6,23-05-2024,Free,No,Yes,0,15,1,1,4.8,Not Completed,1,3,0,1,0,2,4,2
369,STU100369,Pooja Desai,Male,23,PhD,Student,Kolkata,Mobile,Medium,C102,Data Analysis with Python,Programming,Intermediate,60,4.7,6,39,87.8,3,5.3,3,2,7.1,2,8,0,67.1,80.8,46.8,2,05-03-2024,Free,No,No,0,98,1,0,4.6,Not Completed,1,4,2,1,2,2,4,2
370,STU100370,Arjun Sharma,Male,39,Bachelor,Student,Ahmedabad,Mobile,Medium,C107,Statistics for Data Science,Math,Intermediate,50,4.2,3,23,68.3,2,0.5,3,9,6.2,6,4,8,72.9,59.9,62.9,1,28-01-2024,Free,No,Yes,0,35,4,1,3.5,Not Completed,1,0,2,1,2,2,3,2
371,STU100371,Ritika Desai,Female,26,Bachelor,Student,Surat,Mobile,Medium,C107,Statistics for Data Science,Math,Intermediate,50,4.2,3,28,34.6,3,4.1,2,7,3.1,7,3,6,92.2,58.6,57.0,7,08-04-2025,UPI,Yes,No,4670,76,1,1,4.7,Completed,0,0,2,1,2,2,3,5
372,STU100372,Vivaan Iyer,Female,34,Bachelor,Employed,Hyderabad,Laptop,Low,C108,Excel for Business,Business,Beginner,25,4.1,3,32,72.0,0,8.2,3,3,2.8,6,4,5,65.1,63.5,64.4,2,10-07-2025,Credit Card,Yes,No,3148,85,2,1,4.2,Completed,0,0,0,0,1,1,0,0
373,STU100373,Arjun Bhardwaj,Male,23,Master,Unemployed,Chennai,Mobile,Medium,C101,Python Basics,Programming,Beginner,45,4.6,6,41,33.1,0,4.8,5,3,8.6,4,6,3,57.9,66.9,38.9,4,19-04-2024,UPI,Yes,No,3914,88,3,1,4.8,Not Completed,1,3,3,1,2,1,4,5
374,STU100374,Sakshi Desai,Male,40,Bachelor,Employed,Bhopal,Mobile,Medium,C101,Python Basics,Programming,Beginner,45,4.6,6,31,55.9,1,12.2,0,2,8.4,6,4,4,77.8,56.4,58.4,8,07-01-2025,Credit Card,Yes,No,3952,49,4,1,4.6,Not Completed,1,0,0,1,2,1,4,0
375,STU100375,Vivaan Mehta,Male,24,Bachelor,Student,Hyderabad,Laptop,Medium,C106,Machine Learning A-Z,Programming,Advanced,90,4.6,5,39,65.5,2,9.7,8,2,5.7,6,4,4,88.6,82.0,63.0,1,16-06-2024,UPI,Yes,No,6368,73,1,0,5.0,Not Completed,1,0,2,0,2,0,4,5
376,STU100376,Kavya Bhardwaj,Male,25,Bachelor,Employed,Ahmedabad,Mobile,High,C106,Machine Learning A-Z,Programming,Advanced,90,4.6,5,23,86.8,2,0.5,6,8,3.4,5,5,6,76.2,42.1,62.5,3,18-01-2025,Credit Card,Yes,No,6645,64,1,0,4.2,Completed,1,0,0,1,0,0,4,0
377,STU100377,Rohan Gupta,Male,22,Bachelor,Unemployed,Pune,Laptop,Medium,C102,Data Analysis with Python,Programming,Intermediate,60,4.7,4,56,70.8,1,0.9,8,4,10.0,7,3,5,55.6,61.5,69.9,0,08-02-2025,UPI,Yes,No,5302,74,2,0,5.0,Not Completed,1,0,3,0,2,2,4,5
378,STU100378,Krishna Joshi,Female,32,Bachelor,Employed,Lucknow,Laptop,Low,C108,Excel for Business,Business,Beginner,25,4.1,4,31,35.7,3,8.9,10,8,4.6,5,5,5,73.2,62.9,45.6,2,10-01-2025,Free,No,No,0,64,1,1,3.2,Completed,0,0,0,0,1,1,0,2
379,STU100379,Kavya Desai,Female,24,Bachelor,Employed,Ahmedabad,Mobile,High,C107,Statistics for Data Science,Math,Intermediate,50,4.2,6,35,85.0,2,5.5,0,9,8.5,6,4,3,63.7,73.2,69.4,1,14-03-2025,Free,No,No,0,53,3,0,5.0,Completed,0,0,0,1,0,2,3,2
380,STU100380,Ritika Mehta,Male,25,Master,Unemployed,Bengaluru,Mobile,Medium,C107,Statistics for Data Science,Math,Intermediate,50,4.2,3,29,41.0,2,0.5,3,4,5.2,2,8,2,100.0,93.2,31.0,0,27-06-2025,UPI,Yes,No,4690,86,2,2,3.8,Not Completed,1,3,3,1,2,2,3,5
381,STU100381,Arjun Shah,Male,19,Master,Student,Ahmedabad,Mobile,Medium,C101,Python Basics,Programming,Beginner,45,4.6,7,34,58.7,4,10.5,1,4,7.2,7,3,3,72.8,67.6,65.9,2,20-02-2025,UPI,Yes,No,3987,100,3,4,4.6,Not Completed,1,3,2,1,2,1,4,5
382,STU100382,Sneha Gupta,Male,22,Bachelor,Student,Bhopal,Mobile,High,C101,Python Basics,Programming,Beginner,45,4.6,5,13,42.8,2,6.6,0,6,5.7,5,5,2,74.4,44.8,47.2,1,28-03-2025,Free,No,No,0,70,2,0,4.5,Not Completed,1,0,2,1,0,1,4,2
383,STU100383,Vihaan Kumar,Female,26,Bachelor,Self-Employed,Delhi,Laptop,High,C106,Machine Learning A-Z,Programming,Advanced,90,4.6,7,47,30.1,2,3.8,6,6,8.8,4,6,2,73.3,55.4,37.3,2,22-07-2024,Free,No,No,0,100,2,2,4.4,Not Completed,0,0,1,0,0,0,4,2
384,STU100384,Kavya Bose,Female,31,Master,Employed,Surat,Mobile,High,C101,Python Basics,Programming,Beginner,45,4.6,2,50,50.7,2,2.1,0,3,7.9,3,7,2,81.3,89.3,40.2,6,06-01-2025,Scholarship,No,No,461,85,1,1,4.6,Not Completed,0,3,0,1,0,1,4,4
385,STU100385,Aditya Bose,Male,23,Bachelor,Employed,Pune,Mobile,Low,C107,Statistics for Data Science,Math,Intermediate,50,4.2,3,31,25.0,2,3.1,1,4,8.3,5,5,4,64.7,64.2,42.0,2,08-10-2024,Debit Card,Yes,No,4446,90,1,1,5.0,Completed,1,0,0,1,1,2,3,1
386,STU100386,Aarav Mehta,Male,34,Bachelor,Employed,Mumbai,Laptop,Medium,C103,Introduction to AI,Programming,Intermediate,75,4.5,3,33,79.8,1,13.4,14,4,9.8,5,5,4,94.1,79.8,61.9,1,02-11-2024,Free,No,No,0,85,5,2,4.0,Completed,1,0,0,0,2,2,4,2
387,STU100387,Rohan Mehta,Male,27,Bachelor,Student,Delhi,Laptop,High,C103,Introduction to AI,Programming,Intermediate,75,4.5,8,36,89.1,3,7.4,16,6,6.5,3,7,2,80.1,59.1,52.1,4,14-11-2023,Credit Card,Yes,No,5268,86,2,2,3.5,Not Completed,1,0,2,0,0,2,4,0
388,STU100388,Pooja Bose,Female,28,Bachelor,Student,Delhi,Mobile,Medium,C107,Statistics for Data Science,Math,Intermediate,50,4.2,7,46,61.0,4,8.4,8,5,4.4,6,4,4,67.3,75.8,61.1,2,12-08-2025,NetBanking,Yes,No,4144,68,0,0,5.0,Completed,0,0,2,1,2,2,3,3
389,STU100389,Pooja Desai,Other,23,Diploma,Student,Bengaluru,Mobile,Medium,C101,Python Basics,Programming,Beginner,45,4.6,4,34,58.9,1,1.6,7,9,6.4,4,6,0,66.9,71.6,48.2,5,05-08-2024,Free,No,No,0,59,1,0,3.6,Not Completed,2,1,2,1,2,1,4,2
390,STU100390,Meera Nair,Female,36,Bachelor,Employed,Nagpur,Laptop,Medium,C101,Python Basics,Programming,Beginner,45,4.6,2,21,53.7,1,0.5,7,2,4.5,2,8,4,80.8,44.2,33.0,5,08-02-2025,Credit Card,Yes,No,4179,42,2,2,3.6,Not Completed,0,0,0,0,2,1,4,0
391,STU100391,Kavya Bhardwaj,Male,26,Bachelor,Employed,Mumbai,Laptop,Low,C108,Excel for Business,Business,Beginner,25,4.1,3,43,78.1,1,6.1,5,4,4.2,5,5,4,68.4,49.1,59.8,4,05-11-2023,Scholarship,No,Yes,1601,73,3,0,2.9,Not Completed,1,0,0,0,1,1,0,4
392,STU100392,Neha Singh,Male,32,Bachelor,Student,Nagpur,Mobile,High,C101,Python Basics,Programming,Beginner,45,4.6,6,33,82.1,3,4.1,7,4,8.2,10,0,3,84.0,84.7,93.0,3,01-07-2025,NetBanking,Yes,Yes,3924,82,7,0,4.6,Completed,1,0,2,1,0,1,4,3
393,STU100393,Ritika Mehta,Other,25,Bachelor,Employed,Delhi,Laptop,High,C107,Statistics for Data Science,Math,Intermediate,50,4.2,6,40,70.4,2,2.4,21,7,5.5,5,5,3,51.1,86.6,59.0,4,16-06-2024,Free,No,No,0,64,2,1,3.9,Not Completed,2,0,0,0,0,2,3,2
394,STU100394,Ananya Sharma,Male,22,Bachelor,Employed,Mumbai,Mobile,Low,C102,Data Analysis with Python,Programming,Intermediate,60,4.7,6,51,72.7,1,6.3,4,6,6.0,7,3,4,55.4,35.9,69.2,3,01-08-2025,Free,No,No,0,54,2,1,3.5,Completed,1,0,0,1,1,2,4,2
395,STU100395,Sakshi Reddy,Female,30,Bachelor,Employed,Delhi,Mobile,Medium,C101,Python Basics,Programming,Beginner,45,4.6,6,29,73.8,3,8.1,13,2,4.9,5,5,3,69.0,68.0,59.2,2,11-03-2025,Scholarship,No,No,1681,66,0,0,4.1,Completed,0,0,0,1,2,1,4,4
396,STU100396,Sakshi Gupta,Female,25,Bachelor,Student,Mumbai,Mobile,Medium,C105,UI/UX Design Fundamentals,Design,Beginner,40,4.4,5,35,82.4,5,0.5,49,6,10.0,3,6,2,51.9,37.2,48.7,1,27-05-2025,UPI,Yes,No,4112,74,1,1,4.1,Completed,0,0,2,1,2,1,1,5
397,STU100397,Rohan Nair,Female,24,Bachelor,Student,Bengaluru,Laptop,High,C102,Data Analysis with Python,Programming,Intermediate,60,4.7,4,30,72.2,2,3.6,0,4,8.1,5,5,5,59.4,87.3,59.6,3,18-10-2023,NetBanking,Yes,No,5268,91,3,0,3.5,Not Completed,0,0,2,0,0,2,4,3
398,STU100398,Sakshi Joshi,Male,30,Master,Employed,Pune,Mobile,High,C104,Digital Marketing Essentials,Marketing,Beginner,30,4.3,6,47,66.6,1,2.3,8,5,10.0,6,4,6,81.9,55.9,62.1,4,25-04-2024,Free,No,No,0,100,3,1,4.6,Not Completed,1,3,0,1,0,1,2,2
399,STU100399,Aditya Gupta,Male,23,Master,Employed,Hyderabad,Laptop,Medium,C101,Python Basics,Programming,Beginner,45,4.6,4,36,82.6,4,3.9,1,8,6.0,4,5,7,61.9,52.6,55.5,0,07-04-2025,UPI,Yes,No,4064,87,3,2,3.4,Not Completed,1,3,0,0,2,1,4,5
400,STU100400,Rahul Gupta,Male,34,Master,Employed,Vadodara,Laptop,Medium,C108,Excel for Business,Business,Beginner,25,4.1,5,46,56.2,2,2.1,19,5,6.5,5,5,3,72.5,71.1,53.2,1,06-05-2025,Debit Card,Yes,No,3120,74,3,1,4.7,Completed,1,3,0,0,2,1,0,1
401,STU100401,Aarav Mehta,Other,31,Bachelor,Student,Nagpur,Laptop,Medium,C104,Digital Marketing Essentials,Marketing,Beginner,30,4.3,4,42,93.7,1,2.8,1,8,8.2,7,3,9,86.8,81.4,78.9,6,28-07-2025,Free,No,No,0,86,7,0,5.0,Completed,2,0,2,0,2,1,2,2
402,STU100402,Priya Joshi,Female,33,HighSchool,Employed,Ahmedabad,Laptop,High,C106,Machine Learning A-Z,Programming,Advanced,90,4.6,8,39,69.8,0,6.8,2,6,1.9,8,2,4,61.4,62.3,75.6,0,16-10-2024,UPI,Yes,No,6824,97,0,2,3.6,Completed,0,2,0,0,0,0,4,5
403,STU100403,Aditya Joshi,Female,35,Bachelor,Student,Pune,Laptop,High,C106,Machine Learning A-Z,Programming,Advanced,90,4.6,3,36,69.8,4,3.3,3,6,9.8,6,4,4,79.7,75.0,64.2,4,21-07-2025,Credit Card,Yes,No,6758,58,4,1,3.5,Completed,0,0,2,0,0,0,4,0
404,STU100404,Vihaan Desai,Male,25,PhD,Employed,Jaipur,Mobile,Medium,C106,Machine Learning A-Z,Programming,Advanced,90,4.6,2,42,74.3,4,8.5,6,1,3.2,7,3,4,74.7,100.0,73.0,2,21-09-2024,Free,No,No,0,70,5,0,4.1,Completed,1,4,0,1,2,0,4,2
405,STU100405,Arjun Patel,Male,30,Bachelor,Student,Hyderabad,Mobile,Medium,C104,Digital Marketing Essentials,Marketing,Beginner,30,4.3,3,25,37.6,3,1.1,11,6,5.4,4,6,5,38.7,77.7,41.0,1,05-08-2025,UPI,Yes,No,3683,63,5,2,4.2,Not Completed,1,0,2,1,2,1,2,5
406,STU100406,Sai Shah,Other,22,Bachelor,Student,Vadodara,Mobile,Medium,C106,Machine Learning A-Z,Programming,Advanced,90,4.6,7,37,69.9,5,0.5,0,4,8.4,9,1,1,69.8,80.7,82.5,2,28-09-2025,Debit Card,Yes,No,7003,89,2,3,4.7,Not Completed,2,0,2,1,2,0,4,1
407,STU100407,Meera Iyer,Female,26,HighSchool,Student,Bengaluru,Mobile,Medium,C107,Statistics for Data Science,Math,Intermediate,50,4.2,7,6,83.0,1,6.8,1,11,6.9,5,4,5,93.9,35.1,60.8,2,20-12-2023,Debit Card,Yes,No,4193,33,3,3,5.0,Completed,0,2,2,1,2,2,3,1
408,STU100408,Kavya Patel,Male,21,Bachelor,Student,Ahmedabad,Mobile,High,C102,Data Analysis with Python,Programming,Intermediate,60,4.7,6,32,77.4,1,0.5,1,5,4.9,7,3,3,100.0,88.9,73.5,1,08-05-2024,NetBanking,Yes,No,5195,75,2,3,4.4,Not Completed,1,0,2,1,0,2,4,3
409,STU100409,Vivaan Joshi,Other,29,HighSchool,Employed,Bhopal,Laptop,High,C102,Data Analysis with Python,Programming,Intermediate,60,4.7,4,29,86.6,4,3.4,12,6,7.4,3,7,4,78.6,62.7,51.4,2,27-11-2024,Debit Card,Yes,No,4566,35,4,1,3.0,Not Completed,2,2,0,0,0,2,4,1
410,STU100410,Rahul Reddy,Male,17,Master,Employed,Ahmedabad,Mobile,Medium,C101,Python Basics,Programming,Beginner,45,4.6,6,35,43.6,4,2.8,0,6,10.0,2,8,6,86.5,75.1,31.0,1,09-08-2025,Credit Card,Yes,No,3932,68,1,0,3.8,Not Completed,1,3,0,1,2,1,4,0
411,STU100411,Krishna Kumar,Female,21,Bachelor,Student,Hyderabad,Mobile,Medium,C107,Statistics for Data Science,Math,Intermediate,50,4.2,4,36,74.9,2,3.7,8,5,5.6,4,6,1,62.1,66.9,53.6,1,04-12-2023,Credit Card,Yes,Yes,4016,61,2,2,5.0,Not Completed,0,0,2,1,2,2,3,0
412,STU100412,Pooja Kumar,Male,36,Bachelor,Unemployed,Delhi,Laptop,Medium,C107,Statistics for Data Science,Math,Intermediate,50,4.2,3,27,65.3,1,0.5,0,2,3.1,3,7,3,80.7,65.1,44.1,3,06-01-2025,Debit Card,Yes,Yes,3716,88,2,1,4.6,Completed,1,0,3,0,2,2,3,1
413,STU100413,Priya Nair,Male,36,Bachelor,Employed,Kolkata,Laptop,Medium,C108,Excel for Business,Business,Beginner,25,4.1,3,42,82.1,4,8.9,6,6,5.5,5,5,2,63.1,45.9,61.0,3,15-11-2024,Credit Card,Yes,No,3505,71,2,2,3.9,Completed,1,0,0,0,2,1,0,0
414,STU100414,Pooja Verma,Male,30,Bachelor,Employed,Kolkata,Mobile,Medium,C106,Machine Learning A-Z,Programming,Advanced,90,4.6,10,47,58.5,2,11.5,7,4,6.8,6,4,3,65.4,55.2,59.2,1,27-10-2024,Credit Card,Yes,No,6644,53,0,1,4.1,Not Completed,1,0,0,1,2,0,4,0
415,STU100415,Ritika Kumar,Female,27,Bachelor,Employed,Vadodara,Mobile,Medium,C101,Python Basics,Programming,Beginner,45,4.6,5,31,92.3,0,11.8,2,3,3.6,5,5,6,75.8,68.3,65.7,3,24-12-2024,Debit Card,Yes,No,4099,15,1,2,3.9,Completed,0,0,0,1,2,1,4,1
416,STU100416,Aditya Mehta,Male,25,Diploma,Employed,Jaipur,Mobile,Medium,C108,Excel for Business,Business,Beginner,25,4.1,4,32,38.5,1,0.5,3,5,5.6,6,4,5,75.7,50.7,52.0,0,18-04-2024,UPI,Yes,No,3554,46,3,1,4.1,Completed,1,1,0,1,2,1,0,5
417,STU100417,Rahul Kumar,Male,32,Bachelor,Student,Hyderabad,Laptop,Medium,C101,Python Basics,Programming,Beginner,45,4.6,5,44,83.3,7,12.9,4,6,5.6,5,5,3,67.9,53.2,61.8,0,16-09-2024,UPI,Yes,No,3843,81,3,0,4.5,Completed,1,0,2,0,2,1,4,5
418,STU100418,Ananya Kumar,Male,26,Master,Unemployed,Kolkata,Laptop,Low,C105,UI/UX Design Fundamentals,Design,Beginner,40,4.4,5,29,69.2,3,5.1,3,8,5.9,3,6,7,65.9,92.7,46.9,2,26-12-2024,Debit Card,Yes,Yes,3196,64,3,0,3.7,Completed,1,3,3,0,1,1,1,1
419,STU100419,Sai Nair,Male,27,Master,Self-Employed,Kolkata,Laptop,High,C103,Introduction to AI,Programming,Intermediate,75,4.5,6,27,85.1,2,6.2,1,4,6.0,5,5,4,56.5,92.8,64.4,0,29-11-2023,Debit Card,Yes,No,6242,65,2,0,4.9,Not Completed,1,3,1,0,0,2,4,1
420,STU100420,Sneha Bhardwaj,Female,25,PhD,Student,Chennai,Laptop,Medium,C102,Data Analysis with Python,Programming,Intermediate,60,4.7,9,44,84.6,1,4.4,3,8,10.0,6,4,1,71.2,62.8,68.7,1,14-12-2023,NetBanking,Yes,No,5172,57,7,1,3.5,Completed,0,4,2,0,2,2,4,3
421,STU100421,Aditya Iyer,Female,17,Bachelor,Student,Lucknow,Tablet,High,C103,Introduction to AI,Programming,Intermediate,75,4.5,7,23,71.6,4,3.0,4,5,8.1,3,7,3,75.2,100.0,48.0,0,25-03-2025,UPI,Yes,No,5575,72,2,1,4.8,Not Completed,0,0,2,2,0,2,4,5
422,STU100422,Sai Patel,Female,23,Bachelor,Employed,Bengaluru,Mobile,Medium,C107,Statistics for Data Science,Math,Intermediate,50,4.2,5,38,79.0,5,2.2,1,7,5.9,2,8,5,58.4,100.0,44.7,2,10-09-2025,Credit Card,Yes,No,4525,46,1,3,2.9,Completed,0,0,0,1,2,2,3,0
423,STU100423,Kavya Patel,Female,35,Bachelor,Self-Employed,Bengaluru,Mobile,Medium,C101,Python Basics,Programming,Beginner,45,4.6,5,18,84.7,1,1.3,4,10,6.7,5,5,5,73.9,52.8,62.3,2,07-08-2025,Debit Card,Yes,No,3887,79,3,0,4.8,Not Completed,0,0,1,1,2,1,4,1
424,STU100424,Sneha Joshi,Female,23,Master,Employed,Chennai,Mobile,Medium,C108,Excel for Business,Business,Beginner,25,4.1,3,48,70.4,1,7.1,0,3,8.3,4,6,4,64.8,94.4,53.4,2,19-11-2023,Debit Card,Yes,No,3371,49,3,2,4.4,Completed,0,3,0,1,2,1,0,1
425,STU100425,Sakshi Verma,Male,35,Diploma,Employed,Lucknow,Mobile,Medium,C103,Introduction to AI,Programming,Intermediate,75,4.5,5,14,88.1,1,2.4,6,5,8.0,4,6,2,76.9,72.4,58.5,4,30-10-2024,Debit Card,Yes,Yes,4686,78,2,1,4.4,Completed,1,1,0,1,2,2,4,1
426,STU100426,Sneha Reddy,Male,31,Master,Student,Vadodara,Mobile,Low,C101,Python Basics,Programming,Beginner,45,4.6,7,40,85.3,1,9.5,2,8,8.9,5,5,4,87.7,39.9,61.8,3,05-03-2024,UPI,Yes,No,4340,93,5,0,3.5,Completed,1,3,2,1,1,1,4,5
427,STU100427,Ritika Joshi,Female,35,PhD,Employed,Chennai,Mobile,Medium,C102,Data Analysis with Python,Programming,Intermediate,60,4.7,3,56,69.3,3,7.4,1,3,6.3,6,4,4,74.2,64.6,63.5,0,28-07-2024,Free,No,No,0,67,6,1,3.3,Not Completed,0,4,0,1,2,2,4,2
428,STU100428,Rohan Sharma,Male,17,Bachelor,Student,Mumbai,Laptop,Medium,C106,Machine Learning A-Z,Programming,Advanced,90,4.6,3,26,95.1,4,2.8,10,4,4.2,5,5,3,68.2,70.7,66.8,2,11-03-2025,NetBanking,Yes,No,5922,88,5,0,5.0,Completed,1,0,2,0,2,0,4,3
429,STU100429,Ritika Mehta,Female,24,Diploma,Employed,Bhopal,Mobile,Medium,C104,Digital Marketing Essentials,Marketing,Beginner,30,4.3,6,40,69.3,1,0.5,0,8,0.7,4,6,2,80.2,57.7,51.1,1,11-07-2024,Free,No,No,0,70,2,1,4.6,Not Completed,0,1,0,1,2,1,2,2
430,STU100430,Neha Nair,Female,25,HighSchool,Employed,Kolkata,Mobile,Medium,C102,Data Analysis with Python,Programming,Intermediate,60,4.7,3,30,70.3,1,7.0,2,6,9.0,2,8,4,86.1,83.7,40.8,1,04-07-2025,Scholarship,No,No,752,80,1,2,5.0,Not Completed,0,2,0,1,2,2,4,4
431,STU100431,Ananya Nair,Male,19,HighSchool,Employed,Bhopal,Tablet,Medium,C108,Excel for Business,Business,Beginner,25,4.1,6,44,35.0,3,11.0,2,3,4.0,7,3,5,86.1,62.3,57.4,6,08-05-2024,Debit Card,Yes,No,3531,75,6,0,4.5,Not Completed,1,2,0,2,2,1,0,1
432,STU100432,Vihaan Verma,Female,36,Bachelor,Student,Nagpur,Tablet,Medium,C101,Python Basics,Programming,Beginner,45,4.6,4,35,80.5,4,0.5,12,10,9.2,6,4,3,91.1,79.3,68.1,5,10-04-2024,Credit Card,Yes,No,4153,69,4,2,5.0,Completed,0,0,2,2,2,1,4,0
433,STU100433,Kavya Sharma,Female,26,Bachelor,Student,Vadodara,Laptop,High,C106,Machine Learning A-Z,Programming,Advanced,90,4.6,4,38,73.4,2,2.2,2,4,3.0,4,6,3,49.9,67.4,53.1,2,08-09-2024,Debit Card,Yes,No,6892,100,3,1,4.2,Not Completed,0,0,2,0,0,0,4,1
434,STU100434,Sneha Nair,Male,25,Bachelor,Student,Delhi,Mobile,Medium,C104,Digital Marketing Essentials,Marketing,Beginner,30,4.3,5,46,87.8,3,0.5,1,8,9.7,7,3,7,89.8,72.6,76.3,6,09-08-2024,Free,No,No,0,67,1,0,5.0,Completed,1,0,2,1,2,1,2,2
435,STU100435,Ananya Shah,Male,28,Bachelor,Employed,Bengaluru,Mobile,Low,C106,Machine Learning A-Z,Programming,Advanced,90,4.6,5,40,54.9,1,9.6,1,4,7.5,6,3,5,63.4,67.5,58.6,2,03-10-2025,Debit Card,Yes,No,6196,94,5,0,4.4,Completed,1,0,0,1,1,0,4,1
436,STU100436,Sai Desai,Female,18,Bachelor,Student,Hyderabad,Mobile,Medium,C104,Digital Marketing Essentials,Marketing,Beginner,30,4.3,3,19,46.5,1,0.5,1,5,3.7,1,9,5,93.0,56.7,25.1,5,18-02-2024,Scholarship,No,No,1314,72,4,0,5.0,Not Completed,0,0,2,1,2,1,2,4
437,STU100437,Krishna Desai,Male,23,PhD,Employed,Bengaluru,Mobile,Low,C102,Data Analysis with Python,Programming,Intermediate,60,4.7,3,26,50.0,4,6.3,0,7,6.0,7,3,8,54.0,84.4,63.7,2,05-03-2025,UPI,Yes,No,5130,65,2,1,3.2,Not Completed,1,4,0,1,1,2,4,5
438,STU100438,Aarav Joshi,Male,29,HighSchool,Student,Surat,Laptop,Medium,C104,Digital Marketing Essentials,Marketing,Beginner,30,4.3,4,32,58.5,3,0.5,3,5,3.6,5,5,5,90.6,74.0,54.2,4,06-02-2025,Free,No,No,0,69,1,1,5.0,Not Completed,1,2,2,0,2,1,2,2
439,STU100439,Rahul Verma,Female,17,Master,Employed,Jaipur,Mobile,Medium,C108,Excel for Business,Business,Beginner,25,4.1,4,50,90.2,2,3.2,1,4,5.4,7,3,5,72.3,61.9,76.7,4,23-12-2023,NetBanking,Yes,Yes,2627,63,4,0,4.0,Not Completed,0,3,0,1,2,1,0,3
440,STU100440,Ananya Mehta,Female,20,Master,Student,Indore,Mobile,Medium,C106,Machine Learning A-Z,Programming,Advanced,90,4.6,2,46,99.2,3,0.5,63,4,8.6,6,4,4,60.7,72.1,74.3,3,07-04-2025,Free,No,No,0,76,4,1,4.6,Completed,0,3,2,1,2,0,4,2
441,STU100441,Isha Desai,Male,19,HighSchool,Student,Chennai,Laptop,Medium,C107,Statistics for Data Science,Math,Intermediate,50,4.2,6,32,68.1,1,0.5,10,6,6.5,3,7,2,83.1,88.9,46.3,3,31-12-2023,UPI,Yes,No,4686,60,0,1,3.9,Not Completed,1,2,2,0,2,2,3,5
442,STU100442,Arjun Joshi,Female,20,Master,Student,Lucknow,Laptop,Medium,C101,Python Basics,Programming,Beginner,45,4.6,3,33,63.9,4,0.5,3,4,3.3,4,6,12,66.4,51.3,48.9,1,05-02-2025,Debit Card,Yes,No,4153,39,2,0,4.8,Not Completed,0,3,2,0,2,1,4,1
443,STU100443,Ritika Joshi,Male,28,Bachelor,Student,Bengaluru,Tablet,Medium,C108,Excel for Business,Business,Beginner,25,4.1,6,31,47.3,3,7.8,0,0,5.7,6,3,5,74.8,55.5,55.3,1,03-05-2025,Debit Card,Yes,No,3407,54,5,0,3.5,Completed,1,0,2,2,2,1,0,1
444,STU100444,Nikhil Verma,Other,25,Diploma,Employed,Vadodara,Mobile,High,C108,Excel for Business,Business,Beginner,25,4.1,3,30,56.1,1,0.5,7,2,4.1,6,4,1,73.9,71.4,59.2,3,02-01-2025,NetBanking,Yes,Yes,2556,71,4,2,3.8,Not Completed,2,1,0,1,0,1,0,3
445,STU100445,Ritika Bose,Female,28,Bachelor,Employed,Nagpur,Laptop,Medium,C101,Python Basics,Programming,Beginner,45,4.6,5,23,65.2,0,1.5,4,6,1.9,6,4,2,49.4,48.2,61.2,1,21-02-2024,Free,No,Yes,0,66,2,0,3.4,Completed,0,0,0,0,2,1,4,2
446,STU100446,Ritika Verma,Female,38,Bachelor,Student,Ahmedabad,Laptop,High,C101,Python Basics,Programming,Beginner,45,4.6,3,32,86.8,1,2.3,28,2,4.6,3,7,0,68.8,77.1,52.2,1,11-09-2024,UPI,Yes,No,4579,86,1,0,4.1,Completed,0,0,2,0,0,1,4,5
447,STU100447,Rohan Joshi,Male,37,Bachelor,Unemployed,Surat,Mobile,Medium,C108,Excel for Business,Business,Beginner,25,4.1,8,43,71.0,1,5.1,2,8,6.0,6,4,3,61.9,84.4,65.1,4,05-01-2024,UPI,Yes,No,3056,64,8,2,5.0,Completed,1,0,3,1,2,1,0,5
448,STU100448,Neha Singh,Female,39,Bachelor,Student,Lucknow,Mobile,Medium,C108,Excel for Business,Business,Beginner,25,4.1,6,37,73.9,2,1.5,2,3,10.0,6,4,9,77.6,59.2,64.8,3,24-07-2024,UPI,Yes,No,3543,89,2,1,4.1,Not Completed,0,0,2,1,2,1,0,5
449,STU100449,Arjun Iyer,Male,22,HighSchool,Employed,Ahmedabad,Mobile,High,C105,UI/UX Design Fundamentals,Design,Beginner,40,4.4,7,40,25.0,4,0.5,0,11,4.6,5,5,6,62.2,93.4,43.4,0,20-01-2024,Credit Card,Yes,No,4237,1,2,0,3.7,Not Completed,1,2,0,1,0,1,1,0
450,STU100450,Ritika Iyer,Female,24,Bachelor,Student,Bengaluru,Mobile,Medium,C105,UI/UX Design Fundamentals,Design,Beginner,40,4.4,7,45,53.2,5,8.5,3,7,6.7,8,2,4,78.8,77.4,70.5,5,02-06-2025,Debit Card,Yes,No,3834,83,1,1,3.1,Completed,0,0,2,1,2,1,1,1
451,STU100451,Arjun Verma,Male,20,Bachelor,Employed,Lucknow,Mobile,High,C105,UI/UX Design Fundamentals,Design,Beginner,40,4.4,5,28,42.5,3,4.9,1,6,9.4,3,7,7,82.4,75.2,36.6,2,27-06-2025,UPI,Yes,Yes,3409,48,2,0,2.2,Completed,1,0,0,1,0,1,1,5
452,STU100452,Pooja Shah,Female,21,Bachelor,Unemployed,Bhopal,Mobile,Medium,C104,Digital Marketing Essentials,Marketing,Beginner,30,4.3,8,46,90.9,5,0.5,1,12,7.9,5,5,5,73.9,87.5,66.2,2,15-11-2023,NetBanking,Yes,No,3638,64,3,0,4.6,Not Completed,0,0,3,1,2,1,2,3
453,STU100453,Aditya Patel,Female,36,Bachelor,Employed,Lucknow,Mobile,High,C106,Machine Learning A-Z,Programming,Advanced,90,4.6,5,45,80.1,1,4.3,19,3,7.4,7,3,0,66.8,56.6,72.9,2,14-07-2024,Debit Card,Yes,No,6833,47,1,1,3.5,Completed,0,0,0,1,0,0,4,1
454,STU100454,Krishna Desai,Female,17,Bachelor,Employed,Jaipur,Laptop,Low,C103,Introduction to AI,Programming,Intermediate,75,4.5,3,47,74.9,2,10.0,12,4,6.5,5,5,2,64.5,60.1,59.2,0,01-08-2025,NetBanking,Yes,No,6249,7,2,0,5.0,Completed,0,0,0,0,1,2,4,3
455,STU100455,Aarav Reddy,Female,31,Bachelor,Student,Bhopal,Laptop,High,C105,UI/UX Design Fundamentals,Design,Beginner,40,4.4,4,50,43.0,1,3.8,4,4,7.1,6,4,2,55.8,74.1,54.8,2,08-08-2024,Debit Card,Yes,No,4144,67,4,0,5.0,Not Completed,0,0,2,0,0,1,1,1
456,STU100456,Ananya Reddy,Female,21,Bachelor,Student,Pune,Mobile,High,C107,Statistics for Data Science,Math,Intermediate,50,4.2,6,48,71.0,2,8.1,5,2,9.3,3,7,3,72.2,69.2,46.3,3,17-09-2025,Credit Card,Yes,Yes,3754,69,4,1,4.3,Completed,0,0,2,1,0,2,3,0
457,STU100457,Priya Kumar,Female,35,Master,Unemployed,Kolkata,Mobile,High,C101,Python Basics,Programming,Beginner,45,4.6,4,41,91.3,4,0.5,1,7,5.2,5,4,2,66.4,41.6,64.0,4,17-12-2023,Free,No,No,0,96,0,4,3.9,Not Completed,0,3,3,1,0,1,4,2
458,STU100458,Sai Reddy,Male,24,PhD,Employed,Chennai,Mobile,Medium,C104,Digital Marketing Essentials,Marketing,Beginner,30,4.3,2,5,29.8,1,0.5,1,4,5.3,2,8,5,74.2,93.3,27.1,3,12-05-2024,Free,No,No,0,82,1,1,2.3,Not Completed,1,4,0,1,2,1,2,2
459,STU100459,Pooja Bhardwaj,Male,24,Bachelor,Employed,Bengaluru,Mobile,Medium,C102,Data Analysis with Python,Programming,Intermediate,60,4.7,3,29,45.9,2,0.5,4,6,8.8,3,7,3,84.4,72.2,37.7,2,07-09-2024,Free,No,No,0,47,4,0,3.9,Completed,1,0,0,1,2,2,4,2
460,STU100460,Sneha Mehta,Female,18,Bachelor,Employed,Bengaluru,Laptop,Low,C106,Machine Learning A-Z,Programming,Advanced,90,4.6,4,43,77.7,3,0.5,11,5,3.3,5,5,3,73.3,74.8,60.9,2,27-03-2025,Free,No,No,0,50,2,1,4.4,Not Completed,0,0,0,0,1,0,4,2
461,STU100461,Rahul Sharma,Male,27,Bachelor,Employed,Hyderabad,Laptop,High,C102,Data Analysis with Python,Programming,Intermediate,60,4.7,4,22,28.0,1,9.4,7,2,6.3,3,7,5,64.2,59.8,30.8,2,19-02-2024,Scholarship,No,No,1342,51,3,2,4.6,Not Completed,1,0,0,0,0,2,4,4
462,STU100462,Neha Reddy,Male,21,Bachelor,Student,Pune,Mobile,High,C101,Python Basics,Programming,Beginner,45,4.6,3,17,48.5,1,5.6,0,6,5.7,7,3,9,78.5,58.8,61.9,1,07-12-2023,Credit Card,Yes,No,4667,58,2,1,3.2,Completed,1,0,2,1,0,1,4,0
463,STU100463,Ananya Mehta,Male,39,Bachelor,Self-Employed,Nagpur,Laptop,High,C105,UI/UX Design Fundamentals,Design,Beginner,40,4.4,3,41,84.6,2,3.1,10,7,2.4,4,6,7,72.8,92.2,58.2,3,27-06-2024,Free,No,No,0,50,2,3,2.8,Not Completed,1,0,1,0,0,1,1,2
464,STU100464,Sai Shah,Female,25,HighSchool,Employed,Hyderabad,Mobile,Low,C108,Excel for Business,Business,Beginner,25,4.1,5,31,73.7,2,0.5,3,6,5.1,6,4,2,63.7,61.8,64.9,2,01-09-2024,NetBanking,Yes,No,3281,71,0,1,2.9,Completed,0,2,0,1,1,1,0,3
465,STU100465,Krishna Desai,Male,21,Bachelor,Self-Employed,Bengaluru,Mobile,Medium,C104,Digital Marketing Essentials,Marketing,Beginner,30,4.3,10,51,73.4,0,10.5,2,1,7.3,4,6,1,86.1,82.6,53.8,1,27-03-2025,Free,No,No,0,72,4,0,4.9,Completed,1,0,1,1,2,1,2,2
466,STU100466,Kavya Reddy,Female,33,Diploma,Student,Bhopal,Mobile,Medium,C102,Data Analysis with Python,Programming,Intermediate,60,4.7,5,42,50.9,3,4.3,8,5,5.6,5,5,3,84.0,78.2,51.7,1,09-11-2023,UPI,Yes,Yes,4099,80,2,0,4.4,Completed,0,1,2,1,2,2,4,5
467,STU100467,Aditya Mehta,Other,21,Bachelor,Employed,Surat,Mobile,High,C104,Digital Marketing Essentials,Marketing,Beginner,30,4.3,4,25,48.6,2,0.5,6,4,6.7,5,5,3,78.8,68.3,50.4,2,19-06-2024,Free,No,No,0,77,1,2,4.1,Not Completed,2,0,0,1,0,1,2,2
468,STU100468,Krishna Bhardwaj,Female,38,Diploma,Employed,Hyderabad,Laptop,Medium,C101,Python Basics,Programming,Beginner,45,4.6,4,43,31.7,1,4.4,8,7,7.4,6,4,3,65.8,69.4,50.6,3,31-07-2024,Credit Card,Yes,Yes,3737,68,1,1,4.3,Not Completed,0,1,0,0,2,1,4,0
469,STU100469,Meera Bhardwaj,Female,33,Bachelor,Employed,Bhopal,Mobile,Medium,C107,Statistics for Data Science,Math,Intermediate,50,4.2,4,16,73.4,4,0.5,3,5,7.6,6,4,6,68.9,98.6,66.6,2,04-09-2025,UPI,Yes,Yes,3469,86,1,1,3.2,Not Completed,0,0,0,1,2,2,3,5
470,STU100470,Meera Kumar,Female,30,Diploma,Employed,Surat,Mobile,Medium,C101,Python Basics,Programming,Beginner,45,4.6,4,43,89.4,0,9.6,16,7,6.3,3,7,3,47.0,84.0,53.5,2,04-02-2024,UPI,Yes,Yes,3514,51,3,2,2.6,Completed,0,1,0,1,2,1,4,5
471,STU100471,Isha Verma,Male,22,Bachelor,Student,Bhopal,Mobile,Medium,C102,Data Analysis with Python,Programming,Intermediate,60,4.7,4,41,45.1,2,10.6,6,6,5.7,5,5,7,66.6,68.6,49.2,2,25-10-2024,Free,No,No,0,54,5,0,3.6,Completed,1,0,2,1,2,2,4,2
472,STU100472,Priya Joshi,Male,24,Master,Employed,Mumbai,Laptop,Medium,C103,Introduction to AI,Programming,Intermediate,75,4.5,5,46,69.2,2,7.7,0,4,9.8,3,7,2,91.8,71.0,45.8,4,22-05-2025,NetBanking,Yes,No,5745,60,2,1,4.6,Completed,1,3,0,0,2,2,4,3
473,STU100473,Rahul Singh,Male,23,HighSchool,Employed,Hyderabad,Laptop,High,C104,Digital Marketing Essentials,Marketing,Beginner,30,4.3,6,28,31.3,0,0.5,9,6,7.3,5,5,0,71.8,49.3,43.4,2,31-12-2023,Credit Card,Yes,Yes,2956,81,1,2,4.6,Not Completed,1,2,0,0,0,1,2,0
474,STU100474,Priya Gupta,Female,21,Bachelor,Employed,Kolkata,Mobile,High,C106,Machine Learning A-Z,Programming,Advanced,90,4.6,4,40,26.5,0,0.5,3,8,7.6,7,3,4,71.2,92.8,55.9,2,29-07-2024,UPI,Yes,No,6235,87,2,0,4.7,Completed,0,0,0,1,0,0,4,5
475,STU100475,Sakshi Iyer,Male,31,Bachelor,Student,Jaipur,Laptop,Medium,C101,Python Basics,Programming,Beginner,45,4.6,6,42,73.9,0,16.8,0,6,8.9,6,4,4,79.0,54.9,64.6,4,24-01-2024,Credit Card,Yes,No,4249,79,2,2,4.3,Completed,1,0,2,0,2,1,4,0
476,STU100476,Priya Joshi,Male,33,Master,Employed,Vadodara,Mobile,High,C108,Excel for Business,Business,Beginner,25,4.1,4,38,67.3,3,1.2,8,4,6.7,6,4,5,73.7,59.9,62.5,1,10-05-2025,NetBanking,Yes,No,2937,35,3,2,3.6,Completed,1,3,0,1,0,1,0,3
477,STU100477,Sneha Desai,Female,21,Bachelor,Employed,Bengaluru,Laptop,High,C102,Data Analysis with Python,Programming,Intermediate,60,4.7,7,25,97.3,4,11.3,5,5,5.6,5,5,4,63.1,85.8,68.4,4,21-03-2025,UPI,Yes,Yes,4136,100,4,1,4.8,Completed,0,0,0,0,0,2,4,5
478,STU100478,Priya Gupta,Female,31,Bachelor,Employed,Mumbai,Mobile,Medium,C101,Python Basics,Programming,Beginner,45,4.6,3,25,54.0,1,0.5,42,7,5.9,4,6,4,63.4,69.2,46.3,2,05-03-2024,Debit Card,Yes,No,3867,97,2,1,3.0,Completed,0,0,0,1,2,1,4,1
479,STU100479,Pooja Desai,Female,30,HighSchool,Employed,Kolkata,Mobile,High,C104,Digital Marketing Essentials,Marketing,Beginner,30,4.3,2,38,85.5,3,7.1,7,1,7.6,6,4,3,56.1,59.3,68.9,2,17-03-2024,Debit Card,Yes,No,3571,92,1,1,5.0,Completed,0,2,0,1,0,1,2,1
480,STU100480,Sakshi Bose,Female,32,Bachelor,Student,Surat,Mobile,High,C101,Python Basics,Programming,Beginner,45,4.6,3,29,42.6,2,5.9,2,13,3.7,7,3,4,93.3,62.0,60.0,1,05-07-2025,Debit Card,Yes,Yes,3312,95,4,0,5.0,Completed,0,0,2,1,0,1,4,1
481,STU100481,Pooja Verma,Female,30,HighSchool,Student,Chennai,Mobile,Low,C108,Excel for Business,Business,Beginner,25,4.1,3,52,42.0,3,0.5,1,7,4.5,5,5,4,72.2,67.7,48.1,1,18-08-2024,Free,No,No,0,76,0,2,4.9,Not Completed,0,2,2,1,1,1,0,2
482,STU100482,Nikhil Joshi,Male,17,Diploma,Employed,Surat,Mobile,High,C107,Statistics for Data Science,Math,Intermediate,50,4.2,7,14,37.5,2,0.5,7,2,8.4,2,8,3,76.2,57.0,28.0,2,14-04-2025,Debit Card,Yes,No,4702,48,1,0,4.4,Not Completed,1,1,0,1,0,2,3,1
483,STU100483,Meera Nair,Male,21,Bachelor,Student,Jaipur,Mobile,Medium,C102,Data Analysis with Python,Programming,Intermediate,60,4.7,6,16,73.2,4,13.7,1,3,7.2,7,3,2,74.6,62.1,70.7,6,03-11-2023,Debit Card,Yes,No,4811,75,2,0,4.5,Completed,1,0,2,1,2,2,4,1
484,STU100484,Sneha Joshi,Female,39,Master,Employed,Lucknow,Laptop,High,C101,Python Basics,Programming,Beginner,45,4.6,11,46,19.6,5,4.0,1,7,10.0,5,4,4,47.1,72.2,40.5,5,16-12-2024,Credit Card,Yes,No,4084,48,4,1,4.4,Not Completed,0,3,0,0,0,1,4,0
485,STU100485,Nikhil Kumar,Female,30,Master,Student,Vadodara,Mobile,High,C108,Excel for Business,Business,Beginner,25,4.1,5,21,57.5,3,1.2,2,5,7.1,9,1,4,100.0,74.5,77.9,4,20-09-2025,Debit Card,Yes,No,3065,65,2,0,4.1,Completed,0,3,2,1,0,1,0,1
486,STU100486,Aarav Bhardwaj,Male,29,Bachelor,Employed,Kolkata,Mobile,Low,C102,Data Analysis with Python,Programming,Intermediate,60,4.7,4,29,44.1,2,1.1,7,4,3.8,5,5,1,63.9,74.3,49.2,1,18-08-2025,Credit Card,Yes,Yes,4093,45,2,1,4.1,Completed,1,0,0,1,1,2,4,0
487,STU100487,Nikhil Bhardwaj,Female,27,Master,Student,Pune,Mobile,High,C106,Machine Learning A-Z,Programming,Advanced,90,4.6,9,36,40.0,5,5.2,1,1,3.6,6,4,4,84.7,86.8,54.4,2,05-06-2025,Debit Card,Yes,No,7079,67,1,1,5.0,Not Completed,0,3,2,1,0,0,4,1
488,STU100488,Meera Verma,Male,30,Bachelor,Employed,Surat,Mobile,Medium,C105,UI/UX Design Fundamentals,Design,Beginner,40,4.4,4,51,59.5,0,0.5,0,3,6.6,7,3,3,93.1,60.6,65.9,1,12-07-2025,Credit Card,Yes,No,3902,66,3,1,4.9,Completed,1,0,0,1,2,1,1,0
489,STU100489,Priya Verma,Male,32,Master,Unemployed,Nagpur,Mobile,Medium,C106,Machine Learning A-Z,Programming,Advanced,90,4.6,2,33,69.0,1,5.6,14,2,8.1,2,8,2,51.9,70.8,39.7,2,18-11-2023,Debit Card,Yes,No,6535,99,1,1,4.0,Completed,1,3,3,1,2,0,4,1
490,STU100490,Nikhil Nair,Female,28,HighSchool,Student,Delhi,Laptop,High,C102,Data Analysis with Python,Programming,Intermediate,60,4.7,9,30,72.6,2,3.8,13,5,8.3,5,5,3,59.4,71.6,59.0,0,10-01-2025,Free,No,No,0,40,2,0,4.1,Not Completed,0,2,2,0,0,2,4,2
491,STU100491,Pooja Mehta,Female,39,Master,Employed,Bengaluru,Laptop,Medium,C103,Introduction to AI,Programming,Intermediate,75,4.5,5,34,83.2,2,6.5,4,5,3.5,4,6,5,73.9,75.2,56.9,3,12-05-2024,NetBanking,Yes,No,5588,83,3,0,5.0,Not Completed,0,3,0,0,2,2,4,3
492,STU100492,Isha Gupta,Male,23,Bachelor,Student,Vadodara,Mobile,Medium,C105,UI/UX Design Fundamentals,Design,Beginner,40,4.4,6,29,50.6,3,3.6,5,4,3.0,5,5,4,77.2,74.0,51.4,2,10-02-2025,NetBanking,Yes,No,4192,89,2,2,3.1,Not Completed,1,0,2,1,2,1,1,3
493,STU100493,Vivaan Nair,Male,19,Bachelor,Employed,Bengaluru,Mobile,Medium,C104,Digital Marketing Essentials,Marketing,Beginner,30,4.3,5,40,79.7,2,6.1,2,2,3.1,4,6,4,77.3,72.7,55.5,3,13-05-2025,UPI,Yes,No,3421,69,2,0,3.7,Completed,1,0,0,1,2,1,2,5
494,STU100494,Pooja Iyer,Male,26,Diploma,Unemployed,Kolkata,Mobile,Medium,C104,Digital Marketing Essentials,Marketing,Beginner,30,4.3,2,47,51.8,2,6.1,20,2,8.7,4,6,1,79.9,65.7,45.4,1,02-09-2024,Free,No,No,0,51,3,0,3.2,Not Completed,1,1,3,1,2,1,2,2
495,STU100495,Sai Reddy,Male,26,PhD,Employed,Bhopal,Mobile,High,C104,Digital Marketing Essentials,Marketing,Beginner,30,4.3,3,29,54.4,1,13.0,4,3,6.8,1,9,2,62.9,68.0,28.4,2,28-04-2025,Debit Card,Yes,No,3239,67,2,0,4.7,Not Completed,1,4,0,1,0,1,2,1
496,STU100496,Sneha Iyer,Female,24,Diploma,Student,Vadodara,Laptop,High,C107,Statistics for Data Science,Math,Intermediate,50,4.2,6,34,83.5,1,4.2,4,7,5.3,6,4,4,93.4,75.2,69.0,3,13-09-2025,UPI,Yes,No,4790,77,2,1,5.0,Completed,0,1,2,0,0,2,3,5
497,STU100497,Neha Bhardwaj,Male,17,Diploma,Student,Kolkata,Mobile,Medium,C102,Data Analysis with Python,Programming,Intermediate,60,4.7,6,40,58.9,3,0.5,0,3,8.6,3,7,2,67.1,77.2,42.5,4,25-06-2024,NetBanking,Yes,Yes,3953,91,8,0,5.0,Not Completed,1,1,2,1,2,2,4,3
498,STU100498,Neha Gupta,Female,23,Bachelor,Student,Ahmedabad,Mobile,Medium,C102,Data Analysis with Python,Programming,Intermediate,60,4.7,4,36,47.4,4,1.5,0,5,6.1,7,3,5,77.1,72.1,62.2,4,16-08-2024,Debit Card,Yes,No,5322,81,3,2,5.0,Not Completed,0,0,2,1,2,2,4,1
499,STU100499,Ananya Nair,Male,18,Bachelor,Student,Pune,Mobile,High,C106,Machine Learning A-Z,Programming,Advanced,90,4.6,5,31,88.4,0,3.8,1,4,7.7,7,3,4,65.5,100.0,77.9,0,28-02-2025,UPI,Yes,No,6088,37,6,2,5.0,Completed,1,0,2,1,0,0,4,5
500,STU100500,Pooja Reddy,Male,25,Master,Student,Hyderabad,Mobile,Medium,C104,Digital Marketing Essentials,Marketing,Beginner,30,4.3,7,41,82.6,1,6.3,1,8,6.1,5,5,9,91.6,74.9,62.6,3,23-07-2024,Scholarship,No,No,1394,68,6,1,4.4,Completed,1,3,2,1,2,1,2,4
501,STU100501,Ananya Sharma,Male,33,Diploma,Student,Jaipur,Laptop,Medium,C106,Machine Learning A-Z,Programming,Advanced,90,4.6,6,28,24.2,2,3.0,7,7,3.9,3,7,3,53.8,71.8,30.1,1,08-11-2024,Free,No,No,0,55,2,0,4.2,Not Completed,1,1,2,0,2,0,4,2
502,STU100502,Priya Shah,Female,28,Bachelor,Student,Hyderabad,Mobile,Medium,C108,Excel for Business,Business,Beginner,25,4.1,5,36,90.4,1,4.0,6,6,7.1,6,4,5,77.2,49.4,70.1,1,14-03-2024,UPI,Yes,Yes,2724,42,1,2,3.9,Not Completed,0,0,2,1,2,1,0,5
503,STU100503,Ananya Patel,Female,23,Diploma,Student,Ahmedabad,Laptop,Medium,C108,Excel for Business,Business,Beginner,25,4.1,6,24,69.2,1,6.1,10,2,4.2,5,5,3,81.3,89.8,58.7,2,05-01-2024,Debit Card,Yes,No,2982,32,4,1,4.4,Not Completed,0,1,2,0,2,1,0,1
504,STU100504,Sneha Bose,Male,30,HighSchool,Student,Kolkata,Tablet,Medium,C105,UI/UX Design Fundamentals,Design,Beginner,40,4.4,5,35,94.8,1,10.3,5,4,10.0,4,6,2,67.4,88.9,61.6,1,18-02-2025,Credit Card,Yes,No,4394,81,1,2,5.0,Completed,1,2,2,2,2,1,1,0
505,STU100505,Krishna Singh,Male,20,Bachelor,Student,Nagpur,Mobile,Low,C104,Digital Marketing Essentials,Marketing,Beginner,30,4.3,4,34,65.0,2,3.4,6,3,4.5,4,6,3,64.5,80.4,50.8,2,14-05-2025,Free,No,No,0,51,1,0,3.5,Completed,1,0,2,1,1,1,2,2
506,STU100506,Neha Verma,Male,29,Master,Employed,Delhi,Mobile,Low,C105,UI/UX Design Fundamentals,Design,Beginner,40,4.4,2,41,57.2,3,8.7,20,5,7.7,4,6,4,75.5,100.0,49.0,2,08-06-2025,UPI,Yes,No,3938,73,2,0,4.7,Not Completed,1,3,0,1,1,1,1,5
507,STU100507,Rohan Singh,Female,25,Bachelor,Employed,Mumbai,Mobile,Medium,C106,Machine Learning A-Z,Programming,Advanced,90,4.6,6,28,28.9,2,0.5,3,10,3.8,5,5,2,64.4,61.8,43.2,0,12-04-2025,Debit Card,Yes,No,6038,64,2,1,3.4,Not Completed,0,0,0,1,2,0,4,1
508,STU100508,Rohan Iyer,Male,22,PhD,Employed,Pune,Mobile,Medium,C101,Python Basics,Programming,Beginner,45,4.6,5,27,87.6,3,0.5,18,5,2.8,6,4,8,73.2,47.4,69.0,1,13-12-2024,Free,No,Yes,0,68,1,1,3.8,Not Completed,1,4,0,1,2,1,4,2
509,STU100509,Pooja Nair,Female,17,Diploma,Employed,Kolkata,Laptop,High,C101,Python Basics,Programming,Beginner,45,4.6,5,49,85.0,3,8.8,1,4,3.7,3,7,3,69.0,62.3,50.9,1,05-03-2024,Free,No,No,0,78,1,0,4.0,Completed,0,1,0,0,0,1,4,2
510,STU100510,Aarav Gupta,Female,17,Bachelor,Employed,Bhopal,Laptop,Medium,C101,Python Basics,Programming,Beginner,45,4.6,3,24,24.3,2,15.4,6,6,7.1,3,7,6,50.3,84.0,30.7,3,15-08-2025,UPI,Yes,No,3989,81,4,0,5.0,Not Completed,0,0,0,0,2,1,4,5
511,STU100511,Meera Reddy,Male,34,Master,Student,Lucknow,Laptop,Medium,C102,Data Analysis with Python,Programming,Intermediate,60,4.7,6,33,26.7,4,7.1,9,3,7.2,7,2,3,90.3,71.7,54.9,2,06-08-2024,UPI,Yes,Yes,4536,95,3,1,3.9,Not Completed,1,3,2,0,2,2,4,5
512,STU100512,Pooja Kumar,Male,31,Bachelor,Student,Lucknow,Mobile,Low,C101,Python Basics,Programming,Beginner,45,4.6,5,32,69.2,4,3.5,6,6,4.7,5,5,4,76.7,65.5,57.5,2,16-01-2024,UPI,Yes,No,4082,67,1,1,4.4,Completed,1,0,2,1,1,1,4,5
513,STU100513,Nikhil Singh,Female,31,Bachelor,Student,Surat,Mobile,High,C106,Machine Learning A-Z,Programming,Advanced,90,4.6,3,29,96.7,4,2.5,1,8,3.1,5,4,1,66.7,48.7,66.3,2,24-11-2023,Debit Card,Yes,No,6320,91,1,0,3.5,Completed,0,0,2,1,0,0,4,1
514,STU100514,Sai Mehta,Female,18,Master,Student,Bhopal,Mobile,Medium,C107,Statistics for Data Science,Math,Intermediate,50,4.2,5,43,29.9,4,0.5,3,8,8.9,7,3,2,78.8,75.8,56.3,4,23-11-2023,Free,No,No,0,84,3,1,5.0,Not Completed,0,3,2,1,2,2,3,2
515,STU100515,Priya Desai,Female,29,Bachelor,Employed,Kolkata,Mobile,Low,C102,Data Analysis with Python,Programming,Intermediate,60,4.7,5,16,53.4,1,0.5,20,3,3.4,4,5,1,54.8,76.9,46.5,0,08-08-2024,Debit Card,Yes,No,4544,79,1,1,3.4,Not Completed,0,0,0,1,1,2,4,1
516,STU100516,Vivaan Patel,Male,23,Master,Student,Ahmedabad,Mobile,High,C104,Digital Marketing Essentials,Marketing,Beginner,30,4.3,3,38,50.6,1,0.8,3,9,4.9,5,5,4,74.4,67.3,51.1,2,03-02-2024,Scholarship,No,No,1573,59,3,1,2.9,Not Completed,1,3,2,1,0,1,2,4
517,STU100517,Pooja Kumar,Male,29,Bachelor,Student,Kolkata,Mobile,Medium,C108,Excel for Business,Business,Beginner,25,4.1,6,36,81.7,1,4.4,3,8,5.3,7,3,1,81.1,96.3,75.4,3,25-04-2025,UPI,Yes,No,3386,58,3,2,5.0,Completed,1,0,2,1,2,1,0,5
518,STU100518,Ritika Reddy,Male,24,Master,Student,Bhopal,Mobile,Low,C108,Excel for Business,Business,Beginner,25,4.1,8,46,53.3,0,6.9,5,4,5.2,4,6,2,81.2,48.7,45.1,2,16-03-2025,Free,No,No,0,85,2,0,3.8,Not Completed,1,3,2,1,1,1,0,2
519,STU100519,Kavya Kumar,Female,22,Bachelor,Employed,Pune,Mobile,Low,C107,Statistics for Data Science,Math,Intermediate,50,4.2,4,24,61.1,2,4.8,9,5,5.2,4,6,3,77.2,82.0,49.5,2,19-09-2024,UPI,Yes,No,4255,57,1,3,4.2,Completed,0,0,0,1,1,2,3,5
520,STU100520,Sai Nair,Female,26,Bachelor,Student,Kolkata,Mobile,Medium,C105,UI/UX Design Fundamentals,Design,Beginner,40,4.4,8,9,57.5,4,0.5,12,7,4.9,3,6,6,73.4,84.7,42.4,3,24-04-2024,Credit Card,Yes,No,3753,59,0,1,3.6,Not Completed,0,0,2,1,2,1,1,0
521,STU100521,Aarav Nair,Male,21,Bachelor,Unemployed,Hyderabad,Mobile,High,C107,Statistics for Data Science,Math,Intermediate,50,4.2,2,25,52.2,4,9.9,32,6,5.6,4,6,3,78.3,64.6,45.5,3,20-05-2025,Credit Card,Yes,Yes,4043,90,2,1,3.1,Completed,1,0,3,1,0,2,3,0
522,STU100522,Krishna Verma,Female,24,Diploma,Student,Jaipur,Laptop,Medium,C107,Statistics for Data Science,Math,Intermediate,50,4.2,5,24,94.9,2,7.2,6,4,4.4,4,6,0,73.4,59.6,60.2,4,05-12-2024,Credit Card,Yes,No,4171,63,2,0,4.1,Not Completed,0,1,2,0,2,2,3,0
523,STU100523,Isha Gupta,Male,17,Master,Student,Hyderabad,Mobile,Medium,C101,Python Basics,Programming,Beginner,45,4.6,4,41,45.4,2,4.0,2,4,8.3,8,1,3,84.1,76.4,67.7,1,01-09-2025,UPI,Yes,Yes,3272,57,4,1,5.0,Not Completed,1,3,2,1,2,1,4,5
524,STU100524,Vihaan Verma,Female,31,Bachelor,Student,Bengaluru,Mobile,High,C104,Digital Marketing Essentials,Marketing,Beginner,30,4.3,6,42,73.1,2,0.5,2,6,7.5,4,6,5,86.0,41.0,51.6,0,27-06-2024,Debit Card,Yes,No,3681,40,4,0,5.0,Not Completed,0,0,2,1,0,1,2,1
525,STU100525,Aarav Kumar,Male,21,Diploma,Student,Chennai,Laptop,High,C102,Data Analysis with Python,Programming,Intermediate,60,4.7,3,34,80.5,4,2.6,7,4,5.8,8,2,4,72.8,74.8,79.9,2,16-07-2024,NetBanking,Yes,Yes,4556,96,5,1,5.0,Completed,1,1,2,0,0,2,4,3
526,STU100526,Pooja Kumar,Female,19,HighSchool,Employed,Jaipur,Mobile,Low,C106,Machine Learning A-Z,Programming,Advanced,90,4.6,2,6,82.3,1,0.5,11,4,8.5,7,3,3,55.6,46.8,73.1,0,28-10-2023,UPI,Yes,No,6129,61,3,0,2.7,Completed,0,2,0,1,1,0,4,5
527,STU100527,Neha Iyer,Male,36,Master,Student,Hyderabad,Laptop,High,C106,Machine Learning A-Z,Programming,Advanced,90,4.6,2,32,77.2,1,0.5,18,5,5.9,3,7,2,67.9,65.6,48.3,4,19-12-2023,UPI,Yes,No,6561,24,1,0,4.5,Not Completed,1,3,2,0,0,0,4,5
528,STU100528,Vihaan Reddy,Male,28,Bachelor,Student,Ahmedabad,Mobile,Medium,C101,Python Basics,Programming,Beginner,45,4.6,5,33,72.5,5,11.1,11,11,7.5,5,4,6,77.0,60.7,58.4,3,18-09-2025,Free,No,No,0,93,2,1,3.9,Not Completed,1,0,2,1,2,1,4,2
529,STU100529,Ritika Bose,Male,25,Master,Employed,Bhopal,Laptop,High,C108,Excel for Business,Business,Beginner,25,4.1,4,21,48.4,5,0.5,0,5,5.7,4,6,6,83.5,61.3,44.0,1,30-08-2024,Credit Card,Yes,Yes,2959,78,5,1,3.5,Completed,1,3,0,0,0,1,0,0
530,STU100530,Vihaan Iyer,Male,17,Bachelor,Student,Bhopal,Laptop,Low,C108,Excel for Business,Business,Beginner,25,4.1,6,41,39.8,3,7.4,1,6,7.8,4,6,2,74.4,59.8,40.9,1,27-10-2024,Free,No,No,0,97,2,3,4.8,Completed,1,0,2,0,1,1,0,2
531,STU100531,Sakshi Singh,Male,26,Master,Employed,Pune,Mobile,Medium,C108,Excel for Business,Business,Beginner,25,4.1,4,33,54.0,2,3.4,7,6,5.6,6,4,4,82.3,67.1,58.3,2,17-02-2025,UPI,Yes,No,3261,87,0,0,3.5,Not Completed,1,3,0,1,2,1,0,5
532,STU100532,Arjun Reddy,Female,26,PhD,Student,Indore,Mobile,Low,C108,Excel for Business,Business,Beginner,25,4.1,3,52,38.2,4,5.4,14,2,6.3,5,5,3,78.9,63.7,46.6,5,02-11-2024,Free,No,Yes,0,80,0,0,4.1,Not Completed,0,4,2,1,1,1,0,2
533,STU100533,Isha Nair,Female,32,Bachelor,Student,Surat,Laptop,High,C108,Excel for Business,Business,Beginner,25,4.1,4,43,42.0,2,11.5,19,7,4.4,6,4,2,57.7,45.9,53.0,4,19-04-2025,Credit Card,Yes,No,3079,59,3,0,4.4,Completed,0,0,2,0,0,1,0,0
534,STU100534,Krishna Desai,Female,17,Master,Student,Pune,Mobile,Medium,C106,Machine Learning A-Z,Programming,Advanced,90,4.6,4,36,60.0,0,0.5,3,2,4.6,4,6,2,54.9,58.4,47.9,2,18-06-2025,UPI,Yes,No,6152,63,2,1,4.4,Completed,0,3,2,1,2,0,4,5
535,STU100535,Aditya Gupta,Male,31,PhD,Employed,Kolkata,Laptop,Medium,C104,Digital Marketing Essentials,Marketing,Beginner,30,4.3,3,42,82.7,6,0.5,8,9,6.2,7,3,5,69.1,69.5,74.4,3,21-10-2024,Free,No,No,0,81,2,1,4.3,Not Completed,1,4,0,0,2,1,2,2
536,STU100536,Aditya Bose,Female,30,Master,Student,Jaipur,Mobile,High,C101,Python Basics,Programming,Beginner,45,4.6,6,34,88.4,2,0.5,13,3,6.5,5,5,3,71.7,86.6,65.3,3,29-04-2025,UPI,Yes,No,4031,64,2,2,5.0,Completed,0,3,2,1,0,1,4,5
537,STU100537,Ritika Singh,Male,24,Master,Student,Jaipur,Mobile,Medium,C104,Digital Marketing Essentials,Marketing,Beginner,30,4.3,3,15,39.3,3,0.5,9,7,6.3,3,6,4,58.7,72.4,35.4,1,02-04-2024,NetBanking,Yes,Yes,3255,50,4,0,4.0,Completed,1,3,2,1,2,1,2,3
538,STU100538,Pooja Shah,Female,18,Bachelor,Student,Surat,Laptop,Medium,C103,Introduction to AI,Programming,Intermediate,75,4.5,6,39,47.6,0,5.6,9,2,5.1,5,4,1,61.3,80.3,50.7,2,12-09-2025,UPI,Yes,No,5557,57,4,0,4.5,Not Completed,0,0,2,0,2,2,4,5
539,STU100539,Krishna Nair,Male,30,Bachelor,Employed,Jaipur,Laptop,High,C104,Digital Marketing Essentials,Marketing,Beginner,30,4.3,3,40,77.8,2,1.4,2,3,5.6,5,5,2,79.9,64.7,60.5,2,22-03-2025,Free,No,No,0,50,3,0,4.7,Completed,1,0,0,0,0,1,2,2
540,STU100540,Kavya Desai,Female,32,Master,Student,Mumbai,Mobile,High,C104,Digital Marketing Essentials,Marketing,Beginner,30,4.3,4,24,54.4,3,0.5,1,1,7.7,3,7,9,75.4,53.3,39.7,3,25-03-2025,Free,No,Yes,0,57,1,0,4.1,Not Completed,0,3,2,1,0,1,2,2
541,STU100541,Isha Reddy,Female,19,Bachelor,Employed,Jaipur,Laptop,High,C101,Python Basics,Programming,Beginner,45,4.6,9,33,48.6,1,0.5,7,2,5.5,3,7,2,65.2,35.3,36.8,3,01-02-2025,Free,No,No,0,63,3,1,4.0,Not Completed,0,0,0,0,0,1,4,2
542,STU100542,Ananya Nair,Female,24,Diploma,Employed,Mumbai,Mobile,Low,C103,Introduction to AI,Programming,Intermediate,75,4.5,8,53,72.4,3,2.0,4,6,2.9,4,6,4,82.2,46.3,51.7,4,20-10-2023,Free,No,No,0,34,2,0,5.0,Completed,0,1,0,1,1,2,4,2
543,STU100543,Krishna Bhardwaj,Male,30,Master,Student,Delhi,Laptop,Low,C101,Python Basics,Programming,Beginner,45,4.6,3,38,54.7,2,4.4,33,3,5.0,5,5,2,48.2,36.6,51.0,4,03-10-2024,Credit Card,Yes,No,4275,100,1,3,4.6,Completed,1,3,2,0,1,1,4,0
544,STU100544,Aditya Gupta,Male,23,Diploma,Student,Mumbai,Laptop,High,C108,Excel for Business,Business,Beginner,25,4.1,7,38,71.4,2,0.9,19,10,7.1,5,5,3,53.5,70.5,58.5,4,26-12-2023,UPI,Yes,No,3459,48,4,0,3.6,Completed,1,1,2,0,0,1,0,5
545,STU100545,Meera Patel,Female,24,Master,Student,Ahmedabad,Mobile,Medium,C103,Introduction to AI,Programming,Intermediate,75,4.5,3,25,75.6,5,9.7,1,6,10.0,4,6,4,76.6,59.2,53.4,4,03-03-2024,NetBanking,Yes,No,5257,63,6,0,4.7,Completed,0,3,2,1,2,2,4,3
546,STU100546,Isha Joshi,Female,21,Bachelor,Student,Bhopal,Mobile,Medium,C103,Introduction to AI,Programming,Intermediate,75,4.5,5,47,55.0,0,0.5,4,4,6.8,5,5,5,69.6,80.3,53.3,3,06-11-2024,UPI,Yes,No,5909,100,4,1,4.7,Completed,0,0,2,1,2,2,4,5
547,STU100547,Priya Sharma,Female,27,Bachelor,Employed,Lucknow,Mobile,Medium,C108,Excel for Business,Business,Beginner,25,4.1,5,24,72.0,1,6.7,5,7,4.9,7,3,7,91.6,55.4,70.0,5,21-04-2025,UPI,Yes,No,3518,50,2,2,3.4,Not Completed,0,0,0,1,2,1,0,5
548,STU100548,Arjun Iyer,Male,29,PhD,Employed,Nagpur,Laptop,Medium,C103,Introduction to AI,Programming,Intermediate,75,4.5,1,36,43.1,2,1.4,17,6,5.6,8,2,4,65.5,53.0,65.7,0,16-04-2024,UPI,Yes,No,5632,64,1,0,3.1,Not Completed,1,4,0,0,2,2,4,5
549,STU100549,Rahul Mehta,Male,29,Diploma,Student,Surat,Mobile,Medium,C101,Python Basics,Programming,Beginner,45,4.6,4,21,56.5,2,3.1,17,5,4.9,6,4,5,89.8,85.0,60.0,5,01-06-2024,Debit Card,Yes,No,4201,78,1,1,5.0,Completed,1,1,2,1,2,1,4,1
550,STU100550,Aarav Desai,Male,17,Bachelor,Employed,Mumbai,Laptop,Medium,C108,Excel for Business,Business,Beginner,25,4.1,4,19,68.5,3,10.1,5,6,5.5,5,5,6,48.9,48.3,56.4,2,02-02-2025,NetBanking,Yes,No,3135,57,2,2,4.7,Completed,1,0,0,0,2,1,0,3
551,STU100551,Rahul Mehta,Male,17,Diploma,Self-Employed,Surat,Mobile,High,C103,Introduction to AI,Programming,Intermediate,75,4.5,5,41,76.9,1,11.9,1,4,8.2,4,5,3,95.7,86.5,55.2,2,08-06-2024,NetBanking,Yes,Yes,5045,90,2,1,4.8,Completed,1,1,1,1,0,2,4,3
552,STU100552,Rohan Reddy,Female,32,Master,Student,Hyderabad,Mobile,High,C101,Python Basics,Programming,Beginner,45,4.6,4,31,74.7,1,0.5,12,1,10.0,3,7,2,42.5,50.0,46.6,1,27-04-2024,Debit Card,Yes,No,4399,91,3,0,4.3,Not Completed,0,3,2,1,0,1,4,1
553,STU100553,Vihaan Patel,Female,17,HighSchool,Employed,Vadodara,Laptop,High,C105,UI/UX Design Fundamentals,Design,Beginner,40,4.4,6,55,68.8,5,11.1,12,5,4.8,4,5,10,92.8,77.1,51.9,0,07-07-2025,Credit Card,Yes,No,3601,68,2,1,5.0,Not Completed,0,2,0,0,0,1,1,0
554,STU100554,Aarav Singh,Female,17,Bachelor,Student,Pune,Mobile,Medium,C101,Python Basics,Programming,Beginner,45,4.6,7,31,76.6,1,7.0,8,5,5.1,6,4,3,83.3,55.6,65.6,6,16-06-2025,Free,No,No,0,34,3,2,4.4,Completed,0,0,2,1,2,1,4,2
555,STU100555,Vivaan Reddy,Female,21,Bachelor,Student,Jaipur,Mobile,Medium,C106,Machine Learning A-Z,Programming,Advanced,90,4.6,2,44,31.3,3,2.3,4,7,7.2,3,7,3,60.2,63.0,32.1,2,05-12-2023,NetBanking,Yes,No,6565,69,3,2,3.8,Not Completed,0,0,2,1,2,0,4,3
556,STU100556,Rohan Nair,Male,19,Bachelor,Employed,Mumbai,Mobile,Medium,C103,Introduction to AI,Programming,Intermediate,75,4.5,6,19,66.6,1,3.4,13,3,6.0,5,5,7,73.3,84.1,57.5,2,12-06-2024,Free,No,Yes,0,72,3,0,5.0,Not Completed,1,0,0,1,2,2,4,2
557,STU100557,Rahul Singh,Male,29,Bachelor,Self-Employed,Vadodara,Mobile,High,C107,Statistics for Data Science,Math,Intermediate,50,4.2,8,43,80.8,0,4.3,3,2,8.4,4,6,4,97.7,70.3,55.8,4,13-12-2023,UPI,Yes,Yes,3815,21,3,1,5.0,Completed,1,0,1,1,0,2,3,5
558,STU100558,Arjun Gupta,Female,26,Diploma,Student,Ahmedabad,Mobile,Medium,C102,Data Analysis with Python,Programming,Intermediate,60,4.7,9,36,80.7,2,0.5,6,2,3.1,6,4,3,65.3,58.2,67.2,3,28-05-2025,NetBanking,Yes,No,4641,78,2,0,3.7,Not Completed,0,1,2,1,2,2,4,3
559,STU100559,Pooja Bhardwaj,Male,33,Diploma,Student,Jaipur,Mobile,Medium,C106,Machine Learning A-Z,Programming,Advanced,90,4.6,4,31,75.8,3,0.5,4,6,3.9,4,5,7,79.7,88.7,55.0,3,09-09-2024,Debit Card,Yes,No,7107,89,1,0,3.1,Completed,1,1,2,1,2,0,4,1
560,STU100560,Rohan Kumar,Female,33,Bachelor,Student,Bhopal,Mobile,Medium,C101,Python Basics,Programming,Beginner,45,4.6,7,49,78.1,3,0.5,5,6,6.3,3,7,2,58.1,57.3,48.2,1,23-08-2025,Credit Card,Yes,No,4450,82,6,0,3.6,Not Completed,0,0,2,1,2,1,4,0
561,STU100561,Ritika Singh,Female,32,Bachelor,Self-Employed,Chennai,Tablet,High,C102,Data Analysis with Python,Programming,Intermediate,60,4.7,3,45,46.5,3,2.3,12,8,6.7,5,5,2,72.9,66.7,49.6,0,18-12-2023,Scholarship,No,No,2131,75,1,2,3.8,Not Completed,0,0,1,2,0,2,4,4
562,STU100562,Rahul Bhardwaj,Male,26,Bachelor,Employed,Bhopal,Mobile,Low,C106,Machine Learning A-Z,Programming,Advanced,90,4.6,2,36,95.4,2,1.2,1,2,3.2,1,9,2,72.2,92.5,44.0,2,13-04-2024,Debit Card,Yes,No,6459,80,1,2,4.7,Completed,1,0,0,1,1,0,4,1
563,STU100563,Isha Gupta,Female,21,HighSchool,Student,Kolkata,Laptop,Medium,C101,Python Basics,Programming,Beginner,45,4.6,9,39,89.9,6,0.7,5,5,7.6,9,1,4,100.0,70.4,89.0,5,03-10-2024,Debit Card,Yes,No,4166,71,2,1,5.0,Completed,0,2,2,0,2,1,4,1
564,STU100564,Priya Desai,Male,22,Bachelor,Employed,Surat,Laptop,Medium,C102,Data Analysis with Python,Programming,Intermediate,60,4.7,4,21,44.6,2,2.9,5,8,7.0,4,6,2,65.7,43.7,41.8,0,16-12-2024,UPI,Yes,No,5411,63,1,2,4.2,Not Completed,1,0,0,0,2,2,4,5
565,STU100565,Isha Verma,Male,25,Master,Employed,Ahmedabad,Mobile,High,C103,Introduction to AI,Programming,Intermediate,75,4.5,7,45,65.9,4,5.8,1,4,7.3,7,3,4,78.1,68.7,68.5,1,19-04-2025,Debit Card,Yes,No,5695,62,4,1,3.8,Completed,1,3,0,1,0,2,4,1
566,STU100566,Meera Singh,Female,23,Bachelor,Student,Nagpur,Laptop,Medium,C102,Data Analysis with Python,Programming,Intermediate,60,4.7,4,33,26.1,1,8.1,7,3,6.0,7,3,6,66.6,71.2,54.7,0,12-03-2024,Scholarship,No,No,1112,93,3,0,3.8,Completed,0,0,2,0,2,2,4,4
567,STU100567,Kavya Bose,Male,30,Diploma,Employed,Mumbai,Mobile,Medium,C104,Digital Marketing Essentials,Marketing,Beginner,30,4.3,3,10,58.1,1,0.5,5,4,4.4,4,6,1,78.0,58.0,47.2,1,16-12-2024,Free,No,No,0,52,2,1,5.0,Completed,1,1,0,1,2,1,2,2
568,STU100568,Rahul Gupta,Female,27,PhD,Employed,Bengaluru,Mobile,High,C103,Introduction to AI,Programming,Intermediate,75,4.5,4,32,89.2,1,0.5,1,9,5.7,6,4,3,74.8,71.2,70.8,1,04-07-2024,NetBanking,Yes,No,6021,76,2,2,4.6,Completed,0,4,0,1,0,2,4,3
569,STU100569,Krishna Joshi,Male,23,Master,Employed,Lucknow,Mobile,Low,C101,Python Basics,Programming,Beginner,45,4.6,5,55,73.6,2,7.9,1,5,7.8,4,6,5,62.5,56.0,52.6,4,19-01-2025,Free,No,No,0,50,1,2,3.2,Completed,1,3,0,1,1,1,4,2
570,STU100570,Sneha Sharma,Female,27,Master,Self-Employed,Surat,Mobile,High,C106,Machine Learning A-Z,Programming,Advanced,90,4.6,4,34,95.5,3,0.5,9,4,6.6,3,7,0,75.6,67.7,54.8,0,29-04-2024,Scholarship,No,No,2225,58,0,0,3.9,Completed,0,3,1,1,0,0,4,4
571,STU100571,Vivaan Kumar,Female,29,Master,Employed,Chennai,Laptop,Low,C106,Machine Learning A-Z,Programming,Advanced,90,4.6,4,39,96.7,3,0.5,4,3,3.8,5,5,4,66.4,68.9,67.3,1,25-06-2025,Scholarship,No,No,2801,58,5,1,4.2,Completed,0,3,0,0,1,0,4,4
572,STU100572,Vivaan Shah,Female,35,Diploma,Student,Delhi,Laptop,Medium,C102,Data Analysis with Python,Programming,Intermediate,60,4.7,7,43,49.0,5,4.0,0,8,8.6,3,7,7,97.4,87.3,39.5,1,09-06-2025,UPI,Yes,Yes,4015,89,7,0,4.7,Not Completed,0,1,2,0,2,2,4,5
573,STU100573,Rahul Singh,Male,25,PhD,Student,Kolkata,Mobile,Medium,C102,Data Analysis with Python,Programming,Intermediate,60,4.7,3,45,55.4,3,1.9,5,5,6.6,5,4,6,90.8,90.8,53.9,0,21-09-2024,UPI,Yes,No,5165,78,1,0,5.0,Completed,1,4,2,1,2,2,4,5
574,STU100574,Ananya Bose,Male,29,Bachelor,Employed,Mumbai,Mobile,High,C102,Data Analysis with Python,Programming,Intermediate,60,4.7,3,24,63.2,6,0.5,4,3,10.0,5,5,1,84.1,47.8,54.5,0,28-04-2024,NetBanking,Yes,No,4675,48,3,1,2.9,Not Completed,1,0,0,1,0,2,4,3
575,STU100575,Vihaan Nair,Female,24,Bachelor,Student,Vadodara,Mobile,Medium,C104,Digital Marketing Essentials,Marketing,Beginner,30,4.3,4,35,52.6,4,3.5,27,1,5.1,6,4,5,80.5,59.7,57.4,4,21-06-2024,UPI,Yes,No,3386,100,1,0,3.3,Not Completed,0,0,2,1,2,1,2,5
576,STU100576,Sakshi Nair,Female,32,Bachelor,Employed,Pune,Laptop,Medium,C103,Introduction to AI,Programming,Intermediate,75,4.5,5,15,44.6,2,0.5,2,6,5.6,2,8,4,72.0,70.9,31.1,2,18-06-2024,UPI,Yes,No,5871,70,2,1,2.8,Not Completed,0,0,0,0,2,2,4,5
577,STU100577,Rahul Joshi,Male,22,Diploma,Student,Vadodara,Laptop,High,C102,Data Analysis with Python,Programming,Intermediate,60,4.7,4,40,78.4,3,0.5,9,5,6.3,3,7,7,71.7,76.7,49.3,1,05-02-2025,UPI,Yes,No,5451,100,1,0,4.3,Not Completed,1,1,2,0,0,2,4,5
578,STU100578,Rahul Iyer,Female,29,Bachelor,Employed,Hyderabad,Mobile,Medium,C102,Data Analysis with Python,Programming,Intermediate,60,4.7,3,38,61.4,5,0.5,3,5,5.7,6,4,6,74.0,90.2,62.0,3,19-10-2024,Credit Card,Yes,No,4977,53,3,0,5.0,Completed,0,0,0,1,2,2,4,0
579,STU100579,Ritika Bose,Male,29,Master,Unemployed,Kolkata,Mobile,Low,C104,Digital Marketing Essentials,Marketing,Beginner,30,4.3,4,23,49.7,3,9.9,2,3,10.0,5,5,3,63.2,92.6,52.0,3,08-02-2025,Free,No,No,0,99,1,3,4.0,Not Completed,1,3,3,1,1,1,2,2
580,STU100580,Pooja Bose,Female,27,Bachelor,Employed,Pune,Tablet,Low,C103,Introduction to AI,Programming,Intermediate,75,4.5,5,38,70.0,4,0.5,1,5,4.9,5,5,3,87.8,61.2,57.6,3,13-12-2024,UPI,Yes,Yes,5162,78,0,1,4.7,Completed,0,0,0,2,1,2,4,5
581,STU100581,Vivaan Bhardwaj,Female,20,Bachelor,Student,Nagpur,Mobile,Medium,C102,Data Analysis with Python,Programming,Intermediate,60,4.7,6,27,87.9,1,3.7,3,5,9.3,2,8,1,70.5,99.0,47.7,0,14-03-2024,UPI,Yes,No,4563,60,0,1,4.8,Completed,0,0,2,1,2,2,4,5
582,STU100582,Aarav Kumar,Female,17,Bachelor,Employed,Surat,Laptop,High,C108,Excel for Business,Business,Beginner,25,4.1,4,47,61.7,2,10.8,0,5,3.9,8,1,2,75.8,49.6,72.1,2,01-06-2025,UPI,Yes,No,3047,60,1,2,5.0,Completed,0,0,0,0,0,1,0,5
583,STU100583,Isha Kumar,Other,22,Master,Employed,Bengaluru,Tablet,Low,C102,Data Analysis with Python,Programming,Intermediate,60,4.7,3,22,55.9,0,1.0,5,5,2.9,3,7,4,69.9,60.4,40.6,2,08-06-2024,Debit Card,Yes,No,5072,61,3,2,3.9,Completed,2,3,0,2,1,2,4,1
584,STU100584,Priya Bhardwaj,Female,29,Master,Employed,Nagpur,Mobile,Medium,C102,Data Analysis with Python,Programming,Intermediate,60,4.7,6,38,44.5,2,7.1,9,3,10.0,5,5,3,57.5,78.2,49.5,2,02-05-2025,Debit Card,Yes,Yes,4666,56,1,1,5.0,Not Completed,0,3,0,1,2,2,4,1
585,STU100585,Pooja Kumar,Female,18,Bachelor,Employed,Vadodara,Mobile,Medium,C107,Statistics for Data Science,Math,Intermediate,50,4.2,4,24,54.5,3,5.1,7,4,4.7,7,2,3,49.6,82.6,65.2,3,04-08-2025,Credit Card,Yes,Yes,3795,58,2,0,3.2,Completed,0,0,0,1,2,2,3,0
586,STU100586,Meera Reddy,Female,35,HighSchool,Employed,Bengaluru,Mobile,Medium,C106,Machine Learning A-Z,Programming,Advanced,90,4.6,6,28,68.2,4,0.5,3,5,7.6,7,3,6,75.2,77.9,69.8,3,11-10-2024,UPI,Yes,No,6381,81,1,4,5.0,Completed,0,2,0,1,2,0,4,5
587,STU100587,Sai Verma,Female,25,Bachelor,Employed,Indore,Laptop,Medium,C104,Digital Marketing Essentials,Marketing,Beginner,30,4.3,3,30,50.2,2,0.5,2,2,1.0,3,7,1,66.6,49.7,38.1,3,22-04-2024,UPI,Yes,Yes,3254,58,0,1,4.0,Not Completed,0,0,0,0,2,1,2,5
588,STU100588,Rahul Iyer,Male,34,Bachelor,Employed,Mumbai,Laptop,Medium,C104,Digital Marketing Essentials,Marketing,Beginner,30,4.3,4,37,52.2,5,0.5,16,9,4.4,6,4,4,78.4,82.4,58.4,4,01-01-2024,UPI,Yes,No,3263,78,4,1,3.8,Not Completed,1,0,0,0,2,1,2,5
589,STU100589,Vivaan Desai,Female,19,Diploma,Employed,Mumbai,Mobile,High,C103,Introduction to AI,Programming,Intermediate,75,4.5,5,19,25.6,3,0.5,0,6,5.2,7,3,7,88.3,74.9,54.7,6,23-07-2025,Free,No,Yes,0,87,2,0,4.9,Not Completed,0,1,0,1,0,2,4,2
590,STU100590,Rohan Sharma,Female,17,Bachelor,Student,Indore,Laptop,High,C101,Python Basics,Programming,Beginner,45,4.6,11,46,68.4,4,13.8,5,7,4.2,8,2,3,55.8,75.5,75.7,4,27-05-2024,NetBanking,Yes,No,3919,87,4,0,4.5,Not Completed,0,0,2,0,0,1,4,3
591,STU100591,Ritika Reddy,Male,17,Bachelor,Student,Hyderabad,Mobile,Medium,C101,Python Basics,Programming,Beginner,45,4.6,4,50,58.3,2,1.5,13,6,6.2,6,4,4,63.8,78.4,60.3,1,31-07-2025,Debit Card,Yes,No,4189,52,3,0,5.0,Completed,1,0,2,1,2,1,4,1
592,STU100592,Sakshi Bose,Male,18,Bachelor,Student,Kolkata,Mobile,Medium,C105,UI/UX Design Fundamentals,Design,Beginner,40,4.4,5,48,79.7,4,3.1,4,6,7.8,6,4,4,81.7,74.8,67.6,2,02-11-2023,Debit Card,Yes,Yes,3580,76,2,0,3.6,Completed,1,0,2,1,2,1,1,1
593,STU100593,Aarav Gupta,Female,27,HighSchool,Student,Surat,Mobile,High,C103,Introduction to AI,Programming,Intermediate,75,4.5,8,29,73.4,1,5.2,14,9,4.3,7,3,5,89.2,64.0,70.9,0,03-11-2023,Free,No,Yes,0,58,2,1,3.7,Completed,0,2,2,1,0,2,4,2
594,STU100594,Ritika Nair,Male,28,Master,Student,Ahmedabad,Laptop,Medium,C104,Digital Marketing Essentials,Marketing,Beginner,30,4.3,3,40,77.8,2,7.7,8,5,8.7,4,6,0,97.7,72.3,54.8,3,05-08-2024,UPI,Yes,No,3420,72,2,1,5.0,Completed,1,3,2,0,2,1,2,5
595,STU100595,Aarav Gupta,Male,29,Bachelor,Student,Nagpur,Tablet,High,C106,Machine Learning A-Z,Programming,Advanced,90,4.6,3,44,91.4,4,0.5,3,3,8.7,4,6,8,76.7,78.0,59.9,1,30-12-2024,UPI,Yes,No,6718,65,2,0,4.8,Completed,1,0,2,2,0,0,4,5
596,STU100596,Sai Sharma,Female,24,Master,Employed,Bhopal,Laptop,Medium,C101,Python Basics,Programming,Beginner,45,4.6,4,49,82.3,1,3.5,23,7,4.4,3,7,3,82.1,50.2,49.3,1,17-03-2024,Credit Card,Yes,No,3918,54,3,0,5.0,Completed,0,3,0,0,2,1,4,0
597,STU100597,Rohan Singh,Female,27,Bachelor,Student,Jaipur,Mobile,High,C104,Digital Marketing Essentials,Marketing,Beginner,30,4.3,3,38,75.6,4,6.7,0,3,5.7,5,5,7,87.9,65.3,59.7,2,13-10-2024,Free,No,No,0,47,3,4,3.3,Completed,0,0,2,1,0,1,2,2
598,STU100598,Neha Desai,Other,21,Bachelor,Employed,Chennai,Laptop,Medium,C101,Python Basics,Programming,Beginner,45,4.6,6,41,45.7,5,13.1,4,5,4.8,6,3,5,78.2,44.9,54.2,3,05-12-2024,UPI,Yes,Yes,3547,36,2,0,4.7,Completed,2,0,0,0,2,1,4,5
599,STU100599,Kavya Bhardwaj,Male,29,Master,Employed,Pune,Mobile,Low,C108,Excel for Business,Business,Beginner,25,4.1,4,20,56.3,0,0.5,12,8,5.7,3,7,2,78.2,67.4,41.1,1,04-06-2024,Free,No,No,0,61,3,1,3.3,Completed,1,3,0,1,1,1,0,2
600,STU100600,Ananya Iyer,Male,23,Master,Student,Nagpur,Mobile,Medium,C107,Statistics for Data Science,Math,Intermediate,50,4.2,4,27,97.6,3,5.0,1,10,5.7,6,4,4,75.2,100.0,75.2,3,16-08-2025,UPI,Yes,No,4714,75,4,0,3.8,Completed,1,3,2,1,2,2,3,5
601,STU100601,Vivaan Sharma,Male,30,Bachelor,Employed,Chennai,Mobile,Medium,C103,Introduction to AI,Programming,Intermediate,75,4.5,3,35,92.1,3,14.4,1,4,2.4,5,5,2,78.2,75.2,66.0,3,04-05-2025,UPI,Yes,No,5371,43,5,0,3.8,Completed,1,0,0,1,2,2,4,5
602,STU100602,Meera Patel,Female,24,Bachelor,Employed,Lucknow,Mobile,High,C101,Python Basics,Programming,Beginner,45,4.6,7,33,48.7,1,9.5,12,2,6.4,5,5,4,79.8,62.4,50.2,5,09-04-2024,Debit Card,Yes,No,4110,64,1,1,4.4,Completed,0,0,0,1,0,1,4,1
603,STU100603,Aditya Reddy,Female,20,Master,Unemployed,Nagpur,Laptop,High,C103,Introduction to AI,Programming,Intermediate,75,4.5,6,24,45.3,1,8.4,0,2,4.0,7,3,2,78.9,54.0,60.6,3,20-09-2024,Credit Card,Yes,No,6119,51,4,0,3.4,Completed,0,3,3,0,0,2,4,0
604,STU100604,Nikhil Shah,Male,31,Bachelor,Student,Delhi,Mobile,Medium,C108,Excel for Business,Business,Beginner,25,4.1,5,24,67.3,4,10.7,0,6,6.6,8,2,2,60.8,69.6,75.0,2,29-11-2023,UPI,Yes,No,3106,82,5,2,5.0,Completed,1,0,2,1,2,1,0,5
605,STU100605,Rohan Singh,Female,21,Bachelor,Employed,Bhopal,Laptop,High,C107,Statistics for Data Science,Math,Intermediate,50,4.2,5,32,87.8,1,8.0,1,3,6.7,4,6,5,71.0,69.8,58.2,1,19-05-2025,Credit Card,Yes,No,4654,84,2,1,2.7,Completed,0,0,0,0,0,2,3,0
606,STU100606,Meera Kumar,Male,33,Bachelor,Employed,Mumbai,Mobile,Medium,C108,Excel for Business,Business,Beginner,25,4.1,2,38,95.4,1,10.9,0,7,8.3,4,6,3,78.3,71.6,61.0,4,16-09-2025,Free,No,No,0,66,0,1,4.6,Completed,1,0,0,1,2,1,0,2
607,STU100607,Neha Bose,Female,28,Bachelor,Employed,Surat,Mobile,High,C104,Digital Marketing Essentials,Marketing,Beginner,30,4.3,8,53,60.8,4,4.6,4,3,2.4,5,5,4,89.7,56.1,54.1,1,19-11-2023,Credit Card,Yes,No,3586,78,1,0,2.2,Completed,0,0,0,1,0,1,2,0
608,STU100608,Sai Bose,Female,19,Bachelor,Employed,Nagpur,Tablet,Low,C102,Data Analysis with Python,Programming,Intermediate,60,4.7,7,41,59.0,4,8.7,1,3,3.9,6,4,6,78.0,50.5,59.2,0,16-05-2024,UPI,Yes,No,5205,34,0,0,3.5,Completed,0,0,0,2,1,2,4,5
609,STU100609,Nikhil Verma,Male,24,HighSchool,Employed,Vadodara,Laptop,High,C107,Statistics for Data Science,Math,Intermediate,50,4.2,5,35,45.3,4,6.0,1,7,7.7,6,3,4,61.3,65.0,55.1,4,27-11-2024,Free,No,No,0,92,1,1,4.9,Completed,1,2,0,0,0,2,3,2
610,STU100610,Aditya Kumar,Female,26,Master,Employed,Bengaluru,Mobile,Medium,C104,Digital Marketing Essentials,Marketing,Beginner,30,4.3,6,41,79.6,2,7.5,1,6,6.7,6,3,4,56.3,58.5,66.8,2,19-05-2025,UPI,Yes,Yes,2795,100,1,3,3.4,Not Completed,0,3,0,1,2,1,2,5
611,STU100611,Priya Iyer,Male,28,Bachelor,Employed,Bhopal,Mobile,Medium,C104,Digital Marketing Essentials,Marketing,Beginner,30,4.3,6,24,68.7,1,0.5,11,4,5.7,5,5,7,83.0,86.1,58.3,1,13-11-2024,UPI,Yes,Yes,3232,84,1,0,4.0,Completed,1,0,0,1,2,1,2,5
612,STU100612,Arjun Desai,Female,27,Bachelor,Employed,Indore,Laptop,Medium,C106,Machine Learning A-Z,Programming,Advanced,90,4.6,2,31,59.8,4,2.8,3,5,5.4,4,6,3,72.6,30.7,46.5,1,12-03-2025,Credit Card,Yes,No,7148,72,3,1,3.7,Completed,0,0,0,0,2,0,4,0
613,STU100613,Sneha Patel,Male,21,Bachelor,Student,Delhi,Laptop,Medium,C103,Introduction to AI,Programming,Intermediate,75,4.5,3,31,84.2,1,3.0,5,2,6.4,4,6,2,81.0,92.4,58.1,3,02-01-2024,UPI,Yes,No,6124,90,4,1,3.8,Completed,1,0,2,0,2,2,4,5
614,STU100614,Pooja Bhardwaj,Female,30,Master,Student,Vadodara,Mobile,High,C105,UI/UX Design Fundamentals,Design,Beginner,40,4.4,4,27,64.8,1,12.6,0,9,5.4,5,5,6,59.9,96.1,57.5,2,17-06-2025,UPI,Yes,No,4017,67,2,1,3.0,Completed,0,3,2,1,0,1,1,5
615,STU100615,Priya Desai,Male,27,Diploma,Student,Hyderabad,Mobile,High,C101,Python Basics,Programming,Beginner,45,4.6,3,46,91.2,0,0.5,0,3,6.8,7,3,2,70.3,61.4,77.0,3,22-07-2024,Debit Card,Yes,No,4438,68,0,0,4.1,Completed,1,1,2,1,0,1,4,1
616,STU100616,Kavya Reddy,Male,23,Bachelor,Employed,Pune,Mobile,Medium,C103,Introduction to AI,Programming,Intermediate,75,4.5,4,55,87.5,3,0.5,3,3,9.2,8,1,6,91.6,100.0,83.6,5,04-11-2024,NetBanking,Yes,No,5261,50,0,1,4.4,Completed,1,0,0,1,2,2,4,3
617,STU100617,Isha Verma,Male,27,Master,Employed,Lucknow,Mobile,High,C105,UI/UX Design Fundamentals,Design,Beginner,40,4.4,6,41,90.5,1,9.4,0,5,4.0,5,5,3,73.3,74.1,65.4,2,09-11-2024,UPI,Yes,No,4076,84,5,1,4.3,Not Completed,1,3,0,1,0,1,1,5
618,STU100618,Aditya Desai,Female,23,Bachelor,Employed,Jaipur,Mobile,Low,C102,Data Analysis with Python,Programming,Intermediate,60,4.7,6,39,72.3,1,0.5,13,6,8.4,5,5,0,61.9,59.3,58.3,2,25-06-2024,Free,No,No,0,92,2,0,4.7,Not Completed,0,0,0,1,1,2,4,2
619,STU100619,Aditya Sharma,Female,26,HighSchool,Employed,Ahmedabad,Laptop,Medium,C101,Python Basics,Programming,Beginner,45,4.6,4,41,71.2,2,1.0,5,10,5.8,6,4,6,66.0,95.7,65.7,3,27-07-2025,Free,No,No,0,62,3,0,2.6,Completed,0,2,0,0,2,1,4,2
620,STU100620,Arjun Nair,Male,34,Bachelor,Self-Employed,Chennai,Laptop,High,C102,Data Analysis with Python,Programming,Intermediate,60,4.7,3,40,46.6,2,4.8,1,7,4.6,2,8,2,88.7,55.2,31.1,2,03-02-2024,UPI,Yes,No,4501,69,2,1,5.0,Completed,1,0,1,0,0,2,4,5
621,STU100621,Aditya Patel,Female,20,Bachelor,Student,Ahmedabad,Mobile,Medium,C103,Introduction to AI,Programming,Intermediate,75,4.5,4,20,67.1,3,0.5,0,6,7.9,3,7,4,57.1,94.8,46.2,2,19-07-2024,Debit Card,Yes,No,5275,53,3,0,4.6,Not Completed,0,0,2,1,2,2,4,1
622,STU100622,Vihaan Verma,Male,19,Master,Student,Delhi,Mobile,Medium,C102,Data Analysis with Python,Programming,Intermediate,60,4.7,5,54,79.2,2,0.9,0,2,6.2,4,6,1,60.4,40.2,53.7,1,18-01-2025,Scholarship,No,No,1872,71,2,0,3.7,Completed,1,3,2,1,2,2,4,4
623,STU100623,Rahul Gupta,Male,37,Master,Student,Surat,Mobile,Medium,C103,Introduction to AI,Programming,Intermediate,75,4.5,3,35,91.8,2,6.3,0,9,6.5,4,6,5,77.3,100.0,61.1,2,12-11-2023,Credit Card,Yes,No,6250,86,3,0,4.5,Not Completed,1,3,2,1,2,2,4,0
624,STU100624,Aditya Joshi,Male,33,Bachelor,Student,Surat,Mobile,Medium,C101,Python Basics,Programming,Beginner,45,4.6,5,33,66.4,1,5.9,4,5,3.5,2,8,8,66.4,60.5,38.3,3,20-06-2025,NetBanking,Yes,Yes,3611,100,6,1,3.6,Not Completed,1,0,2,1,2,1,4,3
625,STU100625,Pooja Shah,Male,25,Bachelor,Employed,Chennai,Laptop,Medium,C101,Python Basics,Programming,Beginner,45,4.6,6,46,76.0,5,9.8,1,9,8.2,4,6,3,94.0,65.5,53.9,2,13-12-2024,UPI,Yes,No,4488,66,9,0,3.1,Not Completed,1,0,0,0,2,1,4,5
626,STU100626,Priya Desai,Female,22,Bachelor,Student,Delhi,Tablet,Medium,C106,Machine Learning A-Z,Programming,Advanced,90,4.6,4,28,88.2,2,0.5,3,7,5.3,5,5,7,84.3,63.7,64.0,1,11-05-2025,Debit Card,Yes,No,6590,56,3,0,4.6,Not Completed,0,0,2,2,2,0,4,1
627,STU100627,Rohan Bhardwaj,Male,33,Diploma,Employed,Surat,Mobile,High,C102,Data Analysis with Python,Programming,Intermediate,60,4.7,5,43,54.6,3,1.4,1,6,4.1,3,6,5,94.9,67.6,40.5,1,09-11-2024,UPI,Yes,No,4930,86,3,2,3.2,Not Completed,1,1,0,1,0,2,4,5
628,STU100628,Sai Verma,Male,30,Bachelor,Employed,Ahmedabad,Laptop,High,C102,Data Analysis with Python,Programming,Intermediate,60,4.7,2,31,50.9,3,0.5,5,2,4.8,4,6,1,71.5,90.3,46.3,1,04-03-2025,UPI,Yes,No,5218,100,0,4,4.9,Completed,1,0,0,0,0,2,4,5
629,STU100629,Arjun Sharma,Male,26,Bachelor,Student,Bengaluru,Laptop,Low,C103,Introduction to AI,Programming,Intermediate,75,4.5,4,45,85.2,1,5.2,6,8,7.0,4,6,1,59.6,51.7,56.4,1,21-12-2024,Debit Card,Yes,No,5907,76,1,1,3.7,Completed,1,0,2,0,1,2,4,1
630,STU100630,Ananya Reddy,Female,35,Bachelor,Employed,Vadodara,Laptop,Medium,C101,Python Basics,Programming,Beginner,45,4.6,2,29,54.6,3,0.5,11,3,10.0,3,7,9,79.0,63.5,40.3,4,30-06-2024,Credit Card,Yes,No,3840,98,1,2,3.8,Completed,0,0,0,0,2,1,4,0
631,STU100631,Rohan Nair,Male,32,Diploma,Employed,Lucknow,Mobile,Medium,C104,Digital Marketing Essentials,Marketing,Beginner,30,4.3,4,31,46.9,0,8.5,3,3,9.8,2,8,2,74.7,53.6,31.1,4,09-07-2025,UPI,Yes,Yes,3041,59,4,0,4.3,Not Completed,1,1,0,1,2,1,2,5
632,STU100632,Krishna Reddy,Female,23,Bachelor,Employed,Delhi,Tablet,High,C101,Python Basics,Programming,Beginner,45,4.6,3,27,63.1,1,0.5,5,3,3.8,7,3,2,80.3,50.5,66.6,2,23-10-2023,NetBanking,Yes,Yes,3969,87,2,0,3.8,Not Completed,0,0,0,2,0,1,4,3
633,STU100633,Priya Joshi,Female,28,Master,Student,Nagpur,Mobile,High,C105,UI/UX Design Fundamentals,Design,Beginner,40,4.4,7,37,67.0,2,4.5,3,7,7.9,1,9,5,61.6,79.2,33.4,2,18-09-2024,Scholarship,No,Yes,1643,64,2,2,4.0,Not Completed,0,3,2,1,0,1,1,4
634,STU100634,Kavya Joshi,Female,18,Bachelor,Employed,Chennai,Mobile,Medium,C107,Statistics for Data Science,Math,Intermediate,50,4.2,7,35,74.1,1,7.9,25,7,6.1,4,6,4,72.1,46.8,52.3,2,13-08-2025,Credit Card,Yes,No,4927,76,2,1,4.4,Completed,0,0,0,1,2,2,3,0
635,STU100635,Sakshi Verma,Male,35,Master,Student,Ahmedabad,Mobile,High,C102,Data Analysis with Python,Programming,Intermediate,60,4.7,3,36,71.0,0,0.5,5,5,6.5,3,7,3,73.0,60.7,45.9,4,27-09-2025,Scholarship,No,No,2028,39,1,2,2.5,Completed,1,3,2,1,0,2,4,4
636,STU100636,Krishna Reddy,Female,39,Bachelor,Employed,Hyderabad,Mobile,Medium,C102,Data Analysis with Python,Programming,Intermediate,60,4.7,3,24,73.5,4,0.5,2,6,7.5,5,5,1,83.2,69.3,59.2,3,27-11-2024,UPI,Yes,No,4629,83,2,1,4.3,Not Completed,0,0,0,1,2,2,4,5
637,STU100637,Pooja Kumar,Female,23,Master,Employed,Indore,Laptop,Medium,C106,Machine Learning A-Z,Programming,Advanced,90,4.6,4,25,18.9,1,7.2,16,3,8.7,5,5,2,67.9,78.7,40.6,2,02-03-2025,NetBanking,Yes,No,6511,94,2,1,3.8,Completed,0,3,0,0,2,0,4,3
638,STU100638,Nikhil Desai,Male,22,Bachelor,Employed,Pune,Laptop,High,C103,Introduction to AI,Programming,Intermediate,75,4.5,5,51,71.3,4,3.5,2,5,6.7,6,4,7,64.1,64.2,64.2,0,30-07-2024,UPI,Yes,No,5802,93,3,1,3.0,Not Completed,1,0,0,0,0,2,4,5
639,STU100639,Priya Joshi,Female,17,Bachelor,Student,Delhi,Laptop,High,C108,Excel for Business,Business,Beginner,25,4.1,4,29,53.0,1,3.1,7,5,5.8,3,7,4,69.1,67.0,39.9,2,08-05-2024,Debit Card,Yes,No,3453,90,1,2,3.8,Completed,0,0,2,0,0,1,0,1
640,STU100640,Nikhil Gupta,Female,30,Bachelor,Employed,Bengaluru,Mobile,Medium,C106,Machine Learning A-Z,Programming,Advanced,90,4.6,7,49,77.5,1,10.8,27,3,7.8,5,5,3,65.1,61.9,60.2,3,02-05-2025,Debit Card,Yes,No,6260,87,3,0,4.5,Not Completed,0,0,0,1,2,0,4,1
641,STU100641,Aarav Nair,Male,20,Diploma,Employed,Kolkata,Mobile,Medium,C108,Excel for Business,Business,Beginner,25,4.1,7,30,41.3,1,2.7,3,1,6.7,5,5,2,78.4,62.0,47.6,0,18-05-2024,Free,No,No,0,54,1,1,4.0,Not Completed,1,1,0,1,2,1,0,2
642,STU100642,Kavya Desai,Female,19,Master,Self-Employed,Ahmedabad,Laptop,High,C107,Statistics for Data Science,Math,Intermediate,50,4.2,6,31,64.9,4,2.5,2,7,7.3,5,5,3,82.9,58.0,55.6,3,26-12-2023,Debit Card,Yes,Yes,4102,79,2,1,4.4,Completed,0,3,1,0,0,2,3,1
643,STU100643,Isha Iyer,Male,17,Bachelor,Student,Kolkata,Mobile,Medium,C101,Python Basics,Programming,Beginner,45,4.6,4,32,69.0,0,5.8,2,6,10.0,5,5,3,67.0,60.4,57.2,0,22-08-2024,Free,No,No,0,77,0,0,4.5,Not Completed,1,0,2,1,2,1,4,2
644,STU100644,Rohan Kumar,Male,26,Diploma,Student,Lucknow,Mobile,High,C101,Python Basics,Programming,Beginner,45,4.6,5,36,44.5,3,2.8,3,6,7.5,6,4,3,84.9,61.7,54.7,4,23-12-2024,Debit Card,Yes,No,4137,74,4,0,4.4,Completed,1,1,2,1,0,1,4,1
645,STU100645,Priya Sharma,Female,19,Bachelor,Self-Employed,Kolkata,Mobile,Low,C108,Excel for Business,Business,Beginner,25,4.1,3,33,35.5,4,2.0,2,5,3.8,4,6,8,79.0,67.5,39.8,1,18-02-2025,NetBanking,Yes,No,3286,73,2,0,3.2,Completed,0,0,1,1,1,1,0,3
646,STU100646,Nikhil Mehta,Female,17,Bachelor,Student,Surat,Mobile,Low,C104,Digital Marketing Essentials,Marketing,Beginner,30,4.3,1,34,65.8,0,0.5,5,6,5.9,4,6,1,60.9,84.3,51.2,3,24-09-2025,Free,No,No,0,37,2,2,4.7,Completed,0,0,2,1,1,1,2,2
647,STU100647,Isha Gupta,Female,22,Master,Student,Mumbai,Laptop,Low,C107,Statistics for Data Science,Math,Intermediate,50,4.2,5,36,82.2,2,0.5,3,6,7.6,2,8,5,45.3,68.8,44.2,2,19-10-2024,Free,No,No,0,41,5,2,4.7,Completed,0,3,2,0,1,2,3,2
648,STU100648,Rahul Bhardwaj,Male,28,Bachelor,Employed,Lucknow,Laptop,Low,C108,Excel for Business,Business,Beginner,25,4.1,2,30,86.2,2,0.9,0,4,2.8,8,2,5,70.9,58.1,81.1,4,05-02-2024,Scholarship,No,No,347,69,2,1,3.3,Not Completed,1,0,0,0,1,1,0,4
649,STU100649,Rohan Iyer,Female,17,Bachelor,Employed,Lucknow,Mobile,Medium,C103,Introduction to AI,Programming,Intermediate,75,4.5,9,19,27.8,2,5.8,6,7,4.0,2,8,3,68.4,55.9,24.5,2,09-08-2025,Credit Card,Yes,No,5376,62,3,0,3.0,Completed,0,0,0,1,2,2,4,0
650,STU100650,Sakshi Patel,Female,25,Master,Student,Jaipur,Mobile,Medium,C108,Excel for Business,Business,Beginner,25,4.1,6,31,74.7,3,5.2,2,6,7.2,8,2,1,56.4,57.4,77.0,2,09-09-2025,UPI,Yes,No,3004,82,1,1,3.5,Not Completed,0,3,2,1,2,1,0,5
651,STU100651,Priya Desai,Female,17,Bachelor,Employed,Hyderabad,Laptop,Medium,C108,Excel for Business,Business,Beginner,25,4.1,5,25,47.3,1,3.1,11,6,6.4,5,5,1,77.8,47.0,48.9,2,30-12-2024,Debit Card,Yes,No,3562,100,2,1,4.2,Completed,0,0,0,0,2,1,0,1
652,STU100652,Vihaan Patel,Male,25,Diploma,Unemployed,Delhi,Mobile,Medium,C102,Data Analysis with Python,Programming,Intermediate,60,4.7,4,43,63.1,1,4.7,6,3,6.7,5,5,3,90.0,69.5,55.5,3,22-03-2025,UPI,Yes,Yes,3915,71,4,0,4.1,Not Completed,1,1,3,1,2,2,4,5
653,STU100653,Ritika Gupta,Male,23,Bachelor,Employed,Jaipur,Mobile,Medium,C106,Machine Learning A-Z,Programming,Advanced,90,4.6,4,65,69.8,3,6.2,1,8,8.4,6,4,3,82.4,51.1,63.0,3,30-05-2024,Credit Card,Yes,No,6702,75,0,0,3.1,Not Completed,1,0,0,1,2,0,4,0
654,STU100654,Kavya Joshi,Female,20,Master,Student,Chennai,Mobile,Medium,C104,Digital Marketing Essentials,Marketing,Beginner,30,4.3,4,35,58.1,1,0.9,4,3,9.2,4,6,2,83.2,64.0,47.5,2,11-09-2025,NetBanking,Yes,No,3677,79,3,0,3.3,Not Completed,0,3,2,1,2,1,2,3
655,STU100655,Nikhil Nair,Male,25,Diploma,Student,Surat,Mobile,Low,C101,Python Basics,Programming,Beginner,45,4.6,7,32,82.4,2,6.9,5,5,6.0,4,6,3,59.6,71.1,56.4,4,11-11-2023,Credit Card,Yes,No,4385,81,0,0,4.2,Not Completed,1,1,2,1,1,1,4,0
656,STU100656,Meera Sharma,Female,32,PhD,Employed,Ahmedabad,Laptop,Medium,C103,Introduction to AI,Programming,Intermediate,75,4.5,5,32,61.4,1,4.6,4,8,8.0,6,4,1,69.8,70.6,61.0,4,12-01-2024,Debit Card,Yes,No,5742,60,3,0,4.3,Not Completed,0,4,0,0,2,2,4,1
657,STU100657,Vihaan Shah,Female,24,HighSchool,Student,Indore,Mobile,Medium,C101,Python Basics,Programming,Beginner,45,4.6,4,47,27.2,3,0.5,7,3,4.2,6,4,2,64.7,79.4,49.5,1,31-08-2024,Debit Card,Yes,Yes,3403,94,2,0,3.7,Not Completed,0,2,2,1,2,1,4,1
658,STU100658,Pooja Reddy,Female,26,Bachelor,Employed,Vadodara,Mobile,Medium,C102,Data Analysis with Python,Programming,Intermediate,60,4.7,2,22,68.2,0,17.5,13,2,3.8,8,2,2,82.7,50.3,74.4,1,22-02-2025,Free,No,No,0,38,2,0,3.2,Completed,0,0,0,1,2,2,4,2
659,STU100659,Sneha Reddy,Male,30,Bachelor,Student,Delhi,Mobile,High,C103,Introduction to AI,Programming,Intermediate,75,4.5,7,42,44.6,1,3.2,12,4,3.7,4,6,3,71.5,96.8,44.5,2,29-09-2025,UPI,Yes,No,6057,88,3,0,3.3,Completed,1,0,2,1,0,2,4,5
660,STU100660,Kavya Joshi,Female,22,HighSchool,Student,Delhi,Laptop,High,C102,Data Analysis with Python,Programming,Intermediate,60,4.7,4,30,57.7,8,0.5,0,7,7.6,6,4,4,66.0,69.2,59.6,1,11-02-2024,Credit Card,Yes,Yes,4483,56,5,0,4.0,Not Completed,0,2,2,0,0,2,4,0
661,STU100661,Aarav Shah,Female,25,HighSchool,Student,Hyderabad,Mobile,Medium,C105,UI/UX Design Fundamentals,Design,Beginner,40,4.4,4,38,43.2,3,2.9,1,7,6.0,6,4,3,68.2,63.5,54.3,3,09-09-2025,Free,No,No,0,74,2,0,4.0,Not Completed,0,2,2,1,2,1,1,2
662,STU100662,Sai Bose,Female,28,Bachelor,Employed,Indore,Mobile,Medium,C102,Data Analysis with Python,Programming,Intermediate,60,4.7,3,15,63.5,4,4.0,1,5,8.2,5,5,4,69.6,78.9,56.2,4,12-04-2024,Credit Card,Yes,No,4788,78,2,0,5.0,Completed,0,0,0,1,2,2,4,0
663,STU100663,Rahul Verma,Female,21,Diploma,Student,Hyderabad,Mobile,Low,C104,Digital Marketing Essentials,Marketing,Beginner,30,4.3,5,31,55.6,2,0.5,2,9,2.5,4,6,2,84.5,65.2,46.7,3,01-02-2025,Free,No,Yes,0,62,1,0,4.4,Completed,0,1,2,1,1,1,2,2
664,STU100664,Rohan Desai,Female,28,Master,Employed,Chennai,Laptop,Medium,C105,UI/UX Design Fundamentals,Design,Beginner,40,4.4,6,44,65.3,1,2.4,7,7,5.1,4,6,4,49.0,80.4,50.9,4,24-04-2024,Free,No,No,0,57,3,0,4.9,Not Completed,0,3,0,0,2,1,1,2
665,STU100665,Isha Mehta,Female,17,Bachelor,Student,Mumbai,Mobile,High,C106,Machine Learning A-Z,Programming,Advanced,90,4.6,6,39,72.5,2,4.1,16,9,8.5,4,6,1,71.5,49.1,51.8,2,06-05-2024,Debit Card,Yes,No,6303,81,4,2,3.7,Not Completed,0,0,2,1,0,0,4,1
666,STU100666,Kavya Bhardwaj,Male,22,Bachelor,Student,Chennai,Laptop,Medium,C103,Introduction to AI,Programming,Intermediate,75,4.5,2,25,83.9,1,0.5,4,4,9.5,4,6,5,73.6,92.6,58.0,3,23-05-2024,Debit Card,Yes,No,5695,88,2,1,4.6,Completed,1,0,2,0,2,2,4,1
667,STU100667,Krishna Kumar,Male,31,Master,Employed,Vadodara,Mobile,Medium,C106,Machine Learning A-Z,Programming,Advanced,90,4.6,5,32,92.1,7,0.5,3,5,10.0,6,4,2,69.3,83.9,72.4,2,20-12-2023,Debit Card,Yes,No,6874,66,6,0,4.6,Completed,1,3,0,1,2,0,4,1
668,STU100668,Nikhil Sharma,Female,27,Diploma,Employed,Vadodara,Mobile,High,C107,Statistics for Data Science,Math,Intermediate,50,4.2,4,17,69.9,4,4.2,0,10,5.0,4,6,5,83.4,59.3,51.4,1,25-04-2024,Scholarship,No,No,1552,73,5,3,4.8,Completed,0,1,0,1,0,2,3,4
669,STU100669,Sneha Joshi,Female,24,Bachelor,Student,Pune,Laptop,Low,C104,Digital Marketing Essentials,Marketing,Beginner,30,4.3,5,40,79.8,2,0.8,8,6,2.5,6,4,5,53.0,83.9,68.1,0,11-07-2024,UPI,Yes,No,3169,78,2,1,4.2,Not Completed,0,0,2,0,1,1,2,5
670,STU100670,Meera Gupta,Female,24,Bachelor,Student,Lucknow,Mobile,High,C102,Data Analysis with Python,Programming,Intermediate,60,4.7,2,31,52.5,3,1.1,4,5,4.9,7,3,5,86.6,87.4,64.8,5,17-11-2024,Scholarship,No,No,1484,89,1,1,4.0,Completed,0,0,2,1,0,2,4,4
671,STU100671,Sakshi Mehta,Female,23,Master,Employed,Jaipur,Tablet,Medium,C101,Python Basics,Programming,Beginner,45,4.6,7,40,59.0,1,5.4,5,4,6.9,4,6,4,69.3,91.4,49.2,0,11-10-2024,Credit Card,Yes,No,4516,37,2,1,3.9,Not Completed,0,3,0,2,2,1,4,0
672,STU100672,Kavya Bhardwaj,Male,19,Bachelor,Student,Bengaluru,Mobile,Low,C107,Statistics for Data Science,Math,Intermediate,50,4.2,3,17,65.2,2,3.8,10,3,8.9,3,7,2,78.9,41.0,42.9,5,16-08-2024,Free,No,No,0,64,3,0,5.0,Not Completed,1,0,2,1,1,2,3,2
673,STU100673,Sakshi Bhardwaj,Female,17,Bachelor,Employed,Delhi,Mobile,Medium,C106,Machine Learning A-Z,Programming,Advanced,90,4.6,6,36,94.2,1,4.9,25,3,8.8,6,4,4,91.7,97.1,73.8,4,01-09-2024,UPI,Yes,No,6434,48,4,0,4.0,Completed,0,0,0,1,2,0,4,5
674,STU100674,Vihaan Singh,Male,31,Bachelor,Student,Ahmedabad,Laptop,Medium,C101,Python Basics,Programming,Beginner,45,4.6,6,43,61.5,2,1.1,2,7,8.3,5,5,5,72.9,75.0,55.3,3,02-11-2024,Scholarship,No,No,248,58,2,4,3.0,Not Completed,1,0,2,0,2,1,4,4
675,STU100675,Arjun Gupta,Male,22,PhD,Student,Chennai,Mobile,High,C103,Introduction to AI,Programming,Intermediate,75,4.5,8,45,64.2,2,0.5,3,2,5.6,3,7,4,56.4,37.1,42.3,2,06-03-2024,Credit Card,Yes,No,6320,92,4,1,4.5,Completed,1,4,2,1,0,2,4,0
676,STU100676,Nikhil Mehta,Male,35,Bachelor,Student,Chennai,Mobile,Medium,C102,Data Analysis with Python,Programming,Intermediate,60,4.7,3,13,54.2,1,0.5,0,5,8.7,4,6,3,66.3,56.7,45.8,0,28-07-2025,Credit Card,Yes,No,4882,99,5,0,4.6,Completed,1,0,2,1,2,2,4,0
677,STU100677,Rahul Nair,Male,26,PhD,Student,Bhopal,Mobile,Low,C105,UI/UX Design Fundamentals,Design,Beginner,40,4.4,6,48,34.8,0,3.7,5,3,5.9,5,5,0,87.3,67.8,45.6,0,11-04-2024,Credit Card,Yes,No,4330,55,3,3,3.3,Completed,1,4,2,1,1,1,1,0
678,STU100678,Rahul Verma,Female,21,Bachelor,Employed,Kolkata,Mobile,Medium,C102,Data Analysis with Python,Programming,Intermediate,60,4.7,6,48,56.8,0,8.2,19,7,7.2,2,8,4,68.5,64.1,35.1,1,25-04-2024,UPI,Yes,No,5287,59,2,0,3.9,Completed,0,0,0,1,2,2,4,5
679,STU100679,Pooja Shah,Male,39,Master,Employed,Kolkata,Mobile,Medium,C105,UI/UX Design Fundamentals,Design,Beginner,40,4.4,3,23,56.9,3,1.3,1,6,5.3,6,4,5,49.5,76.5,59.8,2,18-10-2024,Debit Card,Yes,No,3777,86,2,1,2.8,Not Completed,1,3,0,1,2,1,1,1
680,STU100680,Aarav Reddy,Male,22,HighSchool,Employed,Bengaluru,Laptop,Medium,C102,Data Analysis with Python,Programming,Intermediate,60,4.7,7,39,84.6,4,13.1,4,3,3.5,3,7,2,75.2,61.7,50.7,1,13-11-2024,NetBanking,Yes,No,5213,32,2,1,4.0,Not Completed,1,2,0,0,2,2,4,3
681,STU100681,Rahul Gupta,Female,24,Bachelor,Student,Lucknow,Laptop,Low,C104,Digital Marketing Essentials,Marketing,Beginner,30,4.3,4,42,31.6,2,0.5,1,9,7.9,4,6,2,76.9,47.0,37.4,6,17-09-2025,UPI,Yes,No,3346,69,3,1,4.4,Not Completed,0,0,2,0,1,1,2,5
682,STU100682,Meera Mehta,Male,18,Bachelor,Student,Indore,Mobile,Medium,C107,Statistics for Data Science,Math,Intermediate,50,4.2,3,25,33.3,6,1.9,5,8,9.0,6,4,3,62.2,57.4,50.5,2,28-02-2025,Scholarship,No,No,1815,41,2,0,5.0,Not Completed,1,0,2,1,2,2,3,4
683,STU100683,Sai Sharma,Male,35,Diploma,Employed,Jaipur,Laptop,Medium,C101,Python Basics,Programming,Beginner,45,4.6,4,33,78.3,2,3.9,26,5,5.3,3,7,0,73.9,82.6,49.5,2,29-05-2024,Scholarship,No,Yes,1700,100,3,0,5.0,Not Completed,1,1,0,0,2,1,4,4
684,STU100684,Ananya Patel,Female,27,Master,Employed,Ahmedabad,Tablet,Low,C102,Data Analysis with Python,Programming,Intermediate,60,4.7,3,45,62.2,0,1.2,3,6,3.6,6,4,6,52.9,84.5,62.0,0,07-08-2024,Free,No,No,0,72,2,2,4.9,Not Completed,0,3,0,2,1,2,4,2
685,STU100685,Sai Desai,Male,29,HighSchool,Employed,Kolkata,Mobile,High,C104,Digital Marketing Essentials,Marketing,Beginner,30,4.3,3,61,65.1,6,5.8,27,7,2.8,5,5,6,87.0,56.8,55.6,2,07-03-2025,UPI,Yes,No,3207,41,3,1,5.0,Not Completed,1,2,0,1,0,1,2,5
686,STU100686,Rahul Gupta,Female,32,Bachelor,Employed,Delhi,Mobile,High,C104,Digital Marketing Essentials,Marketing,Beginner,30,4.3,5,26,43.3,1,7.4,0,6,0.9,6,4,9,67.3,38.9,53.1,0,17-07-2024,Scholarship,No,No,561,39,1,0,5.0,Completed,0,0,0,1,0,1,2,4
687,STU100687,Rahul Shah,Female,41,HighSchool,Unemployed,Hyderabad,Mobile,Low,C104,Digital Marketing Essentials,Marketing,Beginner,30,4.3,5,19,46.6,2,9.8,0,6,9.1,3,7,2,78.2,69.4,37.8,2,28-11-2023,Free,No,Yes,0,78,2,1,4.5,Completed,0,2,3,1,1,1,2,2
688,STU100688,Kavya Gupta,Female,24,Bachelor,Student,Pune,Mobile,High,C108,Excel for Business,Business,Beginner,25,4.1,3,43,38.3,5,0.5,1,5,7.8,3,7,5,87.4,52.8,34.0,2,29-01-2024,NetBanking,Yes,No,3011,72,5,3,5.0,Not Completed,0,0,2,1,0,1,0,3
689,STU100689,Rohan Kumar,Male,17,Bachelor,Employed,Nagpur,Laptop,High,C108,Excel for Business,Business,Beginner,25,4.1,6,37,65.2,5,2.3,18,5,10.0,4,6,3,73.3,55.3,49.6,2,19-01-2025,UPI,Yes,No,3325,71,2,1,2.5,Completed,1,0,0,0,0,1,0,5
690,STU100690,Neha Joshi,Female,17,Diploma,Student,Nagpur,Laptop,Medium,C107,Statistics for Data Science,Math,Intermediate,50,4.2,5,48,65.0,2,0.5,2,6,9.5,5,5,2,82.7,58.5,55.7,4,08-01-2025,UPI,Yes,No,4912,60,1,0,3.6,Not Completed,0,1,2,0,2,2,3,5
691,STU100691,Vihaan Desai,Female,25,Bachelor,Self-Employed,Vadodara,Laptop,High,C102,Data Analysis with Python,Programming,Intermediate,60,4.7,6,32,54.9,4,11.8,0,4,6.4,6,4,1,81.9,78.5,59.1,2,10-06-2025,Credit Card,Yes,No,4737,71,5,1,3.5,Not Completed,0,0,1,0,0,2,4,0
692,STU100692,Sneha Shah,Female,29,Bachelor,Employed,Indore,Mobile,Medium,C105,UI/UX Design Fundamentals,Design,Beginner,40,4.4,5,32,26.8,1,5.8,4,3,10.0,6,4,6,89.9,74.2,49.1,2,28-12-2024,Scholarship,No,Yes,626,94,3,0,5.0,Not Completed,0,0,0,1,2,1,1,4
693,STU100693,Sai Bhardwaj,Female,28,Master,Student,Bengaluru,Mobile,Medium,C107,Statistics for Data Science,Math,Intermediate,50,4.2,5,41,92.0,1,6.3,0,3,7.1,5,4,5,84.2,69.4,65.7,1,15-05-2024,Scholarship,No,No,992,78,5,3,4.2,Not Completed,0,3,2,1,2,2,3,4
694,STU100694,Vivaan Bhardwaj,Male,20,Bachelor,Student,Hyderabad,Laptop,High,C104,Digital Marketing Essentials,Marketing,Beginner,30,4.3,6,37,45.0,4,2.6,4,6,8.1,6,4,11,54.3,80.6,55.8,3,19-06-2025,Debit Card,Yes,No,3504,86,5,1,4.1,Not Completed,1,0,2,0,0,1,2,1
695,STU100695,Rahul Verma,Female,34,Diploma,Employed,Hyderabad,Mobile,Medium,C108,Excel for Business,Business,Beginner,25,4.1,5,12,25.0,1,0.5,0,4,4.2,6,4,2,67.8,59.3,47.7,1,11-08-2024,Scholarship,No,No,1583,96,0,0,4.2,Completed,0,1,0,1,2,1,0,4
696,STU100696,Ananya Bhardwaj,Male,28,Bachelor,Self-Employed,Ahmedabad,Laptop,Medium,C108,Excel for Business,Business,Beginner,25,4.1,3,15,30.2,3,5.2,7,4,6.5,5,5,2,66.8,93.6,45.2,1,26-03-2025,UPI,Yes,No,3179,100,3,0,3.5,Not Completed,1,0,1,0,2,1,0,5
697,STU100697,Vihaan Verma,Female,26,Bachelor,Student,Vadodara,Laptop,High,C107,Statistics for Data Science,Math,Intermediate,50,4.2,4,33,25.0,2,4.0,3,7,7.5,7,3,1,65.7,80.2,54.8,4,16-12-2023,Credit Card,Yes,No,4866,66,1,0,4.2,Completed,0,0,2,0,0,2,3,0
698,STU100698,Neha Shah,Male,25,Master,Student,Lucknow,Mobile,High,C101,Python Basics,Programming,Beginner,45,4.6,6,51,55.5,1,0.8,11,6,5.9,5,5,7,93.9,87.1,53.8,2,29-02-2024,UPI,Yes,No,4099,67,2,2,4.8,Not Completed,1,3,2,1,0,1,4,5
699,STU100699,Rohan Verma,Female,29,Bachelor,Student,Indore,Mobile,High,C102,Data Analysis with Python,Programming,Intermediate,60,4.7,5,40,46.6,1,0.5,9,5,8.1,3,7,2,53.4,72.5,37.9,2,26-06-2024,UPI,Yes,Yes,4572,88,4,1,3.5,Not Completed,0,0,2,1,0,2,4,5
700,STU100700,Priya Reddy,Male,19,Master,Student,Bengaluru,Mobile,High,C104,Digital Marketing Essentials,Marketing,Beginner,30,4.3,5,34,73.9,1,0.5,1,4,8.6,2,8,1,75.7,57.8,40.8,2,18-07-2024,Free,No,No,0,51,2,0,4.3,Not Completed,1,3,2,1,0,1,2,2
701,STU100701,Isha Mehta,Female,39,Bachelor,Employed,Kolkata,Laptop,Medium,C101,Python Basics,Programming,Beginner,45,4.6,2,37,10.6,1,7.1,2,3,5.1,2,8,3,67.7,89.5,20.2,5,20-01-2024,UPI,Yes,No,4192,41,0,0,4.3,Not Completed,0,0,0,0,2,1,4,5
702,STU100702,Priya Gupta,Female,22,Bachelor,Employed,Indore,Mobile,Low,C102,Data Analysis with Python,Programming,Intermediate,60,4.7,6,23,54.5,3,0.5,3,4,4.1,3,7,3,59.7,68.6,40.5,1,28-10-2024,Free,No,No,0,73,2,2,3.1,Not Completed,0,0,0,1,1,2,4,2
703,STU100703,Kavya Reddy,Male,38,Bachelor,Employed,Hyderabad,Mobile,Medium,C105,UI/UX Design Fundamentals,Design,Beginner,40,4.4,5,50,71.8,4,0.5,1,2,8.7,6,3,3,66.5,67.1,64.5,4,20-01-2024,UPI,Yes,No,3831,69,4,1,3.8,Not Completed,1,0,0,1,2,1,1,5
704,STU100704,Kavya Iyer,Female,36,Bachelor,Student,Lucknow,Mobile,Medium,C106,Machine Learning A-Z,Programming,Advanced,90,4.6,4,27,46.5,5,2.2,6,6,6.3,5,5,3,65.3,68.0,49.7,4,20-12-2023,Debit Card,Yes,No,6582,33,2,0,5.0,Not Completed,0,0,2,1,2,0,4,1
705,STU100705,Rahul Mehta,Female,18,Master,Employed,Pune,Laptop,High,C108,Excel for Business,Business,Beginner,25,4.1,5,18,19.0,5,7.4,3,5,8.1,3,7,6,68.3,53.7,27.3,1,20-05-2024,Free,No,No,0,47,2,0,3.3,Completed,0,3,0,0,0,1,0,2
706,STU100706,Meera Kumar,Female,24,Bachelor,Employed,Hyderabad,Mobile,Low,C107,Statistics for Data Science,Math,Intermediate,50,4.2,1,34,55.7,1,0.7,7,8,6.9,4,6,2,55.2,70.4,47.0,1,26-09-2024,UPI,Yes,No,4800,33,0,1,4.2,Not Completed,0,0,0,1,1,2,3,5
707,STU100707,Rahul Bhardwaj,Male,29,Bachelor,Student,Bengaluru,Mobile,Low,C104,Digital Marketing Essentials,Marketing,Beginner,30,4.3,5,30,56.3,3,3.3,2,2,8.4,7,3,7,76.9,53.3,64.4,2,24-02-2025,Credit Card,Yes,No,3805,79,2,2,4.4,Completed,1,0,2,1,1,1,2,0
708,STU100708,Pooja Bose,Other,23,Diploma,Student,Lucknow,Mobile,Medium,C106,Machine Learning A-Z,Programming,Advanced,90,4.6,3,50,50.5,1,4.3,18,10,5.6,6,4,5,89.8,94.2,58.4,6,03-12-2023,Free,No,No,0,62,3,1,3.9,Completed,2,1,2,1,2,0,4,2
709,STU100709,Vihaan Iyer,Male,28,Bachelor,Self-Employed,Vadodara,Laptop,High,C107,Statistics for Data Science,Math,Intermediate,50,4.2,6,47,93.6,5,9.0,1,8,8.4,3,7,1,68.8,50.5,53.3,3,02-11-2023,Credit Card,Yes,No,4438,83,0,0,3.6,Not Completed,1,0,1,0,0,2,3,0
710,STU100710,Vihaan Bose,Male,17,Bachelor,Employed,Nagpur,Mobile,High,C101,Python Basics,Programming,Beginner,45,4.6,3,39,85.9,0,5.1,1,7,6.7,3,7,5,74.4,62.1,51.2,3,26-01-2025,UPI,Yes,No,4229,86,3,0,2.7,Not Completed,1,0,0,1,0,1,4,5
711,STU100711,Aarav Mehta,Female,23,Diploma,Unemployed,Pune,Mobile,High,C108,Excel for Business,Business,Beginner,25,4.1,3,29,53.8,3,8.6,0,5,6.3,3,7,6,72.9,55.2,39.6,3,29-02-2024,Credit Card,Yes,No,3442,22,2,1,3.8,Not Completed,0,1,3,1,0,1,0,0
712,STU100712,Ananya Verma,Female,22,Bachelor,Student,Nagpur,Mobile,Medium,C108,Excel for Business,Business,Beginner,25,4.1,6,28,42.5,2,0.5,3,6,4.6,6,4,3,58.5,63.0,54.0,7,23-07-2024,UPI,Yes,Yes,2754,64,7,1,3.8,Not Completed,0,0,2,1,2,1,0,5
713,STU100713,Aditya Iyer,Male,24,Master,Student,Hyderabad,Mobile,High,C102,Data Analysis with Python,Programming,Intermediate,60,4.7,5,33,70.0,2,0.5,6,7,3.9,6,4,4,74.3,93.1,65.1,2,31-10-2024,UPI,Yes,No,5367,80,1,1,3.7,Completed,1,3,2,1,0,2,4,5
714,STU100714,Sai Patel,Male,23,Master,Student,Chennai,Laptop,High,C105,UI/UX Design Fundamentals,Design,Beginner,40,4.4,9,45,38.3,3,7.6,0,8,6.4,6,4,5,79.8,77.8,53.3,2,02-10-2025,Free,No,No,0,100,4,0,5.0,Not Completed,1,3,2,0,0,1,1,2
715,STU100715,Rohan Mehta,Male,20,Bachelor,Employed,Lucknow,Mobile,Medium,C101,Python Basics,Programming,Beginner,45,4.6,3,30,26.6,0,0.5,5,3,4.4,3,7,1,63.3,46.8,29.7,1,22-01-2024,UPI,Yes,No,3888,67,3,2,4.1,Not Completed,1,0,0,1,2,1,4,5
716,STU100716,Aarav Singh,Male,22,Bachelor,Student,Kolkata,Mobile,Medium,C101,Python Basics,Programming,Beginner,45,4.6,1,24,14.0,2,0.5,4,2,2.9,3,7,2,65.5,75.3,26.7,0,15-06-2025,Debit Card,Yes,No,4186,58,3,2,4.7,Not Completed,1,0,2,1,2,1,4,1
717,STU100717,Rohan Gupta,Female,25,Bachelor,Employed,Lucknow,Mobile,Medium,C103,Introduction to AI,Programming,Intermediate,75,4.5,4,39,90.5,9,8.3,28,7,9.5,3,7,2,66.2,51.6,52.3,0,25-10-2023,Free,No,No,0,96,5,1,3.4,Completed,0,0,0,1,2,2,4,2
718,STU100718,Pooja Shah,Female,29,Master,Self-Employed,Delhi,Mobile,High,C108,Excel for Business,Business,Beginner,25,4.1,4,34,65.5,2,0.5,13,5,7.0,7,2,1,86.9,83.0,69.1,4,22-12-2024,UPI,Yes,No,3527,67,3,1,4.1,Completed,0,3,1,1,0,1,0,5
719,STU100719,Arjun Reddy,Female,21,HighSchool,Student,Delhi,Laptop,Low,C102,Data Analysis with Python,Programming,Intermediate,60,4.7,4,15,41.4,1,0.5,28,5,7.5,8,2,2,78.5,68.6,65.9,4,16-01-2024,UPI,Yes,No,5490,58,4,1,2.7,Not Completed,0,2,2,0,1,2,4,5
720,STU100720,Vihaan Sharma,Female,27,Bachelor,Employed,Hyderabad,Mobile,Low,C103,Introduction to AI,Programming,Intermediate,75,4.5,3,30,52.5,4,1.9,0,8,7.7,5,5,3,57.4,83.6,52.6,2,18-08-2024,UPI,Yes,No,6147,76,1,0,3.4,Not Completed,0,0,0,1,1,2,4,5
721,STU100721,Arjun Mehta,Female,31,Bachelor,Unemployed,Vadodara,Mobile,Low,C107,Statistics for Data Science,Math,Intermediate,50,4.2,4,15,56.6,3,0.5,8,3,5.1,5,5,8,59.2,50.2,52.3,4,01-03-2024,UPI,Yes,Yes,4184,76,5,3,5.0,Completed,0,0,3,1,1,2,3,5
722,STU100722,Arjun Sharma,Female,25,HighSchool,Self-Employed,Surat,Mobile,High,C104,Digital Marketing Essentials,Marketing,Beginner,30,4.3,4,42,71.6,6,0.5,3,6,5.4,4,6,2,58.0,70.5,52.6,2,02-07-2025,Free,No,No,0,85,3,1,3.9,Not Completed,0,2,1,1,0,1,2,2
723,STU100723,Sai Reddy,Female,20,Bachelor,Employed,Hyderabad,Mobile,Medium,C106,Machine Learning A-Z,Programming,Advanced,90,4.6,7,46,75.0,3,1.7,0,2,9.7,5,5,3,92.4,61.7,59.3,0,21-07-2025,UPI,Yes,No,6803,100,4,0,3.8,Completed,0,0,0,1,2,0,4,5
724,STU100724,Arjun Bose,Female,29,Diploma,Student,Chennai,Laptop,Medium,C105,UI/UX Design Fundamentals,Design,Beginner,40,4.4,6,25,96.2,3,6.2,17,3,7.1,4,6,3,88.4,51.7,60.2,0,12-01-2025,UPI,Yes,No,3703,68,6,0,3.6,Not Completed,0,1,2,0,2,1,1,5
725,STU100725,Krishna Sharma,Male,24,Bachelor,Employed,Bhopal,Mobile,High,C101,Python Basics,Programming,Beginner,45,4.6,7,20,93.0,3,0.5,4,2,4.1,4,6,0,66.3,38.8,58.5,1,20-02-2024,Free,No,No,0,57,3,1,3.5,Completed,1,0,0,1,0,1,4,2
726,STU100726,Nikhil Nair,Male,17,Bachelor,Unemployed,Chennai,Mobile,High,C103,Introduction to AI,Programming,Intermediate,75,4.5,5,24,11.7,0,5.2,0,5,4.4,4,6,1,56.6,73.6,31.8,2,29-12-2024,UPI,Yes,No,5858,50,0,1,2.9,Not Completed,1,0,3,1,0,2,4,5
727,STU100727,Pooja Desai,Male,17,Bachelor,Employed,Bengaluru,Mobile,Medium,C102,Data Analysis with Python,Programming,Intermediate,60,4.7,4,27,76.9,0,0.5,0,7,3.4,3,7,3,81.2,49.7,47.4,0,07-08-2025,Credit Card,Yes,No,5347,100,2,2,4.3,Completed,1,0,0,1,2,2,4,0
728,STU100728,Aditya Singh,Female,26,Diploma,Unemployed,Surat,Laptop,Medium,C105,UI/UX Design Fundamentals,Design,Beginner,40,4.4,3,33,45.4,5,2.3,14,3,7.5,3,7,4,64.5,69.6,37.4,0,30-06-2025,NetBanking,Yes,No,3741,46,2,4,3.7,Not Completed,0,1,3,0,2,1,1,3
729,STU100729,Ananya Desai,Male,28,Master,Student,Indore,Mobile,Low,C101,Python Basics,Programming,Beginner,45,4.6,2,33,88.4,4,1.2,6,4,8.3,4,6,2,55.5,45.0,57.2,2,21-08-2025,UPI,Yes,No,3951,13,4,2,4.1,Completed,1,3,2,1,1,1,4,5
730,STU100730,Ananya Singh,Female,33,Master,Employed,Surat,Mobile,Medium,C105,UI/UX Design Fundamentals,Design,Beginner,40,4.4,6,26,89.1,1,0.6,0,6,6.2,3,7,3,71.5,67.6,52.6,3,27-04-2024,Free,No,No,0,80,1,0,3.6,Not Completed,0,3,0,1,2,1,1,2
731,STU100731,Priya Kumar,Male,25,Bachelor,Student,Lucknow,Laptop,Medium,C101,Python Basics,Programming,Beginner,45,4.6,4,36,21.6,3,0.9,3,5,9.7,7,3,5,58.7,78.0,53.5,4,18-06-2024,NetBanking,Yes,Yes,3525,55,4,0,3.9,Not Completed,1,0,2,0,2,1,4,3
732,STU100732,Meera Mehta,Male,32,Master,Student,Delhi,Mobile,High,C102,Data Analysis with Python,Programming,Intermediate,60,4.7,3,28,52.4,2,7.5,34,5,7.4,3,7,3,77.1,80.3,40.4,2,31-07-2025,UPI,Yes,No,5341,70,1,1,4.0,Not Completed,1,3,2,1,0,2,4,5
733,STU100733,Sakshi Sharma,Female,23,Bachelor,Unemployed,Surat,Mobile,Medium,C108,Excel for Business,Business,Beginner,25,4.1,6,34,62.5,2,6.8,0,8,7.5,5,5,4,55.5,78.0,55.8,3,29-10-2023,Debit Card,Yes,Yes,2782,96,1,1,4.0,Not Completed,0,0,3,1,2,1,0,1
734,STU100734,Sneha Bose,Male,24,Bachelor,Student,Hyderabad,Mobile,High,C101,Python Basics,Programming,Beginner,45,4.6,3,35,46.6,1,4.5,13,9,7.4,4,6,5,74.0,27.0,41.7,1,21-05-2025,NetBanking,Yes,No,3891,72,4,3,4.8,Completed,1,0,2,1,0,1,4,3
735,STU100735,Isha Joshi,Female,29,PhD,Unemployed,Surat,Laptop,Low,C106,Machine Learning A-Z,Programming,Advanced,90,4.6,6,24,69.8,5,0.5,0,3,5.7,5,5,3,47.1,48.6,56.9,3,10-02-2025,Free,No,No,0,69,4,0,5.0,Not Completed,0,4,3,0,1,0,4,2
736,STU100736,Aditya Patel,Male,20,Diploma,Employed,Jaipur,Mobile,Medium,C101,Python Basics,Programming,Beginner,45,4.6,5,25,19.8,2,4.2,1,8,6.0,5,5,4,58.0,83.5,41.1,5,11-07-2024,NetBanking,Yes,No,4612,100,2,0,4.5,Not Completed,1,1,0,1,2,1,4,3
737,STU100737,Krishna Patel,Female,32,Bachelor,Student,Bhopal,Laptop,Medium,C101,Python Basics,Programming,Beginner,45,4.6,3,66,67.3,4,3.7,11,2,3.2,6,4,3,56.7,44.6,61.8,1,27-11-2024,UPI,Yes,No,4228,60,4,0,4.4,Completed,0,0,2,0,2,1,4,5
738,STU100738,Ritika Kumar,Male,24,HighSchool,Self-Employed,Lucknow,Laptop,Low,C106,Machine Learning A-Z,Programming,Advanced,90,4.6,7,23,81.6,2,0.5,5,10,5.9,7,3,9,62.5,50.0,73.0,1,15-12-2024,Free,No,Yes,0,63,2,3,4.0,Not Completed,1,2,1,0,1,0,4,2
739,STU100739,Isha Nair,Male,28,HighSchool,Student,Chennai,Laptop,Medium,C101,Python Basics,Programming,Beginner,45,4.6,9,9,57.8,4,2.5,3,3,6.3,6,4,7,66.3,74.9,60.0,3,18-04-2025,Debit Card,Yes,No,4667,77,2,2,4.1,Not Completed,1,2,2,0,2,1,4,1
740,STU100740,Rahul Bhardwaj,Female,21,Master,Employed,Bengaluru,Laptop,High,C102,Data Analysis with Python,Programming,Intermediate,60,4.7,5,39,88.2,1,0.5,2,3,3.7,3,7,4,65.6,59.2,51.8,1,29-08-2024,Debit Card,Yes,No,4511,92,1,1,3.6,Completed,0,3,0,0,0,2,4,1
741,STU100741,Aditya Gupta,Male,27,Diploma,Employed,Bhopal,Laptop,Medium,C102,Data Analysis with Python,Programming,Intermediate,60,4.7,7,46,74.9,2,0.5,0,5,8.0,5,5,3,67.2,82.9,60.4,1,24-03-2024,Credit Card,Yes,No,4598,54,2,2,3.2,Completed,1,1,0,0,2,2,4,0
742,STU100742,Rahul Joshi,Female,18,Master,Unemployed,Chennai,Mobile,Medium,C105,UI/UX Design Fundamentals,Design,Beginner,40,4.4,6,43,46.2,1,15.9,3,6,3.5,4,6,5,64.7,66.0,43.5,5,12-08-2025,Credit Card,Yes,No,3716,81,3,0,3.1,Completed,0,3,3,1,2,1,1,0
743,STU100743,Aditya Kumar,Female,37,Bachelor,Student,Indore,Laptop,Medium,C103,Introduction to AI,Programming,Intermediate,75,4.5,6,22,65.6,3,0.5,2,5,4.9,4,6,4,72.6,83.0,51.1,3,17-06-2024,UPI,Yes,No,5893,69,1,1,5.0,Not Completed,0,0,2,0,2,2,4,5
744,STU100744,Vivaan Singh,Female,27,Bachelor,Unemployed,Delhi,Laptop,Medium,C108,Excel for Business,Business,Beginner,25,4.1,4,36,53.7,2,10.1,5,1,8.4,3,7,9,70.8,70.7,40.3,4,12-02-2024,UPI,Yes,Yes,2786,60,2,1,3.5,Completed,0,0,3,0,2,1,0,5
745,STU100745,Kavya Bhardwaj,Male,20,Bachelor,Student,Jaipur,Mobile,Medium,C101,Python Basics,Programming,Beginner,45,4.6,5,58,78.7,3,0.5,0,5,7.4,4,6,8,90.9,51.0,54.1,2,29-08-2025,NetBanking,Yes,No,4266,84,1,2,5.0,Not Completed,1,0,2,1,2,1,4,3
746,STU100746,Sai Sharma,Male,20,Diploma,Student,Mumbai,Laptop,High,C106,Machine Learning A-Z,Programming,Advanced,90,4.6,3,29,53.8,1,0.5,0,7,6.9,4,6,3,49.4,41.8,44.9,2,04-10-2025,UPI,Yes,No,6406,84,0,1,3.6,Not Completed,1,1,2,0,0,0,4,5
747,STU100747,Aarav Verma,Male,21,Bachelor,Student,Kolkata,Mobile,High,C108,Excel for Business,Business,Beginner,25,4.1,4,41,69.6,1,1.4,2,1,3.4,5,5,3,69.4,84.4,58.6,3,04-04-2025,Scholarship,No,Yes,1131,63,4,1,2.6,Not Completed,1,0,2,1,0,1,0,4
748,STU100748,Ritika Desai,Male,25,Bachelor,Employed,Nagpur,Laptop,Low,C106,Machine Learning A-Z,Programming,Advanced,90,4.6,5,30,70.4,1,6.5,3,6,6.6,6,3,3,71.8,68.1,64.1,4,04-04-2024,Free,No,No,0,70,4,2,4.3,Not Completed,1,0,0,0,1,0,4,2
749,STU100749,Sneha Verma,Female,31,Bachelor,Employed,Indore,Laptop,High,C107,Statistics for Data Science,Math,Intermediate,50,4.2,4,33,80.9,2,0.5,6,4,8.9,2,8,2,63.6,67.7,43.7,3,18-07-2024,Free,No,No,0,89,2,0,5.0,Not Completed,0,0,0,0,0,2,3,2
750,STU100750,Vihaan Desai,Female,35,Bachelor,Employed,Bhopal,Mobile,Low,C101,Python Basics,Programming,Beginner,45,4.6,5,31,14.0,0,4.4,1,4,5.1,3,7,2,61.7,74.4,26.6,0,29-12-2024,Free,No,No,0,40,0,2,5.0,Not Completed,0,0,0,1,1,1,4,2
751,STU100751,Neha Gupta,Female,17,Bachelor,Self-Employed,Delhi,Mobile,Medium,C102,Data Analysis with Python,Programming,Intermediate,60,4.7,6,53,77.1,2,10.2,9,6,5.2,7,2,4,57.0,48.9,71.4,4,29-05-2025,UPI,Yes,No,4718,100,5,2,5.0,Not Completed,0,0,1,1,2,2,4,5
752,STU100752,Aditya Reddy,Male,20,Master,Employed,Kolkata,Mobile,Medium,C104,Digital Marketing Essentials,Marketing,Beginner,30,4.3,5,36,29.5,1,15.0,6,5,5.8,7,3,4,67.0,65.9,55.6,3,12-12-2023,UPI,Yes,No,3491,75,5,0,4.6,Completed,1,3,0,1,2,1,2,5
753,STU100753,Meera Shah,Female,24,Master,Employed,Jaipur,Mobile,Medium,C101,Python Basics,Programming,Beginner,45,4.6,6,24,88.4,2,0.5,14,14,4.8,6,4,4,79.6,55.5,69.7,2,26-03-2024,Credit Card,Yes,No,4343,87,2,1,3.3,Completed,0,3,0,1,2,1,4,0
754,STU100754,Neha Desai,Female,22,Bachelor,Student,Delhi,Mobile,High,C108,Excel for Business,Business,Beginner,25,4.1,5,29,59.2,2,0.5,26,3,5.9,0,9,5,61.6,87.1,25.1,1,06-09-2025,UPI,Yes,No,3346,90,1,1,3.5,Not Completed,0,0,2,1,0,1,0,5
755,STU100755,Vihaan Singh,Male,23,Master,Employed,Indore,Mobile,High,C104,Digital Marketing Essentials,Marketing,Beginner,30,4.3,3,47,50.0,3,1.8,8,6,9.0,4,6,2,60.7,86.5,45.8,5,01-12-2023,Debit Card,Yes,No,3529,50,2,0,3.7,Completed,1,3,0,1,0,1,2,1
756,STU100756,Aarav Singh,Male,26,Bachelor,Student,Mumbai,Mobile,Medium,C104,Digital Marketing Essentials,Marketing,Beginner,30,4.3,6,39,58.9,3,4.7,4,9,8.6,2,8,4,79.5,86.0,36.9,3,12-11-2024,Debit Card,Yes,No,3778,88,2,1,3.8,Not Completed,1,0,2,1,2,1,2,1
757,STU100757,Arjun Verma,Female,27,HighSchool,Student,Bhopal,Laptop,High,C108,Excel for Business,Business,Beginner,25,4.1,5,53,91.3,4,0.5,6,7,7.5,7,3,4,95.8,88.9,78.4,5,22-11-2023,Scholarship,No,Yes,897,100,5,1,4.6,Completed,0,2,2,0,0,1,0,4
758,STU100758,Rahul Desai,Male,23,Bachelor,Student,Bhopal,Laptop,High,C106,Machine Learning A-Z,Programming,Advanced,90,4.6,6,55,80.4,4,15.3,0,6,5.1,6,4,6,88.3,56.6,67.0,4,18-08-2025,Debit Card,Yes,No,6216,100,4,0,3.7,Completed,1,0,2,0,0,0,4,1
759,STU100759,Isha Singh,Female,30,Bachelor,Student,Hyderabad,Mobile,Medium,C102,Data Analysis with Python,Programming,Intermediate,60,4.7,7,38,79.3,1,4.3,2,6,6.1,8,1,2,100.0,71.9,79.4,3,08-09-2024,Credit Card,Yes,No,4974,47,1,0,3.8,Completed,0,0,2,1,2,2,4,0
760,STU100760,Neha Shah,Female,25,Bachelor,Employed,Delhi,Laptop,High,C104,Digital Marketing Essentials,Marketing,Beginner,30,4.3,4,19,34.4,1,0.5,6,2,8.5,3,7,4,59.6,79.9,34.0,4,16-02-2024,UPI,Yes,No,3772,54,0,3,3.5,Not Completed,0,0,0,0,0,1,2,5
761,STU100761,Ritika Iyer,Female,29,HighSchool,Student,Bhopal,Laptop,Medium,C101,Python Basics,Programming,Beginner,45,4.6,6,41,74.2,6,0.5,7,13,5.1,5,4,6,57.5,57.3,58.8,6,01-06-2024,Debit Card,Yes,No,4620,58,2,1,4.1,Not Completed,0,2,2,0,2,1,4,1
762,STU100762,Ritika Patel,Female,27,Master,Employed,Chennai,Mobile,Medium,C101,Python Basics,Programming,Beginner,45,4.6,8,15,69.2,0,7.2,2,8,7.0,6,4,6,90.1,93.1,64.9,1,04-02-2025,UPI,Yes,No,4574,82,2,1,4.0,Not Completed,0,3,0,1,2,1,4,5
763,STU100763,Ananya Desai,Male,22,Bachelor,Student,Nagpur,Mobile,Medium,C102,Data Analysis with Python,Programming,Intermediate,60,4.7,5,27,58.3,1,0.5,1,3,3.8,2,8,2,81.5,89.7,36.9,2,13-01-2024,Credit Card,Yes,No,5452,55,2,1,4.4,Not Completed,1,0,2,1,2,2,4,0
764,STU100764,Rahul Reddy,Female,32,Diploma,Student,Mumbai,Mobile,High,C103,Introduction to AI,Programming,Intermediate,75,4.5,3,30,78.0,4,0.5,3,3,3.9,4,5,6,62.1,55.7,54.1,1,10-08-2024,NetBanking,Yes,No,5384,88,3,1,5.0,Not Completed,0,1,2,1,0,2,4,3
765,STU100765,Nikhil Desai,Female,28,Bachelor,Employed,Ahmedabad,Mobile,Medium,C106,Machine Learning A-Z,Programming,Advanced,90,4.6,7,26,81.1,2,2.7,16,3,8.7,3,6,2,53.9,70.1,49.9,2,21-06-2024,UPI,Yes,No,6159,88,3,1,4.7,Not Completed,0,0,0,1,2,0,4,5
766,STU100766,Kavya Joshi,Male,26,HighSchool,Unemployed,Jaipur,Laptop,Medium,C108,Excel for Business,Business,Beginner,25,4.1,8,33,71.1,3,6.5,2,13,5.1,7,3,0,78.9,80.7,70.9,2,04-05-2024,Scholarship,No,No,654,90,1,0,5.0,Completed,1,2,3,0,2,1,0,4
767,STU100767,Rahul Desai,Female,24,Bachelor,Student,Vadodara,Mobile,Medium,C102,Data Analysis with Python,Programming,Intermediate,60,4.7,4,18,70.3,1,6.3,8,3,3.6,5,5,0,53.6,77.7,58.5,2,23-10-2023,Free,No,No,0,55,0,0,4.1,Completed,0,0,2,1,2,2,4,2
768,STU100768,Isha Patel,Male,17,Bachelor,Student,Pune,Tablet,High,C104,Digital Marketing Essentials,Marketing,Beginner,30,4.3,7,31,71.4,4,9.3,10,4,10.0,7,3,2,89.9,86.0,71.3,2,29-07-2025,Debit Card,Yes,No,3260,59,2,1,3.2,Not Completed,1,0,2,2,0,1,2,1
769,STU100769,Aarav Joshi,Female,39,Bachelor,Employed,Mumbai,Mobile,Medium,C106,Machine Learning A-Z,Programming,Advanced,90,4.6,2,35,56.4,3,2.8,7,5,5.3,2,8,2,59.5,69.9,35.2,2,05-11-2024,Free,No,No,0,76,1,0,4.3,Completed,0,0,0,1,2,0,4,2
770,STU100770,Ananya Sharma,Female,25,Bachelor,Unemployed,Pune,Mobile,Medium,C104,Digital Marketing Essentials,Marketing,Beginner,30,4.3,5,49,79.7,2,7.3,0,3,6.8,7,3,5,97.7,59.3,72.9,3,16-06-2024,Scholarship,No,No,1646,52,2,1,2.9,Not Completed,0,0,3,1,2,1,2,4
771,STU100771,Isha Reddy,Male,28,Master,Unemployed,Mumbai,Mobile,Low,C108,Excel for Business,Business,Beginner,25,4.1,5,31,23.1,0,7.9,25,4,3.1,4,6,1,57.8,61.6,35.2,1,10-03-2024,Free,No,Yes,0,72,3,0,3.7,Not Completed,1,3,3,1,1,1,0,2
772,STU100772,Neha Sharma,Female,23,Bachelor,Student,Mumbai,Mobile,Medium,C108,Excel for Business,Business,Beginner,25,4.1,6,37,72.4,2,13.1,6,8,4.1,4,6,4,67.6,69.4,52.8,3,01-04-2025,UPI,Yes,No,2998,51,3,3,4.2,Completed,0,0,2,1,2,1,0,5
773,STU100773,Isha Nair,Female,29,Master,Student,Bhopal,Mobile,High,C103,Introduction to AI,Programming,Intermediate,75,4.5,4,38,88.2,1,1.4,10,3,7.1,3,7,6,81.7,62.5,52.0,1,11-01-2024,Credit Card,Yes,No,6298,92,3,0,3.8,Completed,0,3,2,1,0,2,4,0
774,STU100774,Nikhil Sharma,Female,27,Bachelor,Student,Surat,Mobile,Medium,C101,Python Basics,Programming,Beginner,45,4.6,7,35,20.9,6,2.2,7,6,9.5,4,6,2,46.3,74.8,35.0,2,23-11-2024,UPI,Yes,No,4144,55,4,0,4.6,Completed,0,0,2,1,2,1,4,5
775,STU100775,Aditya Bhardwaj,Male,26,Bachelor,Employed,Jaipur,Laptop,High,C101,Python Basics,Programming,Beginner,45,4.6,5,49,79.1,2,6.2,6,3,4.6,4,6,3,81.3,42.3,53.8,2,25-08-2025,Debit Card,Yes,No,4053,100,5,2,4.3,Completed,1,0,0,0,0,1,4,1
776,STU100776,Arjun Singh,Male,18,Diploma,Student,Ahmedabad,Mobile,Medium,C102,Data Analysis with Python,Programming,Intermediate,60,4.7,6,33,93.3,3,0.5,14,7,5.5,6,4,6,89.8,81.8,72.7,7,03-09-2024,Scholarship,No,No,2235,53,4,1,4.0,Completed,1,1,2,1,2,2,4,4
777,STU100777,Priya Nair,Female,30,Diploma,Employed,Nagpur,Laptop,Medium,C106,Machine Learning A-Z,Programming,Advanced,90,4.6,5,52,70.9,3,0.6,2,8,3.9,3,7,2,68.1,100.0,47.8,2,06-09-2024,Debit Card,Yes,No,6827,57,1,0,4.1,Completed,0,1,0,0,2,0,4,1
778,STU100778,Kavya Kumar,Male,24,Bachelor,Student,Pune,Mobile,High,C101,Python Basics,Programming,Beginner,45,4.6,5,40,77.5,1,1.7,2,8,6.4,7,3,3,79.6,75.4,72.9,2,11-05-2024,Credit Card,Yes,No,3983,68,1,0,4.7,Completed,1,0,2,1,0,1,4,0
779,STU100779,Arjun Desai,Female,17,Bachelor,Employed,Vadodara,Mobile,High,C105,UI/UX Design Fundamentals,Design,Beginner,40,4.4,6,30,76.5,2,1.7,11,4,6.6,4,6,1,75.4,63.8,54.0,0,24-03-2024,Debit Card,Yes,No,3788,86,2,1,2.6,Completed,0,0,0,1,0,1,1,1
780,STU100780,Vihaan Verma,Male,17,Master,Student,Kolkata,Laptop,Medium,C104,Digital Marketing Essentials,Marketing,Beginner,30,4.3,8,34,86.5,2,6.5,0,6,7.9,7,2,3,72.7,65.6,75.5,2,06-12-2024,Free,No,No,0,52,1,0,5.0,Completed,1,3,2,0,2,1,2,2
781,STU100781,Vihaan Gupta,Male,29,Bachelor,Self-Employed,Hyderabad,Tablet,High,C108,Excel for Business,Business,Beginner,25,4.1,4,37,77.3,2,0.5,4,7,8.4,8,2,5,68.5,55.1,77.8,0,16-05-2024,Debit Card,Yes,Yes,2834,82,4,1,4.8,Completed,1,0,1,2,0,1,0,1
782,STU100782,Kavya Kumar,Female,23,HighSchool,Student,Kolkata,Mobile,Low,C102,Data Analysis with Python,Programming,Intermediate,60,4.7,4,32,66.0,0,3.8,3,6,7.9,6,3,2,60.6,80.6,63.1,2,16-02-2024,Credit Card,Yes,No,5002,58,2,3,4.8,Completed,0,2,2,1,1,2,4,0
783,STU100783,Aditya Verma,Female,33,Bachelor,Unemployed,Vadodara,Mobile,Medium,C106,Machine Learning A-Z,Programming,Advanced,90,4.6,4,32,78.4,1,3.4,0,4,7.0,8,2,6,78.1,57.2,78.3,1,29-09-2025,Debit Card,Yes,Yes,5585,56,3,0,4.3,Completed,0,0,3,1,2,0,4,1
784,STU100784,Sakshi Patel,Female,34,Master,Student,Pune,Tablet,Medium,C107,Statistics for Data Science,Math,Intermediate,50,4.2,2,8,71.8,1,1.6,4,5,5.2,2,8,3,43.7,66.4,40.5,1,16-09-2024,Credit Card,Yes,No,4630,52,1,2,5.0,Not Completed,0,3,2,2,2,2,3,0
785,STU100785,Arjun Sharma,Male,26,Bachelor,Employed,Indore,Laptop,Medium,C102,Data Analysis with Python,Programming,Intermediate,60,4.7,1,35,15.7,2,0.5,3,4,2.5,7,3,3,66.4,62.8,50.6,1,15-10-2024,UPI,Yes,No,4959,100,1,1,4.8,Not Completed,1,0,0,0,2,2,4,5
786,STU100786,Priya Gupta,Female,23,Master,Employed,Mumbai,Laptop,Medium,C106,Machine Learning A-Z,Programming,Advanced,90,4.6,5,41,68.0,6,0.5,1,4,10.0,5,5,4,87.8,68.5,57.2,3,09-07-2024,Credit Card,Yes,No,6494,67,1,1,5.0,Not Completed,0,3,0,0,2,0,4,0
787,STU100787,Sai Patel,Female,24,Bachelor,Employed,Chennai,Mobile,High,C107,Statistics for Data Science,Math,Intermediate,50,4.2,3,27,60.0,5,1.0,2,6,3.9,4,6,2,60.3,51.4,47.6,2,08-05-2025,UPI,Yes,No,4215,39,1,0,4.8,Completed,0,0,0,1,0,2,3,5
788,STU100788,Rahul Singh,Female,19,Bachelor,Employed,Delhi,Mobile,High,C104,Digital Marketing Essentials,Marketing,Beginner,30,4.3,4,38,94.1,2,3.8,11,3,8.4,3,6,6,87.1,76.1,54.8,5,08-03-2024,Credit Card,Yes,No,3711,51,2,2,3.5,Completed,0,0,0,1,0,1,2,0
789,STU100789,Vihaan Patel,Male,36,Bachelor,Student,Mumbai,Laptop,High,C107,Statistics for Data Science,Math,Intermediate,50,4.2,2,20,88.5,2,5.5,4,5,4.0,7,3,6,64.5,72.0,76.6,4,31-05-2024,Debit Card,Yes,No,4184,80,2,1,4.3,Not Completed,1,0,2,0,0,2,3,1
790,STU100790,Arjun Singh,Male,18,Master,Employed,Nagpur,Mobile,Medium,C103,Introduction to AI,Programming,Intermediate,75,4.5,4,36,88.0,4,4.5,4,5,10.0,7,3,6,70.8,80.8,76.8,3,18-09-2025,Debit Card,Yes,No,5334,100,6,0,4.9,Completed,1,3,0,1,2,2,4,1
791,STU100791,Aditya Bhardwaj,Female,22,Diploma,Student,Jaipur,Laptop,High,C102,Data Analysis with Python,Programming,Intermediate,60,4.7,3,25,77.3,1,0.5,14,9,9.3,5,5,6,89.0,68.4,60.5,0,01-01-2024,Debit Card,Yes,No,5061,22,0,0,4.3,Not Completed,0,1,2,0,0,2,4,1
792,STU100792,Aarav Sharma,Female,28,Master,Employed,Pune,Mobile,Low,C108,Excel for Business,Business,Beginner,25,4.1,5,9,25.3,2,0.7,0,2,6.7,5,5,2,76.9,57.3,41.7,1,13-01-2025,Debit Card,Yes,No,3031,61,1,0,4.7,Not Completed,0,3,0,1,1,1,0,1
793,STU100793,Arjun Sharma,Male,20,Bachelor,Employed,Bhopal,Mobile,Low,C107,Statistics for Data Science,Math,Intermediate,50,4.2,3,38,80.8,2,7.3,12,4,4.5,5,5,1,56.3,76.8,62.1,3,20-09-2024,Credit Card,Yes,Yes,3703,94,1,0,4.7,Completed,1,0,0,1,1,2,3,0
794,STU100794,Vihaan Patel,Female,17,Master,Student,Kolkata,Mobile,High,C101,Python Basics,Programming,Beginner,45,4.6,5,23,76.7,1,0.5,9,7,6.8,3,7,2,77.7,91.3,49.4,2,26-05-2025,UPI,Yes,No,3990,67,3,0,2.3,Completed,0,3,2,1,0,1,4,5
795,STU100795,Isha Shah,Female,36,Master,Employed,Indore,Mobile,Medium,C103,Introduction to AI,Programming,Intermediate,75,4.5,3,28,22.1,2,5.4,0,3,5.7,5,5,1,66.6,50.3,40.2,2,16-11-2023,Debit Card,Yes,Yes,4551,89,0,5,5.0,Not Completed,0,3,0,1,2,2,4,1
796,STU100796,Priya Iyer,Male,23,Master,Employed,Chennai,Mobile,Low,C102,Data Analysis with Python,Programming,Intermediate,60,4.7,4,17,85.8,1,5.9,4,3,5.7,4,6,5,55.5,56.4,56.8,2,23-05-2024,Free,No,No,0,61,3,1,3.8,Completed,1,3,0,1,1,2,4,2
797,STU100797,Sai Kumar,Male,27,Bachelor,Self-Employed,Ahmedabad,Laptop,Medium,C103,Introduction to AI,Programming,Intermediate,75,4.5,3,35,82.6,1,0.5,0,8,7.6,3,7,3,51.2,43.0,49.1,3,17-03-2024,UPI,Yes,No,5854,71,1,1,4.4,Not Completed,1,0,1,0,2,2,4,5
798,STU100798,Vivaan Bhardwaj,Female,19,Bachelor,Employed,Jaipur,Mobile,Medium,C105,UI/UX Design Fundamentals,Design,Beginner,40,4.4,7,34,75.1,4,7.4,6,8,7.4,3,7,5,67.8,82.6,48.4,1,09-08-2025,Debit Card,Yes,Yes,3445,73,2,0,5.0,Completed,0,0,0,1,2,1,1,1
799,STU100799,Ananya Reddy,Female,21,Bachelor,Employed,Chennai,Mobile,Medium,C108,Excel for Business,Business,Beginner,25,4.1,5,38,43.0,2,5.8,15,11,7.3,6,4,2,76.8,57.4,53.9,4,18-02-2025,NetBanking,Yes,No,3342,69,2,0,3.6,Not Completed,0,0,0,1,2,1,0,3
800,STU100800,Vivaan Sharma,Male,22,Master,Employed,Ahmedabad,Mobile,Medium,C103,Introduction to AI,Programming,Intermediate,75,4.5,5,43,26.8,3,0.5,5,4,5.5,6,4,3,67.9,63.4,48.5,3,19-12-2024,Credit Card,Yes,No,5832,28,1,0,4.9,Not Completed,1,3,0,1,2,2,4,0
801,STU100801,Krishna Iyer,Female,33,HighSchool,Employed,Bhopal,Mobile,High,C107,Statistics for Data Science,Math,Intermediate,50,4.2,2,35,47.6,1,0.5,14,5,4.4,2,8,3,72.4,53.5,31.3,4,28-06-2024,Credit Card,Yes,Yes,3791,77,2,0,3.0,Not Completed,0,2,0,1,0,2,3,0
802,STU100802,Rahul Desai,Female,24,Diploma,Employed,Mumbai,Tablet,Medium,C108,Excel for Business,Business,Beginner,25,4.1,4,33,69.9,2,4.2,1,6,6.1,6,4,5,64.1,84.1,64.7,4,18-10-2024,Scholarship,No,No,314,100,4,3,5.0,Completed,0,1,0,2,2,1,0,4
803,STU100803,Meera Gupta,Male,25,Diploma,Student,Vadodara,Mobile,Medium,C104,Digital Marketing Essentials,Marketing,Beginner,30,4.3,6,28,85.2,2,3.5,9,8,6.6,5,5,7,61.2,59.6,62.8,4,18-05-2025,Credit Card,Yes,No,3570,85,2,0,3.9,Completed,1,1,2,1,2,1,2,0
804,STU100804,Ritika Joshi,Male,22,Bachelor,Employed,Chennai,Mobile,High,C102,Data Analysis with Python,Programming,Intermediate,60,4.7,2,38,62.2,2,0.5,9,6,5.2,8,1,2,58.4,46.3,72.1,2,12-11-2023,Free,No,No,0,58,3,2,4.9,Completed,1,0,0,1,0,2,4,2
805,STU100805,Pooja Bhardwaj,Male,17,Diploma,Employed,Pune,Laptop,Low,C101,Python Basics,Programming,Beginner,45,4.6,3,25,36.4,1,0.5,7,6,5.8,5,4,5,51.2,66.7,46.1,1,30-07-2024,UPI,Yes,No,4097,71,1,0,3.8,Not Completed,1,1,0,0,1,1,4,5
806,STU100806,Vivaan Desai,Male,27,Diploma,Employed,Kolkata,Laptop,High,C104,Digital Marketing Essentials,Marketing,Beginner,30,4.3,3,19,71.3,0,2.3,10,5,8.8,3,6,1,76.0,53.9,45.6,4,06-06-2025,Free,No,No,0,44,0,0,4.0,Completed,1,1,0,0,0,1,2,2
807,STU100807,Rohan Verma,Male,18,Master,Unemployed,Delhi,Tablet,High,C102,Data Analysis with Python,Programming,Intermediate,60,4.7,4,42,81.0,0,7.4,4,5,5.0,6,4,6,85.6,59.1,67.3,6,19-06-2024,Credit Card,Yes,No,5119,50,1,1,3.5,Completed,1,3,3,2,0,2,4,0
808,STU100808,Neha Gupta,Female,19,Bachelor,Employed,Nagpur,Mobile,Medium,C107,Statistics for Data Science,Math,Intermediate,50,4.2,7,39,70.3,2,2.3,14,6,6.7,3,7,4,76.4,71.2,46.1,2,13-12-2023,Scholarship,No,Yes,1285,100,2,1,4.2,Not Completed,0,0,0,1,2,2,3,4
809,STU100809,Rohan Bhardwaj,Female,22,Bachelor,Employed,Nagpur,Mobile,High,C108,Excel for Business,Business,Beginner,25,4.1,5,27,57.7,3,4.4,26,4,4.6,5,5,5,72.2,69.3,53.7,0,17-11-2024,Debit Card,Yes,Yes,2787,83,8,2,4.0,Not Completed,0,0,0,1,0,1,0,1
810,STU100810,Sneha Bose,Female,17,Bachelor,Student,Nagpur,Laptop,High,C108,Excel for Business,Business,Beginner,25,4.1,6,31,47.9,3,0.5,5,5,4.3,5,4,7,88.2,72.6,50.4,3,11-04-2024,Scholarship,No,Yes,1203,93,0,0,4.5,Not Completed,0,0,2,0,0,1,0,4
811,STU100811,Sai Singh,Male,17,Bachelor,Employed,Jaipur,Mobile,Low,C102,Data Analysis with Python,Programming,Intermediate,60,4.7,4,39,77.0,0,4.8,1,5,3.2,5,5,2,81.0,73.0,60.6,0,30-09-2025,Credit Card,Yes,Yes,4344,79,1,1,5.0,Completed,1,0,0,1,1,2,4,0
812,STU100812,Sneha Bose,Female,23,Diploma,Student,Jaipur,Mobile,High,C101,Python Basics,Programming,Beginner,45,4.6,4,41,94.6,3,0.5,0,7,9.3,7,3,4,86.8,60.8,78.1,1,03-10-2025,UPI,Yes,Yes,3432,73,3,0,3.0,Completed,0,1,2,1,0,1,4,5
813,STU100813,Sneha Bhardwaj,Female,31,Bachelor,Student,Jaipur,Tablet,Medium,C101,Python Basics,Programming,Beginner,45,4.6,2,27,79.8,2,0.5,7,6,6.0,3,7,7,72.4,76.5,49.8,5,26-04-2024,UPI,Yes,No,4641,74,1,1,4.4,Not Completed,0,0,2,2,2,1,4,5
814,STU100814,Meera Gupta,Female,29,Bachelor,Student,Ahmedabad,Laptop,Medium,C102,Data Analysis with Python,Programming,Intermediate,60,4.7,6,24,71.9,3,0.5,3,2,6.9,7,3,4,84.6,56.1,70.0,3,24-11-2023,NetBanking,Yes,No,4557,73,3,0,3.8,Completed,0,0,2,0,2,2,4,3
815,STU100815,Aditya Patel,Female,23,Master,Employed,Pune,Mobile,Low,C105,UI/UX Design Fundamentals,Design,Beginner,40,4.4,4,57,80.4,0,4.6,15,5,5.2,3,6,7,60.3,51.8,48.7,5,06-11-2023,UPI,Yes,No,3811,53,1,0,4.2,Not Completed,0,3,0,1,1,1,1,5
816,STU100816,Ritika Reddy,Female,27,Master,Student,Mumbai,Mobile,Medium,C103,Introduction to AI,Programming,Intermediate,75,4.5,7,27,37.8,3,7.7,7,5,8.4,4,6,9,77.2,60.0,40.2,2,06-07-2025,NetBanking,Yes,No,6097,90,1,0,5.0,Completed,0,3,2,1,2,2,4,3
817,STU100817,Krishna Desai,Female,25,Master,Employed,Bengaluru,Mobile,Medium,C103,Introduction to AI,Programming,Intermediate,75,4.5,6,29,26.8,3,0.6,4,5,6.1,6,4,3,81.1,80.7,49.4,1,15-04-2024,Scholarship,No,No,1313,53,2,0,4.5,Completed,0,3,0,1,2,2,4,4
818,STU100818,Pooja Patel,Male,27,Master,Student,Mumbai,Mobile,Medium,C101,Python Basics,Programming,Beginner,45,4.6,7,22,27.5,1,8.7,2,8,4.2,5,5,3,85.5,78.7,43.5,3,10-03-2024,UPI,Yes,No,4243,60,2,0,4.3,Not Completed,1,3,2,1,2,1,4,5
819,STU100819,Vihaan Shah,Male,24,Bachelor,Employed,Surat,Laptop,Medium,C107,Statistics for Data Science,Math,Intermediate,50,4.2,4,39,80.0,2,9.3,0,11,5.5,6,4,2,72.8,63.1,67.2,4,30-12-2023,UPI,Yes,No,4785,45,3,0,4.8,Not Completed,1,0,0,0,2,2,3,5
820,STU100820,Sneha Nair,Female,29,Bachelor,Employed,Lucknow,Laptop,High,C103,Introduction to AI,Programming,Intermediate,75,4.5,6,25,38.0,0,1.5,4,4,5.8,5,5,1,62.8,86.2,47.6,0,28-01-2024,Debit Card,Yes,No,5667,74,2,0,3.8,Completed,0,0,0,0,0,2,4,1
821,STU100821,Pooja Kumar,Male,34,Master,Employed,Hyderabad,Mobile,Medium,C101,Python Basics,Programming,Beginner,45,4.6,9,19,72.9,1,10.0,9,3,8.6,2,8,4,64.0,58.9,40.5,3,26-03-2024,UPI,Yes,No,4628,43,1,1,3.8,Completed,1,3,0,1,2,1,4,5
822,STU100822,Isha Desai,Male,19,Diploma,Employed,Lucknow,Laptop,Medium,C108,Excel for Business,Business,Beginner,25,4.1,8,31,61.3,0,0.5,9,5,8.1,5,5,10,66.2,86.5,55.8,3,11-08-2025,Credit Card,Yes,Yes,2491,52,2,0,4.0,Completed,1,1,0,0,2,1,0,0
823,STU100823,Pooja Verma,Male,28,Bachelor,Student,Indore,Laptop,Medium,C108,Excel for Business,Business,Beginner,25,4.1,4,31,79.7,7,2.4,0,2,2.8,4,5,2,58.4,86.2,56.2,2,26-09-2025,UPI,Yes,No,3406,28,2,1,5.0,Completed,1,0,2,0,2,1,0,5
824,STU100824,Sakshi Desai,Female,25,HighSchool,Student,Hyderabad,Mobile,Medium,C102,Data Analysis with Python,Programming,Intermediate,60,4.7,6,30,83.4,4,0.5,11,7,6.0,2,8,2,60.3,79.4,45.1,0,11-06-2025,UPI,Yes,No,4848,60,0,2,4.9,Completed,0,2,2,1,2,2,4,5
825,STU100825,Sai Mehta,Female,21,Master,Employed,Ahmedabad,Mobile,Low,C106,Machine Learning A-Z,Programming,Advanced,90,4.6,2,33,45.1,0,5.6,1,5,6.8,6,4,3,62.7,69.5,55.3,2,13-08-2024,UPI,Yes,No,6600,39,1,1,3.8,Not Completed,0,3,0,1,1,0,4,5
826,STU100826,Arjun Verma,Female,25,PhD,Student,Indore,Mobile,Medium,C101,Python Basics,Programming,Beginner,45,4.6,8,9,20.4,0,2.9,5,7,6.6,7,3,0,56.6,70.6,52.7,1,04-10-2025,UPI,Yes,No,4250,49,0,0,3.3,Not Completed,0,4,2,1,2,1,4,5
827,STU100827,Nikhil Mehta,Female,28,Bachelor,Student,Nagpur,Laptop,High,C108,Excel for Business,Business,Beginner,25,4.1,6,46,33.2,3,5.1,5,6,9.5,6,4,4,91.4,45.9,49.9,2,20-05-2025,Credit Card,Yes,No,3558,91,2,1,3.2,Completed,0,0,2,0,0,1,0,0
828,STU100828,Vivaan Verma,Female,34,PhD,Employed,Jaipur,Mobile,High,C102,Data Analysis with Python,Programming,Intermediate,60,4.7,2,15,88.6,4,0.5,0,4,3.9,2,8,3,55.8,71.9,46.6,2,04-07-2025,Debit Card,Yes,Yes,4418,74,2,0,3.8,Completed,0,4,0,1,0,2,4,1
829,STU100829,Rohan Iyer,Male,30,Bachelor,Employed,Jaipur,Laptop,Medium,C101,Python Basics,Programming,Beginner,45,4.6,5,29,87.9,3,5.4,14,9,6.1,3,7,5,63.6,89.9,53.2,5,08-03-2025,UPI,Yes,Yes,3875,69,3,0,4.9,Not Completed,1,0,0,0,2,1,4,5
830,STU100830,Arjun Joshi,Female,29,Diploma,Employed,Indore,Laptop,Medium,C101,Python Basics,Programming,Beginner,45,4.6,3,30,75.3,1,0.5,1,1,10.0,5,5,4,83.6,71.5,59.9,2,06-10-2024,Free,No,No,0,37,2,2,4.7,Not Completed,0,1,0,0,2,1,4,2
831,STU100831,Pooja Verma,Male,30,HighSchool,Employed,Lucknow,Laptop,Medium,C108,Excel for Business,Business,Beginner,25,4.1,1,24,27.6,3,0.5,15,5,6.6,6,3,3,54.4,64.9,48.9,1,15-01-2024,Free,No,No,0,70,2,1,2.8,Not Completed,1,2,0,0,2,1,0,2
832,STU100832,Pooja Reddy,Female,32,Bachelor,Student,Mumbai,Mobile,Low,C102,Data Analysis with Python,Programming,Intermediate,60,4.7,4,31,91.3,5,3.3,5,3,9.3,6,4,2,72.1,59.7,71.0,3,28-06-2024,Credit Card,Yes,No,4592,65,6,2,3.7,Completed,0,0,2,1,1,2,4,0
833,STU100833,Aditya Joshi,Male,20,Bachelor,Unemployed,Ahmedabad,Laptop,High,C107,Statistics for Data Science,Math,Intermediate,50,4.2,3,24,76.9,4,2.0,3,11,3.8,7,3,4,72.3,77.5,72.8,4,18-10-2023,NetBanking,Yes,No,4761,91,3,0,4.9,Completed,1,0,3,0,0,2,3,3
834,STU100834,Vivaan Mehta,Female,28,Master,Employed,Kolkata,Mobile,Medium,C106,Machine Learning A-Z,Programming,Advanced,90,4.6,6,34,32.5,1,0.5,5,2,4.4,4,6,6,95.2,63.7,38.5,3,04-04-2024,UPI,Yes,No,7077,61,0,0,4.0,Not Completed,0,3,0,1,2,0,4,5
835,STU100835,Isha Reddy,Female,21,HighSchool,Employed,Bhopal,Mobile,Low,C103,Introduction to AI,Programming,Intermediate,75,4.5,2,33,56.3,2,8.1,8,4,6.4,3,7,0,81.5,52.7,40.3,1,28-04-2025,UPI,Yes,Yes,5251,72,2,2,4.0,Completed,0,2,0,1,1,2,4,5
836,STU100836,Priya Sharma,Female,31,Bachelor,Employed,Nagpur,Laptop,Medium,C104,Digital Marketing Essentials,Marketing,Beginner,30,4.3,1,30,73.0,0,0.5,11,5,5.9,2,8,8,81.7,67.2,40.9,1,30-05-2025,UPI,Yes,Yes,2738,72,0,2,4.4,Not Completed,0,0,0,0,2,1,2,5
837,STU100837,Rohan Verma,Male,21,Bachelor,Student,Kolkata,Laptop,High,C101,Python Basics,Programming,Beginner,45,4.6,5,37,64.2,2,6.7,1,5,7.5,3,7,5,77.9,66.9,43.8,3,20-11-2023,Credit Card,Yes,No,4639,100,5,0,4.3,Not Completed,1,0,2,0,0,1,4,0
838,STU100838,Ananya Patel,Male,23,Bachelor,Employed,Hyderabad,Mobile,Medium,C102,Data Analysis with Python,Programming,Intermediate,60,4.7,6,11,53.8,3,0.5,0,5,8.0,10,0,4,67.3,55.8,81.6,2,01-02-2024,Free,No,No,0,99,1,1,3.4,Not Completed,1,0,0,1,2,2,4,2
839,STU100839,Aditya Joshi,Female,22,Master,Student,Bengaluru,Laptop,High,C108,Excel for Business,Business,Beginner,25,4.1,3,32,92.3,2,4.7,2,7,3.9,3,7,4,75.7,78.1,54.2,5,29-03-2024,UPI,Yes,No,3130,63,3,0,4.5,Completed,0,3,2,0,0,1,0,5
840,STU100840,Aditya Gupta,Female,20,Bachelor,Student,Bhopal,Mobile,High,C108,Excel for Business,Business,Beginner,25,4.1,3,24,82.8,1,0.5,9,6,6.1,5,5,4,78.2,72.5,62.6,3,27-09-2024,Scholarship,No,No,626,80,2,1,3.6,Not Completed,0,0,2,1,0,1,0,4
841,STU100841,Sakshi Bhardwaj,Male,31,Bachelor,Student,Bhopal,Laptop,Low,C104,Digital Marketing Essentials,Marketing,Beginner,30,4.3,4,40,28.0,1,2.2,7,3,8.0,8,2,6,73.2,36.6,59.6,2,17-11-2023,Credit Card,Yes,No,3223,100,4,3,5.0,Completed,1,0,2,0,1,1,2,0
842,STU100842,Isha Iyer,Male,23,Bachelor,Employed,Bengaluru,Mobile,Medium,C105,UI/UX Design Fundamentals,Design,Beginner,40,4.4,5,41,41.7,2,8.1,3,8,5.6,2,8,2,97.7,52.3,29.2,0,03-01-2025,UPI,Yes,Yes,3409,77,1,0,4.6,Completed,1,0,0,1,2,1,1,5
843,STU100843,Sai Patel,Male,19,Bachelor,Student,Delhi,Mobile,Medium,C103,Introduction to AI,Programming,Intermediate,75,4.5,7,32,74.6,2,10.5,10,3,3.9,5,5,4,83.7,57.5,59.0,3,28-04-2024,Free,No,No,0,51,1,1,4.5,Not Completed,1,0,2,1,2,2,4,2
844,STU100844,Isha Nair,Female,22,Bachelor,Student,Surat,Laptop,Medium,C106,Machine Learning A-Z,Programming,Advanced,90,4.6,5,51,59.1,1,0.5,6,5,7.0,4,6,1,68.5,57.5,47.6,2,22-04-2025,Free,No,No,0,33,1,1,5.0,Not Completed,0,0,2,0,2,0,4,2
845,STU100845,Neha Iyer,Female,32,Master,Employed,Ahmedabad,Mobile,Medium,C102,Data Analysis with Python,Programming,Intermediate,60,4.7,2,30,59.3,3,4.0,0,7,5.8,8,2,2,64.6,72.3,72.4,3,23-01-2024,Scholarship,No,Yes,2350,57,0,0,5.0,Completed,0,3,0,1,2,2,4,4
846,STU100846,Vivaan Mehta,Female,20,Bachelor,Employed,Jaipur,Tablet,High,C104,Digital Marketing Essentials,Marketing,Beginner,30,4.3,7,36,66.8,1,2.1,18,6,8.0,8,1,4,71.3,83.7,75.6,2,02-03-2025,Debit Card,Yes,No,3168,45,4,1,3.9,Not Completed,0,0,0,2,0,1,2,1
847,STU100847,Arjun Patel,Female,28,Master,Student,Hyderabad,Mobile,High,C101,Python Basics,Programming,Beginner,45,4.6,4,40,59.6,0,0.7,6,5,5.7,5,5,7,100.0,76.7,54.7,1,14-01-2024,UPI,Yes,No,4109,58,1,0,2.9,Not Completed,0,3,2,1,0,1,4,5
848,STU100848,Ananya Shah,Male,29,HighSchool,Employed,Lucknow,Laptop,High,C105,UI/UX Design Fundamentals,Design,Beginner,40,4.4,7,36,66.0,2,4.6,21,5,7.6,7,3,3,54.7,50.1,67.6,4,19-02-2025,Debit Card,Yes,No,4028,72,1,2,3.9,Not Completed,1,2,0,0,0,1,1,1
849,STU100849,Krishna Sharma,Male,24,Bachelor,Employed,Mumbai,Mobile,High,C102,Data Analysis with Python,Programming,Intermediate,60,4.7,3,29,48.5,1,1.8,2,5,5.0,2,7,2,60.2,66.7,32.3,1,31-07-2025,UPI,Yes,No,4624,78,0,0,3.4,Completed,1,0,0,1,0,2,4,5
850,STU100850,Ananya Sharma,Female,22,HighSchool,Employed,Kolkata,Laptop,Low,C107,Statistics for Data Science,Math,Intermediate,50,4.2,5,44,57.9,5,5.7,5,7,6.8,3,6,2,94.6,70.3,41.8,2,27-08-2024,Free,No,No,0,53,2,1,4.7,Not Completed,0,2,0,0,1,2,3,2
851,STU100851,Priya Reddy,Other,25,Bachelor,Student,Kolkata,Laptop,High,C108,Excel for Business,Business,Beginner,25,4.1,4,41,44.7,3,5.2,2,4,5.6,4,6,4,84.3,97.0,44.5,6,14-07-2024,Scholarship,No,No,295,65,4,2,5.0,Not Completed,2,0,2,0,0,1,0,4
852,STU100852,Aditya Iyer,Female,25,Bachelor,Employed,Surat,Laptop,Medium,C103,Introduction to AI,Programming,Intermediate,75,4.5,3,22,53.2,1,2.2,1,4,4.4,4,6,2,71.1,59.0,45.6,2,30-10-2024,Free,No,No,0,56,1,0,3.3,Completed,0,0,0,0,2,2,4,2
853,STU100853,Priya Joshi,Male,31,Bachelor,Student,Bengaluru,Mobile,Low,C103,Introduction to AI,Programming,Intermediate,75,4.5,5,43,77.5,0,0.5,6,6,6.2,7,3,4,74.7,70.9,72.7,3,12-07-2024,Scholarship,No,No,2831,61,0,0,3.0,Not Completed,1,0,2,1,1,2,4,4
854,STU100854,Kavya Reddy,Female,32,Master,Unemployed,Ahmedabad,Laptop,Medium,C102,Data Analysis with Python,Programming,Intermediate,60,4.7,5,43,56.4,2,11.5,1,12,10.0,7,3,6,91.3,82.5,65.9,3,18-07-2024,Free,No,No,0,78,6,0,4.4,Completed,0,3,3,0,2,2,4,2
855,STU100855,Nikhil Patel,Male,27,Bachelor,Employed,Bengaluru,Mobile,High,C106,Machine Learning A-Z,Programming,Advanced,90,4.6,5,22,39.6,2,0.5,8,5,7.1,6,4,9,78.0,100.0,54.9,2,30-08-2025,UPI,Yes,No,7101,68,0,2,4.3,Not Completed,1,0,0,1,0,0,4,5
856,STU100856,Vihaan Sharma,Male,29,HighSchool,Unemployed,Lucknow,Mobile,High,C103,Introduction to AI,Programming,Intermediate,75,4.5,3,36,69.4,0,0.5,8,1,4.4,6,4,3,74.4,58.5,63.2,1,23-04-2025,Credit Card,Yes,No,6080,83,1,2,5.0,Completed,1,2,3,1,0,2,4,0
857,STU100857,Isha Desai,Female,31,Master,Student,Jaipur,Mobile,High,C102,Data Analysis with Python,Programming,Intermediate,60,4.7,6,42,31.0,2,0.5,0,5,8.4,3,7,2,67.2,71.9,32.4,1,18-12-2023,UPI,Yes,No,4931,49,2,0,3.9,Not Completed,0,3,2,1,0,2,4,5
858,STU100858,Priya Shah,Male,25,Bachelor,Employed,Surat,Laptop,Medium,C103,Introduction to AI,Programming,Intermediate,75,4.5,9,34,52.4,0,0.5,0,0,7.7,3,7,4,77.8,69.6,39.8,3,17-04-2025,UPI,Yes,No,5567,53,3,1,4.9,Not Completed,1,0,0,0,2,2,4,5
859,STU100859,Meera Bhardwaj,Male,21,Bachelor,Student,Bhopal,Mobile,High,C102,Data Analysis with Python,Programming,Intermediate,60,4.7,4,24,62.1,2,0.9,3,2,5.8,5,4,1,71.1,89.0,56.2,3,18-08-2024,UPI,Yes,No,4991,58,3,0,4.4,Not Completed,1,0,2,1,0,2,4,5
860,STU100860,Aditya Mehta,Male,30,Master,Employed,Bhopal,Laptop,Medium,C107,Statistics for Data Science,Math,Intermediate,50,4.2,5,47,86.3,2,0.5,3,5,0.9,7,3,5,70.8,87.6,76.6,1,21-11-2023,Credit Card,Yes,Yes,3795,87,3,2,2.6,Completed,1,3,0,0,2,2,3,0
861,STU100861,Ritika Bhardwaj,Female,24,Bachelor,Employed,Bhopal,Laptop,High,C104,Digital Marketing Essentials,Marketing,Beginner,30,4.3,4,39,84.3,1,5.0,0,4,6.8,1,9,2,60.7,68.5,38.9,1,24-05-2025,UPI,Yes,No,3232,59,4,0,4.7,Not Completed,0,0,0,0,0,1,2,5
862,STU100862,Sakshi Verma,Female,17,HighSchool,Self-Employed,Delhi,Mobile,Medium,C108,Excel for Business,Business,Beginner,25,4.1,4,29,70.3,1,8.4,12,4,6.7,6,4,5,81.6,100.0,65.6,3,18-01-2025,Scholarship,No,Yes,1337,95,3,0,4.1,Not Completed,0,2,1,1,2,1,0,4
863,STU100863,Sai Verma,Male,29,Bachelor,Employed,Pune,Laptop,High,C107,Statistics for Data Science,Math,Intermediate,50,4.2,4,21,92.4,0,0.8,15,5,6.5,2,8,3,66.7,74.5,48.1,2,23-02-2024,UPI,Yes,Yes,4174,58,2,1,4.3,Not Completed,1,0,0,0,0,2,3,5
864,STU100864,Vivaan Mehta,Male,24,Master,Student,Delhi,Laptop,Medium,C108,Excel for Business,Business,Beginner,25,4.1,6,45,41.1,3,4.3,1,5,4.0,6,4,2,55.8,56.7,53.2,3,04-01-2025,Debit Card,Yes,No,3045,71,4,1,4.2,Completed,1,3,2,0,2,1,0,1
865,STU100865,Krishna Shah,Female,22,Bachelor,Employed,Lucknow,Laptop,Medium,C101,Python Basics,Programming,Beginner,45,4.6,4,63,81.5,4,0.5,8,7,7.5,7,3,3,51.3,72.2,74.1,4,17-06-2025,UPI,Yes,No,3828,77,4,2,3.3,Completed,0,0,0,0,2,1,4,5
866,STU100866,Neha Joshi,Male,20,PhD,Student,Bhopal,Mobile,Medium,C106,Machine Learning A-Z,Programming,Advanced,90,4.6,7,13,61.2,7,0.5,3,3,9.1,6,4,2,83.5,65.1,60.7,0,24-12-2023,Scholarship,No,No,1216,65,11,0,4.2,Completed,1,4,2,1,2,0,4,4
867,STU100867,Aditya Mehta,Female,22,Diploma,Unemployed,Surat,Mobile,Medium,C103,Introduction to AI,Programming,Intermediate,75,4.5,6,39,77.0,3,8.3,1,9,2.8,4,6,2,63.4,61.0,54.0,1,14-09-2024,Free,No,No,0,26,1,0,4.3,Not Completed,0,1,3,1,2,2,4,2
868,STU100868,Neha Gupta,Female,17,Bachelor,Employed,Kolkata,Mobile,Medium,C108,Excel for Business,Business,Beginner,25,4.1,4,40,16.1,3,9.9,1,5,7.8,4,6,2,91.8,53.0,32.3,0,29-10-2023,UPI,Yes,Yes,2842,68,3,0,4.4,Completed,0,0,0,1,2,1,0,5
869,STU100869,Sakshi Bhardwaj,Male,35,Bachelor,Self-Employed,Surat,Laptop,Medium,C107,Statistics for Data Science,Math,Intermediate,50,4.2,2,25,46.5,3,8.4,2,4,7.7,3,7,3,72.9,84.3,38.5,3,09-02-2024,UPI,Yes,Yes,3635,55,2,1,4.6,Completed,1,0,1,0,2,2,3,5
870,STU100870,Isha Verma,Female,32,HighSchool,Employed,Bengaluru,Mobile,Medium,C104,Digital Marketing Essentials,Marketing,Beginner,30,4.3,8,35,74.7,1,10.4,3,5,7.6,7,3,5,70.7,60.5,71.2,3,04-06-2025,Credit Card,Yes,Yes,2947,84,1,2,2.8,Completed,0,2,0,1,2,1,2,0
871,STU100871,Vihaan Bose,Male,29,Bachelor,Student,Delhi,Laptop,High,C104,Digital Marketing Essentials,Marketing,Beginner,30,4.3,3,40,56.5,0,5.4,5,3,7.0,5,4,3,84.1,66.3,53.1,3,28-01-2024,UPI,Yes,No,3345,93,2,1,3.9,Not Completed,1,0,2,0,0,1,2,5
872,STU100872,Ananya Shah,Female,31,Diploma,Employed,Surat,Mobile,Low,C108,Excel for Business,Business,Beginner,25,4.1,5,33,60.8,0,2.5,16,7,2.8,1,9,1,72.0,64.3,30.5,3,10-12-2024,Debit Card,Yes,No,3208,72,1,1,4.1,Not Completed,0,1,0,1,1,1,0,1
873,STU100873,Neha Mehta,Female,17,PhD,Student,Lucknow,Mobile,Medium,C104,Digital Marketing Essentials,Marketing,Beginner,30,4.3,6,46,71.1,2,12.4,19,8,8.6,6,4,4,97.3,56.0,63.7,2,01-07-2025,Free,No,Yes,0,81,3,0,4.0,Completed,0,4,2,1,2,1,2,2
874,STU100874,Meera Patel,Male,21,Bachelor,Self-Employed,Bengaluru,Mobile,Medium,C102,Data Analysis with Python,Programming,Intermediate,60,4.7,6,35,28.5,2,2.5,4,5,5.5,5,5,4,74.0,62.5,43.1,2,12-03-2024,Credit Card,Yes,No,5140,86,0,0,4.4,Not Completed,1,0,1,1,2,2,4,0
875,STU100875,Sakshi Bhardwaj,Male,33,Diploma,Employed,Lucknow,Mobile,Medium,C106,Machine Learning A-Z,Programming,Advanced,90,4.6,3,32,61.6,2,0.5,1,4,2.5,5,5,0,44.9,84.3,55.8,0,25-11-2023,NetBanking,Yes,No,6685,51,2,2,4.6,Completed,1,1,0,1,2,0,4,3
876,STU100876,Priya Bose,Male,35,Bachelor,Employed,Bhopal,Mobile,Medium,C103,Introduction to AI,Programming,Intermediate,75,4.5,3,20,85.2,5,0.5,14,4,4.1,6,4,6,78.4,92.7,70.5,1,16-06-2024,Free,No,No,0,70,0,1,4.8,Completed,1,0,0,1,2,2,4,2
877,STU100877,Vivaan Nair,Female,22,Bachelor,Student,Kolkata,Mobile,Medium,C108,Excel for Business,Business,Beginner,25,4.1,5,46,71.2,3,2.8,11,5,4.2,4,6,6,70.6,60.7,51.9,6,01-11-2024,Debit Card,Yes,No,2935,74,4,1,4.1,Completed,0,0,2,1,2,1,0,1
878,STU100878,Aarav Joshi,Male,32,Bachelor,Student,Nagpur,Laptop,High,C107,Statistics for Data Science,Math,Intermediate,50,4.2,6,15,31.8,0,0.5,4,2,4.8,4,6,2,48.4,46.4,37.4,0,30-08-2024,Free,No,No,0,95,1,1,3.4,Not Completed,1,0,2,0,0,2,3,2
879,STU100879,Neha Shah,Male,37,Bachelor,Student,Kolkata,Mobile,High,C107,Statistics for Data Science,Math,Intermediate,50,4.2,5,42,67.0,6,0.5,7,3,7.3,7,3,2,86.5,50.4,68.0,3,17-09-2025,Credit Card,Yes,No,4363,70,8,1,3.5,Completed,1,0,2,1,0,2,3,0
880,STU100880,Vihaan Shah,Female,27,Master,Student,Pune,Mobile,Medium,C101,Python Basics,Programming,Beginner,45,4.6,5,39,68.7,5,0.5,1,5,3.5,4,6,5,76.2,59.2,51.0,2,12-01-2025,Credit Card,Yes,No,4477,54,0,0,3.2,Not Completed,0,3,2,1,2,1,4,0
881,STU100881,Pooja Kumar,Female,21,Master,Employed,Indore,Mobile,Medium,C103,Introduction to AI,Programming,Intermediate,75,4.5,4,41,46.2,5,3.7,3,0,8.2,4,6,4,82.2,64.7,43.4,3,08-08-2025,Free,No,Yes,0,37,4,0,3.9,Completed,0,3,0,1,2,2,4,2
882,STU100882,Aditya Singh,Male,27,Diploma,Employed,Kolkata,Laptop,High,C102,Data Analysis with Python,Programming,Intermediate,60,4.7,6,34,85.2,1,0.5,0,2,6.0,5,4,3,67.2,94.5,64.5,3,06-12-2024,UPI,Yes,No,4708,98,3,0,3.9,Completed,1,1,0,0,0,2,4,5
883,STU100883,Meera Desai,Female,28,Bachelor,Employed,Surat,Mobile,High,C107,Statistics for Data Science,Math,Intermediate,50,4.2,5,50,33.9,3,7.1,14,3,4.5,5,5,3,54.2,82.9,46.0,6,13-12-2023,NetBanking,Yes,Yes,3605,61,1,1,4.4,Completed,0,0,0,1,0,2,3,3
884,STU100884,Ritika Desai,Male,24,Bachelor,Employed,Bengaluru,Mobile,High,C101,Python Basics,Programming,Beginner,45,4.6,4,24,45.8,2,5.9,2,6,1.6,7,3,5,54.8,75.1,61.8,3,18-03-2025,Credit Card,Yes,Yes,3450,100,3,2,2.1,Completed,1,0,0,1,0,1,4,0
885,STU100885,Priya Verma,Male,25,Master,Employed,Vadodara,Mobile,High,C107,Statistics for Data Science,Math,Intermediate,50,4.2,5,44,68.6,2,0.5,7,4,8.3,5,5,4,56.1,82.0,58.1,0,21-05-2025,Scholarship,No,Yes,2235,64,2,1,4.0,Not Completed,1,3,0,1,0,2,3,4
886,STU100886,Aarav Verma,Male,24,Diploma,Student,Pune,Laptop,Medium,C108,Excel for Business,Business,Beginner,25,4.1,4,40,70.9,2,7.9,20,9,7.8,6,4,3,74.9,94.6,65.6,1,09-05-2024,Scholarship,No,No,601,92,1,1,2.8,Not Completed,1,1,2,0,2,1,0,4
887,STU100887,Vivaan Singh,Male,23,Bachelor,Employed,Mumbai,Laptop,High,C104,Digital Marketing Essentials,Marketing,Beginner,30,4.3,5,29,62.4,3,6.9,3,3,4.9,6,4,6,83.3,91.9,62.4,4,20-10-2024,UPI,Yes,No,3480,94,3,0,4.2,Not Completed,1,0,0,0,0,1,2,5
888,STU100888,Krishna Kumar,Male,31,Bachelor,Employed,Hyderabad,Mobile,Medium,C107,Statistics for Data Science,Math,Intermediate,50,4.2,2,7,45.5,1,1.7,6,4,7.6,3,7,2,86.4,74.5,37.7,1,17-03-2025,UPI,Yes,No,4416,100,1,2,4.3,Not Completed,1,0,0,1,2,2,3,5
889,STU100889,Priya Iyer,Male,24,Bachelor,Unemployed,Bhopal,Mobile,Medium,C101,Python Basics,Programming,Beginner,45,4.6,6,39,60.0,2,9.1,14,4,5.8,3,7,2,66.9,29.4,40.5,1,17-11-2023,Free,No,No,0,74,1,0,3.6,Not Completed,1,0,3,1,2,1,4,2
890,STU100890,Rohan Joshi,Female,20,Bachelor,Employed,Kolkata,Mobile,High,C105,UI/UX Design Fundamentals,Design,Beginner,40,4.4,5,23,81.8,2,1.0,16,5,4.1,3,7,2,75.3,60.6,49.6,2,15-04-2024,UPI,Yes,No,4214,60,0,0,3.4,Completed,0,0,0,1,0,1,1,5
891,STU100891,Meera Bhardwaj,Male,26,Bachelor,Student,Surat,Mobile,Medium,C103,Introduction to AI,Programming,Intermediate,75,4.5,9,33,84.9,2,11.7,3,8,3.3,4,6,6,51.1,89.0,58.2,4,01-04-2024,UPI,Yes,Yes,4791,86,4,1,4.8,Not Completed,1,0,2,1,2,2,4,5
892,STU100892,Neha Nair,Male,24,Bachelor,Student,Nagpur,Mobile,Medium,C106,Machine Learning A-Z,Programming,Advanced,90,4.6,4,27,95.1,5,0.5,3,6,7.6,5,4,3,65.9,94.8,68.0,2,03-08-2024,Debit Card,Yes,No,6370,55,5,1,4.0,Not Completed,1,0,2,1,2,0,4,1
893,STU100893,Aarav Mehta,Male,27,HighSchool,Employed,Mumbai,Mobile,High,C101,Python Basics,Programming,Beginner,45,4.6,2,32,56.9,1,1.2,8,2,7.8,7,3,3,59.9,73.8,65.6,1,24-05-2025,Credit Card,Yes,No,4108,71,4,1,5.0,Completed,1,2,0,1,0,1,4,0
894,STU100894,Krishna Shah,Female,29,Bachelor,Employed,Pune,Mobile,Low,C105,UI/UX Design Fundamentals,Design,Beginner,40,4.4,6,8,31.2,0,0.5,4,5,5.4,5,5,3,71.6,60.0,43.9,4,09-09-2025,Credit Card,Yes,No,3833,67,0,0,4.1,Not Completed,0,0,0,1,1,1,1,0
895,STU100895,Krishna Kumar,Female,35,Bachelor,Student,Lucknow,Mobile,Medium,C103,Introduction to AI,Programming,Intermediate,75,4.5,5,46,42.5,2,7.5,4,7,4.9,5,5,5,65.5,87.5,49.2,3,06-11-2023,Free,No,No,0,51,3,0,4.6,Not Completed,0,0,2,1,2,2,4,2
896,STU100896,Aarav Reddy,Female,31,Master,Student,Bhopal,Mobile,Medium,C101,Python Basics,Programming,Beginner,45,4.6,4,13,37.8,3,0.5,9,6,7.9,3,7,2,73.5,66.7,34.6,1,11-04-2024,Scholarship,No,Yes,560,52,4,1,4.3,Not Completed,0,3,2,1,2,1,4,4
897,STU100897,Sakshi Desai,Female,28,Master,Employed,Mumbai,Laptop,Medium,C102,Data Analysis with Python,Programming,Intermediate,60,4.7,4,42,62.8,0,10.6,2,5,6.2,5,5,4,70.4,72.8,55.6,2,30-06-2025,Credit Card,Yes,No,5341,71,1,1,4.8,Not Completed,0,3,0,0,2,2,4,0
898,STU100898,Ananya Nair,Female,23,Master,Employed,Indore,Mobile,Medium,C105,UI/UX Design Fundamentals,Design,Beginner,40,4.4,4,41,14.0,0,2.1,0,3,6.3,7,2,5,63.6,56.9,49.8,1,23-12-2024,NetBanking,Yes,No,4309,100,2,0,4.8,Not Completed,0,3,0,1,2,1,1,3
899,STU100899,Priya Shah,Male,30,Bachelor,Student,Hyderabad,Laptop,Medium,C104,Digital Marketing Essentials,Marketing,Beginner,30,4.3,3,45,71.3,0,0.5,1,7,6.5,7,3,4,86.9,68.5,70.4,3,27-05-2024,Free,No,Yes,0,70,1,1,5.0,Completed,1,0,2,0,2,1,2,2
900,STU100900,Kavya Kumar,Female,27,HighSchool,Student,Lucknow,Laptop,Medium,C104,Digital Marketing Essentials,Marketing,Beginner,30,4.3,6,42,92.6,1,0.5,1,7,1.2,3,7,6,62.7,78.1,54.3,6,16-07-2025,UPI,Yes,No,3710,78,6,1,5.0,Completed,0,2,2,0,2,1,2,5
901,STU100901,Priya Bhardwaj,Male,25,Bachelor,Student,Delhi,Laptop,Medium,C101,Python Basics,Programming,Beginner,45,4.6,3,31,80.1,2,0.8,0,5,8.8,4,6,6,80.7,53.9,54.7,1,25-08-2025,Credit Card,Yes,Yes,3427,66,5,0,4.1,Completed,1,0,2,0,2,1,4,0
902,STU100902,Sneha Gupta,Female,43,Bachelor,Employed,Lucknow,Mobile,High,C105,UI/UX Design Fundamentals,Design,Beginner,40,4.4,5,10,60.8,2,1.8,21,4,4.4,4,6,4,64.9,70.3,48.8,3,01-08-2024,NetBanking,Yes,No,3988,30,2,0,3.0,Not Completed,0,0,0,1,0,1,1,3
903,STU100903,Ananya Iyer,Female,25,Master,Student,Delhi,Mobile,Medium,C104,Digital Marketing Essentials,Marketing,Beginner,30,4.3,5,35,71.0,5,1.1,2,4,4.6,6,4,3,93.7,89.5,65.3,2,25-09-2024,Free,No,No,0,79,5,1,4.7,Not Completed,0,3,2,1,2,1,2,2
904,STU100904,Neha Iyer,Male,39,Diploma,Student,Hyderabad,Mobile,High,C107,Statistics for Data Science,Math,Intermediate,50,4.2,2,36,33.0,1,6.8,5,3,5.3,3,6,10,87.6,86.3,33.9,1,10-07-2024,Free,No,No,0,88,2,2,3.9,Not Completed,1,1,2,1,0,2,3,2
905,STU100905,Ananya Singh,Female,27,Bachelor,Student,Bengaluru,Mobile,High,C104,Digital Marketing Essentials,Marketing,Beginner,30,4.3,4,24,56.6,3,7.9,5,4,7.3,7,2,1,94.9,54.6,64.5,5,19-06-2024,Credit Card,Yes,No,3632,49,3,0,4.1,Completed,0,0,2,1,0,1,2,0
906,STU100906,Vivaan Desai,Male,31,Bachelor,Employed,Nagpur,Laptop,Medium,C107,Statistics for Data Science,Math,Intermediate,50,4.2,5,37,66.6,3,1.2,2,7,5.7,7,3,1,73.1,64.6,68.6,3,22-06-2025,UPI,Yes,No,4208,84,1,1,3.7,Not Completed,1,0,0,0,2,2,3,5
907,STU100907,Priya Iyer,Female,24,Bachelor,Student,Hyderabad,Laptop,High,C106,Machine Learning A-Z,Programming,Advanced,90,4.6,5,45,43.3,3,0.5,3,4,7.8,5,5,2,61.6,75.0,48.9,3,12-11-2023,Free,No,No,0,87,1,2,3.5,Completed,0,0,2,0,0,0,4,2
908,STU100908,Meera Kumar,Male,28,Bachelor,Employed,Ahmedabad,Mobile,Medium,C108,Excel for Business,Business,Beginner,25,4.1,3,52,59.5,6,5.6,9,3,3.0,6,4,5,91.1,68.9,60.3,9,04-12-2024,Debit Card,Yes,No,3548,100,3,1,4.0,Completed,1,0,0,1,2,1,0,1
909,STU100909,Priya Nair,Female,28,Bachelor,Student,Mumbai,Laptop,Medium,C105,UI/UX Design Fundamentals,Design,Beginner,40,4.4,6,46,36.5,3,0.6,8,5,4.7,3,7,2,67.8,61.6,33.9,1,24-05-2025,UPI,Yes,No,4075,82,5,0,4.6,Not Completed,0,0,2,0,2,1,1,5
910,STU100910,Krishna Joshi,Male,25,Bachelor,Employed,Indore,Laptop,Medium,C106,Machine Learning A-Z,Programming,Advanced,90,4.6,6,36,53.7,3,1.6,11,9,5.6,5,5,1,84.0,77.8,52.7,2,18-09-2025,NetBanking,Yes,No,6244,55,1,0,3.6,Not Completed,1,0,0,0,2,0,4,3
911,STU100911,Rahul Iyer,Male,21,HighSchool,Student,Vadodara,Mobile,Medium,C104,Digital Marketing Essentials,Marketing,Beginner,30,4.3,7,36,71.9,5,10.7,0,5,5.2,6,4,7,78.9,90.8,65.7,3,03-09-2025,Credit Card,Yes,No,3754,51,3,1,4.7,Completed,1,2,2,1,2,1,2,0
912,STU100912,Sneha Gupta,Male,32,Bachelor,Student,Ahmedabad,Mobile,Medium,C107,Statistics for Data Science,Math,Intermediate,50,4.2,4,29,91.0,4,0.5,5,5,10.0,2,8,6,55.6,35.2,45.6,0,20-08-2025,Credit Card,Yes,No,4812,66,1,2,5.0,Completed,1,0,2,1,2,2,3,0
913,STU100913,Rahul Verma,Male,40,Bachelor,Employed,Ahmedabad,Mobile,Medium,C101,Python Basics,Programming,Beginner,45,4.6,6,41,34.5,1,7.9,13,4,5.8,5,5,5,71.7,58.9,45.0,2,25-02-2024,UPI,Yes,No,4089,97,4,3,4.3,Completed,1,0,0,1,2,1,4,5
914,STU100914,Neha Nair,Male,25,Bachelor,Employed,Vadodara,Mobile,Medium,C104,Digital Marketing Essentials,Marketing,Beginner,30,4.3,3,28,60.6,3,4.1,2,4,7.8,6,4,2,31.0,63.4,60.4,2,21-04-2024,UPI,Yes,Yes,3223,25,2,0,3.5,Not Completed,1,0,0,1,2,1,2,5
915,STU100915,Pooja Iyer,Male,19,Bachelor,Employed,Delhi,Mobile,High,C102,Data Analysis with Python,Programming,Intermediate,60,4.7,5,46,72.6,2,7.1,23,8,5.6,5,5,6,65.8,90.2,59.9,6,01-06-2024,Scholarship,No,No,482,100,1,2,2.7,Not Completed,1,0,0,1,0,2,4,4
916,STU100916,Ananya Mehta,Male,32,Master,Employed,Vadodara,Mobile,Medium,C108,Excel for Business,Business,Beginner,25,4.1,4,35,49.7,2,1.0,3,5,6.2,5,5,5,86.3,48.0,49.8,2,31-10-2024,UPI,Yes,No,3349,64,1,0,5.0,Completed,1,3,0,1,2,1,0,5
917,STU100917,Neha Bhardwaj,Female,19,Bachelor,Unemployed,Ahmedabad,Laptop,Medium,C104,Digital Marketing Essentials,Marketing,Beginner,30,4.3,3,39,73.6,2,9.7,1,6,6.1,2,8,3,64.7,97.8,42.7,1,14-02-2024,UPI,Yes,Yes,2956,70,3,4,4.4,Not Completed,0,0,3,0,2,1,2,5
918,STU100918,Meera Patel,Male,28,Master,Employed,Nagpur,Mobile,Medium,C105,UI/UX Design Fundamentals,Design,Beginner,40,4.4,5,34,74.4,3,5.5,2,4,7.1,5,5,0,66.3,88.5,60.5,2,02-06-2025,NetBanking,Yes,Yes,3066,74,2,0,4.2,Not Completed,1,3,0,1,2,1,1,3
919,STU100919,Sakshi Sharma,Male,21,Bachelor,Student,Kolkata,Tablet,Medium,C108,Excel for Business,Business,Beginner,25,4.1,5,39,41.9,2,4.0,9,4,6.6,3,7,2,69.4,70.0,36.2,0,12-03-2025,Credit Card,Yes,No,3013,24,2,1,4.6,Not Completed,1,0,2,2,2,1,0,0
920,STU100920,Vihaan Shah,Male,27,Bachelor,Employed,Lucknow,Tablet,High,C103,Introduction to AI,Programming,Intermediate,75,4.5,4,50,87.3,4,7.6,3,4,7.5,6,4,5,82.9,93.5,71.2,3,17-08-2024,Free,No,No,0,54,2,1,4.6,Not Completed,1,0,0,2,0,2,4,2
921,STU100921,Isha Patel,Female,27,Diploma,Employed,Nagpur,Mobile,Medium,C107,Statistics for Data Science,Math,Intermediate,50,4.2,7,42,71.0,2,6.5,1,5,9.4,1,9,10,56.4,85.2,35.1,1,05-03-2024,Free,No,No,0,84,3,2,4.3,Completed,0,1,0,1,2,2,3,2
922,STU100922,Krishna Joshi,Male,26,Master,Employed,Chennai,Laptop,Medium,C108,Excel for Business,Business,Beginner,25,4.1,7,39,96.1,1,7.4,8,4,7.6,3,7,2,64.2,78.1,55.5,6,27-01-2025,Debit Card,Yes,No,3452,81,3,1,5.0,Not Completed,1,3,0,0,2,1,0,1
923,STU100923,Arjun Joshi,Female,18,Bachelor,Employed,Nagpur,Mobile,High,C106,Machine Learning A-Z,Programming,Advanced,90,4.6,3,25,92.6,2,0.5,6,8,6.7,3,7,4,73.7,70.7,53.9,1,07-01-2024,UPI,Yes,No,6892,97,2,0,2.1,Completed,0,0,0,1,0,0,4,5
924,STU100924,Meera Joshi,Male,25,Master,Unemployed,Lucknow,Mobile,Medium,C108,Excel for Business,Business,Beginner,25,4.1,3,36,95.9,1,6.6,5,1,4.4,7,3,6,73.0,87.7,80.0,4,01-09-2024,UPI,Yes,No,3070,27,1,0,4.0,Completed,1,3,3,1,2,1,0,5
925,STU100925,Vivaan Patel,Female,25,Bachelor,Employed,Kolkata,Laptop,Low,C102,Data Analysis with Python,Programming,Intermediate,60,4.7,6,34,76.2,8,3.2,11,5,5.9,5,4,6,72.6,75.5,60.4,2,06-04-2024,Debit Card,Yes,No,4517,91,1,1,2.5,Completed,0,0,0,0,1,2,4,1
926,STU100926,Nikhil Desai,Male,34,HighSchool,Student,Bengaluru,Laptop,Low,C104,Digital Marketing Essentials,Marketing,Beginner,30,4.3,2,20,30.2,1,2.0,4,8,9.9,5,5,4,57.2,60.2,43.6,2,15-01-2024,UPI,Yes,No,3197,77,1,0,4.5,Not Completed,1,2,2,0,1,1,2,5
927,STU100927,Arjun Bhardwaj,Female,29,Bachelor,Unemployed,Chennai,Mobile,Medium,C105,UI/UX Design Fundamentals,Design,Beginner,40,4.4,4,32,79.4,2,1.3,0,4,7.4,6,4,2,65.7,50.3,66.3,2,03-12-2024,NetBanking,Yes,No,3815,83,5,2,3.1,Not Completed,0,0,3,1,2,1,1,3
928,STU100928,Isha Reddy,Male,17,Bachelor,Employed,Chennai,Laptop,Medium,C101,Python Basics,Programming,Beginner,45,4.6,1,21,51.3,2,0.5,1,4,5.2,6,4,4,79.4,89.1,58.4,0,15-04-2025,Credit Card,Yes,No,4235,43,1,0,3.9,Not Completed,1,0,0,0,2,1,4,0
929,STU100929,Krishna Nair,Male,17,Bachelor,Student,Hyderabad,Laptop,Medium,C108,Excel for Business,Business,Beginner,25,4.1,5,43,37.5,0,0.5,4,5,5.0,6,4,3,66.7,77.7,53.0,2,10-09-2024,Credit Card,Yes,No,3504,45,6,0,3.8,Not Completed,1,0,2,0,2,1,0,0
930,STU100930,Ritika Singh,Female,23,Bachelor,Employed,Mumbai,Laptop,Medium,C106,Machine Learning A-Z,Programming,Advanced,90,4.6,4,22,25.1,2,9.0,2,6,4.0,5,5,2,71.1,50.2,41.3,5,19-07-2025,Credit Card,Yes,No,6661,73,0,1,5.0,Not Completed,0,0,0,0,2,0,4,0
931,STU100931,Rohan Singh,Female,25,Bachelor,Employed,Indore,Laptop,Medium,C108,Excel for Business,Business,Beginner,25,4.1,2,28,68.7,2,1.3,5,9,8.1,3,7,2,73.4,92.8,46.7,2,31-08-2024,NetBanking,Yes,No,3079,47,1,1,2.9,Not Completed,0,0,0,0,2,1,0,3
932,STU100932,Arjun Sharma,Female,27,Diploma,Employed,Chennai,Laptop,High,C104,Digital Marketing Essentials,Marketing,Beginner,30,4.3,4,40,94.0,5,7.1,9,8,8.4,4,6,0,46.3,59.1,59.9,5,25-08-2024,UPI,Yes,No,3373,55,3,2,4.2,Not Completed,0,1,0,0,0,1,2,5
933,STU100933,Sai Sharma,Male,28,Bachelor,Student,Nagpur,Mobile,Low,C101,Python Basics,Programming,Beginner,45,4.6,6,43,75.5,5,0.5,0,3,3.4,4,6,1,80.8,59.4,53.4,2,09-08-2024,Debit Card,Yes,No,4110,87,2,0,4.4,Completed,1,0,2,1,1,1,4,1
934,STU100934,Kavya Nair,Male,18,Bachelor,Student,Surat,Laptop,High,C105,UI/UX Design Fundamentals,Design,Beginner,40,4.4,5,22,57.2,1,6.6,1,7,5.9,6,4,6,59.6,73.8,59.7,2,26-09-2024,Credit Card,Yes,No,3829,82,6,1,3.8,Completed,1,0,2,0,0,1,1,0
935,STU100935,Isha Bose,Female,30,Bachelor,Employed,Lucknow,Mobile,Medium,C108,Excel for Business,Business,Beginner,25,4.1,4,21,70.4,2,3.4,0,3,5.2,4,6,3,53.3,69.5,52.1,2,01-10-2024,Credit Card,Yes,No,3351,80,2,1,4.2,Not Completed,0,0,0,1,2,1,0,0
936,STU100936,Meera Joshi,Other,35,Master,Employed,Vadodara,Mobile,Medium,C102,Data Analysis with Python,Programming,Intermediate,60,4.7,4,42,47.2,4,3.4,9,1,4.2,4,6,5,58.9,54.0,43.2,3,03-12-2024,Free,No,No,0,50,4,2,4.2,Completed,2,3,0,1,2,2,4,2
937,STU100937,Aarav Singh,Female,25,Master,Self-Employed,Pune,Mobile,Medium,C106,Machine Learning A-Z,Programming,Advanced,90,4.6,6,34,34.8,3,5.3,10,8,3.1,6,4,3,68.2,43.7,50.4,4,28-02-2024,UPI,Yes,No,6651,86,3,1,2.4,Completed,0,3,1,1,2,0,4,5
938,STU100938,Krishna Nair,Male,19,HighSchool,Self-Employed,Mumbai,Laptop,Medium,C105,UI/UX Design Fundamentals,Design,Beginner,40,4.4,7,47,56.1,2,1.1,7,6,9.2,8,2,3,62.9,86.4,71.9,2,07-04-2024,Scholarship,No,No,1766,66,5,3,4.0,Completed,1,2,1,0,2,1,1,4
939,STU100939,Vihaan Joshi,Female,33,Bachelor,Student,Indore,Mobile,Low,C105,UI/UX Design Fundamentals,Design,Beginner,40,4.4,5,34,46.7,2,0.5,0,3,6.6,4,6,4,51.4,93.5,45.0,1,24-11-2023,Credit Card,Yes,No,4100,61,1,1,5.0,Completed,0,0,2,1,1,1,1,0
940,STU100940,Priya Bose,Male,28,Bachelor,Employed,Lucknow,Mobile,Medium,C102,Data Analysis with Python,Programming,Intermediate,60,4.7,3,20,78.7,2,0.5,0,6,7.6,3,6,5,76.6,91.3,50.1,3,16-04-2025,Debit Card,Yes,No,4677,87,1,0,4.5,Not Completed,1,0,0,1,2,2,4,1
941,STU100941,Sakshi Patel,Male,26,HighSchool,Employed,Jaipur,Mobile,High,C108,Excel for Business,Business,Beginner,25,4.1,4,21,81.8,1,0.5,17,7,5.8,3,7,4,81.1,71.8,50.2,0,24-08-2025,UPI,Yes,Yes,2812,98,0,0,3.2,Completed,1,2,0,1,0,1,0,5
942,STU100942,Vihaan Iyer,Female,19,Master,Student,Nagpur,Mobile,Medium,C101,Python Basics,Programming,Beginner,45,4.6,6,41,65.6,6,2.3,0,5,9.4,7,3,3,78.0,92.5,69.6,2,22-09-2025,UPI,Yes,No,4215,70,6,1,4.9,Completed,0,3,2,1,2,1,4,5
943,STU100943,Vihaan Mehta,Female,26,Master,Employed,Kolkata,Laptop,High,C103,Introduction to AI,Programming,Intermediate,75,4.5,4,27,35.9,4,0.5,11,8,4.8,4,5,6,81.4,86.0,40.9,6,29-04-2025,Free,No,No,0,100,2,1,4.0,Not Completed,0,3,0,0,0,2,4,2
944,STU100944,Neha Reddy,Male,27,Bachelor,Employed,Indore,Laptop,Low,C101,Python Basics,Programming,Beginner,45,4.6,6,32,47.8,1,9.8,3,9,7.1,8,2,2,61.1,61.1,67.8,4,27-09-2025,UPI,Yes,Yes,3535,82,1,0,3.8,Not Completed,1,0,0,0,1,1,4,5
945,STU100945,Aarav Kumar,Female,23,Master,Employed,Chennai,Laptop,Medium,C105,UI/UX Design Fundamentals,Design,Beginner,40,4.4,5,45,64.4,1,2.8,3,5,5.6,4,6,3,83.4,70.2,50.1,2,25-08-2025,Debit Card,Yes,Yes,3323,31,1,2,3.7,Not Completed,0,3,0,0,2,1,1,1
946,STU100946,Ritika Kumar,Female,38,Master,Employed,Jaipur,Laptop,High,C105,UI/UX Design Fundamentals,Design,Beginner,40,4.4,4,47,98.4,1,2.5,3,4,6.6,4,6,2,54.8,53.8,61.1,7,05-03-2024,UPI,Yes,No,4379,89,3,1,4.6,Completed,0,3,0,0,0,1,1,5
947,STU100947,Isha Shah,Male,22,Bachelor,Employed,Bhopal,Mobile,High,C101,Python Basics,Programming,Beginner,45,4.6,7,25,88.9,0,0.5,0,4,5.5,4,6,2,76.3,60.5,58.1,3,10-07-2025,UPI,Yes,No,4493,100,4,0,3.6,Not Completed,1,0,0,1,0,1,4,5
948,STU100948,Vihaan Kumar,Female,18,Bachelor,Employed,Delhi,Mobile,Medium,C107,Statistics for Data Science,Math,Intermediate,50,4.2,5,48,41.3,2,5.3,6,4,8.7,9,1,5,59.7,97.3,73.3,5,09-03-2025,Credit Card,Yes,No,4403,46,3,2,5.0,Not Completed,0,0,0,1,2,2,3,0
949,STU100949,Krishna Bhardwaj,Female,23,Master,Employed,Pune,Mobile,Medium,C107,Statistics for Data Science,Math,Intermediate,50,4.2,3,50,83.7,2,15.7,4,4,7.2,4,6,5,78.2,77.7,57.2,1,04-04-2025,Free,No,No,0,76,2,0,4.3,Completed,0,3,0,1,2,2,3,2
950,STU100950,Krishna Joshi,Male,20,Master,Student,Indore,Mobile,Medium,C103,Introduction to AI,Programming,Intermediate,75,4.5,10,46,82.4,3,4.4,11,7,4.7,3,7,3,86.0,56.9,49.7,3,29-03-2024,UPI,Yes,No,6206,70,2,1,5.0,Completed,1,3,2,1,2,2,4,5
951,STU100951,Vivaan Gupta,Female,17,Master,Employed,Kolkata,Mobile,High,C108,Excel for Business,Business,Beginner,25,4.1,6,45,59.9,5,16.4,0,5,8.5,5,5,6,86.7,64.0,54.2,3,20-09-2025,UPI,Yes,No,3501,55,4,0,5.0,Not Completed,0,3,0,1,0,1,0,5
952,STU100952,Meera Joshi,Male,31,Bachelor,Employed,Pune,Mobile,Medium,C101,Python Basics,Programming,Beginner,45,4.6,4,24,87.0,2,0.5,1,2,5.4,3,7,2,65.6,59.6,51.4,0,03-09-2025,UPI,Yes,No,4656,31,0,1,2.0,Completed,1,0,0,1,2,1,4,5
953,STU100953,Aditya Bose,Male,17,PhD,Employed,Delhi,Laptop,Low,C107,Statistics for Data Science,Math,Intermediate,50,4.2,7,27,26.9,1,9.4,2,6,4.3,2,8,5,62.2,82.2,25.5,3,01-09-2025,Debit Card,Yes,No,4289,57,3,2,4.2,Completed,1,4,0,0,1,2,3,1
954,STU100954,Meera Verma,Male,21,HighSchool,Unemployed,Delhi,Mobile,Medium,C107,Statistics for Data Science,Math,Intermediate,50,4.2,6,32,47.6,4,12.1,1,2,9.1,3,7,2,62.8,54.9,37.4,1,01-01-2024,Debit Card,Yes,No,4596,34,0,0,3.1,Completed,1,2,3,1,2,2,3,1
955,STU100955,Vihaan Bose,Male,34,Bachelor,Employed,Ahmedabad,Mobile,High,C105,UI/UX Design Fundamentals,Design,Beginner,40,4.4,3,33,45.1,3,8.8,37,5,2.3,4,6,3,65.2,86.3,44.1,4,26-01-2025,NetBanking,Yes,No,3968,69,5,0,5.0,Not Completed,1,0,0,1,0,1,1,3
956,STU100956,Ananya Kumar,Female,19,Bachelor,Student,Kolkata,Laptop,High,C101,Python Basics,Programming,Beginner,45,4.6,4,41,76.4,0,2.3,0,6,5.1,5,4,5,99.8,63.6,59.9,5,12-04-2024,Credit Card,Yes,No,3859,50,3,3,4.1,Completed,0,0,2,0,0,1,4,0
957,STU100957,Vivaan Shah,Male,31,Bachelor,Student,Ahmedabad,Laptop,High,C103,Introduction to AI,Programming,Intermediate,75,4.5,7,35,77.9,1,3.6,14,8,6.2,8,2,3,79.0,50.9,77.8,1,09-09-2025,Free,No,No,0,74,3,0,4.5,Completed,1,0,2,0,0,2,4,2
958,STU100958,Pooja Mehta,Male,33,Bachelor,Employed,Indore,Laptop,Low,C101,Python Basics,Programming,Beginner,45,4.6,3,32,60.5,3,4.3,8,5,7.4,3,7,1,67.4,63.0,42.3,0,02-12-2023,UPI,Yes,No,4178,32,2,2,4.8,Completed,1,0,0,0,1,1,4,5
959,STU100959,Aarav Shah,Female,33,Master,Student,Bengaluru,Mobile,Medium,C106,Machine Learning A-Z,Programming,Advanced,90,4.6,4,26,67.6,2,6.7,3,6,5.5,4,6,5,61.5,68.0,51.1,1,08-04-2024,Credit Card,Yes,No,7120,90,2,1,5.0,Not Completed,0,3,2,1,2,0,4,0
960,STU100960,Pooja Joshi,Male,17,Bachelor,Employed,Bhopal,Laptop,Low,C103,Introduction to AI,Programming,Intermediate,75,4.5,3,31,71.7,2,12.5,17,1,3.7,7,3,2,67.0,82.8,71.2,1,14-07-2025,Debit Card,Yes,No,5288,78,1,1,4.3,Not Completed,1,0,0,0,1,2,4,1
961,STU100961,Neha Bose,Female,33,Master,Student,Indore,Mobile,Medium,C101,Python Basics,Programming,Beginner,45,4.6,5,49,92.6,4,6.7,26,6,5.5,5,5,4,68.5,75.0,66.1,7,01-10-2024,UPI,Yes,No,4478,80,4,1,4.7,Completed,0,3,2,1,2,1,4,5
962,STU100962,Sai Sharma,Female,28,Master,Unemployed,Chennai,Mobile,High,C103,Introduction to AI,Programming,Intermediate,75,4.5,3,38,56.7,2,8.6,22,4,7.5,6,4,5,70.7,85.6,60.1,4,26-01-2025,NetBanking,Yes,No,5862,14,2,0,4.9,Not Completed,0,3,3,1,0,2,4,3
963,STU100963,Neha Shah,Male,25,Bachelor,Self-Employed,Chennai,Mobile,Medium,C106,Machine Learning A-Z,Programming,Advanced,90,4.6,3,37,56.6,1,7.5,11,11,3.2,4,6,3,43.3,79.3,47.8,2,17-02-2025,UPI,Yes,No,6094,58,1,2,3.4,Not Completed,1,0,1,1,2,0,4,5
964,STU100964,Isha Iyer,Female,37,Bachelor,Employed,Bhopal,Mobile,Medium,C107,Statistics for Data Science,Math,Intermediate,50,4.2,7,24,71.4,4,0.5,4,5,2.4,5,5,1,78.5,54.9,57.7,3,09-02-2024,Debit Card,Yes,Yes,4059,80,1,0,4.2,Not Completed,0,0,0,1,2,2,3,1
965,STU100965,Arjun Nair,Male,20,Bachelor,Student,Indore,Mobile,Medium,C101,Python Basics,Programming,Beginner,45,4.6,6,46,70.0,4,9.1,13,9,9.3,3,7,5,47.2,99.5,47.5,3,28-03-2024,NetBanking,Yes,No,4126,92,2,0,3.2,Not Completed,1,0,2,1,2,1,4,3
966,STU100966,Vihaan Mehta,Male,27,Bachelor,Self-Employed,Bhopal,Laptop,Low,C105,UI/UX Design Fundamentals,Design,Beginner,40,4.4,4,25,76.3,4,0.5,4,9,5.0,5,5,6,79.3,80.8,60.7,3,21-05-2025,Debit Card,Yes,Yes,3268,100,3,1,5.0,Completed,1,0,1,0,1,1,1,1
967,STU100967,Kavya Verma,Female,38,Bachelor,Student,Jaipur,Tablet,High,C103,Introduction to AI,Programming,Intermediate,75,4.5,4,22,72.6,3,4.5,19,4,7.3,6,4,6,79.7,57.3,64.3,3,18-10-2024,UPI,Yes,No,5888,92,2,1,5.0,Completed,0,0,2,2,0,2,4,5
968,STU100968,Sakshi Patel,Female,19,Bachelor,Student,Nagpur,Mobile,High,C106,Machine Learning A-Z,Programming,Advanced,90,4.6,5,42,86.9,1,2.6,3,9,8.3,5,5,2,71.1,54.2,63.1,1,27-02-2024,UPI,Yes,Yes,5360,58,1,0,5.0,Completed,0,0,2,1,0,0,4,5
969,STU100969,Meera Bose,Male,25,HighSchool,Employed,Kolkata,Mobile,Medium,C101,Python Basics,Programming,Beginner,45,4.6,2,22,85.8,2,0.5,1,6,9.2,6,3,2,86.8,54.0,68.7,3,11-12-2024,Scholarship,No,No,301,79,3,0,4.5,Completed,1,2,0,1,2,1,4,4
970,STU100970,Kavya Patel,Male,30,Master,Employed,Delhi,Tablet,High,C102,Data Analysis with Python,Programming,Intermediate,60,4.7,5,15,34.5,0,3.3,7,8,8.2,6,4,0,65.9,44.1,50.3,0,02-09-2024,UPI,Yes,No,4714,91,2,1,3.8,Not Completed,1,3,0,2,0,2,4,5
971,STU100971,Aarav Nair,Female,24,HighSchool,Student,Nagpur,Mobile,Medium,C106,Machine Learning A-Z,Programming,Advanced,90,4.6,5,27,73.6,2,0.5,3,4,6.1,4,6,1,58.4,58.3,52.7,4,29-05-2025,Debit Card,Yes,No,6924,65,0,0,4.5,Completed,0,2,2,1,2,0,4,1
972,STU100972,Nikhil Singh,Male,41,Bachelor,Student,Lucknow,Laptop,High,C107,Statistics for Data Science,Math,Intermediate,50,4.2,5,28,18.0,1,0.5,1,8,9.3,5,5,6,70.6,83.7,40.5,2,31-03-2025,UPI,Yes,Yes,3909,83,1,2,3.8,Not Completed,1,0,2,0,0,2,3,5
973,STU100973,Ritika Nair,Female,29,HighSchool,Student,Indore,Laptop,Medium,C105,UI/UX Design Fundamentals,Design,Beginner,40,4.4,3,14,92.1,4,6.7,7,6,6.1,3,7,5,62.8,51.9,52.8,2,02-01-2025,Scholarship,No,No,1194,79,1,0,4.6,Completed,0,2,2,0,2,1,1,4
974,STU100974,Rohan Reddy,Male,29,Bachelor,Employed,Hyderabad,Mobile,High,C106,Machine Learning A-Z,Programming,Advanced,90,4.6,3,35,33.1,1,4.0,0,6,6.7,6,4,2,76.1,76.1,51.4,2,03-08-2025,UPI,Yes,No,6042,100,1,1,3.3,Not Completed,1,0,0,1,0,0,4,5
975,STU100975,Priya Verma,Female,29,HighSchool,Student,Nagpur,Mobile,High,C107,Statistics for Data Science,Math,Intermediate,50,4.2,2,37,66.2,1,3.7,2,5,5.8,5,5,0,84.1,87.1,57.5,5,05-07-2025,UPI,Yes,No,4209,76,2,0,5.0,Not Completed,0,2,2,1,0,2,3,5
976,STU100976,Vivaan Patel,Male,31,Bachelor,Employed,Lucknow,Mobile,Medium,C108,Excel for Business,Business,Beginner,25,4.1,5,11,75.0,1,1.4,2,3,3.0,4,6,3,75.5,69.2,53.7,1,17-03-2025,UPI,Yes,No,3028,65,3,1,4.7,Not Completed,1,0,0,1,2,1,0,5
977,STU100977,Meera Shah,Male,24,Bachelor,Student,Kolkata,Laptop,Medium,C107,Statistics for Data Science,Math,Intermediate,50,4.2,4,51,58.6,3,3.1,6,2,7.2,5,5,5,94.3,96.9,55.4,2,01-01-2024,Scholarship,No,No,345,43,4,0,3.9,Completed,1,0,2,0,2,2,3,4
978,STU100978,Meera Joshi,Male,27,Bachelor,Employed,Pune,Laptop,High,C103,Introduction to AI,Programming,Intermediate,75,4.5,6,47,75.5,2,0.5,0,5,3.8,3,7,2,74.7,79.3,48.4,2,27-07-2024,Scholarship,No,Yes,2098,67,4,2,3.7,Not Completed,1,0,0,0,0,2,4,4
979,STU100979,Vivaan Gupta,Male,21,Bachelor,Unemployed,Pune,Mobile,Medium,C104,Digital Marketing Essentials,Marketing,Beginner,30,4.3,3,23,63.1,1,0.5,9,4,7.2,3,7,5,62.6,33.4,41.7,1,07-11-2024,Debit Card,Yes,No,3392,47,1,1,5.0,Not Completed,1,0,3,1,2,1,2,1
980,STU100980,Priya Shah,Female,33,Diploma,Employed,Pune,Mobile,High,C101,Python Basics,Programming,Beginner,45,4.6,3,42,70.7,2,5.7,3,5,6.4,3,7,8,61.3,50.8,45.3,2,13-01-2025,Free,No,No,0,71,2,0,5.0,Completed,0,1,0,1,0,1,4,2
981,STU100981,Nikhil Reddy,Male,32,Bachelor,Unemployed,Delhi,Mobile,High,C107,Statistics for Data Science,Math,Intermediate,50,4.2,4,43,82.3,3,0.5,0,7,7.3,5,5,3,96.3,66.6,62.1,3,16-01-2025,UPI,Yes,No,4726,91,6,1,3.9,Completed,1,0,3,1,0,2,3,5
982,STU100982,Pooja Sharma,Female,17,Bachelor,Employed,Kolkata,Laptop,Medium,C106,Machine Learning A-Z,Programming,Advanced,90,4.6,1,24,70.9,0,5.2,2,4,8.1,4,6,2,58.9,79.1,52.8,3,04-11-2023,NetBanking,Yes,No,6216,36,4,2,3.5,Completed,0,0,0,0,2,0,4,3
983,STU100983,Vihaan Mehta,Female,27,Master,Student,Chennai,Laptop,Medium,C101,Python Basics,Programming,Beginner,45,4.6,10,37,70.1,2,13.7,1,3,4.3,5,4,3,71.4,63.1,57.7,2,01-05-2025,Free,No,Yes,0,79,3,2,4.1,Completed,0,3,2,0,2,1,4,2
984,STU100984,Aarav Shah,Male,23,Master,Employed,Delhi,Laptop,High,C107,Statistics for Data Science,Math,Intermediate,50,4.2,8,36,50.0,4,4.6,10,3,9.6,6,4,5,79.3,55.9,56.3,4,11-07-2025,UPI,Yes,No,4393,33,2,0,4.3,Completed,1,3,0,0,0,2,3,5
985,STU100985,Ananya Bose,Female,32,PhD,Employed,Surat,Tablet,High,C104,Digital Marketing Essentials,Marketing,Beginner,30,4.3,5,21,76.4,1,13.7,17,6,7.8,8,2,8,46.9,67.8,78.1,1,17-08-2025,UPI,Yes,No,3605,79,1,1,3.3,Completed,0,4,0,2,0,1,2,5
986,STU100986,Kavya Joshi,Male,27,Diploma,Student,Hyderabad,Laptop,Medium,C107,Statistics for Data Science,Math,Intermediate,50,4.2,4,24,22.1,1,4.0,2,4,5.6,4,6,4,56.8,86.5,36.1,0,01-06-2024,UPI,Yes,No,4651,73,3,2,4.1,Not Completed,1,1,2,0,2,2,3,5
987,STU100987,Kavya Joshi,Female,27,Diploma,Employed,Surat,Mobile,High,C106,Machine Learning A-Z,Programming,Advanced,90,4.6,5,15,90.1,1,11.4,3,5,6.3,3,7,5,77.3,54.3,52.3,0,22-06-2025,UPI,Yes,Yes,5240,86,2,0,4.4,Completed,0,1,0,1,0,0,4,5
988,STU100988,Meera Nair,Female,26,Bachelor,Employed,Lucknow,Laptop,High,C103,Introduction to AI,Programming,Intermediate,75,4.5,3,24,78.9,0,0.5,1,8,9.1,4,6,2,40.4,34.4,53.3,2,22-01-2025,Debit Card,Yes,Yes,4863,56,2,1,5.0,Not Completed,0,0,0,0,0,2,4,1
989,STU100989,Vihaan Sharma,Male,29,Bachelor,Student,Vadodara,Mobile,Medium,C105,UI/UX Design Fundamentals,Design,Beginner,40,4.4,5,27,64.4,2,2.7,1,6,6.5,5,5,4,64.2,96.3,57.4,2,19-10-2023,Debit Card,Yes,No,4279,35,1,1,3.7,Not Completed,1,0,2,1,2,1,1,1
990,STU100990,Pooja Joshi,Female,28,Bachelor,Student,Nagpur,Laptop,High,C105,UI/UX Design Fundamentals,Design,Beginner,40,4.4,5,39,90.0,2,8.9,4,6,7.7,5,5,8,98.6,75.1,65.3,6,10-08-2024,Scholarship,No,No,1630,89,2,0,4.5,Not Completed,0,0,2,0,0,1,1,4
991,STU100991,Rahul Gupta,Male,17,Bachelor,Unemployed,Hyderabad,Laptop,Low,C106,Machine Learning A-Z,Programming,Advanced,90,4.6,5,27,70.2,4,3.1,0,6,6.1,5,5,5,69.8,58.9,57.5,2,02-12-2023,NetBanking,Yes,Yes,6020,100,3,1,4.3,Completed,1,0,3,0,1,0,4,3
992,STU100992,Sai Reddy,Female,23,Bachelor,Student,Bengaluru,Laptop,High,C107,Statistics for Data Science,Math,Intermediate,50,4.2,3,30,55.0,1,0.5,2,6,5.7,7,3,2,71.1,64.3,64.5,1,09-12-2024,Free,No,No,0,53,2,0,4.0,Completed,0,0,2,0,0,2,3,2
993,STU100993,Vihaan Kumar,Female,17,HighSchool,Employed,Jaipur,Mobile,High,C102,Data Analysis with Python,Programming,Intermediate,60,4.7,6,34,42.5,0,4.4,3,2,7.9,5,5,4,71.3,50.2,47.4,1,17-02-2024,Credit Card,Yes,No,5083,70,3,1,4.7,Not Completed,0,2,0,1,0,2,4,0
994,STU100994,Priya Singh,Female,25,HighSchool,Self-Employed,Kolkata,Mobile,Medium,C107,Statistics for Data Science,Math,Intermediate,50,4.2,5,20,55.4,6,0.8,14,2,2.4,2,7,7,49.1,53.6,34.1,2,29-04-2024,Debit Card,Yes,No,4167,78,1,0,4.9,Not Completed,0,2,1,1,2,2,3,1
995,STU100995,Pooja Sharma,Male,18,HighSchool,Employed,Vadodara,Mobile,High,C103,Introduction to AI,Programming,Intermediate,75,4.5,5,22,88.5,0,0.5,11,5,4.6,6,4,2,75.3,69.1,70.4,3,26-07-2025,Credit Card,Yes,Yes,5014,74,0,0,4.3,Not Completed,1,2,0,1,0,2,4,0
996,STU100996,Nikhil Sharma,Male,30,Bachelor,Student,Vadodara,Mobile,Medium,C108,Excel for Business,Business,Beginner,25,4.1,4,31,77.1,4,0.5,2,3,6.5,3,7,5,76.9,79.9,49.0,0,27-01-2025,Credit Card,Yes,No,3233,100,3,2,3.6,Completed,1,0,2,1,2,1,0,0
997,STU100997,Nikhil Gupta,Female,32,HighSchool,Student,Bengaluru,Mobile,High,C108,Excel for Business,Business,Beginner,25,4.1,4,30,65.9,5,4.6,5,6,4.6,6,4,2,61.1,91.0,63.6,4,21-10-2023,Debit Card,Yes,No,3256,65,1,0,3.9,Not Completed,0,2,2,1,0,1,0,1
998,STU100998,Ritika Nair,Female,34,Bachelor,Student,Mumbai,Laptop,Medium,C104,Digital Marketing Essentials,Marketing,Beginner,30,4.3,5,47,70.0,3,0.5,2,5,4.8,5,5,3,66.1,54.8,57.3,3,02-01-2025,Credit Card,Yes,No,3466,52,4,1,3.9,Completed,0,0,2,0,2,1,2,0
999,STU100999,Nikhil Reddy,Male,26,Bachelor,Student,Bhopal,Mobile,High,C104,Digital Marketing Essentials,Marketing,Beginner,30,4.3,3,44,79.8,3,2.9,1,5,6.1,5,5,4,94.5,60.6,61.0,4,15-04-2024,UPI,Yes,No,3694,94,3,1,4.2,Completed,1,0,2,1,0,1,2,5
1000,STU101000,Nikhil Verma,Female,25,HighSchool,Unemployed,Indore,Mobile,Medium,C107,Statistics for Data Science,Math,Intermediate,50,4.2,5,41,60.3,1,0.5,7,5,4.4,7,3,3,66.1,75.2,66.9,3,31-01-2024,UPI,Yes,No,4793,59,3,0,3.0,Completed,0,2,3,1,2,2,3,5
1001,STU101001,Priya Iyer,Female,28,Master,Student,Jaipur,Mobile,Medium,C105,UI/UX Design Fundamentals,Design,Beginner,40,4.4,7,31,82.4,1,1.9,2,10,4.7,5,5,9,61.5,91.7,63.4,2,10-09-2024,Debit Card,Yes,No,4221,1,5,2,4.8,Completed,0,3,2,1,2,1,1,1
1002,STU101002,Ritika Bose,Female,29,Bachelor,Employed,Chennai,Laptop,Medium,C103,Introduction to AI,Programming,Intermediate,75,4.5,7,44,39.7,2,0.5,5,6,2.6,5,5,3,64.7,60.7,46.9,2,01-07-2025,UPI,Yes,Yes,4556,92,1,3,4.3,Not Completed,0,0,0,0,2,2,4,5
1003,STU101003,Rohan Kumar,Female,22,Master,Employed,Chennai,Mobile,High,C108,Excel for Business,Business,Beginner,25,4.1,4,31,63.6,1,3.4,8,5,5.6,8,1,4,84.6,52.5,72.9,6,13-08-2024,Free,No,No,0,55,1,3,4.1,Completed,0,3,0,1,0,1,0,2
1004,STU101004,Kavya Desai,Male,26,Bachelor,Student,Bengaluru,Mobile,High,C101,Python Basics,Programming,Beginner,45,4.6,3,51,92.8,2,0.5,7,4,6.8,3,7,4,65.8,84.0,54.7,3,24-06-2025,Credit Card,Yes,No,3985,73,4,0,4.9,Not Completed,1,0,2,1,0,1,4,0
1005,STU101005,Ritika Kumar,Male,25,Master,Employed,Nagpur,Laptop,Low,C106,Machine Learning A-Z,Programming,Advanced,90,4.6,2,35,83.0,2,0.5,10,3,7.7,3,7,1,70.6,45.9,49.4,2,02-09-2024,Free,No,No,0,23,4,2,4.2,Not Completed,1,3,0,0,1,0,4,2
1006,STU101006,Rahul Iyer,Male,32,HighSchool,Employed,Pune,Laptop,Medium,C102,Data Analysis with Python,Programming,Intermediate,60,4.7,4,17,50.0,2,1.8,17,5,2.5,5,5,3,73.7,69.1,51.0,1,17-07-2025,UPI,Yes,No,5482,75,3,1,4.5,Completed,1,2,0,0,2,2,4,5
1007,STU101007,Ananya Iyer,Female,26,Bachelor,Unemployed,Hyderabad,Mobile,High,C108,Excel for Business,Business,Beginner,25,4.1,4,14,83.1,6,1.2,2,4,8.0,3,6,4,79.8,62.8,50.2,1,29-02-2024,Credit Card,Yes,No,3027,53,4,0,3.7,Not Completed,0,0,3,1,0,1,0,0
1008,STU101008,Sai Gupta,Male,19,PhD,Employed,Surat,Tablet,Medium,C106,Machine Learning A-Z,Programming,Advanced,90,4.6,3,36,61.7,3,5.8,15,4,3.7,3,7,2,60.0,62.3,42.7,1,11-09-2024,Free,No,No,0,38,3,1,3.9,Not Completed,1,4,0,2,2,0,4,2
1009,STU101009,Vihaan Desai,Female,36,Master,Student,Hyderabad,Mobile,Medium,C104,Digital Marketing Essentials,Marketing,Beginner,30,4.3,9,24,77.1,3,10.3,18,6,9.6,3,7,9,61.0,95.2,49.8,1,04-06-2025,Credit Card,Yes,No,3717,65,1,1,5.0,Not Completed,0,3,2,1,2,1,2,0
1010,STU101010,Nikhil Iyer,Male,25,Bachelor,Employed,Indore,Laptop,Medium,C103,Introduction to AI,Programming,Intermediate,75,4.5,8,35,86.0,4,8.7,3,9,4.6,5,5,3,80.8,74.8,63.8,2,15-04-2025,Debit Card,Yes,No,5219,56,3,0,5.0,Completed,1,0,0,0,2,2,4,1
1011,STU101011,Ananya Bose,Female,34,Bachelor,Student,Nagpur,Laptop,Medium,C103,Introduction to AI,Programming,Intermediate,75,4.5,6,33,81.8,1,5.9,10,3,6.1,3,7,3,64.0,78.6,50.5,1,30-10-2023,Free,No,No,0,65,2,1,3.8,Completed,0,0,2,0,2,2,4,2
1012,STU101012,Ritika Sharma,Male,17,Bachelor,Student,Mumbai,Mobile,Low,C103,Introduction to AI,Programming,Intermediate,75,4.5,8,46,71.0,3,10.3,1,9,9.3,4,6,2,99.0,70.9,52.4,4,10-12-2023,UPI,Yes,No,5641,33,1,0,3.9,Not Completed,1,0,2,1,1,2,4,5
1013,STU101013,Vivaan Singh,Male,27,Bachelor,Student,Ahmedabad,Laptop,Low,C106,Machine Learning A-Z,Programming,Advanced,90,4.6,4,46,60.5,1,0.5,4,3,3.6,3,7,4,91.9,50.2,41.7,3,29-03-2024,NetBanking,Yes,No,6107,39,3,0,4.2,Completed,1,0,2,0,1,0,4,3
1014,STU101014,Ananya Iyer,Female,17,Bachelor,Student,Ahmedabad,Laptop,High,C101,Python Basics,Programming,Beginner,45,4.6,7,31,66.9,1,0.6,6,7,6.6,4,6,4,86.7,60.5,50.4,1,19-12-2023,Free,No,No,0,75,1,0,5.0,Not Completed,0,0,2,0,0,1,4,2
1015,STU101015,Ananya Singh,Female,26,Bachelor,Self-Employed,Vadodara,Laptop,Medium,C104,Digital Marketing Essentials,Marketing,Beginner,30,4.3,6,26,61.5,1,0.5,7,7,5.9,5,5,6,72.4,57.9,54.4,3,18-10-2024,UPI,Yes,No,3584,100,3,2,3.6,Not Completed,0,0,1,0,2,1,2,5
1016,STU101016,Kavya Sharma,Female,18,Bachelor,Student,Jaipur,Mobile,High,C107,Statistics for Data Science,Math,Intermediate,50,4.2,4,40,89.4,0,0.5,0,6,8.5,7,3,12,92.0,45.8,75.6,2,14-05-2025,Credit Card,Yes,No,4764,87,2,2,5.0,Not Completed,0,0,2,1,0,2,3,0
1017,STU101017,Rohan Nair,Male,35,Master,Employed,Lucknow,Laptop,High,C104,Digital Marketing Essentials,Marketing,Beginner,30,4.3,3,20,75.7,2,1.0,3,3,5.0,7,2,0,81.4,34.2,70.2,2,16-06-2024,Free,No,No,0,88,2,0,4.6,Completed,1,3,0,0,0,1,2,2
1018,STU101018,Ritika Desai,Male,25,Bachelor,Student,Vadodara,Mobile,Low,C107,Statistics for Data Science,Math,Intermediate,50,4.2,8,37,24.7,3,4.2,0,5,5.1,5,5,4,88.4,76.5,42.5,3,06-08-2024,Free,No,No,0,43,1,2,4.5,Not Completed,1,0,2,1,1,2,3,2
1019,STU101019,Vivaan Bose,Female,23,Master,Employed,Chennai,Laptop,High,C103,Introduction to AI,Programming,Intermediate,75,4.5,5,36,40.7,1,0.5,1,3,5.7,4,6,7,40.2,32.3,39.9,2,17-09-2025,Credit Card,Yes,Yes,4521,76,1,1,4.6,Not Completed,0,3,0,0,0,2,4,0
1020,STU101020,Pooja Gupta,Female,26,PhD,Student,Mumbai,Mobile,High,C101,Python Basics,Programming,Beginner,45,4.6,6,34,68.7,4,8.9,3,5,5.8,7,3,2,89.9,77.2,69.9,1,30-06-2024,Credit Card,Yes,No,4114,83,5,1,4.3,Completed,0,4,2,1,0,1,4,0
1021,STU101021,Krishna Bhardwaj,Female,25,Bachelor,Student,Nagpur,Mobile,High,C107,Statistics for Data Science,Math,Intermediate,50,4.2,7,5,43.5,2,5.3,22,5,8.0,2,8,6,90.1,59.0,30.2,2,12-01-2025,Free,No,No,0,57,1,0,4.7,Not Completed,0,0,2,1,0,2,3,2
1022,STU101022,Rohan Bose,Female,24,Bachelor,Student,Lucknow,Mobile,High,C106,Machine Learning A-Z,Programming,Advanced,90,4.6,10,51,85.9,3,6.7,5,4,6.0,5,5,9,70.0,66.8,63.4,0,10-08-2025,Free,No,Yes,0,75,2,1,4.3,Not Completed,0,0,2,1,0,0,4,2
1023,STU101023,Sneha Desai,Male,30,Bachelor,Employed,Jaipur,Laptop,High,C104,Digital Marketing Essentials,Marketing,Beginner,30,4.3,4,36,55.4,1,0.5,1,5,7.4,4,6,2,73.5,39.9,45.4,0,25-06-2025,Debit Card,Yes,Yes,3227,48,1,1,4.1,Not Completed,1,0,0,0,0,1,2,1
1024,STU101024,Krishna Desai,Female,24,Master,Unemployed,Indore,Tablet,Medium,C108,Excel for Business,Business,Beginner,25,4.1,5,49,52.3,4,18.3,6,3,5.8,5,5,4,58.0,76.9,52.1,1,13-08-2024,Credit Card,Yes,No,3465,46,4,0,3.7,Completed,0,3,3,2,2,1,0,0
1025,STU101025,Kavya Verma,Other,24,Bachelor,Employed,Lucknow,Laptop,Medium,C101,Python Basics,Programming,Beginner,45,4.6,6,27,73.3,1,5.1,6,6,9.2,4,6,2,75.8,57.8,52.6,0,11-04-2024,NetBanking,Yes,No,4387,68,4,0,5.0,Completed,2,0,0,0,2,1,4,3
1026,STU101026,Ritika Sharma,Female,30,Diploma,Employed,Chennai,Mobile,High,C101,Python Basics,Programming,Beginner,45,4.6,2,36,87.1,0,0.5,0,8,2.5,4,6,2,72.4,68.3,57.9,3,28-07-2024,UPI,Yes,No,4633,64,2,1,5.0,Not Completed,0,1,0,1,0,1,4,5
1027,STU101027,Rahul Kumar,Female,32,Bachelor,Employed,Bengaluru,Laptop,Low,C101,Python Basics,Programming,Beginner,45,4.6,6,35,46.0,1,5.2,10,3,6.8,2,8,2,65.3,69.1,31.6,1,04-07-2024,NetBanking,Yes,No,4248,66,0,1,2.5,Not Completed,0,0,0,0,1,1,4,3
1028,STU101028,Aarav Joshi,Male,27,PhD,Employed,Kolkata,Laptop,Medium,C106,Machine Learning A-Z,Programming,Advanced,90,4.6,9,47,38.9,4,6.4,1,6,3.6,3,7,2,91.9,63.3,34.8,1,23-03-2024,Credit Card,Yes,No,6400,77,1,2,2.9,Not Completed,1,4,0,0,2,0,4,0
1029,STU101029,Vivaan Verma,Female,30,Diploma,Employed,Bhopal,Laptop,Medium,C102,Data Analysis with Python,Programming,Intermediate,60,4.7,5,31,46.4,0,4.0,3,7,6.0,4,6,3,73.7,74.4,44.0,1,08-12-2023,Free,No,No,0,54,4,0,5.0,Completed,0,1,0,0,2,2,4,2
1030,STU101030,Sakshi Shah,Male,17,Master,Employed,Lucknow,Mobile,Low,C102,Data Analysis with Python,Programming,Intermediate,60,4.7,4,36,80.8,3,1.9,0,4,6.0,4,6,3,48.3,72.5,55.9,5,25-05-2025,Credit Card,Yes,No,5484,90,3,2,3.8,Completed,1,3,0,1,1,2,4,0
1031,STU101031,Rahul Joshi,Male,31,Master,Employed,Delhi,Tablet,Low,C107,Statistics for Data Science,Math,Intermediate,50,4.2,5,40,77.5,1,3.4,0,2,7.9,2,8,7,65.0,59.3,42.1,0,06-09-2024,Free,No,No,0,56,6,1,4.1,Not Completed,1,3,0,2,1,2,3,2
1032,STU101032,Ritika Singh,Female,36,Bachelor,Employed,Bengaluru,Mobile,Medium,C104,Digital Marketing Essentials,Marketing,Beginner,30,4.3,7,41,78.7,2,16.6,2,3,7.5,5,5,5,96.0,81.9,61.6,3,17-03-2025,Free,No,No,0,93,1,0,4.6,Completed,0,0,0,1,2,1,2,2
1033,STU101033,Sai Mehta,Male,35,Master,Student,Surat,Mobile,Medium,C104,Digital Marketing Essentials,Marketing,Beginner,30,4.3,7,33,72.2,4,0.8,2,3,8.1,5,5,3,78.1,65.9,58.6,2,19-01-2024,Free,No,No,0,100,1,3,2.2,Not Completed,1,3,2,1,2,1,2,2
1034,STU101034,Sneha Singh,Male,28,Bachelor,Employed,Bhopal,Mobile,High,C102,Data Analysis with Python,Programming,Intermediate,60,4.7,2,31,12.0,2,7.3,5,5,5.5,5,5,7,78.4,24.2,35.4,3,20-09-2024,Credit Card,Yes,No,4774,64,1,0,4.8,Completed,1,0,0,1,0,2,4,0
1035,STU101035,Pooja Joshi,Female,26,Bachelor,Employed,Ahmedabad,Mobile,Medium,C102,Data Analysis with Python,Programming,Intermediate,60,4.7,5,24,49.4,0,6.2,8,4,10.0,4,6,4,47.5,44.6,43.5,0,11-07-2025,Credit Card,Yes,No,4526,47,2,1,4.0,Not Completed,0,0,0,1,2,2,4,0
1036,STU101036,Ritika Reddy,Male,21,HighSchool,Employed,Surat,Tablet,Medium,C107,Statistics for Data Science,Math,Intermediate,50,4.2,5,34,73.9,1,10.0,0,5,8.8,3,7,4,64.8,35.6,45.7,3,11-08-2025,Credit Card,Yes,Yes,4169,63,1,2,3.3,Not Completed,1,2,0,2,2,2,3,0
1037,STU101037,Aarav Sharma,Male,19,Bachelor,Student,Lucknow,Laptop,Medium,C103,Introduction to AI,Programming,Intermediate,75,4.5,6,47,98.4,4,14.5,0,13,8.2,9,1,6,97.9,100.0,93.4,2,19-06-2024,Credit Card,Yes,Yes,5290,76,2,0,4.2,Completed,1,0,2,0,2,2,4,0
1038,STU101038,Sakshi Bose,Male,17,Bachelor,Self-Employed,Jaipur,Laptop,Medium,C102,Data Analysis with Python,Programming,Intermediate,60,4.7,5,35,68.1,2,3.3,10,2,6.1,2,8,4,44.7,70.2,39.3,2,26-11-2023,NetBanking,Yes,No,5403,80,1,0,3.2,Completed,1,0,1,0,2,2,4,3
1039,STU101039,Pooja Mehta,Female,23,Diploma,Employed,Bhopal,Laptop,Medium,C107,Statistics for Data Science,Math,Intermediate,50,4.2,3,28,18.9,1,3.3,11,7,3.3,7,3,2,89.5,64.6,51.9,4,10-02-2024,Scholarship,No,No,1225,53,1,0,5.0,Completed,0,1,0,0,2,2,3,4
1040,STU101040,Priya Kumar,Male,36,Master,Employed,Surat,Mobile,High,C106,Machine Learning A-Z,Programming,Advanced,90,4.6,3,57,22.6,3,14.8,0,2,6.2,4,6,4,100.0,96.3,36.7,2,11-11-2023,Debit Card,Yes,Yes,5429,60,3,1,4.6,Not Completed,1,3,0,1,0,0,4,1
1041,STU101041,Ritika Shah,Male,24,Master,Employed,Vadodara,Mobile,Low,C103,Introduction to AI,Programming,Intermediate,75,4.5,3,44,40.7,2,1.0,0,3,5.0,7,3,1,76.6,58.1,59.1,0,20-03-2025,Free,No,No,0,71,1,1,4.2,Not Completed,1,3,0,1,1,2,4,2
1042,STU101042,Kavya Reddy,Female,17,Master,Employed,Mumbai,Mobile,Medium,C102,Data Analysis with Python,Programming,Intermediate,60,4.7,8,27,95.4,1,0.5,4,5,6.2,3,7,5,71.3,81.9,55.5,2,14-08-2025,Debit Card,Yes,No,4659,69,3,1,3.6,Completed,0,3,0,1,2,2,4,1
1043,STU101043,Krishna Joshi,Female,24,Bachelor,Student,Surat,Laptop,Medium,C101,Python Basics,Programming,Beginner,45,4.6,6,34,36.6,2,0.5,2,10,5.9,6,4,6,61.6,75.8,52.6,1,23-01-2024,UPI,Yes,No,4167,93,6,0,3.2,Not Completed,0,0,2,0,2,1,4,5
1044,STU101044,Sai Desai,Male,28,Bachelor,Employed,Surat,Laptop,High,C104,Digital Marketing Essentials,Marketing,Beginner,30,4.3,3,30,49.1,2,1.5,0,7,10.0,6,3,3,63.2,54.2,55.9,4,19-07-2025,UPI,Yes,No,3805,74,2,0,4.5,Not Completed,1,0,0,0,0,1,2,5
1045,STU101045,Aditya Singh,Male,30,Diploma,Employed,Lucknow,Laptop,Medium,C105,UI/UX Design Fundamentals,Design,Beginner,40,4.4,7,36,67.7,1,15.3,16,3,8.9,2,8,5,76.4,67.8,39.1,3,22-05-2024,Free,No,No,0,75,2,0,3.4,Not Completed,1,1,0,0,2,1,1,2
1046,STU101046,Isha Shah,Female,28,HighSchool,Student,Delhi,Tablet,High,C102,Data Analysis with Python,Programming,Intermediate,60,4.7,5,26,78.3,2,0.5,0,5,4.3,4,6,3,65.5,67.7,54.8,1,05-10-2025,Debit Card,Yes,No,4737,37,2,1,4.6,Not Completed,0,2,2,2,0,2,4,1
1047,STU101047,Isha Iyer,Male,24,HighSchool,Employed,Nagpur,Mobile,High,C108,Excel for Business,Business,Beginner,25,4.1,4,37,48.7,2,0.5,8,7,9.5,7,3,7,88.3,81.5,63.1,1,18-09-2025,NetBanking,Yes,No,3306,54,1,2,4.3,Completed,1,2,0,1,0,1,0,3
1048,STU101048,Arjun Patel,Female,32,Bachelor,Employed,Kolkata,Mobile,Medium,C106,Machine Learning A-Z,Programming,Advanced,90,4.6,5,32,78.7,3,0.5,21,5,6.3,7,3,4,72.8,81.3,73.6,3,24-11-2023,NetBanking,Yes,Yes,5194,81,4,0,4.3,Completed,0,0,0,1,2,0,4,3
1049,STU101049,Aditya Sharma,Female,18,Bachelor,Employed,Mumbai,Tablet,Medium,C102,Data Analysis with Python,Programming,Intermediate,60,4.7,4,30,31.2,2,0.5,9,5,4.1,4,6,7,67.0,66.4,38.2,4,30-06-2024,Scholarship,No,No,342,78,0,1,5.0,Not Completed,0,0,0,2,2,2,4,4
1050,STU101050,Rahul Sharma,Female,23,Master,Employed,Jaipur,Laptop,Medium,C107,Statistics for Data Science,Math,Intermediate,50,4.2,5,33,62.8,4,8.1,4,9,5.3,7,3,7,49.7,67.3,67.3,1,07-07-2024,Credit Card,Yes,No,4410,45,3,0,3.8,Not Completed,0,3,0,0,2,2,3,0
1051,STU101051,Isha Mehta,Male,17,Bachelor,Student,Kolkata,Mobile,Low,C105,UI/UX Design Fundamentals,Design,Beginner,40,4.4,2,62,46.6,7,4.2,19,6,3.7,4,6,5,77.4,69.2,43.8,2,02-01-2025,UPI,Yes,No,4367,70,2,2,4.2,Not Completed,1,0,2,1,1,1,1,5
1052,STU101052,Pooja Patel,Male,17,Bachelor,Unemployed,Chennai,Laptop,High,C106,Machine Learning A-Z,Programming,Advanced,90,4.6,6,42,88.3,2,4.9,1,7,5.1,5,5,6,37.7,99.2,65.9,2,16-04-2025,NetBanking,Yes,No,7019,100,5,0,4.9,Completed,1,0,3,0,0,0,4,3
1053,STU101053,Aarav Iyer,Male,20,Bachelor,Self-Employed,Indore,Mobile,Low,C105,UI/UX Design Fundamentals,Design,Beginner,40,4.4,4,42,93.6,5,3.2,2,3,6.0,8,2,2,88.7,55.0,83.5,2,07-06-2025,Scholarship,No,Yes,255,38,4,0,5.0,Completed,1,0,1,1,1,1,1,4
1054,STU101054,Vivaan Nair,Female,20,Bachelor,Self-Employed,Nagpur,Laptop,Medium,C101,Python Basics,Programming,Beginner,45,4.6,6,40,37.0,5,4.8,1,8,5.8,6,4,4,72.9,72.9,52.6,3,14-03-2025,Credit Card,Yes,No,4653,54,5,0,4.1,Not Completed,0,0,1,0,2,1,4,0
1055,STU101055,Vihaan Kumar,Male,25,Bachelor,Student,Vadodara,Laptop,Medium,C106,Machine Learning A-Z,Programming,Advanced,90,4.6,5,26,46.1,1,8.4,6,5,6.5,4,6,4,90.8,72.2,43.8,3,29-06-2025,UPI,Yes,No,6393,64,5,2,3.9,Completed,1,0,2,0,2,0,4,5
1056,STU101056,Aditya Kumar,Male,22,Bachelor,Student,Vadodara,Mobile,High,C108,Excel for Business,Business,Beginner,25,4.1,6,52,63.5,2,2.4,3,4,7.1,6,4,3,46.9,69.0,61.7,0,10-11-2024,NetBanking,Yes,No,3145,71,3,1,4.2,Completed,1,0,2,1,0,1,0,3
1057,STU101057,Priya Shah,Female,31,Master,Student,Lucknow,Laptop,High,C101,Python Basics,Programming,Beginner,45,4.6,9,43,77.1,1,7.7,4,6,5.1,6,4,5,60.5,80.8,67.0,3,25-03-2024,UPI,Yes,No,4554,43,4,1,4.6,Not Completed,0,3,2,0,0,1,4,5
1058,STU101058,Rahul Singh,Female,26,Bachelor,Employed,Bengaluru,Laptop,Medium,C106,Machine Learning A-Z,Programming,Advanced,90,4.6,3,42,51.5,2,0.5,4,7,4.7,6,4,4,64.5,86.9,58.4,4,27-04-2025,UPI,Yes,Yes,6003,77,1,2,3.6,Completed,0,0,0,0,2,0,4,5
1059,STU101059,Ananya Iyer,Male,26,Bachelor,Employed,Bengaluru,Mobile,High,C102,Data Analysis with Python,Programming,Intermediate,60,4.7,7,38,46.0,4,0.5,1,5,6.9,7,3,8,84.2,87.7,62.5,3,10-08-2025,Credit Card,Yes,No,4815,88,2,3,4.6,Not Completed,1,0,0,1,0,2,4,0
1060,STU101060,Sneha Patel,Male,24,Master,Student,Surat,Mobile,Medium,C108,Excel for Business,Business,Beginner,25,4.1,6,39,83.3,3,2.5,16,9,5.1,5,5,1,97.1,69.5,62.6,6,09-03-2024,UPI,Yes,No,3050,69,2,0,3.8,Completed,1,3,2,1,2,1,0,5
1061,STU101061,Vihaan Patel,Male,28,Master,Student,Mumbai,Mobile,High,C104,Digital Marketing Essentials,Marketing,Beginner,30,4.3,3,17,87.2,2,5.2,0,6,6.0,4,6,6,82.3,70.0,58.0,3,23-11-2024,UPI,Yes,No,3497,57,3,1,4.6,Not Completed,1,3,2,1,0,1,2,5
1062,STU101062,Rahul Gupta,Male,22,Master,Employed,Delhi,Mobile,High,C102,Data Analysis with Python,Programming,Intermediate,60,4.7,5,37,17.6,1,7.3,13,4,8.3,5,5,5,67.5,62.7,39.3,2,03-10-2024,Debit Card,Yes,No,5149,58,2,0,4.7,Not Completed,1,3,0,1,0,2,4,1
1063,STU101063,Krishna Mehta,Male,26,Bachelor,Student,Bhopal,Laptop,High,C105,UI/UX Design Fundamentals,Design,Beginner,40,4.4,3,26,73.2,1,8.0,9,2,5.3,5,5,5,74.4,26.2,56.9,1,24-03-2025,Debit Card,Yes,No,3657,57,2,2,4.5,Completed,1,0,2,0,0,1,1,1
1064,STU101064,Arjun Verma,Male,38,Master,Student,Bengaluru,Mobile,High,C102,Data Analysis with Python,Programming,Intermediate,60,4.7,5,30,65.7,1,3.9,0,6,6.3,5,5,1,75.7,73.4,56.7,0,01-07-2024,UPI,Yes,Yes,4075,91,5,3,4.8,Completed,1,3,2,1,0,2,4,5
1065,STU101065,Krishna Sharma,Female,25,Bachelor,Employed,Bengaluru,Mobile,Medium,C106,Machine Learning A-Z,Programming,Advanced,90,4.6,5,45,61.2,3,0.7,39,5,5.5,3,7,1,77.9,54.6,42.2,1,19-05-2025,Scholarship,No,No,2920,67,2,0,4.8,Completed,0,0,0,1,2,0,4,4
1066,STU101066,Vivaan Shah,Other,37,Master,Student,Vadodara,Mobile,Medium,C108,Excel for Business,Business,Beginner,25,4.1,4,40,41.2,5,4.5,2,7,6.2,3,7,4,72.2,44.4,34.6,0,01-05-2025,NetBanking,Yes,No,3397,100,0,2,3.3,Not Completed,2,3,2,1,2,1,0,3
1067,STU101067,Kavya Iyer,Male,18,Bachelor,Employed,Surat,Mobile,Medium,C101,Python Basics,Programming,Beginner,45,4.6,5,31,32.9,2,0.5,10,4,6.9,3,7,6,69.5,89.0,34.0,2,03-09-2025,Debit Card,Yes,Yes,3800,55,3,1,2.6,Completed,1,0,0,1,2,1,4,1
1068,STU101068,Aditya Kumar,Male,24,Bachelor,Employed,Delhi,Laptop,High,C102,Data Analysis with Python,Programming,Intermediate,60,4.7,4,35,82.5,2,0.5,0,1,6.4,8,2,4,84.6,61.5,80.0,5,02-06-2025,Debit Card,Yes,No,5026,60,1,1,3.9,Not Completed,1,0,0,0,0,2,4,1
1069,STU101069,Meera Joshi,Male,22,Bachelor,Employed,Hyderabad,Mobile,High,C101,Python Basics,Programming,Beginner,45,4.6,2,44,71.8,1,2.6,0,9,5.5,2,8,4,82.1,89.4,41.6,4,18-08-2025,Credit Card,Yes,No,3988,62,1,1,2.9,Completed,1,0,0,1,0,1,4,0
1070,STU101070,Rohan Sharma,Male,23,Bachelor,Student,Ahmedabad,Laptop,Medium,C105,UI/UX Design Fundamentals,Design,Beginner,40,4.4,3,28,44.8,0,0.5,9,4,3.6,6,4,2,68.6,74.5,55.4,4,02-05-2024,Credit Card,Yes,No,3626,80,3,0,5.0,Not Completed,1,0,2,0,2,1,1,0
1071,STU101071,Pooja Reddy,Male,31,PhD,Student,Kolkata,Mobile,Low,C103,Introduction to AI,Programming,Intermediate,75,4.5,4,51,91.4,2,5.2,4,4,6.9,4,5,4,79.8,78.0,59.9,1,22-08-2025,Free,No,No,0,77,2,0,4.9,Completed,1,4,2,1,1,2,4,2
1072,STU101072,Ananya Nair,Female,22,Bachelor,Unemployed,Jaipur,Mobile,High,C101,Python Basics,Programming,Beginner,45,4.6,5,24,75.4,3,6.8,4,4,7.1,3,7,3,53.1,74.7,48.1,0,19-05-2025,Scholarship,No,No,412,43,3,2,4.4,Completed,0,0,3,1,0,1,4,4
1073,STU101073,Sneha Desai,Female,21,Bachelor,Student,Hyderabad,Laptop,Medium,C108,Excel for Business,Business,Beginner,25,4.1,5,41,62.2,2,2.1,2,6,9.2,4,6,6,94.3,71.3,49.3,3,06-04-2024,NetBanking,Yes,No,3241,75,2,1,4.0,Completed,0,0,2,0,2,1,0,3
1074,STU101074,Aarav Joshi,Male,21,Bachelor,Student,Pune,Mobile,Medium,C107,Statistics for Data Science,Math,Intermediate,50,4.2,6,18,66.4,3,1.7,1,6,7.1,8,2,2,83.8,53.9,73.9,3,03-08-2025,Free,No,No,0,34,3,0,5.0,Completed,1,0,2,1,2,2,3,2
1075,STU101075,Isha Kumar,Male,24,Bachelor,Student,Nagpur,Mobile,High,C103,Introduction to AI,Programming,Intermediate,75,4.5,4,24,39.1,1,10.5,6,3,5.7,5,4,2,69.6,19.8,44.7,6,11-09-2025,Credit Card,Yes,Yes,5293,26,2,0,4.4,Not Completed,1,0,2,1,0,2,4,0
1076,STU101076,Pooja Bose,Male,26,Master,Employed,Kolkata,Laptop,Low,C104,Digital Marketing Essentials,Marketing,Beginner,30,4.3,2,19,24.6,0,7.5,25,5,4.7,5,5,5,77.8,60.2,41.6,2,18-10-2024,UPI,Yes,No,3842,81,3,2,4.7,Not Completed,1,3,0,0,1,1,2,5
1077,STU101077,Ananya Reddy,Male,27,Diploma,Student,Surat,Laptop,High,C101,Python Basics,Programming,Beginner,45,4.6,7,32,78.4,3,0.5,4,4,6.1,5,5,0,68.0,84.9,61.7,1,08-08-2025,Debit Card,Yes,No,4163,61,3,0,4.7,Not Completed,1,1,2,0,0,1,4,1
1078,STU101078,Sakshi Sharma,Female,28,Master,Employed,Nagpur,Mobile,Medium,C102,Data Analysis with Python,Programming,Intermediate,60,4.7,5,52,48.1,3,0.5,1,6,8.4,7,3,1,80.2,57.9,61.7,1,08-03-2024,Credit Card,Yes,No,4799,90,2,0,4.4,Not Completed,0,3,0,1,2,2,4,0
1079,STU101079,Rahul Singh,Male,17,Bachelor,Employed,Ahmedabad,Mobile,Medium,C106,Machine Learning A-Z,Programming,Advanced,90,4.6,2,46,51.4,3,1.8,2,3,7.0,4,6,6,68.9,49.0,44.4,0,19-07-2025,Debit Card,Yes,Yes,5092,72,2,0,4.8,Completed,1,0,0,1,2,0,4,1
1080,STU101080,Aditya Nair,Male,17,Bachelor,Student,Delhi,Laptop,High,C108,Excel for Business,Business,Beginner,25,4.1,5,13,76.5,3,0.5,9,4,8.3,6,4,3,93.3,57.8,65.7,3,19-03-2025,Debit Card,Yes,No,3235,77,2,2,3.3,Completed,1,0,2,0,0,1,0,1
1081,STU101081,Aarav Shah,Female,23,Master,Student,Jaipur,Mobile,High,C105,UI/UX Design Fundamentals,Design,Beginner,40,4.4,8,31,80.9,4,0.5,3,6,5.7,7,3,5,85.8,78.7,74.3,2,12-06-2025,Debit Card,Yes,Yes,3161,83,4,1,3.6,Not Completed,0,3,2,1,0,1,1,1
1082,STU101082,Krishna Bose,Female,24,Bachelor,Student,Mumbai,Laptop,High,C104,Digital Marketing Essentials,Marketing,Beginner,30,4.3,4,30,59.6,0,5.4,12,3,7.1,5,5,6,69.1,100.0,55.9,2,25-04-2025,Debit Card,Yes,No,3604,82,2,2,3.5,Completed,0,0,2,0,0,1,2,1
1083,STU101083,Rahul Reddy,Female,27,Master,Student,Lucknow,Tablet,Low,C107,Statistics for Data Science,Math,Intermediate,50,4.2,7,33,75.9,8,13.6,7,5,7.9,3,6,4,68.5,60.9,47.6,2,25-10-2024,Free,No,No,0,67,1,1,4.0,Completed,0,3,2,2,1,2,3,2
1084,STU101084,Priya Singh,Female,22,Master,Unemployed,Bhopal,Laptop,Medium,C106,Machine Learning A-Z,Programming,Advanced,90,4.6,5,26,78.0,2,0.5,0,6,6.0,6,4,3,100.0,91.5,67.9,0,09-08-2024,UPI,Yes,No,6511,52,3,0,5.0,Completed,0,3,3,0,2,0,4,5
1085,STU101085,Arjun Reddy,Male,21,Bachelor,Employed,Surat,Laptop,High,C104,Digital Marketing Essentials,Marketing,Beginner,30,4.3,4,33,65.6,1,5.2,8,3,5.1,3,7,3,60.0,44.9,43.2,1,26-11-2024,Debit Card,Yes,No,3274,57,6,0,4.3,Not Completed,1,0,0,0,0,1,2,1
1086,STU101086,Sneha Gupta,Female,23,Bachelor,Student,Mumbai,Mobile,High,C106,Machine Learning A-Z,Programming,Advanced,90,4.6,7,38,50.2,1,2.8,7,5,10.0,6,4,4,92.6,75.6,57.3,3,06-07-2025,Credit Card,Yes,No,6234,56,3,0,4.8,Not Completed,0,0,2,1,0,0,4,0
1087,STU101087,Sai Desai,Female,28,Bachelor,Employed,Surat,Laptop,Medium,C101,Python Basics,Programming,Beginner,45,4.6,3,34,59.0,3,0.5,7,8,7.6,3,7,3,60.6,33.2,40.3,3,28-03-2024,Free,No,No,0,100,0,0,4.0,Completed,0,0,0,0,2,1,4,2
1088,STU101088,Sai Bhardwaj,Male,17,Bachelor,Employed,Jaipur,Laptop,Medium,C105,UI/UX Design Fundamentals,Design,Beginner,40,4.4,6,22,87.6,2,0.5,15,7,5.4,7,3,3,82.7,81.5,76.7,4,14-03-2024,Debit Card,Yes,No,3966,93,5,0,3.6,Not Completed,1,0,0,0,2,1,1,1
1089,STU101089,Meera Joshi,Male,30,Bachelor,Employed,Mumbai,Laptop,High,C102,Data Analysis with Python,Programming,Intermediate,60,4.7,2,44,87.0,3,3.0,7,9,6.8,7,3,6,74.8,96.0,77.2,1,27-02-2025,UPI,Yes,Yes,4625,55,1,1,4.2,Not Completed,1,0,0,0,0,2,4,5
1090,STU101090,Rohan Sharma,Female,25,Bachelor,Student,Ahmedabad,Mobile,Medium,C103,Introduction to AI,Programming,Intermediate,75,4.5,4,39,62.7,2,0.5,2,2,4.5,4,6,2,80.0,69.7,49.4,2,29-11-2023,UPI,Yes,No,5712,61,2,0,3.6,Not Completed,0,0,2,1,2,2,4,5
1091,STU101091,Krishna Gupta,Male,18,HighSchool,Student,Bhopal,Mobile,High,C107,Statistics for Data Science,Math,Intermediate,50,4.2,6,29,39.8,1,0.5,1,2,9.6,4,6,2,67.3,64.7,41.2,0,17-11-2024,Free,No,No,0,57,2,1,4.3,Not Completed,1,2,2,1,0,2,3,2
1092,STU101092,Meera Bose,Male,33,Master,Employed,Kolkata,Mobile,Low,C108,Excel for Business,Business,Beginner,25,4.1,4,38,35.7,1,0.5,6,6,1.9,4,5,2,94.8,60.0,39.5,5,26-11-2023,Free,No,No,0,82,0,0,5.0,Not Completed,1,3,0,1,1,1,0,2
1093,STU101093,Pooja Sharma,Female,20,HighSchool,Student,Indore,Mobile,Medium,C108,Excel for Business,Business,Beginner,25,4.1,8,30,35.4,1,6.7,2,3,9.1,4,6,6,86.2,62.4,39.5,2,26-07-2025,Free,No,No,0,71,8,1,4.2,Not Completed,0,2,2,1,2,1,0,2
1094,STU101094,Neha Shah,Female,31,Master,Employed,Indore,Mobile,Medium,C102,Data Analysis with Python,Programming,Intermediate,60,4.7,5,42,68.2,1,0.5,7,2,10.0,5,5,4,93.8,75.8,57.6,4,26-04-2025,Free,No,No,0,88,3,4,5.0,Not Completed,0,3,0,1,2,2,4,2
1095,STU101095,Nikhil Verma,Female,28,Bachelor,Employed,Chennai,Mobile,High,C105,UI/UX Design Fundamentals,Design,Beginner,40,4.4,6,51,79.8,4,3.8,0,4,4.5,6,4,3,78.7,58.9,66.9,3,25-10-2024,Free,No,No,0,42,2,0,4.0,Not Completed,0,0,0,1,0,1,1,2
1096,STU101096,Nikhil Iyer,Female,26,PhD,Unemployed,Bhopal,Tablet,High,C107,Statistics for Data Science,Math,Intermediate,50,4.2,3,25,73.6,3,0.5,7,9,4.8,5,5,3,80.3,60.1,58.8,3,29-03-2025,Credit Card,Yes,No,4637,66,1,1,3.1,Not Completed,0,4,3,2,0,2,3,0
1097,STU101097,Neha Mehta,Male,29,Bachelor,Student,Bhopal,Laptop,Low,C102,Data Analysis with Python,Programming,Intermediate,60,4.7,4,27,34.9,2,0.5,22,2,4.1,5,5,5,91.2,75.4,46.0,3,05-12-2024,UPI,Yes,No,4877,48,2,3,3.6,Not Completed,1,0,2,0,1,2,4,5
1098,STU101098,Sneha Shah,Female,24,HighSchool,Employed,Nagpur,Mobile,Medium,C103,Introduction to AI,Programming,Intermediate,75,4.5,5,20,36.0,2,0.5,4,3,4.7,5,5,0,75.7,77.1,46.5,1,21-02-2025,Credit Card,Yes,Yes,5310,75,2,1,4.1,Not Completed,0,2,0,1,2,2,4,0
1099,STU101099,Sakshi Patel,Female,35,Bachelor,Student,Surat,Mobile,Medium,C108,Excel for Business,Business,Beginner,25,4.1,7,16,71.8,2,0.5,3,7,8.2,4,6,2,65.1,67.0,52.5,2,09-01-2025,UPI,Yes,No,3216,38,1,0,5.0,Not Completed,0,0,2,1,2,1,0,5
1100,STU101100,Sai Singh,Male,22,Diploma,Student,Delhi,Mobile,High,C104,Digital Marketing Essentials,Marketing,Beginner,30,4.3,4,50,73.3,2,3.2,14,4,9.3,6,4,1,57.8,50.1,64.2,3,30-07-2024,UPI,Yes,No,3538,65,2,2,5.0,Not Completed,1,1,2,1,0,1,2,5
1101,STU101101,Krishna Verma,Male,27,Bachelor,Employed,Bengaluru,Mobile,High,C101,Python Basics,Programming,Beginner,45,4.6,4,32,86.5,1,1.9,27,5,6.3,4,6,3,49.8,72.2,57.9,1,24-06-2025,Free,No,No,0,53,2,3,3.6,Not Completed,1,0,0,1,0,1,4,2
1102,STU101102,Vihaan Iyer,Male,29,Bachelor,Employed,Pune,Mobile,Low,C103,Introduction to AI,Programming,Intermediate,75,4.5,3,60,69.4,1,0.5,1,7,3.9,3,7,1,52.7,43.4,44.5,1,19-09-2024,Debit Card,Yes,No,5843,67,3,0,2.9,Not Completed,1,0,0,1,1,2,4,1
1103,STU101103,Vihaan Reddy,Female,23,Bachelor,Employed,Lucknow,Mobile,Medium,C104,Digital Marketing Essentials,Marketing,Beginner,30,4.3,3,37,93.1,2,0.5,21,6,6.6,3,7,5,70.9,45.8,52.9,1,19-05-2024,Free,No,No,0,41,1,0,3.8,Completed,0,0,0,1,2,1,2,2
1104,STU101104,Nikhil Verma,Male,24,Bachelor,Self-Employed,Lucknow,Laptop,Medium,C107,Statistics for Data Science,Math,Intermediate,50,4.2,5,45,77.5,5,0.5,16,9,7.3,4,6,3,82.9,73.2,54.8,10,08-11-2023,Free,No,Yes,0,36,3,0,5.0,Completed,1,0,1,0,2,2,3,2
1105,STU101105,Rohan Patel,Female,23,Bachelor,Employed,Bengaluru,Laptop,Medium,C104,Digital Marketing Essentials,Marketing,Beginner,30,4.3,6,27,70.7,1,3.4,0,7,7.7,3,7,5,55.3,70.9,46.3,2,29-03-2024,Debit Card,Yes,No,3288,55,7,0,5.0,Not Completed,0,0,0,0,2,1,2,1
1106,STU101106,Arjun Iyer,Male,22,HighSchool,Employed,Surat,Mobile,Medium,C101,Python Basics,Programming,Beginner,45,4.6,4,55,49.3,4,0.5,9,6,7.7,2,8,7,63.1,87.3,33.6,6,25-05-2025,Debit Card,Yes,No,4641,88,1,0,5.0,Not Completed,1,2,0,1,2,1,4,1
1107,STU101107,Arjun Patel,Female,17,Bachelor,Student,Bengaluru,Mobile,Medium,C102,Data Analysis with Python,Programming,Intermediate,60,4.7,2,17,96.9,1,0.5,1,4,6.2,5,5,3,94.1,85.5,68.2,4,18-04-2024,UPI,Yes,No,5208,88,2,0,4.4,Completed,0,0,2,1,2,2,4,5
1108,STU101108,Ritika Mehta,Male,21,Bachelor,Employed,Jaipur,Mobile,Low,C108,Excel for Business,Business,Beginner,25,4.1,5,21,43.4,3,0.5,3,6,4.6,5,5,0,73.2,67.7,48.6,0,30-07-2025,Free,No,No,0,75,0,0,3.9,Not Completed,1,0,0,1,1,1,0,2
1109,STU101109,Aarav Bose,Female,32,Diploma,Student,Indore,Tablet,Medium,C106,Machine Learning A-Z,Programming,Advanced,90,4.6,6,33,36.0,2,12.4,9,5,5.4,3,7,3,69.3,58.8,33.5,1,02-08-2024,UPI,Yes,No,5918,61,1,0,4.4,Not Completed,0,1,2,2,2,0,4,5
1110,STU101110,Aditya Singh,Female,25,HighSchool,Employed,Kolkata,Laptop,Medium,C105,UI/UX Design Fundamentals,Design,Beginner,40,4.4,7,23,20.5,3,6.5,2,1,10.0,7,2,2,45.8,60.4,52.2,2,10-02-2025,NetBanking,Yes,Yes,3466,72,3,1,4.8,Not Completed,0,2,0,0,2,1,1,3
1111,STU101111,Meera Verma,Female,32,Master,Student,Pune,Mobile,Medium,C107,Statistics for Data Science,Math,Intermediate,50,4.2,3,38,83.5,4,6.0,0,10,8.9,5,5,1,68.3,41.4,61.3,4,23-06-2025,UPI,Yes,No,4102,64,2,0,5.0,Not Completed,0,3,2,1,2,2,3,5
1112,STU101112,Arjun Desai,Female,32,Bachelor,Student,Jaipur,Laptop,Medium,C107,Statistics for Data Science,Math,Intermediate,50,4.2,3,44,41.1,3,8.4,3,5,6.3,2,7,4,85.2,72.9,30.0,0,20-04-2024,UPI,Yes,Yes,3641,53,5,0,5.0,Not Completed,0,0,2,0,2,2,3,5
1113,STU101113,Sakshi Iyer,Male,26,Master,Employed,Surat,Laptop,High,C102,Data Analysis with Python,Programming,Intermediate,60,4.7,7,37,79.3,2,0.5,4,5,5.2,5,5,0,64.8,56.5,60.6,1,18-09-2025,UPI,Yes,No,5384,46,3,1,3.1,Not Completed,1,3,0,0,0,2,4,5
1114,STU101114,Pooja Bose,Male,25,Bachelor,Student,Kolkata,Mobile,Medium,C105,UI/UX Design Fundamentals,Design,Beginner,40,4.4,8,49,25.1,0,9.7,8,6,7.7,3,7,5,90.0,68.8,30.2,1,26-12-2023,Free,No,No,0,53,3,0,5.0,Not Completed,1,0,2,1,2,1,1,2
1115,STU101115,Rohan Mehta,Male,22,Master,Employed,Chennai,Laptop,Medium,C101,Python Basics,Programming,Beginner,45,4.6,4,50,69.6,1,9.3,6,10,7.3,5,5,2,74.9,69.3,57.8,1,02-11-2023,Free,No,Yes,0,100,0,0,4.4,Not Completed,1,3,0,0,2,1,4,2
1116,STU101116,Krishna Gupta,Female,17,Bachelor,Employed,Nagpur,Laptop,High,C108,Excel for Business,Business,Beginner,25,4.1,4,40,39.0,2,0.5,0,7,7.3,5,5,4,55.9,64.9,46.9,4,16-09-2025,UPI,Yes,No,3366,74,3,0,5.0,Completed,0,0,0,0,0,1,0,5
1117,STU101117,Isha Shah,Male,35,Bachelor,Student,Bengaluru,Mobile,Medium,C105,UI/UX Design Fundamentals,Design,Beginner,40,4.4,8,19,71.1,3,4.4,7,2,6.4,7,3,9,49.5,86.6,71.2,4,15-04-2024,Debit Card,Yes,No,4075,77,3,0,4.2,Not Completed,1,0,2,1,2,1,1,1
1118,STU101118,Meera Bose,Female,22,HighSchool,Employed,Jaipur,Mobile,Medium,C105,UI/UX Design Fundamentals,Design,Beginner,40,4.4,3,45,64.4,1,0.5,6,7,10.0,5,5,3,72.4,66.3,55.8,5,13-04-2025,Free,No,No,0,79,2,0,4.9,Not Completed,0,2,0,1,2,1,1,2
1119,STU101119,Ritika Desai,Female,28,Master,Student,Delhi,Mobile,High,C101,Python Basics,Programming,Beginner,45,4.6,7,40,74.7,2,0.5,2,8,7.5,6,4,1,82.9,49.2,64.6,5,22-08-2025,NetBanking,Yes,No,4557,64,3,1,4.3,Completed,0,3,2,1,0,1,4,3
1120,STU101120,Arjun Bose,Female,17,Master,Student,Jaipur,Mobile,Medium,C104,Digital Marketing Essentials,Marketing,Beginner,30,4.3,8,40,54.0,3,0.6,5,4,4.5,6,4,5,69.6,85.5,59.2,2,18-10-2023,UPI,Yes,No,3464,68,7,1,5.0,Completed,0,3,2,1,2,1,2,5
1121,STU101121,Isha Gupta,Female,24,Bachelor,Employed,Chennai,Mobile,High,C103,Introduction to AI,Programming,Intermediate,75,4.5,3,5,79.6,3,1.6,18,1,4.4,6,4,3,75.6,77.8,67.7,1,30-11-2023,NetBanking,Yes,No,6010,58,3,1,5.0,Completed,0,0,0,1,0,2,4,3
1122,STU101122,Ritika Mehta,Male,32,Master,Employed,Pune,Mobile,Medium,C108,Excel for Business,Business,Beginner,25,4.1,2,34,19.7,5,0.5,0,6,5.7,0,10,2,77.5,65.4,10.2,2,21-02-2025,NetBanking,Yes,No,3383,88,5,0,5.0,Not Completed,1,3,0,1,2,1,0,3
1123,STU101123,Priya Joshi,Female,28,Bachelor,Student,Jaipur,Mobile,Medium,C107,Statistics for Data Science,Math,Intermediate,50,4.2,6,19,70.7,2,2.3,4,5,5.0,6,3,6,73.9,90.0,65.2,3,29-09-2025,Debit Card,Yes,No,4164,37,6,2,3.6,Not Completed,0,0,2,1,2,2,3,1
1124,STU101124,Nikhil Sharma,Male,17,Master,Employed,Chennai,Laptop,Medium,C101,Python Basics,Programming,Beginner,45,4.6,3,34,6.8,1,6.3,29,5,2.7,6,4,5,53.0,81.7,42.5,1,16-02-2025,Scholarship,No,Yes,500,71,4,2,3.8,Not Completed,1,3,0,0,2,1,4,4
1125,STU101125,Rohan Bose,Male,23,Diploma,Employed,Nagpur,Mobile,High,C101,Python Basics,Programming,Beginner,45,4.6,4,19,88.1,1,0.5,0,7,6.6,6,3,5,68.3,64.9,70.1,2,20-06-2025,NetBanking,Yes,Yes,3718,64,3,2,4.6,Not Completed,1,1,0,1,0,1,4,3
1126,STU101126,Rahul Mehta,Male,22,HighSchool,Student,Ahmedabad,Mobile,High,C102,Data Analysis with Python,Programming,Intermediate,60,4.7,5,29,37.2,4,1.8,2,6,6.9,4,6,6,71.4,60.1,40.0,2,24-10-2023,Scholarship,No,Yes,2362,76,0,0,4.8,Not Completed,1,2,2,1,0,2,4,4
1127,STU101127,Nikhil Gupta,Male,21,Bachelor,Student,Delhi,Mobile,Low,C104,Digital Marketing Essentials,Marketing,Beginner,30,4.3,6,29,67.2,1,4.7,3,2,5.9,4,6,3,75.2,68.2,50.9,1,04-11-2024,Free,No,No,0,71,2,0,4.5,Not Completed,1,0,2,1,1,1,2,2
1128,STU101128,Krishna Nair,Female,36,Diploma,Student,Vadodara,Mobile,High,C102,Data Analysis with Python,Programming,Intermediate,60,4.7,4,24,68.0,0,6.1,3,7,9.3,2,8,8,82.3,71.2,39.4,3,21-10-2024,NetBanking,Yes,No,5481,52,3,1,4.4,Completed,0,1,2,1,0,2,4,3
1129,STU101129,Vihaan Verma,Male,23,Bachelor,Employed,Chennai,Laptop,Medium,C105,UI/UX Design Fundamentals,Design,Beginner,40,4.4,7,34,35.9,3,0.5,10,4,7.2,6,4,3,99.9,86.7,52.9,2,02-07-2024,NetBanking,Yes,No,4186,100,4,1,3.9,Completed,1,0,0,0,2,1,1,3
1130,STU101130,Neha Shah,Female,33,Diploma,Student,Surat,Tablet,Medium,C103,Introduction to AI,Programming,Intermediate,75,4.5,6,22,63.9,2,0.5,3,1,7.3,4,6,5,69.6,74.1,50.1,2,25-10-2024,NetBanking,Yes,No,5970,64,2,1,5.0,Not Completed,0,1,2,2,2,2,4,3
1131,STU101131,Sakshi Kumar,Male,21,Master,Employed,Lucknow,Mobile,Medium,C103,Introduction to AI,Programming,Intermediate,75,4.5,4,44,67.8,2,5.2,3,4,4.9,3,7,5,73.4,67.5,45.1,1,12-05-2024,UPI,Yes,No,5178,69,2,0,4.8,Not Completed,1,3,0,1,2,2,4,5
1132,STU101132,Isha Gupta,Female,25,Bachelor,Employed,Vadodara,Mobile,Medium,C104,Digital Marketing Essentials,Marketing,Beginner,30,4.3,5,31,68.8,2,6.1,9,6,7.5,2,8,5,77.3,70.9,39.6,0,17-04-2024,UPI,Yes,No,3607,59,2,2,5.0,Not Completed,0,0,0,1,2,1,2,5
1133,STU101133,Sneha Gupta,Female,20,HighSchool,Employed,Surat,Laptop,High,C104,Digital Marketing Essentials,Marketing,Beginner,30,4.3,5,31,94.9,1,3.4,1,6,5.0,6,4,2,91.1,58.8,72.2,4,26-08-2024,Credit Card,Yes,Yes,2775,15,0,2,4.6,Not Completed,0,2,0,0,0,1,2,0
1134,STU101134,Nikhil Joshi,Male,32,Bachelor,Self-Employed,Vadodara,Mobile,Medium,C106,Machine Learning A-Z,Programming,Advanced,90,4.6,7,42,27.2,4,14.2,2,5,6.2,6,4,6,86.1,55.0,48.3,0,06-03-2024,UPI,Yes,No,6347,67,5,1,4.4,Not Completed,1,0,1,1,2,0,4,5
1135,STU101135,Vihaan Nair,Male,25,Bachelor,Student,Pune,Mobile,Medium,C103,Introduction to AI,Programming,Intermediate,75,4.5,2,18,82.8,2,0.5,8,5,6.4,5,5,5,86.4,90.5,63.5,5,02-10-2025,NetBanking,Yes,No,6296,61,3,2,3.6,Not Completed,1,0,2,1,2,2,4,3
1136,STU101136,Sai Sharma,Male,27,Bachelor,Student,Pune,Mobile,High,C104,Digital Marketing Essentials,Marketing,Beginner,30,4.3,5,64,48.4,3,2.9,2,4,5.9,4,6,3,72.5,70.2,44.4,3,27-09-2024,Credit Card,Yes,No,3831,69,7,1,3.7,Not Completed,1,0,2,1,0,1,2,0
1137,STU101137,Rahul Bhardwaj,Male,22,Bachelor,Student,Indore,Tablet,Medium,C106,Machine Learning A-Z,Programming,Advanced,90,4.6,10,57,75.2,3,9.2,2,4,7.5,5,5,7,86.9,69.2,59.8,2,09-12-2023,UPI,Yes,No,6766,98,1,0,5.0,Completed,1,0,2,2,2,0,4,5
1138,STU101138,Sai Mehta,Male,24,HighSchool,Student,Lucknow,Mobile,Medium,C101,Python Basics,Programming,Beginner,45,4.6,4,25,78.9,1,0.9,7,6,5.9,3,7,1,91.4,99.6,50.6,0,18-01-2024,UPI,Yes,Yes,3277,34,1,1,2.9,Completed,1,2,2,1,2,1,4,5
1139,STU101139,Arjun Reddy,Female,17,Bachelor,Student,Bhopal,Mobile,Medium,C105,UI/UX Design Fundamentals,Design,Beginner,40,4.4,7,26,56.2,0,7.2,2,5,5.3,3,7,5,67.0,41.7,39.8,4,15-01-2024,UPI,Yes,No,4395,72,2,1,4.6,Not Completed,0,0,2,1,2,1,1,5
1140,STU101140,Aditya Kumar,Female,23,HighSchool,Employed,Pune,Laptop,High,C103,Introduction to AI,Programming,Intermediate,75,4.5,3,38,18.1,2,0.5,15,1,6.6,4,5,3,83.3,60.1,33.3,1,01-07-2025,Credit Card,Yes,No,5425,86,1,2,5.0,Completed,0,2,0,0,0,2,4,0
1141,STU101141,Vivaan Nair,Male,30,Bachelor,Employed,Chennai,Laptop,High,C108,Excel for Business,Business,Beginner,25,4.1,5,44,89.3,3,1.7,2,8,8.1,4,6,3,64.4,58.6,58.2,2,30-11-2024,Free,No,No,0,54,2,0,3.8,Completed,1,0,0,0,0,1,0,2
1142,STU101142,Sakshi Iyer,Female,32,Bachelor,Self-Employed,Surat,Laptop,Low,C102,Data Analysis with Python,Programming,Intermediate,60,4.7,4,34,53.3,0,0.5,0,5,7.1,4,6,5,86.0,69.1,46.1,0,19-06-2025,Scholarship,No,No,2091,58,3,0,3.6,Completed,0,0,1,0,1,2,4,4
1143,STU101143,Vivaan Desai,Female,22,Bachelor,Self-Employed,Nagpur,Mobile,Medium,C102,Data Analysis with Python,Programming,Intermediate,60,4.7,4,43,58.2,2,4.3,3,8,7.8,4,6,6,56.3,81.5,48.4,2,06-03-2025,Scholarship,No,Yes,1259,89,1,1,3.8,Completed,0,0,1,1,2,2,4,4
1144,STU101144,Kavya Patel,Female,32,HighSchool,Student,Pune,Laptop,Medium,C107,Statistics for Data Science,Math,Intermediate,50,4.2,6,36,82.3,2,7.0,16,3,6.1,3,7,0,78.4,64.0,50.0,1,30-03-2025,NetBanking,Yes,No,4467,82,4,2,4.4,Not Completed,0,2,2,0,2,2,3,3
1145,STU101145,Ananya Singh,Male,24,HighSchool,Employed,Mumbai,Mobile,High,C107,Statistics for Data Science,Math,Intermediate,50,4.2,3,14,89.6,3,1.5,0,4,7.7,2,8,1,74.9,66.8,46.7,3,22-03-2025,UPI,Yes,Yes,4116,73,1,1,4.5,Completed,1,2,0,1,0,2,3,5
1146,STU101146,Ritika Nair,Female,17,Bachelor,Employed,Pune,Mobile,High,C105,UI/UX Design Fundamentals,Design,Beginner,40,4.4,1,28,65.9,0,2.1,6,4,9.8,5,5,7,78.5,85.5,57.3,2,06-09-2025,Debit Card,Yes,Yes,3166,34,2,1,4.8,Completed,0,0,0,1,0,1,1,1
1147,STU101147,Vivaan Joshi,Male,23,HighSchool,Student,Pune,Laptop,Medium,C105,UI/UX Design Fundamentals,Design,Beginner,40,4.4,10,27,46.4,0,7.0,3,6,1.9,2,8,2,65.0,68.9,31.7,3,26-03-2024,UPI,Yes,No,3941,55,1,1,4.5,Not Completed,1,2,2,0,2,1,1,5
1148,STU101148,Aditya Kumar,Male,27,Bachelor,Employed,Vadodara,Mobile,High,C103,Introduction to AI,Programming,Intermediate,75,4.5,4,36,50.6,3,11.4,1,5,7.9,5,4,9,82.4,70.7,51.2,7,01-09-2025,Free,No,No,0,59,1,1,5.0,Not Completed,1,0,0,1,0,2,4,2
1149,STU101149,Priya Mehta,Male,19,HighSchool,Employed,Jaipur,Mobile,Medium,C102,Data Analysis with Python,Programming,Intermediate,60,4.7,4,21,51.6,2,0.5,20,4,5.8,5,5,5,84.7,74.6,51.8,1,01-11-2023,Free,No,No,0,59,1,2,4.6,Completed,1,2,0,1,2,2,4,2
1150,STU101150,Aditya Bose,Male,32,Bachelor,Self-Employed,Delhi,Laptop,Medium,C104,Digital Marketing Essentials,Marketing,Beginner,30,4.3,6,37,73.2,3,8.2,7,6,8.3,3,7,3,71.7,66.0,46.9,4,11-05-2025,Credit Card,Yes,Yes,3239,77,2,1,4.2,Not Completed,1,0,1,0,2,1,2,0
1151,STU101151,Nikhil Joshi,Female,28,Master,Employed,Hyderabad,Laptop,High,C108,Excel for Business,Business,Beginner,25,4.1,3,24,50.4,2,0.5,0,7,4.1,6,4,2,53.1,54.0,56.4,1,26-07-2024,Debit Card,Yes,No,3216,31,2,0,3.7,Completed,0,3,0,0,0,1,0,1
1152,STU101152,Rohan Bhardwaj,Male,32,Master,Student,Pune,Laptop,Medium,C104,Digital Marketing Essentials,Marketing,Beginner,30,4.3,7,50,99.5,2,12.0,0,4,5.0,6,4,3,61.3,75.6,74.6,2,03-12-2024,UPI,Yes,No,3559,83,4,0,3.4,Completed,1,3,2,0,2,1,2,5
1153,STU101153,Nikhil Patel,Female,24,Diploma,Student,Ahmedabad,Tablet,Medium,C102,Data Analysis with Python,Programming,Intermediate,60,4.7,5,20,50.2,4,12.1,2,6,6.3,6,4,3,79.1,78.8,57.5,3,18-03-2025,Debit Card,Yes,No,4871,95,3,1,5.0,Completed,0,1,2,2,2,2,4,1
1154,STU101154,Vihaan Gupta,Female,28,Bachelor,Employed,Delhi,Mobile,Medium,C104,Digital Marketing Essentials,Marketing,Beginner,30,4.3,5,26,40.7,2,0.5,13,7,2.6,6,4,6,81.1,50.7,52.8,1,29-09-2024,Credit Card,Yes,No,3592,43,3,0,4.7,Completed,0,0,0,1,2,1,2,0
1155,STU101155,Vihaan Desai,Male,26,Bachelor,Student,Surat,Mobile,Medium,C108,Excel for Business,Business,Beginner,25,4.1,9,51,80.9,5,10.2,1,2,5.3,4,6,4,74.3,61.3,55.4,3,19-04-2025,Free,No,No,0,88,5,0,3.9,Completed,1,0,2,1,2,1,0,2
1156,STU101156,Nikhil Kumar,Female,20,Bachelor,Employed,Indore,Mobile,High,C103,Introduction to AI,Programming,Intermediate,75,4.5,6,31,53.5,7,12.9,15,3,6.1,5,5,4,75.6,58.1,51.6,4,06-11-2024,Debit Card,Yes,Yes,5033,54,2,0,4.3,Completed,0,0,0,1,0,2,4,1
1157,STU101157,Nikhil Reddy,Male,18,Diploma,Student,Vadodara,Tablet,Medium,C102,Data Analysis with Python,Programming,Intermediate,60,4.7,2,43,43.6,3,8.4,8,6,5.7,7,3,6,76.0,96.1,62.1,1,28-09-2024,Free,No,Yes,0,95,1,1,4.5,Completed,1,1,2,2,2,2,4,2
1158,STU101158,Kavya Iyer,Female,23,Diploma,Student,Kolkata,Mobile,Low,C108,Excel for Business,Business,Beginner,25,4.1,2,23,75.6,4,5.3,5,3,10.0,6,4,4,97.9,78.0,66.3,2,14-11-2023,Free,No,No,0,46,3,0,3.9,Completed,0,1,2,1,1,1,0,2
1159,STU101159,Meera Sharma,Female,31,Master,Student,Ahmedabad,Tablet,Medium,C101,Python Basics,Programming,Beginner,45,4.6,6,38,74.2,2,5.3,2,6,4.9,3,7,5,82.0,72.0,47.6,1,26-07-2025,UPI,Yes,No,4048,72,1,0,3.7,Completed,0,3,2,2,2,1,4,5
1160,STU101160,Rohan Iyer,Female,28,Bachelor,Employed,Indore,Mobile,Medium,C102,Data Analysis with Python,Programming,Intermediate,60,4.7,7,19,65.8,7,12.6,7,8,4.7,5,5,1,76.0,91.6,57.6,2,04-09-2024,Credit Card,Yes,No,5236,69,2,2,5.0,Completed,0,0,0,1,2,2,4,0
1161,STU101161,Isha Joshi,Female,17,Bachelor,Student,Surat,Laptop,Medium,C104,Digital Marketing Essentials,Marketing,Beginner,30,4.3,5,37,56.7,3,0.5,0,9,5.9,5,5,1,67.0,78.8,53.8,4,03-10-2025,Free,No,No,0,59,2,1,3.5,Not Completed,0,0,2,0,2,1,2,2
1162,STU101162,Neha Singh,Female,25,Bachelor,Student,Ahmedabad,Mobile,High,C101,Python Basics,Programming,Beginner,45,4.6,2,16,41.4,0,0.5,10,1,4.1,1,9,1,57.2,42.7,22.6,2,05-09-2025,Debit Card,Yes,No,4663,21,2,3,5.0,Not Completed,0,0,2,1,0,1,4,1
1163,STU101163,Pooja Sharma,Female,29,Bachelor,Student,Surat,Mobile,Medium,C108,Excel for Business,Business,Beginner,25,4.1,4,36,71.8,1,5.0,19,6,8.6,5,5,4,66.5,81.6,59.2,2,15-02-2025,Credit Card,Yes,No,3382,80,2,0,4.0,Completed,0,0,2,1,2,1,0,0
1164,STU101164,Pooja Joshi,Female,24,Bachelor,Employed,Pune,Mobile,Medium,C108,Excel for Business,Business,Beginner,25,4.1,5,19,34.4,2,0.5,4,4,7.3,5,5,4,68.8,58.7,45.0,1,18-07-2024,Scholarship,No,No,961,100,0,0,4.0,Completed,0,0,0,1,2,1,0,4
1165,STU101165,Sai Nair,Male,25,Master,Employed,Lucknow,Mobile,Medium,C108,Excel for Business,Business,Beginner,25,4.1,3,52,75.3,1,2.8,2,7,6.4,2,8,1,70.5,66.0,41.7,3,28-04-2024,Debit Card,Yes,No,3070,98,0,4,5.0,Not Completed,1,3,0,1,2,1,0,1
1166,STU101166,Meera Nair,Male,33,HighSchool,Student,Pune,Mobile,Medium,C102,Data Analysis with Python,Programming,Intermediate,60,4.7,4,25,46.9,6,4.3,0,2,4.8,7,3,7,77.2,76.5,62.2,3,20-06-2024,Free,No,No,0,100,4,2,4.1,Not Completed,1,2,2,1,2,2,4,2
1167,STU101167,Neha Singh,Male,29,Master,Employed,Pune,Mobile,High,C102,Data Analysis with Python,Programming,Intermediate,60,4.7,3,26,38.1,1,5.7,12,1,8.0,4,6,3,53.6,37.1,39.2,0,28-06-2024,Debit Card,Yes,Yes,4430,63,0,0,3.5,Not Completed,1,3,0,1,0,2,4,1
1168,STU101168,Sakshi Joshi,Male,30,PhD,Student,Bengaluru,Mobile,High,C107,Statistics for Data Science,Math,Intermediate,50,4.2,4,38,50.8,3,0.5,13,5,6.7,5,5,2,78.0,87.2,52.1,1,16-02-2024,UPI,Yes,No,4812,83,2,1,4.8,Completed,1,4,2,1,0,2,3,5
1169,STU101169,Aditya Iyer,Male,17,Bachelor,Employed,Lucknow,Laptop,Low,C104,Digital Marketing Essentials,Marketing,Beginner,30,4.3,6,56,83.3,0,5.2,2,3,4.2,5,5,5,89.5,73.6,62.8,2,23-10-2023,Credit Card,Yes,No,3688,57,2,0,3.9,Not Completed,1,0,0,0,1,1,2,0
1170,STU101170,Rahul Patel,Male,21,Diploma,Student,Nagpur,Mobile,Medium,C104,Digital Marketing Essentials,Marketing,Beginner,30,4.3,6,34,82.9,4,12.0,1,4,5.8,4,6,5,56.7,54.4,55.7,4,13-07-2025,Scholarship,No,No,1114,67,3,0,3.7,Completed,1,1,2,1,2,1,2,4
1171,STU101171,Pooja Reddy,Male,31,Bachelor,Employed,Bhopal,Laptop,Medium,C108,Excel for Business,Business,Beginner,25,4.1,9,25,57.9,2,0.5,4,7,10.0,3,7,3,62.9,51.7,40.9,4,27-05-2025,Scholarship,No,No,1287,75,0,1,4.0,Not Completed,1,0,0,0,2,1,0,4
1172,STU101172,Neha Reddy,Male,19,Bachelor,Employed,Bengaluru,Mobile,High,C108,Excel for Business,Business,Beginner,25,4.1,4,23,55.5,4,3.6,9,5,7.3,4,6,4,70.3,50.5,45.9,3,23-03-2025,NetBanking,Yes,Yes,2616,22,2,0,4.1,Not Completed,1,0,0,1,0,1,0,3
1173,STU101173,Neha Mehta,Female,35,Master,Student,Pune,Mobile,Medium,C106,Machine Learning A-Z,Programming,Advanced,90,4.6,4,47,49.5,5,1.7,3,5,8.2,7,3,6,70.0,81.7,63.4,0,25-02-2024,Free,No,No,0,93,4,1,4.5,Not Completed,0,3,2,1,2,0,4,2
1174,STU101174,Vivaan Gupta,Male,37,Bachelor,Employed,Vadodara,Laptop,Medium,C103,Introduction to AI,Programming,Intermediate,75,4.5,3,23,74.7,4,1.9,11,3,9.1,5,4,2,74.7,69.5,59.6,3,22-04-2025,Credit Card,Yes,No,5231,48,2,0,4.6,Completed,1,0,0,0,2,2,4,0
1175,STU101175,Vivaan Gupta,Female,20,Bachelor,Student,Hyderabad,Laptop,Low,C103,Introduction to AI,Programming,Intermediate,75,4.5,5,40,64.9,2,3.5,27,3,2.5,5,5,6,68.1,63.5,55.9,1,18-09-2025,NetBanking,Yes,No,5358,63,4,1,4.2,Not Completed,0,0,2,0,1,2,4,3
1176,STU101176,Sai Reddy,Male,40,HighSchool,Student,Delhi,Mobile,Medium,C106,Machine Learning A-Z,Programming,Advanced,90,4.6,5,26,28.6,2,0.5,7,8,2.8,4,6,3,78.7,49.1,36.5,2,30-01-2025,Debit Card,Yes,Yes,6064,89,2,0,4.6,Not Completed,1,2,2,1,2,0,4,1
1177,STU101177,Pooja Nair,Female,29,Diploma,Student,Mumbai,Laptop,Low,C101,Python Basics,Programming,Beginner,45,4.6,2,24,53.4,3,7.0,0,5,7.2,2,8,6,53.9,73.0,34.4,3,19-05-2024,Free,No,No,0,51,1,1,5.0,Not Completed,0,1,2,0,1,1,4,2
1178,STU101178,Priya Bhardwaj,Male,35,Bachelor,Student,Delhi,Laptop,Medium,C103,Introduction to AI,Programming,Intermediate,75,4.5,7,41,63.3,5,0.5,11,3,6.2,8,2,2,100.0,63.5,73.3,1,05-07-2025,NetBanking,Yes,No,5354,92,7,0,2.4,Completed,1,0,2,0,2,2,4,3
1179,STU101179,Neha Verma,Female,21,Bachelor,Student,Surat,Laptop,Medium,C102,Data Analysis with Python,Programming,Intermediate,60,4.7,5,29,69.5,5,0.5,6,7,8.1,6,4,3,66.1,63.9,63.5,1,18-07-2024,Credit Card,Yes,No,4567,57,5,0,4.3,Not Completed,0,0,2,0,2,2,4,0
1180,STU101180,Meera Bhardwaj,Female,35,Bachelor,Employed,Hyderabad,Mobile,High,C103,Introduction to AI,Programming,Intermediate,75,4.5,5,51,72.1,0,0.5,1,7,5.8,3,7,3,86.9,58.4,46.2,3,10-03-2025,UPI,Yes,Yes,5263,80,1,0,4.2,Completed,0,0,0,1,0,2,4,5
1181,STU101181,Isha Singh,Male,17,Bachelor,Student,Chennai,Mobile,High,C106,Machine Learning A-Z,Programming,Advanced,90,4.6,4,21,91.1,2,0.7,7,7,4.0,6,4,2,57.2,53.0,70.5,1,01-11-2024,UPI,Yes,No,6379,59,2,0,3.7,Not Completed,1,0,2,1,0,0,4,5
1182,STU101182,Sneha Shah,Female,23,Bachelor,Employed,Chennai,Laptop,Medium,C102,Data Analysis with Python,Programming,Intermediate,60,4.7,4,27,82.2,3,0.5,3,4,3.5,4,6,3,76.2,46.3,55.1,1,18-04-2024,Free,No,No,0,73,0,2,3.7,Not Completed,0,0,0,0,2,2,4,2
1183,STU101183,Nikhil Verma,Male,24,Bachelor,Student,Jaipur,Mobile,Medium,C106,Machine Learning A-Z,Programming,Advanced,90,4.6,3,48,67.9,1,4.7,6,5,8.4,3,7,3,59.6,71.7,45.3,2,27-01-2024,NetBanking,Yes,No,6967,31,8,0,3.1,Not Completed,1,0,2,1,2,0,4,3
1184,STU101184,Neha Desai,Female,23,HighSchool,Student,Pune,Laptop,Medium,C104,Digital Marketing Essentials,Marketing,Beginner,30,4.3,6,59,66.2,2,0.5,0,9,7.3,6,4,6,70.4,61.2,62.2,2,10-11-2024,NetBanking,Yes,No,3289,89,2,1,5.0,Not Completed,0,2,2,0,2,1,2,3
1185,STU101185,Krishna Verma,Female,30,Master,Unemployed,Vadodara,Mobile,High,C108,Excel for Business,Business,Beginner,25,4.1,4,36,75.0,4,8.6,1,4,9.9,5,5,1,62.6,71.2,59.8,0,18-03-2024,Scholarship,No,Yes,712,48,4,1,4.1,Not Completed,0,3,3,1,0,1,0,4
1186,STU101186,Meera Desai,Male,34,Bachelor,Student,Mumbai,Tablet,Low,C102,Data Analysis with Python,Programming,Intermediate,60,4.7,6,27,60.2,5,3.6,6,6,6.0,7,3,2,80.7,51.4,65.6,3,11-03-2025,Credit Card,Yes,No,5213,26,1,0,4.6,Completed,1,0,2,2,1,2,4,0
1187,STU101187,Arjun Bose,Female,35,Bachelor,Employed,Nagpur,Laptop,High,C105,UI/UX Design Fundamentals,Design,Beginner,40,4.4,5,43,68.4,5,9.1,2,1,6.9,6,4,5,79.0,72.6,63.6,7,15-04-2025,Debit Card,Yes,Yes,3211,63,1,0,3.8,Not Completed,0,0,0,0,0,1,1,1
1188,STU101188,Pooja Desai,Female,24,Bachelor,Student,Kolkata,Laptop,High,C102,Data Analysis with Python,Programming,Intermediate,60,4.7,4,41,82.3,2,0.5,0,8,8.4,7,3,4,81.6,95.3,75.6,0,14-05-2025,Free,No,No,0,63,2,0,5.0,Completed,0,0,2,0,0,2,4,2
1189,STU101189,Nikhil Patel,Female,27,Bachelor,Employed,Chennai,Laptop,High,C101,Python Basics,Programming,Beginner,45,4.6,7,43,92.9,4,4.4,1,9,5.6,4,6,4,60.5,74.0,60.2,1,01-04-2024,Free,No,No,0,58,4,0,4.9,Not Completed,0,0,0,0,0,1,4,2
1190,STU101190,Vivaan Singh,Male,20,Bachelor,Self-Employed,Nagpur,Mobile,High,C102,Data Analysis with Python,Programming,Intermediate,60,4.7,5,28,45.7,4,4.9,0,4,8.8,5,5,4,64.4,49.4,48.5,5,22-07-2025,UPI,Yes,No,4932,38,1,0,5.0,Not Completed,1,0,1,1,0,2,4,5
1191,STU101191,Vihaan Reddy,Female,34,Bachelor,Employed,Indore,Laptop,Medium,C103,Introduction to AI,Programming,Intermediate,75,4.5,6,27,71.4,2,3.7,4,3,6.7,4,6,9,58.1,71.0,52.5,3,20-10-2024,UPI,Yes,No,5818,48,2,2,4.4,Completed,0,0,0,0,2,2,4,5
1192,STU101192,Sneha Gupta,Male,29,Bachelor,Unemployed,Surat,Laptop,High,C108,Excel for Business,Business,Beginner,25,4.1,7,40,81.1,6,2.2,6,6,8.9,3,7,4,76.8,64.1,49.6,4,06-07-2024,Credit Card,Yes,No,2969,99,4,1,5.0,Not Completed,1,0,3,0,0,1,0,0
1193,STU101193,Sneha Patel,Male,17,Master,Unemployed,Chennai,Mobile,High,C101,Python Basics,Programming,Beginner,45,4.6,4,22,76.0,2,6.3,1,5,10.0,7,3,4,51.5,64.2,71.8,3,11-09-2025,Credit Card,Yes,No,3946,51,2,1,5.0,Not Completed,1,3,3,1,0,1,4,0
1194,STU101194,Sakshi Singh,Female,21,Bachelor,Student,Jaipur,Laptop,Medium,C104,Digital Marketing Essentials,Marketing,Beginner,30,4.3,4,37,48.4,0,0.5,0,3,6.3,2,8,4,57.5,34.6,30.7,2,11-08-2025,Free,No,No,0,79,2,1,4.4,Not Completed,0,0,2,0,2,1,2,2
1195,STU101195,Rahul Verma,Male,31,Bachelor,Student,Vadodara,Laptop,Medium,C102,Data Analysis with Python,Programming,Intermediate,60,4.7,7,39,86.7,5,9.2,10,10,1.3,4,6,5,69.1,73.0,58.0,2,13-09-2024,Free,No,Yes,0,100,1,0,5.0,Not Completed,1,0,2,0,2,2,4,2
1196,STU101196,Ritika Reddy,Male,18,Bachelor,Student,Vadodara,Laptop,High,C106,Machine Learning A-Z,Programming,Advanced,90,4.6,3,25,46.0,3,7.4,1,6,5.2,5,5,8,59.9,51.4,48.7,3,05-01-2024,Free,No,Yes,0,43,2,0,3.9,Not Completed,1,0,2,0,0,0,4,2
1197,STU101197,Priya Bhardwaj,Male,24,Bachelor,Student,Ahmedabad,Mobile,Medium,C104,Digital Marketing Essentials,Marketing,Beginner,30,4.3,6,40,39.6,2,0.6,1,1,4.2,7,3,5,83.5,97.3,60.7,6,13-03-2024,NetBanking,Yes,No,3402,87,3,0,4.6,Completed,1,0,2,1,2,1,2,3
1198,STU101198,Sai Iyer,Male,17,Master,Employed,Vadodara,Mobile,High,C108,Excel for Business,Business,Beginner,25,4.1,6,28,74.4,3,0.5,10,3,7.0,4,6,3,71.2,74.6,53.8,3,21-12-2024,UPI,Yes,No,3098,38,1,3,2.6,Not Completed,1,3,0,1,0,1,0,5
1199,STU101199,Sakshi Bhardwaj,Female,25,Bachelor,Student,Chennai,Tablet,Medium,C107,Statistics for Data Science,Math,Intermediate,50,4.2,3,26,30.8,3,2.5,8,5,6.4,7,3,4,78.2,73.6,56.4,1,29-12-2023,Free,No,No,0,63,3,0,2.7,Completed,0,0,2,2,2,2,3,2
1200,STU101200,Aditya Verma,Male,21,Bachelor,Employed,Hyderabad,Mobile,High,C102,Data Analysis with Python,Programming,Intermediate,60,4.7,6,45,39.6,2,0.5,8,6,10.0,6,4,3,91.4,66.4,53.2,5,05-09-2024,Free,No,No,0,100,2,0,3.3,Completed,1,0,0,1,0,2,4,2
1201,STU101201,Ananya Nair,Male,30,Master,Student,Ahmedabad,Laptop,High,C105,UI/UX Design Fundamentals,Design,Beginner,40,4.4,4,47,69.7,3,0.5,10,3,4.6,1,9,4,89.2,80.6,34.4,2,24-11-2024,NetBanking,Yes,No,4060,36,1,0,4.1,Not Completed,1,3,2,0,0,1,1,3
1202,STU101202,Neha Bose,Female,32,Bachelor,Student,Kolkata,Mobile,Medium,C107,Statistics for Data Science,Math,Intermediate,50,4.2,5,40,86.1,1,0.5,9,6,3.5,5,5,9,74.0,66.6,63.5,3,22-10-2024,Debit Card,Yes,No,4840,68,1,0,4.4,Completed,0,0,2,1,2,2,3,1
1203,STU101203,Nikhil Gupta,Female,27,Bachelor,Self-Employed,Kolkata,Laptop,High,C103,Introduction to AI,Programming,Intermediate,75,4.5,4,32,81.1,3,10.1,11,6,8.6,6,4,5,88.1,40.7,66.4,1,22-04-2024,UPI,Yes,No,6107,28,2,0,3.9,Completed,0,0,1,0,0,2,4,5
1204,STU101204,Aarav Verma,Male,28,Bachelor,Employed,Indore,Mobile,High,C102,Data Analysis with Python,Programming,Intermediate,60,4.7,3,29,62.9,3,2.9,11,4,5.9,6,4,4,73.6,47.3,60.4,7,30-06-2024,UPI,Yes,No,5113,50,2,0,3.8,Not Completed,1,0,0,1,0,2,4,5
1205,STU101205,Aditya Singh,Female,25,HighSchool,Employed,Bengaluru,Mobile,High,C103,Introduction to AI,Programming,Intermediate,75,4.5,2,35,77.5,2,4.8,11,5,4.0,6,4,2,75.8,53.0,65.8,2,22-01-2024,UPI,Yes,No,5975,48,2,2,4.0,Completed,0,2,0,1,0,2,4,5
1206,STU101206,Aditya Bose,Female,27,Bachelor,Self-Employed,Bhopal,Mobile,High,C104,Digital Marketing Essentials,Marketing,Beginner,30,4.3,5,41,74.1,6,0.5,0,8,6.9,4,6,7,78.1,61.5,53.0,1,11-12-2023,Free,No,No,0,66,0,0,4.4,Completed,0,0,1,1,0,1,2,2
1207,STU101207,Aarav Desai,Female,17,Bachelor,Employed,Chennai,Mobile,Medium,C104,Digital Marketing Essentials,Marketing,Beginner,30,4.3,7,24,91.6,2,2.1,6,6,5.8,2,8,3,80.7,69.9,47.6,4,10-01-2024,UPI,Yes,No,3673,64,2,1,4.6,Completed,0,0,0,1,2,1,2,5
1208,STU101208,Vihaan Kumar,Female,17,Bachelor,Unemployed,Jaipur,Mobile,High,C101,Python Basics,Programming,Beginner,45,4.6,4,17,21.8,3,4.9,7,2,2.1,4,6,5,86.0,56.9,34.5,1,17-08-2025,UPI,Yes,Yes,3310,100,1,1,3.7,Not Completed,0,0,3,1,0,1,4,5
1209,STU101209,Priya Kumar,Female,17,Bachelor,Employed,Pune,Mobile,High,C102,Data Analysis with Python,Programming,Intermediate,60,4.7,4,25,94.4,1,0.5,9,4,2.3,5,5,4,79.7,63.6,66.2,2,02-08-2024,NetBanking,Yes,No,5360,81,2,0,5.0,Completed,0,0,0,1,0,2,4,3
1210,STU101210,Kavya Iyer,Male,36,Bachelor,Student,Bengaluru,Mobile,Medium,C101,Python Basics,Programming,Beginner,45,4.6,9,38,80.3,1,2.3,12,2,9.2,4,6,4,50.1,80.2,56.1,3,08-04-2024,UPI,Yes,Yes,3419,59,2,2,5.0,Completed,1,0,2,1,2,1,4,5
1211,STU101211,Aarav Patel,Female,27,HighSchool,Employed,Lucknow,Laptop,Medium,C103,Introduction to AI,Programming,Intermediate,75,4.5,6,12,50.2,3,3.9,4,5,4.3,6,4,1,83.1,78.5,57.5,3,14-09-2024,NetBanking,Yes,No,5931,62,1,3,3.8,Completed,0,2,0,0,2,2,4,3
1212,STU101212,Meera Reddy,Male,29,HighSchool,Student,Nagpur,Mobile,Medium,C104,Digital Marketing Essentials,Marketing,Beginner,30,4.3,4,29,52.0,3,13.0,4,4,8.9,4,6,6,73.2,75.3,46.0,1,21-07-2024,Credit Card,Yes,No,3177,56,3,1,3.7,Completed,1,2,2,1,2,1,2,0
1213,STU101213,Rahul Reddy,Female,24,Master,Employed,Bengaluru,Tablet,Low,C108,Excel for Business,Business,Beginner,25,4.1,2,42,81.7,1,0.5,0,3,6.3,3,7,2,73.8,85.3,50.9,5,30-09-2025,Scholarship,No,No,967,63,2,0,4.6,Not Completed,0,3,0,2,1,1,0,4
1214,STU101214,Rahul Verma,Female,28,Master,Employed,Jaipur,Laptop,Low,C105,UI/UX Design Fundamentals,Design,Beginner,40,4.4,3,30,74.3,0,0.5,3,8,6.8,0,10,3,78.6,80.4,30.0,0,24-07-2025,UPI,Yes,No,4184,85,1,2,4.5,Not Completed,0,3,0,0,1,1,1,5
1215,STU101215,Nikhil Mehta,Male,18,Master,Self-Employed,Surat,Mobile,High,C105,UI/UX Design Fundamentals,Design,Beginner,40,4.4,4,17,86.5,0,6.6,14,2,6.0,2,8,1,57.6,57.4,45.2,2,15-04-2025,Free,No,No,0,77,3,0,3.9,Not Completed,1,3,1,1,0,1,1,2
1216,STU101216,Ananya Bose,Male,21,Master,Employed,Hyderabad,Mobile,Medium,C104,Digital Marketing Essentials,Marketing,Beginner,30,4.3,5,40,92.8,2,8.5,4,1,3.2,1,9,3,89.4,29.6,40.0,7,05-06-2024,Debit Card,Yes,No,3277,88,3,1,4.3,Not Completed,1,3,0,1,2,1,2,1
1217,STU101217,Aditya Reddy,Female,27,HighSchool,Student,Ahmedabad,Laptop,Medium,C103,Introduction to AI,Programming,Intermediate,75,4.5,6,32,76.9,3,2.2,4,6,3.5,4,5,1,38.3,92.1,55.5,0,09-07-2024,UPI,Yes,No,6120,76,1,1,4.3,Completed,0,2,2,0,2,2,4,5
1218,STU101218,Arjun Kumar,Male,22,Master,Student,Mumbai,Laptop,High,C101,Python Basics,Programming,Beginner,45,4.6,6,40,50.8,7,0.5,3,4,3.5,2,8,2,69.2,72.5,33.4,1,04-03-2024,UPI,Yes,No,4128,41,3,2,4.1,Completed,1,3,2,0,0,1,4,5
1219,STU101219,Sneha Kumar,Female,28,Bachelor,Student,Kolkata,Mobile,High,C104,Digital Marketing Essentials,Marketing,Beginner,30,4.3,5,37,87.2,2,0.5,35,6,4.8,7,3,4,60.9,63.9,75.7,0,20-09-2025,UPI,Yes,No,3731,100,2,1,4.3,Completed,0,0,2,1,0,1,2,5
1220,STU101220,Meera Desai,Female,20,Bachelor,Employed,Kolkata,Mobile,Medium,C102,Data Analysis with Python,Programming,Intermediate,60,4.7,5,29,58.1,2,4.8,5,7,6.6,3,7,1,56.8,47.9,40.7,1,30-12-2024,Debit Card,Yes,No,5050,68,2,2,4.9,Completed,0,0,0,1,2,2,4,1
1221,STU101221,Ananya Bhardwaj,Female,17,Bachelor,Student,Pune,Mobile,High,C107,Statistics for Data Science,Math,Intermediate,50,4.2,3,38,92.9,2,3.7,3,5,4.6,6,3,7,71.7,81.4,72.6,3,30-04-2025,UPI,Yes,No,4441,64,4,0,5.0,Completed,0,0,2,1,0,2,3,5
1222,STU101222,Sneha Singh,Male,32,Master,Student,Chennai,Laptop,High,C108,Excel for Business,Business,Beginner,25,4.1,4,20,57.5,1,0.5,2,2,4.7,3,7,3,82.1,48.6,40.6,5,06-01-2025,UPI,Yes,No,3521,81,1,2,4.1,Completed,1,3,2,0,0,1,0,5
1223,STU101223,Priya Singh,Male,21,Bachelor,Employed,Bengaluru,Laptop,High,C106,Machine Learning A-Z,Programming,Advanced,90,4.6,2,19,51.9,6,0.5,0,8,7.3,4,6,0,95.9,75.1,45.9,2,08-08-2025,UPI,Yes,No,6498,89,0,2,3.9,Not Completed,1,0,0,0,0,0,4,5
1224,STU101224,Priya Shah,Male,27,Bachelor,Student,Chennai,Laptop,High,C102,Data Analysis with Python,Programming,Intermediate,60,4.7,6,24,70.8,4,2.4,0,5,6.9,8,1,6,86.2,71.5,76.4,3,06-01-2024,UPI,Yes,Yes,3911,77,4,1,5.0,Completed,1,0,2,0,0,2,4,5
1225,STU101225,Isha Iyer,Female,28,Diploma,Student,Pune,Laptop,Medium,C104,Digital Marketing Essentials,Marketing,Beginner,30,4.3,3,19,46.7,5,3.6,6,6,7.0,6,3,6,77.1,65.8,55.6,3,05-07-2025,NetBanking,Yes,Yes,3117,50,1,1,4.0,Not Completed,0,1,2,0,2,1,2,3
1226,STU101226,Neha Kumar,Female,22,HighSchool,Student,Lucknow,Laptop,Medium,C106,Machine Learning A-Z,Programming,Advanced,90,4.6,5,32,33.8,4,0.5,7,6,8.7,7,3,1,59.4,82.4,57.9,2,18-07-2024,NetBanking,Yes,No,7139,61,2,0,4.7,Not Completed,0,2,2,0,2,0,4,3
1227,STU101227,Isha Singh,Male,34,Master,Employed,Nagpur,Laptop,Low,C101,Python Basics,Programming,Beginner,45,4.6,3,47,28.2,5,2.6,9,4,6.6,3,7,3,70.5,45.2,30.1,0,04-03-2024,Credit Card,Yes,No,4019,91,0,1,4.3,Not Completed,1,3,0,0,1,1,4,0
1228,STU101228,Ananya Sharma,Female,27,Bachelor,Student,Lucknow,Mobile,Medium,C104,Digital Marketing Essentials,Marketing,Beginner,30,4.3,5,15,66.9,6,4.8,0,3,3.2,6,3,3,66.5,79.8,63.4,3,22-01-2025,UPI,Yes,No,3778,99,2,0,4.3,Completed,0,0,2,1,2,1,2,5
1229,STU101229,Neha Nair,Male,22,Diploma,Student,Jaipur,Laptop,Medium,C104,Digital Marketing Essentials,Marketing,Beginner,30,4.3,6,34,38.6,1,4.0,6,8,5.9,7,3,3,76.5,64.9,58.7,3,09-09-2024,NetBanking,Yes,No,3405,52,4,1,4.3,Not Completed,1,1,2,0,2,1,2,3
1230,STU101230,Aarav Verma,Male,36,PhD,Employed,Mumbai,Mobile,Medium,C108,Excel for Business,Business,Beginner,25,4.1,6,36,33.3,1,2.0,0,3,7.3,3,7,3,70.5,79.1,33.6,5,08-11-2023,UPI,Yes,No,3215,69,2,1,5.0,Not Completed,1,4,0,1,2,1,0,5
1231,STU101231,Sai Sharma,Male,29,Bachelor,Employed,Ahmedabad,Laptop,Low,C102,Data Analysis with Python,Programming,Intermediate,60,4.7,2,28,52.2,2,4.9,0,7,8.4,4,6,3,64.6,56.4,45.1,2,07-01-2025,Credit Card,Yes,No,5410,48,1,2,5.0,Completed,1,0,0,0,1,2,4,0
1232,STU101232,Aarav Singh,Male,18,Master,Student,Delhi,Laptop,High,C101,Python Basics,Programming,Beginner,45,4.6,5,22,33.1,3,4.1,21,4,4.4,2,8,5,84.9,85.3,27.9,6,05-03-2025,UPI,Yes,No,3949,32,3,2,4.5,Not Completed,1,3,2,0,0,1,4,5
1233,STU101233,Krishna Joshi,Female,20,Bachelor,Student,Chennai,Mobile,High,C102,Data Analysis with Python,Programming,Intermediate,60,4.7,2,39,53.3,3,0.5,0,2,3.3,5,5,2,74.3,53.7,51.3,1,10-03-2025,UPI,Yes,No,4803,50,4,0,3.6,Not Completed,0,0,2,1,0,2,4,5
1234,STU101234,Sneha Reddy,Female,22,Bachelor,Student,Indore,Laptop,Medium,C107,Statistics for Data Science,Math,Intermediate,50,4.2,5,55,58.0,2,2.1,7,2,8.0,4,6,1,83.5,74.4,48.0,5,19-09-2024,UPI,Yes,No,4618,91,4,1,3.4,Completed,0,0,2,0,2,2,3,5
1235,STU101235,Aditya Shah,Male,34,Bachelor,Employed,Vadodara,Laptop,Medium,C108,Excel for Business,Business,Beginner,25,4.1,8,22,75.4,3,13.1,3,7,7.6,4,6,5,46.8,89.0,54.8,3,13-12-2023,UPI,Yes,No,3525,100,4,2,4.3,Not Completed,1,0,0,0,2,1,0,5
1236,STU101236,Neha Desai,Female,33,Bachelor,Student,Chennai,Laptop,High,C101,Python Basics,Programming,Beginner,45,4.6,7,27,60.1,2,0.7,0,10,4.6,5,4,6,100.0,68.9,54.5,1,09-02-2025,Debit Card,Yes,No,3862,53,3,1,4.4,Not Completed,0,0,2,0,0,1,4,1
1237,STU101237,Sai Singh,Male,22,Bachelor,Employed,Bhopal,Laptop,Medium,C107,Statistics for Data Science,Math,Intermediate,50,4.2,6,21,29.1,0,0.7,26,5,5.7,8,2,4,72.7,87.2,62.5,2,10-11-2024,Free,No,No,0,37,1,1,3.4,Not Completed,1,0,0,0,2,2,3,2
1238,STU101238,Aarav Sharma,Male,23,Diploma,Employed,Vadodara,Mobile,High,C106,Machine Learning A-Z,Programming,Advanced,90,4.6,3,31,62.3,3,0.5,2,5,6.4,0,10,0,61.9,63.1,24.9,4,14-11-2024,Debit Card,Yes,No,6549,32,2,1,3.0,Not Completed,1,1,0,1,0,0,4,1
1239,STU101239,Kavya Singh,Male,34,Bachelor,Student,Indore,Mobile,High,C108,Excel for Business,Business,Beginner,25,4.1,6,37,89.9,6,0.5,2,3,4.4,5,5,3,84.2,76.3,65.3,3,07-05-2024,Scholarship,No,No,480,68,3,0,5.0,Not Completed,1,0,2,1,0,1,0,4
1240,STU101240,Kavya Nair,Female,33,HighSchool,Employed,Vadodara,Mobile,High,C101,Python Basics,Programming,Beginner,45,4.6,6,40,79.9,2,2.7,1,8,3.1,5,5,5,73.4,83.7,62.1,2,28-08-2025,Free,No,No,0,100,3,0,4.6,Completed,0,2,0,1,0,1,4,2
1241,STU101241,Krishna Reddy,Female,26,Diploma,Student,Chennai,Mobile,High,C106,Machine Learning A-Z,Programming,Advanced,90,4.6,10,44,82.5,6,9.0,3,1,10.0,3,7,8,89.8,70.3,50.4,1,31-08-2024,UPI,Yes,No,6077,57,4,0,4.2,Not Completed,0,1,2,1,0,0,4,5
1242,STU101242,Pooja Verma,Male,25,Master,Employed,Lucknow,Mobile,High,C106,Machine Learning A-Z,Programming,Advanced,90,4.6,5,53,78.7,3,0.5,4,3,3.0,4,6,3,81.3,41.7,53.6,1,01-05-2025,UPI,Yes,Yes,6059,73,4,0,3.0,Not Completed,1,3,0,1,0,0,4,5
1243,STU101243,Ritika Sharma,Female,31,Bachelor,Employed,Ahmedabad,Laptop,High,C104,Digital Marketing Essentials,Marketing,Beginner,30,4.3,5,33,58.6,6,9.3,8,10,7.9,8,2,7,73.2,65.7,71.8,1,17-08-2024,UPI,Yes,No,3745,97,1,1,5.0,Completed,0,0,0,0,0,1,2,5
1244,STU101244,Krishna Joshi,Male,19,Master,Employed,Bhopal,Mobile,High,C101,Python Basics,Programming,Beginner,45,4.6,9,35,78.5,2,0.9,7,5,7.0,5,5,0,87.2,58.4,60.4,6,29-08-2025,Free,No,No,0,51,1,0,4.1,Not Completed,1,3,0,1,0,1,4,2
1245,STU101245,Krishna Sharma,Female,25,Bachelor,Employed,Pune,Laptop,Medium,C105,UI/UX Design Fundamentals,Design,Beginner,40,4.4,4,26,58.5,1,0.6,10,5,2.7,5,5,1,59.8,62.4,53.6,2,13-09-2024,Scholarship,No,No,1353,75,4,1,4.1,Not Completed,0,0,0,0,2,1,1,4
1246,STU101246,Aarav Verma,Male,30,Bachelor,Employed,Vadodara,Mobile,High,C102,Data Analysis with Python,Programming,Intermediate,60,4.7,2,40,61.9,0,3.9,6,6,8.5,4,6,6,79.8,67.4,49.0,3,16-02-2024,Debit Card,Yes,No,4822,56,3,1,4.3,Completed,1,0,0,1,0,2,4,1
1247,STU101247,Priya Desai,Female,22,Bachelor,Employed,Pune,Mobile,Medium,C101,Python Basics,Programming,Beginner,45,4.6,5,24,55.4,2,0.5,1,14,5.7,7,2,3,88.1,72.9,65.0,0,29-11-2023,Free,No,No,0,68,0,0,3.9,Completed,0,0,0,1,2,1,4,2
1248,STU101248,Nikhil Desai,Male,28,HighSchool,Unemployed,Indore,Laptop,Medium,C104,Digital Marketing Essentials,Marketing,Beginner,30,4.3,5,49,51.8,3,10.9,9,12,6.3,6,4,2,69.9,72.7,57.8,2,18-06-2025,Free,No,No,0,94,1,0,2.6,Completed,1,2,3,0,2,1,2,2
1249,STU101249,Arjun Joshi,Female,21,Bachelor,Unemployed,Vadodara,Mobile,High,C101,Python Basics,Programming,Beginner,45,4.6,5,32,90.3,3,2.4,3,9,6.4,7,3,6,63.1,85.3,77.9,2,26-03-2024,UPI,Yes,No,3928,46,0,3,3.5,Completed,0,0,3,1,0,1,4,5
1250,STU101250,Meera Sharma,Female,24,Bachelor,Student,Lucknow,Mobile,Low,C105,UI/UX Design Fundamentals,Design,Beginner,40,4.4,5,23,51.8,1,0.5,27,2,5.7,1,9,3,69.3,59.8,27.1,2,18-07-2025,Debit Card,Yes,No,4339,64,1,0,3.9,Not Completed,0,0,2,1,1,1,1,1
1251,STU101251,Vivaan Patel,Female,37,Master,Student,Hyderabad,Mobile,Medium,C105,UI/UX Design Fundamentals,Design,Beginner,40,4.4,7,48,50.8,3,1.3,3,7,8.1,8,2,6,87.0,100.0,70.8,1,04-10-2025,UPI,Yes,No,3868,100,4,0,4.4,Completed,0,3,2,1,2,1,1,5
1252,STU101252,Rahul Desai,Female,20,Master,Student,Delhi,Laptop,Low,C101,Python Basics,Programming,Beginner,45,4.6,5,37,70.0,2,4.5,0,7,3.0,4,6,5,65.0,29.7,50.0,4,11-06-2024,Debit Card,Yes,No,4672,100,2,2,3.6,Completed,0,3,2,0,1,1,4,1
1253,STU101253,Pooja Gupta,Male,26,Bachelor,Employed,Vadodara,Mobile,Medium,C105,UI/UX Design Fundamentals,Design,Beginner,40,4.4,5,22,72.3,1,0.5,3,3,4.8,4,6,1,65.3,44.1,51.5,1,06-10-2024,Free,No,Yes,0,58,3,0,3.4,Not Completed,1,0,0,1,2,1,1,2
1254,STU101254,Kavya Nair,Female,29,Master,Employed,Pune,Laptop,Medium,C101,Python Basics,Programming,Beginner,45,4.6,5,30,39.4,3,0.9,1,1,6.1,8,2,2,95.4,68.4,65.2,4,06-11-2024,UPI,Yes,Yes,3828,64,1,1,4.7,Completed,0,3,0,0,2,1,4,5
1255,STU101255,Sneha Nair,Male,21,Bachelor,Student,Bengaluru,Laptop,High,C102,Data Analysis with Python,Programming,Intermediate,60,4.7,5,20,46.7,5,0.5,0,5,8.4,4,6,2,72.1,61.2,43.4,2,26-11-2023,Debit Card,Yes,No,5318,87,0,2,4.5,Not Completed,1,0,2,0,0,2,4,1
1256,STU101256,Meera Nair,Female,17,Bachelor,Student,Kolkata,Mobile,Medium,C104,Digital Marketing Essentials,Marketing,Beginner,30,4.3,3,21,61.7,1,0.5,12,5,6.3,5,5,3,65.3,57.0,54.4,2,24-04-2025,NetBanking,Yes,No,3551,91,1,0,5.0,Completed,0,0,2,1,2,1,2,3
1257,STU101257,Meera Singh,Female,20,Bachelor,Employed,Jaipur,Laptop,Medium,C102,Data Analysis with Python,Programming,Intermediate,60,4.7,4,14,85.1,1,3.2,4,6,6.3,8,2,2,47.5,73.7,81.5,2,07-10-2024,UPI,Yes,No,5067,34,2,0,3.9,Not Completed,0,0,0,0,2,2,4,5
1258,STU101258,Pooja Nair,Female,25,Bachelor,Student,Kolkata,Mobile,Medium,C102,Data Analysis with Python,Programming,Intermediate,60,4.7,4,19,82.2,2,0.5,7,3,5.0,2,8,4,64.9,58.3,43.7,3,21-06-2025,Free,No,Yes,0,72,2,2,5.0,Not Completed,0,0,2,1,2,2,4,2
1259,STU101259,Rahul Verma,Female,29,Bachelor,Student,Delhi,Mobile,High,C104,Digital Marketing Essentials,Marketing,Beginner,30,4.3,2,26,69.6,5,9.2,36,5,5.6,3,7,4,68.5,68.7,45.8,3,19-01-2025,Free,No,No,0,64,1,0,3.5,Not Completed,0,0,2,1,0,1,2,2
1260,STU101260,Ananya Shah,Male,18,Bachelor,Employed,Ahmedabad,Laptop,Medium,C104,Digital Marketing Essentials,Marketing,Beginner,30,4.3,3,42,54.9,1,0.5,9,6,5.5,6,4,1,83.1,76.3,59.0,4,23-01-2025,UPI,Yes,No,3521,79,2,1,4.5,Not Completed,1,0,0,0,2,1,2,5
1261,STU101261,Aarav Desai,Female,24,Diploma,Employed,Lucknow,Mobile,Medium,C104,Digital Marketing Essentials,Marketing,Beginner,30,4.3,3,47,74.9,1,0.5,1,4,4.6,4,6,1,95.9,84.5,54.4,3,23-04-2024,Free,No,No,0,99,2,0,4.5,Completed,0,1,0,1,2,1,2,2
1262,STU101262,Aarav Bhardwaj,Male,31,Master,Student,Nagpur,Mobile,Medium,C103,Introduction to AI,Programming,Intermediate,75,4.5,5,28,48.0,2,0.7,14,3,7.7,2,8,0,75.7,55.6,31.6,2,13-07-2025,UPI,Yes,No,5433,58,5,0,4.7,Not Completed,1,3,2,1,2,2,4,5
1263,STU101263,Rohan Joshi,Female,29,Bachelor,Employed,Indore,Mobile,High,C101,Python Basics,Programming,Beginner,45,4.6,9,34,34.2,4,2.9,0,11,8.7,3,7,7,56.2,67.4,33.4,1,20-04-2025,UPI,Yes,No,4364,76,1,2,3.5,Not Completed,0,0,0,1,0,1,4,5
1264,STU101264,Priya Singh,Male,29,HighSchool,Student,Surat,Laptop,Medium,C106,Machine Learning A-Z,Programming,Advanced,90,4.6,5,34,89.7,1,7.4,3,9,6.9,4,6,2,80.0,82.3,59.5,2,03-05-2025,UPI,Yes,No,6559,87,7,0,3.9,Completed,1,2,2,0,2,0,4,5
1265,STU101265,Arjun Bhardwaj,Male,29,HighSchool,Student,Ahmedabad,Laptop,High,C102,Data Analysis with Python,Programming,Intermediate,60,4.7,5,30,22.7,2,3.0,2,9,3.6,6,4,4,48.3,80.2,47.9,2,03-08-2025,UPI,Yes,No,4744,62,1,0,3.8,Not Completed,1,2,2,0,0,2,4,5
1266,STU101266,Pooja Sharma,Male,17,HighSchool,Self-Employed,Delhi,Mobile,Medium,C104,Digital Marketing Essentials,Marketing,Beginner,30,4.3,5,18,97.4,3,3.7,1,10,2.7,3,7,4,73.0,77.2,55.9,2,24-12-2023,UPI,Yes,No,3803,85,5,0,3.4,Completed,1,2,1,1,2,1,2,5
1267,STU101267,Vivaan Shah,Female,31,Bachelor,Student,Bengaluru,Mobile,Medium,C102,Data Analysis with Python,Programming,Intermediate,60,4.7,5,34,60.8,5,7.3,26,4,8.7,7,3,9,81.6,80.5,67.3,0,18-11-2023,UPI,Yes,No,4670,61,3,0,3.8,Not Completed,0,0,2,1,2,2,4,5
1268,STU101268,Krishna Sharma,Male,33,Diploma,Student,Kolkata,Laptop,Medium,C102,Data Analysis with Python,Programming,Intermediate,60,4.7,5,36,78.7,4,11.0,5,8,5.8,5,4,5,85.9,88.1,61.9,6,18-11-2023,Credit Card,Yes,No,5353,100,4,0,4.2,Completed,1,1,2,0,2,2,4,0
1269,STU101269,Nikhil Iyer,Female,23,Master,Employed,Nagpur,Mobile,Medium,C103,Introduction to AI,Programming,Intermediate,75,4.5,5,42,51.2,2,0.5,5,8,4.9,5,4,4,78.4,70.4,51.4,3,01-03-2025,UPI,Yes,No,5804,57,4,1,5.0,Completed,0,3,0,1,2,2,4,5
1270,STU101270,Ritika Bhardwaj,Male,33,HighSchool,Student,Indore,Mobile,Medium,C105,UI/UX Design Fundamentals,Design,Beginner,40,4.4,5,34,58.9,2,0.9,0,3,8.4,5,5,5,52.2,63.0,53.8,5,06-12-2023,Free,No,Yes,0,100,2,2,3.3,Completed,1,2,2,1,2,1,1,2
1271,STU101271,Sneha Singh,Female,25,PhD,Student,Jaipur,Laptop,Medium,C106,Machine Learning A-Z,Programming,Advanced,90,4.6,3,32,68.7,1,0.5,4,11,8.8,6,4,2,70.7,69.5,63.5,2,30-10-2023,UPI,Yes,No,6661,73,4,0,4.8,Completed,0,4,2,0,2,0,4,5
1272,STU101272,Krishna Iyer,Male,30,Bachelor,Employed,Kolkata,Mobile,High,C108,Excel for Business,Business,Beginner,25,4.1,6,44,39.7,3,3.9,14,4,2.8,6,3,5,73.2,69.6,53.4,4,06-01-2024,UPI,Yes,No,3272,47,2,0,4.3,Not Completed,1,0,0,1,0,1,0,5
1273,STU101273,Kavya Desai,Male,17,Master,Employed,Lucknow,Mobile,High,C101,Python Basics,Programming,Beginner,45,4.6,7,15,19.4,1,5.4,3,5,4.5,5,4,9,84.9,79.3,40.7,2,10-05-2025,NetBanking,Yes,No,3980,45,2,0,4.2,Completed,1,3,0,1,0,1,4,3
1274,STU101274,Isha Shah,Female,25,Bachelor,Employed,Hyderabad,Mobile,High,C107,Statistics for Data Science,Math,Intermediate,50,4.2,3,18,53.7,2,1.6,8,4,10.0,5,5,6,68.3,100.0,53.8,3,15-12-2023,UPI,Yes,No,4629,85,5,0,5.0,Completed,0,0,0,1,0,2,3,5
1275,STU101275,Sakshi Kumar,Female,27,Bachelor,Student,Surat,Mobile,Medium,C101,Python Basics,Programming,Beginner,45,4.6,2,32,72.4,0,12.5,11,4,8.0,2,7,2,72.4,83.1,41.5,2,28-12-2023,Debit Card,Yes,No,4023,50,2,1,5.0,Completed,0,0,2,1,2,1,4,1
1276,STU101276,Ananya Sharma,Male,30,Bachelor,Student,Pune,Mobile,Medium,C108,Excel for Business,Business,Beginner,25,4.1,3,55,69.0,3,0.5,1,3,6.9,3,7,4,83.1,18.5,43.1,2,24-01-2024,Free,No,No,0,74,0,1,4.8,Not Completed,1,0,2,1,2,1,0,2
1277,STU101277,Vihaan Nair,Male,19,Bachelor,Employed,Pune,Laptop,High,C104,Digital Marketing Essentials,Marketing,Beginner,30,4.3,5,46,37.8,7,8.1,3,3,7.0,3,7,4,73.4,57.7,34.1,1,28-04-2024,UPI,Yes,No,3291,71,1,1,4.1,Not Completed,1,0,0,0,0,1,2,5
1278,STU101278,Krishna Gupta,Female,17,Master,Employed,Lucknow,Mobile,Medium,C102,Data Analysis with Python,Programming,Intermediate,60,4.7,9,24,95.2,3,0.5,3,7,4.8,4,6,2,77.5,62.5,60.4,1,18-07-2025,UPI,Yes,Yes,3890,87,2,0,5.0,Completed,0,3,0,1,2,2,4,5
1279,STU101279,Sai Gupta,Male,28,Bachelor,Employed,Indore,Laptop,Medium,C104,Digital Marketing Essentials,Marketing,Beginner,30,4.3,6,31,40.8,2,0.5,0,2,5.2,4,6,5,47.7,71.3,41.9,0,02-02-2024,Debit Card,Yes,No,3681,100,3,1,4.2,Not Completed,1,0,0,0,2,1,2,1
1280,STU101280,Nikhil Joshi,Male,32,Bachelor,Student,Lucknow,Mobile,High,C104,Digital Marketing Essentials,Marketing,Beginner,30,4.3,6,14,40.3,4,0.5,1,4,6.5,3,7,1,66.0,56.7,34.9,4,28-08-2025,Credit Card,Yes,No,3461,38,3,3,5.0,Not Completed,1,0,2,1,0,1,2,0
1281,STU101281,Isha Bose,Male,24,Bachelor,Unemployed,Delhi,Mobile,Medium,C101,Python Basics,Programming,Beginner,45,4.6,7,37,41.6,1,2.1,0,13,9.6,7,3,4,46.2,52.5,59.2,2,18-04-2024,Free,No,No,0,73,4,0,4.2,Not Completed,1,0,3,1,2,1,4,2
1282,STU101282,Rahul Mehta,Male,23,Master,Employed,Surat,Tablet,Medium,C103,Introduction to AI,Programming,Intermediate,75,4.5,5,24,76.9,2,3.9,20,6,6.6,5,5,5,61.4,54.6,59.6,1,26-03-2024,Scholarship,No,No,1657,67,3,1,4.5,Completed,1,3,0,2,2,2,4,4
1283,STU101283,Rahul Bhardwaj,Female,42,Bachelor,Employed,Kolkata,Laptop,High,C108,Excel for Business,Business,Beginner,25,4.1,3,33,9.5,2,5.3,5,4,7.0,4,6,5,67.3,52.7,29.9,1,03-09-2024,Free,No,No,0,54,1,3,4.8,Not Completed,0,0,0,0,0,1,0,2
1284,STU101284,Rahul Joshi,Male,17,Bachelor,Student,Nagpur,Tablet,Medium,C103,Introduction to AI,Programming,Intermediate,75,4.5,9,43,72.1,5,4.5,0,5,7.1,7,3,5,51.9,39.5,69.2,1,26-07-2025,UPI,Yes,Yes,4640,80,3,1,5.0,Completed,1,0,2,2,2,2,4,5
1285,STU101285,Isha Shah,Male,28,Bachelor,Employed,Indore,Laptop,Low,C102,Data Analysis with Python,Programming,Intermediate,60,4.7,7,46,63.3,1,14.1,14,4,8.2,4,6,3,56.3,60.2,49.2,1,19-06-2024,NetBanking,Yes,No,4839,41,3,1,4.6,Completed,1,0,0,0,1,2,4,3
1286,STU101286,Nikhil Gupta,Male,17,Bachelor,Student,Pune,Laptop,High,C103,Introduction to AI,Programming,Intermediate,75,4.5,5,33,82.6,2,8.9,20,3,9.9,3,7,6,49.4,71.5,50.5,5,02-05-2025,Debit Card,Yes,No,5344,66,2,0,4.7,Not Completed,1,0,2,0,0,2,4,1
1287,STU101287,Neha Joshi,Female,23,PhD,Student,Kolkata,Laptop,Medium,C103,Introduction to AI,Programming,Intermediate,75,4.5,4,32,77.6,1,1.1,17,9,4.1,3,7,3,88.7,69.8,48.7,2,26-11-2024,Free,No,Yes,0,50,5,1,4.1,Completed,0,4,2,0,2,2,4,2
1288,STU101288,Aarav Nair,Female,17,Bachelor,Employed,Mumbai,Laptop,High,C108,Excel for Business,Business,Beginner,25,4.1,3,36,41.2,3,2.1,6,5,6.0,5,5,1,70.4,86.0,48.7,2,18-06-2025,UPI,Yes,No,3412,72,4,1,4.9,Completed,0,0,0,0,0,1,0,5
1289,STU101289,Aarav Gupta,Male,29,Bachelor,Student,Bengaluru,Laptop,Medium,C108,Excel for Business,Business,Beginner,25,4.1,5,23,48.0,2,7.7,26,0,7.6,6,3,3,58.1,58.5,55.7,4,21-08-2024,NetBanking,Yes,No,3389,99,5,0,3.6,Completed,1,0,2,0,2,1,0,3
1290,STU101290,Aarav Kumar,Male,22,Bachelor,Student,Pune,Mobile,Medium,C102,Data Analysis with Python,Programming,Intermediate,60,4.7,5,42,42.5,0,5.3,3,7,4.8,6,4,4,61.7,79.3,54.8,1,03-09-2024,UPI,Yes,No,4824,90,4,0,3.5,Not Completed,1,0,2,1,2,2,4,5
1291,STU101291,Aarav Desai,Male,36,HighSchool,Employed,Nagpur,Mobile,Low,C108,Excel for Business,Business,Beginner,25,4.1,4,53,32.0,1,6.2,3,5,2.7,4,6,6,72.4,70.1,38.7,1,25-07-2024,NetBanking,Yes,No,3373,87,0,0,5.0,Not Completed,1,2,0,1,1,1,0,3
1292,STU101292,Rahul Gupta,Male,24,HighSchool,Student,Surat,Laptop,Medium,C104,Digital Marketing Essentials,Marketing,Beginner,30,4.3,10,39,79.8,3,1.6,1,8,8.6,2,8,3,62.2,60.8,43.0,2,24-05-2025,NetBanking,Yes,No,3536,31,1,0,4.8,Not Completed,1,2,2,0,2,1,2,3
1293,STU101293,Arjun Sharma,Male,24,Bachelor,Student,Mumbai,Mobile,Medium,C104,Digital Marketing Essentials,Marketing,Beginner,30,4.3,4,30,70.9,1,0.5,2,8,5.2,4,6,3,66.1,100.0,53.8,2,24-03-2024,NetBanking,Yes,No,3593,74,2,1,4.1,Not Completed,1,0,2,1,2,1,2,3
1294,STU101294,Arjun Kumar,Male,24,Bachelor,Student,Hyderabad,Mobile,Low,C108,Excel for Business,Business,Beginner,25,4.1,4,36,77.0,4,6.3,7,4,4.3,4,6,1,59.9,56.4,53.8,6,28-06-2024,UPI,Yes,No,2930,67,3,2,4.4,Completed,1,0,2,1,1,1,0,5
1295,STU101295,Rohan Kumar,Female,30,Bachelor,Employed,Vadodara,Mobile,High,C102,Data Analysis with Python,Programming,Intermediate,60,4.7,6,38,43.2,1,8.9,11,2,6.5,5,5,3,72.4,64.3,48.3,3,23-05-2025,Scholarship,No,No,1933,87,2,3,4.3,Not Completed,0,0,0,1,0,2,4,4
1296,STU101296,Priya Bhardwaj,Female,21,Bachelor,Employed,Bhopal,Laptop,High,C102,Data Analysis with Python,Programming,Intermediate,60,4.7,5,28,57.0,2,0.5,7,3,5.3,4,6,4,75.6,74.3,47.7,2,04-01-2024,Free,No,No,0,28,2,0,3.4,Not Completed,0,0,0,0,0,2,4,2
1297,STU101297,Pooja Desai,Other,37,Bachelor,Student,Kolkata,Mobile,High,C102,Data Analysis with Python,Programming,Intermediate,60,4.7,5,28,26.5,2,1.5,11,6,4.5,7,3,2,63.3,66.6,54.6,1,22-09-2025,UPI,Yes,No,4948,69,3,1,2.7,Completed,2,0,2,1,0,2,4,5
1298,STU101298,Nikhil Shah,Female,28,Master,Student,Bhopal,Laptop,Medium,C101,Python Basics,Programming,Beginner,45,4.6,3,29,81.5,3,0.5,7,9,2.8,5,4,1,37.8,73.9,62.2,2,04-08-2025,Free,No,No,0,57,1,1,4.4,Completed,0,3,2,0,2,1,4,2
1299,STU101299,Ananya Patel,Male,21,Bachelor,Self-Employed,Indore,Laptop,Medium,C107,Statistics for Data Science,Math,Intermediate,50,4.2,5,7,98.9,1,1.1,9,5,7.8,4,6,7,91.8,58.9,61.6,0,10-11-2024,NetBanking,Yes,No,4166,61,5,0,3.9,Not Completed,1,0,1,0,2,2,3,3
1300,STU101300,Aditya Desai,Female,36,Master,Student,Mumbai,Mobile,Low,C108,Excel for Business,Business,Beginner,25,4.1,3,40,62.0,6,0.5,0,4,0.5,6,4,4,60.3,62.2,60.8,2,23-09-2024,NetBanking,Yes,No,2992,50,2,0,5.0,Completed,0,3,2,1,1,1,0,3
1301,STU101301,Sneha Bose,Male,17,Bachelor,Student,Nagpur,Mobile,Medium,C103,Introduction to AI,Programming,Intermediate,75,4.5,3,20,65.5,3,9.8,5,5,8.7,2,8,4,65.4,78.5,38.9,4,17-02-2024,UPI,Yes,No,5416,43,1,1,3.0,Completed,1,0,2,1,2,2,4,5
1302,STU101302,Rohan Nair,Female,23,Master,Student,Lucknow,Mobile,Low,C107,Statistics for Data Science,Math,Intermediate,50,4.2,7,28,51.0,0,5.6,0,6,7.1,6,4,2,62.0,67.1,57.2,5,28-10-2023,Debit Card,Yes,No,4608,80,0,0,3.9,Completed,0,3,2,1,1,2,3,1
1303,STU101303,Priya Patel,Male,23,Master,Employed,Ahmedabad,Mobile,High,C104,Digital Marketing Essentials,Marketing,Beginner,30,4.3,2,33,48.1,0,0.5,6,4,4.0,3,7,2,71.4,80.6,38.9,3,07-09-2024,Debit Card,Yes,No,3515,75,3,2,3.7,Completed,1,3,0,1,0,1,2,1
1304,STU101304,Rahul Bhardwaj,Male,18,Master,Employed,Bengaluru,Mobile,High,C103,Introduction to AI,Programming,Intermediate,75,4.5,6,33,40.2,2,6.0,15,5,6.1,3,7,2,68.1,41.7,34.1,2,30-09-2025,Debit Card,Yes,Yes,4511,38,1,0,3.7,Not Completed,1,3,0,1,0,2,4,1
1305,STU101305,Rohan Verma,Female,21,Diploma,Employed,Mumbai,Mobile,Medium,C106,Machine Learning A-Z,Programming,Advanced,90,4.6,4,34,55.4,2,7.0,1,9,7.1,3,7,5,81.0,75.5,41.2,3,22-11-2024,UPI,Yes,No,6940,90,3,2,3.3,Not Completed,0,1,0,1,2,0,4,5
1306,STU101306,Kavya Desai,Female,26,HighSchool,Unemployed,Jaipur,Mobile,Medium,C104,Digital Marketing Essentials,Marketing,Beginner,30,4.3,6,33,59.8,6,6.4,2,7,7.2,3,7,3,72.4,74.8,42.7,2,17-01-2024,Free,No,No,0,83,4,3,5.0,Not Completed,0,2,3,1,2,1,2,2
1307,STU101307,Rohan Mehta,Male,18,Bachelor,Employed,Ahmedabad,Laptop,High,C107,Statistics for Data Science,Math,Intermediate,50,4.2,11,41,63.6,4,14.9,0,6,5.8,7,3,4,72.5,56.3,67.1,5,16-03-2024,Free,No,No,0,85,2,0,5.0,Not Completed,1,0,0,0,0,2,3,2
1308,STU101308,Arjun Joshi,Male,20,Master,Student,Delhi,Mobile,High,C104,Digital Marketing Essentials,Marketing,Beginner,30,4.3,9,36,72.5,0,4.2,8,5,4.7,6,4,6,47.7,51.4,64.0,3,06-12-2023,Free,No,No,0,33,1,0,5.0,Not Completed,1,3,2,1,0,1,2,2
1309,STU101309,Rahul Mehta,Male,28,Bachelor,Student,Ahmedabad,Mobile,Medium,C101,Python Basics,Programming,Beginner,45,4.6,3,26,44.4,7,1.9,0,4,9.7,4,6,6,65.1,73.9,43.2,3,13-03-2025,NetBanking,Yes,No,3933,66,2,0,4.9,Not Completed,1,0,2,1,2,1,4,3
1310,STU101310,Isha Desai,Male,29,Master,Employed,Indore,Mobile,High,C101,Python Basics,Programming,Beginner,45,4.6,7,40,31.0,0,0.5,0,3,6.2,5,5,6,88.2,86.7,45.2,1,03-03-2024,Debit Card,Yes,No,3952,41,4,4,3.7,Completed,1,3,0,1,0,1,4,1
1311,STU101311,Meera Gupta,Male,34,Master,Student,Pune,Laptop,High,C104,Digital Marketing Essentials,Marketing,Beginner,30,4.3,4,46,64.3,4,8.5,11,3,5.0,5,5,3,91.1,72.4,56.1,1,14-08-2025,NetBanking,Yes,No,3751,69,3,1,3.3,Not Completed,1,3,2,0,0,1,2,3
1312,STU101312,Nikhil Singh,Female,21,Master,Student,Surat,Laptop,Medium,C105,UI/UX Design Fundamentals,Design,Beginner,40,4.4,10,35,96.9,3,6.3,10,9,8.8,8,2,4,100.0,69.3,85.4,8,05-04-2025,Debit Card,Yes,Yes,3188,45,4,0,5.0,Completed,0,3,2,0,2,1,1,1
1313,STU101313,Rohan Singh,Female,18,Bachelor,Employed,Delhi,Laptop,Medium,C102,Data Analysis with Python,Programming,Intermediate,60,4.7,4,18,71.5,5,5.9,2,3,4.2,5,5,4,54.7,81.6,59.1,2,30-12-2024,UPI,Yes,No,5284,59,0,2,3.5,Not Completed,0,0,0,0,2,2,4,5
1314,STU101314,Pooja Iyer,Male,25,Bachelor,Student,Bhopal,Mobile,High,C104,Digital Marketing Essentials,Marketing,Beginner,30,4.3,6,25,73.4,4,10.4,17,6,7.0,6,4,3,85.1,64.9,64.9,1,09-02-2024,Credit Card,Yes,No,3618,95,2,0,4.5,Completed,1,0,2,1,0,1,2,0
1315,STU101315,Isha Mehta,Female,17,Bachelor,Student,Hyderabad,Laptop,Medium,C103,Introduction to AI,Programming,Intermediate,75,4.5,9,38,86.0,3,8.3,5,4,6.9,7,2,2,90.9,100.0,77.1,1,09-09-2024,Scholarship,No,No,1896,32,6,0,5.0,Completed,0,0,2,0,2,2,4,4
1316,STU101316,Sneha Bhardwaj,Female,17,Bachelor,Student,Lucknow,Mobile,Medium,C101,Python Basics,Programming,Beginner,45,4.6,6,28,65.2,2,9.9,2,5,9.4,5,5,3,49.7,67.2,56.2,4,24-08-2024,UPI,Yes,No,4379,94,1,3,4.4,Not Completed,0,0,2,1,2,1,4,5
1317,STU101317,Sai Joshi,Male,23,Bachelor,Student,Jaipur,Mobile,Medium,C107,Statistics for Data Science,Math,Intermediate,50,4.2,3,53,57.3,2,6.7,0,4,9.5,5,5,2,58.1,54.9,52.8,3,11-01-2025,UPI,Yes,No,4476,26,2,2,5.0,Completed,1,0,2,1,2,2,3,5
1318,STU101318,Sakshi Verma,Female,31,HighSchool,Student,Kolkata,Laptop,Medium,C101,Python Basics,Programming,Beginner,45,4.6,4,49,82.8,3,1.2,3,4,6.0,5,5,3,74.2,88.7,63.4,3,12-06-2024,UPI,Yes,No,4423,51,2,1,5.0,Completed,0,2,2,0,2,1,4,5
1319,STU101319,Krishna Iyer,Male,39,Master,Student,Hyderabad,Mobile,High,C101,Python Basics,Programming,Beginner,45,4.6,2,32,60.1,2,3.4,7,7,9.1,5,5,2,65.4,80.6,55.1,1,12-01-2024,Credit Card,Yes,No,4182,38,5,2,4.7,Not Completed,1,3,2,1,0,1,4,0
1320,STU101320,Vihaan Nair,Female,23,Bachelor,Student,Mumbai,Laptop,Medium,C102,Data Analysis with Python,Programming,Intermediate,60,4.7,8,31,83.9,2,6.2,0,4,6.1,3,7,5,81.2,56.1,50.2,4,13-07-2025,UPI,Yes,Yes,4568,78,1,0,3.9,Completed,0,0,2,0,2,2,4,5
1321,STU101321,Arjun Shah,Female,23,PhD,Employed,Nagpur,Laptop,High,C107,Statistics for Data Science,Math,Intermediate,50,4.2,3,28,42.3,1,0.5,0,5,3.5,6,4,2,90.4,70.7,54.3,1,31-10-2023,Free,No,No,0,72,3,2,5.0,Not Completed,0,4,0,0,0,2,3,2
1322,STU101322,Pooja Nair,Female,21,HighSchool,Employed,Vadodara,Mobile,High,C101,Python Basics,Programming,Beginner,45,4.6,7,37,86.9,3,0.5,3,4,8.2,2,7,3,71.1,75.9,46.2,0,19-01-2025,Scholarship,No,No,532,84,0,1,4.6,Completed,0,2,0,1,0,1,4,4
1323,STU101323,Meera Patel,Male,35,HighSchool,Student,Hyderabad,Laptop,High,C102,Data Analysis with Python,Programming,Intermediate,60,4.7,5,32,48.0,2,1.0,5,5,7.2,4,6,2,70.8,56.0,43.6,2,19-04-2025,Credit Card,Yes,Yes,4585,48,2,0,3.7,Not Completed,1,2,2,0,0,2,4,0
1324,STU101324,Krishna Singh,Female,21,Bachelor,Employed,Surat,Mobile,High,C104,Digital Marketing Essentials,Marketing,Beginner,30,4.3,3,16,75.2,5,0.5,37,4,3.8,7,3,4,64.5,69.3,71.8,5,07-07-2024,Debit Card,Yes,No,3772,67,1,2,2.2,Completed,0,0,0,1,0,1,2,1
1325,STU101325,Rahul Reddy,Female,31,Master,Student,Jaipur,Mobile,High,C106,Machine Learning A-Z,Programming,Advanced,90,4.6,5,18,74.9,1,1.2,0,5,5.1,4,6,5,82.8,71.0,53.8,2,09-03-2024,Scholarship,No,No,3175,52,1,0,5.0,Completed,0,3,2,1,0,0,4,4
1326,STU101326,Aarav Mehta,Male,31,Bachelor,Employed,Jaipur,Laptop,Medium,C108,Excel for Business,Business,Beginner,25,4.1,1,27,41.3,0,0.5,16,2,7.7,6,4,6,69.5,59.2,53.4,2,08-04-2025,Debit Card,Yes,No,3186,79,1,1,3.0,Not Completed,1,0,0,0,2,1,0,1
1327,STU101327,Vivaan Kumar,Female,28,Bachelor,Employed,Bengaluru,Mobile,Low,C101,Python Basics,Programming,Beginner,45,4.6,1,33,27.8,1,0.7,23,3,6.5,2,8,1,56.0,63.3,24.9,2,09-05-2024,UPI,Yes,No,4286,58,0,0,3.5,Completed,0,0,0,1,1,1,4,5
1328,STU101328,Sakshi Kumar,Male,28,Diploma,Employed,Mumbai,Mobile,High,C104,Digital Marketing Essentials,Marketing,Beginner,30,4.3,5,9,15.4,1,0.5,13,3,5.2,3,6,4,76.8,48.4,25.8,2,25-10-2023,NetBanking,Yes,No,3322,60,3,0,5.0,Not Completed,1,1,0,1,0,1,2,3
1329,STU101329,Aditya Mehta,Female,27,Diploma,Student,Lucknow,Mobile,Medium,C102,Data Analysis with Python,Programming,Intermediate,60,4.7,6,12,30.1,5,0.5,3,10,7.7,5,5,5,66.9,69.8,44.0,2,22-08-2025,Free,No,No,0,45,2,0,4.8,Not Completed,0,1,2,1,2,2,4,2
1330,STU101330,Sneha Shah,Female,40,Bachelor,Student,Delhi,Mobile,Medium,C101,Python Basics,Programming,Beginner,45,4.6,5,46,55.6,2,1.9,27,4,7.6,4,6,2,75.0,84.7,47.7,3,11-08-2025,NetBanking,Yes,Yes,3599,65,3,1,3.8,Not Completed,0,0,2,1,2,1,4,3
1331,STU101331,Priya Singh,Male,22,Diploma,Student,Chennai,Mobile,Medium,C104,Digital Marketing Essentials,Marketing,Beginner,30,4.3,3,43,73.3,5,7.1,0,10,9.2,6,3,2,84.2,58.7,64.6,5,26-01-2024,UPI,Yes,No,3393,73,2,1,2.6,Completed,1,1,2,1,2,1,2,5
1332,STU101332,Pooja Reddy,Male,21,Master,Student,Nagpur,Mobile,Medium,C105,UI/UX Design Fundamentals,Design,Beginner,40,4.4,4,40,35.3,2,0.5,4,6,3.0,6,4,4,52.8,83.5,52.5,2,15-01-2024,UPI,Yes,No,4374,88,6,0,4.1,Not Completed,1,3,2,1,2,1,1,5
1333,STU101333,Sai Singh,Female,20,Diploma,Unemployed,Surat,Mobile,High,C108,Excel for Business,Business,Beginner,25,4.1,1,39,83.4,1,0.5,1,1,5.7,6,4,2,39.5,53.9,67.9,1,13-05-2025,UPI,Yes,No,3263,56,1,2,5.0,Not Completed,0,1,3,1,0,1,0,5
1334,STU101334,Aarav Patel,Male,34,Diploma,Student,Pune,Laptop,Medium,C108,Excel for Business,Business,Beginner,25,4.1,6,35,81.8,4,0.5,29,2,9.0,3,7,1,81.3,62.3,49.7,3,24-08-2024,UPI,Yes,No,3405,82,3,1,3.3,Not Completed,1,1,2,0,2,1,0,5
1335,STU101335,Pooja Reddy,Female,20,Master,Employed,Chennai,Mobile,Low,C106,Machine Learning A-Z,Programming,Advanced,90,4.6,5,38,78.2,2,2.3,9,5,4.0,8,1,3,74.3,56.2,78.2,3,04-11-2023,Debit Card,Yes,No,6758,90,2,0,4.7,Not Completed,0,3,0,1,1,0,4,1
1336,STU101336,Sneha Iyer,Female,25,Master,Employed,Hyderabad,Laptop,Low,C103,Introduction to AI,Programming,Intermediate,75,4.5,5,30,62.0,5,0.5,7,5,5.8,3,7,2,81.7,40.4,41.7,1,21-08-2024,Debit Card,Yes,No,6184,67,3,2,3.7,Not Completed,0,3,0,0,1,2,4,1
1337,STU101337,Rohan Gupta,Male,26,Bachelor,Student,Ahmedabad,Mobile,Medium,C107,Statistics for Data Science,Math,Intermediate,50,4.2,4,26,44.7,1,12.2,2,6,6.6,4,6,1,56.2,82.3,43.7,3,18-07-2025,UPI,Yes,No,4303,95,1,1,3.3,Completed,1,0,2,1,2,2,3,5
1338,STU101338,Neha Bose,Male,27,Bachelor,Unemployed,Chennai,Mobile,High,C108,Excel for Business,Business,Beginner,25,4.1,2,31,68.6,1,3.6,5,3,7.3,5,5,3,59.0,64.4,57.2,1,16-11-2023,Scholarship,No,Yes,689,26,1,3,5.0,Completed,1,0,3,1,0,1,0,4
1339,STU101339,Rahul Kumar,Female,17,HighSchool,Student,Pune,Mobile,Medium,C101,Python Basics,Programming,Beginner,45,4.6,6,35,80.2,1,12.4,6,7,4.5,6,4,4,62.5,60.0,67.1,1,22-11-2024,Credit Card,Yes,Yes,3938,22,2,0,4.2,Completed,0,2,2,1,2,1,4,0
1340,STU101340,Arjun Sharma,Female,27,Bachelor,Student,Indore,Laptop,Medium,C103,Introduction to AI,Programming,Intermediate,75,4.5,6,20,64.4,2,3.3,5,6,8.1,6,4,2,65.6,82.6,62.7,5,10-09-2025,UPI,Yes,No,5790,93,4,2,2.7,Completed,0,0,2,0,2,2,4,5
1341,STU101341,Sakshi Shah,Male,37,Master,Student,Lucknow,Laptop,Medium,C106,Machine Learning A-Z,Programming,Advanced,90,4.6,6,40,73.1,3,8.3,3,3,10.0,4,6,3,100.0,40.5,51.6,4,17-12-2024,UPI,Yes,No,7147,89,4,0,3.6,Completed,1,3,2,0,2,0,4,5
1342,STU101342,Rohan Bhardwaj,Male,19,Bachelor,Student,Bengaluru,Laptop,High,C103,Introduction to AI,Programming,Intermediate,75,4.5,2,22,60.5,2,0.5,0,6,8.7,8,2,2,45.0,46.6,71.5,3,31-08-2024,Credit Card,Yes,Yes,5304,82,6,0,4.8,Completed,1,0,2,0,0,2,4,0
1343,STU101343,Sakshi Joshi,Male,24,Bachelor,Employed,Kolkata,Mobile,Medium,C104,Digital Marketing Essentials,Marketing,Beginner,30,4.3,4,51,44.9,0,0.5,0,9,0.7,5,5,5,78.1,53.1,48.4,0,15-05-2024,NetBanking,Yes,No,3473,36,0,0,3.8,Not Completed,1,0,0,1,2,1,2,3
1344,STU101344,Arjun Bhardwaj,Other,35,Bachelor,Employed,Surat,Laptop,High,C106,Machine Learning A-Z,Programming,Advanced,90,4.6,7,42,82.6,3,5.7,12,3,10.0,7,3,4,81.4,72.7,74.5,2,11-05-2024,Free,No,Yes,0,48,3,1,5.0,Not Completed,2,0,0,0,0,0,4,2
1345,STU101345,Arjun Kumar,Male,19,Diploma,Employed,Indore,Mobile,Medium,C106,Machine Learning A-Z,Programming,Advanced,90,4.6,8,11,75.0,3,1.6,0,2,8.2,8,2,5,71.9,55.6,77.0,0,05-04-2025,Debit Card,Yes,No,6704,69,3,3,4.5,Completed,1,1,0,1,2,0,4,1
1346,STU101346,Arjun Mehta,Male,32,PhD,Self-Employed,Bhopal,Laptop,Medium,C108,Excel for Business,Business,Beginner,25,4.1,5,23,55.6,4,0.5,2,3,8.0,4,6,4,66.9,69.9,46.9,2,13-03-2024,Free,No,No,0,85,2,0,4.6,Not Completed,1,4,1,0,2,1,0,2
1347,STU101347,Nikhil Bose,Female,18,Bachelor,Student,Bengaluru,Mobile,High,C102,Data Analysis with Python,Programming,Intermediate,60,4.7,4,46,21.4,3,13.4,7,5,6.4,8,2,3,64.0,55.1,58.2,1,09-05-2025,UPI,Yes,Yes,4389,55,3,0,3.3,Completed,0,0,2,1,0,2,4,5
1348,STU101348,Rahul Nair,Male,19,Master,Student,Delhi,Laptop,Medium,C102,Data Analysis with Python,Programming,Intermediate,60,4.7,8,31,72.7,4,0.9,0,7,4.5,5,5,2,62.0,61.4,58.5,4,14-03-2024,Debit Card,Yes,Yes,4560,79,1,1,5.0,Not Completed,1,3,2,0,2,2,4,1
1349,STU101349,Aarav Desai,Male,20,Bachelor,Employed,Hyderabad,Mobile,High,C108,Excel for Business,Business,Beginner,25,4.1,2,24,45.7,6,0.5,3,5,7.3,7,3,2,68.2,75.1,61.7,5,13-12-2024,Debit Card,Yes,Yes,2797,100,1,1,5.0,Completed,1,0,0,1,0,1,0,1
1350,STU101350,Isha Kumar,Female,18,Bachelor,Employed,Kolkata,Mobile,High,C106,Machine Learning A-Z,Programming,Advanced,90,4.6,4,45,49.6,2,0.5,6,7,5.1,7,3,6,65.2,76.7,63.2,2,30-07-2025,Scholarship,No,Yes,754,37,0,1,5.0,Completed,0,0,0,1,0,0,4,4
1351,STU101351,Neha Verma,Male,17,Bachelor,Student,Vadodara,Laptop,High,C102,Data Analysis with Python,Programming,Intermediate,60,4.7,5,33,78.7,1,0.5,3,2,5.1,5,5,4,88.2,72.0,61.1,2,28-02-2024,Debit Card,Yes,No,5406,90,1,2,3.9,Completed,1,0,2,0,0,2,4,1
1352,STU101352,Sai Patel,Female,26,Diploma,Student,Vadodara,Mobile,Medium,C108,Excel for Business,Business,Beginner,25,4.1,3,38,58.4,2,3.2,26,2,8.9,2,7,2,68.0,71.2,36.0,5,09-07-2025,UPI,Yes,No,3526,68,2,1,4.3,Not Completed,0,1,2,1,2,1,0,5
1353,STU101353,Neha Bhardwaj,Female,17,Bachelor,Employed,Jaipur,Mobile,Medium,C105,UI/UX Design Fundamentals,Design,Beginner,40,4.4,3,56,87.3,3,2.3,3,4,9.3,2,8,6,69.6,76.3,46.4,4,18-06-2025,Debit Card,Yes,No,3694,57,3,0,2.8,Not Completed,0,0,0,1,2,1,1,1
1354,STU101354,Rohan Singh,Female,40,Bachelor,Student,Lucknow,Laptop,Low,C101,Python Basics,Programming,Beginner,45,4.6,3,21,58.6,1,5.8,17,5,4.3,5,5,6,66.1,73.0,54.2,1,06-01-2024,UPI,Yes,No,4425,70,1,2,5.0,Not Completed,0,0,2,0,1,1,4,5
1355,STU101355,Meera Verma,Male,30,PhD,Student,Surat,Laptop,Low,C107,Statistics for Data Science,Math,Intermediate,50,4.2,3,42,12.9,5,12.6,1,7,5.4,2,8,0,74.4,74.4,20.2,3,08-02-2025,Scholarship,No,Yes,333,52,3,1,2.4,Not Completed,1,4,2,0,1,2,3,4
1356,STU101356,Sneha Verma,Male,25,Bachelor,Employed,Nagpur,Laptop,Medium,C103,Introduction to AI,Programming,Intermediate,75,4.5,6,40,91.6,1,4.6,10,5,2.8,6,4,3,70.0,92.2,72.7,2,13-02-2025,Scholarship,No,Yes,1049,49,3,0,5.0,Not Completed,1,0,0,0,2,2,4,4
1357,STU101357,Arjun Verma,Female,24,Master,Unemployed,Pune,Mobile,High,C102,Data Analysis with Python,Programming,Intermediate,60,4.7,4,38,83.2,4,1.7,0,3,9.1,7,3,7,74.7,76.1,74.9,2,08-12-2024,Debit Card,Yes,Yes,3955,51,0,0,4.6,Completed,0,3,3,1,0,2,4,1
1358,STU101358,Aarav Bose,Female,33,Diploma,Student,Ahmedabad,Mobile,Medium,C108,Excel for Business,Business,Beginner,25,4.1,4,50,61.1,1,7.1,4,6,4.9,5,5,3,80.8,71.0,54.9,4,31-05-2024,UPI,Yes,No,3445,71,2,2,3.9,Completed,0,1,2,1,2,1,0,5
1359,STU101359,Krishna Desai,Female,35,Bachelor,Employed,Pune,Laptop,Medium,C101,Python Basics,Programming,Beginner,45,4.6,6,38,30.3,3,6.0,15,5,5.5,6,4,7,90.6,49.2,49.1,2,08-01-2025,UPI,Yes,Yes,3874,86,1,0,3.5,Completed,0,0,0,0,2,1,4,5
1360,STU101360,Sakshi Reddy,Female,25,PhD,Employed,Indore,Mobile,High,C103,Introduction to AI,Programming,Intermediate,75,4.5,3,40,60.1,1,2.1,14,6,6.1,5,4,3,68.6,71.0,54.6,4,27-01-2025,Free,No,No,0,52,5,1,5.0,Not Completed,0,4,0,1,0,2,4,2
1361,STU101361,Rohan Mehta,Female,27,Master,Employed,Chennai,Mobile,Low,C107,Statistics for Data Science,Math,Intermediate,50,4.2,2,40,88.1,0,2.8,12,5,8.9,5,5,7,42.4,92.1,65.4,3,30-06-2025,UPI,Yes,No,4202,66,0,0,3.5,Completed,0,3,0,1,1,2,3,5
1362,STU101362,Priya Nair,Female,19,Bachelor,Student,Hyderabad,Mobile,High,C103,Introduction to AI,Programming,Intermediate,75,4.5,7,39,75.8,4,7.4,7,2,2.3,4,6,2,94.0,80.9,54.6,2,24-05-2025,UPI,Yes,No,5286,78,4,2,3.3,Completed,0,0,2,1,0,2,4,5
1363,STU101363,Sakshi Gupta,Female,31,Master,Employed,Surat,Laptop,Medium,C105,UI/UX Design Fundamentals,Design,Beginner,40,4.4,7,30,78.1,2,4.6,4,6,7.3,8,2,3,65.9,73.0,79.0,1,25-11-2023,UPI,Yes,No,4147,58,2,0,4.1,Completed,0,3,0,0,2,1,1,5
1364,STU101364,Ritika Sharma,Female,28,Bachelor,Student,Kolkata,Mobile,Medium,C104,Digital Marketing Essentials,Marketing,Beginner,30,4.3,5,40,72.1,4,2.1,0,6,8.1,6,4,4,61.3,83.8,65.4,2,29-11-2023,Scholarship,No,Yes,1730,76,1,2,4.9,Not Completed,0,0,2,1,2,1,2,4
1365,STU101365,Rohan Gupta,Male,24,Bachelor,Employed,Surat,Mobile,Low,C103,Introduction to AI,Programming,Intermediate,75,4.5,3,28,62.1,2,0.5,0,5,1.9,5,5,3,37.5,72.0,55.3,4,26-11-2023,UPI,Yes,No,5838,40,1,1,3.6,Not Completed,1,0,0,1,1,2,4,5
1366,STU101366,Rahul Mehta,Female,27,Bachelor,Student,Surat,Laptop,High,C106,Machine Learning A-Z,Programming,Advanced,90,4.6,4,22,86.1,2,0.5,1,3,7.6,5,4,6,63.5,66.5,63.5,3,06-12-2023,UPI,Yes,No,6662,100,2,0,4.0,Not Completed,0,0,2,0,0,0,4,5
1367,STU101367,Krishna Kumar,Female,26,Bachelor,Student,Kolkata,Laptop,High,C103,Introduction to AI,Programming,Intermediate,75,4.5,7,37,66.5,3,1.6,4,2,5.4,3,7,5,77.9,68.5,44.7,3,23-08-2024,Credit Card,Yes,No,5424,77,2,3,3.2,Completed,0,0,2,0,0,2,4,0
1368,STU101368,Ananya Reddy,Male,20,PhD,Employed,Bengaluru,Laptop,Medium,C103,Introduction to AI,Programming,Intermediate,75,4.5,6,39,72.4,2,3.8,1,5,10.0,4,6,5,83.5,76.5,53.2,0,05-07-2025,UPI,Yes,Yes,5225,81,3,2,4.6,Not Completed,1,4,0,0,2,2,4,5
1369,STU101369,Vivaan Nair,Male,35,Bachelor,Employed,Surat,Mobile,High,C108,Excel for Business,Business,Beginner,25,4.1,4,39,30.8,2,0.5,0,2,6.9,2,8,2,84.4,88.4,27.2,2,02-02-2025,Debit Card,Yes,No,3255,67,1,4,4.4,Not Completed,1,0,0,1,0,1,0,1
1370,STU101370,Kavya Sharma,Male,20,Bachelor,Employed,Indore,Mobile,High,C104,Digital Marketing Essentials,Marketing,Beginner,30,4.3,3,37,84.3,1,0.5,1,6,5.6,4,6,3,85.3,93.5,58.2,2,18-04-2024,UPI,Yes,Yes,3195,85,2,1,4.4,Completed,1,0,0,1,0,1,2,5
1371,STU101371,Nikhil Bose,Female,31,Master,Employed,Indore,Laptop,Medium,C104,Digital Marketing Essentials,Marketing,Beginner,30,4.3,4,35,36.4,4,8.3,5,7,6.8,4,6,2,90.2,91.0,41.3,2,22-11-2024,UPI,Yes,No,3442,50,2,1,5.0,Not Completed,0,3,0,0,2,1,2,5
1372,STU101372,Isha Joshi,Male,23,Master,Self-Employed,Kolkata,Mobile,Medium,C101,Python Basics,Programming,Beginner,45,4.6,3,33,21.1,3,0.5,0,3,6.8,1,9,2,77.6,52.3,16.0,2,23-01-2025,Free,No,Yes,0,60,1,0,5.0,Not Completed,1,3,1,1,2,1,4,2
1373,STU101373,Nikhil Bose,Male,17,Master,Student,Indore,Tablet,Medium,C108,Excel for Business,Business,Beginner,25,4.1,3,31,40.2,1,0.5,0,2,4.9,4,5,2,59.6,61.7,41.2,4,24-01-2025,Debit Card,Yes,No,3421,68,0,1,3.3,Completed,1,3,2,2,2,1,0,1
1374,STU101374,Aditya Kumar,Male,21,Bachelor,Employed,Hyderabad,Mobile,Medium,C106,Machine Learning A-Z,Programming,Advanced,90,4.6,5,14,51.6,2,1.0,23,8,3.8,6,4,3,53.8,61.0,57.1,1,01-04-2024,UPI,Yes,No,6674,75,1,0,4.4,Not Completed,1,0,0,1,2,0,4,5
1375,STU101375,Vihaan Sharma,Male,29,Master,Employed,Delhi,Mobile,High,C106,Machine Learning A-Z,Programming,Advanced,90,4.6,3,33,57.1,5,5.0,5,6,5.8,5,5,3,78.7,66.8,53.3,3,27-07-2025,Debit Card,Yes,No,6416,62,6,0,4.8,Completed,1,3,0,1,0,0,4,1
1376,STU101376,Sneha Sharma,Male,22,Diploma,Employed,Surat,Mobile,Medium,C106,Machine Learning A-Z,Programming,Advanced,90,4.6,7,38,66.6,3,0.5,9,5,7.0,5,5,5,78.3,56.1,56.1,1,23-03-2025,Debit Card,Yes,No,6278,72,2,0,3.8,Not Completed,1,1,0,1,2,0,4,1
1377,STU101377,Sakshi Verma,Female,18,Master,Employed,Chennai,Laptop,Medium,C104,Digital Marketing Essentials,Marketing,Beginner,30,4.3,5,28,82.9,1,3.8,0,1,10.0,2,8,5,79.0,55.3,43.8,2,30-11-2023,UPI,Yes,Yes,2888,63,3,0,4.9,Completed,0,3,0,0,2,1,2,5
1378,STU101378,Sai Bose,Male,27,Bachelor,Employed,Hyderabad,Laptop,Medium,C104,Digital Marketing Essentials,Marketing,Beginner,30,4.3,2,53,41.8,3,4.6,0,5,7.2,3,7,3,85.6,75.6,36.4,1,22-08-2025,UPI,Yes,Yes,3153,97,4,1,4.9,Not Completed,1,0,0,0,2,1,2,5
1379,STU101379,Arjun Verma,Male,22,Master,Unemployed,Nagpur,Mobile,Medium,C101,Python Basics,Programming,Beginner,45,4.6,5,40,46.2,3,2.2,1,6,4.3,5,5,4,81.2,44.7,48.4,1,08-12-2023,NetBanking,Yes,No,4596,93,1,2,2.8,Not Completed,1,3,3,1,2,1,4,3
1380,STU101380,Isha Kumar,Male,25,Bachelor,Employed,Ahmedabad,Mobile,High,C106,Machine Learning A-Z,Programming,Advanced,90,4.6,3,39,67.1,3,4.5,6,8,4.9,6,4,5,53.0,86.2,63.8,4,15-01-2025,Credit Card,Yes,No,6005,44,1,0,5.0,Completed,1,0,0,1,0,0,4,0
1381,STU101381,Ananya Iyer,Male,31,Bachelor,Employed,Bengaluru,Mobile,Medium,C101,Python Basics,Programming,Beginner,45,4.6,4,29,46.9,4,8.4,1,7,6.7,5,5,1,78.7,80.7,50.4,2,28-02-2024,NetBanking,Yes,Yes,3586,97,0,2,3.5,Not Completed,1,0,0,1,2,1,4,3
1382,STU101382,Krishna Patel,Female,34,Bachelor,Employed,Jaipur,Mobile,Medium,C106,Machine Learning A-Z,Programming,Advanced,90,4.6,2,55,82.1,6,6.4,4,10,5.9,5,4,3,90.7,68.9,62.2,3,29-10-2023,Free,No,No,0,43,5,2,4.5,Not Completed,0,0,0,1,2,0,4,2
1383,STU101383,Kavya Reddy,Female,29,Bachelor,Student,Nagpur,Laptop,Medium,C104,Digital Marketing Essentials,Marketing,Beginner,30,4.3,5,25,38.7,2,6.5,6,5,6.8,4,6,8,65.2,57.1,40.4,2,22-10-2023,Free,No,No,0,57,2,2,3.1,Not Completed,0,0,2,0,2,1,2,2
1384,STU101384,Sakshi Bose,Female,27,PhD,Employed,Kolkata,Laptop,Medium,C102,Data Analysis with Python,Programming,Intermediate,60,4.7,4,27,60.7,3,2.9,2,5,5.5,7,3,5,60.8,75.4,67.0,3,10-06-2025,Debit Card,Yes,No,4893,85,4,0,4.0,Not Completed,0,4,0,0,2,2,4,1
1385,STU101385,Meera Reddy,Female,25,Bachelor,Student,Chennai,Mobile,Medium,C103,Introduction to AI,Programming,Intermediate,75,4.5,5,36,58.7,2,0.5,2,9,3.3,8,1,4,71.9,89.9,73.0,3,23-06-2025,Free,No,No,0,82,2,0,3.8,Completed,0,0,2,1,2,2,4,2
1386,STU101386,Sakshi Patel,Female,17,Diploma,Student,Pune,Mobile,Medium,C108,Excel for Business,Business,Beginner,25,4.1,3,49,33.0,2,0.5,8,5,3.9,6,4,5,61.3,51.0,50.1,3,27-07-2024,Credit Card,Yes,No,3112,62,2,2,5.0,Not Completed,0,1,2,1,2,1,0,0
1387,STU101387,Sakshi Iyer,Female,28,Bachelor,Student,Surat,Laptop,High,C107,Statistics for Data Science,Math,Intermediate,50,4.2,5,19,93.3,5,10.8,1,4,3.8,3,7,4,71.2,59.5,53.6,1,16-05-2024,Scholarship,No,No,817,88,2,1,3.6,Not Completed,0,0,2,0,0,2,3,4
1388,STU101388,Vivaan Verma,Male,34,Bachelor,Employed,Bengaluru,Mobile,Low,C101,Python Basics,Programming,Beginner,45,4.6,5,40,72.4,2,5.9,11,5,5.6,7,2,5,74.4,60.2,70.3,4,08-10-2024,Free,No,No,0,78,2,0,3.2,Not Completed,1,0,0,1,1,1,4,2
1389,STU101389,Vivaan Verma,Male,22,Bachelor,Student,Nagpur,Laptop,High,C101,Python Basics,Programming,Beginner,45,4.6,3,29,72.5,7,7.0,5,5,4.7,5,5,8,79.6,68.8,58.8,2,30-05-2025,UPI,Yes,No,4448,53,3,0,4.1,Not Completed,1,0,2,0,0,1,4,5
1390,STU101390,Sakshi Kumar,Female,19,Bachelor,Employed,Hyderabad,Mobile,Medium,C108,Excel for Business,Business,Beginner,25,4.1,2,38,15.0,4,1.0,0,4,5.9,3,7,3,69.9,68.8,26.7,3,06-12-2023,Credit Card,Yes,No,3334,79,1,0,5.0,Not Completed,0,0,0,1,2,1,0,0
1391,STU101391,Vihaan Mehta,Male,19,Bachelor,Employed,Bengaluru,Mobile,Medium,C101,Python Basics,Programming,Beginner,45,4.6,5,29,80.9,1,6.2,6,8,6.9,7,3,3,64.9,67.2,73.7,1,03-08-2024,Credit Card,Yes,Yes,3669,65,1,1,4.3,Completed,1,0,0,1,2,1,4,0
1392,STU101392,Sakshi Iyer,Male,25,Bachelor,Employed,Indore,Laptop,Medium,C106,Machine Learning A-Z,Programming,Advanced,90,4.6,3,44,77.0,2,2.8,3,7,4.4,7,3,3,65.0,75.8,72.8,4,25-05-2025,Credit Card,Yes,No,6111,83,2,0,3.6,Not Completed,1,0,0,0,2,0,4,0
1393,STU101393,Rahul Verma,Male,28,PhD,Self-Employed,Kolkata,Laptop,High,C106,Machine Learning A-Z,Programming,Advanced,90,4.6,3,34,62.0,1,4.9,2,5,6.1,8,1,5,61.9,66.3,73.0,2,19-10-2024,Free,No,No,0,44,2,1,5.0,Completed,1,4,1,0,0,0,4,2
1394,STU101394,Vivaan Sharma,Female,17,Diploma,Employed,Vadodara,Mobile,Medium,C102,Data Analysis with Python,Programming,Intermediate,60,4.7,4,12,64.5,3,0.5,11,7,5.7,3,7,3,56.4,86.5,44.9,1,28-10-2024,UPI,Yes,Yes,4307,51,0,1,5.0,Not Completed,0,1,0,1,2,2,4,5
1395,STU101395,Priya Shah,Male,26,Master,Employed,Delhi,Mobile,High,C106,Machine Learning A-Z,Programming,Advanced,90,4.6,3,23,87.8,1,0.5,6,4,7.2,3,6,6,77.3,75.0,52.5,2,02-05-2025,UPI,Yes,No,6352,57,3,1,3.5,Not Completed,1,3,0,1,0,0,4,5
1396,STU101396,Aditya Kumar,Male,33,Bachelor,Employed,Kolkata,Mobile,Medium,C101,Python Basics,Programming,Beginner,45,4.6,3,39,73.1,0,4.0,12,5,4.3,4,6,2,59.3,43.8,51.8,1,27-09-2025,Free,No,No,0,92,0,0,2.9,Completed,1,0,0,1,2,1,4,2
1397,STU101397,Neha Joshi,Female,23,Diploma,Employed,Surat,Laptop,High,C103,Introduction to AI,Programming,Intermediate,75,4.5,6,32,51.1,6,0.5,13,4,7.4,6,4,1,70.0,78.0,57.8,2,18-05-2024,Scholarship,No,No,988,50,2,2,5.0,Completed,0,1,0,0,0,2,4,4
1398,STU101398,Krishna Bhardwaj,Female,24,Master,Student,Mumbai,Laptop,High,C101,Python Basics,Programming,Beginner,45,4.6,7,36,65.2,4,10.2,7,2,4.1,5,5,0,81.6,57.6,55.7,2,22-07-2025,Debit Card,Yes,No,4211,68,1,2,3.6,Completed,0,3,2,0,0,1,4,1
1399,STU101399,Ritika Sharma,Female,26,Bachelor,Employed,Kolkata,Tablet,Medium,C106,Machine Learning A-Z,Programming,Advanced,90,4.6,3,19,29.3,4,2.2,9,5,5.5,6,4,1,67.2,37.0,48.1,3,27-06-2025,Scholarship,No,No,1171,56,4,0,3.9,Not Completed,0,0,0,2,2,0,4,4
1400,STU101400,Ananya Mehta,Other,21,Bachelor,Employed,Jaipur,Mobile,Low,C107,Statistics for Data Science,Math,Intermediate,50,4.2,4,54,84.6,4,1.4,8,9,8.1,6,3,4,67.7,54.8,68.4,2,08-07-2024,Debit Card,Yes,No,4920,97,2,0,5.0,Completed,2,0,0,1,1,2,3,1
1401,STU101401,Ritika Bhardwaj,Female,26,HighSchool,Student,Jaipur,Mobile,Medium,C103,Introduction to AI,Programming,Intermediate,75,4.5,4,42,39.6,3,9.3,1,8,6.3,5,5,3,72.6,80.6,47.9,0,26-02-2024,Free,No,No,0,66,3,0,3.7,Not Completed,0,2,2,1,2,2,4,2
1402,STU101402,Sakshi Bhardwaj,Male,32,HighSchool,Employed,Kolkata,Mobile,Medium,C104,Digital Marketing Essentials,Marketing,Beginner,30,4.3,3,39,90.7,2,5.8,12,3,5.3,5,5,3,83.0,81.6,65.8,0,25-07-2025,Scholarship,No,No,1604,62,2,1,5.0,Not Completed,1,2,0,1,2,1,2,4
1403,STU101403,Meera Reddy,Male,36,Bachelor,Student,Vadodara,Tablet,Medium,C102,Data Analysis with Python,Programming,Intermediate,60,4.7,3,35,62.5,3,0.5,7,4,7.7,6,4,2,65.0,66.2,61.2,1,02-07-2025,NetBanking,Yes,Yes,4348,56,4,0,3.8,Not Completed,1,0,2,2,2,2,4,3
1404,STU101404,Rohan Nair,Male,22,Bachelor,Employed,Ahmedabad,Mobile,High,C108,Excel for Business,Business,Beginner,25,4.1,7,38,51.8,4,0.5,0,6,7.8,5,5,4,84.7,46.0,50.4,1,18-10-2023,Debit Card,Yes,No,3386,75,3,0,4.2,Completed,1,0,0,1,0,1,0,1
1405,STU101405,Vihaan Patel,Female,22,Bachelor,Student,Kolkata,Laptop,Low,C105,UI/UX Design Fundamentals,Design,Beginner,40,4.4,7,28,95.8,3,0.5,9,5,6.8,4,6,3,68.4,82.0,61.6,5,14-02-2024,UPI,Yes,No,4276,42,1,0,4.3,Not Completed,0,0,2,0,1,1,1,5
1406,STU101406,Krishna Desai,Female,20,Bachelor,Student,Jaipur,Mobile,High,C108,Excel for Business,Business,Beginner,25,4.1,2,27,81.6,2,9.8,1,2,8.6,4,6,4,36.4,78.6,56.5,3,13-12-2024,Free,No,No,0,16,1,1,4.4,Completed,0,0,2,1,0,1,0,2
1407,STU101407,Vivaan Joshi,Male,37,Bachelor,Student,Hyderabad,Laptop,Medium,C104,Digital Marketing Essentials,Marketing,Beginner,30,4.3,4,26,19.1,2,5.6,18,6,1.0,4,6,4,66.4,88.7,35.1,2,30-07-2025,UPI,Yes,No,3799,54,0,0,2.7,Not Completed,1,0,2,0,2,1,2,5
1408,STU101408,Krishna Patel,Male,36,Bachelor,Self-Employed,Lucknow,Laptop,High,C102,Data Analysis with Python,Programming,Intermediate,60,4.7,7,34,73.0,1,0.5,32,6,10.0,5,5,6,94.1,58.7,58.5,0,31-07-2024,Credit Card,Yes,Yes,3952,54,1,0,5.0,Not Completed,1,0,1,0,0,2,4,0
1409,STU101409,Neha Desai,Male,26,Bachelor,Student,Delhi,Mobile,Medium,C102,Data Analysis with Python,Programming,Intermediate,60,4.7,2,32,41.3,1,6.5,6,5,2.4,2,8,1,62.2,67.1,29.8,2,18-03-2025,UPI,Yes,Yes,4114,64,0,0,4.5,Completed,1,0,2,1,2,2,4,5
1410,STU101410,Rahul Joshi,Female,35,Diploma,Employed,Vadodara,Mobile,High,C101,Python Basics,Programming,Beginner,45,4.6,6,36,33.6,1,0.5,0,2,7.3,5,5,5,71.4,60.8,44.8,2,18-09-2025,UPI,Yes,No,4258,41,1,1,3.5,Not Completed,0,1,0,1,0,1,4,5
1411,STU101411,Pooja Joshi,Male,26,HighSchool,Employed,Chennai,Laptop,Medium,C106,Machine Learning A-Z,Programming,Advanced,90,4.6,6,35,64.6,4,5.7,2,1,6.0,3,7,1,72.8,93.2,45.3,2,08-07-2025,NetBanking,Yes,Yes,5700,96,4,1,4.3,Completed,1,2,0,0,2,0,4,3
1412,STU101412,Aarav Shah,Female,23,Bachelor,Employed,Bengaluru,Laptop,Medium,C102,Data Analysis with Python,Programming,Intermediate,60,4.7,7,30,41.8,2,3.0,3,8,8.5,7,3,0,51.8,69.7,60.1,2,27-09-2024,Free,No,No,0,74,3,0,5.0,Completed,0,0,0,0,2,2,4,2
1413,STU101413,Meera Bose,Female,21,Bachelor,Student,Kolkata,Laptop,Low,C107,Statistics for Data Science,Math,Intermediate,50,4.2,3,48,60.0,0,3.9,7,4,4.7,5,4,7,58.9,77.8,54.9,2,08-08-2025,Credit Card,Yes,No,4787,52,2,2,5.0,Completed,0,0,2,0,1,2,3,0
1414,STU101414,Arjun Reddy,Female,24,Bachelor,Employed,Bengaluru,Mobile,High,C105,UI/UX Design Fundamentals,Design,Beginner,40,4.4,5,39,81.1,5,3.9,3,7,4.9,3,7,6,75.8,75.6,50.2,1,18-04-2025,Free,No,No,0,67,0,0,3.7,Not Completed,0,0,0,1,0,1,1,2
1415,STU101415,Pooja Reddy,Female,31,Diploma,Student,Vadodara,Mobile,Medium,C107,Statistics for Data Science,Math,Intermediate,50,4.2,8,37,75.5,7,9.8,0,2,5.0,6,4,3,40.5,57.7,65.3,0,13-12-2023,Debit Card,Yes,No,4110,33,4,1,3.5,Completed,0,1,2,1,2,2,3,1
1416,STU101416,Ritika Kumar,Female,31,Bachelor,Student,Jaipur,Tablet,High,C106,Machine Learning A-Z,Programming,Advanced,90,4.6,7,43,81.1,4,7.8,1,8,8.7,8,2,8,71.5,90.3,80.9,2,04-09-2024,NetBanking,Yes,No,6033,66,1,1,5.0,Completed,0,0,2,2,0,0,4,3
1417,STU101417,Rahul Gupta,Male,17,Master,Self-Employed,Mumbai,Mobile,Medium,C102,Data Analysis with Python,Programming,Intermediate,60,4.7,5,17,25.0,0,3.3,6,6,7.3,3,7,3,71.3,44.7,29.0,3,17-09-2025,UPI,Yes,No,4781,53,3,3,2.6,Not Completed,1,3,1,1,2,2,4,5
1418,STU101418,Pooja Desai,Male,32,Diploma,Self-Employed,Bhopal,Laptop,Low,C108,Excel for Business,Business,Beginner,25,4.1,3,50,38.7,2,0.5,1,4,6.8,7,3,3,48.1,69.2,59.0,2,13-10-2024,Free,No,No,0,53,0,2,4.9,Not Completed,1,1,1,0,1,1,0,2
1419,STU101419,Aditya Verma,Male,20,Master,Student,Ahmedabad,Mobile,Low,C107,Statistics for Data Science,Math,Intermediate,50,4.2,6,28,91.8,4,6.8,0,8,9.8,6,4,6,65.3,85.1,72.4,3,28-09-2024,Free,No,No,0,66,4,1,5.0,Not Completed,1,3,2,1,1,2,3,2
1420,STU101420,Priya Iyer,Male,22,Bachelor,Student,Surat,Mobile,High,C107,Statistics for Data Science,Math,Intermediate,50,4.2,6,38,78.6,2,0.5,4,6,8.0,5,5,1,59.0,66.9,60.8,4,23-05-2025,Scholarship,No,Yes,1526,86,3,0,3.5,Not Completed,1,0,2,1,0,2,3,4
1421,STU101421,Sakshi Mehta,Male,17,Bachelor,Employed,Bengaluru,Mobile,Low,C105,UI/UX Design Fundamentals,Design,Beginner,40,4.4,5,38,68.2,3,0.5,9,3,9.1,4,6,1,100.0,82.4,52.0,1,27-08-2024,Free,No,No,0,95,1,0,4.3,Completed,1,0,0,1,1,1,1,2
1422,STU101422,Pooja Nair,Female,25,Bachelor,Student,Mumbai,Tablet,Medium,C102,Data Analysis with Python,Programming,Intermediate,60,4.7,4,19,26.5,3,1.5,2,3,1.0,5,5,5,57.4,64.8,42.5,2,13-01-2024,Scholarship,No,No,2466,100,2,1,3.2,Not Completed,0,0,2,2,2,2,4,4
1423,STU101423,Meera Bose,Female,27,Bachelor,Employed,Pune,Mobile,High,C103,Introduction to AI,Programming,Intermediate,75,4.5,5,33,80.0,1,12.7,1,1,6.6,3,7,1,63.7,66.6,49.3,2,21-08-2024,UPI,Yes,No,5532,43,2,0,4.1,Completed,0,0,0,1,0,2,4,5
1424,STU101424,Krishna Gupta,Male,33,Bachelor,Employed,Ahmedabad,Mobile,High,C102,Data Analysis with Python,Programming,Intermediate,60,4.7,5,35,88.1,2,0.5,6,8,5.5,2,8,2,72.6,86.6,47.2,7,03-11-2024,UPI,Yes,Yes,4626,84,1,1,4.4,Not Completed,1,0,0,1,0,2,4,5
1425,STU101425,Vivaan Desai,Female,32,Bachelor,Employed,Pune,Mobile,High,C108,Excel for Business,Business,Beginner,25,4.1,6,14,69.5,3,7.5,0,5,9.8,3,7,3,81.8,57.6,45.2,1,13-01-2025,Free,No,No,0,63,1,0,1.9,Completed,0,0,0,1,0,1,0,2
1426,STU101426,Ritika Patel,Female,31,Diploma,Student,Vadodara,Mobile,Low,C104,Digital Marketing Essentials,Marketing,Beginner,30,4.3,5,41,42.7,1,0.5,0,4,6.1,7,3,6,86.0,82.7,61.1,4,12-03-2025,Credit Card,Yes,No,3155,64,3,2,4.2,Not Completed,0,1,2,1,1,1,2,0
1427,STU101427,Arjun Singh,Female,41,Bachelor,Employed,Hyderabad,Mobile,Medium,C108,Excel for Business,Business,Beginner,25,4.1,4,32,65.0,1,0.5,2,6,6.1,7,3,1,61.1,68.8,68.2,5,05-04-2025,Scholarship,No,No,773,46,0,3,2.6,Completed,0,0,0,1,2,1,0,4
1428,STU101428,Ananya Desai,Female,27,Diploma,Employed,Hyderabad,Laptop,Low,C101,Python Basics,Programming,Beginner,45,4.6,5,20,64.8,3,7.0,5,5,7.8,6,4,4,76.4,70.1,62.2,0,25-01-2024,Debit Card,Yes,No,4634,74,2,1,2.7,Not Completed,0,1,0,0,1,1,4,1
1429,STU101429,Ritika Iyer,Female,17,Bachelor,Employed,Bengaluru,Mobile,Medium,C102,Data Analysis with Python,Programming,Intermediate,60,4.7,5,48,30.2,3,0.8,13,2,5.9,3,7,4,91.4,47.0,30.9,2,23-11-2023,UPI,Yes,No,5438,100,2,1,3.4,Not Completed,0,0,0,1,2,2,4,5
1430,STU101430,Kavya Mehta,Male,30,Master,Student,Indore,Mobile,Medium,C107,Statistics for Data Science,Math,Intermediate,50,4.2,4,33,65.8,2,0.5,8,4,8.6,4,6,4,65.5,79.9,51.0,1,12-02-2024,UPI,Yes,No,4276,53,5,1,3.9,Not Completed,1,3,2,1,2,2,3,5
1431,STU101431,Aarav Kumar,Female,27,Master,Student,Bhopal,Mobile,Medium,C101,Python Basics,Programming,Beginner,45,4.6,2,19,73.7,3,0.5,6,6,6.2,3,7,5,62.1,61.1,46.8,0,16-06-2025,NetBanking,Yes,No,4554,79,4,1,4.5,Not Completed,0,3,2,1,2,1,4,3
1432,STU101432,Aditya Joshi,Female,23,Bachelor,Student,Kolkata,Laptop,Medium,C108,Excel for Business,Business,Beginner,25,4.1,2,35,32.3,0,0.5,10,2,9.3,5,5,3,92.2,79.1,45.3,3,30-01-2024,UPI,Yes,Yes,2510,51,0,2,4.1,Not Completed,0,0,2,0,2,1,0,5
1433,STU101433,Ritika Desai,Female,25,Bachelor,Employed,Lucknow,Mobile,Medium,C106,Machine Learning A-Z,Programming,Advanced,90,4.6,4,37,73.2,2,3.4,6,6,8.6,6,4,4,79.6,90.9,66.2,0,09-11-2023,Debit Card,Yes,No,6049,46,5,1,4.6,Not Completed,0,0,0,1,2,0,4,1
1434,STU101434,Nikhil Desai,Female,43,Master,Employed,Ahmedabad,Laptop,High,C105,UI/UX Design Fundamentals,Design,Beginner,40,4.4,3,39,34.1,2,9.3,11,5,6.6,5,5,2,65.1,77.5,45.8,2,18-05-2024,Debit Card,Yes,No,3652,76,2,0,5.0,Not Completed,0,3,0,0,0,1,1,1
1435,STU101435,Pooja Singh,Male,17,Master,Student,Pune,Mobile,Medium,C102,Data Analysis with Python,Programming,Intermediate,60,4.7,6,45,66.3,2,9.2,5,7,6.2,4,6,7,72.0,91.9,51.8,1,14-04-2025,UPI,Yes,No,4757,62,2,1,3.3,Not Completed,1,3,2,1,2,2,4,5
1436,STU101436,Pooja Desai,Male,18,Master,Employed,Kolkata,Mobile,Medium,C106,Machine Learning A-Z,Programming,Advanced,90,4.6,5,24,79.0,4,0.5,1,6,7.5,4,6,2,71.1,83.1,55.8,1,22-07-2024,Scholarship,No,No,1397,71,1,0,4.7,Not Completed,1,3,0,1,2,0,4,4
1437,STU101437,Arjun Verma,Female,26,Bachelor,Student,Ahmedabad,Mobile,Low,C101,Python Basics,Programming,Beginner,45,4.6,4,40,47.2,2,0.5,14,6,6.1,3,7,6,73.8,67.7,37.9,1,15-07-2025,Credit Card,Yes,No,4564,82,2,1,3.6,Not Completed,0,0,2,1,1,1,4,0
1438,STU101438,Rahul Gupta,Female,27,Diploma,Employed,Delhi,Mobile,Medium,C102,Data Analysis with Python,Programming,Intermediate,60,4.7,4,26,49.8,2,8.5,1,4,9.1,7,3,4,76.3,90.7,64.0,1,09-10-2024,UPI,Yes,Yes,4205,74,3,2,4.4,Not Completed,0,1,0,1,2,2,4,5
1439,STU101439,Rahul Joshi,Male,22,Bachelor,Student,Ahmedabad,Mobile,Medium,C101,Python Basics,Programming,Beginner,45,4.6,4,33,71.2,1,4.9,6,3,7.5,4,6,6,84.2,71.0,52.5,3,02-08-2024,Free,No,No,0,63,3,0,4.1,Not Completed,1,0,2,1,2,1,4,2
1440,STU101440,Nikhil Singh,Female,33,Bachelor,Student,Bengaluru,Laptop,Medium,C101,Python Basics,Programming,Beginner,45,4.6,4,30,85.6,1,4.0,10,11,8.7,5,4,2,81.8,85.8,64.3,1,05-07-2025,UPI,Yes,Yes,3884,97,3,0,4.3,Not Completed,0,0,2,0,2,1,4,5
1441,STU101441,Pooja Gupta,Female,31,Bachelor,Employed,Kolkata,Laptop,Low,C101,Python Basics,Programming,Beginner,45,4.6,2,32,22.3,1,0.5,3,4,3.3,2,7,3,53.7,57.3,22.7,1,15-11-2023,Debit Card,Yes,No,4014,22,5,1,4.3,Not Completed,0,0,0,0,1,1,4,1
1442,STU101442,Meera Bose,Male,21,Master,Employed,Lucknow,Mobile,High,C101,Python Basics,Programming,Beginner,45,4.6,8,27,69.0,4,0.5,5,4,9.6,4,5,2,74.2,75.2,51.9,2,12-11-2024,Credit Card,Yes,No,4389,50,5,0,3.4,Not Completed,1,3,0,1,0,1,4,0
1443,STU101443,Vivaan Sharma,Male,21,HighSchool,Employed,Chennai,Mobile,High,C103,Introduction to AI,Programming,Intermediate,75,4.5,3,36,36.2,4,1.8,17,4,4.6,8,2,4,62.1,83.2,64.8,1,18-06-2025,Credit Card,Yes,No,5948,94,3,0,4.9,Not Completed,1,2,0,1,0,2,4,0
1444,STU101444,Nikhil Iyer,Female,19,Bachelor,Unemployed,Nagpur,Laptop,Medium,C106,Machine Learning A-Z,Programming,Advanced,90,4.6,5,44,70.5,0,1.5,12,1,4.1,4,6,8,76.4,71.7,52.3,1,15-01-2025,Free,No,No,0,46,1,1,3.5,Completed,0,0,3,0,2,0,4,2
1445,STU101445,Sakshi Joshi,Female,25,Bachelor,Employed,Ahmedabad,Laptop,Low,C103,Introduction to AI,Programming,Intermediate,75,4.5,6,38,59.5,3,6.8,4,4,4.3,9,1,4,63.8,46.1,77.1,8,06-05-2024,UPI,Yes,No,5972,96,1,1,5.0,Not Completed,0,0,0,0,1,2,4,5
1446,STU101446,Rahul Sharma,Male,22,Bachelor,Student,Bhopal,Laptop,Medium,C106,Machine Learning A-Z,Programming,Advanced,90,4.6,7,17,34.4,1,0.5,29,7,6.0,3,7,1,77.8,60.7,33.1,3,04-02-2025,Debit Card,Yes,No,6745,85,4,0,4.4,Completed,1,0,2,0,2,0,4,1
1447,STU101447,Nikhil Verma,Male,30,Bachelor,Student,Delhi,Mobile,High,C107,Statistics for Data Science,Math,Intermediate,50,4.2,5,17,52.0,3,1.5,4,3,5.1,3,7,1,79.7,61.9,39.3,7,01-10-2025,UPI,Yes,No,4716,83,1,1,4.7,Completed,1,0,2,1,0,2,3,5
1448,STU101448,Kavya Sharma,Female,30,Master,Student,Kolkata,Laptop,Medium,C102,Data Analysis with Python,Programming,Intermediate,60,4.7,4,29,86.5,2,9.0,12,4,7.1,5,5,3,80.3,47.9,62.7,4,06-08-2025,UPI,Yes,No,4995,80,1,0,5.0,Completed,0,3,2,0,2,2,4,5
1449,STU101449,Kavya Reddy,Female,37,Master,Student,Pune,Mobile,High,C108,Excel for Business,Business,Beginner,25,4.1,5,53,17.4,2,10.5,18,4,9.3,5,5,2,78.8,70.0,39.6,1,12-03-2024,Credit Card,Yes,No,3079,39,0,2,4.4,Not Completed,0,3,2,1,0,1,0,0
1450,STU101450,Sakshi Kumar,Female,27,HighSchool,Self-Employed,Bhopal,Mobile,Medium,C103,Introduction to AI,Programming,Intermediate,75,4.5,3,33,77.5,3,0.5,6,3,6.7,9,1,1,61.4,75.0,84.9,4,21-04-2024,Free,No,No,0,61,2,0,4.0,Completed,0,2,1,1,2,2,4,2
1451,STU101451,Pooja Desai,Female,20,Bachelor,Student,Nagpur,Laptop,Medium,C108,Excel for Business,Business,Beginner,25,4.1,7,32,45.7,4,6.9,14,5,6.6,5,5,5,89.5,49.0,48.4,1,23-01-2025,Scholarship,No,No,507,76,5,2,4.3,Not Completed,0,0,2,0,2,1,0,4
1452,STU101452,Meera Patel,Male,30,Master,Student,Delhi,Mobile,High,C104,Digital Marketing Essentials,Marketing,Beginner,30,4.3,11,15,64.4,4,0.5,4,3,7.4,6,4,2,71.0,56.6,61.4,4,10-10-2024,UPI,Yes,No,3666,74,0,2,3.2,Not Completed,1,3,2,1,0,1,2,5
1453,STU101453,Meera Reddy,Male,22,Bachelor,Student,Nagpur,Laptop,Low,C102,Data Analysis with Python,Programming,Intermediate,60,4.7,5,20,82.2,2,3.6,2,2,4.7,5,5,4,53.8,77.3,62.6,1,07-10-2024,UPI,Yes,No,4866,55,3,1,4.6,Not Completed,1,0,2,0,1,2,4,5
1454,STU101454,Sakshi Bhardwaj,Male,30,Master,Employed,Bengaluru,Mobile,Low,C104,Digital Marketing Essentials,Marketing,Beginner,30,4.3,6,44,32.7,2,4.9,14,7,4.2,7,3,8,68.2,78.1,57.4,2,05-12-2024,Credit Card,Yes,No,3688,73,5,1,4.0,Not Completed,1,3,0,1,1,1,2,0
1455,STU101455,Vihaan Joshi,Male,19,Bachelor,Employed,Surat,Mobile,Low,C105,UI/UX Design Fundamentals,Design,Beginner,40,4.4,5,41,17.6,2,9.3,23,0,6.9,6,4,3,69.9,98.8,47.1,2,21-08-2024,Free,No,No,0,49,3,2,4.1,Not Completed,1,0,0,1,1,1,1,2
1456,STU101456,Rahul Reddy,Male,18,Bachelor,Student,Chennai,Mobile,Low,C105,UI/UX Design Fundamentals,Design,Beginner,40,4.4,4,26,64.5,2,3.0,3,3,5.8,3,7,4,59.2,96.5,45.4,4,17-06-2024,UPI,Yes,Yes,3310,64,1,0,3.5,Not Completed,1,0,2,1,1,1,1,5
1457,STU101457,Sakshi Singh,Female,26,Master,Student,Surat,Mobile,High,C101,Python Basics,Programming,Beginner,45,4.6,6,35,32.5,6,2.2,13,3,6.0,3,7,2,68.0,79.8,33.4,1,21-02-2025,Free,No,No,0,95,3,0,4.6,Not Completed,0,3,2,1,0,1,4,2
1458,STU101458,Priya Sharma,Female,23,Diploma,Student,Hyderabad,Mobile,Medium,C102,Data Analysis with Python,Programming,Intermediate,60,4.7,4,54,36.8,1,6.4,0,7,6.7,5,4,6,79.9,72.6,46.5,0,26-09-2025,Free,No,Yes,0,100,2,2,3.9,Not Completed,0,1,2,1,2,2,4,2
1459,STU101459,Nikhil Mehta,Female,27,Bachelor,Employed,Vadodara,Mobile,Medium,C108,Excel for Business,Business,Beginner,25,4.1,7,37,33.7,6,0.5,2,3,7.9,5,5,4,74.2,65.1,45.0,1,19-05-2025,Free,No,No,0,42,4,1,3.5,Not Completed,0,0,0,1,2,1,0,2
1460,STU101460,Pooja Gupta,Female,35,Bachelor,Employed,Indore,Laptop,Low,C102,Data Analysis with Python,Programming,Intermediate,60,4.7,5,32,62.9,2,0.5,5,2,7.2,4,5,5,73.1,86.6,50.4,2,25-08-2025,Free,No,No,0,78,5,0,5.0,Not Completed,0,0,0,0,1,2,4,2
1461,STU101461,Aditya Nair,Female,17,Master,Student,Bhopal,Laptop,Low,C106,Machine Learning A-Z,Programming,Advanced,90,4.6,5,25,49.7,0,1.2,20,1,4.4,6,4,7,50.0,47.5,55.8,0,26-02-2025,Credit Card,Yes,No,6613,78,1,0,4.3,Completed,0,3,2,0,1,0,4,0
1462,STU101462,Vihaan Bhardwaj,Female,27,Bachelor,Employed,Jaipur,Mobile,High,C104,Digital Marketing Essentials,Marketing,Beginner,30,4.3,6,25,57.1,3,0.5,2,9,7.3,6,4,3,67.9,73.8,59.7,2,07-05-2025,Scholarship,No,No,1729,84,1,1,3.4,Not Completed,0,0,0,1,0,1,2,4
1463,STU101463,Vihaan Shah,Male,21,Diploma,Employed,Kolkata,Laptop,High,C102,Data Analysis with Python,Programming,Intermediate,60,4.7,4,36,72.6,2,6.5,9,13,2.0,4,6,0,57.7,65.1,52.7,0,05-12-2024,Credit Card,Yes,No,5435,74,1,0,4.6,Completed,1,1,0,0,0,2,4,0
1464,STU101464,Aditya Bhardwaj,Male,35,HighSchool,Student,Delhi,Laptop,High,C106,Machine Learning A-Z,Programming,Advanced,90,4.6,4,32,62.1,5,2.8,4,6,8.2,4,6,5,68.6,59.9,48.7,3,18-06-2025,Debit Card,Yes,Yes,5163,75,5,1,4.0,Completed,1,2,2,0,0,0,4,1
1465,STU101465,Priya Joshi,Female,24,Master,Student,Kolkata,Mobile,High,C105,UI/UX Design Fundamentals,Design,Beginner,40,4.4,8,26,59.0,3,0.5,4,8,4.9,4,6,3,81.8,39.4,46.6,4,18-12-2023,Free,No,No,0,91,2,0,4.1,Not Completed,0,3,2,1,0,1,1,2
1466,STU101466,Aditya Singh,Female,31,Bachelor,Employed,Nagpur,Mobile,Low,C101,Python Basics,Programming,Beginner,45,4.6,3,15,65.3,1,2.5,19,5,5.4,2,8,2,62.9,70.1,38.4,0,02-06-2025,Free,No,No,0,31,2,1,3.1,Not Completed,0,0,0,1,1,1,4,2
1467,STU101467,Aarav Desai,Female,24,Bachelor,Self-Employed,Bengaluru,Laptop,High,C105,UI/UX Design Fundamentals,Design,Beginner,40,4.4,5,48,76.0,2,4.1,1,3,4.0,4,6,4,83.2,65.6,53.9,2,22-01-2025,Free,No,No,0,77,0,1,4.5,Not Completed,0,0,1,0,0,1,1,2
1468,STU101468,Rahul Kumar,Female,19,HighSchool,Self-Employed,Chennai,Laptop,Medium,C105,UI/UX Design Fundamentals,Design,Beginner,40,4.4,2,39,75.5,3,0.5,5,5,4.5,5,5,2,96.6,42.0,58.5,1,16-01-2025,UPI,Yes,Yes,3554,74,4,0,4.8,Completed,0,2,1,0,2,1,1,5
1469,STU101469,Krishna Singh,Female,27,Bachelor,Employed,Lucknow,Mobile,High,C108,Excel for Business,Business,Beginner,25,4.1,5,22,48.8,3,0.5,3,5,8.1,4,6,5,69.4,69.5,44.5,2,18-08-2024,Credit Card,Yes,No,3553,35,1,0,4.3,Not Completed,0,0,0,1,0,1,0,0
1470,STU101470,Nikhil Desai,Female,26,Bachelor,Student,Bhopal,Tablet,Medium,C106,Machine Learning A-Z,Programming,Advanced,90,4.6,6,28,32.8,0,6.5,4,5,7.4,5,5,2,71.4,67.8,44.9,3,04-01-2025,UPI,Yes,No,6231,84,2,1,4.9,Completed,0,0,2,2,2,0,4,5
1471,STU101471,Sneha Sharma,Female,36,Bachelor,Employed,Jaipur,Mobile,Medium,C101,Python Basics,Programming,Beginner,45,4.6,6,38,83.3,1,4.5,3,5,6.0,8,2,4,57.8,64.1,80.4,1,22-03-2025,UPI,Yes,No,4381,86,1,0,4.1,Completed,0,0,0,1,2,1,4,5
1472,STU101472,Priya Shah,Male,34,Master,Student,Bengaluru,Mobile,High,C107,Statistics for Data Science,Math,Intermediate,50,4.2,2,55,66.8,2,0.5,4,8,8.0,6,4,4,85.4,62.4,62.5,0,19-12-2023,UPI,Yes,Yes,4123,98,1,1,2.4,Completed,1,3,2,1,0,2,3,5
1473,STU101473,Sneha Bose,Male,30,Bachelor,Student,Surat,Mobile,Medium,C108,Excel for Business,Business,Beginner,25,4.1,6,47,88.4,5,5.7,12,2,9.7,2,7,4,67.7,76.9,46.8,3,17-10-2023,Scholarship,No,No,461,68,0,1,3.8,Completed,1,0,2,1,2,1,0,4
1474,STU101474,Rahul Shah,Male,25,Master,Student,Hyderabad,Mobile,High,C101,Python Basics,Programming,Beginner,45,4.6,4,24,77.4,1,0.5,6,3,7.4,2,8,4,68.2,51.1,41.6,0,31-07-2024,UPI,Yes,No,4019,19,3,3,3.9,Not Completed,1,3,2,1,0,1,4,5
1475,STU101475,Aarav Singh,Female,17,Diploma,Student,Chennai,Mobile,Medium,C106,Machine Learning A-Z,Programming,Advanced,90,4.6,5,24,85.8,3,1.7,4,4,7.6,4,6,4,81.7,53.1,56.7,3,23-11-2024,Credit Card,Yes,No,6952,91,2,1,4.2,Completed,0,1,2,1,2,0,4,0
1476,STU101476,Pooja Nair,Female,41,Bachelor,Student,Chennai,Mobile,Medium,C103,Introduction to AI,Programming,Intermediate,75,4.5,6,25,88.0,4,6.4,4,3,4.4,9,1,1,86.4,71.6,88.4,2,04-01-2025,UPI,Yes,No,6140,83,4,3,3.5,Completed,0,0,2,1,2,2,4,5
1477,STU101477,Rahul Singh,Male,17,Bachelor,Student,Lucknow,Mobile,Medium,C102,Data Analysis with Python,Programming,Intermediate,60,4.7,5,42,31.5,1,8.2,8,8,3.2,5,5,3,84.5,51.7,43.6,2,07-03-2024,UPI,Yes,No,4827,94,5,0,3.4,Completed,1,0,2,1,2,2,4,5
1478,STU101478,Krishna Gupta,Female,27,PhD,Unemployed,Chennai,Laptop,Medium,C107,Statistics for Data Science,Math,Intermediate,50,4.2,6,50,83.0,2,0.5,2,7,3.7,3,7,6,84.5,63.7,50.2,2,19-10-2024,UPI,Yes,No,4339,50,2,0,5.0,Not Completed,0,4,3,0,2,2,3,5
1479,STU101479,Isha Verma,Male,25,Master,Student,Ahmedabad,Laptop,Medium,C108,Excel for Business,Business,Beginner,25,4.1,4,32,80.9,4,1.4,1,4,4.1,9,1,5,74.1,63.5,85.5,1,02-09-2025,NetBanking,Yes,No,2937,68,4,0,4.5,Not Completed,1,3,2,0,2,1,0,3
1480,STU101480,Arjun Verma,Male,25,PhD,Student,Mumbai,Laptop,Low,C101,Python Basics,Programming,Beginner,45,4.6,6,18,46.2,3,1.7,7,3,6.8,6,4,4,79.5,92.2,56.8,6,02-11-2023,Debit Card,Yes,Yes,3366,57,2,1,4.5,Not Completed,1,4,2,0,1,1,4,1
1481,STU101481,Arjun Nair,Female,25,Bachelor,Student,Bhopal,Mobile,High,C104,Digital Marketing Essentials,Marketing,Beginner,30,4.3,4,38,52.8,2,0.5,11,5,7.2,3,6,0,76.0,54.1,39.2,0,06-01-2025,UPI,Yes,No,3602,65,1,1,3.1,Completed,0,0,2,1,0,1,2,5
1482,STU101482,Arjun Sharma,Female,20,Bachelor,Student,Bengaluru,Laptop,High,C105,UI/UX Design Fundamentals,Design,Beginner,40,4.4,4,19,46.8,1,0.5,0,5,7.1,4,6,6,82.4,64.0,43.6,2,15-12-2024,Credit Card,Yes,No,3892,76,0,3,4.4,Not Completed,0,0,2,0,0,1,1,0
1483,STU101483,Kavya Bose,Male,25,Master,Employed,Vadodara,Mobile,High,C106,Machine Learning A-Z,Programming,Advanced,90,4.6,6,29,52.3,5,3.6,8,7,6.5,4,6,0,52.0,52.9,45.0,1,25-12-2024,Credit Card,Yes,No,6894,59,1,0,5.0,Completed,1,3,0,1,0,0,4,0
1484,STU101484,Sakshi Verma,Female,27,Bachelor,Employed,Kolkata,Mobile,Medium,C104,Digital Marketing Essentials,Marketing,Beginner,30,4.3,6,11,40.2,1,0.5,30,1,7.2,3,7,2,55.0,59.7,35.0,4,04-05-2025,UPI,Yes,No,3190,57,4,1,4.4,Not Completed,0,0,0,1,2,1,2,5
1485,STU101485,Kavya Mehta,Female,22,Bachelor,Employed,Hyderabad,Laptop,Medium,C102,Data Analysis with Python,Programming,Intermediate,60,4.7,3,35,39.8,2,0.5,5,3,5.2,2,7,3,56.4,56.7,28.8,2,24-12-2024,NetBanking,Yes,Yes,4380,38,6,1,3.9,Completed,0,0,0,0,2,2,4,3
1486,STU101486,Sakshi Patel,Male,24,Master,Employed,Jaipur,Mobile,Low,C104,Digital Marketing Essentials,Marketing,Beginner,30,4.3,7,38,84.4,2,10.8,2,5,6.0,5,5,6,86.8,63.1,62.7,3,15-06-2024,Debit Card,Yes,No,3721,50,2,0,3.1,Completed,1,3,0,1,1,1,2,1
1487,STU101487,Ritika Kumar,Female,17,Bachelor,Student,Chennai,Laptop,Medium,C108,Excel for Business,Business,Beginner,25,4.1,4,29,97.3,1,7.2,1,6,5.0,9,1,4,81.3,98.1,92.9,3,29-05-2025,UPI,Yes,Yes,2625,96,5,1,5.0,Completed,0,0,2,0,2,1,0,5
1488,STU101488,Sneha Patel,Female,21,Diploma,Employed,Mumbai,Mobile,High,C104,Digital Marketing Essentials,Marketing,Beginner,30,4.3,7,35,51.8,5,7.2,0,2,10.0,4,5,8,92.9,100.0,47.1,1,28-10-2024,Credit Card,Yes,No,3203,66,7,0,4.4,Not Completed,0,1,0,1,0,1,2,0
1489,STU101489,Vihaan Bhardwaj,Female,21,Diploma,Student,Kolkata,Laptop,Medium,C108,Excel for Business,Business,Beginner,25,4.1,4,15,51.9,1,0.5,3,6,6.8,3,7,0,65.7,64.1,39.4,2,06-01-2024,Free,No,No,0,24,0,1,3.3,Completed,0,1,2,0,2,1,0,2
1490,STU101490,Arjun Nair,Male,27,HighSchool,Student,Indore,Mobile,Medium,C104,Digital Marketing Essentials,Marketing,Beginner,30,4.3,8,35,87.2,0,1.7,9,3,6.6,3,6,4,72.3,53.6,51.2,1,29-07-2024,UPI,Yes,No,3664,72,2,1,4.9,Not Completed,1,2,2,1,2,1,2,5
1491,STU101491,Kavya Gupta,Male,22,Bachelor,Student,Delhi,Mobile,Medium,C104,Digital Marketing Essentials,Marketing,Beginner,30,4.3,7,45,77.1,1,0.5,3,5,10.0,5,5,5,87.7,67.3,60.4,1,02-07-2025,Free,No,No,0,54,2,0,4.1,Not Completed,1,0,2,1,2,1,2,2
1492,STU101492,Aditya Singh,Female,34,Bachelor,Student,Kolkata,Mobile,Medium,C105,UI/UX Design Fundamentals,Design,Beginner,40,4.4,3,34,62.0,2,0.6,5,0,6.5,4,6,1,75.4,67.4,49.1,6,26-08-2025,Free,No,No,0,100,3,0,3.5,Not Completed,0,0,2,1,2,1,1,2
1493,STU101493,Aditya Iyer,Female,23,Bachelor,Student,Lucknow,Laptop,High,C104,Digital Marketing Essentials,Marketing,Beginner,30,4.3,5,37,56.3,4,0.5,0,6,5.6,4,5,2,86.9,71.8,47.3,7,01-06-2025,Scholarship,No,No,1008,76,3,0,4.5,Completed,0,0,2,0,0,1,2,4
1494,STU101494,Ananya Bhardwaj,Female,19,Bachelor,Employed,Mumbai,Laptop,Medium,C108,Excel for Business,Business,Beginner,25,4.1,9,42,69.4,3,5.7,3,5,5.2,5,5,2,75.7,74.2,58.0,0,16-04-2025,Free,No,Yes,0,97,3,0,4.3,Completed,0,0,0,0,2,1,0,2
1495,STU101495,Aarav Reddy,Female,17,Bachelor,Employed,Kolkata,Mobile,Medium,C104,Digital Marketing Essentials,Marketing,Beginner,30,4.3,7,41,86.3,2,0.5,6,3,3.4,3,7,3,48.8,55.2,51.0,3,08-02-2025,Credit Card,Yes,No,3175,76,2,2,4.1,Completed,0,0,0,1,2,1,2,0
1496,STU101496,Nikhil Nair,Female,25,HighSchool,Employed,Hyderabad,Laptop,High,C103,Introduction to AI,Programming,Intermediate,75,4.5,3,31,30.8,4,2.0,7,6,8.1,5,5,6,81.7,70.4,44.3,1,13-08-2024,Free,No,No,0,57,4,0,3.9,Not Completed,0,2,0,0,0,2,4,2
1497,STU101497,Ananya Verma,Female,18,Bachelor,Student,Mumbai,Mobile,Medium,C106,Machine Learning A-Z,Programming,Advanced,90,4.6,6,34,43.7,0,0.5,0,1,7.2,7,3,1,90.7,95.0,62.0,1,19-06-2025,Free,No,No,0,52,2,0,4.6,Not Completed,0,0,2,1,2,0,4,2
1498,STU101498,Ananya Nair,Male,25,Master,Student,Vadodara,Mobile,Medium,C104,Digital Marketing Essentials,Marketing,Beginner,30,4.3,7,39,62.8,1,5.8,20,10,4.5,4,6,5,77.8,79.5,50.0,2,18-12-2023,Scholarship,No,No,1062,69,0,2,4.5,Not Completed,1,3,2,1,2,1,2,4
1499,STU101499,Meera Bhardwaj,Male,28,Bachelor,Student,Bengaluru,Mobile,Low,C104,Digital Marketing Essentials,Marketing,Beginner,30,4.3,6,34,82.7,1,3.2,4,3,4.5,4,5,1,54.9,63.2,56.1,3,19-08-2025,UPI,Yes,No,3548,84,1,0,5.0,Completed,1,0,2,1,1,1,2,5
1500,STU101500,Ananya Desai,Female,30,Master,Employed,Indore,Laptop,Medium,C105,UI/UX Design Fundamentals,Design,Beginner,40,4.4,8,17,76.7,3,0.5,2,6,3.4,4,6,4,58.6,81.9,54.9,2,05-08-2024,Debit Card,Yes,No,4069,54,1,2,4.2,Completed,0,3,0,0,2,1,1,1
1501,STU101501,Meera Sharma,Female,29,Diploma,Student,Bengaluru,Laptop,High,C104,Digital Marketing Essentials,Marketing,Beginner,30,4.3,4,31,40.7,1,3.1,24,7,3.9,6,4,6,80.0,59.4,53.2,6,27-07-2024,Debit Card,Yes,Yes,3029,49,1,0,4.8,Not Completed,0,1,2,0,0,1,2,1
1502,STU101502,Neha Verma,Male,17,Bachelor,Student,Jaipur,Mobile,High,C102,Data Analysis with Python,Programming,Intermediate,60,4.7,2,41,98.5,3,0.5,7,4,4.8,7,3,4,81.5,77.6,80.4,1,06-07-2024,Scholarship,No,Yes,1295,65,3,0,4.3,Not Completed,1,0,2,1,0,2,4,4
1503,STU101503,Aarav Nair,Female,17,Bachelor,Student,Delhi,Laptop,Medium,C105,UI/UX Design Fundamentals,Design,Beginner,40,4.4,2,45,88.7,4,2.6,0,1,7.9,6,4,6,72.8,46.8,69.4,2,13-06-2025,Debit Card,Yes,No,3613,53,4,0,3.8,Completed,0,0,2,0,2,1,1,1
1504,STU101504,Arjun Iyer,Female,32,Master,Student,Kolkata,Mobile,Low,C103,Introduction to AI,Programming,Intermediate,75,4.5,5,35,24.9,0,4.2,3,6,6.8,6,4,3,86.4,80.6,48.7,3,13-04-2024,UPI,Yes,No,5429,49,4,2,3.7,Completed,0,3,2,1,1,2,4,5
1505,STU101505,Neha Desai,Male,21,Bachelor,Employed,Indore,Mobile,Medium,C102,Data Analysis with Python,Programming,Intermediate,60,4.7,5,39,94.4,6,11.1,0,6,8.9,7,3,5,76.6,54.2,77.7,3,19-04-2024,Credit Card,Yes,Yes,4372,80,4,0,4.3,Not Completed,1,0,0,1,2,2,4,0
1506,STU101506,Ritika Shah,Male,25,Bachelor,Employed,Mumbai,Tablet,High,C103,Introduction to AI,Programming,Intermediate,75,4.5,6,47,62.7,1,4.6,7,0,4.5,4,6,3,66.9,88.9,50.4,1,11-01-2024,Credit Card,Yes,No,6322,56,1,1,4.0,Not Completed,1,0,0,2,0,2,4,0
1507,STU101507,Arjun Bhardwaj,Male,41,HighSchool,Employed,Bhopal,Mobile,Medium,C107,Statistics for Data Science,Math,Intermediate,50,4.2,3,39,37.1,2,10.9,9,11,3.4,3,7,2,72.5,85.3,35.3,0,07-03-2025,UPI,Yes,No,4307,86,2,2,3.5,Completed,1,2,0,1,2,2,3,5
1508,STU101508,Isha Desai,Male,17,Master,Employed,Chennai,Laptop,High,C102,Data Analysis with Python,Programming,Intermediate,60,4.7,3,38,53.6,1,2.9,2,4,4.6,7,3,5,99.0,95.5,65.5,0,09-01-2025,NetBanking,Yes,No,5410,70,5,2,5.0,Completed,1,3,0,0,0,2,4,3
1509,STU101509,Sai Singh,Male,31,Bachelor,Student,Jaipur,Laptop,Low,C106,Machine Learning A-Z,Programming,Advanced,90,4.6,6,40,32.6,3,6.0,5,3,6.5,4,6,4,44.2,66.2,38.7,1,04-10-2024,UPI,Yes,No,6172,42,2,0,4.4,Not Completed,1,0,2,0,1,0,4,5
1510,STU101510,Vivaan Iyer,Female,17,HighSchool,Student,Ahmedabad,Mobile,Medium,C106,Machine Learning A-Z,Programming,Advanced,90,4.6,5,36,62.8,1,4.4,11,10,7.7,4,6,4,74.6,76.1,49.8,0,12-02-2024,UPI,Yes,No,6400,59,2,1,4.8,Not Completed,0,2,2,1,2,0,4,5
1511,STU101511,Vivaan Verma,Female,28,Bachelor,Student,Kolkata,Mobile,Medium,C103,Introduction to AI,Programming,Intermediate,75,4.5,6,35,52.5,3,3.6,0,6,7.2,6,4,5,66.0,76.0,58.2,2,20-08-2024,Debit Card,Yes,No,5219,41,1,0,3.8,Completed,0,0,2,1,2,2,4,1
1512,STU101512,Meera Nair,Female,24,Bachelor,Employed,Vadodara,Mobile,Medium,C108,Excel for Business,Business,Beginner,25,4.1,7,29,79.6,1,6.6,5,6,5.9,8,2,5,70.5,92.2,80.5,3,12-06-2024,Credit Card,Yes,No,3466,60,5,0,4.2,Completed,0,0,0,1,2,1,0,0
1513,STU101513,Priya Iyer,Male,34,Bachelor,Employed,Indore,Laptop,Medium,C103,Introduction to AI,Programming,Intermediate,75,4.5,5,44,93.2,3,9.0,27,4,10.0,4,6,2,76.3,99.8,61.6,6,11-07-2024,NetBanking,Yes,No,5749,84,4,1,4.2,Completed,1,0,0,0,2,2,4,3
1514,STU101514,Arjun Gupta,Male,25,Bachelor,Employed,Nagpur,Mobile,High,C103,Introduction to AI,Programming,Intermediate,75,4.5,7,29,23.5,3,0.8,0,9,10.0,4,6,3,69.7,79.0,36.2,2,07-08-2024,Free,No,No,0,44,3,0,4.9,Not Completed,1,0,0,1,0,2,4,2
1515,STU101515,Kavya Mehta,Female,24,Diploma,Employed,Lucknow,Mobile,High,C102,Data Analysis with Python,Programming,Intermediate,60,4.7,6,32,84.1,0,13.7,20,0,7.2,4,6,0,81.9,70.0,56.9,0,11-04-2025,Free,No,No,0,67,4,0,4.7,Completed,0,1,0,1,0,2,4,2
1516,STU101516,Vivaan Sharma,Female,22,Master,Student,Bhopal,Laptop,Low,C104,Digital Marketing Essentials,Marketing,Beginner,30,4.3,4,43,96.7,4,0.5,3,9,9.2,4,6,3,73.3,58.4,60.8,1,13-10-2024,Credit Card,Yes,No,3434,64,1,0,1.8,Not Completed,0,3,2,0,1,1,2,0
1517,STU101517,Isha Bhardwaj,Female,17,Bachelor,Employed,Bhopal,Mobile,Medium,C105,UI/UX Design Fundamentals,Design,Beginner,40,4.4,8,33,31.0,2,8.3,14,9,9.3,3,7,5,59.1,78.9,32.8,4,22-07-2024,Free,No,No,0,86,1,0,4.1,Not Completed,0,0,0,1,2,1,1,2
1518,STU101518,Pooja Kumar,Female,34,Master,Student,Ahmedabad,Mobile,High,C107,Statistics for Data Science,Math,Intermediate,50,4.2,6,55,80.6,2,8.4,0,6,5.3,7,3,4,93.5,88.4,74.6,4,04-07-2024,Scholarship,No,No,1307,88,4,0,3.5,Completed,0,3,2,1,0,2,3,4
1519,STU101519,Nikhil Mehta,Male,31,HighSchool,Employed,Kolkata,Tablet,Medium,C106,Machine Learning A-Z,Programming,Advanced,90,4.6,3,31,26.6,0,1.1,8,4,5.4,5,5,3,47.2,65.2,42.6,2,20-06-2024,Credit Card,Yes,No,6595,65,2,2,3.5,Not Completed,1,2,0,2,2,0,4,0
1520,STU101520,Nikhil Desai,Female,30,Bachelor,Employed,Pune,Mobile,Medium,C104,Digital Marketing Essentials,Marketing,Beginner,30,4.3,5,22,42.8,4,0.5,12,2,5.8,6,4,2,88.4,59.8,54.0,1,09-09-2025,UPI,Yes,No,3319,86,1,2,4.7,Completed,0,0,0,1,2,1,2,5
1521,STU101521,Sai Joshi,Male,24,Master,Employed,Surat,Mobile,Low,C101,Python Basics,Programming,Beginner,45,4.6,6,46,55.7,4,13.3,6,2,10.0,7,3,4,83.8,61.4,64.6,5,25-10-2023,Debit Card,Yes,No,4492,40,2,1,3.9,Completed,1,3,0,1,1,1,4,1
1522,STU101522,Aditya Patel,Male,29,Master,Employed,Chennai,Mobile,Low,C101,Python Basics,Programming,Beginner,45,4.6,6,27,51.0,5,3.9,20,9,7.4,3,7,5,73.1,83.1,40.0,2,31-01-2024,UPI,Yes,Yes,3369,61,1,1,5.0,Not Completed,1,3,0,1,1,1,4,5
1523,STU101523,Kavya Joshi,Male,22,Master,Student,Pune,Mobile,High,C106,Machine Learning A-Z,Programming,Advanced,90,4.6,3,14,78.9,3,0.5,9,7,5.5,5,5,2,78.1,74.0,61.3,2,30-06-2024,UPI,Yes,No,6514,59,1,0,3.2,Completed,1,3,2,1,0,0,4,5
1524,STU101524,Krishna Patel,Female,22,Diploma,Student,Mumbai,Laptop,Medium,C105,UI/UX Design Fundamentals,Design,Beginner,40,4.4,6,43,31.3,1,3.4,9,10,9.7,7,2,4,74.4,81.7,57.0,0,14-12-2023,UPI,Yes,No,3972,46,5,1,4.4,Completed,0,1,2,0,2,1,1,5
1525,STU101525,Sakshi Iyer,Male,23,PhD,Unemployed,Bhopal,Mobile,Medium,C107,Statistics for Data Science,Math,Intermediate,50,4.2,4,33,54.8,1,0.5,4,6,5.1,5,5,5,77.1,69.0,52.6,3,21-06-2025,UPI,Yes,No,4082,75,6,0,4.5,Not Completed,1,4,3,1,2,2,3,5
1526,STU101526,Vihaan Nair,Female,31,Bachelor,Employed,Delhi,Laptop,Medium,C101,Python Basics,Programming,Beginner,45,4.6,4,25,70.1,4,0.5,16,2,7.8,6,4,1,79.5,64.1,63.7,0,27-06-2025,UPI,Yes,Yes,3932,21,2,1,3.7,Not Completed,0,0,0,0,2,1,4,5
1527,STU101527,Arjun Mehta,Female,27,Bachelor,Employed,Lucknow,Mobile,Medium,C106,Machine Learning A-Z,Programming,Advanced,90,4.6,4,45,95.3,1,0.5,9,5,4.9,2,8,3,92.6,53.4,48.0,2,10-08-2025,Debit Card,Yes,No,6169,26,0,2,2.1,Completed,0,0,0,1,2,0,4,1
1528,STU101528,Nikhil Desai,Male,17,Bachelor,Student,Bengaluru,Mobile,Low,C108,Excel for Business,Business,Beginner,25,4.1,4,16,75.4,1,0.5,3,4,6.2,5,4,2,90.4,83.0,60.5,3,28-09-2025,Scholarship,No,No,1203,90,5,0,3.0,Completed,1,0,2,1,1,1,0,4
1529,STU101529,Sai Kumar,Male,25,Bachelor,Self-Employed,Ahmedabad,Mobile,Medium,C104,Digital Marketing Essentials,Marketing,Beginner,30,4.3,8,50,73.3,2,7.3,1,2,4.8,5,4,7,100.0,44.5,57.9,3,02-01-2024,UPI,Yes,No,3833,87,1,0,5.0,Not Completed,1,0,1,1,2,1,2,5
1530,STU101530,Kavya Bose,Male,28,Bachelor,Employed,Ahmedabad,Mobile,High,C106,Machine Learning A-Z,Programming,Advanced,90,4.6,6,50,23.8,2,6.4,3,6,6.0,5,5,3,60.4,69.1,41.8,3,24-09-2025,Scholarship,No,No,1923,41,7,0,4.0,Completed,1,0,0,1,0,0,4,4
1531,STU101531,Pooja Kumar,Female,28,Master,Student,Bengaluru,Mobile,High,C107,Statistics for Data Science,Math,Intermediate,50,4.2,5,40,64.9,2,1.4,2,4,6.5,6,4,5,76.5,78.5,62.6,3,26-07-2024,Debit Card,Yes,No,4748,79,2,1,3.9,Completed,0,3,2,1,0,2,3,1
1532,STU101532,Vivaan Mehta,Male,28,Master,Student,Chennai,Laptop,High,C103,Introduction to AI,Programming,Intermediate,75,4.5,3,28,48.3,2,1.4,6,7,6.3,3,7,2,68.4,72.0,38.5,3,17-12-2023,Scholarship,No,No,2724,55,3,0,4.0,Not Completed,1,3,2,0,0,2,4,4
1533,STU101533,Neha Shah,Male,19,Bachelor,Employed,Ahmedabad,Laptop,Low,C102,Data Analysis with Python,Programming,Intermediate,60,4.7,3,53,63.7,0,0.5,0,3,6.3,5,5,2,97.3,62.1,55.4,4,27-12-2023,Free,No,Yes,0,82,1,0,3.9,Completed,1,0,0,0,1,2,4,2
1534,STU101534,Meera Bose,Female,25,Bachelor,Student,Pune,Mobile,High,C105,UI/UX Design Fundamentals,Design,Beginner,40,4.4,7,64,83.7,3,0.5,9,5,7.8,6,4,8,61.9,83.7,69.5,4,16-04-2024,Scholarship,No,No,651,57,1,1,4.1,Not Completed,0,0,2,1,0,1,1,4
1535,STU101535,Meera Sharma,Male,31,Bachelor,Student,Bengaluru,Mobile,High,C104,Digital Marketing Essentials,Marketing,Beginner,30,4.3,6,42,47.9,1,0.5,10,8,9.5,7,3,1,91.8,100.0,63.7,4,31-12-2024,Scholarship,No,No,363,88,7,1,4.4,Not Completed,1,0,2,1,0,1,2,4
1536,STU101536,Krishna Bhardwaj,Male,31,Master,Student,Lucknow,Laptop,Medium,C101,Python Basics,Programming,Beginner,45,4.6,9,39,93.9,2,3.6,1,4,5.9,5,5,2,80.0,65.8,66.2,2,11-01-2025,Scholarship,No,No,496,71,3,0,3.9,Not Completed,1,3,2,0,2,1,4,4
1537,STU101537,Neha Sharma,Female,26,Master,Employed,Mumbai,Mobile,Medium,C101,Python Basics,Programming,Beginner,45,4.6,6,37,78.8,1,7.0,15,4,7.1,5,5,2,71.3,76.6,61.4,0,24-05-2025,Free,No,No,0,75,3,1,3.5,Completed,0,3,0,1,2,1,4,2
1538,STU101538,Neha Desai,Male,26,Master,Unemployed,Kolkata,Laptop,High,C101,Python Basics,Programming,Beginner,45,4.6,6,37,39.3,2,10.2,5,1,5.6,5,5,8,75.5,71.0,47.3,4,09-03-2025,Free,No,No,0,65,2,2,3.8,Not Completed,1,3,3,0,0,1,4,2
1539,STU101539,Arjun Iyer,Female,23,Master,Employed,Lucknow,Laptop,High,C101,Python Basics,Programming,Beginner,45,4.6,7,32,95.4,5,9.3,5,7,5.7,4,6,1,96.2,93.0,62.1,1,24-11-2023,Free,No,No,0,85,3,0,4.2,Not Completed,0,3,0,0,0,1,4,2
1540,STU101540,Priya Kumar,Female,21,HighSchool,Student,Bengaluru,Laptop,Medium,C106,Machine Learning A-Z,Programming,Advanced,90,4.6,6,46,22.2,1,5.9,4,1,6.3,5,4,3,76.4,71.8,41.4,0,20-11-2024,UPI,Yes,Yes,5523,69,2,1,3.9,Not Completed,0,2,2,0,2,0,4,5
1541,STU101541,Nikhil Patel,Male,33,Bachelor,Employed,Surat,Laptop,High,C106,Machine Learning A-Z,Programming,Advanced,90,4.6,3,20,72.7,1,4.9,6,6,4.0,5,5,3,61.2,54.9,58.2,4,02-03-2025,Free,No,No,0,50,0,1,4.7,Not Completed,1,0,0,0,0,0,4,2
1542,STU101542,Meera Mehta,Female,21,Bachelor,Student,Chennai,Mobile,High,C107,Statistics for Data Science,Math,Intermediate,50,4.2,2,36,91.4,3,0.5,18,4,5.9,4,6,4,62.8,75.7,59.8,2,27-12-2023,UPI,Yes,No,4758,57,2,3,4.4,Completed,0,0,2,1,0,2,3,5
1543,STU101543,Rahul Singh,Male,29,Bachelor,Employed,Mumbai,Mobile,Medium,C103,Introduction to AI,Programming,Intermediate,75,4.5,2,34,64.5,1,1.8,7,2,4.7,3,7,3,76.0,80.4,44.6,1,21-09-2025,Free,No,No,0,57,2,1,4.0,Not Completed,1,0,0,1,2,2,4,2
1544,STU101544,Meera Sharma,Other,24,Master,Unemployed,Jaipur,Mobile,Low,C104,Digital Marketing Essentials,Marketing,Beginner,30,4.3,2,21,73.7,2,0.5,21,4,5.1,3,7,1,83.3,48.8,46.2,3,18-10-2024,Debit Card,Yes,Yes,3265,64,2,0,5.0,Completed,2,3,3,1,1,1,2,1
1545,STU101545,Pooja Iyer,Male,27,Master,Self-Employed,Ahmedabad,Laptop,High,C103,Introduction to AI,Programming,Intermediate,75,4.5,4,24,32.4,3,3.1,3,5,4.5,5,5,4,89.1,63.6,44.5,0,25-07-2025,Debit Card,Yes,Yes,4787,53,2,2,3.3,Not Completed,1,3,1,0,0,2,4,1
1546,STU101546,Aditya Joshi,Female,17,Master,Student,Surat,Mobile,Medium,C107,Statistics for Data Science,Math,Intermediate,50,4.2,3,20,34.7,0,4.7,5,3,4.3,5,5,3,58.1,62.5,45.3,1,29-09-2024,UPI,Yes,No,4520,45,2,0,5.0,Completed,0,3,2,1,2,2,3,5
1547,STU101547,Aditya Shah,Female,25,Master,Student,Kolkata,Mobile,High,C106,Machine Learning A-Z,Programming,Advanced,90,4.6,6,36,86.7,4,7.7,6,3,6.8,4,6,5,84.2,54.2,57.1,1,08-08-2024,Scholarship,No,No,330,74,2,1,5.0,Not Completed,0,3,2,1,0,0,4,4
1548,STU101548,Krishna Verma,Female,30,PhD,Employed,Surat,Mobile,High,C101,Python Basics,Programming,Beginner,45,4.6,3,23,75.5,1,0.5,4,10,7.0,5,5,1,59.9,61.8,59.5,4,13-11-2024,Scholarship,No,No,1367,93,3,2,3.8,Completed,0,4,0,1,0,1,4,4
1549,STU101549,Krishna Kumar,Male,21,Bachelor,Student,Indore,Mobile,Medium,C103,Introduction to AI,Programming,Intermediate,75,4.5,9,33,78.9,5,4.7,1,4,4.9,7,3,4,83.1,81.1,73.7,4,03-02-2024,NetBanking,Yes,Yes,4680,81,3,1,5.0,Completed,1,0,2,1,2,2,4,3
1550,STU101550,Sneha Reddy,Female,28,Master,Employed,Delhi,Laptop,Medium,C108,Excel for Business,Business,Beginner,25,4.1,4,33,40.6,4,4.3,0,11,7.8,3,7,7,76.7,71.5,35.8,1,07-01-2025,UPI,Yes,No,3036,79,4,1,5.0,Not Completed,0,3,0,0,2,1,0,5
1551,STU101551,Krishna Verma,Female,18,Bachelor,Employed,Mumbai,Laptop,High,C102,Data Analysis with Python,Programming,Intermediate,60,4.7,2,25,35.1,2,2.9,1,4,2.4,4,6,4,67.2,86.6,40.6,2,15-06-2025,Free,No,No,0,46,3,2,3.8,Not Completed,0,0,0,0,0,2,4,2
1552,STU101552,Rohan Reddy,Female,27,Bachelor,Employed,Chennai,Mobile,High,C101,Python Basics,Programming,Beginner,45,4.6,4,49,46.8,3,0.5,6,4,6.8,6,4,1,58.4,69.0,55.8,3,22-04-2025,Credit Card,Yes,No,4101,86,3,0,4.1,Completed,0,0,0,1,0,1,4,0
1553,STU101553,Ananya Reddy,Female,23,Bachelor,Student,Surat,Mobile,Medium,C108,Excel for Business,Business,Beginner,25,4.1,7,18,87.4,1,13.2,0,9,9.9,5,5,5,98.8,75.3,64.3,2,19-01-2025,UPI,Yes,No,3247,83,1,0,3.8,Not Completed,0,0,2,1,2,1,0,5
1554,STU101554,Aarav Patel,Female,43,Master,Employed,Hyderabad,Laptop,High,C101,Python Basics,Programming,Beginner,45,4.6,6,26,86.7,3,0.5,2,3,8.5,6,4,3,77.3,83.2,70.5,6,29-11-2023,Debit Card,Yes,No,4619,94,2,0,4.6,Completed,0,3,0,0,0,1,4,1
1555,STU101555,Priya Sharma,Male,20,Master,Unemployed,Pune,Laptop,Medium,C107,Statistics for Data Science,Math,Intermediate,50,4.2,6,19,40.1,1,3.1,9,2,9.2,9,1,2,76.4,75.9,71.8,1,30-08-2025,UPI,Yes,No,4641,61,1,1,4.0,Not Completed,1,3,3,0,2,2,3,5
1556,STU101556,Ritika Reddy,Female,32,Bachelor,Employed,Lucknow,Mobile,High,C107,Statistics for Data Science,Math,Intermediate,50,4.2,4,18,60.2,0,0.5,0,2,4.6,2,8,2,55.0,50.9,35.6,6,18-04-2025,Scholarship,No,No,785,95,2,0,3.8,Not Completed,0,0,0,1,0,2,3,4
1557,STU101557,Arjun Nair,Female,18,Bachelor,Employed,Jaipur,Mobile,High,C102,Data Analysis with Python,Programming,Intermediate,60,4.7,3,41,74.0,3,0.5,0,5,4.5,3,7,1,65.3,37.8,45.8,0,29-12-2023,Free,No,No,0,47,2,0,3.9,Completed,0,0,0,1,0,2,4,2
1558,STU101558,Vivaan Nair,Female,24,Bachelor,Student,Bengaluru,Laptop,High,C104,Digital Marketing Essentials,Marketing,Beginner,30,4.3,5,44,38.7,4,2.0,8,13,10.0,6,4,1,94.9,100.0,54.6,4,05-11-2023,Debit Card,Yes,No,3342,58,4,1,3.6,Not Completed,0,0,2,0,0,1,2,1
1559,STU101559,Meera Bose,Female,25,Master,Employed,Bhopal,Laptop,High,C105,UI/UX Design Fundamentals,Design,Beginner,40,4.4,4,45,86.7,3,8.4,14,5,7.4,6,4,4,70.3,60.7,69.4,4,21-06-2024,NetBanking,Yes,No,3767,51,2,1,3.5,Completed,0,3,0,0,0,1,1,3
1560,STU101560,Arjun Patel,Female,38,Bachelor,Employed,Bengaluru,Laptop,Medium,C105,UI/UX Design Fundamentals,Design,Beginner,40,4.4,7,37,52.2,0,1.7,1,2,6.5,7,3,4,78.5,72.8,63.9,1,26-08-2024,UPI,Yes,No,3610,47,0,0,4.6,Completed,0,0,0,0,2,1,1,5
1561,STU101561,Vihaan Reddy,Female,25,Bachelor,Employed,Jaipur,Laptop,Medium,C102,Data Analysis with Python,Programming,Intermediate,60,4.7,4,34,66.6,2,7.7,2,5,4.7,4,6,5,88.7,81.5,51.4,0,13-06-2025,NetBanking,Yes,Yes,4640,47,0,2,4.3,Not Completed,0,0,0,0,2,2,4,3
1562,STU101562,Aditya Shah,Female,21,Master,Employed,Nagpur,Mobile,Medium,C101,Python Basics,Programming,Beginner,45,4.6,4,41,51.8,1,4.9,18,1,6.9,5,5,5,68.3,50.8,50.7,2,09-03-2025,UPI,Yes,No,4320,59,1,1,4.9,Not Completed,0,3,0,1,2,1,4,5
1563,STU101563,Sakshi Desai,Female,34,Bachelor,Employed,Jaipur,Laptop,Low,C102,Data Analysis with Python,Programming,Intermediate,60,4.7,4,21,68.6,3,4.9,0,0,4.6,4,6,2,81.5,56.4,50.8,2,11-05-2024,Free,No,No,0,49,3,3,3.1,Not Completed,0,0,0,0,1,2,4,2
1564,STU101564,Isha Joshi,Female,27,Bachelor,Employed,Vadodara,Mobile,Low,C107,Statistics for Data Science,Math,Intermediate,50,4.2,3,27,44.2,3,0.5,2,6,3.4,2,8,2,90.6,51.9,30.0,2,10-09-2025,Credit Card,Yes,Yes,3489,58,1,2,3.4,Not Completed,0,0,0,1,1,2,3,0
1565,STU101565,Priya Joshi,Female,34,Bachelor,Employed,Delhi,Mobile,Medium,C108,Excel for Business,Business,Beginner,25,4.1,4,37,54.0,2,7.7,1,5,5.9,8,2,2,90.6,87.1,71.3,3,28-05-2025,NetBanking,Yes,No,2948,71,3,0,4.1,Completed,0,0,0,1,2,1,0,3
1566,STU101566,Rahul Verma,Male,34,HighSchool,Student,Hyderabad,Mobile,Medium,C107,Statistics for Data Science,Math,Intermediate,50,4.2,6,23,75.8,3,0.5,3,5,9.0,7,2,2,77.3,59.2,71.5,3,22-05-2024,Free,No,No,0,88,2,1,5.0,Completed,1,2,2,1,2,2,3,2
1567,STU101567,Vivaan Bhardwaj,Male,22,Bachelor,Student,Bengaluru,Mobile,Low,C103,Introduction to AI,Programming,Intermediate,75,4.5,3,56,81.3,2,6.9,5,2,3.0,6,4,2,76.9,48.6,66.9,3,17-02-2024,UPI,Yes,No,5610,63,1,2,5.0,Not Completed,1,0,2,1,1,2,4,5
1568,STU101568,Neha Verma,Male,23,Bachelor,Self-Employed,Vadodara,Laptop,High,C103,Introduction to AI,Programming,Intermediate,75,4.5,8,47,82.8,1,6.8,13,5,4.6,6,4,5,51.3,71.6,68.6,1,29-09-2025,NetBanking,Yes,No,5963,100,3,0,4.6,Not Completed,1,0,1,0,0,2,4,3
1569,STU101569,Sneha Gupta,Female,24,Bachelor,Student,Bengaluru,Mobile,High,C103,Introduction to AI,Programming,Intermediate,75,4.5,4,38,87.7,3,6.7,2,5,6.9,8,2,5,86.8,73.1,82.3,2,03-06-2025,Free,No,No,0,81,3,0,5.0,Completed,0,0,2,1,0,2,4,2
1570,STU101570,Vivaan Verma,Female,29,Bachelor,Student,Delhi,Mobile,Medium,C107,Statistics for Data Science,Math,Intermediate,50,4.2,3,24,75.1,2,6.3,6,5,5.8,4,6,5,88.5,55.2,53.0,0,25-07-2025,Free,No,No,0,36,3,1,2.0,Not Completed,0,0,2,1,2,2,3,2
1571,STU101571,Sakshi Mehta,Female,32,Bachelor,Student,Vadodara,Mobile,Low,C101,Python Basics,Programming,Beginner,45,4.6,4,50,78.6,2,0.5,11,3,10.0,5,5,2,78.7,76.0,61.3,1,26-02-2025,NetBanking,Yes,No,3896,92,3,0,4.5,Not Completed,0,0,2,1,1,1,4,3
1572,STU101572,Aditya Patel,Male,33,Bachelor,Student,Mumbai,Mobile,High,C102,Data Analysis with Python,Programming,Intermediate,60,4.7,6,42,64.9,4,1.2,13,4,1.7,6,4,1,87.3,78.0,62.6,2,16-01-2024,UPI,Yes,Yes,4138,64,4,0,2.8,Completed,1,0,2,1,0,2,4,5
1573,STU101573,Nikhil Bose,Female,29,Bachelor,Employed,Ahmedabad,Mobile,Medium,C103,Introduction to AI,Programming,Intermediate,75,4.5,4,39,57.6,1,8.0,0,6,5.5,6,4,3,60.6,100.0,61.1,2,15-02-2025,Scholarship,No,No,2430,94,4,2,4.3,Not Completed,0,0,0,1,2,2,4,4
1574,STU101574,Arjun Singh,Female,24,Master,Employed,Bengaluru,Laptop,High,C105,UI/UX Design Fundamentals,Design,Beginner,40,4.4,6,36,60.2,5,4.7,6,2,7.3,3,7,4,68.8,66.7,42.4,2,04-04-2025,Scholarship,No,Yes,556,81,4,4,3.7,Completed,0,3,0,0,0,1,1,4
1575,STU101575,Kavya Mehta,Male,31,Bachelor,Employed,Pune,Mobile,Medium,C108,Excel for Business,Business,Beginner,25,4.1,4,40,75.1,2,0.5,7,5,6.9,4,6,4,75.9,48.6,52.7,0,03-07-2025,Scholarship,No,No,1343,90,2,1,4.3,Completed,1,0,0,1,2,1,0,4
1576,STU101576,Vivaan Bhardwaj,Female,21,Bachelor,Employed,Bengaluru,Mobile,Low,C106,Machine Learning A-Z,Programming,Advanced,90,4.6,2,43,79.6,4,5.9,11,3,8.9,3,7,1,100.0,88.3,50.3,2,04-07-2025,NetBanking,Yes,Yes,5413,29,1,1,4.5,Completed,0,0,0,1,1,0,4,3
1577,STU101577,Aditya Iyer,Male,20,HighSchool,Self-Employed,Nagpur,Mobile,Medium,C107,Statistics for Data Science,Math,Intermediate,50,4.2,4,36,56.3,4,0.5,7,4,7.0,7,3,3,82.7,61.7,64.8,1,07-10-2024,Scholarship,No,No,827,70,3,0,2.8,Not Completed,1,2,1,1,2,2,3,4
1578,STU101578,Isha Patel,Male,27,Bachelor,Student,Surat,Mobile,High,C102,Data Analysis with Python,Programming,Intermediate,60,4.7,5,33,79.6,4,0.5,3,5,8.6,4,6,3,68.4,59.7,54.8,3,14-02-2024,Credit Card,Yes,No,4683,77,3,2,4.7,Completed,1,0,2,1,0,2,4,0
1579,STU101579,Ritika Sharma,Female,29,Bachelor,Student,Jaipur,Laptop,Medium,C103,Introduction to AI,Programming,Intermediate,75,4.5,3,32,74.0,5,8.3,5,5,7.3,4,6,2,83.0,96.8,54.7,2,21-04-2025,Free,No,No,0,77,3,0,4.7,Completed,0,0,2,0,2,2,4,2
1580,STU101580,Ritika Singh,Female,35,Bachelor,Employed,Kolkata,Laptop,High,C106,Machine Learning A-Z,Programming,Advanced,90,4.6,4,11,48.3,2,5.6,0,3,7.3,2,8,3,51.4,80.2,32.9,3,22-08-2025,Free,No,Yes,0,49,4,0,3.6,Not Completed,0,0,0,0,0,0,4,2
1581,STU101581,Krishna Kumar,Male,28,PhD,Student,Mumbai,Mobile,Medium,C102,Data Analysis with Python,Programming,Intermediate,60,4.7,6,36,69.6,4,0.5,19,3,6.7,4,5,4,84.4,86.5,52.7,4,17-03-2024,NetBanking,Yes,Yes,4279,71,1,0,4.0,Completed,1,4,2,1,2,2,4,3
1582,STU101582,Meera Reddy,Female,25,Bachelor,Employed,Bengaluru,Mobile,Low,C101,Python Basics,Programming,Beginner,45,4.6,3,34,76.4,2,0.5,11,5,9.2,5,5,0,84.6,73.9,60.4,1,30-11-2023,Debit Card,Yes,No,4379,76,0,0,4.8,Completed,0,0,0,1,1,1,4,1
1583,STU101583,Vivaan Iyer,Male,22,Bachelor,Unemployed,Hyderabad,Tablet,Low,C102,Data Analysis with Python,Programming,Intermediate,60,4.7,6,46,39.7,4,5.2,4,5,4.9,5,5,5,73.7,92.3,48.5,3,04-01-2025,Credit Card,Yes,Yes,4489,35,3,2,3.7,Completed,1,0,3,2,1,2,4,0
1584,STU101584,Neha Joshi,Female,30,Master,Student,Jaipur,Mobile,High,C107,Statistics for Data Science,Math,Intermediate,50,4.2,4,29,66.7,0,3.0,16,5,7.8,3,7,3,59.0,59.5,44.3,3,23-01-2025,Debit Card,Yes,No,4626,100,1,0,3.8,Not Completed,0,3,2,1,0,2,3,1
1585,STU101585,Vivaan Sharma,Male,30,HighSchool,Student,Indore,Mobile,Medium,C101,Python Basics,Programming,Beginner,45,4.6,6,26,48.3,2,0.5,0,3,7.5,6,4,1,61.5,87.3,57.3,3,19-04-2025,UPI,Yes,No,4322,52,2,1,4.2,Not Completed,1,2,2,1,2,1,4,5
1586,STU101586,Sai Verma,Female,28,PhD,Student,Vadodara,Laptop,High,C101,Python Basics,Programming,Beginner,45,4.6,6,44,44.1,7,1.5,0,2,6.5,3,7,1,63.8,63.9,36.6,3,27-03-2025,NetBanking,Yes,No,3958,80,1,0,4.7,Not Completed,0,4,2,0,0,1,4,3
1587,STU101587,Vihaan Sharma,Female,32,Bachelor,Student,Bhopal,Laptop,Medium,C102,Data Analysis with Python,Programming,Intermediate,60,4.7,2,37,53.9,2,0.5,1,4,4.9,7,3,1,75.3,60.0,63.9,1,14-01-2025,Credit Card,Yes,Yes,4012,57,1,1,5.0,Not Completed,0,0,2,0,2,2,4,0
1588,STU101588,Nikhil Bhardwaj,Male,32,Master,Employed,Hyderabad,Laptop,Medium,C103,Introduction to AI,Programming,Intermediate,75,4.5,4,24,54.8,4,3.1,1,5,7.7,3,7,1,64.4,58.7,40.1,1,09-09-2025,UPI,Yes,No,5291,67,1,2,4.9,Not Completed,1,3,0,0,2,2,4,5
1589,STU101589,Pooja Singh,Female,29,Master,Student,Vadodara,Laptop,Low,C101,Python Basics,Programming,Beginner,45,4.6,7,36,95.2,0,11.1,4,3,4.0,4,6,2,63.8,55.8,60.1,2,06-06-2024,Debit Card,Yes,No,4236,78,7,2,4.2,Not Completed,0,3,2,0,1,1,4,1
1590,STU101590,Vihaan Singh,Female,18,Bachelor,Unemployed,Indore,Mobile,High,C103,Introduction to AI,Programming,Intermediate,75,4.5,6,41,85.0,4,0.5,4,3,8.0,3,7,0,63.9,68.2,51.1,4,08-05-2024,UPI,Yes,No,5937,45,4,0,3.1,Completed,0,0,3,1,0,2,4,5
1591,STU101591,Priya Bose,Female,24,Bachelor,Student,Pune,Tablet,Medium,C101,Python Basics,Programming,Beginner,45,4.6,7,13,77.4,2,0.5,4,5,0.8,6,4,4,76.0,68.6,66.5,1,07-06-2025,Scholarship,No,Yes,454,51,1,1,4.2,Not Completed,0,0,2,2,2,1,4,4
1592,STU101592,Meera Patel,Male,30,Bachelor,Employed,Bhopal,Laptop,Medium,C103,Introduction to AI,Programming,Intermediate,75,4.5,2,25,25.0,2,0.5,2,4,4.4,3,7,3,53.8,99.2,31.7,0,25-05-2024,UPI,Yes,No,5346,35,1,1,4.1,Completed,1,0,0,0,2,2,4,5
1593,STU101593,Sakshi Reddy,Male,17,Bachelor,Employed,Bengaluru,Laptop,High,C103,Introduction to AI,Programming,Intermediate,75,4.5,2,29,68.7,4,3.2,10,3,3.2,4,6,6,91.6,50.1,50.5,2,04-03-2024,Scholarship,No,Yes,2460,64,1,0,4.2,Completed,1,0,0,0,0,2,4,4
1594,STU101594,Kavya Nair,Male,17,Bachelor,Employed,Pune,Laptop,High,C105,UI/UX Design Fundamentals,Design,Beginner,40,4.4,3,33,67.4,5,0.5,11,5,10.0,3,7,7,52.1,91.0,46.1,6,19-07-2024,Free,No,No,0,68,3,1,2.3,Completed,1,0,0,0,0,1,1,2
1595,STU101595,Krishna Joshi,Other,22,Bachelor,Employed,Bengaluru,Mobile,High,C101,Python Basics,Programming,Beginner,45,4.6,4,30,35.9,1,0.5,1,3,6.4,5,5,7,56.1,66.3,45.9,4,21-05-2025,Scholarship,No,Yes,1914,64,3,1,3.5,Completed,2,0,0,1,0,1,4,4
1596,STU101596,Vivaan Kumar,Male,26,Bachelor,Student,Bengaluru,Mobile,Medium,C101,Python Basics,Programming,Beginner,45,4.6,10,36,87.9,4,0.5,0,6,6.0,5,5,6,74.2,84.6,65.0,5,04-02-2025,NetBanking,Yes,No,4364,89,4,0,3.4,Completed,1,0,2,1,2,1,4,3
1597,STU101597,Kavya Mehta,Male,25,Diploma,Employed,Bengaluru,Laptop,Medium,C106,Machine Learning A-Z,Programming,Advanced,90,4.6,7,18,73.9,4,0.5,0,2,2.8,4,6,4,65.0,63.5,53.0,2,29-05-2024,Free,No,No,0,67,2,1,3.6,Completed,1,1,0,0,2,0,4,2
1598,STU101598,Ananya Bhardwaj,Male,25,Master,Employed,Bengaluru,Mobile,Medium,C107,Statistics for Data Science,Math,Intermediate,50,4.2,4,26,60.9,5,8.2,2,5,5.5,3,7,5,91.9,76.0,43.1,2,31-07-2025,UPI,Yes,No,4133,61,2,1,3.9,Completed,1,3,0,1,2,2,3,5
1599,STU101599,Sakshi Bose,Male,35,Bachelor,Student,Bengaluru,Mobile,Medium,C105,UI/UX Design Fundamentals,Design,Beginner,40,4.4,5,56,91.7,0,4.4,8,10,6.5,6,4,6,83.6,61.4,71.2,0,05-05-2025,Free,No,No,0,90,2,2,4.9,Completed,1,0,2,1,2,1,1,2
1600,STU101600,Rohan Sharma,Female,18,Master,Employed,Chennai,Mobile,Medium,C107,Statistics for Data Science,Math,Intermediate,50,4.2,7,40,61.5,2,0.5,3,5,0.5,6,4,3,77.2,67.0,60.9,3,28-02-2025,UPI,Yes,No,4506,95,5,0,3.6,Completed,0,3,0,1,2,2,3,5
1601,STU101601,Krishna Bhardwaj,Female,27,Diploma,Employed,Kolkata,Mobile,Medium,C107,Statistics for Data Science,Math,Intermediate,50,4.2,7,41,25.0,2,8.6,0,3,7.1,5,5,4,71.3,58.6,41.7,3,28-07-2024,Debit Card,Yes,Yes,3506,78,2,1,4.0,Not Completed,0,1,0,1,2,2,3,1
1602,STU101602,Aarav Nair,Male,22,Bachelor,Employed,Chennai,Laptop,High,C106,Machine Learning A-Z,Programming,Advanced,90,4.6,7,30,63.1,0,0.6,0,4,8.3,5,5,4,73.7,74.2,55.8,2,25-06-2024,UPI,Yes,No,6183,88,2,2,3.0,Not Completed,1,0,0,0,0,0,4,5
1603,STU101603,Rohan Joshi,Female,26,Master,Student,Chennai,Mobile,High,C105,UI/UX Design Fundamentals,Design,Beginner,40,4.4,6,16,35.9,1,0.5,0,4,6.6,6,3,4,70.1,81.8,52.7,2,13-06-2025,Free,No,No,0,81,2,2,5.0,Completed,0,3,2,1,0,1,1,2
1604,STU101604,Arjun Bose,Male,28,Bachelor,Employed,Jaipur,Mobile,High,C108,Excel for Business,Business,Beginner,25,4.1,5,32,77.9,2,8.2,10,7,5.1,4,6,4,92.2,91.8,55.8,3,17-12-2024,UPI,Yes,No,3520,31,5,0,4.4,Completed,1,0,0,1,0,1,0,5
1605,STU101605,Vivaan Patel,Female,21,Master,Employed,Kolkata,Mobile,Low,C106,Machine Learning A-Z,Programming,Advanced,90,4.6,5,18,37.8,0,0.5,10,3,7.1,1,9,5,70.0,43.4,21.4,0,16-03-2025,UPI,Yes,No,6790,54,1,3,2.7,Not Completed,0,3,0,1,1,0,4,5
1606,STU101606,Vivaan Mehta,Female,25,Bachelor,Student,Surat,Laptop,High,C103,Introduction to AI,Programming,Intermediate,75,4.5,5,37,57.7,2,10.0,0,1,6.6,10,0,3,92.7,100.0,85.2,7,29-09-2025,Debit Card,Yes,No,5345,56,2,1,3.5,Completed,0,0,2,0,0,2,4,1
1607,STU101607,Vihaan Reddy,Male,23,Bachelor,Employed,Kolkata,Laptop,High,C102,Data Analysis with Python,Programming,Intermediate,60,4.7,3,30,52.6,1,5.2,22,6,3.9,3,6,4,70.7,38.8,38.4,3,10-05-2025,UPI,Yes,No,5076,100,3,0,5.0,Completed,1,0,0,0,0,2,4,5
1608,STU101608,Aarav Nair,Male,20,Diploma,Student,Indore,Laptop,High,C103,Introduction to AI,Programming,Intermediate,75,4.5,2,28,61.0,3,0.5,0,9,3.5,5,5,4,66.8,72.1,55.0,3,27-05-2024,Credit Card,Yes,No,5725,35,3,0,3.2,Completed,1,1,2,0,0,2,4,0
1609,STU101609,Arjun Joshi,Female,28,Bachelor,Employed,Ahmedabad,Laptop,Medium,C102,Data Analysis with Python,Programming,Intermediate,60,4.7,4,43,79.4,2,3.0,1,6,7.6,8,2,5,67.1,75.5,79.6,7,17-01-2024,Free,No,No,0,100,2,1,3.1,Completed,0,0,0,0,2,2,4,2
1610,STU101610,Aarav Reddy,Male,21,Bachelor,Student,Lucknow,Laptop,High,C102,Data Analysis with Python,Programming,Intermediate,60,4.7,4,38,60.7,2,1.2,15,3,8.0,7,3,5,73.9,60.7,66.3,0,06-10-2025,UPI,Yes,No,5029,65,2,0,4.2,Not Completed,1,0,2,0,0,2,4,5
1611,STU101611,Kavya Shah,Male,18,Bachelor,Employed,Jaipur,Mobile,High,C106,Machine Learning A-Z,Programming,Advanced,90,4.6,2,19,43.8,1,2.3,0,6,6.3,8,2,4,67.7,87.5,67.7,3,10-11-2023,UPI,Yes,No,7056,44,2,1,3.8,Completed,1,0,0,1,0,0,4,5
1612,STU101612,Kavya Reddy,Male,25,Bachelor,Employed,Vadodara,Mobile,Medium,C101,Python Basics,Programming,Beginner,45,4.6,3,23,93.9,3,0.5,0,3,10.0,6,4,4,65.8,85.4,73.1,3,06-10-2025,Scholarship,No,No,642,100,1,2,4.8,Not Completed,1,0,0,1,2,1,4,4
1613,STU101613,Priya Verma,Female,23,Bachelor,Student,Vadodara,Mobile,Medium,C107,Statistics for Data Science,Math,Intermediate,50,4.2,1,45,19.6,4,9.5,3,4,8.2,3,7,3,74.7,67.7,28.2,0,19-07-2025,Credit Card,Yes,No,4178,72,1,0,3.9,Not Completed,0,0,2,1,2,2,3,0
1614,STU101614,Kavya Nair,Male,25,HighSchool,Student,Lucknow,Mobile,Medium,C101,Python Basics,Programming,Beginner,45,4.6,2,28,75.9,1,3.2,4,6,5.7,5,5,1,80.4,70.7,60.1,1,20-07-2025,Credit Card,Yes,Yes,3494,72,5,1,4.3,Completed,1,2,2,1,2,1,4,0
1615,STU101615,Aditya Mehta,Female,28,Bachelor,Employed,Bhopal,Mobile,Medium,C106,Machine Learning A-Z,Programming,Advanced,90,4.6,6,34,74.0,1,1.4,9,6,6.2,5,5,4,79.9,85.2,60.2,4,12-04-2025,NetBanking,Yes,No,6180,59,4,0,5.0,Not Completed,0,0,0,1,2,0,4,3
1616,STU101616,Vivaan Kumar,Female,26,HighSchool,Employed,Chennai,Mobile,Medium,C106,Machine Learning A-Z,Programming,Advanced,90,4.6,5,28,88.7,1,4.7,1,4,8.7,0,9,1,69.1,67.9,34.4,3,30-09-2025,Debit Card,Yes,No,6064,20,0,1,4.2,Not Completed,0,2,0,1,2,0,4,1
1617,STU101617,Sakshi Gupta,Female,17,Diploma,Student,Jaipur,Mobile,High,C107,Statistics for Data Science,Math,Intermediate,50,4.2,2,35,60.1,2,0.5,5,5,8.3,7,3,7,70.7,82.0,67.1,4,17-09-2025,Scholarship,No,No,743,83,1,1,4.1,Completed,0,1,2,1,0,2,3,4
1618,STU101618,Aditya Bhardwaj,Female,30,Diploma,Student,Bhopal,Laptop,High,C103,Introduction to AI,Programming,Intermediate,75,4.5,5,40,57.9,4,0.5,0,6,7.2,6,4,2,72.2,45.7,58.6,3,12-12-2023,Credit Card,Yes,No,6081,100,3,0,4.4,Completed,0,1,2,0,0,2,4,0
1619,STU101619,Ritika Bose,Female,21,Diploma,Student,Lucknow,Mobile,Medium,C103,Introduction to AI,Programming,Intermediate,75,4.5,7,12,55.5,6,0.5,2,1,3.5,7,3,0,63.7,73.8,65.1,5,08-12-2023,Scholarship,No,No,1100,75,1,0,3.5,Not Completed,0,1,2,1,2,2,4,4
1620,STU101620,Vihaan Mehta,Female,23,HighSchool,Unemployed,Hyderabad,Mobile,High,C104,Digital Marketing Essentials,Marketing,Beginner,30,4.3,4,33,63.6,2,6.6,2,8,5.6,3,7,6,68.9,95.5,45.1,1,27-11-2023,UPI,Yes,No,3184,68,5,1,4.1,Not Completed,0,2,3,1,0,1,2,5
1621,STU101621,Sneha Joshi,Male,23,Master,Employed,Bengaluru,Tablet,High,C105,UI/UX Design Fundamentals,Design,Beginner,40,4.4,4,38,38.5,1,5.4,1,8,4.6,3,7,2,62.3,76.8,35.3,5,24-12-2023,UPI,Yes,Yes,3718,68,5,2,5.0,Not Completed,1,3,0,2,0,1,1,5
1622,STU101622,Rahul Nair,Male,17,Master,Student,Vadodara,Laptop,Medium,C102,Data Analysis with Python,Programming,Intermediate,60,4.7,6,42,70.3,4,0.5,10,10,7.8,7,2,4,68.1,100.0,71.6,3,23-09-2024,Credit Card,Yes,No,5458,79,5,0,4.8,Not Completed,1,3,2,0,2,2,4,0
1623,STU101623,Rohan Gupta,Male,20,Diploma,Employed,Delhi,Mobile,Low,C105,UI/UX Design Fundamentals,Design,Beginner,40,4.4,3,37,86.5,5,8.3,0,6,5.2,3,7,6,91.9,72.9,51.9,0,02-06-2025,NetBanking,Yes,No,4021,86,1,0,3.0,Completed,1,1,0,1,1,1,1,3
1624,STU101624,Krishna Desai,Female,36,Bachelor,Student,Indore,Mobile,High,C106,Machine Learning A-Z,Programming,Advanced,90,4.6,5,39,25.2,2,6.4,16,5,6.4,5,5,2,63.2,83.5,43.0,1,09-09-2024,Credit Card,Yes,Yes,5274,65,2,0,3.8,Not Completed,0,0,2,1,0,0,4,0
1625,STU101625,Sneha Bose,Male,25,PhD,Student,Ahmedabad,Laptop,High,C104,Digital Marketing Essentials,Marketing,Beginner,30,4.3,4,26,61.1,1,0.5,5,3,3.1,4,6,4,58.9,61.4,48.4,2,23-12-2024,Debit Card,Yes,No,3234,69,3,6,3.1,Not Completed,1,4,2,0,0,1,2,1
1626,STU101626,Neha Patel,Male,17,Bachelor,Student,Delhi,Mobile,Medium,C103,Introduction to AI,Programming,Intermediate,75,4.5,5,37,48.9,1,2.1,1,4,5.6,3,7,2,68.3,81.7,39.2,2,22-01-2025,Free,No,No,0,65,13,0,5.0,Not Completed,1,0,2,1,2,2,4,2
1627,STU101627,Meera Gupta,Male,23,Master,Student,Surat,Mobile,Medium,C107,Statistics for Data Science,Math,Intermediate,50,4.2,4,31,98.2,1,0.5,4,3,7.2,4,5,2,74.5,72.7,62.0,2,09-02-2025,NetBanking,Yes,Yes,3825,74,3,1,2.5,Completed,1,3,2,1,2,2,3,3
1628,STU101628,Rahul Iyer,Female,28,HighSchool,Student,Nagpur,Mobile,Medium,C104,Digital Marketing Essentials,Marketing,Beginner,30,4.3,5,29,31.6,2,8.9,0,8,7.9,6,4,0,96.1,79.0,51.0,2,11-08-2024,Scholarship,No,No,831,81,3,0,3.6,Not Completed,0,2,2,1,2,1,2,4
1629,STU101629,Kavya Bhardwaj,Male,18,Bachelor,Student,Hyderabad,Mobile,High,C107,Statistics for Data Science,Math,Intermediate,50,4.2,5,32,63.3,1,0.5,2,5,6.1,6,4,7,69.8,45.8,60.5,2,25-09-2025,Free,No,No,0,68,4,0,4.6,Not Completed,1,0,2,1,0,2,3,2
1630,STU101630,Aditya Singh,Male,18,Bachelor,Employed,Bhopal,Mobile,High,C108,Excel for Business,Business,Beginner,25,4.1,3,28,41.2,1,4.1,1,3,7.3,5,5,2,50.9,59.0,47.4,3,14-01-2024,Debit Card,Yes,Yes,2950,73,2,1,2.4,Not Completed,1,0,0,1,0,1,0,1
1631,STU101631,Aditya Mehta,Female,23,Bachelor,Student,Bhopal,Mobile,Medium,C102,Data Analysis with Python,Programming,Intermediate,60,4.7,9,44,58.4,1,4.2,7,4,2.2,4,6,5,72.1,84.7,48.7,5,03-01-2024,Credit Card,Yes,No,4673,78,1,0,3.8,Completed,0,0,2,1,2,2,4,0
1632,STU101632,Vihaan Verma,Female,29,Bachelor,Employed,Ahmedabad,Mobile,Medium,C101,Python Basics,Programming,Beginner,45,4.6,4,34,23.7,3,0.5,2,7,3.7,6,4,4,79.8,61.0,47.3,1,16-03-2024,Scholarship,No,Yes,1351,50,4,2,4.1,Not Completed,0,0,0,1,2,1,4,4
1633,STU101633,Meera Verma,Male,27,Bachelor,Employed,Nagpur,Laptop,Low,C102,Data Analysis with Python,Programming,Intermediate,60,4.7,6,48,53.6,2,9.3,2,4,7.4,5,5,1,71.9,66.5,52.1,2,20-07-2025,Scholarship,No,No,577,65,0,2,4.1,Completed,1,0,0,0,1,2,4,4
1634,STU101634,Aarav Kumar,Male,31,PhD,Student,Chennai,Mobile,High,C108,Excel for Business,Business,Beginner,25,4.1,8,37,28.4,2,15.5,15,8,7.2,3,7,3,88.8,100.0,32.9,1,23-04-2025,UPI,Yes,No,3342,84,9,0,3.5,Not Completed,1,4,2,1,0,1,0,5
1635,STU101635,Arjun Reddy,Male,21,Master,Self-Employed,Hyderabad,Laptop,Low,C103,Introduction to AI,Programming,Intermediate,75,4.5,4,37,71.2,1,5.7,5,4,4.8,3,7,5,83.8,43.9,45.1,0,07-08-2025,Free,No,No,0,64,3,1,3.5,Not Completed,1,3,1,0,1,2,4,2
1636,STU101636,Aarav Kumar,Male,18,Bachelor,Employed,Pune,Mobile,Low,C101,Python Basics,Programming,Beginner,45,4.6,5,32,74.2,3,7.8,3,3,4.6,7,3,2,72.2,88.5,72.4,2,10-06-2024,UPI,Yes,No,3926,39,5,1,2.9,Not Completed,1,0,0,1,1,1,4,5
1637,STU101637,Ritika Iyer,Female,24,Bachelor,Student,Hyderabad,Laptop,High,C103,Introduction to AI,Programming,Intermediate,75,4.5,5,28,46.6,1,5.7,3,5,7.9,3,7,2,64.7,56.6,37.1,1,02-10-2024,Credit Card,Yes,Yes,4792,60,1,2,4.3,Not Completed,0,0,2,0,0,2,4,0
1638,STU101638,Pooja Reddy,Female,23,Master,Employed,Jaipur,Laptop,High,C106,Machine Learning A-Z,Programming,Advanced,90,4.6,3,28,41.9,6,8.1,14,4,5.3,3,7,6,62.4,52.5,35.3,1,11-04-2025,Free,No,No,0,68,7,0,4.9,Not Completed,0,3,0,0,0,0,4,2
1639,STU101639,Rahul Reddy,Female,27,HighSchool,Employed,Kolkata,Mobile,High,C102,Data Analysis with Python,Programming,Intermediate,60,4.7,8,15,49.7,3,0.5,3,6,7.9,5,5,2,83.2,75.7,51.2,5,29-02-2024,Debit Card,Yes,No,5028,74,3,0,4.9,Completed,0,2,0,1,0,2,4,1
1640,STU101640,Ananya Verma,Male,30,Bachelor,Employed,Vadodara,Mobile,Medium,C102,Data Analysis with Python,Programming,Intermediate,60,4.7,9,43,23.3,3,11.8,3,7,8.7,5,5,2,83.9,54.9,40.9,0,23-02-2025,UPI,Yes,No,4623,78,1,0,5.0,Completed,1,0,0,1,2,2,4,5
1641,STU101641,Sneha Kumar,Female,37,Master,Employed,Vadodara,Mobile,Medium,C107,Statistics for Data Science,Math,Intermediate,50,4.2,7,25,64.2,6,4.0,0,6,10.0,5,5,4,71.1,86.7,56.8,1,16-03-2024,UPI,Yes,No,4698,81,2,0,5.0,Completed,0,3,0,1,2,2,3,5
1642,STU101642,Sneha Kumar,Female,30,Master,Student,Kolkata,Laptop,Low,C108,Excel for Business,Business,Beginner,25,4.1,3,60,77.7,2,9.2,17,6,6.6,5,5,0,62.0,73.2,60.8,2,11-07-2025,Debit Card,Yes,No,3464,54,3,0,4.8,Completed,0,3,2,0,1,1,0,1
1643,STU101643,Sai Nair,Male,43,Master,Student,Surat,Mobile,High,C102,Data Analysis with Python,Programming,Intermediate,60,4.7,3,41,67.4,1,9.4,5,5,2.3,4,6,1,67.3,36.1,49.4,1,13-04-2024,Debit Card,Yes,No,5498,54,0,3,3.6,Completed,1,3,2,1,0,2,4,1
1644,STU101644,Arjun Verma,Female,33,Master,Student,Pune,Mobile,High,C101,Python Basics,Programming,Beginner,45,4.6,3,32,72.0,2,0.5,13,3,6.1,6,4,3,76.5,62.8,64.3,3,05-09-2024,Free,No,No,0,88,2,0,3.3,Completed,0,3,2,1,0,1,4,2
1645,STU101645,Nikhil Verma,Female,23,Bachelor,Student,Kolkata,Laptop,High,C102,Data Analysis with Python,Programming,Intermediate,60,4.7,9,42,84.4,2,3.9,5,6,4.7,7,3,1,55.8,100.0,76.6,2,22-04-2024,UPI,Yes,Yes,4443,52,2,1,4.9,Completed,0,0,2,0,0,2,4,5
1646,STU101646,Krishna Gupta,Female,24,Master,Student,Indore,Mobile,High,C101,Python Basics,Programming,Beginner,45,4.6,7,24,74.1,2,4.0,4,8,6.2,5,5,4,78.4,67.3,59.3,1,05-09-2024,Free,No,No,0,100,3,0,4.9,Not Completed,0,3,2,1,0,1,4,2
1647,STU101647,Sneha Verma,Male,25,Master,Student,Hyderabad,Mobile,Medium,C103,Introduction to AI,Programming,Intermediate,75,4.5,4,25,38.6,4,4.8,0,8,5.9,6,4,1,70.8,56.8,52.3,3,31-03-2024,Free,No,No,0,100,5,2,3.7,Not Completed,1,3,2,1,2,2,4,2
1648,STU101648,Rahul Kumar,Female,29,PhD,Student,Delhi,Mobile,Medium,C108,Excel for Business,Business,Beginner,25,4.1,5,51,40.2,1,0.9,2,5,10.0,5,5,3,73.3,69.0,47.5,3,04-12-2024,Debit Card,Yes,No,3224,88,1,2,4.0,Completed,0,4,2,1,2,1,0,1
1649,STU101649,Meera Desai,Female,30,Bachelor,Employed,Bengaluru,Mobile,Medium,C108,Excel for Business,Business,Beginner,25,4.1,8,29,58.3,2,0.6,6,6,9.2,2,8,6,80.7,54.8,35.1,0,08-09-2024,UPI,Yes,No,3090,68,1,1,5.0,Completed,0,0,0,1,2,1,0,5
1650,STU101650,Arjun Patel,Female,33,Bachelor,Employed,Indore,Laptop,Low,C104,Digital Marketing Essentials,Marketing,Beginner,30,4.3,2,39,89.5,3,6.2,17,4,1.7,4,6,6,79.3,70.4,58.9,5,19-03-2025,UPI,Yes,No,3731,51,4,0,3.2,Completed,0,0,0,0,1,1,2,5
1651,STU101651,Pooja Iyer,Female,29,Bachelor,Student,Indore,Mobile,Medium,C102,Data Analysis with Python,Programming,Intermediate,60,4.7,4,15,78.2,1,0.5,0,3,8.9,4,6,3,70.2,61.8,54.5,1,08-08-2024,Debit Card,Yes,No,4619,73,0,1,3.4,Not Completed,0,0,2,1,2,2,4,1
1652,STU101652,Nikhil Iyer,Male,22,Diploma,Employed,Bengaluru,Laptop,High,C107,Statistics for Data Science,Math,Intermediate,50,4.2,6,42,81.5,1,11.5,3,7,7.4,5,5,5,92.2,74.5,62.3,4,11-01-2025,Credit Card,Yes,No,4141,90,2,0,5.0,Completed,1,1,0,0,0,2,3,0
1653,STU101653,Pooja Nair,Male,23,Bachelor,Employed,Delhi,Mobile,Medium,C106,Machine Learning A-Z,Programming,Advanced,90,4.6,6,18,69.2,0,0.5,2,1,4.4,5,5,5,88.4,41.7,56.3,6,27-11-2023,UPI,Yes,No,6139,73,6,1,5.0,Completed,1,0,0,1,2,0,4,5
1654,STU101654,Arjun Iyer,Male,26,Bachelor,Employed,Surat,Mobile,Low,C101,Python Basics,Programming,Beginner,45,4.6,2,38,93.0,5,0.7,1,6,5.9,5,5,4,84.6,64.3,65.7,1,11-11-2023,NetBanking,Yes,Yes,3503,27,1,1,3.5,Completed,1,0,0,1,1,1,4,3
1655,STU101655,Priya Bhardwaj,Male,19,Master,Employed,Nagpur,Mobile,Medium,C102,Data Analysis with Python,Programming,Intermediate,60,4.7,3,27,87.4,3,8.2,1,5,5.5,4,6,3,80.7,79.2,58.5,4,16-10-2024,UPI,Yes,No,4631,73,3,1,3.0,Completed,1,3,0,1,2,2,4,5
1656,STU101656,Aditya Joshi,Female,19,Bachelor,Student,Mumbai,Mobile,High,C105,UI/UX Design Fundamentals,Design,Beginner,40,4.4,7,35,55.2,6,2.6,3,6,4.6,5,5,5,71.4,63.5,52.5,1,03-05-2024,Debit Card,Yes,No,4293,81,5,4,4.6,Completed,0,0,2,1,0,1,1,1
1657,STU101657,Nikhil Gupta,Male,18,Bachelor,Unemployed,Pune,Tablet,Medium,C107,Statistics for Data Science,Math,Intermediate,50,4.2,8,29,56.5,2,0.5,7,7,8.5,5,5,7,61.9,61.6,52.9,2,27-07-2024,Debit Card,Yes,Yes,4011,65,0,1,4.1,Not Completed,1,0,3,2,2,2,3,1
1658,STU101658,Krishna Patel,Female,25,Bachelor,Employed,Delhi,Laptop,High,C104,Digital Marketing Essentials,Marketing,Beginner,30,4.3,4,42,66.9,1,10.1,1,4,6.0,6,4,3,76.4,80.6,63.5,2,15-01-2025,Free,No,No,0,58,5,0,3.9,Completed,0,0,0,0,0,1,2,2
1659,STU101659,Aditya Gupta,Female,35,Diploma,Employed,Chennai,Mobile,High,C102,Data Analysis with Python,Programming,Intermediate,60,4.7,8,25,85.3,2,4.8,18,1,7.8,6,4,0,80.0,68.2,69.3,1,06-09-2024,NetBanking,Yes,No,5141,43,0,3,5.0,Not Completed,0,1,0,1,0,2,4,3
1660,STU101660,Sakshi Bhardwaj,Female,25,Bachelor,Employed,Surat,Mobile,High,C108,Excel for Business,Business,Beginner,25,4.1,7,26,85.4,3,0.5,6,4,9.5,4,6,2,68.8,48.1,56.3,1,29-08-2025,Debit Card,Yes,No,3206,66,2,0,5.0,Completed,0,0,0,1,0,1,0,1
1661,STU101661,Sneha Mehta,Female,39,Bachelor,Employed,Bengaluru,Laptop,Medium,C106,Machine Learning A-Z,Programming,Advanced,90,4.6,7,48,79.9,1,7.5,11,3,2.0,4,6,6,79.1,55.7,54.7,3,27-12-2024,Debit Card,Yes,No,7149,60,1,0,4.4,Completed,0,0,0,0,2,0,4,1
1662,STU101662,Sneha Mehta,Female,18,Bachelor,Unemployed,Hyderabad,Laptop,Low,C101,Python Basics,Programming,Beginner,45,4.6,4,30,56.0,3,0.5,4,6,7.7,5,5,5,68.9,48.5,52.0,3,04-10-2024,NetBanking,Yes,Yes,3504,81,1,1,3.9,Not Completed,0,0,3,0,1,1,4,3
1663,STU101663,Sneha Kumar,Male,30,Master,Student,Kolkata,Tablet,Medium,C108,Excel for Business,Business,Beginner,25,4.1,5,25,85.7,2,11.0,0,10,8.3,7,3,1,70.4,53.8,74.7,6,14-01-2024,Scholarship,No,No,1248,68,3,2,2.9,Completed,1,3,2,2,2,1,0,4
1664,STU101664,Krishna Nair,Female,31,Bachelor,Employed,Bhopal,Laptop,High,C103,Introduction to AI,Programming,Intermediate,75,4.5,5,30,58.9,0,0.5,3,9,7.2,6,4,2,85.3,83.2,60.8,3,15-12-2024,Free,No,No,0,65,1,1,4.2,Completed,0,0,0,0,0,2,4,2
1665,STU101665,Kavya Kumar,Male,19,Diploma,Employed,Bengaluru,Laptop,Low,C107,Statistics for Data Science,Math,Intermediate,50,4.2,3,39,97.3,2,0.5,2,3,7.5,6,3,3,60.4,49.2,72.5,3,24-12-2024,UPI,Yes,No,4766,56,3,2,4.5,Completed,1,1,0,0,1,2,3,5
1666,STU101666,Isha Verma,Male,32,Bachelor,Student,Nagpur,Laptop,Medium,C105,UI/UX Design Fundamentals,Design,Beginner,40,4.4,6,33,48.1,3,2.2,1,9,5.5,4,5,8,64.6,56.0,43.6,1,13-01-2024,Scholarship,No,No,351,77,1,0,3.3,Not Completed,1,0,2,0,2,1,1,4
1667,STU101667,Arjun Singh,Female,23,Master,Employed,Ahmedabad,Mobile,Medium,C104,Digital Marketing Essentials,Marketing,Beginner,30,4.3,4,25,43.0,1,2.0,41,3,8.4,3,7,1,62.7,84.4,37.3,2,06-04-2025,Free,No,No,0,62,0,0,4.5,Not Completed,0,3,0,1,2,1,2,2
1668,STU101668,Pooja Sharma,Female,27,PhD,Student,Bhopal,Mobile,Low,C108,Excel for Business,Business,Beginner,25,4.1,3,31,65.1,2,6.2,1,5,4.6,4,6,5,92.0,38.6,48.7,1,04-11-2024,Free,No,No,0,80,0,1,3.9,Not Completed,0,4,2,1,1,1,0,2
1669,STU101669,Aditya Patel,Male,28,Bachelor,Employed,Chennai,Mobile,High,C105,UI/UX Design Fundamentals,Design,Beginner,40,4.4,5,47,66.0,2,5.2,21,2,8.6,6,4,3,61.3,88.4,63.5,3,22-07-2024,Scholarship,No,No,716,100,5,2,4.6,Completed,1,0,0,1,0,1,1,4
1670,STU101670,Isha Verma,Male,21,Bachelor,Employed,Surat,Mobile,Medium,C104,Digital Marketing Essentials,Marketing,Beginner,30,4.3,4,28,80.9,4,1.4,1,6,5.8,6,4,8,74.3,50.1,66.8,4,20-05-2025,Free,No,Yes,0,68,2,1,2.8,Not Completed,1,0,0,1,2,1,2,2
1671,STU101671,Arjun Singh,Male,21,Bachelor,Employed,Bengaluru,Mobile,High,C107,Statistics for Data Science,Math,Intermediate,50,4.2,4,25,83.5,2,0.5,0,6,3.7,2,7,6,67.4,50.8,43.8,3,08-08-2024,UPI,Yes,No,4180,100,3,0,3.8,Completed,1,0,0,1,0,2,3,5
1672,STU101672,Rahul Reddy,Male,17,Bachelor,Student,Mumbai,Mobile,High,C107,Statistics for Data Science,Math,Intermediate,50,4.2,3,28,98.8,3,6.6,11,5,4.3,5,5,3,72.1,73.6,68.3,4,21-08-2024,Debit Card,Yes,No,4620,96,1,1,4.1,Not Completed,1,0,2,1,0,2,3,1
1673,STU101673,Nikhil Kumar,Female,22,Master,Student,Kolkata,Mobile,High,C104,Digital Marketing Essentials,Marketing,Beginner,30,4.3,6,57,81.2,2,5.6,2,7,5.6,6,3,6,78.5,56.5,67.2,6,02-02-2025,UPI,Yes,Yes,2744,77,5,1,5.0,Completed,0,3,2,1,0,1,2,5
1674,STU101674,Rohan Patel,Female,18,Bachelor,Employed,Vadodara,Mobile,High,C101,Python Basics,Programming,Beginner,45,4.6,4,12,52.4,1,0.5,5,5,6.1,7,3,2,58.1,69.7,63.8,2,11-07-2024,Debit Card,Yes,No,4370,42,1,0,4.0,Not Completed,0,0,0,1,0,1,4,1
1675,STU101675,Ananya Iyer,Male,33,Bachelor,Student,Nagpur,Laptop,High,C105,UI/UX Design Fundamentals,Design,Beginner,40,4.4,7,39,74.5,1,3.1,0,4,5.9,7,3,2,88.5,76.9,71.9,3,21-02-2024,Scholarship,No,No,1964,50,5,1,5.0,Completed,1,0,2,0,0,1,1,4
1676,STU101676,Ananya Mehta,Female,21,HighSchool,Student,Bengaluru,Mobile,High,C104,Digital Marketing Essentials,Marketing,Beginner,30,4.3,2,14,61.5,6,2.8,2,6,6.7,6,4,3,77.1,78.3,61.4,2,20-09-2025,Free,No,No,0,100,1,0,5.0,Completed,0,2,2,1,0,1,2,2
1677,STU101677,Rohan Patel,Male,19,Bachelor,Student,Delhi,Laptop,Medium,C106,Machine Learning A-Z,Programming,Advanced,90,4.6,4,24,52.9,1,0.5,2,7,4.3,4,6,3,64.5,83.1,46.7,2,04-03-2025,UPI,Yes,No,7061,74,5,1,3.5,Not Completed,1,0,2,0,2,0,4,5
1678,STU101678,Aditya Bhardwaj,Female,28,Bachelor,Employed,Indore,Mobile,High,C103,Introduction to AI,Programming,Intermediate,75,4.5,4,35,72.9,1,0.5,0,4,9.5,3,7,3,71.3,38.8,45.5,1,20-02-2025,UPI,Yes,Yes,4622,70,0,1,3.3,Completed,0,0,0,1,0,2,4,5
1679,STU101679,Nikhil Mehta,Male,18,Bachelor,Employed,Nagpur,Mobile,Low,C102,Data Analysis with Python,Programming,Intermediate,60,4.7,3,12,47.8,2,8.8,9,1,6.5,2,8,3,72.5,50.4,31.3,2,18-09-2025,Credit Card,Yes,Yes,4042,78,0,0,4.2,Not Completed,1,0,0,1,1,2,4,0
1680,STU101680,Meera Nair,Female,17,Bachelor,Employed,Nagpur,Mobile,Medium,C101,Python Basics,Programming,Beginner,45,4.6,3,29,53.6,2,1.0,3,3,4.0,3,7,3,70.3,30.8,38.3,0,24-03-2025,Scholarship,No,No,447,50,3,0,3.6,Not Completed,0,0,0,1,2,1,4,4
1681,STU101681,Nikhil Patel,Male,28,Bachelor,Employed,Nagpur,Mobile,High,C102,Data Analysis with Python,Programming,Intermediate,60,4.7,5,33,50.0,5,3.3,3,5,3.6,2,7,3,59.1,84.9,33.7,4,03-06-2025,Debit Card,Yes,No,5187,58,2,0,4.5,Not Completed,1,0,0,1,0,2,4,1
1682,STU101682,Vivaan Verma,Male,23,Bachelor,Employed,Hyderabad,Mobile,Medium,C104,Digital Marketing Essentials,Marketing,Beginner,30,4.3,5,27,87.0,2,0.5,0,6,5.2,4,6,3,67.7,81.3,58.5,1,25-09-2025,UPI,Yes,Yes,2773,65,1,3,4.7,Completed,1,0,0,1,2,1,2,5
1683,STU101683,Arjun Joshi,Female,24,Master,Employed,Bengaluru,Mobile,Medium,C101,Python Basics,Programming,Beginner,45,4.6,6,46,43.3,3,12.2,11,5,6.5,3,7,8,64.2,86.4,37.5,1,20-10-2024,Debit Card,Yes,No,4022,41,1,1,2.9,Not Completed,0,3,0,1,2,1,4,1
1684,STU101684,Isha Iyer,Male,31,Bachelor,Self-Employed,Bhopal,Laptop,Medium,C108,Excel for Business,Business,Beginner,25,4.1,3,46,60.4,7,5.9,6,7,7.5,7,2,5,76.5,99.4,68.1,5,05-12-2023,Free,No,Yes,0,74,2,1,4.2,Completed,1,0,1,0,2,1,0,2
1685,STU101685,Ananya Kumar,Female,27,PhD,Employed,Surat,Mobile,High,C105,UI/UX Design Fundamentals,Design,Beginner,40,4.4,2,40,80.1,2,2.6,1,1,5.0,5,5,2,77.1,81.2,62.1,2,03-01-2024,Free,No,No,0,80,0,0,3.4,Completed,0,4,0,1,0,1,1,2
1686,STU101686,Ritika Singh,Male,17,Bachelor,Student,Vadodara,Mobile,Medium,C105,UI/UX Design Fundamentals,Design,Beginner,40,4.4,3,33,84.3,3,0.5,1,2,5.9,5,5,4,79.9,78.1,63.4,2,21-01-2024,Credit Card,Yes,No,3703,90,3,0,4.7,Completed,1,0,2,1,2,1,1,0
1687,STU101687,Sakshi Desai,Male,24,Master,Student,Bengaluru,Mobile,High,C104,Digital Marketing Essentials,Marketing,Beginner,30,4.3,4,36,63.8,2,8.2,4,6,6.1,6,4,5,48.9,73.6,62.0,2,04-09-2024,UPI,Yes,No,3622,64,1,1,2.6,Not Completed,1,3,2,1,0,1,2,5
1688,STU101688,Ananya Kumar,Female,25,Bachelor,Employed,Lucknow,Laptop,Medium,C106,Machine Learning A-Z,Programming,Advanced,90,4.6,4,46,42.9,2,2.1,0,5,6.8,6,4,3,64.3,52.1,53.6,3,22-10-2024,Scholarship,No,No,983,85,3,0,3.4,Not Completed,0,0,0,0,2,0,4,4
1689,STU101689,Vihaan Gupta,Male,25,Master,Employed,Jaipur,Mobile,Medium,C103,Introduction to AI,Programming,Intermediate,75,4.5,1,5,51.7,3,1.8,7,3,4.8,6,4,1,62.7,68.1,57.5,5,12-03-2024,Credit Card,Yes,No,5694,19,0,0,4.9,Completed,1,3,0,1,2,2,4,0
1690,STU101690,Aarav Verma,Male,17,Diploma,Employed,Surat,Mobile,Medium,C102,Data Analysis with Python,Programming,Intermediate,60,4.7,5,54,37.4,1,4.5,4,6,5.2,3,7,5,72.5,64.1,34.3,0,24-02-2025,UPI,Yes,No,5217,91,1,0,4.1,Not Completed,1,1,0,1,2,2,4,5
1691,STU101691,Isha Joshi,Male,31,Bachelor,Employed,Bhopal,Laptop,Medium,C108,Excel for Business,Business,Beginner,25,4.1,5,40,70.6,1,0.5,1,3,3.5,7,3,5,58.8,58.4,69.6,3,29-01-2024,Free,No,No,0,100,2,1,3.7,Not Completed,1,0,0,0,2,1,0,2
1692,STU101692,Krishna Verma,Male,31,Bachelor,Employed,Surat,Laptop,Low,C102,Data Analysis with Python,Programming,Intermediate,60,4.7,6,27,31.9,0,2.9,0,4,5.1,4,5,2,72.2,37.3,37.0,3,26-04-2024,Scholarship,No,Yes,614,69,2,3,4.3,Not Completed,1,0,0,0,1,2,4,4
1693,STU101693,Rahul Bhardwaj,Male,17,HighSchool,Student,Indore,Mobile,Low,C107,Statistics for Data Science,Math,Intermediate,50,4.2,5,27,89.0,1,2.7,3,4,6.2,6,4,2,86.2,61.7,70.2,2,07-04-2025,Debit Card,Yes,No,4847,76,0,0,4.0,Completed,1,2,2,1,1,2,3,1
1694,STU101694,Rahul Nair,Male,27,Master,Self-Employed,Surat,Laptop,High,C106,Machine Learning A-Z,Programming,Advanced,90,4.6,5,41,36.7,0,5.4,0,9,10.0,3,7,0,77.5,69.4,34.3,6,10-02-2024,NetBanking,Yes,Yes,5125,70,3,2,4.8,Completed,1,3,1,0,0,0,4,3
1695,STU101695,Isha Reddy,Male,22,Bachelor,Student,Bhopal,Mobile,Medium,C101,Python Basics,Programming,Beginner,45,4.6,5,45,97.0,1,2.7,5,6,9.0,3,6,3,68.4,61.9,55.0,0,28-02-2024,Debit Card,Yes,No,4326,85,1,1,5.0,Completed,1,0,2,1,2,1,4,1
1696,STU101696,Aarav Reddy,Male,19,Master,Employed,Hyderabad,Tablet,Medium,C102,Data Analysis with Python,Programming,Intermediate,60,4.7,2,28,60.7,3,1.4,2,5,5.5,4,6,2,71.1,73.8,48.9,5,22-10-2024,Scholarship,No,Yes,961,84,5,0,4.2,Completed,1,3,0,2,2,2,4,4
1697,STU101697,Arjun Shah,Male,26,Master,Student,Kolkata,Mobile,High,C108,Excel for Business,Business,Beginner,25,4.1,5,26,77.0,3,3.7,3,7,5.1,5,5,6,68.0,50.0,59.5,3,19-06-2025,UPI,Yes,No,2958,68,3,0,4.1,Completed,1,3,2,1,0,1,0,5
1698,STU101698,Ritika Desai,Female,21,HighSchool,Self-Employed,Hyderabad,Laptop,Low,C102,Data Analysis with Python,Programming,Intermediate,60,4.7,6,28,75.3,2,11.0,1,3,1.0,3,7,2,45.0,72.8,48.0,3,23-08-2024,Debit Card,Yes,No,5183,64,0,0,4.2,Not Completed,0,2,1,0,1,2,4,1
1699,STU101699,Aarav Nair,Male,19,Bachelor,Unemployed,Nagpur,Mobile,Medium,C101,Python Basics,Programming,Beginner,45,4.6,1,39,16.8,1,0.5,3,6,9.4,3,7,1,58.0,39.3,25.8,0,25-02-2024,Debit Card,Yes,No,4597,48,1,2,3.2,Completed,1,0,3,1,2,1,4,1
1700,STU101700,Arjun Nair,Female,21,HighSchool,Employed,Pune,Tablet,High,C102,Data Analysis with Python,Programming,Intermediate,60,4.7,4,30,47.9,1,0.5,2,4,6.8,5,5,5,94.2,74.9,50.5,2,18-05-2024,Free,No,No,0,77,0,0,3.4,Completed,0,2,0,2,0,2,4,2
1701,STU101701,Arjun Sharma,Female,25,Master,Student,Chennai,Mobile,High,C106,Machine Learning A-Z,Programming,Advanced,90,4.6,5,39,40.7,0,9.2,2,7,5.2,4,6,3,83.5,82.2,42.3,2,08-02-2024,Free,No,No,0,66,1,0,5.0,Completed,0,3,2,1,0,0,4,2
1702,STU101702,Aditya Patel,Male,34,Bachelor,Employed,Vadodara,Laptop,Medium,C104,Digital Marketing Essentials,Marketing,Beginner,30,4.3,8,42,85.0,4,9.5,17,6,6.8,5,5,3,72.5,92.1,64.4,2,31-12-2024,Scholarship,No,No,1470,86,3,1,3.9,Not Completed,1,0,0,0,2,1,2,4
1703,STU101703,Vivaan Singh,Male,20,Bachelor,Employed,Delhi,Laptop,Medium,C101,Python Basics,Programming,Beginner,45,4.6,2,33,41.4,0,0.5,10,7,7.1,4,6,5,70.2,61.2,41.6,2,22-08-2025,UPI,Yes,No,4187,56,1,0,4.3,Not Completed,1,0,0,0,2,1,4,5
1704,STU101704,Ritika Bhardwaj,Male,31,Master,Employed,Mumbai,Laptop,Medium,C104,Digital Marketing Essentials,Marketing,Beginner,30,4.3,6,27,89.9,2,0.5,4,7,5.5,2,8,5,54.8,63.7,46.6,2,02-07-2024,NetBanking,Yes,Yes,3224,85,3,0,4.4,Completed,1,3,0,0,2,1,2,3
1705,STU101705,Vivaan Sharma,Male,24,Bachelor,Student,Ahmedabad,Laptop,High,C106,Machine Learning A-Z,Programming,Advanced,90,4.6,4,28,69.9,0,2.1,4,9,7.2,5,5,1,78.7,83.6,58.6,2,23-01-2024,Debit Card,Yes,No,6865,45,2,1,4.2,Not Completed,1,0,2,0,0,0,4,1
1706,STU101706,Vihaan Bose,Female,26,HighSchool,Student,Jaipur,Mobile,Medium,C102,Data Analysis with Python,Programming,Intermediate,60,4.7,3,20,70.2,1,0.5,18,4,5.5,6,4,2,75.8,92.9,65.2,5,08-05-2024,Free,No,No,0,71,1,3,2.3,Completed,0,2,2,1,2,2,4,2
1707,STU101707,Sai Iyer,Female,28,Master,Employed,Hyderabad,Laptop,Medium,C101,Python Basics,Programming,Beginner,45,4.6,5,16,85.2,1,0.5,15,5,5.2,4,6,2,71.9,62.1,56.9,0,14-03-2024,UPI,Yes,No,4499,87,2,0,4.0,Completed,0,3,0,0,2,1,4,5
1708,STU101708,Neha Bhardwaj,Female,30,Bachelor,Employed,Hyderabad,Mobile,Medium,C103,Introduction to AI,Programming,Intermediate,75,4.5,4,42,41.9,3,4.5,3,3,8.1,4,6,2,62.7,76.1,42.5,3,12-03-2025,Free,No,No,0,82,0,0,4.5,Completed,0,0,0,1,2,2,4,2
1709,STU101709,Sakshi Singh,Male,34,HighSchool,Self-Employed,Surat,Tablet,Low,C104,Digital Marketing Essentials,Marketing,Beginner,30,4.3,8,31,77.8,1,9.9,0,6,7.7,6,4,3,81.6,60.4,66.2,1,26-01-2024,Credit Card,Yes,Yes,2744,81,2,1,4.2,Completed,1,2,1,2,1,1,2,0
1710,STU101710,Nikhil Desai,Male,17,Bachelor,Student,Mumbai,Laptop,High,C104,Digital Marketing Essentials,Marketing,Beginner,30,4.3,6,32,51.4,0,0.5,0,2,3.1,4,6,1,74.6,82.6,46.1,2,30-04-2024,UPI,Yes,No,3190,49,0,1,4.1,Not Completed,1,0,2,0,0,1,2,5
1711,STU101711,Ananya Verma,Female,23,Diploma,Student,Bhopal,Mobile,High,C106,Machine Learning A-Z,Programming,Advanced,90,4.6,6,30,70.1,2,5.0,2,4,6.1,6,4,8,91.9,98.5,65.5,5,21-10-2023,UPI,Yes,No,6419,78,4,0,5.0,Completed,0,1,2,1,0,0,4,5
1712,STU101712,Vihaan Bose,Male,28,Master,Self-Employed,Pune,Mobile,Medium,C108,Excel for Business,Business,Beginner,25,4.1,7,35,59.5,3,6.6,15,5,7.9,5,5,5,65.3,79.4,54.8,2,14-02-2025,NetBanking,Yes,No,3102,53,2,0,3.3,Not Completed,1,3,1,1,2,1,0,3
1713,STU101713,Sneha Nair,Female,28,Bachelor,Employed,Jaipur,Laptop,Medium,C102,Data Analysis with Python,Programming,Intermediate,60,4.7,5,47,45.1,2,8.1,6,7,4.2,6,4,4,81.5,80.5,55.8,1,05-09-2025,Free,No,No,0,71,2,0,3.3,Not Completed,0,0,0,0,2,2,4,2
1714,STU101714,Vihaan Verma,Male,25,Bachelor,Self-Employed,Nagpur,Laptop,Medium,C103,Introduction to AI,Programming,Intermediate,75,4.5,2,32,19.8,0,8.8,1,5,4.7,2,8,5,75.8,75.2,22.7,0,08-11-2024,Debit Card,Yes,No,6307,97,0,0,3.7,Not Completed,1,0,1,0,2,2,4,1
1715,STU101715,Isha Singh,Female,33,Bachelor,Unemployed,Surat,Mobile,High,C102,Data Analysis with Python,Programming,Intermediate,60,4.7,3,25,79.1,4,6.7,2,6,6.6,5,5,3,78.7,76.0,61.5,1,09-02-2024,UPI,Yes,No,5488,54,0,2,3.3,Completed,0,0,3,1,0,2,4,5
1716,STU101716,Pooja Sharma,Female,25,Bachelor,Student,Kolkata,Mobile,High,C101,Python Basics,Programming,Beginner,45,4.6,4,48,65.4,1,0.5,1,3,4.2,3,7,3,82.0,49.5,43.4,5,04-03-2024,NetBanking,Yes,Yes,3966,57,2,2,4.6,Completed,0,0,2,1,0,1,4,3
1717,STU101717,Meera Desai,Male,29,HighSchool,Employed,Hyderabad,Laptop,High,C106,Machine Learning A-Z,Programming,Advanced,90,4.6,5,24,40.2,2,0.5,10,6,4.9,7,3,3,75.8,70.7,59.6,4,09-05-2025,UPI,Yes,No,6579,93,1,2,4.8,Completed,1,2,0,0,0,0,4,5
1718,STU101718,Vivaan Sharma,Female,24,Bachelor,Employed,Hyderabad,Laptop,Medium,C104,Digital Marketing Essentials,Marketing,Beginner,30,4.3,3,36,79.1,4,1.5,27,5,4.9,5,5,6,85.7,69.5,61.1,0,14-11-2024,Debit Card,Yes,No,3733,56,1,1,2.4,Completed,0,0,0,0,2,1,2,1
1719,STU101719,Ananya Reddy,Female,17,Master,Student,Jaipur,Mobile,High,C106,Machine Learning A-Z,Programming,Advanced,90,4.6,3,26,78.1,0,0.5,5,5,8.4,3,7,2,65.4,69.5,48.8,3,19-09-2025,UPI,Yes,No,5949,79,4,1,4.5,Not Completed,0,3,2,1,0,0,4,5
1720,STU101720,Kavya Singh,Male,32,Bachelor,Employed,Surat,Mobile,Medium,C103,Introduction to AI,Programming,Intermediate,75,4.5,2,33,86.8,0,0.5,4,4,4.7,3,7,1,80.2,75.2,52.2,4,28-12-2024,Free,No,No,0,84,0,0,4.4,Not Completed,1,0,0,1,2,2,4,2
1721,STU101721,Krishna Shah,Male,35,Master,Student,Delhi,Mobile,Medium,C108,Excel for Business,Business,Beginner,25,4.1,3,34,30.1,3,0.5,10,7,6.5,4,6,2,74.6,80.5,38.6,4,15-02-2025,UPI,Yes,No,3299,66,2,2,3.8,Completed,1,3,2,1,2,1,0,5
1722,STU101722,Sneha Verma,Female,19,HighSchool,Employed,Mumbai,Mobile,Medium,C108,Excel for Business,Business,Beginner,25,4.1,5,49,59.9,4,7.4,0,10,4.7,2,8,4,70.5,47.9,35.3,4,03-03-2025,NetBanking,Yes,No,3112,85,2,1,2.6,Completed,0,2,0,1,2,1,0,3
1723,STU101723,Vihaan Mehta,Male,25,Bachelor,Student,Kolkata,Mobile,High,C104,Digital Marketing Essentials,Marketing,Beginner,30,4.3,4,41,60.7,4,0.5,0,10,6.6,5,5,2,69.5,88.4,55.6,1,08-09-2025,Scholarship,No,No,1007,95,4,2,4.9,Not Completed,1,0,2,1,0,1,2,4
1724,STU101724,Aditya Sharma,Female,33,Master,Student,Bengaluru,Laptop,High,C103,Introduction to AI,Programming,Intermediate,75,4.5,3,24,36.5,4,13.7,4,5,2.8,5,5,2,66.0,77.2,46.6,3,27-09-2025,UPI,Yes,No,6283,57,5,2,3.9,Not Completed,0,3,2,0,0,2,4,5
1725,STU101725,Nikhil Sharma,Male,21,Bachelor,Employed,Indore,Laptop,Medium,C108,Excel for Business,Business,Beginner,25,4.1,6,21,63.0,3,6.5,7,2,8.2,6,4,4,88.6,70.4,61.6,5,06-04-2024,Scholarship,No,Yes,1213,52,3,0,4.1,Not Completed,1,0,0,0,2,1,0,4
1726,STU101726,Aditya Joshi,Other,17,Bachelor,Employed,Pune,Mobile,High,C103,Introduction to AI,Programming,Intermediate,75,4.5,5,37,73.1,2,6.2,0,5,3.5,6,4,5,65.5,64.0,64.8,1,17-06-2025,Free,No,No,0,79,1,3,4.1,Completed,2,0,0,1,0,2,4,2
1727,STU101727,Priya Sharma,Male,34,Bachelor,Employed,Pune,Laptop,Medium,C107,Statistics for Data Science,Math,Intermediate,50,4.2,5,44,58.9,0,1.3,1,8,2.9,7,3,6,72.7,78.5,66.6,3,11-03-2025,Debit Card,Yes,No,4637,100,2,3,5.0,Not Completed,1,0,0,0,2,2,3,1
1728,STU101728,Neha Desai,Female,28,Master,Student,Indore,Mobile,Medium,C106,Machine Learning A-Z,Programming,Advanced,90,4.6,8,38,60.2,1,7.5,10,6,7.8,6,4,3,80.9,51.1,59.6,4,15-06-2025,Free,No,Yes,0,82,1,2,3.2,Not Completed,0,3,2,1,2,0,4,2
1729,STU101729,Neha Desai,Male,26,Master,Student,Vadodara,Laptop,Medium,C107,Statistics for Data Science,Math,Intermediate,50,4.2,4,46,70.9,1,9.7,1,9,7.8,8,2,4,69.0,77.6,76.7,5,29-11-2024,Credit Card,Yes,No,4393,95,4,0,5.0,Not Completed,1,3,2,0,2,2,3,0
1730,STU101730,Sneha Reddy,Male,21,Bachelor,Employed,Lucknow,Mobile,Medium,C105,UI/UX Design Fundamentals,Design,Beginner,40,4.4,3,35,84.7,4,4.8,3,4,7.9,4,6,4,48.7,64.4,56.9,2,04-12-2024,UPI,Yes,No,3960,69,4,3,3.5,Completed,1,0,0,1,2,1,1,5
1731,STU101731,Meera Gupta,Female,31,Bachelor,Employed,Ahmedabad,Laptop,Low,C101,Python Basics,Programming,Beginner,45,4.6,2,39,18.5,1,0.6,8,7,7.4,9,1,4,63.6,80.8,64.5,4,24-01-2025,Credit Card,Yes,No,4114,77,0,2,5.0,Not Completed,0,0,0,0,1,1,4,0
1732,STU101732,Vihaan Sharma,Male,21,Bachelor,Student,Ahmedabad,Mobile,Medium,C104,Digital Marketing Essentials,Marketing,Beginner,30,4.3,5,20,68.1,3,0.5,2,5,8.2,3,7,2,64.1,72.2,45.5,1,09-06-2024,Free,No,No,0,63,0,1,3.9,Completed,1,0,2,1,2,1,2,2
1733,STU101733,Arjun Patel,Male,23,Master,Student,Delhi,Mobile,High,C106,Machine Learning A-Z,Programming,Advanced,90,4.6,7,23,92.3,5,7.8,1,8,8.2,5,4,4,70.7,84.9,66.6,6,25-12-2023,UPI,Yes,No,6388,57,2,1,4.7,Not Completed,1,3,2,1,0,0,4,5
1734,STU101734,Meera Iyer,Female,28,Bachelor,Student,Mumbai,Mobile,High,C108,Excel for Business,Business,Beginner,25,4.1,5,47,57.9,7,7.4,10,10,8.1,2,8,5,66.2,78.1,36.2,3,11-11-2024,UPI,Yes,No,2961,58,4,0,3.5,Not Completed,0,0,2,1,0,1,0,5
1735,STU101735,Sakshi Iyer,Male,23,Diploma,Student,Hyderabad,Mobile,Medium,C101,Python Basics,Programming,Beginner,45,4.6,4,38,61.1,6,7.2,8,8,8.9,4,5,4,95.7,68.2,48.8,6,14-07-2025,Debit Card,Yes,No,4352,60,1,0,4.1,Not Completed,1,1,2,1,2,1,4,1
1736,STU101736,Sakshi Sharma,Male,21,Master,Student,Vadodara,Mobile,High,C101,Python Basics,Programming,Beginner,45,4.6,6,52,59.3,4,0.5,0,6,10.0,6,4,8,81.4,84.7,61.0,6,01-04-2025,Free,No,No,0,60,2,1,5.0,Completed,1,3,2,1,0,1,4,2
1737,STU101737,Meera Desai,Female,34,Bachelor,Self-Employed,Kolkata,Mobile,High,C102,Data Analysis with Python,Programming,Intermediate,60,4.7,8,52,91.3,4,6.8,18,7,8.4,5,5,3,70.6,61.9,65.1,5,24-08-2025,UPI,Yes,No,4734,72,6,0,4.1,Completed,0,0,1,1,0,2,4,5
1738,STU101738,Meera Reddy,Male,36,Bachelor,Self-Employed,Surat,Mobile,Medium,C102,Data Analysis with Python,Programming,Intermediate,60,4.7,5,27,68.0,1,2.6,10,4,4.2,7,3,1,84.4,66.9,69.1,2,02-10-2024,NetBanking,Yes,No,4958,52,6,0,3.6,Completed,1,0,1,1,2,2,4,3
1739,STU101739,Rahul Gupta,Male,25,Bachelor,Employed,Mumbai,Mobile,Medium,C108,Excel for Business,Business,Beginner,25,4.1,4,47,66.7,4,0.5,0,5,6.9,4,6,1,65.1,70.3,50.9,2,18-11-2023,NetBanking,Yes,Yes,2939,51,3,0,5.0,Completed,1,0,0,1,2,1,0,3
1740,STU101740,Isha Bose,Male,20,Bachelor,Student,Bhopal,Mobile,High,C101,Python Basics,Programming,Beginner,45,4.6,4,21,35.1,2,0.8,0,5,4.1,3,7,1,65.6,51.8,32.9,0,19-01-2025,Free,No,No,0,65,1,1,4.2,Not Completed,1,0,2,1,0,1,4,2
1741,STU101741,Pooja Shah,Male,20,Bachelor,Employed,Chennai,Laptop,Low,C103,Introduction to AI,Programming,Intermediate,75,4.5,3,46,21.0,2,8.0,1,7,7.2,5,5,3,74.6,83.8,41.5,1,22-11-2023,Free,No,No,0,74,4,1,3.8,Not Completed,1,0,0,0,1,2,4,2
1742,STU101742,Vivaan Verma,Male,23,Bachelor,Student,Surat,Mobile,Medium,C105,UI/UX Design Fundamentals,Design,Beginner,40,4.4,6,27,27.7,4,6.3,9,3,9.1,6,4,4,92.5,69.3,49.2,0,22-08-2024,UPI,Yes,No,3668,70,1,0,5.0,Completed,1,0,2,1,2,1,1,5
1743,STU101743,Sai Reddy,Female,31,Bachelor,Employed,Chennai,Laptop,High,C101,Python Basics,Programming,Beginner,45,4.6,7,43,70.4,6,5.2,6,2,4.3,7,3,5,73.3,61.6,69.7,3,18-11-2024,Debit Card,Yes,No,4215,53,1,0,2.8,Completed,0,0,0,0,0,1,4,1
1744,STU101744,Meera Desai,Male,18,Bachelor,Employed,Delhi,Laptop,High,C104,Digital Marketing Essentials,Marketing,Beginner,30,4.3,6,40,59.2,2,0.5,2,7,5.5,4,6,0,70.4,55.1,47.5,6,02-03-2025,Debit Card,Yes,No,3746,55,1,1,3.9,Not Completed,1,0,0,0,0,1,2,1
1745,STU101745,Rahul Iyer,Female,31,HighSchool,Employed,Surat,Laptop,High,C104,Digital Marketing Essentials,Marketing,Beginner,30,4.3,4,46,74.7,4,5.1,1,7,7.5,3,7,2,74.0,69.3,47.6,5,15-02-2025,Scholarship,No,No,1600,44,3,1,4.5,Not Completed,0,2,0,0,0,1,2,4
1746,STU101746,Rahul Shah,Male,22,Bachelor,Student,Bengaluru,Laptop,Medium,C104,Digital Marketing Essentials,Marketing,Beginner,30,4.3,3,23,53.4,3,1.5,24,1,5.5,5,5,3,88.7,90.7,53.2,3,20-11-2024,Free,No,No,0,100,3,1,2.3,Not Completed,1,0,2,0,2,1,2,2
1747,STU101747,Neha Reddy,Male,39,Bachelor,Student,Jaipur,Laptop,Medium,C108,Excel for Business,Business,Beginner,25,4.1,7,19,85.8,3,0.5,5,5,5.0,5,5,4,68.4,63.4,63.2,0,09-07-2025,NetBanking,Yes,No,3458,55,1,0,4.4,Completed,1,0,2,0,2,1,0,3
1748,STU101748,Sneha Desai,Male,25,HighSchool,Student,Ahmedabad,Mobile,Medium,C102,Data Analysis with Python,Programming,Intermediate,60,4.7,3,58,42.2,1,0.5,11,2,8.5,3,7,2,60.9,67.2,36.1,2,14-11-2023,NetBanking,Yes,No,5487,85,3,3,4.3,Not Completed,1,2,2,1,2,2,4,3
1749,STU101749,Nikhil Patel,Female,24,Bachelor,Employed,Bengaluru,Mobile,Medium,C107,Statistics for Data Science,Math,Intermediate,50,4.2,6,44,70.1,0,11.0,0,2,10.0,5,5,5,78.9,62.0,57.6,2,08-10-2024,Credit Card,Yes,No,4850,61,5,0,4.6,Completed,0,0,0,1,2,2,3,0
1750,STU101750,Nikhil Patel,Male,29,Diploma,Employed,Vadodara,Mobile,High,C108,Excel for Business,Business,Beginner,25,4.1,4,47,37.0,1,6.2,3,1,3.3,2,8,3,75.9,39.6,26.9,1,30-09-2024,UPI,Yes,No,3416,49,1,1,4.2,Completed,1,1,0,1,0,1,0,5
1751,STU101751,Priya Sharma,Other,36,Bachelor,Student,Chennai,Mobile,High,C103,Introduction to AI,Programming,Intermediate,75,4.5,5,27,61.9,0,5.2,15,3,6.3,4,6,3,49.4,71.5,49.2,2,16-10-2024,Credit Card,Yes,Yes,4817,56,3,1,4.0,Not Completed,2,0,2,1,0,2,4,0
1752,STU101752,Isha Joshi,Male,33,Bachelor,Employed,Mumbai,Mobile,Medium,C105,UI/UX Design Fundamentals,Design,Beginner,40,4.4,4,9,58.8,0,0.5,8,4,1.0,6,4,4,61.7,36.0,58.4,1,26-06-2024,UPI,Yes,Yes,3535,68,1,1,3.9,Not Completed,1,0,0,1,2,1,1,5
1753,STU101753,Rohan Iyer,Male,27,HighSchool,Employed,Ahmedabad,Mobile,Low,C105,UI/UX Design Fundamentals,Design,Beginner,40,4.4,3,40,26.3,4,3.7,3,3,3.5,4,6,5,56.5,75.1,36.9,0,20-09-2025,Scholarship,No,No,746,80,4,0,2.9,Not Completed,1,2,0,1,1,1,1,4
1754,STU101754,Aditya Shah,Female,21,Bachelor,Student,Ahmedabad,Tablet,High,C101,Python Basics,Programming,Beginner,45,4.6,2,8,58.6,0,0.5,11,7,7.1,5,5,5,58.3,58.3,53.4,3,07-04-2024,UPI,Yes,Yes,3493,58,2,0,5.0,Completed,0,0,2,2,0,1,4,5
1755,STU101755,Aarav Gupta,Female,21,Bachelor,Employed,Hyderabad,Mobile,Medium,C101,Python Basics,Programming,Beginner,45,4.6,4,17,64.5,1,6.4,13,6,7.1,2,8,2,48.2,68.7,38.0,2,20-08-2025,Credit Card,Yes,No,3940,62,1,0,3.5,Completed,0,0,0,1,2,1,4,0
1756,STU101756,Isha Bhardwaj,Male,34,Bachelor,Student,Surat,Mobile,Medium,C108,Excel for Business,Business,Beginner,25,4.1,3,33,73.2,0,0.5,1,9,5.6,5,5,2,72.4,54.4,58.4,3,16-07-2024,Debit Card,Yes,No,3163,100,5,1,3.4,Not Completed,1,0,2,1,2,1,0,1
1757,STU101757,Aarav Nair,Male,17,HighSchool,Student,Kolkata,Mobile,High,C105,UI/UX Design Fundamentals,Design,Beginner,40,4.4,6,58,82.4,4,0.5,1,10,6.0,4,6,8,76.2,93.1,57.5,3,05-09-2024,Scholarship,No,No,1667,66,5,0,3.9,Completed,1,2,2,1,0,1,1,4
1758,STU101758,Priya Bhardwaj,Male,24,Master,Self-Employed,Chennai,Mobile,High,C102,Data Analysis with Python,Programming,Intermediate,60,4.7,4,58,44.8,5,2.9,8,5,4.9,5,5,3,77.5,61.0,48.7,0,25-01-2024,Credit Card,Yes,No,4568,75,1,1,3.5,Not Completed,1,3,1,1,0,2,4,0
1759,STU101759,Meera Sharma,Male,28,Diploma,Self-Employed,Indore,Mobile,High,C106,Machine Learning A-Z,Programming,Advanced,90,4.6,5,18,87.3,0,0.9,13,3,2.8,4,6,2,63.8,79.6,58.5,1,25-09-2024,Credit Card,Yes,No,6220,64,3,0,1.6,Completed,1,1,1,1,0,0,4,0
1760,STU101760,Meera Gupta,Female,30,Bachelor,Student,Vadodara,Laptop,Low,C106,Machine Learning A-Z,Programming,Advanced,90,4.6,5,26,52.2,2,0.5,1,4,5.6,4,6,4,59.5,71.9,45.9,5,28-09-2024,Free,No,Yes,0,78,2,0,5.0,Not Completed,0,0,2,0,1,0,4,2
1761,STU101761,Sai Bhardwaj,Female,26,Bachelor,Employed,Ahmedabad,Laptop,Medium,C103,Introduction to AI,Programming,Intermediate,75,4.5,2,17,38.5,1,6.8,3,3,5.2,4,6,3,75.1,61.1,40.5,2,05-01-2025,UPI,Yes,No,5992,85,0,0,3.6,Completed,0,0,0,0,2,2,4,5
1762,STU101762,Krishna Reddy,Female,25,Diploma,Student,Lucknow,Mobile,Medium,C107,Statistics for Data Science,Math,Intermediate,50,4.2,7,34,72.6,4,13.8,18,1,4.6,4,6,3,60.4,84.5,53.6,3,02-01-2024,Credit Card,Yes,No,4583,53,1,0,4.6,Completed,0,1,2,1,2,2,3,0
1763,STU101763,Rahul Singh,Female,24,Bachelor,Student,Ahmedabad,Laptop,High,C102,Data Analysis with Python,Programming,Intermediate,60,4.7,6,53,45.7,2,3.3,5,12,4.4,4,6,5,88.2,74.4,43.7,1,16-08-2024,Credit Card,Yes,No,4613,79,1,0,3.6,Not Completed,0,0,2,0,0,2,4,0
1764,STU101764,Nikhil Mehta,Male,36,Diploma,Student,Vadodara,Mobile,High,C102,Data Analysis with Python,Programming,Intermediate,60,4.7,3,39,46.2,1,12.5,7,5,6.2,3,7,4,81.5,66.0,37.5,2,19-01-2024,UPI,Yes,Yes,4146,66,0,0,4.2,Not Completed,1,1,2,1,0,2,4,5
1765,STU101765,Nikhil Sharma,Male,25,Bachelor,Student,Jaipur,Laptop,Medium,C103,Introduction to AI,Programming,Intermediate,75,4.5,13,26,79.2,0,12.2,2,6,9.4,2,8,4,53.1,72.2,43.3,1,24-12-2023,NetBanking,Yes,No,5612,82,1,2,4.9,Not Completed,1,0,2,0,2,2,4,3
1766,STU101766,Nikhil Desai,Female,25,Bachelor,Employed,Surat,Laptop,High,C104,Digital Marketing Essentials,Marketing,Beginner,30,4.3,2,46,83.5,1,4.9,2,5,8.8,4,6,6,79.1,57.3,56.1,3,18-05-2024,UPI,Yes,No,3430,31,1,0,3.9,Not Completed,0,0,0,0,0,1,2,5
1767,STU101767,Sneha Desai,Male,17,Bachelor,Student,Delhi,Mobile,High,C105,UI/UX Design Fundamentals,Design,Beginner,40,4.4,7,39,95.5,5,14.4,7,5,4.2,4,6,4,63.5,76.4,61.2,0,21-08-2024,Debit Card,Yes,No,4079,93,0,1,5.0,Completed,1,0,2,1,0,1,1,1
1768,STU101768,Ritika Desai,Female,20,Bachelor,Student,Ahmedabad,Mobile,Low,C103,Introduction to AI,Programming,Intermediate,75,4.5,4,30,56.1,1,0.5,9,4,6.4,5,5,3,78.5,78.3,53.5,2,21-04-2025,Credit Card,Yes,Yes,4954,77,4,1,5.0,Completed,0,0,2,1,1,2,4,0
1769,STU101769,Pooja Singh,Male,33,Bachelor,Employed,Chennai,Laptop,Medium,C103,Introduction to AI,Programming,Intermediate,75,4.5,4,28,70.3,3,4.0,13,6,6.4,3,7,5,72.5,81.8,46.7,4,17-07-2025,Free,No,No,0,80,3,1,3.5,Completed,1,0,0,0,2,2,4,2
1770,STU101770,Ritika Reddy,Male,26,HighSchool,Student,Lucknow,Mobile,High,C106,Machine Learning A-Z,Programming,Advanced,90,4.6,4,18,40.0,0,3.1,2,5,6.2,5,5,4,54.0,82.9,48.2,1,18-04-2024,UPI,Yes,Yes,5176,73,2,1,3.4,Completed,1,2,2,1,0,0,4,5
1771,STU101771,Aarav Iyer,Female,44,Bachelor,Employed,Indore,Mobile,Medium,C104,Digital Marketing Essentials,Marketing,Beginner,30,4.3,5,23,70.3,1,0.5,1,4,6.8,7,3,2,73.5,79.1,70.6,2,25-04-2024,Credit Card,Yes,No,3750,78,3,1,3.4,Completed,0,0,0,1,2,1,2,0
1772,STU101772,Nikhil Reddy,Male,23,Master,Employed,Pune,Laptop,Medium,C105,UI/UX Design Fundamentals,Design,Beginner,40,4.4,4,30,24.8,2,0.5,19,4,6.3,1,8,2,72.8,55.1,17.5,0,06-02-2025,UPI,Yes,No,3885,33,4,2,5.0,Not Completed,1,3,0,0,2,1,1,5
1773,STU101773,Neha Bose,Female,30,Master,Employed,Lucknow,Mobile,Medium,C104,Digital Marketing Essentials,Marketing,Beginner,30,4.3,6,29,45.0,4,1.0,33,4,7.5,5,4,3,65.6,58.0,48.6,0,07-07-2025,UPI,Yes,No,3680,96,4,0,3.3,Not Completed,0,3,0,1,2,1,2,5
1774,STU101774,Isha Bose,Male,28,Diploma,Employed,Jaipur,Laptop,High,C106,Machine Learning A-Z,Programming,Advanced,90,4.6,7,50,88.5,0,3.2,4,4,7.3,4,6,1,76.1,77.1,58.8,4,17-12-2023,NetBanking,Yes,Yes,5318,100,5,2,4.7,Not Completed,1,1,0,0,0,0,4,3
1775,STU101775,Ritika Singh,Female,22,Bachelor,Employed,Hyderabad,Mobile,High,C104,Digital Marketing Essentials,Marketing,Beginner,30,4.3,6,42,85.0,1,4.2,7,9,9.4,4,6,3,87.4,34.8,55.5,6,19-06-2024,Scholarship,No,No,1015,61,4,2,5.0,Not Completed,0,0,0,1,0,1,2,4
1776,STU101776,Arjun Nair,Male,22,PhD,Unemployed,Lucknow,Laptop,Low,C106,Machine Learning A-Z,Programming,Advanced,90,4.6,4,38,65.7,0,4.7,12,6,8.8,3,7,6,76.5,78.0,44.9,2,04-01-2025,Free,No,No,0,55,3,0,4.9,Not Completed,1,4,3,0,1,0,4,2
1777,STU101777,Isha Joshi,Male,22,HighSchool,Self-Employed,Nagpur,Laptop,Low,C107,Statistics for Data Science,Math,Intermediate,50,4.2,5,21,50.8,3,0.5,1,12,6.9,7,3,3,58.7,91.9,64.4,2,21-12-2023,Debit Card,Yes,No,4610,79,3,1,3.3,Not Completed,1,2,1,0,1,2,3,1
1778,STU101778,Krishna Shah,Male,17,Bachelor,Student,Chennai,Mobile,Medium,C102,Data Analysis with Python,Programming,Intermediate,60,4.7,4,38,73.4,3,5.1,2,1,8.2,5,4,2,43.8,60.1,58.7,0,05-08-2024,Free,No,No,0,38,3,1,3.8,Completed,1,0,2,1,2,2,4,2
1779,STU101779,Sai Kumar,Female,27,Master,Employed,Lucknow,Laptop,High,C105,UI/UX Design Fundamentals,Design,Beginner,40,4.4,5,43,56.1,5,0.5,4,6,5.0,6,4,5,53.7,60.0,58.6,1,05-12-2024,UPI,Yes,No,4190,48,4,0,4.4,Completed,0,3,0,0,0,1,1,5
1780,STU101780,Rohan Sharma,Female,28,Master,Student,Bengaluru,Mobile,High,C102,Data Analysis with Python,Programming,Intermediate,60,4.7,5,47,42.9,1,0.5,7,7,4.1,5,5,4,65.8,79.9,49.0,0,24-06-2024,Debit Card,Yes,No,5090,38,2,0,3.9,Completed,0,3,2,1,0,2,4,1
1781,STU101781,Ananya Reddy,Female,32,Master,Employed,Kolkata,Mobile,Medium,C104,Digital Marketing Essentials,Marketing,Beginner,30,4.3,4,15,50.8,2,8.6,7,6,5.6,5,5,4,60.8,41.7,49.9,4,05-01-2025,NetBanking,Yes,No,3673,71,3,2,4.4,Completed,0,3,0,1,2,1,2,3
1782,STU101782,Isha Iyer,Male,28,Master,Employed,Bhopal,Laptop,High,C101,Python Basics,Programming,Beginner,45,4.6,6,35,64.9,1,5.2,0,7,7.3,4,6,3,70.2,60.1,49.7,2,28-03-2024,UPI,Yes,No,3935,50,1,1,4.2,Not Completed,1,3,0,0,0,1,4,5
1783,STU101783,Neha Verma,Male,17,HighSchool,Employed,Mumbai,Laptop,Medium,C102,Data Analysis with Python,Programming,Intermediate,60,4.7,3,34,65.5,1,3.5,9,6,7.7,3,7,7,61.5,76.6,44.7,5,27-07-2024,Scholarship,No,No,2425,66,1,0,3.9,Not Completed,1,2,0,0,2,2,4,4
1784,STU101784,Rahul Verma,Female,17,Bachelor,Employed,Lucknow,Mobile,High,C107,Statistics for Data Science,Math,Intermediate,50,4.2,4,39,79.6,0,12.1,10,5,9.2,5,5,4,70.7,100.0,62.9,2,25-02-2025,Free,No,Yes,0,41,4,2,4.5,Completed,0,0,0,1,0,2,3,2
1785,STU101785,Aarav Patel,Male,17,Bachelor,Student,Nagpur,Mobile,Medium,C108,Excel for Business,Business,Beginner,25,4.1,4,41,73.0,2,5.0,9,5,7.0,4,6,5,72.2,59.3,52.5,0,02-09-2024,Free,No,No,0,84,5,1,4.3,Completed,1,0,2,1,2,1,0,2
1786,STU101786,Sakshi Kumar,Male,25,Diploma,Employed,Nagpur,Tablet,Medium,C101,Python Basics,Programming,Beginner,45,4.6,2,21,49.1,1,0.5,18,5,9.9,4,6,2,87.1,63.3,44.4,0,06-12-2024,UPI,Yes,No,4004,86,1,1,2.9,Not Completed,1,1,0,2,2,1,4,5
1787,STU101787,Sneha Iyer,Female,20,HighSchool,Employed,Lucknow,Mobile,Medium,C108,Excel for Business,Business,Beginner,25,4.1,2,39,87.9,2,0.5,7,12,6.6,4,6,1,79.5,66.9,58.1,1,26-11-2024,UPI,Yes,No,3073,39,3,0,3.4,Not Completed,0,2,0,1,2,1,0,5
1788,STU101788,Arjun Singh,Female,22,Bachelor,Employed,Delhi,Tablet,Medium,C104,Digital Marketing Essentials,Marketing,Beginner,30,4.3,3,31,64.9,2,6.6,1,5,3.3,4,6,4,72.2,72.0,50.3,1,12-03-2025,NetBanking,Yes,No,3625,74,4,1,4.2,Not Completed,0,0,0,2,2,1,2,3
1789,STU101789,Vihaan Gupta,Female,23,Bachelor,Student,Lucknow,Mobile,Medium,C107,Statistics for Data Science,Math,Intermediate,50,4.2,3,34,68.8,1,0.5,16,3,10.0,6,4,3,68.4,74.6,63.8,0,06-04-2025,Free,No,No,0,66,2,1,4.7,Completed,0,0,2,1,2,2,3,2
1790,STU101790,Neha Reddy,Male,27,Diploma,Employed,Bhopal,Mobile,Medium,C101,Python Basics,Programming,Beginner,45,4.6,5,39,61.3,1,0.5,9,5,6.6,4,6,4,70.4,70.9,49.0,3,22-06-2025,Credit Card,Yes,No,4343,53,2,1,3.9,Not Completed,1,1,0,1,2,1,4,0
1791,STU101791,Vihaan Desai,Female,26,Diploma,Employed,Vadodara,Mobile,Medium,C102,Data Analysis with Python,Programming,Intermediate,60,4.7,5,30,32.9,2,3.2,6,3,7.6,4,6,1,52.3,65.5,38.8,1,06-06-2025,Credit Card,Yes,No,4608,60,3,0,3.1,Not Completed,0,1,0,1,2,2,4,0
1792,STU101792,Priya Desai,Female,23,Diploma,Employed,Indore,Tablet,Medium,C106,Machine Learning A-Z,Programming,Advanced,90,4.6,3,22,64.3,3,3.3,16,5,6.0,3,7,3,70.1,67.4,43.9,3,23-12-2024,Debit Card,Yes,No,6306,17,3,1,3.9,Not Completed,0,1,0,2,2,0,4,1
1793,STU101793,Krishna Verma,Male,29,Bachelor,Employed,Delhi,Mobile,Medium,C102,Data Analysis with Python,Programming,Intermediate,60,4.7,5,28,55.6,2,5.2,20,4,7.8,5,5,4,65.7,67.1,52.8,5,24-07-2024,UPI,Yes,No,4872,63,3,2,4.5,Not Completed,1,0,0,1,2,2,4,5
1794,STU101794,Kavya Mehta,Female,26,Bachelor,Employed,Ahmedabad,Tablet,Medium,C107,Statistics for Data Science,Math,Intermediate,50,4.2,7,28,58.4,3,6.3,1,6,4.7,3,7,3,92.8,63.2,41.6,0,13-12-2023,UPI,Yes,No,4197,91,1,1,5.0,Not Completed,0,0,0,2,2,2,3,5
1795,STU101795,Meera Gupta,Male,27,Bachelor,Employed,Hyderabad,Laptop,Medium,C106,Machine Learning A-Z,Programming,Advanced,90,4.6,6,45,44.4,1,21.8,5,7,4.3,4,6,1,78.4,68.0,43.0,2,09-02-2024,Free,No,Yes,0,50,0,0,3.0,Not Completed,1,0,0,0,2,0,4,2
1796,STU101796,Pooja Gupta,Female,27,Bachelor,Employed,Chennai,Laptop,Medium,C104,Digital Marketing Essentials,Marketing,Beginner,30,4.3,10,37,79.5,0,12.9,1,6,6.4,7,3,3,64.9,86.5,74.2,1,25-06-2024,Free,No,No,0,50,2,5,3.1,Not Completed,0,0,0,0,2,1,2,2
1797,STU101797,Neha Bose,Female,26,Diploma,Employed,Vadodara,Laptop,Medium,C108,Excel for Business,Business,Beginner,25,4.1,2,55,76.6,2,1.5,3,5,3.7,4,6,5,63.1,69.4,54.3,2,22-10-2024,NetBanking,Yes,Yes,2730,29,2,1,4.4,Completed,0,1,0,0,2,1,0,3
1798,STU101798,Meera Nair,Female,29,Bachelor,Employed,Hyderabad,Laptop,High,C107,Statistics for Data Science,Math,Intermediate,50,4.2,10,57,83.3,4,9.6,1,3,10.0,6,4,6,69.2,100.0,70.2,4,07-11-2023,Scholarship,No,No,1636,99,4,0,4.6,Completed,0,0,0,0,0,2,3,4
1799,STU101799,Sakshi Patel,Female,24,Bachelor,Employed,Nagpur,Laptop,Medium,C106,Machine Learning A-Z,Programming,Advanced,90,4.6,5,19,68.2,0,1.8,13,3,0.0,4,6,1,67.0,36.3,49.7,1,11-12-2023,Free,No,No,0,82,1,3,3.1,Not Completed,0,0,0,0,2,0,4,2
1800,STU101800,Rohan Kumar,Female,30,Bachelor,Employed,Surat,Mobile,Medium,C103,Introduction to AI,Programming,Intermediate,75,4.5,3,21,76.1,3,8.0,18,6,7.4,4,6,3,53.4,71.3,54.2,4,01-08-2025,Credit Card,Yes,Yes,4662,69,2,1,4.3,Completed,0,0,0,1,2,2,4,0
1801,STU101801,Sneha Bose,Female,24,Bachelor,Student,Vadodara,Mobile,High,C106,Machine Learning A-Z,Programming,Advanced,90,4.6,4,46,52.4,7,1.8,15,6,6.4,5,5,2,81.6,58.1,51.2,2,16-04-2025,UPI,Yes,Yes,5766,73,7,1,3.9,Not Completed,0,0,2,1,0,0,4,5
1802,STU101802,Rohan Shah,Female,26,Bachelor,Employed,Kolkata,Mobile,Low,C103,Introduction to AI,Programming,Intermediate,75,4.5,2,39,65.8,4,2.4,15,7,10.0,6,4,5,86.3,49.1,61.5,1,22-11-2024,UPI,Yes,No,5784,81,2,0,4.0,Completed,0,0,0,1,1,2,4,5
1803,STU101803,Neha Kumar,Male,31,HighSchool,Employed,Delhi,Mobile,Medium,C108,Excel for Business,Business,Beginner,25,4.1,6,29,42.8,0,10.9,2,3,3.8,4,6,2,55.3,48.7,41.4,0,14-06-2024,UPI,Yes,No,3152,54,2,2,4.5,Not Completed,1,2,0,1,2,1,0,5
1804,STU101804,Ananya Singh,Male,20,Master,Employed,Nagpur,Mobile,High,C108,Excel for Business,Business,Beginner,25,4.1,8,35,55.1,4,1.9,2,2,4.7,3,6,4,64.8,53.9,40.0,4,08-01-2025,Free,No,No,0,30,0,0,3.9,Completed,1,3,0,1,0,1,0,2
1805,STU101805,Pooja Bose,Female,17,Bachelor,Student,Vadodara,Mobile,Medium,C106,Machine Learning A-Z,Programming,Advanced,90,4.6,5,17,70.5,2,2.8,5,2,5.3,3,7,5,81.8,81.7,46.8,3,06-12-2024,Credit Card,Yes,No,6529,53,0,1,5.0,Not Completed,0,0,2,1,2,0,4,0
1806,STU101806,Vivaan Kumar,Male,22,Bachelor,Unemployed,Nagpur,Laptop,Low,C101,Python Basics,Programming,Beginner,45,4.6,4,31,84.6,2,0.5,5,4,7.1,1,9,2,100.0,78.6,39.5,2,03-03-2025,Debit Card,Yes,No,4572,46,3,0,3.0,Not Completed,1,0,3,0,1,1,4,1
1807,STU101807,Meera Nair,Female,26,Diploma,Student,Chennai,Laptop,Medium,C108,Excel for Business,Business,Beginner,25,4.1,6,25,91.2,0,3.5,2,8,3.0,4,6,2,84.0,72.6,59.5,6,21-09-2024,Credit Card,Yes,No,3016,98,6,2,3.4,Not Completed,0,1,2,0,2,1,0,0
1808,STU101808,Isha Bose,Male,29,Bachelor,Student,Bhopal,Mobile,Medium,C107,Statistics for Data Science,Math,Intermediate,50,4.2,3,30,46.2,1,3.7,18,2,6.4,5,5,4,67.9,78.5,50.1,2,29-03-2024,UPI,Yes,Yes,4146,78,3,2,3.8,Completed,1,0,2,1,2,2,3,5
1809,STU101809,Neha Gupta,Male,21,Bachelor,Employed,Delhi,Laptop,Medium,C103,Introduction to AI,Programming,Intermediate,75,4.5,2,33,22.8,2,0.5,11,7,5.4,3,7,1,48.7,89.6,30.5,2,24-06-2025,Credit Card,Yes,No,5608,88,4,0,4.5,Not Completed,1,0,0,0,2,2,4,0
1810,STU101810,Rahul Nair,Male,26,Diploma,Student,Hyderabad,Mobile,High,C104,Digital Marketing Essentials,Marketing,Beginner,30,4.3,5,35,54.5,2,7.7,12,10,9.1,6,3,5,98.6,74.9,58.8,3,14-11-2023,NetBanking,Yes,No,3187,63,2,1,3.0,Not Completed,1,1,2,1,0,1,2,3
1811,STU101811,Vivaan Iyer,Male,23,Bachelor,Student,Lucknow,Mobile,Medium,C102,Data Analysis with Python,Programming,Intermediate,60,4.7,3,54,71.7,1,3.1,13,6,7.1,4,6,0,95.9,87.9,53.5,2,13-01-2025,Scholarship,No,No,1937,48,0,1,3.9,Completed,1,0,2,1,2,2,4,4
1812,STU101812,Arjun Patel,Male,26,Bachelor,Student,Chennai,Mobile,High,C102,Data Analysis with Python,Programming,Intermediate,60,4.7,5,44,57.4,3,7.4,10,7,4.6,7,3,2,78.9,85.8,66.4,1,24-08-2024,UPI,Yes,No,5423,85,5,1,4.3,Completed,1,0,2,1,0,2,4,5
1813,STU101813,Pooja Bhardwaj,Female,17,Diploma,Student,Delhi,Mobile,Medium,C101,Python Basics,Programming,Beginner,45,4.6,7,36,91.8,2,2.6,11,3,7.8,4,6,6,100.0,94.8,60.9,6,28-06-2024,UPI,Yes,Yes,3788,82,1,1,5.0,Completed,0,1,2,1,2,1,4,5
1814,STU101814,Ritika Nair,Male,31,Bachelor,Student,Vadodara,Mobile,Medium,C107,Statistics for Data Science,Math,Intermediate,50,4.2,7,26,87.9,3,9.0,14,7,3.6,4,6,4,60.8,78.7,58.7,2,27-02-2024,Debit Card,Yes,No,4462,34,3,1,5.0,Completed,1,0,2,1,2,2,3,1
1815,STU101815,Sakshi Iyer,Male,27,Bachelor,Student,Chennai,Mobile,Medium,C107,Statistics for Data Science,Math,Intermediate,50,4.2,5,50,85.4,3,0.5,6,7,9.8,3,7,3,67.8,73.1,51.5,5,08-09-2024,Scholarship,No,No,897,86,4,2,4.3,Completed,1,0,2,1,2,2,3,4
1816,STU101816,Kavya Reddy,Male,33,Bachelor,Employed,Nagpur,Tablet,High,C106,Machine Learning A-Z,Programming,Advanced,90,4.6,4,49,85.5,4,1.9,11,1,8.6,4,6,3,69.9,77.4,57.8,1,09-07-2024,UPI,Yes,No,6873,75,1,0,4.4,Not Completed,1,0,0,2,0,0,4,5
1817,STU101817,Sai Iyer,Male,24,Master,Employed,Jaipur,Mobile,Medium,C107,Statistics for Data Science,Math,Intermediate,50,4.2,5,32,87.1,2,1.1,4,6,5.4,3,7,6,100.0,61.6,51.6,2,31-07-2024,Free,No,No,0,80,2,2,3.1,Not Completed,1,3,0,1,2,2,3,2
1818,STU101818,Krishna Sharma,Male,33,Bachelor,Employed,Chennai,Mobile,Medium,C103,Introduction to AI,Programming,Intermediate,75,4.5,4,51,34.0,1,12.4,0,5,8.0,6,4,5,52.2,52.5,50.5,1,22-11-2024,Scholarship,No,No,2212,53,3,1,4.3,Not Completed,1,0,0,1,2,2,4,4
1819,STU101819,Priya Shah,Female,28,HighSchool,Student,Bhopal,Mobile,Medium,C104,Digital Marketing Essentials,Marketing,Beginner,30,4.3,5,42,38.0,2,0.5,5,7,9.0,3,7,6,93.4,60.6,34.3,3,07-11-2023,Scholarship,No,No,548,46,7,1,4.5,Not Completed,0,2,2,1,2,1,2,4
1820,STU101820,Aarav Bose,Male,26,HighSchool,Self-Employed,Surat,Mobile,Medium,C105,UI/UX Design Fundamentals,Design,Beginner,40,4.4,6,38,45.6,1,5.6,3,6,9.5,5,4,4,97.9,61.6,49.0,4,19-07-2025,UPI,Yes,Yes,3137,81,6,0,3.8,Completed,1,2,1,1,2,1,1,5
1821,STU101821,Rohan Bose,Male,39,Bachelor,Self-Employed,Delhi,Mobile,High,C108,Excel for Business,Business,Beginner,25,4.1,2,46,49.2,1,2.5,11,4,5.5,2,8,4,77.9,69.0,32.7,2,07-05-2024,Credit Card,Yes,No,3038,41,2,1,3.2,Not Completed,1,0,1,1,0,1,0,0
1822,STU101822,Neha Nair,Female,23,Bachelor,Employed,Nagpur,Mobile,Medium,C101,Python Basics,Programming,Beginner,45,4.6,3,52,87.2,6,0.6,7,2,2.5,3,7,5,75.6,67.5,51.9,3,30-11-2024,Debit Card,Yes,No,4063,100,1,0,4.2,Not Completed,0,0,0,1,2,1,4,1
1823,STU101823,Sakshi Mehta,Female,24,Master,Employed,Jaipur,Mobile,Medium,C102,Data Analysis with Python,Programming,Intermediate,60,4.7,5,28,47.1,2,2.0,0,6,5.2,7,3,3,58.5,81.0,62.5,3,16-01-2024,UPI,Yes,No,5089,56,2,0,4.1,Completed,0,3,0,1,2,2,4,5
1824,STU101824,Sneha Verma,Male,30,Bachelor,Unemployed,Jaipur,Mobile,Medium,C101,Python Basics,Programming,Beginner,45,4.6,5,34,54.2,6,2.2,0,3,4.5,7,2,5,78.6,75.5,64.7,1,07-04-2025,Free,No,No,0,64,3,1,5.0,Completed,1,0,3,1,2,1,4,2
1825,STU101825,Isha Desai,Male,27,HighSchool,Self-Employed,Bhopal,Mobile,Medium,C108,Excel for Business,Business,Beginner,25,4.1,6,27,48.3,0,12.7,2,1,4.5,4,6,4,87.1,80.1,44.9,4,05-09-2025,UPI,Yes,No,2928,65,2,0,2.6,Not Completed,1,2,1,1,2,1,0,5
1826,STU101826,Meera Sharma,Male,28,Bachelor,Employed,Pune,Mobile,High,C106,Machine Learning A-Z,Programming,Advanced,90,4.6,7,40,78.1,3,15.6,3,7,4.2,5,5,7,75.1,67.4,60.7,2,29-04-2024,Credit Card,Yes,No,6779,67,2,1,3.6,Not Completed,1,0,0,1,0,0,4,0
1827,STU101827,Neha Kumar,Female,26,Bachelor,Employed,Indore,Mobile,Medium,C104,Digital Marketing Essentials,Marketing,Beginner,30,4.3,4,27,86.0,2,3.8,3,2,6.5,5,5,2,74.0,73.3,63.8,2,27-02-2024,Credit Card,Yes,No,3508,51,2,0,4.3,Not Completed,0,0,0,1,2,1,2,0
1828,STU101828,Isha Shah,Female,17,Diploma,Employed,Pune,Laptop,Medium,C105,UI/UX Design Fundamentals,Design,Beginner,40,4.4,7,39,23.9,1,0.5,0,5,0.8,5,5,6,71.2,73.3,42.0,4,01-08-2024,Credit Card,Yes,No,4356,57,0,0,5.0,Not Completed,0,1,0,0,2,1,1,0
1829,STU101829,Krishna Mehta,Female,32,Diploma,Employed,Bengaluru,Mobile,Medium,C103,Introduction to AI,Programming,Intermediate,75,4.5,3,33,39.3,0,0.5,1,6,5.6,4,5,0,62.8,94.1,42.5,2,14-03-2024,UPI,Yes,No,5535,64,0,1,3.6,Not Completed,0,1,0,1,2,2,4,5
1830,STU101830,Aarav Kumar,Male,24,Bachelor,Student,Ahmedabad,Mobile,Medium,C102,Data Analysis with Python,Programming,Intermediate,60,4.7,6,31,43.1,4,14.4,0,5,9.4,2,8,2,65.9,71.1,30.6,2,20-01-2025,NetBanking,Yes,No,4675,36,1,0,3.0,Not Completed,1,0,2,1,2,2,4,3
1831,STU101831,Rohan Joshi,Male,29,Bachelor,Employed,Jaipur,Laptop,Low,C106,Machine Learning A-Z,Programming,Advanced,90,4.6,2,53,70.0,4,7.4,10,4,7.4,6,3,3,76.6,63.6,63.7,1,28-01-2025,Scholarship,No,No,2920,43,2,3,4.4,Completed,1,0,0,0,1,0,4,4
1832,STU101832,Aditya Patel,Female,30,HighSchool,Student,Kolkata,Mobile,High,C101,Python Basics,Programming,Beginner,45,4.6,4,33,58.9,3,4.9,4,5,1.6,3,7,5,70.8,68.1,42.0,1,12-09-2024,Scholarship,No,No,315,27,1,0,4.2,Not Completed,0,2,2,1,0,1,4,4
1833,STU101833,Priya Iyer,Female,19,Master,Student,Pune,Mobile,Medium,C106,Machine Learning A-Z,Programming,Advanced,90,4.6,4,38,59.6,1,1.6,13,3,5.2,4,6,1,80.6,54.2,47.6,2,23-12-2024,UPI,Yes,No,6359,72,1,3,4.5,Not Completed,0,3,2,1,2,0,4,5
1834,STU101834,Sakshi Kumar,Male,26,HighSchool,Student,Delhi,Mobile,Low,C101,Python Basics,Programming,Beginner,45,4.6,3,40,96.0,6,0.5,2,3,4.2,5,5,2,85.4,78.6,67.5,3,16-12-2023,UPI,Yes,No,4202,72,5,0,4.3,Completed,1,2,2,1,1,1,4,5
1835,STU101835,Vivaan Joshi,Female,23,Bachelor,Student,Bhopal,Mobile,Low,C102,Data Analysis with Python,Programming,Intermediate,60,4.7,3,11,51.6,1,0.5,6,2,8.2,5,5,5,74.4,53.5,50.7,1,13-10-2024,UPI,Yes,No,4548,42,2,2,3.0,Not Completed,0,0,2,1,1,2,4,5
1836,STU101836,Sakshi Iyer,Female,24,Bachelor,Student,Vadodara,Mobile,Low,C105,UI/UX Design Fundamentals,Design,Beginner,40,4.4,1,27,54.1,4,3.9,13,6,8.5,3,7,3,65.1,72.5,40.6,2,02-12-2023,Free,No,Yes,0,89,4,1,3.2,Not Completed,0,0,2,1,1,1,1,2
1837,STU101837,Aarav Kumar,Male,30,Master,Student,Surat,Mobile,Medium,C105,UI/UX Design Fundamentals,Design,Beginner,40,4.4,5,31,88.5,1,0.5,0,13,4.9,5,5,4,82.7,70.1,64.5,1,21-08-2024,Debit Card,Yes,No,4184,70,2,2,4.4,Completed,1,3,2,1,2,1,1,1
1838,STU101838,Priya Iyer,Male,32,Master,Employed,Hyderabad,Laptop,Medium,C101,Python Basics,Programming,Beginner,45,4.6,7,42,53.7,0,5.8,3,6,7.5,6,4,7,100.0,46.7,57.1,2,11-05-2025,UPI,Yes,No,4006,78,1,0,4.4,Completed,1,3,0,0,2,1,4,5
1839,STU101839,Vivaan Bhardwaj,Male,28,Master,Self-Employed,Bengaluru,Laptop,Low,C102,Data Analysis with Python,Programming,Intermediate,60,4.7,1,12,31.7,1,1.8,4,2,6.0,5,5,5,63.4,65.9,44.4,3,15-03-2025,Debit Card,Yes,No,4718,80,3,1,3.7,Completed,1,3,1,0,1,2,4,1
1840,STU101840,Meera Bose,Female,38,Bachelor,Employed,Hyderabad,Mobile,Medium,C108,Excel for Business,Business,Beginner,25,4.1,7,60,80.2,2,5.3,5,7,5.8,7,3,2,60.5,54.8,72.8,0,29-02-2024,Free,No,Yes,0,48,1,1,3.2,Not Completed,0,0,0,1,2,1,0,2
1841,STU101841,Aditya Joshi,Male,35,Master,Student,Indore,Laptop,Low,C104,Digital Marketing Essentials,Marketing,Beginner,30,4.3,7,32,43.3,0,1.3,2,4,6.1,5,5,2,48.2,51.4,47.7,3,10-03-2024,Credit Card,Yes,No,3737,49,0,0,3.5,Not Completed,1,3,2,0,1,1,2,0
1842,STU101842,Neha Sharma,Male,21,Master,Student,Hyderabad,Mobile,Medium,C101,Python Basics,Programming,Beginner,45,4.6,7,47,84.7,2,1.6,2,8,10.0,7,3,6,74.8,77.6,75.5,3,24-02-2024,Debit Card,Yes,No,4670,81,0,0,4.0,Not Completed,1,3,2,1,2,1,4,1
1843,STU101843,Meera Shah,Female,29,Bachelor,Student,Nagpur,Mobile,Medium,C102,Data Analysis with Python,Programming,Intermediate,60,4.7,6,27,85.2,2,0.8,3,6,3.4,8,2,3,59.7,45.4,80.1,3,20-10-2024,Credit Card,Yes,No,4958,47,1,4,4.6,Completed,0,0,2,1,2,2,4,0
1844,STU101844,Isha Kumar,Female,17,HighSchool,Student,Bhopal,Mobile,Medium,C108,Excel for Business,Business,Beginner,25,4.1,5,44,83.8,2,0.5,2,5,7.9,2,8,5,65.4,82.7,45.5,1,05-07-2025,Credit Card,Yes,Yes,2891,75,5,0,3.6,Not Completed,0,2,2,1,2,1,0,0
1845,STU101845,Neha Gupta,Male,20,HighSchool,Self-Employed,Hyderabad,Mobile,Medium,C103,Introduction to AI,Programming,Intermediate,75,4.5,4,25,91.7,4,9.1,15,12,4.4,5,5,4,85.1,66.0,65.4,7,02-04-2024,NetBanking,Yes,No,6299,82,4,0,5.0,Completed,1,2,1,1,2,2,4,3
1846,STU101846,Pooja Nair,Male,17,HighSchool,Student,Kolkata,Laptop,High,C106,Machine Learning A-Z,Programming,Advanced,90,4.6,5,49,79.3,2,7.6,13,6,5.8,4,6,7,73.2,82.4,55.9,1,19-03-2024,Scholarship,No,No,2884,76,2,1,3.0,Not Completed,1,2,2,0,0,0,4,4
1847,STU101847,Rahul Shah,Female,31,Bachelor,Employed,Bhopal,Laptop,Low,C105,UI/UX Design Fundamentals,Design,Beginner,40,4.4,3,32,23.2,0,0.5,1,6,5.8,5,5,1,40.9,57.9,41.0,0,09-01-2025,Free,No,No,0,74,3,0,5.0,Not Completed,0,0,0,0,1,1,1,2
1848,STU101848,Vivaan Singh,Male,32,HighSchool,Employed,Bengaluru,Mobile,High,C101,Python Basics,Programming,Beginner,45,4.6,8,48,59.9,2,12.1,0,5,7.1,5,5,6,66.0,66.4,54.3,3,21-04-2024,UPI,Yes,Yes,3881,55,4,0,4.9,Completed,1,2,0,1,0,1,4,5
1849,STU101849,Vivaan Reddy,Male,24,Diploma,Employed,Ahmedabad,Laptop,High,C101,Python Basics,Programming,Beginner,45,4.6,4,46,51.3,6,5.1,10,2,6.1,5,5,3,62.0,76.3,51.8,4,06-02-2025,NetBanking,Yes,Yes,3309,85,1,1,3.0,Completed,1,1,0,0,0,1,4,3
1850,STU101850,Isha Sharma,Male,17,Bachelor,Student,Bhopal,Mobile,High,C108,Excel for Business,Business,Beginner,25,4.1,6,42,60.9,4,13.9,2,8,7.0,4,6,3,68.8,70.3,48.8,0,27-11-2023,UPI,Yes,No,2927,100,2,0,4.9,Completed,1,0,2,1,0,1,0,5
1851,STU101851,Kavya Joshi,Male,20,Bachelor,Employed,Indore,Mobile,High,C104,Digital Marketing Essentials,Marketing,Beginner,30,4.3,4,33,48.8,2,0.5,3,4,8.0,4,6,4,77.6,61.6,44.2,1,27-01-2025,Free,No,No,0,67,1,0,4.3,Not Completed,1,0,0,1,0,1,2,2
1852,STU101852,Meera Sharma,Male,28,Bachelor,Unemployed,Nagpur,Tablet,High,C106,Machine Learning A-Z,Programming,Advanced,90,4.6,6,11,35.0,5,0.5,2,10,8.4,8,2,8,64.2,66.5,63.6,2,16-03-2024,Debit Card,Yes,No,5885,46,2,1,4.4,Not Completed,1,0,3,2,0,0,4,1
1853,STU101853,Vihaan Joshi,Female,34,Master,Employed,Delhi,Laptop,Medium,C102,Data Analysis with Python,Programming,Intermediate,60,4.7,7,29,74.9,7,2.2,1,9,4.4,5,5,6,73.0,59.1,59.2,1,02-08-2024,Scholarship,No,Yes,2428,45,2,0,4.4,Not Completed,0,3,0,0,2,2,4,4
1854,STU101854,Sai Shah,Female,29,Bachelor,Student,Bengaluru,Mobile,Low,C106,Machine Learning A-Z,Programming,Advanced,90,4.6,2,33,77.3,0,0.5,21,7,8.3,5,5,3,94.2,67.9,60.5,1,22-07-2024,UPI,Yes,No,6926,61,0,2,4.0,Completed,0,0,2,1,1,0,4,5
1855,STU101855,Nikhil Bose,Male,33,Bachelor,Self-Employed,Lucknow,Mobile,High,C105,UI/UX Design Fundamentals,Design,Beginner,40,4.4,5,27,56.1,1,4.8,8,5,6.9,4,6,1,82.3,58.9,46.6,0,05-06-2025,Debit Card,Yes,No,4329,75,1,0,4.6,Completed,1,0,1,1,0,1,1,1
1856,STU101856,Aarav Gupta,Male,32,Bachelor,Employed,Vadodara,Mobile,High,C104,Digital Marketing Essentials,Marketing,Beginner,30,4.3,3,23,34.3,4,9.1,7,3,6.8,6,4,3,79.3,89.9,52.5,0,16-12-2024,UPI,Yes,No,3219,73,2,1,4.3,Not Completed,1,0,0,1,0,1,2,5
1857,STU101857,Aditya Singh,Male,33,Diploma,Student,Vadodara,Mobile,High,C104,Digital Marketing Essentials,Marketing,Beginner,30,4.3,6,8,65.8,4,1.1,16,6,9.1,6,4,6,81.1,59.5,62.0,2,21-01-2024,NetBanking,Yes,No,3429,83,1,0,4.6,Not Completed,1,1,2,1,0,1,2,3
1858,STU101858,Pooja Patel,Male,42,Bachelor,Student,Ahmedabad,Mobile,High,C106,Machine Learning A-Z,Programming,Advanced,90,4.6,10,51,59.2,1,3.3,0,7,9.4,5,5,4,63.1,36.2,52.5,2,12-09-2025,UPI,Yes,No,7113,75,3,2,4.7,Not Completed,1,0,2,1,0,0,4,5
1859,STU101859,Vihaan Mehta,Male,31,Bachelor,Student,Hyderabad,Mobile,High,C105,UI/UX Design Fundamentals,Design,Beginner,40,4.4,6,60,68.1,1,5.8,0,8,5.4,8,1,4,91.3,90.1,76.3,2,02-02-2024,Credit Card,Yes,Yes,3209,86,3,1,4.1,Completed,1,0,2,1,0,1,1,0
1860,STU101860,Pooja Verma,Female,29,Bachelor,Employed,Mumbai,Laptop,Medium,C101,Python Basics,Programming,Beginner,45,4.6,7,33,60.8,2,5.2,2,6,7.3,3,7,4,67.4,82.9,43.4,5,22-08-2025,Credit Card,Yes,No,4056,81,2,1,2.9,Not Completed,0,0,0,0,2,1,4,0
1861,STU101861,Meera Reddy,Male,26,HighSchool,Employed,Lucknow,Laptop,Medium,C108,Excel for Business,Business,Beginner,25,4.1,6,39,38.8,3,0.5,2,5,8.8,5,5,5,85.0,69.5,47.0,3,16-06-2025,UPI,Yes,Yes,2605,75,0,1,4.3,Not Completed,1,2,0,0,2,1,0,5
1862,STU101862,Aarav Joshi,Male,31,Bachelor,Self-Employed,Mumbai,Mobile,High,C105,UI/UX Design Fundamentals,Design,Beginner,40,4.4,3,40,83.8,5,8.7,9,7,5.9,1,9,4,66.7,49.3,37.8,1,22-01-2025,UPI,Yes,Yes,3652,43,0,0,4.5,Not Completed,1,0,1,1,0,1,1,5
1863,STU101863,Pooja Nair,Female,17,Bachelor,Employed,Indore,Mobile,High,C108,Excel for Business,Business,Beginner,25,4.1,7,20,82.1,3,2.1,5,6,5.4,4,6,3,52.1,69.0,56.2,3,21-05-2025,Debit Card,Yes,No,3027,91,1,1,4.2,Not Completed,0,0,0,1,0,1,0,1
1864,STU101864,Arjun Singh,Male,21,Bachelor,Student,Nagpur,Laptop,Low,C101,Python Basics,Programming,Beginner,45,4.6,2,47,36.3,0,8.5,4,7,3.0,5,5,2,65.6,85.9,47.0,3,06-08-2025,Credit Card,Yes,No,4519,69,0,1,4.7,Completed,1,0,2,0,1,1,4,0
1865,STU101865,Ananya Joshi,Male,32,Bachelor,Student,Vadodara,Mobile,Medium,C101,Python Basics,Programming,Beginner,45,4.6,7,35,57.5,5,10.2,4,5,7.1,7,3,5,76.0,74.0,65.8,2,28-12-2023,Scholarship,No,No,2066,45,0,0,4.9,Completed,1,0,2,1,2,1,4,4
1866,STU101866,Rahul Bhardwaj,Female,28,Bachelor,Student,Chennai,Mobile,Medium,C101,Python Basics,Programming,Beginner,45,4.6,5,39,77.0,1,4.0,0,3,8.2,3,7,4,76.0,84.7,49.2,4,04-07-2024,Credit Card,Yes,No,4362,94,3,0,4.1,Completed,0,0,2,1,2,1,4,0
1867,STU101867,Sai Singh,Female,29,Diploma,Student,Vadodara,Laptop,High,C107,Statistics for Data Science,Math,Intermediate,50,4.2,9,31,63.7,4,3.6,3,8,7.0,7,3,1,100.0,100.0,69.3,3,16-01-2024,Free,No,No,0,67,3,0,2.9,Not Completed,0,1,2,0,0,2,3,2
1868,STU101868,Aarav Shah,Male,27,Bachelor,Student,Pune,Mobile,Low,C101,Python Basics,Programming,Beginner,45,4.6,5,33,71.6,1,1.2,1,12,7.5,6,4,8,57.6,63.2,64.2,3,02-12-2024,Free,No,Yes,0,68,4,0,5.0,Not Completed,1,0,2,1,1,1,4,2
1869,STU101869,Ananya Iyer,Male,26,Bachelor,Student,Vadodara,Laptop,Medium,C108,Excel for Business,Business,Beginner,25,4.1,7,32,68.7,6,1.1,5,7,6.1,4,6,7,83.7,52.9,50.7,4,22-03-2024,UPI,Yes,Yes,2811,70,4,0,4.9,Completed,1,0,2,0,2,1,0,5
1870,STU101870,Vihaan Kumar,Female,24,Master,Student,Kolkata,Mobile,Medium,C107,Statistics for Data Science,Math,Intermediate,50,4.2,3,42,44.7,3,0.5,3,5,4.8,3,7,5,52.7,91.2,38.2,3,29-08-2024,UPI,Yes,No,4332,57,0,0,5.0,Not Completed,0,3,2,1,2,2,3,5
1871,STU101871,Sakshi Verma,Female,32,Bachelor,Employed,Hyderabad,Mobile,Medium,C106,Machine Learning A-Z,Programming,Advanced,90,4.6,7,35,82.9,3,0.5,3,9,4.9,7,3,3,79.4,62.3,74.1,1,27-10-2024,Credit Card,Yes,No,6770,48,4,1,4.0,Completed,0,0,0,1,2,0,4,0
1872,STU101872,Ritika Singh,Male,17,Bachelor,Employed,Kolkata,Laptop,High,C103,Introduction to AI,Programming,Intermediate,75,4.5,2,37,60.9,2,2.3,8,2,10.0,5,5,1,45.4,91.1,55.9,2,17-11-2024,UPI,Yes,Yes,4939,48,3,1,3.5,Not Completed,1,0,0,0,0,2,4,5
1873,STU101873,Meera Kumar,Female,29,Master,Employed,Jaipur,Mobile,Medium,C105,UI/UX Design Fundamentals,Design,Beginner,40,4.4,5,41,19.1,3,0.5,14,4,3.5,4,6,0,76.3,51.9,33.3,2,17-01-2024,UPI,Yes,Yes,3179,84,5,1,2.6,Not Completed,0,3,0,1,2,1,1,5
1874,STU101874,Isha Desai,Male,22,Bachelor,Student,Hyderabad,Laptop,High,C105,UI/UX Design Fundamentals,Design,Beginner,40,4.4,5,33,62.9,4,8.9,6,9,6.0,8,2,6,81.1,53.4,72.7,5,03-01-2025,Credit Card,Yes,No,4271,93,0,5,3.1,Completed,1,0,2,0,0,1,1,0
1875,STU101875,Isha Sharma,Male,27,Master,Employed,Mumbai,Laptop,Medium,C104,Digital Marketing Essentials,Marketing,Beginner,30,4.3,3,22,43.5,3,0.5,10,1,6.0,4,6,2,73.7,58.5,42.2,0,02-02-2025,UPI,Yes,No,3337,46,0,1,3.8,Completed,1,3,0,0,2,1,2,5
1876,STU101876,Rohan Iyer,Male,36,Bachelor,Employed,Lucknow,Mobile,High,C106,Machine Learning A-Z,Programming,Advanced,90,4.6,3,37,33.4,4,0.8,0,0,5.5,2,8,0,84.3,55.2,26.4,0,07-03-2025,Free,No,Yes,0,50,2,1,3.4,Not Completed,1,0,0,1,0,0,4,2
1877,STU101877,Ritika Iyer,Female,22,Bachelor,Student,Lucknow,Mobile,Low,C104,Digital Marketing Essentials,Marketing,Beginner,30,4.3,4,50,95.0,1,1.7,4,5,4.6,4,6,5,74.5,57.3,60.1,0,09-08-2024,Credit Card,Yes,No,3525,43,3,1,3.6,Not Completed,0,0,2,1,1,1,2,0
1878,STU101878,Kavya Mehta,Female,29,Bachelor,Employed,Delhi,Laptop,Medium,C108,Excel for Business,Business,Beginner,25,4.1,3,41,85.4,3,0.5,6,6,7.9,7,3,1,63.5,94.5,76.6,2,17-02-2025,Free,No,No,0,63,2,0,3.5,Not Completed,0,0,0,0,2,1,0,2
1879,STU101879,Ananya Verma,Male,28,HighSchool,Self-Employed,Bengaluru,Mobile,High,C106,Machine Learning A-Z,Programming,Advanced,90,4.6,6,35,23.5,1,1.3,5,5,8.0,3,7,1,92.9,70.2,29.7,2,19-08-2024,Scholarship,No,Yes,2525,73,4,0,5.0,Not Completed,1,2,1,1,0,0,4,4
1880,STU101880,Rohan Gupta,Male,33,PhD,Employed,Chennai,Laptop,Medium,C102,Data Analysis with Python,Programming,Intermediate,60,4.7,11,21,60.1,2,7.8,8,8,6.7,4,6,8,90.9,81.1,49.1,3,04-12-2023,UPI,Yes,No,5342,69,5,1,4.6,Not Completed,1,4,0,0,2,2,4,5
1881,STU101881,Rahul Sharma,Female,31,Bachelor,Student,Bhopal,Mobile,High,C101,Python Basics,Programming,Beginner,45,4.6,7,19,45.5,5,0.5,5,5,3.4,6,4,5,99.3,78.7,55.9,5,04-02-2024,Debit Card,Yes,No,3877,59,3,0,4.2,Completed,0,0,2,1,0,1,4,1
1882,STU101882,Ritika Mehta,Female,23,Master,Student,Chennai,Mobile,High,C101,Python Basics,Programming,Beginner,45,4.6,3,47,47.6,2,0.8,5,5,6.0,8,2,2,65.3,79.5,68.6,1,23-08-2025,Scholarship,No,No,1694,55,2,2,4.5,Not Completed,0,3,2,1,0,1,4,4
1883,STU101883,Nikhil Shah,Female,24,Bachelor,Student,Ahmedabad,Mobile,High,C103,Introduction to AI,Programming,Intermediate,75,4.5,7,43,16.2,3,8.2,14,11,3.3,4,6,0,73.4,64.4,32.9,2,07-06-2025,NetBanking,Yes,No,5599,62,2,1,4.4,Not Completed,0,0,2,1,0,2,4,3
1884,STU101884,Aditya Desai,Male,23,Bachelor,Student,Surat,Laptop,Medium,C101,Python Basics,Programming,Beginner,45,4.6,3,29,60.0,1,4.0,6,6,7.4,5,4,4,87.1,52.2,53.6,2,24-08-2025,Debit Card,Yes,No,4642,37,4,0,4.2,Not Completed,1,0,2,0,2,1,4,1
1885,STU101885,Kavya Verma,Male,20,Bachelor,Employed,Vadodara,Laptop,Low,C102,Data Analysis with Python,Programming,Intermediate,60,4.7,3,16,55.4,1,0.5,1,3,6.3,5,5,2,55.2,61.0,52.5,3,22-11-2024,UPI,Yes,Yes,4645,57,1,1,3.9,Not Completed,1,0,0,0,1,2,4,5
1886,STU101886,Vivaan Sharma,Female,30,Master,Employed,Chennai,Laptop,Medium,C108,Excel for Business,Business,Beginner,25,4.1,5,34,33.7,3,5.4,4,3,7.6,4,6,5,86.7,60.6,38.8,2,16-08-2024,UPI,Yes,No,3483,70,2,1,4.4,Not Completed,0,3,0,0,2,1,0,5
1887,STU101887,Pooja Bhardwaj,Female,29,HighSchool,Student,Indore,Laptop,High,C104,Digital Marketing Essentials,Marketing,Beginner,30,4.3,6,39,45.3,1,5.3,7,8,6.6,4,6,4,61.7,68.0,43.3,3,02-09-2025,NetBanking,Yes,Yes,2754,67,2,1,4.4,Completed,0,2,2,0,0,1,2,3
1888,STU101888,Kavya Bhardwaj,Male,27,Bachelor,Employed,Vadodara,Mobile,High,C102,Data Analysis with Python,Programming,Intermediate,60,4.7,5,22,90.1,3,3.5,4,9,3.9,6,3,5,61.7,70.5,71.0,2,25-04-2024,Credit Card,Yes,No,4937,74,3,0,3.6,Completed,1,0,0,1,0,2,4,0
1889,STU101889,Krishna Verma,Female,30,Master,Unemployed,Delhi,Mobile,Medium,C106,Machine Learning A-Z,Programming,Advanced,90,4.6,4,44,53.2,3,7.2,0,5,3.7,6,4,1,81.5,62.3,57.8,2,26-06-2025,NetBanking,Yes,No,7096,62,1,0,4.8,Not Completed,0,3,3,1,2,0,4,3
1890,STU101890,Neha Shah,Male,26,Bachelor,Self-Employed,Lucknow,Mobile,Medium,C101,Python Basics,Programming,Beginner,45,4.6,1,27,28.5,1,11.3,1,2,0.0,5,5,3,42.3,50.6,42.5,1,16-04-2025,Debit Card,Yes,Yes,3850,63,1,1,3.5,Not Completed,1,0,1,1,2,1,4,1
1891,STU101891,Aarav Patel,Female,24,Master,Employed,Chennai,Mobile,Medium,C101,Python Basics,Programming,Beginner,45,4.6,4,41,75.7,2,4.0,8,5,7.3,5,5,6,63.0,63.2,59.6,2,09-04-2024,UPI,Yes,No,3910,100,3,0,4.1,Not Completed,0,3,0,1,2,1,4,5
1892,STU101892,Meera Reddy,Female,21,Bachelor,Employed,Indore,Laptop,High,C103,Introduction to AI,Programming,Intermediate,75,4.5,6,40,87.1,0,1.6,4,3,5.4,7,3,2,78.8,70.7,76.0,1,20-08-2025,UPI,Yes,No,5914,48,4,0,3.0,Completed,0,0,0,0,0,2,4,5
1893,STU101893,Sakshi Nair,Female,25,Bachelor,Self-Employed,Kolkata,Laptop,High,C102,Data Analysis with Python,Programming,Intermediate,60,4.7,13,47,98.8,4,8.3,1,8,4.2,2,8,2,73.5,54.0,49.3,5,09-07-2025,UPI,Yes,Yes,4119,80,2,2,4.9,Completed,0,0,1,0,0,2,4,5
1894,STU101894,Sneha Nair,Female,17,Bachelor,Self-Employed,Lucknow,Mobile,Low,C108,Excel for Business,Business,Beginner,25,4.1,3,25,8.3,3,1.0,1,3,6.5,2,8,3,60.3,60.1,17.9,2,07-09-2025,Scholarship,No,Yes,1025,76,3,2,4.3,Not Completed,0,0,1,1,1,1,0,4
1895,STU101895,Priya Desai,Female,29,Bachelor,Student,Ahmedabad,Mobile,Medium,C101,Python Basics,Programming,Beginner,45,4.6,6,34,78.1,1,6.6,1,9,7.2,4,6,4,65.1,48.3,53.8,2,03-03-2024,Free,No,No,0,60,3,1,4.5,Not Completed,0,0,2,1,2,1,4,2
1896,STU101896,Aarav Singh,Female,27,HighSchool,Student,Delhi,Mobile,Medium,C107,Statistics for Data Science,Math,Intermediate,50,4.2,5,43,22.6,1,2.7,1,8,5.6,5,5,4,100.0,69.4,41.4,2,28-09-2025,Credit Card,Yes,No,4823,60,4,1,5.0,Completed,0,2,2,1,2,2,3,0
1897,STU101897,Krishna Shah,Female,21,Bachelor,Employed,Mumbai,Laptop,Medium,C102,Data Analysis with Python,Programming,Intermediate,60,4.7,7,11,38.0,6,8.8,1,3,6.7,3,7,5,83.7,78.9,35.3,5,11-08-2025,UPI,Yes,No,4530,37,2,1,4.7,Not Completed,0,0,0,0,2,2,4,5
1898,STU101898,Arjun Iyer,Female,23,Bachelor,Student,Pune,Mobile,Medium,C103,Introduction to AI,Programming,Intermediate,75,4.5,4,23,70.2,1,0.5,3,7,8.7,4,6,4,78.2,55.5,51.3,3,19-07-2025,Debit Card,Yes,No,5656,100,2,2,4.2,Completed,0,0,2,1,2,2,4,1
1899,STU101899,Rahul Singh,Female,36,Diploma,Employed,Delhi,Laptop,Medium,C102,Data Analysis with Python,Programming,Intermediate,60,4.7,5,37,88.7,3,5.3,2,3,6.2,5,5,4,72.2,86.7,65.4,1,02-02-2025,UPI,Yes,Yes,3939,81,2,2,3.7,Not Completed,0,1,0,0,2,2,4,5
1900,STU101900,Arjun Reddy,Female,35,Bachelor,Employed,Chennai,Mobile,Medium,C101,Python Basics,Programming,Beginner,45,4.6,4,30,86.5,2,0.5,15,4,5.6,2,8,1,79.4,97.8,47.2,2,04-04-2024,Debit Card,Yes,No,4599,61,2,1,4.5,Not Completed,0,0,0,1,2,1,4,1
1901,STU101901,Arjun Nair,Male,25,Bachelor,Student,Indore,Laptop,Low,C103,Introduction to AI,Programming,Intermediate,75,4.5,4,41,77.6,3,1.8,8,11,9.8,5,4,3,82.4,85.3,61.4,3,24-02-2025,Scholarship,No,No,1722,100,4,1,3.7,Not Completed,1,0,2,0,1,2,4,4
1902,STU101902,Meera Patel,Female,30,HighSchool,Student,Nagpur,Laptop,Medium,C103,Introduction to AI,Programming,Intermediate,75,4.5,4,45,48.3,0,0.5,0,6,4.2,7,3,3,73.6,91.6,63.5,4,21-06-2024,NetBanking,Yes,No,6119,75,7,1,4.2,Not Completed,0,2,2,0,2,2,4,3
1903,STU101903,Krishna Kumar,Male,17,Master,Employed,Jaipur,Laptop,Medium,C107,Statistics for Data Science,Math,Intermediate,50,4.2,3,32,79.4,0,4.3,1,1,4.0,6,4,5,80.0,81.0,67.8,1,21-11-2024,Free,No,No,0,44,4,0,3.0,Not Completed,1,3,0,0,2,2,3,2
1904,STU101904,Vivaan Joshi,Female,22,Bachelor,Student,Mumbai,Mobile,Medium,C101,Python Basics,Programming,Beginner,45,4.6,4,37,73.1,1,4.7,3,7,6.6,6,4,4,72.8,71.5,65.2,5,01-01-2025,NetBanking,Yes,No,4190,81,3,2,4.4,Completed,0,0,2,1,2,1,4,3
1905,STU101905,Isha Shah,Male,20,Master,Employed,Kolkata,Mobile,High,C106,Machine Learning A-Z,Programming,Advanced,90,4.6,4,39,37.8,3,0.5,0,2,5.5,3,7,7,86.9,74.9,35.0,2,18-06-2025,Credit Card,Yes,No,6551,58,3,3,4.4,Not Completed,1,3,0,1,0,0,4,0
1906,STU101906,Rahul Kumar,Female,27,Diploma,Student,Mumbai,Laptop,Medium,C104,Digital Marketing Essentials,Marketing,Beginner,30,4.3,5,38,36.6,3,0.5,3,5,5.4,3,7,2,73.5,50.1,33.3,1,25-02-2025,NetBanking,Yes,No,3665,78,0,1,3.4,Not Completed,0,1,2,0,2,1,2,3
1907,STU101907,Ritika Bhardwaj,Male,21,Bachelor,Student,Indore,Laptop,Low,C105,UI/UX Design Fundamentals,Design,Beginner,40,4.4,4,32,59.9,1,0.5,10,5,7.5,3,6,4,75.2,48.7,41.4,0,10-09-2025,UPI,Yes,No,3962,34,0,2,3.8,Completed,1,0,2,0,1,1,1,5
1908,STU101908,Meera Singh,Female,24,Bachelor,Employed,Indore,Mobile,Medium,C101,Python Basics,Programming,Beginner,45,4.6,4,38,80.1,2,2.6,1,6,5.3,3,6,2,62.2,46.3,48.4,3,05-11-2023,UPI,Yes,Yes,3522,63,4,0,4.6,Completed,0,0,0,1,2,1,4,5
1909,STU101909,Isha Bhardwaj,Male,24,Diploma,Employed,Hyderabad,Mobile,Medium,C104,Digital Marketing Essentials,Marketing,Beginner,30,4.3,3,45,74.9,3,0.5,2,6,2.3,4,6,4,56.5,63.1,53.4,5,17-07-2024,UPI,Yes,No,3564,100,5,1,3.7,Not Completed,1,1,0,1,2,1,2,5
1910,STU101910,Isha Bose,Male,17,Bachelor,Employed,Kolkata,Mobile,Medium,C101,Python Basics,Programming,Beginner,45,4.6,3,32,70.1,2,0.5,11,2,8.5,3,7,3,69.9,97.0,47.4,1,15-07-2025,Free,No,No,0,88,1,0,2.9,Completed,1,0,0,1,2,1,4,2
1911,STU101911,Sneha Reddy,Female,31,Master,Unemployed,Indore,Laptop,Medium,C103,Introduction to AI,Programming,Intermediate,75,4.5,4,5,62.6,2,0.5,1,7,8.3,6,4,4,86.8,72.1,61.5,2,30-03-2024,Debit Card,Yes,No,6244,81,3,1,4.9,Completed,0,3,3,0,2,2,4,1
1912,STU101912,Ananya Nair,Male,27,Bachelor,Student,Pune,Mobile,Medium,C104,Digital Marketing Essentials,Marketing,Beginner,30,4.3,6,49,85.2,3,8.3,5,5,7.0,6,3,2,94.7,77.5,69.7,1,07-01-2025,Scholarship,No,No,1519,67,1,1,3.4,Completed,1,0,2,1,2,1,2,4
1913,STU101913,Rohan Gupta,Male,39,Bachelor,Self-Employed,Pune,Mobile,Medium,C105,UI/UX Design Fundamentals,Design,Beginner,40,4.4,2,47,74.9,0,3.2,0,3,4.0,5,5,1,55.1,53.0,58.9,3,17-09-2025,Debit Card,Yes,No,4139,61,5,1,4.6,Not Completed,1,0,1,1,2,1,1,1
1914,STU101914,Pooja Bose,Female,21,Bachelor,Employed,Jaipur,Mobile,Low,C107,Statistics for Data Science,Math,Intermediate,50,4.2,4,24,78.8,1,5.0,4,8,4.6,4,6,1,90.1,72.1,55.2,3,19-08-2025,Free,No,Yes,0,76,4,1,4.4,Completed,0,0,0,1,1,2,3,2
1915,STU101915,Kavya Verma,Male,23,Master,Student,Bhopal,Mobile,Medium,C102,Data Analysis with Python,Programming,Intermediate,60,4.7,6,32,52.4,3,6.9,7,5,1.0,5,5,3,83.8,36.8,50.2,2,19-11-2024,Free,No,No,0,78,1,1,3.5,Not Completed,1,3,2,1,2,2,4,2
1916,STU101916,Isha Shah,Female,33,Master,Student,Lucknow,Laptop,High,C105,UI/UX Design Fundamentals,Design,Beginner,40,4.4,7,31,65.8,4,5.0,3,7,6.6,7,2,7,100.0,80.1,69.0,1,19-10-2024,UPI,Yes,No,4276,64,4,1,4.8,Completed,0,3,2,0,0,1,1,5
1917,STU101917,Meera Desai,Male,22,Bachelor,Employed,Nagpur,Mobile,Low,C101,Python Basics,Programming,Beginner,45,4.6,6,19,69.2,3,2.4,16,8,4.9,2,8,5,60.5,73.8,39.9,2,16-05-2024,Credit Card,Yes,No,4590,76,1,0,4.1,Completed,1,0,0,1,1,1,4,0
1918,STU101918,Ananya Nair,Male,30,Bachelor,Self-Employed,Indore,Laptop,Medium,C101,Python Basics,Programming,Beginner,45,4.6,6,46,74.3,4,4.7,1,8,8.4,4,6,5,83.2,80.6,54.0,1,22-02-2025,Debit Card,Yes,Yes,3480,95,1,0,5.0,Completed,1,0,1,0,2,1,4,1
1919,STU101919,Arjun Verma,Female,17,HighSchool,Employed,Pune,Mobile,Medium,C101,Python Basics,Programming,Beginner,45,4.6,4,20,72.7,2,0.5,2,4,3.8,0,10,0,56.8,62.3,28.5,2,03-03-2025,UPI,Yes,No,4000,65,0,1,3.6,Completed,0,2,0,1,2,1,4,5
1920,STU101920,Vihaan Desai,Female,24,Bachelor,Employed,Chennai,Mobile,Medium,C108,Excel for Business,Business,Beginner,25,4.1,3,27,83.5,3,0.5,15,4,6.4,6,4,5,69.5,88.4,69.6,2,05-03-2025,Credit Card,Yes,No,3012,67,0,0,5.0,Completed,0,0,0,1,2,1,0,0
1921,STU101921,Ananya Singh,Male,19,HighSchool,Student,Pune,Mobile,Medium,C104,Digital Marketing Essentials,Marketing,Beginner,30,4.3,5,40,69.3,3,7.4,0,10,4.8,7,3,4,64.5,78.3,70.2,1,04-11-2023,UPI,Yes,No,3334,60,3,1,4.1,Completed,1,2,2,1,2,1,2,5
1922,STU101922,Sneha Bose,Other,31,Bachelor,Employed,Ahmedabad,Laptop,Medium,C103,Introduction to AI,Programming,Intermediate,75,4.5,6,29,66.7,2,6.3,12,0,1.2,6,4,10,77.5,76.9,63.2,3,27-03-2024,Debit Card,Yes,No,5532,64,1,2,4.2,Not Completed,2,0,0,0,2,2,4,1
1923,STU101923,Sai Shah,Male,17,Bachelor,Employed,Nagpur,Mobile,Medium,C108,Excel for Business,Business,Beginner,25,4.1,6,41,67.3,6,6.8,1,13,7.1,6,4,8,67.6,72.9,63.2,4,18-11-2023,Scholarship,No,No,833,87,2,0,5.0,Not Completed,1,0,0,1,2,1,0,4
1924,STU101924,Aditya Joshi,Female,33,Bachelor,Employed,Chennai,Laptop,Medium,C101,Python Basics,Programming,Beginner,45,4.6,7,24,88.9,0,12.2,1,5,4.1,4,6,2,69.3,58.7,58.1,2,05-06-2024,NetBanking,Yes,No,4474,66,5,4,5.0,Completed,0,0,0,0,2,1,4,3
1925,STU101925,Vihaan Gupta,Female,17,Diploma,Student,Pune,Mobile,Medium,C104,Digital Marketing Essentials,Marketing,Beginner,30,4.3,7,60,80.5,1,3.3,2,2,7.5,5,5,4,77.5,63.2,61.3,6,29-09-2024,Credit Card,Yes,Yes,2903,80,2,0,4.0,Not Completed,0,1,2,1,2,1,2,0
1926,STU101926,Sneha Desai,Male,26,Diploma,Employed,Mumbai,Laptop,Low,C106,Machine Learning A-Z,Programming,Advanced,90,4.6,2,36,78.7,1,0.5,39,5,6.2,6,4,3,77.8,72.4,67.2,3,09-05-2025,UPI,Yes,No,6121,96,0,0,4.3,Completed,1,1,0,0,1,0,4,5
1927,STU101927,Neha Bose,Male,21,Diploma,Student,Bengaluru,Mobile,Low,C107,Statistics for Data Science,Math,Intermediate,50,4.2,5,34,85.4,2,4.0,16,6,6.1,4,6,3,90.3,42.5,56.0,3,27-03-2025,Debit Card,Yes,No,4753,48,3,1,3.7,Not Completed,1,1,2,1,1,2,3,1
1928,STU101928,Sakshi Iyer,Female,20,Diploma,Employed,Delhi,Laptop,Medium,C106,Machine Learning A-Z,Programming,Advanced,90,4.6,5,30,37.2,3,0.5,5,4,8.8,5,5,2,60.7,70.4,46.5,5,07-01-2025,UPI,Yes,No,6611,60,2,1,2.9,Completed,0,1,0,0,2,0,4,5
1929,STU101929,Kavya Shah,Male,29,Bachelor,Employed,Vadodara,Laptop,Low,C101,Python Basics,Programming,Beginner,45,4.6,4,26,89.4,3,14.2,4,5,5.7,6,4,6,72.3,72.1,70.9,2,02-02-2024,Debit Card,Yes,Yes,3860,56,0,3,4.9,Completed,1,0,0,0,1,1,4,1
1930,STU101930,Sakshi Bhardwaj,Female,26,Master,Employed,Vadodara,Mobile,High,C107,Statistics for Data Science,Math,Intermediate,50,4.2,6,37,68.3,0,7.6,1,6,3.3,7,3,3,55.3,79.9,69.9,2,29-01-2024,Scholarship,No,Yes,1966,100,4,0,4.2,Completed,0,3,0,1,0,2,3,4
1931,STU101931,Rahul Patel,Female,26,Master,Employed,Surat,Mobile,Low,C101,Python Basics,Programming,Beginner,45,4.6,5,41,38.9,0,2.5,7,6,2.9,9,1,4,70.7,60.4,70.6,0,23-07-2025,UPI,Yes,No,4659,58,2,0,5.0,Completed,0,3,0,1,1,1,4,5
1932,STU101932,Vihaan Shah,Female,18,Bachelor,Employed,Pune,Laptop,Medium,C108,Excel for Business,Business,Beginner,25,4.1,5,21,55.7,0,1.6,1,4,1.6,4,6,7,83.4,60.6,46.5,1,25-03-2024,Free,No,Yes,0,35,3,2,3.8,Not Completed,0,0,0,0,2,1,0,2
1933,STU101933,Ananya Nair,Female,25,Bachelor,Student,Kolkata,Laptop,Medium,C106,Machine Learning A-Z,Programming,Advanced,90,4.6,4,36,95.7,3,7.7,5,3,8.2,4,6,3,65.9,40.2,59.5,3,10-03-2025,UPI,Yes,Yes,5805,83,5,1,3.8,Completed,0,0,2,0,2,0,4,5
1934,STU101934,Vihaan Verma,Male,18,Bachelor,Employed,Lucknow,Laptop,Medium,C103,Introduction to AI,Programming,Intermediate,75,4.5,5,26,79.6,2,0.5,2,5,4.3,6,4,9,59.1,53.7,66.6,2,06-03-2024,Free,No,Yes,0,58,2,0,3.7,Completed,1,0,0,0,2,2,4,2
1935,STU101935,Vihaan Shah,Female,22,Bachelor,Employed,Pune,Laptop,Medium,C103,Introduction to AI,Programming,Intermediate,75,4.5,4,30,82.8,2,5.3,2,2,8.8,4,6,2,78.9,60.9,56.0,4,15-12-2024,Free,No,No,0,54,2,3,5.0,Not Completed,0,0,0,0,2,2,4,2
1936,STU101936,Aarav Singh,Female,20,Bachelor,Student,Nagpur,Mobile,Medium,C107,Statistics for Data Science,Math,Intermediate,50,4.2,8,35,51.6,1,0.5,20,10,4.7,4,6,3,62.2,64.6,45.3,1,30-09-2024,Credit Card,Yes,No,4774,80,0,2,4.1,Not Completed,0,0,2,1,2,2,3,0
1937,STU101937,Ananya Gupta,Female,30,Bachelor,Employed,Bengaluru,Mobile,Medium,C101,Python Basics,Programming,Beginner,45,4.6,7,18,82.1,5,0.7,7,8,8.1,6,4,4,68.2,86.8,69.1,2,01-11-2024,NetBanking,Yes,No,4273,66,2,0,4.2,Completed,0,0,0,1,2,1,4,3
1938,STU101938,Isha Joshi,Female,18,PhD,Student,Lucknow,Mobile,Medium,C106,Machine Learning A-Z,Programming,Advanced,90,4.6,9,27,45.8,4,4.4,0,6,5.7,5,4,4,79.6,68.8,49.5,5,20-03-2024,UPI,Yes,No,7133,89,1,0,3.9,Not Completed,0,4,2,1,2,0,4,5
1939,STU101939,Ritika Mehta,Male,33,Bachelor,Employed,Vadodara,Laptop,Low,C102,Data Analysis with Python,Programming,Intermediate,60,4.7,5,27,7.3,3,3.3,7,3,6.3,2,8,1,74.9,50.4,17.1,0,29-12-2024,UPI,Yes,No,4783,74,0,1,4.2,Not Completed,1,0,0,0,1,2,4,5
1940,STU101940,Isha Bose,Female,23,Master,Unemployed,Chennai,Mobile,Low,C108,Excel for Business,Business,Beginner,25,4.1,6,35,93.3,3,8.7,11,5,2.4,5,5,3,86.0,61.5,65.7,1,28-03-2025,Debit Card,Yes,No,3306,75,2,1,3.9,Completed,0,3,3,1,1,1,0,1
1941,STU101941,Sneha Patel,Female,24,Bachelor,Employed,Kolkata,Laptop,High,C101,Python Basics,Programming,Beginner,45,4.6,7,18,57.1,2,6.2,8,4,6.7,2,8,8,77.8,73.6,35.7,3,27-10-2023,Debit Card,Yes,No,4509,94,6,0,3.6,Completed,0,0,0,0,0,1,4,1
1942,STU101942,Ritika Sharma,Female,30,Bachelor,Student,Delhi,Laptop,Medium,C103,Introduction to AI,Programming,Intermediate,75,4.5,5,36,77.2,1,4.9,8,4,5.0,4,6,2,75.8,47.9,53.4,1,01-12-2024,Free,No,No,0,78,1,0,4.0,Completed,0,0,2,0,2,2,4,2
1943,STU101943,Sai Mehta,Male,33,Bachelor,Employed,Mumbai,Mobile,High,C103,Introduction to AI,Programming,Intermediate,75,4.5,5,5,91.5,3,1.7,14,3,7.3,4,6,3,74.6,91.9,60.6,4,23-11-2023,Free,No,No,0,79,2,2,3.9,Not Completed,1,0,0,1,0,2,4,2
1944,STU101944,Arjun Bose,Female,22,PhD,Employed,Jaipur,Laptop,Medium,C101,Python Basics,Programming,Beginner,45,4.6,6,56,85.5,1,3.3,3,6,3.5,3,7,7,65.7,71.8,51.5,1,24-07-2025,Free,No,No,0,83,4,2,4.2,Not Completed,0,4,0,0,2,1,4,2
1945,STU101945,Ritika Kumar,Female,22,Bachelor,Student,Chennai,Mobile,Medium,C103,Introduction to AI,Programming,Intermediate,75,4.5,7,48,52.8,2,0.5,1,5,4.6,6,4,5,57.3,100.0,59.5,3,13-09-2025,UPI,Yes,No,6071,49,2,2,2.9,Not Completed,0,0,2,1,2,2,4,5
1946,STU101946,Rahul Shah,Female,30,Diploma,Employed,Ahmedabad,Mobile,High,C106,Machine Learning A-Z,Programming,Advanced,90,4.6,6,53,94.8,1,2.0,0,10,8.0,6,4,3,68.8,89.7,73.7,1,02-09-2024,Debit Card,Yes,No,6878,94,1,1,2.5,Completed,0,1,0,1,0,0,4,1
1947,STU101947,Sneha Patel,Male,30,Diploma,Student,Nagpur,Laptop,Medium,C102,Data Analysis with Python,Programming,Intermediate,60,4.7,8,20,37.6,4,7.6,5,6,7.3,5,5,4,79.5,83.7,47.3,1,09-04-2025,Scholarship,No,No,319,59,3,0,4.3,Completed,1,1,2,0,2,2,4,4
1948,STU101948,Sakshi Bose,Female,23,Master,Employed,Bengaluru,Mobile,Low,C106,Machine Learning A-Z,Programming,Advanced,90,4.6,8,34,53.3,1,5.9,3,4,4.3,2,8,3,69.6,72.6,34.3,1,15-01-2025,Debit Card,Yes,No,7062,85,2,0,3.1,Completed,0,3,0,1,1,0,4,1
1949,STU101949,Krishna Bose,Male,30,Bachelor,Employed,Surat,Mobile,Medium,C105,UI/UX Design Fundamentals,Design,Beginner,40,4.4,6,34,70.8,2,0.5,3,4,4.8,5,4,3,88.8,59.8,57.8,1,11-07-2025,UPI,Yes,Yes,3615,64,1,1,3.9,Not Completed,1,0,0,1,2,1,1,5
1950,STU101950,Kavya Nair,Male,21,Bachelor,Employed,Hyderabad,Laptop,Medium,C108,Excel for Business,Business,Beginner,25,4.1,6,32,23.1,1,10.4,13,3,9.7,5,5,4,94.9,77.9,42.0,0,11-08-2025,Credit Card,Yes,No,3035,88,5,1,4.5,Not Completed,1,0,0,0,2,1,0,0
1951,STU101951,Priya Desai,Male,28,Bachelor,Student,Pune,Mobile,Low,C108,Excel for Business,Business,Beginner,25,4.1,3,25,50.0,2,0.5,4,4,6.6,3,7,3,63.4,50.2,38.0,2,11-01-2024,UPI,Yes,No,2974,54,2,2,5.0,Completed,1,0,2,1,1,1,0,5
1952,STU101952,Vivaan Gupta,Male,23,HighSchool,Employed,Hyderabad,Laptop,Medium,C103,Introduction to AI,Programming,Intermediate,75,4.5,5,24,59.3,5,3.6,1,6,5.8,5,4,2,80.6,69.7,54.2,4,23-02-2024,Debit Card,Yes,No,5447,100,1,1,5.0,Completed,1,2,0,0,2,2,4,1
1953,STU101953,Ritika Gupta,Female,31,Bachelor,Student,Ahmedabad,Mobile,Medium,C102,Data Analysis with Python,Programming,Intermediate,60,4.7,4,54,77.5,1,0.5,0,2,8.3,4,6,5,65.6,60.4,54.2,3,23-03-2025,Free,No,No,0,47,4,0,4.3,Completed,0,0,2,1,2,2,4,2
1954,STU101954,Rahul Kumar,Female,27,Bachelor,Employed,Surat,Mobile,High,C103,Introduction to AI,Programming,Intermediate,75,4.5,3,44,78.0,2,0.5,4,9,6.9,7,3,8,83.6,80.1,73.3,2,28-07-2025,Credit Card,Yes,No,5755,68,0,2,4.1,Completed,0,0,0,1,0,2,4,0
1955,STU101955,Sai Patel,Female,37,Master,Student,Mumbai,Mobile,Medium,C108,Excel for Business,Business,Beginner,25,4.1,5,34,52.4,1,4.8,0,4,2.9,5,5,3,65.8,62.4,51.5,1,21-04-2025,NetBanking,Yes,Yes,2589,76,4,6,4.5,Not Completed,0,3,2,1,2,1,0,3
1956,STU101956,Nikhil Kumar,Female,23,Diploma,Employed,Pune,Mobile,Medium,C107,Statistics for Data Science,Math,Intermediate,50,4.2,5,19,69.1,6,0.5,6,5,7.1,4,6,2,88.4,88.1,52.6,2,23-08-2024,UPI,Yes,No,4135,87,0,1,4.0,Completed,0,1,0,1,2,2,3,5
1957,STU101957,Isha Gupta,Male,29,Bachelor,Student,Delhi,Laptop,Medium,C106,Machine Learning A-Z,Programming,Advanced,90,4.6,6,41,61.4,2,3.8,0,6,8.6,3,7,6,65.5,75.0,43.3,1,01-11-2024,Debit Card,Yes,No,6443,57,4,0,5.0,Not Completed,1,0,2,0,2,0,4,1
1958,STU101958,Neha Iyer,Male,25,Master,Student,Surat,Mobile,High,C103,Introduction to AI,Programming,Intermediate,75,4.5,6,29,99.0,1,0.5,0,5,7.5,5,5,4,56.0,48.4,67.1,1,04-12-2023,Debit Card,Yes,No,5924,63,2,3,2.9,Completed,1,3,2,1,0,2,4,1
1959,STU101959,Vihaan Reddy,Male,32,Bachelor,Employed,Ahmedabad,Tablet,Low,C104,Digital Marketing Essentials,Marketing,Beginner,30,4.3,7,18,66.0,1,0.5,1,8,7.0,4,6,6,69.9,94.2,51.8,4,22-10-2023,UPI,Yes,Yes,2698,70,2,0,4.1,Completed,1,0,0,2,1,1,2,5
1960,STU101960,Kavya Joshi,Female,21,Bachelor,Employed,Pune,Laptop,Low,C107,Statistics for Data Science,Math,Intermediate,50,4.2,4,17,87.8,0,0.5,4,6,7.6,3,7,2,81.1,61.1,51.8,1,03-06-2025,Debit Card,Yes,No,4304,71,4,2,4.3,Not Completed,0,0,0,0,1,2,3,1
1961,STU101961,Nikhil Nair,Male,26,Master,Employed,Bhopal,Mobile,Medium,C108,Excel for Business,Business,Beginner,25,4.1,5,21,35.4,1,0.5,0,11,5.7,6,4,4,72.7,76.7,52.2,2,28-08-2025,NetBanking,Yes,No,3014,75,4,0,3.6,Not Completed,1,3,0,1,2,1,0,3
1962,STU101962,Rahul Shah,Female,27,Bachelor,Student,Jaipur,Mobile,Medium,C102,Data Analysis with Python,Programming,Intermediate,60,4.7,4,34,54.3,3,4.7,1,5,4.9,4,6,5,68.6,57.1,45.9,1,18-08-2024,UPI,Yes,No,4524,62,1,1,3.7,Completed,0,0,2,1,2,2,4,5
1963,STU101963,Ananya Iyer,Male,27,Bachelor,Employed,Vadodara,Mobile,Medium,C107,Statistics for Data Science,Math,Intermediate,50,4.2,1,47,48.4,1,0.5,23,6,7.7,4,6,4,54.9,44.5,43.2,0,25-05-2025,NetBanking,Yes,Yes,3707,49,2,1,3.2,Completed,1,0,0,1,2,2,3,3
1964,STU101964,Arjun Nair,Male,30,Bachelor,Student,Chennai,Mobile,Medium,C104,Digital Marketing Essentials,Marketing,Beginner,30,4.3,4,46,72.5,5,5.4,17,5,9.0,5,5,9,81.4,93.1,60.0,2,26-06-2024,Credit Card,Yes,Yes,2781,94,4,0,3.3,Completed,1,0,2,1,2,1,2,0
1965,STU101965,Vihaan Joshi,Female,29,Bachelor,Student,Surat,Mobile,High,C105,UI/UX Design Fundamentals,Design,Beginner,40,4.4,8,26,92.6,5,3.3,28,7,10.0,5,5,2,52.5,69.7,65.9,2,20-10-2024,NetBanking,Yes,Yes,3644,74,2,2,2.4,Not Completed,0,0,2,1,0,1,1,3
1966,STU101966,Kavya Sharma,Female,24,Bachelor,Employed,Bengaluru,Mobile,Medium,C106,Machine Learning A-Z,Programming,Advanced,90,4.6,7,21,74.7,4,0.5,11,2,3.0,2,8,4,76.5,31.0,39.7,1,11-12-2024,NetBanking,Yes,No,6231,88,0,2,5.0,Not Completed,0,0,0,1,2,0,4,3
1967,STU101967,Aditya Sharma,Male,25,Master,Student,Mumbai,Laptop,Low,C103,Introduction to AI,Programming,Intermediate,75,4.5,6,32,49.4,1,5.2,44,3,4.4,4,6,6,59.7,72.2,44.9,0,27-02-2024,UPI,Yes,Yes,5193,66,2,2,3.9,Completed,1,3,2,0,1,2,4,5
1968,STU101968,Meera Singh,Female,29,HighSchool,Student,Kolkata,Mobile,Medium,C101,Python Basics,Programming,Beginner,45,4.6,2,22,61.3,1,0.5,3,4,3.1,4,6,2,56.8,87.1,49.8,0,09-09-2025,UPI,Yes,No,4534,100,1,1,4.2,Not Completed,0,2,2,1,2,1,4,5
1969,STU101969,Ritika Mehta,Female,23,Bachelor,Employed,Jaipur,Tablet,Medium,C104,Digital Marketing Essentials,Marketing,Beginner,30,4.3,7,57,96.1,2,5.0,10,4,10.0,8,2,3,83.0,100.0,86.6,2,24-11-2024,Free,No,Yes,0,74,5,0,4.0,Completed,0,0,0,2,2,1,2,2
1970,STU101970,Neha Bhardwaj,Female,29,Bachelor,Employed,Kolkata,Mobile,High,C105,UI/UX Design Fundamentals,Design,Beginner,40,4.4,5,26,36.5,5,5.6,8,4,5.7,4,6,6,74.3,89.2,41.2,5,09-01-2025,Credit Card,Yes,No,3775,39,6,1,2.6,Not Completed,0,0,0,1,0,1,1,0
1971,STU101971,Meera Nair,Other,19,Bachelor,Self-Employed,Chennai,Laptop,High,C107,Statistics for Data Science,Math,Intermediate,50,4.2,5,29,72.9,1,13.2,27,8,10.0,6,3,6,68.4,52.8,64.2,2,12-03-2024,Debit Card,Yes,No,4287,73,5,0,4.9,Not Completed,2,0,1,0,0,2,3,1
1972,STU101972,Ritika Verma,Female,37,Bachelor,Student,Kolkata,Laptop,Medium,C106,Machine Learning A-Z,Programming,Advanced,90,4.6,2,32,85.8,2,0.5,3,1,8.5,5,5,5,76.7,68.4,63.4,2,26-02-2024,Debit Card,Yes,No,7014,78,1,0,4.2,Completed,0,0,2,0,2,0,4,1
1973,STU101973,Ritika Shah,Female,19,HighSchool,Student,Surat,Mobile,Medium,C101,Python Basics,Programming,Beginner,45,4.6,2,37,12.3,1,0.5,14,9,10.0,4,6,4,70.8,70.3,31.8,1,21-05-2024,UPI,Yes,No,3863,36,1,1,4.5,Not Completed,0,2,2,1,2,1,4,5
1974,STU101974,Kavya Reddy,Male,21,Bachelor,Student,Mumbai,Mobile,Medium,C106,Machine Learning A-Z,Programming,Advanced,90,4.6,8,35,83.5,4,6.8,9,4,6.9,2,8,5,66.1,59.7,44.2,1,11-05-2025,Free,No,Yes,0,15,4,1,2.6,Not Completed,1,0,2,1,2,0,4,2
1975,STU101975,Sneha Bose,Female,23,HighSchool,Employed,Delhi,Mobile,Medium,C105,UI/UX Design Fundamentals,Design,Beginner,40,4.4,8,18,47.9,2,0.5,12,8,5.1,3,7,4,74.9,72.5,38.4,5,08-12-2024,Free,No,No,0,45,1,1,4.6,Not Completed,0,2,0,1,2,1,1,2
1976,STU101976,Vihaan Sharma,Female,17,Bachelor,Student,Hyderabad,Mobile,High,C104,Digital Marketing Essentials,Marketing,Beginner,30,4.3,5,43,69.8,3,11.1,1,4,6.4,4,6,3,86.6,88.9,52.9,4,27-11-2023,UPI,Yes,Yes,3024,83,6,0,3.6,Completed,0,0,2,1,0,1,2,5
1977,STU101977,Ritika Verma,Female,24,Master,Student,Delhi,Laptop,Medium,C103,Introduction to AI,Programming,Intermediate,75,4.5,5,74,30.8,2,0.5,0,2,4.0,4,6,7,70.7,65.8,38.1,3,03-11-2024,UPI,Yes,No,6120,100,2,1,4.5,Completed,0,3,2,0,2,2,4,5
1978,STU101978,Ananya Kumar,Female,20,Diploma,Employed,Kolkata,Mobile,Low,C101,Python Basics,Programming,Beginner,45,4.6,5,26,60.8,3,9.4,23,9,4.0,3,7,5,61.6,66.3,42.6,1,11-03-2024,Debit Card,Yes,No,4084,70,1,0,3.8,Completed,0,1,0,1,1,1,4,1
1979,STU101979,Arjun Desai,Male,17,HighSchool,Student,Jaipur,Laptop,High,C103,Introduction to AI,Programming,Intermediate,75,4.5,7,29,57.6,3,7.1,2,5,7.5,6,4,3,59.1,81.8,60.3,1,24-08-2024,UPI,Yes,No,5745,60,1,3,5.0,Completed,1,2,2,0,0,2,4,5
1980,STU101980,Ananya Singh,Male,32,Master,Self-Employed,Bengaluru,Mobile,Medium,C107,Statistics for Data Science,Math,Intermediate,50,4.2,8,5,64.4,4,7.0,19,9,1.6,2,8,2,64.6,77.9,38.4,0,28-02-2025,Free,No,No,0,80,1,1,4.9,Not Completed,1,3,1,1,2,2,3,2
1981,STU101981,Aarav Sharma,Female,20,Bachelor,Unemployed,Surat,Laptop,High,C103,Introduction to AI,Programming,Intermediate,75,4.5,3,31,76.1,1,0.5,4,5,3.9,2,8,6,43.3,62.0,41.7,2,01-12-2023,UPI,Yes,No,5962,57,7,2,2.8,Not Completed,0,0,3,0,0,2,4,5
1982,STU101982,Isha Reddy,Male,33,Diploma,Employed,Jaipur,Mobile,High,C102,Data Analysis with Python,Programming,Intermediate,60,4.7,4,53,74.6,4,0.5,4,4,7.8,7,3,4,100.0,61.9,71.2,5,22-01-2025,NetBanking,Yes,No,4555,41,1,2,5.0,Not Completed,1,1,0,1,0,2,4,3
1983,STU101983,Pooja Desai,Male,18,Bachelor,Employed,Chennai,Mobile,High,C104,Digital Marketing Essentials,Marketing,Beginner,30,4.3,5,25,39.9,2,5.2,17,4,5.5,3,7,3,87.4,63.0,35.1,4,28-06-2025,UPI,Yes,Yes,3223,88,5,1,3.0,Completed,1,0,0,1,0,1,2,5
1984,STU101984,Arjun Desai,Female,22,Bachelor,Student,Bengaluru,Mobile,Medium,C104,Digital Marketing Essentials,Marketing,Beginner,30,4.3,5,43,76.7,2,1.9,9,10,10.0,6,4,3,73.3,88.0,67.2,0,30-01-2025,Free,No,No,0,62,1,1,2.6,Not Completed,0,0,2,1,2,1,2,2
1985,STU101985,Kavya Iyer,Male,25,Diploma,Student,Kolkata,Tablet,Medium,C101,Python Basics,Programming,Beginner,45,4.6,1,56,45.6,4,1.6,3,6,8.3,3,7,2,60.5,70.0,37.5,4,14-09-2024,UPI,Yes,Yes,3770,100,1,0,3.2,Completed,1,1,2,2,2,1,4,5
1986,STU101986,Aditya Desai,Male,34,Bachelor,Employed,Jaipur,Laptop,Medium,C106,Machine Learning A-Z,Programming,Advanced,90,4.6,4,35,38.8,4,1.0,8,4,6.0,5,5,1,75.0,59.6,46.6,1,09-12-2024,UPI,Yes,No,6541,70,3,0,4.5,Not Completed,1,0,0,0,2,0,4,5
1987,STU101987,Priya Singh,Female,23,Bachelor,Employed,Bhopal,Mobile,Medium,C103,Introduction to AI,Programming,Intermediate,75,4.5,4,37,73.0,3,0.5,1,5,4.6,6,4,6,81.1,79.2,65.5,1,22-04-2025,Debit Card,Yes,Yes,4876,89,2,2,2.8,Completed,0,0,0,1,2,2,4,1
1988,STU101988,Vivaan Iyer,Male,17,Bachelor,Employed,Bhopal,Mobile,Medium,C103,Introduction to AI,Programming,Intermediate,75,4.5,4,37,42.3,1,3.7,10,5,7.0,3,7,3,72.0,74.8,36.5,5,27-07-2024,UPI,Yes,Yes,4520,60,3,0,4.7,Not Completed,1,0,0,1,2,2,4,5
1989,STU101989,Aditya Shah,Male,30,Master,Student,Bengaluru,Mobile,Medium,C106,Machine Learning A-Z,Programming,Advanced,90,4.6,4,24,73.8,2,8.3,6,5,4.8,4,6,4,87.8,88.2,54.2,6,24-05-2025,UPI,Yes,Yes,5817,58,3,1,4.5,Completed,1,3,2,1,2,0,4,5
1990,STU101990,Ananya Gupta,Male,35,Master,Student,Lucknow,Mobile,High,C101,Python Basics,Programming,Beginner,45,4.6,8,47,93.5,2,11.1,3,8,7.2,4,6,2,61.1,87.5,61.1,1,11-05-2025,UPI,Yes,No,4000,66,2,1,5.0,Completed,1,3,2,1,0,1,4,5
1991,STU101991,Aditya Singh,Female,22,Master,Employed,Jaipur,Laptop,Low,C104,Digital Marketing Essentials,Marketing,Beginner,30,4.3,5,36,33.7,0,5.0,13,8,9.4,7,3,1,74.2,70.9,57.3,0,10-12-2023,Scholarship,No,No,1520,67,1,0,4.1,Not Completed,0,3,0,0,1,1,2,4
1992,STU101992,Nikhil Gupta,Male,44,Master,Student,Pune,Laptop,High,C106,Machine Learning A-Z,Programming,Advanced,90,4.6,3,35,82.5,4,0.5,9,3,7.1,4,6,2,59.0,76.9,56.7,2,14-03-2025,UPI,Yes,No,5855,76,1,1,4.2,Not Completed,1,3,2,0,0,0,4,5
1993,STU101993,Aarav Sharma,Female,21,Bachelor,Student,Lucknow,Laptop,High,C108,Excel for Business,Business,Beginner,25,4.1,6,44,57.6,3,4.1,5,7,6.0,3,6,1,70.1,79.0,42.1,3,18-04-2024,NetBanking,Yes,Yes,2964,93,2,0,4.0,Completed,0,0,2,0,0,1,0,3
1994,STU101994,Aarav Kumar,Female,17,Bachelor,Unemployed,Vadodara,Mobile,Low,C102,Data Analysis with Python,Programming,Intermediate,60,4.7,4,20,66.9,1,0.5,2,8,5.0,6,4,3,89.0,78.3,63.3,3,01-06-2025,UPI,Yes,No,5494,100,1,0,5.0,Not Completed,0,0,3,1,1,2,4,5
1995,STU101995,Kavya Sharma,Male,32,Bachelor,Student,Vadodara,Laptop,High,C104,Digital Marketing Essentials,Marketing,Beginner,30,4.3,9,31,37.1,3,4.5,3,13,5.7,5,5,10,83.1,65.2,46.3,3,09-09-2024,Scholarship,No,No,225,68,5,0,4.5,Not Completed,1,0,2,0,0,1,2,4
1996,STU101996,Priya Bhardwaj,Female,34,Bachelor,Student,Mumbai,Mobile,High,C104,Digital Marketing Essentials,Marketing,Beginner,30,4.3,6,40,84.8,3,3.0,1,6,3.8,5,5,2,71.5,96.8,64.5,2,09-11-2023,UPI,Yes,No,3715,76,1,1,3.4,Completed,0,0,2,1,0,1,2,5
1997,STU101997,Pooja Mehta,Female,22,Diploma,Student,Bengaluru,Laptop,Medium,C103,Introduction to AI,Programming,Intermediate,75,4.5,2,32,70.0,2,4.1,13,6,7.0,6,4,4,74.9,65.6,63.8,2,09-04-2025,NetBanking,Yes,No,6255,68,3,0,3.5,Completed,0,1,2,0,2,2,4,3
1998,STU101998,Pooja Mehta,Female,23,Master,Student,Ahmedabad,Laptop,Medium,C101,Python Basics,Programming,Beginner,45,4.6,7,50,66.3,4,9.8,3,6,6.8,3,7,5,84.3,74.0,44.9,3,26-01-2024,UPI,Yes,No,4577,81,4,0,5.0,Completed,0,3,2,0,2,1,4,5
1999,STU101999,Rahul Verma,Male,31,Bachelor,Student,Ahmedabad,Mobile,High,C101,Python Basics,Programming,Beginner,45,4.6,8,21,63.2,2,2.1,4,1,5.8,4,6,1,62.9,54.4,48.8,1,04-07-2024,Debit Card,Yes,No,3994,74,2,2,4.5,Not Completed,1,0,2,1,0,1,4,1
2000,STU102000,Aditya Verma,Male,22,Bachelor,Employed,Ahmedabad,Laptop,High,C108,Excel for Business,Business,Beginner,25,4.1,4,43,96.6,3,0.5,2,3,5.3,3,6,5,97.6,82.1,55.9,1,10-09-2025,Debit Card,Yes,Yes,2540,62,2,0,4.7,Completed,1,0,0,0,0,1,0,1
2001,STU102001,Sai Patel,Male,26,Bachelor,Student,Jaipur,Mobile,Medium,C108,Excel for Business,Business,Beginner,25,4.1,2,29,35.9,4,0.5,9,4,8.4,4,6,4,67.3,95.7,41.4,1,19-04-2024,UPI,Yes,Yes,2981,45,3,0,3.4,Completed,1,0,2,1,2,1,0,5
2002,STU102002,Aarav Nair,Male,17,Bachelor,Student,Mumbai,Mobile,Medium,C102,Data Analysis with Python,Programming,Intermediate,60,4.7,6,46,35.6,2,1.3,29,4,5.3,5,4,3,64.5,53.6,45.1,3,26-01-2024,UPI,Yes,No,5325,77,3,1,5.0,Not Completed,1,0,2,1,2,2,4,5
2003,STU102003,Pooja Verma,Male,30,Bachelor,Employed,Chennai,Mobile,Medium,C108,Excel for Business,Business,Beginner,25,4.1,5,8,88.0,4,0.5,7,4,6.6,3,7,3,74.2,79.3,52.8,0,07-07-2024,Debit Card,Yes,No,3131,78,4,1,4.5,Not Completed,1,0,0,1,2,1,0,1
2004,STU102004,Priya Shah,Male,28,Bachelor,Student,Bhopal,Mobile,High,C101,Python Basics,Programming,Beginner,45,4.6,9,36,77.2,3,6.9,0,6,6.9,8,2,8,80.1,85.0,79.3,2,11-05-2024,Debit Card,Yes,No,4448,62,4,1,5.0,Completed,1,0,2,1,0,1,4,1
2005,STU102005,Rohan Desai,Female,30,Bachelor,Employed,Jaipur,Laptop,High,C105,UI/UX Design Fundamentals,Design,Beginner,40,4.4,5,33,27.5,0,0.9,6,4,5.2,5,4,7,65.5,58.2,42.5,1,04-03-2025,Debit Card,Yes,Yes,3193,77,2,2,3.8,Not Completed,0,0,0,0,0,1,1,1
2006,STU102006,Ritika Desai,Male,18,Bachelor,Student,Surat,Laptop,Medium,C103,Introduction to AI,Programming,Intermediate,75,4.5,2,47,15.3,2,2.9,10,4,5.4,4,5,4,78.2,54.6,32.1,1,11-02-2024,Free,No,No,0,48,3,1,3.7,Not Completed,1,0,2,0,2,2,4,2
2007,STU102007,Neha Patel,Male,25,Bachelor,Student,Hyderabad,Laptop,Low,C104,Digital Marketing Essentials,Marketing,Beginner,30,4.3,1,41,64.3,2,0.5,0,3,6.1,4,6,0,68.0,78.3,50.4,1,06-12-2024,Debit Card,Yes,No,3658,77,0,0,2.6,Completed,1,0,2,0,1,1,2,1
2008,STU102008,Aditya Reddy,Female,20,Diploma,Employed,Mumbai,Laptop,Medium,C103,Introduction to AI,Programming,Intermediate,75,4.5,4,35,93.8,3,0.5,1,8,9.9,4,5,4,100.0,99.7,61.8,4,12-06-2024,Credit Card,Yes,Yes,4991,100,3,0,4.6,Completed,0,1,0,0,2,2,4,0
2009,STU102009,Aarav Kumar,Female,29,Bachelor,Student,Surat,Mobile,High,C108,Excel for Business,Business,Beginner,25,4.1,6,25,77.6,2,0.5,2,4,4.2,6,4,3,60.1,84.4,67.4,2,07-09-2025,Debit Card,Yes,No,3240,75,1,0,2.6,Not Completed,0,0,2,1,0,1,0,1
2010,STU102010,Vihaan Singh,Male,26,Bachelor,Student,Vadodara,Laptop,High,C104,Digital Marketing Essentials,Marketing,Beginner,30,4.3,7,35,74.0,2,13.3,25,3,7.1,4,6,7,52.9,62.2,53.0,2,22-02-2024,UPI,Yes,Yes,2911,85,1,0,5.0,Not Completed,1,0,2,0,0,1,2,5
2011,STU102011,Ananya Bhardwaj,Male,25,Master,Employed,Chennai,Laptop,Medium,C103,Introduction to AI,Programming,Intermediate,75,4.5,8,32,63.5,2,1.7,4,6,9.3,4,6,1,78.7,65.7,49.5,3,29-07-2025,UPI,Yes,No,5717,97,0,1,4.0,Completed,1,3,0,0,2,2,4,5
2012,STU102012,Ritika Singh,Male,28,PhD,Employed,Vadodara,Mobile,Medium,C108,Excel for Business,Business,Beginner,25,4.1,5,44,68.3,3,0.5,0,6,9.3,4,5,8,54.3,89.6,52.4,2,02-11-2024,UPI,Yes,Yes,2915,79,2,0,5.0,Completed,1,4,0,1,2,1,0,5
2013,STU102013,Rahul Verma,Male,26,Bachelor,Student,Vadodara,Laptop,Medium,C102,Data Analysis with Python,Programming,Intermediate,60,4.7,5,38,12.2,2,0.5,20,6,10.0,7,3,1,81.9,68.1,49.7,3,23-12-2024,UPI,Yes,No,5044,94,5,1,4.3,Not Completed,1,0,2,0,2,2,4,5
2014,STU102014,Rahul Reddy,Male,20,Diploma,Employed,Mumbai,Mobile,Medium,C101,Python Basics,Programming,Beginner,45,4.6,5,41,40.3,2,0.5,20,6,7.2,7,3,1,71.7,66.7,59.4,2,03-02-2025,UPI,Yes,No,4361,77,1,2,2.9,Not Completed,1,1,0,1,2,1,4,5
2015,STU102015,Sakshi Kumar,Female,31,Master,Student,Lucknow,Tablet,High,C108,Excel for Business,Business,Beginner,25,4.1,4,40,42.2,4,9.0,6,6,7.8,6,4,4,73.2,74.3,54.5,2,17-10-2023,UPI,Yes,No,2958,57,3,0,5.0,Completed,0,3,2,2,0,1,0,5
2016,STU102016,Vivaan Bose,Male,23,Master,Student,Bhopal,Mobile,Medium,C104,Digital Marketing Essentials,Marketing,Beginner,30,4.3,5,37,57.1,2,7.5,21,8,8.0,8,2,3,66.1,64.3,71.2,3,20-06-2025,UPI,Yes,No,3709,67,1,0,3.6,Completed,1,3,2,1,2,1,2,5
2017,STU102017,Neha Shah,Male,30,HighSchool,Student,Lucknow,Laptop,Medium,C103,Introduction to AI,Programming,Intermediate,75,4.5,6,29,92.8,0,5.8,13,7,7.2,6,4,3,75.2,70.9,72.0,4,10-10-2024,Credit Card,Yes,No,5703,96,0,0,2.6,Completed,1,2,2,0,2,2,4,0
2018,STU102018,Krishna Bhardwaj,Male,17,HighSchool,Employed,Nagpur,Laptop,Medium,C104,Digital Marketing Essentials,Marketing,Beginner,30,4.3,5,46,72.7,3,0.5,7,5,9.2,7,3,3,83.0,73.5,71.1,2,02-12-2023,Free,No,No,0,37,1,0,5.0,Not Completed,1,2,0,0,2,1,2,2
2019,STU102019,Sai Nair,Male,29,Bachelor,Student,Surat,Mobile,Medium,C104,Digital Marketing Essentials,Marketing,Beginner,30,4.3,2,28,61.6,1,0.5,12,8,2.8,5,4,4,74.1,84.6,55.8,2,19-08-2024,Credit Card,Yes,No,3745,79,1,0,4.2,Not Completed,1,0,2,1,2,1,2,0
2020,STU102020,Aditya Mehta,Female,24,Master,Student,Indore,Mobile,High,C101,Python Basics,Programming,Beginner,45,4.6,4,49,71.0,2,0.5,0,4,8.1,6,4,4,70.5,64.2,64.1,5,08-03-2024,UPI,Yes,No,4395,41,3,1,3.9,Not Completed,0,3,2,1,0,1,4,5
2021,STU102021,Rahul Kumar,Female,20,PhD,Student,Bhopal,Laptop,Medium,C103,Introduction to AI,Programming,Intermediate,75,4.5,4,40,70.2,4,0.5,25,3,9.8,3,7,8,86.9,78.9,46.5,5,03-07-2025,Credit Card,Yes,No,6171,75,3,0,4.6,Completed,0,4,2,0,2,2,4,0
2022,STU102022,Ritika Desai,Female,29,Bachelor,Student,Hyderabad,Mobile,Medium,C108,Excel for Business,Business,Beginner,25,4.1,6,15,39.1,0,0.5,0,4,2.6,7,3,10,71.7,63.8,58.9,4,01-10-2024,Debit Card,Yes,No,3369,55,3,1,3.0,Not Completed,0,0,2,1,2,1,0,1
2023,STU102023,Neha Desai,Male,20,Diploma,Employed,Indore,Laptop,High,C104,Digital Marketing Essentials,Marketing,Beginner,30,4.3,3,29,64.1,1,0.5,1,1,10.0,5,5,6,81.6,56.2,55.3,4,24-06-2024,UPI,Yes,No,3277,60,2,0,5.0,Not Completed,1,1,0,0,0,1,2,5
2024,STU102024,Pooja Joshi,Female,25,HighSchool,Student,Pune,Mobile,Medium,C104,Digital Marketing Essentials,Marketing,Beginner,30,4.3,4,34,52.4,2,3.7,3,6,3.9,3,7,7,79.5,74.9,40.1,4,21-06-2025,UPI,Yes,No,3299,76,2,0,4.7,Completed,0,2,2,1,2,1,2,5
2025,STU102025,Pooja Patel,Female,22,Master,Employed,Bhopal,Mobile,High,C106,Machine Learning A-Z,Programming,Advanced,90,4.6,11,32,91.8,2,6.1,3,3,8.4,5,5,3,59.9,85.0,66.4,1,08-08-2025,UPI,Yes,No,6785,93,2,1,4.3,Not Completed,0,3,0,1,0,0,4,5
2026,STU102026,Aarav Bhardwaj,Female,24,Bachelor,Employed,Kolkata,Mobile,Medium,C101,Python Basics,Programming,Beginner,45,4.6,3,28,77.0,4,4.1,23,4,7.2,4,6,1,79.4,70.3,54.5,0,26-10-2023,NetBanking,Yes,Yes,3291,71,3,1,3.9,Completed,0,0,0,1,2,1,4,3
2027,STU102027,Sai Mehta,Female,36,Bachelor,Employed,Surat,Laptop,Medium,C108,Excel for Business,Business,Beginner,25,4.1,5,31,59.8,2,4.2,0,11,6.9,6,4,5,58.5,96.0,61.7,3,06-10-2025,UPI,Yes,No,3140,35,1,0,3.2,Not Completed,0,0,0,0,2,1,0,5
2028,STU102028,Meera Desai,Male,21,Bachelor,Employed,Chennai,Mobile,Medium,C104,Digital Marketing Essentials,Marketing,Beginner,30,4.3,5,39,43.6,4,0.6,1,4,3.4,5,5,1,66.2,48.8,47.7,3,11-08-2025,Scholarship,No,Yes,1375,64,2,3,2.5,Not Completed,1,0,0,1,2,1,2,4
2029,STU102029,Aditya Gupta,Male,20,Bachelor,Employed,Mumbai,Mobile,Medium,C108,Excel for Business,Business,Beginner,25,4.1,8,29,30.0,1,6.2,0,2,9.4,3,7,3,65.5,62.5,31.6,1,03-09-2025,UPI,Yes,No,3429,100,1,3,2.0,Not Completed,1,0,0,1,2,1,0,5
2030,STU102030,Kavya Iyer,Male,24,Master,Student,Delhi,Mobile,Low,C103,Introduction to AI,Programming,Intermediate,75,4.5,5,34,49.9,2,0.5,3,3,5.6,7,3,5,84.6,56.5,62.3,2,05-11-2024,Free,No,No,0,58,0,2,3.4,Completed,1,3,2,1,1,2,4,2
2031,STU102031,Sakshi Joshi,Female,26,Bachelor,Employed,Chennai,Mobile,Medium,C102,Data Analysis with Python,Programming,Intermediate,60,4.7,4,56,64.3,2,0.5,0,4,7.3,5,5,5,63.4,57.0,55.4,3,29-09-2025,UPI,Yes,No,5106,72,1,0,4.8,Not Completed,0,0,0,1,2,2,4,5
2032,STU102032,Aarav Sharma,Female,23,Bachelor,Student,Kolkata,Laptop,High,C103,Introduction to AI,Programming,Intermediate,75,4.5,7,12,53.4,1,0.5,9,7,7.0,3,7,3,78.4,83.7,40.9,1,01-05-2024,UPI,Yes,No,5893,63,5,0,4.5,Not Completed,0,0,2,0,0,2,4,5
2033,STU102033,Kavya Patel,Male,28,Bachelor,Employed,Pune,Mobile,Medium,C106,Machine Learning A-Z,Programming,Advanced,90,4.6,6,36,37.0,6,0.5,12,1,5.6,5,5,3,62.3,60.7,46.0,1,30-07-2024,Credit Card,Yes,No,6608,57,0,1,4.2,Completed,1,0,0,1,2,0,4,0
2034,STU102034,Sneha Singh,Female,33,Bachelor,Student,Delhi,Mobile,High,C107,Statistics for Data Science,Math,Intermediate,50,4.2,6,40,93.0,2,12.8,0,7,4.6,7,3,3,70.5,70.6,78.1,2,18-07-2025,Free,No,Yes,0,85,3,2,4.3,Completed,0,0,2,1,0,2,3,2
2035,STU102035,Ananya Desai,Female,29,Master,Student,Indore,Mobile,Low,C102,Data Analysis with Python,Programming,Intermediate,60,4.7,5,18,66.9,1,0.5,3,4,2.7,5,5,0,71.5,78.3,57.3,1,05-03-2025,Scholarship,No,Yes,2137,84,3,1,4.8,Not Completed,0,3,2,1,1,2,4,4
2036,STU102036,Sneha Patel,Female,21,Bachelor,Self-Employed,Ahmedabad,Mobile,Medium,C104,Digital Marketing Essentials,Marketing,Beginner,30,4.3,8,50,74.0,1,10.3,3,8,5.1,6,4,3,84.0,94.8,66.6,1,06-10-2025,Free,No,No,0,96,5,0,5.0,Not Completed,0,0,1,1,2,1,2,2
2037,STU102037,Sakshi Singh,Female,32,Master,Student,Mumbai,Laptop,High,C102,Data Analysis with Python,Programming,Intermediate,60,4.7,6,37,61.9,5,6.7,7,3,9.8,4,6,4,90.4,98.0,50.5,0,31-07-2025,Credit Card,Yes,No,4532,85,4,0,4.3,Not Completed,0,3,2,0,0,2,4,0
2038,STU102038,Priya Sharma,Male,25,Bachelor,Student,Nagpur,Laptop,Medium,C102,Data Analysis with Python,Programming,Intermediate,60,4.7,5,35,82.5,2,0.5,2,9,6.4,4,6,6,85.4,73.7,56.6,1,12-03-2025,UPI,Yes,No,4577,98,3,1,4.2,Completed,1,0,2,0,2,2,4,5
2039,STU102039,Meera Verma,Female,20,Bachelor,Unemployed,Surat,Mobile,High,C102,Data Analysis with Python,Programming,Intermediate,60,4.7,6,51,81.8,2,0.6,3,5,9.2,7,3,7,82.4,78.4,74.6,4,18-05-2025,Free,No,Yes,0,100,3,0,4.4,Not Completed,0,0,3,1,0,2,4,2
2040,STU102040,Sakshi Bhardwaj,Female,27,Bachelor,Student,Bengaluru,Mobile,Medium,C101,Python Basics,Programming,Beginner,45,4.6,3,5,46.0,4,0.5,8,5,7.6,4,6,7,71.7,56.3,42.9,1,25-02-2024,NetBanking,Yes,No,3852,35,1,0,4.4,Not Completed,0,0,2,1,2,1,4,3
2041,STU102041,Aditya Verma,Male,20,Diploma,Unemployed,Ahmedabad,Laptop,Medium,C108,Excel for Business,Business,Beginner,25,4.1,5,28,28.4,0,2.6,4,5,3.5,4,6,2,68.9,70.2,37.4,1,06-06-2024,Debit Card,Yes,Yes,2569,51,1,2,3.7,Not Completed,1,1,3,0,2,1,0,1
2042,STU102042,Ritika Nair,Female,21,PhD,Employed,Vadodara,Mobile,Low,C102,Data Analysis with Python,Programming,Intermediate,60,4.7,6,61,89.2,3,4.5,6,3,7.1,3,7,4,63.8,62.1,52.3,1,10-09-2025,UPI,Yes,No,4836,63,3,0,3.6,Completed,0,4,0,1,1,2,4,5
2043,STU102043,Aarav Nair,Female,33,Bachelor,Student,Lucknow,Laptop,Medium,C104,Digital Marketing Essentials,Marketing,Beginner,30,4.3,6,16,40.0,0,0.5,0,2,7.0,7,3,3,85.2,72.5,59.6,1,01-07-2024,UPI,Yes,No,3585,91,0,2,5.0,Not Completed,0,0,2,0,2,1,2,5
2044,STU102044,Rahul Bose,Male,25,HighSchool,Student,Kolkata,Mobile,Low,C101,Python Basics,Programming,Beginner,45,4.6,5,25,37.7,1,13.4,6,4,7.9,4,6,1,71.3,73.2,40.9,4,27-12-2024,UPI,Yes,Yes,3834,92,2,1,3.3,Not Completed,1,2,2,1,1,1,4,5
2045,STU102045,Vivaan Shah,Female,29,Bachelor,Student,Hyderabad,Mobile,Medium,C103,Introduction to AI,Programming,Intermediate,75,4.5,8,42,59.6,3,0.5,5,6,7.9,4,6,6,77.1,74.0,48.6,3,06-12-2024,Debit Card,Yes,No,5813,71,0,2,2.9,Not Completed,0,0,2,1,2,2,4,1
2046,STU102046,Neha Sharma,Female,35,Bachelor,Employed,Lucknow,Laptop,High,C104,Digital Marketing Essentials,Marketing,Beginner,30,4.3,4,39,72.8,2,3.8,14,7,5.1,6,4,7,63.4,77.7,65.4,2,07-03-2025,Free,No,No,0,59,2,0,4.4,Completed,0,0,0,0,0,1,2,2
2047,STU102047,Sneha Gupta,Female,27,Bachelor,Student,Vadodara,Mobile,Medium,C101,Python Basics,Programming,Beginner,45,4.6,5,38,41.2,5,10.2,4,9,3.8,3,7,3,71.8,48.1,34.8,2,02-06-2024,Credit Card,Yes,No,4460,69,1,3,3.6,Not Completed,0,0,2,1,2,1,4,0
2048,STU102048,Vivaan Kumar,Male,28,Bachelor,Employed,Bhopal,Mobile,Medium,C103,Introduction to AI,Programming,Intermediate,75,4.5,8,39,60.3,4,7.2,3,4,7.9,6,4,4,71.3,74.5,60.8,2,18-01-2025,UPI,Yes,No,6196,88,3,2,3.9,Completed,1,0,0,1,2,2,4,5
2049,STU102049,Pooja Patel,Male,26,Diploma,Employed,Chennai,Tablet,Medium,C102,Data Analysis with Python,Programming,Intermediate,60,4.7,6,43,56.2,4,0.5,2,5,8.1,3,7,3,71.7,84.1,41.9,2,08-01-2024,Scholarship,No,No,871,67,5,1,3.5,Not Completed,1,1,0,2,2,2,4,4
2050,STU102050,Nikhil Desai,Female,28,Bachelor,Employed,Mumbai,Mobile,Medium,C108,Excel for Business,Business,Beginner,25,4.1,6,35,56.0,2,4.2,1,3,9.0,4,6,3,77.7,73.3,47.3,4,04-06-2024,UPI,Yes,No,3127,50,2,1,4.0,Not Completed,0,0,0,1,2,1,0,5
2051,STU102051,Isha Sharma,Male,28,Bachelor,Unemployed,Bhopal,Laptop,Medium,C102,Data Analysis with Python,Programming,Intermediate,60,4.7,5,29,73.2,1,0.5,13,3,6.6,5,5,4,62.3,74.2,59.3,5,02-04-2024,UPI,Yes,No,4982,42,3,0,3.9,Completed,1,0,3,0,2,2,4,5
2052,STU102052,Pooja Kumar,Other,23,Bachelor,Employed,Delhi,Tablet,Low,C105,UI/UX Design Fundamentals,Design,Beginner,40,4.4,7,20,82.0,6,0.5,4,8,7.4,5,5,2,71.3,69.5,62.2,4,24-01-2024,Scholarship,No,No,1325,67,2,1,3.6,Not Completed,2,0,0,2,1,1,1,4
2053,STU102053,Aarav Reddy,Female,22,Bachelor,Student,Chennai,Laptop,High,C107,Statistics for Data Science,Math,Intermediate,50,4.2,4,24,84.8,2,0.5,13,9,5.6,5,5,1,84.9,70.6,63.2,1,14-06-2025,Free,No,No,0,50,3,0,5.0,Not Completed,0,0,2,0,0,2,3,2
2054,STU102054,Pooja Shah,Female,28,Bachelor,Employed,Ahmedabad,Mobile,Medium,C102,Data Analysis with Python,Programming,Intermediate,60,4.7,5,38,47.8,3,0.5,0,4,3.9,5,5,4,83.9,50.8,49.3,3,12-02-2025,Debit Card,Yes,No,5497,39,4,2,5.0,Completed,0,0,0,1,2,2,4,1
2055,STU102055,Rohan Joshi,Male,26,Diploma,Student,Nagpur,Mobile,Medium,C101,Python Basics,Programming,Beginner,45,4.6,3,28,45.3,4,6.3,1,5,6.8,1,9,3,80.4,60.6,24.9,2,22-09-2024,UPI,Yes,Yes,3840,27,4,0,4.4,Not Completed,1,1,2,1,2,1,4,5
2056,STU102056,Ritika Desai,Male,28,Bachelor,Student,Pune,Tablet,High,C108,Excel for Business,Business,Beginner,25,4.1,6,22,78.6,3,0.9,0,8,7.7,5,4,7,80.6,79.7,61.5,2,22-06-2025,Credit Card,Yes,No,3312,53,0,1,3.9,Completed,1,0,2,2,0,1,0,0
2057,STU102057,Sakshi Reddy,Female,21,Bachelor,Student,Vadodara,Laptop,Medium,C101,Python Basics,Programming,Beginner,45,4.6,6,45,40.5,2,0.5,14,2,8.5,7,3,4,67.3,58.0,59.1,3,16-01-2025,Credit Card,Yes,Yes,3748,86,4,0,3.9,Not Completed,0,0,2,0,2,1,4,0
2058,STU102058,Nikhil Sharma,Female,31,HighSchool,Employed,Delhi,Mobile,Low,C108,Excel for Business,Business,Beginner,25,4.1,5,19,38.0,5,0.5,0,4,5.6,1,9,4,49.5,44.5,21.5,4,20-11-2023,UPI,Yes,No,3441,77,2,4,4.1,Not Completed,0,2,0,1,1,1,0,5
2059,STU102059,Priya Joshi,Female,21,Master,Student,Bhopal,Laptop,Medium,C107,Statistics for Data Science,Math,Intermediate,50,4.2,5,51,65.3,0,13.4,6,6,5.3,3,7,4,54.3,72.9,44.5,0,22-12-2023,Free,No,No,0,60,3,0,5.0,Not Completed,0,3,2,0,2,2,3,2
2060,STU102060,Arjun Patel,Female,30,Diploma,Student,Bhopal,Mobile,Medium,C107,Statistics for Data Science,Math,Intermediate,50,4.2,4,24,79.6,2,4.6,0,4,10.0,7,2,4,84.5,55.5,72.6,2,12-12-2023,UPI,Yes,No,4586,61,1,1,5.0,Completed,0,1,2,1,2,2,3,5
2061,STU102061,Ananya Bhardwaj,Female,17,Bachelor,Student,Lucknow,Mobile,High,C103,Introduction to AI,Programming,Intermediate,75,4.5,6,32,79.1,2,0.5,0,6,10.0,3,7,7,81.6,65.1,49.0,0,29-01-2024,Debit Card,Yes,Yes,4626,66,2,1,5.0,Completed,0,0,2,1,0,2,4,1
2062,STU102062,Vivaan Gupta,Female,32,Master,Student,Mumbai,Mobile,High,C102,Data Analysis with Python,Programming,Intermediate,60,4.7,6,40,40.0,4,3.2,1,4,8.2,7,3,5,75.7,86.6,60.3,1,10-11-2024,UPI,Yes,No,4668,76,4,1,5.0,Not Completed,0,3,2,1,0,2,4,5
2063,STU102063,Priya Sharma,Male,24,Master,Employed,Jaipur,Mobile,Medium,C106,Machine Learning A-Z,Programming,Advanced,90,4.6,5,56,53.8,2,10.5,10,4,3.2,3,7,3,66.1,48.1,39.2,2,11-06-2024,NetBanking,Yes,Yes,5115,27,2,2,3.1,Not Completed,1,3,0,1,2,0,4,3
2064,STU102064,Sakshi Desai,Male,24,Bachelor,Self-Employed,Lucknow,Laptop,Medium,C105,UI/UX Design Fundamentals,Design,Beginner,40,4.4,9,47,75.4,2,12.6,14,8,7.1,5,5,4,70.4,72.5,60.0,3,23-01-2025,UPI,Yes,Yes,3694,77,3,1,4.4,Completed,1,0,1,0,2,1,1,5
2065,STU102065,Priya Reddy,Male,29,Master,Employed,Vadodara,Mobile,High,C103,Introduction to AI,Programming,Intermediate,75,4.5,3,28,49.7,1,0.5,27,6,5.5,4,6,2,60.7,74.9,45.1,0,13-07-2025,NetBanking,Yes,No,5244,61,1,0,5.0,Not Completed,1,3,0,1,0,2,4,3
2066,STU102066,Sakshi Sharma,Male,28,Bachelor,Employed,Hyderabad,Mobile,Medium,C105,UI/UX Design Fundamentals,Design,Beginner,40,4.4,3,27,56.6,5,5.5,2,4,6.7,5,5,1,75.9,72.9,53.4,3,07-09-2025,UPI,Yes,No,3842,54,3,1,2.9,Not Completed,1,0,0,1,2,1,1,5
2067,STU102067,Aarav Reddy,Female,18,Bachelor,Employed,Surat,Laptop,Medium,C103,Introduction to AI,Programming,Intermediate,75,4.5,4,37,45.8,3,8.7,0,8,5.7,5,5,3,93.0,68.0,49.4,2,01-05-2024,Scholarship,No,No,2500,33,3,1,4.0,Not Completed,0,0,0,0,2,2,4,4
2068,STU102068,Vihaan Sharma,Male,26,PhD,Student,Mumbai,Laptop,Medium,C105,UI/UX Design Fundamentals,Design,Beginner,40,4.4,1,29,60.5,2,7.1,18,2,5.3,3,7,5,69.8,64.7,42.4,0,25-12-2023,NetBanking,Yes,No,3916,76,0,2,4.3,Not Completed,1,4,2,0,2,1,1,3
2069,STU102069,Nikhil Desai,Female,33,Bachelor,Student,Nagpur,Mobile,High,C102,Data Analysis with Python,Programming,Intermediate,60,4.7,6,42,40.1,2,4.3,5,3,6.5,5,4,5,92.7,72.5,47.6,2,25-05-2025,Free,No,Yes,0,94,1,1,3.8,Completed,0,0,2,1,0,2,4,2
2070,STU102070,Arjun Iyer,Male,30,Bachelor,Employed,Surat,Laptop,Medium,C102,Data Analysis with Python,Programming,Intermediate,60,4.7,4,41,49.8,2,4.6,3,3,5.5,4,6,9,73.5,57.7,44.3,1,21-12-2024,Debit Card,Yes,No,4619,76,1,0,4.2,Completed,1,0,0,0,2,2,4,1
2071,STU102071,Meera Nair,Female,33,Bachelor,Unemployed,Jaipur,Laptop,Medium,C103,Introduction to AI,Programming,Intermediate,75,4.5,4,44,40.1,3,1.4,1,7,6.9,4,6,5,76.0,53.2,40.7,3,21-06-2024,Debit Card,Yes,No,6052,80,5,0,4.8,Completed,0,0,3,0,2,2,4,1
2072,STU102072,Arjun Desai,Female,24,Master,Employed,Mumbai,Laptop,Medium,C101,Python Basics,Programming,Beginner,45,4.6,7,41,79.6,1,3.1,4,6,5.2,7,3,5,57.4,73.3,73.5,2,31-08-2024,Debit Card,Yes,No,4297,94,4,1,4.0,Not Completed,0,3,0,0,2,1,4,1
2073,STU102073,Nikhil Mehta,Male,29,Bachelor,Student,Surat,Laptop,Medium,C108,Excel for Business,Business,Beginner,25,4.1,4,37,20.8,4,0.5,4,2,6.0,7,2,7,68.5,74.2,53.0,3,17-10-2024,Debit Card,Yes,No,3071,32,0,1,4.7,Not Completed,1,0,2,0,2,1,0,1
2074,STU102074,Ananya Bhardwaj,Male,25,Bachelor,Student,Bhopal,Laptop,Medium,C104,Digital Marketing Essentials,Marketing,Beginner,30,4.3,1,36,42.5,1,0.5,13,1,8.0,4,5,3,50.3,90.1,43.4,2,14-03-2024,Scholarship,No,No,455,68,1,2,3.8,Completed,1,0,2,0,2,1,2,4
2075,STU102075,Arjun Reddy,Female,28,Bachelor,Student,Ahmedabad,Mobile,Medium,C105,UI/UX Design Fundamentals,Design,Beginner,40,4.4,2,38,70.4,3,12.7,6,4,5.3,6,4,3,59.1,43.8,62.8,3,10-08-2024,Free,No,No,0,50,0,1,5.0,Completed,0,0,2,1,2,1,1,2
2076,STU102076,Sneha Patel,Male,17,Bachelor,Employed,Surat,Mobile,Low,C105,UI/UX Design Fundamentals,Design,Beginner,40,4.4,3,22,56.3,2,2.9,25,6,8.2,5,5,4,46.1,19.6,50.7,2,10-09-2025,Credit Card,Yes,No,4177,60,2,2,4.7,Not Completed,1,0,0,1,1,1,1,0
2077,STU102077,Arjun Patel,Female,25,Master,Student,Pune,Mobile,High,C104,Digital Marketing Essentials,Marketing,Beginner,30,4.3,4,29,60.6,1,0.5,5,11,8.1,5,5,2,77.1,87.6,55.6,6,11-05-2025,Credit Card,Yes,No,3830,100,3,1,4.1,Completed,0,3,2,1,0,1,2,0
2078,STU102078,Vivaan Mehta,Male,25,Bachelor,Student,Hyderabad,Mobile,High,C102,Data Analysis with Python,Programming,Intermediate,60,4.7,3,30,87.5,5,7.8,12,9,7.4,7,3,4,73.6,88.6,77.0,1,09-05-2024,Scholarship,No,No,372,81,3,0,3.6,Completed,1,0,2,1,0,2,4,4
2079,STU102079,Krishna Desai,Other,33,PhD,Student,Delhi,Laptop,Medium,C103,Introduction to AI,Programming,Intermediate,75,4.5,4,36,70.4,1,0.5,8,12,9.2,5,5,5,58.3,71.2,58.2,1,30-08-2025,UPI,Yes,Yes,4412,70,4,1,4.3,Not Completed,2,4,2,0,2,2,4,5
2080,STU102080,Meera Nair,Female,30,Bachelor,Employed,Indore,Laptop,Medium,C108,Excel for Business,Business,Beginner,25,4.1,2,36,92.6,0,0.5,2,6,6.4,3,7,2,85.5,46.8,52.8,1,22-06-2025,UPI,Yes,Yes,2616,77,2,5,4.1,Completed,0,0,0,0,2,1,0,5
2081,STU102081,Pooja Shah,Male,32,Master,Student,Jaipur,Laptop,High,C104,Digital Marketing Essentials,Marketing,Beginner,30,4.3,3,20,71.8,2,0.5,3,2,7.8,6,4,2,88.1,47.0,63.5,1,24-09-2024,UPI,Yes,No,3338,52,2,2,2.4,Completed,1,3,2,0,0,1,2,5
2082,STU102082,Sakshi Kumar,Male,25,PhD,Employed,Chennai,Mobile,Medium,C103,Introduction to AI,Programming,Intermediate,75,4.5,2,41,43.2,3,2.0,2,4,8.7,5,5,1,65.3,58.4,48.0,1,01-02-2024,Free,No,No,0,32,0,3,3.4,Not Completed,1,4,0,1,2,2,4,2
2083,STU102083,Kavya Bose,Female,29,Bachelor,Employed,Vadodara,Laptop,Low,C108,Excel for Business,Business,Beginner,25,4.1,5,25,26.1,0,0.7,1,5,7.8,5,4,3,64.8,83.2,43.3,0,07-03-2025,NetBanking,Yes,No,3023,58,3,0,4.2,Completed,0,0,0,0,1,1,0,3
2084,STU102084,Rohan Bose,Male,34,Bachelor,Student,Mumbai,Mobile,Medium,C105,UI/UX Design Fundamentals,Design,Beginner,40,4.4,7,53,78.4,2,1.5,1,4,3.9,3,7,3,75.0,69.0,48.9,3,25-09-2025,UPI,Yes,No,4011,62,2,0,3.8,Not Completed,1,0,2,1,2,1,1,5
2085,STU102085,Rohan Reddy,Female,18,Bachelor,Student,Jaipur,Laptop,High,C102,Data Analysis with Python,Programming,Intermediate,60,4.7,7,44,63.9,8,7.5,1,10,6.1,4,6,5,78.2,93.4,51.0,3,20-02-2025,Credit Card,Yes,Yes,4055,68,4,1,4.6,Completed,0,0,2,0,0,2,4,0
2086,STU102086,Pooja Desai,Male,27,Bachelor,Student,Indore,Mobile,Medium,C103,Introduction to AI,Programming,Intermediate,75,4.5,4,24,52.2,3,2.2,6,12,2.9,4,6,3,63.7,45.2,44.5,3,29-11-2024,Free,No,Yes,0,92,0,1,4.4,Not Completed,1,0,2,1,2,2,4,2
2087,STU102087,Sai Shah,Female,18,Bachelor,Student,Mumbai,Mobile,High,C103,Introduction to AI,Programming,Intermediate,75,4.5,7,31,76.0,1,3.8,5,6,4.2,7,3,9,91.2,90.9,73.2,2,31-12-2023,Debit Card,Yes,Yes,4541,61,1,1,5.0,Not Completed,0,0,2,1,0,2,4,1
2088,STU102088,Sneha Patel,Male,18,Bachelor,Employed,Surat,Mobile,High,C101,Python Basics,Programming,Beginner,45,4.6,5,35,54.6,1,0.5,10,6,8.3,3,7,1,74.5,72.6,40.7,0,09-08-2024,Debit Card,Yes,No,4442,46,2,2,2.9,Completed,1,0,0,1,0,1,4,1
2089,STU102089,Kavya Singh,Female,25,Master,Student,Lucknow,Tablet,Medium,C105,UI/UX Design Fundamentals,Design,Beginner,40,4.4,2,41,80.6,5,0.5,2,7,4.5,4,6,2,55.9,67.3,55.6,2,19-10-2024,Debit Card,Yes,No,4309,76,3,1,4.7,Completed,0,3,2,2,2,1,1,1
2090,STU102090,Vivaan Patel,Male,40,Master,Employed,Pune,Mobile,Medium,C102,Data Analysis with Python,Programming,Intermediate,60,4.7,4,19,62.9,1,4.8,1,1,5.5,6,4,1,76.2,96.8,62.9,2,12-04-2024,Free,No,No,0,71,2,0,2.7,Not Completed,1,3,0,1,2,2,4,2
2091,STU102091,Rohan Bose,Male,33,Bachelor,Employed,Ahmedabad,Mobile,High,C106,Machine Learning A-Z,Programming,Advanced,90,4.6,5,51,88.9,2,4.4,2,5,5.6,2,8,5,96.5,71.8,46.7,1,28-09-2024,Free,No,No,0,50,4,1,5.0,Completed,1,0,0,1,0,0,4,2
2092,STU102092,Rahul Singh,Female,24,Master,Employed,Bengaluru,Laptop,Medium,C102,Data Analysis with Python,Programming,Intermediate,60,4.7,9,27,39.8,1,9.4,0,6,4.8,4,6,5,78.9,73.8,41.6,6,14-04-2024,Free,No,Yes,0,74,3,0,4.0,Not Completed,0,3,0,0,2,2,4,2
2093,STU102093,Neha Bose,Female,31,Bachelor,Employed,Delhi,Laptop,Medium,C101,Python Basics,Programming,Beginner,45,4.6,3,35,94.8,1,0.5,3,3,5.9,3,7,6,87.0,36.2,53.0,4,09-09-2025,Free,No,No,0,100,0,1,4.2,Not Completed,0,0,0,0,2,1,4,2
2094,STU102094,Arjun Mehta,Female,28,Bachelor,Student,Lucknow,Laptop,High,C107,Statistics for Data Science,Math,Intermediate,50,4.2,6,42,64.4,3,7.6,7,5,8.4,7,2,5,68.8,76.6,68.4,2,07-02-2024,Debit Card,Yes,No,4581,68,3,1,4.5,Completed,0,0,2,0,0,2,3,1
2095,STU102095,Pooja Bose,Male,23,Bachelor,Employed,Pune,Mobile,Medium,C102,Data Analysis with Python,Programming,Intermediate,60,4.7,1,41,63.6,2,5.5,0,5,4.8,5,5,3,65.5,46.8,54.6,2,18-06-2024,UPI,Yes,Yes,4595,68,2,0,5.0,Completed,1,0,0,1,2,2,4,5
2096,STU102096,Sneha Desai,Female,24,Diploma,Student,Hyderabad,Laptop,Low,C105,UI/UX Design Fundamentals,Design,Beginner,40,4.4,2,36,75.3,1,1.1,2,9,6.3,5,5,2,75.4,63.8,59.5,1,08-04-2025,Scholarship,No,Yes,1499,43,1,1,3.7,Completed,0,1,2,0,1,1,1,4
2097,STU102097,Sakshi Bose,Male,30,Bachelor,Employed,Chennai,Mobile,High,C108,Excel for Business,Business,Beginner,25,4.1,4,18,61.0,3,0.5,5,4,9.6,5,5,4,74.1,84.5,55.6,1,22-12-2023,Debit Card,Yes,No,3166,72,1,3,5.0,Completed,1,0,0,1,0,1,0,1
2098,STU102098,Vihaan Verma,Male,17,Bachelor,Employed,Bhopal,Laptop,Low,C108,Excel for Business,Business,Beginner,25,4.1,4,35,74.0,5,0.5,5,4,7.1,3,7,6,77.8,72.8,47.5,1,28-04-2024,Debit Card,Yes,No,2986,64,0,2,4.4,Not Completed,1,0,0,0,1,1,0,1
2099,STU102099,Krishna Gupta,Female,31,Master,Employed,Chennai,Laptop,Medium,C106,Machine Learning A-Z,Programming,Advanced,90,4.6,6,35,63.0,4,0.5,1,8,4.1,7,3,0,89.6,54.3,66.8,1,06-09-2024,UPI,Yes,Yes,5960,45,1,0,3.7,Not Completed,0,3,0,0,2,0,4,5
2100,STU102100,Sakshi Mehta,Male,27,HighSchool,Employed,Lucknow,Laptop,Medium,C102,Data Analysis with Python,Programming,Intermediate,60,4.7,5,29,75.4,4,0.5,4,7,6.3,8,1,4,81.6,97.7,79.3,2,03-12-2023,Debit Card,Yes,No,5194,47,8,0,3.3,Not Completed,1,2,0,0,2,2,4,1
2101,STU102101,Sakshi Bhardwaj,Male,32,Master,Student,Pune,Laptop,High,C107,Statistics for Data Science,Math,Intermediate,50,4.2,6,34,75.0,5,0.5,5,4,7.0,6,4,7,84.1,66.0,65.5,4,13-08-2024,Free,No,No,0,100,4,0,4.3,Completed,1,3,2,0,0,2,3,2
2102,STU102102,Arjun Joshi,Male,29,PhD,Employed,Pune,Tablet,Medium,C101,Python Basics,Programming,Beginner,45,4.6,4,33,50.1,2,7.5,17,2,6.7,5,5,3,85.2,100.0,52.5,2,29-07-2024,NetBanking,Yes,No,3996,73,1,0,3.6,Completed,1,4,0,2,2,1,4,3
2103,STU102103,Arjun Shah,Male,33,Bachelor,Employed,Surat,Mobile,High,C108,Excel for Business,Business,Beginner,25,4.1,2,17,77.8,3,0.5,11,3,9.4,7,3,6,58.9,78.0,73.1,3,28-02-2025,Credit Card,Yes,Yes,3011,76,2,0,4.0,Completed,1,0,0,1,0,1,0,0
2104,STU102104,Krishna Nair,Female,25,Bachelor,Employed,Delhi,Mobile,High,C107,Statistics for Data Science,Math,Intermediate,50,4.2,1,20,87.5,1,0.5,3,3,6.8,5,5,4,62.5,75.0,64.4,1,26-08-2025,UPI,Yes,No,4614,33,2,2,3.1,Completed,0,0,0,1,0,2,3,5
2105,STU102105,Sakshi Sharma,Female,26,HighSchool,Employed,Bengaluru,Laptop,Medium,C104,Digital Marketing Essentials,Marketing,Beginner,30,4.3,4,28,26.8,3,0.5,31,6,6.1,6,4,3,57.0,70.4,48.9,1,07-08-2025,Debit Card,Yes,No,3515,57,2,1,3.9,Not Completed,0,2,0,0,2,1,2,1
2106,STU102106,Ritika Joshi,Male,26,Bachelor,Student,Kolkata,Laptop,High,C104,Digital Marketing Essentials,Marketing,Beginner,30,4.3,2,40,45.8,1,0.5,0,6,6.8,3,7,1,84.8,61.8,37.1,5,17-04-2024,NetBanking,Yes,No,3684,81,1,0,3.3,Completed,1,0,2,0,0,1,2,3
2107,STU102107,Pooja Nair,Male,28,PhD,Student,Hyderabad,Laptop,Medium,C104,Digital Marketing Essentials,Marketing,Beginner,30,4.3,5,22,87.0,2,4.8,0,5,6.2,7,3,5,82.0,59.2,75.4,0,22-02-2025,Free,No,No,0,82,3,1,4.0,Completed,1,4,2,0,2,1,2,2
2108,STU102108,Meera Reddy,Other,27,Bachelor,Employed,Ahmedabad,Mobile,Medium,C105,UI/UX Design Fundamentals,Design,Beginner,40,4.4,4,36,44.3,0,0.7,9,5,6.6,5,5,1,97.9,20.3,46.5,1,31-07-2025,Credit Card,Yes,No,3922,89,3,1,4.1,Completed,2,0,0,1,2,1,1,0
2109,STU102109,Nikhil Iyer,Male,21,Bachelor,Student,Mumbai,Mobile,High,C102,Data Analysis with Python,Programming,Intermediate,60,4.7,5,23,17.6,3,4.8,24,8,6.4,6,4,6,65.5,89.6,46.6,1,11-05-2024,UPI,Yes,Yes,4221,100,2,2,5.0,Completed,1,0,2,1,0,2,4,5
2110,STU102110,Kavya Shah,Female,32,Bachelor,Student,Pune,Mobile,Medium,C103,Introduction to AI,Programming,Intermediate,75,4.5,4,41,49.0,4,1.8,2,3,8.9,7,3,2,84.6,73.1,62.8,2,25-08-2024,Free,No,No,0,100,5,2,4.7,Completed,0,0,2,1,2,2,4,2
2111,STU102111,Isha Bose,Male,29,Master,Student,Chennai,Tablet,High,C104,Digital Marketing Essentials,Marketing,Beginner,30,4.3,5,30,61.9,3,14.2,2,9,5.6,6,4,8,76.4,95.6,62.4,3,03-11-2024,Scholarship,No,No,1466,94,2,0,3.5,Not Completed,1,3,2,2,0,1,2,4
2112,STU102112,Neha Gupta,Female,24,Master,Student,Delhi,Tablet,High,C101,Python Basics,Programming,Beginner,45,4.6,3,34,90.0,6,1.9,0,8,9.4,7,3,6,58.5,99.8,78.5,2,11-01-2024,UPI,Yes,No,4145,89,1,0,3.5,Completed,0,3,2,2,0,1,4,5
2113,STU102113,Ananya Reddy,Female,25,Diploma,Student,Surat,Mobile,Low,C103,Introduction to AI,Programming,Intermediate,75,4.5,6,28,86.0,2,1.2,5,5,6.1,4,6,2,71.6,77.5,58.0,4,05-06-2025,Free,No,No,0,62,0,0,4.6,Completed,0,1,2,1,1,2,4,2
2114,STU102114,Vivaan Reddy,Female,27,Master,Student,Surat,Mobile,Medium,C105,UI/UX Design Fundamentals,Design,Beginner,40,4.4,10,50,23.9,6,0.5,2,9,7.6,6,4,3,91.5,78.0,48.3,0,26-12-2024,UPI,Yes,No,3612,95,3,0,5.0,Not Completed,0,3,2,1,2,1,1,5
2115,STU102115,Kavya Reddy,Female,23,Diploma,Employed,Chennai,Mobile,Low,C103,Introduction to AI,Programming,Intermediate,75,4.5,5,37,12.1,4,7.7,21,9,8.4,4,6,5,79.3,75.2,32.0,0,09-03-2025,Free,No,Yes,0,68,3,1,2.9,Not Completed,0,1,0,1,1,2,4,2
2116,STU102116,Pooja Kumar,Female,30,Bachelor,Unemployed,Chennai,Mobile,Low,C101,Python Basics,Programming,Beginner,45,4.6,7,39,50.5,3,12.2,0,5,5.3,3,7,1,69.6,62.9,38.8,0,11-01-2025,UPI,Yes,Yes,3660,66,4,1,3.4,Completed,0,0,3,1,1,1,4,5
2117,STU102117,Rohan Kumar,Female,26,Bachelor,Unemployed,Lucknow,Laptop,High,C101,Python Basics,Programming,Beginner,45,4.6,6,35,50.4,1,2.8,6,9,8.9,4,6,5,78.5,79.0,45.6,0,09-01-2024,Free,No,No,0,68,2,1,3.5,Not Completed,0,0,3,0,0,1,4,2
2118,STU102118,Ananya Shah,Female,20,PhD,Employed,Surat,Mobile,High,C104,Digital Marketing Essentials,Marketing,Beginner,30,4.3,4,35,87.4,1,2.4,11,6,6.8,3,7,7,87.2,99.4,53.6,3,06-08-2025,NetBanking,Yes,No,3431,15,2,0,4.8,Completed,0,4,0,1,0,1,2,3
2119,STU102119,Aditya Desai,Male,24,Master,Employed,Ahmedabad,Mobile,Medium,C108,Excel for Business,Business,Beginner,25,4.1,6,32,54.8,4,0.5,4,2,4.9,5,5,1,84.4,45.2,51.4,1,25-01-2024,UPI,Yes,No,3398,92,3,1,3.9,Completed,1,3,0,1,2,1,0,5
2120,STU102120,Vihaan Sharma,Male,28,Master,Student,Hyderabad,Tablet,Low,C101,Python Basics,Programming,Beginner,45,4.6,3,32,84.5,1,0.5,2,6,7.9,6,4,6,88.6,53.2,68.2,3,09-05-2024,Free,No,No,0,100,2,1,4.2,Not Completed,1,3,2,2,1,1,4,2
2121,STU102121,Pooja Singh,Female,38,Bachelor,Student,Lucknow,Mobile,Medium,C103,Introduction to AI,Programming,Intermediate,75,4.5,5,50,80.0,1,5.0,4,7,6.6,4,6,3,72.6,69.8,55.5,1,21-08-2024,UPI,Yes,Yes,4477,79,2,1,2.9,Completed,0,0,2,1,2,2,4,5
2122,STU102122,Neha Singh,Male,27,Bachelor,Student,Indore,Mobile,Medium,C105,UI/UX Design Fundamentals,Design,Beginner,40,4.4,6,47,40.3,5,5.1,1,14,7.7,7,3,7,88.8,83.2,60.3,6,06-03-2024,Credit Card,Yes,No,4240,74,8,1,4.9,Completed,1,0,2,1,2,1,1,0
2123,STU102123,Rahul Bose,Male,29,Bachelor,Student,Ahmedabad,Mobile,Medium,C101,Python Basics,Programming,Beginner,45,4.6,1,36,70.9,1,0.5,8,3,8.1,5,5,5,51.3,56.4,57.6,1,18-08-2024,UPI,Yes,Yes,3642,100,3,2,4.6,Completed,1,0,2,1,2,1,4,5
2124,STU102124,Ananya Shah,Male,23,Bachelor,Student,Hyderabad,Laptop,High,C107,Statistics for Data Science,Math,Intermediate,50,4.2,7,28,62.4,2,8.3,4,5,6.4,6,3,2,64.9,72.9,61.5,5,03-12-2024,UPI,Yes,Yes,3534,48,0,0,2.9,Not Completed,1,0,2,0,0,2,3,5
2125,STU102125,Priya Shah,Male,22,Bachelor,Student,Jaipur,Laptop,Medium,C106,Machine Learning A-Z,Programming,Advanced,90,4.6,5,17,92.2,4,4.2,3,8,6.6,3,6,4,85.0,78.6,54.2,1,29-10-2023,UPI,Yes,No,5878,72,1,0,5.0,Not Completed,1,0,2,0,2,0,4,5
2126,STU102126,Meera Iyer,Male,24,HighSchool,Employed,Surat,Mobile,Low,C108,Excel for Business,Business,Beginner,25,4.1,6,19,45.2,4,0.5,1,3,4.3,4,6,2,63.6,59.2,42.8,2,17-03-2024,Scholarship,No,No,302,72,0,0,3.5,Not Completed,1,2,0,1,1,1,0,4
2127,STU102127,Priya Singh,Male,34,Bachelor,Student,Pune,Mobile,High,C106,Machine Learning A-Z,Programming,Advanced,90,4.6,4,24,55.5,2,0.5,5,5,8.0,4,6,3,85.3,63.5,46.6,1,18-05-2024,Free,No,Yes,0,80,5,0,4.1,Not Completed,1,0,2,1,0,0,4,2
2128,STU102128,Meera Singh,Male,32,Bachelor,Employed,Surat,Laptop,High,C105,UI/UX Design Fundamentals,Design,Beginner,40,4.4,3,42,85.8,4,0.5,4,4,4.0,5,5,4,74.3,73.5,63.7,2,04-05-2025,Credit Card,Yes,Yes,3275,70,2,0,3.2,Completed,1,0,0,0,0,1,1,0
2129,STU102129,Kavya Nair,Female,23,Master,Student,Nagpur,Mobile,Medium,C104,Digital Marketing Essentials,Marketing,Beginner,30,4.3,5,23,54.5,0,3.6,19,5,5.5,5,5,1,68.5,66.2,52.4,2,12-01-2024,UPI,Yes,No,3296,61,3,1,4.1,Completed,0,3,2,1,2,1,2,5
2130,STU102130,Pooja Shah,Male,20,Bachelor,Employed,Pune,Mobile,Medium,C103,Introduction to AI,Programming,Intermediate,75,4.5,6,24,65.1,2,2.0,7,6,7.2,2,8,0,60.9,55.6,37.6,2,30-09-2025,Debit Card,Yes,No,5580,47,1,0,3.2,Not Completed,1,0,0,1,2,2,4,1
2131,STU102131,Isha Singh,Female,29,Master,Student,Kolkata,Laptop,High,C103,Introduction to AI,Programming,Intermediate,75,4.5,6,43,61.4,6,6.4,2,7,6.2,7,3,2,95.4,67.6,66.9,5,10-05-2025,Free,No,Yes,0,36,4,0,4.8,Completed,0,3,2,0,0,2,4,2
2132,STU102132,Aarav Joshi,Female,22,HighSchool,Employed,Bengaluru,Mobile,High,C105,UI/UX Design Fundamentals,Design,Beginner,40,4.4,5,51,45.0,1,6.2,0,5,6.4,1,9,6,99.9,67.5,25.1,0,25-02-2024,Scholarship,No,No,1701,78,0,1,3.3,Completed,0,2,0,1,0,1,1,4
2133,STU102133,Ananya Nair,Male,30,Bachelor,Student,Mumbai,Laptop,Medium,C104,Digital Marketing Essentials,Marketing,Beginner,30,4.3,6,45,69.3,2,2.0,19,4,6.7,3,7,1,89.6,52.3,44.9,3,21-08-2025,Free,No,Yes,0,81,4,1,4.5,Not Completed,1,0,2,0,2,1,2,2
2134,STU102134,Sneha Joshi,Male,20,Diploma,Employed,Pune,Mobile,High,C103,Introduction to AI,Programming,Intermediate,75,4.5,4,44,63.0,2,3.6,6,7,8.8,5,5,4,58.7,58.2,55.0,4,18-09-2025,UPI,Yes,No,5308,54,2,1,3.3,Not Completed,1,1,0,1,0,2,4,5
2135,STU102135,Priya Desai,Male,17,Bachelor,Self-Employed,Vadodara,Mobile,High,C106,Machine Learning A-Z,Programming,Advanced,90,4.6,7,44,48.3,1,7.4,2,9,9.5,4,6,3,50.4,28.9,42.4,5,18-08-2024,Debit Card,Yes,No,6750,98,2,0,3.5,Not Completed,1,0,1,1,0,0,4,1
2136,STU102136,Pooja Bhardwaj,Male,38,Bachelor,Student,Mumbai,Mobile,Medium,C104,Digital Marketing Essentials,Marketing,Beginner,30,4.3,10,61,91.2,4,10.5,6,6,6.0,3,7,9,74.3,81.1,54.0,1,18-11-2023,Credit Card,Yes,No,3711,79,3,0,4.4,Not Completed,1,0,2,1,2,1,2,0
2137,STU102137,Arjun Verma,Male,17,Bachelor,Student,Hyderabad,Laptop,High,C104,Digital Marketing Essentials,Marketing,Beginner,30,4.3,5,52,86.4,3,2.4,5,6,7.4,9,1,6,99.3,86.0,88.5,3,25-06-2025,UPI,Yes,No,3202,84,6,0,4.4,Completed,1,0,2,0,0,1,2,5
2138,STU102138,Sakshi Bhardwaj,Male,25,HighSchool,Employed,Nagpur,Laptop,Medium,C103,Introduction to AI,Programming,Intermediate,75,4.5,6,58,80.6,5,5.6,8,6,4.7,2,7,4,63.1,93.0,44.9,2,10-11-2024,Credit Card,Yes,No,5226,74,3,0,4.1,Not Completed,1,2,0,0,2,2,4,0
2139,STU102139,Krishna Mehta,Female,19,Bachelor,Employed,Delhi,Mobile,High,C104,Digital Marketing Essentials,Marketing,Beginner,30,4.3,5,32,75.3,3,11.5,3,8,7.5,7,3,2,72.5,58.8,71.3,6,26-04-2024,Free,No,No,0,87,4,0,3.4,Completed,0,0,0,1,0,1,2,2
2140,STU102140,Meera Sharma,Female,20,Bachelor,Employed,Hyderabad,Laptop,High,C104,Digital Marketing Essentials,Marketing,Beginner,30,4.3,4,43,92.9,2,2.6,0,4,5.5,6,4,3,66.7,26.4,69.8,1,21-01-2025,Free,No,No,0,44,1,0,4.1,Completed,0,0,0,0,0,1,2,2
2141,STU102141,Ananya Sharma,Male,29,Bachelor,Unemployed,Bengaluru,Laptop,Medium,C101,Python Basics,Programming,Beginner,45,4.6,7,38,86.1,2,8.2,4,3,5.8,5,5,2,63.9,67.0,63.5,3,05-05-2025,UPI,Yes,Yes,3711,59,4,1,3.4,Completed,1,0,3,0,2,1,4,5
2142,STU102142,Sai Patel,Female,29,Master,Employed,Nagpur,Mobile,High,C106,Machine Learning A-Z,Programming,Advanced,90,4.6,4,20,34.7,2,0.7,4,4,7.4,6,4,6,62.3,79.3,52.1,0,28-02-2025,NetBanking,Yes,Yes,5498,56,2,1,3.3,Completed,0,3,0,1,0,0,4,3
2143,STU102143,Aarav Verma,Male,27,Diploma,Student,Pune,Mobile,Low,C101,Python Basics,Programming,Beginner,45,4.6,3,26,42.3,3,3.1,6,1,9.5,4,5,6,68.0,76.5,42.6,3,15-11-2024,Free,No,No,0,100,1,1,3.6,Not Completed,1,1,2,1,1,1,4,2
2144,STU102144,Ananya Singh,Female,19,Master,Student,Pune,Mobile,High,C102,Data Analysis with Python,Programming,Intermediate,60,4.7,4,49,38.8,3,9.6,3,2,7.1,5,5,3,71.9,54.6,46.3,2,05-04-2025,UPI,Yes,No,4793,100,3,1,5.0,Completed,0,3,2,1,0,2,4,5
2145,STU102145,Aditya Reddy,Male,17,Bachelor,Student,Mumbai,Laptop,Medium,C103,Introduction to AI,Programming,Intermediate,75,4.5,6,37,56.2,2,5.5,0,8,6.2,5,5,4,93.4,70.5,53.2,2,28-10-2023,Free,No,No,0,22,5,0,3.7,Not Completed,1,0,2,0,2,2,4,2
2146,STU102146,Sai Joshi,Female,27,HighSchool,Student,Nagpur,Mobile,Medium,C108,Excel for Business,Business,Beginner,25,4.1,3,28,61.6,5,0.5,4,6,6.2,7,3,1,82.9,63.3,66.7,1,20-11-2024,Debit Card,Yes,No,3255,68,1,3,3.9,Completed,0,2,2,1,2,1,0,1
2147,STU102147,Sai Sharma,Female,33,Bachelor,Student,Bengaluru,Laptop,Low,C104,Digital Marketing Essentials,Marketing,Beginner,30,4.3,4,28,73.3,5,5.8,23,4,6.2,5,5,4,78.2,77.7,59.5,3,17-02-2025,UPI,Yes,No,3458,99,3,0,3.7,Completed,0,0,2,0,1,1,2,5
2148,STU102148,Aditya Mehta,Female,21,Master,Employed,Bhopal,Mobile,Low,C107,Statistics for Data Science,Math,Intermediate,50,4.2,3,38,42.5,0,1.4,6,1,7.6,3,7,0,88.6,65.8,36.2,2,27-02-2024,Free,No,No,0,41,1,2,4.9,Not Completed,0,3,0,1,1,2,3,2
2149,STU102149,Krishna Kumar,Female,17,Diploma,Self-Employed,Chennai,Mobile,Low,C107,Statistics for Data Science,Math,Intermediate,50,4.2,6,36,62.2,2,6.3,2,4,3.9,2,8,7,74.4,83.1,37.9,1,27-08-2025,Debit Card,Yes,No,4571,65,3,0,4.9,Completed,0,1,1,1,1,2,3,1
2150,STU102150,Meera Verma,Male,22,HighSchool,Employed,Jaipur,Laptop,High,C104,Digital Marketing Essentials,Marketing,Beginner,30,4.3,2,20,63.7,4,3.7,1,2,7.4,4,6,1,70.1,69.5,49.8,4,29-08-2024,Credit Card,Yes,No,3777,64,3,1,4.1,Completed,1,2,0,0,0,1,2,0
2151,STU102151,Nikhil Singh,Female,21,Bachelor,Student,Surat,Mobile,Low,C106,Machine Learning A-Z,Programming,Advanced,90,4.6,6,35,81.1,4,11.4,3,6,9.3,6,4,4,68.9,75.0,68.2,2,28-01-2025,Credit Card,Yes,No,5939,81,3,1,2.9,Completed,0,0,2,1,1,0,4,0
2152,STU102152,Neha Singh,Female,29,Bachelor,Employed,Mumbai,Laptop,Low,C108,Excel for Business,Business,Beginner,25,4.1,5,38,67.4,2,3.9,10,10,10.0,5,5,2,71.8,55.4,56.3,1,15-01-2025,Free,No,No,0,91,1,0,4.3,Completed,0,0,0,0,1,1,0,2
2153,STU102153,Aditya Shah,Male,19,Bachelor,Self-Employed,Chennai,Mobile,Medium,C105,UI/UX Design Fundamentals,Design,Beginner,40,4.4,3,20,67.0,1,2.1,2,2,1.5,2,8,2,68.5,39.2,37.4,1,25-06-2024,UPI,Yes,Yes,3397,40,2,1,4.6,Not Completed,1,0,1,1,2,1,1,5
2154,STU102154,Ritika Joshi,Male,17,Diploma,Student,Bhopal,Mobile,High,C104,Digital Marketing Essentials,Marketing,Beginner,30,4.3,3,37,85.1,2,0.5,9,6,6.8,7,3,3,89.2,75.2,75.6,2,02-03-2025,Credit Card,Yes,No,3334,53,5,1,3.7,Completed,1,1,2,1,0,1,2,0
2155,STU102155,Kavya Reddy,Male,22,Bachelor,Employed,Jaipur,Mobile,High,C101,Python Basics,Programming,Beginner,45,4.6,7,20,92.3,2,4.5,2,6,7.0,5,5,2,69.2,54.3,65.0,0,18-01-2024,Credit Card,Yes,No,4007,37,3,0,4.7,Completed,1,0,0,1,0,1,4,0
2156,STU102156,Ananya Iyer,Female,20,Master,Unemployed,Bhopal,Mobile,Low,C108,Excel for Business,Business,Beginner,25,4.1,3,15,39.7,4,0.5,0,6,6.6,3,7,6,73.4,67.1,35.3,4,06-10-2024,Credit Card,Yes,No,2969,80,5,0,3.0,Completed,0,3,3,1,1,1,0,0
2157,STU102157,Ananya Mehta,Male,29,Bachelor,Employed,Jaipur,Mobile,Medium,C107,Statistics for Data Science,Math,Intermediate,50,4.2,5,25,65.9,1,11.6,8,5,9.2,2,8,4,65.3,55.3,37.8,2,13-04-2024,UPI,Yes,No,4910,40,1,1,3.3,Completed,1,0,0,1,2,2,3,5
2158,STU102158,Isha Singh,Female,22,Bachelor,Student,Bengaluru,Laptop,High,C108,Excel for Business,Business,Beginner,25,4.1,5,38,39.4,0,4.7,0,1,8.2,4,6,7,94.5,60.0,40.8,5,01-01-2025,UPI,Yes,No,3329,67,3,1,4.8,Completed,0,0,2,0,0,1,0,5
2159,STU102159,Kavya Mehta,Male,33,Master,Employed,Bhopal,Mobile,Medium,C105,UI/UX Design Fundamentals,Design,Beginner,40,4.4,5,32,77.8,3,9.3,10,6,7.1,4,5,0,83.7,40.9,53.3,1,01-10-2025,UPI,Yes,No,3659,71,1,2,4.9,Completed,1,3,0,1,2,1,1,5
2160,STU102160,Nikhil Sharma,Male,25,HighSchool,Student,Chennai,Laptop,Medium,C106,Machine Learning A-Z,Programming,Advanced,90,4.6,5,41,72.3,1,0.5,0,5,7.7,6,4,2,86.8,96.3,66.1,2,30-11-2023,UPI,Yes,No,6897,48,5,3,4.5,Completed,1,2,2,0,2,0,4,5
2161,STU102161,Rohan Bose,Other,28,Bachelor,Employed,Nagpur,Mobile,Medium,C101,Python Basics,Programming,Beginner,45,4.6,6,38,65.1,1,4.3,16,5,4.4,4,6,3,66.0,65.8,50.1,2,21-07-2025,Free,No,No,0,66,1,0,4.2,Not Completed,2,0,0,1,2,1,4,2
2162,STU102162,Rahul Kumar,Male,33,Bachelor,Employed,Lucknow,Mobile,Medium,C108,Excel for Business,Business,Beginner,25,4.1,5,25,59.5,4,0.5,27,6,4.2,5,5,4,94.1,87.2,55.2,2,30-09-2025,Debit Card,Yes,No,3083,77,1,1,4.0,Not Completed,1,0,0,1,2,1,0,1
2163,STU102163,Krishna Bose,Female,17,Bachelor,Employed,Kolkata,Mobile,Medium,C103,Introduction to AI,Programming,Intermediate,75,4.5,3,43,74.8,1,0.5,1,7,7.8,3,6,3,88.3,66.8,47.5,1,05-05-2025,NetBanking,Yes,No,5454,75,3,0,4.7,Completed,0,0,0,1,2,2,4,3
2164,STU102164,Vihaan Joshi,Female,25,Master,Student,Delhi,Mobile,High,C106,Machine Learning A-Z,Programming,Advanced,90,4.6,4,21,63.2,3,0.5,4,1,7.3,6,4,7,56.5,87.5,62.5,4,16-03-2025,Credit Card,Yes,Yes,5325,78,5,0,4.7,Not Completed,0,3,2,1,0,0,4,0
2165,STU102165,Pooja Mehta,Male,32,Bachelor,Student,Kolkata,Laptop,Medium,C101,Python Basics,Programming,Beginner,45,4.6,7,21,23.1,3,10.9,1,5,7.6,6,4,5,82.2,70.9,47.6,5,16-05-2024,NetBanking,Yes,No,3989,61,2,0,5.0,Not Completed,1,0,2,0,2,1,4,3
2166,STU102166,Ritika Patel,Female,33,Bachelor,Student,Kolkata,Laptop,High,C101,Python Basics,Programming,Beginner,45,4.6,2,46,57.6,4,2.4,9,4,6.3,6,4,4,68.5,53.1,58.8,2,01-08-2025,Scholarship,No,No,223,55,5,1,2.7,Not Completed,0,0,2,0,0,1,4,4
2167,STU102167,Kavya Mehta,Female,23,Bachelor,Student,Hyderabad,Mobile,Medium,C106,Machine Learning A-Z,Programming,Advanced,90,4.6,1,35,51.3,2,0.5,1,7,2.3,3,6,4,62.6,73.9,39.6,2,03-05-2024,UPI,Yes,No,6621,24,6,0,4.3,Not Completed,0,0,2,1,2,0,4,5
2168,STU102168,Priya Patel,Male,28,Bachelor,Employed,Mumbai,Mobile,High,C102,Data Analysis with Python,Programming,Intermediate,60,4.7,3,21,60.6,5,0.5,4,7,5.4,6,3,4,72.7,65.3,60.5,6,04-03-2024,Debit Card,Yes,No,5025,63,3,0,4.4,Completed,1,0,0,1,0,2,4,1
2169,STU102169,Pooja Iyer,Male,24,Bachelor,Employed,Indore,Laptop,Medium,C104,Digital Marketing Essentials,Marketing,Beginner,30,4.3,2,29,67.9,1,0.5,12,8,8.2,6,4,3,65.2,26.8,61.1,1,31-01-2025,UPI,Yes,No,3187,47,2,2,3.5,Completed,1,0,0,0,2,1,2,5
2170,STU102170,Aditya Sharma,Female,31,Bachelor,Student,Surat,Mobile,High,C105,UI/UX Design Fundamentals,Design,Beginner,40,4.4,4,30,69.1,2,4.7,14,5,0.0,2,7,5,77.1,65.2,39.4,1,07-01-2025,Debit Card,Yes,No,3927,67,3,2,5.0,Not Completed,0,0,2,1,0,1,1,1
2171,STU102171,Arjun Reddy,Female,17,Master,Student,Nagpur,Mobile,Low,C102,Data Analysis with Python,Programming,Intermediate,60,4.7,4,39,61.1,3,0.5,1,5,6.5,5,5,4,68.7,63.1,54.5,0,30-03-2024,UPI,Yes,No,5347,84,1,0,3.3,Completed,0,3,2,1,1,2,4,5
2172,STU102172,Sai Shah,Female,23,PhD,Employed,Mumbai,Laptop,Medium,C105,UI/UX Design Fundamentals,Design,Beginner,40,4.4,7,42,55.4,1,7.7,5,8,5.3,6,4,2,81.6,52.4,58.0,3,15-04-2024,UPI,Yes,Yes,3367,72,5,1,4.5,Not Completed,0,4,0,0,2,1,1,5
2173,STU102173,Ananya Sharma,Male,23,Bachelor,Employed,Surat,Laptop,Medium,C106,Machine Learning A-Z,Programming,Advanced,90,4.6,4,26,31.4,0,0.5,8,6,4.6,3,7,3,78.6,86.7,33.3,2,06-04-2024,UPI,Yes,Yes,5622,86,2,0,2.8,Not Completed,1,0,0,0,2,0,4,5
2174,STU102174,Aditya Iyer,Female,17,Bachelor,Student,Vadodara,Laptop,High,C101,Python Basics,Programming,Beginner,45,4.6,5,37,15.7,3,2.8,15,9,5.8,7,3,2,84.1,51.2,50.0,0,22-07-2024,Debit Card,Yes,No,4450,70,2,1,4.8,Not Completed,0,0,2,0,0,1,4,1
2175,STU102175,Arjun Reddy,Male,20,HighSchool,Student,Hyderabad,Laptop,Medium,C102,Data Analysis with Python,Programming,Intermediate,60,4.7,6,42,94.1,7,4.0,2,3,6.6,5,5,4,71.7,80.9,67.0,6,21-11-2023,UPI,Yes,No,5391,58,2,0,4.0,Completed,1,2,2,0,2,2,4,5
2176,STU102176,Rahul Singh,Female,24,Diploma,Student,Kolkata,Tablet,Medium,C106,Machine Learning A-Z,Programming,Advanced,90,4.6,4,47,82.9,4,1.6,1,9,7.0,1,9,5,82.7,57.7,37.9,3,28-07-2025,UPI,Yes,No,7038,63,2,1,3.1,Completed,0,1,2,2,2,0,4,5
2177,STU102177,Ritika Iyer,Male,20,HighSchool,Employed,Lucknow,Mobile,Medium,C106,Machine Learning A-Z,Programming,Advanced,90,4.6,6,32,44.8,3,0.5,18,5,5.0,2,8,2,76.0,68.0,31.1,1,30-01-2024,NetBanking,Yes,No,6798,100,0,0,3.4,Not Completed,1,2,0,1,2,0,4,3
2178,STU102178,Priya Nair,Male,17,Bachelor,Student,Ahmedabad,Mobile,Medium,C103,Introduction to AI,Programming,Intermediate,75,4.5,1,37,76.6,1,5.6,15,3,5.8,4,6,4,72.9,58.0,53.7,3,20-06-2025,Credit Card,Yes,No,5180,76,1,1,3.9,Not Completed,1,0,2,1,2,2,4,0
2179,STU102179,Aarav Patel,Male,34,Diploma,Student,Vadodara,Mobile,Medium,C103,Introduction to AI,Programming,Intermediate,75,4.5,5,36,71.2,1,0.5,1,3,5.1,5,5,5,76.0,54.4,57.7,2,10-05-2024,Scholarship,No,No,863,52,2,1,4.0,Completed,1,1,2,1,2,2,4,4
2180,STU102180,Rohan Joshi,Female,17,Bachelor,Employed,Bhopal,Mobile,High,C102,Data Analysis with Python,Programming,Intermediate,60,4.7,3,35,56.6,2,4.6,0,5,3.4,3,7,3,91.5,46.8,40.2,3,18-01-2024,Debit Card,Yes,No,5165,96,4,2,4.3,Not Completed,0,0,0,1,0,2,4,1
2181,STU102181,Aarav Mehta,Female,27,HighSchool,Employed,Mumbai,Mobile,Medium,C108,Excel for Business,Business,Beginner,25,4.1,4,29,61.4,5,0.5,2,8,5.6,5,5,1,70.7,74.7,55.2,1,26-09-2024,Scholarship,No,No,434,72,7,0,4.5,Not Completed,0,2,0,1,2,1,0,4
2182,STU102182,Krishna Iyer,Female,26,Bachelor,Student,Lucknow,Laptop,High,C101,Python Basics,Programming,Beginner,45,4.6,6,14,50.2,4,0.5,1,2,6.8,7,3,1,68.1,62.1,62.7,4,23-01-2024,Scholarship,No,No,1126,78,2,1,4.0,Completed,0,0,2,0,0,1,4,4
2183,STU102183,Sai Nair,Male,25,Master,Employed,Bengaluru,Laptop,Low,C101,Python Basics,Programming,Beginner,45,4.6,3,34,40.3,1,4.8,6,3,4.2,5,5,5,89.0,53.1,46.8,1,24-03-2025,Free,No,No,0,76,2,2,3.2,Completed,1,3,0,0,1,1,4,2
2184,STU102184,Vihaan Shah,Female,17,Bachelor,Student,Hyderabad,Mobile,High,C102,Data Analysis with Python,Programming,Intermediate,60,4.7,6,17,50.4,2,8.6,6,6,10.0,5,5,5,74.8,65.1,50.9,4,19-07-2025,Debit Card,Yes,No,5499,62,3,2,5.0,Completed,0,0,2,1,0,2,4,1
2185,STU102185,Krishna Bhardwaj,Female,17,Master,Student,Pune,Laptop,Low,C108,Excel for Business,Business,Beginner,25,4.1,3,28,48.3,3,4.5,8,7,2.5,6,4,3,79.1,93.1,57.6,5,24-11-2024,Free,No,No,0,77,2,3,4.1,Not Completed,0,3,2,0,1,1,0,2
2186,STU102186,Isha Sharma,Female,26,Bachelor,Student,Pune,Laptop,Medium,C102,Data Analysis with Python,Programming,Intermediate,60,4.7,3,45,56.5,1,4.3,9,1,5.0,3,7,0,57.1,70.4,41.3,4,16-10-2024,Debit Card,Yes,No,4886,54,2,0,5.0,Not Completed,0,0,2,0,2,2,4,1
2187,STU102187,Pooja Verma,Female,17,Bachelor,Student,Mumbai,Mobile,Medium,C103,Introduction to AI,Programming,Intermediate,75,4.5,6,50,41.3,4,0.5,0,3,6.8,4,6,2,87.9,83.4,42.6,1,04-09-2024,Debit Card,Yes,No,5427,100,4,0,4.3,Completed,0,0,2,1,2,2,4,1
2188,STU102188,Aarav Mehta,Female,27,Diploma,Student,Pune,Laptop,High,C104,Digital Marketing Essentials,Marketing,Beginner,30,4.3,5,25,77.8,0,0.5,0,5,7.1,6,4,5,47.4,73.5,66.9,1,23-12-2023,Free,No,No,0,71,1,0,4.0,Completed,0,1,2,0,0,1,2,2
2189,STU102189,Neha Iyer,Female,17,HighSchool,Student,Jaipur,Mobile,High,C103,Introduction to AI,Programming,Intermediate,75,4.5,9,33,61.5,2,4.5,0,8,7.5,4,6,7,51.7,71.9,49.1,1,24-12-2023,Debit Card,Yes,No,5179,57,3,1,4.8,Not Completed,0,2,2,1,0,2,4,1
2190,STU102190,Krishna Mehta,Female,26,Bachelor,Student,Ahmedabad,Tablet,Medium,C106,Machine Learning A-Z,Programming,Advanced,90,4.6,4,55,87.5,2,13.1,7,2,9.7,5,5,4,66.9,58.3,63.5,4,11-03-2025,UPI,Yes,No,6529,96,5,0,4.4,Completed,0,0,2,2,2,0,4,5
2191,STU102191,Vihaan Nair,Male,18,Bachelor,Unemployed,Surat,Laptop,High,C107,Statistics for Data Science,Math,Intermediate,50,4.2,8,29,43.8,2,3.9,2,5,6.0,5,5,4,69.6,64.1,48.5,4,21-05-2025,NetBanking,Yes,No,4648,71,1,2,5.0,Not Completed,1,0,3,0,0,2,3,3
2192,STU102192,Sai Kumar,Male,20,Bachelor,Employed,Delhi,Laptop,Medium,C105,UI/UX Design Fundamentals,Design,Beginner,40,4.4,2,38,74.0,2,0.5,3,2,4.7,4,6,1,57.4,82.6,54.0,4,24-07-2025,UPI,Yes,No,4027,80,0,2,2.0,Completed,1,0,0,0,2,1,1,5
2193,STU102193,Priya Iyer,Male,20,Bachelor,Student,Bhopal,Mobile,High,C108,Excel for Business,Business,Beginner,25,4.1,4,33,81.6,3,1.1,3,7,4.4,5,5,1,77.5,62.5,61.7,0,26-09-2025,Credit Card,Yes,No,3438,59,3,0,3.5,Not Completed,1,0,2,1,0,1,0,0
2194,STU102194,Arjun Joshi,Male,34,Bachelor,Student,Bengaluru,Laptop,Medium,C105,UI/UX Design Fundamentals,Design,Beginner,40,4.4,4,32,65.2,2,0.5,2,4,6.3,4,6,1,52.2,38.3,48.7,2,20-09-2025,Free,No,No,0,69,3,2,4.8,Not Completed,1,0,2,0,2,1,1,2
2195,STU102195,Pooja Shah,Female,23,Bachelor,Employed,Lucknow,Laptop,Medium,C104,Digital Marketing Essentials,Marketing,Beginner,30,4.3,4,39,47.8,4,0.5,6,4,5.8,5,5,2,67.3,62.6,49.9,4,24-09-2024,NetBanking,Yes,No,3782,82,0,2,3.2,Not Completed,0,0,0,0,2,1,2,3
2196,STU102196,Aarav Bhardwaj,Male,39,Diploma,Employed,Bhopal,Mobile,High,C105,UI/UX Design Fundamentals,Design,Beginner,40,4.4,2,21,70.5,1,0.5,3,5,5.8,6,4,1,49.8,81.6,64.8,2,11-11-2024,NetBanking,Yes,No,3795,61,4,0,3.4,Completed,1,1,0,1,0,1,1,3
2197,STU102197,Ritika Iyer,Male,26,Bachelor,Student,Indore,Mobile,Low,C102,Data Analysis with Python,Programming,Intermediate,60,4.7,5,13,60.4,1,0.5,12,4,8.1,4,6,4,67.6,38.1,47.1,2,09-06-2025,Credit Card,Yes,No,5233,46,1,1,2.4,Not Completed,1,0,2,1,1,2,4,0
2198,STU102198,Aarav Singh,Female,20,Bachelor,Employed,Mumbai,Mobile,Medium,C105,UI/UX Design Fundamentals,Design,Beginner,40,4.4,6,36,66.8,1,0.5,5,4,6.2,5,5,6,79.7,59.9,56.4,2,21-02-2024,Credit Card,Yes,No,3994,61,1,2,3.4,Completed,0,0,0,1,2,1,1,0
2199,STU102199,Ananya Singh,Male,21,Bachelor,Student,Indore,Tablet,Low,C103,Introduction to AI,Programming,Intermediate,75,4.5,5,45,81.7,2,4.3,0,2,8.0,1,9,1,78.4,84.0,38.8,2,22-06-2024,UPI,Yes,No,5975,62,2,0,3.7,Completed,1,0,2,2,1,2,4,5
2200,STU102200,Sakshi Sharma,Female,18,Bachelor,Student,Mumbai,Laptop,High,C101,Python Basics,Programming,Beginner,45,4.6,4,29,79.2,6,6.3,0,2,9.2,2,8,1,71.9,97.4,44.6,5,10-03-2025,UPI,Yes,No,4618,92,3,0,4.2,Not Completed,0,0,2,0,0,1,4,5
2201,STU102201,Ananya Singh,Female,20,Master,Student,Bengaluru,Mobile,High,C103,Introduction to AI,Programming,Intermediate,75,4.5,6,16,55.2,3,0.5,0,9,7.1,5,5,2,82.6,83.1,53.5,3,04-08-2025,Scholarship,No,Yes,1141,100,3,0,4.1,Completed,0,3,2,1,0,2,4,4
2202,STU102202,Vivaan Singh,Male,19,Bachelor,Student,Bhopal,Mobile,Medium,C106,Machine Learning A-Z,Programming,Advanced,90,4.6,6,39,54.6,0,0.5,1,8,8.4,5,5,2,58.2,88.5,53.5,4,13-01-2025,UPI,Yes,Yes,6067,86,3,1,4.9,Completed,1,0,2,1,2,0,4,5
2203,STU102203,Pooja Verma,Male,42,Bachelor,Employed,Ahmedabad,Mobile,Medium,C102,Data Analysis with Python,Programming,Intermediate,60,4.7,5,34,89.4,2,0.5,2,5,8.8,3,6,0,48.7,82.0,53.4,4,26-11-2023,Debit Card,Yes,Yes,4568,78,3,1,3.2,Completed,1,0,0,1,2,2,4,1
2204,STU102204,Ritika Desai,Female,23,PhD,Student,Chennai,Laptop,High,C105,UI/UX Design Fundamentals,Design,Beginner,40,4.4,6,31,85.6,3,0.5,5,7,7.4,7,3,3,80.5,37.4,73.8,0,07-08-2024,UPI,Yes,No,3920,42,8,1,5.0,Not Completed,0,4,2,0,0,1,1,5
2205,STU102205,Aarav Singh,Female,23,HighSchool,Student,Nagpur,Laptop,Medium,C106,Machine Learning A-Z,Programming,Advanced,90,4.6,3,27,35.8,0,0.5,2,2,5.5,2,8,3,64.4,55.0,27.3,3,01-10-2024,Scholarship,No,No,997,49,2,0,3.6,Not Completed,0,2,2,0,2,0,4,4
2206,STU102206,Rohan Singh,Female,27,PhD,Employed,Surat,Mobile,High,C101,Python Basics,Programming,Beginner,45,4.6,6,6,91.7,2,0.5,14,4,9.6,6,4,4,66.9,79.9,72.1,1,27-08-2025,Free,No,No,0,46,1,0,3.9,Completed,0,4,0,1,0,1,4,2
2207,STU102207,Rohan Desai,Male,32,Bachelor,Employed,Lucknow,Laptop,High,C106,Machine Learning A-Z,Programming,Advanced,90,4.6,4,36,84.4,4,7.0,7,3,6.7,3,7,5,48.3,79.0,51.5,2,31-05-2024,Credit Card,Yes,Yes,5187,62,5,0,3.9,Not Completed,1,0,0,0,0,0,4,0
2208,STU102208,Sakshi Shah,Male,17,Master,Student,Chennai,Mobile,Medium,C104,Digital Marketing Essentials,Marketing,Beginner,30,4.3,5,39,85.3,2,0.5,0,5,6.2,3,7,4,62.5,74.7,51.6,4,21-04-2024,Scholarship,No,Yes,395,89,6,1,3.6,Not Completed,1,3,2,1,2,1,2,4
2209,STU102209,Kavya Iyer,Male,29,Bachelor,Self-Employed,Mumbai,Mobile,Low,C101,Python Basics,Programming,Beginner,45,4.6,6,12,82.7,1,5.3,0,4,4.1,5,5,3,92.4,75.1,62.7,3,03-03-2025,Debit Card,Yes,No,4213,50,4,0,4.6,Completed,1,0,1,1,1,1,4,1
2210,STU102210,Aditya Singh,Male,22,Bachelor,Student,Mumbai,Laptop,Low,C105,UI/UX Design Fundamentals,Design,Beginner,40,4.4,6,21,20.6,1,9.4,9,5,6.9,1,9,2,68.9,68.9,16.6,4,09-03-2024,Scholarship,No,Yes,631,85,3,0,5.0,Not Completed,1,0,2,0,1,1,1,4
2211,STU102211,Krishna Verma,Female,23,Master,Employed,Delhi,Mobile,Medium,C102,Data Analysis with Python,Programming,Intermediate,60,4.7,4,53,48.5,3,0.9,1,4,5.5,5,5,3,81.5,69.9,50.5,2,01-05-2025,Credit Card,Yes,No,4879,100,1,3,3.5,Completed,0,3,0,1,2,2,4,0
2212,STU102212,Krishna Singh,Female,22,Bachelor,Employed,Surat,Mobile,Medium,C101,Python Basics,Programming,Beginner,45,4.6,5,26,73.4,4,0.8,5,8,7.5,6,3,3,100.0,82.3,65.8,1,06-02-2025,UPI,Yes,No,3850,61,0,0,5.0,Completed,0,0,0,1,2,1,4,5
2213,STU102213,Ananya Verma,Female,28,HighSchool,Employed,Indore,Mobile,High,C102,Data Analysis with Python,Programming,Intermediate,60,4.7,3,46,75.3,0,0.5,0,5,4.2,3,7,5,75.1,74.7,48.1,0,24-12-2024,UPI,Yes,Yes,4380,94,1,1,5.0,Completed,0,2,0,1,0,2,4,5
2214,STU102214,Sai Bhardwaj,Female,18,Diploma,Employed,Pune,Mobile,Low,C102,Data Analysis with Python,Programming,Intermediate,60,4.7,6,16,58.6,0,0.9,10,8,5.8,5,5,4,61.1,50.9,53.0,4,29-05-2025,UPI,Yes,No,5100,85,2,2,3.7,Completed,0,1,0,1,1,2,4,5
2215,STU102215,Kavya Iyer,Male,28,Diploma,Student,Pune,Mobile,Medium,C102,Data Analysis with Python,Programming,Intermediate,60,4.7,3,15,41.3,1,2.1,11,5,3.2,7,3,3,91.9,85.3,60.7,2,20-02-2025,Scholarship,No,No,565,65,2,0,4.2,Not Completed,1,1,2,1,2,2,4,4
2216,STU102216,Aditya Joshi,Female,30,Master,Student,Chennai,Laptop,Low,C103,Introduction to AI,Programming,Intermediate,75,4.5,5,26,87.6,1,6.9,2,5,8.6,6,4,2,60.9,81.7,70.7,3,10-02-2025,NetBanking,Yes,Yes,5115,68,1,0,3.6,Completed,0,3,2,0,1,2,4,3
2217,STU102217,Kavya Mehta,Female,34,HighSchool,Student,Surat,Mobile,High,C105,UI/UX Design Fundamentals,Design,Beginner,40,4.4,3,25,73.7,2,0.5,20,4,8.8,5,4,5,83.3,88.8,60.2,2,02-01-2025,UPI,Yes,No,4065,100,2,0,3.6,Completed,0,2,2,1,0,1,1,5
2218,STU102218,Arjun Shah,Female,23,Bachelor,Student,Vadodara,Mobile,High,C104,Digital Marketing Essentials,Marketing,Beginner,30,4.3,4,24,95.3,3,0.5,8,3,5.5,4,6,7,75.1,77.6,61.2,1,10-11-2024,NetBanking,Yes,No,3679,51,5,1,4.1,Not Completed,0,0,2,1,0,1,2,3
2219,STU102219,Isha Shah,Male,17,Bachelor,Student,Delhi,Mobile,Medium,C106,Machine Learning A-Z,Programming,Advanced,90,4.6,4,34,65.0,3,2.5,4,8,5.7,6,4,3,64.6,87.7,63.1,6,19-08-2024,UPI,Yes,No,7020,66,2,1,3.5,Not Completed,1,0,2,1,2,0,4,5
2220,STU102220,Sakshi Gupta,Female,20,Bachelor,Student,Bengaluru,Laptop,Medium,C104,Digital Marketing Essentials,Marketing,Beginner,30,4.3,7,28,20.4,2,1.5,10,5,6.0,1,8,4,60.7,87.4,17.5,1,13-04-2024,UPI,Yes,No,3636,58,2,1,4.0,Not Completed,0,0,2,0,2,1,2,5
2221,STU102221,Neha Mehta,Female,26,Bachelor,Student,Kolkata,Mobile,Medium,C102,Data Analysis with Python,Programming,Intermediate,60,4.7,5,27,72.8,2,0.5,2,9,4.2,3,7,1,78.1,70.7,47.0,1,02-08-2024,UPI,Yes,No,4859,51,3,2,4.5,Completed,0,0,2,1,2,2,4,5
2222,STU102222,Priya Gupta,Female,30,Master,Student,Jaipur,Mobile,Medium,C104,Digital Marketing Essentials,Marketing,Beginner,30,4.3,7,42,71.9,4,1.8,7,4,4.8,5,5,5,79.9,89.7,59.6,5,22-09-2024,Credit Card,Yes,No,3383,55,2,0,3.5,Not Completed,0,3,2,1,2,1,2,0
2223,STU102223,Arjun Nair,Male,17,HighSchool,Student,Kolkata,Mobile,Medium,C102,Data Analysis with Python,Programming,Intermediate,60,4.7,7,39,75.3,3,4.5,7,9,7.9,9,1,3,84.0,61.9,83.5,1,28-04-2024,UPI,Yes,No,5026,88,1,1,4.2,Completed,1,2,2,1,2,2,4,5
2224,STU102224,Aarav Patel,Female,26,PhD,Employed,Nagpur,Laptop,Medium,C104,Digital Marketing Essentials,Marketing,Beginner,30,4.3,5,26,40.6,3,1.6,2,6,2.8,5,5,7,73.6,88.1,48.6,1,03-11-2024,Debit Card,Yes,No,3527,84,8,1,4.1,Not Completed,0,4,0,0,2,1,2,1
2225,STU102225,Meera Mehta,Male,28,HighSchool,Unemployed,Bhopal,Laptop,High,C103,Introduction to AI,Programming,Intermediate,75,4.5,6,38,81.2,2,0.5,6,5,7.3,8,2,3,72.9,93.5,81.1,0,24-11-2024,UPI,Yes,No,5840,55,2,1,3.4,Not Completed,1,2,3,0,0,2,4,5
2226,STU102226,Sneha Mehta,Male,17,HighSchool,Student,Kolkata,Mobile,High,C102,Data Analysis with Python,Programming,Intermediate,60,4.7,5,27,60.1,3,5.8,4,4,5.6,5,5,3,70.8,76.4,54.9,0,10-06-2025,NetBanking,Yes,No,5097,73,3,1,3.2,Completed,1,2,2,1,0,2,4,3
2227,STU102227,Aditya Mehta,Male,22,Bachelor,Employed,Bhopal,Mobile,Medium,C101,Python Basics,Programming,Beginner,45,4.6,3,31,65.1,2,5.4,61,6,6.6,3,7,4,39.0,78.2,44.7,5,21-02-2024,UPI,Yes,No,4134,57,4,2,5.0,Completed,1,0,0,1,2,1,4,5
2228,STU102228,Priya Bose,Male,25,Master,Student,Jaipur,Laptop,Low,C101,Python Basics,Programming,Beginner,45,4.6,2,32,50.6,1,0.5,5,4,6.7,5,5,3,65.8,51.4,50.3,2,05-01-2025,Free,No,No,0,100,3,2,4.4,Completed,1,3,2,0,1,1,4,2
2229,STU102229,Neha Desai,Male,22,Bachelor,Student,Bhopal,Mobile,Medium,C106,Machine Learning A-Z,Programming,Advanced,90,4.6,6,20,33.2,3,5.2,15,6,3.7,7,2,6,66.3,52.7,56.3,2,07-10-2024,UPI,Yes,Yes,5622,19,0,1,5.0,Completed,1,0,2,1,2,0,4,5
2230,STU102230,Ritika Nair,Female,21,Bachelor,Employed,Kolkata,Laptop,Low,C105,UI/UX Design Fundamentals,Design,Beginner,40,4.4,4,40,73.8,1,3.9,1,3,9.2,2,8,2,80.9,56.3,40.7,1,28-10-2024,Scholarship,No,No,440,43,2,0,3.5,Not Completed,0,0,0,0,1,1,1,4
2231,STU102231,Vivaan Iyer,Male,31,Bachelor,Employed,Chennai,Laptop,Medium,C108,Excel for Business,Business,Beginner,25,4.1,7,26,66.3,3,2.3,6,0,8.4,3,7,6,55.1,78.1,45.1,2,25-06-2024,Free,No,No,0,99,0,1,4.4,Completed,1,0,0,0,2,1,0,2
2232,STU102232,Rohan Reddy,Female,26,Bachelor,Student,Mumbai,Mobile,Medium,C108,Excel for Business,Business,Beginner,25,4.1,7,38,75.9,2,6.3,17,6,4.2,5,5,4,75.5,55.0,59.3,2,21-10-2024,Free,No,Yes,0,74,0,0,4.6,Not Completed,0,0,2,1,2,1,0,2
2233,STU102233,Aarav Nair,Female,23,Bachelor,Unemployed,Lucknow,Mobile,Medium,C105,UI/UX Design Fundamentals,Design,Beginner,40,4.4,4,44,75.4,4,0.5,1,7,7.6,4,6,6,61.7,88.1,54.8,4,10-07-2024,Free,No,No,0,83,2,1,4.6,Completed,0,0,3,1,2,1,1,2
2234,STU102234,Sakshi Reddy,Other,18,Bachelor,Student,Lucknow,Mobile,Medium,C101,Python Basics,Programming,Beginner,45,4.6,2,37,52.5,6,10.0,12,8,6.5,4,6,3,74.2,68.8,45.8,3,26-06-2024,UPI,Yes,No,4121,40,1,0,2.9,Completed,2,0,2,1,2,1,4,5
2235,STU102235,Sakshi Bhardwaj,Male,25,Bachelor,Student,Lucknow,Mobile,High,C107,Statistics for Data Science,Math,Intermediate,50,4.2,4,61,33.4,3,7.8,1,5,6.5,3,6,3,81.3,54.2,32.4,5,29-10-2023,Free,No,No,0,50,2,2,4.5,Not Completed,1,0,2,1,0,2,3,2
2236,STU102236,Vihaan Desai,Male,24,Bachelor,Student,Delhi,Mobile,High,C105,UI/UX Design Fundamentals,Design,Beginner,40,4.4,1,23,40.5,2,0.5,17,3,6.5,7,3,0,61.1,38.1,58.1,1,13-11-2024,Scholarship,No,No,401,26,5,3,2.3,Completed,1,0,2,1,0,1,1,4
2237,STU102237,Priya Nair,Female,31,Diploma,Employed,Jaipur,Mobile,Low,C108,Excel for Business,Business,Beginner,25,4.1,8,16,57.7,0,1.6,18,5,6.4,4,6,5,71.3,62.5,47.3,2,07-01-2024,UPI,Yes,No,2945,36,0,0,4.8,Not Completed,0,1,0,1,1,1,0,5
2238,STU102238,Ritika Bose,Male,20,HighSchool,Employed,Pune,Laptop,Medium,C108,Excel for Business,Business,Beginner,25,4.1,4,10,92.9,2,0.5,29,7,7.5,5,5,3,48.9,63.8,65.7,0,03-04-2024,Free,No,No,0,68,0,1,3.4,Not Completed,1,2,0,0,2,1,0,2
2239,STU102239,Isha Kumar,Male,21,Bachelor,Student,Indore,Mobile,Medium,C102,Data Analysis with Python,Programming,Intermediate,60,4.7,7,54,56.8,0,0.5,1,9,6.8,7,3,2,89.7,66.3,65.2,4,14-04-2025,UPI,Yes,No,4802,85,4,0,3.8,Completed,1,0,2,1,2,2,4,5
2240,STU102240,Priya Bhardwaj,Male,22,PhD,Student,Ahmedabad,Laptop,High,C106,Machine Learning A-Z,Programming,Advanced,90,4.6,7,54,73.8,4,0.5,2,8,5.0,6,4,2,86.3,49.5,64.3,3,16-01-2024,Scholarship,No,No,1661,68,2,1,3.7,Completed,1,4,2,0,0,0,4,4
2241,STU102241,Vihaan Iyer,Female,17,Diploma,Student,Jaipur,Laptop,Medium,C107,Statistics for Data Science,Math,Intermediate,50,4.2,7,21,87.3,3,10.5,0,5,7.3,4,6,8,91.6,66.1,57.9,3,03-10-2024,NetBanking,Yes,No,4337,75,5,0,3.5,Completed,0,1,2,0,2,2,3,3
2242,STU102242,Arjun Kumar,Male,17,HighSchool,Student,Indore,Mobile,Low,C102,Data Analysis with Python,Programming,Intermediate,60,4.7,6,43,46.0,1,1.9,2,6,8.8,6,4,2,79.7,100.0,57.1,1,27-11-2024,Debit Card,Yes,No,4613,62,0,2,3.8,Not Completed,1,2,2,1,1,2,4,1
2243,STU102243,Ananya Patel,Female,20,Bachelor,Student,Bengaluru,Mobile,High,C107,Statistics for Data Science,Math,Intermediate,50,4.2,7,28,89.5,7,1.8,2,9,6.9,6,3,4,76.2,90.1,71.8,2,18-10-2023,Debit Card,Yes,No,4256,66,5,1,3.5,Completed,0,0,2,1,0,2,3,1
2244,STU102244,Vihaan Sharma,Male,30,Bachelor,Student,Vadodara,Laptop,High,C106,Machine Learning A-Z,Programming,Advanced,90,4.6,3,32,62.9,3,13.0,3,16,6.0,3,7,10,79.2,63.5,43.2,5,06-04-2025,UPI,Yes,No,6552,78,6,0,5.0,Completed,1,0,2,0,0,0,4,5
2245,STU102245,Isha Iyer,Female,26,Bachelor,Employed,Ahmedabad,Mobile,High,C106,Machine Learning A-Z,Programming,Advanced,90,4.6,5,44,57.0,1,5.9,0,6,7.2,7,3,13,62.6,90.0,66.4,2,08-04-2024,UPI,Yes,No,6848,70,4,0,4.3,Completed,0,0,0,1,0,0,4,5
2246,STU102246,Sai Joshi,Male,27,Diploma,Employed,Bengaluru,Laptop,Medium,C106,Machine Learning A-Z,Programming,Advanced,90,4.6,4,25,53.6,3,0.5,8,4,7.3,3,7,4,71.9,57.0,39.6,4,06-05-2024,Free,No,No,0,85,2,1,4.7,Completed,1,1,0,0,2,0,4,2
2247,STU102247,Meera Verma,Female,20,Bachelor,Employed,Surat,Mobile,High,C108,Excel for Business,Business,Beginner,25,4.1,8,25,64.0,2,0.5,6,4,3.9,7,2,1,75.2,73.6,68.1,0,20-01-2025,Scholarship,No,No,1522,51,0,0,5.0,Not Completed,0,0,0,1,0,1,0,4
2248,STU102248,Nikhil Shah,Female,40,Master,Student,Pune,Mobile,Medium,C102,Data Analysis with Python,Programming,Intermediate,60,4.7,2,24,34.1,3,0.5,8,3,7.0,3,7,4,60.7,53.3,32.6,2,16-12-2023,UPI,Yes,No,5115,57,2,2,3.2,Completed,0,3,2,1,2,2,4,5
2249,STU102249,Sai Desai,Female,32,Master,Student,Vadodara,Mobile,Medium,C102,Data Analysis with Python,Programming,Intermediate,60,4.7,3,28,60.7,3,0.5,17,5,5.2,3,6,1,92.7,69.9,42.7,1,08-12-2024,UPI,Yes,No,4865,28,1,0,4.6,Completed,0,3,2,1,2,2,4,5
2250,STU102250,Kavya Iyer,Female,18,Bachelor,Employed,Bhopal,Mobile,Medium,C105,UI/UX Design Fundamentals,Design,Beginner,40,4.4,4,31,26.8,2,1.7,6,3,6.9,4,6,3,95.0,61.2,36.4,2,29-07-2025,Credit Card,Yes,Yes,3292,70,2,1,4.2,Not Completed,0,0,0,1,2,1,1,0
2251,STU102251,Sai Sharma,Male,33,Bachelor,Employed,Ahmedabad,Mobile,Medium,C101,Python Basics,Programming,Beginner,45,4.6,4,41,49.3,3,12.3,8,3,6.8,6,4,5,64.8,91.7,57.8,3,21-02-2024,Scholarship,No,No,1570,49,3,2,4.4,Completed,1,0,0,1,2,1,4,4
2252,STU102252,Neha Sharma,Male,28,Bachelor,Unemployed,Hyderabad,Mobile,High,C101,Python Basics,Programming,Beginner,45,4.6,6,21,67.5,2,7.1,3,4,6.3,6,4,6,71.8,65.5,62.9,3,13-06-2024,UPI,Yes,No,4021,43,4,1,3.6,Completed,1,0,3,1,0,1,4,5
2253,STU102253,Meera Reddy,Male,26,Bachelor,Employed,Lucknow,Laptop,Medium,C106,Machine Learning A-Z,Programming,Advanced,90,4.6,5,26,71.4,3,4.1,0,6,10.0,4,6,6,99.6,67.2,52.4,3,26-10-2023,Credit Card,Yes,No,6530,68,4,0,4.0,Completed,1,0,0,0,2,0,4,0
2254,STU102254,Vivaan Kumar,Male,28,Bachelor,Student,Vadodara,Mobile,High,C108,Excel for Business,Business,Beginner,25,4.1,6,14,40.1,3,5.6,0,6,9.0,4,6,1,64.0,82.5,42.2,3,28-08-2025,Credit Card,Yes,No,3294,100,3,1,4.5,Not Completed,1,0,2,1,0,1,0,0
2255,STU102255,Nikhil Desai,Male,23,Diploma,Employed,Mumbai,Mobile,Medium,C101,Python Basics,Programming,Beginner,45,4.6,2,32,55.4,1,1.8,22,6,7.2,5,5,1,61.1,64.5,52.6,1,03-04-2025,Free,No,No,0,100,2,3,4.0,Not Completed,1,1,0,1,2,1,4,2
2256,STU102256,Aarav Mehta,Male,28,Bachelor,Student,Jaipur,Mobile,High,C104,Digital Marketing Essentials,Marketing,Beginner,30,4.3,3,39,85.0,5,0.5,1,6,3.4,6,4,6,75.6,94.6,70.5,2,15-07-2024,Free,No,No,0,60,1,1,4.8,Completed,1,0,2,1,0,1,2,2
2257,STU102257,Meera Reddy,Other,21,Master,Student,Vadodara,Mobile,Low,C103,Introduction to AI,Programming,Intermediate,75,4.5,5,34,82.8,2,0.5,1,6,8.5,5,5,4,64.0,40.1,61.0,1,29-12-2024,Free,No,No,0,68,2,1,4.3,Not Completed,2,3,2,1,1,2,4,2
2258,STU102258,Pooja Joshi,Female,27,Master,Employed,Lucknow,Mobile,High,C108,Excel for Business,Business,Beginner,25,4.1,3,8,82.6,2,0.5,18,1,4.6,3,7,2,72.3,69.1,50.4,3,03-09-2024,UPI,Yes,Yes,2669,36,2,0,3.4,Completed,0,3,0,1,0,1,0,5
2259,STU102259,Rohan Joshi,Male,33,HighSchool,Student,Lucknow,Laptop,High,C103,Introduction to AI,Programming,Intermediate,75,4.5,4,43,52.4,1,12.5,0,3,3.1,3,7,5,84.6,79.7,40.3,3,03-07-2025,Free,No,Yes,0,56,3,1,4.2,Completed,1,2,2,0,0,2,4,2
2260,STU102260,Vivaan Joshi,Female,17,Bachelor,Employed,Nagpur,Laptop,High,C103,Introduction to AI,Programming,Intermediate,75,4.5,8,40,88.9,6,3.7,5,7,8.0,5,4,5,72.0,80.7,65.2,1,27-01-2024,UPI,Yes,No,5934,67,1,1,4.5,Not Completed,0,0,0,0,0,2,4,5
2261,STU102261,Aarav Reddy,Female,22,Master,Student,Nagpur,Mobile,Medium,C106,Machine Learning A-Z,Programming,Advanced,90,4.6,4,28,59.3,2,5.2,13,5,6.4,5,5,4,89.1,70.9,54.3,1,07-03-2024,Credit Card,Yes,No,6214,78,2,2,3.3,Not Completed,0,3,2,1,2,0,4,0
2262,STU102262,Aarav Bhardwaj,Female,28,Bachelor,Student,Delhi,Tablet,Medium,C107,Statistics for Data Science,Math,Intermediate,50,4.2,4,28,44.8,4,3.6,1,6,8.9,4,6,2,56.0,54.0,42.4,2,29-07-2024,Scholarship,No,No,1283,46,3,1,4.6,Completed,0,0,2,2,2,2,3,4
2263,STU102263,Rohan Joshi,Male,29,HighSchool,Employed,Kolkata,Mobile,Medium,C105,UI/UX Design Fundamentals,Design,Beginner,40,4.4,2,26,40.7,2,3.4,2,7,6.2,4,6,2,63.7,70.4,41.8,1,21-08-2025,Credit Card,Yes,No,3998,99,0,0,4.2,Completed,1,2,0,1,2,1,1,0
2264,STU102264,Meera Gupta,Male,33,Bachelor,Employed,Chennai,Mobile,Medium,C105,UI/UX Design Fundamentals,Design,Beginner,40,4.4,3,31,51.9,2,0.5,8,3,5.0,4,6,7,86.9,68.0,45.6,2,20-10-2023,Free,No,No,0,100,2,0,2.5,Not Completed,1,0,0,1,2,1,1,2
2265,STU102265,Pooja Patel,Male,24,Bachelor,Employed,Lucknow,Mobile,Low,C103,Introduction to AI,Programming,Intermediate,75,4.5,2,15,50.4,0,0.5,0,3,2.5,3,7,3,49.9,71.3,39.2,3,02-12-2023,UPI,Yes,No,5202,88,1,1,3.1,Not Completed,1,0,0,1,1,2,4,5
2266,STU102266,Pooja Iyer,Female,31,Bachelor,Student,Kolkata,Laptop,Medium,C102,Data Analysis with Python,Programming,Intermediate,60,4.7,9,25,52.0,2,2.6,1,8,5.2,4,6,6,81.1,70.3,45.7,2,24-02-2025,Credit Card,Yes,Yes,4017,68,1,0,3.6,Completed,0,0,2,0,2,2,4,0
2267,STU102267,Priya Nair,Male,27,Bachelor,Employed,Jaipur,Mobile,Low,C107,Statistics for Data Science,Math,Intermediate,50,4.2,5,38,71.8,2,2.0,7,5,3.3,3,7,1,69.4,80.4,47.1,2,07-10-2024,Debit Card,Yes,No,4820,59,3,2,3.9,Not Completed,1,0,0,1,1,2,3,1
2268,STU102268,Isha Bose,Male,17,Bachelor,Employed,Bhopal,Laptop,Medium,C104,Digital Marketing Essentials,Marketing,Beginner,30,4.3,6,37,25.4,3,5.5,7,4,3.0,5,5,6,67.9,46.9,41.2,4,21-08-2025,Free,No,No,0,54,4,1,4.6,Not Completed,1,0,0,0,2,1,2,2
2269,STU102269,Vihaan Nair,Male,37,Master,Student,Chennai,Laptop,Medium,C102,Data Analysis with Python,Programming,Intermediate,60,4.7,5,32,94.2,1,0.5,8,5,5.4,3,7,6,59.6,76.1,54.8,1,03-05-2024,Credit Card,Yes,No,5248,68,4,2,4.0,Not Completed,1,3,2,0,2,2,4,0
2270,STU102270,Arjun Shah,Male,26,Master,Employed,Surat,Mobile,Low,C108,Excel for Business,Business,Beginner,25,4.1,3,36,64.3,1,3.0,0,5,5.8,4,6,2,46.2,53.0,49.2,1,16-03-2025,Credit Card,Yes,No,2944,83,3,1,4.4,Not Completed,1,3,0,1,1,1,0,0
2271,STU102271,Vivaan Verma,Male,24,Master,Employed,Kolkata,Mobile,Low,C107,Statistics for Data Science,Math,Intermediate,50,4.2,4,12,35.7,3,5.7,30,3,4.9,4,6,4,47.7,70.1,40.0,2,20-08-2024,UPI,Yes,No,4202,22,3,1,3.2,Completed,1,3,0,1,1,2,3,5
2272,STU102272,Rahul Shah,Female,25,Bachelor,Employed,Kolkata,Mobile,Medium,C101,Python Basics,Programming,Beginner,45,4.6,5,42,57.7,3,6.4,7,3,9.6,1,9,3,62.9,72.9,29.8,3,15-01-2025,Free,No,No,0,67,0,1,4.1,Not Completed,0,0,0,1,2,1,4,2
2273,STU102273,Vihaan Reddy,Male,28,HighSchool,Unemployed,Lucknow,Laptop,High,C104,Digital Marketing Essentials,Marketing,Beginner,30,4.3,6,41,91.3,3,12.4,0,11,8.4,6,4,7,83.4,71.5,71.5,1,22-06-2024,UPI,Yes,No,3754,98,3,0,4.5,Completed,1,2,3,0,0,1,2,5
2274,STU102274,Krishna Verma,Male,31,Bachelor,Employed,Vadodara,Laptop,Medium,C108,Excel for Business,Business,Beginner,25,4.1,8,43,65.4,2,7.5,1,7,6.5,6,4,6,68.1,87.6,63.3,3,02-10-2025,Free,No,Yes,0,64,1,0,3.4,Not Completed,1,0,0,0,2,1,0,2
2275,STU102275,Aditya Sharma,Male,27,HighSchool,Student,Chennai,Mobile,Medium,C108,Excel for Business,Business,Beginner,25,4.1,6,34,72.4,3,0.5,3,7,6.9,4,6,8,55.1,72.9,53.0,2,15-11-2023,NetBanking,Yes,No,3297,11,1,1,4.9,Completed,1,2,2,1,2,1,0,3
2276,STU102276,Sai Bose,Female,29,HighSchool,Student,Bhopal,Mobile,High,C103,Introduction to AI,Programming,Intermediate,75,4.5,5,40,68.3,0,1.8,7,3,6.1,5,4,4,64.8,63.7,57.1,4,12-11-2024,UPI,Yes,No,6306,46,2,0,4.4,Not Completed,0,2,2,1,0,2,4,5
2277,STU102277,Neha Singh,Female,33,Diploma,Unemployed,Indore,Mobile,High,C102,Data Analysis with Python,Programming,Intermediate,60,4.7,5,24,82.8,1,3.1,0,7,4.4,6,4,8,100.0,92.0,69.6,3,15-02-2025,UPI,Yes,No,5266,68,2,1,4.7,Completed,0,1,3,1,0,2,4,5
2278,STU102278,Vihaan Iyer,Male,24,Bachelor,Unemployed,Bengaluru,Laptop,Medium,C108,Excel for Business,Business,Beginner,25,4.1,7,32,72.7,9,0.5,2,5,7.2,4,6,7,84.0,65.3,52.7,4,26-07-2025,Scholarship,No,Yes,211,63,4,0,4.3,Not Completed,1,0,3,0,2,1,0,4
2279,STU102279,Meera Sharma,Male,27,Master,Employed,Vadodara,Mobile,Low,C106,Machine Learning A-Z,Programming,Advanced,90,4.6,6,7,54.8,1,2.4,2,11,7.2,6,4,1,66.3,95.9,60.0,1,02-06-2024,Credit Card,Yes,No,5977,68,3,3,3.5,Completed,1,3,0,1,1,0,4,0
2280,STU102280,Nikhil Desai,Female,23,Bachelor,Employed,Bhopal,Mobile,Medium,C105,UI/UX Design Fundamentals,Design,Beginner,40,4.4,3,42,47.0,1,4.4,70,4,5.6,5,5,5,85.6,14.1,47.2,0,06-08-2025,UPI,Yes,No,3820,80,0,3,4.2,Not Completed,0,0,0,1,2,1,1,5
2281,STU102281,Pooja Mehta,Male,25,HighSchool,Student,Bhopal,Mobile,Medium,C106,Machine Learning A-Z,Programming,Advanced,90,4.6,4,33,89.8,4,0.6,2,6,4.7,4,6,4,80.8,88.8,59.9,0,10-11-2024,UPI,Yes,Yes,5876,72,2,0,5.0,Completed,1,2,2,1,2,0,4,5
2282,STU102282,Rahul Shah,Male,23,Bachelor,Employed,Chennai,Mobile,Low,C107,Statistics for Data Science,Math,Intermediate,50,4.2,4,49,72.0,3,0.5,10,2,6.4,6,4,9,62.1,85.5,65.5,1,01-06-2024,UPI,Yes,No,4829,70,2,1,4.9,Not Completed,1,0,0,1,1,2,3,5
2283,STU102283,Neha Sharma,Male,26,Bachelor,Employed,Ahmedabad,Mobile,High,C101,Python Basics,Programming,Beginner,45,4.6,5,33,40.3,3,0.5,0,7,3.0,5,5,4,81.2,67.9,47.5,6,16-01-2024,NetBanking,Yes,No,4275,79,2,0,4.1,Completed,1,0,0,1,0,1,4,3
2284,STU102284,Pooja Nair,Female,20,Master,Student,Jaipur,Mobile,Low,C108,Excel for Business,Business,Beginner,25,4.1,4,47,52.7,1,2.0,0,2,3.5,4,6,2,56.7,43.7,44.6,0,12-02-2024,NetBanking,Yes,No,3407,56,2,0,3.6,Not Completed,0,3,2,1,1,1,0,3
2285,STU102285,Nikhil Joshi,Female,23,Bachelor,Employed,Bengaluru,Mobile,Low,C107,Statistics for Data Science,Math,Intermediate,50,4.2,4,30,85.7,0,0.5,8,6,7.7,3,7,3,64.6,64.5,51.2,0,09-11-2024,NetBanking,Yes,No,4918,100,1,0,5.0,Not Completed,0,0,0,1,1,2,3,3
2286,STU102286,Nikhil Nair,Female,22,Bachelor,Student,Mumbai,Laptop,High,C102,Data Analysis with Python,Programming,Intermediate,60,4.7,4,27,43.0,1,0.5,11,7,10.0,5,5,6,99.2,80.9,49.1,3,12-06-2025,UPI,Yes,No,4943,72,1,3,4.5,Completed,0,0,2,0,0,2,4,5
2287,STU102287,Rahul Singh,Female,18,Diploma,Employed,Nagpur,Mobile,Medium,C103,Introduction to AI,Programming,Intermediate,75,4.5,5,32,67.4,1,0.5,28,3,4.4,5,5,2,85.9,45.3,55.8,0,23-12-2024,UPI,Yes,No,5324,58,3,1,2.6,Completed,0,1,0,1,2,2,4,5
2288,STU102288,Pooja Desai,Female,32,PhD,Employed,Hyderabad,Laptop,High,C107,Statistics for Data Science,Math,Intermediate,50,4.2,4,32,45.8,1,0.9,3,2,9.8,3,7,2,78.8,46.9,36.4,2,23-02-2024,UPI,Yes,No,4603,85,1,1,3.2,Not Completed,0,4,0,0,0,2,3,5
2289,STU102289,Ritika Iyer,Female,35,Bachelor,Employed,Jaipur,Laptop,High,C105,UI/UX Design Fundamentals,Design,Beginner,40,4.4,2,29,41.1,0,0.5,3,5,5.6,5,5,5,60.7,69.1,47.8,3,03-02-2024,UPI,Yes,No,3899,63,3,3,4.7,Not Completed,0,0,0,0,0,1,1,5
2290,STU102290,Priya Patel,Female,28,Bachelor,Student,Surat,Mobile,Medium,C107,Statistics for Data Science,Math,Intermediate,50,4.2,4,48,77.0,3,8.8,0,3,7.4,4,6,1,80.0,70.3,54.5,2,04-09-2024,UPI,Yes,No,4292,54,4,0,4.0,Not Completed,0,0,2,1,2,2,3,5
2291,STU102291,Arjun Shah,Female,30,Bachelor,Employed,Ahmedabad,Laptop,Low,C107,Statistics for Data Science,Math,Intermediate,50,4.2,5,31,64.4,1,0.5,7,5,8.4,4,6,2,68.3,63.1,49.7,1,11-03-2025,Scholarship,No,No,339,69,1,1,3.8,Not Completed,0,0,0,0,1,2,3,4
2292,STU102292,Kavya Verma,Female,31,Bachelor,Student,Jaipur,Mobile,Low,C102,Data Analysis with Python,Programming,Intermediate,60,4.7,2,29,56.5,0,0.5,0,6,6.5,6,4,3,63.1,56.3,58.6,3,28-08-2025,Credit Card,Yes,No,4971,21,2,1,4.2,Completed,0,0,2,1,1,2,4,0
2293,STU102293,Vivaan Bhardwaj,Female,20,Master,Employed,Hyderabad,Laptop,Medium,C102,Data Analysis with Python,Programming,Intermediate,60,4.7,8,36,51.2,2,11.9,0,7,7.5,4,5,2,62.1,71.2,45.5,1,21-09-2025,UPI,Yes,No,4691,100,0,0,4.4,Not Completed,0,3,0,0,2,2,4,5
2294,STU102294,Vihaan Kumar,Male,24,Bachelor,Employed,Nagpur,Laptop,Medium,C106,Machine Learning A-Z,Programming,Advanced,90,4.6,4,6,92.1,0,3.3,9,5,2.3,3,7,5,70.3,44.5,52.5,2,17-02-2025,UPI,Yes,No,5883,95,1,2,3.5,Completed,1,0,0,0,2,0,4,5
2295,STU102295,Krishna Reddy,Male,27,HighSchool,Employed,Ahmedabad,Mobile,Medium,C106,Machine Learning A-Z,Programming,Advanced,90,4.6,6,33,68.3,5,3.3,1,9,7.4,3,7,4,78.9,68.1,45.3,2,05-11-2024,UPI,Yes,No,6125,96,1,0,3.7,Not Completed,1,2,0,1,2,0,4,5
2296,STU102296,Vivaan Desai,Male,25,Bachelor,Student,Hyderabad,Mobile,Medium,C101,Python Basics,Programming,Beginner,45,4.6,4,38,69.4,5,0.5,4,4,5.2,6,4,3,86.2,71.4,63.8,3,19-05-2024,Scholarship,No,No,1891,80,3,2,4.0,Not Completed,1,0,2,1,2,1,4,4
2297,STU102297,Rohan Nair,Female,33,Bachelor,Student,Indore,Mobile,High,C101,Python Basics,Programming,Beginner,45,4.6,3,30,46.3,1,0.5,13,6,8.9,7,3,1,78.2,71.2,61.8,1,17-04-2024,Credit Card,Yes,No,4611,49,1,2,4.7,Completed,0,0,2,1,0,1,4,0
2298,STU102298,Meera Nair,Male,22,Bachelor,Employed,Chennai,Mobile,High,C102,Data Analysis with Python,Programming,Intermediate,60,4.7,3,42,51.3,3,0.5,12,5,6.6,4,6,4,78.9,55.7,44.8,6,22-08-2025,Debit Card,Yes,No,5110,60,4,2,3.7,Not Completed,1,0,0,1,0,2,4,1
2299,STU102299,Sai Patel,Male,25,Master,Employed,Surat,Laptop,Medium,C103,Introduction to AI,Programming,Intermediate,75,4.5,4,43,82.7,0,0.5,1,7,5.4,5,4,2,80.8,68.8,62.4,5,22-12-2024,Scholarship,No,No,2132,54,2,1,5.0,Not Completed,1,3,0,0,2,2,4,4
2300,STU102300,Meera Joshi,Male,27,Bachelor,Employed,Vadodara,Laptop,High,C103,Introduction to AI,Programming,Intermediate,75,4.5,5,42,47.4,3,7.2,4,5,7.4,3,7,7,90.2,52.0,37.2,3,29-12-2023,UPI,Yes,No,5410,36,1,1,4.4,Not Completed,1,0,0,0,0,2,4,5
2301,STU102301,Ritika Nair,Female,34,Master,Employed,Ahmedabad,Mobile,Medium,C102,Data Analysis with Python,Programming,Intermediate,60,4.7,2,19,48.6,2,0.5,5,3,5.2,3,7,0,41.1,73.2,38.7,0,03-05-2024,UPI,Yes,Yes,3985,57,3,0,4.2,Not Completed,0,3,0,1,2,2,4,5
2302,STU102302,Rahul Mehta,Female,32,Master,Employed,Delhi,Mobile,Medium,C101,Python Basics,Programming,Beginner,45,4.6,3,16,8.5,1,0.5,16,4,8.8,5,4,2,86.6,56.9,35.8,1,02-06-2025,Free,No,No,0,58,3,2,4.6,Not Completed,0,3,0,1,2,1,4,2
2303,STU102303,Vivaan Shah,Female,24,Bachelor,Student,Bhopal,Mobile,Medium,C106,Machine Learning A-Z,Programming,Advanced,90,4.6,5,30,57.8,0,0.5,7,5,10.0,2,8,3,87.3,60.6,35.3,4,27-01-2025,Debit Card,Yes,No,6626,65,5,0,3.6,Not Completed,0,0,2,1,2,0,4,1
2304,STU102304,Sai Bhardwaj,Male,22,Bachelor,Self-Employed,Bengaluru,Mobile,Low,C103,Introduction to AI,Programming,Intermediate,75,4.5,4,31,16.4,1,8.3,6,5,8.8,2,8,2,65.8,61.5,20.8,1,22-02-2025,Free,No,No,0,74,3,3,4.8,Not Completed,1,0,1,1,1,2,4,2
2305,STU102305,Ananya Bose,Female,20,Bachelor,Employed,Bengaluru,Laptop,High,C102,Data Analysis with Python,Programming,Intermediate,60,4.7,3,31,20.0,1,0.5,5,3,7.3,6,4,7,69.5,74.9,46.7,2,04-05-2024,Scholarship,No,No,749,55,1,0,4.5,Not Completed,0,0,0,0,0,2,4,4
2306,STU102306,Aarav Joshi,Female,27,Master,Employed,Indore,Laptop,Low,C107,Statistics for Data Science,Math,Intermediate,50,4.2,4,33,92.9,1,0.5,0,7,6.1,7,3,4,63.3,58.3,77.4,2,29-01-2024,Credit Card,Yes,No,4849,58,4,2,3.8,Not Completed,0,3,0,0,1,2,3,0
2307,STU102307,Arjun Mehta,Male,19,Master,Employed,Chennai,Mobile,Medium,C106,Machine Learning A-Z,Programming,Advanced,90,4.6,6,31,90.3,2,7.9,7,4,7.0,6,4,7,75.3,77.6,71.5,4,06-04-2024,Scholarship,No,No,2370,65,2,0,4.6,Completed,1,3,0,1,2,0,4,4
2308,STU102308,Vivaan Sharma,Female,24,HighSchool,Student,Hyderabad,Mobile,Medium,C108,Excel for Business,Business,Beginner,25,4.1,2,32,71.5,1,0.5,9,6,9.6,7,3,1,72.2,78.7,70.9,2,17-04-2024,Free,No,No,0,66,5,1,3.7,Not Completed,0,2,2,1,2,1,0,2
2309,STU102309,Vivaan Sharma,Male,19,Bachelor,Student,Surat,Mobile,Medium,C105,UI/UX Design Fundamentals,Design,Beginner,40,4.4,4,46,32.9,3,3.3,0,1,3.1,7,3,2,45.0,86.4,57.8,3,15-06-2025,Free,No,Yes,0,56,0,2,3.1,Not Completed,1,0,2,1,2,1,1,2
2310,STU102310,Isha Verma,Female,17,Bachelor,Student,Lucknow,Mobile,High,C106,Machine Learning A-Z,Programming,Advanced,90,4.6,3,30,39.7,1,0.5,3,6,5.3,4,6,3,63.0,53.0,40.5,1,23-06-2024,Credit Card,Yes,Yes,5267,57,3,1,4.6,Not Completed,0,0,2,1,0,0,4,0
2311,STU102311,Vivaan Sharma,Female,27,Diploma,Employed,Pune,Mobile,Medium,C103,Introduction to AI,Programming,Intermediate,75,4.5,3,38,80.6,3,5.6,8,2,6.6,6,3,3,72.9,59.1,67.2,1,21-08-2024,NetBanking,Yes,No,5783,73,0,0,4.0,Completed,0,1,0,1,2,2,4,3
2312,STU102312,Sakshi Verma,Other,17,PhD,Employed,Lucknow,Mobile,Medium,C106,Machine Learning A-Z,Programming,Advanced,90,4.6,2,25,67.2,2,0.5,11,5,6.1,4,6,3,77.1,70.8,51.1,2,24-09-2025,Credit Card,Yes,No,6891,49,3,2,4.4,Completed,2,4,0,1,2,0,4,0
2313,STU102313,Aditya Desai,Female,20,HighSchool,Student,Kolkata,Laptop,Medium,C107,Statistics for Data Science,Math,Intermediate,50,4.2,6,36,79.3,1,5.7,0,7,6.4,8,2,5,95.0,69.1,79.2,5,12-08-2025,NetBanking,Yes,No,4085,68,4,1,2.5,Completed,0,2,2,0,2,2,3,3
2314,STU102314,Priya Kumar,Female,23,Bachelor,Student,Lucknow,Laptop,Medium,C105,UI/UX Design Fundamentals,Design,Beginner,40,4.4,8,52,59.5,1,10.2,0,5,7.0,5,4,7,69.6,44.3,53.0,1,27-10-2024,Debit Card,Yes,No,3967,100,2,0,3.7,Completed,0,0,2,0,2,1,1,1
2315,STU102315,Aarav Sharma,Male,26,Bachelor,Student,Delhi,Mobile,Medium,C101,Python Basics,Programming,Beginner,45,4.6,5,48,39.8,2,2.1,28,6,2.0,5,5,1,65.1,80.0,47.9,1,28-02-2025,UPI,Yes,No,4101,22,1,2,4.0,Not Completed,1,0,2,1,2,1,4,5
2316,STU102316,Ritika Singh,Male,20,Bachelor,Student,Mumbai,Mobile,Low,C105,UI/UX Design Fundamentals,Design,Beginner,40,4.4,6,25,55.4,2,5.0,3,6,5.2,3,7,7,84.7,77.3,41.3,1,25-05-2025,UPI,Yes,No,3684,58,3,1,3.3,Not Completed,1,0,2,1,1,1,1,5
2317,STU102317,Meera Kumar,Male,19,Bachelor,Employed,Indore,Mobile,High,C106,Machine Learning A-Z,Programming,Advanced,90,4.6,6,54,49.6,3,0.5,5,4,3.5,2,7,2,34.0,62.9,32.5,2,15-06-2025,NetBanking,Yes,No,6691,65,0,1,4.1,Not Completed,1,0,0,1,0,0,4,3
2318,STU102318,Sai Mehta,Male,17,Bachelor,Employed,Kolkata,Mobile,High,C108,Excel for Business,Business,Beginner,25,4.1,4,25,53.8,1,0.5,4,6,8.3,5,5,3,64.1,66.5,52.1,1,05-10-2025,Credit Card,Yes,No,3309,79,2,2,3.3,Completed,1,0,0,1,0,1,0,0
2319,STU102319,Isha Kumar,Female,26,Bachelor,Student,Jaipur,Laptop,High,C101,Python Basics,Programming,Beginner,45,4.6,5,29,67.6,3,1.6,10,3,5.8,5,5,5,93.5,67.5,57.0,3,14-09-2024,Free,No,No,0,100,2,1,3.9,Not Completed,0,0,2,0,0,1,4,2
2320,STU102320,Aditya Nair,Male,20,Master,Employed,Bhopal,Laptop,Medium,C107,Statistics for Data Science,Math,Intermediate,50,4.2,6,27,91.9,1,1.4,28,3,7.8,3,6,5,64.5,57.0,53.0,3,19-04-2025,UPI,Yes,No,4124,54,2,2,4.9,Completed,1,3,0,0,2,2,3,5
2321,STU102321,Sai Mehta,Male,32,Bachelor,Student,Nagpur,Mobile,Medium,C106,Machine Learning A-Z,Programming,Advanced,90,4.6,4,38,60.7,0,2.0,0,3,7.3,4,6,6,70.0,65.3,48.5,3,23-11-2024,Debit Card,Yes,No,7133,97,4,0,4.2,Completed,1,0,2,1,2,0,4,1
2322,STU102322,Rahul Shah,Male,27,Master,Employed,Surat,Mobile,Medium,C107,Statistics for Data Science,Math,Intermediate,50,4.2,4,16,51.4,0,0.5,10,7,8.2,2,8,2,97.4,100.0,35.0,4,11-04-2025,Credit Card,Yes,Yes,3760,97,2,1,5.0,Not Completed,1,3,0,1,2,2,3,0
2323,STU102323,Meera Sharma,Male,19,Master,Employed,Surat,Mobile,High,C107,Statistics for Data Science,Math,Intermediate,50,4.2,4,23,49.5,5,0.5,12,5,5.3,3,7,2,74.9,85.1,39.6,2,20-04-2025,UPI,Yes,No,4166,100,2,0,5.0,Not Completed,1,3,0,1,0,2,3,5
2324,STU102324,Vihaan Desai,Female,19,Diploma,Employed,Vadodara,Mobile,Medium,C102,Data Analysis with Python,Programming,Intermediate,60,4.7,4,15,45.1,4,4.7,4,3,7.5,6,4,2,69.6,81.9,55.9,3,21-08-2025,Debit Card,Yes,No,4890,100,0,1,4.7,Not Completed,0,1,0,1,2,2,4,1
2325,STU102325,Vihaan Verma,Female,33,Bachelor,Student,Nagpur,Mobile,Medium,C105,UI/UX Design Fundamentals,Design,Beginner,40,4.4,7,47,67.2,2,7.0,3,3,6.4,4,6,2,64.3,94.0,52.2,1,18-04-2024,Debit Card,Yes,No,4252,57,1,1,4.4,Completed,0,0,2,1,2,1,1,1
2326,STU102326,Aarav Gupta,Female,39,Master,Employed,Kolkata,Tablet,Medium,C107,Statistics for Data Science,Math,Intermediate,50,4.2,4,44,24.8,2,0.5,6,6,6.6,4,6,1,61.9,47.5,35.1,1,19-02-2024,Debit Card,Yes,Yes,3593,81,2,2,4.0,Not Completed,0,3,0,2,2,2,3,1
2327,STU102327,Vivaan Verma,Female,25,Master,Student,Jaipur,Mobile,Low,C102,Data Analysis with Python,Programming,Intermediate,60,4.7,3,27,12.4,0,4.4,1,1,7.4,3,7,2,64.0,57.6,25.2,4,30-03-2024,Free,No,No,0,91,2,0,5.0,Not Completed,0,3,2,1,1,2,4,2
2328,STU102328,Aditya Gupta,Male,38,Master,Employed,Ahmedabad,Mobile,High,C107,Statistics for Data Science,Math,Intermediate,50,4.2,4,22,75.2,2,1.2,17,9,8.6,8,2,5,79.8,83.9,78.5,5,21-11-2023,UPI,Yes,No,4438,47,2,3,5.0,Completed,1,3,0,1,0,2,3,5
2329,STU102329,Aditya Sharma,Female,24,Master,Employed,Surat,Mobile,Low,C102,Data Analysis with Python,Programming,Intermediate,60,4.7,5,35,90.5,1,5.5,0,3,7.1,7,3,2,81.7,65.8,77.0,3,26-04-2025,Scholarship,No,Yes,396,72,6,1,4.2,Completed,0,3,0,1,1,2,4,4
2330,STU102330,Sai Mehta,Male,17,Bachelor,Student,Lucknow,Tablet,Medium,C101,Python Basics,Programming,Beginner,45,4.6,5,22,67.2,3,0.5,2,4,5.6,4,5,4,80.9,55.9,50.3,0,19-08-2024,Free,No,No,0,68,0,2,4.6,Not Completed,1,0,2,2,2,1,4,2
2331,STU102331,Vivaan Gupta,Male,17,Bachelor,Unemployed,Bhopal,Mobile,Medium,C107,Statistics for Data Science,Math,Intermediate,50,4.2,4,38,55.8,3,0.5,0,7,6.8,4,6,4,56.6,87.6,47.9,2,21-08-2025,Credit Card,Yes,No,4174,100,2,0,4.5,Not Completed,1,0,3,1,2,2,3,0
2332,STU102332,Rahul Reddy,Female,21,Bachelor,Unemployed,Bengaluru,Mobile,Medium,C104,Digital Marketing Essentials,Marketing,Beginner,30,4.3,6,45,95.0,4,1.8,2,6,8.2,7,3,3,77.5,81.8,79.3,1,27-09-2025,UPI,Yes,No,3630,87,3,0,5.0,Completed,0,0,3,1,2,1,2,5
2333,STU102333,Pooja Gupta,Female,20,Bachelor,Student,Bhopal,Laptop,Medium,C108,Excel for Business,Business,Beginner,25,4.1,5,30,20.8,3,4.8,3,7,6.2,6,4,2,52.5,65.5,46.6,3,11-10-2024,UPI,Yes,Yes,2678,90,0,0,5.0,Not Completed,0,0,2,0,2,1,0,5
2334,STU102334,Sakshi Gupta,Other,17,Master,Student,Surat,Laptop,High,C102,Data Analysis with Python,Programming,Intermediate,60,4.7,7,28,80.7,2,8.7,0,8,3.8,5,5,4,69.1,53.5,60.9,5,26-01-2024,UPI,Yes,No,4970,44,4,0,3.3,Not Completed,2,3,2,0,0,2,4,5
2335,STU102335,Vivaan Singh,Male,17,Master,Employed,Mumbai,Laptop,Medium,C102,Data Analysis with Python,Programming,Intermediate,60,4.7,5,22,82.8,7,0.5,5,5,6.6,6,4,3,73.6,72.9,68.6,1,18-08-2024,Scholarship,No,No,1104,78,4,1,4.5,Completed,1,3,0,0,2,2,4,4
2336,STU102336,Krishna Verma,Female,17,HighSchool,Employed,Jaipur,Laptop,High,C104,Digital Marketing Essentials,Marketing,Beginner,30,4.3,3,54,39.1,3,3.9,5,8,6.9,7,3,3,77.4,86.4,60.0,2,13-06-2025,NetBanking,Yes,Yes,3132,73,4,2,4.0,Not Completed,0,2,0,0,0,1,2,3
2337,STU102337,Sneha Kumar,Female,27,Bachelor,Employed,Bengaluru,Laptop,Medium,C106,Machine Learning A-Z,Programming,Advanced,90,4.6,9,36,57.5,4,3.9,4,9,8.5,6,4,2,77.3,47.9,58.5,3,22-12-2024,UPI,Yes,No,6351,98,4,0,4.2,Completed,0,0,0,0,2,0,4,5
2338,STU102338,Aditya Gupta,Male,20,PhD,Student,Ahmedabad,Tablet,High,C102,Data Analysis with Python,Programming,Intermediate,60,4.7,3,35,55.4,4,10.7,2,7,7.2,5,5,5,69.9,61.7,52.5,3,12-08-2025,UPI,Yes,No,4820,98,1,0,4.5,Completed,1,4,2,2,0,2,4,5
2339,STU102339,Sai Mehta,Male,32,Bachelor,Employed,Kolkata,Mobile,Medium,C101,Python Basics,Programming,Beginner,45,4.6,3,41,41.3,4,0.5,8,3,2.2,3,7,3,55.1,77.8,36.3,1,03-07-2024,UPI,Yes,No,4621,55,3,0,5.0,Not Completed,1,0,0,1,2,1,4,5
2340,STU102340,Isha Nair,Female,25,Bachelor,Employed,Bengaluru,Mobile,Medium,C104,Digital Marketing Essentials,Marketing,Beginner,30,4.3,2,49,43.7,5,13.7,2,5,6.1,6,4,1,74.9,65.4,54.6,3,28-12-2023,Credit Card,Yes,Yes,2736,67,2,2,4.6,Completed,0,0,0,1,2,1,2,0
2341,STU102341,Neha Iyer,Male,35,Bachelor,Employed,Indore,Laptop,Medium,C105,UI/UX Design Fundamentals,Design,Beginner,40,4.4,7,42,62.3,2,0.5,1,5,4.5,6,4,3,81.3,79.7,61.8,2,01-11-2024,Scholarship,No,No,691,76,1,1,5.0,Completed,1,0,0,0,2,1,1,4
2342,STU102342,Nikhil Iyer,Male,22,Bachelor,Unemployed,Lucknow,Mobile,Medium,C107,Statistics for Data Science,Math,Intermediate,50,4.2,5,51,59.6,4,11.7,2,6,6.3,5,5,5,77.3,98.4,55.8,1,27-06-2025,Free,No,No,0,79,2,0,4.5,Completed,1,0,3,1,2,2,3,2
2343,STU102343,Sai Mehta,Male,24,Bachelor,Employed,Nagpur,Mobile,High,C101,Python Basics,Programming,Beginner,45,4.6,4,31,50.1,3,6.5,2,5,9.2,5,5,4,74.4,38.0,49.4,4,03-01-2025,Credit Card,Yes,No,4059,59,2,0,4.0,Completed,1,0,0,1,0,1,4,0
2344,STU102344,Priya Patel,Female,28,Bachelor,Student,Jaipur,Laptop,Medium,C102,Data Analysis with Python,Programming,Intermediate,60,4.7,8,33,95.4,4,0.5,5,5,5.3,7,3,9,77.9,70.2,78.9,4,19-07-2024,Debit Card,Yes,No,5177,61,3,0,4.4,Not Completed,0,0,2,0,2,2,4,1
2345,STU102345,Vihaan Gupta,Female,24,Bachelor,Student,Delhi,Laptop,High,C106,Machine Learning A-Z,Programming,Advanced,90,4.6,7,31,69.1,8,5.5,19,5,3.6,4,5,3,64.0,43.6,50.3,3,06-12-2024,Scholarship,No,No,3100,68,1,0,5.0,Completed,0,0,2,0,0,0,4,4
2346,STU102346,Aditya Joshi,Female,27,Bachelor,Student,Lucknow,Mobile,High,C101,Python Basics,Programming,Beginner,45,4.6,4,48,85.6,3,0.5,2,7,3.6,5,5,1,94.7,66.6,63.3,2,22-09-2024,Free,No,No,0,71,3,1,3.5,Completed,0,0,2,1,0,1,4,2
2347,STU102347,Neha Verma,Female,19,Bachelor,Student,Nagpur,Laptop,High,C107,Statistics for Data Science,Math,Intermediate,50,4.2,6,35,98.0,3,4.5,13,5,4.8,6,4,4,82.8,91.4,74.9,3,23-07-2024,UPI,Yes,Yes,3970,76,5,0,3.5,Completed,0,0,2,0,0,2,3,5
2348,STU102348,Aarav Sharma,Female,28,Bachelor,Student,Chennai,Laptop,Medium,C108,Excel for Business,Business,Beginner,25,4.1,6,29,48.0,4,0.5,0,7,7.3,4,6,2,55.8,81.1,44.8,2,31-05-2024,NetBanking,Yes,No,3003,91,1,0,4.6,Not Completed,0,0,2,0,2,1,0,3
2349,STU102349,Priya Sharma,Male,35,Diploma,Employed,Vadodara,Mobile,High,C108,Excel for Business,Business,Beginner,25,4.1,7,41,87.8,3,2.4,3,4,6.0,4,5,3,72.6,82.9,58.9,4,13-04-2024,Credit Card,Yes,No,2981,26,2,0,4.1,Not Completed,1,1,0,1,0,1,0,0
2350,STU102350,Ritika Nair,Male,28,Diploma,Employed,Bhopal,Mobile,Medium,C102,Data Analysis with Python,Programming,Intermediate,60,4.7,6,33,73.9,0,0.5,15,4,6.6,3,7,2,63.9,73.1,47.5,2,01-03-2025,NetBanking,Yes,No,5195,69,1,1,4.0,Not Completed,1,1,0,1,2,2,4,3
2351,STU102351,Vihaan Gupta,Male,27,PhD,Employed,Hyderabad,Mobile,Low,C106,Machine Learning A-Z,Programming,Advanced,90,4.6,3,31,68.0,2,6.1,0,6,6.6,3,7,3,74.4,26.0,43.1,2,31-07-2024,UPI,Yes,No,6874,59,4,1,4.9,Not Completed,1,4,0,1,1,0,4,5
2352,STU102352,Rahul Kumar,Male,30,Master,Employed,Jaipur,Mobile,Low,C101,Python Basics,Programming,Beginner,45,4.6,4,42,49.9,2,4.1,3,3,5.9,5,5,0,73.3,49.1,49.9,0,05-12-2023,NetBanking,Yes,No,4214,38,3,1,5.0,Not Completed,1,3,0,1,1,1,4,3
2353,STU102353,Sai Joshi,Male,22,Bachelor,Student,Vadodara,Mobile,Medium,C103,Introduction to AI,Programming,Intermediate,75,4.5,8,19,94.9,1,0.5,12,5,7.7,4,6,7,70.4,88.1,61.6,1,04-10-2024,Credit Card,Yes,No,5974,18,3,1,5.0,Not Completed,1,0,2,1,2,2,4,0
2354,STU102354,Rahul Gupta,Female,23,Bachelor,Employed,Jaipur,Laptop,High,C108,Excel for Business,Business,Beginner,25,4.1,5,21,76.2,3,4.9,22,3,6.3,3,7,1,45.7,65.5,48.0,5,02-12-2024,Scholarship,No,No,1468,64,0,3,4.7,Not Completed,0,0,0,0,0,1,0,4
2355,STU102355,Meera Bhardwaj,Female,31,Bachelor,Employed,Bengaluru,Laptop,Medium,C102,Data Analysis with Python,Programming,Intermediate,60,4.7,3,46,57.9,1,0.5,0,8,6.0,4,6,4,69.3,32.9,45.9,1,19-09-2025,Scholarship,No,No,1417,95,2,0,3.8,Completed,0,0,0,0,2,2,4,4
2356,STU102356,Ritika Nair,Female,25,Master,Student,Bengaluru,Mobile,Low,C105,UI/UX Design Fundamentals,Design,Beginner,40,4.4,6,27,73.3,2,1.2,6,3,7.0,3,7,3,88.6,92.0,48.3,1,11-03-2024,UPI,Yes,No,3803,65,1,1,4.5,Completed,0,3,2,1,1,1,1,5
2357,STU102357,Priya Bhardwaj,Male,33,Bachelor,Student,Indore,Tablet,Medium,C102,Data Analysis with Python,Programming,Intermediate,60,4.7,4,25,31.5,3,0.5,1,7,4.9,4,6,1,52.3,57.0,37.9,4,01-08-2025,UPI,Yes,No,4537,12,1,0,3.3,Completed,1,0,2,2,2,2,4,5
2358,STU102358,Sneha Nair,Male,21,Master,Employed,Vadodara,Mobile,Low,C102,Data Analysis with Python,Programming,Intermediate,60,4.7,4,28,33.5,1,0.5,4,4,5.7,5,5,2,67.1,53.5,44.4,0,01-07-2025,Free,No,Yes,0,68,2,0,3.2,Not Completed,1,3,0,1,1,2,4,2
2359,STU102359,Isha Nair,Female,20,Bachelor,Employed,Kolkata,Mobile,Medium,C102,Data Analysis with Python,Programming,Intermediate,60,4.7,4,48,43.1,1,8.3,8,3,2.3,5,5,5,88.0,77.9,49.0,1,13-10-2024,UPI,Yes,No,4731,100,5,0,4.4,Completed,0,0,0,1,2,2,4,5
2360,STU102360,Kavya Gupta,Male,21,Master,Employed,Ahmedabad,Mobile,High,C102,Data Analysis with Python,Programming,Intermediate,60,4.7,3,7,61.8,1,0.5,16,4,5.3,2,8,4,74.7,50.6,36.2,6,28-12-2024,Free,No,Yes,0,66,1,1,4.6,Not Completed,1,3,0,1,0,2,4,2
2361,STU102361,Ritika Nair,Female,27,Bachelor,Self-Employed,Bhopal,Mobile,High,C108,Excel for Business,Business,Beginner,25,4.1,8,26,68.8,3,13.2,19,5,8.1,4,6,3,71.7,94.5,52.8,5,07-06-2024,Free,No,No,0,68,3,2,5.0,Not Completed,0,0,1,1,0,1,0,2
2362,STU102362,Ananya Iyer,Female,30,Bachelor,Student,Nagpur,Mobile,Medium,C101,Python Basics,Programming,Beginner,45,4.6,5,34,74.9,2,1.1,0,11,8.2,4,6,6,81.9,74.7,54.0,1,24-08-2024,UPI,Yes,Yes,3920,93,2,1,4.1,Completed,0,0,2,1,2,1,4,5
2363,STU102363,Isha Desai,Male,32,Master,Student,Hyderabad,Mobile,High,C107,Statistics for Data Science,Math,Intermediate,50,4.2,6,20,70.8,3,8.8,11,9,10.0,8,2,6,92.0,66.3,76.1,3,27-07-2025,Free,No,No,0,70,2,0,4.4,Not Completed,1,3,2,1,0,2,3,2
2364,STU102364,Aditya Sharma,Male,30,Bachelor,Student,Indore,Mobile,High,C102,Data Analysis with Python,Programming,Intermediate,60,4.7,5,52,61.9,4,5.5,2,6,7.0,5,5,6,81.4,83.1,55.8,1,20-01-2024,Free,No,No,0,100,2,1,5.0,Not Completed,1,0,2,1,0,2,4,2
2365,STU102365,Sai Bhardwaj,Female,18,Bachelor,Student,Mumbai,Mobile,Medium,C101,Python Basics,Programming,Beginner,45,4.6,6,33,27.7,2,6.8,6,3,3.4,4,6,3,69.0,66.9,37.0,1,04-08-2024,Credit Card,Yes,Yes,3735,100,2,1,3.5,Not Completed,0,0,2,1,2,1,4,0
2366,STU102366,Rahul Bose,Male,27,HighSchool,Employed,Kolkata,Mobile,High,C107,Statistics for Data Science,Math,Intermediate,50,4.2,7,17,60.3,2,3.1,0,1,6.8,2,8,6,70.5,82.6,37.3,3,27-10-2023,UPI,Yes,No,4086,91,2,1,4.5,Completed,1,2,0,1,0,2,3,5
2367,STU102367,Isha Iyer,Female,29,Bachelor,Unemployed,Surat,Laptop,Medium,C108,Excel for Business,Business,Beginner,25,4.1,5,49,96.7,3,14.9,14,5,6.0,3,7,4,82.1,70.5,55.4,2,04-03-2024,Debit Card,Yes,Yes,2613,59,2,0,3.7,Not Completed,0,0,3,0,2,1,0,1
2368,STU102368,Meera Reddy,Female,17,Bachelor,Employed,Surat,Laptop,Medium,C106,Machine Learning A-Z,Programming,Advanced,90,4.6,4,42,86.4,1,0.5,35,3,5.1,5,5,1,68.4,76.5,64.1,1,09-09-2025,Debit Card,Yes,Yes,5106,100,3,4,3.7,Not Completed,0,0,0,0,2,0,4,1
2369,STU102369,Rahul Nair,Male,22,Bachelor,Employed,Delhi,Tablet,Medium,C103,Introduction to AI,Programming,Intermediate,75,4.5,5,32,34.6,4,2.8,1,7,9.6,5,4,2,55.5,70.6,45.6,0,09-07-2025,Debit Card,Yes,No,6033,93,2,0,4.3,Not Completed,1,0,0,2,2,2,4,1
2370,STU102370,Krishna Bose,Male,29,Bachelor,Student,Nagpur,Mobile,Low,C106,Machine Learning A-Z,Programming,Advanced,90,4.6,5,46,72.5,3,1.4,1,5,5.1,6,4,5,60.2,53.5,64.0,4,25-12-2024,Debit Card,Yes,No,6370,64,1,2,5.0,Completed,1,0,2,1,1,0,4,1
2371,STU102371,Rahul Nair,Female,33,Bachelor,Student,Hyderabad,Laptop,Medium,C102,Data Analysis with Python,Programming,Intermediate,60,4.7,6,42,43.0,4,4.0,0,6,10.0,5,5,4,90.8,72.3,48.7,5,24-08-2025,Debit Card,Yes,Yes,3941,64,4,0,5.0,Completed,0,0,2,0,2,2,4,1
2372,STU102372,Ritika Iyer,Male,28,Bachelor,Employed,Jaipur,Laptop,Medium,C101,Python Basics,Programming,Beginner,45,4.6,4,47,57.3,4,0.5,9,6,4.8,5,5,6,66.7,76.5,53.9,1,18-01-2025,Debit Card,Yes,No,3872,49,2,2,3.8,Completed,1,0,0,0,2,1,4,1
2373,STU102373,Sai Iyer,Male,27,Bachelor,Employed,Bhopal,Laptop,Low,C108,Excel for Business,Business,Beginner,25,4.1,3,30,50.7,1,0.5,3,6,6.2,3,7,3,83.4,72.0,39.3,2,05-04-2025,NetBanking,Yes,Yes,2719,84,5,0,3.7,Completed,1,0,0,0,1,1,0,3
2374,STU102374,Rohan Verma,Female,36,HighSchool,Employed,Delhi,Mobile,Medium,C103,Introduction to AI,Programming,Intermediate,75,4.5,7,53,76.0,2,6.7,1,6,4.5,6,4,8,76.7,57.9,65.5,3,01-03-2024,Credit Card,Yes,Yes,4837,83,1,3,5.0,Not Completed,0,2,0,1,2,2,4,0
2375,STU102375,Ritika Joshi,Female,23,Bachelor,Employed,Mumbai,Mobile,Medium,C103,Introduction to AI,Programming,Intermediate,75,4.5,7,33,57.6,3,4.6,2,4,5.7,5,5,5,83.2,90.1,54.7,1,08-11-2024,Free,No,Yes,0,94,2,1,2.6,Completed,0,0,0,1,2,2,4,2
2376,STU102376,Sai Joshi,Female,25,Bachelor,Student,Delhi,Mobile,Medium,C103,Introduction to AI,Programming,Intermediate,75,4.5,7,44,86.8,2,3.8,5,6,6.7,5,5,7,90.5,69.7,63.9,4,11-09-2025,UPI,Yes,No,5387,85,4,0,4.7,Not Completed,0,0,2,1,2,2,4,5
2377,STU102377,Rohan Shah,Male,21,Diploma,Unemployed,Surat,Mobile,Low,C107,Statistics for Data Science,Math,Intermediate,50,4.2,5,20,40.0,1,3.3,2,4,7.2,7,3,3,63.5,57.5,58.9,4,14-02-2024,Free,No,No,0,90,3,1,4.0,Completed,1,1,3,1,1,2,3,2
2378,STU102378,Ananya Kumar,Female,27,Bachelor,Employed,Kolkata,Laptop,High,C102,Data Analysis with Python,Programming,Intermediate,60,4.7,7,31,76.0,0,0.5,6,3,8.3,5,4,4,62.4,93.4,61.3,1,22-05-2024,Debit Card,Yes,No,4939,38,4,3,5.0,Completed,0,0,0,0,0,2,4,1
2379,STU102379,Aarav Nair,Female,30,Master,Employed,Lucknow,Mobile,Medium,C104,Digital Marketing Essentials,Marketing,Beginner,30,4.3,5,36,30.6,2,0.8,1,4,6.9,7,3,3,50.4,59.3,55.7,1,26-05-2024,Credit Card,Yes,No,3662,40,2,0,4.6,Not Completed,0,3,0,1,2,1,2,0
2380,STU102380,Ananya Bose,Female,24,Master,Student,Bhopal,Tablet,Medium,C108,Excel for Business,Business,Beginner,25,4.1,8,46,56.2,5,1.7,12,4,8.5,7,3,7,78.5,85.3,65.9,2,27-03-2025,Free,No,No,0,100,1,1,3.9,Completed,0,3,2,2,2,1,0,2
2381,STU102381,Vivaan Bose,Female,27,Bachelor,Student,Kolkata,Mobile,Medium,C108,Excel for Business,Business,Beginner,25,4.1,3,32,65.1,0,1.8,7,4,7.5,2,7,1,51.1,55.2,37.5,1,27-02-2025,Scholarship,No,No,293,79,1,0,3.4,Not Completed,0,0,2,1,2,1,0,4
2382,STU102382,Vivaan Joshi,Male,18,Bachelor,Student,Mumbai,Laptop,Medium,C105,UI/UX Design Fundamentals,Design,Beginner,40,4.4,4,17,42.1,0,8.8,8,6,3.6,3,7,3,73.8,61.8,35.8,0,17-09-2024,UPI,Yes,No,4355,74,2,1,3.7,Completed,1,0,2,0,2,1,1,5
2383,STU102383,Ananya Joshi,Male,30,Master,Student,Delhi,Laptop,High,C101,Python Basics,Programming,Beginner,45,4.6,2,15,66.4,2,0.5,2,5,7.0,7,3,3,64.8,59.4,68.2,1,24-04-2024,Free,No,No,0,61,3,1,4.4,Completed,1,3,2,0,0,1,4,2
2384,STU102384,Priya Joshi,Female,29,Bachelor,Student,Mumbai,Mobile,High,C101,Python Basics,Programming,Beginner,45,4.6,3,28,27.8,0,4.7,8,6,4.4,5,5,4,48.5,67.5,43.1,3,03-03-2025,UPI,Yes,No,3960,76,0,1,4.2,Not Completed,0,0,2,1,0,1,4,5
2385,STU102385,Krishna Sharma,Female,30,Bachelor,Student,Surat,Laptop,High,C104,Digital Marketing Essentials,Marketing,Beginner,30,4.3,3,18,29.5,2,9.9,4,2,4.3,3,7,5,96.0,70.6,31.8,2,22-03-2024,Debit Card,Yes,No,3157,18,1,0,3.5,Not Completed,0,0,2,0,0,1,2,1
2386,STU102386,Isha Sharma,Male,17,Diploma,Employed,Bhopal,Laptop,Low,C104,Digital Marketing Essentials,Marketing,Beginner,30,4.3,1,52,71.8,0,0.5,9,4,5.9,2,8,3,60.8,76.6,41.0,3,24-03-2024,UPI,Yes,No,3439,63,0,2,4.2,Not Completed,1,1,0,0,1,1,2,5
2387,STU102387,Neha Singh,Female,34,Bachelor,Student,Kolkata,Mobile,High,C103,Introduction to AI,Programming,Intermediate,75,4.5,6,52,55.5,2,6.6,34,2,4.7,5,5,4,77.0,58.9,52.4,2,18-08-2024,Scholarship,No,No,2596,36,3,0,4.1,Completed,0,0,2,1,0,2,4,4
2388,STU102388,Sneha Mehta,Male,24,Master,Student,Bhopal,Laptop,Medium,C102,Data Analysis with Python,Programming,Intermediate,60,4.7,7,32,80.4,1,16.4,2,9,8.2,5,5,3,63.5,64.0,61.3,0,18-07-2024,UPI,Yes,No,5441,94,0,0,4.4,Completed,1,3,2,0,2,2,4,5
2389,STU102389,Vihaan Reddy,Male,22,HighSchool,Student,Lucknow,Mobile,Low,C107,Statistics for Data Science,Math,Intermediate,50,4.2,5,30,22.3,5,0.5,0,14,5.9,5,5,3,72.5,78.8,41.7,0,30-03-2024,Free,No,Yes,0,46,0,0,4.7,Not Completed,1,2,2,1,1,2,3,2
2390,STU102390,Arjun Joshi,Female,28,Bachelor,Employed,Indore,Laptop,Medium,C103,Introduction to AI,Programming,Intermediate,75,4.5,6,21,67.7,3,7.9,6,4,3.6,6,4,4,59.9,70.0,63.2,1,18-10-2024,Free,No,No,0,89,1,1,3.5,Completed,0,0,0,0,2,2,4,2
2391,STU102391,Krishna Sharma,Female,24,Bachelor,Employed,Pune,Tablet,Low,C102,Data Analysis with Python,Programming,Intermediate,60,4.7,6,46,76.1,0,9.4,1,6,9.5,8,2,4,67.6,51.2,77.2,2,01-03-2024,UPI,Yes,No,4662,48,2,0,4.5,Not Completed,0,0,0,2,1,2,4,5
2392,STU102392,Priya Mehta,Female,17,Bachelor,Student,Indore,Mobile,Medium,C103,Introduction to AI,Programming,Intermediate,75,4.5,5,46,70.5,3,4.2,3,7,6.8,6,4,1,84.1,51.9,63.3,0,18-11-2023,Free,No,No,0,61,4,1,4.5,Completed,0,0,2,1,2,2,4,2
2393,STU102393,Sai Iyer,Female,24,Bachelor,Self-Employed,Pune,Tablet,High,C108,Excel for Business,Business,Beginner,25,4.1,6,27,48.6,3,0.5,8,5,7.8,4,6,3,78.1,71.6,44.6,0,28-08-2025,Scholarship,No,No,594,68,0,0,4.1,Not Completed,0,0,1,2,0,1,0,4
2394,STU102394,Neha Sharma,Male,25,Bachelor,Employed,Chennai,Mobile,Low,C104,Digital Marketing Essentials,Marketing,Beginner,30,4.3,6,40,79.7,1,0.5,15,4,5.7,4,6,3,69.4,38.5,53.8,2,07-03-2025,Free,No,Yes,0,79,2,1,3.9,Not Completed,1,0,0,1,1,1,2,2
2395,STU102395,Arjun Joshi,Male,23,Master,Student,Vadodara,Laptop,High,C106,Machine Learning A-Z,Programming,Advanced,90,4.6,3,14,59.9,1,0.5,4,1,4.4,3,7,5,71.4,81.3,43.0,8,29-11-2024,Credit Card,Yes,No,6368,67,3,1,4.2,Not Completed,1,3,2,0,0,0,4,0
2396,STU102396,Ritika Nair,Female,19,Bachelor,Employed,Bhopal,Laptop,Medium,C106,Machine Learning A-Z,Programming,Advanced,90,4.6,5,29,76.1,1,0.5,0,6,6.8,4,6,6,63.4,66.8,54.0,6,18-11-2024,UPI,Yes,No,6862,85,1,0,5.0,Completed,0,0,0,0,2,0,4,5
2397,STU102397,Arjun Sharma,Male,18,Master,Student,Delhi,Mobile,Medium,C107,Statistics for Data Science,Math,Intermediate,50,4.2,2,21,76.3,1,1.6,0,1,8.3,2,8,4,44.8,66.8,42.0,3,23-02-2024,Scholarship,No,No,1154,100,2,0,3.7,Completed,1,3,2,1,2,2,3,4
2398,STU102398,Arjun Joshi,Male,33,Bachelor,Employed,Surat,Laptop,High,C101,Python Basics,Programming,Beginner,45,4.6,4,21,79.8,5,0.5,2,7,10.0,4,6,6,57.3,77.4,55.8,5,16-09-2025,UPI,Yes,No,4460,73,2,1,5.0,Not Completed,1,0,0,0,0,1,4,5
2399,STU102399,Rohan Patel,Male,21,Bachelor,Student,Lucknow,Mobile,Low,C107,Statistics for Data Science,Math,Intermediate,50,4.2,6,30,50.1,2,4.7,8,3,8.0,8,2,2,80.7,67.2,68.9,1,29-12-2024,Credit Card,Yes,No,4848,41,5,2,4.7,Not Completed,1,0,2,1,1,2,3,0
2400,STU102400,Sakshi Nair,Male,18,Bachelor,Employed,Mumbai,Mobile,Medium,C103,Introduction to AI,Programming,Intermediate,75,4.5,3,33,75.2,1,7.1,5,5,7.7,5,5,6,85.6,62.8,59.4,3,08-08-2024,UPI,Yes,No,6169,93,1,0,3.3,Completed,1,0,0,1,2,2,4,5
2401,STU102401,Ananya Reddy,Male,35,Master,Employed,Delhi,Mobile,Medium,C106,Machine Learning A-Z,Programming,Advanced,90,4.6,7,37,80.2,6,1.7,3,3,6.9,5,5,5,95.7,73.1,61.7,2,26-06-2024,Free,No,No,0,68,4,2,4.5,Completed,1,3,0,1,2,0,4,2
2402,STU102402,Sakshi Verma,Male,30,Bachelor,Student,Indore,Laptop,Medium,C104,Digital Marketing Essentials,Marketing,Beginner,30,4.3,7,49,42.1,0,8.7,5,3,6.8,5,4,9,75.6,68.2,48.1,3,28-06-2024,UPI,Yes,No,3709,49,1,0,5.0,Not Completed,1,0,2,0,2,1,2,5
2403,STU102403,Neha Desai,Female,22,Master,Student,Delhi,Laptop,High,C107,Statistics for Data Science,Math,Intermediate,50,4.2,5,33,87.3,0,0.5,0,7,6.7,3,7,6,82.7,90.5,53.1,0,03-10-2025,Debit Card,Yes,No,4278,62,1,0,2.8,Completed,0,3,2,0,0,2,3,1
2404,STU102404,Rohan Iyer,Female,29,Bachelor,Student,Nagpur,Laptop,Medium,C103,Introduction to AI,Programming,Intermediate,75,4.5,2,26,44.0,2,0.5,0,3,8.3,6,4,3,85.5,62.6,54.5,2,13-02-2025,Scholarship,No,No,898,83,0,0,4.4,Completed,0,0,2,0,2,2,4,4
2405,STU102405,Vihaan Nair,Female,34,Master,Student,Indore,Mobile,High,C104,Digital Marketing Essentials,Marketing,Beginner,30,4.3,5,33,56.9,2,0.5,3,5,7.1,7,3,5,73.2,80.7,66.0,3,19-04-2024,UPI,Yes,Yes,3193,69,4,0,4.5,Not Completed,0,3,2,1,0,1,2,5
2406,STU102406,Krishna Shah,Male,39,Bachelor,Student,Jaipur,Laptop,Medium,C105,UI/UX Design Fundamentals,Design,Beginner,40,4.4,7,41,85.8,1,7.2,2,3,5.7,5,4,9,77.7,71.7,63.6,1,17-03-2024,Free,No,No,0,86,2,3,4.3,Not Completed,1,0,2,0,2,1,1,2
2407,STU102407,Rohan Sharma,Female,20,HighSchool,Student,Bengaluru,Laptop,Medium,C103,Introduction to AI,Programming,Intermediate,75,4.5,3,33,56.0,2,0.5,5,4,6.9,5,5,4,72.9,74.0,53.3,5,23-07-2024,NetBanking,Yes,No,6146,68,2,1,4.8,Completed,0,2,2,0,2,2,4,3
2408,STU102408,Krishna Bose,Male,29,Master,Employed,Bengaluru,Mobile,High,C103,Introduction to AI,Programming,Intermediate,75,4.5,5,12,82.4,3,0.5,9,5,5.3,4,6,5,69.1,70.1,56.3,4,09-07-2025,NetBanking,Yes,Yes,4752,67,4,2,3.3,Not Completed,1,3,0,1,0,2,4,3
2409,STU102409,Krishna Sharma,Female,22,Bachelor,Employed,Nagpur,Laptop,Low,C101,Python Basics,Programming,Beginner,45,4.6,4,34,85.5,4,0.5,3,4,7.5,6,4,6,56.5,68.9,69.4,3,07-12-2024,Credit Card,Yes,No,4099,60,4,0,3.2,Not Completed,0,0,0,0,1,1,4,0
2410,STU102410,Ritika Kumar,Female,26,Bachelor,Employed,Indore,Mobile,Medium,C105,UI/UX Design Fundamentals,Design,Beginner,40,4.4,8,51,63.2,2,11.5,3,7,3.3,5,5,1,75.7,54.2,54.8,5,09-06-2024,NetBanking,Yes,No,4101,43,2,2,4.2,Not Completed,0,0,0,1,2,1,1,3
2411,STU102411,Rohan Joshi,Female,35,Bachelor,Student,Chennai,Mobile,High,C104,Digital Marketing Essentials,Marketing,Beginner,30,4.3,6,67,76.9,4,5.5,1,9,9.0,8,2,3,82.4,74.1,78.6,3,22-03-2025,UPI,Yes,Yes,3023,15,4,1,3.6,Completed,0,0,2,1,0,1,2,5
2412,STU102412,Isha Iyer,Female,23,Bachelor,Employed,Mumbai,Mobile,Medium,C102,Data Analysis with Python,Programming,Intermediate,60,4.7,2,23,55.9,3,0.5,1,3,4.4,9,1,8,84.6,99.3,78.5,3,18-07-2024,Credit Card,Yes,No,4636,40,3,1,4.4,Completed,0,0,0,1,2,2,4,0
2413,STU102413,Sneha Kumar,Male,33,Master,Student,Hyderabad,Mobile,Low,C106,Machine Learning A-Z,Programming,Advanced,90,4.6,7,36,85.6,1,1.4,1,7,8.2,7,3,7,69.2,53.9,74.7,2,25-06-2024,Debit Card,Yes,No,5991,55,2,2,4.7,Completed,1,3,2,1,1,0,4,1
2414,STU102414,Pooja Bose,Male,30,Bachelor,Employed,Mumbai,Laptop,High,C102,Data Analysis with Python,Programming,Intermediate,60,4.7,6,50,78.5,1,0.5,9,6,7.3,5,5,5,83.8,94.3,62.2,2,17-10-2023,Credit Card,Yes,Yes,4161,82,4,1,4.9,Completed,1,0,0,0,0,2,4,0
2415,STU102415,Vivaan Iyer,Female,23,Diploma,Employed,Indore,Laptop,Medium,C102,Data Analysis with Python,Programming,Intermediate,60,4.7,5,34,65.5,3,0.5,3,3,5.2,7,2,8,66.0,69.8,68.4,2,04-08-2024,UPI,Yes,No,4811,100,1,0,3.9,Not Completed,0,1,0,0,2,2,4,5
2416,STU102416,Meera Kumar,Male,17,Bachelor,Employed,Bhopal,Laptop,Medium,C105,UI/UX Design Fundamentals,Design,Beginner,40,4.4,5,42,88.8,2,5.4,17,2,5.9,4,6,5,64.9,75.4,58.9,0,31-12-2024,Credit Card,Yes,No,3735,49,5,1,4.5,Completed,1,0,0,0,2,1,1,0
2417,STU102417,Sai Kumar,Female,32,Diploma,Student,Kolkata,Mobile,Low,C103,Introduction to AI,Programming,Intermediate,75,4.5,2,43,63.3,0,4.3,3,2,6.4,2,8,5,96.4,71.4,37.7,0,23-08-2024,Credit Card,Yes,No,6040,59,0,1,3.7,Not Completed,0,1,2,1,1,2,4,0
2418,STU102418,Vihaan Sharma,Male,21,Diploma,Employed,Lucknow,Mobile,Medium,C101,Python Basics,Programming,Beginner,45,4.6,6,32,61.5,1,0.5,0,5,6.0,7,3,3,80.6,46.5,65.8,4,04-05-2025,Debit Card,Yes,No,4078,29,4,0,4.5,Completed,1,1,0,1,2,1,4,1
2419,STU102419,Arjun Joshi,Female,29,Master,Employed,Hyderabad,Mobile,High,C106,Machine Learning A-Z,Programming,Advanced,90,4.6,3,37,67.9,4,2.9,0,3,8.0,5,5,5,72.2,49.7,56.3,2,21-10-2024,Scholarship,No,Yes,413,54,4,3,5.0,Not Completed,0,3,0,1,0,0,4,4
2420,STU102420,Nikhil Gupta,Male,26,Master,Student,Jaipur,Tablet,Medium,C103,Introduction to AI,Programming,Intermediate,75,4.5,6,14,72.6,3,0.6,8,7,8.6,6,4,5,83.0,60.0,64.4,2,12-08-2025,Credit Card,Yes,No,5521,48,3,1,5.0,Completed,1,3,2,2,2,2,4,0
2421,STU102421,Neha Singh,Male,37,Diploma,Student,Jaipur,Mobile,High,C103,Introduction to AI,Programming,Intermediate,75,4.5,5,44,97.2,4,5.7,10,7,10.0,1,9,4,42.5,98.7,45.0,6,02-02-2024,Credit Card,Yes,No,5945,46,3,0,3.7,Completed,1,1,2,1,0,2,4,0
2422,STU102422,Arjun Iyer,Male,26,HighSchool,Employed,Indore,Mobile,High,C105,UI/UX Design Fundamentals,Design,Beginner,40,4.4,9,47,81.6,2,3.5,5,5,6.7,4,6,2,88.8,60.5,55.6,2,28-11-2023,Scholarship,No,No,450,66,2,1,3.7,Completed,1,2,0,1,0,1,1,4
2423,STU102423,Nikhil Bose,Male,27,Master,Employed,Bhopal,Mobile,Low,C105,UI/UX Design Fundamentals,Design,Beginner,40,4.4,7,40,77.0,4,15.6,10,5,3.0,5,5,1,52.9,55.3,59.7,4,29-04-2024,Free,No,No,0,92,1,1,5.0,Completed,1,3,0,1,1,1,1,2
2424,STU102424,Krishna Nair,Male,25,HighSchool,Employed,Kolkata,Mobile,High,C108,Excel for Business,Business,Beginner,25,4.1,4,21,60.7,0,0.5,10,1,7.9,4,6,4,69.0,62.6,48.4,6,01-01-2024,Free,No,No,0,65,1,1,3.4,Not Completed,1,2,0,1,0,1,0,2
2425,STU102425,Rahul Bhardwaj,Female,24,Bachelor,Employed,Hyderabad,Laptop,High,C102,Data Analysis with Python,Programming,Intermediate,60,4.7,3,30,25.1,2,8.9,16,7,5.8,5,5,5,55.1,67.5,42.2,1,13-02-2025,Debit Card,Yes,Yes,4210,63,1,0,2.6,Not Completed,0,0,0,0,0,2,4,1
2426,STU102426,Krishna Gupta,Male,23,Bachelor,Student,Indore,Tablet,High,C101,Python Basics,Programming,Beginner,45,4.6,8,44,81.7,2,3.0,9,6,6.3,6,4,2,81.4,66.3,67.9,1,24-02-2024,Debit Card,Yes,No,4281,70,1,0,5.0,Completed,1,0,2,2,0,1,4,1
2427,STU102427,Krishna Mehta,Male,37,Master,Student,Surat,Mobile,High,C106,Machine Learning A-Z,Programming,Advanced,90,4.6,5,54,81.0,5,11.6,3,1,6.2,6,4,4,87.1,72.2,67.9,2,12-05-2025,Free,No,No,0,57,5,1,4.1,Completed,1,3,2,1,0,0,4,2
2428,STU102428,Sneha Bose,Male,24,HighSchool,Employed,Hyderabad,Laptop,High,C103,Introduction to AI,Programming,Intermediate,75,4.5,2,50,17.3,3,0.5,0,2,5.0,5,5,4,75.1,52.5,38.7,1,14-02-2024,Free,No,No,0,56,5,0,4.6,Completed,1,2,0,0,0,2,4,2
2429,STU102429,Isha Sharma,Female,29,Master,Student,Kolkata,Laptop,Medium,C103,Introduction to AI,Programming,Intermediate,75,4.5,5,25,66.0,4,0.5,5,7,6.8,5,5,6,79.8,48.8,55.5,7,15-03-2025,Debit Card,Yes,No,5532,69,2,3,4.2,Not Completed,0,3,2,0,2,2,4,1
2430,STU102430,Aarav Verma,Male,21,HighSchool,Self-Employed,Jaipur,Laptop,Low,C102,Data Analysis with Python,Programming,Intermediate,60,4.7,3,36,45.2,0,10.6,6,3,6.6,4,6,4,69.5,77.2,43.7,2,26-02-2024,UPI,Yes,No,4526,62,3,1,5.0,Not Completed,1,2,1,0,1,2,4,5
2431,STU102431,Ananya Patel,Female,27,Bachelor,Student,Jaipur,Laptop,High,C101,Python Basics,Programming,Beginner,45,4.6,5,42,85.8,3,0.5,5,4,4.1,7,3,3,87.0,100.0,77.0,3,26-09-2025,Debit Card,Yes,No,4545,47,4,0,3.5,Completed,0,0,2,0,0,1,4,1
2432,STU102432,Krishna Nair,Male,25,Bachelor,Unemployed,Nagpur,Laptop,Low,C103,Introduction to AI,Programming,Intermediate,75,4.5,2,10,90.7,2,0.5,0,6,4.1,7,3,4,65.5,50.6,76.3,0,17-09-2025,Free,No,No,0,50,0,1,4.3,Not Completed,1,0,3,0,1,2,4,2
2433,STU102433,Rahul Shah,Female,32,Bachelor,Employed,Surat,Mobile,Medium,C108,Excel for Business,Business,Beginner,25,4.1,7,35,61.5,6,0.7,6,5,7.0,6,4,4,83.4,69.1,61.0,1,03-04-2024,Debit Card,Yes,No,3484,50,6,2,5.0,Completed,0,0,0,1,2,1,0,1
2434,STU102434,Kavya Desai,Male,21,HighSchool,Employed,Surat,Mobile,Medium,C103,Introduction to AI,Programming,Intermediate,75,4.5,3,24,97.1,1,0.5,3,7,9.3,3,7,1,68.2,73.7,55.7,3,19-11-2024,UPI,Yes,No,5750,31,0,0,4.1,Completed,1,2,0,1,2,2,4,5
2435,STU102435,Priya Bhardwaj,Male,33,HighSchool,Student,Ahmedabad,Mobile,Medium,C102,Data Analysis with Python,Programming,Intermediate,60,4.7,4,42,51.6,2,2.3,1,7,4.8,5,5,4,83.2,69.2,51.5,6,20-10-2023,NetBanking,Yes,No,4906,84,2,0,4.0,Completed,1,2,2,1,2,2,4,3
2436,STU102436,Sai Bhardwaj,Male,35,Master,Student,Pune,Laptop,Low,C105,UI/UX Design Fundamentals,Design,Beginner,40,4.4,4,44,56.7,3,8.7,10,5,10.0,6,3,2,68.0,68.3,59.3,1,26-10-2023,Debit Card,Yes,No,4193,100,5,1,3.6,Not Completed,1,3,2,0,1,1,1,1
2437,STU102437,Ritika Reddy,Male,34,Bachelor,Employed,Surat,Mobile,Medium,C106,Machine Learning A-Z,Programming,Advanced,90,4.6,6,48,35.8,2,6.3,0,9,6.3,4,6,3,85.0,48.4,38.9,6,06-04-2025,UPI,Yes,No,6510,91,5,0,2.8,Completed,1,0,0,1,2,0,4,5
2438,STU102438,Neha Kumar,Male,30,Bachelor,Student,Nagpur,Mobile,Medium,C102,Data Analysis with Python,Programming,Intermediate,60,4.7,5,26,61.8,3,0.5,4,8,5.3,7,3,2,83.3,75.9,67.4,4,17-07-2024,NetBanking,Yes,No,4820,48,6,0,3.8,Not Completed,1,0,2,1,2,2,4,3
2439,STU102439,Rahul Sharma,Female,23,Master,Employed,Bengaluru,Laptop,Medium,C102,Data Analysis with Python,Programming,Intermediate,60,4.7,3,43,17.7,6,0.5,10,4,9.8,4,6,5,79.6,53.9,32.9,0,15-04-2025,Credit Card,Yes,No,4574,89,1,1,2.9,Completed,0,3,0,0,2,2,4,0
2440,STU102440,Rohan Kumar,Male,24,Master,Employed,Mumbai,Mobile,Medium,C105,UI/UX Design Fundamentals,Design,Beginner,40,4.4,2,16,78.8,2,0.5,5,4,5.7,7,3,4,49.2,35.6,71.3,3,27-07-2024,UPI,Yes,Yes,3132,53,1,2,3.6,Not Completed,1,3,0,1,2,1,1,5
2441,STU102441,Arjun Kumar,Male,31,Bachelor,Employed,Nagpur,Mobile,Medium,C107,Statistics for Data Science,Math,Intermediate,50,4.2,6,23,61.9,3,3.2,2,2,9.7,7,3,5,79.0,85.7,68.0,5,04-08-2025,Debit Card,Yes,Yes,4145,67,1,1,3.6,Completed,1,0,0,1,2,2,3,1
2442,STU102442,Rohan Shah,Male,29,Bachelor,Employed,Pune,Mobile,Medium,C104,Digital Marketing Essentials,Marketing,Beginner,30,4.3,6,37,34.7,4,0.5,1,5,6.6,5,5,2,99.6,69.0,45.6,3,18-10-2023,NetBanking,Yes,No,3741,100,3,2,4.9,Not Completed,1,0,0,1,2,1,2,3
2443,STU102443,Sneha Iyer,Female,26,Bachelor,Student,Jaipur,Mobile,High,C108,Excel for Business,Business,Beginner,25,4.1,8,26,52.3,1,7.7,3,4,8.0,7,2,6,69.6,100.0,65.3,3,13-09-2024,Free,No,No,0,69,3,0,4.2,Not Completed,0,0,2,1,0,1,0,2
2444,STU102444,Aditya Nair,Male,17,Bachelor,Employed,Bhopal,Tablet,Medium,C104,Digital Marketing Essentials,Marketing,Beginner,30,4.3,5,31,96.0,1,7.6,7,3,8.1,5,5,3,86.7,57.3,66.5,3,01-03-2024,Debit Card,Yes,No,3376,56,1,1,3.9,Completed,1,0,0,2,2,1,2,1
2445,STU102445,Isha Bose,Male,36,Bachelor,Unemployed,Jaipur,Mobile,Low,C102,Data Analysis with Python,Programming,Intermediate,60,4.7,2,45,56.7,4,0.5,2,5,6.6,5,5,2,67.8,74.3,53.6,2,14-12-2023,Free,No,No,0,91,1,0,4.2,Not Completed,1,0,3,1,1,2,4,2
2446,STU102446,Aarav Shah,Female,24,Bachelor,Employed,Hyderabad,Laptop,Medium,C102,Data Analysis with Python,Programming,Intermediate,60,4.7,5,39,78.0,3,8.1,0,6,7.0,8,2,5,92.6,64.9,78.5,2,29-07-2024,UPI,Yes,No,4662,63,0,0,2.5,Not Completed,0,0,0,0,2,2,4,5
2447,STU102447,Sai Kumar,Male,17,Master,Student,Mumbai,Mobile,Low,C104,Digital Marketing Essentials,Marketing,Beginner,30,4.3,3,31,76.1,3,0.5,6,3,8.0,5,5,5,68.4,83.1,60.8,5,05-06-2025,Free,No,No,0,99,1,2,3.7,Not Completed,1,3,2,1,1,1,2,2
2448,STU102448,Vihaan Nair,Female,25,Bachelor,Student,Indore,Mobile,Medium,C106,Machine Learning A-Z,Programming,Advanced,90,4.6,7,25,53.3,1,8.3,0,3,6.2,4,6,2,85.9,52.1,45.3,4,16-08-2025,Credit Card,Yes,No,6776,80,3,1,3.8,Not Completed,0,0,2,1,2,0,4,0
2449,STU102449,Neha Shah,Female,17,Master,Student,Lucknow,Laptop,Medium,C105,UI/UX Design Fundamentals,Design,Beginner,40,4.4,8,40,60.0,1,15.2,4,5,5.1,6,4,5,76.8,35.4,58.8,1,03-05-2025,Credit Card,Yes,No,3857,56,4,1,4.1,Completed,0,3,2,0,2,1,1,0
2450,STU102450,Krishna Shah,Male,19,Master,Student,Kolkata,Mobile,High,C102,Data Analysis with Python,Programming,Intermediate,60,4.7,4,39,69.5,5,7.7,16,6,2.7,4,5,1,55.3,43.6,50.5,3,18-07-2024,Free,No,Yes,0,71,5,1,2.9,Not Completed,1,3,2,1,0,2,4,2
2451,STU102451,Krishna Bhardwaj,Female,27,Bachelor,Student,Lucknow,Mobile,Medium,C107,Statistics for Data Science,Math,Intermediate,50,4.2,5,32,72.5,0,2.8,21,5,4.8,8,2,5,77.3,92.0,78.0,3,24-11-2024,Free,No,No,0,71,2,0,4.9,Completed,0,0,2,1,2,2,3,2
2452,STU102452,Arjun Reddy,Male,19,HighSchool,Student,Pune,Mobile,Medium,C106,Machine Learning A-Z,Programming,Advanced,90,4.6,6,27,76.7,3,9.3,4,4,7.8,5,5,8,72.4,71.6,60.4,4,03-01-2025,UPI,Yes,No,6528,49,1,1,4.1,Completed,1,2,2,1,2,0,4,5
2453,STU102453,Sneha Verma,Female,29,Master,Employed,Bhopal,Laptop,High,C104,Digital Marketing Essentials,Marketing,Beginner,30,4.3,4,49,46.3,1,4.6,17,7,4.4,6,4,2,79.8,47.5,54.6,2,07-03-2025,UPI,Yes,No,3426,44,3,3,4.0,Not Completed,0,3,0,0,0,1,2,5
2454,STU102454,Sai Reddy,Female,31,Bachelor,Student,Bengaluru,Mobile,Medium,C107,Statistics for Data Science,Math,Intermediate,50,4.2,5,55,54.7,1,12.1,11,6,7.6,5,5,4,70.7,74.6,52.9,2,14-04-2024,Debit Card,Yes,Yes,3969,47,4,1,4.0,Completed,0,0,2,1,2,2,3,1
2455,STU102455,Krishna Bhardwaj,Male,21,Bachelor,Employed,Kolkata,Mobile,Medium,C108,Excel for Business,Business,Beginner,25,4.1,3,43,54.6,1,0.5,23,9,6.6,4,6,6,62.5,36.7,45.0,2,18-04-2024,Free,No,No,0,15,5,2,5.0,Not Completed,1,0,0,1,2,1,0,2
2456,STU102456,Ananya Patel,Male,27,Bachelor,Employed,Ahmedabad,Laptop,Low,C101,Python Basics,Programming,Beginner,45,4.6,5,37,12.8,2,1.5,9,1,4.5,4,6,2,63.8,59.6,31.5,1,15-04-2024,Debit Card,Yes,Yes,3689,46,1,0,4.4,Not Completed,1,0,0,0,1,1,4,1
2457,STU102457,Priya Iyer,Male,19,Diploma,Employed,Jaipur,Tablet,Medium,C102,Data Analysis with Python,Programming,Intermediate,60,4.7,3,31,58.9,1,2.8,3,5,10.0,5,5,1,78.1,56.5,53.4,2,11-03-2024,Debit Card,Yes,Yes,3879,67,4,1,5.0,Completed,1,1,0,2,2,2,4,1
2458,STU102458,Aditya Mehta,Male,25,Bachelor,Employed,Pune,Laptop,Medium,C104,Digital Marketing Essentials,Marketing,Beginner,30,4.3,4,27,86.2,4,0.5,11,2,4.0,3,6,6,94.5,47.3,50.5,2,07-08-2025,Debit Card,Yes,Yes,2721,85,2,4,5.0,Not Completed,1,0,0,0,2,1,2,1
2459,STU102459,Priya Sharma,Male,30,Bachelor,Employed,Indore,Mobile,Medium,C104,Digital Marketing Essentials,Marketing,Beginner,30,4.3,3,37,41.6,2,11.0,9,4,6.9,6,4,3,50.5,82.9,54.7,2,29-10-2023,Scholarship,No,Yes,456,50,2,2,4.4,Not Completed,1,0,0,1,2,1,2,4
2460,STU102460,Sakshi Sharma,Male,23,Master,Student,Chennai,Laptop,High,C103,Introduction to AI,Programming,Intermediate,75,4.5,5,36,67.5,4,13.5,1,3,9.4,5,5,6,80.3,61.9,56.7,1,06-02-2024,Debit Card,Yes,No,5553,100,3,1,4.5,Completed,1,3,2,0,0,2,4,1
2461,STU102461,Aarav Desai,Male,30,Bachelor,Employed,Nagpur,Mobile,High,C105,UI/UX Design Fundamentals,Design,Beginner,40,4.4,5,25,91.5,2,0.9,6,4,6.2,5,5,1,76.1,72.1,65.6,2,30-11-2023,UPI,Yes,No,3995,97,3,2,2.1,Completed,1,0,0,1,0,1,1,5
2462,STU102462,Arjun Singh,Male,36,Bachelor,Employed,Vadodara,Laptop,High,C101,Python Basics,Programming,Beginner,45,4.6,3,26,60.6,3,0.5,0,4,7.9,3,7,4,63.5,69.7,42.7,2,11-03-2024,Scholarship,No,Yes,2027,91,3,1,4.2,Not Completed,1,0,0,0,0,1,4,4
2463,STU102463,Sakshi Patel,Female,25,Diploma,Student,Vadodara,Mobile,High,C108,Excel for Business,Business,Beginner,25,4.1,5,17,52.9,3,1.3,15,6,8.1,5,5,7,76.5,75.7,52.3,4,02-02-2024,Debit Card,Yes,Yes,2977,74,4,1,4.2,Completed,0,1,2,1,0,1,0,1
2464,STU102464,Rahul Nair,Female,27,Bachelor,Employed,Nagpur,Laptop,Low,C103,Introduction to AI,Programming,Intermediate,75,4.5,10,38,56.1,3,7.5,5,6,6.2,4,5,4,72.1,68.8,47.1,0,12-01-2024,UPI,Yes,No,5246,61,2,0,5.0,Not Completed,0,0,0,0,1,2,4,5
2465,STU102465,Krishna Verma,Male,17,Bachelor,Student,Kolkata,Laptop,Medium,C106,Machine Learning A-Z,Programming,Advanced,90,4.6,5,35,89.1,3,1.7,1,4,5.2,7,3,3,92.0,54.7,75.9,2,13-01-2025,Scholarship,No,No,2709,92,3,1,2.8,Completed,1,0,2,0,2,0,4,4
2466,STU102466,Sai Kumar,Male,17,Bachelor,Employed,Hyderabad,Mobile,Medium,C104,Digital Marketing Essentials,Marketing,Beginner,30,4.3,7,54,41.8,1,4.1,0,4,9.4,6,3,2,83.3,81.0,54.7,3,22-06-2024,UPI,Yes,Yes,2936,86,1,3,4.8,Not Completed,1,0,0,1,2,1,2,5
2467,STU102467,Vivaan Gupta,Male,25,Bachelor,Employed,Indore,Mobile,High,C102,Data Analysis with Python,Programming,Intermediate,60,4.7,6,41,71.0,1,1.7,1,5,4.1,4,6,3,81.5,65.5,52.1,5,25-04-2025,UPI,Yes,No,4743,53,2,0,4.3,Completed,1,0,0,1,0,2,4,5
2468,STU102468,Vihaan Patel,Other,25,Bachelor,Student,Nagpur,Mobile,High,C101,Python Basics,Programming,Beginner,45,4.6,7,34,33.6,1,7.5,9,3,3.8,5,5,0,63.7,63.2,44.9,1,26-04-2025,UPI,Yes,No,4584,62,1,0,4.4,Completed,2,0,2,1,0,1,4,5
2469,STU102469,Ananya Sharma,Female,27,Diploma,Employed,Surat,Laptop,Medium,C108,Excel for Business,Business,Beginner,25,4.1,4,37,95.1,1,0.5,0,6,5.9,1,9,4,69.5,96.1,44.1,2,15-12-2024,UPI,Yes,No,3403,52,2,0,5.0,Not Completed,0,1,0,0,2,1,0,5
2470,STU102470,Arjun Patel,Male,26,Bachelor,Employed,Bhopal,Laptop,Medium,C102,Data Analysis with Python,Programming,Intermediate,60,4.7,6,45,83.0,0,8.1,8,3,3.8,8,2,5,61.8,81.0,81.1,1,05-06-2024,Scholarship,No,Yes,282,61,3,1,5.0,Completed,1,0,0,0,2,2,4,4
2471,STU102471,Isha Mehta,Male,24,Master,Employed,Bengaluru,Mobile,Medium,C103,Introduction to AI,Programming,Intermediate,75,4.5,3,42,49.2,2,9.5,0,7,5.2,7,2,6,92.1,99.7,64.2,6,05-08-2024,UPI,Yes,No,5249,73,3,1,4.1,Completed,1,3,0,1,2,2,4,5
2472,STU102472,Rohan Bose,Male,28,HighSchool,Employed,Bhopal,Laptop,Medium,C106,Machine Learning A-Z,Programming,Advanced,90,4.6,6,34,71.5,1,2.0,0,6,6.2,5,5,3,78.0,59.2,58.0,2,19-09-2025,NetBanking,Yes,No,6551,77,2,2,3.8,Completed,1,2,0,0,2,0,4,3
2473,STU102473,Vihaan Reddy,Female,33,HighSchool,Employed,Bengaluru,Mobile,High,C108,Excel for Business,Business,Beginner,25,4.1,7,39,58.7,3,9.9,1,7,8.7,5,5,4,74.7,78.3,54.5,1,02-06-2024,NetBanking,Yes,Yes,2603,98,4,1,4.2,Not Completed,0,2,0,1,0,1,0,3
2474,STU102474,Vihaan Kumar,Female,21,Bachelor,Employed,Hyderabad,Mobile,High,C101,Python Basics,Programming,Beginner,45,4.6,2,19,52.2,2,13.5,4,3,5.9,1,9,3,71.4,72.6,27.9,0,22-09-2024,Debit Card,Yes,Yes,3512,85,1,2,3.9,Completed,0,0,0,1,0,1,4,1
2475,STU102475,Vihaan Joshi,Male,28,Bachelor,Employed,Bhopal,Mobile,High,C108,Excel for Business,Business,Beginner,25,4.1,4,33,64.4,4,2.4,5,6,3.9,6,4,4,70.5,68.0,61.9,1,11-01-2024,NetBanking,Yes,Yes,2926,88,3,2,3.7,Not Completed,1,0,0,1,0,1,0,3
2476,STU102476,Vivaan Bhardwaj,Male,18,Master,Student,Bengaluru,Mobile,Medium,C102,Data Analysis with Python,Programming,Intermediate,60,4.7,3,42,62.6,2,3.9,20,8,5.3,5,5,3,68.4,51.9,54.5,2,12-04-2025,Credit Card,Yes,No,5462,51,4,1,4.7,Not Completed,1,3,2,1,2,2,4,0
2477,STU102477,Pooja Bhardwaj,Other,31,Master,Employed,Bengaluru,Mobile,High,C106,Machine Learning A-Z,Programming,Advanced,90,4.6,1,25,24.5,1,0.6,16,3,7.3,2,8,1,65.1,53.6,23.2,1,18-03-2024,Debit Card,Yes,No,6635,56,1,2,2.9,Completed,2,3,0,1,0,0,4,1
2478,STU102478,Ananya Bhardwaj,Female,37,Bachelor,Employed,Nagpur,Laptop,Medium,C102,Data Analysis with Python,Programming,Intermediate,60,4.7,5,31,42.8,4,0.5,8,5,6.0,5,5,1,91.6,64.3,48.2,1,31-01-2024,Free,No,Yes,0,76,1,1,3.9,Completed,0,0,0,0,2,2,4,2
2479,STU102479,Neha Bose,Female,27,Bachelor,Employed,Kolkata,Tablet,Medium,C105,UI/UX Design Fundamentals,Design,Beginner,40,4.4,4,57,91.7,5,2.8,4,3,10.0,4,6,3,77.0,59.8,59.1,2,14-07-2024,NetBanking,Yes,No,4089,90,3,2,4.4,Completed,0,0,0,2,2,1,1,3
2480,STU102480,Aditya Desai,Female,21,Bachelor,Employed,Mumbai,Laptop,High,C107,Statistics for Data Science,Math,Intermediate,50,4.2,5,35,60.9,2,3.0,0,3,9.3,5,5,4,65.0,48.7,53.8,2,17-03-2024,Free,No,No,0,40,4,1,3.7,Completed,0,0,0,0,0,2,3,2
2481,STU102481,Arjun Joshi,Female,29,Diploma,Employed,Bengaluru,Laptop,High,C103,Introduction to AI,Programming,Intermediate,75,4.5,7,27,56.2,1,12.1,6,3,2.7,6,4,4,75.2,68.1,59.1,1,17-02-2025,UPI,Yes,Yes,5024,73,3,0,4.6,Completed,0,1,0,0,0,2,4,5
2482,STU102482,Aditya Sharma,Other,18,Bachelor,Employed,Jaipur,Laptop,High,C103,Introduction to AI,Programming,Intermediate,75,4.5,4,30,22.0,0,0.5,0,6,5.7,5,5,5,89.5,71.6,41.3,2,28-07-2024,UPI,Yes,Yes,4749,56,6,0,2.6,Not Completed,2,0,0,0,0,2,4,5
2483,STU102483,Arjun Sharma,Male,17,Bachelor,Student,Hyderabad,Mobile,Medium,C108,Excel for Business,Business,Beginner,25,4.1,2,21,59.0,3,4.6,0,5,8.8,3,7,4,76.6,72.9,42.3,3,20-04-2024,Scholarship,No,No,1279,55,5,1,4.4,Completed,1,0,2,1,2,1,0,4
2484,STU102484,Priya Joshi,Female,30,Bachelor,Student,Hyderabad,Mobile,Medium,C104,Digital Marketing Essentials,Marketing,Beginner,30,4.3,5,28,46.7,2,0.5,15,6,5.3,6,4,2,87.7,62.5,55.5,4,20-02-2025,UPI,Yes,Yes,3056,29,0,2,4.5,Not Completed,0,0,2,1,2,1,2,5
2485,STU102485,Isha Bhardwaj,Male,26,Master,Student,Vadodara,Mobile,Medium,C105,UI/UX Design Fundamentals,Design,Beginner,40,4.4,6,40,80.2,3,9.5,1,7,7.1,8,2,4,71.1,77.5,79.9,4,06-03-2024,Credit Card,Yes,Yes,3413,71,2,1,4.1,Completed,1,3,2,1,2,1,1,0
2486,STU102486,Rohan Mehta,Male,19,PhD,Employed,Chennai,Laptop,Low,C104,Digital Marketing Essentials,Marketing,Beginner,30,4.3,5,22,52.9,1,0.5,1,6,5.8,6,4,2,93.6,51.7,57.1,2,20-04-2025,UPI,Yes,No,3452,61,1,1,3.7,Completed,1,4,0,0,1,1,2,5
2487,STU102487,Rahul Reddy,Male,33,Master,Employed,Surat,Laptop,Medium,C104,Digital Marketing Essentials,Marketing,Beginner,30,4.3,7,15,67.4,0,0.5,9,7,4.1,8,2,6,54.2,68.2,75.0,3,08-06-2024,Free,No,No,0,59,3,3,4.8,Not Completed,1,3,0,0,2,1,2,2
2488,STU102488,Priya Sharma,Male,36,Master,Unemployed,Jaipur,Mobile,Low,C106,Machine Learning A-Z,Programming,Advanced,90,4.6,4,45,39.7,2,2.8,13,7,2.6,3,7,0,66.7,39.6,33.9,2,08-04-2025,UPI,Yes,No,6860,67,3,1,2.7,Not Completed,1,3,3,1,1,0,4,5
2489,STU102489,Nikhil Desai,Male,17,Bachelor,Employed,Indore,Mobile,Medium,C107,Statistics for Data Science,Math,Intermediate,50,4.2,3,27,64.9,6,8.8,1,4,7.0,4,6,5,73.0,80.3,50.7,4,28-05-2024,Scholarship,No,Yes,852,65,0,1,4.4,Not Completed,1,0,0,1,2,2,3,4
2490,STU102490,Aditya Singh,Female,17,Bachelor,Unemployed,Hyderabad,Mobile,High,C101,Python Basics,Programming,Beginner,45,4.6,5,53,54.3,3,10.2,24,8,5.1,6,4,5,62.8,62.2,58.1,0,03-11-2023,UPI,Yes,No,4056,37,2,0,4.4,Not Completed,0,0,3,1,0,1,4,5
2491,STU102491,Sneha Gupta,Female,26,Bachelor,Self-Employed,Kolkata,Mobile,Low,C108,Excel for Business,Business,Beginner,25,4.1,2,26,65.8,2,0.5,6,7,7.3,2,8,4,76.4,51.2,37.6,3,06-02-2024,Credit Card,Yes,No,3259,100,3,3,4.5,Completed,0,0,1,1,1,1,0,0
2492,STU102492,Vivaan Bose,Female,18,Master,Self-Employed,Hyderabad,Mobile,Medium,C103,Introduction to AI,Programming,Intermediate,75,4.5,5,36,65.8,2,0.5,5,5,8.3,4,6,1,64.5,60.3,50.0,0,07-03-2024,Free,No,No,0,80,2,0,4.0,Completed,0,3,1,1,2,2,4,2
2493,STU102493,Ananya Reddy,Female,21,Master,Student,Bengaluru,Mobile,Low,C107,Statistics for Data Science,Math,Intermediate,50,4.2,9,32,47.8,4,3.7,17,7,8.0,8,2,4,71.0,74.2,68.4,0,03-05-2025,Scholarship,No,No,1690,74,1,1,4.1,Completed,0,3,2,1,1,2,3,4
2494,STU102494,Isha Singh,Male,25,Master,Employed,Pune,Mobile,High,C107,Statistics for Data Science,Math,Intermediate,50,4.2,6,46,84.3,3,8.1,0,3,5.4,6,4,3,64.3,76.6,69.3,2,13-12-2023,Debit Card,Yes,No,4687,71,2,2,4.3,Completed,1,3,0,1,0,2,3,1
2495,STU102495,Arjun Sharma,Female,19,Diploma,Student,Indore,Mobile,Low,C106,Machine Learning A-Z,Programming,Advanced,90,4.6,6,44,32.3,2,14.2,4,6,8.8,9,0,4,100.0,77.6,69.2,2,06-11-2024,Free,No,No,0,55,0,2,5.0,Not Completed,0,1,2,1,1,0,4,2
2496,STU102496,Aarav Nair,Male,28,Master,Student,Chennai,Tablet,High,C103,Introduction to AI,Programming,Intermediate,75,4.5,3,35,51.4,4,0.5,6,6,9.7,4,6,3,78.7,57.0,44.8,2,04-10-2025,NetBanking,Yes,Yes,5171,37,3,1,4.3,Not Completed,1,3,2,2,0,2,4,3
2497,STU102497,Vihaan Iyer,Female,20,Bachelor,Student,Jaipur,Mobile,High,C101,Python Basics,Programming,Beginner,45,4.6,5,27,43.9,2,6.1,14,3,5.5,5,5,1,83.3,57.9,48.3,1,16-06-2025,UPI,Yes,Yes,3738,59,4,2,3.8,Completed,0,0,2,1,0,1,4,5
2498,STU102498,Sai Patel,Female,21,Bachelor,Employed,Bengaluru,Laptop,Medium,C103,Introduction to AI,Programming,Intermediate,75,4.5,3,29,75.4,1,3.2,3,6,3.6,3,7,4,43.5,43.3,46.6,2,05-01-2024,Free,No,No,0,61,0,0,4.1,Not Completed,0,0,0,0,2,2,4,2
2499,STU102499,Rohan Sharma,Female,32,Bachelor,Student,Mumbai,Mobile,High,C104,Digital Marketing Essentials,Marketing,Beginner,30,4.3,6,33,64.2,4,8.1,0,4,7.3,4,6,3,67.4,51.4,49.1,2,16-12-2024,UPI,Yes,No,3733,64,1,0,3.2,Completed,0,0,2,1,0,1,2,5
2500,STU102500,Arjun Desai,Female,20,Bachelor,Employed,Bengaluru,Mobile,Medium,C104,Digital Marketing Essentials,Marketing,Beginner,30,4.3,6,33,94.8,4,4.0,4,6,6.8,9,1,5,81.1,73.0,90.8,2,08-03-2024,Credit Card,Yes,No,3830,57,3,2,5.0,Completed,0,0,0,1,2,1,2,0
2501,STU102501,Ritika Nair,Male,37,Bachelor,Employed,Ahmedabad,Laptop,Medium,C104,Digital Marketing Essentials,Marketing,Beginner,30,4.3,3,39,35.2,5,5.7,1,4,6.5,4,6,4,74.8,84.3,40.5,4,26-09-2024,Debit Card,Yes,No,3239,40,3,1,4.4,Completed,1,0,0,0,2,1,2,1
2502,STU102502,Kavya Desai,Female,27,Diploma,Student,Lucknow,Laptop,Medium,C106,Machine Learning A-Z,Programming,Advanced,90,4.6,5,36,63.4,2,0.5,19,5,6.8,2,8,4,65.0,80.9,38.2,1,05-08-2024,Debit Card,Yes,Yes,5975,76,1,1,4.1,Not Completed,0,1,2,0,2,0,4,1
2503,STU102503,Vihaan Verma,Female,32,Master,Employed,Mumbai,Mobile,Medium,C108,Excel for Business,Business,Beginner,25,4.1,6,37,62.6,3,14.7,1,6,7.3,8,1,1,80.3,60.0,72.9,1,18-11-2023,NetBanking,Yes,No,3381,52,5,0,3.4,Completed,0,3,0,1,2,1,0,3
2504,STU102504,Sakshi Desai,Female,33,Bachelor,Student,Bengaluru,Laptop,High,C104,Digital Marketing Essentials,Marketing,Beginner,30,4.3,4,46,81.6,3,2.8,5,8,4.4,7,3,3,84.7,65.1,73.8,0,28-10-2023,UPI,Yes,No,3698,68,2,1,5.0,Not Completed,0,0,2,0,0,1,2,5
2505,STU102505,Priya Shah,Male,20,Bachelor,Student,Chennai,Laptop,Medium,C106,Machine Learning A-Z,Programming,Advanced,90,4.6,6,34,59.0,5,2.2,9,8,5.2,4,6,6,78.4,74.7,48.4,2,24-01-2025,Credit Card,Yes,No,7061,67,1,0,5.0,Not Completed,1,0,2,0,2,0,4,0
2506,STU102506,Rahul Nair,Other,31,Master,Employed,Nagpur,Mobile,High,C102,Data Analysis with Python,Programming,Intermediate,60,4.7,6,16,56.2,3,8.7,7,4,3.9,6,4,7,64.8,85.5,59.9,3,24-05-2025,Free,No,No,0,55,1,0,3.7,Not Completed,2,3,0,1,0,2,4,2
2507,STU102507,Ritika Kumar,Female,33,Bachelor,Student,Indore,Laptop,Low,C102,Data Analysis with Python,Programming,Intermediate,60,4.7,5,19,43.9,4,3.4,5,2,6.3,3,7,4,60.4,73.6,37.1,3,25-03-2024,Free,No,No,0,65,2,2,4.0,Not Completed,0,0,2,0,1,2,4,2
2508,STU102508,Neha Sharma,Male,22,Diploma,Student,Surat,Mobile,High,C103,Introduction to AI,Programming,Intermediate,75,4.5,2,35,69.0,5,3.6,15,4,9.1,3,7,5,84.4,71.7,45.7,4,22-02-2024,Free,No,No,0,37,0,0,2.3,Completed,1,1,2,1,0,2,4,2
2509,STU102509,Krishna Mehta,Male,24,Bachelor,Student,Jaipur,Mobile,Medium,C101,Python Basics,Programming,Beginner,45,4.6,7,51,79.5,3,11.1,0,8,10.0,6,4,4,85.2,91.3,68.4,5,21-11-2024,NetBanking,Yes,No,4306,51,5,0,4.9,Completed,1,0,2,1,2,1,4,3
2510,STU102510,Sai Shah,Male,24,Bachelor,Student,Indore,Laptop,Medium,C108,Excel for Business,Business,Beginner,25,4.1,5,31,86.9,0,0.5,16,4,5.7,7,2,5,49.1,71.2,76.0,1,27-06-2025,Debit Card,Yes,No,3527,79,4,0,3.9,Not Completed,1,0,2,0,2,1,0,1
2511,STU102511,Aditya Shah,Female,19,Diploma,Employed,Indore,Mobile,High,C104,Digital Marketing Essentials,Marketing,Beginner,30,4.3,9,27,32.2,0,6.9,0,5,5.2,2,8,2,75.6,77.2,27.1,3,01-09-2024,Debit Card,Yes,Yes,3045,55,3,0,5.0,Completed,0,1,0,1,0,1,2,1
2512,STU102512,Priya Shah,Male,39,Bachelor,Self-Employed,Chennai,Mobile,Low,C101,Python Basics,Programming,Beginner,45,4.6,4,24,73.6,1,0.5,1,3,7.7,4,6,6,63.7,48.9,52.2,2,31-10-2024,Debit Card,Yes,Yes,3833,81,2,2,4.6,Not Completed,1,0,1,1,1,1,4,1
2513,STU102513,Isha Singh,Female,24,Master,Student,Ahmedabad,Mobile,High,C101,Python Basics,Programming,Beginner,45,4.6,4,42,52.8,0,0.5,7,5,7.5,4,6,1,85.3,82.5,46.6,0,04-01-2024,Free,No,No,0,53,4,1,3.8,Not Completed,0,3,2,1,0,1,4,2
2514,STU102514,Sneha Bhardwaj,Other,17,Bachelor,Employed,Vadodara,Mobile,Medium,C107,Statistics for Data Science,Math,Intermediate,50,4.2,2,42,64.5,2,10.6,1,2,6.3,6,4,5,51.3,39.3,60.5,1,14-11-2023,UPI,Yes,Yes,3785,100,3,0,4.0,Completed,2,0,0,1,2,2,3,5
2515,STU102515,Rohan Kumar,Female,25,Bachelor,Employed,Bengaluru,Laptop,Low,C104,Digital Marketing Essentials,Marketing,Beginner,30,4.3,3,35,37.8,0,5.4,3,4,3.9,2,8,5,60.4,46.9,27.6,3,22-12-2023,Debit Card,Yes,Yes,2956,60,0,3,5.0,Not Completed,0,0,0,0,1,1,2,1
2516,STU102516,Krishna Bhardwaj,Male,31,Bachelor,Employed,Mumbai,Mobile,Medium,C106,Machine Learning A-Z,Programming,Advanced,90,4.6,8,17,64.2,1,0.5,2,4,4.5,7,3,4,85.0,46.8,66.8,5,28-08-2024,Free,No,No,0,82,1,0,4.6,Completed,1,0,0,1,2,0,4,2
2517,STU102517,Krishna Gupta,Male,17,Master,Student,Pune,Mobile,Medium,C105,UI/UX Design Fundamentals,Design,Beginner,40,4.4,1,50,63.1,4,2.8,4,2,5.3,7,3,7,77.1,73.0,67.7,2,19-11-2023,Free,No,Yes,0,94,1,1,4.4,Completed,1,3,2,1,2,1,1,2
2518,STU102518,Rohan Kumar,Male,30,Bachelor,Student,Delhi,Laptop,Medium,C108,Excel for Business,Business,Beginner,25,4.1,4,23,65.7,5,1.0,10,7,4.4,5,5,9,73.7,72.7,56.6,4,17-05-2025,Free,No,No,0,43,7,0,5.0,Not Completed,1,0,2,0,2,1,0,2
2519,STU102519,Vivaan Bhardwaj,Female,21,Diploma,Self-Employed,Vadodara,Mobile,Medium,C104,Digital Marketing Essentials,Marketing,Beginner,30,4.3,2,33,47.6,2,0.5,37,4,2.3,4,6,4,83.1,82.1,44.8,3,05-12-2023,Scholarship,No,Yes,732,88,5,3,3.9,Completed,0,1,1,1,2,1,2,4
2520,STU102520,Pooja Sharma,Female,28,Master,Unemployed,Ahmedabad,Laptop,Medium,C101,Python Basics,Programming,Beginner,45,4.6,7,24,51.4,2,2.8,4,5,7.7,6,4,3,82.9,69.9,57.5,4,16-10-2024,UPI,Yes,No,4118,31,3,0,4.9,Completed,0,3,3,0,2,1,4,5
2521,STU102521,Ananya Mehta,Female,18,Bachelor,Employed,Surat,Laptop,Medium,C102,Data Analysis with Python,Programming,Intermediate,60,4.7,3,35,71.6,4,1.5,4,5,8.8,4,6,4,72.1,86.6,53.4,4,20-11-2024,UPI,Yes,Yes,4498,64,5,0,3.4,Not Completed,0,0,0,0,2,2,4,5
2522,STU102522,Sneha Verma,Female,29,Master,Student,Indore,Mobile,Medium,C106,Machine Learning A-Z,Programming,Advanced,90,4.6,6,24,83.4,1,0.5,1,7,9.6,5,4,6,95.7,83.4,63.4,3,20-09-2024,UPI,Yes,No,6197,73,1,1,3.1,Completed,0,3,2,1,2,0,4,5
2523,STU102523,Isha Bose,Female,34,Bachelor,Student,Indore,Mobile,Medium,C104,Digital Marketing Essentials,Marketing,Beginner,30,4.3,4,48,84.6,1,0.5,1,4,5.0,4,6,2,82.0,75.4,57.4,1,14-03-2025,Credit Card,Yes,No,3709,80,2,0,3.8,Not Completed,0,0,2,1,2,1,2,0
2524,STU102524,Arjun Patel,Female,23,Diploma,Student,Jaipur,Mobile,Medium,C107,Statistics for Data Science,Math,Intermediate,50,4.2,5,34,37.3,2,9.6,0,8,7.7,1,9,4,43.5,69.8,22.5,3,16-02-2025,NetBanking,Yes,No,4076,34,2,2,4.9,Completed,0,1,2,1,2,2,3,3
2525,STU102525,Nikhil Shah,Male,20,Bachelor,Employed,Nagpur,Mobile,Medium,C101,Python Basics,Programming,Beginner,45,4.6,6,20,73.5,1,0.5,5,4,5.2,4,6,6,58.7,52.2,52.3,4,30-03-2024,Debit Card,Yes,No,4130,79,2,1,4.4,Completed,1,0,0,1,2,1,4,1
2526,STU102526,Arjun Iyer,Female,32,Bachelor,Employed,Kolkata,Laptop,Medium,C101,Python Basics,Programming,Beginner,45,4.6,8,16,92.8,2,0.5,1,6,6.3,5,4,6,73.5,74.7,66.2,0,18-07-2025,UPI,Yes,No,4088,41,1,1,3.9,Completed,0,0,0,0,2,1,4,5
2527,STU102527,Aditya Nair,Female,31,Bachelor,Student,Pune,Mobile,Low,C108,Excel for Business,Business,Beginner,25,4.1,2,43,61.6,1,8.0,2,5,5.2,4,6,3,67.1,53.6,48.2,1,13-09-2025,UPI,Yes,Yes,2614,50,1,1,3.8,Not Completed,0,0,2,1,1,1,0,5
2528,STU102528,Arjun Desai,Male,26,Master,Employed,Indore,Mobile,Medium,C101,Python Basics,Programming,Beginner,45,4.6,4,27,52.5,4,7.9,12,7,6.6,4,6,2,78.4,68.2,45.8,5,13-03-2025,Scholarship,No,No,576,72,2,0,4.9,Not Completed,1,3,0,1,2,1,4,4
2529,STU102529,Ritika Nair,Female,30,HighSchool,Employed,Jaipur,Laptop,Medium,C105,UI/UX Design Fundamentals,Design,Beginner,40,4.4,4,45,46.9,4,0.5,2,2,3.3,5,5,2,80.9,54.2,49.1,3,30-09-2024,Credit Card,Yes,No,4163,46,1,2,3.9,Not Completed,0,2,0,0,2,1,1,0
2530,STU102530,Kavya Desai,Male,20,Bachelor,Self-Employed,Bengaluru,Mobile,High,C103,Introduction to AI,Programming,Intermediate,75,4.5,7,38,77.0,1,2.6,0,1,8.1,4,6,7,94.2,83.4,55.1,1,19-10-2024,NetBanking,Yes,No,5392,41,0,0,3.7,Not Completed,1,0,1,1,0,2,4,3
2531,STU102531,Sakshi Shah,Male,27,Master,Employed,Chennai,Mobile,High,C101,Python Basics,Programming,Beginner,45,4.6,4,18,62.9,3,0.5,2,6,7.5,7,2,2,71.2,93.3,68.7,0,15-09-2025,UPI,Yes,No,4007,96,1,0,4.8,Not Completed,1,3,0,1,0,1,4,5
2532,STU102532,Priya Singh,Male,23,Bachelor,Employed,Pune,Mobile,Low,C108,Excel for Business,Business,Beginner,25,4.1,5,37,94.5,1,7.1,4,5,7.1,5,5,3,55.3,76.7,66.9,2,29-06-2025,UPI,Yes,No,3337,67,2,0,4.5,Not Completed,1,0,0,1,1,1,0,5
2533,STU102533,Aditya Verma,Male,17,HighSchool,Student,Jaipur,Mobile,Medium,C105,UI/UX Design Fundamentals,Design,Beginner,40,4.4,6,37,80.1,1,7.4,8,7,10.0,6,4,6,86.6,99.7,69.0,4,09-03-2025,Scholarship,No,No,730,39,3,1,4.9,Not Completed,1,2,2,1,2,1,1,4
2534,STU102534,Vihaan Desai,Female,25,Bachelor,Employed,Mumbai,Laptop,Medium,C101,Python Basics,Programming,Beginner,45,4.6,7,34,22.5,2,2.9,22,4,4.7,3,7,1,70.6,71.8,29.5,0,28-08-2024,Free,No,No,0,54,2,0,3.2,Not Completed,0,0,0,0,2,1,4,2
2535,STU102535,Rahul Shah,Female,23,Diploma,Employed,Vadodara,Mobile,High,C107,Statistics for Data Science,Math,Intermediate,50,4.2,3,45,34.7,0,1.9,4,3,7.9,4,6,9,74.8,74.6,39.9,6,14-01-2024,UPI,Yes,No,4547,52,2,1,4.1,Not Completed,0,1,0,1,0,2,3,5
2536,STU102536,Meera Sharma,Female,28,Diploma,Employed,Kolkata,Laptop,High,C102,Data Analysis with Python,Programming,Intermediate,60,4.7,2,36,45.7,4,0.5,4,3,2.4,7,2,4,73.5,41.6,60.1,3,14-08-2024,UPI,Yes,Yes,4009,47,0,3,4.9,Not Completed,0,1,0,0,0,2,4,5
2537,STU102537,Sai Sharma,Male,33,Bachelor,Self-Employed,Ahmedabad,Laptop,Low,C104,Digital Marketing Essentials,Marketing,Beginner,30,4.3,2,18,77.3,1,0.9,0,3,5.8,2,8,3,70.3,77.2,42.9,5,12-10-2024,NetBanking,Yes,No,3506,41,1,1,5.0,Not Completed,1,0,1,0,1,1,2,3
2538,STU102538,Aditya Sharma,Male,25,Bachelor,Student,Bengaluru,Mobile,Medium,C106,Machine Learning A-Z,Programming,Advanced,90,4.6,8,37,67.8,1,5.9,7,4,5.2,6,4,6,65.6,47.3,62.1,1,30-01-2025,Debit Card,Yes,No,6110,90,0,0,5.0,Completed,1,0,2,1,2,0,4,1
2539,STU102539,Neha Reddy,Male,25,Diploma,Employed,Ahmedabad,Mobile,Medium,C106,Machine Learning A-Z,Programming,Advanced,90,4.6,10,31,36.4,5,8.2,2,6,6.7,7,3,7,87.7,84.7,59.0,1,11-01-2025,UPI,Yes,No,6995,65,3,1,4.4,Not Completed,1,1,0,1,2,0,4,5
2540,STU102540,Arjun Sharma,Female,21,Bachelor,Student,Jaipur,Mobile,Medium,C104,Digital Marketing Essentials,Marketing,Beginner,30,4.3,4,43,55.9,3,0.5,0,5,7.4,6,4,4,78.9,83.2,59.7,2,23-10-2024,Scholarship,No,No,1516,69,3,0,3.5,Not Completed,0,0,2,1,2,1,2,4
2541,STU102541,Ananya Mehta,Male,29,HighSchool,Employed,Chennai,Mobile,High,C107,Statistics for Data Science,Math,Intermediate,50,4.2,4,40,47.2,3,0.5,16,4,4.5,7,2,3,70.5,50.9,61.1,3,12-09-2025,Free,No,No,0,53,3,1,4.1,Not Completed,1,2,0,1,0,2,3,2
2542,STU102542,Arjun Reddy,Female,20,PhD,Employed,Hyderabad,Laptop,Medium,C104,Digital Marketing Essentials,Marketing,Beginner,30,4.3,5,20,27.2,2,2.2,2,4,5.5,5,5,1,48.4,59.7,42.5,1,17-07-2025,NetBanking,Yes,No,3173,47,1,2,4.3,Not Completed,0,4,0,0,2,1,2,3
2543,STU102543,Pooja Joshi,Female,27,Bachelor,Employed,Delhi,Laptop,High,C106,Machine Learning A-Z,Programming,Advanced,90,4.6,7,45,58.5,2,9.5,8,7,7.9,3,7,5,84.4,100.0,43.5,4,18-03-2025,Scholarship,No,No,2109,59,5,0,4.0,Not Completed,0,0,0,0,0,0,4,4
2544,STU102544,Kavya Kumar,Male,28,Bachelor,Employed,Bhopal,Laptop,Medium,C108,Excel for Business,Business,Beginner,25,4.1,6,30,66.9,1,12.6,2,6,6.6,3,6,6,88.4,54.9,44.2,1,14-09-2025,Credit Card,Yes,No,3535,47,2,1,3.7,Completed,1,0,0,0,2,1,0,0
2545,STU102545,Vivaan Bhardwaj,Male,17,Master,Employed,Lucknow,Mobile,Medium,C101,Python Basics,Programming,Beginner,45,4.6,3,39,29.7,3,7.0,3,2,4.5,6,4,6,56.9,50.5,48.9,1,23-06-2024,Scholarship,No,No,1518,73,2,1,4.4,Completed,1,3,0,1,2,1,4,4
2546,STU102546,Rahul Patel,Male,25,Diploma,Self-Employed,Bengaluru,Laptop,Medium,C107,Statistics for Data Science,Math,Intermediate,50,4.2,3,31,76.4,3,2.0,3,2,5.8,6,4,3,71.7,88.8,67.2,3,09-08-2024,UPI,Yes,No,4150,79,5,2,4.0,Completed,1,1,1,0,2,2,3,5
2547,STU102547,Priya Verma,Male,26,Master,Student,Jaipur,Mobile,High,C103,Introduction to AI,Programming,Intermediate,75,4.5,10,40,40.0,1,0.5,19,7,9.0,6,3,3,99.5,65.7,53.3,1,30-12-2023,UPI,Yes,No,6033,72,5,2,4.4,Not Completed,1,3,2,1,0,2,4,5
2548,STU102548,Rohan Mehta,Male,34,Bachelor,Employed,Nagpur,Mobile,Medium,C104,Digital Marketing Essentials,Marketing,Beginner,30,4.3,3,25,24.6,0,10.4,24,3,6.1,3,7,1,66.8,63.2,29.8,3,20-01-2024,Debit Card,Yes,Yes,2683,43,3,1,4.9,Not Completed,1,0,0,1,2,1,2,1
2549,STU102549,Sneha Reddy,Female,34,Bachelor,Employed,Kolkata,Mobile,High,C105,UI/UX Design Fundamentals,Design,Beginner,40,4.4,3,38,89.5,2,0.5,1,9,3.6,5,5,3,81.9,80.1,65.3,0,04-02-2025,NetBanking,Yes,No,4166,45,3,0,4.0,Completed,0,0,0,1,0,1,1,3
2550,STU102550,Vihaan Sharma,Male,32,Bachelor,Employed,Bengaluru,Mobile,High,C106,Machine Learning A-Z,Programming,Advanced,90,4.6,5,28,63.5,3,4.2,3,9,2.8,4,6,3,62.6,75.8,50.0,1,26-11-2024,Free,No,No,0,77,2,0,4.9,Not Completed,1,0,0,1,0,0,4,2
2551,STU102551,Isha Singh,Female,28,Master,Employed,Chennai,Mobile,Medium,C103,Introduction to AI,Programming,Intermediate,75,4.5,3,36,50.3,3,4.4,1,6,8.6,3,7,2,66.8,72.6,39.2,3,05-09-2024,Free,No,No,0,71,1,1,4.5,Not Completed,0,3,0,1,2,2,4,2
2552,STU102552,Pooja Bhardwaj,Male,27,PhD,Student,Kolkata,Mobile,High,C102,Data Analysis with Python,Programming,Intermediate,60,4.7,4,35,41.5,0,6.6,0,3,9.3,5,5,5,93.3,78.9,48.5,2,15-02-2025,Scholarship,No,No,343,94,3,0,5.0,Completed,1,4,2,1,0,2,4,4
2553,STU102553,Vihaan Kumar,Male,17,Bachelor,Employed,Kolkata,Mobile,High,C101,Python Basics,Programming,Beginner,45,4.6,3,59,38.9,1,4.8,11,9,9.1,4,6,5,60.8,75.1,41.4,4,24-03-2024,Credit Card,Yes,No,3887,91,4,0,4.6,Completed,1,0,0,1,0,1,4,0
2554,STU102554,Meera Verma,Female,27,Bachelor,Employed,Lucknow,Mobile,Medium,C102,Data Analysis with Python,Programming,Intermediate,60,4.7,3,32,35.7,1,3.6,0,2,5.6,4,6,3,65.6,60.3,39.5,4,20-05-2025,Scholarship,No,Yes,1079,64,2,2,4.2,Not Completed,0,0,0,1,2,2,4,4
2555,STU102555,Vivaan Bhardwaj,Male,25,Bachelor,Student,Vadodara,Laptop,High,C103,Introduction to AI,Programming,Intermediate,75,4.5,3,31,65.9,0,4.5,6,6,7.5,5,5,2,56.8,40.0,55.1,1,21-10-2024,NetBanking,Yes,No,6094,100,3,0,4.3,Not Completed,1,0,2,0,0,2,4,3
2556,STU102556,Isha Reddy,Female,28,HighSchool,Student,Pune,Mobile,Medium,C101,Python Basics,Programming,Beginner,45,4.6,7,40,69.5,4,8.9,3,11,5.4,4,6,5,78.7,61.5,51.4,3,09-11-2023,UPI,Yes,No,4135,45,6,1,3.8,Completed,0,2,2,1,2,1,4,5
2557,STU102557,Isha Kumar,Male,17,Master,Student,Ahmedabad,Mobile,Low,C105,UI/UX Design Fundamentals,Design,Beginner,40,4.4,4,47,58.8,3,0.5,4,6,6.9,6,4,3,87.8,95.1,61.3,3,10-01-2024,UPI,Yes,No,4024,70,3,2,4.4,Completed,1,3,2,1,1,1,1,5
2558,STU102558,Arjun Sharma,Female,17,Bachelor,Employed,Ahmedabad,Laptop,Medium,C103,Introduction to AI,Programming,Intermediate,75,4.5,4,44,44.9,0,12.8,56,5,3.1,4,6,4,67.2,73.5,43.4,2,17-08-2024,Free,No,Yes,0,98,2,1,4.4,Not Completed,0,0,0,0,2,2,4,2
2559,STU102559,Kavya Shah,Male,26,Bachelor,Unemployed,Chennai,Mobile,Medium,C104,Digital Marketing Essentials,Marketing,Beginner,30,4.3,9,34,40.7,3,3.2,3,8,5.6,7,3,5,83.1,75.0,60.0,3,01-09-2025,Debit Card,Yes,No,3447,63,0,2,4.5,Not Completed,1,0,3,1,2,1,2,1
2560,STU102560,Neha Verma,Male,17,Bachelor,Employed,Nagpur,Mobile,Medium,C101,Python Basics,Programming,Beginner,45,4.6,4,5,45.1,2,3.5,10,2,5.8,1,9,3,77.8,53.7,24.5,1,28-12-2024,UPI,Yes,No,4305,53,0,2,3.1,Not Completed,1,0,0,1,2,1,4,5
2561,STU102561,Pooja Desai,Male,29,Bachelor,Employed,Ahmedabad,Laptop,Medium,C101,Python Basics,Programming,Beginner,45,4.6,2,45,75.2,2,2.5,6,2,6.0,7,3,2,70.5,77.6,72.2,1,08-10-2024,Free,No,No,0,70,1,1,3.3,Completed,1,0,0,0,2,1,4,2
2562,STU102562,Isha Reddy,Female,21,Bachelor,Student,Kolkata,Mobile,Low,C104,Digital Marketing Essentials,Marketing,Beginner,30,4.3,7,30,66.1,1,14.6,3,12,4.7,6,4,5,77.5,59.0,62.1,1,29-03-2024,UPI,Yes,Yes,3141,62,3,0,5.0,Not Completed,0,0,2,1,1,1,2,5
2563,STU102563,Isha Joshi,Female,20,Bachelor,Employed,Bhopal,Laptop,High,C106,Machine Learning A-Z,Programming,Advanced,90,4.6,4,26,57.4,3,0.5,10,8,6.4,5,5,0,59.9,73.2,53.7,2,18-11-2024,NetBanking,Yes,No,6532,60,9,1,4.5,Not Completed,0,0,0,0,0,0,4,3
2564,STU102564,Aarav Gupta,Male,28,Bachelor,Employed,Vadodara,Tablet,Low,C108,Excel for Business,Business,Beginner,25,4.1,5,24,86.4,2,0.5,7,3,6.3,4,6,5,80.5,71.2,57.8,1,07-05-2024,Credit Card,Yes,Yes,3017,87,3,1,4.3,Completed,1,0,0,2,1,1,0,0
2565,STU102565,Aditya Nair,Male,23,Bachelor,Employed,Lucknow,Laptop,Medium,C105,UI/UX Design Fundamentals,Design,Beginner,40,4.4,4,38,81.9,0,3.3,13,5,7.7,4,5,2,68.0,62.6,55.8,0,13-03-2024,UPI,Yes,No,4066,52,3,0,4.1,Not Completed,1,0,0,0,2,1,1,5
2566,STU102566,Pooja Iyer,Male,25,HighSchool,Student,Nagpur,Mobile,High,C108,Excel for Business,Business,Beginner,25,4.1,5,32,54.6,3,0.5,13,4,6.8,4,6,4,82.9,76.6,46.9,2,05-09-2024,UPI,Yes,No,3112,63,5,0,5.0,Not Completed,1,2,2,1,0,1,0,5
2567,STU102567,Aarav Verma,Female,26,Master,Student,Bhopal,Mobile,Medium,C104,Digital Marketing Essentials,Marketing,Beginner,30,4.3,5,36,70.3,10,5.8,12,5,7.2,5,5,6,93.9,85.9,58.9,3,16-03-2024,UPI,Yes,No,3794,100,6,0,3.1,Completed,0,3,2,1,2,1,2,5
2568,STU102568,Meera Shah,Male,26,Bachelor,Student,Hyderabad,Laptop,Low,C101,Python Basics,Programming,Beginner,45,4.6,5,37,46.6,0,10.4,0,4,6.5,5,5,3,79.3,87.3,50.7,2,06-09-2025,Debit Card,Yes,No,4383,71,0,0,4.2,Completed,1,0,2,0,1,1,4,1
2569,STU102569,Isha Kumar,Male,18,Bachelor,Student,Surat,Mobile,Medium,C106,Machine Learning A-Z,Programming,Advanced,90,4.6,6,45,71.7,1,3.6,1,8,8.3,5,5,4,89.4,68.4,58.5,4,20-01-2025,UPI,Yes,No,6336,65,2,1,4.3,Not Completed,1,0,2,1,2,0,4,5
2570,STU102570,Arjun Iyer,Male,26,Master,Self-Employed,Kolkata,Mobile,Medium,C105,UI/UX Design Fundamentals,Design,Beginner,40,4.4,4,27,70.2,4,0.5,6,3,5.6,5,5,3,99.1,85.9,58.9,3,31-05-2025,Free,No,No,0,96,2,1,4.0,Not Completed,1,3,1,1,2,1,1,2
2571,STU102571,Vihaan Patel,Male,20,HighSchool,Student,Pune,Laptop,Medium,C106,Machine Learning A-Z,Programming,Advanced,90,4.6,3,34,68.0,4,0.5,5,6,5.7,3,6,6,58.9,38.0,43.7,7,26-04-2024,UPI,Yes,No,6417,89,3,0,4.7,Not Completed,1,2,2,0,2,0,4,5
2572,STU102572,Isha Nair,Female,19,Bachelor,Employed,Surat,Laptop,Medium,C106,Machine Learning A-Z,Programming,Advanced,90,4.6,1,34,33.9,3,1.4,39,4,5.5,1,9,2,72.8,62.4,21.0,2,23-06-2025,UPI,Yes,No,6073,70,3,1,4.2,Completed,0,0,0,0,2,0,4,5
2573,STU102573,Priya Singh,Female,17,Bachelor,Student,Hyderabad,Mobile,Medium,C102,Data Analysis with Python,Programming,Intermediate,60,4.7,5,32,32.0,3,2.6,0,8,9.1,5,5,6,87.9,66.4,44.5,2,29-04-2024,Scholarship,No,No,2241,98,3,1,3.2,Not Completed,0,0,2,1,2,2,4,4
2574,STU102574,Nikhil Patel,Female,17,Master,Employed,Hyderabad,Mobile,High,C107,Statistics for Data Science,Math,Intermediate,50,4.2,3,31,58.1,2,0.5,33,5,5.3,2,8,4,74.9,89.0,36.8,3,02-11-2023,Free,No,No,0,99,1,2,4.7,Completed,0,3,0,1,0,2,3,2
2575,STU102575,Ananya Bose,Male,29,Master,Employed,Ahmedabad,Mobile,Medium,C104,Digital Marketing Essentials,Marketing,Beginner,30,4.3,5,31,78.1,6,6.5,4,6,9.3,3,7,3,69.7,91.5,49.9,4,21-02-2024,Debit Card,Yes,Yes,2984,73,1,2,5.0,Completed,1,3,0,1,2,1,2,1
2576,STU102576,Meera Iyer,Female,28,Bachelor,Student,Kolkata,Laptop,Medium,C103,Introduction to AI,Programming,Intermediate,75,4.5,3,16,89.9,4,0.5,10,5,4.4,6,4,3,73.0,67.2,70.8,1,11-10-2024,UPI,Yes,No,5460,63,1,1,4.4,Completed,0,0,2,0,2,2,4,5
2577,STU102577,Sneha Shah,Female,28,Master,Student,Surat,Mobile,High,C103,Introduction to AI,Programming,Intermediate,75,4.5,2,15,62.3,0,0.5,0,4,6.9,6,4,2,89.7,83.3,62.0,5,24-09-2024,Debit Card,Yes,No,6113,73,6,1,4.0,Completed,0,3,2,1,0,2,4,1
2578,STU102578,Vihaan Bose,Female,17,PhD,Student,Bengaluru,Laptop,Low,C104,Digital Marketing Essentials,Marketing,Beginner,30,4.3,6,28,60.0,4,0.6,12,6,4.9,8,2,2,70.3,80.9,73.0,5,02-11-2024,UPI,Yes,No,3371,58,1,0,4.3,Completed,0,4,2,0,1,1,2,5
2579,STU102579,Sai Gupta,Male,24,Bachelor,Student,Jaipur,Laptop,High,C101,Python Basics,Programming,Beginner,45,4.6,3,36,14.0,0,7.2,6,5,7.1,1,9,2,72.6,70.1,14.4,3,05-01-2025,UPI,Yes,No,4509,59,2,1,5.0,Completed,1,0,2,0,0,1,4,5
2580,STU102580,Priya Kumar,Male,20,Master,Employed,Nagpur,Laptop,Medium,C105,UI/UX Design Fundamentals,Design,Beginner,40,4.4,2,33,95.1,2,6.0,12,8,6.5,4,6,1,78.6,82.8,61.4,4,12-09-2025,UPI,Yes,Yes,3657,87,6,1,4.7,Completed,1,3,0,0,2,1,1,5
2581,STU102581,Isha Iyer,Female,21,Bachelor,Employed,Ahmedabad,Laptop,High,C106,Machine Learning A-Z,Programming,Advanced,90,4.6,7,38,60.6,2,7.6,11,3,4.8,6,4,1,86.3,68.6,60.6,3,26-01-2024,UPI,Yes,No,6971,68,1,0,5.0,Completed,0,0,0,0,0,0,4,5
2582,STU102582,Aditya Desai,Male,29,Bachelor,Employed,Nagpur,Mobile,Medium,C101,Python Basics,Programming,Beginner,45,4.6,7,24,99.0,2,12.7,33,6,0.9,5,5,9,64.9,68.2,68.0,4,12-08-2025,Scholarship,No,No,1708,50,0,0,4.4,Not Completed,1,0,0,1,2,1,4,4
2583,STU102583,Aarav Bhardwaj,Female,30,Master,Student,Bhopal,Mobile,Medium,C103,Introduction to AI,Programming,Intermediate,75,4.5,5,30,87.2,5,0.5,3,3,6.0,5,5,6,93.3,89.0,65.0,1,08-03-2025,UPI,Yes,No,6179,55,4,2,4.1,Completed,0,3,2,1,2,2,4,5
2584,STU102584,Sakshi Bose,Female,23,Diploma,Student,Surat,Laptop,High,C101,Python Basics,Programming,Beginner,45,4.6,11,45,61.1,2,19.5,4,7,7.3,5,5,6,67.3,45.5,53.7,1,13-01-2025,Scholarship,No,No,721,100,1,2,5.0,Not Completed,0,1,2,0,0,1,4,4
2585,STU102585,Ritika Bhardwaj,Male,25,Bachelor,Student,Vadodara,Mobile,High,C101,Python Basics,Programming,Beginner,45,4.6,3,26,47.5,3,9.8,1,6,3.8,3,7,1,84.2,76.7,38.4,0,08-08-2024,Credit Card,Yes,No,4596,82,0,0,5.0,Not Completed,1,0,2,1,0,1,4,0
2586,STU102586,Isha Singh,Female,22,Bachelor,Employed,Pune,Mobile,High,C107,Statistics for Data Science,Math,Intermediate,50,4.2,2,45,31.5,2,0.5,1,2,6.8,7,3,3,61.6,22.6,54.2,1,03-05-2025,Free,No,No,0,57,0,4,5.0,Not Completed,0,0,0,1,0,2,3,2
2587,STU102587,Priya Sharma,Female,29,Bachelor,Student,Pune,Laptop,Medium,C107,Statistics for Data Science,Math,Intermediate,50,4.2,2,53,53.7,1,0.5,0,2,9.2,6,4,9,69.0,73.4,58.5,1,21-02-2024,Debit Card,Yes,No,4813,68,1,0,3.9,Completed,0,0,2,0,2,2,3,1
2588,STU102588,Sneha Desai,Female,30,Bachelor,Employed,Bhopal,Laptop,Low,C104,Digital Marketing Essentials,Marketing,Beginner,30,4.3,3,36,78.6,2,6.6,10,6,4.5,6,4,2,54.0,68.9,67.0,1,07-08-2025,Credit Card,Yes,No,3735,48,2,3,4.0,Completed,0,0,0,0,1,1,2,0
2589,STU102589,Priya Patel,Female,27,Bachelor,Student,Hyderabad,Laptop,High,C107,Statistics for Data Science,Math,Intermediate,50,4.2,2,30,64.5,2,12.3,7,5,5.7,4,6,5,95.6,53.0,49.2,5,19-03-2025,Debit Card,Yes,No,4856,39,3,2,4.4,Completed,0,0,2,0,0,2,3,1
2590,STU102590,Ananya Kumar,Female,21,Bachelor,Student,Bhopal,Mobile,High,C105,UI/UX Design Fundamentals,Design,Beginner,40,4.4,8,56,69.9,1,5.9,1,8,4.3,7,3,2,82.8,67.4,69.8,1,26-08-2024,Credit Card,Yes,No,3939,66,3,0,3.5,Completed,0,0,2,1,0,1,1,0
2591,STU102591,Isha Iyer,Male,23,Bachelor,Employed,Pune,Mobile,Medium,C101,Python Basics,Programming,Beginner,45,4.6,5,15,85.7,0,2.7,15,6,4.9,5,5,2,79.5,60.5,63.0,0,14-12-2024,Credit Card,Yes,Yes,3573,90,2,1,5.0,Completed,1,0,0,1,2,1,4,0
2592,STU102592,Vivaan Patel,Male,19,Bachelor,Employed,Mumbai,Mobile,High,C101,Python Basics,Programming,Beginner,45,4.6,7,36,46.5,5,13.0,6,5,6.5,4,5,7,82.9,38.6,42.2,1,03-11-2024,UPI,Yes,Yes,3365,25,2,1,4.8,Completed,1,0,0,1,0,1,4,5
2593,STU102593,Ritika Shah,Female,28,Bachelor,Student,Indore,Laptop,Medium,C105,UI/UX Design Fundamentals,Design,Beginner,40,4.4,3,18,83.0,1,4.9,16,5,4.2,5,5,2,61.4,61.1,62.1,1,24-09-2024,NetBanking,Yes,No,4095,45,2,3,3.4,Not Completed,0,0,2,0,2,1,1,3
2594,STU102594,Sai Bhardwaj,Male,26,Bachelor,Employed,Chennai,Mobile,High,C102,Data Analysis with Python,Programming,Intermediate,60,4.7,5,35,69.2,4,13.4,8,8,3.3,2,8,2,60.4,55.9,39.0,3,20-11-2024,Scholarship,No,No,616,53,4,1,4.8,Completed,1,0,0,1,0,2,4,4
2595,STU102595,Krishna Bhardwaj,Female,32,PhD,Student,Lucknow,Mobile,Medium,C103,Introduction to AI,Programming,Intermediate,75,4.5,3,30,77.4,0,5.2,8,9,5.5,5,5,1,73.0,89.5,61.6,1,08-12-2023,Free,No,No,0,39,6,0,5.0,Completed,0,4,2,1,2,2,4,2
2596,STU102596,Nikhil Mehta,Male,26,HighSchool,Employed,Bengaluru,Laptop,High,C108,Excel for Business,Business,Beginner,25,4.1,3,40,89.1,0,7.1,37,3,9.9,8,2,0,71.4,60.6,82.2,3,19-11-2024,Debit Card,Yes,No,3037,54,0,1,2.2,Completed,1,2,0,0,0,1,0,1
2597,STU102597,Sai Mehta,Female,21,Master,Employed,Bhopal,Mobile,High,C102,Data Analysis with Python,Programming,Intermediate,60,4.7,10,18,11.4,2,10.9,1,5,10.0,5,5,5,70.8,70.9,37.5,3,27-03-2024,Free,No,No,0,55,3,0,3.4,Not Completed,0,3,0,1,0,2,4,2
2598,STU102598,Isha Singh,Male,24,HighSchool,Student,Delhi,Mobile,High,C106,Machine Learning A-Z,Programming,Advanced,90,4.6,2,31,44.1,4,8.6,2,9,4.4,5,5,4,81.4,77.0,49.3,4,23-02-2024,UPI,Yes,No,6674,56,0,1,4.9,Not Completed,1,2,2,1,0,0,4,5
2599,STU102599,Ritika Sharma,Male,22,Bachelor,Employed,Lucknow,Tablet,Medium,C104,Digital Marketing Essentials,Marketing,Beginner,30,4.3,3,31,54.6,1,0.7,4,5,1.9,2,7,3,71.1,55.2,33.9,4,21-11-2024,Scholarship,No,No,1192,67,1,1,4.6,Not Completed,1,0,0,2,2,1,2,4
2600,STU102600,Neha Shah,Female,30,Bachelor,Employed,Surat,Tablet,High,C101,Python Basics,Programming,Beginner,45,4.6,4,14,48.5,1,0.5,3,5,2.2,5,5,3,62.0,79.7,51.0,1,11-09-2024,Free,No,No,0,80,3,0,4.0,Completed,0,0,0,2,0,1,4,2
2601,STU102601,Krishna Sharma,Male,24,Bachelor,Student,Delhi,Mobile,Medium,C101,Python Basics,Programming,Beginner,45,4.6,4,37,74.5,4,0.5,2,4,3.6,4,6,2,75.8,58.4,53.0,1,28-10-2023,Credit Card,Yes,No,4312,11,2,0,5.0,Completed,1,0,2,1,2,1,4,0
2602,STU102602,Nikhil Verma,Male,32,Bachelor,Employed,Mumbai,Laptop,Medium,C105,UI/UX Design Fundamentals,Design,Beginner,40,4.4,8,39,42.0,4,17.6,7,5,3.0,3,7,3,80.2,62.8,35.8,0,25-04-2025,Free,No,No,0,66,2,0,3.7,Completed,1,0,0,0,2,1,1,2
2603,STU102603,Aditya Bhardwaj,Female,29,Bachelor,Employed,Chennai,Mobile,Medium,C101,Python Basics,Programming,Beginner,45,4.6,4,28,88.1,1,0.5,1,6,9.7,4,6,6,82.2,51.4,57.4,3,27-02-2024,Free,No,Yes,0,55,1,1,4.6,Not Completed,0,0,0,1,2,1,4,2
2604,STU102604,Kavya Iyer,Female,22,Master,Student,Lucknow,Mobile,Medium,C107,Statistics for Data Science,Math,Intermediate,50,4.2,4,36,70.5,2,2.3,1,6,4.7,5,4,8,73.6,77.8,58.6,4,25-04-2024,UPI,Yes,No,4292,100,2,1,3.6,Completed,0,3,2,1,2,2,3,5
2605,STU102605,Rohan Iyer,Male,22,Bachelor,Employed,Bhopal,Mobile,Medium,C102,Data Analysis with Python,Programming,Intermediate,60,4.7,1,22,44.8,3,2.8,5,4,10.0,2,8,5,74.3,95.6,32.5,2,02-05-2024,UPI,Yes,No,4591,67,2,1,3.1,Not Completed,1,0,0,1,2,2,4,5
2606,STU102606,Rahul Shah,Male,22,HighSchool,Employed,Pune,Mobile,Medium,C106,Machine Learning A-Z,Programming,Advanced,90,4.6,6,47,87.7,6,2.0,2,4,6.3,5,5,4,89.1,66.2,64.0,3,07-11-2024,Scholarship,No,No,817,41,4,1,4.6,Completed,1,2,0,1,2,0,4,4
2607,STU102607,Neha Iyer,Female,26,Master,Self-Employed,Mumbai,Mobile,Medium,C102,Data Analysis with Python,Programming,Intermediate,60,4.7,2,26,83.1,1,0.5,14,5,3.3,3,7,2,63.2,75.4,50.9,2,12-03-2024,Scholarship,No,No,1294,31,0,0,4.8,Not Completed,0,3,1,1,2,2,4,4
2608,STU102608,Aarav Iyer,Male,27,Bachelor,Student,Jaipur,Laptop,High,C107,Statistics for Data Science,Math,Intermediate,50,4.2,6,48,35.2,1,6.1,0,6,8.4,5,5,4,66.0,93.1,47.0,2,07-02-2024,UPI,Yes,No,4364,67,3,2,4.0,Completed,1,0,2,0,0,2,3,5
2609,STU102609,Kavya Bose,Male,17,Bachelor,Employed,Jaipur,Mobile,Medium,C101,Python Basics,Programming,Beginner,45,4.6,4,15,82.5,2,0.5,3,8,5.1,6,4,7,82.2,50.3,67.4,1,10-03-2024,NetBanking,Yes,Yes,3517,100,0,0,4.4,Completed,1,0,0,1,2,1,4,3
2610,STU102610,Ananya Kumar,Female,24,Bachelor,Unemployed,Bhopal,Mobile,Medium,C102,Data Analysis with Python,Programming,Intermediate,60,4.7,4,29,67.9,6,1.7,7,3,4.8,6,4,6,71.2,83.9,63.9,5,04-01-2024,Credit Card,Yes,No,5476,66,2,3,5.0,Completed,0,0,3,1,2,2,4,0
2611,STU102611,Meera Shah,Female,33,Master,Employed,Hyderabad,Laptop,High,C108,Excel for Business,Business,Beginner,25,4.1,4,31,80.1,1,2.1,1,4,8.3,4,6,5,75.3,52.0,54.6,6,16-05-2024,Debit Card,Yes,No,3147,66,1,1,3.3,Completed,0,3,0,0,0,1,0,1
2612,STU102612,Priya Sharma,Female,26,Bachelor,Employed,Kolkata,Laptop,High,C107,Statistics for Data Science,Math,Intermediate,50,4.2,5,32,63.9,2,5.0,6,5,6.6,4,6,4,65.6,85.4,50.7,4,13-12-2024,Scholarship,No,No,1768,54,5,0,4.0,Not Completed,0,0,0,0,0,2,3,4
2613,STU102613,Aditya Reddy,Female,18,Bachelor,Student,Lucknow,Mobile,Medium,C101,Python Basics,Programming,Beginner,45,4.6,3,27,61.4,2,0.5,4,8,8.9,2,8,2,87.0,88.9,37.9,2,19-09-2025,Credit Card,Yes,No,4133,56,2,0,3.6,Not Completed,0,0,2,1,2,1,4,0
2614,STU102614,Isha Mehta,Male,20,Bachelor,Student,Bhopal,Mobile,Medium,C102,Data Analysis with Python,Programming,Intermediate,60,4.7,3,40,54.5,3,1.8,16,3,5.9,2,8,2,72.7,73.2,34.7,2,20-01-2025,Free,No,No,0,79,2,1,4.5,Not Completed,1,0,2,1,2,2,4,2
2615,STU102615,Sai Verma,Female,22,Master,Employed,Ahmedabad,Mobile,High,C101,Python Basics,Programming,Beginner,45,4.6,4,36,20.2,0,8.6,0,2,1.9,4,6,2,85.1,73.6,34.8,1,16-04-2024,UPI,Yes,No,4412,76,1,1,4.8,Not Completed,0,3,0,1,0,1,4,5
2616,STU102616,Nikhil Iyer,Female,17,Diploma,Student,Jaipur,Mobile,Medium,C107,Statistics for Data Science,Math,Intermediate,50,4.2,8,36,84.2,4,3.6,1,12,8.4,3,6,6,86.6,62.9,50.6,2,14-02-2024,Scholarship,No,Yes,1487,63,2,0,5.0,Not Completed,0,1,2,1,2,2,3,4
2617,STU102617,Pooja Joshi,Female,30,Bachelor,Student,Kolkata,Laptop,Medium,C108,Excel for Business,Business,Beginner,25,4.1,10,39,77.0,1,0.5,1,9,9.2,7,3,7,78.3,92.9,73.6,1,22-06-2025,UPI,Yes,No,3045,65,1,1,4.7,Completed,0,0,2,0,2,1,0,5
2618,STU102618,Rahul Patel,Female,33,Master,Student,Bengaluru,Laptop,Medium,C104,Digital Marketing Essentials,Marketing,Beginner,30,4.3,8,49,82.9,2,7.0,2,8,8.1,5,5,3,65.4,43.1,61.2,1,03-07-2024,Free,No,No,0,60,3,1,3.4,Not Completed,0,3,2,0,2,1,2,2
2619,STU102619,Vihaan Singh,Male,30,Bachelor,Student,Jaipur,Mobile,Low,C101,Python Basics,Programming,Beginner,45,4.6,4,28,54.8,5,2.3,2,8,7.7,4,6,6,61.4,78.3,47.1,0,09-11-2023,UPI,Yes,No,4494,91,3,2,5.0,Completed,1,0,2,1,1,1,4,5
2620,STU102620,Ritika Gupta,Male,21,Master,Employed,Vadodara,Mobile,Medium,C101,Python Basics,Programming,Beginner,45,4.6,3,22,57.7,2,0.5,4,10,2.6,4,6,2,62.8,77.4,48.1,5,24-10-2024,UPI,Yes,No,3954,72,3,1,4.1,Not Completed,1,3,0,1,2,1,4,5
2621,STU102621,Vihaan Bose,Male,34,Master,Employed,Pune,Mobile,Medium,C101,Python Basics,Programming,Beginner,45,4.6,6,33,90.1,1,1.1,4,5,2.3,5,5,7,87.0,77.2,65.4,2,06-03-2024,UPI,Yes,No,4081,80,0,1,4.8,Not Completed,1,3,0,1,2,1,4,5
2622,STU102622,Rohan Sharma,Male,22,Diploma,Student,Indore,Mobile,Medium,C106,Machine Learning A-Z,Programming,Advanced,90,4.6,2,43,43.1,5,1.6,4,5,4.9,5,4,4,66.9,68.8,48.5,3,23-02-2024,Debit Card,Yes,No,6062,56,3,0,4.8,Not Completed,1,1,2,1,2,0,4,1
2623,STU102623,Neha Kumar,Female,27,Master,Employed,Kolkata,Mobile,Low,C102,Data Analysis with Python,Programming,Intermediate,60,4.7,4,26,88.1,2,3.3,0,2,4.8,4,6,1,70.3,62.4,58.0,3,19-01-2024,Free,No,No,0,69,2,3,4.0,Not Completed,0,3,0,1,1,2,4,2
2624,STU102624,Sneha Nair,Male,27,Diploma,Self-Employed,Surat,Mobile,Medium,C105,UI/UX Design Fundamentals,Design,Beginner,40,4.4,6,56,75.7,2,0.5,12,6,4.7,6,3,6,66.0,72.5,66.1,6,06-02-2025,UPI,Yes,No,3781,99,1,0,3.8,Completed,1,1,1,1,2,1,1,5
2625,STU102625,Meera Mehta,Female,28,Bachelor,Employed,Surat,Laptop,High,C108,Excel for Business,Business,Beginner,25,4.1,6,21,76.7,3,0.5,20,1,7.7,3,7,3,83.4,74.6,48.6,3,01-05-2024,UPI,Yes,No,3434,44,3,1,4.1,Not Completed,0,0,0,0,0,1,0,5
2626,STU102626,Neha Verma,Female,34,HighSchool,Employed,Pune,Laptop,Low,C106,Machine Learning A-Z,Programming,Advanced,90,4.6,8,23,92.0,1,0.5,2,5,4.4,7,3,6,65.4,78.3,78.1,0,30-07-2024,Debit Card,Yes,Yes,5003,100,1,0,3.9,Completed,0,2,0,0,1,0,4,1
2627,STU102627,Priya Sharma,Female,24,Master,Employed,Jaipur,Laptop,High,C107,Statistics for Data Science,Math,Intermediate,50,4.2,3,35,83.8,2,8.5,1,7,4.0,5,5,4,70.2,90.6,63.9,3,09-06-2025,NetBanking,Yes,No,4455,78,2,2,4.7,Completed,0,3,0,0,0,2,3,3
2628,STU102628,Ananya Verma,Male,23,PhD,Employed,Vadodara,Laptop,Low,C102,Data Analysis with Python,Programming,Intermediate,60,4.7,5,36,45.2,3,3.2,1,3,4.3,4,6,1,77.2,43.5,42.0,0,27-02-2025,Debit Card,Yes,No,4763,44,3,2,3.4,Completed,1,4,0,0,1,2,4,1
2629,STU102629,Isha Bose,Female,32,Bachelor,Student,Kolkata,Laptop,Low,C103,Introduction to AI,Programming,Intermediate,75,4.5,4,27,87.7,3,0.5,10,5,7.3,3,6,8,70.1,84.0,52.9,1,21-07-2024,Free,No,No,0,95,3,0,5.0,Not Completed,0,0,2,0,1,2,4,2
2630,STU102630,Pooja Bhardwaj,Female,25,Master,Student,Delhi,Mobile,High,C105,UI/UX Design Fundamentals,Design,Beginner,40,4.4,6,38,83.3,2,3.0,1,5,5.7,4,6,4,85.9,60.1,56.1,7,29-12-2024,Scholarship,No,No,1477,54,3,1,5.0,Not Completed,0,3,2,1,0,1,1,4
2631,STU102631,Krishna Bhardwaj,Other,17,Master,Student,Hyderabad,Tablet,High,C103,Introduction to AI,Programming,Intermediate,75,4.5,6,52,41.0,5,4.3,3,9,6.4,5,5,5,90.1,59.9,47.3,3,25-07-2025,Debit Card,Yes,No,6253,64,4,0,5.0,Completed,2,3,2,2,0,2,4,1
2632,STU102632,Aditya Reddy,Male,19,Bachelor,Employed,Bengaluru,Mobile,High,C108,Excel for Business,Business,Beginner,25,4.1,4,19,44.9,3,11.6,10,5,6.2,3,6,4,66.9,53.0,36.4,4,23-03-2025,NetBanking,Yes,Yes,2920,63,2,0,4.1,Not Completed,1,0,0,1,0,1,0,3
2633,STU102633,Neha Bhardwaj,Male,31,HighSchool,Employed,Chennai,Tablet,Medium,C102,Data Analysis with Python,Programming,Intermediate,60,4.7,5,23,94.0,1,11.6,1,6,8.4,4,6,4,64.0,56.9,59.7,1,07-08-2025,Free,No,Yes,0,54,1,1,5.0,Completed,1,2,0,2,2,2,4,2
2634,STU102634,Ritika Joshi,Male,35,HighSchool,Employed,Chennai,Mobile,Medium,C101,Python Basics,Programming,Beginner,45,4.6,4,23,50.0,0,2.4,4,1,6.7,5,4,3,80.3,54.8,50.2,2,18-04-2024,UPI,Yes,No,4419,91,2,1,2.9,Not Completed,1,2,0,1,2,1,4,5
2635,STU102635,Pooja Mehta,Male,38,Master,Student,Vadodara,Mobile,Medium,C102,Data Analysis with Python,Programming,Intermediate,60,4.7,3,42,52.2,3,0.5,4,8,7.2,4,6,1,81.8,73.8,45.9,5,24-06-2024,Credit Card,Yes,No,5000,99,2,2,4.8,Completed,1,3,2,1,2,2,4,0
2636,STU102636,Aditya Singh,Male,27,Diploma,Student,Lucknow,Laptop,Medium,C103,Introduction to AI,Programming,Intermediate,75,4.5,4,26,47.5,1,3.9,0,8,8.8,3,7,0,74.1,68.5,38.0,2,13-03-2024,UPI,Yes,No,5194,100,2,0,4.6,Not Completed,1,1,2,0,2,2,4,5
2637,STU102637,Pooja Sharma,Female,17,Diploma,Self-Employed,Mumbai,Mobile,High,C102,Data Analysis with Python,Programming,Intermediate,60,4.7,4,28,22.3,0,9.0,2,0,5.6,5,5,2,80.5,33.6,39.5,3,28-10-2023,Debit Card,Yes,No,5099,81,0,0,4.1,Not Completed,0,1,1,1,0,2,4,1
2638,STU102638,Pooja Singh,Female,30,Bachelor,Self-Employed,Kolkata,Mobile,Medium,C104,Digital Marketing Essentials,Marketing,Beginner,30,4.3,8,18,65.2,2,0.5,0,6,2.6,4,6,0,79.1,92.3,51.4,4,10-09-2024,UPI,Yes,No,3386,60,4,2,4.1,Not Completed,0,0,1,1,2,1,2,5
2639,STU102639,Rohan Gupta,Female,22,Master,Student,Delhi,Mobile,Medium,C103,Introduction to AI,Programming,Intermediate,75,4.5,7,28,53.8,3,0.5,19,5,6.4,4,6,6,67.7,51.5,45.4,2,24-06-2025,Credit Card,Yes,No,5198,95,4,0,3.3,Not Completed,0,3,2,1,2,2,4,0
2640,STU102640,Krishna Gupta,Female,22,HighSchool,Self-Employed,Pune,Mobile,High,C101,Python Basics,Programming,Beginner,45,4.6,4,54,66.2,4,5.0,3,6,7.9,2,7,5,86.7,70.9,38.7,4,27-07-2024,Scholarship,No,No,635,88,6,1,3.6,Completed,0,2,1,1,0,1,4,4
2641,STU102641,Sakshi Bose,Male,20,Bachelor,Student,Vadodara,Mobile,Medium,C107,Statistics for Data Science,Math,Intermediate,50,4.2,4,36,73.6,5,8.5,2,4,6.4,4,6,4,83.9,70.7,53.3,4,01-01-2024,UPI,Yes,No,4461,70,4,0,5.0,Not Completed,1,0,2,1,2,2,3,5
2642,STU102642,Nikhil Bose,Male,27,Master,Employed,Lucknow,Mobile,High,C103,Introduction to AI,Programming,Intermediate,75,4.5,6,39,62.8,4,7.8,11,4,6.5,5,5,6,87.1,45.1,54.2,2,04-01-2025,Free,No,Yes,0,76,4,1,3.2,Completed,1,3,0,1,0,2,4,2
2643,STU102643,Pooja Shah,Female,28,PhD,Student,Hyderabad,Laptop,High,C102,Data Analysis with Python,Programming,Intermediate,60,4.7,4,24,66.9,3,10.2,4,3,5.1,7,3,3,64.6,62.4,68.5,3,06-12-2023,UPI,Yes,No,4826,72,1,2,4.1,Completed,0,4,2,0,0,2,4,5
2644,STU102644,Meera Reddy,Female,35,Bachelor,Employed,Mumbai,Laptop,Medium,C108,Excel for Business,Business,Beginner,25,4.1,2,29,93.8,0,0.8,14,6,6.1,6,4,6,67.6,53.5,71.5,3,21-12-2024,Credit Card,Yes,Yes,2675,25,4,1,3.5,Completed,0,0,0,0,2,1,0,0
2645,STU102645,Vihaan Sharma,Female,20,Master,Unemployed,Kolkata,Mobile,High,C102,Data Analysis with Python,Programming,Intermediate,60,4.7,5,35,92.8,4,5.7,9,6,10.0,4,6,4,96.9,48.4,58.9,1,15-09-2024,Scholarship,No,No,749,70,3,1,4.1,Not Completed,0,3,3,1,0,2,4,4
2646,STU102646,Nikhil Mehta,Female,22,Bachelor,Student,Pune,Mobile,Medium,C104,Digital Marketing Essentials,Marketing,Beginner,30,4.3,3,35,27.8,4,5.4,0,5,3.6,4,6,7,69.3,67.6,37.1,4,03-08-2024,Scholarship,No,No,176,93,2,2,4.5,Not Completed,0,0,2,1,2,1,2,4
2647,STU102647,Aarav Iyer,Male,25,Bachelor,Student,Vadodara,Mobile,Medium,C107,Statistics for Data Science,Math,Intermediate,50,4.2,5,23,36.5,1,0.5,13,4,3.5,3,7,4,89.7,81.2,34.8,2,21-10-2023,Free,No,No,0,70,4,2,4.1,Not Completed,1,0,2,1,2,2,3,2
2648,STU102648,Kavya Kumar,Female,23,Bachelor,Employed,Bengaluru,Mobile,Medium,C107,Statistics for Data Science,Math,Intermediate,50,4.2,7,26,79.6,4,4.2,1,4,5.0,4,6,0,58.5,55.5,54.6,0,02-12-2024,UPI,Yes,No,4674,64,2,0,3.4,Not Completed,0,0,0,1,2,2,3,5
2649,STU102649,Vivaan Bose,Male,19,Master,Employed,Surat,Mobile,Low,C108,Excel for Business,Business,Beginner,25,4.1,3,32,58.7,5,0.5,1,5,7.3,6,4,7,62.8,67.8,60.0,1,26-11-2023,Scholarship,No,No,318,92,1,1,4.2,Not Completed,1,3,0,1,1,1,0,4
2650,STU102650,Pooja Iyer,Male,27,Bachelor,Employed,Mumbai,Mobile,Medium,C101,Python Basics,Programming,Beginner,45,4.6,3,17,68.8,0,0.5,3,4,9.1,3,7,3,61.2,67.7,45.5,2,22-01-2024,Debit Card,Yes,No,4156,85,3,1,2.6,Not Completed,1,0,0,1,2,1,4,1
2651,STU102651,Isha Nair,Male,20,Master,Student,Ahmedabad,Mobile,High,C102,Data Analysis with Python,Programming,Intermediate,60,4.7,6,28,34.0,2,0.5,5,7,10.0,4,6,3,72.7,69.2,39.4,4,05-10-2024,UPI,Yes,Yes,4105,84,1,1,3.0,Not Completed,1,3,2,1,0,2,4,5
2652,STU102652,Priya Sharma,Male,25,Diploma,Self-Employed,Surat,Mobile,Low,C106,Machine Learning A-Z,Programming,Advanced,90,4.6,3,17,84.8,2,4.0,4,2,7.9,5,4,3,43.3,41.7,61.8,1,05-03-2025,Free,No,No,0,44,2,2,3.6,Completed,1,1,1,1,1,0,4,2
2653,STU102653,Sakshi Patel,Female,28,Bachelor,Employed,Chennai,Mobile,High,C102,Data Analysis with Python,Programming,Intermediate,60,4.7,7,34,32.1,5,0.5,8,4,9.9,5,5,7,76.0,68.4,44.7,1,24-01-2025,Free,No,No,0,68,3,0,5.0,Not Completed,0,0,0,1,0,2,4,2
2654,STU102654,Meera Shah,Female,27,Bachelor,Employed,Lucknow,Mobile,High,C108,Excel for Business,Business,Beginner,25,4.1,8,52,85.4,1,0.5,2,7,6.4,7,3,2,66.5,78.0,75.8,2,18-02-2024,Credit Card,Yes,No,3558,22,2,4,3.8,Not Completed,0,0,0,1,0,1,0,0
2655,STU102655,Sneha Bhardwaj,Male,25,Master,Employed,Delhi,Laptop,High,C101,Python Basics,Programming,Beginner,45,4.6,7,14,46.0,2,0.9,8,3,1.9,5,5,0,73.3,52.7,48.7,2,04-12-2023,Scholarship,No,No,325,89,1,1,5.0,Not Completed,1,3,0,0,0,1,4,4
2656,STU102656,Aarav Verma,Female,28,Bachelor,Student,Delhi,Mobile,Medium,C108,Excel for Business,Business,Beginner,25,4.1,7,30,26.1,0,1.9,5,8,7.3,2,8,5,82.9,76.0,25.0,2,20-09-2025,Debit Card,Yes,No,3383,18,1,4,3.1,Completed,0,0,2,1,2,1,0,1
2657,STU102657,Isha Singh,Female,25,Bachelor,Employed,Bengaluru,Laptop,Medium,C101,Python Basics,Programming,Beginner,45,4.6,6,37,48.4,5,6.6,0,1,8.1,5,5,6,66.0,63.7,50.1,2,28-10-2024,Credit Card,Yes,No,4491,86,7,0,3.8,Completed,0,0,0,0,2,1,4,0
2658,STU102658,Rahul Patel,Male,32,Master,Employed,Bhopal,Mobile,Low,C106,Machine Learning A-Z,Programming,Advanced,90,4.6,7,41,77.6,0,0.5,0,4,3.2,3,7,2,64.2,63.0,48.3,2,09-12-2023,Free,No,No,0,42,3,1,3.9,Not Completed,1,3,0,1,1,0,4,2
2659,STU102659,Neha Bose,Male,25,Bachelor,Student,Vadodara,Laptop,Low,C101,Python Basics,Programming,Beginner,45,4.6,6,29,36.5,4,2.9,2,9,7.1,6,4,7,65.5,63.2,51.9,1,05-12-2023,UPI,Yes,Yes,3275,61,2,0,2.4,Completed,1,0,2,0,1,1,4,5
2660,STU102660,Ananya Sharma,Male,17,HighSchool,Employed,Ahmedabad,Mobile,Medium,C103,Introduction to AI,Programming,Intermediate,75,4.5,6,40,81.7,1,5.1,8,7,6.3,5,5,3,80.4,66.7,61.9,0,05-07-2025,UPI,Yes,No,5478,63,3,0,4.6,Completed,1,2,0,1,2,2,4,5
2661,STU102661,Priya Kumar,Female,29,Master,Employed,Indore,Mobile,Medium,C102,Data Analysis with Python,Programming,Intermediate,60,4.7,3,23,64.3,1,5.2,21,5,8.6,4,6,3,76.5,19.9,47.5,1,06-03-2024,Credit Card,Yes,No,5147,58,0,2,4.9,Completed,0,3,0,1,2,2,4,0
2662,STU102662,Nikhil Reddy,Female,21,Bachelor,Employed,Delhi,Laptop,High,C101,Python Basics,Programming,Beginner,45,4.6,5,50,62.7,4,6.1,6,2,3.0,5,5,1,81.0,74.7,55.7,0,16-03-2024,Debit Card,Yes,No,4151,29,0,2,4.4,Not Completed,0,0,0,0,0,1,4,1
2663,STU102663,Nikhil Bose,Female,27,Bachelor,Employed,Nagpur,Laptop,High,C108,Excel for Business,Business,Beginner,25,4.1,4,39,46.7,1,4.1,2,6,9.2,7,3,2,64.8,49.0,60.8,2,13-12-2024,UPI,Yes,No,3132,66,3,1,3.9,Not Completed,0,0,0,0,0,1,0,5
2664,STU102664,Kavya Iyer,Male,17,Bachelor,Student,Delhi,Mobile,Medium,C104,Digital Marketing Essentials,Marketing,Beginner,30,4.3,6,29,64.3,4,6.8,0,6,4.2,3,7,5,76.2,88.5,44.9,4,19-06-2024,Debit Card,Yes,No,3574,86,1,1,3.8,Not Completed,1,0,2,1,2,1,2,1
2665,STU102665,Nikhil Reddy,Female,29,Diploma,Self-Employed,Lucknow,Mobile,Medium,C104,Digital Marketing Essentials,Marketing,Beginner,30,4.3,5,37,63.4,1,2.9,2,6,6.3,6,4,2,87.4,57.9,61.1,3,30-07-2024,Scholarship,No,No,930,65,0,1,4.2,Completed,0,1,1,1,2,1,2,4
2666,STU102666,Pooja Desai,Male,35,Bachelor,Student,Indore,Mobile,Medium,C104,Digital Marketing Essentials,Marketing,Beginner,30,4.3,4,43,86.2,2,8.7,2,5,5.4,7,3,8,98.4,82.1,76.3,4,19-01-2024,UPI,Yes,No,3481,71,2,0,3.5,Completed,1,0,2,1,2,1,2,5
2667,STU102667,Neha Desai,Male,29,HighSchool,Student,Ahmedabad,Mobile,High,C106,Machine Learning A-Z,Programming,Advanced,90,4.6,6,29,81.1,1,2.5,4,5,10.0,4,6,6,75.2,96.8,57.2,1,12-10-2024,Credit Card,Yes,No,6596,68,2,0,4.2,Completed,1,2,2,1,0,0,4,0
2668,STU102668,Rahul Shah,Male,24,Bachelor,Student,Nagpur,Laptop,Low,C102,Data Analysis with Python,Programming,Intermediate,60,4.7,5,27,52.2,1,2.4,8,4,6.4,8,2,2,82.7,67.9,69.6,0,09-08-2025,Scholarship,No,No,1215,30,3,0,3.2,Completed,1,0,2,0,1,2,4,4
2669,STU102669,Krishna Nair,Female,23,Master,Student,Delhi,Laptop,Medium,C101,Python Basics,Programming,Beginner,45,4.6,8,38,59.0,2,8.1,1,8,10.0,7,3,4,84.9,64.1,65.9,5,06-03-2025,UPI,Yes,No,4394,62,3,0,4.1,Completed,0,3,2,0,2,1,4,5
2670,STU102670,Vivaan Singh,Male,35,Master,Student,Mumbai,Mobile,High,C106,Machine Learning A-Z,Programming,Advanced,90,4.6,1,37,62.6,5,3.8,15,3,7.8,5,5,2,69.9,45.4,54.2,2,07-02-2025,NetBanking,Yes,No,6349,75,1,3,3.2,Completed,1,3,2,1,0,0,4,3
2671,STU102671,Priya Singh,Female,27,Bachelor,Employed,Kolkata,Laptop,High,C101,Python Basics,Programming,Beginner,45,4.6,6,40,91.1,5,2.7,7,5,2.1,3,7,8,100.0,78.4,53.8,3,17-05-2024,NetBanking,Yes,No,3976,100,3,1,4.6,Completed,0,0,0,0,0,1,4,3
2672,STU102672,Nikhil Desai,Male,34,Bachelor,Employed,Surat,Laptop,Medium,C104,Digital Marketing Essentials,Marketing,Beginner,30,4.3,5,40,44.8,2,5.5,3,7,9.2,6,4,2,69.7,72.7,55.3,3,01-09-2024,UPI,Yes,No,3293,80,2,0,3.0,Not Completed,1,0,0,0,2,1,2,5
2673,STU102673,Ananya Nair,Female,27,Bachelor,Employed,Kolkata,Mobile,High,C105,UI/UX Design Fundamentals,Design,Beginner,40,4.4,5,39,52.2,6,5.4,1,8,5.9,3,6,3,64.2,63.4,39.4,3,16-03-2025,UPI,Yes,No,3676,82,3,0,4.9,Completed,0,0,0,1,0,1,1,5
2674,STU102674,Vihaan Bose,Female,21,Diploma,Student,Bengaluru,Mobile,High,C102,Data Analysis with Python,Programming,Intermediate,60,4.7,3,27,38.4,4,7.0,14,0,7.3,6,4,2,88.3,41.6,51.5,3,23-10-2024,Debit Card,Yes,No,4753,61,0,0,4.0,Not Completed,0,1,2,1,0,2,4,1
2675,STU102675,Priya Reddy,Male,17,Master,Student,Nagpur,Laptop,Medium,C105,UI/UX Design Fundamentals,Design,Beginner,40,4.4,6,32,95.5,7,9.5,14,10,6.4,4,6,4,81.4,81.7,61.5,4,11-05-2024,Scholarship,No,No,1408,89,6,0,4.4,Completed,1,3,2,0,2,1,1,4
2676,STU102676,Priya Singh,Male,36,Master,Employed,Delhi,Mobile,Medium,C102,Data Analysis with Python,Programming,Intermediate,60,4.7,6,32,51.6,1,0.5,7,8,9.8,6,3,3,86.4,73.6,57.7,4,02-04-2024,Credit Card,Yes,No,5384,89,4,3,4.6,Completed,1,3,0,1,2,2,4,0
2677,STU102677,Ananya Shah,Male,31,Bachelor,Student,Jaipur,Mobile,Low,C105,UI/UX Design Fundamentals,Design,Beginner,40,4.4,6,24,57.7,6,4.1,8,5,7.7,4,6,4,66.7,72.4,47.8,4,15-03-2024,Credit Card,Yes,No,3670,75,2,0,4.9,Not Completed,1,0,2,1,1,1,1,0
2678,STU102678,Kavya Bose,Female,20,Bachelor,Student,Delhi,Mobile,High,C106,Machine Learning A-Z,Programming,Advanced,90,4.6,6,34,82.3,3,5.8,0,7,6.7,5,5,7,98.9,57.5,61.7,6,19-06-2024,Free,No,No,0,67,4,0,4.6,Completed,0,0,2,1,0,0,4,2
2679,STU102679,Aarav Bose,Female,26,Bachelor,Employed,Kolkata,Tablet,High,C102,Data Analysis with Python,Programming,Intermediate,60,4.7,7,48,20.3,3,13.7,5,5,7.2,4,6,5,71.9,85.3,35.4,1,15-11-2023,UPI,Yes,No,4580,52,2,1,2.1,Not Completed,0,0,0,2,0,2,4,5
2680,STU102680,Meera Iyer,Other,30,Diploma,Self-Employed,Surat,Mobile,High,C104,Digital Marketing Essentials,Marketing,Beginner,30,4.3,5,40,80.8,1,0.5,13,4,10.0,5,5,3,82.7,63.6,61.4,2,14-07-2024,Debit Card,Yes,No,3546,56,0,1,5.0,Completed,2,1,1,1,0,1,2,1
2681,STU102681,Vihaan Bose,Female,19,Master,Employed,Surat,Mobile,High,C101,Python Basics,Programming,Beginner,45,4.6,5,34,24.6,2,1.1,1,3,6.4,3,7,2,83.4,94.6,31.4,0,31-12-2024,Credit Card,Yes,No,3988,67,1,1,4.2,Not Completed,0,3,0,1,0,1,4,0
2682,STU102682,Krishna Verma,Male,32,Diploma,Student,Chennai,Mobile,Medium,C104,Digital Marketing Essentials,Marketing,Beginner,30,4.3,5,41,78.1,2,9.2,2,5,6.2,8,2,5,69.1,56.4,78.2,2,20-03-2025,Free,No,No,0,78,2,1,4.9,Completed,1,1,2,1,2,1,2,2
2683,STU102683,Pooja Patel,Female,17,Master,Employed,Kolkata,Laptop,High,C102,Data Analysis with Python,Programming,Intermediate,60,4.7,3,60,20.0,0,3.1,3,2,6.6,4,5,3,59.2,53.7,33.7,1,25-01-2024,Debit Card,Yes,No,4539,52,1,1,4.1,Not Completed,0,3,0,0,0,2,4,1
2684,STU102684,Vivaan Iyer,Female,28,Bachelor,Employed,Chennai,Mobile,High,C106,Machine Learning A-Z,Programming,Advanced,90,4.6,4,33,64.0,1,4.4,6,9,9.7,6,4,5,86.4,85.0,62.6,2,22-12-2024,Debit Card,Yes,No,5979,76,2,0,3.6,Not Completed,0,0,0,1,0,0,4,1
2685,STU102685,Krishna Kumar,Male,25,Bachelor,Employed,Pune,Mobile,Medium,C103,Introduction to AI,Programming,Intermediate,75,4.5,5,24,80.4,4,1.1,6,4,4.7,6,4,2,79.2,82.7,68.3,1,16-06-2025,Credit Card,Yes,Yes,4404,81,3,1,3.8,Completed,1,0,0,1,2,2,4,0
2686,STU102686,Neha Gupta,Male,19,Diploma,Student,Jaipur,Mobile,Medium,C104,Digital Marketing Essentials,Marketing,Beginner,30,4.3,8,48,88.1,2,4.6,8,4,3.3,7,2,4,52.1,69.2,76.3,2,02-01-2025,Free,No,No,0,58,2,1,3.7,Not Completed,1,1,2,1,2,1,2,2
2687,STU102687,Vihaan Iyer,Female,30,PhD,Self-Employed,Mumbai,Mobile,Medium,C105,UI/UX Design Fundamentals,Design,Beginner,40,4.4,4,36,72.6,5,11.8,13,6,7.8,4,6,4,45.5,66.7,52.7,1,07-02-2024,NetBanking,Yes,No,4325,95,5,0,3.8,Not Completed,0,4,1,1,2,1,1,3
2688,STU102688,Rohan Sharma,Male,27,Bachelor,Student,Mumbai,Mobile,Medium,C108,Excel for Business,Business,Beginner,25,4.1,5,40,62.0,4,7.4,2,3,10.0,3,7,2,72.4,67.8,43.1,2,28-05-2025,UPI,Yes,No,3270,85,2,1,3.9,Completed,1,0,2,1,2,1,0,5
2689,STU102689,Neha Singh,Female,17,Bachelor,Employed,Delhi,Mobile,Medium,C104,Digital Marketing Essentials,Marketing,Beginner,30,4.3,3,40,62.9,2,8.3,10,1,4.7,4,6,1,61.7,82.7,50.2,4,25-07-2024,UPI,Yes,Yes,2800,82,1,3,4.5,Not Completed,0,0,0,1,2,1,2,5
2690,STU102690,Rohan Bose,Male,24,Master,Self-Employed,Jaipur,Mobile,High,C106,Machine Learning A-Z,Programming,Advanced,90,4.6,5,40,66.8,3,9.9,5,5,7.2,6,4,2,87.1,79.3,63.4,4,04-12-2024,Credit Card,Yes,No,6167,59,6,0,5.0,Not Completed,1,3,1,1,0,0,4,0
2691,STU102691,Priya Mehta,Female,23,Master,Student,Delhi,Mobile,High,C102,Data Analysis with Python,Programming,Intermediate,60,4.7,6,32,30.3,3,8.6,0,6,4.6,5,5,4,50.4,79.9,44.6,2,24-09-2025,UPI,Yes,No,4793,90,1,2,4.3,Completed,0,3,2,1,0,2,4,5
2692,STU102692,Neha Reddy,Female,34,Diploma,Student,Pune,Laptop,Low,C102,Data Analysis with Python,Programming,Intermediate,60,4.7,3,28,31.6,0,0.5,5,3,9.3,4,6,0,67.6,61.7,38.1,1,12-05-2024,Debit Card,Yes,No,5157,56,2,3,4.1,Completed,0,1,2,0,1,2,4,1
2693,STU102693,Sneha Iyer,Male,30,Bachelor,Student,Ahmedabad,Mobile,Low,C106,Machine Learning A-Z,Programming,Advanced,90,4.6,5,39,63.0,3,0.5,3,3,4.7,6,4,4,72.0,74.4,61.8,1,06-08-2024,UPI,Yes,No,7030,72,3,3,4.0,Not Completed,1,0,2,1,1,0,4,5
2694,STU102694,Aarav Sharma,Male,27,Bachelor,Employed,Bengaluru,Mobile,High,C104,Digital Marketing Essentials,Marketing,Beginner,30,4.3,6,41,54.8,2,5.1,5,4,5.6,5,5,2,100.0,87.4,53.5,2,03-10-2025,Free,No,Yes,0,94,2,0,4.7,Completed,1,0,0,1,0,1,2,2
2695,STU102695,Sakshi Reddy,Female,29,Bachelor,Employed,Indore,Mobile,Medium,C102,Data Analysis with Python,Programming,Intermediate,60,4.7,8,43,88.2,1,6.5,3,5,4.3,4,6,4,79.3,46.7,57.2,2,20-09-2025,UPI,Yes,No,5349,65,1,0,4.5,Completed,0,0,0,1,2,2,4,5
2696,STU102696,Rohan Verma,Male,26,Bachelor,Student,Hyderabad,Laptop,Medium,C106,Machine Learning A-Z,Programming,Advanced,90,4.6,5,36,55.6,1,8.1,2,6,9.1,6,4,3,99.8,77.5,59.3,2,04-04-2024,Credit Card,Yes,No,6777,60,3,1,5.0,Completed,1,0,2,0,2,0,4,0
2697,STU102697,Sai Joshi,Male,27,PhD,Unemployed,Bhopal,Mobile,Medium,C104,Digital Marketing Essentials,Marketing,Beginner,30,4.3,6,31,43.5,2,7.3,3,1,4.9,6,4,4,69.3,50.8,53.8,1,30-10-2023,Free,No,Yes,0,72,2,0,3.5,Not Completed,1,4,3,1,2,1,2,2
2698,STU102698,Meera Mehta,Female,22,Bachelor,Student,Hyderabad,Laptop,Low,C101,Python Basics,Programming,Beginner,45,4.6,6,26,73.1,3,5.7,2,7,3.9,5,5,3,86.7,59.4,58.6,5,13-07-2024,Free,No,Yes,0,88,5,0,5.0,Not Completed,0,0,2,0,1,1,4,2
2699,STU102699,Aditya Verma,Male,18,HighSchool,Student,Lucknow,Laptop,High,C106,Machine Learning A-Z,Programming,Advanced,90,4.6,4,30,55.7,2,4.7,6,9,6.6,6,4,9,88.1,71.1,59.0,7,26-10-2023,NetBanking,Yes,Yes,5455,59,3,0,4.6,Not Completed,1,2,2,0,0,0,4,3
2700,STU102700,Sakshi Joshi,Female,24,Bachelor,Employed,Kolkata,Mobile,High,C105,UI/UX Design Fundamentals,Design,Beginner,40,4.4,6,24,48.6,0,0.5,7,7,3.1,4,6,4,91.3,72.9,44.7,3,28-02-2025,Debit Card,Yes,No,4319,100,3,0,4.0,Not Completed,0,0,0,1,0,1,1,1
2701,STU102701,Rohan Reddy,Female,28,Bachelor,Employed,Delhi,Laptop,High,C101,Python Basics,Programming,Beginner,45,4.6,5,40,57.0,3,5.3,0,5,5.9,6,4,2,81.3,65.3,59.2,1,03-11-2023,UPI,Yes,No,4120,54,5,1,3.5,Not Completed,0,0,0,0,0,1,4,5
2702,STU102702,Nikhil Iyer,Female,19,Bachelor,Student,Ahmedabad,Mobile,High,C107,Statistics for Data Science,Math,Intermediate,50,4.2,6,36,86.4,1,0.5,12,6,5.9,3,7,1,76.0,73.0,51.9,1,06-04-2025,Debit Card,Yes,Yes,4138,77,0,1,3.6,Not Completed,0,0,2,1,0,2,3,1
2703,STU102703,Ritika Verma,Male,20,Bachelor,Student,Vadodara,Mobile,Medium,C101,Python Basics,Programming,Beginner,45,4.6,7,47,94.2,3,9.7,7,9,3.0,5,5,3,57.7,69.0,66.4,2,21-01-2024,Debit Card,Yes,No,4583,56,4,0,5.0,Completed,1,0,2,1,2,1,4,1
2704,STU102704,Vihaan Kumar,Female,26,Bachelor,Student,Vadodara,Mobile,High,C106,Machine Learning A-Z,Programming,Advanced,90,4.6,5,29,50.0,2,17.1,6,2,10.0,4,5,2,85.9,79.7,45.5,2,22-01-2025,Free,No,No,0,65,0,0,4.8,Completed,0,0,2,1,0,0,4,2
2705,STU102705,Meera Nair,Male,23,Diploma,Student,Hyderabad,Laptop,High,C108,Excel for Business,Business,Beginner,25,4.1,7,46,41.9,3,4.1,5,10,6.0,7,3,4,95.1,64.7,59.9,7,06-07-2024,UPI,Yes,No,3386,31,4,1,4.5,Not Completed,1,1,2,0,0,1,0,5
2706,STU102706,Meera Kumar,Female,30,Bachelor,Student,Hyderabad,Mobile,High,C104,Digital Marketing Essentials,Marketing,Beginner,30,4.3,2,37,49.0,1,0.5,0,2,7.2,3,7,3,60.6,48.8,37.6,1,12-10-2024,Scholarship,No,No,351,81,3,1,3.9,Not Completed,0,0,2,1,0,1,2,4
2707,STU102707,Ananya Nair,Female,24,Master,Employed,Hyderabad,Mobile,Low,C108,Excel for Business,Business,Beginner,25,4.1,5,28,65.7,3,7.4,11,6,5.9,4,6,2,70.3,78.9,50.9,1,26-08-2025,UPI,Yes,No,3194,62,0,2,3.9,Not Completed,0,3,0,1,1,1,0,5
2708,STU102708,Sakshi Reddy,Male,23,PhD,Unemployed,Delhi,Tablet,Low,C102,Data Analysis with Python,Programming,Intermediate,60,4.7,5,35,14.2,1,11.8,0,6,4.7,4,6,2,78.5,32.2,30.6,1,31-03-2025,Credit Card,Yes,No,4801,100,1,4,4.5,Not Completed,1,4,3,2,1,2,4,0
2709,STU102709,Aarav Verma,Male,28,Bachelor,Employed,Chennai,Laptop,Medium,C107,Statistics for Data Science,Math,Intermediate,50,4.2,4,51,82.6,2,1.6,3,0,7.6,5,4,2,61.6,55.9,61.7,1,22-08-2025,Credit Card,Yes,No,4075,73,0,0,4.1,Completed,1,0,0,0,2,2,3,0
2710,STU102710,Arjun Joshi,Male,34,Bachelor,Employed,Kolkata,Mobile,High,C101,Python Basics,Programming,Beginner,45,4.6,7,37,54.1,7,11.4,3,8,6.7,5,5,6,77.4,38.4,50.9,4,30-05-2025,UPI,Yes,No,3910,52,2,0,4.9,Completed,1,0,0,1,0,1,4,5
2711,STU102711,Isha Joshi,Female,27,Bachelor,Student,Pune,Mobile,High,C106,Machine Learning A-Z,Programming,Advanced,90,4.6,2,35,81.4,2,6.5,2,6,6.1,5,5,7,71.8,52.0,61.1,3,02-05-2024,UPI,Yes,No,6781,82,2,0,4.9,Completed,0,0,2,1,0,0,4,5
2712,STU102712,Priya Iyer,Male,29,Bachelor,Unemployed,Delhi,Laptop,Low,C108,Excel for Business,Business,Beginner,25,4.1,5,11,65.8,1,0.5,10,7,6.4,3,7,4,76.0,62.6,44.2,2,19-07-2025,Credit Card,Yes,No,3123,61,5,1,4.8,Not Completed,1,0,3,0,1,1,0,0
2713,STU102713,Rahul Bose,Female,26,Bachelor,Self-Employed,Bhopal,Laptop,Medium,C103,Introduction to AI,Programming,Intermediate,75,4.5,9,28,61.2,2,0.5,0,2,3.8,5,5,3,77.7,68.9,54.9,2,08-04-2025,Free,No,No,0,69,6,0,5.0,Completed,0,0,1,0,2,2,4,2
2714,STU102714,Sai Kumar,Male,17,Diploma,Employed,Bhopal,Mobile,Low,C106,Machine Learning A-Z,Programming,Advanced,90,4.6,3,29,33.9,1,0.5,12,7,1.9,6,4,1,75.0,61.4,50.9,1,20-09-2024,UPI,Yes,No,6690,75,3,1,3.6,Completed,1,1,0,1,1,0,4,5
2715,STU102715,Priya Bhardwaj,Female,24,Bachelor,Employed,Chennai,Mobile,Low,C108,Excel for Business,Business,Beginner,25,4.1,4,32,37.2,1,8.8,7,4,4.7,3,7,3,71.2,63.1,34.2,1,25-07-2024,UPI,Yes,No,3037,77,2,2,4.1,Not Completed,0,0,0,1,1,1,0,5
2716,STU102716,Ananya Singh,Male,31,Bachelor,Employed,Mumbai,Mobile,Medium,C105,UI/UX Design Fundamentals,Design,Beginner,40,4.4,3,27,19.2,6,3.6,1,1,8.7,7,3,2,60.3,64.4,51.9,2,04-10-2025,Credit Card,Yes,Yes,3301,54,1,1,5.0,Not Completed,1,0,0,1,2,1,1,0
2717,STU102717,Pooja Shah,Male,28,Bachelor,Employed,Jaipur,Mobile,Low,C101,Python Basics,Programming,Beginner,45,4.6,9,52,26.8,5,9.9,10,4,6.9,3,7,3,82.4,65.1,30.6,4,24-01-2025,UPI,Yes,No,4296,88,0,1,4.3,Completed,1,0,0,1,1,1,4,5
2718,STU102718,Nikhil Desai,Male,32,Bachelor,Student,Vadodara,Mobile,High,C103,Introduction to AI,Programming,Intermediate,75,4.5,4,47,96.2,2,9.1,1,7,5.2,4,6,7,66.4,74.3,61.4,3,06-02-2024,UPI,Yes,No,5273,93,4,1,4.4,Completed,1,0,2,1,0,2,4,5
2719,STU102719,Aarav Reddy,Female,29,Bachelor,Employed,Bhopal,Laptop,High,C106,Machine Learning A-Z,Programming,Advanced,90,4.6,6,21,62.0,1,2.8,11,3,9.8,6,4,4,72.1,71.9,61.3,3,05-02-2025,Credit Card,Yes,No,5910,73,1,0,5.0,Completed,0,0,0,0,0,0,4,0
2720,STU102720,Arjun Gupta,Female,28,Master,Self-Employed,Ahmedabad,Mobile,Medium,C105,UI/UX Design Fundamentals,Design,Beginner,40,4.4,4,33,77.4,2,15.5,2,3,2.4,5,5,2,57.4,88.4,61.5,0,27-08-2025,Free,No,No,0,87,2,4,3.6,Completed,0,3,1,1,2,1,1,2
2721,STU102721,Sai Kumar,Female,21,Master,Employed,Kolkata,Mobile,Medium,C102,Data Analysis with Python,Programming,Intermediate,60,4.7,4,29,85.4,0,0.5,4,4,4.8,7,3,3,81.8,68.5,75.3,1,13-08-2024,Scholarship,No,No,441,73,3,0,4.4,Completed,0,3,0,1,2,2,4,4
2722,STU102722,Aarav Reddy,Female,20,Master,Employed,Mumbai,Mobile,Low,C102,Data Analysis with Python,Programming,Intermediate,60,4.7,2,27,65.3,2,1.5,22,8,9.5,5,5,4,71.6,74.2,56.6,1,15-06-2025,Scholarship,No,No,1095,48,2,0,4.3,Not Completed,0,3,0,1,1,2,4,4
2723,STU102723,Vihaan Patel,Female,25,PhD,Student,Kolkata,Mobile,High,C102,Data Analysis with Python,Programming,Intermediate,60,4.7,5,29,68.0,1,1.2,7,8,6.7,4,6,3,70.9,74.6,51.5,3,30-12-2024,Free,No,No,0,50,3,1,4.2,Completed,0,4,2,1,0,2,4,2
2724,STU102724,Sneha Iyer,Female,22,HighSchool,Self-Employed,Nagpur,Mobile,High,C101,Python Basics,Programming,Beginner,45,4.6,5,32,43.2,1,5.2,10,5,6.8,5,5,2,74.3,95.3,49.9,2,30-06-2024,Credit Card,Yes,Yes,3969,99,2,0,5.0,Not Completed,0,2,1,1,0,1,4,0
2725,STU102725,Arjun Joshi,Female,30,Bachelor,Student,Bhopal,Mobile,High,C102,Data Analysis with Python,Programming,Intermediate,60,4.7,3,48,73.5,2,0.5,4,5,5.5,6,4,4,70.6,44.0,63.9,1,14-03-2025,UPI,Yes,No,5258,62,2,1,3.0,Not Completed,0,0,2,1,0,2,4,5
2726,STU102726,Rahul Verma,Female,28,Bachelor,Employed,Delhi,Laptop,Medium,C106,Machine Learning A-Z,Programming,Advanced,90,4.6,7,46,49.0,3,3.7,3,5,5.2,5,4,6,96.3,100.0,52.2,2,11-03-2024,Credit Card,Yes,Yes,5179,95,2,0,3.9,Not Completed,0,0,0,0,2,0,4,0
2727,STU102727,Krishna Mehta,Female,30,Master,Student,Jaipur,Mobile,Low,C108,Excel for Business,Business,Beginner,25,4.1,5,33,30.8,5,0.5,15,7,7.8,6,4,4,92.5,74.6,50.5,6,09-08-2024,UPI,Yes,No,3089,64,5,0,4.2,Not Completed,0,3,2,1,1,1,0,5
2728,STU102728,Rohan Patel,Male,27,Bachelor,Employed,Kolkata,Mobile,High,C108,Excel for Business,Business,Beginner,25,4.1,6,31,63.7,4,2.1,6,4,7.4,5,5,0,72.5,58.3,55.2,1,27-06-2024,Free,No,No,0,66,0,2,4.5,Completed,1,0,0,1,0,1,0,2
2729,STU102729,Priya Mehta,Female,18,Diploma,Employed,Chennai,Laptop,Low,C108,Excel for Business,Business,Beginner,25,4.1,4,38,53.6,0,9.2,10,1,4.1,4,5,2,60.3,70.7,46.3,3,25-01-2024,Debit Card,Yes,No,3452,83,0,3,3.1,Not Completed,0,1,0,0,1,1,0,1
2730,STU102730,Neha Bose,Female,18,Bachelor,Unemployed,Ahmedabad,Mobile,Medium,C105,UI/UX Design Fundamentals,Design,Beginner,40,4.4,3,36,47.1,3,0.5,3,4,7.0,5,5,3,96.3,97.2,51.3,0,11-04-2024,Scholarship,No,No,222,65,3,1,3.7,Completed,0,0,3,1,2,1,1,4
2731,STU102731,Nikhil Mehta,Male,17,Diploma,Student,Lucknow,Laptop,Medium,C108,Excel for Business,Business,Beginner,25,4.1,5,40,47.4,2,6.9,4,4,8.9,4,6,0,71.6,67.8,44.0,4,31-05-2025,Free,No,No,0,100,2,0,3.5,Not Completed,1,1,2,0,2,1,0,2
2732,STU102732,Arjun Iyer,Female,25,Master,Student,Vadodara,Laptop,Medium,C102,Data Analysis with Python,Programming,Intermediate,60,4.7,7,29,41.7,4,12.3,5,8,8.1,4,6,4,75.6,61.1,41.6,4,03-03-2024,UPI,Yes,No,4755,72,2,1,3.4,Not Completed,0,3,2,0,2,2,4,5
2733,STU102733,Isha Gupta,Female,17,Master,Employed,Pune,Laptop,High,C102,Data Analysis with Python,Programming,Intermediate,60,4.7,2,14,89.3,0,0.5,2,4,4.4,6,3,4,79.7,72.1,70.9,1,12-01-2024,UPI,Yes,No,5004,65,4,0,2.9,Not Completed,0,3,0,0,0,2,4,5
2734,STU102734,Ananya Bhardwaj,Female,38,Bachelor,Employed,Bhopal,Laptop,Medium,C105,UI/UX Design Fundamentals,Design,Beginner,40,4.4,2,35,47.3,4,0.5,2,6,6.8,3,7,6,71.2,66.5,37.9,0,27-04-2025,Free,No,No,0,91,0,0,4.4,Not Completed,0,0,0,0,2,1,1,2
2735,STU102735,Sai Mehta,Male,19,Bachelor,Employed,Vadodara,Mobile,Low,C108,Excel for Business,Business,Beginner,25,4.1,3,49,80.3,2,4.1,7,2,7.5,4,6,6,46.3,62.8,55.2,3,06-01-2025,Credit Card,Yes,No,3510,83,2,0,3.7,Not Completed,1,0,0,1,1,1,0,0
2736,STU102736,Vihaan Verma,Male,19,Bachelor,Employed,Surat,Mobile,Low,C103,Introduction to AI,Programming,Intermediate,75,4.5,5,19,69.1,1,0.5,7,6,5.7,5,5,5,60.2,89.8,58.7,3,01-09-2024,Credit Card,Yes,No,5667,89,2,1,3.4,Not Completed,1,0,0,1,1,2,4,0
2737,STU102737,Ritika Bose,Female,33,Bachelor,Unemployed,Lucknow,Laptop,Medium,C106,Machine Learning A-Z,Programming,Advanced,90,4.6,7,27,80.4,0,0.5,6,3,4.6,5,5,5,78.3,80.1,62.1,3,07-02-2025,UPI,Yes,No,6938,68,2,2,4.7,Not Completed,0,0,3,0,2,0,4,5
2738,STU102738,Sneha Mehta,Female,29,Master,Employed,Kolkata,Laptop,High,C103,Introduction to AI,Programming,Intermediate,75,4.5,4,26,76.8,4,2.5,1,3,0.6,5,4,5,65.2,70.5,60.4,2,10-12-2024,UPI,Yes,No,6031,64,4,1,3.2,Not Completed,0,3,0,0,0,2,4,5
2739,STU102739,Kavya Patel,Female,24,Bachelor,Student,Bhopal,Laptop,Medium,C104,Digital Marketing Essentials,Marketing,Beginner,30,4.3,6,30,75.2,2,0.5,3,3,6.0,6,4,5,82.2,72.9,66.0,4,21-12-2024,UPI,Yes,Yes,2833,69,2,0,4.5,Completed,0,0,2,0,2,1,2,5
2740,STU102740,Aditya Desai,Male,21,Bachelor,Student,Bengaluru,Mobile,Medium,C105,UI/UX Design Fundamentals,Design,Beginner,40,4.4,4,39,64.6,1,0.5,4,5,10.0,5,5,2,52.2,57.3,55.5,2,21-08-2024,Scholarship,No,No,1026,100,2,0,4.8,Not Completed,1,0,2,1,2,1,1,4
2741,STU102741,Rohan Bhardwaj,Other,29,Diploma,Unemployed,Surat,Mobile,High,C103,Introduction to AI,Programming,Intermediate,75,4.5,5,40,58.7,2,4.4,13,6,7.4,3,7,2,67.8,56.7,41.4,7,13-07-2025,Scholarship,No,No,2556,79,2,1,4.3,Completed,2,1,3,1,0,2,4,4
2742,STU102742,Rahul Bose,Female,25,Bachelor,Unemployed,Jaipur,Mobile,Medium,C108,Excel for Business,Business,Beginner,25,4.1,2,34,68.3,2,8.6,5,7,8.8,7,3,6,66.5,59.8,68.9,1,10-12-2023,Debit Card,Yes,No,3558,61,3,0,4.5,Completed,0,0,3,1,2,1,0,1
2743,STU102743,Priya Verma,Male,29,Bachelor,Employed,Chennai,Mobile,Medium,C106,Machine Learning A-Z,Programming,Advanced,90,4.6,5,27,36.3,1,11.5,12,6,2.7,3,7,2,58.0,50.2,33.2,5,01-02-2025,Free,No,No,0,52,3,1,2.7,Completed,1,0,0,1,2,0,4,2
2744,STU102744,Ritika Reddy,Male,17,Bachelor,Student,Nagpur,Laptop,Medium,C101,Python Basics,Programming,Beginner,45,4.6,9,36,67.2,3,6.1,3,5,6.6,2,8,3,88.8,87.1,39.9,4,12-12-2023,UPI,Yes,No,4628,77,2,0,5.0,Completed,1,0,2,0,2,1,4,5
2745,STU102745,Neha Shah,Other,17,Bachelor,Employed,Lucknow,Laptop,High,C101,Python Basics,Programming,Beginner,45,4.6,6,24,73.3,1,3.5,1,4,8.8,6,4,3,58.6,82.0,65.8,0,16-06-2025,UPI,Yes,Yes,3693,68,2,0,5.0,Not Completed,2,0,0,0,0,1,4,5
2746,STU102746,Vihaan Shah,Male,23,Bachelor,Self-Employed,Ahmedabad,Mobile,High,C104,Digital Marketing Essentials,Marketing,Beginner,30,4.3,5,47,74.0,2,7.7,7,6,2.1,6,4,3,77.6,71.3,65.5,3,23-09-2025,Debit Card,Yes,Yes,3261,42,1,1,4.2,Completed,1,0,1,1,0,1,2,1
2747,STU102747,Pooja Shah,Male,17,Master,Student,Mumbai,Mobile,Medium,C101,Python Basics,Programming,Beginner,45,4.6,8,20,72.7,2,7.4,3,7,8.5,6,4,3,74.6,65.6,64.7,1,06-06-2025,UPI,Yes,No,4236,93,0,0,4.9,Completed,1,3,2,1,2,1,4,5
2748,STU102748,Ritika Nair,Female,31,Bachelor,Student,Indore,Mobile,High,C101,Python Basics,Programming,Beginner,45,4.6,3,28,84.1,1,0.5,20,8,7.6,5,5,2,81.7,37.9,61.3,3,13-05-2024,UPI,Yes,No,4245,49,1,1,3.9,Not Completed,0,0,2,1,0,1,4,5
2749,STU102749,Ritika Verma,Male,21,HighSchool,Employed,Surat,Laptop,Medium,C106,Machine Learning A-Z,Programming,Advanced,90,4.6,7,28,85.4,3,2.7,4,8,5.1,5,5,6,73.2,52.9,62.5,0,07-03-2025,Free,No,No,0,98,4,1,5.0,Completed,1,2,0,0,2,0,4,2
2750,STU102750,Arjun Singh,Female,25,Bachelor,Student,Bhopal,Laptop,Medium,C106,Machine Learning A-Z,Programming,Advanced,90,4.6,5,27,65.4,2,0.5,1,7,7.7,5,5,4,69.4,51.8,55.5,2,23-03-2024,NetBanking,Yes,No,6028,68,5,0,3.3,Completed,0,0,2,0,2,0,4,3
2751,STU102751,Ananya Iyer,Female,25,HighSchool,Self-Employed,Ahmedabad,Mobile,Medium,C106,Machine Learning A-Z,Programming,Advanced,90,4.6,5,39,85.1,2,0.5,6,4,9.3,5,5,3,85.5,61.1,62.8,5,23-10-2023,Scholarship,No,Yes,2882,73,3,0,5.0,Not Completed,0,2,1,1,2,0,4,4
2752,STU102752,Meera Bhardwaj,Female,27,Bachelor,Employed,Indore,Mobile,Medium,C102,Data Analysis with Python,Programming,Intermediate,60,4.7,5,23,80.3,1,8.5,9,4,7.3,5,5,0,75.4,75.1,61.9,2,24-12-2023,Credit Card,Yes,Yes,4639,64,3,0,4.1,Completed,0,0,0,1,2,2,4,0
2753,STU102753,Aarav Verma,Female,19,HighSchool,Student,Jaipur,Mobile,Medium,C108,Excel for Business,Business,Beginner,25,4.1,6,24,82.7,6,7.7,15,10,2.0,5,5,7,81.7,72.4,62.6,2,01-04-2025,Scholarship,No,No,1204,72,7,0,5.0,Completed,0,2,2,1,2,1,0,4
2754,STU102754,Vihaan Singh,Male,29,Bachelor,Employed,Pune,Laptop,Medium,C101,Python Basics,Programming,Beginner,45,4.6,9,30,36.9,4,3.8,2,6,5.9,5,5,3,79.6,56.8,45.7,6,11-11-2023,UPI,Yes,Yes,3849,66,0,0,5.0,Not Completed,1,0,0,0,2,1,4,5
2755,STU102755,Ritika Reddy,Female,24,Bachelor,Employed,Chennai,Mobile,High,C101,Python Basics,Programming,Beginner,45,4.6,5,48,20.8,0,0.5,3,2,5.4,5,5,2,82.9,73.2,40.9,2,18-02-2024,Free,No,No,0,81,2,2,3.3,Not Completed,0,0,0,1,0,1,4,2
2756,STU102756,Ananya Mehta,Male,17,Diploma,Student,Kolkata,Mobile,Medium,C108,Excel for Business,Business,Beginner,25,4.1,4,41,53.7,1,5.1,19,1,3.8,5,5,4,65.3,98.4,53.7,2,13-06-2024,Debit Card,Yes,No,3153,17,2,0,4.6,Completed,1,1,2,1,2,1,0,1
2757,STU102757,Rahul Kumar,Male,24,Master,Employed,Nagpur,Mobile,Medium,C105,UI/UX Design Fundamentals,Design,Beginner,40,4.4,6,12,79.1,1,8.8,15,3,6.0,4,6,1,36.0,43.3,53.8,0,08-01-2025,NetBanking,Yes,Yes,3366,73,2,3,3.7,Not Completed,1,3,0,1,2,1,1,3
2758,STU102758,Sakshi Sharma,Female,24,Master,Employed,Chennai,Mobile,Medium,C101,Python Basics,Programming,Beginner,45,4.6,6,30,78.2,2,0.9,1,7,6.4,4,6,2,46.3,55.0,54.1,1,08-11-2023,UPI,Yes,No,4225,55,4,0,2.9,Completed,0,3,0,1,2,1,4,5
2759,STU102759,Sai Verma,Female,30,Bachelor,Employed,Nagpur,Mobile,Medium,C106,Machine Learning A-Z,Programming,Advanced,90,4.6,2,20,73.6,3,13.8,5,5,2.7,0,10,1,54.9,75.7,29.5,0,19-06-2024,UPI,Yes,No,7060,32,3,2,4.6,Completed,0,0,0,1,2,0,4,5
2760,STU102760,Sai Gupta,Male,19,Master,Student,Indore,Laptop,High,C106,Machine Learning A-Z,Programming,Advanced,90,4.6,7,14,72.3,3,0.5,1,5,6.1,4,6,4,65.3,83.8,53.5,4,09-05-2024,UPI,Yes,No,6557,26,0,1,4.1,Not Completed,1,3,2,0,0,0,4,5
2761,STU102761,Meera Reddy,Male,24,Diploma,Employed,Ahmedabad,Mobile,High,C102,Data Analysis with Python,Programming,Intermediate,60,4.7,4,23,72.0,1,0.5,13,7,7.4,8,2,3,79.8,47.0,75.5,1,27-01-2024,Free,No,No,0,39,1,2,4.2,Not Completed,1,1,0,1,0,2,4,2
2762,STU102762,Nikhil Reddy,Male,29,Bachelor,Employed,Hyderabad,Mobile,High,C106,Machine Learning A-Z,Programming,Advanced,90,4.6,4,35,56.5,2,0.5,2,6,3.5,5,5,4,69.3,96.6,54.6,4,20-11-2024,UPI,Yes,No,6239,84,2,0,4.3,Not Completed,1,0,0,1,0,0,4,5
2763,STU102763,Priya Nair,Male,40,Master,Employed,Vadodara,Laptop,Low,C101,Python Basics,Programming,Beginner,45,4.6,2,31,37.3,0,1.0,9,1,5.1,2,8,2,75.0,80.3,29.1,3,16-12-2024,Scholarship,No,No,471,71,2,0,4.5,Completed,1,3,0,0,1,1,4,4
2764,STU102764,Isha Verma,Female,21,Bachelor,Student,Mumbai,Mobile,Medium,C102,Data Analysis with Python,Programming,Intermediate,60,4.7,6,20,36.6,3,7.9,2,6,9.7,4,6,7,95.1,83.3,41.0,3,17-02-2024,Credit Card,Yes,No,4968,63,1,0,3.8,Completed,0,0,2,1,2,2,4,0
2765,STU102765,Nikhil Mehta,Female,23,Bachelor,Student,Mumbai,Laptop,Low,C105,UI/UX Design Fundamentals,Design,Beginner,40,4.4,4,32,82.8,2,0.5,5,3,7.7,4,6,1,81.8,69.0,56.4,2,20-11-2023,UPI,Yes,No,3708,69,0,0,4.2,Completed,0,0,2,0,1,1,1,5
2766,STU102766,Sakshi Reddy,Female,23,Bachelor,Student,Mumbai,Laptop,High,C108,Excel for Business,Business,Beginner,25,4.1,3,32,64.4,4,0.5,4,7,6.6,4,6,5,64.5,94.6,51.3,2,14-10-2024,Debit Card,Yes,Yes,2822,54,2,2,4.3,Not Completed,0,0,2,0,0,1,0,1
2767,STU102767,Arjun Reddy,Female,17,Bachelor,Employed,Bhopal,Laptop,Low,C106,Machine Learning A-Z,Programming,Advanced,90,4.6,5,30,84.0,2,12.3,26,1,7.1,3,7,2,92.9,71.2,50.9,1,26-07-2024,NetBanking,Yes,No,6946,23,2,2,2.9,Not Completed,0,0,0,0,1,0,4,3
2768,STU102768,Aarav Verma,Male,29,Bachelor,Self-Employed,Hyderabad,Laptop,High,C104,Digital Marketing Essentials,Marketing,Beginner,30,4.3,6,41,68.1,2,0.5,1,12,5.4,5,5,5,66.3,100.0,58.8,3,15-03-2025,UPI,Yes,No,3592,44,5,2,5.0,Completed,1,0,1,0,0,1,2,5
2769,STU102769,Krishna Joshi,Male,37,Bachelor,Self-Employed,Bhopal,Laptop,High,C106,Machine Learning A-Z,Programming,Advanced,90,4.6,4,40,94.2,2,0.5,5,10,6.2,3,7,3,70.3,74.2,54.7,2,19-11-2024,Debit Card,Yes,No,6233,43,2,0,5.0,Completed,1,0,1,0,0,0,4,1
2770,STU102770,Ritika Sharma,Female,33,HighSchool,Student,Bengaluru,Mobile,Medium,C105,UI/UX Design Fundamentals,Design,Beginner,40,4.4,4,25,67.6,0,0.5,4,4,4.9,4,6,2,53.9,76.8,51.5,5,11-10-2024,Scholarship,No,No,1399,61,2,0,3.5,Not Completed,0,2,2,1,2,1,1,4
2771,STU102771,Nikhil Joshi,Male,39,HighSchool,Student,Kolkata,Laptop,High,C106,Machine Learning A-Z,Programming,Advanced,90,4.6,7,36,60.9,6,9.6,5,2,7.5,5,5,2,72.2,88.0,55.7,0,08-03-2024,Free,No,No,0,69,0,1,3.4,Completed,1,2,2,0,0,0,4,2
2772,STU102772,Neha Desai,Male,29,Master,Student,Vadodara,Mobile,Medium,C105,UI/UX Design Fundamentals,Design,Beginner,40,4.4,5,17,74.8,2,4.3,11,7,7.2,1,9,0,76.7,66.7,35.5,1,23-11-2024,NetBanking,Yes,No,3861,65,0,0,4.0,Not Completed,1,3,2,1,2,1,1,3
2773,STU102773,Aditya Bose,Male,25,Master,Employed,Nagpur,Laptop,Low,C105,UI/UX Design Fundamentals,Design,Beginner,40,4.4,5,48,7.8,1,0.5,2,2,4.2,7,3,2,57.8,79.4,48.7,3,05-11-2024,Scholarship,No,No,1720,78,7,2,4.0,Completed,1,3,0,0,1,1,1,4
2774,STU102774,Meera Bhardwaj,Female,36,Bachelor,Student,Lucknow,Mobile,High,C102,Data Analysis with Python,Programming,Intermediate,60,4.7,5,26,88.9,1,14.4,21,6,6.5,4,6,3,100.0,75.5,58.9,2,19-03-2025,Free,No,No,0,11,0,1,4.0,Not Completed,0,0,2,1,0,2,4,2
2775,STU102775,Ritika Kumar,Female,28,HighSchool,Student,Bengaluru,Laptop,High,C106,Machine Learning A-Z,Programming,Advanced,90,4.6,5,11,88.6,2,0.5,9,6,7.0,3,7,5,69.7,64.9,52.3,1,10-06-2025,Free,No,No,0,91,1,0,5.0,Not Completed,0,2,2,0,0,0,4,2
2776,STU102776,Nikhil Joshi,Male,19,HighSchool,Employed,Jaipur,Mobile,High,C105,UI/UX Design Fundamentals,Design,Beginner,40,4.4,3,45,54.7,2,0.5,3,5,3.2,5,5,9,73.0,68.1,52.6,3,03-12-2024,Debit Card,Yes,No,4164,62,2,2,5.0,Not Completed,1,2,0,1,0,1,1,1
2777,STU102777,Aditya Patel,Female,30,Bachelor,Employed,Mumbai,Mobile,Medium,C107,Statistics for Data Science,Math,Intermediate,50,4.2,4,33,86.9,0,21.2,5,3,3.0,7,3,4,59.0,77.8,76.3,1,27-03-2024,Credit Card,Yes,Yes,4194,82,1,1,4.0,Completed,0,0,0,1,2,2,3,0
2778,STU102778,Rohan Sharma,Female,28,Bachelor,Student,Lucknow,Laptop,High,C101,Python Basics,Programming,Beginner,45,4.6,6,59,86.7,5,0.5,4,8,4.8,4,6,2,92.2,68.1,57.8,0,11-09-2025,UPI,Yes,No,4191,75,4,3,3.9,Not Completed,0,0,2,0,0,1,4,5
2779,STU102779,Meera Joshi,Female,24,Diploma,Employed,Vadodara,Tablet,High,C102,Data Analysis with Python,Programming,Intermediate,60,4.7,7,30,77.5,2,9.7,4,7,6.3,6,4,5,71.2,71.7,66.7,5,15-06-2024,UPI,Yes,No,5032,68,3,1,3.5,Completed,0,1,0,2,0,2,4,5
2780,STU102780,Vihaan Bose,Female,20,HighSchool,Student,Bhopal,Laptop,High,C102,Data Analysis with Python,Programming,Intermediate,60,4.7,5,26,78.9,2,0.5,10,8,7.0,6,3,2,68.2,84.9,67.9,2,13-11-2024,Debit Card,Yes,No,4977,37,4,1,3.9,Not Completed,0,2,2,0,0,2,4,1
2781,STU102781,Isha Bose,Male,40,Diploma,Student,Delhi,Mobile,Medium,C101,Python Basics,Programming,Beginner,45,4.6,2,33,48.8,2,0.5,3,4,8.3,3,7,1,69.4,72.9,38.7,3,29-06-2024,UPI,Yes,No,4021,59,2,1,3.9,Completed,1,1,2,1,2,1,4,5
2782,STU102782,Vihaan Patel,Male,30,Master,Student,Nagpur,Laptop,High,C106,Machine Learning A-Z,Programming,Advanced,90,4.6,6,53,71.8,0,3.1,8,6,6.6,4,6,5,82.8,68.0,52.5,2,11-01-2025,UPI,Yes,No,5940,100,3,1,3.2,Completed,1,3,2,0,0,0,4,5
2783,STU102783,Sneha Bhardwaj,Female,33,Bachelor,Student,Lucknow,Mobile,High,C107,Statistics for Data Science,Math,Intermediate,50,4.2,7,33,68.1,4,7.7,2,4,5.8,6,4,7,86.6,90.5,64.3,2,12-04-2024,NetBanking,Yes,Yes,4159,89,4,2,5.0,Completed,0,0,2,1,0,2,3,3
2784,STU102784,Pooja Sharma,Female,25,Bachelor,Student,Indore,Mobile,High,C103,Introduction to AI,Programming,Intermediate,75,4.5,8,37,84.0,2,2.1,27,3,5.6,4,6,4,63.5,61.4,56.5,2,01-03-2024,UPI,Yes,Yes,4676,100,5,5,4.5,Not Completed,0,0,2,1,0,2,4,5
2785,STU102785,Nikhil Gupta,Male,30,Bachelor,Employed,Pune,Mobile,Medium,C102,Data Analysis with Python,Programming,Intermediate,60,4.7,3,28,41.7,3,0.5,4,8,3.7,5,5,8,58.3,62.7,47.7,6,02-03-2025,Credit Card,Yes,No,5487,47,0,1,3.8,Not Completed,1,0,0,1,2,2,4,0
2786,STU102786,Kavya Iyer,Female,35,Bachelor,Employed,Ahmedabad,Laptop,High,C102,Data Analysis with Python,Programming,Intermediate,60,4.7,3,31,51.4,4,1.7,3,3,8.3,6,4,2,53.3,52.4,56.6,5,30-03-2024,UPI,Yes,Yes,4452,96,1,2,4.3,Completed,0,0,0,0,0,2,4,5
2787,STU102787,Isha Shah,Male,31,Bachelor,Employed,Surat,Mobile,Medium,C107,Statistics for Data Science,Math,Intermediate,50,4.2,5,34,59.3,3,0.5,10,1,8.2,4,6,6,77.2,55.9,47.5,1,30-04-2024,UPI,Yes,No,4187,52,0,0,5.0,Completed,1,0,0,1,2,2,3,5
2788,STU102788,Aditya Bhardwaj,Male,17,Master,Student,Mumbai,Mobile,Low,C105,UI/UX Design Fundamentals,Design,Beginner,40,4.4,2,35,73.1,2,0.5,2,2,5.1,3,7,5,62.7,71.7,47.2,0,31-08-2025,UPI,Yes,Yes,3310,89,2,1,3.3,Not Completed,1,3,2,1,1,1,1,5
2789,STU102789,Vihaan Singh,Male,26,Bachelor,Employed,Mumbai,Mobile,High,C107,Statistics for Data Science,Math,Intermediate,50,4.2,2,22,39.8,6,3.3,12,3,5.9,5,5,1,67.2,49.0,46.4,3,22-10-2023,Scholarship,No,Yes,458,65,4,2,3.3,Not Completed,1,0,0,1,0,2,3,4
2790,STU102790,Sneha Desai,Female,41,Bachelor,Student,Chennai,Laptop,Medium,C104,Digital Marketing Essentials,Marketing,Beginner,30,4.3,4,38,81.1,2,10.2,0,6,6.5,5,5,5,74.9,72.3,62.0,6,29-12-2023,Free,No,No,0,82,2,1,4.7,Completed,0,0,2,0,2,1,2,2
2791,STU102791,Pooja Verma,Female,33,Bachelor,Employed,Lucknow,Laptop,High,C106,Machine Learning A-Z,Programming,Advanced,90,4.6,4,38,40.0,0,0.5,17,2,6.3,3,7,1,67.9,96.0,36.8,3,04-08-2025,Free,No,Yes,0,67,3,3,3.6,Completed,0,0,0,0,0,0,4,2
2792,STU102792,Ritika Reddy,Male,27,Master,Student,Pune,Laptop,High,C107,Statistics for Data Science,Math,Intermediate,50,4.2,9,41,75.8,2,8.8,15,8,6.2,5,5,3,80.7,35.3,58.3,6,23-05-2025,Credit Card,Yes,No,4642,39,4,1,4.5,Completed,1,3,2,0,0,2,3,0
2793,STU102793,Meera Gupta,Male,28,HighSchool,Employed,Hyderabad,Laptop,High,C103,Introduction to AI,Programming,Intermediate,75,4.5,3,21,86.4,5,2.8,3,6,8.8,6,4,4,77.5,57.0,69.1,7,11-05-2025,UPI,Yes,No,6095,100,2,2,5.0,Not Completed,1,2,0,0,0,2,4,5
2794,STU102794,Arjun Desai,Male,17,Bachelor,Employed,Delhi,Mobile,Medium,C103,Introduction to AI,Programming,Intermediate,75,4.5,6,38,35.5,3,8.4,5,8,4.3,6,4,2,58.3,34.2,50.1,1,18-07-2025,Credit Card,Yes,Yes,4713,73,3,2,3.8,Not Completed,1,0,0,1,2,2,4,0
2795,STU102795,Priya Shah,Female,34,PhD,Student,Delhi,Mobile,Medium,C104,Digital Marketing Essentials,Marketing,Beginner,30,4.3,2,18,44.9,2,0.5,0,3,7.7,4,6,4,78.0,69.5,43.2,3,24-02-2024,Scholarship,No,No,628,71,4,0,3.9,Not Completed,0,4,2,1,2,1,2,4
2796,STU102796,Ritika Kumar,Male,22,Master,Student,Delhi,Laptop,High,C101,Python Basics,Programming,Beginner,45,4.6,2,33,44.2,1,7.9,5,8,6.8,5,5,5,88.3,98.1,50.4,2,09-06-2024,UPI,Yes,No,4313,44,2,0,4.2,Not Completed,1,3,2,0,0,1,4,5
2797,STU102797,Vivaan Bhardwaj,Male,19,Master,Employed,Surat,Tablet,Medium,C103,Introduction to AI,Programming,Intermediate,75,4.5,8,38,95.5,2,1.5,2,3,9.6,5,5,5,99.5,57.5,66.3,2,02-06-2024,Free,No,No,0,68,1,1,3.7,Not Completed,1,3,0,2,2,2,4,2
2798,STU102798,Ananya Bose,Female,17,Bachelor,Student,Nagpur,Laptop,Medium,C102,Data Analysis with Python,Programming,Intermediate,60,4.7,4,31,57.5,2,0.5,7,4,6.1,4,6,4,82.1,85.5,48.4,5,06-10-2025,NetBanking,Yes,No,4647,45,1,0,3.6,Not Completed,0,0,2,0,2,2,4,3
2799,STU102799,Sneha Sharma,Male,17,Diploma,Employed,Nagpur,Laptop,Medium,C107,Statistics for Data Science,Math,Intermediate,50,4.2,4,39,51.4,2,11.8,13,2,7.1,6,3,3,65.4,44.0,56.2,0,06-08-2024,Credit Card,Yes,No,4845,99,2,3,5.0,Completed,1,1,0,0,2,2,3,0
2800,STU102800,Aditya Gupta,Male,32,Bachelor,Employed,Jaipur,Mobile,High,C102,Data Analysis with Python,Programming,Intermediate,60,4.7,2,43,49.0,0,4.4,7,4,7.2,5,5,5,79.1,63.4,50.3,4,30-03-2025,Free,No,No,0,66,4,3,3.6,Completed,1,0,0,1,0,2,4,2
2801,STU102801,Sakshi Gupta,Other,26,Bachelor,Employed,Ahmedabad,Tablet,Medium,C103,Introduction to AI,Programming,Intermediate,75,4.5,3,40,65.9,0,0.5,18,7,6.0,2,7,3,73.4,95.9,39.9,3,14-12-2023,UPI,Yes,Yes,4663,52,1,1,3.7,Not Completed,2,0,0,2,2,2,4,5
2802,STU102802,Rahul Nair,Male,22,Bachelor,Student,Bhopal,Mobile,Medium,C101,Python Basics,Programming,Beginner,45,4.6,3,27,89.3,0,2.0,0,9,4.7,6,4,3,57.6,59.9,70.3,3,10-02-2025,Free,No,No,0,40,0,1,4.6,Not Completed,1,0,2,1,2,1,4,2
2803,STU102803,Neha Iyer,Female,26,Bachelor,Employed,Mumbai,Laptop,Medium,C101,Python Basics,Programming,Beginner,45,4.6,2,26,77.9,0,3.2,7,7,6.0,4,6,3,54.6,77.1,55.1,5,21-12-2024,UPI,Yes,No,4066,50,2,0,4.7,Not Completed,0,0,0,0,2,1,4,5
2804,STU102804,Neha Singh,Male,27,Bachelor,Student,Hyderabad,Mobile,Medium,C108,Excel for Business,Business,Beginner,25,4.1,3,39,64.3,1,0.5,2,7,4.5,5,5,4,66.9,82.7,56.6,2,16-12-2023,Credit Card,Yes,No,3352,60,2,0,3.6,Completed,1,0,2,1,2,1,0,0
2805,STU102805,Arjun Singh,Female,22,Bachelor,Employed,Surat,Mobile,Medium,C107,Statistics for Data Science,Math,Intermediate,50,4.2,4,34,70.1,0,0.5,6,5,5.3,4,6,4,71.2,50.9,51.1,0,18-09-2024,UPI,Yes,No,4130,81,1,0,4.5,Completed,0,0,0,1,2,2,3,5
2806,STU102806,Vivaan Singh,Female,29,HighSchool,Employed,Kolkata,Laptop,Medium,C101,Python Basics,Programming,Beginner,45,4.6,4,24,51.5,1,5.4,17,5,7.9,5,5,6,59.5,62.0,51.1,2,16-05-2025,UPI,Yes,No,4009,43,1,1,3.6,Completed,0,2,0,0,2,1,4,5
2807,STU102807,Sakshi Nair,Female,32,Bachelor,Student,Nagpur,Mobile,High,C106,Machine Learning A-Z,Programming,Advanced,90,4.6,3,23,24.0,2,1.6,3,5,3.8,4,6,4,86.5,24.8,33.7,1,22-11-2023,Debit Card,Yes,No,6413,97,5,1,4.1,Completed,0,0,2,1,0,0,4,1
2808,STU102808,Sneha Sharma,Female,33,Master,Student,Chennai,Mobile,Medium,C105,UI/UX Design Fundamentals,Design,Beginner,40,4.4,4,24,75.7,2,0.5,2,6,3.9,5,5,3,87.6,71.5,60.1,2,05-07-2025,Debit Card,Yes,No,3903,57,5,0,4.0,Not Completed,0,3,2,1,2,1,1,1
2809,STU102809,Aditya Bose,Male,33,Bachelor,Employed,Surat,Laptop,Low,C104,Digital Marketing Essentials,Marketing,Beginner,30,4.3,6,37,50.0,0,9.3,6,6,1.8,4,6,3,55.3,57.7,44.4,0,26-02-2024,Free,No,No,0,45,1,1,3.5,Not Completed,1,0,0,0,1,1,2,2
2810,STU102810,Neha Nair,Male,25,Master,Student,Mumbai,Mobile,High,C101,Python Basics,Programming,Beginner,45,4.6,3,29,81.3,2,0.6,7,5,7.0,3,7,3,72.1,67.2,49.8,1,08-03-2025,Credit Card,Yes,No,4285,34,4,0,5.0,Completed,1,3,2,1,0,1,4,0
2811,STU102811,Ritika Singh,Female,32,Bachelor,Employed,Lucknow,Mobile,Medium,C103,Introduction to AI,Programming,Intermediate,75,4.5,4,41,82.3,0,5.7,12,5,4.8,3,7,8,61.8,77.3,50.7,1,17-02-2025,UPI,Yes,No,5853,35,1,1,4.4,Not Completed,0,0,0,1,2,2,4,5
2812,STU102812,Ananya Desai,Female,27,Diploma,Employed,Nagpur,Mobile,Medium,C108,Excel for Business,Business,Beginner,25,4.1,3,37,40.4,1,6.0,19,3,8.6,6,3,4,80.6,44.3,52.3,2,06-06-2024,Credit Card,Yes,No,3035,86,2,0,4.8,Completed,0,1,0,1,2,1,0,0
2813,STU102813,Aarav Bose,Male,18,HighSchool,Employed,Mumbai,Mobile,High,C101,Python Basics,Programming,Beginner,45,4.6,9,41,76.8,0,9.7,0,6,6.5,3,7,1,79.7,75.2,48.7,3,04-05-2024,UPI,Yes,No,3862,58,1,2,4.6,Completed,1,2,0,1,0,1,4,5
2814,STU102814,Rahul Bhardwaj,Female,29,Bachelor,Student,Nagpur,Mobile,Medium,C103,Introduction to AI,Programming,Intermediate,75,4.5,6,20,85.3,2,0.5,7,0,4.3,1,9,2,77.1,84.1,40.1,3,16-09-2025,UPI,Yes,Yes,4601,87,1,0,3.7,Not Completed,0,0,2,1,2,2,4,5
2815,STU102815,Aarav Gupta,Male,29,Bachelor,Unemployed,Kolkata,Laptop,Medium,C101,Python Basics,Programming,Beginner,45,4.6,4,24,57.4,1,8.0,0,2,7.9,8,2,6,82.4,91.4,72.6,0,06-11-2024,UPI,Yes,Yes,3301,76,1,2,3.1,Completed,1,0,3,0,2,1,4,5
2816,STU102816,Arjun Mehta,Female,17,Master,Employed,Indore,Mobile,High,C103,Introduction to AI,Programming,Intermediate,75,4.5,7,23,31.4,2,10.3,33,11,4.3,7,3,2,49.0,47.5,55.4,3,06-03-2024,NetBanking,Yes,No,5352,73,3,1,5.0,Completed,0,3,0,1,0,2,4,3
2817,STU102817,Vihaan Reddy,Male,24,Bachelor,Employed,Delhi,Mobile,Medium,C108,Excel for Business,Business,Beginner,25,4.1,5,42,56.5,2,5.0,0,2,6.8,5,5,5,99.0,76.5,53.6,4,27-10-2024,NetBanking,Yes,No,3417,58,1,0,3.3,Not Completed,1,0,0,1,2,1,0,3
2818,STU102818,Sneha Singh,Male,27,Bachelor,Self-Employed,Hyderabad,Mobile,Medium,C103,Introduction to AI,Programming,Intermediate,75,4.5,9,17,59.5,1,1.8,7,6,6.6,5,5,5,79.8,68.8,54.3,1,15-12-2023,Scholarship,No,Yes,1894,100,3,0,5.0,Not Completed,1,0,1,1,2,2,4,4
2819,STU102819,Rohan Singh,Female,19,Bachelor,Employed,Delhi,Mobile,Low,C105,UI/UX Design Fundamentals,Design,Beginner,40,4.4,6,22,65.8,4,0.6,10,3,9.5,7,2,2,71.5,81.7,69.1,1,05-06-2024,Credit Card,Yes,No,4316,91,2,0,4.2,Not Completed,0,0,0,1,1,1,1,0
2820,STU102820,Isha Nair,Female,27,Diploma,Employed,Vadodara,Laptop,High,C108,Excel for Business,Business,Beginner,25,4.1,4,11,42.9,2,0.5,11,2,8.8,6,4,3,89.3,68.7,54.5,1,18-04-2025,NetBanking,Yes,No,3523,59,0,0,3.3,Completed,0,1,0,0,0,1,0,3
2821,STU102821,Nikhil Patel,Male,19,Bachelor,Employed,Vadodara,Mobile,Medium,C101,Python Basics,Programming,Beginner,45,4.6,6,43,80.3,5,0.5,1,4,6.6,4,6,7,77.7,49.0,54.6,1,28-06-2024,Credit Card,Yes,No,4277,69,1,1,3.4,Completed,1,0,0,1,2,1,4,0
2822,STU102822,Vivaan Sharma,Female,24,Bachelor,Unemployed,Mumbai,Laptop,High,C101,Python Basics,Programming,Beginner,45,4.6,6,39,14.1,2,3.3,9,9,9.8,4,5,6,100.0,59.9,31.9,2,18-04-2024,Scholarship,No,No,1639,91,1,0,4.0,Completed,0,0,3,0,0,1,4,4
2823,STU102823,Ananya Patel,Male,24,Diploma,Student,Hyderabad,Laptop,Medium,C103,Introduction to AI,Programming,Intermediate,75,4.5,5,33,36.5,0,5.6,10,3,7.2,5,5,5,78.5,74.7,46.5,2,17-08-2025,Free,No,No,0,76,2,1,3.5,Completed,1,1,2,0,2,2,4,2
2824,STU102824,Rohan Kumar,Male,17,Bachelor,Employed,Bengaluru,Mobile,Low,C105,UI/UX Design Fundamentals,Design,Beginner,40,4.4,6,42,83.1,1,1.5,2,0,6.3,7,3,4,77.1,49.6,73.5,1,18-02-2025,NetBanking,Yes,Yes,3426,83,3,1,5.0,Completed,1,0,0,1,1,1,1,3
2825,STU102825,Vihaan Iyer,Female,24,Master,Employed,Delhi,Laptop,High,C101,Python Basics,Programming,Beginner,45,4.6,8,46,55.0,2,12.8,3,5,5.1,5,5,5,76.2,55.6,52.0,3,25-04-2025,UPI,Yes,Yes,3655,76,2,0,5.0,Not Completed,0,3,0,0,0,1,4,5
2826,STU102826,Krishna Reddy,Female,26,Bachelor,Student,Indore,Tablet,Medium,C106,Machine Learning A-Z,Programming,Advanced,90,4.6,4,29,68.1,1,0.5,3,5,8.5,5,5,2,72.8,55.3,56.6,3,16-10-2024,Scholarship,No,No,1128,93,4,0,3.3,Not Completed,0,0,2,2,2,0,4,4
2827,STU102827,Rohan Reddy,Male,33,Bachelor,Employed,Indore,Laptop,High,C102,Data Analysis with Python,Programming,Intermediate,60,4.7,9,31,75.8,1,9.4,1,4,6.1,5,5,3,67.8,70.1,60.0,2,26-10-2024,UPI,Yes,No,4705,74,3,0,4.2,Not Completed,1,0,0,0,0,2,4,5
2828,STU102828,Rahul Kumar,Female,21,Master,Student,Nagpur,Mobile,High,C105,UI/UX Design Fundamentals,Design,Beginner,40,4.4,3,42,76.3,3,1.9,5,8,2.7,4,6,6,85.9,62.7,53.9,2,08-04-2025,Scholarship,No,No,1876,26,1,1,3.1,Not Completed,0,3,2,1,0,1,1,4
2829,STU102829,Neha Joshi,Male,29,Master,Student,Indore,Mobile,Medium,C104,Digital Marketing Essentials,Marketing,Beginner,30,4.3,3,32,31.6,3,5.8,14,5,5.3,4,6,2,73.2,44.8,37.3,2,31-01-2024,Credit Card,Yes,No,3278,62,0,0,4.1,Completed,1,3,2,1,2,1,2,0
2830,STU102830,Vivaan Joshi,Female,17,Master,Employed,Bhopal,Laptop,Low,C103,Introduction to AI,Programming,Intermediate,75,4.5,3,19,60.7,2,3.4,6,3,7.2,8,2,4,73.6,54.2,71.9,1,14-07-2025,Free,No,Yes,0,97,0,0,4.2,Completed,0,3,0,0,1,2,4,2
2831,STU102831,Meera Kumar,Male,23,HighSchool,Student,Delhi,Mobile,High,C102,Data Analysis with Python,Programming,Intermediate,60,4.7,5,24,59.6,2,7.5,33,3,7.1,3,7,3,54.6,58.0,41.8,4,05-03-2024,Free,No,No,0,51,3,1,5.0,Not Completed,1,2,2,1,0,2,4,2
2832,STU102832,Ritika Singh,Male,22,Bachelor,Student,Ahmedabad,Mobile,Medium,C106,Machine Learning A-Z,Programming,Advanced,90,4.6,7,34,75.4,1,2.9,5,5,7.0,4,6,4,86.1,75.1,54.1,2,19-05-2024,Free,No,No,0,58,2,0,3.4,Not Completed,1,0,2,1,2,0,4,2
2833,STU102833,Vihaan Joshi,Male,28,Bachelor,Student,Indore,Mobile,High,C107,Statistics for Data Science,Math,Intermediate,50,4.2,6,21,55.5,6,6.0,11,2,5.8,7,3,3,90.8,76.4,65.2,4,10-03-2024,UPI,Yes,No,4584,54,6,1,5.0,Completed,1,0,2,1,0,2,3,5
2834,STU102834,Vivaan Singh,Male,38,HighSchool,Employed,Indore,Mobile,High,C103,Introduction to AI,Programming,Intermediate,75,4.5,3,27,74.4,2,0.5,6,3,8.4,5,5,4,59.4,50.6,58.6,4,23-01-2025,NetBanking,Yes,No,6191,86,5,0,3.6,Completed,1,2,0,1,0,2,4,3
2835,STU102835,Vihaan Patel,Female,24,Master,Student,Kolkata,Mobile,Medium,C107,Statistics for Data Science,Math,Intermediate,50,4.2,4,45,74.0,2,0.5,4,3,5.8,4,6,3,72.4,59.5,52.9,5,19-07-2024,UPI,Yes,No,4073,100,2,1,3.9,Not Completed,0,3,2,1,2,2,3,5
2836,STU102836,Neha Bhardwaj,Female,23,HighSchool,Student,Chennai,Mobile,High,C102,Data Analysis with Python,Programming,Intermediate,60,4.7,7,28,85.5,4,3.6,0,5,7.5,7,2,1,87.6,57.4,74.8,1,11-01-2024,Free,No,No,0,35,1,0,5.0,Not Completed,0,2,2,1,0,2,4,2
2837,STU102837,Vivaan Kumar,Female,22,Bachelor,Employed,Nagpur,Laptop,Medium,C105,UI/UX Design Fundamentals,Design,Beginner,40,4.4,5,18,50.4,3,1.3,1,11,6.9,3,7,4,71.2,44.5,37.9,2,07-03-2025,Free,No,Yes,0,65,3,0,4.3,Not Completed,0,0,0,0,2,1,1,2
2838,STU102838,Aarav Shah,Female,28,Bachelor,Employed,Chennai,Mobile,Low,C103,Introduction to AI,Programming,Intermediate,75,4.5,4,39,49.4,1,2.8,5,0,3.2,4,6,2,79.2,78.3,45.2,3,01-12-2023,Free,No,No,0,87,2,1,5.0,Not Completed,0,0,0,1,1,2,4,2
2839,STU102839,Rohan Singh,Female,23,Bachelor,Employed,Chennai,Mobile,High,C102,Data Analysis with Python,Programming,Intermediate,60,4.7,5,39,41.6,2,0.5,3,5,7.7,4,6,2,57.7,57.8,41.5,2,31-12-2024,UPI,Yes,Yes,4102,72,5,1,4.8,Completed,0,0,0,1,0,2,4,5
2840,STU102840,Rahul Patel,Male,26,Bachelor,Employed,Lucknow,Mobile,Low,C102,Data Analysis with Python,Programming,Intermediate,60,4.7,4,29,53.1,3,3.9,9,8,7.7,7,3,2,73.6,66.5,63.9,2,23-04-2025,Free,No,No,0,92,1,0,4.0,Completed,1,0,0,1,1,2,4,2
2841,STU102841,Sneha Bose,Male,22,Bachelor,Employed,Mumbai,Mobile,Medium,C108,Excel for Business,Business,Beginner,25,4.1,2,22,70.5,2,0.5,5,4,9.9,4,6,4,75.2,74.7,52.4,0,25-09-2024,UPI,Yes,No,3488,72,2,1,4.3,Completed,1,0,0,1,2,1,0,5
2842,STU102842,Neha Desai,Male,25,Master,Student,Vadodara,Mobile,Medium,C105,UI/UX Design Fundamentals,Design,Beginner,40,4.4,8,23,91.8,3,10.3,11,6,4.6,3,7,3,53.2,63.4,53.3,4,14-11-2023,UPI,Yes,No,3852,62,1,0,4.4,Completed,1,3,2,1,2,1,1,5
2843,STU102843,Pooja Nair,Male,27,Bachelor,Student,Nagpur,Laptop,Medium,C105,UI/UX Design Fundamentals,Design,Beginner,40,4.4,5,36,48.0,1,11.4,4,11,6.9,2,8,8,92.3,76.6,32.6,4,27-12-2024,Scholarship,No,No,1749,100,3,0,3.9,Not Completed,1,0,2,0,2,1,1,4
2844,STU102844,Vivaan Desai,Female,18,HighSchool,Self-Employed,Delhi,Mobile,Low,C104,Digital Marketing Essentials,Marketing,Beginner,30,4.3,5,30,81.5,1,6.6,2,7,2.8,5,5,3,68.1,74.1,62.2,4,10-09-2025,Scholarship,No,No,1081,63,2,3,4.3,Completed,0,2,1,1,1,1,2,4
2845,STU102845,Ananya Shah,Male,46,Bachelor,Employed,Surat,Mobile,Medium,C104,Digital Marketing Essentials,Marketing,Beginner,30,4.3,5,36,35.0,2,6.6,26,4,7.7,5,5,6,43.4,68.1,45.7,2,25-05-2025,Free,No,No,0,58,4,0,5.0,Completed,1,0,0,1,2,1,2,2
2846,STU102846,Nikhil Desai,Male,28,Bachelor,Employed,Surat,Mobile,Medium,C102,Data Analysis with Python,Programming,Intermediate,60,4.7,4,32,42.9,2,3.6,26,6,8.4,4,6,4,73.0,68.0,42.4,3,10-11-2024,NetBanking,Yes,No,5454,85,2,1,4.3,Not Completed,1,0,0,1,2,2,4,3
2847,STU102847,Kavya Nair,Male,24,Bachelor,Student,Bhopal,Laptop,Medium,C102,Data Analysis with Python,Programming,Intermediate,60,4.7,6,22,68.7,3,7.3,8,5,6.8,5,5,7,49.1,80.5,58.1,0,01-11-2023,Free,No,No,0,99,8,0,4.0,Not Completed,1,0,2,0,2,2,4,2
2848,STU102848,Neha Desai,Female,35,Master,Employed,Lucknow,Mobile,High,C108,Excel for Business,Business,Beginner,25,4.1,6,40,81.6,4,9.6,7,7,6.2,6,3,3,85.6,63.9,67.8,3,12-01-2024,UPI,Yes,No,3170,100,6,0,3.9,Completed,0,3,0,1,0,1,0,5
2849,STU102849,Rohan Desai,Male,26,Master,Student,Surat,Laptop,Medium,C102,Data Analysis with Python,Programming,Intermediate,60,4.7,4,33,86.9,4,0.5,1,7,3.5,5,5,6,69.3,76.7,64.2,4,23-05-2025,UPI,Yes,Yes,3952,100,3,1,3.8,Completed,1,3,2,0,2,2,4,5
2850,STU102850,Priya Patel,Male,37,Bachelor,Employed,Jaipur,Laptop,Medium,C102,Data Analysis with Python,Programming,Intermediate,60,4.7,5,30,84.4,4,11.5,3,8,7.9,6,3,5,74.3,44.2,67.7,0,18-07-2024,Free,No,Yes,0,55,3,1,5.0,Completed,1,0,0,0,2,2,4,2
2851,STU102851,Neha Desai,Female,31,Master,Student,Lucknow,Laptop,Medium,C107,Statistics for Data Science,Math,Intermediate,50,4.2,5,49,42.0,8,1.2,2,4,6.6,4,6,6,86.6,88.8,43.2,6,30-06-2025,Debit Card,Yes,No,4086,100,5,2,5.0,Completed,0,3,2,0,2,2,3,1
2852,STU102852,Aarav Sharma,Female,29,Master,Employed,Ahmedabad,Mobile,Medium,C104,Digital Marketing Essentials,Marketing,Beginner,30,4.3,6,44,80.3,2,9.6,17,1,8.0,6,4,7,86.5,43.6,66.3,3,09-09-2024,Free,No,No,0,100,5,1,3.9,Not Completed,0,3,0,1,2,1,2,2
2853,STU102853,Neha Shah,Male,28,Diploma,Employed,Bengaluru,Tablet,High,C103,Introduction to AI,Programming,Intermediate,75,4.5,8,43,34.6,4,6.3,5,8,6.4,5,5,4,72.7,85.5,46.4,3,03-11-2023,UPI,Yes,No,5774,93,4,0,5.0,Not Completed,1,1,0,2,0,2,4,5
2854,STU102854,Kavya Patel,Female,36,Master,Student,Kolkata,Mobile,High,C101,Python Basics,Programming,Beginner,45,4.6,5,27,87.8,1,5.4,12,2,1.3,4,6,1,51.0,66.6,58.1,3,18-10-2024,Credit Card,Yes,Yes,3579,64,0,2,4.4,Completed,0,3,2,1,0,1,4,0
2855,STU102855,Meera Iyer,Female,35,PhD,Student,Nagpur,Mobile,Low,C104,Digital Marketing Essentials,Marketing,Beginner,30,4.3,8,23,85.2,1,11.4,4,6,3.0,4,6,4,72.7,53.4,56.5,0,08-12-2024,UPI,Yes,No,3235,49,2,3,3.5,Not Completed,0,4,2,1,1,1,2,5
2856,STU102856,Vivaan Bhardwaj,Male,33,Bachelor,Employed,Delhi,Laptop,Low,C102,Data Analysis with Python,Programming,Intermediate,60,4.7,2,31,59.9,1,14.3,1,1,7.7,4,6,1,56.4,77.0,48.8,1,02-07-2025,Credit Card,Yes,No,5200,68,3,0,4.1,Completed,1,0,0,0,1,2,4,0
2857,STU102857,Rahul Joshi,Male,28,Master,Employed,Delhi,Mobile,High,C103,Introduction to AI,Programming,Intermediate,75,4.5,1,23,43.7,1,3.8,12,3,6.6,1,9,1,46.9,57.6,24.2,0,07-07-2024,UPI,Yes,No,5606,38,2,0,3.4,Not Completed,1,3,0,1,0,2,4,5
2858,STU102858,Neha Kumar,Male,27,Bachelor,Student,Nagpur,Mobile,Medium,C104,Digital Marketing Essentials,Marketing,Beginner,30,4.3,4,23,71.4,1,0.5,1,8,5.1,3,7,5,60.4,55.4,45.8,0,05-06-2024,Debit Card,Yes,No,3660,60,2,1,4.3,Not Completed,1,0,2,1,2,1,2,1
2859,STU102859,Sai Verma,Female,26,HighSchool,Employed,Nagpur,Mobile,High,C105,UI/UX Design Fundamentals,Design,Beginner,40,4.4,4,35,84.1,4,0.5,0,5,8.9,4,6,2,61.9,65.6,56.7,3,06-12-2023,Scholarship,No,No,931,100,2,0,4.2,Completed,0,2,0,1,0,1,1,4
2860,STU102860,Rohan Sharma,Male,22,HighSchool,Employed,Lucknow,Laptop,High,C101,Python Basics,Programming,Beginner,45,4.6,3,52,84.5,3,0.5,13,3,2.7,6,4,3,68.4,73.3,69.2,3,16-09-2025,Free,No,No,0,82,0,1,3.9,Completed,1,2,0,0,0,1,4,2
2861,STU102861,Ritika Shah,Male,26,Bachelor,Employed,Kolkata,Mobile,High,C105,UI/UX Design Fundamentals,Design,Beginner,40,4.4,4,42,56.5,2,5.5,1,4,7.2,5,5,1,69.5,60.4,52.8,2,28-11-2023,Free,No,No,0,40,3,1,3.9,Completed,1,0,0,1,0,1,1,2
2862,STU102862,Rahul Nair,Female,22,Master,Student,Pune,Mobile,Medium,C101,Python Basics,Programming,Beginner,45,4.6,5,32,93.0,0,2.3,29,3,8.1,3,7,3,74.3,86.4,54.9,2,08-07-2024,Debit Card,Yes,Yes,3285,31,3,1,4.4,Not Completed,0,3,2,1,2,1,4,1
2863,STU102863,Neha Patel,Male,26,Bachelor,Student,Lucknow,Laptop,Medium,C107,Statistics for Data Science,Math,Intermediate,50,4.2,3,58,89.6,3,5.0,1,4,7.6,6,4,8,94.0,93.2,72.0,2,12-10-2024,Scholarship,No,No,1863,44,1,1,4.3,Completed,1,0,2,0,2,2,3,4
2864,STU102864,Rahul Nair,Male,17,Bachelor,Student,Mumbai,Laptop,High,C105,UI/UX Design Fundamentals,Design,Beginner,40,4.4,8,41,81.7,2,0.5,2,6,5.8,7,3,4,88.6,100.0,75.6,4,09-10-2024,Free,No,No,0,50,6,0,4.7,Completed,1,0,2,0,0,1,1,2
2865,STU102865,Vihaan Sharma,Female,17,Bachelor,Student,Surat,Laptop,Medium,C103,Introduction to AI,Programming,Intermediate,75,4.5,5,28,58.6,2,5.3,11,7,5.4,6,4,3,50.0,53.6,59.2,0,23-03-2025,Credit Card,Yes,No,6120,71,0,0,4.3,Completed,0,0,2,0,2,2,4,0
2866,STU102866,Aditya Singh,Female,19,Master,Student,Pune,Mobile,High,C103,Introduction to AI,Programming,Intermediate,75,4.5,6,42,63.5,6,10.3,2,10,7.0,7,3,7,97.8,85.0,68.5,2,31-10-2024,Free,No,No,0,94,3,2,5.0,Completed,0,3,2,1,0,2,4,2
2867,STU102867,Isha Sharma,Male,28,Bachelor,Employed,Lucknow,Tablet,High,C103,Introduction to AI,Programming,Intermediate,75,4.5,4,31,66.7,3,12.2,8,2,5.8,4,6,4,46.8,77.9,51.2,3,01-08-2024,Free,No,No,0,61,4,2,3.3,Not Completed,1,0,0,2,0,2,4,2
2868,STU102868,Arjun Patel,Male,23,Bachelor,Student,Hyderabad,Laptop,Medium,C105,UI/UX Design Fundamentals,Design,Beginner,40,4.4,5,22,49.3,2,0.5,1,3,3.0,4,6,2,57.6,70.3,44.8,5,19-10-2024,NetBanking,Yes,Yes,3106,40,0,0,4.1,Completed,1,0,2,0,2,1,1,3
2869,STU102869,Pooja Mehta,Male,29,Diploma,Employed,Bhopal,Mobile,High,C105,UI/UX Design Fundamentals,Design,Beginner,40,4.4,4,37,93.2,2,9.8,2,6,6.8,6,4,5,75.5,59.9,71.6,1,09-02-2025,Debit Card,Yes,No,4293,92,2,1,2.8,Completed,1,1,0,1,0,1,1,1
2870,STU102870,Ananya Bhardwaj,Female,17,Bachelor,Self-Employed,Mumbai,Mobile,Medium,C101,Python Basics,Programming,Beginner,45,4.6,5,34,56.9,4,4.9,0,4,2.9,3,7,2,65.3,57.5,40.8,0,01-12-2023,Debit Card,Yes,No,4492,59,2,3,4.0,Not Completed,0,0,1,1,2,1,4,1
2871,STU102871,Ananya Bose,Male,28,Bachelor,Student,Bengaluru,Mobile,Medium,C108,Excel for Business,Business,Beginner,25,4.1,4,23,53.7,2,0.5,3,4,4.9,6,4,1,59.3,51.8,57.4,1,12-11-2023,Free,No,No,0,43,3,1,3.6,Not Completed,1,0,2,1,2,1,0,2
2872,STU102872,Vihaan Bhardwaj,Male,27,Master,Unemployed,Pune,Mobile,High,C107,Statistics for Data Science,Math,Intermediate,50,4.2,5,52,68.3,1,4.1,1,9,6.3,6,4,5,66.8,62.6,63.1,2,23-03-2025,Free,No,No,0,85,2,1,5.0,Completed,1,3,3,1,0,2,3,2
2873,STU102873,Ritika Desai,Male,29,Diploma,Student,Jaipur,Laptop,High,C106,Machine Learning A-Z,Programming,Advanced,90,4.6,3,40,81.4,6,0.5,2,7,9.7,3,7,4,99.3,89.0,51.0,1,24-05-2024,UPI,Yes,No,6017,75,4,0,2.8,Not Completed,1,1,2,0,0,0,4,5
2874,STU102874,Priya Shah,Female,30,Master,Employed,Jaipur,Laptop,Medium,C101,Python Basics,Programming,Beginner,45,4.6,3,31,14.3,2,9.3,0,4,6.4,6,4,1,87.1,87.7,45.4,2,18-03-2024,Scholarship,No,No,507,61,2,1,4.9,Not Completed,0,3,0,0,2,1,4,4
2875,STU102875,Priya Desai,Female,17,Bachelor,Employed,Lucknow,Laptop,Medium,C101,Python Basics,Programming,Beginner,45,4.6,4,21,83.5,1,0.5,0,5,9.9,6,4,6,88.1,76.9,69.1,2,04-01-2024,Free,No,No,0,30,2,1,4.8,Not Completed,0,0,0,0,2,1,4,2
2876,STU102876,Rohan Bhardwaj,Female,17,Bachelor,Student,Surat,Mobile,High,C108,Excel for Business,Business,Beginner,25,4.1,3,21,73.1,6,1.7,0,6,4.8,6,4,6,60.0,68.9,65.0,2,23-07-2025,Credit Card,Yes,Yes,2782,74,2,4,4.8,Completed,0,0,2,1,0,1,0,0
2877,STU102877,Rahul Nair,Male,27,Bachelor,Self-Employed,Chennai,Laptop,Medium,C104,Digital Marketing Essentials,Marketing,Beginner,30,4.3,4,33,80.8,1,0.5,9,5,4.8,6,3,3,84.8,49.7,66.8,2,18-02-2024,UPI,Yes,No,3462,32,3,0,4.1,Not Completed,1,0,1,0,2,1,2,5
2878,STU102878,Ritika Desai,Female,29,Bachelor,Unemployed,Mumbai,Laptop,High,C105,UI/UX Design Fundamentals,Design,Beginner,40,4.4,4,30,52.8,2,10.0,1,6,4.6,4,6,4,64.0,55.8,45.3,2,22-08-2025,UPI,Yes,Yes,3560,65,5,0,4.1,Not Completed,0,0,3,0,0,1,1,5
2879,STU102879,Ritika Gupta,Female,22,Bachelor,Student,Kolkata,Mobile,High,C102,Data Analysis with Python,Programming,Intermediate,60,4.7,6,35,65.0,1,0.5,4,7,8.5,3,7,2,62.0,92.8,45.4,2,03-05-2024,UPI,Yes,No,5127,52,1,2,4.8,Not Completed,0,0,2,1,0,2,4,5
2880,STU102880,Nikhil Kumar,Female,17,Diploma,Employed,Bhopal,Mobile,High,C102,Data Analysis with Python,Programming,Intermediate,60,4.7,3,36,61.0,2,0.5,17,3,6.8,5,5,3,72.7,67.8,54.7,1,21-06-2024,Scholarship,No,No,565,70,4,0,4.7,Not Completed,0,1,0,1,0,2,4,4
2881,STU102881,Sneha Singh,Female,34,HighSchool,Student,Kolkata,Mobile,High,C102,Data Analysis with Python,Programming,Intermediate,60,4.7,5,36,46.9,0,7.0,0,3,5.6,4,6,3,92.1,45.2,42.7,3,12-02-2024,Free,No,No,0,80,3,1,4.2,Not Completed,0,2,2,1,0,2,4,2
2882,STU102882,Rohan Reddy,Female,27,Bachelor,Employed,Indore,Laptop,Medium,C108,Excel for Business,Business,Beginner,25,4.1,6,45,46.1,0,4.0,18,5,7.0,5,5,5,55.7,76.5,50.0,0,09-12-2024,UPI,Yes,No,3169,81,2,2,4.8,Not Completed,0,0,0,0,2,1,0,5
2883,STU102883,Sneha Sharma,Female,22,Bachelor,Employed,Hyderabad,Laptop,Medium,C104,Digital Marketing Essentials,Marketing,Beginner,30,4.3,2,29,51.6,2,5.8,25,9,4.6,6,4,0,63.3,81.7,58.2,0,03-01-2024,UPI,Yes,No,3195,59,2,0,3.3,Not Completed,0,0,0,0,2,1,2,5
2884,STU102884,Sneha Iyer,Male,34,Master,Employed,Kolkata,Laptop,Medium,C105,UI/UX Design Fundamentals,Design,Beginner,40,4.4,4,30,59.3,0,7.3,14,3,7.5,9,1,3,66.7,66.1,78.1,1,18-01-2025,Scholarship,No,No,203,68,0,0,4.1,Completed,1,3,0,0,2,1,1,4
2885,STU102885,Isha Singh,Male,22,Master,Self-Employed,Jaipur,Mobile,High,C107,Statistics for Data Science,Math,Intermediate,50,4.2,3,48,83.7,3,3.6,1,3,5.7,3,7,3,84.3,80.5,51.3,3,22-02-2024,Free,No,No,0,58,1,0,3.1,Not Completed,1,3,1,1,0,2,3,2
2886,STU102886,Rahul Singh,Female,23,Bachelor,Employed,Vadodara,Laptop,High,C108,Excel for Business,Business,Beginner,25,4.1,3,15,95.4,4,2.9,0,3,6.1,6,4,4,74.3,86.8,73.7,0,06-09-2025,UPI,Yes,Yes,2680,57,0,0,3.5,Not Completed,0,0,0,0,0,1,0,5
2887,STU102887,Nikhil Iyer,Female,22,PhD,Student,Bengaluru,Mobile,High,C105,UI/UX Design Fundamentals,Design,Beginner,40,4.4,7,37,74.8,1,0.5,23,7,3.7,5,4,6,68.0,72.2,59.8,3,05-08-2024,UPI,Yes,No,4307,64,2,0,3.6,Not Completed,0,4,2,1,0,1,1,5
2888,STU102888,Pooja Joshi,Male,17,Bachelor,Employed,Delhi,Mobile,Medium,C101,Python Basics,Programming,Beginner,45,4.6,3,40,26.6,3,6.5,11,7,4.2,4,6,4,59.9,61.9,36.4,4,21-12-2024,UPI,Yes,No,4104,56,1,2,3.2,Not Completed,1,0,0,1,2,1,4,5
2889,STU102889,Ritika Verma,Female,26,Bachelor,Student,Jaipur,Mobile,High,C104,Digital Marketing Essentials,Marketing,Beginner,30,4.3,7,28,71.9,2,0.5,0,4,6.6,4,6,7,84.2,85.8,53.5,3,06-05-2024,Credit Card,Yes,No,3525,54,4,1,4.4,Not Completed,0,0,2,1,0,1,2,0
2890,STU102890,Sai Bose,Female,31,Bachelor,Student,Kolkata,Laptop,Medium,C101,Python Basics,Programming,Beginner,45,4.6,2,15,57.7,5,0.5,2,4,10.0,5,5,5,47.1,75.6,54.0,3,17-02-2024,UPI,Yes,No,4456,38,1,0,4.8,Completed,0,0,2,0,2,1,4,5
2891,STU102891,Isha Kumar,Male,18,HighSchool,Student,Vadodara,Laptop,Medium,C104,Digital Marketing Essentials,Marketing,Beginner,30,4.3,4,24,70.7,4,6.9,1,4,8.4,5,5,4,72.5,62.8,57.9,4,09-02-2025,NetBanking,Yes,No,3339,100,3,1,4.4,Completed,1,2,2,0,2,1,2,3
2892,STU102892,Vihaan Verma,Male,25,Bachelor,Employed,Nagpur,Mobile,Medium,C101,Python Basics,Programming,Beginner,45,4.6,6,49,85.8,4,6.8,5,4,6.5,5,5,2,66.4,100.0,65.0,2,31-12-2024,NetBanking,Yes,No,4040,65,2,1,3.5,Not Completed,1,0,0,1,2,1,4,3
2893,STU102893,Aarav Nair,Male,30,HighSchool,Employed,Bengaluru,Laptop,Low,C108,Excel for Business,Business,Beginner,25,4.1,2,34,71.6,1,0.5,0,6,8.5,3,7,2,64.1,97.5,47.9,1,29-02-2024,UPI,Yes,No,3382,69,1,2,4.7,Completed,1,2,0,0,1,1,0,5
2894,STU102894,Ritika Shah,Male,29,Bachelor,Employed,Surat,Mobile,Medium,C108,Excel for Business,Business,Beginner,25,4.1,3,38,35.3,3,7.8,17,2,4.7,5,5,8,88.1,71.7,45.9,2,22-12-2024,Scholarship,No,No,449,96,3,0,2.6,Not Completed,1,0,0,1,2,1,0,4
2895,STU102895,Sneha Verma,Male,19,Bachelor,Employed,Chennai,Laptop,High,C106,Machine Learning A-Z,Programming,Advanced,90,4.6,5,31,85.8,1,12.9,6,2,8.1,4,6,3,65.1,69.4,57.5,3,20-06-2024,UPI,Yes,No,5889,13,1,0,5.0,Completed,1,0,0,0,0,0,4,5
2896,STU102896,Ananya Sharma,Male,34,Bachelor,Employed,Hyderabad,Mobile,Medium,C108,Excel for Business,Business,Beginner,25,4.1,5,33,79.0,2,0.5,2,3,3.2,5,5,4,44.3,78.1,61.5,4,25-09-2024,UPI,Yes,No,3365,100,2,2,3.0,Not Completed,1,0,0,1,2,1,0,5
2897,STU102897,Nikhil Bhardwaj,Male,18,Master,Student,Jaipur,Mobile,Medium,C101,Python Basics,Programming,Beginner,45,4.6,5,14,86.7,3,0.5,4,8,7.1,6,4,4,68.0,82.5,70.5,2,02-12-2023,Free,No,Yes,0,80,2,0,4.2,Not Completed,1,3,2,1,2,1,4,2
2898,STU102898,Aditya Nair,Male,30,Bachelor,Student,Bhopal,Tablet,Medium,C103,Introduction to AI,Programming,Intermediate,75,4.5,7,35,85.8,2,2.6,1,5,9.4,7,3,4,97.9,100.0,77.0,3,18-01-2025,UPI,Yes,Yes,4467,69,3,0,5.0,Not Completed,1,0,2,2,2,2,4,5
2899,STU102899,Isha Iyer,Male,28,HighSchool,Employed,Kolkata,Laptop,Low,C106,Machine Learning A-Z,Programming,Advanced,90,4.6,3,36,88.7,3,11.3,6,2,4.8,2,8,3,71.6,80.1,47.0,2,05-01-2025,Scholarship,No,No,611,80,1,1,4.2,Not Completed,1,2,0,0,1,0,4,4
2900,STU102900,Ananya Desai,Female,20,Bachelor,Employed,Kolkata,Laptop,Medium,C106,Machine Learning A-Z,Programming,Advanced,90,4.6,5,45,85.8,4,0.5,1,7,7.0,9,1,4,75.1,61.6,87.1,3,21-04-2024,Free,No,No,0,52,0,0,4.6,Completed,0,0,0,0,2,0,4,2
2901,STU102901,Nikhil Bose,Female,26,HighSchool,Student,Nagpur,Mobile,Medium,C108,Excel for Business,Business,Beginner,25,4.1,5,37,84.5,2,5.7,0,4,10.0,4,6,7,58.8,69.2,57.0,2,10-01-2024,UPI,Yes,No,3380,42,1,3,5.0,Completed,0,2,2,1,2,1,0,5
2902,STU102902,Arjun Bose,Female,27,Master,Student,Mumbai,Laptop,Medium,C105,UI/UX Design Fundamentals,Design,Beginner,40,4.4,4,49,80.3,1,0.8,1,9,5.9,6,4,8,80.1,76.1,67.9,3,29-10-2024,UPI,Yes,Yes,3207,67,2,0,5.0,Not Completed,0,3,2,0,2,1,1,5
2903,STU102903,Kavya Mehta,Male,25,Bachelor,Self-Employed,Hyderabad,Mobile,Medium,C103,Introduction to AI,Programming,Intermediate,75,4.5,2,40,50.8,2,0.5,13,4,7.2,4,6,2,79.9,78.6,45.7,1,20-03-2025,Free,No,No,0,76,6,1,3.9,Completed,1,0,1,1,2,2,4,2
2904,STU102904,Nikhil Kumar,Female,20,Bachelor,Employed,Vadodara,Mobile,Medium,C101,Python Basics,Programming,Beginner,45,4.6,6,35,47.1,2,0.5,8,7,7.6,3,7,3,55.6,44.3,36.7,2,16-08-2024,Debit Card,Yes,Yes,3703,69,0,2,3.8,Completed,0,0,0,1,2,1,4,1
2905,STU102905,Meera Joshi,Male,29,Diploma,Student,Mumbai,Mobile,Medium,C104,Digital Marketing Essentials,Marketing,Beginner,30,4.3,1,40,45.2,1,0.5,7,6,4.7,5,5,8,39.0,95.1,50.6,3,06-04-2025,NetBanking,Yes,Yes,3137,79,0,0,4.3,Not Completed,1,1,2,1,2,1,2,3
2906,STU102906,Nikhil Gupta,Female,18,Bachelor,Employed,Nagpur,Mobile,Medium,C108,Excel for Business,Business,Beginner,25,4.1,8,45,47.5,0,6.3,29,3,5.5,3,7,3,71.5,59.6,37.6,9,04-08-2024,Free,No,No,0,54,1,1,4.4,Not Completed,0,0,0,1,2,1,0,2
2907,STU102907,Pooja Mehta,Female,18,Diploma,Employed,Hyderabad,Laptop,Low,C106,Machine Learning A-Z,Programming,Advanced,90,4.6,3,43,57.0,3,5.4,23,3,6.4,6,4,1,65.8,52.1,58.5,2,11-03-2024,UPI,Yes,No,6070,50,0,0,4.0,Not Completed,0,1,0,0,1,0,4,5
2908,STU102908,Vivaan Shah,Male,28,Bachelor,Employed,Indore,Mobile,Medium,C108,Excel for Business,Business,Beginner,25,4.1,4,43,53.7,1,0.5,2,3,4.8,4,6,4,54.7,55.0,45.5,3,19-05-2024,UPI,Yes,No,3150,46,4,1,4.5,Completed,1,0,0,1,2,1,0,5
2909,STU102909,Isha Gupta,Male,34,Bachelor,Self-Employed,Ahmedabad,Mobile,Medium,C104,Digital Marketing Essentials,Marketing,Beginner,30,4.3,5,47,89.2,1,1.8,3,5,7.3,5,5,8,59.5,100.0,66.2,6,08-07-2025,Scholarship,No,No,329,87,6,0,4.8,Not Completed,1,0,1,1,2,1,2,4
2910,STU102910,Pooja Sharma,Male,21,Bachelor,Student,Hyderabad,Mobile,Medium,C102,Data Analysis with Python,Programming,Intermediate,60,4.7,4,35,68.5,1,7.6,4,3,9.2,3,7,1,74.1,53.7,44.6,1,15-02-2024,Credit Card,Yes,Yes,4098,40,2,1,4.0,Completed,1,0,2,1,2,2,4,0
2911,STU102911,Ananya Kumar,Male,29,HighSchool,Employed,Kolkata,Mobile,Medium,C103,Introduction to AI,Programming,Intermediate,75,4.5,3,31,81.1,2,5.2,18,2,3.2,4,6,2,80.0,83.9,56.6,3,07-04-2024,Debit Card,Yes,Yes,4679,100,3,3,5.0,Completed,1,2,0,1,2,2,4,1
2912,STU102912,Ananya Bose,Female,22,Bachelor,Employed,Ahmedabad,Laptop,High,C108,Excel for Business,Business,Beginner,25,4.1,3,29,59.4,0,0.5,10,2,6.6,1,9,4,66.7,71.4,30.4,0,02-02-2024,Scholarship,No,Yes,1043,86,0,0,3.9,Not Completed,0,0,0,0,0,1,0,4
2913,STU102913,Rohan Iyer,Female,19,Master,Student,Ahmedabad,Mobile,High,C101,Python Basics,Programming,Beginner,45,4.6,2,32,8.4,2,0.5,17,5,3.6,6,4,3,60.2,74.1,42.6,1,15-05-2024,Debit Card,Yes,No,4203,74,3,1,2.7,Not Completed,0,3,2,1,0,1,4,1
2914,STU102914,Rahul Shah,Male,19,Bachelor,Student,Surat,Mobile,Medium,C106,Machine Learning A-Z,Programming,Advanced,90,4.6,6,38,41.4,2,4.1,0,5,5.7,6,4,4,64.1,75.2,54.2,5,14-11-2023,UPI,Yes,No,6447,83,4,0,3.9,Not Completed,1,0,2,1,2,0,4,5
2915,STU102915,Sakshi Bose,Female,25,Bachelor,Student,Mumbai,Mobile,High,C108,Excel for Business,Business,Beginner,25,4.1,4,15,62.0,0,2.0,0,2,3.0,5,5,6,78.5,87.6,56.1,2,21-04-2025,UPI,Yes,No,2984,48,2,1,4.2,Completed,0,0,2,1,0,1,0,5
2916,STU102916,Rahul Desai,Female,29,Bachelor,Employed,Pune,Mobile,High,C101,Python Basics,Programming,Beginner,45,4.6,7,17,59.2,2,11.2,1,8,8.0,6,4,3,73.1,74.7,60.4,5,12-11-2023,Free,No,No,0,88,0,0,4.0,Completed,0,0,0,1,0,1,4,2
2917,STU102917,Sneha Singh,Female,26,Bachelor,Self-Employed,Ahmedabad,Mobile,Medium,C108,Excel for Business,Business,Beginner,25,4.1,5,36,54.9,4,4.1,3,1,8.9,7,3,5,90.0,52.9,63.9,4,23-05-2025,NetBanking,Yes,No,3384,83,2,0,3.8,Completed,0,0,1,1,2,1,0,3
2918,STU102918,Isha Nair,Male,28,HighSchool,Self-Employed,Kolkata,Mobile,Medium,C104,Digital Marketing Essentials,Marketing,Beginner,30,4.3,3,26,90.6,1,0.5,17,3,8.8,4,6,1,63.9,81.1,59.8,3,23-01-2025,Debit Card,Yes,No,3641,90,4,1,3.2,Not Completed,1,2,1,1,2,1,2,1
2919,STU102919,Ananya Bose,Male,21,HighSchool,Employed,Delhi,Mobile,Medium,C106,Machine Learning A-Z,Programming,Advanced,90,4.6,9,43,36.5,2,7.0,0,6,8.7,4,6,1,63.8,49.8,39.3,2,16-02-2024,Credit Card,Yes,No,6926,60,4,0,5.0,Completed,1,2,0,1,2,0,4,0
2920,STU102920,Kavya Bose,Female,21,HighSchool,Employed,Chennai,Mobile,Low,C104,Digital Marketing Essentials,Marketing,Beginner,30,4.3,5,42,46.2,2,2.9,3,5,6.1,4,6,5,73.9,75.1,43.9,0,13-01-2024,Free,No,No,0,43,5,1,5.0,Not Completed,0,2,0,1,1,1,2,2
2921,STU102921,Arjun Kumar,Male,25,Bachelor,Self-Employed,Indore,Mobile,Medium,C106,Machine Learning A-Z,Programming,Advanced,90,4.6,4,44,68.7,7,4.6,2,3,6.8,5,5,7,78.0,89.5,58.5,1,13-10-2024,Debit Card,Yes,No,6671,78,5,2,5.0,Not Completed,1,0,1,1,2,0,4,1
2922,STU102922,Aditya Nair,Other,34,PhD,Employed,Vadodara,Mobile,Medium,C102,Data Analysis with Python,Programming,Intermediate,60,4.7,6,22,78.4,1,9.9,19,7,6.3,6,4,0,91.9,78.7,67.4,2,01-01-2024,Credit Card,Yes,Yes,3856,90,3,1,3.5,Completed,2,4,0,1,2,2,4,0
2923,STU102923,Pooja Verma,Male,17,Bachelor,Student,Surat,Mobile,Medium,C103,Introduction to AI,Programming,Intermediate,75,4.5,4,29,52.5,0,3.6,5,3,7.0,4,5,1,81.3,63.2,45.5,1,23-01-2025,Scholarship,No,No,1557,49,2,2,4.0,Completed,1,0,2,1,2,2,4,4
2924,STU102924,Ritika Iyer,Female,18,Bachelor,Student,Vadodara,Mobile,High,C101,Python Basics,Programming,Beginner,45,4.6,5,30,61.0,3,0.5,4,8,4.5,3,7,5,58.6,98.9,44.3,2,20-09-2025,Free,No,No,0,71,4,0,5.0,Not Completed,0,0,2,1,0,1,4,2
2925,STU102925,Pooja Bose,Male,26,Bachelor,Student,Bhopal,Mobile,High,C101,Python Basics,Programming,Beginner,45,4.6,9,26,37.0,2,1.2,13,7,7.0,3,7,4,58.4,55.7,33.7,5,27-01-2024,UPI,Yes,No,4185,100,6,1,3.5,Not Completed,1,0,2,1,0,1,4,5
2926,STU102926,Ritika Joshi,Male,29,Diploma,Student,Pune,Mobile,Low,C107,Statistics for Data Science,Math,Intermediate,50,4.2,5,53,66.7,1,2.5,5,10,7.6,5,4,6,99.1,51.5,55.9,3,23-08-2025,UPI,Yes,No,4460,59,3,3,4.2,Not Completed,1,1,2,1,1,2,3,5
2927,STU102927,Vivaan Iyer,Male,22,Bachelor,Student,Lucknow,Mobile,Medium,C101,Python Basics,Programming,Beginner,45,4.6,4,42,47.0,2,0.5,8,3,5.9,4,5,4,83.0,82.0,44.5,1,05-03-2024,Credit Card,Yes,Yes,3287,73,2,2,5.0,Not Completed,1,0,2,1,2,1,4,0
2928,STU102928,Nikhil Mehta,Female,19,Diploma,Employed,Nagpur,Tablet,High,C108,Excel for Business,Business,Beginner,25,4.1,7,16,44.6,2,8.3,9,8,4.3,5,5,2,67.9,63.6,48.8,1,05-09-2025,NetBanking,Yes,No,3247,70,2,0,4.0,Not Completed,0,1,0,2,0,1,0,3
2929,STU102929,Krishna Kumar,Female,22,Diploma,Self-Employed,Kolkata,Mobile,Medium,C101,Python Basics,Programming,Beginner,45,4.6,5,39,75.2,5,5.9,4,8,4.5,7,3,3,69.3,89.5,72.8,1,25-04-2024,NetBanking,Yes,No,4544,57,2,0,4.6,Completed,0,1,1,1,2,1,4,3
2930,STU102930,Meera Kumar,Male,21,Master,Employed,Bengaluru,Mobile,High,C102,Data Analysis with Python,Programming,Intermediate,60,4.7,5,53,81.2,3,12.0,9,5,5.1,4,6,8,80.5,82.6,56.5,4,15-01-2024,Credit Card,Yes,No,5274,59,3,2,2.4,Not Completed,1,3,0,1,0,2,4,0
2931,STU102931,Ritika Shah,Male,38,Bachelor,Student,Indore,Mobile,Medium,C106,Machine Learning A-Z,Programming,Advanced,90,4.6,5,48,64.8,3,7.4,0,5,6.8,6,4,5,97.0,62.7,61.8,3,20-10-2023,Debit Card,Yes,No,6727,77,3,1,5.0,Completed,1,0,2,1,2,0,4,1
2932,STU102932,Isha Sharma,Male,25,Bachelor,Employed,Kolkata,Laptop,Medium,C104,Digital Marketing Essentials,Marketing,Beginner,30,4.3,7,43,47.6,5,10.3,14,5,6.1,5,5,3,100.0,88.3,51.1,1,17-05-2024,Free,No,Yes,0,96,1,0,5.0,Completed,1,0,0,0,2,1,2,2
2933,STU102933,Sai Patel,Male,28,Diploma,Employed,Chennai,Laptop,Medium,C106,Machine Learning A-Z,Programming,Advanced,90,4.6,7,34,38.0,3,0.5,1,4,5.2,5,4,3,88.2,83.8,47.5,3,06-07-2025,Credit Card,Yes,No,6575,67,1,0,5.0,Not Completed,1,1,0,0,2,0,4,0
2934,STU102934,Priya Iyer,Male,24,Diploma,Employed,Jaipur,Mobile,High,C102,Data Analysis with Python,Programming,Intermediate,60,4.7,7,46,74.1,5,2.4,21,7,3.9,5,5,6,63.6,84.3,60.1,1,08-10-2024,Credit Card,Yes,No,5071,48,2,0,5.0,Completed,1,1,0,1,0,2,4,0
2935,STU102935,Meera Gupta,Male,18,Bachelor,Employed,Lucknow,Mobile,Medium,C108,Excel for Business,Business,Beginner,25,4.1,1,36,65.5,2,4.6,5,3,4.6,6,4,0,45.6,48.5,61.3,2,19-08-2024,NetBanking,Yes,No,3574,62,1,2,2.5,Not Completed,1,0,0,1,2,1,0,3
2936,STU102936,Rohan Bose,Male,28,Bachelor,Unemployed,Ahmedabad,Mobile,High,C106,Machine Learning A-Z,Programming,Advanced,90,4.6,7,47,80.3,4,5.3,1,6,7.7,6,4,4,81.5,95.5,68.9,1,01-03-2025,Credit Card,Yes,No,5964,59,5,2,4.7,Completed,1,0,3,1,0,0,4,0
2937,STU102937,Priya Bhardwaj,Male,22,Bachelor,Unemployed,Hyderabad,Mobile,Medium,C104,Digital Marketing Essentials,Marketing,Beginner,30,4.3,5,41,35.0,0,0.5,25,2,9.7,7,3,3,81.3,69.6,57.7,5,14-08-2024,NetBanking,Yes,No,3228,62,1,0,5.0,Completed,1,0,3,1,2,1,2,3
2938,STU102938,Vihaan Singh,Female,36,Bachelor,Employed,Delhi,Mobile,High,C108,Excel for Business,Business,Beginner,25,4.1,4,46,80.0,2,0.5,20,4,7.1,5,5,4,81.1,65.8,61.3,3,06-08-2024,UPI,Yes,No,3272,81,0,1,3.2,Not Completed,0,0,0,1,0,1,0,5
2939,STU102939,Isha Reddy,Female,26,Diploma,Employed,Hyderabad,Laptop,Medium,C102,Data Analysis with Python,Programming,Intermediate,60,4.7,2,24,66.4,2,0.5,11,3,6.6,2,8,4,63.1,58.3,38.1,2,25-12-2024,Debit Card,Yes,No,5241,54,2,0,3.6,Not Completed,0,1,0,0,2,2,4,1
2940,STU102940,Vihaan Verma,Female,24,HighSchool,Self-Employed,Kolkata,Mobile,Medium,C108,Excel for Business,Business,Beginner,25,4.1,6,24,95.7,5,0.5,9,7,6.3,5,5,4,89.9,54.6,66.2,3,23-08-2025,Free,No,No,0,59,4,0,4.1,Completed,0,2,1,1,2,1,0,2
2941,STU102941,Vihaan Joshi,Female,19,Master,Student,Indore,Mobile,Medium,C103,Introduction to AI,Programming,Intermediate,75,4.5,4,29,72.4,2,1.9,1,5,4.1,7,3,1,62.0,67.9,70.7,3,25-02-2024,Free,No,No,0,100,2,1,4.8,Not Completed,0,3,2,1,2,2,4,2
2942,STU102942,Meera Shah,Male,28,Bachelor,Student,Vadodara,Mobile,Medium,C107,Statistics for Data Science,Math,Intermediate,50,4.2,7,31,65.4,2,10.5,5,4,8.2,4,6,6,98.9,77.2,50.8,3,23-06-2025,UPI,Yes,No,4426,37,6,0,4.8,Completed,1,0,2,1,2,2,3,5
2943,STU102943,Isha Iyer,Male,20,Bachelor,Student,Pune,Mobile,High,C101,Python Basics,Programming,Beginner,45,4.6,8,50,35.3,0,3.5,3,4,5.1,5,5,4,76.7,75.9,46.1,0,17-07-2024,Debit Card,Yes,No,3980,72,5,0,4.1,Completed,1,0,2,1,0,1,4,1
2944,STU102944,Ritika Singh,Male,37,Bachelor,Student,Bhopal,Tablet,Medium,C107,Statistics for Data Science,Math,Intermediate,50,4.2,7,43,68.0,3,4.7,2,5,6.5,6,4,5,50.0,79.4,63.8,0,08-12-2024,Debit Card,Yes,No,4270,84,0,1,5.0,Not Completed,1,0,2,2,2,2,3,1
2945,STU102945,Vivaan Gupta,Male,36,Bachelor,Student,Vadodara,Mobile,Medium,C102,Data Analysis with Python,Programming,Intermediate,60,4.7,8,22,60.3,2,0.5,4,6,7.6,6,4,8,50.0,45.5,59.4,4,07-09-2025,UPI,Yes,No,5446,54,2,1,3.4,Not Completed,1,0,2,1,2,2,4,5
2946,STU102946,Pooja Mehta,Male,34,Master,Employed,Chennai,Laptop,Medium,C107,Statistics for Data Science,Math,Intermediate,50,4.2,7,5,48.9,2,0.5,0,4,8.6,6,3,4,82.1,100.0,58.1,5,25-12-2024,Credit Card,Yes,Yes,3572,49,4,0,4.3,Not Completed,1,3,0,0,2,2,3,0
2947,STU102947,Priya Kumar,Female,25,Bachelor,Student,Bhopal,Laptop,Medium,C101,Python Basics,Programming,Beginner,45,4.6,4,25,64.7,3,0.5,1,9,6.6,4,5,4,57.3,66.4,50.0,2,25-02-2025,UPI,Yes,No,3909,80,3,1,4.1,Completed,0,0,2,0,2,1,4,5
2948,STU102948,Rohan Joshi,Male,21,Bachelor,Student,Lucknow,Mobile,Low,C107,Statistics for Data Science,Math,Intermediate,50,4.2,5,43,32.5,1,0.5,5,3,6.0,3,7,2,56.0,70.6,32.9,3,27-08-2024,Free,No,No,0,65,5,0,4.0,Not Completed,1,0,2,1,1,2,3,2
2949,STU102949,Kavya Mehta,Female,24,Diploma,Student,Pune,Mobile,Medium,C104,Digital Marketing Essentials,Marketing,Beginner,30,4.3,6,32,72.3,1,0.5,2,13,8.5,5,5,5,93.4,70.7,58.8,4,04-04-2024,Debit Card,Yes,No,3806,51,0,0,5.0,Completed,0,1,2,1,2,1,2,1
2950,STU102950,Rahul Singh,Female,26,Bachelor,Employed,Vadodara,Mobile,Low,C105,UI/UX Design Fundamentals,Design,Beginner,40,4.4,2,42,33.2,1,9.0,3,4,3.5,1,9,1,51.5,46.6,19.9,0,06-07-2025,UPI,Yes,No,4227,75,2,3,5.0,Not Completed,0,0,0,1,1,1,1,5
2951,STU102951,Sakshi Joshi,Male,30,Bachelor,Student,Bengaluru,Mobile,Medium,C105,UI/UX Design Fundamentals,Design,Beginner,40,4.4,6,35,58.0,7,0.5,1,6,7.0,7,3,4,63.7,75.0,66.0,6,06-11-2023,UPI,Yes,No,4281,89,5,0,5.0,Not Completed,1,0,2,1,2,1,1,5
2952,STU102952,Aarav Desai,Female,17,Master,Employed,Chennai,Tablet,Medium,C101,Python Basics,Programming,Beginner,45,4.6,8,19,68.0,1,4.6,6,7,6.5,6,4,5,95.9,77.7,63.7,3,22-09-2024,Credit Card,Yes,No,4027,88,2,2,3.7,Not Completed,0,3,0,2,2,1,4,0
2953,STU102953,Sneha Desai,Male,18,Master,Self-Employed,Vadodara,Mobile,Medium,C104,Digital Marketing Essentials,Marketing,Beginner,30,4.3,5,23,63.3,1,3.1,6,8,9.5,4,6,4,88.9,47.6,48.5,3,17-08-2025,Debit Card,Yes,No,3515,75,0,0,4.0,Completed,1,3,1,1,2,1,2,1
2954,STU102954,Vivaan Gupta,Male,20,PhD,Student,Pune,Mobile,High,C103,Introduction to AI,Programming,Intermediate,75,4.5,3,24,55.7,2,2.9,5,10,4.6,5,5,6,78.5,54.5,52.2,2,07-05-2024,Scholarship,No,No,1983,100,6,0,4.1,Not Completed,1,4,2,1,0,2,4,4
2955,STU102955,Sai Shah,Female,23,Master,Student,Surat,Laptop,Low,C103,Introduction to AI,Programming,Intermediate,75,4.5,9,35,53.0,1,7.4,15,11,7.6,5,5,5,73.9,91.7,53.1,4,07-06-2024,Free,No,No,0,84,4,1,4.1,Not Completed,0,3,2,0,1,2,4,2
2956,STU102956,Ananya Desai,Male,43,Bachelor,Student,Bengaluru,Mobile,High,C108,Excel for Business,Business,Beginner,25,4.1,2,20,30.5,4,5.6,1,7,1.8,3,7,6,80.2,69.3,32.1,4,20-09-2024,Free,No,No,0,53,4,6,4.2,Completed,1,0,2,1,0,1,0,2
2957,STU102957,Isha Singh,Male,22,Bachelor,Student,Surat,Mobile,Medium,C106,Machine Learning A-Z,Programming,Advanced,90,4.6,4,53,64.5,2,7.2,4,3,8.2,5,5,6,93.5,48.7,55.0,1,30-10-2023,Credit Card,Yes,No,5993,78,1,0,5.0,Not Completed,1,0,2,1,2,0,4,0
2958,STU102958,Vivaan Shah,Female,24,Master,Employed,Mumbai,Laptop,High,C106,Machine Learning A-Z,Programming,Advanced,90,4.6,7,20,57.6,2,5.8,9,2,7.9,6,4,4,95.9,53.1,58.8,2,08-04-2025,Scholarship,No,No,1345,44,5,2,4.7,Completed,0,3,0,0,0,0,4,4
2959,STU102959,Vihaan Gupta,Female,20,Master,Employed,Chennai,Laptop,High,C107,Statistics for Data Science,Math,Intermediate,50,4.2,5,52,63.7,2,0.5,3,4,6.3,6,4,3,53.7,75.9,62.1,5,29-11-2023,Credit Card,Yes,No,4929,72,3,2,3.7,Completed,0,3,0,0,0,2,3,0
2960,STU102960,Sai Kumar,Male,26,Bachelor,Employed,Ahmedabad,Laptop,High,C101,Python Basics,Programming,Beginner,45,4.6,4,38,61.0,1,6.9,2,4,6.0,5,4,10,64.4,74.5,55.1,1,24-07-2025,Debit Card,Yes,No,4417,99,1,1,3.7,Not Completed,1,0,0,0,0,1,4,1
2961,STU102961,Rohan Patel,Female,24,Bachelor,Student,Ahmedabad,Mobile,High,C106,Machine Learning A-Z,Programming,Advanced,90,4.6,4,34,71.5,2,0.5,0,5,4.5,7,3,3,71.2,78.4,71.0,3,06-11-2024,Debit Card,Yes,No,7114,75,2,2,4.2,Not Completed,0,0,2,1,0,0,4,1
2962,STU102962,Priya Verma,Male,33,Bachelor,Student,Nagpur,Mobile,Medium,C106,Machine Learning A-Z,Programming,Advanced,90,4.6,7,46,77.3,1,0.5,0,6,4.9,3,7,3,89.6,64.0,48.3,1,19-07-2024,Credit Card,Yes,No,6994,50,3,0,3.4,Not Completed,1,0,2,1,2,0,4,0
2963,STU102963,Aditya Sharma,Female,37,Master,Employed,Delhi,Mobile,Medium,C104,Digital Marketing Essentials,Marketing,Beginner,30,4.3,6,41,51.1,4,0.5,18,1,8.7,7,2,6,70.2,65.8,63.2,2,06-10-2025,NetBanking,Yes,Yes,3130,100,3,0,3.8,Not Completed,0,3,0,1,2,1,2,3
2964,STU102964,Isha Patel,Female,26,Diploma,Employed,Mumbai,Mobile,Medium,C106,Machine Learning A-Z,Programming,Advanced,90,4.6,5,32,16.5,1,0.5,11,6,4.2,5,5,3,77.6,52.8,38.4,4,23-04-2025,Credit Card,Yes,No,6093,62,3,1,4.7,Not Completed,0,1,0,1,2,0,4,0
2965,STU102965,Sakshi Bose,Female,23,Master,Employed,Bengaluru,Mobile,High,C101,Python Basics,Programming,Beginner,45,4.6,8,42,34.7,2,13.0,1,8,8.1,3,6,3,50.7,85.7,34.4,1,10-06-2025,Scholarship,No,No,657,56,1,0,3.6,Completed,0,3,0,1,0,1,4,4
2966,STU102966,Priya Singh,Male,20,Bachelor,Employed,Nagpur,Mobile,Medium,C105,UI/UX Design Fundamentals,Design,Beginner,40,4.4,4,39,94.2,0,0.5,0,8,7.2,4,6,3,75.1,91.6,61.6,7,31-08-2024,Free,No,Yes,0,67,1,0,4.8,Not Completed,1,0,0,1,2,1,1,2
2967,STU102967,Pooja Mehta,Male,18,Bachelor,Student,Surat,Mobile,High,C106,Machine Learning A-Z,Programming,Advanced,90,4.6,5,44,62.5,3,8.0,0,11,8.3,7,3,1,85.2,88.9,68.3,1,21-08-2024,UPI,Yes,No,6749,63,3,1,5.0,Not Completed,1,0,2,1,0,0,4,5
2968,STU102968,Neha Reddy,Male,17,Bachelor,Student,Pune,Laptop,Medium,C101,Python Basics,Programming,Beginner,45,4.6,1,19,31.5,2,2.0,6,5,6.0,3,7,4,73.3,67.9,32.4,3,18-08-2025,UPI,Yes,No,4521,39,6,1,3.6,Completed,1,0,2,0,2,1,4,5
2969,STU102969,Nikhil Reddy,Male,33,Bachelor,Student,Chennai,Mobile,High,C102,Data Analysis with Python,Programming,Intermediate,60,4.7,5,51,60.3,4,2.4,8,7,9.5,6,4,2,57.7,73.8,60.8,4,20-01-2024,UPI,Yes,No,4690,60,3,2,3.6,Not Completed,1,0,2,1,0,2,4,5
2970,STU102970,Rohan Mehta,Male,24,HighSchool,Student,Surat,Mobile,Medium,C102,Data Analysis with Python,Programming,Intermediate,60,4.7,5,51,68.0,2,4.8,10,8,8.1,6,4,3,71.3,62.8,62.9,3,03-08-2024,NetBanking,Yes,Yes,4461,57,3,1,4.8,Completed,1,2,2,1,2,2,4,3
2971,STU102971,Rahul Gupta,Female,28,Bachelor,Student,Pune,Mobile,High,C103,Introduction to AI,Programming,Intermediate,75,4.5,4,23,94.6,2,3.4,3,6,6.3,5,5,5,81.2,81.6,67.2,2,08-03-2025,Free,No,No,0,64,1,1,5.0,Completed,0,0,2,1,0,2,4,2
2972,STU102972,Priya Joshi,Other,36,Master,Employed,Vadodara,Mobile,Medium,C104,Digital Marketing Essentials,Marketing,Beginner,30,4.3,6,37,61.8,3,0.5,0,6,7.1,5,5,3,75.0,60.0,54.6,2,04-02-2024,Scholarship,No,Yes,719,55,4,0,4.6,Completed,2,3,0,1,2,1,2,4
2973,STU102973,Kavya Singh,Female,24,Diploma,Student,Jaipur,Mobile,Low,C108,Excel for Business,Business,Beginner,25,4.1,4,37,55.1,3,2.3,4,7,8.2,4,6,2,95.8,77.7,47.2,1,26-11-2024,NetBanking,Yes,No,3241,80,3,0,3.1,Completed,0,1,2,1,1,1,0,3
2974,STU102974,Rohan Reddy,Male,27,HighSchool,Employed,Hyderabad,Mobile,High,C104,Digital Marketing Essentials,Marketing,Beginner,30,4.3,3,59,41.9,0,0.5,0,10,10.0,6,4,7,82.0,54.2,53.4,3,05-02-2024,Free,No,No,0,93,5,2,5.0,Not Completed,1,2,0,1,0,1,2,2
2975,STU102975,Ananya Joshi,Female,17,Master,Employed,Bengaluru,Mobile,High,C107,Statistics for Data Science,Math,Intermediate,50,4.2,3,27,50.0,3,0.5,0,4,8.8,5,5,6,53.4,40.8,49.5,3,10-01-2024,Scholarship,No,No,632,69,2,0,5.0,Completed,0,3,0,1,0,2,3,4
2976,STU102976,Vihaan Gupta,Female,31,Diploma,Student,Bengaluru,Laptop,High,C102,Data Analysis with Python,Programming,Intermediate,60,4.7,2,36,92.4,0,0.5,3,3,6.9,6,4,0,52.4,59.1,71.3,2,01-03-2025,UPI,Yes,No,4917,59,3,2,3.0,Completed,0,1,2,0,0,2,4,5
2977,STU102977,Nikhil Singh,Female,37,Master,Employed,Delhi,Mobile,High,C101,Python Basics,Programming,Beginner,45,4.6,4,17,57.0,2,3.8,2,3,9.0,6,4,6,71.0,43.0,58.1,3,09-07-2025,Scholarship,No,No,333,65,3,0,4.7,Not Completed,0,3,0,1,0,1,4,4
2978,STU102978,Meera Gupta,Male,20,Bachelor,Student,Indore,Laptop,Medium,C107,Statistics for Data Science,Math,Intermediate,50,4.2,5,32,28.1,6,6.7,6,4,7.4,4,6,2,97.8,79.3,37.8,2,11-06-2024,Debit Card,Yes,No,4927,46,4,1,3.8,Completed,1,0,2,0,2,2,3,1
2979,STU102979,Vivaan Desai,Female,27,Bachelor,Student,Kolkata,Laptop,Low,C102,Data Analysis with Python,Programming,Intermediate,60,4.7,5,41,18.2,0,0.5,1,7,6.5,4,6,1,73.8,72.9,34.0,3,30-08-2024,Scholarship,No,No,691,97,2,2,5.0,Not Completed,0,0,2,0,1,2,4,4
2980,STU102980,Pooja Shah,Male,30,Master,Student,Bengaluru,Laptop,Medium,C101,Python Basics,Programming,Beginner,45,4.6,5,45,75.0,2,1.7,1,4,5.0,4,5,2,81.7,57.2,53.1,1,21-09-2025,UPI,Yes,Yes,3334,80,6,1,4.7,Completed,1,3,2,0,2,1,4,5
2981,STU102981,Nikhil Bhardwaj,Female,27,Bachelor,Employed,Chennai,Laptop,Medium,C107,Statistics for Data Science,Math,Intermediate,50,4.2,5,38,66.7,5,3.1,0,7,4.9,6,4,3,76.4,79.9,63.3,1,17-07-2024,Debit Card,Yes,Yes,3579,47,4,0,3.7,Completed,0,0,0,0,2,2,3,1
2982,STU102982,Krishna Desai,Male,23,Master,Student,Surat,Tablet,Medium,C107,Statistics for Data Science,Math,Intermediate,50,4.2,4,42,73.4,3,0.5,16,6,6.5,6,4,3,63.2,91.1,66.3,3,27-04-2025,Credit Card,Yes,No,4535,61,4,0,5.0,Completed,1,3,2,2,2,2,3,0
2983,STU102983,Meera Joshi,Female,27,Bachelor,Employed,Lucknow,Tablet,Medium,C102,Data Analysis with Python,Programming,Intermediate,60,4.7,8,25,53.9,4,0.5,3,2,4.7,4,6,4,71.6,78.6,46.8,5,31-01-2025,Credit Card,Yes,No,4622,92,1,3,4.2,Completed,0,0,0,2,2,2,4,0
2984,STU102984,Meera Gupta,Other,27,Master,Student,Surat,Tablet,High,C107,Statistics for Data Science,Math,Intermediate,50,4.2,6,16,47.6,8,7.4,8,6,4.5,9,1,2,67.6,67.0,74.0,6,08-01-2024,Scholarship,No,Yes,1383,50,2,0,4.4,Completed,2,3,2,2,0,2,3,4
2985,STU102985,Vihaan Mehta,Male,31,Bachelor,Student,Indore,Mobile,High,C101,Python Basics,Programming,Beginner,45,4.6,3,35,46.8,0,1.8,6,5,5.3,4,6,2,74.4,61.3,43.5,5,24-02-2024,UPI,Yes,No,4204,61,3,1,4.2,Completed,1,0,2,1,0,1,4,5
2986,STU102986,Aarav Verma,Female,36,PhD,Unemployed,Surat,Mobile,High,C106,Machine Learning A-Z,Programming,Advanced,90,4.6,8,21,60.1,0,6.6,19,5,2.5,4,5,6,80.3,51.1,47.6,1,04-04-2024,Credit Card,Yes,No,5921,74,1,0,3.4,Completed,0,4,3,1,0,0,4,0
2987,STU102987,Krishna Reddy,Male,26,Diploma,Student,Nagpur,Mobile,High,C108,Excel for Business,Business,Beginner,25,4.1,4,33,73.1,2,4.1,4,4,7.5,2,8,5,73.2,46.1,39.9,1,25-11-2023,Credit Card,Yes,Yes,2603,75,4,0,4.3,Completed,1,1,2,1,0,1,0,0
2988,STU102988,Isha Reddy,Other,32,Master,Employed,Bengaluru,Mobile,Medium,C105,UI/UX Design Fundamentals,Design,Beginner,40,4.4,3,20,59.5,4,0.5,10,6,7.9,6,3,4,66.3,56.1,59.6,4,06-04-2025,UPI,Yes,No,3718,79,1,0,4.2,Completed,2,3,0,1,2,1,1,5
2989,STU102989,Meera Verma,Female,30,HighSchool,Student,Indore,Mobile,Medium,C108,Excel for Business,Business,Beginner,25,4.1,6,43,97.0,0,17.4,1,3,4.9,2,8,5,89.3,55.9,48.7,3,18-12-2024,UPI,Yes,No,3411,100,2,0,4.6,Completed,0,2,2,1,2,1,0,5
2990,STU102990,Priya Patel,Male,19,Bachelor,Employed,Ahmedabad,Tablet,Medium,C101,Python Basics,Programming,Beginner,45,4.6,4,39,91.5,5,0.6,7,8,9.1,4,5,3,98.3,86.7,60.4,2,13-08-2024,NetBanking,Yes,No,4282,46,0,3,5.0,Completed,1,0,0,2,2,1,4,3
2991,STU102991,Neha Gupta,Male,17,Master,Student,Hyderabad,Laptop,Medium,C105,UI/UX Design Fundamentals,Design,Beginner,40,4.4,5,35,95.5,5,7.3,0,6,5.3,5,5,7,85.9,63.0,66.6,3,31-10-2024,Scholarship,No,No,1641,41,3,1,4.1,Not Completed,1,3,2,0,2,1,1,4
2992,STU102992,Nikhil Iyer,Female,28,Bachelor,Employed,Bengaluru,Laptop,High,C101,Python Basics,Programming,Beginner,45,4.6,7,20,91.4,2,0.9,12,5,2.9,5,5,2,65.8,33.2,63.6,1,04-04-2025,UPI,Yes,Yes,3705,61,1,2,3.0,Completed,0,0,0,0,0,1,4,5
2993,STU102993,Krishna Desai,Other,18,Bachelor,Employed,Jaipur,Mobile,Medium,C108,Excel for Business,Business,Beginner,25,4.1,6,39,55.6,2,6.3,1,9,8.7,2,8,5,100.0,80.6,35.5,5,31-10-2024,Debit Card,Yes,No,3016,55,2,1,2.9,Not Completed,2,0,0,1,2,1,0,1
2994,STU102994,Ritika Bhardwaj,Male,26,Master,Student,Ahmedabad,Mobile,High,C104,Digital Marketing Essentials,Marketing,Beginner,30,4.3,3,26,44.4,2,0.5,4,4,6.6,1,9,3,82.0,43.2,23.7,0,19-05-2024,NetBanking,Yes,Yes,2996,58,0,1,4.9,Not Completed,1,3,2,1,0,1,2,3
2995,STU102995,Pooja Bose,Male,18,Bachelor,Student,Indore,Laptop,High,C106,Machine Learning A-Z,Programming,Advanced,90,4.6,5,40,69.9,0,14.4,3,12,7.0,3,6,5,68.2,55.0,45.2,1,03-03-2024,Debit Card,Yes,No,6945,66,0,1,4.2,Not Completed,1,0,2,0,0,0,4,1
2996,STU102996,Sai Gupta,Female,27,Diploma,Student,Indore,Mobile,Medium,C107,Statistics for Data Science,Math,Intermediate,50,4.2,4,37,43.1,5,13.0,5,3,8.5,5,5,6,66.0,55.6,47.9,2,27-10-2023,Credit Card,Yes,No,4252,66,2,0,4.5,Not Completed,0,1,2,1,2,2,3,0
2997,STU102997,Pooja Mehta,Male,34,Bachelor,Employed,Bengaluru,Mobile,High,C101,Python Basics,Programming,Beginner,45,4.6,1,50,35.3,3,5.1,0,6,5.0,4,6,3,65.4,68.3,39.8,1,24-12-2023,UPI,Yes,No,4005,100,2,2,4.3,Completed,1,0,0,1,0,1,4,5
2998,STU102998,Aarav Kumar,Female,33,Master,Employed,Indore,Mobile,Medium,C102,Data Analysis with Python,Programming,Intermediate,60,4.7,4,8,66.6,4,8.2,0,4,8.1,6,4,6,60.4,64.4,62.5,2,26-09-2025,Free,No,Yes,0,62,4,0,3.3,Completed,0,3,0,1,2,2,4,2
2999,STU102999,Vihaan Gupta,Male,23,Bachelor,Student,Kolkata,Mobile,High,C103,Introduction to AI,Programming,Intermediate,75,4.5,3,60,93.7,2,8.9,14,3,8.8,4,6,0,84.1,67.7,60.2,4,18-12-2023,Free,No,No,0,71,2,0,4.5,Not Completed,1,0,2,1,0,2,4,2
3000,STU103000,Sakshi Reddy,Male,26,HighSchool,Employed,Jaipur,Laptop,High,C101,Python Basics,Programming,Beginner,45,4.6,4,25,80.7,4,4.3,11,4,6.9,5,5,4,82.6,51.4,60.8,2,09-10-2024,Debit Card,Yes,No,4434,100,1,1,3.4,Completed,1,2,0,0,0,1,4,1
3001,STU103001,Rahul Bose,Male,27,Bachelor,Employed,Pune,Mobile,Low,C103,Introduction to AI,Programming,Intermediate,75,4.5,5,26,47.5,0,5.2,1,4,3.9,4,6,3,92.3,75.7,44.4,2,31-10-2023,Free,No,Yes,0,97,5,1,5.0,Completed,1,0,0,1,1,2,4,2
3002,STU103002,Krishna Kumar,Male,33,Bachelor,Student,Ahmedabad,Tablet,Medium,C107,Statistics for Data Science,Math,Intermediate,50,4.2,7,35,66.6,1,0.5,9,10,5.1,6,4,5,78.5,69.4,62.8,1,26-12-2024,Credit Card,Yes,No,4820,80,1,0,5.0,Completed,1,0,2,2,2,2,3,0
3003,STU103003,Nikhil Nair,Female,32,Diploma,Employed,Ahmedabad,Laptop,Low,C103,Introduction to AI,Programming,Intermediate,75,4.5,3,30,62.0,3,0.5,34,10,6.3,5,5,6,72.2,80.4,55.7,3,02-12-2024,Debit Card,Yes,No,6052,60,2,0,3.9,Not Completed,0,1,0,0,1,2,4,1
3004,STU103004,Neha Gupta,Other,32,Bachelor,Employed,Surat,Mobile,Medium,C105,UI/UX Design Fundamentals,Design,Beginner,40,4.4,4,51,58.9,1,0.5,8,9,6.3,5,5,6,63.6,81.9,54.7,1,11-05-2024,Free,No,No,0,67,3,0,5.0,Not Completed,2,0,0,1,2,1,1,2
3005,STU103005,Aditya Bhardwaj,Male,17,Bachelor,Student,Bengaluru,Mobile,Medium,C101,Python Basics,Programming,Beginner,45,4.6,5,7,48.3,3,1.6,1,4,6.9,4,6,6,88.9,46.5,43.2,0,25-05-2024,Credit Card,Yes,No,4583,83,2,0,3.6,Not Completed,1,0,2,1,2,1,4,0
3006,STU103006,Neha Verma,Male,31,PhD,Student,Ahmedabad,Mobile,High,C104,Digital Marketing Essentials,Marketing,Beginner,30,4.3,8,29,20.2,1,7.4,5,9,8.1,6,4,2,71.8,55.3,45.8,3,23-02-2024,Debit Card,Yes,No,3358,60,6,0,4.9,Not Completed,1,4,2,1,0,1,2,1
3007,STU103007,Ritika Bhardwaj,Male,26,Master,Unemployed,Lucknow,Mobile,Medium,C106,Machine Learning A-Z,Programming,Advanced,90,4.6,4,36,35.3,5,1.6,4,5,3.9,5,5,1,73.9,61.3,45.4,2,19-09-2024,Scholarship,No,No,957,82,1,0,3.5,Not Completed,1,3,3,1,2,0,4,4
3008,STU103008,Nikhil Desai,Male,38,Bachelor,Self-Employed,Nagpur,Laptop,Medium,C105,UI/UX Design Fundamentals,Design,Beginner,40,4.4,5,39,14.1,4,0.7,3,1,6.5,4,6,3,75.3,43.8,31.1,3,26-07-2024,Debit Card,Yes,No,3797,40,2,1,4.9,Not Completed,1,0,1,0,2,1,1,1
3009,STU103009,Sakshi Iyer,Female,19,Diploma,Employed,Bhopal,Mobile,Medium,C104,Digital Marketing Essentials,Marketing,Beginner,30,4.3,5,24,90.0,4,0.5,6,4,3.8,5,4,4,72.9,68.1,64.9,1,06-04-2024,Credit Card,Yes,No,3572,85,0,1,5.0,Completed,0,1,0,1,2,1,2,0
3010,STU103010,Aarav Desai,Male,27,Bachelor,Student,Pune,Mobile,Medium,C108,Excel for Business,Business,Beginner,25,4.1,8,29,81.7,1,4.6,6,6,8.5,6,4,2,87.1,82.5,68.7,2,18-01-2024,Free,No,No,0,62,5,0,4.9,Not Completed,1,0,2,1,2,1,0,2
3011,STU103011,Sakshi Verma,Female,24,Master,Student,Bengaluru,Mobile,High,C101,Python Basics,Programming,Beginner,45,4.6,6,37,55.0,3,4.2,1,6,7.6,3,7,6,72.5,60.6,40.3,1,17-10-2023,Scholarship,No,No,681,66,4,1,4.4,Not Completed,0,3,2,1,0,1,4,4
3012,STU103012,Pooja Sharma,Male,20,Bachelor,Student,Bhopal,Mobile,High,C108,Excel for Business,Business,Beginner,25,4.1,5,35,52.6,3,1.5,1,4,9.3,3,7,0,62.3,39.3,38.4,1,05-03-2024,UPI,Yes,No,3371,78,1,1,4.5,Completed,1,0,2,1,0,1,0,5
3013,STU103013,Ritika Desai,Female,25,Master,Student,Kolkata,Mobile,Medium,C103,Introduction to AI,Programming,Intermediate,75,4.5,5,24,32.3,2,5.6,0,6,6.1,7,3,3,49.9,76.3,57.1,3,11-02-2025,Credit Card,Yes,No,5695,57,3,0,4.2,Completed,0,3,2,1,2,2,4,0
3014,STU103014,Pooja Kumar,Male,19,Bachelor,Employed,Surat,Laptop,Medium,C106,Machine Learning A-Z,Programming,Advanced,90,4.6,6,8,91.9,3,0.5,0,3,3.9,6,4,6,73.4,83.9,72.3,1,19-06-2024,UPI,Yes,Yes,5800,45,4,1,4.4,Not Completed,1,0,0,0,2,0,4,5
3015,STU103015,Rahul Mehta,Female,17,Bachelor,Employed,Chennai,Laptop,High,C106,Machine Learning A-Z,Programming,Advanced,90,4.6,4,35,54.5,3,1.1,3,11,4.5,5,5,4,51.9,50.8,51.6,2,13-02-2025,UPI,Yes,No,6129,78,5,0,4.7,Completed,0,0,0,0,0,0,4,5
3016,STU103016,Sneha Kumar,Female,23,Bachelor,Student,Nagpur,Mobile,High,C104,Digital Marketing Essentials,Marketing,Beginner,30,4.3,4,32,85.7,1,9.3,0,5,7.7,7,3,9,88.9,99.0,76.9,2,12-04-2025,UPI,Yes,No,3805,88,0,1,3.1,Completed,0,0,2,1,0,1,2,5
3017,STU103017,Aditya Bose,Male,28,Bachelor,Student,Jaipur,Mobile,High,C107,Statistics for Data Science,Math,Intermediate,50,4.2,6,43,71.9,5,4.6,2,7,5.4,6,4,8,99.2,65.0,64.4,0,04-04-2024,Credit Card,Yes,No,4346,65,6,1,4.4,Not Completed,1,0,2,1,0,2,3,0
3018,STU103018,Neha Nair,Male,26,Bachelor,Employed,Bengaluru,Laptop,Low,C107,Statistics for Data Science,Math,Intermediate,50,4.2,2,41,86.0,2,0.5,2,7,4.5,7,3,2,69.9,50.1,74.6,2,12-05-2025,NetBanking,Yes,No,4767,67,4,0,5.0,Not Completed,1,0,0,0,1,2,3,3
3019,STU103019,Kavya Reddy,Male,23,Bachelor,Employed,Indore,Laptop,Medium,C107,Statistics for Data Science,Math,Intermediate,50,4.2,4,32,26.3,3,0.5,2,3,5.3,5,5,6,56.4,69.5,42.7,3,17-09-2025,UPI,Yes,No,4269,80,6,0,5.0,Not Completed,1,0,0,0,2,2,3,5
3020,STU103020,Vihaan Gupta,Female,37,Master,Student,Bhopal,Mobile,High,C103,Introduction to AI,Programming,Intermediate,75,4.5,7,38,38.3,1,1.9,4,4,5.0,7,3,3,66.8,76.9,59.3,4,07-10-2024,Debit Card,Yes,No,5699,59,1,0,3.6,Not Completed,0,3,2,1,0,2,4,1
3021,STU103021,Sai Patel,Male,29,HighSchool,Employed,Nagpur,Tablet,Medium,C103,Introduction to AI,Programming,Intermediate,75,4.5,3,31,92.6,0,2.6,4,4,4.3,3,7,4,75.3,88.8,54.9,1,05-02-2025,UPI,Yes,No,6128,63,1,0,3.5,Not Completed,1,2,0,2,2,2,4,5
3022,STU103022,Sneha Nair,Male,18,Bachelor,Student,Chennai,Mobile,Low,C102,Data Analysis with Python,Programming,Intermediate,60,4.7,2,25,80.9,2,10.4,18,2,6.3,3,7,3,63.5,76.2,50.1,2,12-05-2025,UPI,Yes,No,5102,55,2,0,3.9,Completed,1,0,2,1,1,2,4,5
3023,STU103023,Krishna Mehta,Male,17,Diploma,Student,Hyderabad,Mobile,Medium,C102,Data Analysis with Python,Programming,Intermediate,60,4.7,4,47,80.7,0,3.4,0,4,8.8,3,7,8,69.3,42.9,48.4,4,27-10-2023,Debit Card,Yes,No,5055,85,3,1,2.9,Not Completed,1,1,2,1,2,2,4,1
3024,STU103024,Krishna Reddy,Female,28,Bachelor,Student,Hyderabad,Laptop,High,C104,Digital Marketing Essentials,Marketing,Beginner,30,4.3,6,36,21.2,2,9.1,2,7,5.8,6,4,3,64.0,50.8,46.0,2,22-10-2023,Free,No,No,0,40,2,1,4.5,Not Completed,0,0,2,0,0,1,2,2
3025,STU103025,Nikhil Kumar,Female,34,PhD,Self-Employed,Hyderabad,Laptop,Low,C101,Python Basics,Programming,Beginner,45,4.6,5,36,67.9,1,0.5,0,6,6.8,6,4,5,83.9,75.5,63.5,8,28-10-2024,Debit Card,Yes,No,3919,89,3,0,4.5,Not Completed,0,4,1,0,1,1,4,1
3026,STU103026,Neha Gupta,Female,24,Diploma,Student,Bhopal,Laptop,Low,C101,Python Basics,Programming,Beginner,45,4.6,6,23,83.5,2,0.5,1,6,4.7,8,1,7,88.8,81.4,81.3,5,22-07-2024,UPI,Yes,No,3921,100,3,0,5.0,Not Completed,0,1,2,0,1,1,4,5
3027,STU103027,Vivaan Iyer,Female,30,Bachelor,Employed,Ahmedabad,Laptop,Medium,C105,UI/UX Design Fundamentals,Design,Beginner,40,4.4,8,22,36.7,1,0.6,1,8,10.0,5,5,3,72.6,47.2,45.2,7,27-11-2024,Free,No,No,0,60,2,2,4.2,Not Completed,0,0,0,0,2,1,1,2
3028,STU103028,Vivaan Nair,Female,28,Diploma,Student,Indore,Laptop,High,C102,Data Analysis with Python,Programming,Intermediate,60,4.7,3,27,29.1,4,0.5,3,2,10.0,4,6,4,82.6,77.5,38.1,1,18-07-2025,Credit Card,Yes,No,5314,54,5,0,5.0,Completed,0,1,2,0,0,2,4,0
3029,STU103029,Vivaan Bhardwaj,Female,27,Bachelor,Student,Nagpur,Laptop,Low,C101,Python Basics,Programming,Beginner,45,4.6,3,35,45.1,2,0.5,17,3,3.0,5,5,2,55.4,69.9,49.3,1,10-02-2025,Free,No,No,0,83,1,0,5.0,Not Completed,0,0,2,0,1,1,4,2
3030,STU103030,Sakshi Iyer,Female,26,Bachelor,Employed,Kolkata,Laptop,High,C104,Digital Marketing Essentials,Marketing,Beginner,30,4.3,7,56,92.3,4,3.1,2,13,9.4,5,5,3,63.8,56.4,65.1,2,12-02-2025,Free,No,No,0,42,2,1,5.0,Not Completed,0,0,0,0,0,1,2,2
3031,STU103031,Rahul Desai,Female,29,Bachelor,Student,Delhi,Laptop,High,C101,Python Basics,Programming,Beginner,45,4.6,10,23,61.8,4,3.7,5,8,9.2,6,4,7,93.7,74.7,61.4,0,15-11-2023,Debit Card,Yes,Yes,3513,22,3,1,4.2,Completed,0,0,2,0,0,1,4,1
3032,STU103032,Sakshi Bose,Male,26,Diploma,Student,Indore,Laptop,High,C101,Python Basics,Programming,Beginner,45,4.6,4,40,66.1,4,0.5,2,6,6.9,3,7,5,68.8,60.9,44.2,2,15-04-2024,Free,No,No,0,49,2,1,4.9,Not Completed,1,1,2,0,0,1,4,2
3033,STU103033,Arjun Sharma,Male,23,HighSchool,Student,Chennai,Laptop,Medium,C107,Statistics for Data Science,Math,Intermediate,50,4.2,3,31,64.8,0,0.5,0,9,5.6,8,2,2,95.9,70.2,74.2,2,16-02-2024,UPI,Yes,No,4680,64,3,0,4.3,Completed,1,2,2,0,2,2,3,5
3034,STU103034,Vivaan Reddy,Female,22,HighSchool,Employed,Lucknow,Mobile,Medium,C106,Machine Learning A-Z,Programming,Advanced,90,4.6,5,29,51.8,2,3.9,12,2,6.0,3,7,3,79.2,84.8,40.4,3,02-09-2024,UPI,Yes,No,6846,87,0,0,4.1,Not Completed,0,2,0,1,2,0,4,5
3035,STU103035,Vihaan Shah,Male,32,Diploma,Employed,Surat,Mobile,High,C102,Data Analysis with Python,Programming,Intermediate,60,4.7,7,26,90.3,1,4.2,8,2,5.2,8,2,4,76.0,60.6,82.6,5,02-05-2024,UPI,Yes,No,5326,98,1,1,3.2,Completed,1,1,0,1,0,2,4,5
3036,STU103036,Sakshi Nair,Other,32,Bachelor,Student,Mumbai,Mobile,Medium,C103,Introduction to AI,Programming,Intermediate,75,4.5,5,32,39.5,4,0.5,2,3,6.0,4,6,5,82.7,90.5,42.4,0,04-09-2025,Debit Card,Yes,Yes,5350,31,4,0,4.9,Not Completed,2,0,2,1,2,2,4,1
3037,STU103037,Pooja Bose,Female,27,Bachelor,Employed,Indore,Mobile,High,C102,Data Analysis with Python,Programming,Intermediate,60,4.7,7,27,80.6,1,6.0,0,6,6.5,1,9,2,83.7,72.2,37.8,3,08-06-2025,UPI,Yes,Yes,4632,56,1,0,3.3,Not Completed,0,0,0,1,0,2,4,5
3038,STU103038,Sneha Gupta,Male,23,Diploma,Employed,Mumbai,Laptop,High,C108,Excel for Business,Business,Beginner,25,4.1,5,29,63.2,4,3.7,7,4,5.5,3,7,1,78.5,66.7,43.5,5,02-12-2024,UPI,Yes,No,3380,99,3,1,3.1,Not Completed,1,1,0,0,0,1,0,5
3039,STU103039,Isha Shah,Female,39,Bachelor,Student,Lucknow,Laptop,Low,C106,Machine Learning A-Z,Programming,Advanced,90,4.6,3,37,45.1,2,0.5,0,2,2.9,3,7,7,81.4,29.6,35.2,3,22-12-2023,UPI,Yes,No,5961,79,2,0,4.6,Not Completed,0,0,2,0,1,0,4,5
3040,STU103040,Krishna Shah,Female,17,Bachelor,Student,Vadodara,Mobile,Medium,C104,Digital Marketing Essentials,Marketing,Beginner,30,4.3,6,40,50.6,1,0.5,13,10,4.6,5,4,3,86.6,71.3,51.3,1,16-07-2024,UPI,Yes,No,3646,61,3,0,4.9,Not Completed,0,0,2,1,2,1,2,5
3041,STU103041,Aditya Verma,Female,27,HighSchool,Student,Kolkata,Tablet,High,C101,Python Basics,Programming,Beginner,45,4.6,6,32,49.6,1,0.5,1,9,4.7,2,8,2,74.1,66.7,32.7,3,01-07-2025,Credit Card,Yes,No,4567,38,5,0,4.7,Completed,0,2,2,2,0,1,4,0
3042,STU103042,Krishna Nair,Male,24,Bachelor,Employed,Surat,Tablet,High,C103,Introduction to AI,Programming,Intermediate,75,4.5,4,26,59.4,1,0.5,9,2,4.6,3,7,6,70.1,57.6,41.7,1,28-07-2025,NetBanking,Yes,No,5313,49,3,0,4.9,Not Completed,1,0,0,2,0,2,4,3
3043,STU103043,Aarav Kumar,Male,29,Bachelor,Employed,Ahmedabad,Laptop,Medium,C104,Digital Marketing Essentials,Marketing,Beginner,30,4.3,6,24,50.3,1,0.9,0,4,10.0,3,7,5,76.6,61.4,38.7,1,14-02-2024,UPI,Yes,No,3755,80,2,2,4.1,Not Completed,1,0,0,0,2,1,2,5
3044,STU103044,Pooja Reddy,Female,36,Master,Student,Jaipur,Laptop,Medium,C107,Statistics for Data Science,Math,Intermediate,50,4.2,7,23,54.7,2,3.4,0,4,4.8,5,5,6,99.3,61.9,52.2,7,13-01-2024,UPI,Yes,No,4787,69,0,0,3.6,Completed,0,3,2,0,2,2,3,5
3045,STU103045,Nikhil Bose,Female,25,Bachelor,Employed,Kolkata,Mobile,Medium,C101,Python Basics,Programming,Beginner,45,4.6,5,44,75.5,1,4.4,8,4,4.8,6,4,4,66.7,90.9,67.0,1,17-01-2024,NetBanking,Yes,Yes,3783,68,2,0,4.3,Not Completed,0,0,0,1,2,1,4,3
3046,STU103046,Sai Nair,Female,35,Bachelor,Student,Delhi,Laptop,High,C102,Data Analysis with Python,Programming,Intermediate,60,4.7,4,36,91.5,5,0.5,1,8,5.5,7,3,5,87.9,84.0,78.2,1,13-06-2025,Scholarship,No,Yes,962,45,6,2,4.7,Not Completed,0,0,2,0,0,2,4,4
3047,STU103047,Aarav Desai,Female,22,Diploma,Unemployed,Bengaluru,Mobile,High,C107,Statistics for Data Science,Math,Intermediate,50,4.2,4,25,84.1,2,9.9,8,4,5.5,3,7,7,91.1,71.5,51.0,5,26-05-2024,Credit Card,Yes,Yes,3507,77,3,1,4.5,Not Completed,0,1,3,1,0,2,3,0
3048,STU103048,Sneha Reddy,Female,33,Bachelor,Employed,Delhi,Mobile,High,C108,Excel for Business,Business,Beginner,25,4.1,4,40,43.8,3,0.5,9,4,4.8,4,6,0,52.3,75.6,43.1,0,25-06-2024,NetBanking,Yes,No,3314,75,0,0,3.5,Not Completed,0,0,0,1,0,1,0,3
3049,STU103049,Ananya Shah,Female,20,Bachelor,Employed,Lucknow,Mobile,Medium,C105,UI/UX Design Fundamentals,Design,Beginner,40,4.4,6,60,58.3,3,12.5,0,5,9.7,3,7,4,54.6,63.2,41.6,2,29-04-2024,Debit Card,Yes,No,4090,78,4,2,3.8,Not Completed,0,0,0,1,2,1,1,1
3050,STU103050,Arjun Kumar,Male,29,Diploma,Employed,Mumbai,Laptop,Medium,C103,Introduction to AI,Programming,Intermediate,75,4.5,4,52,57.6,1,0.5,8,7,4.0,4,6,6,68.9,46.1,46.5,3,05-08-2024,Credit Card,Yes,Yes,4764,89,3,1,4.0,Completed,1,1,0,0,2,2,4,0
3051,STU103051,Sai Kumar,Male,19,Bachelor,Student,Bengaluru,Mobile,Medium,C104,Digital Marketing Essentials,Marketing,Beginner,30,4.3,5,35,46.1,0,0.5,17,6,6.7,5,5,5,64.5,72.9,49.8,2,13-12-2024,UPI,Yes,No,3496,41,1,2,2.6,Completed,1,0,2,1,2,1,2,5
3052,STU103052,Rohan Shah,Male,17,Bachelor,Employed,Pune,Mobile,High,C102,Data Analysis with Python,Programming,Intermediate,60,4.7,4,22,12.3,1,1.0,0,4,5.2,3,7,2,68.0,73.9,26.0,3,08-05-2024,Scholarship,No,No,708,71,2,0,3.0,Not Completed,1,0,0,1,0,2,4,4
3053,STU103053,Sai Kumar,Male,33,Diploma,Employed,Ahmedabad,Tablet,Low,C106,Machine Learning A-Z,Programming,Advanced,90,4.6,2,43,28.0,0,2.2,8,4,6.5,6,4,3,66.7,67.7,49.2,2,13-07-2024,Credit Card,Yes,No,7000,50,3,2,4.2,Completed,1,1,0,2,1,0,4,0
3054,STU103054,Aditya Reddy,Male,19,Bachelor,Employed,Hyderabad,Mobile,High,C105,UI/UX Design Fundamentals,Design,Beginner,40,4.4,3,20,65.5,1,0.5,0,6,3.9,4,6,4,97.8,74.3,50.6,2,08-10-2024,NetBanking,Yes,No,4369,98,1,2,3.8,Not Completed,1,0,0,1,0,1,1,3
3055,STU103055,Ritika Reddy,Male,24,Bachelor,Student,Nagpur,Mobile,Medium,C105,UI/UX Design Fundamentals,Design,Beginner,40,4.4,2,35,28.3,2,13.0,9,6,8.3,4,6,2,53.5,53.8,36.6,3,08-04-2024,UPI,Yes,No,4001,29,1,0,5.0,Not Completed,1,0,2,1,2,1,1,5
3056,STU103056,Vivaan Shah,Female,25,Bachelor,Student,Jaipur,Mobile,High,C103,Introduction to AI,Programming,Intermediate,75,4.5,9,35,72.4,0,8.3,2,5,7.7,4,6,5,66.3,71.9,52.9,1,19-04-2025,Free,No,No,0,37,1,2,4.6,Completed,0,0,2,1,0,2,4,2
3057,STU103057,Nikhil Singh,Male,19,Bachelor,Student,Indore,Laptop,High,C103,Introduction to AI,Programming,Intermediate,75,4.5,5,44,64.7,3,1.4,1,9,8.6,3,6,4,78.7,96.3,45.5,1,08-08-2025,Debit Card,Yes,Yes,4655,84,1,1,5.0,Not Completed,1,0,2,0,0,2,4,1
3058,STU103058,Ananya Singh,Male,24,Bachelor,Employed,Hyderabad,Laptop,Medium,C106,Machine Learning A-Z,Programming,Advanced,90,4.6,3,38,42.9,3,3.4,9,11,8.0,2,8,5,59.0,41.8,29.1,3,15-03-2025,UPI,Yes,No,6888,97,2,1,5.0,Completed,1,0,0,0,2,0,4,5
3059,STU103059,Rahul Shah,Male,23,Master,Employed,Indore,Mobile,High,C107,Statistics for Data Science,Math,Intermediate,50,4.2,7,32,29.4,2,0.5,0,5,8.2,4,6,3,68.1,99.9,39.3,2,17-01-2024,UPI,Yes,No,4770,45,4,0,5.0,Not Completed,1,3,0,1,0,2,3,5
3060,STU103060,Ritika Desai,Female,17,Bachelor,Student,Pune,Laptop,Medium,C102,Data Analysis with Python,Programming,Intermediate,60,4.7,4,53,23.5,2,5.3,9,4,6.6,5,5,4,70.5,49.7,40.7,2,06-02-2025,Free,No,No,0,100,3,1,3.5,Not Completed,0,0,2,0,2,2,4,2
3061,STU103061,Neha Patel,Male,22,Master,Student,Bhopal,Mobile,Medium,C101,Python Basics,Programming,Beginner,45,4.6,5,31,63.4,2,5.9,6,6,9.2,6,4,8,67.2,57.8,61.1,2,21-08-2025,UPI,Yes,No,3832,70,4,0,4.5,Completed,1,3,2,1,2,1,4,5
3062,STU103062,Sai Reddy,Male,29,Master,Student,Bengaluru,Laptop,High,C104,Digital Marketing Essentials,Marketing,Beginner,30,4.3,5,34,54.2,3,6.0,4,8,4.3,4,5,3,80.3,82.7,47.1,3,11-09-2024,UPI,Yes,No,3525,46,2,0,3.7,Not Completed,1,3,2,0,0,1,2,5
3063,STU103063,Sneha Bhardwaj,Female,32,Bachelor,Employed,Chennai,Mobile,Medium,C105,UI/UX Design Fundamentals,Design,Beginner,40,4.4,3,27,61.6,4,0.5,0,6,5.7,6,4,2,64.6,75.8,61.4,2,20-11-2023,Credit Card,Yes,Yes,3530,71,2,0,3.9,Completed,0,0,0,1,2,1,1,0
3064,STU103064,Pooja Nair,Male,25,Bachelor,Employed,Delhi,Laptop,Medium,C105,UI/UX Design Fundamentals,Design,Beginner,40,4.4,3,38,82.7,1,0.5,4,2,2.0,1,9,3,81.8,71.5,38.5,3,25-10-2023,NetBanking,Yes,No,3958,76,0,0,4.1,Not Completed,1,0,0,0,2,1,1,3
3065,STU103065,Sai Mehta,Female,17,Bachelor,Student,Kolkata,Mobile,Low,C103,Introduction to AI,Programming,Intermediate,75,4.5,4,28,11.1,3,2.8,1,5,8.1,4,6,2,79.3,81.1,31.9,1,10-08-2025,NetBanking,Yes,No,6038,61,4,1,5.0,Not Completed,0,0,2,1,1,2,4,3
3066,STU103066,Vihaan Verma,Male,23,Master,Employed,Bhopal,Mobile,High,C103,Introduction to AI,Programming,Intermediate,75,4.5,5,42,58.8,3,6.7,12,7,4.2,5,5,4,59.6,54.5,53.3,2,31-03-2024,UPI,Yes,No,6060,59,2,0,3.2,Not Completed,1,3,0,1,0,2,4,5
3067,STU103067,Kavya Gupta,Female,18,Diploma,Student,Bengaluru,Laptop,High,C106,Machine Learning A-Z,Programming,Advanced,90,4.6,4,30,32.9,6,0.5,0,5,8.6,3,7,7,58.4,87.5,33.9,0,08-01-2025,UPI,Yes,No,6554,65,3,0,3.4,Not Completed,0,1,2,0,0,0,4,5
3068,STU103068,Sakshi Reddy,Male,20,Master,Student,Jaipur,Mobile,High,C104,Digital Marketing Essentials,Marketing,Beginner,30,4.3,6,38,71.5,6,5.3,19,6,10.0,7,3,10,67.8,71.7,70.6,2,04-01-2025,Credit Card,Yes,Yes,2694,97,2,2,4.6,Completed,1,3,2,1,0,1,2,0
3069,STU103069,Priya Reddy,Female,29,Diploma,Student,Nagpur,Laptop,High,C102,Data Analysis with Python,Programming,Intermediate,60,4.7,3,25,48.5,7,3.4,1,4,10.0,5,5,3,60.9,65.2,50.2,4,02-11-2024,Debit Card,Yes,Yes,4102,100,2,1,4.4,Not Completed,0,1,2,0,0,2,4,1
3070,STU103070,Sakshi Joshi,Male,20,Bachelor,Employed,Kolkata,Mobile,Medium,C106,Machine Learning A-Z,Programming,Advanced,90,4.6,9,29,81.6,1,0.5,0,8,5.7,3,7,7,92.3,99.6,51.5,2,19-08-2024,Credit Card,Yes,No,7060,37,3,2,5.0,Completed,1,0,0,1,2,0,4,0
3071,STU103071,Vivaan Bose,Female,27,Bachelor,Student,Bhopal,Mobile,Medium,C102,Data Analysis with Python,Programming,Intermediate,60,4.7,4,34,47.0,5,0.5,11,2,6.7,3,7,5,90.6,78.2,38.4,2,19-03-2025,UPI,Yes,No,4839,55,4,0,4.9,Not Completed,0,0,2,1,2,2,4,5
3072,STU103072,Vihaan Mehta,Female,31,Bachelor,Self-Employed,Chennai,Mobile,Medium,C106,Machine Learning A-Z,Programming,Advanced,90,4.6,4,31,79.1,1,6.4,1,2,6.8,5,5,1,68.5,82.0,61.8,0,30-05-2025,UPI,Yes,No,6788,40,2,0,3.6,Completed,0,0,1,1,2,0,4,5
3073,STU103073,Priya Bhardwaj,Female,35,Bachelor,Employed,Mumbai,Mobile,Medium,C101,Python Basics,Programming,Beginner,45,4.6,2,38,43.6,1,0.5,9,4,3.2,5,5,3,56.5,29.8,46.7,1,04-04-2024,Free,No,No,0,65,3,2,3.1,Not Completed,0,0,0,1,2,1,4,2
3074,STU103074,Ananya Bose,Female,26,Bachelor,Employed,Jaipur,Mobile,High,C108,Excel for Business,Business,Beginner,25,4.1,5,41,55.6,0,1.8,32,3,6.8,4,6,1,61.2,45.0,45.7,2,05-04-2025,Debit Card,Yes,No,3448,73,2,3,4.4,Completed,0,0,0,1,0,1,0,1
3075,STU103075,Krishna Bhardwaj,Female,26,Bachelor,Student,Vadodara,Mobile,Medium,C101,Python Basics,Programming,Beginner,45,4.6,6,41,75.4,1,0.5,26,6,7.5,4,6,1,77.5,76.7,54.2,2,26-08-2025,Free,No,No,0,49,1,2,5.0,Completed,0,0,2,1,2,1,4,2
3076,STU103076,Pooja Desai,Female,24,Master,Employed,Mumbai,Mobile,Medium,C108,Excel for Business,Business,Beginner,25,4.1,7,38,54.9,3,8.7,1,2,7.1,3,7,4,74.7,99.4,42.2,2,28-08-2024,NetBanking,Yes,No,3361,91,2,0,3.9,Not Completed,0,3,0,1,2,1,0,3
3077,STU103077,Arjun Desai,Female,32,Diploma,Employed,Hyderabad,Laptop,Medium,C104,Digital Marketing Essentials,Marketing,Beginner,30,4.3,6,51,88.3,2,7.3,1,3,4.2,8,2,3,62.3,47.7,81.3,2,03-04-2024,UPI,Yes,No,3591,57,0,2,5.0,Completed,0,1,0,0,2,1,2,5
3078,STU103078,Kavya Patel,Male,20,Bachelor,Student,Lucknow,Mobile,High,C101,Python Basics,Programming,Beginner,45,4.6,7,31,47.6,3,4.7,4,7,7.0,3,7,3,64.2,54.0,37.4,2,10-04-2024,Credit Card,Yes,No,4353,74,5,2,3.8,Not Completed,1,0,2,1,0,1,4,0
3079,STU103079,Ananya Kumar,Female,28,Bachelor,Student,Delhi,Mobile,High,C102,Data Analysis with Python,Programming,Intermediate,60,4.7,4,38,49.0,0,2.6,0,8,6.0,3,7,7,83.6,43.1,37.3,1,12-05-2024,NetBanking,Yes,No,4683,33,3,0,4.5,Not Completed,0,0,2,1,0,2,4,3
3080,STU103080,Isha Sharma,Female,19,Bachelor,Employed,Indore,Mobile,Medium,C102,Data Analysis with Python,Programming,Intermediate,60,4.7,4,27,73.7,3,0.5,9,9,2.2,5,5,3,79.2,94.8,60.5,3,17-09-2025,UPI,Yes,No,5381,100,3,1,4.0,Not Completed,0,0,0,1,2,2,4,5
3081,STU103081,Rahul Shah,Male,18,Bachelor,Student,Vadodara,Laptop,High,C103,Introduction to AI,Programming,Intermediate,75,4.5,4,43,87.1,1,6.6,17,5,7.9,6,4,3,86.6,60.7,69.5,3,16-02-2025,UPI,Yes,No,6205,88,1,1,2.9,Completed,1,0,2,0,0,2,4,5
3082,STU103082,Sai Joshi,Female,30,Bachelor,Employed,Delhi,Mobile,Low,C104,Digital Marketing Essentials,Marketing,Beginner,30,4.3,2,42,32.7,1,0.5,12,5,0.5,7,3,9,62.6,61.4,56.5,2,19-09-2025,Debit Card,Yes,No,3457,90,1,0,5.0,Not Completed,0,0,0,1,1,1,2,1
3083,STU103083,Priya Nair,Female,21,Bachelor,Employed,Pune,Mobile,Medium,C108,Excel for Business,Business,Beginner,25,4.1,5,16,35.0,2,0.5,2,8,7.7,2,7,5,69.1,56.2,27.1,1,31-08-2025,Free,No,No,0,25,1,1,4.8,Not Completed,0,0,0,1,2,1,0,2
3084,STU103084,Priya Shah,Female,29,HighSchool,Student,Kolkata,Laptop,Medium,C106,Machine Learning A-Z,Programming,Advanced,90,4.6,1,42,82.4,2,4.3,0,2,7.7,4,6,1,60.5,78.0,56.7,3,23-01-2024,UPI,Yes,No,6071,85,4,1,3.8,Completed,0,2,2,0,2,0,4,5
3085,STU103085,Priya Verma,Male,25,Bachelor,Self-Employed,Hyderabad,Mobile,Medium,C106,Machine Learning A-Z,Programming,Advanced,90,4.6,6,15,78.9,3,3.7,5,4,6.1,4,6,3,74.8,73.0,55.3,0,01-03-2024,Debit Card,Yes,No,6010,100,2,0,3.3,Not Completed,1,0,1,1,2,0,4,1
3086,STU103086,Priya Desai,Male,29,Bachelor,Employed,Hyderabad,Mobile,Medium,C108,Excel for Business,Business,Beginner,25,4.1,3,29,50.0,4,12.4,3,5,7.0,4,6,5,92.6,80.5,45.5,4,06-09-2025,UPI,Yes,Yes,3001,63,0,0,4.6,Completed,1,0,0,1,2,1,0,5
3087,STU103087,Isha Bhardwaj,Male,40,Bachelor,Self-Employed,Chennai,Laptop,Medium,C104,Digital Marketing Essentials,Marketing,Beginner,30,4.3,3,40,29.4,1,0.5,2,4,7.4,4,6,4,84.5,86.3,38.6,2,06-10-2024,Credit Card,Yes,Yes,3078,79,2,0,5.0,Not Completed,1,0,1,0,2,1,2,0
3088,STU103088,Meera Iyer,Female,28,Master,Employed,Indore,Laptop,Medium,C108,Excel for Business,Business,Beginner,25,4.1,4,33,48.2,1,8.5,0,8,5.4,7,3,3,81.2,57.4,61.7,4,13-11-2023,NetBanking,Yes,No,3069,68,1,2,5.0,Completed,0,3,0,0,2,1,0,3
3089,STU103089,Rohan Bose,Female,25,Bachelor,Self-Employed,Jaipur,Mobile,Medium,C102,Data Analysis with Python,Programming,Intermediate,60,4.7,3,5,40.8,1,0.5,12,5,4.7,2,8,0,74.8,61.9,29.4,3,13-06-2024,Credit Card,Yes,No,4928,38,3,0,4.3,Not Completed,0,0,1,1,2,2,4,0
3090,STU103090,Sneha Joshi,Female,23,Bachelor,Employed,Hyderabad,Laptop,Low,C104,Digital Marketing Essentials,Marketing,Beginner,30,4.3,5,34,71.3,3,1.3,0,5,6.0,4,6,2,87.2,46.7,51.3,3,18-10-2023,Scholarship,No,No,1458,72,4,1,4.8,Not Completed,0,0,0,0,1,1,2,4
3091,STU103091,Sakshi Bhardwaj,Male,27,Bachelor,Self-Employed,Vadodara,Mobile,Medium,C103,Introduction to AI,Programming,Intermediate,75,4.5,4,40,50.9,3,7.0,22,4,7.2,3,6,2,61.3,52.6,38.4,0,04-01-2024,Free,No,No,0,53,2,0,4.7,Not Completed,1,0,1,1,2,2,4,2
3092,STU103092,Rohan Verma,Female,30,Bachelor,Employed,Kolkata,Mobile,High,C102,Data Analysis with Python,Programming,Intermediate,60,4.7,9,24,28.9,2,0.5,5,4,3.9,4,6,3,56.4,73.8,37.8,1,20-05-2024,UPI,Yes,No,5220,100,1,0,3.7,Not Completed,0,0,0,1,0,2,4,5
3093,STU103093,Ananya Mehta,Female,30,Bachelor,Employed,Delhi,Mobile,Medium,C103,Introduction to AI,Programming,Intermediate,75,4.5,3,42,84.6,3,10.4,1,9,4.3,6,4,3,75.5,78.7,69.6,2,16-08-2025,UPI,Yes,No,5746,72,2,0,4.6,Not Completed,0,0,0,1,2,2,4,5
3094,STU103094,Sai Mehta,Male,22,HighSchool,Student,Bengaluru,Laptop,Medium,C102,Data Analysis with Python,Programming,Intermediate,60,4.7,5,34,89.9,4,2.0,6,9,7.9,3,7,2,75.3,43.5,51.7,2,16-11-2024,Debit Card,Yes,No,5456,100,3,0,3.3,Not Completed,1,2,2,0,2,2,4,1
3095,STU103095,Meera Patel,Female,26,Master,Student,Ahmedabad,Mobile,High,C108,Excel for Business,Business,Beginner,25,4.1,3,31,87.6,4,0.5,6,5,3.3,3,7,8,80.9,65.2,51.9,7,21-12-2024,Credit Card,Yes,Yes,2601,62,3,0,4.3,Completed,0,3,2,1,0,1,0,0
3096,STU103096,Sai Verma,Male,26,Bachelor,Student,Chennai,Laptop,Medium,C106,Machine Learning A-Z,Programming,Advanced,90,4.6,8,30,92.2,2,0.5,3,7,6.0,8,2,5,97.3,82.6,84.4,3,02-02-2024,Scholarship,No,No,1457,91,1,0,3.7,Completed,1,0,2,0,2,0,4,4
3097,STU103097,Kavya Desai,Female,28,Master,Employed,Delhi,Mobile,Low,C103,Introduction to AI,Programming,Intermediate,75,4.5,4,46,32.0,3,9.6,11,4,3.1,2,8,2,77.8,85.6,27.5,3,28-01-2024,NetBanking,Yes,No,5622,61,2,0,4.6,Completed,0,3,0,1,1,2,4,3
3098,STU103098,Priya Desai,Female,31,Bachelor,Self-Employed,Vadodara,Laptop,Medium,C101,Python Basics,Programming,Beginner,45,4.6,7,52,83.2,3,11.5,14,6,10.0,4,6,3,78.7,86.8,57.5,4,07-09-2024,UPI,Yes,No,4195,100,1,1,4.1,Completed,0,0,1,0,2,1,4,5
3099,STU103099,Arjun Bhardwaj,Male,26,Bachelor,Employed,Surat,Mobile,Medium,C103,Introduction to AI,Programming,Intermediate,75,4.5,3,41,64.1,0,7.3,5,5,4.0,4,6,5,81.3,60.1,49.4,2,24-01-2025,Scholarship,No,No,2538,81,0,0,5.0,Completed,1,0,0,1,2,2,4,4
3100,STU103100,Aarav Reddy,Male,23,Master,Student,Lucknow,Mobile,High,C108,Excel for Business,Business,Beginner,25,4.1,5,22,81.5,1,0.5,8,4,8.4,4,6,3,78.1,73.5,56.2,1,01-12-2024,Free,No,No,0,86,3,0,2.8,Not Completed,1,3,2,1,0,1,0,2
3101,STU103101,Isha Desai,Male,27,Bachelor,Student,Mumbai,Mobile,Medium,C102,Data Analysis with Python,Programming,Intermediate,60,4.7,4,40,57.3,1,0.6,1,6,4.6,3,7,3,100.0,85.8,42.4,6,07-07-2024,UPI,Yes,No,4625,100,5,0,4.9,Completed,1,0,2,1,2,2,4,5
3102,STU103102,Vihaan Bhardwaj,Male,22,Master,Employed,Vadodara,Mobile,Medium,C107,Statistics for Data Science,Math,Intermediate,50,4.2,6,26,55.1,2,8.3,0,2,10.0,3,7,4,46.0,63.2,40.4,0,20-01-2025,NetBanking,Yes,No,4827,69,1,4,3.8,Not Completed,1,3,0,1,2,2,3,3
3103,STU103103,Ritika Joshi,Female,34,Master,Employed,Vadodara,Laptop,Medium,C104,Digital Marketing Essentials,Marketing,Beginner,30,4.3,2,40,84.8,2,3.0,10,4,8.2,6,4,7,66.2,86.8,70.0,2,24-09-2024,Debit Card,Yes,No,3224,91,1,1,5.0,Completed,0,3,0,0,2,1,2,1
3104,STU103104,Rahul Joshi,Male,34,Master,Employed,Delhi,Laptop,High,C107,Statistics for Data Science,Math,Intermediate,50,4.2,5,35,52.6,4,5.9,2,4,5.6,4,6,5,41.0,60.6,45.4,3,24-12-2024,NetBanking,Yes,No,4550,59,5,0,3.4,Completed,1,3,0,0,0,2,3,3
3105,STU103105,Rahul Desai,Female,17,Master,Employed,Chennai,Mobile,Medium,C107,Statistics for Data Science,Math,Intermediate,50,4.2,2,34,68.3,3,0.5,1,2,1.8,6,4,0,83.3,73.8,63.6,3,06-01-2024,UPI,Yes,No,4233,45,3,0,4.5,Not Completed,0,3,0,1,2,2,3,5
3106,STU103106,Arjun Patel,Male,24,Bachelor,Employed,Hyderabad,Mobile,Medium,C108,Excel for Business,Business,Beginner,25,4.1,4,44,69.9,2,0.5,4,6,8.9,5,5,5,66.3,37.0,56.3,1,12-06-2025,Scholarship,No,No,809,92,0,1,4.1,Not Completed,1,0,0,1,2,1,0,4
3107,STU103107,Neha Singh,Male,37,Master,Employed,Surat,Laptop,Medium,C107,Statistics for Data Science,Math,Intermediate,50,4.2,6,41,54.2,1,9.6,1,7,3.6,5,5,5,85.2,95.1,53.7,1,24-01-2025,Scholarship,No,Yes,1172,92,2,0,5.0,Not Completed,1,3,0,0,2,2,3,4
3108,STU103108,Isha Patel,Male,30,Bachelor,Employed,Kolkata,Mobile,High,C102,Data Analysis with Python,Programming,Intermediate,60,4.7,6,29,96.7,1,10.0,4,3,2.6,4,5,2,63.1,60.1,60.9,3,18-02-2024,Credit Card,Yes,No,4767,50,1,1,3.3,Completed,1,0,0,1,0,2,4,0
3109,STU103109,Meera Reddy,Female,25,Diploma,Student,Hyderabad,Mobile,High,C101,Python Basics,Programming,Beginner,45,4.6,8,50,44.1,3,8.5,4,7,8.5,7,3,4,95.5,50.3,59.9,0,21-06-2025,Scholarship,No,No,1266,43,1,2,5.0,Completed,0,1,2,1,0,1,4,4
3110,STU103110,Sneha Kumar,Female,24,HighSchool,Unemployed,Chennai,Laptop,High,C103,Introduction to AI,Programming,Intermediate,75,4.5,5,51,64.1,2,0.5,4,9,8.9,7,3,5,87.3,46.6,66.8,2,15-08-2024,Credit Card,Yes,No,5917,57,3,1,4.1,Not Completed,0,2,3,0,0,2,4,0
3111,STU103111,Aarav Gupta,Male,40,Bachelor,Employed,Ahmedabad,Laptop,Medium,C102,Data Analysis with Python,Programming,Intermediate,60,4.7,2,30,38.6,3,0.5,0,4,5.6,5,5,2,72.2,65.3,46.8,0,16-10-2024,UPI,Yes,No,5236,60,1,1,3.5,Completed,1,0,0,0,2,2,4,5
3112,STU103112,Isha Patel,Female,20,Master,Employed,Kolkata,Mobile,High,C103,Introduction to AI,Programming,Intermediate,75,4.5,3,39,68.4,0,2.4,11,8,6.4,3,7,5,59.4,65.2,45.2,2,29-07-2025,UPI,Yes,No,5214,57,1,0,4.2,Completed,0,3,0,1,0,2,4,5
3113,STU103113,Vivaan Bhardwaj,Female,30,Master,Student,Delhi,Laptop,High,C103,Introduction to AI,Programming,Intermediate,75,4.5,6,32,61.0,1,3.6,0,1,6.8,6,4,5,81.6,64.7,60.6,1,23-11-2023,UPI,Yes,No,5607,29,2,2,4.4,Not Completed,0,3,2,0,0,2,4,5
3114,STU103114,Rahul Nair,Female,27,Master,Employed,Chennai,Mobile,Medium,C102,Data Analysis with Python,Programming,Intermediate,60,4.7,7,31,94.5,2,0.5,23,3,4.9,3,7,4,93.4,79.7,55.1,2,11-01-2024,Credit Card,Yes,No,5389,83,0,1,4.5,Completed,0,3,0,1,2,2,4,0
3115,STU103115,Rahul Sharma,Male,22,HighSchool,Employed,Bengaluru,Mobile,Medium,C106,Machine Learning A-Z,Programming,Advanced,90,4.6,6,45,18.1,0,10.5,8,2,4.9,5,5,2,59.4,55.7,39.1,1,26-07-2025,Debit Card,Yes,No,7063,42,3,0,3.5,Not Completed,1,2,0,1,2,0,4,1
3116,STU103116,Meera Mehta,Female,23,Bachelor,Student,Bhopal,Mobile,Low,C102,Data Analysis with Python,Programming,Intermediate,60,4.7,5,22,65.2,2,2.3,21,7,7.4,4,6,3,87.7,91.8,51.4,2,28-01-2025,Scholarship,No,No,2439,73,5,1,2.8,Not Completed,0,0,2,1,1,2,4,4
3117,STU103117,Sakshi Singh,Male,17,Bachelor,Employed,Bhopal,Laptop,Medium,C107,Statistics for Data Science,Math,Intermediate,50,4.2,4,23,28.8,6,0.5,25,6,7.5,5,4,4,62.1,75.4,43.8,1,05-04-2025,UPI,Yes,No,4945,55,4,1,2.9,Not Completed,1,0,0,0,2,2,3,5
3118,STU103118,Nikhil Reddy,Male,20,Bachelor,Employed,Mumbai,Mobile,Medium,C101,Python Basics,Programming,Beginner,45,4.6,3,54,76.1,1,0.6,2,3,5.2,5,5,2,70.7,65.0,59.9,0,01-11-2024,UPI,Yes,No,4336,77,7,2,5.0,Not Completed,1,0,0,1,2,1,4,5
3119,STU103119,Vivaan Verma,Male,22,Bachelor,Student,Jaipur,Mobile,Medium,C108,Excel for Business,Business,Beginner,25,4.1,10,37,56.7,2,8.6,2,6,6.8,7,3,4,74.3,44.6,64.1,1,31-07-2025,UPI,Yes,No,2934,85,2,0,5.0,Completed,1,0,2,1,2,1,0,5
3120,STU103120,Vihaan Mehta,Female,27,HighSchool,Employed,Surat,Mobile,Medium,C108,Excel for Business,Business,Beginner,25,4.1,4,45,95.7,3,7.9,1,0,4.8,3,7,4,60.2,74.1,55.2,1,05-01-2024,NetBanking,Yes,No,3120,48,3,0,3.2,Completed,0,2,0,1,2,1,0,3
3121,STU103121,Pooja Bose,Female,28,Bachelor,Student,Lucknow,Mobile,High,C106,Machine Learning A-Z,Programming,Advanced,90,4.6,5,49,54.8,2,13.4,2,7,8.4,5,5,2,70.7,91.9,53.8,0,22-12-2024,UPI,Yes,No,6911,75,3,4,3.9,Completed,0,0,2,1,0,0,4,5
3122,STU103122,Priya Patel,Female,23,HighSchool,Self-Employed,Bengaluru,Laptop,Medium,C108,Excel for Business,Business,Beginner,25,4.1,11,24,64.1,3,0.5,0,4,6.6,4,6,6,94.1,69.5,49.9,5,06-07-2024,NetBanking,Yes,Yes,2896,82,2,0,4.2,Not Completed,0,2,1,0,2,1,0,3
3123,STU103123,Aditya Shah,Male,19,Bachelor,Employed,Bhopal,Laptop,Medium,C103,Introduction to AI,Programming,Intermediate,75,4.5,3,24,53.7,0,6.9,23,4,10.0,6,4,5,94.2,50.3,57.3,2,13-02-2024,UPI,Yes,No,6186,88,2,1,4.5,Not Completed,1,0,0,0,2,2,4,5
3124,STU103124,Krishna Bhardwaj,Female,24,Bachelor,Student,Ahmedabad,Mobile,Medium,C108,Excel for Business,Business,Beginner,25,4.1,7,23,35.5,3,4.1,4,6,9.8,7,3,4,78.1,54.8,57.2,5,08-07-2025,NetBanking,Yes,No,3365,59,2,2,5.0,Completed,0,0,2,1,2,1,0,3
3125,STU103125,Ritika Gupta,Female,24,Bachelor,Employed,Nagpur,Laptop,Low,C107,Statistics for Data Science,Math,Intermediate,50,4.2,4,35,74.0,1,0.7,8,7,5.5,5,5,2,59.1,49.4,58.4,4,26-09-2025,Free,No,No,0,36,1,0,4.1,Completed,0,0,0,0,1,2,3,2
3126,STU103126,Vivaan Joshi,Male,26,Bachelor,Employed,Jaipur,Laptop,Medium,C104,Digital Marketing Essentials,Marketing,Beginner,30,4.3,6,44,68.5,4,3.5,3,4,5.0,4,6,6,73.7,60.6,51.0,2,06-01-2025,Free,No,Yes,0,100,4,1,5.0,Not Completed,1,0,0,0,2,1,2,2
3127,STU103127,Neha Nair,Male,26,HighSchool,Employed,Indore,Mobile,High,C107,Statistics for Data Science,Math,Intermediate,50,4.2,4,40,84.6,1,7.0,30,4,5.8,7,3,5,65.3,83.7,75.8,2,26-07-2024,UPI,Yes,No,4246,74,1,0,4.8,Completed,1,2,0,1,0,2,3,5
3128,STU103128,Ritika Iyer,Female,33,Master,Employed,Mumbai,Mobile,Low,C105,UI/UX Design Fundamentals,Design,Beginner,40,4.4,2,44,33.9,0,0.5,2,6,5.6,4,6,3,61.5,64.7,39.1,1,19-04-2024,Debit Card,Yes,No,3918,47,1,0,4.8,Not Completed,0,3,0,1,1,1,1,1
3129,STU103129,Ananya Kumar,Female,30,PhD,Student,Mumbai,Laptop,High,C103,Introduction to AI,Programming,Intermediate,75,4.5,7,31,62.2,2,8.8,4,7,7.6,5,5,2,64.1,89.2,56.2,0,05-11-2023,Scholarship,No,No,2859,65,3,0,3.7,Not Completed,0,4,2,0,0,2,4,4
3130,STU103130,Isha Iyer,Female,21,Bachelor,Employed,Bengaluru,Mobile,Medium,C102,Data Analysis with Python,Programming,Intermediate,60,4.7,6,31,20.7,0,0.5,8,2,6.6,2,8,1,87.2,63.1,22.4,2,01-02-2025,Scholarship,No,No,1518,32,1,2,4.5,Not Completed,0,0,0,1,2,2,4,4
3131,STU103131,Sakshi Desai,Female,26,Bachelor,Employed,Lucknow,Mobile,Medium,C102,Data Analysis with Python,Programming,Intermediate,60,4.7,7,49,73.9,0,9.4,9,9,8.8,6,3,2,65.2,67.1,65.2,2,30-05-2024,Credit Card,Yes,Yes,4443,60,2,0,3.3,Completed,0,0,0,1,2,2,4,0
3132,STU103132,Rohan Patel,Male,19,Bachelor,Self-Employed,Indore,Mobile,High,C103,Introduction to AI,Programming,Intermediate,75,4.5,4,24,75.1,1,4.6,1,3,4.5,5,5,6,72.1,65.5,59.5,0,21-12-2023,UPI,Yes,No,5977,82,3,0,3.9,Not Completed,1,0,1,1,0,2,4,5
3133,STU103133,Sakshi Kumar,Female,35,Master,Student,Indore,Mobile,High,C106,Machine Learning A-Z,Programming,Advanced,90,4.6,4,18,83.0,2,1.9,19,3,2.8,3,7,4,77.4,38.8,49.0,2,30-01-2025,Free,No,Yes,0,81,4,2,2.8,Not Completed,0,3,2,1,0,0,4,2
3134,STU103134,Nikhil Mehta,Female,41,Bachelor,Student,Lucknow,Mobile,Low,C105,UI/UX Design Fundamentals,Design,Beginner,40,4.4,6,37,49.6,1,5.1,4,3,6.8,4,6,2,77.0,61.9,44.5,2,23-04-2025,UPI,Yes,No,3620,68,3,3,4.2,Not Completed,0,0,2,1,1,1,1,5
3135,STU103135,Priya Reddy,Female,34,Bachelor,Student,Bhopal,Mobile,High,C104,Digital Marketing Essentials,Marketing,Beginner,30,4.3,1,19,67.0,2,0.9,0,8,6.6,2,8,4,79.6,81.8,39.5,1,02-10-2024,NetBanking,Yes,Yes,2938,60,3,1,3.8,Completed,0,0,2,1,0,1,2,3
3136,STU103136,Pooja Joshi,Female,34,Master,Student,Hyderabad,Laptop,Low,C107,Statistics for Data Science,Math,Intermediate,50,4.2,3,41,90.1,2,5.5,12,9,3.0,5,4,4,83.9,78.6,65.4,5,20-03-2024,Scholarship,No,No,440,52,3,0,3.9,Not Completed,0,3,2,0,1,2,3,4
3137,STU103137,Kavya Shah,Male,22,Bachelor,Student,Indore,Laptop,Low,C104,Digital Marketing Essentials,Marketing,Beginner,30,4.3,5,53,65.9,3,0.5,3,7,2.7,4,6,3,72.3,45.4,49.3,1,14-04-2025,Credit Card,Yes,No,3238,74,4,2,4.0,Completed,1,0,2,0,1,1,2,0
3138,STU103138,Sai Iyer,Female,17,Bachelor,Self-Employed,Chennai,Mobile,High,C102,Data Analysis with Python,Programming,Intermediate,60,4.7,4,24,21.8,3,3.4,21,6,5.5,4,6,3,54.2,62.1,34.7,4,19-11-2023,UPI,Yes,No,5189,52,1,0,4.7,Not Completed,0,0,1,1,0,2,4,5
3139,STU103139,Nikhil Sharma,Male,39,Bachelor,Employed,Lucknow,Mobile,High,C104,Digital Marketing Essentials,Marketing,Beginner,30,4.3,4,51,87.6,1,0.5,3,4,5.2,4,6,5,77.5,58.6,57.6,5,04-10-2024,Free,No,No,0,49,1,2,4.2,Completed,1,0,0,1,0,1,2,2
3140,STU103140,Aditya Singh,Male,32,Master,Student,Indore,Mobile,High,C108,Excel for Business,Business,Beginner,25,4.1,9,42,74.9,2,6.6,2,3,7.2,3,7,5,66.2,62.5,47.4,2,29-10-2024,Debit Card,Yes,No,3526,75,0,3,5.0,Not Completed,1,3,2,1,0,1,0,1
3141,STU103141,Ananya Kumar,Female,27,Diploma,Student,Vadodara,Laptop,High,C102,Data Analysis with Python,Programming,Intermediate,60,4.7,7,37,85.2,5,1.1,12,2,5.1,6,4,7,67.5,49.0,68.3,0,06-09-2025,Scholarship,No,No,1651,70,2,2,4.2,Completed,0,1,2,0,0,2,4,4
3142,STU103142,Kavya Patel,Female,18,Bachelor,Student,Bengaluru,Laptop,High,C105,UI/UX Design Fundamentals,Design,Beginner,40,4.4,7,24,69.1,5,3.5,1,9,4.3,4,6,2,51.8,65.9,51.5,3,04-04-2024,UPI,Yes,No,3837,59,3,2,5.0,Not Completed,0,0,2,0,0,1,1,5
3143,STU103143,Sakshi Joshi,Female,31,Bachelor,Employed,Jaipur,Laptop,High,C103,Introduction to AI,Programming,Intermediate,75,4.5,4,34,71.5,2,0.5,4,6,4.0,5,5,1,73.9,67.2,58.4,1,09-11-2023,Free,No,Yes,0,94,4,0,2.9,Not Completed,0,0,0,0,0,2,4,2
3144,STU103144,Ananya Gupta,Female,29,Master,Unemployed,Indore,Mobile,Low,C104,Digital Marketing Essentials,Marketing,Beginner,30,4.3,4,34,43.5,1,0.5,0,7,7.7,6,4,3,69.4,84.3,55.4,1,13-06-2024,Free,No,No,0,64,4,0,3.4,Completed,0,3,3,1,1,1,2,2
3145,STU103145,Priya Bose,Male,25,Bachelor,Employed,Surat,Laptop,Medium,C101,Python Basics,Programming,Beginner,45,4.6,2,39,87.7,5,0.5,9,2,8.6,3,7,1,86.0,67.6,52.1,1,29-06-2025,Debit Card,Yes,No,4423,95,3,0,3.8,Completed,1,0,0,0,2,1,4,1
3146,STU103146,Vihaan Sharma,Female,17,Bachelor,Student,Chennai,Laptop,Low,C102,Data Analysis with Python,Programming,Intermediate,60,4.7,2,30,87.9,3,6.0,4,5,6.2,5,5,6,85.7,62.5,63.9,4,07-02-2024,Free,No,No,0,48,2,0,3.9,Completed,0,0,2,0,1,2,4,2
3147,STU103147,Nikhil Kumar,Female,22,HighSchool,Student,Bengaluru,Tablet,High,C107,Statistics for Data Science,Math,Intermediate,50,4.2,6,36,68.6,1,7.7,0,5,9.9,9,1,3,79.0,77.3,81.9,3,30-11-2024,UPI,Yes,No,4928,79,3,0,3.4,Completed,0,2,2,2,0,2,3,5
3148,STU103148,Rahul Mehta,Other,28,Master,Employed,Hyderabad,Mobile,Low,C106,Machine Learning A-Z,Programming,Advanced,90,4.6,5,44,67.9,1,0.5,3,3,5.7,5,5,3,78.3,76.6,57.6,4,18-12-2024,Debit Card,Yes,Yes,5779,78,1,1,3.7,Completed,2,3,0,1,1,0,4,1
3149,STU103149,Sakshi Kumar,Male,27,Master,Unemployed,Hyderabad,Mobile,Medium,C106,Machine Learning A-Z,Programming,Advanced,90,4.6,3,21,32.2,1,0.5,1,10,10.0,4,6,4,87.1,90.4,39.8,0,23-07-2025,Free,No,No,0,56,3,0,4.0,Not Completed,1,3,3,1,2,0,4,2
3150,STU103150,Vihaan Iyer,Male,22,Master,Student,Bhopal,Mobile,Low,C106,Machine Learning A-Z,Programming,Advanced,90,4.6,10,57,73.7,0,0.6,4,9,10.0,6,4,2,83.9,69.1,65.2,1,26-07-2025,UPI,Yes,No,6186,68,2,1,4.4,Not Completed,1,3,2,1,1,0,4,5
3151,STU103151,Pooja Gupta,Female,26,Bachelor,Student,Surat,Mobile,Medium,C104,Digital Marketing Essentials,Marketing,Beginner,30,4.3,6,44,91.9,7,3.3,2,6,8.3,6,4,4,83.3,100.0,73.1,6,03-06-2024,UPI,Yes,No,3625,50,5,0,5.0,Completed,0,0,2,1,2,1,2,5
3152,STU103152,Priya Reddy,Male,29,Master,Student,Vadodara,Mobile,High,C104,Digital Marketing Essentials,Marketing,Beginner,30,4.3,4,35,76.8,2,0.5,2,6,6.8,6,3,7,67.6,39.0,64.8,8,19-01-2025,Credit Card,Yes,Yes,3113,56,0,0,3.9,Completed,1,3,2,1,0,1,2,0
3153,STU103153,Sai Bose,Female,20,Bachelor,Student,Nagpur,Laptop,High,C102,Data Analysis with Python,Programming,Intermediate,60,4.7,3,26,48.9,0,1.6,18,3,6.4,2,8,2,65.0,75.1,32.9,2,07-08-2024,Scholarship,No,No,1242,75,1,0,3.1,Not Completed,0,0,2,0,0,2,4,4
3154,STU103154,Aarav Gupta,Female,35,Diploma,Student,Nagpur,Mobile,High,C103,Introduction to AI,Programming,Intermediate,75,4.5,3,28,77.2,2,2.7,4,3,4.5,5,5,1,68.3,70.9,60.6,1,03-02-2025,Credit Card,Yes,No,5594,82,1,1,4.3,Completed,0,1,2,1,0,2,4,0
3155,STU103155,Sai Iyer,Male,22,Bachelor,Student,Bhopal,Mobile,Medium,C101,Python Basics,Programming,Beginner,45,4.6,7,54,35.7,1,12.3,1,8,6.4,5,5,6,63.5,69.5,46.0,5,02-06-2025,Debit Card,Yes,Yes,3689,55,5,0,4.4,Completed,1,0,2,1,2,1,4,1
3156,STU103156,Isha Mehta,Male,22,Master,Employed,Chennai,Mobile,Medium,C102,Data Analysis with Python,Programming,Intermediate,60,4.7,5,20,87.4,5,0.5,2,5,10.0,7,3,4,70.7,73.5,76.3,4,15-11-2023,Free,No,No,0,75,2,0,3.6,Completed,1,3,0,1,2,2,4,2
3157,STU103157,Sakshi Singh,Female,24,Bachelor,Employed,Bengaluru,Mobile,High,C105,UI/UX Design Fundamentals,Design,Beginner,40,4.4,4,35,67.0,2,4.3,6,5,4.2,6,4,3,82.1,83.3,63.6,3,15-03-2025,UPI,Yes,No,3628,73,0,1,4.5,Not Completed,0,0,0,1,0,1,1,5
3158,STU103158,Aditya Bhardwaj,Male,37,Diploma,Employed,Jaipur,Mobile,High,C106,Machine Learning A-Z,Programming,Advanced,90,4.6,4,22,78.7,1,0.5,1,5,5.7,6,3,7,75.8,90.8,68.1,5,09-11-2023,Debit Card,Yes,No,6658,50,3,0,5.0,Completed,1,1,0,1,0,0,4,1
3159,STU103159,Pooja Bhardwaj,Female,26,Bachelor,Employed,Pune,Laptop,Low,C101,Python Basics,Programming,Beginner,45,4.6,6,18,42.7,2,0.5,8,4,9.6,3,7,3,61.2,48.4,35.4,3,18-07-2025,Credit Card,Yes,No,4290,71,0,3,4.9,Not Completed,0,0,0,0,1,1,4,0
3160,STU103160,Meera Iyer,Male,29,Bachelor,Unemployed,Delhi,Mobile,Medium,C108,Excel for Business,Business,Beginner,25,4.1,6,42,48.0,3,5.6,0,5,4.4,3,7,5,78.8,70.3,38.3,2,09-11-2023,NetBanking,Yes,Yes,2885,31,3,1,3.5,Not Completed,1,0,3,1,2,1,0,3
3161,STU103161,Sakshi Bose,Female,28,HighSchool,Employed,Vadodara,Mobile,Medium,C105,UI/UX Design Fundamentals,Design,Beginner,40,4.4,6,26,72.6,0,0.5,6,7,5.9,1,9,1,84.6,49.7,33.9,3,04-05-2025,Scholarship,No,No,760,72,4,1,4.0,Completed,0,2,0,1,2,1,1,4
3162,STU103162,Ritika Shah,Female,19,HighSchool,Employed,Pune,Mobile,High,C107,Statistics for Data Science,Math,Intermediate,50,4.2,4,22,21.0,2,4.3,6,4,4.6,7,3,4,63.4,69.3,52.8,0,30-03-2024,UPI,Yes,No,4258,69,1,0,4.3,Completed,0,2,0,1,0,2,3,5
3163,STU103163,Kavya Joshi,Female,26,Master,Employed,Indore,Mobile,High,C108,Excel for Business,Business,Beginner,25,4.1,6,18,75.4,3,0.5,4,5,1.6,2,8,5,62.0,73.8,42.1,3,13-04-2024,UPI,Yes,Yes,2735,57,0,0,3.5,Not Completed,0,3,0,1,0,1,0,5
3164,STU103164,Meera Bose,Male,38,Bachelor,Self-Employed,Indore,Mobile,Medium,C108,Excel for Business,Business,Beginner,25,4.1,5,32,47.8,3,4.2,2,6,3.8,8,2,5,80.5,96.9,69.6,2,11-09-2024,Free,No,No,0,63,2,1,5.0,Completed,1,0,1,1,2,1,0,2
3165,STU103165,Arjun Kumar,Male,28,HighSchool,Employed,Delhi,Mobile,High,C108,Excel for Business,Business,Beginner,25,4.1,2,52,95.8,1,11.8,12,7,8.2,6,4,2,68.2,64.4,72.8,2,15-05-2024,Credit Card,Yes,No,3078,61,1,0,2.8,Completed,1,2,0,1,0,1,0,0
3166,STU103166,Nikhil Reddy,Male,31,Bachelor,Student,Kolkata,Laptop,High,C102,Data Analysis with Python,Programming,Intermediate,60,4.7,5,30,28.8,0,4.6,18,2,4.6,4,6,2,64.7,54.9,36.8,0,25-06-2025,UPI,Yes,Yes,4400,71,1,1,2.1,Completed,1,0,2,0,0,2,4,5
3167,STU103167,Kavya Singh,Female,27,Bachelor,Student,Vadodara,Laptop,Low,C102,Data Analysis with Python,Programming,Intermediate,60,4.7,2,39,49.2,1,0.5,1,6,7.4,5,5,2,75.2,53.1,49.9,1,31-01-2025,NetBanking,Yes,Yes,4080,62,3,0,4.6,Not Completed,0,0,2,0,1,2,4,3
3168,STU103168,Ritika Iyer,Male,23,Master,Employed,Delhi,Mobile,Medium,C107,Statistics for Data Science,Math,Intermediate,50,4.2,4,34,87.9,2,6.4,17,5,4.5,4,6,5,65.5,76.2,58.6,1,20-09-2024,Scholarship,No,No,887,87,1,1,5.0,Not Completed,1,3,0,1,2,2,3,4
3169,STU103169,Sai Singh,Male,17,Bachelor,Student,Kolkata,Mobile,High,C106,Machine Learning A-Z,Programming,Advanced,90,4.6,4,31,74.8,3,0.5,14,6,4.0,6,4,3,69.7,71.6,65.8,2,27-12-2023,Credit Card,Yes,No,6314,92,3,0,4.9,Completed,1,0,2,1,0,0,4,0
3170,STU103170,Aarav Nair,Male,25,Diploma,Self-Employed,Mumbai,Mobile,Medium,C106,Machine Learning A-Z,Programming,Advanced,90,4.6,4,33,52.7,1,6.5,10,4,6.5,5,5,6,64.5,84.8,52.7,3,06-12-2024,NetBanking,Yes,Yes,5886,51,5,0,5.0,Completed,1,1,1,1,2,0,4,3
3171,STU103171,Ritika Reddy,Male,26,Master,Employed,Nagpur,Mobile,Low,C103,Introduction to AI,Programming,Intermediate,75,4.5,3,39,84.7,3,5.9,6,11,4.1,5,5,7,70.5,48.8,62.1,1,17-12-2024,Free,No,No,0,34,1,1,4.8,Completed,1,3,0,1,1,2,4,2
3172,STU103172,Neha Bose,Female,17,Bachelor,Student,Indore,Laptop,Medium,C104,Digital Marketing Essentials,Marketing,Beginner,30,4.3,7,42,86.9,5,6.9,19,8,4.5,6,3,5,75.1,83.2,70.6,4,29-06-2025,Debit Card,Yes,No,3200,57,2,0,5.0,Completed,0,0,2,0,2,1,2,1
3173,STU103173,Rahul Nair,Female,26,Bachelor,Student,Mumbai,Mobile,Medium,C103,Introduction to AI,Programming,Intermediate,75,4.5,3,49,29.5,0,0.5,4,4,6.5,2,8,3,58.7,73.3,26.0,3,17-12-2023,Debit Card,Yes,No,5842,78,0,1,2.5,Not Completed,0,0,2,1,2,2,4,1
3174,STU103174,Ananya Desai,Female,20,Bachelor,Student,Chennai,Laptop,Low,C107,Statistics for Data Science,Math,Intermediate,50,4.2,4,34,24.5,5,0.5,0,3,5.6,2,8,4,58.5,51.7,23.1,6,26-11-2023,Free,No,No,0,42,4,2,5.0,Not Completed,0,0,2,0,1,2,3,2
3175,STU103175,Sneha Mehta,Female,27,Bachelor,Self-Employed,Indore,Laptop,Low,C108,Excel for Business,Business,Beginner,25,4.1,3,29,43.8,2,0.8,9,4,8.2,7,2,3,86.3,63.9,60.5,0,22-07-2025,Debit Card,Yes,No,3417,58,2,2,5.0,Completed,0,0,1,0,1,1,0,1
3176,STU103176,Kavya Mehta,Male,33,Bachelor,Employed,Vadodara,Laptop,High,C101,Python Basics,Programming,Beginner,45,4.6,6,33,72.5,1,16.6,0,5,6.9,5,5,4,82.4,72.5,59.0,3,14-03-2024,Free,No,No,0,84,4,0,5.0,Completed,1,0,0,0,0,1,4,2
3177,STU103177,Neha Desai,Male,34,Bachelor,Employed,Nagpur,Tablet,Medium,C105,UI/UX Design Fundamentals,Design,Beginner,40,4.4,8,21,63.2,2,0.5,14,1,8.2,4,6,1,74.5,63.5,49.3,3,08-02-2024,UPI,Yes,Yes,3240,77,1,2,4.1,Not Completed,1,0,0,2,2,1,1,5
3178,STU103178,Sai Joshi,Female,23,HighSchool,Student,Chennai,Laptop,High,C105,UI/UX Design Fundamentals,Design,Beginner,40,4.4,10,37,79.3,3,6.1,0,8,8.5,8,2,4,63.8,82.3,79.9,4,10-03-2024,Free,No,No,0,66,4,1,3.0,Completed,0,2,2,0,0,1,1,2
3179,STU103179,Rohan Desai,Male,17,Bachelor,Employed,Kolkata,Laptop,Medium,C102,Data Analysis with Python,Programming,Intermediate,60,4.7,5,20,92.1,1,1.3,5,7,4.3,2,8,2,79.3,53.5,46.9,1,24-01-2024,Free,No,No,0,71,0,1,2.8,Completed,1,0,0,0,2,2,4,2
3180,STU103180,Pooja Iyer,Female,22,Bachelor,Student,Indore,Mobile,Low,C101,Python Basics,Programming,Beginner,45,4.6,6,45,66.2,3,11.7,10,2,4.0,7,3,8,71.6,100.0,70.2,3,03-03-2025,Credit Card,Yes,No,3973,83,6,0,5.0,Not Completed,0,0,2,1,1,1,4,0
3181,STU103181,Rohan Desai,Female,30,Master,Employed,Ahmedabad,Tablet,High,C103,Introduction to AI,Programming,Intermediate,75,4.5,4,52,69.5,4,0.5,0,4,3.0,4,6,4,71.5,68.4,51.8,3,21-09-2025,Scholarship,No,No,1586,70,7,0,4.6,Not Completed,0,3,0,2,0,2,4,4
3182,STU103182,Kavya Joshi,Female,18,Master,Student,Vadodara,Laptop,Medium,C103,Introduction to AI,Programming,Intermediate,75,4.5,5,15,59.7,0,0.5,5,7,1.8,4,6,5,46.3,64.8,48.1,3,07-07-2024,Free,No,No,0,94,1,0,4.8,Not Completed,0,3,2,0,2,2,4,2
3183,STU103183,Nikhil Kumar,Female,23,Master,Employed,Jaipur,Mobile,High,C101,Python Basics,Programming,Beginner,45,4.6,2,29,60.4,5,0.5,3,3,3.8,4,6,3,96.0,61.6,48.2,1,08-03-2024,Credit Card,Yes,Yes,3719,88,1,0,5.0,Completed,0,3,0,1,0,1,4,0
3184,STU103184,Arjun Gupta,Male,18,PhD,Student,Ahmedabad,Laptop,Medium,C101,Python Basics,Programming,Beginner,45,4.6,6,27,55.0,3,3.4,5,4,6.9,5,5,5,89.2,87.5,53.6,4,30-10-2024,NetBanking,Yes,No,3940,59,1,1,3.8,Completed,1,4,2,0,2,1,4,3
3185,STU103185,Nikhil Joshi,Female,32,Master,Student,Indore,Mobile,Medium,C102,Data Analysis with Python,Programming,Intermediate,60,4.7,7,36,34.9,1,5.0,0,9,5.9,7,3,6,96.3,64.1,57.4,4,27-03-2024,Free,No,No,0,88,4,0,5.0,Completed,0,3,2,1,2,2,4,2
3186,STU103186,Nikhil Iyer,Male,22,Bachelor,Student,Ahmedabad,Tablet,Medium,C104,Digital Marketing Essentials,Marketing,Beginner,30,4.3,6,23,64.8,3,0.5,10,3,8.7,1,9,2,71.8,59.9,31.7,1,09-01-2025,NetBanking,Yes,No,3538,100,1,1,2.9,Not Completed,1,0,2,2,2,1,2,3
3187,STU103187,Ananya Verma,Male,31,Master,Employed,Indore,Mobile,Medium,C107,Statistics for Data Science,Math,Intermediate,50,4.2,4,20,63.2,6,4.1,9,7,6.9,7,3,2,91.5,97.8,69.0,2,25-02-2024,Free,No,No,0,95,4,3,3.8,Not Completed,1,3,0,1,2,2,3,2
3188,STU103188,Arjun Bhardwaj,Male,42,HighSchool,Student,Ahmedabad,Mobile,Medium,C107,Statistics for Data Science,Math,Intermediate,50,4.2,6,55,51.3,4,7.6,19,8,9.3,7,3,2,63.0,62.8,63.1,2,06-07-2024,Credit Card,Yes,No,4619,97,3,1,5.0,Not Completed,1,2,2,1,2,2,3,0
3189,STU103189,Rohan Patel,Other,25,Bachelor,Student,Nagpur,Mobile,Medium,C102,Data Analysis with Python,Programming,Intermediate,60,4.7,3,46,67.3,3,1.7,1,5,4.0,4,6,2,66.5,82.1,51.7,3,22-08-2024,Free,No,No,0,47,3,2,4.1,Completed,2,0,2,1,2,2,4,2
3190,STU103190,Arjun Bhardwaj,Male,22,Bachelor,Student,Mumbai,Mobile,Medium,C102,Data Analysis with Python,Programming,Intermediate,60,4.7,9,23,38.5,7,0.5,3,8,3.0,4,5,7,63.6,76.4,41.3,3,20-03-2025,NetBanking,Yes,No,5418,66,3,1,4.2,Completed,1,0,2,1,2,2,4,3
3191,STU103191,Ritika Mehta,Male,21,Master,Student,Kolkata,Tablet,Medium,C105,UI/UX Design Fundamentals,Design,Beginner,40,4.4,7,21,27.2,5,2.0,2,5,9.5,7,3,8,90.2,69.8,55.0,5,08-04-2024,Free,No,No,0,73,2,2,3.0,Completed,1,3,2,2,2,1,1,2
3192,STU103192,Sneha Iyer,Female,21,Bachelor,Employed,Bengaluru,Laptop,High,C105,UI/UX Design Fundamentals,Design,Beginner,40,4.4,6,46,75.8,4,2.2,15,3,3.4,4,6,1,78.3,78.1,54.4,2,13-03-2025,Scholarship,No,No,1145,89,3,1,3.4,Not Completed,0,0,0,0,0,1,1,4
3193,STU103193,Pooja Gupta,Female,20,Bachelor,Student,Hyderabad,Laptop,Medium,C103,Introduction to AI,Programming,Intermediate,75,4.5,5,39,57.1,6,3.2,1,6,6.6,6,4,8,62.4,76.7,59.8,2,24-02-2025,Scholarship,No,No,2017,90,5,2,4.0,Not Completed,0,0,2,0,2,2,4,4
3194,STU103194,Sai Shah,Male,33,HighSchool,Student,Surat,Mobile,Medium,C104,Digital Marketing Essentials,Marketing,Beginner,30,4.3,5,39,59.9,4,5.8,0,9,8.8,4,6,2,90.4,64.2,48.2,1,23-02-2025,UPI,Yes,No,3208,68,3,0,3.8,Completed,1,2,2,1,2,1,2,5
3195,STU103195,Priya Patel,Female,27,Master,Student,Lucknow,Laptop,Medium,C108,Excel for Business,Business,Beginner,25,4.1,3,34,49.3,3,0.5,4,7,9.2,3,7,1,69.7,47.1,37.6,1,01-10-2024,NetBanking,Yes,No,3434,83,4,0,4.9,Not Completed,0,3,2,0,2,1,0,3
3196,STU103196,Rohan Kumar,Male,22,Bachelor,Student,Pune,Mobile,High,C102,Data Analysis with Python,Programming,Intermediate,60,4.7,6,16,56.0,2,2.7,0,8,8.1,6,4,2,75.5,86.9,59.9,2,27-07-2024,UPI,Yes,No,4915,61,2,1,5.0,Completed,1,0,2,1,0,2,4,5
3197,STU103197,Sakshi Desai,Male,39,Master,Employed,Indore,Laptop,Medium,C107,Statistics for Data Science,Math,Intermediate,50,4.2,5,29,44.3,1,0.5,10,6,5.6,6,3,4,81.3,74.6,55.3,3,12-08-2025,Free,No,No,0,58,2,0,5.0,Not Completed,1,3,0,0,2,2,3,2
3198,STU103198,Krishna Joshi,Male,20,Bachelor,Student,Kolkata,Mobile,Medium,C104,Digital Marketing Essentials,Marketing,Beginner,30,4.3,3,35,29.3,4,6.2,1,6,7.6,3,7,3,76.3,60.5,31.3,2,31-07-2025,NetBanking,Yes,Yes,2798,25,2,1,4.3,Not Completed,1,0,2,1,2,1,2,3
3199,STU103199,Aarav Shah,Male,21,Bachelor,Employed,Indore,Mobile,High,C107,Statistics for Data Science,Math,Intermediate,50,4.2,2,28,76.6,4,0.5,0,7,6.1,4,5,2,70.8,70.0,54.3,2,05-04-2025,UPI,Yes,No,4460,68,6,4,4.1,Not Completed,1,0,0,1,0,2,3,5
3200,STU103200,Rohan Nair,Female,29,Master,Student,Pune,Mobile,High,C103,Introduction to AI,Programming,Intermediate,75,4.5,5,38,96.9,9,0.5,9,4,4.9,7,3,6,93.7,78.7,79.8,1,19-11-2023,Debit Card,Yes,No,5600,61,1,1,5.0,Completed,0,3,2,1,0,2,4,1
3201,STU103201,Priya Iyer,Male,34,Diploma,Student,Delhi,Mobile,Medium,C108,Excel for Business,Business,Beginner,25,4.1,4,19,72.4,4,0.5,7,10,2.0,7,2,3,94.4,74.7,71.1,1,19-03-2025,Credit Card,Yes,Yes,2553,81,3,1,4.2,Completed,1,1,2,1,2,1,0,0
3202,STU103202,Aditya Kumar,Male,24,Bachelor,Student,Surat,Mobile,High,C108,Excel for Business,Business,Beginner,25,4.1,6,33,94.4,5,0.5,7,4,5.1,6,3,3,72.2,59.5,72.0,1,19-04-2025,UPI,Yes,No,3168,65,2,2,3.6,Completed,1,0,2,1,0,1,0,5
3203,STU103203,Aditya Desai,Male,29,Bachelor,Employed,Mumbai,Mobile,High,C103,Introduction to AI,Programming,Intermediate,75,4.5,3,20,52.0,2,6.7,3,3,6.3,3,7,4,58.1,65.6,39.5,1,04-04-2025,Credit Card,Yes,No,5807,55,3,0,3.8,Not Completed,1,0,0,1,0,2,4,0
3204,STU103204,Rohan Singh,Male,25,Bachelor,Self-Employed,Ahmedabad,Mobile,Low,C107,Statistics for Data Science,Math,Intermediate,50,4.2,3,15,53.6,5,1.8,10,6,6.4,5,5,6,69.9,76.0,52.5,4,21-04-2024,Debit Card,Yes,No,4362,70,2,1,3.5,Completed,1,0,1,1,1,2,3,1
3205,STU103205,Rohan Singh,Male,17,HighSchool,Student,Indore,Laptop,Medium,C106,Machine Learning A-Z,Programming,Advanced,90,4.6,3,46,29.7,5,1.9,0,1,7.2,5,5,5,65.5,92.1,45.0,1,15-04-2024,Free,No,Yes,0,76,2,2,4.5,Not Completed,1,2,2,0,2,0,4,2
3206,STU103206,Vivaan Bhardwaj,Male,27,Bachelor,Student,Ahmedabad,Mobile,High,C104,Digital Marketing Essentials,Marketing,Beginner,30,4.3,5,19,77.0,1,0.5,11,4,4.7,4,5,3,52.8,59.0,53.9,5,18-01-2024,Credit Card,Yes,No,3290,81,0,1,4.5,Completed,1,0,2,1,0,1,2,0
3207,STU103207,Krishna Nair,Male,23,Bachelor,Employed,Nagpur,Mobile,Low,C108,Excel for Business,Business,Beginner,25,4.1,3,25,26.2,2,6.8,10,1,6.6,4,6,1,59.5,71.8,36.8,0,29-02-2024,Credit Card,Yes,Yes,2594,48,0,0,3.7,Completed,1,0,0,1,1,1,0,0
3208,STU103208,Ritika Kumar,Female,17,Bachelor,Student,Mumbai,Mobile,High,C102,Data Analysis with Python,Programming,Intermediate,60,4.7,4,37,77.9,5,0.8,4,8,7.7,5,5,6,79.1,70.2,60.8,4,22-06-2024,UPI,Yes,No,5264,100,4,1,2.5,Completed,0,0,2,1,0,2,4,5
3209,STU103209,Nikhil Desai,Male,18,Master,Student,Jaipur,Tablet,High,C104,Digital Marketing Essentials,Marketing,Beginner,30,4.3,4,45,83.2,1,0.5,6,4,3.2,6,4,7,84.5,50.4,67.6,2,25-01-2024,UPI,Yes,No,3456,100,2,0,3.6,Completed,1,3,2,2,0,1,2,5
3210,STU103210,Rahul Bose,Male,24,Master,Employed,Vadodara,Mobile,Low,C101,Python Basics,Programming,Beginner,45,4.6,3,32,59.8,0,12.9,15,4,8.2,6,4,4,46.9,60.5,60.0,2,27-07-2025,Scholarship,No,No,578,36,2,1,3.2,Not Completed,1,3,0,1,1,1,4,4
3211,STU103211,Aditya Singh,Female,28,HighSchool,Student,Kolkata,Laptop,High,C101,Python Basics,Programming,Beginner,45,4.6,6,14,49.4,4,6.9,8,7,5.0,8,2,5,67.4,74.0,69.0,3,10-01-2024,Scholarship,No,No,1385,49,3,1,4.1,Not Completed,0,2,2,0,0,1,4,4
3212,STU103212,Meera Singh,Male,25,Bachelor,Employed,Delhi,Mobile,High,C104,Digital Marketing Essentials,Marketing,Beginner,30,4.3,4,51,61.8,5,9.0,2,5,5.2,5,4,1,64.6,67.6,55.0,1,24-05-2024,NetBanking,Yes,No,3389,69,2,0,4.3,Completed,1,0,0,1,0,1,2,3
3213,STU103213,Sakshi Reddy,Male,31,Bachelor,Student,Ahmedabad,Mobile,Medium,C104,Digital Marketing Essentials,Marketing,Beginner,30,4.3,6,29,50.7,3,0.5,2,7,6.6,7,3,1,75.8,59.6,62.7,6,03-06-2025,Free,No,Yes,0,54,3,0,4.5,Not Completed,1,0,2,1,2,1,2,2
3214,STU103214,Isha Shah,Male,29,Bachelor,Student,Bhopal,Laptop,High,C101,Python Basics,Programming,Beginner,45,4.6,6,26,61.5,5,11.4,0,6,3.8,5,5,2,48.8,100.0,56.5,2,12-01-2025,NetBanking,Yes,No,3898,86,0,0,3.5,Not Completed,1,0,2,0,0,1,4,3
3215,STU103215,Krishna Bhardwaj,Female,18,Master,Student,Vadodara,Tablet,High,C105,UI/UX Design Fundamentals,Design,Beginner,40,4.4,5,37,42.5,3,2.9,4,10,6.9,7,3,5,57.5,59.5,59.9,4,26-01-2025,Debit Card,Yes,No,3960,85,4,0,4.8,Not Completed,0,3,2,2,0,1,1,1
3216,STU103216,Aarav Kumar,Female,19,Bachelor,Student,Vadodara,Laptop,High,C103,Introduction to AI,Programming,Intermediate,75,4.5,5,20,60.7,0,0.5,4,7,8.8,2,8,5,66.6,66.5,36.6,1,20-07-2024,Debit Card,Yes,No,5987,54,1,0,4.9,Completed,0,0,2,0,0,2,4,1
3217,STU103217,Meera Iyer,Female,18,Bachelor,Employed,Bengaluru,Mobile,Medium,C103,Introduction to AI,Programming,Intermediate,75,4.5,5,45,74.8,0,5.6,6,4,7.5,2,8,0,60.2,83.1,42.3,2,22-02-2025,Free,No,No,0,53,6,1,4.3,Completed,0,0,0,1,2,2,4,2
3218,STU103218,Ritika Kumar,Female,23,Diploma,Employed,Lucknow,Laptop,Medium,C102,Data Analysis with Python,Programming,Intermediate,60,4.7,3,20,76.8,2,0.5,7,5,10.0,4,6,1,61.5,90.4,55.4,3,13-04-2025,NetBanking,Yes,Yes,4219,45,2,1,3.7,Completed,0,1,0,0,2,2,4,3
3219,STU103219,Rohan Joshi,Male,34,Bachelor,Employed,Ahmedabad,Mobile,High,C106,Machine Learning A-Z,Programming,Advanced,90,4.6,6,24,17.5,3,1.1,0,6,8.5,3,7,2,75.0,50.0,26.6,2,15-03-2025,Credit Card,Yes,No,6128,100,3,1,5.0,Not Completed,1,0,0,1,0,0,4,0
3220,STU103220,Ananya Iyer,Male,28,PhD,Student,Kolkata,Mobile,Medium,C101,Python Basics,Programming,Beginner,45,4.6,5,42,47.6,1,0.5,9,3,1.7,3,7,5,59.1,41.7,36.7,2,20-04-2024,NetBanking,Yes,Yes,3282,59,2,0,4.1,Not Completed,1,4,2,1,2,1,4,3
3221,STU103221,Meera Patel,Male,27,Bachelor,Employed,Hyderabad,Mobile,Medium,C108,Excel for Business,Business,Beginner,25,4.1,2,35,76.1,0,3.4,0,6,1.1,6,4,5,83.4,75.4,66.4,3,21-03-2025,Free,No,No,0,31,3,2,3.8,Not Completed,1,0,0,1,2,1,0,2
3222,STU103222,Meera Reddy,Female,24,Bachelor,Employed,Bengaluru,Mobile,Medium,C102,Data Analysis with Python,Programming,Intermediate,60,4.7,6,12,63.4,1,0.5,4,5,10.0,3,7,6,86.6,74.6,43.9,2,01-01-2025,Credit Card,Yes,No,4626,68,2,1,3.1,Completed,0,0,0,1,2,2,4,0
3223,STU103223,Ananya Sharma,Female,28,Bachelor,Employed,Bhopal,Laptop,Medium,C107,Statistics for Data Science,Math,Intermediate,50,4.2,2,28,48.9,2,0.5,9,5,9.2,4,6,5,82.0,77.9,45.0,4,01-10-2024,Credit Card,Yes,No,4697,100,2,2,4.7,Completed,0,0,0,0,2,2,3,0
3224,STU103224,Rahul Shah,Female,28,Bachelor,Student,Bengaluru,Mobile,High,C102,Data Analysis with Python,Programming,Intermediate,60,4.7,7,36,66.5,4,0.5,12,8,5.8,4,5,7,100.0,54.4,50.0,2,05-02-2024,Free,No,No,0,87,1,0,4.3,Not Completed,0,0,2,1,0,2,4,2
3225,STU103225,Rohan Singh,Male,26,HighSchool,Student,Ahmedabad,Mobile,Medium,C104,Digital Marketing Essentials,Marketing,Beginner,30,4.3,6,31,87.9,3,2.2,6,5,6.2,4,6,4,75.2,60.3,57.8,2,08-09-2024,Debit Card,Yes,No,3307,87,0,0,5.0,Not Completed,1,2,2,1,2,1,2,1
3226,STU103226,Ritika Reddy,Female,27,Diploma,Employed,Delhi,Mobile,Medium,C106,Machine Learning A-Z,Programming,Advanced,90,4.6,3,39,79.4,1,5.1,1,1,8.8,3,7,6,64.7,57.8,48.7,3,02-07-2025,Credit Card,Yes,Yes,5391,72,0,1,4.4,Completed,0,1,0,1,2,0,4,0
3227,STU103227,Krishna Bhardwaj,Female,26,Master,Employed,Lucknow,Mobile,Medium,C101,Python Basics,Programming,Beginner,45,4.6,10,35,56.9,5,7.8,6,5,5.8,4,5,4,98.9,80.4,47.9,1,25-03-2024,UPI,Yes,No,4638,43,5,1,4.5,Completed,0,3,0,1,2,1,4,5
3228,STU103228,Krishna Desai,Female,22,Bachelor,Student,Chennai,Mobile,Medium,C107,Statistics for Data Science,Math,Intermediate,50,4.2,3,22,87.9,1,0.5,1,10,7.1,5,5,6,83.8,59.4,63.7,8,26-03-2024,Free,No,No,0,78,2,1,4.4,Not Completed,0,0,2,1,2,2,3,2
3229,STU103229,Sakshi Iyer,Male,25,HighSchool,Employed,Bengaluru,Laptop,High,C103,Introduction to AI,Programming,Intermediate,75,4.5,5,31,75.2,1,10.3,11,6,2.2,3,7,3,72.5,81.2,48.4,0,28-03-2025,UPI,Yes,No,5793,86,3,1,4.0,Not Completed,1,2,0,0,0,2,4,5
3230,STU103230,Meera Iyer,Female,34,Master,Student,Jaipur,Mobile,High,C107,Statistics for Data Science,Math,Intermediate,50,4.2,6,31,26.2,6,0.5,0,6,4.8,7,2,3,81.9,52.5,53.8,2,18-07-2024,Credit Card,Yes,No,4434,74,3,0,5.0,Not Completed,0,3,2,1,0,2,3,0
3231,STU103231,Rohan Bose,Male,17,Bachelor,Employed,Ahmedabad,Laptop,Medium,C104,Digital Marketing Essentials,Marketing,Beginner,30,4.3,4,21,30.8,4,7.2,5,6,7.9,3,7,12,40.9,84.9,33.0,2,22-08-2024,NetBanking,Yes,No,3544,98,0,0,3.6,Completed,1,0,0,0,2,1,2,3
3232,STU103232,Sneha Verma,Female,31,Bachelor,Employed,Ahmedabad,Mobile,Medium,C103,Introduction to AI,Programming,Intermediate,75,4.5,5,39,72.9,1,6.3,1,4,3.9,7,3,3,80.5,82.6,71.7,0,13-10-2024,Free,No,No,0,62,2,0,4.9,Not Completed,0,0,0,1,2,2,4,2
3233,STU103233,Pooja Reddy,Female,20,Master,Student,Ahmedabad,Mobile,Medium,C103,Introduction to AI,Programming,Intermediate,75,4.5,5,25,47.5,1,1.1,3,7,8.1,4,6,5,82.9,79.6,44.6,6,22-11-2024,NetBanking,Yes,No,5810,63,4,2,5.0,Not Completed,0,3,2,1,2,2,4,3
3234,STU103234,Isha Patel,Male,23,Bachelor,Student,Vadodara,Mobile,High,C108,Excel for Business,Business,Beginner,25,4.1,6,28,45.9,1,2.0,12,1,4.3,2,8,4,62.9,58.1,31.0,3,12-12-2023,UPI,Yes,No,3264,85,1,0,4.6,Not Completed,1,0,2,1,0,1,0,5
3235,STU103235,Isha Joshi,Male,18,Bachelor,Employed,Lucknow,Mobile,Medium,C107,Statistics for Data Science,Math,Intermediate,50,4.2,4,18,72.1,4,9.7,2,6,4.5,3,6,3,56.7,75.0,47.0,3,26-01-2025,UPI,Yes,No,4566,97,1,0,4.5,Not Completed,1,0,0,1,2,2,3,5
3236,STU103236,Neha Patel,Male,24,Diploma,Employed,Nagpur,Laptop,Medium,C106,Machine Learning A-Z,Programming,Advanced,90,4.6,7,26,76.9,3,0.5,0,7,10.0,8,2,4,78.4,80.3,78.9,6,17-05-2024,Free,No,No,0,41,1,2,4.3,Completed,1,1,0,0,2,0,4,2
3237,STU103237,Neha Kumar,Male,35,Bachelor,Employed,Nagpur,Mobile,Low,C103,Introduction to AI,Programming,Intermediate,75,4.5,6,39,53.5,3,10.1,21,4,5.5,4,6,3,67.6,82.7,46.9,1,10-09-2024,UPI,Yes,No,6269,41,1,0,3.9,Completed,1,0,0,1,1,2,4,5
3238,STU103238,Isha Desai,Female,19,Master,Employed,Chennai,Mobile,High,C103,Introduction to AI,Programming,Intermediate,75,4.5,5,44,76.2,2,0.5,5,5,5.5,6,4,3,88.4,73.3,66.3,5,12-05-2025,Debit Card,Yes,No,5420,64,2,1,5.0,Completed,0,3,0,1,0,2,4,1
3239,STU103239,Krishna Desai,Female,30,Bachelor,Unemployed,Pune,Mobile,High,C105,UI/UX Design Fundamentals,Design,Beginner,40,4.4,7,21,87.4,6,0.5,5,8,5.0,7,3,4,72.4,59.3,75.5,2,09-01-2025,Debit Card,Yes,No,4093,67,3,1,3.7,Completed,0,0,3,1,0,1,1,1
3240,STU103240,Neha Sharma,Other,23,Master,Student,Delhi,Mobile,High,C102,Data Analysis with Python,Programming,Intermediate,60,4.7,3,22,70.9,4,0.5,2,3,7.2,3,7,3,67.5,47.4,45.2,4,14-09-2024,Free,No,No,0,91,2,1,5.0,Completed,2,3,2,1,0,2,4,2
3241,STU103241,Meera Nair,Female,17,Bachelor,Unemployed,Jaipur,Mobile,Low,C104,Digital Marketing Essentials,Marketing,Beginner,30,4.3,7,28,84.3,1,3.5,5,3,2.6,4,6,3,79.6,65.0,56.8,3,03-12-2023,Credit Card,Yes,No,3307,96,3,2,4.9,Completed,0,0,3,1,1,1,2,0
3242,STU103242,Priya Nair,Female,34,Master,Student,Bhopal,Mobile,High,C106,Machine Learning A-Z,Programming,Advanced,90,4.6,2,35,72.7,1,7.5,4,3,3.7,5,5,2,72.7,62.1,58.6,1,28-06-2024,UPI,Yes,No,6130,79,1,0,4.8,Completed,0,3,2,1,0,0,4,5
3243,STU103243,Neha Bhardwaj,Female,33,Master,Unemployed,Jaipur,Laptop,Medium,C103,Introduction to AI,Programming,Intermediate,75,4.5,6,43,32.8,2,0.5,14,4,7.8,4,6,5,81.2,85.3,39.8,2,28-01-2024,Debit Card,Yes,Yes,4785,48,2,0,3.5,Not Completed,0,3,3,0,2,2,4,1
3244,STU103244,Vivaan Iyer,Female,28,Bachelor,Employed,Hyderabad,Laptop,High,C102,Data Analysis with Python,Programming,Intermediate,60,4.7,7,23,88.7,1,0.5,5,3,6.4,4,6,3,64.6,65.0,58.3,1,29-10-2024,UPI,Yes,No,5048,54,2,2,4.8,Not Completed,0,0,0,0,0,2,4,5
3245,STU103245,Kavya Bose,Female,21,HighSchool,Employed,Ahmedabad,Laptop,High,C101,Python Basics,Programming,Beginner,45,4.6,2,41,42.9,2,3.2,7,6,7.0,6,4,7,87.6,88.4,55.4,3,02-03-2024,Scholarship,No,No,958,70,2,1,3.3,Completed,0,2,0,0,0,1,4,4
3246,STU103246,Aditya Joshi,Male,24,Bachelor,Employed,Vadodara,Mobile,High,C106,Machine Learning A-Z,Programming,Advanced,90,4.6,2,34,88.3,2,9.6,5,7,7.6,6,4,3,74.3,45.4,69.2,1,20-03-2024,NetBanking,Yes,Yes,5505,60,1,1,4.7,Completed,1,0,0,1,0,0,4,3
3247,STU103247,Arjun Bhardwaj,Male,21,Bachelor,Employed,Ahmedabad,Laptop,Medium,C104,Digital Marketing Essentials,Marketing,Beginner,30,4.3,2,33,44.0,2,0.5,0,4,8.7,6,4,2,58.4,61.2,54.4,1,14-05-2025,UPI,Yes,No,3589,36,4,2,4.3,Not Completed,1,0,0,0,2,1,2,5
3248,STU103248,Aditya Reddy,Male,17,Bachelor,Employed,Pune,Mobile,High,C103,Introduction to AI,Programming,Intermediate,75,4.5,5,15,60.3,1,0.5,9,1,6.6,6,4,3,55.0,76.4,60.9,2,28-04-2025,UPI,Yes,No,5907,77,2,1,3.0,Completed,1,0,0,1,0,2,4,5
3249,STU103249,Neha Gupta,Female,31,Bachelor,Employed,Surat,Laptop,Medium,C107,Statistics for Data Science,Math,Intermediate,50,4.2,5,40,67.9,2,5.4,12,7,6.4,7,3,4,59.8,72.9,69.4,3,22-09-2025,NetBanking,Yes,No,4817,93,4,1,4.1,Not Completed,0,0,0,0,2,2,3,3
3250,STU103250,Aarav Verma,Female,22,Diploma,Employed,Vadodara,Laptop,Medium,C106,Machine Learning A-Z,Programming,Advanced,90,4.6,5,16,48.2,3,2.6,5,9,4.6,5,5,5,67.5,43.6,49.0,1,02-10-2025,NetBanking,Yes,No,6054,60,1,0,3.6,Completed,0,1,0,0,2,0,4,3
3251,STU103251,Pooja Shah,Other,19,Bachelor,Student,Hyderabad,Mobile,Medium,C108,Excel for Business,Business,Beginner,25,4.1,6,51,56.1,3,0.5,1,5,5.9,6,4,5,77.7,79.9,59.6,2,15-01-2025,Free,No,No,0,50,4,1,5.0,Not Completed,2,0,2,1,2,1,0,2
3252,STU103252,Krishna Verma,Female,23,Master,Student,Hyderabad,Tablet,High,C104,Digital Marketing Essentials,Marketing,Beginner,30,4.3,4,23,35.1,0,0.5,1,8,7.2,6,4,3,70.2,69.2,51.7,3,30-01-2025,UPI,Yes,No,3165,84,5,0,4.4,Completed,0,3,2,2,0,1,2,5
3253,STU103253,Sneha Joshi,Male,17,Bachelor,Employed,Pune,Mobile,High,C106,Machine Learning A-Z,Programming,Advanced,90,4.6,6,30,39.1,2,5.3,10,1,3.2,6,4,5,61.3,56.4,52.5,2,06-10-2025,Debit Card,Yes,No,6727,54,3,1,3.7,Completed,1,0,0,1,0,0,4,1
3254,STU103254,Neha Kumar,Female,20,Master,Student,Jaipur,Mobile,High,C106,Machine Learning A-Z,Programming,Advanced,90,4.6,6,58,65.8,5,0.5,4,5,7.9,6,4,5,88.4,99.9,64.0,3,09-11-2023,NetBanking,Yes,No,6716,63,3,2,5.0,Completed,0,3,2,1,0,0,4,3
3255,STU103255,Arjun Sharma,Female,18,Bachelor,Employed,Lucknow,Mobile,High,C103,Introduction to AI,Programming,Intermediate,75,4.5,7,39,69.8,3,8.2,18,4,4.5,6,4,7,51.6,47.4,62.8,2,25-11-2024,Credit Card,Yes,No,5213,77,0,2,3.8,Completed,0,0,0,1,0,2,4,0
3256,STU103256,Meera Desai,Male,18,Master,Employed,Mumbai,Laptop,Medium,C107,Statistics for Data Science,Math,Intermediate,50,4.2,5,36,66.2,0,0.5,2,5,6.6,6,4,4,64.9,35.1,60.9,5,17-12-2023,Credit Card,Yes,No,4500,72,2,1,5.0,Not Completed,1,3,0,0,2,2,3,0
3257,STU103257,Ritika Joshi,Female,26,Master,Employed,Mumbai,Mobile,Medium,C104,Digital Marketing Essentials,Marketing,Beginner,30,4.3,3,36,47.5,2,0.5,2,7,7.7,3,7,2,76.7,87.0,39.0,2,18-11-2023,Debit Card,Yes,No,3689,65,3,1,2.9,Not Completed,0,3,0,1,2,1,2,1
3258,STU103258,Ritika Shah,Male,24,Diploma,Employed,Vadodara,Laptop,Medium,C103,Introduction to AI,Programming,Intermediate,75,4.5,6,35,65.8,2,1.8,2,8,2.8,5,5,4,84.4,92.7,57.7,2,20-04-2025,UPI,Yes,No,5385,77,5,2,3.5,Completed,1,1,0,0,2,2,4,5
3259,STU103259,Meera Kumar,Female,22,Bachelor,Employed,Jaipur,Mobile,Medium,C103,Introduction to AI,Programming,Intermediate,75,4.5,2,37,54.9,1,9.7,2,3,4.8,5,4,1,60.3,71.2,52.8,3,24-12-2023,Credit Card,Yes,No,6148,65,0,2,3.2,Completed,0,0,0,1,2,2,4,0
3260,STU103260,Aditya Bhardwaj,Female,28,Bachelor,Student,Delhi,Laptop,Medium,C108,Excel for Business,Business,Beginner,25,4.1,5,46,45.2,4,11.4,17,4,4.7,4,6,5,83.4,71.4,43.4,1,09-02-2024,Free,No,No,0,100,2,1,5.0,Not Completed,0,0,2,0,2,1,0,2
3261,STU103261,Rahul Verma,Female,30,PhD,Self-Employed,Vadodara,Mobile,Medium,C104,Digital Marketing Essentials,Marketing,Beginner,30,4.3,5,49,75.9,2,3.2,23,9,6.5,6,4,1,65.5,89.7,67.0,1,14-01-2024,Debit Card,Yes,No,3845,46,6,1,5.0,Completed,0,4,1,1,2,1,2,1
3262,STU103262,Nikhil Bose,Male,23,PhD,Unemployed,Kolkata,Laptop,High,C105,UI/UX Design Fundamentals,Design,Beginner,40,4.4,8,17,69.1,1,0.6,3,9,10.0,7,3,8,72.9,55.4,68.9,3,29-04-2024,Free,No,Yes,0,83,2,0,4.6,Not Completed,1,4,3,0,0,1,1,2
3263,STU103263,Aditya Desai,Female,20,Master,Employed,Lucknow,Mobile,Medium,C103,Introduction to AI,Programming,Intermediate,75,4.5,4,27,79.0,5,6.4,1,4,4.3,5,5,7,82.2,73.5,61.3,1,26-07-2024,Credit Card,Yes,No,5565,55,3,0,3.7,Not Completed,0,3,0,1,2,2,4,0
3264,STU103264,Kavya Reddy,Male,22,Bachelor,Unemployed,Bhopal,Laptop,High,C108,Excel for Business,Business,Beginner,25,4.1,4,40,56.0,2,8.4,2,3,1.7,1,9,4,84.1,53.6,28.3,4,20-03-2024,Credit Card,Yes,No,3154,63,0,1,4.0,Not Completed,1,0,3,0,0,1,0,0
3265,STU103265,Pooja Sharma,Female,25,Diploma,Student,Bengaluru,Laptop,Low,C105,UI/UX Design Fundamentals,Design,Beginner,40,4.4,4,31,41.6,2,0.5,5,3,7.1,6,4,6,64.7,48.0,53.0,2,28-09-2024,Free,No,No,0,92,1,0,4.4,Completed,0,1,2,0,1,1,1,2
3266,STU103266,Kavya Gupta,Female,31,Bachelor,Employed,Vadodara,Tablet,High,C106,Machine Learning A-Z,Programming,Advanced,90,4.6,7,19,78.8,4,1.0,9,5,5.2,1,9,3,63.9,64.5,36.8,2,01-01-2025,NetBanking,Yes,Yes,5132,43,4,1,4.2,Not Completed,0,0,0,2,0,0,4,3
3267,STU103267,Aarav Mehta,Female,26,Bachelor,Unemployed,Jaipur,Mobile,Medium,C102,Data Analysis with Python,Programming,Intermediate,60,4.7,4,37,50.6,3,5.3,1,6,10.0,6,4,7,89.7,78.0,57.6,5,16-07-2025,UPI,Yes,No,4909,83,3,3,4.8,Not Completed,0,0,3,1,2,2,4,5
3268,STU103268,Priya Patel,Male,23,Master,Employed,Mumbai,Mobile,High,C102,Data Analysis with Python,Programming,Intermediate,60,4.7,2,35,67.2,2,0.5,3,4,10.0,4,6,3,67.8,79.7,51.5,3,27-12-2024,UPI,Yes,No,4854,51,1,0,4.8,Not Completed,1,3,0,1,0,2,4,5
3269,STU103269,Arjun Kumar,Male,21,Master,Employed,Nagpur,Mobile,Medium,C102,Data Analysis with Python,Programming,Intermediate,60,4.7,7,32,55.9,5,0.5,4,6,5.6,5,5,0,81.7,60.1,52.6,1,06-09-2025,Debit Card,Yes,No,4688,70,3,2,4.7,Completed,1,3,0,1,2,2,4,1
3270,STU103270,Pooja Gupta,Female,27,Bachelor,Employed,Kolkata,Laptop,High,C105,UI/UX Design Fundamentals,Design,Beginner,40,4.4,9,42,70.1,3,3.4,7,3,9.6,10,0,5,90.8,84.7,88.8,0,09-05-2024,Credit Card,Yes,No,4196,41,0,0,4.5,Completed,0,0,0,0,0,1,1,0
3271,STU103271,Nikhil Bose,Male,25,Master,Employed,Hyderabad,Laptop,Low,C108,Excel for Business,Business,Beginner,25,4.1,5,49,53.1,2,4.5,5,2,6.7,5,5,3,91.8,78.6,52.5,1,29-05-2025,UPI,Yes,No,2965,67,3,1,3.9,Not Completed,1,3,0,0,1,1,0,5
3272,STU103272,Arjun Singh,Female,26,Bachelor,Employed,Vadodara,Mobile,Low,C101,Python Basics,Programming,Beginner,45,4.6,3,23,65.3,5,1.7,1,4,2.3,5,5,7,84.1,63.3,56.0,3,27-08-2024,Debit Card,Yes,No,4073,47,4,0,2.3,Completed,0,0,0,1,1,1,4,1
3273,STU103273,Sai Sharma,Female,36,Bachelor,Student,Mumbai,Laptop,Medium,C104,Digital Marketing Essentials,Marketing,Beginner,30,4.3,5,21,74.9,3,0.5,2,6,4.6,8,2,1,75.4,92.3,78.8,1,26-11-2023,UPI,Yes,No,3310,72,3,1,4.0,Not Completed,0,0,2,0,2,1,2,5
3274,STU103274,Arjun Gupta,Female,24,Bachelor,Student,Hyderabad,Laptop,Medium,C108,Excel for Business,Business,Beginner,25,4.1,4,36,80.4,0,3.7,6,5,5.5,4,6,3,53.8,88.1,56.5,1,16-09-2024,Free,No,No,0,65,2,1,4.1,Not Completed,0,0,2,0,2,1,0,2
3275,STU103275,Pooja Bose,Male,21,Bachelor,Employed,Pune,Mobile,High,C105,UI/UX Design Fundamentals,Design,Beginner,40,4.4,5,50,55.6,8,14.1,0,6,5.8,6,4,2,84.4,55.5,58.2,3,10-05-2024,Scholarship,No,No,1370,43,3,0,4.4,Completed,1,0,0,1,0,1,1,4
3276,STU103276,Ananya Verma,Female,30,Master,Employed,Chennai,Laptop,Medium,C108,Excel for Business,Business,Beginner,25,4.1,5,56,73.1,2,7.0,1,12,4.6,7,3,6,83.5,49.9,70.1,4,11-06-2024,UPI,Yes,No,3384,82,1,1,2.5,Completed,0,3,0,0,2,1,0,5
3277,STU103277,Krishna Desai,Male,25,Bachelor,Employed,Hyderabad,Laptop,High,C101,Python Basics,Programming,Beginner,45,4.6,4,36,66.1,2,4.4,1,2,3.4,5,5,3,70.3,68.1,56.6,3,09-01-2025,Debit Card,Yes,No,4387,28,2,2,4.2,Not Completed,1,0,0,0,0,1,4,1
3278,STU103278,Vihaan Shah,Female,29,Master,Student,Chennai,Tablet,Medium,C101,Python Basics,Programming,Beginner,45,4.6,7,28,76.0,1,12.6,12,3,5.5,7,3,5,83.3,57.4,71.5,3,17-05-2024,UPI,Yes,No,4465,67,3,2,4.4,Completed,0,3,2,2,2,1,4,5
3279,STU103279,Priya Patel,Male,28,Bachelor,Employed,Kolkata,Mobile,High,C103,Introduction to AI,Programming,Intermediate,75,4.5,7,18,26.5,1,0.5,25,5,8.4,5,5,3,69.6,45.8,41.6,1,07-05-2024,Free,No,No,0,59,3,0,4.1,Completed,1,0,0,1,0,2,4,2
3280,STU103280,Krishna Desai,Female,26,Master,Student,Chennai,Mobile,Medium,C105,UI/UX Design Fundamentals,Design,Beginner,40,4.4,5,47,61.0,3,2.7,0,3,8.0,6,4,3,62.7,67.0,60.7,1,21-02-2024,Credit Card,Yes,No,3986,64,0,2,3.2,Completed,0,3,2,1,2,1,1,0
3281,STU103281,Aditya Verma,Male,33,Bachelor,Student,Surat,Mobile,Medium,C108,Excel for Business,Business,Beginner,25,4.1,3,32,35.9,3,0.7,0,5,6.9,5,5,6,58.2,81.7,46.6,1,28-03-2025,UPI,Yes,No,3299,87,1,2,5.0,Completed,1,0,2,1,2,1,0,5
3282,STU103282,Vihaan Verma,Female,34,Bachelor,Student,Vadodara,Mobile,Medium,C102,Data Analysis with Python,Programming,Intermediate,60,4.7,6,33,83.0,0,0.5,2,7,7.7,5,5,8,87.4,49.5,61.5,3,28-02-2025,Credit Card,Yes,Yes,3947,90,0,0,5.0,Completed,0,0,2,1,2,2,4,0
3283,STU103283,Sakshi Joshi,Female,20,Master,Student,Indore,Laptop,High,C108,Excel for Business,Business,Beginner,25,4.1,3,36,78.4,1,2.4,0,6,5.6,4,6,3,73.2,81.4,55.5,4,15-12-2024,Free,No,No,0,65,4,0,4.3,Not Completed,0,3,2,0,0,1,0,2
3284,STU103284,Krishna Singh,Male,34,Master,Employed,Delhi,Mobile,Medium,C107,Statistics for Data Science,Math,Intermediate,50,4.2,5,40,57.7,0,2.4,1,4,7.6,4,6,4,68.2,67.8,47.6,0,19-10-2024,Scholarship,No,Yes,348,100,4,4,3.8,Not Completed,1,3,0,1,2,2,3,4
3285,STU103285,Meera Kumar,Female,23,Bachelor,Student,Surat,Mobile,Medium,C101,Python Basics,Programming,Beginner,45,4.6,2,20,54.6,4,0.5,11,4,9.1,3,7,6,64.2,81.3,41.2,1,26-01-2025,UPI,Yes,No,3972,73,3,0,3.7,Not Completed,0,0,2,1,2,1,4,5
3286,STU103286,Aarav Patel,Male,17,Diploma,Student,Chennai,Laptop,Medium,C107,Statistics for Data Science,Math,Intermediate,50,4.2,4,46,87.5,3,0.5,8,4,8.6,4,6,6,86.0,93.4,59.3,2,29-11-2024,Credit Card,Yes,No,4806,64,2,1,5.0,Completed,1,1,2,0,2,2,3,0
3287,STU103287,Vihaan Joshi,Male,19,Diploma,Student,Hyderabad,Mobile,High,C108,Excel for Business,Business,Beginner,25,4.1,4,36,41.2,3,0.5,3,8,9.0,8,2,2,52.1,84.1,66.6,4,22-12-2023,UPI,Yes,No,3486,76,4,1,5.0,Completed,1,1,2,1,0,1,0,5
3288,STU103288,Isha Shah,Female,35,Bachelor,Student,Lucknow,Mobile,Medium,C102,Data Analysis with Python,Programming,Intermediate,60,4.7,7,32,77.6,1,8.3,15,11,7.7,6,4,5,82.9,76.1,67.0,1,04-10-2025,Debit Card,Yes,No,4995,86,7,1,3.3,Not Completed,0,0,2,1,2,2,4,1
3289,STU103289,Aditya Iyer,Female,25,Bachelor,Student,Lucknow,Laptop,High,C107,Statistics for Data Science,Math,Intermediate,50,4.2,7,23,56.6,3,4.2,12,3,4.8,6,4,1,49.9,71.9,59.4,0,10-02-2025,Credit Card,Yes,No,4653,66,4,0,4.4,Not Completed,0,0,2,0,0,2,3,0
3290,STU103290,Aarav Kumar,Female,28,Master,Employed,Indore,Laptop,Medium,C105,UI/UX Design Fundamentals,Design,Beginner,40,4.4,6,38,47.0,0,0.5,11,3,2.5,3,7,0,76.7,10.7,35.0,1,12-09-2024,UPI,Yes,No,3908,78,2,0,4.2,Completed,0,3,0,0,2,1,1,5
3291,STU103291,Vivaan Verma,Female,22,Master,Student,Nagpur,Mobile,Medium,C102,Data Analysis with Python,Programming,Intermediate,60,4.7,5,48,77.1,2,5.3,1,6,5.1,5,5,3,70.9,98.7,61.9,3,17-05-2025,Debit Card,Yes,Yes,4586,67,3,1,4.8,Completed,0,3,2,1,2,2,4,1
3292,STU103292,Aarav Verma,Female,24,Master,Student,Surat,Mobile,Low,C101,Python Basics,Programming,Beginner,45,4.6,5,24,86.9,3,0.5,0,5,8.2,5,5,4,78.5,61.9,63.5,4,27-09-2025,Free,No,No,0,86,4,0,5.0,Not Completed,0,3,2,1,1,1,4,2
3293,STU103293,Meera Desai,Male,30,Bachelor,Student,Mumbai,Laptop,High,C101,Python Basics,Programming,Beginner,45,4.6,7,44,71.1,6,0.5,7,7,6.9,6,4,4,70.3,76.7,64.7,4,18-05-2024,Debit Card,Yes,No,4444,100,2,0,4.1,Completed,1,0,2,0,0,1,4,1
3294,STU103294,Ananya Joshi,Male,30,Master,Student,Jaipur,Mobile,High,C103,Introduction to AI,Programming,Intermediate,75,4.5,7,49,76.4,3,2.7,8,5,5.9,8,2,2,79.9,58.7,77.7,2,26-03-2024,Credit Card,Yes,No,6008,72,2,1,3.5,Completed,1,3,2,1,0,2,4,0
3295,STU103295,Isha Verma,Female,24,Bachelor,Student,Bengaluru,Mobile,High,C108,Excel for Business,Business,Beginner,25,4.1,2,12,75.6,1,0.5,0,7,4.9,4,6,4,65.2,65.1,53.7,2,20-03-2024,Free,No,No,0,55,4,0,4.3,Completed,0,0,2,1,0,1,0,2
3296,STU103296,Sai Joshi,Male,18,Master,Employed,Bhopal,Mobile,Medium,C108,Excel for Business,Business,Beginner,25,4.1,3,17,66.4,1,0.5,3,6,6.3,3,7,1,64.5,71.8,44.8,1,31-03-2024,Scholarship,No,Yes,1154,89,1,2,5.0,Not Completed,1,3,0,1,2,1,0,4
3297,STU103297,Aarav Reddy,Female,23,Master,Student,Pune,Laptop,Medium,C102,Data Analysis with Python,Programming,Intermediate,60,4.7,3,39,52.9,2,0.5,15,8,7.2,6,4,4,66.5,47.4,56.9,2,18-07-2025,Free,No,Yes,0,70,1,1,4.1,Not Completed,0,3,2,0,2,2,4,2
3298,STU103298,Sneha Bose,Male,25,Master,Unemployed,Nagpur,Laptop,High,C102,Data Analysis with Python,Programming,Intermediate,60,4.7,8,38,61.7,5,0.5,1,8,9.5,9,1,4,91.2,98.1,80.5,7,09-09-2024,Debit Card,Yes,No,4877,70,4,0,4.9,Not Completed,1,3,3,0,0,2,4,1
3299,STU103299,Aarav Desai,Female,26,Bachelor,Student,Mumbai,Mobile,Medium,C103,Introduction to AI,Programming,Intermediate,75,4.5,4,27,81.3,2,3.2,3,5,6.6,4,6,4,74.9,55.7,55.2,1,09-02-2025,Credit Card,Yes,No,5889,73,3,5,4.7,Completed,0,0,2,1,2,2,4,0
3300,STU103300,Vivaan Nair,Female,24,Bachelor,Student,Nagpur,Mobile,Medium,C101,Python Basics,Programming,Beginner,45,4.6,4,42,45.0,1,0.5,3,9,3.4,4,6,3,86.0,66.3,43.0,1,07-12-2024,Free,No,No,0,82,3,0,3.2,Not Completed,0,0,2,1,2,1,4,2
3301,STU103301,Vivaan Gupta,Female,38,PhD,Employed,Chennai,Mobile,Medium,C106,Machine Learning A-Z,Programming,Advanced,90,4.6,6,36,88.1,1,8.1,20,4,5.3,4,5,2,75.0,95.6,59.6,1,06-04-2025,Debit Card,Yes,No,6939,72,3,0,3.8,Completed,0,4,0,1,2,0,4,1
3302,STU103302,Sai Verma,Female,19,Master,Employed,Delhi,Mobile,Medium,C101,Python Basics,Programming,Beginner,45,4.6,5,36,45.5,3,4.0,6,3,9.5,5,5,3,88.8,87.8,50.3,2,01-06-2024,Credit Card,Yes,No,4253,76,5,0,4.4,Not Completed,0,3,0,1,2,1,4,0
3303,STU103303,Aditya Mehta,Female,30,Master,Student,Delhi,Laptop,High,C101,Python Basics,Programming,Beginner,45,4.6,5,43,61.5,1,7.2,6,6,9.4,5,5,4,78.4,72.8,55.2,3,15-02-2025,UPI,Yes,No,4410,52,5,0,5.0,Not Completed,0,3,2,0,0,1,4,5
3304,STU103304,Kavya Mehta,Female,26,HighSchool,Unemployed,Nagpur,Mobile,High,C108,Excel for Business,Business,Beginner,25,4.1,3,47,58.8,0,11.6,15,2,4.2,4,6,4,92.8,78.0,48.5,1,09-01-2025,Credit Card,Yes,No,3341,59,4,1,5.0,Not Completed,0,2,3,1,0,1,0,0
3305,STU103305,Arjun Shah,Female,19,Bachelor,Employed,Jaipur,Mobile,Medium,C107,Statistics for Data Science,Math,Intermediate,50,4.2,6,5,58.9,1,0.5,2,7,4.8,7,3,4,75.0,42.1,64.7,0,17-10-2023,Free,No,No,0,41,2,1,2.9,Not Completed,0,0,0,1,2,2,3,2
3306,STU103306,Ananya Reddy,Male,17,Bachelor,Employed,Kolkata,Mobile,High,C108,Excel for Business,Business,Beginner,25,4.1,5,33,43.8,6,0.5,1,1,6.1,4,5,5,76.8,73.9,43.0,5,06-07-2024,UPI,Yes,No,3185,53,1,0,3.2,Completed,1,0,0,1,0,1,0,5
3307,STU103307,Arjun Joshi,Female,17,Bachelor,Employed,Lucknow,Mobile,High,C104,Digital Marketing Essentials,Marketing,Beginner,30,4.3,5,22,63.7,3,0.5,21,5,7.1,7,3,1,76.2,49.8,66.8,2,06-07-2025,Debit Card,Yes,No,3768,100,2,3,3.3,Completed,0,0,0,1,0,1,2,1
3308,STU103308,Vihaan Reddy,Female,17,Master,Student,Kolkata,Mobile,Medium,C106,Machine Learning A-Z,Programming,Advanced,90,4.6,5,17,92.8,2,4.5,1,4,2.8,0,10,2,80.2,63.6,35.7,1,23-05-2025,UPI,Yes,No,6163,46,0,1,4.9,Not Completed,0,3,2,1,2,0,4,5
3309,STU103309,Krishna Verma,Male,29,Bachelor,Student,Pune,Mobile,High,C104,Digital Marketing Essentials,Marketing,Beginner,30,4.3,2,40,78.3,3,3.4,1,4,4.2,3,7,3,68.5,64.8,48.6,5,11-03-2024,Credit Card,Yes,No,3201,51,2,1,4.8,Completed,1,0,2,1,0,1,2,0
3310,STU103310,Rohan Iyer,Female,17,Bachelor,Employed,Delhi,Mobile,High,C106,Machine Learning A-Z,Programming,Advanced,90,4.6,4,42,55.6,2,1.1,2,3,5.9,6,4,4,88.4,64.4,58.7,2,03-12-2024,UPI,Yes,No,6446,43,3,1,4.3,Completed,0,0,0,1,0,0,4,5
3311,STU103311,Ananya Bose,Female,28,Bachelor,Student,Jaipur,Mobile,Medium,C101,Python Basics,Programming,Beginner,45,4.6,6,29,50.1,1,0.5,7,5,7.3,7,3,3,100.0,45.2,61.8,4,04-06-2024,Free,No,Yes,0,68,3,3,5.0,Not Completed,0,0,2,1,2,1,4,2
3312,STU103312,Neha Verma,Male,30,Bachelor,Employed,Indore,Mobile,High,C105,UI/UX Design Fundamentals,Design,Beginner,40,4.4,3,38,26.9,0,2.4,8,4,6.7,4,6,4,85.8,43.6,35.6,2,17-09-2024,Credit Card,Yes,Yes,3471,64,5,2,4.1,Not Completed,1,0,0,1,0,1,1,0
3313,STU103313,Kavya Iyer,Female,24,Bachelor,Employed,Jaipur,Mobile,Medium,C104,Digital Marketing Essentials,Marketing,Beginner,30,4.3,5,54,95.8,4,2.0,2,6,4.2,4,6,8,74.3,60.4,60.5,1,30-05-2025,UPI,Yes,No,3674,77,1,2,3.6,Not Completed,0,0,0,1,2,1,2,5
3314,STU103314,Neha Desai,Female,26,Bachelor,Employed,Bhopal,Mobile,Medium,C101,Python Basics,Programming,Beginner,45,4.6,8,36,80.9,2,7.1,3,8,6.9,4,6,2,63.9,56.8,55.1,3,22-12-2024,UPI,Yes,No,3845,66,3,1,4.2,Not Completed,0,0,0,1,2,1,4,5
3315,STU103315,Sneha Iyer,Male,28,Bachelor,Student,Bengaluru,Laptop,Low,C105,UI/UX Design Fundamentals,Design,Beginner,40,4.4,4,22,49.4,1,8.7,1,6,4.9,4,6,2,64.5,69.3,44.8,2,21-11-2023,Free,No,Yes,0,72,1,1,3.6,Completed,1,0,2,0,1,1,1,2
3316,STU103316,Priya Iyer,Female,28,Bachelor,Unemployed,Mumbai,Mobile,Low,C107,Statistics for Data Science,Math,Intermediate,50,4.2,4,72,70.2,1,0.5,3,4,6.2,4,6,4,49.9,62.4,51.7,1,20-04-2024,Scholarship,No,No,2165,79,0,0,3.4,Not Completed,0,0,3,1,1,2,3,4
3317,STU103317,Aarav Verma,Female,29,Bachelor,Employed,Lucknow,Mobile,High,C101,Python Basics,Programming,Beginner,45,4.6,4,45,35.6,1,7.1,2,4,9.1,7,3,4,99.4,62.6,57.6,2,16-06-2024,UPI,Yes,No,3862,46,4,1,4.1,Completed,0,0,0,1,0,1,4,5
3318,STU103318,Sai Mehta,Male,17,Diploma,Student,Hyderabad,Mobile,High,C101,Python Basics,Programming,Beginner,45,4.6,5,45,80.2,4,5.9,4,8,9.3,6,3,3,81.0,80.6,68.1,0,20-02-2025,Credit Card,Yes,No,3905,83,1,1,3.2,Completed,1,1,2,1,0,1,4,0
3319,STU103319,Meera Shah,Female,25,Diploma,Student,Hyderabad,Mobile,Medium,C102,Data Analysis with Python,Programming,Intermediate,60,4.7,8,25,67.3,3,1.2,5,4,5.8,6,4,6,91.0,88.1,64.0,2,30-05-2025,Debit Card,Yes,No,4891,54,1,0,3.2,Completed,0,1,2,1,2,2,4,1
3320,STU103320,Priya Reddy,Female,30,Bachelor,Employed,Pune,Mobile,High,C104,Digital Marketing Essentials,Marketing,Beginner,30,4.3,3,16,55.7,2,5.6,45,3,4.8,5,5,4,80.4,72.4,53.1,2,12-07-2024,Free,No,No,0,68,2,3,4.1,Completed,0,0,0,1,0,1,2,2
3321,STU103321,Rahul Reddy,Female,29,Diploma,Employed,Delhi,Mobile,High,C106,Machine Learning A-Z,Programming,Advanced,90,4.6,5,20,92.2,2,5.6,9,4,5.6,3,7,3,76.9,65.9,53.6,2,18-08-2025,Free,No,No,0,53,4,3,5.0,Not Completed,0,1,0,1,0,0,4,2
3322,STU103322,Ritika Bose,Female,23,Bachelor,Employed,Hyderabad,Laptop,Low,C103,Introduction to AI,Programming,Intermediate,75,4.5,4,20,70.7,1,2.7,18,4,4.3,5,5,5,77.4,69.3,58.2,4,24-04-2024,UPI,Yes,No,6110,100,2,0,4.9,Completed,0,0,0,0,1,2,4,5
3323,STU103323,Neha Joshi,Female,27,HighSchool,Student,Vadodara,Mobile,Medium,C107,Statistics for Data Science,Math,Intermediate,50,4.2,3,37,99.7,1,0.5,0,6,4.9,4,6,2,67.2,57.0,61.7,3,01-05-2025,Debit Card,Yes,No,4924,41,3,1,4.4,Not Completed,0,2,2,1,2,2,3,1
3324,STU103324,Kavya Iyer,Female,22,HighSchool,Student,Delhi,Laptop,Medium,C106,Machine Learning A-Z,Programming,Advanced,90,4.6,1,23,44.0,3,0.5,1,6,7.7,6,4,10,70.0,77.4,55.3,1,01-10-2024,UPI,Yes,No,6565,67,2,0,5.0,Completed,0,2,2,0,2,0,4,5
3325,STU103325,Ritika Kumar,Other,32,Bachelor,Student,Delhi,Mobile,High,C107,Statistics for Data Science,Math,Intermediate,50,4.2,3,33,27.6,2,0.5,3,11,6.2,5,4,7,53.2,68.0,43.1,2,26-12-2024,Debit Card,Yes,No,4703,75,0,1,4.2,Completed,2,0,2,1,0,2,3,1
3326,STU103326,Aarav Gupta,Male,23,Master,Student,Bengaluru,Mobile,Medium,C101,Python Basics,Programming,Beginner,45,4.6,2,47,84.1,4,6.2,4,4,7.4,2,8,1,76.2,68.1,44.8,3,27-01-2025,Debit Card,Yes,No,4155,29,1,1,3.8,Not Completed,1,3,2,1,2,1,4,1
3327,STU103327,Vihaan Sharma,Female,17,Bachelor,Employed,Surat,Mobile,Medium,C106,Machine Learning A-Z,Programming,Advanced,90,4.6,2,36,81.7,1,0.5,6,4,5.4,7,3,4,59.2,69.7,74.1,3,23-02-2024,Free,No,No,0,73,0,2,4.9,Not Completed,0,0,0,1,2,0,4,2
3328,STU103328,Sneha Kumar,Female,17,Bachelor,Student,Kolkata,Laptop,Medium,C103,Introduction to AI,Programming,Intermediate,75,4.5,3,22,62.5,2,7.9,6,6,4.8,2,8,2,58.0,73.4,37.5,2,09-01-2024,Credit Card,Yes,Yes,5336,66,1,3,4.4,Completed,0,0,2,0,2,2,4,0
3329,STU103329,Ritika Verma,Female,38,Bachelor,Self-Employed,Chennai,Laptop,Medium,C107,Statistics for Data Science,Math,Intermediate,50,4.2,3,26,62.7,0,0.5,1,7,5.5,7,3,6,77.9,92.5,68.6,5,23-03-2025,Credit Card,Yes,No,4716,60,2,1,3.9,Not Completed,0,0,1,0,2,2,3,0
3330,STU103330,Krishna Verma,Female,22,Master,Student,Nagpur,Mobile,High,C106,Machine Learning A-Z,Programming,Advanced,90,4.6,4,12,54.1,2,1.0,9,4,7.4,6,4,9,73.4,54.9,57.7,1,03-11-2023,UPI,Yes,No,5980,99,1,0,4.2,Not Completed,0,3,2,1,0,0,4,5
3331,STU103331,Krishna Nair,Female,30,Diploma,Self-Employed,Indore,Laptop,Medium,C103,Introduction to AI,Programming,Intermediate,75,4.5,10,25,74.6,1,3.7,2,5,4.5,8,2,6,80.2,38.1,76.0,3,23-06-2025,NetBanking,Yes,Yes,4871,65,4,2,4.5,Not Completed,0,1,1,0,2,2,4,3
3332,STU103332,Arjun Bhardwaj,Female,25,Bachelor,Employed,Nagpur,Tablet,Medium,C104,Digital Marketing Essentials,Marketing,Beginner,30,4.3,4,36,81.0,1,4.3,2,8,7.4,3,7,4,81.1,77.5,50.2,2,04-12-2023,UPI,Yes,No,3319,71,5,3,3.8,Completed,0,0,0,2,2,1,2,5
3333,STU103333,Rahul Joshi,Male,24,Bachelor,Student,Surat,Laptop,Low,C102,Data Analysis with Python,Programming,Intermediate,60,4.7,4,48,87.7,4,0.9,8,4,6.4,6,4,6,68.4,64.4,69.9,4,12-04-2025,Scholarship,No,No,1501,28,2,0,4.6,Completed,1,0,2,0,1,2,4,4
3334,STU103334,Sai Joshi,Female,22,Bachelor,Student,Bengaluru,Mobile,Medium,C101,Python Basics,Programming,Beginner,45,4.6,6,42,79.6,5,3.5,4,2,3.3,4,5,0,76.9,85.8,56.2,5,03-04-2024,Credit Card,Yes,No,3984,33,3,0,4.4,Completed,0,0,2,1,2,1,4,0
3335,STU103335,Sakshi Singh,Female,32,Bachelor,Employed,Nagpur,Mobile,Medium,C108,Excel for Business,Business,Beginner,25,4.1,3,17,71.8,1,6.7,3,9,10.0,4,6,5,82.6,78.2,53.0,0,20-03-2024,UPI,Yes,No,3465,11,0,0,3.8,Not Completed,0,0,0,1,2,1,0,5
3336,STU103336,Rahul Bhardwaj,Male,29,Bachelor,Student,Chennai,Mobile,Medium,C107,Statistics for Data Science,Math,Intermediate,50,4.2,4,56,53.3,4,4.6,5,8,5.6,5,5,8,65.3,69.0,52.1,0,28-07-2024,UPI,Yes,No,4630,60,1,0,3.9,Completed,1,0,2,1,2,2,3,5
3337,STU103337,Vivaan Mehta,Male,20,Bachelor,Employed,Ahmedabad,Tablet,Low,C103,Introduction to AI,Programming,Intermediate,75,4.5,3,14,78.5,1,0.5,19,6,5.0,2,8,3,81.1,40.6,41.5,3,03-04-2025,NetBanking,Yes,No,6000,43,2,2,3.2,Completed,1,0,0,2,1,2,4,3
3338,STU103338,Isha Bose,Female,26,Bachelor,Employed,Kolkata,Mobile,Medium,C104,Digital Marketing Essentials,Marketing,Beginner,30,4.3,4,46,54.5,3,11.6,3,7,5.4,5,5,7,55.5,82.0,53.2,1,04-03-2024,Debit Card,Yes,Yes,3094,93,0,1,4.9,Completed,0,0,0,1,2,1,2,1
3339,STU103339,Ananya Patel,Female,25,Master,Student,Delhi,Mobile,Medium,C102,Data Analysis with Python,Programming,Intermediate,60,4.7,6,37,90.2,3,9.2,10,8,6.6,4,6,1,61.5,75.1,59.3,4,08-05-2025,NetBanking,Yes,Yes,4024,66,5,0,4.0,Completed,0,3,2,1,2,2,4,3
3340,STU103340,Ananya Singh,Female,23,Bachelor,Student,Bhopal,Mobile,Medium,C106,Machine Learning A-Z,Programming,Advanced,90,4.6,4,38,76.9,1,0.5,1,9,4.5,5,5,3,81.3,71.2,60.5,4,16-06-2025,Credit Card,Yes,No,7131,84,0,0,4.1,Completed,0,0,2,1,2,0,4,0
3341,STU103341,Aditya Patel,Male,29,Bachelor,Employed,Vadodara,Mobile,High,C103,Introduction to AI,Programming,Intermediate,75,4.5,3,47,27.1,3,1.0,1,2,7.7,6,4,1,83.7,37.1,47.3,4,12-03-2024,NetBanking,Yes,No,6198,59,1,1,4.8,Not Completed,1,0,0,1,0,2,4,3
3342,STU103342,Meera Shah,Female,33,Bachelor,Self-Employed,Bengaluru,Mobile,Medium,C106,Machine Learning A-Z,Programming,Advanced,90,4.6,6,32,40.7,5,2.4,1,7,6.6,4,6,3,73.6,79.2,42.2,3,21-06-2024,UPI,Yes,No,6368,46,4,0,5.0,Completed,0,0,1,1,2,0,4,5
3343,STU103343,Priya Desai,Female,29,HighSchool,Student,Bengaluru,Mobile,Low,C105,UI/UX Design Fundamentals,Design,Beginner,40,4.4,3,60,31.1,2,0.5,4,3,5.9,4,6,1,69.1,66.8,38.2,1,20-11-2024,Credit Card,Yes,Yes,3671,93,4,2,5.0,Not Completed,0,2,2,1,1,1,1,0
3344,STU103344,Nikhil Singh,Female,33,Master,Self-Employed,Pune,Laptop,Medium,C107,Statistics for Data Science,Math,Intermediate,50,4.2,6,51,58.9,5,13.4,1,4,7.4,8,2,2,50.2,55.0,71.4,1,28-12-2023,NetBanking,Yes,No,4451,59,4,2,5.0,Not Completed,0,3,1,0,2,2,3,3
3345,STU103345,Rohan Kumar,Male,17,Master,Employed,Bengaluru,Laptop,High,C108,Excel for Business,Business,Beginner,25,4.1,5,41,29.0,6,13.2,4,2,10.0,5,4,4,87.6,69.6,43.6,4,20-02-2024,Free,No,No,0,65,4,0,4.0,Completed,1,3,0,0,0,1,0,2
3346,STU103346,Nikhil Iyer,Female,29,Bachelor,Student,Bengaluru,Mobile,High,C102,Data Analysis with Python,Programming,Intermediate,60,4.7,3,29,86.3,3,1.3,12,3,6.3,6,4,4,54.4,38.8,68.1,1,10-03-2024,Debit Card,Yes,No,5108,93,1,3,5.0,Not Completed,0,0,2,1,0,2,4,1
3347,STU103347,Neha Desai,Female,17,Bachelor,Student,Hyderabad,Tablet,Medium,C101,Python Basics,Programming,Beginner,45,4.6,3,24,34.4,2,1.5,14,5,6.9,8,2,7,71.3,86.1,64.3,1,14-02-2024,UPI,Yes,Yes,3844,95,1,1,3.9,Not Completed,0,0,2,2,2,1,4,5
3348,STU103348,Ritika Kumar,Male,32,Diploma,Employed,Surat,Laptop,Medium,C101,Python Basics,Programming,Beginner,45,4.6,4,51,74.0,3,6.9,0,4,7.9,5,5,3,92.6,49.6,58.4,4,21-07-2025,Scholarship,No,No,1664,61,1,1,4.2,Not Completed,1,1,0,0,2,1,4,4
3349,STU103349,Sakshi Reddy,Female,24,Master,Employed,Pune,Laptop,Low,C105,UI/UX Design Fundamentals,Design,Beginner,40,4.4,3,35,82.3,5,0.5,2,5,4.6,4,6,1,79.8,79.6,56.8,5,17-08-2024,UPI,Yes,No,3929,45,3,2,3.4,Not Completed,0,3,0,0,1,1,1,5
3350,STU103350,Vihaan Gupta,Male,30,HighSchool,Employed,Indore,Mobile,Medium,C105,UI/UX Design Fundamentals,Design,Beginner,40,4.4,4,36,7.6,3,11.8,9,5,6.8,6,4,2,63.3,64.1,41.9,3,22-03-2024,UPI,Yes,No,3727,68,0,1,5.0,Completed,1,2,0,1,2,1,1,5
3351,STU103351,Aditya Bose,Male,28,Bachelor,Student,Vadodara,Mobile,Medium,C108,Excel for Business,Business,Beginner,25,4.1,2,18,27.9,0,0.5,9,4,5.9,5,5,1,62.4,56.6,42.6,1,30-09-2024,NetBanking,Yes,No,3515,64,1,0,5.0,Not Completed,1,0,2,1,2,1,0,3
3352,STU103352,Neha Patel,Male,18,Bachelor,Student,Chennai,Mobile,Medium,C107,Statistics for Data Science,Math,Intermediate,50,4.2,5,27,75.0,4,3.7,7,4,4.2,6,4,0,75.4,54.9,65.0,2,04-07-2024,Free,No,Yes,0,87,1,0,4.9,Not Completed,1,0,2,1,2,2,3,2
3353,STU103353,Vihaan Iyer,Female,28,Bachelor,Employed,Kolkata,Laptop,High,C103,Introduction to AI,Programming,Intermediate,75,4.5,7,35,78.4,2,5.1,5,1,9.5,6,4,2,68.3,85.0,67.7,1,06-04-2024,UPI,Yes,No,6056,100,2,1,3.1,Completed,0,0,0,0,0,2,4,5
3354,STU103354,Meera Desai,Female,23,Bachelor,Student,Ahmedabad,Mobile,High,C102,Data Analysis with Python,Programming,Intermediate,60,4.7,6,36,79.3,4,10.1,2,8,8.1,3,6,6,71.5,90.4,50.3,2,30-01-2024,UPI,Yes,No,5282,50,1,0,4.8,Not Completed,0,0,2,1,0,2,4,5
3355,STU103355,Aditya Nair,Male,22,HighSchool,Student,Jaipur,Mobile,Low,C108,Excel for Business,Business,Beginner,25,4.1,5,54,40.6,8,3.9,0,9,8.2,5,5,7,91.7,83.3,48.4,2,22-10-2024,Free,No,No,0,99,1,1,2.7,Not Completed,1,2,2,1,1,1,0,2
3356,STU103356,Rohan Shah,Female,23,Master,Employed,Nagpur,Mobile,Medium,C106,Machine Learning A-Z,Programming,Advanced,90,4.6,4,23,78.9,2,7.6,14,10,4.4,5,5,2,68.5,56.3,60.4,1,04-10-2025,UPI,Yes,Yes,5034,68,1,2,5.0,Not Completed,0,3,0,1,2,0,4,5
3357,STU103357,Isha Mehta,Female,28,Bachelor,Student,Mumbai,Mobile,Medium,C105,UI/UX Design Fundamentals,Design,Beginner,40,4.4,6,31,40.4,0,11.2,1,5,4.6,4,6,3,56.7,48.9,40.6,0,29-07-2024,Scholarship,No,No,1238,94,3,0,4.6,Not Completed,0,0,2,1,2,1,1,4
3358,STU103358,Neha Bose,Other,29,Diploma,Employed,Ahmedabad,Mobile,Medium,C105,UI/UX Design Fundamentals,Design,Beginner,40,4.4,5,24,30.6,3,2.9,0,5,5.0,6,4,4,68.9,71.0,50.3,4,17-09-2024,Free,No,No,0,62,2,0,4.7,Not Completed,2,1,0,1,2,1,1,2
3359,STU103359,Isha Iyer,Female,25,Master,Employed,Nagpur,Laptop,High,C102,Data Analysis with Python,Programming,Intermediate,60,4.7,4,33,88.3,2,0.5,0,6,3.0,6,4,2,72.9,44.6,69.1,2,16-10-2024,UPI,Yes,Yes,4221,52,3,1,4.3,Completed,0,3,0,0,0,2,4,5
3360,STU103360,Aditya Patel,Female,30,Bachelor,Student,Delhi,Mobile,Medium,C106,Machine Learning A-Z,Programming,Advanced,90,4.6,6,27,98.3,5,2.5,2,7,5.0,2,8,5,79.0,65.0,49.7,2,25-02-2025,UPI,Yes,No,6059,91,3,0,5.0,Completed,0,0,2,1,2,0,4,5
3361,STU103361,Rohan Bhardwaj,Male,17,HighSchool,Employed,Kolkata,Laptop,Medium,C102,Data Analysis with Python,Programming,Intermediate,60,4.7,4,25,81.9,1,2.5,7,3,9.1,3,7,3,64.2,54.9,49.4,4,03-01-2025,NetBanking,Yes,No,5136,53,0,0,2.3,Completed,1,2,0,0,2,2,4,3
3362,STU103362,Neha Sharma,Female,27,HighSchool,Employed,Vadodara,Laptop,High,C107,Statistics for Data Science,Math,Intermediate,50,4.2,4,40,82.6,1,7.2,0,3,7.3,2,8,7,75.8,42.7,43.1,3,27-02-2025,Credit Card,Yes,No,4587,67,2,0,4.2,Not Completed,0,2,0,0,0,2,3,0
3363,STU103363,Rahul Bhardwaj,Male,17,Bachelor,Employed,Nagpur,Mobile,Medium,C104,Digital Marketing Essentials,Marketing,Beginner,30,4.3,1,27,89.4,1,0.5,17,5,6.4,4,6,4,85.2,55.0,58.1,5,29-06-2025,UPI,Yes,No,3779,53,3,1,3.0,Not Completed,1,0,0,1,2,1,2,5
3364,STU103364,Ritika Shah,Female,27,HighSchool,Student,Bhopal,Mobile,Medium,C106,Machine Learning A-Z,Programming,Advanced,90,4.6,4,42,76.1,0,3.5,0,7,6.6,2,8,3,76.4,62.9,41.8,3,29-11-2023,Credit Card,Yes,Yes,5050,88,1,3,4.3,Completed,0,2,2,1,2,0,4,0
3365,STU103365,Sakshi Sharma,Male,25,Bachelor,Unemployed,Jaipur,Mobile,High,C107,Statistics for Data Science,Math,Intermediate,50,4.2,6,5,70.0,6,0.5,12,6,7.5,4,6,2,62.0,71.1,52.1,4,05-08-2025,Scholarship,No,No,1195,60,1,0,2.5,Not Completed,1,0,3,1,0,2,3,4
3366,STU103366,Vihaan Bhardwaj,Female,22,Bachelor,Unemployed,Delhi,Mobile,Medium,C101,Python Basics,Programming,Beginner,45,4.6,3,28,59.9,2,0.5,26,2,5.7,2,8,1,57.6,97.9,37.9,1,17-06-2024,NetBanking,Yes,No,4370,56,4,3,5.0,Not Completed,0,0,3,1,2,1,4,3
3367,STU103367,Sneha Bhardwaj,Male,24,PhD,Employed,Lucknow,Tablet,Medium,C106,Machine Learning A-Z,Programming,Advanced,90,4.6,6,33,65.8,2,10.4,5,5,7.4,6,4,6,67.8,72.9,62.7,4,26-06-2025,NetBanking,Yes,No,5942,76,2,1,3.4,Completed,1,4,0,2,2,0,4,3
3368,STU103368,Isha Shah,Female,20,Diploma,Student,Chennai,Laptop,Medium,C106,Machine Learning A-Z,Programming,Advanced,90,4.6,4,35,87.0,4,4.1,5,4,5.2,5,5,1,100.0,61.5,63.5,4,26-11-2023,Credit Card,Yes,No,6941,70,3,0,4.1,Not Completed,0,1,2,0,2,0,4,0
3369,STU103369,Sneha Iyer,Male,18,Diploma,Employed,Vadodara,Tablet,Medium,C103,Introduction to AI,Programming,Intermediate,75,4.5,3,35,5.0,2,8.2,2,3,6.8,6,4,3,75.3,63.8,40.9,1,30-01-2025,Scholarship,No,No,2394,95,1,0,4.6,Completed,1,1,0,2,2,2,4,4
3370,STU103370,Nikhil Shah,Female,22,Bachelor,Student,Surat,Mobile,Medium,C101,Python Basics,Programming,Beginner,45,4.6,4,33,88.6,9,3.0,12,11,6.2,5,5,6,85.1,76.0,64.8,2,28-11-2024,Credit Card,Yes,No,3864,73,3,0,3.8,Not Completed,0,0,2,1,2,1,4,0
3371,STU103371,Isha Iyer,Male,26,Bachelor,Self-Employed,Bhopal,Mobile,Medium,C101,Python Basics,Programming,Beginner,45,4.6,5,43,74.3,2,6.0,6,7,7.2,9,1,7,84.9,51.7,82.6,2,19-05-2025,Free,No,No,0,97,8,1,5.0,Completed,1,0,1,1,2,1,4,2
3372,STU103372,Sai Patel,Male,17,Bachelor,Student,Lucknow,Mobile,High,C108,Excel for Business,Business,Beginner,25,4.1,4,31,58.1,1,0.5,13,3,5.5,6,4,5,85.3,74.9,60.1,3,26-01-2024,Free,No,No,0,44,2,0,4.6,Not Completed,1,0,2,1,0,1,0,2
3373,STU103373,Ananya Bose,Male,28,Bachelor,Employed,Chennai,Laptop,Medium,C107,Statistics for Data Science,Math,Intermediate,50,4.2,5,48,62.5,1,8.5,7,4,5.1,5,5,4,92.3,93.0,56.5,3,26-01-2025,NetBanking,Yes,No,4113,85,1,0,3.4,Completed,1,0,0,0,2,2,3,3
3374,STU103374,Neha Joshi,Male,27,Bachelor,Student,Nagpur,Mobile,Medium,C106,Machine Learning A-Z,Programming,Advanced,90,4.6,7,31,17.8,3,5.3,4,7,10.0,6,4,2,63.2,69.6,45.7,3,11-10-2024,Credit Card,Yes,No,7011,70,3,2,4.2,Completed,1,0,2,1,2,0,4,0
3375,STU103375,Rohan Kumar,Female,23,Diploma,Student,Kolkata,Laptop,High,C107,Statistics for Data Science,Math,Intermediate,50,4.2,5,43,54.5,2,7.3,3,8,7.8,5,5,5,86.4,40.7,51.1,1,13-09-2024,UPI,Yes,Yes,4004,70,3,0,4.4,Completed,0,1,2,0,0,2,3,5
3376,STU103376,Kavya Nair,Female,23,Bachelor,Student,Lucknow,Mobile,Low,C102,Data Analysis with Python,Programming,Intermediate,60,4.7,2,35,58.0,5,0.5,8,6,4.9,5,5,5,70.2,60.2,53.3,0,29-03-2024,Debit Card,Yes,Yes,4311,69,3,0,4.0,Completed,0,0,2,1,1,2,4,1
3377,STU103377,Krishna Gupta,Female,23,Bachelor,Student,Vadodara,Laptop,High,C107,Statistics for Data Science,Math,Intermediate,50,4.2,5,42,86.5,5,4.8,2,10,10.0,4,6,8,92.9,83.8,58.5,4,10-08-2025,Free,No,No,0,68,2,0,5.0,Not Completed,0,0,2,0,0,2,3,2
3378,STU103378,Pooja Nair,Male,36,Bachelor,Employed,Chennai,Mobile,Medium,C106,Machine Learning A-Z,Programming,Advanced,90,4.6,6,40,47.3,2,0.5,1,5,7.1,4,6,2,98.5,97.4,45.4,5,10-04-2024,UPI,Yes,No,6617,62,4,3,3.5,Completed,1,0,0,1,2,0,4,5
3379,STU103379,Meera Shah,Female,23,Bachelor,Student,Delhi,Mobile,High,C103,Introduction to AI,Programming,Intermediate,75,4.5,7,53,92.9,2,10.3,4,5,6.0,3,7,4,49.6,45.2,52.8,2,09-07-2025,UPI,Yes,Yes,5192,27,5,1,4.7,Completed,0,0,2,1,0,2,4,5
3380,STU103380,Rahul Nair,Female,35,Diploma,Student,Vadodara,Mobile,Low,C107,Statistics for Data Science,Math,Intermediate,50,4.2,4,24,95.6,3,6.6,4,12,6.9,1,9,6,91.5,81.0,43.5,3,06-06-2024,NetBanking,Yes,No,4638,60,4,2,3.2,Not Completed,0,1,2,1,1,2,3,3
3381,STU103381,Pooja Shah,Female,17,Bachelor,Employed,Ahmedabad,Mobile,Medium,C101,Python Basics,Programming,Beginner,45,4.6,4,31,78.4,5,3.0,4,4,8.2,2,8,3,63.2,37.7,41.3,2,17-01-2024,Free,No,No,0,61,6,0,3.0,Not Completed,0,0,0,1,2,1,4,2
3382,STU103382,Priya Joshi,Male,25,Diploma,Employed,Jaipur,Mobile,Low,C104,Digital Marketing Essentials,Marketing,Beginner,30,4.3,5,38,46.6,1,3.9,3,2,6.1,6,4,6,57.7,56.1,55.1,3,24-04-2024,UPI,Yes,No,3422,76,3,1,3.4,Completed,1,1,0,1,1,1,2,5
3383,STU103383,Priya Singh,Female,20,Master,Employed,Ahmedabad,Mobile,Medium,C107,Statistics for Data Science,Math,Intermediate,50,4.2,5,23,82.0,1,0.5,13,3,9.9,4,6,2,72.5,66.2,56.0,3,25-02-2025,NetBanking,Yes,No,4504,71,4,1,2.7,Completed,0,3,0,1,2,2,3,3
3384,STU103384,Sneha Joshi,Female,36,Bachelor,Student,Vadodara,Mobile,Medium,C103,Introduction to AI,Programming,Intermediate,75,4.5,5,36,75.5,2,2.6,7,3,3.0,6,4,3,76.1,62.3,65.5,2,21-10-2024,NetBanking,Yes,No,5480,13,1,1,4.4,Not Completed,0,0,2,1,2,2,4,3
3385,STU103385,Sai Verma,Female,23,Bachelor,Student,Hyderabad,Mobile,Medium,C101,Python Basics,Programming,Beginner,45,4.6,4,5,65.7,4,4.4,0,5,7.8,3,7,5,82.9,80.1,45.0,3,28-04-2024,Debit Card,Yes,Yes,3809,100,2,2,5.0,Completed,0,0,2,1,2,1,4,1
3386,STU103386,Nikhil Kumar,Male,26,Master,Student,Bhopal,Laptop,Medium,C104,Digital Marketing Essentials,Marketing,Beginner,30,4.3,5,40,46.7,1,0.9,0,10,6.1,8,2,7,62.6,74.7,68.1,2,04-08-2025,Debit Card,Yes,No,3456,87,1,1,5.0,Not Completed,1,3,2,0,2,1,2,1
3387,STU103387,Rahul Kumar,Female,30,Bachelor,Employed,Vadodara,Tablet,High,C104,Digital Marketing Essentials,Marketing,Beginner,30,4.3,4,45,81.9,1,5.2,9,4,7.0,1,9,5,66.9,44.6,36.9,3,16-04-2024,Debit Card,Yes,No,3770,77,1,3,4.0,Not Completed,0,0,0,2,0,1,2,1
3388,STU103388,Priya Bhardwaj,Male,32,Bachelor,Employed,Indore,Mobile,High,C101,Python Basics,Programming,Beginner,45,4.6,4,17,40.8,2,0.5,15,4,5.0,2,8,5,77.2,69.0,29.7,3,20-01-2024,Free,No,No,0,53,0,1,5.0,Not Completed,1,0,0,1,0,1,4,2
3389,STU103389,Aditya Nair,Female,21,Bachelor,Employed,Jaipur,Mobile,High,C108,Excel for Business,Business,Beginner,25,4.1,6,21,45.1,2,7.8,0,3,8.8,9,1,4,86.6,82.7,73.9,2,26-08-2025,Free,No,Yes,0,49,2,1,4.2,Completed,0,0,0,1,0,1,0,2
3390,STU103390,Priya Shah,Female,33,Bachelor,Student,Ahmedabad,Laptop,High,C101,Python Basics,Programming,Beginner,45,4.6,4,35,40.8,2,0.5,0,5,2.6,7,3,4,64.5,72.3,59.9,4,29-09-2024,Debit Card,Yes,Yes,3587,89,1,1,3.7,Completed,0,0,2,0,0,1,4,1
3391,STU103391,Rahul Joshi,Female,29,Bachelor,Student,Chennai,Mobile,High,C101,Python Basics,Programming,Beginner,45,4.6,4,31,80.6,5,2.9,8,5,5.5,6,4,4,92.3,96.7,69.0,0,14-11-2024,Scholarship,No,No,581,72,2,1,3.5,Completed,0,0,2,1,0,1,4,4
3392,STU103392,Vihaan Shah,Male,29,Master,Student,Indore,Mobile,Low,C107,Statistics for Data Science,Math,Intermediate,50,4.2,4,20,73.9,4,0.5,2,7,6.8,9,1,5,85.8,99.0,84.8,6,12-08-2024,Scholarship,No,No,636,86,3,0,4.4,Completed,1,3,2,1,1,2,3,4
3393,STU103393,Sakshi Bhardwaj,Female,29,Bachelor,Employed,Delhi,Laptop,Medium,C102,Data Analysis with Python,Programming,Intermediate,60,4.7,5,37,49.6,0,0.5,1,4,7.3,6,4,3,68.7,54.6,56.1,5,03-06-2024,UPI,Yes,Yes,3907,96,2,0,4.1,Completed,0,0,0,0,2,2,4,5
3394,STU103394,Kavya Shah,Male,25,Master,Student,Mumbai,Laptop,Medium,C102,Data Analysis with Python,Programming,Intermediate,60,4.7,5,49,41.5,0,0.5,3,8,6.3,5,4,6,98.0,83.5,48.7,7,23-03-2024,Free,No,No,0,81,5,1,3.9,Not Completed,1,3,2,0,2,2,4,2
3395,STU103395,Neha Patel,Male,34,Diploma,Employed,Kolkata,Mobile,High,C102,Data Analysis with Python,Programming,Intermediate,60,4.7,8,44,70.2,2,10.0,2,7,8.8,4,6,5,87.1,61.7,51.7,4,27-09-2025,UPI,Yes,No,5495,65,2,1,4.5,Completed,1,1,0,1,0,2,4,5
3396,STU103396,Rohan Singh,Female,30,PhD,Employed,Bhopal,Mobile,High,C102,Data Analysis with Python,Programming,Intermediate,60,4.7,4,37,88.9,1,0.5,4,7,7.7,4,6,8,82.0,99.6,60.1,3,10-08-2025,UPI,Yes,No,4974,100,2,0,5.0,Not Completed,0,4,0,1,0,2,4,5
3397,STU103397,Krishna Verma,Male,25,Bachelor,Student,Mumbai,Mobile,Medium,C102,Data Analysis with Python,Programming,Intermediate,60,4.7,4,41,70.3,0,2.1,2,3,4.0,5,5,4,53.8,82.8,58.7,4,07-11-2023,Free,No,No,0,75,2,1,2.9,Completed,1,0,2,1,2,2,4,2
3398,STU103398,Sakshi Reddy,Male,27,Bachelor,Student,Nagpur,Mobile,Medium,C103,Introduction to AI,Programming,Intermediate,75,4.5,6,37,60.9,4,1.5,3,8,6.3,6,4,4,99.1,63.9,60.5,6,08-05-2025,Scholarship,No,No,1319,68,0,0,3.8,Completed,1,0,2,1,2,2,4,4
3399,STU103399,Rahul Bhardwaj,Male,26,Bachelor,Employed,Pune,Mobile,Medium,C103,Introduction to AI,Programming,Intermediate,75,4.5,4,19,72.5,1,5.8,1,5,7.3,6,4,2,66.2,73.5,65.1,3,31-03-2025,Credit Card,Yes,No,5264,90,0,1,2.5,Not Completed,1,0,0,1,2,2,4,0
3400,STU103400,Nikhil Mehta,Male,29,Diploma,Unemployed,Lucknow,Laptop,High,C104,Digital Marketing Essentials,Marketing,Beginner,30,4.3,8,25,34.5,2,7.5,5,3,5.3,4,6,3,74.2,59.2,39.0,1,16-11-2024,NetBanking,Yes,No,3364,63,0,1,4.1,Completed,1,1,3,0,0,1,2,3
3401,STU103401,Neha Nair,Male,21,Bachelor,Employed,Vadodara,Mobile,Medium,C108,Excel for Business,Business,Beginner,25,4.1,6,36,83.0,5,0.6,25,2,7.8,4,6,1,48.6,83.9,57.2,2,12-07-2024,Debit Card,Yes,No,3260,87,2,1,3.7,Not Completed,1,0,0,1,2,1,0,1
3402,STU103402,Isha Joshi,Male,17,Master,Employed,Hyderabad,Laptop,Medium,C108,Excel for Business,Business,Beginner,25,4.1,4,23,38.0,4,1.2,0,4,10.0,3,7,4,51.6,78.5,35.2,0,13-06-2024,Free,No,No,0,55,4,2,2.9,Not Completed,1,3,0,0,2,1,0,2
3403,STU103403,Pooja Gupta,Female,26,Bachelor,Student,Hyderabad,Laptop,Medium,C101,Python Basics,Programming,Beginner,45,4.6,8,22,79.8,4,4.3,2,6,7.1,3,7,3,87.2,57.8,48.8,2,25-09-2025,Credit Card,Yes,No,3848,25,1,2,4.1,Completed,0,0,2,0,2,1,4,0
3404,STU103404,Arjun Joshi,Female,32,Diploma,Student,Nagpur,Laptop,Low,C107,Statistics for Data Science,Math,Intermediate,50,4.2,2,19,22.2,1,0.5,9,6,4.2,3,7,6,62.2,69.1,29.2,0,05-10-2025,NetBanking,Yes,No,4098,67,2,0,4.2,Not Completed,0,1,2,0,1,2,3,3
3405,STU103405,Rohan Desai,Female,26,Bachelor,Student,Surat,Laptop,Low,C105,UI/UX Design Fundamentals,Design,Beginner,40,4.4,6,36,30.8,8,9.3,6,6,5.6,6,4,7,71.7,74.5,50.5,4,23-01-2024,Scholarship,No,No,1978,97,3,0,4.9,Not Completed,0,0,2,0,1,1,1,4
3406,STU103406,Ritika Nair,Male,20,Bachelor,Employed,Kolkata,Mobile,High,C104,Digital Marketing Essentials,Marketing,Beginner,30,4.3,6,39,44.5,0,0.5,3,9,5.3,4,5,3,63.1,57.6,42.4,1,01-02-2024,Debit Card,Yes,No,3557,42,1,0,4.0,Not Completed,1,0,0,1,0,1,2,1
3407,STU103407,Sakshi Singh,Other,23,Diploma,Employed,Indore,Laptop,High,C103,Introduction to AI,Programming,Intermediate,75,4.5,6,22,52.7,1,8.8,7,4,5.2,3,7,3,71.4,60.5,39.5,2,04-10-2025,UPI,Yes,No,6234,71,1,2,3.8,Not Completed,2,1,0,0,0,2,4,5
3408,STU103408,Rahul Shah,Female,26,HighSchool,Student,Pune,Laptop,Medium,C104,Digital Marketing Essentials,Marketing,Beginner,30,4.3,3,25,47.5,2,16.0,9,6,10.0,1,9,5,85.5,62.5,25.7,3,27-05-2025,Free,No,No,0,91,2,1,3.0,Completed,0,2,2,0,2,1,2,2
3409,STU103409,Vivaan Reddy,Female,35,Bachelor,Employed,Jaipur,Mobile,Medium,C103,Introduction to AI,Programming,Intermediate,75,4.5,6,27,32.8,2,13.0,3,7,6.5,3,7,5,55.0,81.0,33.5,2,13-06-2025,NetBanking,Yes,Yes,4926,47,2,1,4.6,Completed,0,0,0,1,2,2,4,3
3410,STU103410,Isha Sharma,Female,19,Bachelor,Employed,Bengaluru,Mobile,High,C101,Python Basics,Programming,Beginner,45,4.6,7,32,88.6,0,2.8,10,1,3.0,6,4,5,59.0,59.7,70.0,3,18-01-2025,Free,No,No,0,66,2,1,4.1,Not Completed,0,0,0,1,0,1,4,2
3411,STU103411,Rahul Iyer,Male,17,Bachelor,Employed,Mumbai,Mobile,High,C108,Excel for Business,Business,Beginner,25,4.1,9,26,58.7,4,7.9,7,6,4.7,3,7,2,68.9,58.9,41.5,2,16-02-2025,Free,No,Yes,0,71,6,3,5.0,Not Completed,1,0,0,1,0,1,0,2
3412,STU103412,Arjun Sharma,Male,29,Diploma,Employed,Lucknow,Laptop,High,C103,Introduction to AI,Programming,Intermediate,75,4.5,5,30,43.3,2,3.1,0,6,3.1,4,6,4,69.5,70.3,42.7,3,25-07-2024,UPI,Yes,Yes,5131,58,0,0,4.5,Not Completed,1,1,0,0,0,2,4,5
3413,STU103413,Nikhil Kumar,Male,31,HighSchool,Employed,Bhopal,Mobile,Medium,C106,Machine Learning A-Z,Programming,Advanced,90,4.6,4,33,69.7,5,0.7,0,3,10.0,3,7,6,79.2,60.0,45.4,3,20-06-2025,NetBanking,Yes,No,6900,81,3,0,2.4,Not Completed,1,2,0,1,2,0,4,3
3414,STU103414,Meera Mehta,Male,23,Bachelor,Student,Indore,Laptop,Medium,C106,Machine Learning A-Z,Programming,Advanced,90,4.6,9,54,50.2,1,7.9,5,3,8.3,5,5,4,75.0,75.6,51.3,1,01-03-2024,Debit Card,Yes,Yes,5646,88,3,0,3.3,Not Completed,1,0,2,0,2,0,4,1
3415,STU103415,Priya Singh,Male,30,Diploma,Student,Lucknow,Mobile,High,C104,Digital Marketing Essentials,Marketing,Beginner,30,4.3,4,18,72.4,3,4.7,4,9,8.6,4,6,2,63.3,70.6,52.9,1,20-04-2025,Free,No,No,0,99,2,1,4.2,Completed,1,1,2,1,0,1,2,2
3416,STU103416,Ananya Joshi,Male,24,Diploma,Student,Pune,Laptop,Medium,C104,Digital Marketing Essentials,Marketing,Beginner,30,4.3,3,29,43.7,1,9.9,0,6,6.5,8,2,2,60.3,39.2,65.3,4,20-03-2025,Credit Card,Yes,No,3330,79,2,0,3.0,Completed,1,1,2,0,2,1,2,0
3417,STU103417,Isha Verma,Female,27,Bachelor,Employed,Vadodara,Mobile,Medium,C104,Digital Marketing Essentials,Marketing,Beginner,30,4.3,4,38,59.1,1,9.1,2,8,6.2,6,4,3,57.1,66.2,60.0,1,13-09-2025,Debit Card,Yes,Yes,2786,86,3,1,4.0,Completed,0,0,0,1,2,1,2,1
3418,STU103418,Nikhil Joshi,Female,26,Bachelor,Employed,Nagpur,Mobile,Medium,C101,Python Basics,Programming,Beginner,45,4.6,4,25,49.0,3,9.3,0,4,7.7,6,4,4,84.3,56.3,56.0,4,02-07-2025,UPI,Yes,No,4670,68,3,1,4.8,Completed,0,0,0,1,2,1,4,5
3419,STU103419,Vivaan Nair,Male,25,Bachelor,Student,Vadodara,Tablet,Medium,C103,Introduction to AI,Programming,Intermediate,75,4.5,3,22,20.6,7,0.9,5,5,6.2,4,5,1,64.7,59.2,34.2,3,16-02-2024,Credit Card,Yes,No,5516,36,3,1,3.4,Not Completed,1,0,2,2,2,2,4,0
3420,STU103420,Aditya Bhardwaj,Male,23,PhD,Student,Delhi,Mobile,High,C104,Digital Marketing Essentials,Marketing,Beginner,30,4.3,7,41,61.6,2,0.5,5,7,5.6,6,4,4,78.1,93.1,62.2,5,30-03-2024,NetBanking,Yes,No,3213,63,2,0,4.8,Completed,1,4,2,1,0,1,2,3
3421,STU103421,Krishna Singh,Female,23,HighSchool,Unemployed,Jaipur,Tablet,High,C106,Machine Learning A-Z,Programming,Advanced,90,4.6,4,44,69.5,0,0.5,4,1,9.1,7,3,3,83.4,87.5,70.7,3,17-04-2024,UPI,Yes,Yes,5400,67,4,4,4.5,Completed,0,2,3,2,0,0,4,5
3422,STU103422,Sai Patel,Female,29,Bachelor,Student,Lucknow,Mobile,Medium,C108,Excel for Business,Business,Beginner,25,4.1,7,29,49.1,3,6.4,2,16,9.1,7,3,4,97.9,50.2,61.7,2,16-02-2024,Debit Card,Yes,No,3391,71,4,1,3.2,Completed,0,0,2,1,2,1,0,1
3423,STU103423,Pooja Sharma,Female,27,Diploma,Employed,Delhi,Mobile,High,C108,Excel for Business,Business,Beginner,25,4.1,2,38,93.7,2,8.1,0,4,5.3,4,6,2,56.7,60.0,59.8,2,26-05-2025,Debit Card,Yes,No,3381,76,0,0,3.9,Completed,0,1,0,1,0,1,0,1
3424,STU103424,Priya Desai,Male,32,Bachelor,Student,Chennai,Mobile,Low,C103,Introduction to AI,Programming,Intermediate,75,4.5,6,40,91.0,2,6.4,0,9,8.2,5,5,3,80.2,71.6,65.4,5,13-02-2025,NetBanking,Yes,Yes,5043,92,2,0,3.6,Completed,1,0,2,1,1,2,4,3
3425,STU103425,Arjun Shah,Male,30,Bachelor,Employed,Hyderabad,Mobile,Medium,C102,Data Analysis with Python,Programming,Intermediate,60,4.7,2,18,26.0,0,4.3,12,6,5.2,7,3,5,57.3,82.4,55.2,0,30-08-2024,Credit Card,Yes,No,5481,70,2,1,4.1,Not Completed,1,0,0,1,2,2,4,0
3426,STU103426,Sneha Verma,Female,29,Bachelor,Unemployed,Indore,Mobile,Medium,C103,Introduction to AI,Programming,Intermediate,75,4.5,4,43,44.9,3,3.6,0,9,6.2,6,4,3,77.2,97.5,56.6,3,01-07-2024,UPI,Yes,No,5415,49,1,1,4.5,Not Completed,0,0,3,1,2,2,4,5
3427,STU103427,Meera Sharma,Female,20,Diploma,Student,Bengaluru,Laptop,Low,C102,Data Analysis with Python,Programming,Intermediate,60,4.7,4,27,74.4,4,5.6,4,5,7.4,5,5,7,57.4,51.2,58.6,5,09-05-2024,Debit Card,Yes,No,4765,37,1,0,4.3,Not Completed,0,1,2,0,1,2,4,1
3428,STU103428,Rohan Joshi,Male,28,Master,Unemployed,Lucknow,Laptop,High,C105,UI/UX Design Fundamentals,Design,Beginner,40,4.4,5,23,40.3,4,0.5,1,11,6.8,6,4,4,85.4,77.5,54.0,2,28-09-2024,Scholarship,No,No,1934,86,3,1,4.0,Completed,1,3,3,0,0,1,1,4
3429,STU103429,Kavya Desai,Male,32,Master,Employed,Delhi,Mobile,Medium,C104,Digital Marketing Essentials,Marketing,Beginner,30,4.3,4,48,26.7,1,0.5,8,4,6.3,6,4,5,85.4,79.9,49.3,2,06-11-2023,Debit Card,Yes,No,3705,53,5,2,4.8,Not Completed,1,3,0,1,2,1,2,1
3430,STU103430,Sakshi Patel,Male,32,Master,Self-Employed,Surat,Mobile,Medium,C101,Python Basics,Programming,Beginner,45,4.6,6,40,56.5,2,0.5,1,6,4.3,5,5,4,91.1,77.9,53.7,6,02-11-2024,Free,No,Yes,0,88,4,0,5.0,Not Completed,1,3,1,1,2,1,4,2
3431,STU103431,Vihaan Verma,Female,17,Bachelor,Unemployed,Mumbai,Mobile,Medium,C108,Excel for Business,Business,Beginner,25,4.1,2,30,36.6,3,1.9,3,0,5.0,3,7,2,62.7,85.8,35.1,1,10-04-2025,UPI,Yes,Yes,2774,94,1,1,3.4,Completed,0,0,3,1,2,1,0,5
3432,STU103432,Aarav Patel,Female,25,Bachelor,Employed,Hyderabad,Mobile,Low,C103,Introduction to AI,Programming,Intermediate,75,4.5,6,19,31.1,2,7.8,14,5,8.3,8,2,7,88.0,93.0,63.5,3,14-11-2023,UPI,Yes,Yes,4469,52,3,1,5.0,Completed,0,0,0,1,1,2,4,5
3433,STU103433,Nikhil Bhardwaj,Female,34,Diploma,Employed,Hyderabad,Laptop,Low,C107,Statistics for Data Science,Math,Intermediate,50,4.2,2,35,31.0,4,0.5,8,3,8.1,3,7,5,84.7,61.2,31.9,1,10-04-2024,Debit Card,Yes,Yes,3673,46,2,3,4.3,Not Completed,0,1,0,0,1,2,3,1
3434,STU103434,Krishna Iyer,Male,23,Bachelor,Employed,Jaipur,Mobile,Medium,C104,Digital Marketing Essentials,Marketing,Beginner,30,4.3,2,43,72.7,5,4.1,0,4,5.6,5,5,4,70.2,62.5,58.6,0,17-04-2025,Credit Card,Yes,No,3479,29,3,0,2.3,Not Completed,1,0,0,1,2,1,2,0
3435,STU103435,Krishna Joshi,Female,33,Master,Student,Delhi,Laptop,High,C107,Statistics for Data Science,Math,Intermediate,50,4.2,7,21,75.2,2,2.6,9,3,4.3,2,7,5,92.8,72.4,42.0,0,23-03-2024,Free,No,Yes,0,78,2,1,3.7,Completed,0,3,2,0,0,2,3,2
3436,STU103436,Sakshi Joshi,Male,24,Bachelor,Unemployed,Jaipur,Laptop,Low,C102,Data Analysis with Python,Programming,Intermediate,60,4.7,2,29,80.8,3,0.6,21,1,3.7,3,7,6,65.8,62.1,49.4,1,10-01-2025,Free,No,No,0,65,3,2,3.4,Not Completed,1,0,3,0,1,2,4,2
3437,STU103437,Sai Gupta,Female,37,Bachelor,Unemployed,Bengaluru,Mobile,Medium,C107,Statistics for Data Science,Math,Intermediate,50,4.2,4,26,67.0,1,1.2,0,4,9.0,4,5,3,76.2,29.6,48.9,1,14-01-2025,UPI,Yes,No,4238,72,1,2,2.9,Not Completed,0,0,3,1,2,2,3,5
3438,STU103438,Aarav Bhardwaj,Female,31,Bachelor,Student,Mumbai,Mobile,Medium,C108,Excel for Business,Business,Beginner,25,4.1,6,23,51.8,4,0.5,0,13,4.5,3,7,3,68.0,71.8,39.7,1,17-02-2024,Free,No,No,0,64,4,3,4.7,Not Completed,0,0,2,1,2,1,0,2
3439,STU103439,Ananya Bose,Male,26,Bachelor,Employed,Ahmedabad,Mobile,High,C101,Python Basics,Programming,Beginner,45,4.6,1,23,29.0,3,0.5,15,3,5.2,4,6,1,64.4,63.9,37.3,3,15-09-2025,UPI,Yes,No,4566,58,1,1,4.3,Not Completed,1,0,0,1,0,1,4,5
3440,STU103440,Sai Bhardwaj,Male,21,Bachelor,Student,Surat,Laptop,Medium,C101,Python Basics,Programming,Beginner,45,4.6,4,41,28.4,9,0.5,7,6,8.6,2,8,7,60.3,65.2,25.2,7,27-01-2024,UPI,Yes,Yes,3589,67,5,0,2.8,Not Completed,1,0,2,0,2,1,4,5
3441,STU103441,Meera Singh,Male,30,Master,Employed,Jaipur,Mobile,Medium,C101,Python Basics,Programming,Beginner,45,4.6,3,50,69.2,5,3.6,2,6,6.9,6,4,4,76.3,99.0,65.2,3,05-07-2025,Credit Card,Yes,No,3935,87,3,1,4.7,Completed,1,3,0,1,2,1,4,0
3442,STU103442,Pooja Reddy,Male,17,Diploma,Student,Bhopal,Mobile,High,C105,UI/UX Design Fundamentals,Design,Beginner,40,4.4,3,42,56.6,3,3.7,12,4,6.1,4,6,6,60.5,66.5,47.1,2,18-11-2024,Debit Card,Yes,Yes,3703,45,0,0,2.5,Completed,1,1,2,1,0,1,1,1
3443,STU103443,Kavya Sharma,Female,21,Bachelor,Student,Lucknow,Laptop,Medium,C104,Digital Marketing Essentials,Marketing,Beginner,30,4.3,6,30,88.7,4,2.5,13,9,3.8,9,0,10,78.9,81.4,89.1,2,27-09-2024,Debit Card,Yes,No,3183,81,1,0,4.6,Completed,0,0,2,0,2,1,2,1
3444,STU103444,Rohan Joshi,Male,23,Bachelor,Employed,Bengaluru,Mobile,Medium,C102,Data Analysis with Python,Programming,Intermediate,60,4.7,4,29,82.7,2,5.6,3,2,6.6,3,7,5,86.5,88.6,51.4,3,02-03-2025,Scholarship,No,No,1817,90,2,2,4.1,Not Completed,1,0,0,1,2,2,4,4
3445,STU103445,Krishna Desai,Male,33,Bachelor,Student,Chennai,Laptop,High,C101,Python Basics,Programming,Beginner,45,4.6,6,50,72.5,5,7.8,5,7,5.6,6,4,8,80.5,83.0,65.5,3,16-12-2023,UPI,Yes,Yes,3579,54,5,0,4.4,Not Completed,1,0,2,0,0,1,4,5
3446,STU103446,Meera Desai,Female,28,Bachelor,Student,Nagpur,Mobile,High,C108,Excel for Business,Business,Beginner,25,4.1,7,32,80.5,0,6.8,6,7,6.9,3,6,5,71.5,76.6,50.0,3,13-06-2025,Debit Card,Yes,No,3293,55,3,1,4.3,Completed,0,0,2,1,0,1,0,1
3447,STU103447,Vihaan Shah,Male,26,Bachelor,Employed,Surat,Mobile,Medium,C101,Python Basics,Programming,Beginner,45,4.6,5,40,46.9,1,5.9,8,7,9.0,6,4,6,55.5,73.9,56.1,2,17-08-2025,UPI,Yes,No,4441,51,0,0,4.2,Not Completed,1,0,0,1,2,1,4,5
3448,STU103448,Pooja Bose,Male,20,Bachelor,Student,Surat,Mobile,Low,C104,Digital Marketing Essentials,Marketing,Beginner,30,4.3,2,24,71.5,3,14.8,5,8,6.9,5,5,3,100.0,69.2,58.5,0,05-10-2025,Credit Card,Yes,Yes,2926,60,3,0,5.0,Completed,1,0,2,1,1,1,2,0
3449,STU103449,Rahul Gupta,Female,41,Master,Student,Chennai,Mobile,High,C106,Machine Learning A-Z,Programming,Advanced,90,4.6,4,32,64.0,6,5.4,0,4,7.7,5,5,2,78.1,67.1,55.8,3,05-08-2025,UPI,Yes,Yes,5953,44,2,0,5.0,Completed,0,3,2,1,0,0,4,5
3450,STU103450,Krishna Kumar,Female,30,Master,Student,Hyderabad,Mobile,Medium,C101,Python Basics,Programming,Beginner,45,4.6,6,7,56.3,4,0.5,1,7,7.9,6,3,6,76.3,100.0,60.7,1,06-05-2024,Credit Card,Yes,No,4219,66,4,0,4.3,Completed,0,3,2,1,2,1,4,0
3451,STU103451,Ananya Iyer,Female,19,Bachelor,Employed,Chennai,Laptop,Medium,C103,Introduction to AI,Programming,Intermediate,75,4.5,4,28,24.0,2,0.5,6,4,8.7,6,4,4,71.3,100.0,49.4,2,06-11-2024,UPI,Yes,No,6259,83,4,1,3.4,Completed,0,0,0,0,2,2,4,5
3452,STU103452,Aditya Reddy,Male,30,Bachelor,Employed,Mumbai,Laptop,Medium,C104,Digital Marketing Essentials,Marketing,Beginner,30,4.3,3,26,59.1,2,0.5,5,4,6.3,5,5,5,59.8,51.6,53.3,1,10-09-2024,Free,No,No,0,21,2,3,3.5,Completed,1,0,0,0,2,1,2,2
3453,STU103453,Rahul Reddy,Male,23,Diploma,Employed,Jaipur,Mobile,Low,C103,Introduction to AI,Programming,Intermediate,75,4.5,3,28,83.9,3,9.1,1,4,3.9,7,3,3,76.4,73.3,75.0,3,09-03-2025,Credit Card,Yes,No,5401,41,1,0,4.0,Not Completed,1,1,0,1,1,2,4,0
3454,STU103454,Ananya Desai,Male,31,Master,Employed,Lucknow,Mobile,Low,C106,Machine Learning A-Z,Programming,Advanced,90,4.6,6,43,52.9,1,0.8,9,8,6.9,7,3,1,50.5,68.5,63.9,3,09-04-2025,Scholarship,No,No,2798,63,1,0,3.4,Not Completed,1,3,0,1,1,0,4,4
3455,STU103455,Vivaan Singh,Female,24,Bachelor,Employed,Delhi,Mobile,Medium,C102,Data Analysis with Python,Programming,Intermediate,60,4.7,5,41,88.4,1,9.2,15,6,5.0,3,7,5,50.3,86.6,53.3,2,09-06-2025,Debit Card,Yes,Yes,3993,76,3,0,5.0,Not Completed,0,0,0,1,2,2,4,1
3456,STU103456,Nikhil Gupta,Other,23,Master,Employed,Bengaluru,Laptop,Medium,C105,UI/UX Design Fundamentals,Design,Beginner,40,4.4,5,59,59.6,2,5.7,4,4,4.6,4,6,2,71.6,64.6,48.1,2,05-12-2023,UPI,Yes,Yes,3267,85,5,0,4.4,Completed,2,3,0,0,2,1,1,5
3457,STU103457,Rahul Patel,Male,17,Bachelor,Student,Mumbai,Mobile,Medium,C108,Excel for Business,Business,Beginner,25,4.1,5,36,55.4,0,0.9,1,3,5.7,5,5,3,63.8,67.5,52.8,2,14-11-2024,NetBanking,Yes,No,3212,67,2,1,2.6,Not Completed,1,0,2,1,2,1,0,3
3458,STU103458,Krishna Joshi,Male,28,Bachelor,Employed,Surat,Laptop,Medium,C101,Python Basics,Programming,Beginner,45,4.6,4,45,63.1,4,2.5,6,5,10.0,6,3,8,58.3,72.3,61.7,2,16-09-2025,Scholarship,No,No,428,62,4,1,4.6,Completed,1,0,0,0,2,1,4,4
3459,STU103459,Isha Nair,Male,22,Master,Employed,Surat,Mobile,High,C104,Digital Marketing Essentials,Marketing,Beginner,30,4.3,3,33,32.2,2,0.5,2,8,6.9,5,4,3,85.2,49.1,43.7,3,16-04-2024,NetBanking,Yes,No,3612,43,2,2,3.7,Completed,1,3,0,1,0,1,2,3
3460,STU103460,Ritika Joshi,Female,23,Bachelor,Unemployed,Lucknow,Mobile,Medium,C106,Machine Learning A-Z,Programming,Advanced,90,4.6,6,42,69.4,5,0.5,2,7,6.0,7,3,5,95.0,88.5,70.7,1,23-05-2024,Scholarship,No,No,2354,87,1,1,3.5,Completed,0,0,3,1,2,0,4,4
3461,STU103461,Vihaan Reddy,Male,21,Bachelor,Student,Bengaluru,Mobile,Low,C108,Excel for Business,Business,Beginner,25,4.1,8,25,91.5,4,8.8,5,4,6.5,7,3,2,64.9,85.0,78.3,1,08-09-2024,Debit Card,Yes,No,3134,79,2,2,4.9,Completed,1,0,2,1,1,1,0,1
3462,STU103462,Aditya Nair,Male,31,Bachelor,Student,Pune,Mobile,High,C104,Digital Marketing Essentials,Marketing,Beginner,30,4.3,5,43,95.6,3,0.5,7,6,4.7,5,5,4,81.8,76.8,67.3,3,23-05-2025,NetBanking,Yes,Yes,3123,32,5,0,3.8,Not Completed,1,0,2,1,0,1,2,3
3463,STU103463,Sakshi Patel,Female,22,Master,Employed,Mumbai,Mobile,Medium,C108,Excel for Business,Business,Beginner,25,4.1,5,45,55.1,1,8.6,5,5,8.7,6,4,8,72.2,63.3,58.4,1,14-05-2024,Credit Card,Yes,Yes,2685,67,2,0,5.0,Not Completed,0,3,0,1,2,1,0,0
3464,STU103464,Vihaan Bose,Female,28,Bachelor,Student,Ahmedabad,Mobile,High,C101,Python Basics,Programming,Beginner,45,4.6,5,32,72.0,3,2.6,10,1,4.5,6,4,5,59.8,70.6,64.7,1,19-06-2024,Debit Card,Yes,No,4390,75,3,0,4.8,Not Completed,0,0,2,1,0,1,4,1
3465,STU103465,Pooja Verma,Male,26,Master,Unemployed,Chennai,Mobile,High,C107,Statistics for Data Science,Math,Intermediate,50,4.2,6,48,70.9,2,13.0,2,7,6.2,8,2,1,85.1,89.8,77.3,2,31-10-2024,Scholarship,No,Yes,515,77,2,0,5.0,Completed,1,3,3,1,0,2,3,4
3466,STU103466,Priya Patel,Female,24,Bachelor,Student,Bengaluru,Laptop,Low,C101,Python Basics,Programming,Beginner,45,4.6,4,34,60.1,3,6.3,0,3,6.0,5,5,7,70.5,89.2,55.5,1,25-06-2024,UPI,Yes,No,4125,64,2,0,4.2,Not Completed,0,0,2,0,1,1,4,5
3467,STU103467,Sakshi Iyer,Male,20,Bachelor,Unemployed,Ahmedabad,Tablet,Medium,C108,Excel for Business,Business,Beginner,25,4.1,4,43,78.9,2,0.5,0,6,6.7,4,6,7,60.4,76.6,55.5,4,22-12-2024,Credit Card,Yes,No,3487,86,2,1,3.5,Not Completed,1,0,3,2,2,1,0,0
3468,STU103468,Nikhil Nair,Female,17,Bachelor,Employed,Nagpur,Laptop,Medium,C108,Excel for Business,Business,Beginner,25,4.1,5,31,82.0,2,8.9,5,6,4.3,7,3,4,72.5,59.1,73.6,4,29-08-2024,Debit Card,Yes,No,3248,56,5,0,4.9,Not Completed,0,0,0,0,2,1,0,1
3469,STU103469,Krishna Bose,Female,33,HighSchool,Student,Lucknow,Laptop,Medium,C106,Machine Learning A-Z,Programming,Advanced,90,4.6,3,38,92.0,6,0.5,0,4,9.4,3,7,7,65.5,53.3,52.9,1,22-07-2024,NetBanking,Yes,No,7013,65,2,0,5.0,Not Completed,0,2,2,0,2,0,4,3
3470,STU103470,Isha Nair,Male,24,Bachelor,Student,Mumbai,Mobile,Low,C103,Introduction to AI,Programming,Intermediate,75,4.5,7,29,64.0,1,0.5,2,9,6.0,4,6,6,79.0,71.3,50.0,2,13-12-2024,Debit Card,Yes,No,5961,60,2,1,4.1,Completed,1,0,2,1,1,2,4,1
3471,STU103471,Priya Kumar,Male,21,HighSchool,Employed,Nagpur,Mobile,High,C108,Excel for Business,Business,Beginner,25,4.1,4,6,53.9,4,5.0,4,6,2.5,6,4,2,44.4,71.3,58.4,5,27-02-2025,UPI,Yes,No,3499,73,0,1,3.6,Completed,1,2,0,1,0,1,0,5
3472,STU103472,Neha Bhardwaj,Male,24,Master,Student,Mumbai,Mobile,Medium,C105,UI/UX Design Fundamentals,Design,Beginner,40,4.4,7,25,43.0,1,1.5,2,3,5.5,5,5,6,94.4,100.0,50.1,1,24-11-2024,UPI,Yes,Yes,3283,86,2,1,3.7,Not Completed,1,3,2,1,2,1,1,5
3473,STU103473,Vivaan Nair,Male,23,Master,Employed,Vadodara,Tablet,Low,C103,Introduction to AI,Programming,Intermediate,75,4.5,4,28,36.1,2,5.4,6,5,6.6,7,2,3,45.9,41.8,56.7,4,25-08-2025,UPI,Yes,No,6000,77,2,1,4.0,Completed,1,3,0,2,1,2,4,5
3474,STU103474,Rohan Sharma,Male,18,Bachelor,Self-Employed,Lucknow,Laptop,Medium,C101,Python Basics,Programming,Beginner,45,4.6,6,22,24.4,3,0.5,4,6,8.2,3,7,4,75.2,64.4,29.8,3,27-03-2024,NetBanking,Yes,No,4567,78,2,0,4.2,Not Completed,1,0,1,0,2,1,4,3
3475,STU103475,Meera Sharma,Female,21,Bachelor,Student,Bengaluru,Laptop,Medium,C104,Digital Marketing Essentials,Marketing,Beginner,30,4.3,3,38,67.2,0,4.9,5,4,6.1,5,5,3,41.9,50.9,56.1,3,05-04-2024,Credit Card,Yes,No,3590,62,0,1,4.5,Not Completed,0,0,2,0,2,1,2,0
3476,STU103476,Neha Iyer,Female,29,Bachelor,Unemployed,Indore,Mobile,High,C108,Excel for Business,Business,Beginner,25,4.1,6,40,54.5,5,3.7,0,4,4.3,3,7,4,52.9,59.2,40.0,1,27-11-2024,UPI,Yes,No,3068,60,2,0,4.7,Not Completed,0,0,3,1,0,1,0,5
3477,STU103477,Ananya Gupta,Female,29,HighSchool,Student,Ahmedabad,Mobile,High,C102,Data Analysis with Python,Programming,Intermediate,60,4.7,6,61,69.6,2,1.7,4,5,10.0,5,5,6,87.6,75.0,58.1,1,22-05-2025,Free,No,No,0,45,4,1,5.0,Not Completed,0,2,2,1,0,2,4,2
3478,STU103478,Neha Sharma,Female,28,Bachelor,Student,Vadodara,Mobile,High,C101,Python Basics,Programming,Beginner,45,4.6,4,30,74.2,0,0.5,8,8,7.1,3,7,2,54.6,47.2,46.3,1,10-05-2024,UPI,Yes,Yes,3920,63,0,2,2.8,Not Completed,0,0,2,1,0,1,4,5
3479,STU103479,Aditya Gupta,Female,20,Bachelor,Student,Nagpur,Laptop,High,C104,Digital Marketing Essentials,Marketing,Beginner,30,4.3,9,44,72.4,4,5.6,3,5,8.9,4,6,2,72.7,51.6,51.9,4,24-02-2024,Scholarship,No,No,287,66,0,0,5.0,Completed,0,0,2,0,0,1,2,4
3480,STU103480,Ritika Patel,Female,22,HighSchool,Student,Kolkata,Laptop,Medium,C104,Digital Marketing Essentials,Marketing,Beginner,30,4.3,6,36,59.2,5,3.5,0,7,0.3,5,5,5,74.2,67.4,54.1,2,08-02-2024,Scholarship,No,No,1205,47,3,0,5.0,Not Completed,0,2,2,0,2,1,2,4
3481,STU103481,Rohan Patel,Female,23,Bachelor,Student,Nagpur,Mobile,Medium,C103,Introduction to AI,Programming,Intermediate,75,4.5,7,21,64.6,2,7.1,0,7,7.8,5,5,4,65.7,67.5,56.0,1,10-01-2024,Debit Card,Yes,Yes,4814,91,3,0,2.9,Completed,0,0,2,1,2,2,4,1
3482,STU103482,Aditya Singh,Male,20,Bachelor,Student,Chennai,Laptop,Medium,C105,UI/UX Design Fundamentals,Design,Beginner,40,4.4,5,32,54.5,2,4.4,14,6,6.9,6,4,5,59.1,65.2,58.3,3,07-01-2025,Free,No,Yes,0,100,2,1,3.7,Not Completed,1,0,2,0,2,1,1,2
3483,STU103483,Arjun Reddy,Female,17,Bachelor,Self-Employed,Jaipur,Mobile,Medium,C106,Machine Learning A-Z,Programming,Advanced,90,4.6,9,26,60.8,3,3.1,7,3,4.9,7,3,6,93.6,56.9,66.1,2,25-08-2025,UPI,Yes,No,6853,45,3,2,3.5,Completed,0,0,1,1,2,0,4,5
3484,STU103484,Ritika Desai,Male,38,HighSchool,Student,Pune,Mobile,Low,C106,Machine Learning A-Z,Programming,Advanced,90,4.6,6,22,43.2,2,4.3,4,5,2.5,6,4,2,78.3,80.2,55.1,4,06-09-2024,Free,No,No,0,27,2,0,3.5,Not Completed,1,2,2,1,1,0,4,2
3485,STU103485,Vivaan Bhardwaj,Female,27,Bachelor,Student,Mumbai,Mobile,High,C108,Excel for Business,Business,Beginner,25,4.1,4,36,91.9,0,2.4,7,5,6.7,2,8,5,53.0,47.1,46.5,5,30-09-2024,UPI,Yes,No,3535,78,4,1,4.5,Completed,0,0,2,1,0,1,0,5
3486,STU103486,Neha Bose,Female,29,Bachelor,Student,Bengaluru,Mobile,Medium,C103,Introduction to AI,Programming,Intermediate,75,4.5,4,29,49.7,0,2.3,10,6,7.9,4,6,3,100.0,82.8,45.5,4,09-05-2024,UPI,Yes,No,5688,77,3,2,4.6,Completed,0,0,2,1,2,2,4,5
3487,STU103487,Vivaan Mehta,Female,25,Bachelor,Employed,Chennai,Mobile,Medium,C101,Python Basics,Programming,Beginner,45,4.6,3,31,78.7,2,0.5,0,4,8.7,5,5,4,60.1,67.4,60.9,2,10-08-2024,Credit Card,Yes,No,4654,62,6,0,4.7,Completed,0,0,0,1,2,1,4,0
3488,STU103488,Ritika Sharma,Male,22,Bachelor,Student,Pune,Mobile,Medium,C102,Data Analysis with Python,Programming,Intermediate,60,4.7,6,31,44.3,3,4.9,3,4,6.4,6,4,3,67.5,78.4,55.4,1,03-05-2024,UPI,Yes,No,5141,55,2,3,3.4,Not Completed,1,0,2,1,2,2,4,5
3489,STU103489,Pooja Iyer,Female,32,Master,Self-Employed,Indore,Mobile,Medium,C103,Introduction to AI,Programming,Intermediate,75,4.5,7,31,92.1,3,7.8,5,8,7.6,5,5,5,52.7,76.2,66.0,4,10-01-2025,NetBanking,Yes,No,5900,100,1,1,4.7,Completed,0,3,1,1,2,2,4,3
3490,STU103490,Aditya Shah,Male,17,Diploma,Student,Pune,Mobile,Medium,C105,UI/UX Design Fundamentals,Design,Beginner,40,4.4,4,47,69.3,1,1.8,17,8,8.4,4,6,11,96.9,95.9,53.1,2,06-08-2024,Scholarship,No,No,1403,65,6,0,2.9,Completed,1,1,2,1,2,1,1,4
3491,STU103491,Rahul Verma,Female,27,Diploma,Employed,Bengaluru,Mobile,Medium,C104,Digital Marketing Essentials,Marketing,Beginner,30,4.3,8,37,65.3,2,6.5,7,3,9.9,3,7,5,80.3,52.5,43.5,4,06-09-2024,Scholarship,No,No,485,64,2,2,4.0,Not Completed,0,1,0,1,2,1,2,4
3492,STU103492,Vivaan Sharma,Male,30,Diploma,Employed,Lucknow,Mobile,High,C101,Python Basics,Programming,Beginner,45,4.6,3,41,71.6,2,1.9,1,1,3.1,3,7,1,73.9,33.6,44.7,2,30-03-2025,Credit Card,Yes,No,4453,32,3,0,4.4,Completed,1,1,0,1,0,1,4,0
3493,STU103493,Rahul Patel,Male,25,Bachelor,Student,Jaipur,Laptop,Medium,C106,Machine Learning A-Z,Programming,Advanced,90,4.6,7,25,93.3,1,2.1,1,3,5.0,5,5,2,67.4,54.2,65.4,0,10-09-2024,Credit Card,Yes,Yes,6024,62,2,1,3.9,Completed,1,0,2,0,2,0,4,0
3494,STU103494,Sneha Patel,Female,31,Bachelor,Employed,Bengaluru,Laptop,Medium,C108,Excel for Business,Business,Beginner,25,4.1,3,36,71.4,2,0.5,3,8,7.2,3,7,6,67.0,62.5,46.1,1,16-09-2025,Credit Card,Yes,Yes,2635,46,6,2,4.9,Completed,0,0,0,0,2,1,0,0
3495,STU103495,Rohan Patel,Male,17,HighSchool,Student,Chennai,Mobile,High,C101,Python Basics,Programming,Beginner,45,4.6,4,40,35.2,1,4.4,7,5,7.6,1,8,4,75.5,57.4,21.2,3,15-12-2023,Debit Card,Yes,Yes,3751,57,3,0,3.3,Not Completed,1,2,2,1,0,1,4,1
3496,STU103496,Priya Desai,Male,22,Diploma,Unemployed,Jaipur,Mobile,High,C101,Python Basics,Programming,Beginner,45,4.6,5,33,48.1,0,0.5,0,5,7.8,6,4,2,82.0,60.6,55.9,2,02-06-2024,Free,No,No,0,90,3,2,3.3,Not Completed,1,1,3,1,0,1,4,2
3497,STU103497,Vivaan Bhardwaj,Female,18,Master,Employed,Surat,Mobile,Medium,C101,Python Basics,Programming,Beginner,45,4.6,6,29,72.9,3,0.5,10,4,7.4,8,2,5,92.3,66.5,76.8,4,11-08-2025,UPI,Yes,No,4653,49,6,0,3.7,Not Completed,0,3,0,1,2,1,4,5
3498,STU103498,Meera Bose,Female,26,Bachelor,Student,Jaipur,Laptop,Medium,C105,UI/UX Design Fundamentals,Design,Beginner,40,4.4,6,32,56.3,1,7.6,2,6,7.4,5,4,2,83.8,74.3,53.4,4,01-08-2024,Free,No,No,0,76,2,1,3.4,Not Completed,0,0,2,0,2,1,1,2
3499,STU103499,Sakshi Mehta,Female,25,Diploma,Employed,Kolkata,Mobile,Medium,C108,Excel for Business,Business,Beginner,25,4.1,7,33,46.8,2,0.5,1,7,6.6,5,5,2,82.0,45.8,48.7,1,16-06-2024,NetBanking,Yes,Yes,2596,49,0,3,4.3,Not Completed,0,1,0,1,2,1,0,3
3500,STU103500,Meera Bhardwaj,Female,25,Bachelor,Employed,Ahmedabad,Laptop,High,C103,Introduction to AI,Programming,Intermediate,75,4.5,7,22,31.0,2,0.5,25,1,3.6,7,3,3,74.8,80.2,56.9,3,29-07-2025,Free,No,Yes,0,67,2,1,5.0,Completed,0,0,0,0,0,2,4,2
3501,STU103501,Kavya Reddy,Female,17,Bachelor,Employed,Bhopal,Mobile,Low,C108,Excel for Business,Business,Beginner,25,4.1,3,22,70.8,1,3.0,14,4,7.4,4,6,1,65.1,77.3,52.7,1,24-01-2025,Scholarship,No,No,381,78,0,1,2.6,Not Completed,0,0,0,1,1,1,0,4
3502,STU103502,Rahul Bose,Female,31,Bachelor,Student,Hyderabad,Laptop,High,C102,Data Analysis with Python,Programming,Intermediate,60,4.7,11,32,63.3,2,8.0,1,7,5.7,5,5,4,79.4,83.2,56.3,4,05-08-2024,Free,No,No,0,74,1,0,3.1,Not Completed,0,0,2,0,0,2,4,2
3503,STU103503,Sai Mehta,Male,29,Bachelor,Employed,Ahmedabad,Laptop,Medium,C108,Excel for Business,Business,Beginner,25,4.1,5,39,75.9,1,0.5,2,7,5.8,4,6,2,72.3,67.7,54.0,2,27-10-2024,Free,No,No,0,77,5,1,4.4,Completed,1,0,0,0,2,1,0,2
3504,STU103504,Aarav Mehta,Female,25,Bachelor,Employed,Vadodara,Laptop,Medium,C102,Data Analysis with Python,Programming,Intermediate,60,4.7,3,23,52.2,0,4.6,4,7,2.5,3,7,5,89.0,67.2,39.6,0,29-11-2023,UPI,Yes,Yes,4517,44,3,1,3.6,Completed,0,0,0,0,2,2,4,5
3505,STU103505,Kavya Mehta,Female,23,Bachelor,Employed,Indore,Mobile,Medium,C108,Excel for Business,Business,Beginner,25,4.1,8,50,36.0,2,9.6,3,7,8.7,5,5,4,83.8,56.0,45.4,3,05-06-2024,UPI,Yes,Yes,2981,67,2,3,5.0,Not Completed,0,0,0,1,2,1,0,5
3506,STU103506,Priya Verma,Female,21,Bachelor,Student,Nagpur,Mobile,Medium,C105,UI/UX Design Fundamentals,Design,Beginner,40,4.4,5,32,35.4,3,5.8,5,4,7.3,2,8,4,82.6,67.3,27.8,4,17-05-2024,Debit Card,Yes,No,3726,74,1,0,5.0,Not Completed,0,0,2,1,2,1,1,1
3507,STU103507,Priya Mehta,Male,29,Master,Employed,Bhopal,Mobile,Low,C103,Introduction to AI,Programming,Intermediate,75,4.5,4,25,49.3,4,8.5,9,4,3.7,4,6,4,72.7,45.1,43.5,2,22-01-2025,Debit Card,Yes,Yes,4492,63,0,0,4.1,Completed,1,3,0,1,1,2,4,1
3508,STU103508,Kavya Mehta,Female,28,Bachelor,Student,Kolkata,Mobile,High,C103,Introduction to AI,Programming,Intermediate,75,4.5,4,22,35.1,3,3.9,12,5,10.0,8,2,5,75.7,67.3,63.7,1,14-09-2024,Debit Card,Yes,No,5271,70,3,1,5.0,Completed,0,0,2,1,0,2,4,1
3509,STU103509,Priya Verma,Female,29,Bachelor,Employed,Indore,Laptop,High,C104,Digital Marketing Essentials,Marketing,Beginner,30,4.3,7,50,63.6,1,2.9,2,5,6.1,7,3,4,96.5,68.6,67.7,3,24-06-2024,Free,No,No,0,88,1,1,4.2,Not Completed,0,0,0,0,0,1,2,2
3510,STU103510,Krishna Nair,Female,24,HighSchool,Student,Pune,Mobile,Medium,C104,Digital Marketing Essentials,Marketing,Beginner,30,4.3,3,45,40.7,1,3.0,7,7,5.2,6,4,2,84.5,75.8,54.0,3,22-08-2025,Scholarship,No,No,801,78,6,1,5.0,Not Completed,0,2,2,1,2,1,2,4
3511,STU103511,Sakshi Joshi,Female,17,Bachelor,Self-Employed,Bhopal,Mobile,Low,C104,Digital Marketing Essentials,Marketing,Beginner,30,4.3,5,30,69.3,1,9.2,3,4,6.6,4,6,1,75.8,64.7,51.5,0,08-12-2024,Scholarship,No,No,1235,85,1,2,3.6,Completed,0,0,1,1,1,1,2,4
3512,STU103512,Sneha Iyer,Male,23,Diploma,Student,Ahmedabad,Mobile,Medium,C102,Data Analysis with Python,Programming,Intermediate,60,4.7,3,29,83.8,0,2.4,2,5,6.0,5,5,4,92.7,79.0,63.3,0,09-03-2024,UPI,Yes,No,4822,100,3,3,4.6,Completed,1,1,2,1,2,2,4,5
3513,STU103513,Meera Sharma,Female,17,Bachelor,Self-Employed,Surat,Mobile,Medium,C105,UI/UX Design Fundamentals,Design,Beginner,40,4.4,7,50,56.2,4,17.7,7,5,6.6,4,6,5,100.0,54.0,46.4,3,19-08-2024,UPI,Yes,No,4207,46,2,1,3.7,Not Completed,0,0,1,1,2,1,1,5
3514,STU103514,Sakshi Mehta,Female,29,HighSchool,Student,Mumbai,Mobile,High,C102,Data Analysis with Python,Programming,Intermediate,60,4.7,9,23,78.1,2,3.1,16,6,6.5,6,4,4,95.0,44.1,65.5,2,26-09-2024,Free,No,No,0,78,1,0,4.8,Completed,0,2,2,1,0,2,4,2
3515,STU103515,Rahul Bose,Female,24,Bachelor,Student,Bengaluru,Laptop,Medium,C105,UI/UX Design Fundamentals,Design,Beginner,40,4.4,6,21,82.4,1,1.9,4,4,4.5,4,6,4,80.3,58.6,55.8,1,29-03-2025,UPI,Yes,No,4148,62,1,0,3.6,Completed,0,0,2,0,2,1,1,5
3516,STU103516,Isha Verma,Female,17,Diploma,Student,Kolkata,Laptop,Medium,C101,Python Basics,Programming,Beginner,45,4.6,6,24,64.3,4,1.2,12,5,8.5,6,4,7,86.3,64.4,61.7,2,15-05-2024,Free,No,No,0,79,1,0,3.7,Not Completed,0,1,2,0,2,1,4,2
3517,STU103517,Priya Bhardwaj,Male,24,Bachelor,Student,Lucknow,Laptop,Medium,C102,Data Analysis with Python,Programming,Intermediate,60,4.7,6,23,58.1,5,3.8,7,6,7.2,7,3,7,77.6,72.0,65.9,0,12-09-2025,Debit Card,Yes,No,4837,74,1,0,4.4,Completed,1,0,2,0,2,2,4,1
3518,STU103518,Nikhil Desai,Male,31,Bachelor,Student,Bengaluru,Laptop,High,C105,UI/UX Design Fundamentals,Design,Beginner,40,4.4,3,47,56.3,1,9.8,5,3,5.2,6,4,7,89.9,91.4,60.3,3,27-05-2025,UPI,Yes,No,4336,60,3,0,4.5,Completed,1,0,2,0,0,1,1,5
3519,STU103519,Krishna Verma,Male,27,Bachelor,Student,Chennai,Mobile,High,C102,Data Analysis with Python,Programming,Intermediate,60,4.7,11,40,68.7,1,7.5,13,3,7.4,4,5,3,78.1,72.3,51.6,2,24-06-2024,UPI,Yes,No,4768,72,6,0,5.0,Not Completed,1,0,2,1,0,2,4,5
3520,STU103520,Arjun Desai,Male,21,Bachelor,Student,Bhopal,Laptop,High,C104,Digital Marketing Essentials,Marketing,Beginner,30,4.3,6,34,71.5,2,1.3,8,5,3.8,3,7,7,67.5,33.9,44.7,6,03-07-2025,Free,No,No,0,51,2,3,3.6,Not Completed,1,0,2,0,0,1,2,2
3521,STU103521,Sakshi Gupta,Male,24,Master,Self-Employed,Indore,Mobile,High,C105,UI/UX Design Fundamentals,Design,Beginner,40,4.4,2,25,53.4,7,9.0,9,4,5.5,6,4,3,55.7,69.6,58.2,3,22-11-2023,NetBanking,Yes,No,3821,45,3,1,4.9,Completed,1,3,1,1,0,1,1,3
3522,STU103522,Vihaan Desai,Female,19,Master,Student,Delhi,Mobile,Medium,C101,Python Basics,Programming,Beginner,45,4.6,2,43,23.9,2,7.2,3,3,3.0,5,5,5,48.4,65.4,41.6,1,25-10-2023,Free,No,No,0,85,2,0,5.0,Completed,0,3,2,1,2,1,4,2
3523,STU103523,Vivaan Joshi,Female,21,Master,Employed,Nagpur,Laptop,Medium,C101,Python Basics,Programming,Beginner,45,4.6,5,49,38.6,2,0.5,5,4,8.0,7,3,5,84.4,76.2,59.3,3,16-10-2024,UPI,Yes,No,4646,67,4,1,2.9,Not Completed,0,3,0,0,2,1,4,5
3524,STU103524,Krishna Nair,Female,34,Bachelor,Employed,Bengaluru,Laptop,Medium,C108,Excel for Business,Business,Beginner,25,4.1,6,26,63.7,3,1.0,6,8,3.7,6,4,2,67.3,65.0,61.5,3,26-08-2024,Debit Card,Yes,No,3205,100,4,1,3.7,Not Completed,0,0,0,0,2,1,0,1
3525,STU103525,Aditya Joshi,Female,19,Bachelor,Employed,Jaipur,Mobile,High,C108,Excel for Business,Business,Beginner,25,4.1,8,42,51.0,2,9.9,3,3,5.7,3,7,2,67.8,62.7,39.0,2,05-06-2025,Debit Card,Yes,No,3174,72,4,0,4.0,Not Completed,0,0,0,1,0,1,0,1
3526,STU103526,Kavya Reddy,Female,33,Master,Employed,Hyderabad,Mobile,High,C106,Machine Learning A-Z,Programming,Advanced,90,4.6,6,42,69.7,1,3.8,2,4,5.2,3,7,3,99.7,62.6,45.5,3,08-08-2024,UPI,Yes,No,6754,46,1,0,4.0,Not Completed,0,3,0,1,0,0,4,5
3527,STU103527,Ananya Sharma,Female,23,HighSchool,Student,Vadodara,Mobile,Medium,C104,Digital Marketing Essentials,Marketing,Beginner,30,4.3,5,49,80.2,2,4.0,19,2,8.7,9,1,6,64.6,99.3,87.0,2,20-03-2024,Debit Card,Yes,Yes,3265,59,0,1,4.4,Completed,0,2,2,1,2,1,2,1
3528,STU103528,Sai Mehta,Female,30,Bachelor,Student,Delhi,Mobile,Medium,C104,Digital Marketing Essentials,Marketing,Beginner,30,4.3,6,36,81.6,1,8.5,5,2,3.6,4,6,5,73.2,72.8,56.2,3,11-07-2025,NetBanking,Yes,No,3280,52,0,0,4.0,Completed,0,0,2,1,2,1,2,3
3529,STU103529,Isha Verma,Female,22,Bachelor,Employed,Surat,Mobile,Medium,C104,Digital Marketing Essentials,Marketing,Beginner,30,4.3,5,42,80.4,4,3.6,16,8,7.8,5,5,1,74.1,57.7,61.0,2,08-02-2025,Debit Card,Yes,Yes,3195,65,3,4,4.7,Not Completed,0,0,0,1,2,1,2,1
3530,STU103530,Neha Nair,Female,30,Diploma,Student,Nagpur,Mobile,Medium,C108,Excel for Business,Business,Beginner,25,4.1,1,32,41.7,2,0.5,12,9,2.2,3,7,5,71.8,62.4,35.7,1,10-02-2024,UPI,Yes,No,3356,79,5,1,5.0,Completed,0,1,2,1,2,1,0,5
3531,STU103531,Arjun Bose,Male,17,Master,Employed,Kolkata,Laptop,High,C101,Python Basics,Programming,Beginner,45,4.6,6,27,76.6,3,1.8,9,7,8.1,4,6,2,65.8,68.2,54.2,3,26-11-2023,Credit Card,Yes,No,4417,64,5,0,4.8,Not Completed,1,3,0,0,0,1,4,0
3532,STU103532,Arjun Bose,Female,26,Bachelor,Employed,Chennai,Mobile,High,C104,Digital Marketing Essentials,Marketing,Beginner,30,4.3,4,52,66.7,3,0.5,10,7,4.4,8,2,3,87.3,70.2,74.9,5,16-02-2025,Debit Card,Yes,No,3579,100,1,1,4.4,Not Completed,0,0,0,1,0,1,2,1
3533,STU103533,Sai Desai,Female,27,HighSchool,Employed,Mumbai,Mobile,High,C105,UI/UX Design Fundamentals,Design,Beginner,40,4.4,4,38,66.5,4,4.9,0,11,8.3,5,5,2,61.3,71.2,56.8,1,22-10-2024,UPI,Yes,No,3681,66,5,1,2.9,Completed,0,2,0,1,0,1,1,5
3534,STU103534,Kavya Bhardwaj,Male,23,Bachelor,Employed,Jaipur,Mobile,Medium,C102,Data Analysis with Python,Programming,Intermediate,60,4.7,4,27,62.9,1,5.5,2,5,8.7,6,4,4,97.6,49.3,60.5,5,06-11-2023,Free,No,No,0,66,2,1,3.3,Not Completed,1,0,0,1,2,2,4,2
3535,STU103535,Meera Iyer,Male,21,Diploma,Student,Jaipur,Mobile,Low,C103,Introduction to AI,Programming,Intermediate,75,4.5,3,36,66.3,2,0.5,1,2,5.7,5,5,3,61.4,48.1,55.6,2,28-09-2024,UPI,Yes,No,5688,58,2,0,3.9,Not Completed,1,1,2,1,1,2,4,5
3536,STU103536,Aditya Bose,Female,20,Diploma,Unemployed,Hyderabad,Mobile,High,C101,Python Basics,Programming,Beginner,45,4.6,3,24,28.3,2,0.6,17,3,3.1,4,6,2,88.4,58.2,36.8,1,03-03-2024,Free,No,No,0,77,2,2,4.3,Not Completed,0,1,3,1,0,1,4,2
3537,STU103537,Sakshi Kumar,Male,26,Master,Student,Lucknow,Laptop,Medium,C103,Introduction to AI,Programming,Intermediate,75,4.5,5,35,67.3,4,0.5,4,3,7.7,5,5,2,62.0,48.8,56.0,4,18-03-2024,Debit Card,Yes,Yes,4832,58,1,0,3.9,Not Completed,1,3,2,0,2,2,4,1
3538,STU103538,Vihaan Bose,Male,37,Master,Employed,Vadodara,Laptop,High,C108,Excel for Business,Business,Beginner,25,4.1,4,39,99.6,1,3.9,5,9,6.0,6,4,4,83.4,74.8,74.6,0,05-05-2024,UPI,Yes,Yes,2564,65,5,0,3.2,Completed,1,3,0,0,0,1,0,5
3539,STU103539,Pooja Kumar,Female,21,Master,Employed,Indore,Mobile,Low,C107,Statistics for Data Science,Math,Intermediate,50,4.2,6,41,92.3,4,5.5,2,5,3.3,4,6,6,76.7,56.3,59.1,3,10-01-2024,UPI,Yes,No,4792,73,3,0,3.2,Completed,0,3,0,1,1,2,3,5
3540,STU103540,Sneha Bhardwaj,Female,23,Diploma,Student,Vadodara,Mobile,High,C104,Digital Marketing Essentials,Marketing,Beginner,30,4.3,8,28,81.3,2,13.4,2,5,8.4,9,1,4,86.1,87.1,86.8,3,14-07-2025,UPI,Yes,No,3253,78,5,0,4.5,Completed,0,1,2,1,0,1,2,5
3541,STU103541,Nikhil Mehta,Male,19,Bachelor,Employed,Bengaluru,Laptop,High,C103,Introduction to AI,Programming,Intermediate,75,4.5,5,29,30.5,2,0.5,0,5,7.5,7,3,7,66.9,61.5,55.8,2,01-07-2024,UPI,Yes,No,6274,59,0,0,5.0,Completed,1,0,0,0,0,2,4,5
3542,STU103542,Krishna Gupta,Female,27,Bachelor,Employed,Ahmedabad,Laptop,High,C108,Excel for Business,Business,Beginner,25,4.1,6,28,75.1,2,2.9,15,4,5.3,3,7,2,64.6,62.0,47.4,1,10-11-2023,NetBanking,Yes,No,3411,74,3,6,4.5,Completed,0,0,0,0,0,1,0,3
3543,STU103543,Meera Joshi,Female,23,Diploma,Student,Bhopal,Mobile,High,C101,Python Basics,Programming,Beginner,45,4.6,5,22,79.8,2,11.9,26,5,7.1,7,3,3,87.0,71.5,73.5,0,11-08-2025,Debit Card,Yes,No,3842,48,2,1,3.3,Completed,0,1,2,1,0,1,4,1
3544,STU103544,Rohan Nair,Female,22,Bachelor,Employed,Ahmedabad,Laptop,Low,C102,Data Analysis with Python,Programming,Intermediate,60,4.7,3,34,26.4,0,11.7,1,5,7.1,5,5,2,82.8,55.7,42.0,1,02-01-2025,Debit Card,Yes,No,4536,57,3,0,5.0,Not Completed,0,0,0,0,1,2,4,1
3545,STU103545,Pooja Patel,Male,23,Bachelor,Employed,Ahmedabad,Laptop,Medium,C106,Machine Learning A-Z,Programming,Advanced,90,4.6,4,26,79.5,2,0.5,1,2,10.0,4,6,3,63.4,73.3,55.5,2,19-08-2025,Credit Card,Yes,No,5927,88,5,0,2.7,Completed,1,0,0,0,2,0,4,0
3546,STU103546,Kavya Iyer,Female,32,Master,Employed,Delhi,Laptop,Medium,C103,Introduction to AI,Programming,Intermediate,75,4.5,5,29,60.3,4,10.7,12,3,3.0,3,7,5,70.6,73.3,42.8,4,18-11-2023,UPI,Yes,Yes,4909,84,2,1,3.7,Completed,0,3,0,0,2,2,4,5
3547,STU103547,Arjun Shah,Female,28,PhD,Student,Bhopal,Mobile,High,C105,UI/UX Design Fundamentals,Design,Beginner,40,4.4,2,30,95.2,1,0.5,3,3,3.7,3,7,7,76.2,73.7,55.0,1,26-05-2025,Credit Card,Yes,Yes,3228,53,1,3,2.7,Not Completed,0,4,2,1,0,1,1,0
3548,STU103548,Aarav Kumar,Female,34,Bachelor,Student,Chennai,Mobile,Medium,C102,Data Analysis with Python,Programming,Intermediate,60,4.7,4,42,80.6,2,5.2,20,3,8.7,4,6,6,77.4,45.6,54.5,2,09-02-2025,Debit Card,Yes,No,5225,64,5,2,5.0,Not Completed,0,0,2,1,2,2,4,1
3549,STU103549,Priya Mehta,Male,17,Bachelor,Student,Mumbai,Laptop,Low,C106,Machine Learning A-Z,Programming,Advanced,90,4.6,5,52,58.1,1,0.5,0,6,10.0,3,7,2,51.1,84.7,42.6,2,19-07-2024,Debit Card,Yes,Yes,5436,92,1,0,4.7,Not Completed,1,0,2,0,1,0,4,1
3550,STU103550,Priya Joshi,Female,23,Bachelor,Student,Hyderabad,Mobile,High,C107,Statistics for Data Science,Math,Intermediate,50,4.2,4,45,58.3,0,2.0,0,5,5.3,6,4,6,77.4,55.0,59.1,0,24-12-2024,Credit Card,Yes,No,4480,60,1,1,4.5,Completed,0,0,2,1,0,2,3,0
3551,STU103551,Isha Nair,Male,21,Diploma,Student,Hyderabad,Mobile,High,C101,Python Basics,Programming,Beginner,45,4.6,5,36,82.6,2,1.6,9,5,5.4,3,7,4,77.0,69.6,50.4,0,05-10-2024,NetBanking,Yes,No,3856,71,3,0,3.3,Not Completed,1,1,2,1,0,1,4,3
3552,STU103552,Neha Gupta,Female,25,Bachelor,Student,Pune,Laptop,High,C104,Digital Marketing Essentials,Marketing,Beginner,30,4.3,6,34,56.3,5,5.9,14,5,7.2,5,5,3,73.4,92.7,54.3,2,16-07-2024,Free,No,No,0,58,1,0,3.9,Completed,0,0,2,0,0,1,2,2
3553,STU103553,Aditya Bose,Male,26,Bachelor,Student,Kolkata,Laptop,Medium,C108,Excel for Business,Business,Beginner,25,4.1,7,31,21.0,2,9.0,7,7,5.2,5,5,5,56.1,38.0,39.3,3,11-01-2024,Free,No,Yes,0,55,1,3,4.5,Not Completed,1,0,2,0,2,1,0,2
3554,STU103554,Pooja Shah,Female,17,Master,Student,Surat,Mobile,High,C108,Excel for Business,Business,Beginner,25,4.1,7,55,78.6,2,5.4,46,8,4.9,6,4,5,66.1,89.3,68.0,2,09-11-2023,Credit Card,Yes,No,3508,52,1,0,3.2,Completed,0,3,2,1,0,1,0,0
3555,STU103555,Arjun Desai,Female,27,Bachelor,Student,Vadodara,Laptop,Medium,C101,Python Basics,Programming,Beginner,45,4.6,6,42,87.6,6,0.5,0,4,4.2,5,5,2,76.6,45.9,63.0,1,01-01-2024,Debit Card,Yes,Yes,3357,69,3,0,5.0,Completed,0,0,2,0,2,1,4,1
3556,STU103556,Sai Joshi,Female,25,Bachelor,Student,Delhi,Mobile,Low,C101,Python Basics,Programming,Beginner,45,4.6,2,40,88.3,5,4.7,11,3,6.2,4,6,2,70.0,91.3,59.5,1,15-06-2024,Credit Card,Yes,No,4456,46,2,2,3.6,Not Completed,0,0,2,1,1,1,4,0
3557,STU103557,Aditya Shah,Female,27,Master,Employed,Delhi,Mobile,High,C101,Python Basics,Programming,Beginner,45,4.6,7,24,64.7,1,4.8,8,4,4.9,4,5,4,74.0,82.3,50.7,3,30-10-2023,Scholarship,No,Yes,534,92,1,0,4.4,Completed,0,3,0,1,0,1,4,4
3558,STU103558,Pooja Shah,Male,31,Bachelor,Student,Bhopal,Mobile,Medium,C105,UI/UX Design Fundamentals,Design,Beginner,40,4.4,3,17,32.5,1,3.6,4,9,6.5,3,7,3,82.6,46.5,31.7,3,24-03-2024,Scholarship,No,No,789,78,3,0,4.0,Not Completed,1,0,2,1,2,1,1,4
3559,STU103559,Nikhil Iyer,Male,31,Bachelor,Employed,Nagpur,Mobile,Medium,C108,Excel for Business,Business,Beginner,25,4.1,6,35,89.3,4,5.4,6,8,7.4,4,6,3,68.9,78.6,59.2,0,24-07-2025,Debit Card,Yes,No,3005,69,3,1,3.4,Completed,1,0,0,1,2,1,0,1
3560,STU103560,Pooja Desai,Female,26,Bachelor,Student,Lucknow,Mobile,Medium,C101,Python Basics,Programming,Beginner,45,4.6,4,27,17.8,1,0.5,9,4,7.3,4,6,5,83.8,63.0,33.4,4,18-02-2024,UPI,Yes,No,4625,59,2,0,4.8,Not Completed,0,0,2,1,2,1,4,5
3561,STU103561,Vivaan Nair,Male,19,Diploma,Employed,Bengaluru,Mobile,Low,C102,Data Analysis with Python,Programming,Intermediate,60,4.7,4,52,72.7,1,2.2,0,6,8.1,4,6,1,37.5,55.4,52.2,1,08-01-2024,NetBanking,Yes,No,4884,72,3,2,3.9,Not Completed,1,1,0,1,1,2,4,3
3562,STU103562,Sai Sharma,Male,35,Master,Student,Indore,Mobile,High,C108,Excel for Business,Business,Beginner,25,4.1,6,50,52.3,4,5.9,6,6,9.2,9,1,3,90.1,75.2,76.1,1,20-10-2023,UPI,Yes,No,3300,67,3,0,4.9,Completed,1,3,2,1,0,1,0,5
3563,STU103563,Isha Desai,Male,29,Master,Employed,Lucknow,Tablet,High,C102,Data Analysis with Python,Programming,Intermediate,60,4.7,9,37,75.3,1,8.6,5,5,6.6,6,4,4,75.0,86.6,66.7,1,07-12-2023,Debit Card,Yes,Yes,4382,56,0,0,2.9,Completed,1,3,0,2,0,2,4,1
3564,STU103564,Aditya Mehta,Male,23,Bachelor,Self-Employed,Hyderabad,Mobile,Medium,C105,UI/UX Design Fundamentals,Design,Beginner,40,4.4,4,36,61.6,3,0.5,7,6,5.3,5,5,6,74.6,72.0,55.2,1,01-05-2024,Scholarship,No,No,633,72,3,0,3.3,Not Completed,1,0,1,1,2,1,1,4
3565,STU103565,Meera Shah,Male,28,Master,Employed,Pune,Laptop,Medium,C106,Machine Learning A-Z,Programming,Advanced,90,4.6,6,35,17.1,0,6.6,2,5,5.1,6,4,3,67.2,65.4,45.3,3,07-03-2025,Scholarship,No,Yes,1321,84,4,0,4.1,Completed,1,3,0,0,2,0,4,4
3566,STU103566,Sakshi Nair,Male,26,Bachelor,Employed,Bengaluru,Mobile,Medium,C104,Digital Marketing Essentials,Marketing,Beginner,30,4.3,5,37,30.0,2,0.5,13,3,5.2,6,4,2,64.7,62.5,49.6,2,08-09-2025,Free,No,Yes,0,83,2,2,4.3,Not Completed,1,0,0,1,2,1,2,2
3567,STU103567,Nikhil Shah,Male,20,Bachelor,Student,Nagpur,Mobile,Medium,C101,Python Basics,Programming,Beginner,45,4.6,7,28,33.1,1,10.2,29,5,6.1,6,4,0,53.5,73.2,51.2,2,23-04-2024,UPI,Yes,Yes,3728,44,3,0,3.1,Not Completed,1,0,2,1,2,1,4,5
3568,STU103568,Ritika Patel,Female,20,HighSchool,Student,Delhi,Mobile,Medium,C102,Data Analysis with Python,Programming,Intermediate,60,4.7,5,36,59.9,4,11.9,2,6,7.1,5,5,3,83.5,72.1,54.6,3,06-05-2024,UPI,Yes,No,4768,100,1,0,4.1,Completed,0,2,2,1,2,2,4,5
3569,STU103569,Neha Verma,Female,27,Bachelor,Employed,Bhopal,Mobile,High,C104,Digital Marketing Essentials,Marketing,Beginner,30,4.3,3,40,66.8,0,0.5,0,1,8.7,3,7,3,66.9,89.7,45.9,0,27-04-2024,Credit Card,Yes,No,3738,64,0,1,4.5,Not Completed,0,0,0,1,0,1,2,0
3570,STU103570,Vihaan Nair,Female,26,Bachelor,Employed,Vadodara,Mobile,Medium,C101,Python Basics,Programming,Beginner,45,4.6,6,38,80.2,6,0.5,14,9,3.7,4,6,7,66.1,63.6,55.3,4,25-04-2024,Free,No,No,0,93,3,2,3.5,Not Completed,0,0,0,1,2,1,4,2
3571,STU103571,Pooja Desai,Female,18,Bachelor,Student,Pune,Mobile,Medium,C101,Python Basics,Programming,Beginner,45,4.6,4,26,65.3,3,8.9,6,8,6.3,4,5,2,76.7,64.8,50.1,3,28-07-2025,Credit Card,Yes,Yes,3505,78,4,0,4.3,Completed,0,0,2,1,2,1,4,0
3572,STU103572,Nikhil Kumar,Male,30,Master,Employed,Jaipur,Mobile,Medium,C103,Introduction to AI,Programming,Intermediate,75,4.5,8,31,42.8,1,0.5,3,4,3.5,3,7,1,58.1,69.5,36.4,1,02-08-2025,Debit Card,Yes,Yes,4913,60,1,1,3.8,Not Completed,1,3,0,1,2,2,4,1
3573,STU103573,Ananya Singh,Male,21,Bachelor,Employed,Chennai,Mobile,High,C102,Data Analysis with Python,Programming,Intermediate,60,4.7,5,35,46.8,2,0.5,3,5,5.2,3,7,5,59.7,66.7,37.7,1,04-10-2024,Scholarship,No,Yes,644,77,0,1,4.4,Not Completed,1,0,0,1,0,2,4,4
3574,STU103574,Rohan Gupta,Female,35,Master,Student,Mumbai,Laptop,Medium,C105,UI/UX Design Fundamentals,Design,Beginner,40,4.4,4,51,96.0,7,3.4,4,6,5.6,6,4,8,76.5,99.1,74.6,6,15-09-2025,UPI,Yes,No,3707,100,8,1,4.7,Completed,0,3,2,0,2,1,1,5
3575,STU103575,Neha Kumar,Female,24,Bachelor,Student,Vadodara,Mobile,High,C101,Python Basics,Programming,Beginner,45,4.6,7,45,56.0,6,4.7,1,2,7.5,6,4,5,70.8,36.9,57.5,2,19-12-2023,Free,No,No,0,88,0,0,3.6,Completed,0,0,2,1,0,1,4,2
3576,STU103576,Aditya Reddy,Male,32,Master,Self-Employed,Hyderabad,Laptop,Medium,C108,Excel for Business,Business,Beginner,25,4.1,9,45,50.9,4,9.4,0,5,6.2,6,4,5,89.8,69.0,57.3,2,17-12-2023,NetBanking,Yes,No,3519,76,5,0,4.8,Completed,1,3,1,0,2,1,0,3
3577,STU103577,Sakshi Desai,Male,17,Master,Self-Employed,Nagpur,Mobile,High,C103,Introduction to AI,Programming,Intermediate,75,4.5,6,52,71.6,3,2.9,2,6,8.7,5,5,1,77.0,86.0,59.4,1,06-09-2025,Debit Card,Yes,Yes,4972,71,4,0,3.6,Not Completed,1,3,1,1,0,2,4,1
3578,STU103578,Kavya Patel,Male,35,Master,Student,Indore,Mobile,Medium,C106,Machine Learning A-Z,Programming,Advanced,90,4.6,6,37,85.3,3,0.5,3,4,3.8,4,6,2,63.0,70.2,57.4,2,07-09-2024,UPI,Yes,No,6249,73,4,1,3.2,Completed,1,3,2,1,2,0,4,5
3579,STU103579,Nikhil Desai,Female,23,Master,Employed,Bhopal,Laptop,Medium,C108,Excel for Business,Business,Beginner,25,4.1,8,37,75.5,2,2.5,10,5,8.5,5,5,9,61.6,73.2,60.1,2,30-09-2025,Free,No,No,0,59,0,1,4.2,Completed,0,3,0,0,2,1,0,2
3580,STU103580,Sakshi Iyer,Male,26,HighSchool,Student,Delhi,Mobile,Medium,C104,Digital Marketing Essentials,Marketing,Beginner,30,4.3,2,33,68.3,2,2.5,12,9,4.2,6,4,4,67.5,60.9,62.9,3,07-09-2024,Scholarship,No,No,1038,97,2,2,5.0,Not Completed,1,2,2,1,2,1,2,4
3581,STU103581,Kavya Joshi,Male,26,Bachelor,Employed,Indore,Laptop,Medium,C107,Statistics for Data Science,Math,Intermediate,50,4.2,5,21,57.5,1,4.7,1,6,5.7,6,4,2,86.0,72.8,59.8,1,30-10-2024,UPI,Yes,No,4605,57,3,0,4.5,Completed,1,0,0,0,2,2,3,5
3582,STU103582,Meera Kumar,Male,19,Bachelor,Student,Vadodara,Laptop,Low,C104,Digital Marketing Essentials,Marketing,Beginner,30,4.3,2,38,87.0,0,0.5,6,3,8.0,3,7,0,58.6,63.4,51.6,0,28-04-2025,Free,No,No,0,45,0,0,4.6,Completed,1,0,2,0,1,1,2,2
3583,STU103583,Krishna Singh,Male,28,Bachelor,Student,Jaipur,Mobile,High,C102,Data Analysis with Python,Programming,Intermediate,60,4.7,4,28,35.4,2,0.5,7,4,5.3,2,8,2,56.4,47.3,26.8,4,23-09-2025,UPI,Yes,Yes,3988,64,0,2,4.7,Completed,1,0,2,1,0,2,4,5
3584,STU103584,Sneha Mehta,Male,29,Master,Student,Kolkata,Mobile,Medium,C108,Excel for Business,Business,Beginner,25,4.1,12,37,68.0,1,0.5,1,3,8.2,7,3,2,93.8,73.7,69.5,2,13-09-2024,Free,No,No,0,47,4,1,3.7,Completed,1,3,2,1,2,1,0,2
3585,STU103585,Priya Reddy,Female,29,Bachelor,Employed,Nagpur,Tablet,Medium,C108,Excel for Business,Business,Beginner,25,4.1,2,39,25.8,1,0.5,1,8,4.8,2,8,2,39.7,90.9,25.6,3,22-01-2025,Free,No,No,0,21,1,0,3.2,Not Completed,0,0,0,2,2,1,0,2
3586,STU103586,Arjun Verma,Male,24,HighSchool,Student,Indore,Laptop,High,C106,Machine Learning A-Z,Programming,Advanced,90,4.6,6,35,67.3,3,6.6,11,8,9.6,7,3,2,72.0,78.8,69.5,5,19-12-2024,Scholarship,No,No,1922,51,2,1,4.7,Not Completed,1,2,2,0,0,0,4,4
3587,STU103587,Aarav Shah,Male,20,Master,Student,Bengaluru,Mobile,Medium,C107,Statistics for Data Science,Math,Intermediate,50,4.2,6,45,16.4,2,0.7,3,5,7.3,4,6,5,68.7,54.9,32.5,1,10-11-2024,UPI,Yes,No,4640,100,4,1,4.5,Not Completed,1,3,2,1,2,2,3,5
3588,STU103588,Arjun Mehta,Male,22,HighSchool,Employed,Hyderabad,Mobile,Medium,C101,Python Basics,Programming,Beginner,45,4.6,6,30,74.2,1,9.9,1,3,4.1,2,8,4,65.0,63.2,41.1,1,24-08-2025,NetBanking,Yes,No,4174,5,3,2,4.6,Not Completed,1,2,0,1,2,1,4,3
3589,STU103589,Sai Verma,Female,17,Bachelor,Employed,Jaipur,Mobile,Low,C108,Excel for Business,Business,Beginner,25,4.1,8,48,46.2,3,4.1,8,4,7.2,6,4,5,60.0,54.6,54.9,3,26-05-2024,UPI,Yes,No,3537,46,4,0,4.4,Completed,0,0,0,1,1,1,0,5
3590,STU103590,Vihaan Patel,Male,19,HighSchool,Student,Chennai,Mobile,High,C104,Digital Marketing Essentials,Marketing,Beginner,30,4.3,6,13,60.3,5,1.8,14,1,9.8,4,6,5,43.8,60.8,48.1,2,20-07-2024,Credit Card,Yes,No,3607,54,3,2,3.7,Completed,1,2,2,1,0,1,2,0
3591,STU103591,Pooja Singh,Male,20,Bachelor,Student,Mumbai,Mobile,High,C104,Digital Marketing Essentials,Marketing,Beginner,30,4.3,6,47,46.9,4,2.7,3,2,8.1,7,3,6,66.3,86.5,62.7,2,27-03-2024,UPI,Yes,No,3322,77,1,1,4.3,Completed,1,0,2,1,0,1,2,5
3592,STU103592,Ananya Shah,Male,28,Bachelor,Student,Nagpur,Mobile,Low,C104,Digital Marketing Essentials,Marketing,Beginner,30,4.3,3,42,63.2,4,11.9,1,8,7.4,4,6,1,71.3,91.7,50.7,2,06-06-2024,NetBanking,Yes,No,3547,56,2,5,3.9,Completed,1,0,2,1,1,1,2,3
3593,STU103593,Krishna Reddy,Female,17,Diploma,Employed,Jaipur,Laptop,Low,C106,Machine Learning A-Z,Programming,Advanced,90,4.6,5,32,53.4,2,0.5,12,2,7.8,5,4,3,63.6,51.5,51.3,0,02-01-2025,Free,No,No,0,40,2,1,5.0,Completed,0,1,0,0,1,0,4,2
3594,STU103594,Isha Shah,Female,17,Bachelor,Student,Bengaluru,Mobile,Medium,C104,Digital Marketing Essentials,Marketing,Beginner,30,4.3,5,44,84.7,1,4.2,2,2,5.7,6,4,1,71.3,53.0,68.3,5,28-08-2025,Credit Card,Yes,No,3189,58,3,2,4.2,Not Completed,0,0,2,1,2,1,2,0
3595,STU103595,Vivaan Joshi,Female,23,Bachelor,Student,Delhi,Mobile,Medium,C101,Python Basics,Programming,Beginner,45,4.6,5,42,36.9,3,11.3,11,7,7.1,8,2,4,87.3,82.6,65.0,1,12-09-2024,Debit Card,Yes,No,4671,75,0,1,5.0,Completed,0,0,2,1,2,1,4,1
3596,STU103596,Meera Bhardwaj,Male,34,Master,Employed,Ahmedabad,Laptop,High,C101,Python Basics,Programming,Beginner,45,4.6,4,27,18.5,4,3.6,6,6,2.6,8,2,4,93.6,74.3,58.2,4,31-03-2025,Free,No,Yes,0,100,2,1,4.0,Not Completed,1,3,0,0,0,1,4,2
3597,STU103597,Meera Desai,Female,25,Diploma,Student,Pune,Mobile,Low,C103,Introduction to AI,Programming,Intermediate,75,4.5,2,27,64.9,1,5.6,8,3,7.1,3,7,4,59.0,41.5,42.8,4,30-10-2023,Debit Card,Yes,No,6051,72,2,2,4.5,Completed,0,1,2,1,1,2,4,1
3598,STU103598,Ananya Iyer,Male,25,Master,Student,Bengaluru,Mobile,Medium,C103,Introduction to AI,Programming,Intermediate,75,4.5,5,30,71.6,1,6.5,14,5,4.4,5,5,5,79.8,69.4,58.5,2,30-08-2024,UPI,Yes,No,5286,53,2,1,3.6,Not Completed,1,3,2,1,2,2,4,5
3599,STU103599,Sakshi Mehta,Male,29,Bachelor,Student,Jaipur,Laptop,Low,C101,Python Basics,Programming,Beginner,45,4.6,4,42,23.8,4,0.5,1,12,10.0,4,6,9,87.1,75.9,36.1,4,26-02-2024,Scholarship,No,Yes,2054,58,5,1,3.9,Not Completed,1,0,2,0,1,1,4,4
3600,STU103600,Ritika Kumar,Male,24,Bachelor,Employed,Hyderabad,Laptop,Medium,C106,Machine Learning A-Z,Programming,Advanced,90,4.6,5,35,92.5,1,4.9,4,8,8.5,6,4,1,74.3,62.9,71.5,2,21-09-2025,Free,No,No,0,73,2,1,4.3,Not Completed,1,0,0,0,2,0,4,2
3601,STU103601,Arjun Joshi,Male,34,PhD,Employed,Jaipur,Mobile,High,C108,Excel for Business,Business,Beginner,25,4.1,6,37,92.3,2,3.9,17,9,6.2,7,3,3,70.2,55.9,77.1,3,20-12-2023,Free,No,Yes,0,41,2,0,5.0,Completed,1,4,0,1,0,1,0,2
3602,STU103602,Aarav Reddy,Male,33,Bachelor,Employed,Hyderabad,Mobile,High,C103,Introduction to AI,Programming,Intermediate,75,4.5,5,29,51.1,1,3.4,1,8,6.7,5,5,2,79.6,100.0,52.9,2,18-05-2024,NetBanking,Yes,Yes,4671,93,3,1,4.4,Completed,1,0,0,1,0,2,4,3
3603,STU103603,Pooja Nair,Male,34,Bachelor,Employed,Pune,Mobile,Medium,C108,Excel for Business,Business,Beginner,25,4.1,4,24,63.2,1,0.5,27,9,7.3,3,6,1,92.1,56.4,42.9,3,01-09-2024,NetBanking,Yes,No,3033,65,3,0,2.2,Not Completed,1,0,0,1,2,1,0,3
3604,STU103604,Meera Desai,Female,30,Diploma,Employed,Ahmedabad,Mobile,High,C104,Digital Marketing Essentials,Marketing,Beginner,30,4.3,3,39,83.8,2,3.9,1,5,5.3,5,5,6,89.6,63.3,62.5,3,30-05-2025,UPI,Yes,Yes,3229,49,2,2,5.0,Completed,0,1,0,1,0,1,2,5
3605,STU103605,Pooja Nair,Male,40,Bachelor,Employed,Pune,Laptop,High,C108,Excel for Business,Business,Beginner,25,4.1,5,32,63.2,1,0.5,1,3,4.5,4,6,4,46.6,36.0,47.9,0,10-09-2024,Free,No,No,0,54,4,1,3.9,Not Completed,1,0,0,0,0,1,0,2
3606,STU103606,Nikhil Bose,Female,23,Bachelor,Employed,Pune,Mobile,Medium,C106,Machine Learning A-Z,Programming,Advanced,90,4.6,3,48,45.0,1,6.1,6,8,4.5,3,7,8,70.4,82.7,37.9,4,02-07-2025,Credit Card,Yes,Yes,5263,59,3,1,5.0,Not Completed,0,0,0,1,2,0,4,0
3607,STU103607,Rohan Shah,Female,22,Master,Student,Nagpur,Mobile,High,C102,Data Analysis with Python,Programming,Intermediate,60,4.7,3,37,36.6,4,3.5,0,4,6.0,5,4,5,96.7,73.0,46.5,0,15-05-2025,Free,No,Yes,0,67,2,1,3.2,Not Completed,0,3,2,1,0,2,4,2
3608,STU103608,Meera Bose,Female,25,Bachelor,Student,Mumbai,Mobile,High,C102,Data Analysis with Python,Programming,Intermediate,60,4.7,5,47,50.4,1,6.3,0,4,6.7,4,6,3,52.2,69.8,45.1,2,22-01-2024,NetBanking,Yes,No,4549,54,3,0,4.1,Completed,0,0,2,1,0,2,4,3
3609,STU103609,Priya Desai,Female,33,Bachelor,Student,Bengaluru,Mobile,Low,C105,UI/UX Design Fundamentals,Design,Beginner,40,4.4,5,38,72.0,1,0.5,3,5,9.1,3,7,1,56.1,77.9,47.1,0,08-01-2024,UPI,Yes,Yes,3490,29,1,1,5.0,Not Completed,0,0,2,1,1,1,1,5
3610,STU103610,Ritika Reddy,Female,17,Bachelor,Student,Kolkata,Mobile,Medium,C105,UI/UX Design Fundamentals,Design,Beginner,40,4.4,4,42,76.2,2,0.5,7,7,10.0,7,3,3,88.0,92.3,73.3,3,15-07-2024,Debit Card,Yes,Yes,3449,72,1,1,5.0,Not Completed,0,0,2,1,2,1,1,1
3611,STU103611,Aditya Reddy,Female,42,Bachelor,Employed,Chennai,Mobile,High,C107,Statistics for Data Science,Math,Intermediate,50,4.2,4,38,64.1,0,0.5,5,5,8.2,6,4,4,59.6,67.7,61.8,0,25-07-2024,Debit Card,Yes,Yes,3961,67,4,1,2.2,Not Completed,0,0,0,1,0,2,3,1
3612,STU103612,Arjun Joshi,Female,24,Bachelor,Employed,Nagpur,Mobile,Low,C107,Statistics for Data Science,Math,Intermediate,50,4.2,6,33,54.5,3,0.5,1,4,5.4,3,7,5,77.0,48.9,39.5,2,13-02-2025,UPI,Yes,No,4727,60,0,1,3.8,Not Completed,0,0,0,1,1,2,3,5
3613,STU103613,Rohan Singh,Female,25,Bachelor,Student,Lucknow,Mobile,High,C101,Python Basics,Programming,Beginner,45,4.6,3,32,49.4,3,0.5,0,5,8.9,6,4,5,76.4,38.8,55.2,0,15-10-2024,UPI,Yes,No,4168,59,2,1,5.0,Completed,0,0,2,1,0,1,4,5
3614,STU103614,Sakshi Reddy,Female,22,HighSchool,Unemployed,Surat,Tablet,High,C101,Python Basics,Programming,Beginner,45,4.6,8,20,76.4,1,3.2,6,5,7.7,7,2,6,84.0,60.3,71.7,5,22-07-2024,Free,No,No,0,55,8,0,5.0,Completed,0,2,3,2,0,1,4,2
3615,STU103615,Pooja Reddy,Male,21,Bachelor,Student,Hyderabad,Laptop,High,C105,UI/UX Design Fundamentals,Design,Beginner,40,4.4,3,33,46.5,1,0.5,8,7,5.1,8,2,6,100.0,100.0,69.3,0,18-04-2025,Credit Card,Yes,No,3793,86,6,4,3.8,Completed,1,0,2,0,0,1,1,0
3616,STU103616,Krishna Shah,Male,25,Bachelor,Student,Vadodara,Laptop,Low,C105,UI/UX Design Fundamentals,Design,Beginner,40,4.4,4,41,54.1,1,2.2,3,7,4.4,4,6,1,53.7,42.8,45.1,0,19-06-2025,UPI,Yes,Yes,3673,58,3,0,3.4,Not Completed,1,0,2,0,1,1,1,5
3617,STU103617,Sakshi Sharma,Female,35,Diploma,Self-Employed,Ahmedabad,Mobile,High,C106,Machine Learning A-Z,Programming,Advanced,90,4.6,7,38,59.7,4,13.3,0,7,7.5,4,6,6,59.7,50.9,47.5,2,03-05-2024,Debit Card,Yes,Yes,5236,90,5,1,5.0,Completed,0,1,1,1,0,0,4,1
3618,STU103618,Ritika Desai,Female,30,Master,Employed,Surat,Laptop,High,C102,Data Analysis with Python,Programming,Intermediate,60,4.7,4,21,53.4,1,3.9,0,3,1.8,3,7,3,67.8,52.1,39.3,0,05-11-2024,Free,No,No,0,74,1,1,3.6,Not Completed,0,3,0,0,0,2,4,2
3619,STU103619,Isha Nair,Female,26,Bachelor,Employed,Nagpur,Mobile,Medium,C107,Statistics for Data Science,Math,Intermediate,50,4.2,5,34,76.8,4,0.5,9,7,6.6,6,4,0,94.8,76.7,66.7,0,17-08-2024,UPI,Yes,No,4504,65,2,0,4.1,Completed,0,0,0,1,2,2,3,5
3620,STU103620,Neha Singh,Female,24,Master,Student,Bengaluru,Laptop,High,C102,Data Analysis with Python,Programming,Intermediate,60,4.7,7,31,65.1,3,3.0,1,5,3.5,6,4,5,80.3,60.2,61.8,1,15-11-2023,Debit Card,Yes,No,5208,99,1,0,4.6,Completed,0,3,2,0,0,2,4,1
3621,STU103621,Isha Sharma,Female,33,Bachelor,Student,Hyderabad,Mobile,Medium,C104,Digital Marketing Essentials,Marketing,Beginner,30,4.3,9,30,26.9,1,0.5,13,8,10.0,6,4,4,78.0,82.3,49.5,2,16-03-2024,UPI,Yes,No,3329,44,2,0,5.0,Completed,0,0,2,1,2,1,2,5
3622,STU103622,Kavya Iyer,Male,17,Master,Student,Chennai,Mobile,High,C104,Digital Marketing Essentials,Marketing,Beginner,30,4.3,6,44,71.6,5,0.5,7,8,5.3,7,3,2,87.5,65.5,70.3,4,16-06-2025,UPI,Yes,No,3215,59,3,0,5.0,Completed,1,3,2,1,0,1,2,5
3623,STU103623,Kavya Desai,Female,34,HighSchool,Employed,Hyderabad,Mobile,Medium,C101,Python Basics,Programming,Beginner,45,4.6,4,38,60.2,2,0.5,1,8,3.6,3,7,6,71.0,44.6,41.3,0,23-07-2024,Credit Card,Yes,No,4400,91,1,1,4.6,Completed,0,2,0,1,2,1,4,0
3624,STU103624,Kavya Kumar,Female,30,Bachelor,Student,Pune,Laptop,Medium,C106,Machine Learning A-Z,Programming,Advanced,90,4.6,4,24,84.2,1,6.3,17,9,6.3,6,4,4,36.7,65.0,68.7,1,23-01-2025,NetBanking,Yes,No,6637,99,0,1,3.9,Not Completed,0,0,2,0,2,0,4,3
3625,STU103625,Ananya Verma,Female,20,Master,Student,Jaipur,Mobile,Medium,C101,Python Basics,Programming,Beginner,45,4.6,4,23,45.5,4,0.5,22,4,5.7,5,5,5,73.0,100.0,50.9,3,03-11-2023,Free,No,No,0,67,2,0,4.1,Not Completed,0,3,2,1,2,1,4,2
3626,STU103626,Vihaan Patel,Female,17,HighSchool,Student,Nagpur,Laptop,Low,C103,Introduction to AI,Programming,Intermediate,75,4.5,2,25,80.4,3,0.5,11,1,2.7,5,5,2,67.8,100.0,63.1,0,16-02-2025,Credit Card,Yes,No,5633,63,1,1,4.0,Completed,0,2,2,0,1,2,4,0
3627,STU103627,Sneha Verma,Female,29,Bachelor,Student,Hyderabad,Laptop,Medium,C107,Statistics for Data Science,Math,Intermediate,50,4.2,11,41,63.1,1,6.8,0,7,7.2,3,7,8,68.7,100.0,45.1,4,04-11-2024,UPI,Yes,No,4801,86,5,0,4.8,Not Completed,0,0,2,0,2,2,3,5
3628,STU103628,Rahul Patel,Male,24,Diploma,Employed,Lucknow,Mobile,Medium,C103,Introduction to AI,Programming,Intermediate,75,4.5,3,33,91.9,1,7.6,3,5,4.4,1,9,3,81.5,88.5,42.6,2,12-09-2024,UPI,Yes,Yes,4818,75,2,2,3.9,Not Completed,1,1,0,1,2,2,4,5
3629,STU103629,Priya Verma,Male,22,Bachelor,Self-Employed,Hyderabad,Laptop,Medium,C105,UI/UX Design Fundamentals,Design,Beginner,40,4.4,7,47,91.2,0,4.5,4,7,5.2,3,7,2,62.1,61.3,53.0,5,21-11-2023,UPI,Yes,No,4351,75,3,3,5.0,Not Completed,1,0,1,0,2,1,1,5
3630,STU103630,Ananya Joshi,Male,28,Master,Employed,Jaipur,Mobile,Low,C106,Machine Learning A-Z,Programming,Advanced,90,4.6,4,28,84.2,2,0.5,2,4,7.1,6,4,1,56.5,60.6,68.5,1,26-11-2023,Credit Card,Yes,No,6274,80,1,1,4.8,Completed,1,3,0,1,1,0,4,0
3631,STU103631,Ritika Patel,Female,21,Diploma,Student,Indore,Laptop,High,C106,Machine Learning A-Z,Programming,Advanced,90,4.6,5,33,81.6,3,0.5,48,3,6.1,5,5,5,87.4,71.2,62.1,2,29-02-2024,Debit Card,Yes,No,6692,73,0,1,4.7,Not Completed,0,1,2,0,0,0,4,1
3632,STU103632,Meera Sharma,Female,24,Bachelor,Student,Bhopal,Mobile,Medium,C101,Python Basics,Programming,Beginner,45,4.6,1,36,51.3,1,0.5,39,6,9.6,6,4,2,81.0,74.1,57.7,6,20-03-2024,Free,No,No,0,46,2,1,4.0,Not Completed,0,0,2,1,2,1,4,2
3633,STU103633,Vihaan Gupta,Female,35,Bachelor,Student,Bengaluru,Mobile,Low,C108,Excel for Business,Business,Beginner,25,4.1,2,12,16.2,2,0.8,0,4,6.4,3,7,3,47.7,63.2,26.8,1,13-06-2024,UPI,Yes,No,3269,93,2,2,3.4,Completed,0,0,2,1,1,1,0,5
3634,STU103634,Aditya Desai,Female,27,Diploma,Student,Hyderabad,Mobile,High,C108,Excel for Business,Business,Beginner,25,4.1,3,44,64.6,1,1.7,33,6,6.1,5,4,5,75.6,74.8,56.4,0,27-09-2024,Scholarship,No,No,419,72,1,4,4.7,Not Completed,0,1,2,1,0,1,0,4
3635,STU103635,Aditya Mehta,Male,24,HighSchool,Employed,Hyderabad,Mobile,Low,C106,Machine Learning A-Z,Programming,Advanced,90,4.6,2,40,71.9,4,0.5,10,4,6.7,6,4,1,78.0,57.2,64.0,5,04-03-2025,Credit Card,Yes,No,6618,36,1,0,2.8,Completed,1,2,0,1,1,0,4,0
3636,STU103636,Priya Gupta,Female,26,Bachelor,Student,Mumbai,Tablet,Medium,C104,Digital Marketing Essentials,Marketing,Beginner,30,4.3,5,38,24.6,3,4.5,2,11,7.2,7,3,5,85.6,61.3,53.7,5,04-08-2025,Free,No,No,0,51,6,0,3.4,Not Completed,0,0,2,2,2,1,2,2
3637,STU103637,Priya Nair,Male,31,Master,Employed,Bengaluru,Mobile,Medium,C104,Digital Marketing Essentials,Marketing,Beginner,30,4.3,7,41,40.9,0,6.4,7,2,5.1,6,4,2,57.5,66.1,53.6,2,16-01-2024,Credit Card,Yes,No,3433,41,3,0,4.5,Not Completed,1,3,0,1,2,1,2,0
3638,STU103638,Krishna Reddy,Female,24,HighSchool,Student,Bengaluru,Mobile,Low,C101,Python Basics,Programming,Beginner,45,4.6,7,45,73.5,3,0.9,0,4,4.9,6,4,3,50.7,78.0,65.6,0,10-07-2024,Credit Card,Yes,Yes,3480,62,4,2,3.2,Not Completed,0,2,2,1,1,1,4,0
3639,STU103639,Rohan Singh,Female,32,Bachelor,Self-Employed,Mumbai,Laptop,High,C105,UI/UX Design Fundamentals,Design,Beginner,40,4.4,4,33,55.8,0,11.2,7,3,4.8,7,3,3,63.5,52.8,64.2,3,10-05-2025,Credit Card,Yes,No,4243,87,0,0,2.8,Completed,0,0,1,0,0,1,1,0
3640,STU103640,Aarav Patel,Female,26,Bachelor,Student,Lucknow,Laptop,Low,C107,Statistics for Data Science,Math,Intermediate,50,4.2,2,22,60.2,0,6.2,14,2,4.4,3,7,2,71.7,80.7,43.1,3,03-06-2024,Free,No,Yes,0,50,3,0,4.6,Not Completed,0,0,2,0,1,2,3,2
3641,STU103641,Meera Patel,Female,17,Bachelor,Student,Mumbai,Laptop,Low,C102,Data Analysis with Python,Programming,Intermediate,60,4.7,4,39,59.3,1,2.8,5,5,8.1,3,7,3,75.2,56.4,41.6,5,11-06-2024,Credit Card,Yes,No,5459,77,5,0,3.4,Completed,0,0,2,0,1,2,4,0
3642,STU103642,Arjun Shah,Male,27,Bachelor,Employed,Bengaluru,Mobile,Medium,C104,Digital Marketing Essentials,Marketing,Beginner,30,4.3,3,19,50.3,2,1.1,1,6,8.6,4,6,4,100.0,43.1,43.8,3,11-09-2024,Debit Card,Yes,No,3768,58,3,1,4.4,Completed,1,0,0,1,2,1,2,1
3643,STU103643,Priya Desai,Male,25,Bachelor,Employed,Lucknow,Laptop,Medium,C106,Machine Learning A-Z,Programming,Advanced,90,4.6,5,32,72.8,0,4.1,2,6,4.9,1,8,3,62.1,97.1,36.3,2,05-11-2023,Credit Card,Yes,No,6381,56,2,1,3.4,Not Completed,1,0,0,0,2,0,4,0
3644,STU103644,Ritika Desai,Female,25,Bachelor,Employed,Ahmedabad,Laptop,Medium,C104,Digital Marketing Essentials,Marketing,Beginner,30,4.3,3,40,57.2,3,4.3,21,7,5.1,7,3,2,60.7,58.0,64.9,4,01-09-2025,NetBanking,Yes,No,3493,100,1,1,2.8,Completed,0,0,0,0,2,1,2,3
3645,STU103645,Isha Gupta,Male,19,Bachelor,Student,Delhi,Mobile,Medium,C101,Python Basics,Programming,Beginner,45,4.6,5,40,25.9,2,11.2,1,7,7.8,6,4,5,91.2,64.4,48.3,5,11-06-2025,Debit Card,Yes,No,4441,98,3,0,4.3,Completed,1,0,2,1,2,1,4,1
3646,STU103646,Vivaan Singh,Female,22,Bachelor,Employed,Pune,Laptop,Medium,C105,UI/UX Design Fundamentals,Design,Beginner,40,4.4,5,34,71.5,0,3.0,1,4,5.5,4,6,7,70.3,96.3,53.8,3,24-10-2023,NetBanking,Yes,No,3612,67,4,1,4.7,Completed,0,0,0,0,2,1,1,3
3647,STU103647,Sneha Nair,Female,22,Bachelor,Employed,Delhi,Laptop,High,C105,UI/UX Design Fundamentals,Design,Beginner,40,4.4,2,43,32.0,1,7.6,1,3,5.8,4,6,3,65.7,65.0,38.4,2,27-10-2024,Debit Card,Yes,Yes,3504,64,1,2,5.0,Not Completed,0,0,0,0,0,1,1,1
3648,STU103648,Ritika Bose,Male,38,Diploma,Employed,Nagpur,Mobile,Medium,C101,Python Basics,Programming,Beginner,45,4.6,2,23,95.7,2,2.1,8,5,7.6,5,5,3,56.0,57.1,66.3,1,21-05-2024,Debit Card,Yes,No,3967,68,3,2,4.1,Completed,1,1,0,1,2,1,4,1
3649,STU103649,Arjun Gupta,Female,19,Bachelor,Student,Mumbai,Mobile,High,C108,Excel for Business,Business,Beginner,25,4.1,6,18,43.8,2,0.5,4,5,5.2,7,3,4,82.4,62.5,60.4,6,15-07-2025,Free,No,No,0,92,4,0,4.7,Not Completed,0,0,2,1,0,1,0,2
3650,STU103650,Ananya Kumar,Male,28,Bachelor,Employed,Surat,Mobile,Medium,C103,Introduction to AI,Programming,Intermediate,75,4.5,6,28,59.7,1,6.1,7,6,4.6,4,6,1,90.9,65.7,48.2,2,17-11-2024,Free,No,No,0,69,0,0,4.0,Completed,1,0,0,1,2,2,4,2
3651,STU103651,Sai Shah,Male,34,Bachelor,Employed,Pune,Mobile,Medium,C106,Machine Learning A-Z,Programming,Advanced,90,4.6,4,35,74.0,2,1.8,0,6,6.0,8,2,6,77.0,63.4,77.1,2,05-07-2024,Free,No,No,0,62,0,1,4.4,Completed,1,0,0,1,2,0,4,2
3652,STU103652,Pooja Singh,Female,33,Bachelor,Employed,Hyderabad,Mobile,High,C108,Excel for Business,Business,Beginner,25,4.1,4,19,52.9,1,0.5,22,7,6.3,4,6,3,61.7,78.4,46.5,1,22-11-2024,Free,No,No,0,25,0,0,4.5,Not Completed,0,0,0,1,0,1,0,2
3653,STU103653,Vihaan Iyer,Male,32,HighSchool,Student,Ahmedabad,Mobile,Medium,C104,Digital Marketing Essentials,Marketing,Beginner,30,4.3,4,40,95.5,5,8.1,0,3,8.4,7,3,6,86.4,70.1,78.9,10,15-01-2025,Scholarship,No,No,1049,69,2,0,4.3,Completed,1,2,2,1,2,1,2,4
3654,STU103654,Sakshi Iyer,Male,19,Diploma,Student,Lucknow,Mobile,Medium,C104,Digital Marketing Essentials,Marketing,Beginner,30,4.3,4,52,66.6,0,1.4,2,7,4.1,5,5,4,88.9,74.8,57.0,4,05-12-2024,Debit Card,Yes,No,3231,80,4,1,3.8,Completed,1,1,2,1,2,1,2,1
3655,STU103655,Krishna Verma,Male,21,Bachelor,Employed,Delhi,Laptop,High,C101,Python Basics,Programming,Beginner,45,4.6,8,18,86.5,3,14.4,1,5,6.6,6,3,1,78.6,93.0,70.9,2,03-02-2024,NetBanking,Yes,Yes,3491,83,0,1,4.6,Not Completed,1,0,0,0,0,1,4,3
3656,STU103656,Krishna Singh,Male,29,Bachelor,Unemployed,Vadodara,Mobile,High,C104,Digital Marketing Essentials,Marketing,Beginner,30,4.3,5,47,53.7,0,0.5,10,11,9.5,1,9,2,79.4,58.6,27.7,0,17-08-2024,UPI,Yes,No,3194,61,3,0,4.0,Completed,1,0,3,1,0,1,2,5
3657,STU103657,Krishna Bose,Male,23,Bachelor,Employed,Jaipur,Laptop,Low,C107,Statistics for Data Science,Math,Intermediate,50,4.2,4,19,51.2,4,6.2,1,4,1.5,3,7,2,53.2,71.9,39.5,2,20-10-2024,Free,No,Yes,0,48,4,2,4.7,Not Completed,1,0,0,0,1,2,3,2
3658,STU103658,Kavya Patel,Male,29,Bachelor,Employed,Lucknow,Mobile,Medium,C105,UI/UX Design Fundamentals,Design,Beginner,40,4.4,3,20,40.1,2,12.3,11,3,4.3,2,8,2,72.0,64.8,29.3,1,19-05-2025,Debit Card,Yes,No,4153,61,2,1,3.8,Completed,1,0,0,1,2,1,1,1
3659,STU103659,Neha Singh,Female,22,Bachelor,Student,Surat,Mobile,High,C101,Python Basics,Programming,Beginner,45,4.6,6,38,63.6,3,7.4,3,13,8.5,4,6,5,81.8,71.7,49.8,5,29-10-2023,Credit Card,Yes,No,4457,100,4,1,4.1,Not Completed,0,0,2,1,0,1,4,0
3660,STU103660,Krishna Shah,Male,21,Bachelor,Employed,Bengaluru,Mobile,Low,C107,Statistics for Data Science,Math,Intermediate,50,4.2,1,27,25.3,1,0.5,7,7,3.2,3,6,3,75.9,71.7,30.4,1,15-05-2024,UPI,Yes,No,4890,65,1,3,4.6,Completed,1,0,0,1,1,2,3,5
3661,STU103661,Meera Nair,Female,22,Bachelor,Employed,Chennai,Laptop,Medium,C106,Machine Learning A-Z,Programming,Advanced,90,4.6,3,33,63.9,3,0.6,6,9,8.6,2,7,5,82.9,78.5,38.3,1,27-01-2025,NetBanking,Yes,No,6509,36,5,0,4.9,Not Completed,0,0,0,0,2,0,4,3
3662,STU103662,Priya Bhardwaj,Female,17,Bachelor,Student,Vadodara,Mobile,High,C101,Python Basics,Programming,Beginner,45,4.6,2,13,66.3,1,0.5,14,6,9.5,4,6,2,63.5,73.5,50.9,2,03-03-2025,Credit Card,Yes,No,4323,61,1,0,5.0,Not Completed,0,0,2,1,0,1,4,0
3663,STU103663,Meera Gupta,Male,20,Master,Student,Jaipur,Laptop,High,C102,Data Analysis with Python,Programming,Intermediate,60,4.7,3,37,40.9,1,2.6,8,6,5.3,2,8,1,72.8,67.0,29.7,1,30-08-2025,Debit Card,Yes,No,5269,82,6,2,4.4,Not Completed,1,3,2,0,0,2,4,1
3664,STU103664,Rohan Sharma,Female,28,HighSchool,Student,Jaipur,Laptop,High,C101,Python Basics,Programming,Beginner,45,4.6,5,49,53.9,3,0.5,4,4,5.3,3,6,2,83.6,67.7,40.3,5,17-10-2023,NetBanking,Yes,No,4210,83,3,1,4.5,Not Completed,0,2,2,0,0,1,4,3
3665,STU103665,Aarav Bhardwaj,Male,33,Bachelor,Student,Mumbai,Mobile,Medium,C107,Statistics for Data Science,Math,Intermediate,50,4.2,4,30,52.0,0,2.5,10,4,6.7,7,3,3,59.7,48.6,62.6,1,23-07-2024,Free,No,No,0,34,1,2,2.7,Not Completed,1,0,2,1,2,2,3,2
3666,STU103666,Aarav Kumar,Female,23,Bachelor,Student,Kolkata,Mobile,High,C103,Introduction to AI,Programming,Intermediate,75,4.5,4,33,12.7,3,0.5,0,6,5.6,3,6,6,65.2,73.0,26.1,2,20-05-2025,UPI,Yes,No,5419,67,2,1,4.2,Not Completed,0,0,2,1,0,2,4,5
3667,STU103667,Sai Sharma,Female,29,Bachelor,Self-Employed,Mumbai,Mobile,Medium,C103,Introduction to AI,Programming,Intermediate,75,4.5,5,38,44.6,2,5.0,3,5,10.0,6,4,6,62.0,82.6,55.8,2,08-08-2025,UPI,Yes,No,5379,63,3,3,5.0,Not Completed,0,0,1,1,2,2,4,5
3668,STU103668,Krishna Mehta,Female,22,HighSchool,Employed,Indore,Mobile,Low,C108,Excel for Business,Business,Beginner,25,4.1,2,26,61.8,2,3.3,1,3,9.2,5,5,1,82.2,49.1,54.1,1,02-01-2024,UPI,Yes,No,3092,84,2,2,5.0,Completed,0,2,0,1,1,1,0,5
3669,STU103669,Neha Mehta,Female,29,Bachelor,Employed,Lucknow,Laptop,High,C101,Python Basics,Programming,Beginner,45,4.6,3,16,47.0,1,2.6,7,3,4.1,6,4,7,71.5,80.9,56.5,1,21-11-2023,Free,No,Yes,0,59,1,1,3.9,Completed,0,0,0,0,0,1,4,2
3670,STU103670,Vihaan Kumar,Female,34,Bachelor,Student,Bengaluru,Mobile,Medium,C102,Data Analysis with Python,Programming,Intermediate,60,4.7,8,31,55.6,5,1.9,4,5,5.0,7,3,10,58.2,61.5,64.5,1,13-05-2024,Credit Card,Yes,Yes,4582,64,2,0,2.9,Not Completed,0,0,2,1,2,2,4,0
3671,STU103671,Vihaan Bose,Female,27,Bachelor,Student,Lucknow,Mobile,Low,C106,Machine Learning A-Z,Programming,Advanced,90,4.6,5,52,65.5,0,0.5,3,5,8.7,5,5,5,84.2,83.5,57.1,2,14-09-2025,Free,No,No,0,64,1,0,4.3,Not Completed,0,0,2,1,1,0,4,2
3672,STU103672,Aarav Bose,Male,20,Bachelor,Student,Bhopal,Laptop,Medium,C108,Excel for Business,Business,Beginner,25,4.1,4,37,67.8,2,6.5,10,6,7.4,6,4,3,80.8,100.0,64.7,0,12-04-2024,Debit Card,Yes,No,3478,82,1,1,4.1,Completed,1,0,2,0,2,1,0,1
3673,STU103673,Aarav Sharma,Other,35,Bachelor,Employed,Delhi,Mobile,Medium,C106,Machine Learning A-Z,Programming,Advanced,90,4.6,5,34,74.3,0,7.2,7,8,8.1,5,4,5,69.4,54.9,58.7,1,25-01-2025,Scholarship,No,Yes,2088,31,1,1,3.0,Completed,2,0,0,1,2,0,4,4
3674,STU103674,Nikhil Nair,Male,22,HighSchool,Employed,Surat,Laptop,Medium,C102,Data Analysis with Python,Programming,Intermediate,60,4.7,3,28,67.7,7,0.5,0,1,7.8,5,4,4,89.8,81.8,57.8,2,09-11-2023,UPI,Yes,No,4545,89,0,2,4.3,Completed,1,2,0,0,2,2,4,5
3675,STU103675,Nikhil Reddy,Female,39,Master,Employed,Delhi,Laptop,Low,C106,Machine Learning A-Z,Programming,Advanced,90,4.6,6,44,94.3,4,10.8,3,2,5.3,4,5,4,69.7,57.1,59.9,1,21-03-2024,Free,No,Yes,0,64,1,1,4.0,Completed,0,3,0,0,1,0,4,2
3676,STU103676,Krishna Sharma,Female,26,Bachelor,Employed,Chennai,Mobile,High,C106,Machine Learning A-Z,Programming,Advanced,90,4.6,2,43,75.5,1,0.5,16,2,7.2,2,8,2,58.6,51.9,41.0,1,16-11-2023,Free,No,No,0,38,1,1,4.0,Not Completed,0,0,0,1,0,0,4,2
3677,STU103677,Vivaan Reddy,Female,27,Bachelor,Student,Chennai,Mobile,High,C107,Statistics for Data Science,Math,Intermediate,50,4.2,3,20,37.9,2,1.5,0,6,4.1,5,5,4,51.8,57.8,46.1,4,12-12-2024,Free,No,Yes,0,62,4,1,5.0,Not Completed,0,0,2,1,0,2,3,2
3678,STU103678,Sai Patel,Male,27,Diploma,Employed,Jaipur,Laptop,Medium,C108,Excel for Business,Business,Beginner,25,4.1,4,29,81.2,2,0.5,2,8,5.3,3,7,3,68.8,29.0,47.9,1,19-08-2025,Credit Card,Yes,No,3482,53,3,3,4.9,Not Completed,1,1,0,0,2,1,0,0
3679,STU103679,Aditya Desai,Female,31,Diploma,Student,Bhopal,Mobile,Low,C102,Data Analysis with Python,Programming,Intermediate,60,4.7,3,45,70.5,0,0.6,1,3,3.6,5,5,7,68.2,85.1,58.9,2,31-07-2024,Debit Card,Yes,No,4875,98,2,1,3.0,Not Completed,0,1,2,1,1,2,4,1
3680,STU103680,Meera Singh,Male,18,Bachelor,Employed,Vadodara,Mobile,Low,C102,Data Analysis with Python,Programming,Intermediate,60,4.7,5,20,18.4,0,0.5,12,4,9.3,7,2,1,51.8,49.4,50.9,0,03-09-2025,NetBanking,Yes,No,5328,47,0,1,4.0,Not Completed,1,0,0,1,1,2,4,3
3681,STU103681,Neha Shah,Male,22,Bachelor,Student,Pune,Mobile,Medium,C102,Data Analysis with Python,Programming,Intermediate,60,4.7,3,38,8.3,3,0.5,2,3,8.3,6,4,2,95.1,92.7,43.6,1,17-01-2025,NetBanking,Yes,No,5383,93,4,0,4.8,Completed,1,0,2,1,2,2,4,3
3682,STU103682,Aarav Iyer,Male,33,Master,Employed,Mumbai,Laptop,Medium,C108,Excel for Business,Business,Beginner,25,4.1,1,41,64.7,2,0.5,0,10,7.0,6,4,3,75.6,49.8,61.1,1,04-01-2025,Scholarship,No,No,178,54,3,1,4.3,Completed,1,3,0,0,2,1,0,4
3683,STU103683,Rahul Nair,Male,17,Bachelor,Employed,Kolkata,Laptop,Medium,C107,Statistics for Data Science,Math,Intermediate,50,4.2,3,25,81.3,3,0.5,17,4,9.2,4,6,1,88.0,74.2,56.1,2,04-12-2023,UPI,Yes,No,4678,100,2,2,4.2,Completed,1,0,0,0,2,2,3,5
3684,STU103684,Ananya Joshi,Female,25,Master,Employed,Delhi,Mobile,Low,C105,UI/UX Design Fundamentals,Design,Beginner,40,4.4,5,44,42.4,0,1.7,0,6,7.7,6,4,3,45.4,87.9,55.2,3,26-01-2025,NetBanking,Yes,No,3995,88,2,1,4.2,Not Completed,0,3,0,1,1,1,1,3
3685,STU103685,Meera Gupta,Female,22,Master,Employed,Bengaluru,Mobile,Medium,C103,Introduction to AI,Programming,Intermediate,75,4.5,3,27,69.5,1,0.5,1,4,5.9,6,4,3,52.9,69.9,63.8,2,31-10-2024,UPI,Yes,No,5268,74,3,0,4.2,Completed,0,3,0,1,2,2,4,5
3686,STU103686,Rahul Gupta,Female,17,Bachelor,Employed,Bengaluru,Mobile,Medium,C102,Data Analysis with Python,Programming,Intermediate,60,4.7,4,20,73.8,0,2.0,1,10,6.9,5,5,4,83.8,71.9,59.4,3,01-08-2025,NetBanking,Yes,No,5047,78,3,1,4.9,Completed,0,0,0,1,2,2,4,3
3687,STU103687,Sneha Mehta,Female,29,Bachelor,Employed,Bengaluru,Laptop,Medium,C105,UI/UX Design Fundamentals,Design,Beginner,40,4.4,2,48,63.2,7,7.7,0,7,6.2,2,8,9,67.0,57.5,37.0,6,01-11-2024,Credit Card,Yes,Yes,3280,41,3,0,4.3,Not Completed,0,0,0,0,2,1,1,0
3688,STU103688,Kavya Joshi,Female,32,HighSchool,Employed,Vadodara,Mobile,Low,C102,Data Analysis with Python,Programming,Intermediate,60,4.7,4,33,60.3,2,5.4,20,2,4.5,0,10,7,69.8,40.3,23.1,2,04-09-2025,Free,No,Yes,0,50,1,1,4.8,Not Completed,0,2,0,1,1,2,4,2
3689,STU103689,Meera Iyer,Female,26,HighSchool,Employed,Surat,Tablet,High,C103,Introduction to AI,Programming,Intermediate,75,4.5,4,22,49.3,0,0.5,5,5,7.9,5,5,4,68.9,73.5,50.9,4,01-01-2025,Debit Card,Yes,No,5850,52,4,0,4.0,Not Completed,0,2,0,2,0,2,4,1
3690,STU103690,Aditya Bhardwaj,Female,19,Master,Employed,Ahmedabad,Laptop,Medium,C108,Excel for Business,Business,Beginner,25,4.1,5,24,81.7,1,0.5,4,4,8.2,5,5,4,85.3,62.8,61.7,1,21-09-2024,Debit Card,Yes,No,3262,100,1,0,4.2,Not Completed,0,3,0,0,2,1,0,1
3691,STU103691,Sneha Iyer,Male,22,Diploma,Student,Kolkata,Laptop,High,C104,Digital Marketing Essentials,Marketing,Beginner,30,4.3,2,17,59.9,3,6.6,6,7,7.0,6,4,1,68.3,65.0,60.2,3,21-04-2025,Free,No,Yes,0,40,4,1,4.0,Not Completed,1,1,2,0,0,1,2,2
3692,STU103692,Sai Bose,Female,28,HighSchool,Student,Mumbai,Mobile,Medium,C103,Introduction to AI,Programming,Intermediate,75,4.5,4,26,78.6,4,0.5,14,5,1.6,5,5,1,46.0,88.4,61.9,2,18-07-2025,Scholarship,No,No,1785,49,3,2,5.0,Not Completed,0,2,2,1,2,2,4,4
3693,STU103693,Arjun Bhardwaj,Female,34,HighSchool,Student,Hyderabad,Mobile,Medium,C104,Digital Marketing Essentials,Marketing,Beginner,30,4.3,2,24,34.9,2,0.5,1,4,6.2,5,5,2,76.7,55.8,45.0,4,28-03-2024,Debit Card,Yes,Yes,2889,92,2,0,4.1,Not Completed,0,2,2,1,2,1,2,1
3694,STU103694,Nikhil Verma,Male,22,Bachelor,Student,Nagpur,Laptop,High,C107,Statistics for Data Science,Math,Intermediate,50,4.2,4,47,76.9,1,9.5,4,9,9.4,6,4,4,78.2,90.9,67.5,4,25-09-2025,Scholarship,No,No,1187,88,3,0,5.0,Completed,1,0,2,0,0,2,3,4
3695,STU103695,Priya Sharma,Male,32,Bachelor,Employed,Nagpur,Mobile,High,C103,Introduction to AI,Programming,Intermediate,75,4.5,3,28,61.9,3,4.1,2,5,4.2,3,7,4,55.5,58.7,42.6,1,08-02-2024,Debit Card,Yes,No,5855,100,3,0,5.0,Not Completed,1,0,0,1,0,2,4,1
3696,STU103696,Ritika Gupta,Female,20,HighSchool,Employed,Mumbai,Mobile,Low,C104,Digital Marketing Essentials,Marketing,Beginner,30,4.3,5,32,82.8,4,7.0,1,4,4.5,3,7,5,68.0,61.9,50.1,6,28-05-2025,Free,No,No,0,42,2,4,5.0,Not Completed,0,2,0,1,1,1,2,2
3697,STU103697,Aarav Kumar,Female,28,Bachelor,Student,Bhopal,Laptop,High,C104,Digital Marketing Essentials,Marketing,Beginner,30,4.3,5,48,98.9,1,0.5,6,5,5.0,7,3,3,74.5,63.2,79.8,1,02-04-2024,UPI,Yes,No,3374,43,2,0,4.0,Completed,0,0,2,0,0,1,2,5
3698,STU103698,Rohan Iyer,Male,17,Diploma,Student,Indore,Laptop,Medium,C107,Statistics for Data Science,Math,Intermediate,50,4.2,6,20,31.0,4,0.5,2,4,8.0,5,4,5,68.7,81.1,44.9,2,28-02-2025,UPI,Yes,No,4909,79,1,1,3.5,Not Completed,1,1,2,0,2,2,3,5
3699,STU103699,Vihaan Joshi,Male,29,HighSchool,Student,Indore,Tablet,Medium,C107,Statistics for Data Science,Math,Intermediate,50,4.2,5,23,65.1,3,0.5,1,3,4.4,5,5,2,73.6,64.9,56.0,3,02-11-2024,Credit Card,Yes,No,4138,70,3,1,4.4,Not Completed,1,2,2,2,2,2,3,0
3700,STU103700,Rahul Bose,Female,24,Bachelor,Employed,Chennai,Laptop,High,C104,Digital Marketing Essentials,Marketing,Beginner,30,4.3,4,31,69.4,1,0.5,23,5,5.4,6,4,1,58.7,90.1,64.8,2,22-11-2024,Debit Card,Yes,No,3349,89,0,1,3.7,Completed,0,0,0,0,0,1,2,1
3701,STU103701,Rohan Bhardwaj,Other,25,Bachelor,Employed,Hyderabad,Mobile,Medium,C106,Machine Learning A-Z,Programming,Advanced,90,4.6,9,39,30.3,3,0.5,0,4,8.4,4,6,2,67.5,61.2,37.7,4,20-09-2025,UPI,Yes,Yes,5463,100,3,2,5.0,Not Completed,2,0,0,1,2,0,4,5
3702,STU103702,Vihaan Singh,Female,28,Bachelor,Employed,Lucknow,Laptop,High,C105,UI/UX Design Fundamentals,Design,Beginner,40,4.4,6,21,74.6,1,0.5,11,5,4.2,6,4,4,75.2,65.2,65.4,0,24-03-2024,UPI,Yes,No,3740,91,1,2,5.0,Completed,0,0,0,0,0,1,1,5
3703,STU103703,Krishna Nair,Other,26,Bachelor,Unemployed,Mumbai,Mobile,High,C108,Excel for Business,Business,Beginner,25,4.1,5,45,55.4,4,0.5,0,6,9.1,5,5,3,78.5,63.8,52.6,5,16-03-2025,NetBanking,Yes,No,2956,87,1,0,4.0,Not Completed,2,0,3,1,0,1,0,3
3704,STU103704,Vihaan Reddy,Female,29,Diploma,Student,Bengaluru,Laptop,Medium,C108,Excel for Business,Business,Beginner,25,4.1,7,47,82.6,6,6.9,0,4,6.5,5,5,2,56.4,66.5,62.2,3,27-09-2025,Free,No,No,0,79,0,0,4.6,Completed,0,1,2,0,2,1,0,2
3705,STU103705,Ananya Singh,Male,19,Bachelor,Employed,Vadodara,Laptop,Medium,C103,Introduction to AI,Programming,Intermediate,75,4.5,2,34,40.3,2,5.0,21,5,7.2,4,6,2,88.3,54.9,40.9,2,18-05-2024,NetBanking,Yes,Yes,4844,49,3,4,3.4,Completed,1,0,0,0,2,2,4,3
3706,STU103706,Rahul Iyer,Female,27,Bachelor,Student,Delhi,Laptop,Medium,C108,Excel for Business,Business,Beginner,25,4.1,6,29,72.9,0,0.5,0,3,7.2,4,6,1,100.0,77.1,53.4,5,29-04-2024,Free,No,No,0,100,1,1,4.0,Not Completed,0,0,2,0,2,1,0,2
3707,STU103707,Aarav Patel,Male,26,HighSchool,Student,Mumbai,Laptop,High,C102,Data Analysis with Python,Programming,Intermediate,60,4.7,2,37,69.3,6,0.5,1,8,5.1,6,4,6,54.1,36.4,62.1,3,16-05-2024,Free,No,No,0,19,0,1,5.0,Not Completed,1,2,2,0,0,2,4,2
3708,STU103708,Sai Shah,Male,28,Master,Student,Vadodara,Mobile,High,C106,Machine Learning A-Z,Programming,Advanced,90,4.6,4,48,51.3,5,0.5,2,3,7.4,3,7,5,67.6,75.3,39.7,1,24-12-2023,UPI,Yes,No,6655,67,5,0,2.4,Not Completed,1,3,2,1,0,0,4,5
3709,STU103709,Neha Reddy,Male,33,Bachelor,Student,Delhi,Mobile,High,C103,Introduction to AI,Programming,Intermediate,75,4.5,2,25,55.0,3,0.6,0,2,6.3,6,4,3,65.9,68.6,58.7,1,17-10-2024,Scholarship,No,No,680,59,0,2,3.3,Not Completed,1,0,2,1,0,2,4,4
3710,STU103710,Priya Patel,Male,41,Bachelor,Student,Indore,Mobile,Low,C105,UI/UX Design Fundamentals,Design,Beginner,40,4.4,5,32,55.9,3,3.9,0,3,4.8,5,5,2,51.2,98.7,54.5,3,02-10-2024,NetBanking,Yes,No,3893,80,0,0,5.0,Not Completed,1,0,2,1,1,1,1,3
3711,STU103711,Priya Joshi,Male,25,Bachelor,Student,Pune,Mobile,High,C102,Data Analysis with Python,Programming,Intermediate,60,4.7,6,48,90.2,3,0.5,7,3,6.1,3,7,3,73.7,83.4,53.7,0,12-07-2025,Debit Card,Yes,Yes,4121,95,3,1,4.5,Not Completed,1,0,2,1,0,2,4,1
3712,STU103712,Nikhil Bose,Male,17,Bachelor,Student,Kolkata,Tablet,Low,C105,UI/UX Design Fundamentals,Design,Beginner,40,4.4,3,15,45.6,2,8.4,0,3,4.3,6,4,5,90.3,52.5,54.6,0,15-06-2025,Scholarship,No,No,1090,36,3,0,5.0,Completed,1,0,2,2,1,1,1,4
3713,STU103713,Vivaan Iyer,Female,24,Bachelor,Employed,Kolkata,Laptop,Medium,C108,Excel for Business,Business,Beginner,25,4.1,5,43,26.7,3,3.3,8,3,3.6,4,6,3,86.6,92.3,38.0,4,11-03-2025,Free,No,No,0,71,1,2,4.2,Not Completed,0,0,0,0,2,1,0,2
3714,STU103714,Pooja Joshi,Female,24,Master,Student,Mumbai,Laptop,Medium,C102,Data Analysis with Python,Programming,Intermediate,60,4.7,6,43,54.1,4,16.3,2,3,10.0,5,4,6,77.2,94.1,53.6,6,12-02-2025,Scholarship,No,No,786,78,6,2,5.0,Completed,0,3,2,0,2,2,4,4
3715,STU103715,Priya Desai,Male,26,Bachelor,Employed,Surat,Mobile,Medium,C106,Machine Learning A-Z,Programming,Advanced,90,4.6,2,45,42.9,1,0.5,17,2,9.4,2,8,6,68.2,61.1,30.1,2,22-12-2024,UPI,Yes,Yes,5643,67,3,0,3.3,Not Completed,1,0,0,1,2,0,4,5
3716,STU103716,Nikhil Bhardwaj,Male,29,HighSchool,Employed,Bhopal,Laptop,Medium,C103,Introduction to AI,Programming,Intermediate,75,4.5,5,36,79.2,4,4.0,3,6,7.2,3,7,7,64.7,68.7,49.1,3,17-09-2025,NetBanking,Yes,Yes,5268,66,1,3,4.7,Not Completed,1,2,0,0,2,2,4,3
3717,STU103717,Meera Patel,Female,29,Master,Student,Chennai,Laptop,High,C101,Python Basics,Programming,Beginner,45,4.6,3,49,32.5,3,7.2,6,7,4.7,6,4,0,72.3,80.2,51.4,2,27-02-2025,UPI,Yes,No,4348,88,2,0,4.0,Completed,0,3,2,0,0,1,4,5
3718,STU103718,Aditya Reddy,Female,27,Bachelor,Employed,Ahmedabad,Laptop,High,C104,Digital Marketing Essentials,Marketing,Beginner,30,4.3,2,6,56.4,2,0.5,17,7,6.7,3,6,2,57.9,59.7,40.7,2,09-01-2024,Debit Card,Yes,Yes,3118,54,3,0,4.4,Completed,0,0,0,0,0,1,2,1
3719,STU103719,Rohan Nair,Female,26,Bachelor,Student,Nagpur,Laptop,High,C106,Machine Learning A-Z,Programming,Advanced,90,4.6,2,45,76.0,4,7.2,0,7,6.4,4,6,5,67.8,64.4,53.8,5,21-01-2024,Credit Card,Yes,No,6263,100,2,3,3.3,Completed,0,0,2,0,0,0,4,0
3720,STU103720,Kavya Mehta,Male,24,Bachelor,Employed,Indore,Mobile,High,C103,Introduction to AI,Programming,Intermediate,75,4.5,3,50,54.4,3,0.5,1,2,8.3,8,2,5,75.9,58.5,70.0,1,26-06-2025,Free,No,No,0,88,5,1,3.2,Not Completed,1,0,0,1,0,2,4,2
3721,STU103721,Meera Patel,Female,32,Diploma,Employed,Hyderabad,Laptop,Low,C102,Data Analysis with Python,Programming,Intermediate,60,4.7,4,36,36.9,0,0.5,5,7,2.9,2,8,3,74.5,84.9,29.2,1,06-10-2025,UPI,Yes,No,4662,83,0,0,5.0,Not Completed,0,1,0,0,1,2,4,5
3722,STU103722,Kavya Singh,Female,23,Bachelor,Student,Jaipur,Laptop,Low,C103,Introduction to AI,Programming,Intermediate,75,4.5,9,12,39.3,3,7.2,9,2,8.6,5,5,1,51.1,69.6,47.2,1,27-10-2023,NetBanking,Yes,No,5677,52,0,1,4.7,Completed,0,0,2,0,1,2,4,3
3723,STU103723,Arjun Bhardwaj,Male,30,Bachelor,Student,Nagpur,Mobile,High,C106,Machine Learning A-Z,Programming,Advanced,90,4.6,4,37,64.5,0,0.5,8,4,8.1,5,5,6,77.3,74.5,56.3,3,14-11-2023,Scholarship,No,No,968,48,0,2,3.4,Not Completed,1,0,2,1,0,0,4,4
3724,STU103724,Ritika Reddy,Male,28,HighSchool,Employed,Delhi,Mobile,Low,C104,Digital Marketing Essentials,Marketing,Beginner,30,4.3,2,40,81.8,1,0.5,0,4,7.4,2,8,4,83.6,55.2,43.4,0,02-02-2025,Debit Card,Yes,No,3289,67,3,0,4.0,Not Completed,1,2,0,1,1,1,2,1
3725,STU103725,Neha Nair,Female,24,Bachelor,Employed,Jaipur,Laptop,High,C103,Introduction to AI,Programming,Intermediate,75,4.5,5,32,50.0,2,4.6,3,5,6.2,3,7,10,58.4,84.4,39.7,1,17-04-2025,Free,No,No,0,100,1,0,3.4,Not Completed,0,0,0,0,0,2,4,2
3726,STU103726,Vivaan Kumar,Male,21,Bachelor,Student,Jaipur,Mobile,High,C101,Python Basics,Programming,Beginner,45,4.6,2,33,37.5,0,0.5,4,2,7.2,3,7,2,69.9,30.6,32.7,4,29-03-2025,Scholarship,No,No,486,45,2,0,3.8,Completed,1,0,2,1,0,1,4,4
3727,STU103727,Meera Verma,Female,19,Bachelor,Unemployed,Bhopal,Laptop,Medium,C104,Digital Marketing Essentials,Marketing,Beginner,30,4.3,4,45,65.6,3,0.5,3,7,9.9,8,2,2,69.9,59.4,73.9,4,31-03-2024,Debit Card,Yes,Yes,2823,73,4,0,4.4,Not Completed,0,0,3,0,2,1,2,1
3728,STU103728,Vivaan Kumar,Female,25,Bachelor,Student,Jaipur,Mobile,High,C103,Introduction to AI,Programming,Intermediate,75,4.5,4,25,65.3,6,0.5,0,3,8.1,5,5,4,39.5,56.5,55.7,3,06-02-2024,UPI,Yes,Yes,4479,91,3,1,2.8,Not Completed,0,0,2,1,0,2,4,5
3729,STU103729,Arjun Shah,Female,31,Bachelor,Student,Delhi,Laptop,Low,C102,Data Analysis with Python,Programming,Intermediate,60,4.7,6,46,44.3,2,1.1,7,2,7.6,5,5,4,88.8,68.1,48.9,2,25-02-2025,Credit Card,Yes,No,5271,71,0,0,4.3,Completed,0,0,2,0,1,2,4,0
3730,STU103730,Rohan Patel,Female,27,PhD,Employed,Chennai,Tablet,High,C107,Statistics for Data Science,Math,Intermediate,50,4.2,8,28,88.1,2,0.5,4,5,2.7,3,7,5,51.9,67.9,52.2,2,16-08-2025,Debit Card,Yes,No,4315,34,5,0,3.8,Not Completed,0,4,0,2,0,2,3,1
3731,STU103731,Sai Desai,Female,22,Bachelor,Employed,Chennai,Mobile,Medium,C101,Python Basics,Programming,Beginner,45,4.6,4,52,94.7,4,9.5,0,8,5.8,4,6,4,78.7,86.2,61.5,4,21-04-2024,Credit Card,Yes,Yes,3787,100,4,1,4.6,Completed,0,0,0,1,2,1,4,0
3732,STU103732,Rohan Joshi,Female,23,Bachelor,Student,Nagpur,Laptop,High,C106,Machine Learning A-Z,Programming,Advanced,90,4.6,7,32,90.3,3,2.8,5,5,9.0,5,5,4,80.2,59.6,64.6,6,05-03-2025,Free,No,No,0,65,0,2,3.3,Not Completed,0,0,2,0,0,0,4,2
3733,STU103733,Rohan Nair,Female,26,Bachelor,Student,Kolkata,Mobile,Low,C107,Statistics for Data Science,Math,Intermediate,50,4.2,5,30,29.1,3,0.5,2,9,6.0,5,5,2,88.9,74.1,43.9,4,12-02-2024,Scholarship,No,Yes,1330,100,3,1,4.6,Not Completed,0,0,2,1,1,2,3,4
3734,STU103734,Vihaan Verma,Male,39,Bachelor,Unemployed,Bengaluru,Tablet,High,C101,Python Basics,Programming,Beginner,45,4.6,4,26,80.7,1,0.5,6,3,1.5,3,7,3,70.4,69.4,49.7,2,27-06-2025,NetBanking,Yes,No,4165,32,3,3,4.3,Not Completed,1,0,3,2,0,1,4,3
3735,STU103735,Nikhil Patel,Male,24,Bachelor,Student,Kolkata,Laptop,High,C104,Digital Marketing Essentials,Marketing,Beginner,30,4.3,7,52,31.9,2,0.5,5,5,5.4,1,9,2,52.9,63.0,20.3,2,01-10-2025,Free,No,No,0,99,2,0,5.0,Not Completed,1,0,2,0,0,1,2,2
3736,STU103736,Isha Patel,Male,37,Master,Student,Indore,Mobile,High,C104,Digital Marketing Essentials,Marketing,Beginner,30,4.3,5,39,74.2,2,4.1,0,4,2.2,4,6,2,81.8,64.5,53.2,2,26-09-2025,UPI,Yes,No,3447,76,1,0,4.3,Completed,1,3,2,1,0,1,2,5
3737,STU103737,Sneha Iyer,Female,21,Master,Employed,Surat,Laptop,High,C101,Python Basics,Programming,Beginner,45,4.6,7,14,69.6,2,2.1,0,3,3.3,4,6,3,87.4,50.2,50.9,1,13-02-2025,Credit Card,Yes,Yes,3396,69,3,1,3.7,Not Completed,0,3,0,0,0,1,4,0
3738,STU103738,Vivaan Kumar,Male,21,PhD,Employed,Chennai,Laptop,High,C104,Digital Marketing Essentials,Marketing,Beginner,30,4.3,6,33,64.3,0,14.0,19,4,3.9,1,9,2,59.4,61.1,31.5,1,22-12-2024,Scholarship,No,No,491,66,3,2,3.3,Completed,1,4,0,0,0,1,2,4
3739,STU103739,Aditya Sharma,Female,40,Diploma,Student,Delhi,Mobile,Medium,C102,Data Analysis with Python,Programming,Intermediate,60,4.7,7,39,64.9,3,0.5,4,4,2.5,3,6,4,69.3,89.1,45.2,3,27-08-2025,NetBanking,Yes,No,5383,69,1,0,4.4,Not Completed,0,1,2,1,2,2,4,3
3740,STU103740,Sneha Reddy,Male,22,Bachelor,Employed,Chennai,Mobile,Medium,C104,Digital Marketing Essentials,Marketing,Beginner,30,4.3,6,32,83.7,3,2.4,0,7,5.6,6,4,6,83.1,78.5,69.2,2,22-06-2024,Credit Card,Yes,Yes,3143,63,3,0,3.5,Completed,1,0,0,1,2,1,2,0
3741,STU103741,Arjun Sharma,Female,31,Master,Employed,Mumbai,Laptop,Low,C101,Python Basics,Programming,Beginner,45,4.6,5,19,69.8,1,4.1,4,3,4.9,5,5,7,81.7,55.1,57.2,4,23-05-2025,Free,No,No,0,48,1,0,5.0,Completed,0,3,0,0,1,1,4,2
3742,STU103742,Sai Iyer,Male,23,Master,Student,Pune,Mobile,High,C103,Introduction to AI,Programming,Intermediate,75,4.5,4,30,55.2,1,0.5,9,8,7.2,5,5,5,59.9,41.3,51.4,2,28-04-2025,Debit Card,Yes,Yes,4825,78,5,3,3.6,Not Completed,1,3,2,1,0,2,4,1
3743,STU103743,Sneha Gupta,Female,21,HighSchool,Employed,Ahmedabad,Mobile,High,C104,Digital Marketing Essentials,Marketing,Beginner,30,4.3,2,57,90.8,2,0.5,6,4,6.5,3,6,3,72.0,100.0,54.8,3,19-08-2025,Free,No,No,0,50,3,2,4.6,Not Completed,0,2,0,1,0,1,2,2
3744,STU103744,Sai Bhardwaj,Female,17,Diploma,Student,Chennai,Mobile,Medium,C101,Python Basics,Programming,Beginner,45,4.6,6,39,36.6,1,2.8,10,4,4.9,4,6,2,65.1,75.0,40.6,4,26-11-2023,Free,No,Yes,0,100,3,2,4.7,Not Completed,0,1,2,1,2,1,4,2
3745,STU103745,Rohan Singh,Male,25,Bachelor,Employed,Bengaluru,Mobile,Medium,C102,Data Analysis with Python,Programming,Intermediate,60,4.7,3,49,63.6,1,8.0,1,7,5.7,3,7,3,88.4,73.6,43.9,4,04-10-2025,Scholarship,No,No,1158,76,2,0,4.7,Completed,1,0,0,1,2,2,4,4
3746,STU103746,Priya Patel,Female,20,Bachelor,Employed,Hyderabad,Laptop,High,C101,Python Basics,Programming,Beginner,45,4.6,6,44,67.3,2,4.1,8,4,4.7,4,6,7,79.9,69.0,51.0,3,29-10-2023,NetBanking,Yes,No,4628,61,1,0,3.2,Completed,0,0,0,0,0,1,4,3
3747,STU103747,Vihaan Gupta,Other,30,Bachelor,Employed,Lucknow,Mobile,Medium,C102,Data Analysis with Python,Programming,Intermediate,60,4.7,7,41,64.4,2,17.8,3,9,4.9,4,6,1,69.8,80.9,50.6,5,12-04-2025,Free,No,Yes,0,59,3,1,3.9,Not Completed,2,0,0,1,2,2,4,2
3748,STU103748,Aarav Kumar,Female,23,Bachelor,Student,Bhopal,Mobile,High,C107,Statistics for Data Science,Math,Intermediate,50,4.2,5,35,81.0,4,5.4,3,5,5.3,5,5,2,88.6,98.8,63.3,2,08-09-2024,UPI,Yes,No,4796,89,1,0,3.9,Completed,0,0,2,1,0,2,3,5
3749,STU103749,Rohan Shah,Male,22,Bachelor,Student,Kolkata,Mobile,Medium,C107,Statistics for Data Science,Math,Intermediate,50,4.2,2,25,76.0,4,13.9,13,8,7.5,6,4,5,60.8,65.0,65.8,1,27-04-2024,UPI,Yes,Yes,3479,94,2,0,3.0,Completed,1,0,2,1,2,2,3,5
3750,STU103750,Meera Reddy,Male,25,Bachelor,Unemployed,Kolkata,Laptop,Medium,C102,Data Analysis with Python,Programming,Intermediate,60,4.7,7,41,65.0,0,4.4,3,6,4.7,7,3,3,86.0,73.2,68.4,2,10-04-2024,UPI,Yes,Yes,4097,46,1,1,4.7,Completed,1,0,3,0,2,2,4,5
3751,STU103751,Priya Gupta,Male,26,Bachelor,Student,Lucknow,Mobile,High,C105,UI/UX Design Fundamentals,Design,Beginner,40,4.4,5,34,79.7,0,5.9,2,5,5.8,4,6,5,91.8,59.6,54.9,1,28-12-2023,Free,No,No,0,46,1,2,4.7,Completed,1,0,2,1,0,1,1,2
3752,STU103752,Arjun Iyer,Other,30,Bachelor,Employed,Bengaluru,Mobile,High,C107,Statistics for Data Science,Math,Intermediate,50,4.2,4,29,43.6,1,2.3,10,6,6.6,4,6,2,76.5,68.8,42.7,1,13-03-2024,Debit Card,Yes,No,4498,80,0,1,3.5,Completed,2,0,0,1,0,2,3,1
3753,STU103753,Aditya Reddy,Male,29,Bachelor,Employed,Surat,Mobile,High,C108,Excel for Business,Business,Beginner,25,4.1,3,33,59.8,0,2.4,11,7,3.4,2,8,3,68.2,93.7,37.6,8,30-12-2023,NetBanking,Yes,No,3520,80,1,0,4.3,Not Completed,1,0,0,1,0,1,0,3
3754,STU103754,Nikhil Verma,Male,25,HighSchool,Student,Pune,Laptop,Low,C105,UI/UX Design Fundamentals,Design,Beginner,40,4.4,5,31,78.4,3,4.5,2,6,5.4,3,7,3,71.9,43.3,47.6,1,13-12-2024,UPI,Yes,No,4247,92,1,0,3.4,Not Completed,1,2,2,0,1,1,1,5
3755,STU103755,Sneha Singh,Male,27,Bachelor,Employed,Nagpur,Mobile,Medium,C102,Data Analysis with Python,Programming,Intermediate,60,4.7,4,31,57.8,1,6.5,6,8,5.4,5,5,1,67.2,71.3,53.8,2,17-12-2023,Debit Card,Yes,Yes,4073,71,2,2,4.2,Not Completed,1,0,0,1,2,2,4,1
3756,STU103756,Isha Patel,Female,25,Bachelor,Employed,Nagpur,Laptop,Medium,C102,Data Analysis with Python,Programming,Intermediate,60,4.7,5,32,63.0,4,5.4,0,6,6.0,4,6,0,60.8,57.9,48.9,2,24-11-2024,Scholarship,No,Yes,1459,69,0,3,4.1,Not Completed,0,0,0,0,2,2,4,4
3757,STU103757,Aarav Singh,Female,32,Diploma,Student,Lucknow,Mobile,High,C106,Machine Learning A-Z,Programming,Advanced,90,4.6,3,38,79.3,3,0.5,0,8,8.8,8,2,2,64.9,66.2,79.1,1,02-11-2024,NetBanking,Yes,No,6761,46,4,1,5.0,Completed,0,1,2,1,0,0,4,3
3758,STU103758,Priya Reddy,Male,17,Master,Self-Employed,Jaipur,Laptop,Medium,C107,Statistics for Data Science,Math,Intermediate,50,4.2,5,54,70.2,1,2.0,7,8,9.0,6,4,6,85.0,96.2,65.4,3,03-06-2024,NetBanking,Yes,No,4138,79,3,0,5.0,Completed,1,3,1,0,2,2,3,3
3759,STU103759,Arjun Reddy,Female,27,Diploma,Student,Jaipur,Mobile,Medium,C108,Excel for Business,Business,Beginner,25,4.1,5,27,22.1,1,5.2,1,8,3.0,3,7,2,67.2,67.8,29.1,2,21-03-2025,Credit Card,Yes,Yes,2491,59,2,1,5.0,Completed,0,1,2,1,2,1,0,0
3760,STU103760,Isha Iyer,Female,20,Bachelor,Employed,Nagpur,Mobile,Medium,C106,Machine Learning A-Z,Programming,Advanced,90,4.6,4,19,52.5,0,12.6,18,6,8.8,4,6,1,51.8,50.1,44.9,3,26-03-2024,Scholarship,No,No,3178,67,2,0,2.9,Not Completed,0,0,0,1,2,0,4,4
3761,STU103761,Rohan Bhardwaj,Female,18,Bachelor,Employed,Surat,Mobile,Medium,C102,Data Analysis with Python,Programming,Intermediate,60,4.7,5,31,42.8,1,8.2,6,7,4.3,2,8,3,39.8,36.2,28.8,2,01-01-2024,Free,No,No,0,91,0,1,4.3,Not Completed,0,0,0,1,2,2,4,2
3762,STU103762,Isha Bhardwaj,Female,25,Diploma,Employed,Mumbai,Mobile,Medium,C103,Introduction to AI,Programming,Intermediate,75,4.5,9,45,80.5,1,0.5,0,4,4.9,4,5,4,66.2,73.2,55.8,1,14-05-2025,UPI,Yes,No,6217,62,5,3,4.0,Completed,0,1,0,1,2,2,4,5
3763,STU103763,Aditya Nair,Male,26,Bachelor,Student,Bhopal,Mobile,Low,C107,Statistics for Data Science,Math,Intermediate,50,4.2,3,34,49.0,5,0.5,2,5,7.4,8,2,2,67.1,80.5,69.2,1,03-08-2025,Scholarship,No,Yes,1421,62,4,0,4.5,Not Completed,1,0,2,1,1,2,3,4
3764,STU103764,Vivaan Joshi,Female,17,Bachelor,Student,Ahmedabad,Laptop,Low,C103,Introduction to AI,Programming,Intermediate,75,4.5,3,10,73.4,1,4.6,20,4,4.0,4,6,2,58.3,71.5,53.2,0,03-02-2025,Free,No,Yes,0,51,1,0,4.5,Not Completed,0,0,2,0,1,2,4,2
3765,STU103765,Pooja Kumar,Female,30,Bachelor,Unemployed,Nagpur,Laptop,Low,C104,Digital Marketing Essentials,Marketing,Beginner,30,4.3,6,33,69.8,0,2.0,1,6,8.7,7,3,1,64.1,69.3,69.9,2,15-09-2024,UPI,Yes,No,3431,71,1,1,3.3,Not Completed,0,0,3,0,1,1,2,5
3766,STU103766,Ananya Shah,Other,41,Master,Employed,Kolkata,Mobile,Low,C104,Digital Marketing Essentials,Marketing,Beginner,30,4.3,6,50,31.2,3,7.9,3,3,4.5,5,5,2,98.4,54.8,43.7,4,15-11-2024,Free,No,No,0,97,1,1,4.0,Not Completed,2,3,0,1,1,1,2,2
3767,STU103767,Nikhil Nair,Female,29,Bachelor,Student,Surat,Mobile,High,C108,Excel for Business,Business,Beginner,25,4.1,8,22,57.4,2,4.6,3,6,3.6,5,5,5,89.9,68.5,53.5,4,27-06-2025,UPI,Yes,No,3082,66,4,0,5.0,Completed,0,0,2,1,0,1,0,5
3768,STU103768,Sakshi Iyer,Male,24,PhD,Student,Vadodara,Mobile,High,C104,Digital Marketing Essentials,Marketing,Beginner,30,4.3,6,39,37.3,0,3.8,6,2,6.3,5,5,4,87.5,73.3,46.7,5,08-02-2025,UPI,Yes,No,3664,99,3,1,5.0,Not Completed,1,4,2,1,0,1,2,5
3769,STU103769,Pooja Sharma,Female,28,Master,Employed,Indore,Laptop,High,C104,Digital Marketing Essentials,Marketing,Beginner,30,4.3,4,35,82.5,5,4.5,14,10,10.0,5,5,3,100.0,68.9,62.3,4,01-10-2024,NetBanking,Yes,No,3635,42,1,0,5.0,Completed,0,3,0,0,0,1,2,3
3770,STU103770,Rahul Gupta,Male,35,Master,Employed,Jaipur,Mobile,Medium,C105,UI/UX Design Fundamentals,Design,Beginner,40,4.4,5,19,27.0,1,9.0,22,1,4.5,5,5,3,53.1,63.3,42.6,3,30-06-2024,UPI,Yes,No,3877,76,1,1,3.9,Completed,1,3,0,1,2,1,1,5
3771,STU103771,Neha Bose,Male,27,PhD,Employed,Ahmedabad,Mobile,Medium,C108,Excel for Business,Business,Beginner,25,4.1,6,35,55.2,2,0.5,4,9,5.0,3,7,3,76.0,61.9,40.4,1,16-06-2025,Free,No,Yes,0,60,2,0,3.5,Completed,1,4,0,1,2,1,0,2
3772,STU103772,Ritika Singh,Male,25,Bachelor,Employed,Hyderabad,Laptop,High,C108,Excel for Business,Business,Beginner,25,4.1,6,51,86.4,2,0.5,0,6,5.7,5,5,1,72.2,57.5,63.1,0,12-09-2024,Credit Card,Yes,No,3185,55,1,1,3.3,Completed,1,0,0,0,0,1,0,0
3773,STU103773,Rohan Bhardwaj,Female,32,Diploma,Student,Pune,Mobile,High,C103,Introduction to AI,Programming,Intermediate,75,4.5,5,35,75.4,1,0.5,6,2,10.0,4,6,5,92.2,73.8,54.1,2,25-08-2024,UPI,Yes,No,5279,61,2,0,5.0,Completed,0,1,2,1,0,2,4,5
3774,STU103774,Krishna Shah,Male,24,Bachelor,Unemployed,Hyderabad,Mobile,Medium,C104,Digital Marketing Essentials,Marketing,Beginner,30,4.3,5,44,77.3,1,6.2,9,6,5.9,5,4,2,87.6,38.0,58.9,4,11-12-2024,UPI,Yes,No,3626,68,1,1,3.4,Completed,1,0,3,1,2,1,2,5
3775,STU103775,Neha Kumar,Female,21,Bachelor,Student,Jaipur,Mobile,High,C103,Introduction to AI,Programming,Intermediate,75,4.5,5,29,64.3,2,3.4,11,4,10.0,4,6,8,73.2,48.0,48.9,1,21-08-2025,UPI,Yes,No,5332,52,3,3,4.9,Completed,0,0,2,1,0,2,4,5
3776,STU103776,Krishna Desai,Female,19,Bachelor,Employed,Jaipur,Laptop,High,C108,Excel for Business,Business,Beginner,25,4.1,7,43,70.2,1,8.5,8,8,6.5,6,4,2,63.0,73.9,64.3,2,07-03-2024,UPI,Yes,No,3348,69,1,1,3.7,Completed,0,0,0,0,0,1,0,5
3777,STU103777,Ananya Singh,Female,22,Bachelor,Employed,Lucknow,Laptop,Medium,C106,Machine Learning A-Z,Programming,Advanced,90,4.6,5,33,86.7,1,0.9,18,5,6.3,4,6,8,65.7,70.3,57.9,0,24-04-2025,Scholarship,No,Yes,2649,87,3,2,3.8,Completed,0,0,0,0,2,0,4,4
3778,STU103778,Rahul Joshi,Female,17,Bachelor,Employed,Pune,Laptop,Medium,C107,Statistics for Data Science,Math,Intermediate,50,4.2,3,46,76.2,2,0.5,4,8,4.4,5,5,5,87.7,75.8,60.5,2,03-06-2025,UPI,Yes,No,4250,69,3,1,3.3,Not Completed,0,0,0,0,2,2,3,5
3779,STU103779,Ritika Verma,Female,19,Bachelor,Student,Delhi,Mobile,Medium,C106,Machine Learning A-Z,Programming,Advanced,90,4.6,4,40,78.4,5,3.6,7,5,5.8,3,7,2,88.4,56.6,48.3,5,10-08-2024,UPI,Yes,No,6207,86,1,0,3.5,Completed,0,0,2,1,2,0,4,5
3780,STU103780,Rohan Singh,Female,27,HighSchool,Student,Jaipur,Tablet,High,C107,Statistics for Data Science,Math,Intermediate,50,4.2,3,34,49.9,1,3.8,25,5,9.7,3,7,2,47.3,75.9,39.3,5,26-09-2024,UPI,Yes,No,4081,63,4,0,3.9,Not Completed,0,2,2,2,0,2,3,5
3781,STU103781,Sai Bose,Female,34,Bachelor,Student,Lucknow,Mobile,Low,C107,Statistics for Data Science,Math,Intermediate,50,4.2,8,38,77.6,2,0.5,8,2,4.4,5,5,3,50.4,53.4,59.8,0,03-11-2024,Credit Card,Yes,Yes,3587,73,2,0,2.4,Not Completed,0,0,2,1,1,2,3,0
3782,STU103782,Rohan Mehta,Male,18,Diploma,Employed,Kolkata,Mobile,Medium,C106,Machine Learning A-Z,Programming,Advanced,90,4.6,5,34,18.1,0,0.5,4,6,6.1,5,5,4,32.7,62.3,39.4,0,20-05-2025,Free,No,No,0,63,1,1,5.0,Not Completed,1,1,0,1,2,0,4,2
3783,STU103783,Kavya Gupta,Female,18,Bachelor,Employed,Hyderabad,Laptop,Low,C101,Python Basics,Programming,Beginner,45,4.6,2,24,27.3,3,0.7,13,4,8.4,6,4,4,65.6,58.7,48.5,0,28-06-2025,Debit Card,Yes,No,4516,50,3,0,3.6,Not Completed,0,0,0,0,1,1,4,1
3784,STU103784,Aditya Kumar,Female,32,Bachelor,Employed,Delhi,Mobile,Medium,C108,Excel for Business,Business,Beginner,25,4.1,5,29,81.0,4,4.8,0,6,5.8,7,2,3,59.1,69.8,73.8,5,02-05-2025,Free,No,No,0,85,2,0,3.8,Not Completed,0,0,0,1,2,1,0,2
3785,STU103785,Priya Patel,Male,27,Bachelor,Student,Delhi,Mobile,High,C102,Data Analysis with Python,Programming,Intermediate,60,4.7,4,39,61.0,2,2.3,13,4,4.0,3,7,5,100.0,67.3,42.7,0,03-07-2024,Free,No,No,0,57,5,1,4.6,Not Completed,1,0,2,1,0,2,4,2
3786,STU103786,Meera Reddy,Female,32,Bachelor,Student,Bhopal,Laptop,Medium,C108,Excel for Business,Business,Beginner,25,4.1,3,34,58.4,2,4.2,15,6,7.3,4,6,0,67.4,65.9,47.7,1,05-06-2025,Debit Card,Yes,No,3133,47,3,2,4.3,Completed,0,0,2,0,2,1,0,1
3787,STU103787,Neha Gupta,Female,24,Bachelor,Employed,Jaipur,Laptop,High,C103,Introduction to AI,Programming,Intermediate,75,4.5,5,38,25.3,3,1.8,4,4,7.1,8,2,4,89.6,78.0,60.8,3,15-07-2024,Credit Card,Yes,No,6225,52,2,2,5.0,Not Completed,0,0,0,0,0,2,4,0
3788,STU103788,Vivaan Mehta,Female,28,Master,Student,Lucknow,Mobile,Medium,C108,Excel for Business,Business,Beginner,25,4.1,3,32,83.0,2,2.9,7,6,4.3,5,5,4,71.0,47.4,61.4,3,17-06-2025,UPI,Yes,No,3103,68,1,0,4.4,Completed,0,3,2,1,2,1,0,5
3789,STU103789,Vihaan Reddy,Male,33,Bachelor,Self-Employed,Chennai,Laptop,Medium,C103,Introduction to AI,Programming,Intermediate,75,4.5,4,30,94.7,1,0.5,2,5,6.3,3,7,6,96.5,63.9,54.3,5,16-02-2024,UPI,Yes,No,5639,70,1,0,3.4,Not Completed,1,0,1,0,2,2,4,5
3790,STU103790,Arjun Verma,Other,35,Master,Student,Delhi,Laptop,Medium,C103,Introduction to AI,Programming,Intermediate,75,4.5,5,46,50.2,4,3.9,1,5,6.7,6,4,7,80.7,92.6,58.2,3,11-12-2023,Scholarship,No,No,2703,82,4,0,4.7,Completed,2,3,2,0,2,2,4,4
3791,STU103791,Vivaan Shah,Male,24,Master,Unemployed,Delhi,Mobile,Medium,C102,Data Analysis with Python,Programming,Intermediate,60,4.7,5,36,27.8,2,3.4,16,7,7.8,5,5,2,78.1,67.2,43.1,3,30-04-2025,Credit Card,Yes,No,5216,91,1,1,5.0,Completed,1,3,3,1,2,2,4,0
3792,STU103792,Rahul Kumar,Female,33,Bachelor,Employed,Bengaluru,Mobile,Medium,C107,Statistics for Data Science,Math,Intermediate,50,4.2,4,44,70.5,3,9.1,7,8,6.5,6,4,5,85.2,86.9,65.0,3,19-09-2025,Scholarship,No,No,1878,95,4,3,4.4,Not Completed,0,0,0,1,2,2,3,4
3793,STU103793,Isha Singh,Female,25,Bachelor,Employed,Mumbai,Mobile,Medium,C108,Excel for Business,Business,Beginner,25,4.1,5,34,69.5,1,4.0,3,9,8.2,6,4,5,72.1,68.9,63.8,2,19-05-2025,Free,No,No,0,80,1,1,4.6,Not Completed,0,0,0,1,2,1,0,2
3794,STU103794,Vivaan Patel,Male,28,Diploma,Student,Delhi,Mobile,Low,C103,Introduction to AI,Programming,Intermediate,75,4.5,5,27,52.9,3,7.3,1,7,5.2,3,7,6,79.1,68.9,40.0,3,17-07-2025,NetBanking,Yes,No,5210,58,4,5,3.4,Completed,1,1,2,1,1,2,4,3
3795,STU103795,Neha Kumar,Female,23,Master,Student,Chennai,Mobile,High,C102,Data Analysis with Python,Programming,Intermediate,60,4.7,2,14,39.8,3,0.5,11,4,6.6,7,3,6,77.6,57.7,58.8,4,29-05-2024,UPI,Yes,No,4945,100,6,2,5.0,Completed,0,3,2,1,0,2,4,5
3796,STU103796,Sakshi Bhardwaj,Female,22,Bachelor,Student,Jaipur,Laptop,Low,C106,Machine Learning A-Z,Programming,Advanced,90,4.6,2,15,85.8,5,0.5,7,5,6.6,7,3,1,73.1,18.2,72.9,1,04-05-2025,Credit Card,Yes,No,6703,77,1,1,5.0,Not Completed,0,0,2,0,1,0,4,0
3797,STU103797,Sneha Shah,Female,17,Bachelor,Student,Pune,Mobile,High,C101,Python Basics,Programming,Beginner,45,4.6,5,26,17.0,1,5.7,1,4,7.8,7,3,3,75.2,59.6,50.9,4,05-05-2025,Free,No,No,0,66,2,0,4.9,Not Completed,0,0,2,1,0,1,4,2
3798,STU103798,Nikhil Joshi,Male,17,Bachelor,Student,Vadodara,Tablet,High,C102,Data Analysis with Python,Programming,Intermediate,60,4.7,4,42,63.1,3,4.0,9,2,6.6,6,4,0,60.9,42.8,60.2,4,12-11-2024,NetBanking,Yes,Yes,4673,80,0,0,5.0,Completed,1,0,2,2,0,2,4,3
