,Student_ID,Name,Gender,Age,Education_Level,Employment_Status,City,Device_Type,Internet_Connection_Quality,Course_ID,Course_Name,Category,Course_Level,Course_Duration_Days,Instructor_Rating,Login_Frequency,Average_Session_Duration_Min,Video_Completion_Rate,Discussion_Participation,Time_Spent_Hours,Days_Since_Last_Login,Notifications_Checked,Peer_Interaction_Score,Assignments_Submitted,Assignments_Missed,Quiz_Attempts,Quiz_Score_Avg,Project_Grade,Progress_Percentage,Rewatch_Count,Enrollment_Date,Payment_Mode,Fee_Paid,Discount_Used,Payment_Amount,App_Usage_Percentage,Reminder_Emails_Clicked,Support_Tickets_Raised,Satisfaction_Rating,Completed,Gender_Encoded,Education_Encoded,Employment_Encoded,Device_Encoded,Internet_Encoded,Level_Encoded,Category_Encoded,Payment_Encoded
19094,STU119094,Priya Mehta,Female,23,HighSchool,Student,Delhi,Laptop,Medium,C108,Excel for Business,Business,Beginner,25,4.1,3,50,83.7,3,11.5,0,14,6.5,6,4,0,85.1,73.8,69.0,4,18-05-2024,Free,No,No,0,61,4,1,4.6,Completed,0,2,2,0,2,1,0,2
19095,STU119095,Rahul Verma,Female,24,Master,Self-Employed,Delhi,Mobile,Low,C101,Python Basics,Programming,Beginner,45,4.6,3,37,73.8,4,2.0,0,4,10.0,7,3,5,84.1,91.5,72.4,2,12-12-2024,Debit Card,Yes,No,4297,76,4,1,3.8,Completed,0,3,1,1,1,1,4,1
19096,STU119096,Sai Patel,Male,27,Bachelor,Self-Employed,Vadodara,Mobile,High,C102,Data Analysis with Python,Programming,Intermediate,60,4.7,3,39,69.9,3,0.5,11,4,6.7,3,7,3,44.9,46.7,44.8,2,30-11-2023,Credit Card,Yes,No,4990,51,3,0,3.1,Completed,1,0,1,1,0,2,4,0
19097,STU119097,Arjun Joshi,Female,19,Bachelor,Employed,Vadodara,Mobile,Low,C107,Statistics for Data Science,Math,Intermediate,50,4.2,5,45,88.4,1,2.6,2,5,7.4,4,6,0,67.2,88.9,59.4,1,23-12-2023,Debit Card,Yes,No,4937,58,2,1,3.6,Completed,0,0,0,1,1,2,3,1
19098,STU119098,Rohan Patel,Male,21,Bachelor,Employed,Bhopal,Mobile,High,C104,Digital Marketing Essentials,Marketing,Beginner,30,4.3,6,28,79.7,2,0.5,3,6,6.3,4,6,3,86.1,95.5,56.7,1,22-07-2025,UPI,Yes,No,3401,76,3,0,3.3,Completed,1,0,0,1,0,1,2,5
19099,STU119099,Nikhil Bhardwaj,Male,24,Diploma,Unemployed,Chennai,Laptop,High,C107,Statistics for Data Science,Math,Intermediate,50,4.2,3,43,91.8,2,0.5,5,6,7.6,4,6,8,76.3,64.1,59.3,4,01-07-2025,NetBanking,Yes,No,4694,100,2,1,4.9,Not Completed,1,1,3,0,0,2,3,3
19100,STU119100,Ananya Verma,Female,33,Diploma,Student,Vadodara,Laptop,Low,C107,Statistics for Data Science,Math,Intermediate,50,4.2,2,50,68.1,2,1.2,23,4,8.1,6,4,4,64.3,66.4,63.2,0,07-12-2024,Free,No,No,0,71,2,1,5.0,Not Completed,0,1,2,0,1,2,3,2
19101,STU119101,Ananya Iyer,Female,31,Master,Student,Jaipur,Laptop,Medium,C104,Digital Marketing Essentials,Marketing,Beginner,30,4.3,7,40,84.1,3,0.5,11,7,6.1,4,6,5,58.3,100.0,58.4,3,03-03-2025,UPI,Yes,No,3179,77,1,1,5.0,Not Completed,0,3,2,0,2,1,2,5
19102,STU119102,Aarav Reddy,Female,30,Bachelor,Employed,Mumbai,Mobile,Low,C102,Data Analysis with Python,Programming,Intermediate,60,4.7,3,26,75.5,3,6.1,4,2,4.8,5,4,5,77.3,77.7,60.3,1,26-09-2024,UPI,Yes,No,5275,62,2,0,4.8,Completed,0,0,0,1,1,2,4,5
19103,STU119103,Priya Verma,Female,31,Bachelor,Employed,Delhi,Laptop,Medium,C103,Introduction to AI,Programming,Intermediate,75,4.5,5,38,53.8,0,2.3,9,2,10.0,6,4,1,77.9,72.3,58.4,1,19-09-2024,Credit Card,Yes,Yes,4778,59,1,1,4.5,Completed,0,0,0,0,2,2,4,0
19104,STU119104,Arjun Reddy,Female,18,PhD,Self-Employed,Bhopal,Mobile,Medium,C102,Data Analysis with Python,Programming,Intermediate,60,4.7,4,7,22.4,0,5.1,4,6,8.6,6,4,4,62.9,73.6,47.5,2,06-02-2024,Credit Card,Yes,No,4577,100,3,0,4.1,Not Completed,0,4,1,1,2,2,4,0
19105,STU119105,Priya Bhardwaj,Female,21,HighSchool,Employed,Bhopal,Mobile,Medium,C101,Python Basics,Programming,Beginner,45,4.6,7,28,30.2,3,0.8,6,3,7.8,5,5,2,77.8,55.5,43.4,0,16-10-2024,Scholarship,No,No,224,67,5,1,3.8,Not Completed,0,2,0,1,2,1,4,4
19106,STU119106,Meera Joshi,Female,24,Master,Student,Nagpur,Mobile,Medium,C104,Digital Marketing Essentials,Marketing,Beginner,30,4.3,5,25,74.7,4,4.5,19,7,10.0,9,1,5,58.3,72.2,83.7,2,23-08-2024,Credit Card,Yes,No,3453,91,0,0,3.2,Not Completed,0,3,2,1,2,1,2,0
19107,STU119107,Vihaan Iyer,Female,17,Master,Employed,Jaipur,Mobile,Medium,C106,Machine Learning A-Z,Programming,Advanced,90,4.6,2,49,72.6,1,0.5,5,3,4.2,5,5,3,78.1,100.0,60.4,2,29-06-2024,UPI,Yes,No,6656,82,1,0,4.4,Not Completed,0,3,0,1,2,0,4,5
19108,STU119108,Pooja Kumar,Male,23,Master,Student,Nagpur,Laptop,Medium,C104,Digital Marketing Essentials,Marketing,Beginner,30,4.3,4,43,80.8,1,0.5,1,7,2.3,6,4,3,80.0,84.1,68.5,1,04-01-2025,Debit Card,Yes,No,3833,57,4,0,5.0,Not Completed,1,3,2,0,2,1,2,1
19109,STU119109,Pooja Kumar,Male,17,Bachelor,Employed,Indore,Laptop,Medium,C107,Statistics for Data Science,Math,Intermediate,50,4.2,7,43,62.9,1,2.8,5,7,4.7,2,8,2,74.8,56.8,36.8,3,07-04-2025,UPI,Yes,No,4347,57,2,0,4.2,Not Completed,1,0,0,0,2,2,3,5
19110,STU119110,Arjun Bhardwaj,Female,25,Bachelor,Student,Bengaluru,Mobile,Low,C102,Data Analysis with Python,Programming,Intermediate,60,4.7,5,50,88.0,1,5.6,3,9,4.7,2,8,9,81.9,55.7,45.6,2,18-08-2025,UPI,Yes,No,4543,56,1,0,3.4,Completed,0,0,2,1,1,2,4,5
19111,STU119111,Sakshi Gupta,Male,27,Bachelor,Unemployed,Surat,Mobile,High,C103,Introduction to AI,Programming,Intermediate,75,4.5,7,49,14.0,0,10.5,2,5,9.7,7,3,3,75.9,65.9,50.2,3,27-12-2024,UPI,Yes,No,5745,63,2,0,5.0,Not Completed,1,0,3,1,0,2,4,5
19112,STU119112,Priya Sharma,Female,21,Bachelor,Employed,Bhopal,Mobile,High,C107,Statistics for Data Science,Math,Intermediate,50,4.2,3,38,27.8,6,3.7,29,6,6.3,7,3,3,71.8,55.4,54.5,1,04-02-2024,Credit Card,Yes,No,4770,63,2,0,4.7,Not Completed,0,0,0,1,0,2,3,0
19113,STU119113,Ritika Shah,Male,34,Bachelor,Employed,Nagpur,Tablet,Medium,C103,Introduction to AI,Programming,Intermediate,75,4.5,4,53,51.5,3,6.4,12,4,6.2,5,4,2,77.2,71.0,51.6,3,14-12-2023,Free,No,No,0,88,0,1,3.4,Not Completed,1,0,0,2,2,2,4,2
19114,STU119114,Aarav Reddy,Male,20,Master,Self-Employed,Ahmedabad,Mobile,Medium,C105,UI/UX Design Fundamentals,Design,Beginner,40,4.4,2,20,23.4,3,0.5,12,4,4.4,5,5,0,69.0,90.2,42.7,1,06-05-2025,NetBanking,Yes,No,3999,70,5,3,3.5,Completed,1,3,1,1,2,1,1,3
19115,STU119115,Sakshi Desai,Male,31,Bachelor,Employed,Mumbai,Mobile,High,C101,Python Basics,Programming,Beginner,45,4.6,4,42,30.1,3,2.2,1,3,6.4,8,2,4,56.0,69.5,62.0,4,18-01-2024,UPI,Yes,Yes,3558,81,3,0,4.2,Not Completed,1,0,0,1,0,1,4,5
19116,STU119116,Rahul Patel,Female,25,Bachelor,Student,Bengaluru,Mobile,Medium,C108,Excel for Business,Business,Beginner,25,4.1,3,28,31.7,4,5.6,21,5,6.9,6,4,3,64.7,57.3,50.0,4,28-04-2024,Free,No,No,0,70,5,1,3.4,Completed,0,0,2,1,2,1,0,2
19117,STU119117,Vihaan Joshi,Female,22,Bachelor,Unemployed,Hyderabad,Laptop,High,C103,Introduction to AI,Programming,Intermediate,75,4.5,5,7,49.4,1,0.5,35,4,7.0,4,6,3,64.6,73.5,45.0,2,03-02-2025,Free,No,No,0,60,1,4,3.9,Not Completed,0,0,3,0,0,2,4,2
19118,STU119118,Kavya Shah,Female,20,Bachelor,Student,Vadodara,Tablet,Medium,C102,Data Analysis with Python,Programming,Intermediate,60,4.7,4,43,29.2,6,7.7,6,4,4.8,6,4,3,57.8,45.3,48.5,1,11-02-2024,Credit Card,Yes,No,5293,51,0,0,2.8,Not Completed,0,0,2,2,2,2,4,0
19119,STU119119,Isha Singh,Male,43,Bachelor,Student,Hyderabad,Mobile,Low,C105,UI/UX Design Fundamentals,Design,Beginner,40,4.4,4,28,44.7,3,2.3,4,8,5.0,3,7,0,70.9,48.3,36.1,0,26-03-2024,Scholarship,No,No,902,41,1,1,3.4,Not Completed,1,0,2,1,1,1,1,4
19120,STU119120,Neha Nair,Female,27,Master,Student,Ahmedabad,Mobile,High,C102,Data Analysis with Python,Programming,Intermediate,60,4.7,5,36,66.1,3,4.2,2,6,1.6,4,6,8,68.5,77.8,51.0,2,14-10-2024,Free,No,No,0,78,2,0,3.5,Not Completed,0,3,2,1,0,2,4,2
19121,STU119121,Aarav Reddy,Male,19,Bachelor,Student,Chennai,Mobile,Low,C108,Excel for Business,Business,Beginner,25,4.1,6,36,93.2,2,8.9,7,8,9.3,6,4,6,70.8,83.1,72.8,3,25-08-2024,Scholarship,No,Yes,856,74,1,1,5.0,Completed,1,0,2,1,1,1,0,4
19122,STU119122,Kavya Gupta,Male,22,Bachelor,Student,Bhopal,Mobile,High,C104,Digital Marketing Essentials,Marketing,Beginner,30,4.3,3,34,79.6,2,4.3,22,7,2.4,4,6,8,66.0,93.2,56.5,2,24-01-2024,Credit Card,Yes,No,3598,53,1,0,4.1,Completed,1,0,2,1,0,1,2,0
19123,STU119123,Pooja Desai,Female,25,Diploma,Student,Hyderabad,Mobile,High,C105,UI/UX Design Fundamentals,Design,Beginner,40,4.4,4,28,36.7,0,5.3,0,5,5.1,5,5,3,64.9,68.8,46.3,1,15-07-2025,Debit Card,Yes,No,4264,33,4,0,4.2,Completed,0,1,2,1,0,1,1,1
19124,STU119124,Rahul Bhardwaj,Male,29,Bachelor,Student,Kolkata,Laptop,Medium,C104,Digital Marketing Essentials,Marketing,Beginner,30,4.3,3,21,51.3,4,1.9,0,10,4.2,5,4,3,80.0,92.7,52.6,0,22-10-2024,Scholarship,No,No,1043,51,0,0,3.9,Not Completed,1,0,2,0,2,1,2,4
19125,STU119125,Vihaan Shah,Male,32,Bachelor,Student,Ahmedabad,Laptop,Medium,C101,Python Basics,Programming,Beginner,45,4.6,4,35,48.5,1,5.7,2,3,4.4,4,6,8,80.0,77.7,44.9,1,12-03-2025,Credit Card,Yes,No,4227,62,3,0,4.4,Completed,1,0,2,0,2,1,4,0
19126,STU119126,Aarav Reddy,Male,31,HighSchool,Employed,Indore,Laptop,High,C102,Data Analysis with Python,Programming,Intermediate,60,4.7,6,25,22.6,4,6.5,0,8,6.9,5,4,4,82.9,53.5,40.6,4,27-03-2024,Scholarship,No,No,886,28,4,1,3.8,Completed,1,2,0,0,0,2,4,4
19127,STU119127,Vihaan Verma,Male,26,Master,Self-Employed,Mumbai,Laptop,High,C107,Statistics for Data Science,Math,Intermediate,50,4.2,7,30,71.9,3,3.7,12,3,7.8,3,7,4,85.8,87.9,47.6,4,08-02-2025,Free,No,No,0,79,1,2,3.3,Completed,1,3,1,0,0,2,3,2
19128,STU119128,Krishna Desai,Female,26,Bachelor,Employed,Chennai,Mobile,Medium,C101,Python Basics,Programming,Beginner,45,4.6,5,28,59.3,1,0.5,1,2,8.5,3,6,1,79.5,72.2,42.4,1,02-02-2024,UPI,Yes,Yes,3523,18,1,0,2.6,Not Completed,0,0,0,1,2,1,4,5
19129,STU119129,Ananya Joshi,Male,38,HighSchool,Employed,Bengaluru,Tablet,Medium,C108,Excel for Business,Business,Beginner,25,4.1,6,6,87.4,3,6.3,4,4,10.0,6,4,3,70.4,90.7,71.1,1,15-04-2024,UPI,Yes,Yes,2534,63,2,2,4.6,Not Completed,1,2,0,2,2,1,0,5
19130,STU119130,Rohan Verma,Male,28,Master,Employed,Vadodara,Mobile,High,C105,UI/UX Design Fundamentals,Design,Beginner,40,4.4,7,28,78.8,1,14.1,4,1,5.0,6,4,3,69.9,83.1,67.7,2,07-08-2024,Credit Card,Yes,No,3637,39,0,0,4.0,Completed,1,3,0,1,0,1,1,0
19131,STU119131,Arjun Iyer,Male,28,Diploma,Student,Bhopal,Mobile,High,C101,Python Basics,Programming,Beginner,45,4.6,4,34,51.4,7,0.5,6,11,5.7,4,6,3,82.1,59.4,45.0,1,27-01-2024,Scholarship,No,Yes,1355,86,1,1,4.9,Not Completed,1,1,2,1,0,1,4,4
19132,STU119132,Meera Bhardwaj,Female,29,Bachelor,Student,Pune,Mobile,Low,C106,Machine Learning A-Z,Programming,Advanced,90,4.6,4,32,78.0,1,0.5,5,8,7.8,6,4,2,98.2,54.8,66.0,2,16-09-2024,NetBanking,Yes,No,6703,71,3,1,4.8,Completed,0,0,2,1,1,0,4,3
19133,STU119133,Rohan Gupta,Male,24,Master,Employed,Ahmedabad,Mobile,Medium,C102,Data Analysis with Python,Programming,Intermediate,60,4.7,7,32,73.6,1,8.8,3,6,3.9,4,6,3,66.9,58.8,52.7,3,23-02-2025,Debit Card,Yes,No,5434,94,2,1,3.8,Not Completed,1,3,0,1,2,2,4,1
19134,STU119134,Aditya Nair,Male,24,Bachelor,Employed,Surat,Mobile,High,C102,Data Analysis with Python,Programming,Intermediate,60,4.7,2,29,58.5,1,3.4,2,9,5.7,5,5,2,79.6,62.7,53.6,2,31-12-2024,UPI,Yes,No,4863,43,1,1,4.8,Not Completed,1,0,0,1,0,2,4,5
19135,STU119135,Aarav Bhardwaj,Male,24,Bachelor,Student,Mumbai,Mobile,High,C102,Data Analysis with Python,Programming,Intermediate,60,4.7,3,41,73.7,1,3.7,12,7,7.8,5,5,8,61.9,73.2,59.5,2,19-09-2024,Free,No,No,0,100,3,2,4.2,Not Completed,1,0,2,1,0,2,4,2
19136,STU119136,Vihaan Iyer,Female,31,Bachelor,Student,Ahmedabad,Mobile,Medium,C105,UI/UX Design Fundamentals,Design,Beginner,40,4.4,2,33,37.1,5,0.5,9,3,4.0,7,3,7,68.1,64.7,58.2,1,16-08-2025,Scholarship,No,No,271,56,4,1,4.3,Not Completed,0,0,2,1,2,1,1,4
19137,STU119137,Krishna Singh,Female,27,HighSchool,Unemployed,Bhopal,Mobile,Medium,C102,Data Analysis with Python,Programming,Intermediate,60,4.7,5,20,57.6,0,2.7,6,5,4.8,5,5,4,75.3,67.0,53.5,0,24-01-2024,Credit Card,Yes,No,5348,100,1,2,3.8,Completed,0,2,3,1,2,2,4,0
19138,STU119138,Rohan Bhardwaj,Male,28,Diploma,Student,Pune,Mobile,Medium,C108,Excel for Business,Business,Beginner,25,4.1,5,33,84.7,0,5.9,0,3,6.2,5,5,3,77.3,46.3,62.0,1,22-11-2023,Scholarship,No,Yes,1325,69,1,0,5.0,Not Completed,1,1,2,1,2,1,0,4
19139,STU119139,Sneha Nair,Female,29,Master,Student,Kolkata,Laptop,Medium,C101,Python Basics,Programming,Beginner,45,4.6,6,34,95.6,2,0.5,9,12,10.0,5,5,6,65.8,85.9,67.8,6,09-12-2023,Credit Card,Yes,No,4065,89,3,2,4.3,Completed,0,3,2,0,2,1,4,0
19140,STU119140,Kavya Singh,Male,17,Diploma,Employed,Delhi,Mobile,High,C101,Python Basics,Programming,Beginner,45,4.6,3,17,45.8,2,0.5,2,3,4.6,5,5,1,71.1,65.3,49.3,1,04-09-2025,UPI,Yes,Yes,3267,92,2,1,5.0,Not Completed,1,1,0,1,0,1,4,5
19141,STU119141,Isha Reddy,Male,27,Diploma,Employed,Nagpur,Mobile,Medium,C108,Excel for Business,Business,Beginner,25,4.1,2,24,92.5,3,6.9,4,4,8.3,3,7,2,56.4,52.9,53.0,1,16-09-2025,Free,No,No,0,66,4,0,2.0,Completed,1,1,0,1,2,1,0,2
19142,STU119142,Sai Bose,Female,32,Bachelor,Employed,Pune,Laptop,Medium,C104,Digital Marketing Essentials,Marketing,Beginner,30,4.3,8,24,39.0,2,0.8,14,4,8.1,3,7,2,69.1,59.9,34.6,3,27-12-2024,NetBanking,Yes,No,3643,92,2,0,4.3,Not Completed,0,0,0,0,2,1,2,3
19143,STU119143,Sneha Gupta,Female,26,Bachelor,Employed,Bengaluru,Laptop,Medium,C103,Introduction to AI,Programming,Intermediate,75,4.5,10,28,62.4,2,1.5,0,7,3.3,4,6,2,74.5,65.4,49.1,0,12-11-2023,UPI,Yes,Yes,5080,100,2,1,5.0,Not Completed,0,0,0,0,2,2,4,5
19144,STU119144,Vihaan Nair,Male,29,Bachelor,Student,Chennai,Laptop,High,C107,Statistics for Data Science,Math,Intermediate,50,4.2,6,46,43.8,2,10.6,1,7,7.7,7,3,4,93.5,81.5,61.4,3,15-03-2025,Credit Card,Yes,No,4100,81,5,0,2.9,Completed,1,0,2,0,0,2,3,0
19145,STU119145,Vivaan Singh,Other,33,Diploma,Student,Mumbai,Mobile,Low,C108,Excel for Business,Business,Beginner,25,4.1,5,37,50.2,2,0.5,23,5,6.9,2,8,5,97.0,53.6,32.3,4,03-09-2025,UPI,Yes,No,3169,76,1,2,5.0,Not Completed,2,1,2,1,1,1,0,5
19146,STU119146,Krishna Gupta,Female,25,Bachelor,Employed,Kolkata,Laptop,High,C107,Statistics for Data Science,Math,Intermediate,50,4.2,2,25,20.5,0,3.9,12,2,4.1,2,8,3,49.9,66.2,22.5,3,24-07-2024,NetBanking,Yes,No,4317,47,0,0,4.0,Not Completed,0,0,0,0,0,2,3,3
19147,STU119147,Sai Mehta,Male,31,Master,Employed,Pune,Mobile,Medium,C106,Machine Learning A-Z,Programming,Advanced,90,4.6,3,22,80.1,1,0.5,41,5,5.6,5,5,2,67.8,57.5,60.9,4,01-08-2024,Credit Card,Yes,No,7043,69,2,2,4.0,Completed,1,3,0,1,2,0,4,0
19148,STU119148,Aarav Nair,Male,25,Bachelor,Student,Hyderabad,Laptop,High,C102,Data Analysis with Python,Programming,Intermediate,60,4.7,3,41,43.0,3,0.5,0,3,7.6,2,8,2,69.4,86.0,31.3,3,04-03-2025,Free,No,Yes,0,66,0,2,4.5,Not Completed,1,0,2,0,0,2,4,2
19149,STU119149,Sneha Joshi,Male,27,Master,Student,Delhi,Laptop,Low,C103,Introduction to AI,Programming,Intermediate,75,4.5,10,26,45.6,1,0.5,11,3,10.0,3,7,2,77.9,82.2,38.1,3,25-08-2025,Free,No,No,0,64,2,0,4.6,Completed,1,3,2,0,1,2,4,2
19150,STU119150,Priya Bhardwaj,Male,17,Bachelor,Employed,Surat,Mobile,High,C102,Data Analysis with Python,Programming,Intermediate,60,4.7,3,16,34.0,3,0.5,2,6,2.5,5,5,1,40.0,81.8,46.0,4,25-03-2024,Free,No,No,0,76,0,0,3.0,Completed,1,0,0,1,0,2,4,2
19151,STU119151,Sai Bhardwaj,Female,32,Bachelor,Student,Nagpur,Laptop,High,C105,UI/UX Design Fundamentals,Design,Beginner,40,4.4,3,25,64.4,1,0.5,3,4,5.1,1,9,2,82.8,51.1,31.1,0,05-10-2025,UPI,Yes,No,3601,76,4,0,3.3,Not Completed,0,0,2,0,0,1,1,5
19152,STU119152,Rahul Bose,Male,18,PhD,Student,Delhi,Mobile,Low,C101,Python Basics,Programming,Beginner,45,4.6,3,24,65.0,0,2.3,14,7,7.1,4,6,2,69.9,67.0,50.1,2,21-07-2025,Scholarship,No,No,2079,83,1,1,4.3,Not Completed,1,4,2,1,1,1,4,4
19153,STU119153,Aarav Bhardwaj,Male,28,Bachelor,Student,Delhi,Laptop,Medium,C107,Statistics for Data Science,Math,Intermediate,50,4.2,3,34,75.5,2,6.2,11,4,7.0,4,5,5,85.5,60.0,53.4,1,16-05-2025,Free,No,No,0,80,4,1,4.5,Not Completed,1,0,2,0,2,2,3,2
19154,STU119154,Aditya Reddy,Female,29,HighSchool,Employed,Kolkata,Laptop,Low,C106,Machine Learning A-Z,Programming,Advanced,90,4.6,8,24,81.2,4,0.5,3,5,8.0,5,4,3,86.3,96.0,63.2,3,07-01-2024,Scholarship,No,No,2029,81,3,3,3.9,Not Completed,0,2,0,0,1,0,4,4
19155,STU119155,Nikhil Shah,Female,21,Bachelor,Employed,Indore,Mobile,Low,C104,Digital Marketing Essentials,Marketing,Beginner,30,4.3,5,35,21.5,0,5.4,44,6,3.3,4,6,1,60.9,40.7,33.6,2,27-02-2025,Free,No,No,0,16,2,2,4.4,Not Completed,0,0,0,1,1,1,2,2
19156,STU119156,Kavya Iyer,Female,17,Diploma,Student,Vadodara,Laptop,Medium,C101,Python Basics,Programming,Beginner,45,4.6,5,47,72.9,2,2.8,9,4,4.8,7,2,3,78.4,56.7,70.3,4,12-06-2025,Scholarship,No,No,1983,44,1,0,4.0,Completed,0,1,2,0,2,1,4,4
19157,STU119157,Pooja Mehta,Female,22,Master,Student,Kolkata,Laptop,High,C104,Digital Marketing Essentials,Marketing,Beginner,30,4.3,5,38,83.9,2,8.2,3,6,5.7,6,4,7,93.0,60.9,68.4,4,26-07-2025,UPI,Yes,No,3251,48,1,0,4.4,Not Completed,0,3,2,0,0,1,2,5
19158,STU119158,Rahul Reddy,Male,29,Bachelor,Student,Nagpur,Laptop,Medium,C103,Introduction to AI,Programming,Intermediate,75,4.5,8,35,62.5,5,7.8,2,10,8.0,6,4,6,64.2,54.3,60.6,3,19-02-2024,Scholarship,No,No,1628,77,2,2,4.0,Not Completed,1,0,2,0,2,2,4,4
19159,STU119159,Arjun Sharma,Female,17,Bachelor,Student,Indore,Mobile,Medium,C103,Introduction to AI,Programming,Intermediate,75,4.5,5,39,71.1,2,6.3,3,6,6.0,8,1,3,67.2,38.7,74.8,0,01-08-2024,Free,No,Yes,0,70,4,1,4.2,Completed,0,0,2,1,2,2,4,2
19160,STU119160,Neha Kumar,Female,21,Master,Unemployed,Delhi,Mobile,Medium,C103,Introduction to AI,Programming,Intermediate,75,4.5,9,32,75.8,1,7.5,1,10,7.5,4,6,5,64.8,56.9,53.4,4,06-11-2024,Credit Card,Yes,No,5913,43,2,0,3.6,Not Completed,0,3,3,1,2,2,4,0
19161,STU119161,Sneha Reddy,Female,22,Bachelor,Student,Ahmedabad,Laptop,Medium,C102,Data Analysis with Python,Programming,Intermediate,60,4.7,3,33,64.0,3,0.5,6,6,6.6,3,7,1,67.7,69.1,43.9,2,20-02-2025,UPI,Yes,Yes,4335,79,2,1,3.8,Completed,0,0,2,0,2,2,4,5
19162,STU119162,Pooja Shah,Female,33,Diploma,Employed,Jaipur,Laptop,Medium,C104,Digital Marketing Essentials,Marketing,Beginner,30,4.3,3,23,77.6,1,0.5,2,3,9.0,3,7,3,63.2,55.7,47.9,1,12-08-2024,Scholarship,No,Yes,1372,59,4,2,3.1,Completed,0,1,0,0,2,1,2,4
19163,STU119163,Rahul Sharma,Female,17,Master,Employed,Pune,Mobile,Low,C101,Python Basics,Programming,Beginner,45,4.6,4,39,58.7,1,5.5,13,3,2.5,2,8,5,94.8,66.0,35.9,1,20-04-2025,Scholarship,No,No,1040,71,1,1,4.5,Not Completed,0,3,0,1,1,1,4,4
19164,STU119164,Vihaan Gupta,Male,27,Bachelor,Student,Mumbai,Mobile,Medium,C107,Statistics for Data Science,Math,Intermediate,50,4.2,4,46,68.8,4,0.5,4,11,9.0,5,5,4,93.3,87.1,58.4,4,19-04-2024,Free,No,Yes,0,68,1,0,5.0,Not Completed,1,0,2,1,2,2,3,2
19165,STU119165,Sakshi Iyer,Male,23,Bachelor,Student,Hyderabad,Mobile,Low,C103,Introduction to AI,Programming,Intermediate,75,4.5,7,48,94.8,3,5.6,6,5,7.2,5,5,2,74.2,30.5,64.7,2,22-07-2024,Scholarship,No,No,1227,53,0,1,3.8,Completed,1,0,2,1,1,2,4,4
19166,STU119166,Neha Joshi,Male,26,Bachelor,Employed,Kolkata,Mobile,High,C108,Excel for Business,Business,Beginner,25,4.1,4,28,41.7,3,4.0,4,6,7.3,4,6,1,99.4,75.7,42.4,4,13-09-2024,UPI,Yes,No,3509,85,0,0,5.0,Not Completed,1,0,0,1,0,1,0,5
19167,STU119167,Sai Mehta,Male,17,Master,Employed,Ahmedabad,Laptop,Medium,C101,Python Basics,Programming,Beginner,45,4.6,7,37,70.8,0,9.6,1,10,5.7,5,5,4,68.4,84.1,59.0,4,16-01-2025,Scholarship,No,No,993,96,4,0,4.7,Completed,1,3,0,0,2,1,4,4
19168,STU119168,Vihaan Nair,Male,18,Bachelor,Employed,Indore,Mobile,High,C108,Excel for Business,Business,Beginner,25,4.1,5,31,60.2,3,5.5,15,3,6.8,3,7,4,79.6,85.8,43.3,3,20-07-2025,Free,No,No,0,62,0,1,5.0,Completed,1,0,0,1,0,1,0,2
19169,STU119169,Nikhil Sharma,Female,20,Bachelor,Employed,Pune,Mobile,Low,C101,Python Basics,Programming,Beginner,45,4.6,3,57,92.7,2,0.5,4,9,7.5,4,6,5,58.1,43.7,58.6,0,14-07-2024,UPI,Yes,No,4549,40,3,2,3.4,Completed,0,0,0,1,1,1,4,5
19170,STU119170,Isha Bose,Female,26,Master,Employed,Indore,Mobile,Medium,C103,Introduction to AI,Programming,Intermediate,75,4.5,5,13,45.3,3,4.9,9,3,6.5,6,4,6,92.8,47.5,54.2,6,10-03-2025,UPI,Yes,No,5339,78,4,0,5.0,Completed,0,3,0,1,2,2,4,5
19171,STU119171,Ananya Patel,Female,34,Bachelor,Student,Indore,Laptop,High,C102,Data Analysis with Python,Programming,Intermediate,60,4.7,5,45,61.2,1,0.5,5,6,3.7,5,5,2,71.2,79.7,55.4,1,01-01-2025,UPI,Yes,No,4799,67,3,3,4.5,Completed,0,0,2,0,0,2,4,5
19172,STU119172,Neha Joshi,Male,29,Diploma,Student,Ahmedabad,Mobile,High,C107,Statistics for Data Science,Math,Intermediate,50,4.2,6,46,69.9,5,3.6,2,6,5.8,6,4,5,79.5,81.4,64.5,2,24-12-2023,Debit Card,Yes,No,4773,88,4,1,4.1,Completed,1,1,2,1,0,2,3,1
19173,STU119173,Sai Bhardwaj,Female,24,Master,Student,Mumbai,Laptop,High,C102,Data Analysis with Python,Programming,Intermediate,60,4.7,4,33,37.1,0,0.5,0,17,6.2,8,2,3,73.2,100.0,66.0,0,14-04-2024,Debit Card,Yes,No,4627,68,4,3,3.5,Completed,0,3,2,0,0,2,4,1
19174,STU119174,Isha Joshi,Female,31,Bachelor,Employed,Delhi,Tablet,Low,C101,Python Basics,Programming,Beginner,45,4.6,3,21,34.2,1,5.5,26,6,7.5,3,7,0,89.3,84.0,34.2,0,08-06-2025,Debit Card,Yes,No,3948,81,1,1,2.1,Not Completed,0,0,0,2,1,1,4,1
19175,STU119175,Neha Reddy,Female,17,Bachelor,Employed,Bengaluru,Laptop,Medium,C104,Digital Marketing Essentials,Marketing,Beginner,30,4.3,2,20,56.5,0,9.6,3,11,7.1,4,6,4,66.5,72.3,47.4,1,28-02-2024,Debit Card,Yes,No,3656,47,2,1,5.0,Not Completed,0,0,0,0,2,1,2,1
19176,STU119176,Priya Desai,Male,40,Bachelor,Student,Pune,Mobile,High,C102,Data Analysis with Python,Programming,Intermediate,60,4.7,5,19,42.4,1,2.1,2,5,7.6,4,6,3,85.2,83.2,43.0,2,19-11-2023,UPI,Yes,No,4707,53,0,1,4.3,Not Completed,1,0,2,1,0,2,4,5
19177,STU119177,Vivaan Bhardwaj,Female,29,Bachelor,Self-Employed,Hyderabad,Mobile,Medium,C101,Python Basics,Programming,Beginner,45,4.6,4,46,24.4,2,5.8,1,6,3.0,6,4,3,46.5,54.2,47.3,1,27-05-2024,Debit Card,Yes,No,4289,51,4,1,4.9,Not Completed,0,0,1,1,2,1,4,1
19178,STU119178,Sakshi Shah,Male,29,Bachelor,Unemployed,Nagpur,Laptop,Low,C108,Excel for Business,Business,Beginner,25,4.1,6,47,33.2,5,1.6,0,5,5.3,4,6,4,66.0,48.4,38.0,0,10-01-2024,Debit Card,Yes,No,3184,61,1,1,3.9,Completed,1,0,3,0,1,1,0,1
19179,STU119179,Sai Shah,Male,25,Bachelor,Student,Bengaluru,Laptop,Medium,C101,Python Basics,Programming,Beginner,45,4.6,5,39,80.2,0,11.4,6,3,5.7,3,7,4,70.5,64.3,49.3,1,02-01-2025,UPI,Yes,No,4577,56,2,2,4.3,Completed,1,0,2,0,2,1,4,5
19180,STU119180,Vihaan Joshi,Female,36,Master,Student,Surat,Mobile,High,C102,Data Analysis with Python,Programming,Intermediate,60,4.7,3,39,27.6,0,10.6,7,4,6.3,3,6,4,62.8,56.5,30.5,1,19-03-2024,Scholarship,No,No,1701,59,3,1,4.7,Not Completed,0,3,2,1,0,2,4,4
19181,STU119181,Sneha Nair,Male,31,Bachelor,Employed,Delhi,Mobile,Low,C101,Python Basics,Programming,Beginner,45,4.6,4,40,29.2,3,0.5,4,3,5.2,4,6,7,58.4,62.9,37.4,3,23-04-2025,Scholarship,No,No,929,59,2,2,4.0,Not Completed,1,0,0,1,1,1,4,4
19182,STU119182,Meera Nair,Female,28,HighSchool,Student,Ahmedabad,Mobile,Medium,C108,Excel for Business,Business,Beginner,25,4.1,5,46,21.2,0,12.7,1,8,5.8,5,5,3,65.9,96.3,42.2,2,26-03-2024,UPI,Yes,No,3441,30,1,0,5.0,Not Completed,0,2,2,1,2,1,0,5
19183,STU119183,Rohan Sharma,Female,23,Bachelor,Student,Surat,Mobile,Medium,C103,Introduction to AI,Programming,Intermediate,75,4.5,7,29,75.0,3,11.4,2,6,5.1,5,5,4,86.5,76.0,60.1,4,25-05-2024,UPI,Yes,Yes,4844,48,2,0,3.5,Completed,0,0,2,1,2,2,4,5
19184,STU119184,Aditya Nair,Male,26,Bachelor,Employed,Vadodara,Mobile,Medium,C102,Data Analysis with Python,Programming,Intermediate,60,4.7,3,36,87.7,0,3.9,22,7,6.9,4,5,3,69.8,78.3,58.6,1,16-07-2025,Debit Card,Yes,No,5007,91,2,0,5.0,Not Completed,1,0,0,1,2,2,4,1
19185,STU119185,Meera Joshi,Male,24,Bachelor,Student,Kolkata,Mobile,Medium,C101,Python Basics,Programming,Beginner,45,4.6,4,30,83.5,4,8.4,5,5,7.1,5,5,3,71.0,83.5,63.4,3,10-08-2024,UPI,Yes,No,4344,94,0,0,4.4,Completed,1,0,2,1,2,1,4,5
19186,STU119186,Aarav Bhardwaj,Female,24,HighSchool,Student,Kolkata,Mobile,Medium,C107,Statistics for Data Science,Math,Intermediate,50,4.2,4,39,73.4,3,0.5,8,8,0.4,3,7,4,74.3,78.1,47.6,1,17-04-2025,Free,No,No,0,20,1,0,5.0,Not Completed,0,2,2,1,2,2,3,2
19187,STU119187,Aditya Kumar,Female,29,Bachelor,Employed,Nagpur,Mobile,Low,C104,Digital Marketing Essentials,Marketing,Beginner,30,4.3,3,30,62.2,2,1.8,12,7,5.7,5,5,2,57.1,65.4,55.1,0,27-08-2024,Debit Card,Yes,Yes,3266,83,4,3,4.6,Completed,0,0,0,1,1,1,2,1
19188,STU119188,Rohan Mehta,Female,23,Bachelor,Unemployed,Bengaluru,Mobile,High,C105,UI/UX Design Fundamentals,Design,Beginner,40,4.4,3,35,90.8,0,0.5,4,3,7.5,5,5,2,52.7,61.8,64.9,2,09-01-2025,Scholarship,No,No,612,56,5,0,3.4,Completed,0,0,3,1,0,1,1,4
19189,STU119189,Neha Gupta,Male,17,Master,Employed,Nagpur,Laptop,Medium,C108,Excel for Business,Business,Beginner,25,4.1,4,27,51.6,2,0.5,2,6,7.2,8,1,8,83.6,67.4,69.4,0,02-02-2024,Credit Card,Yes,No,2992,99,2,2,3.5,Completed,1,3,0,0,2,1,0,0
19190,STU119190,Rahul Reddy,Female,20,Bachelor,Employed,Pune,Mobile,Medium,C101,Python Basics,Programming,Beginner,45,4.6,7,15,64.1,2,11.1,10,6,5.4,6,4,9,56.0,83.9,62.6,4,05-05-2025,Debit Card,Yes,No,4464,91,5,0,4.7,Completed,0,0,0,1,2,1,4,1
19191,STU119191,Pooja Verma,Male,24,Diploma,Employed,Jaipur,Laptop,Medium,C104,Digital Marketing Essentials,Marketing,Beginner,30,4.3,7,26,83.7,3,0.5,10,6,2.4,2,8,0,66.5,75.8,45.1,3,09-08-2024,Free,No,Yes,0,67,0,0,3.9,Completed,1,1,0,0,2,1,2,2
19192,STU119192,Sai Shah,Male,26,Bachelor,Unemployed,Bhopal,Mobile,Medium,C104,Digital Marketing Essentials,Marketing,Beginner,30,4.3,5,36,40.9,2,0.5,1,4,5.8,5,5,5,71.7,52.8,46.9,5,17-08-2025,Credit Card,Yes,No,3668,90,0,0,4.8,Completed,1,0,3,1,2,1,2,0
19193,STU119193,Priya Gupta,Male,17,Bachelor,Student,Hyderabad,Mobile,High,C101,Python Basics,Programming,Beginner,45,4.6,5,30,43.4,1,1.1,1,14,5.5,6,4,1,59.8,80.1,55.2,4,21-03-2024,Scholarship,No,No,2027,68,0,0,4.5,Not Completed,1,0,2,1,0,1,4,4
19194,STU119194,Priya Sharma,Female,24,Bachelor,Employed,Kolkata,Mobile,Medium,C106,Machine Learning A-Z,Programming,Advanced,90,4.6,3,37,66.8,1,0.7,0,2,2.2,6,4,3,68.6,72.2,63.0,5,28-08-2025,Debit Card,Yes,No,6356,40,1,2,5.0,Completed,0,0,0,1,2,0,4,1
19195,STU119195,Sneha Iyer,Female,23,Diploma,Student,Surat,Mobile,Medium,C107,Statistics for Data Science,Math,Intermediate,50,4.2,3,19,26.8,2,8.4,4,4,7.0,5,4,6,72.0,92.2,44.0,8,28-11-2024,Credit Card,Yes,No,4130,59,0,1,4.2,Not Completed,0,1,2,1,2,2,3,0
19196,STU119196,Sakshi Verma,Female,22,Bachelor,Student,Kolkata,Laptop,High,C106,Machine Learning A-Z,Programming,Advanced,90,4.6,6,15,84.2,3,1.4,16,5,6.3,5,5,3,80.6,73.0,63.1,1,02-08-2024,UPI,Yes,No,7055,70,2,0,5.0,Not Completed,0,0,2,0,0,0,4,5
19197,STU119197,Sai Iyer,Female,26,Master,Student,Jaipur,Mobile,High,C101,Python Basics,Programming,Beginner,45,4.6,6,41,65.2,2,8.5,0,11,6.6,5,5,0,84.9,65.6,56.1,3,06-08-2025,NetBanking,Yes,No,4042,27,4,0,5.0,Completed,0,3,2,1,0,1,4,3
19198,STU119198,Vivaan Singh,Male,23,Bachelor,Employed,Jaipur,Mobile,High,C107,Statistics for Data Science,Math,Intermediate,50,4.2,4,39,40.1,2,4.6,7,5,5.4,5,5,3,61.3,61.1,47.1,2,21-11-2024,Free,No,Yes,0,33,2,2,5.0,Completed,1,0,0,1,0,2,3,2
19199,STU119199,Vihaan Patel,Female,24,HighSchool,Student,Bengaluru,Mobile,Medium,C104,Digital Marketing Essentials,Marketing,Beginner,30,4.3,3,27,40.4,1,1.3,4,1,5.4,7,3,4,60.1,69.7,59.6,2,04-02-2024,UPI,Yes,No,3543,92,1,0,4.4,Completed,0,2,2,1,2,1,2,5
19200,STU119200,Vihaan Sharma,Male,29,Bachelor,Employed,Kolkata,Laptop,Medium,C101,Python Basics,Programming,Beginner,45,4.6,3,15,77.9,4,0.5,7,3,5.2,7,3,3,73.7,77.0,73.1,4,06-11-2023,Debit Card,Yes,No,3884,100,4,1,2.9,Completed,1,0,0,0,2,1,4,1
19201,STU119201,Ananya Nair,Other,26,Bachelor,Student,Bhopal,Mobile,Medium,C104,Digital Marketing Essentials,Marketing,Beginner,30,4.3,4,46,45.2,1,0.7,6,3,5.2,2,8,1,80.8,64.8,31.1,2,18-08-2025,NetBanking,Yes,No,3337,48,3,4,5.0,Not Completed,2,0,2,1,2,1,2,3
19202,STU119202,Meera Singh,Male,20,Bachelor,Employed,Kolkata,Mobile,Medium,C102,Data Analysis with Python,Programming,Intermediate,60,4.7,3,43,49.8,2,0.5,16,4,6.7,4,6,3,74.6,74.3,45.1,2,06-12-2023,UPI,Yes,No,5189,40,2,0,2.2,Completed,1,0,0,1,2,2,4,5
19203,STU119203,Sneha Verma,Female,23,Bachelor,Employed,Delhi,Mobile,Medium,C106,Machine Learning A-Z,Programming,Advanced,90,4.6,2,35,60.8,2,7.7,48,1,7.8,7,3,7,76.2,75.9,67.1,2,02-02-2025,Debit Card,Yes,No,5866,64,1,1,3.6,Completed,0,0,0,1,2,0,4,1
19204,STU119204,Aarav Verma,Male,24,Master,Self-Employed,Mumbai,Mobile,Medium,C104,Digital Marketing Essentials,Marketing,Beginner,30,4.3,3,38,73.5,0,0.5,1,6,9.3,5,5,4,83.5,59.4,58.7,3,20-06-2024,UPI,Yes,No,3182,63,0,2,4.5,Completed,1,3,1,1,2,1,2,5
19205,STU119205,Nikhil Shah,Female,30,Master,Employed,Kolkata,Mobile,Low,C106,Machine Learning A-Z,Programming,Advanced,90,4.6,5,35,54.0,4,9.9,4,2,8.5,5,5,2,71.0,61.1,51.9,5,13-12-2023,UPI,Yes,No,6580,52,2,1,3.2,Not Completed,0,3,0,1,1,0,4,5
19206,STU119206,Aditya Mehta,Male,33,Bachelor,Employed,Lucknow,Laptop,Medium,C102,Data Analysis with Python,Programming,Intermediate,60,4.7,3,40,58.7,2,0.5,1,4,7.5,3,7,4,58.9,74.9,42.3,2,21-02-2024,Debit Card,Yes,No,4594,35,2,1,5.0,Not Completed,1,0,0,0,2,2,4,1
19207,STU119207,Isha Verma,Female,24,Bachelor,Employed,Jaipur,Laptop,Medium,C102,Data Analysis with Python,Programming,Intermediate,60,4.7,5,16,54.0,2,0.5,14,5,4.5,5,5,2,62.3,74.7,52.6,3,22-12-2023,UPI,Yes,No,5456,44,0,0,3.9,Completed,0,0,0,0,2,2,4,5
19208,STU119208,Vivaan Shah,Female,24,Master,Student,Bhopal,Laptop,High,C104,Digital Marketing Essentials,Marketing,Beginner,30,4.3,3,49,69.7,0,5.5,15,2,3.9,3,7,3,65.7,74.8,46.1,1,08-02-2024,UPI,Yes,Yes,2798,64,2,3,4.4,Not Completed,0,3,2,0,0,1,2,5
19209,STU119209,Nikhil Mehta,Male,24,Bachelor,Student,Lucknow,Laptop,Low,C108,Excel for Business,Business,Beginner,25,4.1,3,41,48.0,2,1.2,8,4,7.4,4,6,6,53.5,69.9,44.3,2,03-01-2025,UPI,Yes,No,3230,53,3,0,4.2,Not Completed,1,0,2,0,1,1,0,5
19210,STU119210,Meera Shah,Female,17,HighSchool,Employed,Indore,Laptop,Medium,C108,Excel for Business,Business,Beginner,25,4.1,5,35,41.8,5,8.2,14,4,6.0,5,4,2,48.4,80.1,48.6,1,23-12-2023,Scholarship,No,No,1451,81,3,0,4.3,Not Completed,0,2,0,0,2,1,0,4
19211,STU119211,Priya Mehta,Female,17,Bachelor,Student,Nagpur,Tablet,Medium,C101,Python Basics,Programming,Beginner,45,4.6,3,16,81.7,1,0.5,9,5,7.5,3,6,2,71.3,92.5,51.2,2,15-07-2024,Scholarship,No,Yes,620,80,2,2,4.5,Completed,0,0,2,2,2,1,4,4
19212,STU119212,Rahul Joshi,Male,38,Bachelor,Employed,Nagpur,Mobile,Low,C104,Digital Marketing Essentials,Marketing,Beginner,30,4.3,3,23,65.8,5,0.5,0,7,3.2,4,6,4,71.5,63.1,50.2,0,12-09-2025,Credit Card,Yes,No,3223,58,0,1,2.4,Not Completed,1,0,0,1,1,1,2,0
19213,STU119213,Ritika Gupta,Female,19,Bachelor,Student,Lucknow,Mobile,High,C102,Data Analysis with Python,Programming,Intermediate,60,4.7,4,37,55.0,2,0.5,0,7,9.3,5,5,5,73.2,63.9,52.4,5,24-07-2025,Credit Card,Yes,Yes,4347,89,1,0,4.2,Not Completed,0,0,2,1,0,2,4,0
19214,STU119214,Ananya Kumar,Female,19,Bachelor,Employed,Lucknow,Mobile,Medium,C101,Python Basics,Programming,Beginner,45,4.6,5,19,15.0,6,3.8,2,6,6.8,6,4,3,73.6,78.3,45.2,2,30-09-2024,Credit Card,Yes,No,4196,89,6,1,5.0,Completed,0,0,0,1,2,1,4,0
19215,STU119215,Vivaan Bose,Female,29,Bachelor,Employed,Ahmedabad,Laptop,Low,C106,Machine Learning A-Z,Programming,Advanced,90,4.6,5,36,21.0,2,8.4,1,8,3.3,5,5,3,89.7,89.0,41.8,0,19-03-2025,UPI,Yes,No,6899,70,1,0,4.8,Completed,0,0,0,0,1,0,4,5
19216,STU119216,Ritika Mehta,Female,17,PhD,Employed,Ahmedabad,Tablet,Medium,C107,Statistics for Data Science,Math,Intermediate,50,4.2,1,35,65.8,1,0.5,6,3,3.6,2,8,0,69.5,70.9,38.6,1,31-05-2024,Debit Card,Yes,No,4418,87,1,4,4.9,Completed,0,4,0,2,2,2,3,1
19217,STU119217,Ritika Mehta,Female,24,Bachelor,Student,Surat,Laptop,High,C108,Excel for Business,Business,Beginner,25,4.1,7,32,67.3,1,0.5,21,3,6.0,2,8,8,72.2,65.0,38.8,2,11-08-2024,Credit Card,Yes,No,3493,25,1,0,4.1,Not Completed,0,0,2,0,0,1,0,0
19218,STU119218,Pooja Sharma,Female,30,Diploma,Student,Bengaluru,Laptop,High,C103,Introduction to AI,Programming,Intermediate,75,4.5,5,36,83.2,1,0.5,0,5,4.0,4,6,5,74.5,44.8,55.3,1,15-04-2024,NetBanking,Yes,Yes,4808,88,2,1,4.7,Completed,0,1,2,0,0,2,4,3
19219,STU119219,Meera Bose,Male,23,HighSchool,Employed,Chennai,Mobile,Medium,C103,Introduction to AI,Programming,Intermediate,75,4.5,4,34,62.5,1,9.8,1,3,2.0,6,4,6,76.2,65.9,61.2,6,14-01-2025,Debit Card,Yes,Yes,5146,67,3,1,5.0,Not Completed,1,2,0,1,2,2,4,1
19220,STU119220,Rohan Sharma,Female,19,Master,Employed,Hyderabad,Mobile,Medium,C103,Introduction to AI,Programming,Intermediate,75,4.5,3,36,40.3,4,0.5,1,7,7.6,5,5,1,77.4,62.5,47.2,3,04-09-2024,Debit Card,Yes,Yes,4899,42,3,1,3.1,Not Completed,0,3,0,1,2,2,4,1
19221,STU119221,Neha Sharma,Female,30,Master,Employed,Indore,Tablet,Medium,C104,Digital Marketing Essentials,Marketing,Beginner,30,4.3,5,52,60.7,1,10.1,3,8,6.5,4,6,2,87.3,85.1,49.5,2,21-04-2025,Scholarship,No,No,1255,77,3,2,4.1,Completed,0,3,0,2,2,1,2,4
19222,STU119222,Krishna Bose,Female,20,Diploma,Student,Bengaluru,Mobile,Low,C101,Python Basics,Programming,Beginner,45,4.6,4,37,41.3,1,5.2,5,2,4.1,2,8,2,54.4,65.5,29.7,0,19-03-2024,Debit Card,Yes,No,4473,88,0,1,3.6,Not Completed,0,1,2,1,1,1,4,1
19223,STU119223,Priya Gupta,Male,37,Bachelor,Student,Delhi,Mobile,High,C104,Digital Marketing Essentials,Marketing,Beginner,30,4.3,5,32,56.8,1,6.8,0,5,9.0,5,5,4,96.0,51.1,52.4,2,29-03-2025,NetBanking,Yes,No,3261,60,2,1,5.0,Not Completed,1,0,2,1,0,1,2,3
19224,STU119224,Sneha Patel,Male,26,Bachelor,Student,Nagpur,Laptop,Medium,C108,Excel for Business,Business,Beginner,25,4.1,4,27,35.6,3,3.4,2,7,7.0,5,4,2,69.6,89.5,46.9,3,23-05-2024,Credit Card,Yes,No,3362,68,5,3,4.5,Not Completed,1,0,2,0,2,1,0,0
19225,STU119225,Ananya Joshi,Female,28,Bachelor,Employed,Surat,Mobile,High,C106,Machine Learning A-Z,Programming,Advanced,90,4.6,3,61,67.9,1,7.6,15,2,7.0,4,6,4,71.9,67.8,51.2,0,16-12-2024,UPI,Yes,Yes,5097,75,2,1,4.2,Completed,0,0,0,1,0,0,4,5
19226,STU119226,Nikhil Reddy,Female,30,Bachelor,Unemployed,Bhopal,Mobile,Low,C104,Digital Marketing Essentials,Marketing,Beginner,30,4.3,7,30,68.1,2,2.7,5,4,6.3,4,6,4,65.2,83.9,52.0,4,18-10-2023,UPI,Yes,Yes,3204,82,3,1,5.0,Not Completed,0,0,3,1,1,1,2,5
19227,STU119227,Ananya Joshi,Male,28,Diploma,Employed,Lucknow,Mobile,Medium,C108,Excel for Business,Business,Beginner,25,4.1,4,36,62.1,1,1.6,17,3,5.7,4,6,3,71.4,29.4,47.2,2,16-03-2025,Scholarship,No,No,382,49,1,1,3.1,Not Completed,1,1,0,1,2,1,0,4
19228,STU119228,Rahul Verma,Male,34,Master,Student,Chennai,Mobile,Medium,C108,Excel for Business,Business,Beginner,25,4.1,2,33,88.8,4,0.5,10,4,4.3,4,6,6,68.1,64.1,58.3,4,14-06-2024,Free,No,No,0,57,1,1,3.8,Not Completed,1,3,2,1,2,1,0,2
19229,STU119229,Ananya Verma,Male,30,Bachelor,Employed,Nagpur,Mobile,Medium,C102,Data Analysis with Python,Programming,Intermediate,60,4.7,8,36,70.8,1,9.7,11,4,3.4,5,5,4,96.1,66.6,58.1,0,14-05-2024,Free,No,No,0,56,5,2,3.9,Not Completed,1,0,0,1,2,2,4,2
19230,STU119230,Sneha Bhardwaj,Male,29,Bachelor,Employed,Bengaluru,Mobile,Medium,C104,Digital Marketing Essentials,Marketing,Beginner,30,4.3,7,27,16.9,4,1.1,28,4,5.4,4,6,1,70.9,60.1,32.9,3,01-04-2025,Scholarship,No,No,412,96,2,3,4.7,Not Completed,1,0,0,1,2,1,2,4
19231,STU119231,Meera Patel,Male,23,HighSchool,Student,Bhopal,Mobile,High,C101,Python Basics,Programming,Beginner,45,4.6,8,35,71.2,3,0.5,1,4,7.8,7,3,1,85.0,61.6,70.0,3,03-03-2024,Scholarship,No,No,1818,97,1,1,3.6,Not Completed,1,2,2,1,0,1,4,4
19232,STU119232,Sneha Sharma,Female,24,HighSchool,Employed,Vadodara,Mobile,Medium,C102,Data Analysis with Python,Programming,Intermediate,60,4.7,4,33,46.4,2,11.9,7,1,4.4,8,2,3,80.4,63.6,67.4,0,20-04-2024,Free,No,No,0,62,1,2,2.6,Completed,0,2,0,1,2,2,4,2
19233,STU119233,Meera Bose,Male,23,Bachelor,Employed,Nagpur,Mobile,High,C102,Data Analysis with Python,Programming,Intermediate,60,4.7,5,47,39.9,4,0.5,0,5,4.7,4,6,5,88.4,67.7,41.4,4,15-04-2025,Debit Card,Yes,No,4821,86,2,0,5.0,Not Completed,1,0,0,1,0,2,4,1
19234,STU119234,Priya Sharma,Male,35,Bachelor,Employed,Surat,Mobile,Medium,C102,Data Analysis with Python,Programming,Intermediate,60,4.7,5,47,67.9,3,1.9,0,1,8.3,3,7,7,65.1,62.4,44.9,1,22-12-2023,Credit Card,Yes,No,5380,46,2,1,5.0,Completed,1,0,0,1,2,2,4,0
19235,STU119235,Neha Patel,Female,23,Master,Employed,Indore,Mobile,High,C104,Digital Marketing Essentials,Marketing,Beginner,30,4.3,3,31,76.5,4,1.8,1,5,4.9,4,6,3,79.3,73.0,54.4,1,13-03-2025,Scholarship,No,No,764,78,3,0,5.0,Not Completed,0,3,0,1,0,1,2,4
19236,STU119236,Kavya Kumar,Male,25,PhD,Employed,Bengaluru,Mobile,Medium,C103,Introduction to AI,Programming,Intermediate,75,4.5,7,37,49.8,1,7.4,4,4,4.2,8,2,7,72.2,71.9,69.0,3,06-10-2024,Free,No,Yes,0,74,1,1,4.0,Completed,1,4,0,1,2,2,4,2
19237,STU119237,Ananya Reddy,Female,32,Bachelor,Employed,Delhi,Mobile,Medium,C107,Statistics for Data Science,Math,Intermediate,50,4.2,3,23,38.2,3,0.5,8,7,10.0,5,5,7,82.0,66.2,46.7,2,26-12-2023,UPI,Yes,No,4161,51,5,0,4.6,Completed,0,0,0,1,2,2,3,5
19238,STU119238,Priya Verma,Female,29,Master,Student,Kolkata,Mobile,Medium,C103,Introduction to AI,Programming,Intermediate,75,4.5,7,29,91.6,3,3.1,1,6,6.2,7,3,2,64.5,70.1,77.6,5,23-07-2025,Debit Card,Yes,Yes,4963,44,1,1,4.9,Not Completed,0,3,2,1,2,2,4,1
19239,STU119239,Krishna Singh,Male,26,Diploma,Employed,Bhopal,Mobile,Low,C106,Machine Learning A-Z,Programming,Advanced,90,4.6,6,8,60.0,1,0.5,1,5,7.4,6,4,0,68.5,54.5,59.7,4,19-11-2023,Free,No,No,0,55,1,4,3.8,Not Completed,1,1,0,1,1,0,4,2
19240,STU119240,Aarav Mehta,Female,23,Master,Employed,Delhi,Mobile,Medium,C101,Python Basics,Programming,Beginner,45,4.6,3,24,72.3,0,1.2,2,1,8.4,3,7,6,73.3,68.2,46.7,3,07-08-2025,UPI,Yes,No,4010,70,2,0,3.5,Completed,0,3,0,1,2,1,4,5
19241,STU119241,Sakshi Desai,Female,17,Bachelor,Self-Employed,Pune,Laptop,Medium,C103,Introduction to AI,Programming,Intermediate,75,4.5,5,35,66.3,1,9.6,1,1,5.7,6,4,5,92.2,60.7,62.2,1,02-07-2025,Debit Card,Yes,Yes,5327,52,1,1,4.0,Completed,0,0,1,0,2,2,4,1
19242,STU119242,Sneha Bose,Female,31,Bachelor,Employed,Bengaluru,Laptop,Medium,C105,UI/UX Design Fundamentals,Design,Beginner,40,4.4,5,47,53.3,1,0.5,2,5,4.8,5,5,4,81.6,65.1,51.9,3,30-08-2025,UPI,Yes,Yes,3441,65,5,0,4.5,Not Completed,0,0,0,0,2,1,1,5
19243,STU119243,Meera Desai,Female,37,Bachelor,Self-Employed,Ahmedabad,Mobile,Low,C108,Excel for Business,Business,Beginner,25,4.1,6,44,85.4,3,3.5,4,5,7.3,3,7,4,58.2,88.5,52.3,3,21-04-2025,NetBanking,Yes,No,3339,91,3,1,3.7,Completed,0,0,1,1,1,1,0,3
19244,STU119244,Aarav Verma,Male,18,Bachelor,Employed,Nagpur,Mobile,High,C106,Machine Learning A-Z,Programming,Advanced,90,4.6,5,44,69.7,2,3.6,8,1,6.4,6,4,5,100.0,34.9,62.2,4,09-06-2024,UPI,Yes,No,6517,87,2,0,3.0,Not Completed,1,0,0,1,0,0,4,5
19245,STU119245,Sneha Verma,Female,21,Master,Student,Pune,Laptop,High,C102,Data Analysis with Python,Programming,Intermediate,60,4.7,7,5,95.4,2,0.5,5,5,6.4,7,3,2,71.5,66.5,78.7,6,28-03-2025,Free,No,No,0,62,1,3,3.8,Not Completed,0,3,2,0,0,2,4,2
19246,STU119246,Neha Iyer,Female,17,HighSchool,Employed,Hyderabad,Mobile,Low,C105,UI/UX Design Fundamentals,Design,Beginner,40,4.4,1,21,53.7,4,7.7,3,2,7.3,4,6,3,59.7,50.1,45.3,2,14-06-2024,Credit Card,Yes,No,4010,63,3,0,4.1,Completed,0,2,0,1,1,1,1,0
19247,STU119247,Rahul Singh,Male,24,Bachelor,Employed,Lucknow,Mobile,High,C105,UI/UX Design Fundamentals,Design,Beginner,40,4.4,5,29,43.2,1,0.5,8,10,6.3,2,8,3,75.1,60.6,30.1,3,27-08-2024,Free,No,Yes,0,56,4,1,4.9,Not Completed,1,0,0,1,0,1,1,2
19248,STU119248,Priya Patel,Male,23,Bachelor,Employed,Kolkata,Mobile,High,C102,Data Analysis with Python,Programming,Intermediate,60,4.7,5,21,59.2,2,15.8,3,2,7.6,6,4,1,61.3,65.0,60.0,5,28-12-2023,Free,No,Yes,0,37,0,1,3.4,Completed,1,0,0,1,0,2,4,2
19249,STU119249,Priya Nair,Female,49,Master,Employed,Jaipur,Laptop,Medium,C104,Digital Marketing Essentials,Marketing,Beginner,30,4.3,4,45,73.9,5,6.0,7,7,9.1,3,7,5,85.9,64.6,47.1,2,20-02-2024,UPI,Yes,Yes,2804,65,3,0,4.7,Not Completed,0,3,0,0,2,1,2,5
19250,STU119250,Pooja Joshi,Female,30,Bachelor,Employed,Hyderabad,Mobile,High,C103,Introduction to AI,Programming,Intermediate,75,4.5,4,41,91.9,3,0.5,1,1,6.4,6,4,11,76.2,83.4,72.3,1,02-05-2024,Debit Card,Yes,No,5478,71,4,0,5.0,Completed,0,0,0,1,0,2,4,1
19251,STU119251,Sakshi Mehta,Female,35,Bachelor,Student,Vadodara,Mobile,High,C106,Machine Learning A-Z,Programming,Advanced,90,4.6,5,18,70.5,2,1.8,5,8,5.7,3,7,3,67.7,86.1,47.0,3,03-09-2025,Scholarship,No,No,1140,35,2,0,3.8,Not Completed,0,0,2,1,0,0,4,4
19252,STU119252,Ananya Reddy,Female,31,Bachelor,Employed,Lucknow,Mobile,High,C102,Data Analysis with Python,Programming,Intermediate,60,4.7,5,40,87.4,5,14.0,12,11,5.8,6,4,5,83.5,52.5,69.2,5,13-02-2024,Free,No,No,0,100,2,1,4.7,Completed,0,0,0,1,0,2,4,2
19253,STU119253,Aarav Kumar,Male,35,Bachelor,Unemployed,Bengaluru,Laptop,Medium,C102,Data Analysis with Python,Programming,Intermediate,60,4.7,4,45,87.8,2,3.7,12,10,5.4,4,6,7,66.3,44.5,56.9,3,05-03-2024,Scholarship,No,No,1083,97,2,1,3.4,Not Completed,1,0,3,0,2,2,4,4
19254,STU119254,Pooja Gupta,Male,27,Master,Employed,Ahmedabad,Laptop,Medium,C103,Introduction to AI,Programming,Intermediate,75,4.5,9,26,24.5,1,2.7,8,6,2.5,7,3,1,62.3,62.2,53.7,3,30-03-2025,Debit Card,Yes,Yes,4893,67,1,1,5.0,Not Completed,1,3,0,0,2,2,4,1
19255,STU119255,Nikhil Bhardwaj,Male,22,PhD,Employed,Pune,Mobile,Medium,C102,Data Analysis with Python,Programming,Intermediate,60,4.7,4,23,52.7,1,6.3,0,5,9.2,6,4,7,73.0,84.8,58.7,6,27-09-2024,NetBanking,Yes,No,4506,58,7,0,4.6,Not Completed,1,4,0,1,2,2,4,3
19256,STU119256,Meera Sharma,Male,17,Bachelor,Employed,Kolkata,Mobile,High,C108,Excel for Business,Business,Beginner,25,4.1,5,8,51.4,4,0.5,11,4,7.8,4,6,3,88.4,100.0,47.0,2,29-04-2025,UPI,Yes,No,3371,95,2,1,5.0,Completed,1,0,0,1,0,1,0,5
19257,STU119257,Sneha Singh,Female,17,Bachelor,Student,Surat,Mobile,High,C107,Statistics for Data Science,Math,Intermediate,50,4.2,4,48,73.5,0,6.0,1,5,7.3,7,3,1,70.0,47.5,70.1,0,20-07-2024,Free,No,Yes,0,59,2,0,3.3,Not Completed,0,0,2,1,0,2,3,2
19258,STU119258,Nikhil Bhardwaj,Female,24,Bachelor,Self-Employed,Vadodara,Laptop,Medium,C102,Data Analysis with Python,Programming,Intermediate,60,4.7,3,16,68.7,1,1.3,5,7,9.1,4,6,6,61.0,65.7,51.3,1,04-04-2025,Scholarship,No,No,680,44,3,0,3.8,Not Completed,0,0,1,0,2,2,4,4
19259,STU119259,Neha Nair,Male,20,HighSchool,Student,Kolkata,Mobile,Medium,C104,Digital Marketing Essentials,Marketing,Beginner,30,4.3,9,31,54.7,3,9.1,0,5,8.4,4,6,5,51.9,49.9,45.6,2,16-03-2024,Debit Card,Yes,No,3597,52,3,2,2.4,Not Completed,1,2,2,1,2,1,2,1
19260,STU119260,Meera Bhardwaj,Female,30,Bachelor,Employed,Kolkata,Mobile,Medium,C101,Python Basics,Programming,Beginner,45,4.6,2,48,83.2,1,2.3,0,2,8.9,5,5,4,76.7,76.2,62.9,3,10-11-2023,UPI,Yes,No,4027,96,4,0,5.0,Completed,0,0,0,1,2,1,4,5
19261,STU119261,Sakshi Shah,Female,32,Bachelor,Employed,Bengaluru,Mobile,Medium,C104,Digital Marketing Essentials,Marketing,Beginner,30,4.3,3,17,72.3,2,9.7,2,5,4.8,2,8,1,55.9,78.7,41.2,3,27-01-2025,Debit Card,Yes,No,3772,62,0,0,2.7,Not Completed,0,0,0,1,2,1,2,1
19262,STU119262,Aditya Kumar,Male,29,Bachelor,Self-Employed,Mumbai,Laptop,High,C108,Excel for Business,Business,Beginner,25,4.1,5,19,58.0,1,0.5,2,5,7.5,4,6,3,52.0,74.5,48.0,3,16-09-2025,Scholarship,No,No,1068,79,2,1,3.6,Not Completed,1,0,1,0,0,1,0,4
19263,STU119263,Ananya Desai,Male,22,Diploma,Student,Chennai,Laptop,High,C108,Excel for Business,Business,Beginner,25,4.1,7,44,61.7,7,0.5,8,8,5.0,6,4,6,76.4,81.7,61.7,3,09-12-2023,UPI,Yes,No,3486,75,3,2,4.4,Not Completed,1,1,2,0,0,1,0,5
19264,STU119264,Ritika Reddy,Male,20,Bachelor,Employed,Jaipur,Laptop,Medium,C104,Digital Marketing Essentials,Marketing,Beginner,30,4.3,2,35,30.2,3,0.5,0,5,3.7,3,7,6,62.2,67.0,31.9,3,13-02-2025,UPI,Yes,No,3769,100,0,3,5.0,Not Completed,1,0,0,0,2,1,2,5
19265,STU119265,Rohan Mehta,Male,30,Master,Employed,Delhi,Tablet,Low,C104,Digital Marketing Essentials,Marketing,Beginner,30,4.3,2,17,63.0,4,0.5,8,4,3.8,3,7,4,70.9,61.1,43.1,2,06-04-2025,UPI,Yes,No,3196,64,3,0,4.4,Not Completed,1,3,0,2,1,1,2,5
19266,STU119266,Pooja Reddy,Female,28,Bachelor,Employed,Indore,Mobile,Medium,C103,Introduction to AI,Programming,Intermediate,75,4.5,6,24,43.1,1,0.5,1,5,9.2,5,5,2,60.9,73.3,48.8,1,20-07-2024,Free,No,No,0,73,3,0,3.9,Not Completed,0,0,0,1,2,2,4,2
19267,STU119267,Sneha Verma,Female,22,PhD,Student,Bhopal,Mobile,Medium,C101,Python Basics,Programming,Beginner,45,4.6,4,57,84.0,2,8.9,10,5,10.0,8,2,4,68.4,98.6,82.3,2,11-08-2024,Debit Card,Yes,No,4462,100,5,1,4.4,Completed,0,4,2,1,2,1,4,1
19268,STU119268,Sai Iyer,Male,22,Bachelor,Student,Mumbai,Mobile,Medium,C106,Machine Learning A-Z,Programming,Advanced,90,4.6,4,16,75.7,3,0.5,5,4,3.7,3,6,4,60.5,56.5,47.3,3,20-01-2024,UPI,Yes,No,6750,41,2,3,3.1,Completed,1,0,2,1,2,0,4,5
19269,STU119269,Vihaan Nair,Female,39,Bachelor,Student,Surat,Mobile,High,C101,Python Basics,Programming,Beginner,45,4.6,4,32,59.7,5,0.5,9,7,5.2,7,3,2,88.6,89.8,67.4,3,06-04-2024,NetBanking,Yes,No,4296,76,3,1,5.0,Completed,0,0,2,1,0,1,4,3
19270,STU119270,Sakshi Joshi,Female,17,HighSchool,Student,Ahmedabad,Mobile,High,C105,UI/UX Design Fundamentals,Design,Beginner,40,4.4,4,34,59.3,2,3.8,9,3,8.0,6,4,6,89.5,71.0,60.3,2,11-08-2025,Credit Card,Yes,No,3749,82,2,0,5.0,Completed,0,2,2,1,0,1,1,0
19271,STU119271,Pooja Verma,Female,26,Master,Self-Employed,Delhi,Laptop,High,C106,Machine Learning A-Z,Programming,Advanced,90,4.6,2,18,39.1,1,6.6,8,5,3.2,2,8,4,63.1,43.5,27.9,0,08-01-2024,UPI,Yes,No,5957,52,2,3,3.9,Not Completed,0,3,1,0,0,0,4,5
19272,STU119272,Arjun Sharma,Male,33,HighSchool,Employed,Vadodara,Mobile,Medium,C106,Machine Learning A-Z,Programming,Advanced,90,4.6,8,46,54.8,2,3.1,7,3,9.0,7,3,4,54.4,81.5,65.3,3,29-05-2025,NetBanking,Yes,No,6426,89,2,1,4.3,Not Completed,1,2,0,1,2,0,4,3
19273,STU119273,Ananya Desai,Female,28,Bachelor,Employed,Chennai,Mobile,Medium,C102,Data Analysis with Python,Programming,Intermediate,60,4.7,7,24,71.0,3,5.1,1,1,1.8,4,6,3,65.6,58.7,51.8,0,26-06-2024,Debit Card,Yes,No,4773,45,0,3,3.7,Not Completed,0,0,0,1,2,2,4,1
19274,STU119274,Rahul Sharma,Female,26,Master,Student,Vadodara,Mobile,High,C108,Excel for Business,Business,Beginner,25,4.1,7,28,64.6,1,0.5,4,9,4.5,4,6,4,56.6,60.7,49.6,4,12-02-2025,NetBanking,Yes,No,3202,32,0,1,3.8,Not Completed,0,3,2,1,0,1,0,3
19275,STU119275,Nikhil Iyer,Male,25,Master,Employed,Surat,Mobile,Medium,C102,Data Analysis with Python,Programming,Intermediate,60,4.7,5,34,64.7,1,4.9,0,3,5.9,6,4,4,64.9,49.8,61.1,3,07-01-2025,UPI,Yes,No,4699,83,3,1,4.2,Completed,1,3,0,1,2,2,4,5
19276,STU119276,Isha Bose,Female,27,Master,Employed,Jaipur,Mobile,Medium,C108,Excel for Business,Business,Beginner,25,4.1,4,25,85.7,3,0.5,0,8,7.7,5,5,3,62.9,80.3,64.0,5,28-01-2024,Free,No,No,0,75,2,3,4.0,Not Completed,0,3,0,1,2,1,0,2
19277,STU119277,Kavya Reddy,Male,19,HighSchool,Student,Mumbai,Mobile,High,C108,Excel for Business,Business,Beginner,25,4.1,5,36,85.0,5,8.8,1,2,6.2,5,5,2,81.4,42.4,61.9,3,14-07-2025,Credit Card,Yes,Yes,2687,97,0,1,4.2,Not Completed,1,2,2,1,0,1,0,0
19278,STU119278,Vivaan Nair,Female,32,Diploma,Employed,Vadodara,Mobile,High,C103,Introduction to AI,Programming,Intermediate,75,4.5,3,39,37.9,2,5.8,2,7,4.2,2,8,1,69.0,72.3,28.9,2,07-06-2024,UPI,Yes,No,6151,64,0,3,4.1,Not Completed,0,1,0,1,0,2,4,5
19279,STU119279,Krishna Reddy,Male,33,Master,Student,Mumbai,Laptop,High,C106,Machine Learning A-Z,Programming,Advanced,90,4.6,3,28,59.3,3,0.5,26,1,8.7,4,5,3,55.8,53.7,47.4,0,21-06-2025,UPI,Yes,Yes,5665,73,2,0,1.6,Completed,1,3,2,0,0,0,4,5
19280,STU119280,Rohan Mehta,Female,29,Bachelor,Employed,Pune,Mobile,Medium,C105,UI/UX Design Fundamentals,Design,Beginner,40,4.4,5,23,91.7,1,0.5,15,4,7.6,6,4,5,63.3,55.5,70.9,4,02-07-2025,NetBanking,Yes,No,3748,48,3,0,4.9,Completed,0,0,0,1,2,1,1,3
19281,STU119281,Ritika Desai,Male,28,Master,Employed,Vadodara,Mobile,Low,C106,Machine Learning A-Z,Programming,Advanced,90,4.6,2,37,36.9,1,9.2,2,6,4.3,5,5,4,77.8,70.0,46.4,4,28-09-2024,Free,No,Yes,0,83,2,0,3.0,Completed,1,3,0,1,1,0,4,2
19282,STU119282,Aditya Bose,Female,30,Master,Employed,Ahmedabad,Laptop,Medium,C105,UI/UX Design Fundamentals,Design,Beginner,40,4.4,8,36,75.6,2,11.0,10,4,10.0,6,3,2,79.4,84.2,66.7,3,25-05-2024,Debit Card,Yes,No,3743,68,4,0,3.8,Completed,0,3,0,0,2,1,1,1
19283,STU119283,Isha Kumar,Female,30,Master,Employed,Chennai,Mobile,High,C102,Data Analysis with Python,Programming,Intermediate,60,4.7,5,27,53.2,1,0.5,1,5,8.5,7,3,8,70.7,87.9,65.0,2,10-11-2024,UPI,Yes,Yes,4042,45,1,1,4.1,Not Completed,0,3,0,1,0,2,4,5
19284,STU119284,Nikhil Patel,Female,32,HighSchool,Student,Hyderabad,Mobile,High,C102,Data Analysis with Python,Programming,Intermediate,60,4.7,4,27,32.8,1,9.5,2,7,5.9,4,6,2,81.2,59.6,38.5,1,29-09-2024,UPI,Yes,No,4950,100,2,1,5.0,Not Completed,0,2,2,1,0,2,4,5
19285,STU119285,Sai Sharma,Male,31,Bachelor,Student,Jaipur,Laptop,Medium,C101,Python Basics,Programming,Beginner,45,4.6,5,14,65.4,1,1.1,0,4,8.8,4,6,5,68.4,62.4,50.0,4,04-06-2025,Free,No,No,0,80,1,2,4.7,Not Completed,1,0,2,0,2,1,4,2
19286,STU119286,Sai Mehta,Female,29,Bachelor,Student,Kolkata,Mobile,Low,C101,Python Basics,Programming,Beginner,45,4.6,4,47,64.8,7,0.5,1,6,10.0,5,4,9,82.2,58.5,55.6,3,07-09-2024,NetBanking,Yes,No,3826,81,3,2,5.0,Not Completed,0,0,2,1,1,1,4,3
19287,STU119287,Rahul Desai,Female,29,Master,Employed,Nagpur,Mobile,Medium,C108,Excel for Business,Business,Beginner,25,4.1,6,31,87.9,3,3.1,4,5,10.0,4,6,2,80.7,74.7,58.5,3,28-10-2023,Free,No,No,0,59,1,1,5.0,Not Completed,0,3,0,1,2,1,0,2
19288,STU119288,Ananya Desai,Female,31,Bachelor,Student,Kolkata,Laptop,High,C103,Introduction to AI,Programming,Intermediate,75,4.5,3,31,68.6,3,0.5,2,5,5.4,5,5,6,51.4,55.7,56.8,3,15-12-2023,UPI,Yes,Yes,4655,93,0,0,4.5,Completed,0,0,2,0,0,2,4,5
19289,STU119289,Ritika Iyer,Female,31,Master,Employed,Pune,Mobile,Medium,C107,Statistics for Data Science,Math,Intermediate,50,4.2,8,30,42.5,2,7.9,1,4,4.0,7,3,5,86.3,61.2,59.9,0,13-11-2023,Free,No,No,0,43,6,1,4.7,Completed,0,3,0,1,2,2,3,2
19290,STU119290,Kavya Singh,Male,31,Master,Employed,Hyderabad,Mobile,High,C108,Excel for Business,Business,Beginner,25,4.1,6,41,53.5,3,0.5,11,8,4.7,6,4,3,70.0,64.9,58.0,1,20-12-2024,Credit Card,Yes,No,2977,100,2,0,4.4,Not Completed,1,3,0,1,0,1,0,0
19291,STU119291,Vivaan Patel,Female,28,PhD,Student,Indore,Mobile,High,C104,Digital Marketing Essentials,Marketing,Beginner,30,4.3,4,30,79.2,2,0.5,2,5,1.9,6,4,5,77.9,86.6,68.1,3,30-01-2025,Free,No,No,0,51,5,1,4.2,Completed,0,4,2,1,0,1,2,2
19292,STU119292,Neha Patel,Male,25,Bachelor,Employed,Lucknow,Laptop,High,C107,Statistics for Data Science,Math,Intermediate,50,4.2,7,37,45.5,1,12.4,5,5,5.0,4,6,2,74.8,69.2,43.4,3,10-02-2025,Credit Card,Yes,No,4718,76,4,2,4.1,Not Completed,1,0,0,0,0,2,3,0
19293,STU119293,Isha Gupta,Female,35,Bachelor,Employed,Hyderabad,Mobile,Low,C106,Machine Learning A-Z,Programming,Advanced,90,4.6,6,30,53.0,2,0.5,13,6,8.7,4,6,3,66.8,93.0,47.2,1,19-07-2024,Debit Card,Yes,No,6540,59,2,1,4.3,Not Completed,0,0,0,1,1,0,4,1
19294,STU119294,Neha Shah,Female,17,Bachelor,Employed,Vadodara,Laptop,Medium,C105,UI/UX Design Fundamentals,Design,Beginner,40,4.4,2,49,56.2,5,0.5,0,6,7.7,6,4,2,75.4,72.0,59.3,2,20-03-2024,UPI,Yes,Yes,3668,66,1,1,4.2,Completed,0,0,0,0,2,1,1,5
19295,STU119295,Pooja Desai,Male,23,PhD,Student,Hyderabad,Laptop,Medium,C108,Excel for Business,Business,Beginner,25,4.1,2,34,56.8,3,0.5,0,8,4.2,6,4,5,64.1,65.8,59.2,5,09-06-2024,NetBanking,Yes,No,3416,100,3,1,5.0,Completed,1,4,2,0,2,1,0,3
19296,STU119296,Rohan Kumar,Male,31,Bachelor,Student,Surat,Mobile,Medium,C108,Excel for Business,Business,Beginner,25,4.1,3,36,61.8,0,4.6,8,8,4.7,5,4,1,73.3,79.8,55.6,2,10-11-2024,Debit Card,Yes,No,3482,73,6,4,3.7,Completed,1,0,2,1,2,1,0,1
19297,STU119297,Nikhil Joshi,Male,20,Master,Employed,Ahmedabad,Mobile,Medium,C103,Introduction to AI,Programming,Intermediate,75,4.5,2,35,61.9,6,4.2,0,6,7.6,3,7,1,62.8,62.7,42.8,1,17-12-2023,Free,No,No,0,65,2,0,4.2,Not Completed,1,3,0,1,2,2,4,2
19298,STU119298,Aarav Verma,Female,17,Diploma,Employed,Bengaluru,Laptop,Medium,C108,Excel for Business,Business,Beginner,25,4.1,6,51,69.7,0,6.6,6,6,8.7,8,2,4,77.5,70.0,75.9,5,28-08-2025,UPI,Yes,No,3409,78,3,0,4.2,Completed,0,1,0,0,2,1,0,5
19299,STU119299,Sakshi Reddy,Male,19,Bachelor,Employed,Chennai,Mobile,Medium,C102,Data Analysis with Python,Programming,Intermediate,60,4.7,4,55,23.8,3,0.5,4,4,6.3,2,8,2,69.0,57.4,23.2,2,22-10-2024,UPI,Yes,No,5300,57,1,0,3.2,Completed,1,0,0,1,2,2,4,5
19300,STU119300,Krishna Sharma,Male,22,Bachelor,Student,Indore,Mobile,Medium,C106,Machine Learning A-Z,Programming,Advanced,90,4.6,5,30,59.0,4,15.5,4,7,3.9,5,5,8,76.0,38.5,52.6,6,28-08-2025,Debit Card,Yes,No,6788,93,1,0,4.2,Not Completed,1,0,2,1,2,0,4,1
19301,STU119301,Sneha Nair,Female,17,Bachelor,Employed,Bhopal,Mobile,Medium,C105,UI/UX Design Fundamentals,Design,Beginner,40,4.4,5,32,45.7,1,4.4,14,1,6.4,6,4,3,45.7,86.1,56.3,3,18-05-2025,NetBanking,Yes,No,3868,62,2,1,2.9,Not Completed,0,0,0,1,2,1,1,3
19302,STU119302,Isha Verma,Female,31,Bachelor,Employed,Lucknow,Mobile,Medium,C106,Machine Learning A-Z,Programming,Advanced,90,4.6,4,31,86.8,1,14.2,0,2,4.2,4,6,2,61.2,57.1,57.3,0,12-02-2025,NetBanking,Yes,No,6468,28,4,1,3.9,Completed,0,0,0,1,2,0,4,3
19303,STU119303,Neha Verma,Female,28,Master,Unemployed,Nagpur,Laptop,Low,C102,Data Analysis with Python,Programming,Intermediate,60,4.7,3,38,77.6,1,0.5,10,3,6.6,4,6,5,62.8,56.8,54.0,1,19-08-2024,Debit Card,Yes,Yes,3863,51,2,1,4.5,Completed,0,3,3,0,1,2,4,1
19304,STU119304,Vihaan Bose,Female,30,HighSchool,Student,Nagpur,Mobile,High,C101,Python Basics,Programming,Beginner,45,4.6,8,55,64.2,5,3.8,1,2,3.3,4,6,4,77.9,50.2,49.0,4,23-09-2025,UPI,Yes,No,4391,40,0,0,4.1,Completed,0,2,2,1,0,1,4,5
19305,STU119305,Rohan Kumar,Female,30,Master,Student,Nagpur,Mobile,Medium,C108,Excel for Business,Business,Beginner,25,4.1,4,37,58.1,2,0.5,0,7,6.2,5,5,2,51.5,47.4,52.7,2,30-07-2025,Scholarship,No,No,971,41,1,0,3.9,Not Completed,0,3,2,1,2,1,0,4
19306,STU119306,Meera Patel,Male,25,Bachelor,Student,Pune,Tablet,Medium,C104,Digital Marketing Essentials,Marketing,Beginner,30,4.3,6,19,60.6,2,1.2,11,7,7.8,6,3,3,70.6,60.8,60.3,2,25-04-2024,Scholarship,No,No,474,67,4,1,4.2,Completed,1,0,2,2,2,1,2,4
19307,STU119307,Priya Shah,Male,28,HighSchool,Self-Employed,Jaipur,Mobile,Low,C107,Statistics for Data Science,Math,Intermediate,50,4.2,6,36,78.1,1,3.7,3,4,4.8,4,6,5,69.3,79.2,55.3,3,24-03-2025,UPI,Yes,Yes,3992,94,3,0,3.7,Not Completed,1,2,1,1,1,2,3,5
19308,STU119308,Sneha Reddy,Female,33,Master,Student,Hyderabad,Mobile,Low,C102,Data Analysis with Python,Programming,Intermediate,60,4.7,2,28,53.8,2,0.5,3,8,10.0,5,5,5,69.9,67.3,52.2,2,19-06-2025,UPI,Yes,No,4793,78,2,1,2.7,Not Completed,0,3,2,1,1,2,4,5
19309,STU119309,Aditya Mehta,Female,33,Bachelor,Employed,Lucknow,Mobile,High,C105,UI/UX Design Fundamentals,Design,Beginner,40,4.4,2,31,72.9,2,0.5,9,2,3.8,3,7,5,67.4,51.7,46.1,1,27-04-2024,UPI,Yes,Yes,3704,55,3,2,3.5,Not Completed,0,0,0,1,0,1,1,5
19310,STU119310,Sakshi Kumar,Male,19,Bachelor,Employed,Chennai,Mobile,Medium,C104,Digital Marketing Essentials,Marketing,Beginner,30,4.3,5,22,27.6,1,1.1,3,4,4.8,6,4,0,68.9,63.1,48.8,1,01-07-2025,Free,No,No,0,52,2,0,4.2,Not Completed,1,0,0,1,2,1,2,2
19311,STU119311,Rohan Singh,Male,17,Bachelor,Self-Employed,Bengaluru,Laptop,Medium,C104,Digital Marketing Essentials,Marketing,Beginner,30,4.3,4,30,66.7,1,0.5,1,5,5.4,6,4,0,57.3,71.2,62.9,2,26-11-2024,Scholarship,No,No,370,79,3,0,3.9,Completed,1,0,1,0,2,1,2,4
19312,STU119312,Aditya Mehta,Male,23,Bachelor,Employed,Pune,Mobile,Medium,C105,UI/UX Design Fundamentals,Design,Beginner,40,4.4,6,39,29.0,1,11.0,6,2,4.9,4,6,2,76.7,25.4,35.4,1,30-07-2024,Scholarship,No,No,323,79,0,2,4.1,Not Completed,1,0,0,1,2,1,1,4
19313,STU119313,Ritika Sharma,Male,20,Bachelor,Self-Employed,Vadodara,Mobile,High,C101,Python Basics,Programming,Beginner,45,4.6,8,46,49.4,1,0.5,3,6,4.3,5,5,4,59.7,63.2,50.4,2,20-03-2024,Credit Card,Yes,Yes,3372,74,3,0,3.2,Not Completed,1,0,1,1,0,1,4,0
19314,STU119314,Arjun Joshi,Male,31,Bachelor,Employed,Delhi,Mobile,High,C102,Data Analysis with Python,Programming,Intermediate,60,4.7,3,36,66.1,1,3.3,1,5,6.1,3,7,4,56.6,45.2,43.4,0,13-09-2024,Debit Card,Yes,No,4509,62,2,0,3.3,Completed,1,0,0,1,0,2,4,1
19315,STU119315,Meera Kumar,Male,24,Bachelor,Unemployed,Surat,Laptop,Medium,C101,Python Basics,Programming,Beginner,45,4.6,7,50,84.4,1,10.0,18,4,7.9,3,7,4,73.6,56.7,50.4,3,08-10-2024,UPI,Yes,Yes,3677,85,3,0,4.2,Completed,1,0,3,0,2,1,4,5
19316,STU119316,Krishna Verma,Female,31,Bachelor,Employed,Ahmedabad,Laptop,High,C103,Introduction to AI,Programming,Intermediate,75,4.5,6,21,68.8,4,0.5,3,6,8.2,6,4,1,55.9,80.6,64.1,3,09-12-2023,Credit Card,Yes,No,6075,91,1,0,5.0,Not Completed,0,0,0,0,0,2,4,0
19317,STU119317,Priya Shah,Male,25,Diploma,Employed,Pune,Mobile,High,C105,UI/UX Design Fundamentals,Design,Beginner,40,4.4,4,27,67.5,2,10.4,8,7,10.0,5,5,4,65.3,65.1,56.9,0,04-02-2024,Scholarship,No,No,1076,86,6,1,5.0,Not Completed,1,1,0,1,0,1,1,4
19318,STU119318,Ritika Patel,Male,19,Bachelor,Student,Surat,Mobile,Low,C103,Introduction to AI,Programming,Intermediate,75,4.5,4,35,71.4,3,4.0,24,7,3.6,2,8,4,76.6,42.0,39.1,1,21-07-2024,UPI,Yes,No,5524,100,1,0,3.2,Not Completed,1,0,2,1,1,2,4,5
19319,STU119319,Sai Patel,Male,32,Bachelor,Student,Vadodara,Mobile,Low,C103,Introduction to AI,Programming,Intermediate,75,4.5,3,15,26.5,5,0.5,3,4,7.1,4,6,6,86.6,69.5,36.7,1,03-07-2025,Free,No,No,0,63,5,1,4.6,Not Completed,1,0,2,1,1,2,4,2
19320,STU119320,Sakshi Nair,Female,29,Bachelor,Self-Employed,Pune,Mobile,Medium,C105,UI/UX Design Fundamentals,Design,Beginner,40,4.4,3,10,85.3,2,0.5,4,2,5.7,5,5,1,75.7,72.4,63.5,2,18-07-2025,UPI,Yes,No,4097,97,3,0,4.4,Not Completed,0,0,1,1,2,1,1,5
19321,STU119321,Priya Patel,Male,31,Master,Student,Mumbai,Laptop,Medium,C106,Machine Learning A-Z,Programming,Advanced,90,4.6,4,62,63.8,1,2.9,6,6,6.8,6,3,4,55.7,73.2,62.0,2,29-04-2025,Free,No,No,0,80,2,0,5.0,Completed,1,3,2,0,2,0,4,2
19322,STU119322,Nikhil Nair,Male,27,Master,Employed,Ahmedabad,Laptop,High,C104,Digital Marketing Essentials,Marketing,Beginner,30,4.3,5,9,80.8,0,0.5,7,5,4.9,4,6,0,73.9,61.4,55.3,1,23-05-2024,Free,No,No,0,66,1,2,3.4,Completed,1,3,0,0,0,1,2,2
19323,STU119323,Pooja Desai,Male,27,Bachelor,Employed,Mumbai,Mobile,Low,C103,Introduction to AI,Programming,Intermediate,75,4.5,6,29,67.8,3,0.5,17,3,6.2,6,4,2,67.5,35.2,61.5,4,26-02-2025,Free,No,No,0,33,0,1,3.7,Not Completed,1,0,0,1,1,2,4,2
19324,STU119324,Kavya Verma,Male,17,Bachelor,Employed,Pune,Mobile,Low,C108,Excel for Business,Business,Beginner,25,4.1,6,55,49.3,2,0.5,4,4,7.5,5,4,7,61.8,92.5,51.9,2,02-03-2024,NetBanking,Yes,No,3247,66,4,0,4.7,Not Completed,1,0,0,1,1,1,0,3
19325,STU119325,Vivaan Reddy,Male,26,Bachelor,Student,Hyderabad,Mobile,High,C101,Python Basics,Programming,Beginner,45,4.6,8,38,42.3,2,1.4,3,3,8.2,4,6,2,67.2,79.6,42.8,2,18-06-2024,Debit Card,Yes,No,4460,38,2,0,5.0,Not Completed,1,0,2,1,0,1,4,1
19326,STU119326,Ananya Gupta,Male,24,Bachelor,Student,Vadodara,Mobile,Low,C103,Introduction to AI,Programming,Intermediate,75,4.5,3,22,88.6,2,3.3,10,4,5.7,4,6,2,62.8,43.7,57.2,3,20-01-2025,UPI,Yes,Yes,4808,42,0,1,4.7,Completed,1,0,2,1,1,2,4,5
19327,STU119327,Nikhil Mehta,Female,25,Bachelor,Student,Indore,Mobile,Medium,C108,Excel for Business,Business,Beginner,25,4.1,3,6,72.4,1,0.5,3,5,8.8,4,6,3,68.8,60.9,52.4,0,09-02-2024,Credit Card,Yes,Yes,3030,71,2,0,1.8,Not Completed,0,0,2,1,2,1,0,0
19328,STU119328,Aarav Singh,Male,22,Bachelor,Student,Bengaluru,Mobile,High,C101,Python Basics,Programming,Beginner,45,4.6,4,40,60.5,2,5.8,15,3,6.2,3,7,4,69.6,88.3,43.6,1,01-04-2024,Scholarship,No,Yes,1603,51,2,1,4.7,Not Completed,1,0,2,1,0,1,4,4
19329,STU119329,Neha Patel,Male,22,Bachelor,Self-Employed,Delhi,Laptop,Low,C104,Digital Marketing Essentials,Marketing,Beginner,30,4.3,3,32,70.4,0,7.5,7,5,5.6,4,6,6,71.2,53.5,51.3,3,11-09-2025,Free,No,No,0,70,2,0,3.4,Completed,1,0,1,0,1,1,2,2
19330,STU119330,Sai Gupta,Male,25,Master,Employed,Delhi,Mobile,Medium,C102,Data Analysis with Python,Programming,Intermediate,60,4.7,5,30,93.2,2,2.7,1,4,4.4,4,6,5,74.1,99.1,61.6,2,20-09-2025,UPI,Yes,No,4726,72,5,0,4.5,Completed,1,3,0,1,2,2,4,5
19331,STU119331,Pooja Desai,Male,31,Bachelor,Student,Indore,Laptop,Medium,C102,Data Analysis with Python,Programming,Intermediate,60,4.7,5,36,42.8,3,0.5,2,6,2.2,6,4,2,74.6,90.3,55.5,2,22-12-2023,UPI,Yes,No,5328,98,1,2,4.8,Completed,1,0,2,0,2,2,4,5
19332,STU119332,Arjun Kumar,Female,32,Diploma,Employed,Lucknow,Mobile,Low,C103,Introduction to AI,Programming,Intermediate,75,4.5,4,43,39.8,1,0.5,8,8,7.0,4,5,5,73.5,70.6,41.4,5,29-06-2024,Credit Card,Yes,No,5252,84,4,2,5.0,Completed,0,1,0,1,1,2,4,0
19333,STU119333,Aarav Nair,Female,25,Bachelor,Student,Mumbai,Laptop,High,C107,Statistics for Data Science,Math,Intermediate,50,4.2,6,43,88.9,5,11.2,9,9,6.5,7,3,2,63.8,35.2,74.9,7,07-08-2024,UPI,Yes,Yes,4194,79,1,0,4.2,Not Completed,0,0,2,0,0,2,3,5
19334,STU119334,Aarav Kumar,Female,32,HighSchool,Employed,Pune,Laptop,Low,C103,Introduction to AI,Programming,Intermediate,75,4.5,3,53,74.1,0,8.7,2,8,5.9,5,5,1,96.2,48.6,58.4,0,28-01-2024,Free,No,No,0,100,6,1,5.0,Not Completed,0,2,0,0,1,2,4,2
19335,STU119335,Ananya Sharma,Male,36,HighSchool,Student,Delhi,Laptop,Medium,C105,UI/UX Design Fundamentals,Design,Beginner,40,4.4,6,35,85.3,0,0.5,7,4,6.8,5,5,6,65.1,54.5,62.6,4,10-04-2025,Debit Card,Yes,No,3878,94,2,0,3.3,Completed,1,2,2,0,2,1,1,1
19336,STU119336,Kavya Nair,Male,22,PhD,Employed,Bhopal,Laptop,Medium,C107,Statistics for Data Science,Math,Intermediate,50,4.2,5,8,46.8,1,0.5,2,4,4.4,3,7,3,82.6,67.3,37.7,0,19-12-2024,UPI,Yes,Yes,4003,64,3,1,4.9,Not Completed,1,4,0,0,2,2,3,5
19337,STU119337,Vivaan Bose,Female,24,Bachelor,Student,Chennai,Mobile,Medium,C106,Machine Learning A-Z,Programming,Advanced,90,4.6,7,14,66.6,5,10.3,0,8,10.0,5,5,3,70.2,59.7,56.3,3,10-06-2024,Debit Card,Yes,No,6287,79,4,1,4.3,Not Completed,0,0,2,1,2,0,4,1
19338,STU119338,Neha Patel,Female,32,Bachelor,Employed,Hyderabad,Mobile,Low,C108,Excel for Business,Business,Beginner,25,4.1,8,48,90.6,0,6.7,2,3,7.9,4,5,6,63.0,68.0,59.1,0,06-01-2024,UPI,Yes,No,3241,42,1,2,4.2,Completed,0,0,0,1,1,1,0,5
19339,STU119339,Krishna Patel,Female,22,Diploma,Employed,Mumbai,Tablet,Medium,C103,Introduction to AI,Programming,Intermediate,75,4.5,5,30,48.9,1,3.5,1,5,9.3,4,6,6,84.0,49.9,43.6,2,24-04-2024,UPI,Yes,No,5594,77,3,1,5.0,Completed,0,1,0,2,2,2,4,5
19340,STU119340,Rohan Bhardwaj,Male,23,Bachelor,Employed,Hyderabad,Laptop,High,C102,Data Analysis with Python,Programming,Intermediate,60,4.7,4,29,53.7,6,2.1,16,6,5.3,7,3,3,100.0,62.9,64.0,4,22-01-2025,UPI,Yes,No,5169,85,5,0,4.7,Not Completed,1,0,0,0,0,2,4,5
19341,STU119341,Nikhil Sharma,Male,26,Bachelor,Employed,Surat,Mobile,Low,C102,Data Analysis with Python,Programming,Intermediate,60,4.7,2,38,57.0,3,9.5,11,4,6.6,3,7,1,91.0,100.0,43.0,2,29-05-2024,NetBanking,Yes,Yes,4020,76,0,0,4.2,Completed,1,0,0,1,1,2,4,3
19342,STU119342,Vihaan Mehta,Female,28,Bachelor,Self-Employed,Kolkata,Laptop,Medium,C101,Python Basics,Programming,Beginner,45,4.6,8,36,62.4,1,2.4,12,7,6.2,4,6,3,64.2,85.5,50.1,2,05-03-2024,Free,No,No,0,75,4,1,4.4,Completed,0,0,1,0,2,1,4,2
19343,STU119343,Sakshi Bose,Female,23,Master,Student,Jaipur,Laptop,Medium,C103,Introduction to AI,Programming,Intermediate,75,4.5,4,36,73.9,1,0.9,12,8,5.9,4,6,4,67.5,61.8,53.0,2,29-09-2025,Free,No,No,0,68,3,3,3.2,Not Completed,0,3,2,0,2,2,4,2
19344,STU119344,Rahul Sharma,Male,27,Bachelor,Employed,Lucknow,Mobile,Medium,C104,Digital Marketing Essentials,Marketing,Beginner,30,4.3,3,27,82.2,0,0.5,1,3,8.4,3,7,3,75.7,63.3,49.9,3,22-09-2024,Debit Card,Yes,No,3302,44,0,1,3.4,Not Completed,1,0,0,1,2,1,2,1
19345,STU119345,Ananya Gupta,Female,30,Diploma,Student,Delhi,Mobile,Low,C102,Data Analysis with Python,Programming,Intermediate,60,4.7,6,21,78.5,4,3.9,0,3,4.5,6,4,5,98.1,67.3,66.8,2,26-02-2024,Credit Card,Yes,Yes,4135,49,3,0,4.8,Completed,0,1,2,1,1,2,4,0
19346,STU119346,Rohan Singh,Female,26,Bachelor,Employed,Hyderabad,Laptop,Medium,C107,Statistics for Data Science,Math,Intermediate,50,4.2,6,42,83.6,3,3.1,0,9,7.0,4,6,4,94.3,66.5,56.6,1,24-03-2024,UPI,Yes,No,4654,59,7,1,5.0,Not Completed,0,0,0,0,2,2,3,5
19347,STU119347,Vihaan Joshi,Female,30,Bachelor,Employed,Chennai,Laptop,High,C101,Python Basics,Programming,Beginner,45,4.6,3,22,10.3,2,0.5,4,5,8.6,6,3,4,80.0,66.8,42.9,5,26-05-2024,Free,No,No,0,70,4,1,4.7,Completed,0,0,0,0,0,1,4,2
19348,STU119348,Sai Kumar,Female,35,Bachelor,Student,Bhopal,Mobile,Medium,C107,Statistics for Data Science,Math,Intermediate,50,4.2,5,32,57.2,2,4.5,5,8,5.8,4,6,2,74.6,73.2,47.7,0,07-03-2025,Scholarship,No,No,1607,52,1,2,3.6,Completed,0,0,2,1,2,2,3,4
19349,STU119349,Ananya Bose,Female,27,Diploma,Student,Chennai,Laptop,Low,C108,Excel for Business,Business,Beginner,25,4.1,10,33,69.2,1,8.4,6,6,8.0,6,4,6,50.7,100.0,65.2,3,08-04-2025,NetBanking,Yes,Yes,2960,83,3,0,3.8,Not Completed,0,1,2,0,1,1,0,3
19350,STU119350,Meera Bhardwaj,Female,17,HighSchool,Unemployed,Bengaluru,Mobile,Medium,C108,Excel for Business,Business,Beginner,25,4.1,7,16,78.7,1,1.4,3,5,6.4,6,4,8,83.2,100.0,68.5,3,12-01-2024,UPI,Yes,Yes,3003,83,2,0,2.7,Completed,0,2,3,1,2,1,0,5
19351,STU119351,Rahul Joshi,Female,17,Bachelor,Employed,Hyderabad,Tablet,Medium,C106,Machine Learning A-Z,Programming,Advanced,90,4.6,3,40,65.1,2,6.7,3,4,4.5,5,5,1,89.7,52.4,55.4,2,08-06-2024,Credit Card,Yes,Yes,5295,66,5,0,5.0,Completed,0,0,0,2,2,0,4,0
19352,STU119352,Kavya Patel,Female,19,Bachelor,Employed,Pune,Laptop,High,C106,Machine Learning A-Z,Programming,Advanced,90,4.6,10,40,74.4,3,0.5,11,3,10.0,7,3,2,52.6,87.5,72.4,3,03-06-2025,UPI,Yes,No,6622,46,3,0,5.0,Not Completed,0,0,0,0,0,0,4,5
19353,STU119353,Kavya Bose,Female,25,Bachelor,Employed,Nagpur,Mobile,Medium,C105,UI/UX Design Fundamentals,Design,Beginner,40,4.4,4,46,68.7,2,0.5,4,3,4.8,6,4,3,64.9,47.1,62.4,2,24-04-2025,UPI,Yes,No,3808,87,1,2,4.2,Completed,0,0,0,1,2,1,1,5
19354,STU119354,Aarav Gupta,Female,27,Bachelor,Employed,Kolkata,Laptop,Low,C104,Digital Marketing Essentials,Marketing,Beginner,30,4.3,5,17,22.6,0,6.8,9,5,6.0,2,8,2,57.0,66.9,23.2,1,08-08-2024,Debit Card,Yes,No,3514,48,0,1,4.2,Not Completed,0,0,0,0,1,1,2,1
19355,STU119355,Vihaan Reddy,Female,22,Bachelor,Employed,Surat,Mobile,Medium,C108,Excel for Business,Business,Beginner,25,4.1,3,31,42.4,3,0.5,4,2,7.9,6,4,3,59.2,61.9,53.9,4,10-02-2025,Debit Card,Yes,Yes,2520,68,2,0,4.3,Not Completed,0,0,0,1,2,1,0,1
19356,STU119356,Sakshi Iyer,Female,19,PhD,Employed,Vadodara,Mobile,Low,C102,Data Analysis with Python,Programming,Intermediate,60,4.7,3,43,65.7,3,7.7,7,4,9.3,6,4,6,76.3,53.3,61.7,2,24-05-2024,UPI,Yes,Yes,3849,92,3,1,3.9,Completed,0,4,0,1,1,2,4,5
19357,STU119357,Isha Bhardwaj,Female,31,Bachelor,Employed,Pune,Mobile,Medium,C104,Digital Marketing Essentials,Marketing,Beginner,30,4.3,6,27,43.7,3,7.1,9,3,6.1,7,3,3,79.3,67.8,60.7,1,17-06-2025,Debit Card,Yes,No,3301,93,1,1,4.5,Not Completed,0,0,0,1,2,1,2,1
19358,STU119358,Nikhil Iyer,Female,37,Master,Employed,Hyderabad,Mobile,Low,C107,Statistics for Data Science,Math,Intermediate,50,4.2,7,5,62.4,1,6.9,10,2,7.3,3,7,2,61.6,75.4,43.6,0,23-04-2024,Credit Card,Yes,No,4589,74,0,1,3.3,Not Completed,0,3,0,1,1,2,3,0
19359,STU119359,Aarav Verma,Male,17,HighSchool,Student,Mumbai,Mobile,Medium,C102,Data Analysis with Python,Programming,Intermediate,60,4.7,2,41,89.1,0,10.8,2,3,2.9,4,6,3,59.1,47.4,57.5,3,05-09-2024,Free,No,No,0,55,5,0,3.8,Completed,1,2,2,1,2,2,4,2
19360,STU119360,Sai Sharma,Male,29,HighSchool,Student,Mumbai,Tablet,High,C102,Data Analysis with Python,Programming,Intermediate,60,4.7,4,47,61.7,2,8.1,3,9,8.8,4,6,3,51.3,52.9,48.2,1,23-01-2024,UPI,Yes,Yes,4014,79,1,0,3.6,Not Completed,1,2,2,2,0,2,4,5
19361,STU119361,Vihaan Shah,Female,26,Bachelor,Student,Nagpur,Mobile,High,C102,Data Analysis with Python,Programming,Intermediate,60,4.7,3,30,75.3,1,11.1,1,7,7.6,4,6,5,76.0,43.8,52.5,4,17-12-2024,Free,No,Yes,0,69,2,1,4.5,Not Completed,0,0,2,1,0,2,4,2
19362,STU119362,Ritika Iyer,Male,21,Master,Self-Employed,Delhi,Mobile,Medium,C102,Data Analysis with Python,Programming,Intermediate,60,4.7,4,32,86.5,2,0.5,7,4,3.7,5,5,4,89.9,52.4,62.9,1,15-04-2025,Debit Card,Yes,No,5332,100,6,0,3.6,Not Completed,1,3,1,1,2,2,4,1
19363,STU119363,Nikhil Nair,Male,28,Bachelor,Student,Pune,Laptop,High,C102,Data Analysis with Python,Programming,Intermediate,60,4.7,3,24,50.9,3,4.7,8,5,6.5,3,7,4,60.0,77.0,39.7,1,20-05-2024,Free,No,No,0,85,0,1,4.3,Not Completed,1,0,2,0,0,2,4,2
19364,STU119364,Ritika Mehta,Female,26,Bachelor,Student,Pune,Mobile,High,C106,Machine Learning A-Z,Programming,Advanced,90,4.6,6,33,96.4,1,0.5,24,4,9.0,5,5,1,66.7,67.9,67.1,1,22-08-2025,Credit Card,Yes,No,6811,72,6,1,4.5,Completed,0,0,2,1,0,0,4,0
19365,STU119365,Ananya Bhardwaj,Female,28,HighSchool,Employed,Bengaluru,Mobile,Low,C102,Data Analysis with Python,Programming,Intermediate,60,4.7,8,28,72.8,0,0.5,16,2,5.2,4,6,2,53.7,56.9,52.3,4,12-09-2024,Free,No,No,0,36,3,0,3.6,Not Completed,0,2,0,1,1,2,4,2
19366,STU119366,Arjun Nair,Female,17,HighSchool,Student,Ahmedabad,Mobile,Medium,C105,UI/UX Design Fundamentals,Design,Beginner,40,4.4,6,45,51.0,4,0.5,3,4,6.5,7,3,3,65.3,77.0,63.7,3,27-02-2025,UPI,Yes,No,4159,62,3,0,4.7,Not Completed,0,2,2,1,2,1,1,5
19367,STU119367,Vihaan Patel,Female,35,HighSchool,Unemployed,Bhopal,Mobile,Medium,C102,Data Analysis with Python,Programming,Intermediate,60,4.7,7,26,61.4,3,2.5,0,7,9.2,4,6,3,92.6,97.4,50.4,1,03-02-2025,Scholarship,No,No,2152,100,1,0,5.0,Not Completed,0,2,3,1,2,2,4,4
19368,STU119368,Priya Verma,Male,24,Bachelor,Student,Vadodara,Laptop,Medium,C108,Excel for Business,Business,Beginner,25,4.1,5,18,75.7,1,4.6,0,6,5.6,3,7,1,54.2,57.1,47.4,3,21-09-2024,Free,No,No,0,45,1,0,4.5,Not Completed,1,0,2,0,2,1,0,2
19369,STU119369,Vihaan Shah,Male,23,HighSchool,Employed,Mumbai,Mobile,Medium,C102,Data Analysis with Python,Programming,Intermediate,60,4.7,5,50,47.0,2,9.4,7,8,6.0,4,6,2,72.6,76.4,44.3,1,23-10-2023,Credit Card,Yes,No,4665,43,1,1,4.1,Not Completed,1,2,0,1,2,2,4,0
19370,STU119370,Aditya Mehta,Female,33,HighSchool,Employed,Ahmedabad,Mobile,High,C107,Statistics for Data Science,Math,Intermediate,50,4.2,3,28,44.0,5,0.5,9,8,6.1,6,4,5,87.3,52.3,54.0,3,16-07-2024,UPI,Yes,No,4739,32,2,0,4.4,Completed,0,2,0,1,0,2,3,5
19371,STU119371,Aarav Singh,Female,27,HighSchool,Employed,Jaipur,Mobile,Medium,C106,Machine Learning A-Z,Programming,Advanced,90,4.6,3,37,81.1,2,0.5,4,2,7.9,5,5,6,69.3,76.4,62.2,1,20-08-2025,UPI,Yes,No,6789,59,3,2,3.4,Not Completed,0,2,0,1,2,0,4,5
19372,STU119372,Priya Verma,Male,33,Master,Employed,Delhi,Laptop,High,C101,Python Basics,Programming,Beginner,45,4.6,6,35,90.6,3,0.5,1,6,9.0,1,9,5,70.4,62.4,40.8,3,08-05-2025,Credit Card,Yes,No,4203,58,5,1,2.7,Completed,1,3,0,0,0,1,4,0
19373,STU119373,Aarav Mehta,Female,22,Diploma,Employed,Jaipur,Mobile,High,C101,Python Basics,Programming,Beginner,45,4.6,4,22,65.3,1,3.1,7,2,1.3,2,7,0,72.5,55.9,37.7,1,23-06-2024,UPI,Yes,Yes,3709,80,2,1,3.7,Not Completed,0,1,0,1,0,1,4,5
19374,STU119374,Ritika Bhardwaj,Male,21,Diploma,Student,Delhi,Mobile,Low,C101,Python Basics,Programming,Beginner,45,4.6,4,25,47.3,2,10.6,1,7,10.0,4,5,3,72.4,47.6,42.9,4,09-08-2025,UPI,Yes,No,4008,72,2,1,4.3,Not Completed,1,1,2,1,1,1,4,5
19375,STU119375,Ritika Verma,Female,21,Diploma,Student,Delhi,Laptop,Medium,C105,UI/UX Design Fundamentals,Design,Beginner,40,4.4,2,23,62.0,2,0.5,0,3,3.6,5,5,2,83.9,56.8,54.5,0,29-05-2025,NetBanking,Yes,Yes,3540,67,0,1,3.8,Not Completed,0,1,2,0,2,1,1,3
19376,STU119376,Vihaan Verma,Female,26,Master,Employed,Mumbai,Laptop,Low,C103,Introduction to AI,Programming,Intermediate,75,4.5,4,33,93.3,1,6.0,16,4,5.4,6,4,2,78.9,59.2,71.6,3,02-07-2024,NetBanking,Yes,No,5755,47,1,0,2.7,Completed,0,3,0,0,1,2,4,3
19377,STU119377,Ananya Sharma,Female,35,Bachelor,Unemployed,Surat,Mobile,Medium,C102,Data Analysis with Python,Programming,Intermediate,60,4.7,4,34,38.1,1,5.9,3,6,3.6,4,6,1,50.4,75.1,41.1,2,07-11-2023,Credit Card,Yes,No,5414,88,0,1,5.0,Not Completed,0,0,3,1,2,2,4,0
19378,STU119378,Aditya Iyer,Male,17,Bachelor,Student,Bhopal,Laptop,Medium,C103,Introduction to AI,Programming,Intermediate,75,4.5,3,31,55.1,0,0.5,0,6,5.2,4,6,0,84.8,58.9,46.2,1,19-12-2024,Credit Card,Yes,No,6188,52,1,0,3.6,Not Completed,1,0,2,0,2,2,4,0
19379,STU119379,Ananya Iyer,Female,21,Bachelor,Student,Delhi,Laptop,Low,C103,Introduction to AI,Programming,Intermediate,75,4.5,3,34,53.9,0,0.5,9,2,5.5,4,6,2,74.5,60.6,45.9,2,04-11-2023,UPI,Yes,Yes,4451,57,1,3,3.5,Not Completed,0,0,2,0,1,2,4,5
19380,STU119380,Sakshi Bhardwaj,Female,26,Master,Employed,Hyderabad,Laptop,Medium,C108,Excel for Business,Business,Beginner,25,4.1,2,43,70.7,2,0.5,1,3,4.9,8,2,5,85.1,69.5,76.2,2,19-09-2024,Free,No,Yes,0,60,0,1,3.6,Not Completed,0,3,0,0,2,1,0,2
19381,STU119381,Priya Gupta,Female,27,HighSchool,Student,Nagpur,Tablet,Medium,C101,Python Basics,Programming,Beginner,45,4.6,2,40,60.6,1,11.0,0,9,6.1,2,8,4,69.6,94.4,37.9,4,09-08-2025,Free,No,No,0,50,3,2,4.2,Completed,0,2,2,2,2,1,4,2
19382,STU119382,Rohan Kumar,Female,25,Bachelor,Student,Pune,Laptop,Medium,C101,Python Basics,Programming,Beginner,45,4.6,5,31,19.6,1,0.5,16,6,5.0,3,6,5,71.8,64.6,28.1,4,01-06-2024,UPI,Yes,Yes,3351,85,2,0,4.7,Completed,0,0,2,0,2,1,4,5
19383,STU119383,Sai Bhardwaj,Female,29,Master,Employed,Pune,Laptop,High,C107,Statistics for Data Science,Math,Intermediate,50,4.2,7,37,69.4,3,1.5,9,13,6.5,6,3,2,60.2,92.1,64.9,1,08-07-2024,UPI,Yes,Yes,3739,81,3,0,5.0,Not Completed,0,3,0,0,0,2,3,5
19384,STU119384,Nikhil Singh,Male,30,Master,Employed,Jaipur,Laptop,Medium,C101,Python Basics,Programming,Beginner,45,4.6,4,41,44.7,2,13.7,0,11,5.9,5,5,3,77.4,74.3,49.3,4,29-03-2025,NetBanking,Yes,No,4616,43,2,0,5.0,Not Completed,1,3,0,0,2,1,4,3
19385,STU119385,Arjun Desai,Female,19,Bachelor,Student,Bengaluru,Mobile,Medium,C102,Data Analysis with Python,Programming,Intermediate,60,4.7,4,31,53.1,0,0.5,8,1,4.6,3,7,5,64.2,75.3,40.3,1,02-07-2025,Free,No,No,0,64,1,0,3.6,Not Completed,0,0,2,1,2,2,4,2
19386,STU119386,Priya Singh,Female,21,Bachelor,Student,Ahmedabad,Laptop,Low,C108,Excel for Business,Business,Beginner,25,4.1,7,46,86.2,1,2.7,1,6,3.5,3,7,4,65.0,50.4,50.7,3,17-02-2025,UPI,Yes,No,3434,87,0,1,4.7,Completed,0,0,2,0,1,1,0,5
19387,STU119387,Sai Desai,Male,19,Bachelor,Student,Nagpur,Mobile,High,C103,Introduction to AI,Programming,Intermediate,75,4.5,7,11,84.0,3,3.2,4,8,9.9,4,6,5,81.9,75.9,57.2,1,19-07-2024,Free,No,No,0,78,1,1,3.3,Not Completed,1,0,2,1,0,2,4,2
19388,STU119388,Kavya Sharma,Male,20,Bachelor,Student,Bhopal,Mobile,High,C105,UI/UX Design Fundamentals,Design,Beginner,40,4.4,7,31,69.9,3,0.5,15,7,2.5,4,6,4,70.6,62.3,51.6,3,12-06-2024,UPI,Yes,No,3622,62,1,0,3.1,Completed,1,0,2,1,0,1,1,5
19389,STU119389,Nikhil Sharma,Female,20,Master,Student,Chennai,Mobile,Low,C102,Data Analysis with Python,Programming,Intermediate,60,4.7,5,26,96.9,0,0.5,5,6,5.6,2,8,0,84.1,72.8,49.6,2,04-04-2024,Credit Card,Yes,No,5482,29,3,0,3.9,Completed,0,3,2,1,1,2,4,0
19390,STU119390,Kavya Iyer,Female,30,HighSchool,Employed,Bhopal,Mobile,Medium,C108,Excel for Business,Business,Beginner,25,4.1,4,44,51.8,3,5.6,0,7,6.5,6,4,13,83.4,91.6,58.7,3,11-01-2025,UPI,Yes,No,3414,65,3,1,4.9,Completed,0,2,0,1,2,1,0,5
19391,STU119391,Krishna Patel,Female,22,Diploma,Employed,Surat,Laptop,Medium,C104,Digital Marketing Essentials,Marketing,Beginner,30,4.3,3,37,70.2,3,1.2,6,10,7.9,5,5,4,88.9,100.0,59.6,3,03-03-2024,Free,No,No,0,85,2,0,5.0,Completed,0,1,0,0,2,1,2,2
19392,STU119392,Neha Bose,Male,29,PhD,Self-Employed,Mumbai,Mobile,High,C102,Data Analysis with Python,Programming,Intermediate,60,4.7,3,30,45.2,2,9.6,2,7,7.4,4,6,5,70.8,64.1,43.0,5,05-08-2024,UPI,Yes,No,5112,73,3,1,5.0,Completed,1,4,1,1,0,2,4,5
19393,STU119393,Ritika Desai,Male,27,Bachelor,Employed,Bhopal,Mobile,Medium,C101,Python Basics,Programming,Beginner,45,4.6,3,44,73.7,5,4.0,6,11,6.2,4,6,3,67.7,65.1,53.1,2,20-09-2025,Debit Card,Yes,No,4487,57,2,1,5.0,Completed,1,0,0,1,2,1,4,1
19394,STU119394,Sai Iyer,Male,28,HighSchool,Student,Hyderabad,Laptop,Medium,C107,Statistics for Data Science,Math,Intermediate,50,4.2,6,17,74.5,0,0.5,0,4,6.6,4,6,5,59.7,94.7,54.8,4,24-08-2025,Debit Card,Yes,No,4634,71,2,1,2.7,Not Completed,1,2,2,0,2,2,3,1
19395,STU119395,Ananya Patel,Male,24,Bachelor,Student,Chennai,Mobile,Medium,C106,Machine Learning A-Z,Programming,Advanced,90,4.6,3,24,67.5,4,0.5,0,7,6.2,6,4,3,67.7,95.8,64.4,3,21-07-2025,UPI,Yes,No,6359,75,2,0,4.3,Not Completed,1,0,2,1,2,0,4,5
19396,STU119396,Priya Iyer,Male,31,Bachelor,Student,Bhopal,Mobile,Medium,C104,Digital Marketing Essentials,Marketing,Beginner,30,4.3,6,32,56.7,4,14.5,1,8,5.9,6,4,4,75.3,44.8,58.1,1,25-10-2024,UPI,Yes,No,3287,72,4,1,5.0,Not Completed,1,0,2,1,2,1,2,5
19397,STU119397,Aditya Reddy,Male,17,HighSchool,Student,Bengaluru,Mobile,Medium,C104,Digital Marketing Essentials,Marketing,Beginner,30,4.3,4,38,85.7,2,0.5,0,4,7.8,5,5,2,43.3,45.1,62.2,2,11-03-2025,UPI,Yes,No,3252,62,1,1,4.1,Not Completed,1,2,2,1,2,1,2,5
19398,STU119398,Pooja Desai,Male,22,Bachelor,Student,Pune,Mobile,Low,C101,Python Basics,Programming,Beginner,45,4.6,6,22,38.1,3,0.5,2,8,4.7,4,6,5,57.5,48.0,39.8,4,09-02-2024,UPI,Yes,Yes,3545,77,1,1,4.9,Not Completed,1,0,2,1,1,1,4,5
19399,STU119399,Arjun Singh,Male,20,Master,Employed,Lucknow,Mobile,High,C103,Introduction to AI,Programming,Intermediate,75,4.5,5,32,81.9,1,7.2,7,5,7.8,4,6,3,69.2,43.5,54.8,2,21-09-2024,Credit Card,Yes,No,5906,82,1,0,4.1,Not Completed,1,3,0,1,0,2,4,0
19400,STU119400,Isha Kumar,Male,33,Bachelor,Employed,Ahmedabad,Mobile,Medium,C101,Python Basics,Programming,Beginner,45,4.6,3,27,58.2,1,6.2,0,6,6.1,4,6,4,85.0,54.1,47.1,9,08-06-2025,Free,No,No,0,21,3,0,3.6,Not Completed,1,0,0,1,2,1,4,2
19401,STU119401,Krishna Patel,Female,23,HighSchool,Employed,Mumbai,Mobile,High,C101,Python Basics,Programming,Beginner,45,4.6,6,38,44.4,3,2.8,18,1,4.5,2,8,5,60.2,58.8,30.5,6,27-10-2024,Credit Card,Yes,No,4016,66,2,0,5.0,Completed,0,2,0,1,0,1,4,0
19402,STU119402,Sakshi Patel,Male,35,Diploma,Student,Pune,Laptop,Medium,C108,Excel for Business,Business,Beginner,25,4.1,6,48,69.4,2,14.0,1,5,5.7,5,5,4,83.8,66.5,57.6,1,20-04-2024,Free,No,No,0,74,1,0,4.0,Completed,1,1,2,0,2,1,0,2
19403,STU119403,Neha Patel,Male,23,Bachelor,Student,Pune,Laptop,Medium,C101,Python Basics,Programming,Beginner,45,4.6,8,40,56.7,4,8.7,1,6,5.5,7,2,7,78.7,72.6,65.5,3,02-04-2024,Credit Card,Yes,Yes,3759,87,3,1,5.0,Completed,1,0,2,0,2,1,4,0
19404,STU119404,Arjun Iyer,Male,25,Master,Student,Surat,Mobile,High,C102,Data Analysis with Python,Programming,Intermediate,60,4.7,5,46,83.4,2,2.3,9,6,7.8,6,4,7,54.2,85.9,69.5,2,28-08-2024,UPI,Yes,No,5477,100,3,0,4.0,Not Completed,1,3,2,1,0,2,4,5
19405,STU119405,Krishna Mehta,Male,30,Master,Employed,Ahmedabad,Mobile,Medium,C108,Excel for Business,Business,Beginner,25,4.1,8,21,18.1,0,0.5,2,7,6.7,3,7,6,49.1,45.5,26.6,0,29-10-2024,NetBanking,Yes,No,3395,58,3,0,3.8,Not Completed,1,3,0,1,2,1,0,3
19406,STU119406,Priya Mehta,Female,27,Master,Employed,Pune,Mobile,High,C101,Python Basics,Programming,Beginner,45,4.6,5,37,48.2,2,3.6,2,2,3.3,7,3,5,78.0,71.1,62.4,6,12-08-2025,Free,No,Yes,0,31,2,0,3.7,Not Completed,0,3,0,1,0,1,4,2
19407,STU119407,Vivaan Mehta,Male,21,Bachelor,Employed,Chennai,Mobile,High,C104,Digital Marketing Essentials,Marketing,Beginner,30,4.3,4,24,72.7,1,0.5,15,3,4.1,4,6,3,57.2,63.3,52.6,6,01-05-2025,UPI,Yes,Yes,3134,62,5,0,5.0,Not Completed,1,0,0,1,0,1,2,5
19408,STU119408,Vivaan Bose,Female,29,Bachelor,Student,Indore,Laptop,High,C102,Data Analysis with Python,Programming,Intermediate,60,4.7,5,27,61.3,4,1.5,2,4,8.7,3,7,4,48.8,68.0,42.9,1,04-07-2025,UPI,Yes,No,4590,92,1,0,2.3,Not Completed,0,0,2,0,0,2,4,5
19409,STU119409,Neha Patel,Male,22,Bachelor,Employed,Bhopal,Mobile,High,C103,Introduction to AI,Programming,Intermediate,75,4.5,4,48,32.0,1,4.7,3,3,7.2,3,7,6,49.4,51.3,31.8,2,06-12-2024,Debit Card,Yes,Yes,5206,77,2,0,4.2,Not Completed,1,0,0,1,0,2,4,1
19410,STU119410,Ananya Kumar,Male,21,Master,Employed,Chennai,Mobile,Medium,C107,Statistics for Data Science,Math,Intermediate,50,4.2,8,29,66.7,2,8.0,0,2,9.9,4,6,6,65.3,82.0,51.5,1,24-12-2023,UPI,Yes,Yes,3864,91,0,1,5.0,Not Completed,1,3,0,1,2,2,3,5
19411,STU119411,Pooja Reddy,Male,26,Bachelor,Self-Employed,Delhi,Mobile,Low,C104,Digital Marketing Essentials,Marketing,Beginner,30,4.3,2,17,62.8,4,0.5,13,6,6.2,1,9,1,58.1,46.1,30.3,3,30-05-2025,Free,No,No,0,73,3,3,4.6,Not Completed,1,0,1,1,1,1,2,2
19412,STU119412,Arjun Nair,Male,25,Bachelor,Student,Pune,Laptop,Medium,C108,Excel for Business,Business,Beginner,25,4.1,4,46,65.0,1,4.4,6,0,10.0,4,5,6,85.3,96.0,51.5,3,29-10-2023,Free,No,No,0,78,2,1,4.6,Not Completed,1,0,2,0,2,1,0,2
19413,STU119413,Arjun Gupta,Male,27,Bachelor,Employed,Surat,Mobile,High,C102,Data Analysis with Python,Programming,Intermediate,60,4.7,4,44,76.1,3,3.1,0,2,4.4,5,5,1,90.1,77.4,60.5,4,27-07-2024,Debit Card,Yes,No,4551,57,1,0,4.0,Completed,1,0,0,1,0,2,4,1
19414,STU119414,Nikhil Iyer,Female,21,Bachelor,Student,Bengaluru,Mobile,Medium,C108,Excel for Business,Business,Beginner,25,4.1,9,5,63.1,2,0.9,3,1,6.8,2,8,3,77.2,73.8,37.8,1,16-07-2024,Free,No,No,0,83,2,1,5.0,Not Completed,0,0,2,1,2,1,0,2
19415,STU119415,Ananya Joshi,Female,25,Master,Employed,Hyderabad,Mobile,Medium,C106,Machine Learning A-Z,Programming,Advanced,90,4.6,3,45,71.1,0,1.6,2,2,6.1,4,6,2,60.6,76.9,52.7,2,28-11-2023,Debit Card,Yes,No,6226,86,0,0,3.9,Not Completed,0,3,0,1,2,0,4,1
19416,STU119416,Meera Kumar,Female,22,Master,Student,Nagpur,Mobile,Low,C105,UI/UX Design Fundamentals,Design,Beginner,40,4.4,4,26,32.0,2,6.0,9,3,3.5,3,7,2,67.4,58.6,32.1,1,09-04-2024,UPI,Yes,No,3676,55,2,3,5.0,Completed,0,3,2,1,1,1,1,5
19417,STU119417,Sakshi Iyer,Male,25,Master,Unemployed,Surat,Laptop,Medium,C101,Python Basics,Programming,Beginner,45,4.6,9,42,33.5,4,4.7,4,5,7.6,5,5,6,63.5,63.8,44.9,7,26-04-2025,Free,No,No,0,61,6,0,3.8,Not Completed,1,3,3,0,2,1,4,2
19418,STU119418,Aarav Singh,Female,30,Bachelor,Student,Indore,Mobile,Medium,C104,Digital Marketing Essentials,Marketing,Beginner,30,4.3,4,37,73.1,4,8.0,30,7,6.3,9,0,6,80.5,86.0,83.9,2,02-06-2025,Credit Card,Yes,No,3389,93,3,0,3.7,Completed,0,0,2,1,2,1,2,0
19419,STU119419,Neha Kumar,Female,27,HighSchool,Employed,Mumbai,Mobile,Medium,C108,Excel for Business,Business,Beginner,25,4.1,2,30,80.8,1,0.5,1,1,6.2,4,6,6,71.1,59.5,55.3,2,27-10-2023,Free,No,No,0,59,0,0,3.8,Not Completed,0,2,0,1,2,1,0,2
19420,STU119420,Aditya Patel,Male,19,HighSchool,Employed,Bhopal,Mobile,Medium,C108,Excel for Business,Business,Beginner,25,4.1,4,32,87.0,0,6.5,5,3,5.3,3,7,2,36.3,54.0,51.1,1,02-01-2025,UPI,Yes,No,3411,100,2,1,4.3,Completed,1,2,0,1,2,1,0,5
19421,STU119421,Ritika Bose,Male,22,Bachelor,Employed,Jaipur,Mobile,Medium,C108,Excel for Business,Business,Beginner,25,4.1,7,48,49.6,3,1.7,15,4,5.8,5,5,9,55.6,58.2,50.3,1,13-02-2025,Debit Card,Yes,No,3233,37,3,0,3.3,Not Completed,1,0,0,1,2,1,0,1
19422,STU119422,Sakshi Patel,Male,17,Bachelor,Student,Pune,Laptop,Medium,C108,Excel for Business,Business,Beginner,25,4.1,4,52,68.9,3,3.5,3,4,4.2,7,3,7,64.7,40.9,68.2,3,01-01-2025,Credit Card,Yes,Yes,2877,53,1,1,4.6,Not Completed,1,0,2,0,2,1,0,0
19423,STU119423,Neha Bose,Male,17,Master,Student,Bhopal,Mobile,Medium,C105,UI/UX Design Fundamentals,Design,Beginner,40,4.4,6,21,84.6,1,1.7,0,4,5.9,5,4,5,63.0,79.0,63.6,4,23-08-2024,Credit Card,Yes,No,4079,91,3,1,3.6,Completed,1,3,2,1,2,1,1,0
19424,STU119424,Ananya Verma,Female,27,Master,Employed,Lucknow,Mobile,Low,C101,Python Basics,Programming,Beginner,45,4.6,5,26,56.7,2,1.3,2,2,6.3,4,6,1,89.4,73.6,47.5,1,11-02-2024,Debit Card,Yes,No,4151,88,2,0,4.3,Not Completed,0,3,0,1,1,1,4,1
19425,STU119425,Priya Bhardwaj,Female,28,HighSchool,Student,Chennai,Mobile,Medium,C107,Statistics for Data Science,Math,Intermediate,50,4.2,4,34,64.5,1,4.0,5,1,6.5,5,5,4,80.3,93.5,57.3,3,04-04-2025,Free,No,No,0,56,5,1,2.6,Not Completed,0,2,2,1,2,2,3,2
19426,STU119426,Sakshi Desai,Female,28,Bachelor,Unemployed,Bengaluru,Laptop,Low,C106,Machine Learning A-Z,Programming,Advanced,90,4.6,4,23,44.6,3,10.5,0,6,7.2,4,6,2,35.4,66.5,42.9,2,01-01-2025,Free,No,No,0,89,0,1,4.2,Not Completed,0,0,3,0,1,0,4,2
19427,STU119427,Nikhil Reddy,Male,26,Bachelor,Employed,Jaipur,Mobile,Medium,C107,Statistics for Data Science,Math,Intermediate,50,4.2,7,25,61.8,7,8.4,14,8,6.2,4,6,4,75.9,74.1,49.3,3,02-06-2025,UPI,Yes,No,4699,87,0,1,4.8,Completed,1,0,0,1,2,2,3,5
19428,STU119428,Rohan Shah,Male,33,Bachelor,Student,Ahmedabad,Laptop,High,C104,Digital Marketing Essentials,Marketing,Beginner,30,4.3,11,37,71.4,4,5.6,0,12,8.5,7,2,7,100.0,73.4,70.6,1,08-09-2024,Debit Card,Yes,No,3798,77,4,0,3.0,Completed,1,0,2,0,0,1,2,1
19429,STU119429,Sakshi Mehta,Female,34,Master,Employed,Bhopal,Laptop,High,C102,Data Analysis with Python,Programming,Intermediate,60,4.7,3,18,88.4,4,0.5,4,3,5.7,3,7,4,61.2,74.1,52.7,1,20-10-2024,NetBanking,Yes,No,5189,68,4,2,5.0,Not Completed,0,3,0,0,0,2,4,3
19430,STU119430,Meera Verma,Female,36,HighSchool,Employed,Bengaluru,Mobile,High,C107,Statistics for Data Science,Math,Intermediate,50,4.2,4,34,60.9,3,0.6,0,3,3.3,4,6,5,56.2,86.3,49.6,4,28-08-2025,Credit Card,Yes,No,4357,32,1,0,2.6,Not Completed,0,2,0,1,0,2,3,0
19431,STU119431,Krishna Nair,Male,26,Master,Student,Delhi,Mobile,Medium,C102,Data Analysis with Python,Programming,Intermediate,60,4.7,7,45,72.7,2,9.1,4,8,7.0,7,3,5,92.4,76.5,71.3,3,04-09-2025,UPI,Yes,No,4598,91,5,2,4.5,Completed,1,3,2,1,2,2,4,5
19432,STU119432,Priya Patel,Male,30,Bachelor,Employed,Hyderabad,Mobile,High,C106,Machine Learning A-Z,Programming,Advanced,90,4.6,1,36,57.0,2,0.5,9,4,6.7,4,6,6,83.7,42.2,46.1,3,27-01-2025,Free,No,Yes,0,59,1,0,4.2,Not Completed,1,0,0,1,0,0,4,2
19433,STU119433,Nikhil Kumar,Female,17,Bachelor,Student,Surat,Mobile,Medium,C101,Python Basics,Programming,Beginner,45,4.6,6,36,57.8,1,15.9,4,9,8.3,6,4,6,55.3,63.7,59.4,2,27-01-2025,Debit Card,Yes,No,3925,29,3,0,4.1,Completed,0,0,2,1,2,1,4,1
19434,STU119434,Pooja Gupta,Male,33,Bachelor,Employed,Delhi,Laptop,Medium,C108,Excel for Business,Business,Beginner,25,4.1,9,37,43.5,2,0.5,2,2,2.6,5,5,4,59.5,79.6,49.2,1,22-11-2023,Scholarship,No,Yes,619,89,2,3,4.7,Not Completed,1,0,0,0,2,1,0,4
19435,STU119435,Aditya Nair,Other,28,Diploma,Employed,Hyderabad,Mobile,Medium,C102,Data Analysis with Python,Programming,Intermediate,60,4.7,2,61,61.2,3,0.5,4,6,4.3,4,5,3,49.9,86.3,49.7,2,29-01-2025,Debit Card,Yes,No,5085,50,0,3,4.3,Not Completed,2,1,0,1,2,2,4,1
19436,STU119436,Sneha Sharma,Male,24,Master,Employed,Bengaluru,Tablet,High,C102,Data Analysis with Python,Programming,Intermediate,60,4.7,6,18,70.2,1,0.5,0,7,6.3,5,5,5,68.6,58.9,57.5,3,31-10-2024,UPI,Yes,No,5206,29,4,2,3.3,Not Completed,1,3,0,2,0,2,4,5
19437,STU119437,Meera Singh,Female,19,HighSchool,Employed,Kolkata,Mobile,Medium,C106,Machine Learning A-Z,Programming,Advanced,90,4.6,5,21,46.5,1,0.5,1,5,9.4,6,4,6,85.4,96.9,57.1,2,29-09-2025,UPI,Yes,No,6062,64,2,2,4.3,Not Completed,0,2,0,1,2,0,4,5
19438,STU119438,Rahul Kumar,Male,25,Bachelor,Employed,Surat,Laptop,High,C107,Statistics for Data Science,Math,Intermediate,50,4.2,5,29,50.9,2,3.2,2,7,7.2,4,6,2,85.3,67.2,45.2,6,06-10-2025,Debit Card,Yes,No,4794,61,0,0,5.0,Completed,1,0,0,0,0,2,3,1
19439,STU119439,Vivaan Verma,Male,27,Bachelor,Unemployed,Vadodara,Mobile,High,C101,Python Basics,Programming,Beginner,45,4.6,6,37,70.4,1,6.5,0,6,7.4,5,5,2,86.7,48.8,57.1,1,15-09-2025,NetBanking,Yes,Yes,3353,65,4,0,4.6,Completed,1,0,3,1,0,1,4,3
19440,STU119440,Rohan Verma,Female,26,Master,Employed,Nagpur,Laptop,High,C108,Excel for Business,Business,Beginner,25,4.1,3,42,47.5,1,6.6,6,5,4.7,1,9,4,75.6,47.5,25.0,2,06-03-2025,Scholarship,No,No,224,56,2,1,5.0,Not Completed,0,3,0,0,0,1,0,4
19441,STU119441,Vivaan Reddy,Female,20,HighSchool,Student,Surat,Mobile,Medium,C106,Machine Learning A-Z,Programming,Advanced,90,4.6,9,32,87.2,3,0.5,5,4,7.1,2,8,7,80.0,96.2,47.3,3,13-11-2024,Free,No,No,0,75,3,0,5.0,Not Completed,0,2,2,1,2,0,4,2
19442,STU119442,Aditya Reddy,Female,23,Master,Employed,Surat,Mobile,Medium,C106,Machine Learning A-Z,Programming,Advanced,90,4.6,3,34,87.0,3,5.4,14,6,7.4,4,6,7,82.6,87.1,58.8,3,13-06-2024,UPI,Yes,No,6652,83,0,1,2.8,Completed,0,3,0,1,2,0,4,5
19443,STU119443,Arjun Iyer,Female,28,Bachelor,Student,Bhopal,Mobile,High,C107,Statistics for Data Science,Math,Intermediate,50,4.2,4,14,53.0,2,3.2,1,3,6.6,2,8,3,87.8,24.5,31.8,1,02-11-2024,Free,No,No,0,55,0,1,4.8,Completed,0,0,2,1,0,2,3,2
19444,STU119444,Vivaan Bhardwaj,Female,22,Diploma,Employed,Indore,Laptop,Medium,C101,Python Basics,Programming,Beginner,45,4.6,3,65,36.0,6,0.5,10,5,6.6,4,6,4,63.3,63.1,39.8,5,28-10-2024,Free,No,No,0,87,2,0,5.0,Not Completed,0,1,0,0,2,1,4,2
19445,STU119445,Sneha Reddy,Female,17,Bachelor,Student,Pune,Laptop,High,C101,Python Basics,Programming,Beginner,45,4.6,4,45,81.0,2,0.5,1,4,2.7,5,5,2,78.7,51.7,60.9,1,13-03-2024,Free,No,Yes,0,56,4,1,4.8,Completed,0,0,2,0,0,1,4,2
19446,STU119446,Sai Singh,Male,29,HighSchool,Employed,Indore,Mobile,Medium,C101,Python Basics,Programming,Beginner,45,4.6,5,43,62.6,2,9.7,7,8,9.2,6,4,3,87.2,82.2,62.0,2,23-11-2023,UPI,Yes,Yes,3643,32,3,0,3.9,Completed,1,2,0,1,2,1,4,5
19447,STU119447,Aditya Reddy,Male,17,Bachelor,Student,Bhopal,Laptop,Low,C103,Introduction to AI,Programming,Intermediate,75,4.5,3,34,69.5,1,4.6,0,4,4.1,3,7,3,63.5,43.2,44.5,2,12-03-2024,UPI,Yes,No,5804,62,0,2,3.7,Not Completed,1,0,2,0,1,2,4,5
19448,STU119448,Priya Bhardwaj,Male,22,Diploma,Employed,Indore,Laptop,Low,C106,Machine Learning A-Z,Programming,Advanced,90,4.6,5,41,59.1,4,11.6,2,3,8.4,2,7,2,82.6,81.2,36.8,4,02-04-2025,Debit Card,Yes,No,6215,46,3,0,2.9,Not Completed,1,1,0,0,1,0,4,1
19449,STU119449,Krishna Verma,Female,17,Bachelor,Unemployed,Mumbai,Laptop,Medium,C108,Excel for Business,Business,Beginner,25,4.1,6,49,70.8,6,11.8,0,7,5.6,5,5,6,72.1,63.1,57.9,3,06-07-2025,Free,No,No,0,95,2,0,4.7,Not Completed,0,0,3,0,2,1,0,2
19450,STU119450,Nikhil Shah,Male,34,Master,Student,Lucknow,Mobile,Medium,C101,Python Basics,Programming,Beginner,45,4.6,2,41,93.3,4,0.5,6,6,10.0,5,5,2,78.7,88.6,67.1,1,22-07-2024,UPI,Yes,No,4343,53,4,0,3.7,Not Completed,1,3,2,1,2,1,4,5
19451,STU119451,Arjun Singh,Male,35,Master,Student,Ahmedabad,Mobile,Low,C104,Digital Marketing Essentials,Marketing,Beginner,30,4.3,6,35,61.9,3,2.0,6,4,4.5,4,6,0,82.6,64.8,48.9,3,16-08-2025,NetBanking,Yes,Yes,3059,76,1,1,4.1,Completed,1,3,2,1,1,1,2,3
19452,STU119452,Sakshi Iyer,Male,27,HighSchool,Student,Vadodara,Laptop,Medium,C107,Statistics for Data Science,Math,Intermediate,50,4.2,5,45,74.1,0,2.6,3,6,6.3,4,6,2,76.7,76.9,53.8,1,18-12-2024,Free,No,No,0,75,3,0,3.7,Not Completed,1,2,2,0,2,2,3,2
19453,STU119453,Aditya Nair,Female,20,Bachelor,Employed,Surat,Mobile,High,C102,Data Analysis with Python,Programming,Intermediate,60,4.7,4,32,73.2,1,9.1,6,3,6.1,3,7,3,76.2,40.8,45.7,2,20-09-2024,Scholarship,No,No,930,66,3,1,2.2,Completed,0,0,0,1,0,2,4,4
19454,STU119454,Priya Nair,Male,35,Bachelor,Student,Indore,Mobile,High,C104,Digital Marketing Essentials,Marketing,Beginner,30,4.3,5,30,57.1,0,13.1,13,11,6.3,6,4,3,60.1,63.8,59.2,2,07-01-2025,UPI,Yes,No,3725,35,3,2,3.8,Completed,1,0,2,1,0,1,2,5
19455,STU119455,Ritika Joshi,Male,28,PhD,Student,Kolkata,Mobile,High,C102,Data Analysis with Python,Programming,Intermediate,60,4.7,9,29,95.3,4,5.5,0,5,6.3,2,8,5,54.8,54.9,48.1,0,02-03-2024,NetBanking,Yes,Yes,3939,61,3,1,4.7,Completed,1,4,2,1,0,2,4,3
19456,STU119456,Krishna Iyer,Male,29,Bachelor,Employed,Indore,Laptop,Medium,C105,UI/UX Design Fundamentals,Design,Beginner,40,4.4,3,43,66.1,1,0.5,3,4,6.7,5,5,7,78.3,82.5,57.3,4,09-08-2024,Scholarship,No,No,1073,54,3,1,4.6,Completed,1,0,0,0,2,1,1,4
19457,STU119457,Rahul Kumar,Male,17,Master,Employed,Kolkata,Mobile,Medium,C106,Machine Learning A-Z,Programming,Advanced,90,4.6,1,29,63.3,2,4.4,5,4,6.0,4,6,3,42.0,84.1,50.3,3,06-01-2024,Free,No,No,0,100,1,1,4.5,Not Completed,1,3,0,1,2,0,4,2
19458,STU119458,Neha Mehta,Male,22,HighSchool,Student,Kolkata,Laptop,Low,C102,Data Analysis with Python,Programming,Intermediate,60,4.7,5,39,81.7,4,7.7,0,6,6.1,6,4,5,87.4,52.1,67.2,3,07-08-2025,Debit Card,Yes,No,4948,89,2,0,4.2,Not Completed,1,2,2,0,1,2,4,1
19459,STU119459,Nikhil Nair,Male,24,Bachelor,Employed,Indore,Laptop,Medium,C101,Python Basics,Programming,Beginner,45,4.6,5,27,76.9,7,0.7,1,8,4.0,8,2,0,83.8,53.9,77.6,4,22-03-2024,Credit Card,Yes,No,4138,75,3,1,5.0,Completed,1,0,0,0,2,1,4,0
19460,STU119460,Vihaan Singh,Male,31,Bachelor,Student,Indore,Mobile,High,C103,Introduction to AI,Programming,Intermediate,75,4.5,8,40,64.4,5,4.4,3,6,6.2,7,3,7,70.8,69.7,68.0,5,09-02-2024,NetBanking,Yes,No,5490,96,4,1,4.1,Not Completed,1,0,2,1,0,2,4,3
19461,STU119461,Ritika Singh,Male,42,Bachelor,Employed,Nagpur,Laptop,Low,C101,Python Basics,Programming,Beginner,45,4.6,4,5,63.5,3,0.5,21,7,5.8,4,6,3,65.1,73.4,49.9,2,11-07-2024,UPI,Yes,No,4231,45,2,3,4.7,Not Completed,1,0,0,0,1,1,4,5
19462,STU119462,Aarav Bose,Female,24,Master,Employed,Bhopal,Mobile,Medium,C107,Statistics for Data Science,Math,Intermediate,50,4.2,4,49,68.1,1,8.1,5,9,7.5,6,4,6,79.6,100.0,64.8,5,13-02-2024,UPI,Yes,Yes,3759,99,1,2,4.0,Completed,0,3,0,1,2,2,3,5
19463,STU119463,Isha Bhardwaj,Male,24,Bachelor,Student,Ahmedabad,Mobile,Medium,C105,UI/UX Design Fundamentals,Design,Beginner,40,4.4,3,20,24.4,2,1.4,9,1,3.8,5,5,2,79.1,72.8,42.2,2,17-02-2025,Scholarship,No,No,1633,39,2,0,4.8,Not Completed,1,0,2,1,2,1,1,4
19464,STU119464,Neha Singh,Male,31,Bachelor,Employed,Ahmedabad,Laptop,High,C101,Python Basics,Programming,Beginner,45,4.6,6,18,21.7,3,0.5,3,10,5.0,8,2,5,75.0,66.8,58.9,4,12-04-2025,Debit Card,Yes,No,4458,58,2,0,3.7,Not Completed,1,0,0,0,0,1,4,1
19465,STU119465,Vihaan Desai,Male,30,Bachelor,Student,Vadodara,Laptop,Medium,C103,Introduction to AI,Programming,Intermediate,75,4.5,4,34,84.6,3,8.1,4,3,9.5,6,4,2,88.4,75.2,69.4,1,25-07-2025,UPI,Yes,No,5374,62,5,1,3.2,Completed,1,0,2,0,2,2,4,5
19466,STU119466,Kavya Iyer,Female,24,Bachelor,Student,Chennai,Mobile,Medium,C107,Statistics for Data Science,Math,Intermediate,50,4.2,3,27,83.4,0,0.6,1,8,5.2,1,9,3,67.9,47.1,37.6,2,31-10-2024,Credit Card,Yes,No,4657,99,1,1,4.4,Not Completed,0,0,2,1,2,2,3,0
19467,STU119467,Aditya Joshi,Male,24,Bachelor,Employed,Bhopal,Laptop,Low,C101,Python Basics,Programming,Beginner,45,4.6,4,24,87.7,2,5.8,3,4,7.1,4,5,3,87.1,63.2,57.9,2,24-01-2024,UPI,Yes,No,3942,76,1,1,3.7,Not Completed,1,0,0,0,1,1,4,5
19468,STU119468,Ritika Mehta,Female,25,Bachelor,Employed,Ahmedabad,Mobile,Medium,C108,Excel for Business,Business,Beginner,25,4.1,5,42,80.1,5,0.5,5,5,7.3,8,2,3,64.6,88.9,80.5,4,30-06-2025,Free,No,No,0,78,3,0,4.3,Completed,0,0,0,1,2,1,0,2
19469,STU119469,Rahul Verma,Male,26,PhD,Student,Delhi,Laptop,Medium,C104,Digital Marketing Essentials,Marketing,Beginner,30,4.3,4,33,61.6,2,12.9,1,8,5.1,6,4,7,81.5,100.0,62.6,3,13-02-2024,Scholarship,No,No,1401,64,0,1,3.7,Completed,1,4,2,0,2,1,2,4
19470,STU119470,Sneha Sharma,Male,27,Bachelor,Employed,Kolkata,Laptop,Low,C103,Introduction to AI,Programming,Intermediate,75,4.5,5,37,58.4,2,7.8,17,4,3.5,5,5,0,65.2,69.4,53.9,1,24-06-2024,Free,No,No,0,92,2,0,4.3,Not Completed,1,0,0,0,1,2,4,2
19471,STU119471,Ritika Mehta,Male,32,Bachelor,Employed,Delhi,Laptop,Low,C104,Digital Marketing Essentials,Marketing,Beginner,30,4.3,5,36,82.1,3,9.0,19,7,7.0,5,4,5,60.0,59.1,61.7,3,02-07-2025,Debit Card,Yes,No,3486,76,1,1,4.0,Completed,1,0,0,0,1,1,2,1
19472,STU119472,Aarav Gupta,Female,23,Master,Student,Hyderabad,Laptop,Medium,C102,Data Analysis with Python,Programming,Intermediate,60,4.7,4,33,79.6,7,5.1,3,4,9.4,5,5,6,97.1,68.2,61.3,6,25-10-2023,UPI,Yes,No,5098,65,3,0,4.4,Completed,0,3,2,0,2,2,4,5
19473,STU119473,Rohan Bose,Male,28,Bachelor,Employed,Mumbai,Laptop,Medium,C102,Data Analysis with Python,Programming,Intermediate,60,4.7,6,15,40.4,3,0.5,4,10,5.9,8,2,1,79.2,68.4,65.6,4,18-10-2024,Scholarship,No,No,500,100,1,2,4.1,Not Completed,1,0,0,0,2,2,4,4
19474,STU119474,Rohan Joshi,Female,27,HighSchool,Student,Hyderabad,Mobile,Medium,C103,Introduction to AI,Programming,Intermediate,75,4.5,6,39,68.4,2,0.5,8,4,3.6,6,4,4,84.9,84.4,64.2,1,26-06-2025,Free,No,No,0,88,3,0,4.3,Completed,0,2,2,1,2,2,4,2
19475,STU119475,Sneha Singh,Female,28,Master,Student,Jaipur,Laptop,Medium,C103,Introduction to AI,Programming,Intermediate,75,4.5,6,37,83.3,2,2.6,2,6,4.4,6,3,3,62.5,62.7,68.3,2,28-10-2023,UPI,Yes,No,5415,77,4,1,4.3,Not Completed,0,3,2,0,2,2,4,5
19476,STU119476,Pooja Shah,Female,19,PhD,Student,Chennai,Mobile,High,C101,Python Basics,Programming,Beginner,45,4.6,4,50,81.2,3,5.6,5,7,4.5,4,6,7,100.0,64.2,55.6,0,29-07-2025,UPI,Yes,No,4107,66,2,0,4.8,Not Completed,0,4,2,1,0,1,4,5
19477,STU119477,Isha Nair,Female,17,Bachelor,Student,Vadodara,Mobile,Medium,C108,Excel for Business,Business,Beginner,25,4.1,2,49,38.8,3,0.5,5,7,4.9,6,4,2,70.8,91.3,54.1,2,08-03-2024,UPI,Yes,No,3002,82,3,1,5.0,Not Completed,0,0,2,1,2,1,0,5
19478,STU119478,Aarav Bhardwaj,Female,30,Bachelor,Student,Bengaluru,Laptop,High,C107,Statistics for Data Science,Math,Intermediate,50,4.2,3,33,51.0,2,16.6,4,9,6.3,7,3,4,75.0,62.8,63.0,5,22-10-2024,Scholarship,No,No,1545,80,3,1,3.1,Not Completed,0,0,2,0,0,2,3,4
19479,STU119479,Nikhil Reddy,Female,17,Master,Employed,Vadodara,Tablet,Low,C102,Data Analysis with Python,Programming,Intermediate,60,4.7,3,31,85.1,2,7.4,0,1,3.8,5,4,2,73.9,60.8,62.8,2,14-12-2024,UPI,Yes,Yes,3850,41,0,2,4.6,Not Completed,0,3,0,2,1,2,4,5
19480,STU119480,Kavya Desai,Other,23,Bachelor,Student,Mumbai,Laptop,Medium,C103,Introduction to AI,Programming,Intermediate,75,4.5,4,29,65.1,1,7.1,9,3,5.7,4,6,4,66.6,76.7,50.6,2,13-01-2024,Scholarship,No,No,1647,57,1,1,4.8,Not Completed,2,0,2,0,2,2,4,4
19481,STU119481,Vivaan Mehta,Female,21,HighSchool,Student,Indore,Mobile,Medium,C107,Statistics for Data Science,Math,Intermediate,50,4.2,4,36,47.1,2,2.1,0,5,3.4,5,5,3,43.6,64.2,49.7,1,27-01-2024,NetBanking,Yes,No,4591,71,2,1,2.8,Completed,0,2,2,1,2,2,3,3
19482,STU119482,Aditya Nair,Female,21,Bachelor,Student,Pune,Mobile,Medium,C105,UI/UX Design Fundamentals,Design,Beginner,40,4.4,4,29,50.1,1,6.6,9,6,3.8,4,5,2,62.5,81.9,45.6,4,21-10-2023,Free,No,Yes,0,82,3,0,3.4,Not Completed,0,0,2,1,2,1,1,2
19483,STU119483,Rohan Verma,Female,24,Bachelor,Employed,Bengaluru,Laptop,High,C102,Data Analysis with Python,Programming,Intermediate,60,4.7,3,48,67.1,0,7.5,11,3,3.7,4,6,3,81.7,70.2,51.0,1,29-08-2025,UPI,Yes,No,5257,49,2,2,3.8,Not Completed,0,0,0,0,0,2,4,5
19484,STU119484,Sai Singh,Male,31,Master,Employed,Hyderabad,Laptop,Medium,C106,Machine Learning A-Z,Programming,Advanced,90,4.6,6,39,72.1,7,0.5,4,9,8.2,5,5,5,72.0,72.3,58.9,1,02-06-2024,Free,No,No,0,100,3,0,5.0,Completed,1,3,0,0,2,0,4,2
19485,STU119485,Krishna Nair,Female,30,Master,Employed,Kolkata,Mobile,High,C106,Machine Learning A-Z,Programming,Advanced,90,4.6,4,39,72.6,1,0.5,30,8,8.6,4,6,2,86.0,55.3,52.2,0,08-07-2024,Debit Card,Yes,No,6593,82,3,0,4.0,Completed,0,3,0,1,0,0,4,1
19486,STU119486,Pooja Singh,Male,33,Master,Employed,Nagpur,Laptop,Medium,C103,Introduction to AI,Programming,Intermediate,75,4.5,6,47,61.0,0,11.1,5,2,9.2,3,7,6,61.7,94.6,44.1,1,24-09-2024,Debit Card,Yes,No,6243,63,4,1,4.9,Not Completed,1,3,0,0,2,2,4,1
19487,STU119487,Priya Patel,Male,21,Bachelor,Employed,Vadodara,Mobile,Medium,C101,Python Basics,Programming,Beginner,45,4.6,4,40,85.6,2,2.2,5,6,5.2,5,5,2,68.7,65.7,63.2,1,14-02-2025,UPI,Yes,Yes,3880,78,4,1,2.7,Completed,1,0,0,1,2,1,4,5
19488,STU119488,Ananya Bose,Other,23,Bachelor,Employed,Delhi,Mobile,Medium,C107,Statistics for Data Science,Math,Intermediate,50,4.2,3,19,39.9,1,0.5,0,4,6.4,4,6,1,62.1,54.7,40.7,2,07-01-2024,UPI,Yes,No,4918,89,0,0,5.0,Not Completed,2,0,0,1,2,2,3,5
19489,STU119489,Priya Singh,Female,20,Bachelor,Employed,Surat,Mobile,High,C101,Python Basics,Programming,Beginner,45,4.6,5,24,67.6,3,8.1,6,6,4.7,7,3,2,73.5,72.3,69.3,4,02-09-2024,Scholarship,No,No,1954,76,5,2,5.0,Not Completed,0,0,0,1,0,1,4,4
19490,STU119490,Nikhil Bose,Female,31,Bachelor,Student,Chennai,Mobile,High,C108,Excel for Business,Business,Beginner,25,4.1,7,51,38.4,6,0.5,1,3,6.6,6,4,1,79.9,59.9,52.4,1,05-04-2024,UPI,Yes,No,3452,80,4,1,4.7,Not Completed,0,0,2,1,0,1,0,5
19491,STU119491,Rohan Bose,Male,37,Bachelor,Employed,Jaipur,Mobile,High,C105,UI/UX Design Fundamentals,Design,Beginner,40,4.4,2,35,15.8,0,0.5,0,4,6.9,1,9,1,60.4,64.0,14.7,2,11-03-2024,Debit Card,Yes,No,3749,83,2,4,4.8,Not Completed,1,0,0,1,0,1,1,1
19492,STU119492,Neha Nair,Female,25,Bachelor,Student,Surat,Laptop,High,C107,Statistics for Data Science,Math,Intermediate,50,4.2,5,46,47.6,0,0.5,0,6,7.6,5,5,1,56.2,50.9,49.2,2,27-05-2024,Credit Card,Yes,No,4307,69,3,0,3.9,Not Completed,0,0,2,0,0,2,3,0
19493,STU119493,Nikhil Mehta,Female,38,Bachelor,Employed,Indore,Mobile,Medium,C106,Machine Learning A-Z,Programming,Advanced,90,4.6,6,29,49.4,2,9.7,16,4,6.2,3,7,4,69.1,78.7,39.2,3,06-12-2023,Credit Card,Yes,No,6624,39,1,1,2.8,Not Completed,0,0,0,1,2,0,4,0
19494,STU119494,Sakshi Bose,Female,29,Bachelor,Employed,Jaipur,Laptop,Medium,C103,Introduction to AI,Programming,Intermediate,75,4.5,3,31,80.0,0,0.5,2,12,4.5,4,6,9,77.7,60.8,55.1,6,11-12-2023,Credit Card,Yes,No,6089,38,4,1,5.0,Completed,0,0,0,0,2,2,4,0
19495,STU119495,Kavya Bhardwaj,Male,23,Master,Student,Pune,Laptop,Medium,C105,UI/UX Design Fundamentals,Design,Beginner,40,4.4,7,28,29.0,4,0.5,0,5,10.0,4,6,3,95.5,75.7,37.9,1,06-01-2024,Scholarship,No,No,1635,41,3,1,4.4,Not Completed,1,3,2,0,2,1,1,4
19496,STU119496,Aarav Joshi,Male,18,Master,Employed,Delhi,Mobile,Medium,C103,Introduction to AI,Programming,Intermediate,75,4.5,1,43,50.5,3,7.7,5,7,9.7,8,2,8,56.9,55.1,68.4,1,17-11-2023,UPI,Yes,No,5439,39,0,1,4.3,Not Completed,1,3,0,1,2,2,4,5
19497,STU119497,Kavya Sharma,Male,28,Bachelor,Employed,Lucknow,Tablet,Medium,C107,Statistics for Data Science,Math,Intermediate,50,4.2,6,27,27.7,4,7.0,4,5,3.3,6,4,2,53.6,68.7,49.1,0,12-04-2025,Debit Card,Yes,No,4276,47,1,1,3.3,Completed,1,0,0,2,2,2,3,1
19498,STU119498,Aditya Mehta,Female,35,Master,Student,Vadodara,Mobile,Medium,C107,Statistics for Data Science,Math,Intermediate,50,4.2,3,32,75.1,4,0.5,7,6,6.1,0,10,4,74.4,53.3,28.9,2,30-10-2024,UPI,Yes,No,4701,28,3,1,3.8,Not Completed,0,3,2,1,2,2,3,5
19499,STU119499,Krishna Nair,Female,24,Bachelor,Student,Nagpur,Mobile,High,C103,Introduction to AI,Programming,Intermediate,75,4.5,2,26,74.8,5,1.1,11,6,7.8,3,7,2,79.4,82.1,48.3,1,23-08-2025,Debit Card,Yes,No,5804,29,3,1,4.1,Completed,0,0,2,1,0,2,4,1
19500,STU119500,Rahul Joshi,Female,26,Bachelor,Unemployed,Indore,Mobile,Medium,C105,UI/UX Design Fundamentals,Design,Beginner,40,4.4,3,17,48.2,5,0.5,8,5,7.1,7,3,2,57.7,53.6,61.6,2,24-10-2024,UPI,Yes,No,4098,80,4,0,2.9,Completed,0,0,3,1,2,1,1,5
19501,STU119501,Krishna Iyer,Female,29,Bachelor,Student,Nagpur,Mobile,Medium,C101,Python Basics,Programming,Beginner,45,4.6,3,42,64.1,2,0.5,15,6,6.2,5,5,4,81.0,81.5,56.5,1,09-07-2025,Scholarship,No,Yes,1867,45,3,1,2.7,Not Completed,0,0,2,1,2,1,4,4
19502,STU119502,Sai Gupta,Female,26,Diploma,Student,Pune,Tablet,Low,C105,UI/UX Design Fundamentals,Design,Beginner,40,4.4,7,37,81.5,3,0.5,0,5,6.4,4,6,5,47.4,73.3,56.2,2,16-06-2024,Scholarship,No,No,1257,64,4,0,2.4,Not Completed,0,1,2,2,1,1,1,4
19503,STU119503,Neha Verma,Male,28,Bachelor,Student,Lucknow,Mobile,Medium,C102,Data Analysis with Python,Programming,Intermediate,60,4.7,2,17,51.2,1,1.1,13,1,5.7,6,4,4,78.4,80.8,58.0,1,26-06-2025,Scholarship,No,No,1406,53,3,1,4.0,Completed,1,0,2,1,2,2,4,4
19504,STU119504,Pooja Patel,Female,18,Bachelor,Student,Indore,Laptop,High,C101,Python Basics,Programming,Beginner,45,4.6,6,25,94.2,3,0.5,1,3,8.4,8,2,7,84.3,71.9,84.6,2,08-04-2024,Scholarship,No,No,594,54,3,1,4.6,Completed,0,0,2,0,0,1,4,4
19505,STU119505,Rahul Patel,Male,18,Bachelor,Student,Mumbai,Mobile,Low,C106,Machine Learning A-Z,Programming,Advanced,90,4.6,8,37,47.0,3,4.7,4,5,7.8,1,9,5,59.3,67.9,25.9,1,16-12-2024,UPI,Yes,Yes,4996,50,3,0,5.0,Completed,1,0,2,1,1,0,4,5
19506,STU119506,Neha Shah,Female,24,Bachelor,Employed,Surat,Mobile,Medium,C108,Excel for Business,Business,Beginner,25,4.1,4,45,28.3,3,3.8,4,4,2.7,2,8,3,91.9,64.1,25.1,3,19-02-2024,Scholarship,No,No,505,83,0,2,2.9,Not Completed,0,0,0,1,2,1,0,4
19507,STU119507,Pooja Reddy,Male,18,PhD,Employed,Lucknow,Mobile,Medium,C104,Digital Marketing Essentials,Marketing,Beginner,30,4.3,5,34,66.9,2,0.5,9,5,7.9,6,4,4,69.8,61.4,62.5,1,11-06-2025,UPI,Yes,No,3833,85,3,3,5.0,Not Completed,1,4,0,1,2,1,2,5
19508,STU119508,Nikhil Singh,Female,31,Bachelor,Employed,Bhopal,Mobile,Medium,C107,Statistics for Data Science,Math,Intermediate,50,4.2,9,17,52.5,5,6.8,1,1,10.0,5,5,1,85.3,68.9,51.8,4,23-04-2024,Credit Card,Yes,No,4065,82,1,0,4.3,Completed,0,0,0,1,2,2,3,0
19509,STU119509,Neha Mehta,Female,22,Bachelor,Employed,Indore,Laptop,Medium,C105,UI/UX Design Fundamentals,Design,Beginner,40,4.4,6,44,79.5,3,0.5,2,8,7.7,6,4,6,59.9,67.2,67.2,2,29-11-2024,UPI,Yes,No,3635,71,2,1,5.0,Not Completed,0,0,0,0,2,1,1,5
19510,STU119510,Neha Bhardwaj,Female,23,PhD,Student,Nagpur,Mobile,Low,C102,Data Analysis with Python,Programming,Intermediate,60,4.7,7,30,43.3,2,0.5,1,4,6.6,5,5,4,97.2,29.0,46.6,1,04-04-2025,UPI,Yes,No,5280,64,4,0,4.7,Completed,0,4,2,1,1,2,4,5
19511,STU119511,Nikhil Mehta,Other,29,Bachelor,Employed,Pune,Mobile,High,C106,Machine Learning A-Z,Programming,Advanced,90,4.6,4,42,31.8,0,1.2,4,7,7.5,4,6,2,71.8,40.1,37.1,3,10-07-2025,Credit Card,Yes,No,6794,66,4,2,1.8,Not Completed,2,0,0,1,0,0,4,0
19512,STU119512,Nikhil Bhardwaj,Female,23,Master,Student,Chennai,Mobile,High,C104,Digital Marketing Essentials,Marketing,Beginner,30,4.3,4,9,73.8,5,0.5,6,2,4.9,5,5,4,65.7,71.4,59.4,1,30-01-2024,Credit Card,Yes,No,3279,62,2,0,4.9,Completed,0,3,2,1,0,1,2,0
19513,STU119513,Sai Nair,Male,32,Bachelor,Student,Chennai,Tablet,Medium,C103,Introduction to AI,Programming,Intermediate,75,4.5,5,44,54.9,3,2.4,0,9,7.4,8,2,4,79.5,55.1,70.0,5,05-07-2025,Free,No,No,0,65,2,1,4.1,Not Completed,1,0,2,2,2,2,4,2
19514,STU119514,Krishna Shah,Other,22,HighSchool,Unemployed,Mumbai,Mobile,High,C101,Python Basics,Programming,Beginner,45,4.6,4,5,83.1,1,3.8,2,7,5.6,7,3,5,100.0,74.6,74.8,4,30-08-2024,Scholarship,No,No,1424,72,4,0,4.0,Completed,2,2,3,1,0,1,4,4
19515,STU119515,Kavya Mehta,Female,28,Master,Student,Ahmedabad,Mobile,Medium,C108,Excel for Business,Business,Beginner,25,4.1,5,32,21.4,3,3.9,15,8,5.9,5,5,2,68.0,46.1,39.8,4,06-04-2024,Credit Card,Yes,No,3121,66,4,2,3.1,Not Completed,0,3,2,1,2,1,0,0
19516,STU119516,Ananya Bhardwaj,Female,17,Diploma,Student,Ahmedabad,Tablet,Medium,C102,Data Analysis with Python,Programming,Intermediate,60,4.7,4,33,87.4,3,5.2,2,4,5.7,6,3,5,60.4,50.6,69.1,1,14-05-2025,UPI,Yes,No,5264,95,0,1,4.1,Completed,0,1,2,2,2,2,4,5
19517,STU119517,Sai Shah,Male,23,Master,Unemployed,Surat,Laptop,Medium,C101,Python Basics,Programming,Beginner,45,4.6,7,24,65.7,5,2.3,0,4,6.1,7,3,2,79.4,81.5,69.1,1,26-03-2025,Debit Card,Yes,No,4128,78,3,1,3.4,Completed,1,3,3,0,2,1,4,1
19518,STU119518,Krishna Verma,Male,30,Master,Self-Employed,Hyderabad,Mobile,Low,C103,Introduction to AI,Programming,Intermediate,75,4.5,4,32,81.9,2,5.5,0,5,6.8,3,7,4,90.8,44.0,48.9,4,27-03-2024,Debit Card,Yes,No,5869,80,3,0,5.0,Completed,1,3,1,1,1,2,4,1
19519,STU119519,Priya Mehta,Male,32,Bachelor,Employed,Vadodara,Laptop,High,C108,Excel for Business,Business,Beginner,25,4.1,4,23,67.2,2,0.5,2,3,10.0,5,5,5,84.3,92.1,58.1,5,16-06-2025,Debit Card,Yes,Yes,2950,90,3,1,2.9,Completed,1,0,0,0,0,1,0,1
19520,STU119520,Aditya Reddy,Male,21,Diploma,Employed,Lucknow,Mobile,High,C104,Digital Marketing Essentials,Marketing,Beginner,30,4.3,2,36,76.1,1,7.0,7,3,6.9,4,5,1,60.3,64.8,53.9,4,08-01-2025,Free,No,No,0,74,2,0,3.8,Completed,1,1,0,1,0,1,2,2
19521,STU119521,Sai Bhardwaj,Female,24,Diploma,Student,Kolkata,Laptop,High,C107,Statistics for Data Science,Math,Intermediate,50,4.2,6,41,65.3,4,11.8,1,5,5.6,7,3,1,86.6,79.7,68.8,4,09-02-2024,Free,No,No,0,69,1,0,4.7,Completed,0,1,2,0,0,2,3,2
19522,STU119522,Rohan Mehta,Male,28,Bachelor,Employed,Jaipur,Tablet,Low,C106,Machine Learning A-Z,Programming,Advanced,90,4.6,6,12,72.8,3,0.5,3,11,5.7,6,4,3,82.3,48.4,63.9,4,09-05-2025,UPI,Yes,No,6820,59,4,0,4.0,Completed,1,0,0,2,1,0,4,5
19523,STU119523,Priya Mehta,Female,17,Master,Employed,Mumbai,Mobile,High,C101,Python Basics,Programming,Beginner,45,4.6,4,41,78.0,2,6.7,2,10,4.5,4,6,2,69.0,82.0,55.4,2,26-02-2024,NetBanking,Yes,No,4645,100,0,1,4.3,Completed,0,3,0,1,0,1,4,3
19524,STU119524,Nikhil Mehta,Female,27,Bachelor,Student,Pune,Mobile,Medium,C101,Python Basics,Programming,Beginner,45,4.6,2,35,26.1,1,6.4,3,1,6.0,3,6,8,69.2,49.0,29.6,2,15-10-2024,Free,No,No,0,52,4,0,4.4,Not Completed,0,0,2,1,2,1,4,2
19525,STU119525,Vivaan Sharma,Male,34,Bachelor,Employed,Indore,Mobile,Medium,C102,Data Analysis with Python,Programming,Intermediate,60,4.7,2,32,39.4,4,0.5,6,1,5.0,5,5,5,85.3,78.3,47.7,0,17-12-2023,NetBanking,Yes,No,5337,34,2,2,4.7,Not Completed,1,0,0,1,2,2,4,3
19526,STU119526,Ananya Iyer,Male,23,Bachelor,Student,Mumbai,Mobile,Medium,C106,Machine Learning A-Z,Programming,Advanced,90,4.6,4,37,88.3,2,0.5,5,5,7.8,7,3,7,78.9,71.7,76.5,1,17-05-2024,NetBanking,Yes,No,7060,85,5,4,4.0,Completed,1,0,2,1,2,0,4,3
19527,STU119527,Ananya Bose,Female,30,Bachelor,Employed,Delhi,Mobile,Low,C108,Excel for Business,Business,Beginner,25,4.1,4,18,63.1,2,2.2,0,6,5.6,5,5,1,77.0,77.9,56.0,2,17-12-2024,Debit Card,Yes,No,3466,40,3,0,3.0,Not Completed,0,0,0,1,1,1,0,1
19528,STU119528,Aarav Iyer,Female,39,Bachelor,Student,Lucknow,Mobile,Medium,C105,UI/UX Design Fundamentals,Design,Beginner,40,4.4,6,20,27.7,6,16.6,2,7,8.0,6,3,3,98.3,89.7,50.2,5,10-02-2024,UPI,Yes,No,4379,45,2,2,4.1,Not Completed,0,0,2,1,2,1,1,5
19529,STU119529,Krishna Bose,Male,20,Bachelor,Student,Kolkata,Mobile,High,C104,Digital Marketing Essentials,Marketing,Beginner,30,4.3,6,44,76.6,4,2.7,0,7,10.0,8,1,3,92.1,60.7,77.8,2,16-07-2025,Free,No,No,0,69,3,0,3.9,Not Completed,1,0,2,1,0,1,2,2
19530,STU119530,Krishna Gupta,Male,25,Master,Student,Chennai,Mobile,Medium,C102,Data Analysis with Python,Programming,Intermediate,60,4.7,6,30,63.8,3,4.5,4,5,8.0,6,4,8,78.5,63.8,61.5,1,11-07-2024,Scholarship,No,No,1948,69,5,1,4.9,Completed,1,3,2,1,2,2,4,4
19531,STU119531,Kavya Shah,Female,17,Master,Unemployed,Mumbai,Laptop,Low,C102,Data Analysis with Python,Programming,Intermediate,60,4.7,5,13,18.8,2,0.5,10,3,8.3,6,3,5,59.6,81.9,46.7,1,20-03-2024,UPI,Yes,No,4733,90,1,0,5.0,Completed,0,3,3,0,1,2,4,5
19532,STU119532,Vivaan Iyer,Male,27,Bachelor,Employed,Surat,Mobile,Medium,C108,Excel for Business,Business,Beginner,25,4.1,5,20,73.1,1,0.5,20,4,6.0,5,5,2,54.9,58.9,58.5,2,23-12-2024,UPI,Yes,No,3310,57,3,0,5.0,Not Completed,1,0,0,1,2,1,0,5
19533,STU119533,Priya Nair,Female,31,Bachelor,Student,Ahmedabad,Mobile,Medium,C104,Digital Marketing Essentials,Marketing,Beginner,30,4.3,2,25,57.6,4,7.0,2,7,7.6,3,7,3,62.3,44.9,40.4,3,12-04-2025,Debit Card,Yes,No,3455,80,2,1,3.9,Not Completed,0,0,2,1,2,1,2,1
19534,STU119534,Isha Singh,Female,24,Diploma,Student,Hyderabad,Laptop,Medium,C106,Machine Learning A-Z,Programming,Advanced,90,4.6,6,45,43.9,2,0.5,2,7,7.2,7,3,6,53.8,63.2,60.5,1,18-09-2025,NetBanking,Yes,No,7020,50,5,0,5.0,Not Completed,0,1,2,0,2,0,4,3
19535,STU119535,Neha Singh,Female,36,Bachelor,Student,Mumbai,Tablet,High,C106,Machine Learning A-Z,Programming,Advanced,90,4.6,6,5,77.9,4,4.3,2,6,8.5,5,5,6,82.6,77.1,61.1,2,02-01-2024,Debit Card,Yes,No,6581,31,3,0,5.0,Completed,0,0,2,2,0,0,4,1
19536,STU119536,Arjun Verma,Male,33,Bachelor,Student,Chennai,Mobile,High,C105,UI/UX Design Fundamentals,Design,Beginner,40,4.4,5,31,84.2,4,6.9,7,12,5.8,3,7,4,60.7,54.9,50.2,5,14-02-2024,Debit Card,Yes,No,4002,91,2,1,4.4,Not Completed,1,0,2,1,0,1,1,1
19537,STU119537,Pooja Singh,Male,24,Bachelor,Student,Lucknow,Mobile,Medium,C102,Data Analysis with Python,Programming,Intermediate,60,4.7,2,49,63.3,3,0.5,0,7,10.0,6,4,5,78.8,100.0,63.2,4,06-05-2024,Free,No,No,0,97,1,0,3.9,Not Completed,1,0,2,1,2,2,4,2
19538,STU119538,Vihaan Gupta,Male,25,Bachelor,Employed,Kolkata,Mobile,Low,C107,Statistics for Data Science,Math,Intermediate,50,4.2,2,18,32.5,2,4.1,5,7,4.4,7,3,5,69.7,60.5,56.4,2,30-10-2023,NetBanking,Yes,No,4928,54,2,0,3.7,Completed,1,0,0,1,1,2,3,3
19539,STU119539,Sneha Desai,Male,22,HighSchool,Employed,Mumbai,Mobile,Low,C105,UI/UX Design Fundamentals,Design,Beginner,40,4.4,5,24,18.7,1,7.8,8,5,7.9,3,7,5,94.2,77.3,28.4,1,31-03-2024,Scholarship,No,No,935,53,0,2,3.2,Not Completed,1,2,0,1,1,1,1,4
19540,STU119540,Arjun Sharma,Male,27,Bachelor,Student,Vadodara,Laptop,Medium,C103,Introduction to AI,Programming,Intermediate,75,4.5,3,20,54.5,4,4.2,3,7,6.4,8,1,5,86.7,64.6,70.3,3,07-03-2024,Debit Card,Yes,No,5546,17,3,0,3.8,Completed,1,0,2,0,2,2,4,1
19541,STU119541,Sneha Bose,Female,38,Bachelor,Employed,Jaipur,Mobile,High,C107,Statistics for Data Science,Math,Intermediate,50,4.2,3,35,83.3,3,0.6,12,6,6.2,4,6,2,60.6,43.7,55.3,2,11-04-2024,Debit Card,Yes,No,4390,65,2,1,3.3,Completed,0,0,0,1,0,2,3,1
19542,STU119542,Sai Kumar,Male,26,Diploma,Student,Mumbai,Mobile,Medium,C106,Machine Learning A-Z,Programming,Advanced,90,4.6,2,31,82.5,4,0.5,4,7,4.0,7,3,4,75.7,66.9,74.2,1,02-04-2025,NetBanking,Yes,No,5902,100,4,1,4.8,Completed,1,1,2,1,2,0,4,3
19543,STU119543,Ananya Iyer,Male,22,Bachelor,Student,Mumbai,Mobile,Medium,C108,Excel for Business,Business,Beginner,25,4.1,3,46,68.8,2,0.5,8,4,6.2,5,5,8,84.7,88.9,58.5,2,09-03-2025,UPI,Yes,No,3248,77,4,1,3.6,Not Completed,1,0,2,1,2,1,0,5
19544,STU119544,Ananya Bhardwaj,Female,26,Bachelor,Employed,Pune,Laptop,Medium,C104,Digital Marketing Essentials,Marketing,Beginner,30,4.3,7,27,73.9,3,0.5,0,7,6.8,5,5,5,72.8,88.3,60.3,3,14-07-2024,Free,No,Yes,0,67,3,0,4.8,Completed,0,0,0,0,2,1,2,2
19545,STU119545,Aditya Mehta,Male,17,Bachelor,Employed,Bengaluru,Mobile,High,C108,Excel for Business,Business,Beginner,25,4.1,5,33,91.2,3,3.1,4,5,7.4,5,5,3,78.0,44.2,64.1,2,14-03-2024,Free,No,Yes,0,64,1,1,4.3,Not Completed,1,0,0,1,0,1,0,2
19546,STU119546,Pooja Iyer,Female,19,Master,Student,Vadodara,Laptop,High,C101,Python Basics,Programming,Beginner,45,4.6,5,30,77.8,1,5.4,6,4,4.0,6,4,2,73.7,58.7,66.2,1,11-03-2025,UPI,Yes,No,4339,83,3,1,5.0,Completed,0,3,2,0,0,1,4,5
19547,STU119547,Neha Kumar,Female,26,HighSchool,Student,Bhopal,Laptop,High,C101,Python Basics,Programming,Beginner,45,4.6,2,33,66.5,0,1.6,6,5,9.6,7,3,4,50.8,80.3,69.3,1,22-05-2025,Credit Card,Yes,No,4307,60,3,1,4.0,Not Completed,0,2,2,0,0,1,4,0
19548,STU119548,Vihaan Singh,Female,38,Bachelor,Student,Pune,Mobile,Medium,C101,Python Basics,Programming,Beginner,45,4.6,4,31,90.8,2,3.5,3,3,7.1,5,5,4,84.9,64.5,65.0,1,18-02-2025,Free,No,No,0,56,2,1,5.0,Completed,0,0,2,1,2,1,4,2
19549,STU119549,Isha Shah,Male,20,Bachelor,Unemployed,Mumbai,Mobile,High,C107,Statistics for Data Science,Math,Intermediate,50,4.2,6,33,55.0,2,2.7,12,6,5.7,4,6,1,83.6,86.6,47.6,0,08-06-2025,Free,No,No,0,100,3,0,2.8,Not Completed,1,0,3,1,0,2,3,2
19550,STU119550,Sai Desai,Male,28,Bachelor,Student,Delhi,Mobile,Medium,C104,Digital Marketing Essentials,Marketing,Beginner,30,4.3,7,36,82.2,5,2.8,3,8,5.9,6,4,7,80.5,75.9,68.6,0,10-12-2024,Debit Card,Yes,No,3569,85,2,0,4.5,Completed,1,0,2,1,2,1,2,1
19551,STU119551,Pooja Gupta,Female,22,Bachelor,Student,Vadodara,Laptop,Medium,C101,Python Basics,Programming,Beginner,45,4.6,6,24,84.3,1,1.4,8,8,5.3,7,3,4,57.5,62.2,74.6,2,07-07-2024,UPI,Yes,No,4410,62,0,0,4.4,Completed,0,0,2,0,2,1,4,5
19552,STU119552,Krishna Bose,Female,17,Bachelor,Student,Lucknow,Laptop,Medium,C104,Digital Marketing Essentials,Marketing,Beginner,30,4.3,6,18,58.9,1,0.5,6,1,6.2,7,3,5,66.5,42.8,64.7,1,20-09-2024,Credit Card,Yes,Yes,2835,92,3,0,5.0,Not Completed,0,0,2,0,2,1,2,0
19553,STU119553,Aditya Verma,Female,32,Bachelor,Student,Jaipur,Mobile,Medium,C105,UI/UX Design Fundamentals,Design,Beginner,40,4.4,5,44,77.7,1,0.6,0,7,5.9,4,6,3,84.9,70.6,54.7,2,24-12-2024,UPI,Yes,No,4113,95,4,0,4.7,Completed,0,0,2,1,2,1,1,5
19554,STU119554,Priya Nair,Male,21,HighSchool,Student,Pune,Mobile,High,C107,Statistics for Data Science,Math,Intermediate,50,4.2,4,25,97.0,2,1.7,25,4,6.5,7,3,8,82.5,78.7,79.9,2,29-03-2025,Free,No,No,0,66,2,0,5.0,Completed,1,2,2,1,0,2,3,2
19555,STU119555,Aarav Joshi,Male,22,Bachelor,Student,Surat,Tablet,Medium,C108,Excel for Business,Business,Beginner,25,4.1,5,19,81.8,2,2.2,1,6,6.1,6,4,6,73.4,55.4,67.4,4,25-10-2023,UPI,Yes,No,2952,56,4,1,3.7,Completed,1,0,2,2,2,1,0,5
19556,STU119556,Sakshi Reddy,Male,17,PhD,Employed,Chennai,Mobile,High,C105,UI/UX Design Fundamentals,Design,Beginner,40,4.4,4,48,88.5,1,10.1,1,8,6.3,7,3,6,76.5,47.0,75.3,5,21-08-2025,UPI,Yes,No,3606,88,3,0,4.6,Not Completed,1,4,0,1,0,1,1,5
19557,STU119557,Ananya Mehta,Male,24,Bachelor,Self-Employed,Pune,Mobile,Low,C107,Statistics for Data Science,Math,Intermediate,50,4.2,3,45,6.4,0,0.7,7,4,5.1,3,7,3,86.9,57.6,23.1,0,09-11-2023,Credit Card,Yes,No,4183,42,2,1,3.5,Not Completed,1,0,1,1,1,2,3,0
19558,STU119558,Meera Reddy,Female,29,Bachelor,Student,Pune,Laptop,Medium,C108,Excel for Business,Business,Beginner,25,4.1,10,31,90.1,1,7.1,5,4,6.7,5,5,5,91.4,49.0,64.0,1,05-02-2024,NetBanking,Yes,No,3000,75,1,0,2.6,Completed,0,0,2,0,2,1,0,3
19559,STU119559,Rahul Shah,Female,28,Master,Employed,Surat,Laptop,High,C103,Introduction to AI,Programming,Intermediate,75,4.5,5,26,70.4,6,0.5,21,6,3.7,1,9,2,83.7,93.5,35.3,2,14-07-2025,UPI,Yes,No,5436,67,1,0,4.9,Completed,0,3,0,0,0,2,4,5
19560,STU119560,Rohan Shah,Female,17,Diploma,Student,Kolkata,Laptop,High,C104,Digital Marketing Essentials,Marketing,Beginner,30,4.3,6,35,72.1,2,7.6,1,7,6.8,6,4,4,86.5,86.1,65.6,2,18-06-2024,UPI,Yes,No,3283,100,0,1,4.8,Completed,0,1,2,0,0,1,2,5
19561,STU119561,Krishna Joshi,Male,23,Master,Student,Jaipur,Laptop,High,C106,Machine Learning A-Z,Programming,Advanced,90,4.6,8,34,95.2,3,14.9,7,5,10.0,8,2,6,56.0,83.1,85.5,8,06-07-2024,Free,No,No,0,48,4,1,5.0,Completed,1,3,2,0,0,0,4,2
19562,STU119562,Vivaan Bhardwaj,Male,23,Diploma,Student,Vadodara,Tablet,Low,C102,Data Analysis with Python,Programming,Intermediate,60,4.7,4,32,64.7,1,2.9,18,2,8.8,3,7,1,62.8,49.0,43.1,4,17-08-2025,Debit Card,Yes,No,4595,71,3,2,5.0,Not Completed,1,1,2,2,1,2,4,1
19563,STU119563,Rohan Bose,Female,23,Bachelor,Student,Nagpur,Laptop,Medium,C102,Data Analysis with Python,Programming,Intermediate,60,4.7,4,30,87.2,3,0.5,0,5,7.4,4,6,4,80.5,59.2,57.5,1,07-04-2024,Free,No,No,0,48,0,0,4.3,Completed,0,0,2,0,2,2,4,2
19564,STU119564,Neha Iyer,Male,21,HighSchool,Student,Lucknow,Tablet,Low,C106,Machine Learning A-Z,Programming,Advanced,90,4.6,7,14,76.7,3,7.3,1,6,10.0,6,4,3,64.7,78.1,66.7,0,05-05-2024,Free,No,No,0,15,2,2,4.0,Completed,1,2,2,2,1,0,4,2
19565,STU119565,Pooja Shah,Other,24,Bachelor,Student,Mumbai,Tablet,High,C103,Introduction to AI,Programming,Intermediate,75,4.5,7,24,45.3,2,5.2,0,4,5.4,7,3,7,86.4,97.6,62.7,5,07-04-2025,UPI,Yes,Yes,4903,57,6,0,4.6,Completed,2,0,2,2,0,2,4,5
19566,STU119566,Ananya Shah,Female,24,Bachelor,Unemployed,Ahmedabad,Mobile,Medium,C102,Data Analysis with Python,Programming,Intermediate,60,4.7,6,40,64.9,3,0.5,6,7,3.9,6,4,7,85.1,74.7,62.5,2,29-03-2025,Free,No,Yes,0,69,5,0,5.0,Not Completed,0,0,3,1,2,2,4,2
19567,STU119567,Sakshi Patel,Female,27,Bachelor,Student,Bengaluru,Mobile,Low,C102,Data Analysis with Python,Programming,Intermediate,60,4.7,5,42,66.1,2,3.1,3,6,10.0,7,3,5,33.8,36.9,67.0,1,15-07-2024,Scholarship,No,No,407,62,2,0,5.0,Completed,0,0,2,1,1,2,4,4
19568,STU119568,Meera Nair,Male,22,Bachelor,Student,Delhi,Mobile,High,C106,Machine Learning A-Z,Programming,Advanced,90,4.6,5,32,71.2,1,2.5,2,0,4.9,5,5,4,57.0,54.9,57.7,6,14-04-2024,Credit Card,Yes,No,6966,41,0,1,4.1,Completed,1,0,2,1,0,0,4,0
19569,STU119569,Meera Gupta,Female,40,Diploma,Employed,Mumbai,Mobile,Medium,C107,Statistics for Data Science,Math,Intermediate,50,4.2,4,29,52.9,0,4.1,18,7,8.0,7,3,7,72.9,90.7,65.0,1,23-11-2024,Credit Card,Yes,Yes,3742,100,1,4,3.7,Completed,0,1,0,1,2,2,3,0
19570,STU119570,Priya Kumar,Male,21,Diploma,Employed,Vadodara,Laptop,Medium,C102,Data Analysis with Python,Programming,Intermediate,60,4.7,2,48,75.8,1,8.6,20,1,6.7,5,5,2,68.3,70.3,60.1,1,24-10-2024,NetBanking,Yes,Yes,4506,94,2,2,4.3,Completed,1,1,0,0,2,2,4,3
19571,STU119571,Isha Desai,Female,23,Bachelor,Employed,Kolkata,Laptop,Medium,C107,Statistics for Data Science,Math,Intermediate,50,4.2,4,44,79.6,3,7.1,4,4,9.9,3,7,2,67.7,68.0,49.3,1,22-09-2025,Debit Card,Yes,No,4252,22,2,0,5.0,Not Completed,0,0,0,0,2,2,3,1
19572,STU119572,Priya Gupta,Female,22,Bachelor,Student,Jaipur,Laptop,Low,C102,Data Analysis with Python,Programming,Intermediate,60,4.7,5,34,67.4,2,0.5,9,5,4.5,5,5,4,91.5,65.3,56.9,3,12-03-2025,Free,No,No,0,87,3,0,3.8,Not Completed,0,0,2,0,1,2,4,2
19573,STU119573,Sneha Nair,Female,18,Master,Employed,Hyderabad,Laptop,Medium,C101,Python Basics,Programming,Beginner,45,4.6,8,34,84.3,4,0.9,4,6,5.9,6,4,5,76.9,73.3,69.2,3,19-02-2025,Free,No,No,0,70,2,0,3.4,Not Completed,0,3,0,0,2,1,4,2
19574,STU119574,Vivaan Nair,Male,29,Bachelor,Student,Delhi,Mobile,High,C101,Python Basics,Programming,Beginner,45,4.6,4,42,60.1,8,0.5,1,6,4.5,7,3,6,94.9,61.6,66.1,4,12-05-2024,UPI,Yes,Yes,3406,100,2,3,4.0,Completed,1,0,2,1,0,1,4,5
19575,STU119575,Isha Patel,Female,17,Master,Student,Chennai,Mobile,Low,C108,Excel for Business,Business,Beginner,25,4.1,6,31,52.1,3,1.2,4,3,6.3,4,6,3,51.8,81.4,46.3,1,04-06-2024,UPI,Yes,No,3210,63,1,0,3.9,Completed,0,3,2,1,1,1,0,5
19576,STU119576,Meera Patel,Male,28,Master,Student,Vadodara,Laptop,High,C106,Machine Learning A-Z,Programming,Advanced,90,4.6,6,29,77.1,4,0.5,0,6,7.3,7,3,3,56.1,76.4,72.8,2,09-09-2024,UPI,Yes,No,6318,74,3,4,4.2,Completed,1,3,2,0,0,0,4,5
19577,STU119577,Pooja Kumar,Female,17,Bachelor,Employed,Hyderabad,Mobile,Low,C103,Introduction to AI,Programming,Intermediate,75,4.5,3,46,69.1,2,4.3,6,7,5.6,2,8,3,68.4,58.2,39.1,1,25-09-2024,Credit Card,Yes,Yes,4857,47,3,1,2.7,Not Completed,0,0,0,1,1,2,4,0
19578,STU119578,Vihaan Joshi,Female,35,Diploma,Student,Ahmedabad,Mobile,Medium,C105,UI/UX Design Fundamentals,Design,Beginner,40,4.4,5,28,61.7,1,0.5,7,9,8.8,8,2,1,54.7,53.4,72.2,1,27-07-2024,Credit Card,Yes,No,3801,60,1,0,4.7,Completed,0,1,2,1,2,1,1,0
19579,STU119579,Sai Bose,Male,19,Bachelor,Employed,Pune,Mobile,High,C106,Machine Learning A-Z,Programming,Advanced,90,4.6,2,21,73.1,3,0.5,1,2,4.7,3,7,2,73.8,71.6,47.2,1,20-04-2025,UPI,Yes,Yes,5706,51,1,1,5.0,Completed,1,0,0,1,0,0,4,5
19580,STU119580,Isha Sharma,Female,28,Master,Unemployed,Ahmedabad,Laptop,Medium,C102,Data Analysis with Python,Programming,Intermediate,60,4.7,4,40,48.5,0,15.5,6,6,5.1,4,5,2,90.0,65.1,44.2,4,30-06-2025,Credit Card,Yes,No,5416,92,2,0,2.0,Completed,0,3,3,0,2,2,4,0
19581,STU119581,Ananya Sharma,Female,21,Master,Employed,Pune,Mobile,Medium,C105,UI/UX Design Fundamentals,Design,Beginner,40,4.4,4,48,70.1,6,1.3,0,3,9.5,6,4,2,58.7,64.4,63.8,2,07-05-2025,Debit Card,Yes,No,4079,84,4,0,4.2,Not Completed,0,3,0,1,2,1,1,1
19582,STU119582,Sai Verma,Female,26,Bachelor,Employed,Vadodara,Laptop,Medium,C103,Introduction to AI,Programming,Intermediate,75,4.5,4,47,61.1,2,5.7,1,6,6.7,6,4,7,93.7,79.9,61.4,3,27-03-2025,UPI,Yes,No,5952,100,1,0,3.5,Not Completed,0,0,0,0,2,2,4,5
19583,STU119583,Aditya Kumar,Male,23,Bachelor,Employed,Indore,Mobile,High,C101,Python Basics,Programming,Beginner,45,4.6,4,28,56.6,1,2.5,0,5,7.3,7,3,2,66.2,76.1,65.6,2,29-07-2025,Scholarship,No,No,367,35,3,0,4.1,Not Completed,1,0,0,1,0,1,4,4
19584,STU119584,Aarav Sharma,Male,28,Master,Unemployed,Lucknow,Mobile,High,C101,Python Basics,Programming,Beginner,45,4.6,3,47,66.1,4,1.0,7,10,7.1,6,4,3,91.6,81.3,63.2,2,11-11-2023,Scholarship,No,No,305,56,2,1,4.8,Completed,1,3,3,1,0,1,4,4
19585,STU119585,Sneha Patel,Male,29,PhD,Unemployed,Lucknow,Laptop,High,C102,Data Analysis with Python,Programming,Intermediate,60,4.7,7,22,13.2,0,4.4,0,1,4.8,4,6,3,58.6,53.6,31.3,5,27-08-2024,UPI,Yes,No,5433,74,0,2,3.9,Not Completed,1,4,3,0,0,2,4,5
19586,STU119586,Sai Iyer,Female,27,Diploma,Employed,Surat,Mobile,Medium,C101,Python Basics,Programming,Beginner,45,4.6,5,38,37.0,1,0.5,1,2,6.6,5,5,4,74.4,78.0,46.8,1,24-08-2024,UPI,Yes,No,4553,62,2,0,5.0,Not Completed,0,1,0,1,2,1,4,5
19587,STU119587,Pooja Gupta,Male,31,HighSchool,Self-Employed,Indore,Mobile,High,C106,Machine Learning A-Z,Programming,Advanced,90,4.6,6,38,70.7,1,3.7,3,2,4.7,3,7,2,72.5,63.4,45.9,1,21-11-2023,NetBanking,Yes,No,6809,92,0,0,5.0,Completed,1,2,1,1,0,0,4,3
19588,STU119588,Ritika Sharma,Female,30,Bachelor,Employed,Mumbai,Laptop,High,C105,UI/UX Design Fundamentals,Design,Beginner,40,4.4,6,52,52.4,1,9.1,33,6,5.3,6,4,2,82.5,88.3,58.8,1,26-11-2024,Free,No,Yes,0,44,2,3,4.7,Not Completed,0,0,0,0,0,1,1,2
19589,STU119589,Rohan Bose,Male,38,Bachelor,Student,Hyderabad,Laptop,Medium,C103,Introduction to AI,Programming,Intermediate,75,4.5,3,34,81.3,1,0.5,0,4,3.7,5,5,3,57.3,51.2,61.0,1,31-05-2025,Scholarship,No,No,2346,78,2,0,5.0,Completed,1,0,2,0,2,2,4,4
19590,STU119590,Meera Desai,Male,17,Bachelor,Self-Employed,Bengaluru,Laptop,High,C103,Introduction to AI,Programming,Intermediate,75,4.5,4,37,44.5,5,1.5,7,2,8.1,5,5,1,80.7,65.3,48.8,4,10-08-2024,Debit Card,Yes,No,6110,72,4,2,4.7,Completed,1,0,1,0,0,2,4,1
19591,STU119591,Neha Joshi,Male,26,HighSchool,Student,Hyderabad,Laptop,Medium,C103,Introduction to AI,Programming,Intermediate,75,4.5,4,54,73.9,2,4.1,10,3,8.8,6,4,6,76.2,72.3,65.5,5,03-05-2025,Free,No,No,0,49,2,1,4.1,Completed,1,2,2,0,2,2,4,2
19592,STU119592,Sai Kumar,Male,38,Bachelor,Employed,Kolkata,Laptop,Low,C103,Introduction to AI,Programming,Intermediate,75,4.5,2,5,61.1,0,0.5,11,6,6.4,4,6,1,55.1,60.6,48.4,3,04-03-2024,NetBanking,Yes,No,5876,95,2,0,3.5,Not Completed,1,0,0,0,1,2,4,3
19593,STU119593,Pooja Bose,Female,24,Bachelor,Employed,Surat,Laptop,Medium,C107,Statistics for Data Science,Math,Intermediate,50,4.2,3,32,81.8,2,0.5,8,4,10.0,4,6,1,81.3,47.3,55.0,3,16-10-2024,UPI,Yes,No,4820,83,1,0,4.3,Completed,0,0,0,0,2,2,3,5
19594,STU119594,Nikhil Reddy,Female,27,Bachelor,Employed,Bengaluru,Laptop,Medium,C101,Python Basics,Programming,Beginner,45,4.6,9,5,94.6,3,0.5,10,6,4.8,8,2,3,65.4,79.7,85.1,1,30-10-2024,Credit Card,Yes,No,4317,96,1,1,3.1,Completed,0,0,0,0,2,1,4,0
19595,STU119595,Vivaan Sharma,Male,36,HighSchool,Student,Lucknow,Laptop,Medium,C101,Python Basics,Programming,Beginner,45,4.6,5,24,67.0,3,9.1,16,5,6.9,3,6,2,45.7,92.0,46.0,0,08-11-2023,Free,No,No,0,74,2,1,3.3,Not Completed,1,2,2,0,2,1,4,2
19596,STU119596,Aarav Verma,Male,33,Bachelor,Student,Chennai,Tablet,Medium,C104,Digital Marketing Essentials,Marketing,Beginner,30,4.3,7,53,93.3,3,16.2,7,4,4.2,6,4,5,62.9,63.6,71.8,1,06-09-2025,Free,No,No,0,66,2,1,4.1,Not Completed,1,0,2,2,2,1,2,2
19597,STU119597,Nikhil Mehta,Male,33,Bachelor,Employed,Kolkata,Laptop,High,C104,Digital Marketing Essentials,Marketing,Beginner,30,4.3,3,36,66.4,1,0.5,19,4,2.0,7,3,4,68.6,67.6,68.6,0,06-03-2025,Free,No,No,0,55,4,1,3.4,Not Completed,1,0,0,0,0,1,2,2
19598,STU119598,Isha Nair,Female,35,Bachelor,Employed,Delhi,Mobile,Low,C105,UI/UX Design Fundamentals,Design,Beginner,40,4.4,5,34,73.3,2,0.5,11,2,5.7,3,7,5,71.0,62.4,46.8,1,04-12-2023,NetBanking,Yes,Yes,3442,50,2,3,4.2,Not Completed,0,0,0,1,1,1,1,3
19599,STU119599,Arjun Bhardwaj,Male,41,Bachelor,Employed,Nagpur,Mobile,Medium,C104,Digital Marketing Essentials,Marketing,Beginner,30,4.3,1,34,69.5,1,0.5,4,3,5.9,1,9,2,40.1,42.7,32.5,3,26-06-2024,UPI,Yes,No,3810,64,1,1,4.2,Not Completed,1,0,0,1,2,1,2,5
19600,STU119600,Kavya Reddy,Male,21,Bachelor,Employed,Hyderabad,Laptop,Low,C103,Introduction to AI,Programming,Intermediate,75,4.5,8,21,60.0,1,3.1,5,1,7.1,2,8,3,47.6,55.6,35.8,3,20-10-2024,UPI,Yes,No,5966,64,2,3,4.8,Not Completed,1,0,0,0,1,2,4,5
19601,STU119601,Kavya Bhardwaj,Male,18,Bachelor,Student,Nagpur,Laptop,Medium,C102,Data Analysis with Python,Programming,Intermediate,60,4.7,4,45,68.4,2,0.5,0,8,5.8,6,4,6,87.8,63.9,63.1,7,10-06-2024,Credit Card,Yes,No,4975,85,2,0,3.8,Not Completed,1,0,2,0,2,2,4,0
19602,STU119602,Vihaan Iyer,Male,29,Bachelor,Employed,Lucknow,Mobile,Medium,C105,UI/UX Design Fundamentals,Design,Beginner,40,4.4,3,36,54.8,3,6.5,0,4,8.3,3,7,3,78.6,52.1,39.8,1,12-11-2024,Scholarship,No,Yes,1796,66,1,0,5.0,Not Completed,1,0,0,1,2,1,1,4
19603,STU119603,Priya Reddy,Male,19,Master,Unemployed,Bhopal,Mobile,Medium,C101,Python Basics,Programming,Beginner,45,4.6,6,37,91.7,2,0.5,0,9,6.4,6,4,3,67.1,83.2,72.3,3,29-11-2024,Scholarship,No,No,1033,87,2,1,5.0,Completed,1,3,3,1,2,1,4,4
19604,STU119604,Sai Desai,Female,21,Bachelor,Student,Hyderabad,Mobile,Medium,C102,Data Analysis with Python,Programming,Intermediate,60,4.7,6,25,70.1,3,3.7,2,6,6.3,4,6,2,64.9,99.3,53.5,3,17-04-2024,NetBanking,Yes,No,5355,72,3,1,5.0,Completed,0,0,2,1,2,2,4,3
19605,STU119605,Arjun Bhardwaj,Male,24,Master,Student,Nagpur,Mobile,Medium,C102,Data Analysis with Python,Programming,Intermediate,60,4.7,2,50,62.6,3,8.5,5,3,6.9,1,8,5,73.2,60.1,30.9,2,11-05-2025,NetBanking,Yes,No,5204,42,0,1,3.2,Not Completed,1,3,2,1,2,2,4,3
19606,STU119606,Priya Verma,Female,30,Master,Student,Nagpur,Mobile,Medium,C108,Excel for Business,Business,Beginner,25,4.1,3,16,47.0,4,0.5,15,3,4.5,4,6,5,71.6,52.6,43.1,2,12-08-2025,UPI,Yes,No,3555,92,1,0,5.0,Not Completed,0,3,2,1,2,1,0,5
19607,STU119607,Aditya Gupta,Female,27,Bachelor,Student,Kolkata,Tablet,High,C105,UI/UX Design Fundamentals,Design,Beginner,40,4.4,5,18,72.3,2,1.9,21,4,7.3,6,4,2,64.2,60.4,64.3,2,09-05-2024,NetBanking,Yes,No,4209,38,3,0,4.0,Completed,0,0,2,2,0,1,1,3
19608,STU119608,Kavya Joshi,Female,24,Bachelor,Employed,Jaipur,Laptop,Medium,C106,Machine Learning A-Z,Programming,Advanced,90,4.6,3,38,93.0,3,4.2,12,3,6.5,6,4,4,87.0,87.4,72.9,1,18-07-2025,Free,No,No,0,58,2,0,4.1,Not Completed,0,0,0,0,2,0,4,2
19609,STU119609,Kavya Iyer,Female,23,Master,Employed,Bengaluru,Mobile,Medium,C104,Digital Marketing Essentials,Marketing,Beginner,30,4.3,8,38,43.6,2,1.4,6,6,7.2,2,8,3,60.1,56.3,30.1,1,26-01-2024,Scholarship,No,Yes,735,72,2,1,5.0,Not Completed,0,3,0,1,2,1,2,4
19610,STU119610,Krishna Sharma,Male,22,Bachelor,Student,Vadodara,Tablet,High,C107,Statistics for Data Science,Math,Intermediate,50,4.2,4,36,66.6,4,0.5,9,3,6.0,4,6,3,83.1,63.3,50.5,6,15-09-2024,Debit Card,Yes,No,4698,65,5,1,3.6,Completed,1,0,2,2,0,2,3,1
19611,STU119611,Ritika Nair,Female,26,Bachelor,Self-Employed,Chennai,Mobile,Medium,C101,Python Basics,Programming,Beginner,45,4.6,4,30,43.1,3,6.4,1,4,7.2,2,8,3,46.5,86.7,31.4,0,09-11-2023,Credit Card,Yes,No,4080,74,5,0,4.4,Not Completed,0,0,1,1,2,1,4,0
19612,STU119612,Meera Sharma,Male,20,Bachelor,Student,Pune,Laptop,Medium,C107,Statistics for Data Science,Math,Intermediate,50,4.2,5,22,88.4,1,4.4,11,4,4.1,7,3,1,86.6,77.7,76.8,3,24-05-2025,NetBanking,Yes,No,4290,55,4,0,5.0,Completed,1,0,2,0,2,2,3,3
19613,STU119613,Neha Reddy,Female,17,Bachelor,Self-Employed,Lucknow,Mobile,Medium,C104,Digital Marketing Essentials,Marketing,Beginner,30,4.3,5,52,61.4,6,3.5,22,6,6.8,2,8,3,68.9,79.3,37.5,3,01-09-2025,UPI,Yes,No,3238,100,2,1,5.0,Not Completed,0,0,1,1,2,1,2,5
19614,STU119614,Rahul Joshi,Female,22,Bachelor,Employed,Ahmedabad,Mobile,Medium,C105,UI/UX Design Fundamentals,Design,Beginner,40,4.4,2,36,86.6,5,1.0,4,3,6.4,4,6,2,89.7,63.8,57.5,2,09-12-2023,Free,No,No,0,98,1,1,2.9,Not Completed,0,0,0,1,2,1,1,2
19615,STU119615,Kavya Bhardwaj,Female,27,Diploma,Student,Ahmedabad,Mobile,Medium,C108,Excel for Business,Business,Beginner,25,4.1,8,12,49.4,2,0.5,4,3,6.0,1,9,3,67.4,74.9,27.0,1,25-06-2024,Free,No,No,0,19,3,1,4.6,Not Completed,0,1,2,1,2,1,0,2
19616,STU119616,Sakshi Singh,Female,20,HighSchool,Student,Ahmedabad,Mobile,High,C101,Python Basics,Programming,Beginner,45,4.6,6,33,52.1,6,7.4,10,10,8.0,8,2,2,64.3,79.6,70.2,1,23-04-2024,Debit Card,Yes,No,3840,72,2,1,4.3,Completed,0,2,2,1,0,1,4,1
19617,STU119617,Krishna Bose,Female,26,Bachelor,Employed,Chennai,Mobile,High,C102,Data Analysis with Python,Programming,Intermediate,60,4.7,6,11,46.6,0,0.5,2,3,6.4,6,3,3,40.9,89.5,56.8,2,06-12-2024,UPI,Yes,No,4884,69,1,2,2.6,Not Completed,0,0,0,1,0,2,4,5
19618,STU119618,Sai Iyer,Female,33,Bachelor,Employed,Nagpur,Mobile,High,C104,Digital Marketing Essentials,Marketing,Beginner,30,4.3,8,30,90.7,3,0.5,4,5,6.7,8,1,8,84.2,43.9,81.9,1,06-12-2023,Scholarship,No,No,1218,73,3,1,5.0,Completed,0,0,0,1,0,1,2,4
19619,STU119619,Priya Bhardwaj,Female,23,Bachelor,Student,Chennai,Mobile,High,C104,Digital Marketing Essentials,Marketing,Beginner,30,4.3,7,24,57.3,3,2.1,2,8,4.9,5,5,2,79.5,54.4,52.8,4,24-03-2024,Debit Card,Yes,No,3613,100,2,0,3.9,Not Completed,0,0,2,1,0,1,2,1
19620,STU119620,Aarav Mehta,Female,26,Bachelor,Employed,Vadodara,Laptop,Medium,C107,Statistics for Data Science,Math,Intermediate,50,4.2,3,43,82.5,1,2.9,8,4,5.9,7,3,5,85.5,60.6,73.9,1,30-01-2025,Free,No,No,0,52,4,1,4.8,Completed,0,0,0,0,2,2,3,2
19621,STU119621,Ananya Patel,Male,22,PhD,Employed,Indore,Tablet,High,C103,Introduction to AI,Programming,Intermediate,75,4.5,4,28,83.3,6,7.1,4,6,8.4,5,4,3,89.4,34.9,60.9,1,02-11-2023,UPI,Yes,No,6272,68,2,0,4.5,Completed,1,4,0,2,0,2,4,5
19622,STU119622,Rohan Reddy,Male,30,Bachelor,Student,Hyderabad,Laptop,High,C101,Python Basics,Programming,Beginner,45,4.6,5,36,64.0,2,4.5,0,9,8.2,8,2,6,67.4,57.9,73.3,0,09-12-2024,UPI,Yes,Yes,3712,78,2,0,4.5,Completed,1,0,2,0,0,1,4,5
19623,STU119623,Aarav Joshi,Female,24,Master,Student,Hyderabad,Laptop,Medium,C104,Digital Marketing Essentials,Marketing,Beginner,30,4.3,6,28,67.4,1,0.5,32,4,1.7,8,2,3,44.5,42.9,73.7,3,30-11-2023,Debit Card,Yes,No,3715,100,4,1,3.7,Completed,0,3,2,0,2,1,2,1
19624,STU119624,Neha Shah,Male,31,Bachelor,Unemployed,Kolkata,Laptop,Low,C104,Digital Marketing Essentials,Marketing,Beginner,30,4.3,4,56,37.0,1,4.6,10,6,6.9,2,8,3,66.8,34.9,26.7,2,15-01-2025,UPI,Yes,Yes,3214,62,6,0,3.7,Not Completed,1,0,3,0,1,1,2,5
19625,STU119625,Aditya Bose,Male,31,Bachelor,Student,Bhopal,Mobile,High,C101,Python Basics,Programming,Beginner,45,4.6,4,26,55.9,2,0.9,16,6,6.1,4,6,3,73.4,56.9,46.4,1,19-02-2025,UPI,Yes,No,4093,37,3,1,2.6,Not Completed,1,0,2,1,0,1,4,5
19626,STU119626,Sai Gupta,Female,28,Master,Student,Kolkata,Laptop,Medium,C106,Machine Learning A-Z,Programming,Advanced,90,4.6,4,48,67.9,8,9.1,30,4,9.7,6,4,5,64.7,77.2,63.6,6,21-10-2024,Debit Card,Yes,No,6132,86,2,1,4.0,Not Completed,0,3,2,0,2,0,4,1
19627,STU119627,Meera Mehta,Female,27,Bachelor,Student,Nagpur,Mobile,Medium,C107,Statistics for Data Science,Math,Intermediate,50,4.2,9,46,87.2,5,0.5,10,9,6.1,4,6,10,95.2,97.8,59.4,0,17-10-2024,Debit Card,Yes,No,4120,59,5,0,3.3,Completed,0,0,2,1,2,2,3,1
19628,STU119628,Isha Kumar,Female,22,Bachelor,Unemployed,Bengaluru,Mobile,Low,C105,UI/UX Design Fundamentals,Design,Beginner,40,4.4,6,24,85.3,4,10.6,4,5,6.5,7,3,4,80.9,60.2,74.9,3,06-10-2024,Scholarship,No,No,754,95,4,0,3.6,Completed,0,0,3,1,1,1,1,4
19629,STU119629,Krishna Desai,Female,17,Master,Student,Vadodara,Mobile,Medium,C105,UI/UX Design Fundamentals,Design,Beginner,40,4.4,2,43,44.4,2,1.8,0,7,7.5,5,5,6,87.6,69.5,49.0,3,01-06-2025,Scholarship,No,No,1030,32,3,1,3.8,Completed,0,3,2,1,2,1,1,4
19630,STU119630,Nikhil Patel,Male,19,Diploma,Student,Jaipur,Laptop,High,C102,Data Analysis with Python,Programming,Intermediate,60,4.7,5,42,60.6,3,7.5,9,2,8.6,3,7,3,82.5,82.2,43.3,1,10-02-2025,NetBanking,Yes,No,5450,73,0,2,3.2,Not Completed,1,1,2,0,0,2,4,3
19631,STU119631,Aditya Reddy,Female,17,Diploma,Employed,Indore,Mobile,Low,C103,Introduction to AI,Programming,Intermediate,75,4.5,5,33,53.3,2,6.3,19,3,5.3,4,6,4,69.5,60.9,45.7,5,02-07-2024,UPI,Yes,No,5926,78,1,2,2.9,Not Completed,0,1,0,1,1,2,4,5
19632,STU119632,Vihaan Mehta,Male,25,Bachelor,Unemployed,Surat,Mobile,Medium,C103,Introduction to AI,Programming,Intermediate,75,4.5,3,30,64.1,3,0.5,14,12,6.6,6,4,5,65.9,71.4,62.0,1,01-08-2024,UPI,Yes,No,6124,84,4,2,3.3,Not Completed,1,0,3,1,2,2,4,5
19633,STU119633,Neha Gupta,Male,35,Master,Employed,Jaipur,Mobile,High,C105,UI/UX Design Fundamentals,Design,Beginner,40,4.4,4,24,64.0,6,0.8,2,3,6.9,5,5,1,67.4,79.6,56.4,2,15-02-2024,UPI,Yes,No,4014,83,6,0,4.7,Not Completed,1,3,0,1,0,1,1,5
19634,STU119634,Pooja Shah,Female,23,PhD,Employed,Delhi,Mobile,Medium,C105,UI/UX Design Fundamentals,Design,Beginner,40,4.4,6,45,72.1,4,2.1,4,5,6.6,6,4,3,64.1,98.9,66.2,1,01-01-2025,Credit Card,Yes,Yes,3382,66,2,0,3.4,Completed,0,4,0,1,2,1,1,0
19635,STU119635,Aarav Patel,Male,32,Bachelor,Student,Surat,Mobile,Medium,C101,Python Basics,Programming,Beginner,45,4.6,3,33,44.6,2,5.7,12,4,3.6,5,5,3,61.5,68.4,49.0,2,02-08-2024,UPI,Yes,Yes,3466,93,1,0,5.0,Completed,1,0,2,1,2,1,4,5
19636,STU119636,Krishna Joshi,Male,32,Bachelor,Student,Indore,Laptop,Medium,C104,Digital Marketing Essentials,Marketing,Beginner,30,4.3,3,35,38.5,1,0.7,1,5,7.5,7,3,3,86.6,65.7,58.8,2,02-10-2024,Debit Card,Yes,Yes,3100,77,3,1,5.0,Not Completed,1,0,2,0,2,1,2,1
19637,STU119637,Vihaan Patel,Male,23,Master,Student,Mumbai,Mobile,Medium,C103,Introduction to AI,Programming,Intermediate,75,4.5,9,26,63.6,2,2.6,4,4,4.3,7,2,5,64.0,84.0,68.5,3,10-02-2025,Credit Card,Yes,No,5180,88,5,2,2.6,Not Completed,1,3,2,1,2,2,4,0
19638,STU119638,Vivaan Desai,Male,18,Master,Employed,Bhopal,Laptop,Medium,C106,Machine Learning A-Z,Programming,Advanced,90,4.6,1,41,96.7,3,0.5,3,2,2.5,6,4,5,53.6,61.6,72.9,1,20-07-2025,Credit Card,Yes,Yes,5816,35,2,0,4.0,Completed,1,3,0,0,2,0,4,0
19639,STU119639,Isha Patel,Male,18,Bachelor,Unemployed,Pune,Mobile,Medium,C108,Excel for Business,Business,Beginner,25,4.1,2,9,90.7,4,0.5,3,9,5.4,4,6,0,67.3,84.1,60.0,3,18-09-2025,NetBanking,Yes,No,3271,70,3,0,3.5,Completed,1,0,3,1,2,1,0,3
19640,STU119640,Neha Desai,Female,21,Bachelor,Self-Employed,Hyderabad,Tablet,Low,C102,Data Analysis with Python,Programming,Intermediate,60,4.7,1,17,75.9,1,0.5,4,2,6.5,2,8,6,61.9,59.6,41.6,1,18-11-2023,UPI,Yes,No,4873,84,1,3,3.7,Not Completed,0,0,1,2,1,2,4,5
19641,STU119641,Kavya Iyer,Male,22,Master,Student,Pune,Laptop,High,C102,Data Analysis with Python,Programming,Intermediate,60,4.7,10,32,65.5,4,3.0,11,9,7.4,8,2,10,79.4,64.1,74.1,2,19-10-2024,Free,No,No,0,61,2,1,4.3,Not Completed,1,3,2,0,0,2,4,2
19642,STU119642,Arjun Reddy,Male,27,Bachelor,Student,Ahmedabad,Laptop,Low,C106,Machine Learning A-Z,Programming,Advanced,90,4.6,4,43,67.8,3,0.6,19,6,6.7,2,8,3,80.8,70.9,39.3,4,22-03-2024,Scholarship,No,No,401,98,1,1,3.7,Not Completed,1,0,2,0,1,0,4,4
19643,STU119643,Aditya Verma,Female,27,Bachelor,Employed,Surat,Mobile,High,C101,Python Basics,Programming,Beginner,45,4.6,6,36,75.1,3,6.1,20,3,5.7,7,3,5,70.4,59.0,71.2,2,09-05-2024,Free,No,Yes,0,45,4,1,4.1,Not Completed,0,0,0,1,0,1,4,2
19644,STU119644,Vivaan Bhardwaj,Male,31,Bachelor,Employed,Ahmedabad,Mobile,Low,C102,Data Analysis with Python,Programming,Intermediate,60,4.7,4,37,60.0,2,1.5,4,7,3.8,4,6,2,57.0,66.1,48.3,0,07-04-2025,UPI,Yes,No,5267,60,2,1,3.3,Completed,1,0,0,1,1,2,4,5
19645,STU119645,Vivaan Sharma,Female,27,Master,Employed,Vadodara,Mobile,Medium,C104,Digital Marketing Essentials,Marketing,Beginner,30,4.3,3,46,81.3,1,2.9,5,5,5.2,5,5,8,72.7,45.3,60.7,1,12-12-2023,Free,No,Yes,0,48,1,2,2.4,Completed,0,3,0,1,2,1,2,2
19646,STU119646,Rahul Reddy,Male,32,Master,Employed,Nagpur,Laptop,High,C106,Machine Learning A-Z,Programming,Advanced,90,4.6,4,27,36.0,0,1.3,4,4,5.6,7,3,4,76.0,73.6,58.3,0,27-04-2024,Scholarship,No,No,1670,57,0,1,3.1,Not Completed,1,3,0,0,0,0,4,4
19647,STU119647,Kavya Kumar,Female,32,Diploma,Self-Employed,Delhi,Laptop,Low,C108,Excel for Business,Business,Beginner,25,4.1,6,26,70.1,4,4.1,3,5,9.1,5,4,4,79.8,72.2,58.1,4,12-04-2024,UPI,Yes,No,2934,100,2,1,4.8,Not Completed,0,1,1,0,1,1,0,5
19648,STU119648,Isha Patel,Male,17,Diploma,Employed,Mumbai,Mobile,Low,C108,Excel for Business,Business,Beginner,25,4.1,3,34,53.0,4,9.0,2,4,7.5,8,2,2,82.0,77.5,70.4,2,23-12-2024,UPI,Yes,No,3536,95,1,0,4.1,Not Completed,1,1,0,1,1,1,0,5
19649,STU119649,Kavya Kumar,Female,30,Bachelor,Employed,Hyderabad,Mobile,Medium,C106,Machine Learning A-Z,Programming,Advanced,90,4.6,4,30,31.7,2,3.3,8,5,6.1,4,6,5,88.4,73.8,38.8,0,25-03-2025,Credit Card,Yes,Yes,5965,48,2,3,4.2,Not Completed,0,0,0,1,2,0,4,0
19650,STU119650,Priya Sharma,Female,23,Bachelor,Student,Nagpur,Laptop,High,C104,Digital Marketing Essentials,Marketing,Beginner,30,4.3,3,42,79.3,3,0.5,4,5,4.6,5,5,3,70.2,59.0,60.7,0,28-07-2025,UPI,Yes,Yes,2840,49,3,1,4.1,Not Completed,0,0,2,0,0,1,2,5
19651,STU119651,Neha Verma,Female,24,Master,Employed,Vadodara,Laptop,Low,C101,Python Basics,Programming,Beginner,45,4.6,6,62,10.8,1,4.3,0,6,4.9,2,8,2,73.7,60.3,18.8,5,19-03-2024,Scholarship,No,No,1963,93,1,0,3.7,Not Completed,0,3,0,0,1,1,4,4
19652,STU119652,Ananya Gupta,Male,26,Master,Employed,Surat,Mobile,Medium,C104,Digital Marketing Essentials,Marketing,Beginner,30,4.3,7,18,28.9,2,4.2,10,11,2.7,3,7,3,62.5,80.2,32.1,4,26-02-2024,UPI,Yes,No,3397,37,2,1,4.5,Completed,1,3,0,1,2,1,2,5
19653,STU119653,Aarav Shah,Female,21,Bachelor,Employed,Bengaluru,Mobile,Medium,C106,Machine Learning A-Z,Programming,Advanced,90,4.6,6,22,72.7,3,0.5,0,7,5.3,1,9,3,67.7,64.0,34.7,2,11-03-2024,UPI,Yes,No,6844,80,1,2,5.0,Completed,0,0,0,1,2,0,4,5
19654,STU119654,Sneha Singh,Male,28,Bachelor,Employed,Vadodara,Mobile,Low,C106,Machine Learning A-Z,Programming,Advanced,90,4.6,6,23,86.9,2,0.5,8,3,2.0,3,7,3,46.4,57.2,51.3,2,07-10-2024,Free,No,No,0,54,4,0,3.1,Not Completed,1,0,0,1,1,0,4,2
19655,STU119655,Pooja Verma,Female,17,Bachelor,Student,Bengaluru,Laptop,Medium,C101,Python Basics,Programming,Beginner,45,4.6,3,28,79.1,3,6.4,3,6,4.7,5,5,7,89.4,67.1,61.0,1,27-04-2024,Debit Card,Yes,Yes,3678,29,3,2,4.7,Not Completed,0,0,2,0,2,1,4,1
19656,STU119656,Rahul Kumar,Male,17,Master,Unemployed,Nagpur,Mobile,Medium,C104,Digital Marketing Essentials,Marketing,Beginner,30,4.3,5,50,72.3,3,2.7,9,7,3.1,6,3,7,65.9,96.6,66.1,6,12-06-2024,Credit Card,Yes,No,3521,73,7,0,4.4,Not Completed,1,3,3,1,2,1,2,0
19657,STU119657,Aarav Verma,Male,22,Master,Employed,Hyderabad,Laptop,Medium,C101,Python Basics,Programming,Beginner,45,4.6,3,35,65.5,1,0.5,0,1,4.1,6,4,3,60.0,52.7,61.5,4,05-02-2025,UPI,Yes,No,4493,62,4,2,3.8,Not Completed,1,3,0,0,2,1,4,5
19658,STU119658,Vihaan Mehta,Female,27,Bachelor,Employed,Nagpur,Mobile,Medium,C108,Excel for Business,Business,Beginner,25,4.1,5,24,68.1,3,6.9,2,2,6.7,7,3,3,90.5,69.0,69.3,1,20-12-2023,NetBanking,Yes,No,3557,59,3,2,3.8,Completed,0,0,0,1,2,1,0,3
19659,STU119659,Sakshi Joshi,Male,28,Master,Employed,Indore,Mobile,Low,C102,Data Analysis with Python,Programming,Intermediate,60,4.7,5,12,85.0,2,0.5,9,2,7.8,4,6,3,69.1,90.1,58.2,1,27-01-2025,UPI,Yes,No,5147,48,1,2,4.5,Completed,1,3,0,1,1,2,4,5
19660,STU119660,Arjun Singh,Male,17,Diploma,Employed,Jaipur,Laptop,Medium,C101,Python Basics,Programming,Beginner,45,4.6,7,32,30.3,4,8.5,2,6,3.0,5,5,2,81.3,79.4,44.6,1,19-08-2025,UPI,Yes,No,4401,79,1,1,3.4,Completed,1,1,0,0,2,1,4,5
19661,STU119661,Ananya Kumar,Female,29,Bachelor,Student,Delhi,Laptop,Low,C104,Digital Marketing Essentials,Marketing,Beginner,30,4.3,3,39,39.7,2,7.2,2,5,5.6,4,6,4,44.9,64.5,41.1,4,19-09-2025,UPI,Yes,Yes,3125,65,2,3,3.1,Completed,0,0,2,0,1,1,2,5
19662,STU119662,Vivaan Reddy,Male,19,Bachelor,Employed,Delhi,Tablet,Medium,C107,Statistics for Data Science,Math,Intermediate,50,4.2,4,28,71.4,2,0.5,3,4,5.6,7,3,4,66.6,78.2,70.9,3,04-01-2024,NetBanking,Yes,No,4479,60,2,0,2.9,Completed,1,0,0,2,2,2,3,3
19663,STU119663,Krishna Gupta,Male,23,Diploma,Student,Pune,Mobile,High,C107,Statistics for Data Science,Math,Intermediate,50,4.2,2,44,31.1,4,4.9,5,2,5.5,2,7,1,61.3,86.3,27.2,2,02-09-2025,Free,No,No,0,68,1,1,5.0,Not Completed,1,1,2,1,0,2,3,2
19664,STU119664,Sneha Sharma,Male,28,Bachelor,Employed,Ahmedabad,Mobile,Medium,C103,Introduction to AI,Programming,Intermediate,75,4.5,2,37,74.5,3,1.3,3,4,8.1,2,8,1,63.1,71.4,41.7,0,20-10-2024,Credit Card,Yes,No,5892,77,3,1,4.1,Not Completed,1,0,0,1,2,2,4,0
19665,STU119665,Ananya Reddy,Female,28,Bachelor,Employed,Chennai,Mobile,Medium,C103,Introduction to AI,Programming,Intermediate,75,4.5,4,31,47.4,4,0.5,2,3,4.3,4,6,1,72.4,84.3,44.8,3,26-07-2024,UPI,Yes,No,6299,100,2,1,3.4,Not Completed,0,0,0,1,2,2,4,5
19666,STU119666,Rahul Nair,Female,31,Bachelor,Self-Employed,Indore,Laptop,Medium,C106,Machine Learning A-Z,Programming,Advanced,90,4.6,6,60,73.3,3,8.3,5,6,8.0,6,4,4,74.1,81.4,65.7,5,11-09-2024,Debit Card,Yes,No,6177,100,1,0,4.6,Completed,0,0,1,0,2,0,4,1
19667,STU119667,Ananya Desai,Female,23,Master,Student,Indore,Mobile,High,C106,Machine Learning A-Z,Programming,Advanced,90,4.6,5,51,74.8,3,7.2,7,7,6.1,4,6,5,54.9,36.8,52.0,3,08-12-2024,Scholarship,No,Yes,2165,60,5,0,4.7,Not Completed,0,3,2,1,0,0,4,4
19668,STU119668,Sai Patel,Female,17,Bachelor,Employed,Chennai,Mobile,Medium,C108,Excel for Business,Business,Beginner,25,4.1,4,29,56.1,2,4.0,7,3,7.8,3,7,3,56.4,48.7,40.1,4,09-06-2024,Free,No,Yes,0,64,0,1,3.7,Completed,0,0,0,1,2,1,0,2
19669,STU119669,Ananya Desai,Female,23,Bachelor,Student,Surat,Laptop,Low,C108,Excel for Business,Business,Beginner,25,4.1,5,23,33.9,6,0.5,0,4,3.6,6,4,5,67.8,100.0,52.9,2,24-02-2025,Credit Card,Yes,No,3113,30,2,1,4.1,Not Completed,0,0,2,0,1,1,0,0
19670,STU119670,Krishna Reddy,Male,17,Bachelor,Student,Mumbai,Mobile,Low,C108,Excel for Business,Business,Beginner,25,4.1,4,35,80.0,3,5.9,2,2,8.8,5,5,1,53.4,66.3,61.3,0,23-04-2024,Free,No,No,0,20,6,1,4.4,Not Completed,1,0,2,1,1,1,0,2
19671,STU119671,Vihaan Nair,Male,29,Bachelor,Employed,Jaipur,Laptop,Medium,C104,Digital Marketing Essentials,Marketing,Beginner,30,4.3,6,41,88.3,7,0.5,1,6,9.2,5,5,8,96.7,69.3,64.4,2,17-02-2024,UPI,Yes,Yes,3129,85,1,1,3.7,Completed,1,0,0,0,2,1,2,5
19672,STU119672,Meera Shah,Male,18,Diploma,Unemployed,Ahmedabad,Laptop,Low,C102,Data Analysis with Python,Programming,Intermediate,60,4.7,5,21,47.6,4,3.1,0,4,6.2,2,8,4,83.7,55.7,31.4,3,21-12-2024,NetBanking,Yes,No,4945,60,2,0,2.3,Not Completed,1,1,3,0,1,2,4,3
19673,STU119673,Ananya Nair,Male,35,Master,Student,Bhopal,Laptop,Low,C101,Python Basics,Programming,Beginner,45,4.6,5,39,69.5,4,1.3,5,3,9.8,3,7,1,82.1,83.9,46.5,2,28-03-2024,Credit Card,Yes,Yes,3677,65,1,2,3.8,Not Completed,1,3,2,0,1,1,4,0
19674,STU119674,Sai Joshi,Female,18,Bachelor,Student,Hyderabad,Mobile,Medium,C101,Python Basics,Programming,Beginner,45,4.6,3,37,61.5,1,0.5,4,7,3.9,4,6,3,85.2,51.2,48.1,3,08-10-2024,Free,No,No,0,95,1,2,4.7,Not Completed,0,0,2,1,2,1,4,2
19675,STU119675,Rahul Desai,Female,31,Master,Employed,Bhopal,Mobile,High,C104,Digital Marketing Essentials,Marketing,Beginner,30,4.3,5,29,48.7,1,1.9,6,2,4.8,8,2,3,76.8,58.4,68.0,0,08-11-2023,Credit Card,Yes,Yes,3094,100,1,2,3.7,Completed,0,3,0,1,0,1,2,0
19676,STU119676,Vihaan Gupta,Male,26,Bachelor,Employed,Bengaluru,Laptop,Medium,C105,UI/UX Design Fundamentals,Design,Beginner,40,4.4,5,27,79.7,1,2.1,15,6,8.0,8,1,10,89.2,58.8,78.8,2,22-05-2025,UPI,Yes,No,4049,97,3,2,4.2,Completed,1,0,0,0,2,1,1,5
19677,STU119677,Aarav Bhardwaj,Male,23,Diploma,Employed,Delhi,Mobile,Medium,C101,Python Basics,Programming,Beginner,45,4.6,6,24,42.5,2,0.5,17,3,6.4,5,5,1,76.6,64.2,48.1,1,05-02-2024,Free,No,No,0,71,1,0,4.3,Not Completed,1,1,0,1,2,1,4,2
19678,STU119678,Vivaan Verma,Female,27,PhD,Employed,Chennai,Mobile,Medium,C102,Data Analysis with Python,Programming,Intermediate,60,4.7,4,20,53.9,2,4.6,21,0,6.6,7,3,3,65.8,87.3,65.2,1,04-06-2025,Free,No,No,0,67,2,0,4.4,Completed,0,4,0,1,2,2,4,2
19679,STU119679,Vivaan Patel,Other,30,Diploma,Employed,Lucknow,Laptop,High,C108,Excel for Business,Business,Beginner,25,4.1,3,28,58.9,0,6.4,5,5,5.9,4,6,2,77.0,80.6,48.6,1,29-01-2024,Free,No,Yes,0,72,1,1,3.5,Not Completed,2,1,0,0,0,1,0,2
19680,STU119680,Sakshi Bhardwaj,Female,34,Master,Employed,Mumbai,Mobile,Medium,C103,Introduction to AI,Programming,Intermediate,75,4.5,3,59,41.3,1,0.5,1,3,9.6,6,4,6,64.0,55.2,53.2,1,11-06-2024,Debit Card,Yes,No,6183,91,1,1,3.6,Not Completed,0,3,0,1,2,2,4,1
19681,STU119681,Nikhil Kumar,Female,23,HighSchool,Unemployed,Surat,Laptop,Medium,C106,Machine Learning A-Z,Programming,Advanced,90,4.6,8,46,74.1,2,3.1,4,4,10.0,5,5,3,86.7,44.1,58.1,2,26-06-2024,Debit Card,Yes,No,6453,100,2,4,5.0,Not Completed,0,2,3,0,2,0,4,1
19682,STU119682,Ananya Patel,Female,21,Diploma,Employed,Nagpur,Laptop,Medium,C102,Data Analysis with Python,Programming,Intermediate,60,4.7,4,43,60.2,1,10.6,5,4,4.2,7,2,5,89.1,58.8,66.0,2,23-11-2023,Free,No,No,0,86,4,3,3.9,Not Completed,0,1,0,0,2,2,4,2
19683,STU119683,Isha Iyer,Male,26,Bachelor,Employed,Mumbai,Laptop,High,C104,Digital Marketing Essentials,Marketing,Beginner,30,4.3,5,27,28.7,1,4.8,5,3,6.3,3,7,5,66.7,71.0,31.6,2,14-02-2025,Free,No,No,0,77,2,1,3.0,Completed,1,0,0,0,0,1,2,2
19684,STU119684,Aditya Bose,Female,24,Master,Employed,Surat,Laptop,Medium,C108,Excel for Business,Business,Beginner,25,4.1,3,49,70.7,1,3.7,2,6,4.6,4,6,1,54.9,60.8,51.8,1,31-01-2025,NetBanking,Yes,Yes,2848,100,0,3,3.1,Completed,0,3,0,0,2,1,0,3
19685,STU119685,Sai Desai,Male,19,HighSchool,Employed,Bhopal,Laptop,High,C105,UI/UX Design Fundamentals,Design,Beginner,40,4.4,7,41,44.8,2,6.7,5,7,10.0,5,4,3,79.9,83.0,49.8,2,04-12-2023,Credit Card,Yes,No,4304,64,3,0,4.1,Completed,1,2,0,0,0,1,1,0
19686,STU119686,Krishna Kumar,Female,32,Bachelor,Employed,Hyderabad,Mobile,Medium,C101,Python Basics,Programming,Beginner,45,4.6,6,44,81.7,2,0.5,5,4,8.7,6,3,6,95.5,50.9,67.1,2,01-11-2024,Debit Card,Yes,No,4562,100,3,1,4.0,Completed,0,0,0,1,2,1,4,1
19687,STU119687,Rahul Shah,Female,29,Master,Self-Employed,Vadodara,Laptop,Medium,C105,UI/UX Design Fundamentals,Design,Beginner,40,4.4,2,25,53.2,1,2.8,2,7,6.6,1,9,6,64.1,37.0,26.5,0,07-04-2024,Free,No,No,0,49,2,0,4.8,Not Completed,0,3,1,0,2,1,1,2
19688,STU119688,Vivaan Verma,Male,26,HighSchool,Employed,Ahmedabad,Mobile,Medium,C102,Data Analysis with Python,Programming,Intermediate,60,4.7,6,45,52.3,4,4.0,17,11,5.4,6,4,6,80.7,44.1,56.5,3,29-11-2024,Free,No,No,0,100,5,0,4.7,Completed,1,2,0,1,2,2,4,2
19689,STU119689,Nikhil Kumar,Male,18,Master,Student,Lucknow,Laptop,Low,C107,Statistics for Data Science,Math,Intermediate,50,4.2,5,33,82.4,2,2.0,0,1,6.2,1,9,3,55.7,72.6,38.5,2,16-05-2024,NetBanking,Yes,No,4799,76,2,0,3.4,Not Completed,1,3,2,0,1,2,3,3
19690,STU119690,Sakshi Iyer,Female,20,Bachelor,Student,Vadodara,Mobile,Medium,C108,Excel for Business,Business,Beginner,25,4.1,5,13,79.8,1,0.5,70,3,6.4,4,6,4,63.6,63.6,55.1,3,10-02-2025,Free,No,No,0,67,3,0,4.3,Completed,0,0,2,1,2,1,0,2
19691,STU119691,Ananya Verma,Male,22,Bachelor,Self-Employed,Bengaluru,Laptop,Low,C103,Introduction to AI,Programming,Intermediate,75,4.5,7,25,41.1,1,0.5,15,3,5.0,6,3,8,49.9,6.8,50.7,1,03-03-2025,UPI,Yes,No,6188,100,1,0,4.5,Not Completed,1,0,1,0,1,2,4,5
19692,STU119692,Nikhil Nair,Female,23,Bachelor,Employed,Surat,Mobile,Low,C102,Data Analysis with Python,Programming,Intermediate,60,4.7,2,21,28.8,2,0.5,7,1,8.6,1,9,1,74.7,71.4,19.7,1,28-08-2024,UPI,Yes,No,4881,50,2,2,3.6,Not Completed,0,0,0,1,1,2,4,5
19693,STU119693,Arjun Sharma,Male,31,Bachelor,Student,Ahmedabad,Laptop,High,C102,Data Analysis with Python,Programming,Intermediate,60,4.7,2,48,32.7,4,0.5,0,0,8.5,4,6,1,86.3,41.1,37.5,3,20-03-2025,Debit Card,Yes,No,4860,38,1,1,2.5,Completed,1,0,2,0,0,2,4,1
19694,STU119694,Sai Bose,Female,28,Bachelor,Student,Vadodara,Mobile,High,C102,Data Analysis with Python,Programming,Intermediate,60,4.7,3,55,68.5,3,7.8,2,0,8.8,8,2,4,76.4,82.5,76.1,3,06-04-2024,Scholarship,No,No,746,86,1,0,4.0,Completed,0,0,2,1,0,2,4,4
19695,STU119695,Aditya Singh,Male,18,Master,Employed,Indore,Laptop,High,C108,Excel for Business,Business,Beginner,25,4.1,5,39,48.3,5,7.7,3,6,3.9,4,6,4,71.4,83.5,45.1,4,26-12-2023,UPI,Yes,No,3423,66,5,2,3.8,Completed,1,3,0,0,0,1,0,5
19696,STU119696,Nikhil Singh,Male,33,Diploma,Student,Surat,Laptop,Low,C107,Statistics for Data Science,Math,Intermediate,50,4.2,2,29,65.1,2,0.5,9,2,1.8,4,6,5,69.5,64.8,50.0,1,29-07-2025,Scholarship,No,Yes,1542,41,1,2,4.0,Not Completed,1,1,2,0,1,2,3,4
19697,STU119697,Ritika Desai,Male,19,HighSchool,Employed,Bengaluru,Laptop,Medium,C101,Python Basics,Programming,Beginner,45,4.6,6,28,24.2,3,4.7,1,6,6.6,3,7,5,89.9,64.2,29.7,1,05-02-2025,Free,No,No,0,66,1,0,4.0,Completed,1,2,0,0,2,1,4,2
19698,STU119698,Sai Singh,Female,21,HighSchool,Employed,Hyderabad,Laptop,Medium,C103,Introduction to AI,Programming,Intermediate,75,4.5,4,47,35.8,2,9.0,9,8,3.2,6,3,2,82.3,90.1,53.0,5,21-12-2023,NetBanking,Yes,No,6162,69,0,1,4.3,Completed,0,2,0,0,2,2,4,3
19699,STU119699,Sakshi Shah,Female,17,HighSchool,Employed,Ahmedabad,Laptop,Low,C102,Data Analysis with Python,Programming,Intermediate,60,4.7,4,25,57.9,0,1.3,3,11,7.2,7,3,1,61.3,64.3,65.5,1,25-01-2024,Scholarship,No,No,2256,81,2,1,4.4,Not Completed,0,2,0,0,1,2,4,4
19700,STU119700,Ananya Reddy,Female,32,Bachelor,Employed,Nagpur,Mobile,Medium,C103,Introduction to AI,Programming,Intermediate,75,4.5,8,21,58.2,1,0.5,9,3,8.3,5,5,3,61.7,83.0,54.5,2,06-03-2024,Scholarship,No,No,606,76,1,0,4.3,Not Completed,0,0,0,1,2,2,4,4
19701,STU119701,Nikhil Reddy,Male,24,Bachelor,Student,Surat,Mobile,High,C104,Digital Marketing Essentials,Marketing,Beginner,30,4.3,6,24,38.5,2,4.8,4,2,4.0,2,8,6,64.0,60.8,28.5,1,26-06-2024,NetBanking,Yes,Yes,2716,46,4,2,4.2,Not Completed,1,0,2,1,0,1,2,3
19702,STU119702,Sneha Joshi,Female,24,Bachelor,Student,Pune,Laptop,Medium,C108,Excel for Business,Business,Beginner,25,4.1,7,35,25.4,4,0.5,5,8,4.8,6,4,6,86.8,67.1,48.3,2,13-04-2025,Free,No,No,0,95,2,2,4.5,Completed,0,0,2,0,2,1,0,2
19703,STU119703,Neha Kumar,Female,30,Bachelor,Student,Nagpur,Mobile,High,C102,Data Analysis with Python,Programming,Intermediate,60,4.7,3,51,52.0,2,14.1,2,4,8.2,5,5,1,85.5,96.6,53.0,2,19-11-2024,Debit Card,Yes,No,4992,78,2,1,3.4,Not Completed,0,0,2,1,0,2,4,1
19704,STU119704,Sakshi Patel,Male,18,Master,Employed,Ahmedabad,Mobile,Medium,C104,Digital Marketing Essentials,Marketing,Beginner,30,4.3,5,37,79.2,1,15.3,5,2,4.1,4,6,3,69.1,90.9,56.3,2,09-05-2024,UPI,Yes,No,3573,55,2,0,2.6,Not Completed,1,3,0,1,2,1,2,5
19705,STU119705,Pooja Mehta,Female,33,Master,Student,Pune,Laptop,Medium,C108,Excel for Business,Business,Beginner,25,4.1,6,33,35.4,4,0.7,4,4,8.3,4,6,2,52.6,78.0,40.3,3,28-02-2025,Debit Card,Yes,Yes,2924,38,2,1,4.4,Not Completed,0,3,2,0,2,1,0,1
19706,STU119706,Vihaan Shah,Female,18,Bachelor,Employed,Bhopal,Mobile,Medium,C103,Introduction to AI,Programming,Intermediate,75,4.5,8,36,55.0,2,10.5,3,7,9.9,3,7,2,68.6,95.5,42.0,2,06-08-2025,Free,No,No,0,92,3,0,3.9,Completed,0,0,0,1,2,2,4,2
19707,STU119707,Ritika Patel,Male,22,Diploma,Student,Delhi,Mobile,Medium,C107,Statistics for Data Science,Math,Intermediate,50,4.2,8,48,25.7,0,0.5,17,6,6.3,6,4,5,57.1,74.9,48.8,4,11-02-2025,Scholarship,No,No,2008,84,1,1,4.1,Not Completed,1,1,2,1,2,2,3,4
19708,STU119708,Kavya Sharma,Female,31,HighSchool,Student,Mumbai,Mobile,High,C108,Excel for Business,Business,Beginner,25,4.1,7,13,43.4,2,1.4,2,8,4.4,4,6,3,53.6,84.2,43.4,0,01-01-2025,Debit Card,Yes,No,3146,72,1,0,3.7,Not Completed,0,2,2,1,0,1,0,1
19709,STU119709,Sakshi Mehta,Male,26,Bachelor,Employed,Hyderabad,Mobile,Low,C102,Data Analysis with Python,Programming,Intermediate,60,4.7,2,41,47.6,2,0.5,10,5,9.7,4,5,3,85.9,92.4,45.3,2,25-11-2024,Scholarship,No,No,713,41,2,1,3.3,Not Completed,1,0,0,1,1,2,4,4
19710,STU119710,Sneha Bose,Male,19,Bachelor,Student,Mumbai,Laptop,Medium,C101,Python Basics,Programming,Beginner,45,4.6,5,40,47.2,1,4.3,2,3,10.0,3,7,0,82.3,68.6,38.0,1,06-05-2024,Free,No,No,0,10,0,2,4.5,Completed,1,0,2,0,2,1,4,2
19711,STU119711,Sneha Mehta,Male,27,Bachelor,Student,Indore,Mobile,High,C102,Data Analysis with Python,Programming,Intermediate,60,4.7,5,30,41.1,3,9.0,0,3,6.1,6,3,7,49.7,92.9,55.0,2,10-01-2024,Credit Card,Yes,Yes,3896,55,2,1,4.1,Completed,1,0,2,1,0,2,4,0
19712,STU119712,Ananya Desai,Male,28,Master,Employed,Mumbai,Mobile,Medium,C104,Digital Marketing Essentials,Marketing,Beginner,30,4.3,1,28,64.2,0,7.0,3,4,7.4,7,3,1,72.3,78.0,68.4,3,06-02-2024,Debit Card,Yes,Yes,2868,45,2,0,3.0,Completed,1,3,0,1,2,1,2,1
19713,STU119713,Neha Shah,Male,20,Bachelor,Unemployed,Bengaluru,Laptop,Medium,C101,Python Basics,Programming,Beginner,45,4.6,4,25,73.3,3,1.5,11,4,7.1,5,5,5,60.7,90.9,60.2,0,09-11-2023,Credit Card,Yes,No,4078,81,4,0,4.5,Completed,1,0,3,0,2,1,4,0
19714,STU119714,Pooja Kumar,Female,29,HighSchool,Student,Pune,Laptop,Low,C103,Introduction to AI,Programming,Intermediate,75,4.5,4,38,96.5,4,2.0,0,10,8.1,6,4,6,80.2,50.4,72.3,4,12-01-2024,Debit Card,Yes,No,5964,49,3,1,3.7,Completed,0,2,2,0,1,2,4,1
19715,STU119715,Krishna Reddy,Female,17,Bachelor,Self-Employed,Delhi,Mobile,Low,C104,Digital Marketing Essentials,Marketing,Beginner,30,4.3,7,27,57.0,0,9.9,6,9,7.0,5,5,2,80.3,70.5,53.5,0,10-07-2024,Scholarship,No,No,1342,94,3,0,3.2,Not Completed,0,0,1,1,1,1,2,4
19716,STU119716,Nikhil Iyer,Female,25,Bachelor,Student,Kolkata,Laptop,Medium,C106,Machine Learning A-Z,Programming,Advanced,90,4.6,6,41,94.3,1,8.8,1,7,7.1,5,5,5,74.1,67.8,66.4,5,25-05-2025,Credit Card,Yes,No,7108,86,1,0,4.8,Completed,0,0,2,0,2,0,4,0
19717,STU119717,Arjun Desai,Female,23,Bachelor,Self-Employed,Bengaluru,Mobile,Medium,C105,UI/UX Design Fundamentals,Design,Beginner,40,4.4,6,37,89.2,3,10.4,10,4,10.0,4,6,6,67.3,36.4,57.0,2,16-12-2023,Free,No,No,0,58,2,1,3.8,Completed,0,0,1,1,2,1,1,2
19718,STU119718,Rahul Shah,Female,28,Master,Student,Mumbai,Laptop,High,C103,Introduction to AI,Programming,Intermediate,75,4.5,4,16,30.5,5,3.3,1,7,5.6,4,6,3,87.7,76.7,38.5,4,23-04-2025,UPI,Yes,Yes,5199,58,7,3,4.1,Completed,0,3,2,0,0,2,4,5
19719,STU119719,Sneha Bose,Female,19,Bachelor,Employed,Lucknow,Mobile,Medium,C104,Digital Marketing Essentials,Marketing,Beginner,30,4.3,4,36,62.9,3,3.5,5,6,1.9,5,5,0,65.2,78.8,55.9,1,12-09-2024,UPI,Yes,No,3153,38,3,1,4.3,Completed,0,0,0,1,2,1,2,5
19720,STU119720,Sakshi Desai,Female,17,Bachelor,Student,Lucknow,Laptop,High,C105,UI/UX Design Fundamentals,Design,Beginner,40,4.4,4,28,84.3,1,3.8,9,5,2.8,2,8,5,70.5,77.9,45.4,3,10-09-2025,Debit Card,Yes,No,3899,53,1,0,4.0,Not Completed,0,0,2,0,0,1,1,1
19721,STU119721,Sakshi Verma,Female,23,Bachelor,Employed,Surat,Mobile,High,C105,UI/UX Design Fundamentals,Design,Beginner,40,4.4,2,35,63.3,4,2.7,2,7,6.0,9,1,2,74.7,77.6,80.0,2,08-09-2025,NetBanking,Yes,No,3638,60,2,1,3.9,Completed,0,0,0,1,0,1,1,3
19722,STU119722,Arjun Sharma,Female,28,Bachelor,Student,Vadodara,Laptop,Medium,C107,Statistics for Data Science,Math,Intermediate,50,4.2,5,28,63.6,3,4.4,6,9,4.3,5,5,2,64.7,65.0,55.5,5,03-01-2025,Scholarship,No,No,1271,55,1,0,4.3,Not Completed,0,0,2,0,2,2,3,4
19723,STU119723,Nikhil Shah,Male,19,Master,Student,Chennai,Laptop,Medium,C107,Statistics for Data Science,Math,Intermediate,50,4.2,4,38,71.6,2,0.5,18,5,6.6,5,5,2,73.4,85.1,59.3,1,05-06-2024,NetBanking,Yes,No,4585,84,1,0,4.2,Not Completed,1,3,2,0,2,2,3,3
19724,STU119724,Rahul Shah,Female,30,Master,Student,Pune,Mobile,High,C102,Data Analysis with Python,Programming,Intermediate,60,4.7,5,52,57.2,6,1.3,4,8,8.1,6,4,3,70.6,72.4,59.6,6,06-04-2025,Debit Card,Yes,No,5093,100,4,0,4.8,Completed,0,3,2,1,0,2,4,1
19725,STU119725,Isha Verma,Female,18,Bachelor,Employed,Chennai,Mobile,Medium,C102,Data Analysis with Python,Programming,Intermediate,60,4.7,4,19,69.5,2,0.5,4,5,6.8,2,8,5,95.7,73.0,40.0,7,10-01-2024,Free,No,No,0,75,1,1,5.0,Completed,0,0,0,1,2,2,4,2
19726,STU119726,Priya Sharma,Male,28,PhD,Student,Hyderabad,Laptop,Medium,C105,UI/UX Design Fundamentals,Design,Beginner,40,4.4,7,27,42.8,3,11.1,7,5,2.8,6,4,0,75.6,26.7,52.3,1,09-12-2023,Scholarship,No,No,1805,82,0,0,4.3,Not Completed,1,4,2,0,2,1,1,4
19727,STU119727,Aditya Gupta,Female,25,HighSchool,Student,Chennai,Mobile,High,C101,Python Basics,Programming,Beginner,45,4.6,6,49,81.0,3,2.9,18,8,3.2,6,4,2,99.4,92.0,69.0,3,30-10-2023,Free,No,No,0,86,2,0,5.0,Completed,0,2,2,1,0,1,4,2
19728,STU119728,Rohan Joshi,Male,33,Master,Student,Mumbai,Mobile,High,C108,Excel for Business,Business,Beginner,25,4.1,2,45,64.6,6,4.2,1,4,5.7,7,3,3,67.4,52.7,67.3,1,16-07-2025,Free,No,No,0,100,5,0,2.2,Completed,1,3,2,1,0,1,0,2
19729,STU119729,Aarav Iyer,Male,17,Diploma,Student,Kolkata,Mobile,Low,C104,Digital Marketing Essentials,Marketing,Beginner,30,4.3,7,30,38.9,7,3.9,2,5,7.0,5,5,4,74.0,58.3,46.5,0,05-12-2024,UPI,Yes,Yes,3139,78,3,2,4.7,Not Completed,1,1,2,1,1,1,2,5
19730,STU119730,Aditya Shah,Female,29,Bachelor,Employed,Delhi,Laptop,Low,C106,Machine Learning A-Z,Programming,Advanced,90,4.6,4,29,24.5,4,4.2,1,3,3.1,4,6,3,78.8,54.3,35.3,0,04-07-2024,Credit Card,Yes,No,6891,40,1,2,3.9,Not Completed,0,0,0,0,1,0,4,0
19731,STU119731,Aarav Iyer,Male,42,Bachelor,Student,Kolkata,Mobile,Medium,C103,Introduction to AI,Programming,Intermediate,75,4.5,8,25,45.8,2,9.7,3,6,7.0,1,9,1,71.7,59.9,25.0,2,06-11-2023,UPI,Yes,No,5545,83,3,2,4.1,Not Completed,1,0,2,1,2,2,4,5
19732,STU119732,Rohan Kumar,Female,17,Bachelor,Self-Employed,Lucknow,Mobile,Medium,C104,Digital Marketing Essentials,Marketing,Beginner,30,4.3,3,35,45.0,4,12.0,4,9,9.6,2,8,2,75.2,41.9,29.8,1,20-11-2023,Free,No,No,0,59,2,0,4.7,Not Completed,0,0,1,1,2,1,2,2
19733,STU119733,Ritika Verma,Female,34,Bachelor,Employed,Chennai,Mobile,Medium,C108,Excel for Business,Business,Beginner,25,4.1,6,36,66.3,6,0.5,2,3,8.5,3,7,3,62.6,73.7,44.9,1,22-02-2025,Free,No,No,0,38,6,2,4.0,Not Completed,0,0,0,1,2,1,0,2
19734,STU119734,Ananya Iyer,Male,38,Master,Employed,Chennai,Laptop,Low,C107,Statistics for Data Science,Math,Intermediate,50,4.2,4,16,76.7,1,0.5,12,7,5.3,4,6,5,84.2,86.7,55.2,0,04-11-2024,Debit Card,Yes,No,4728,42,2,0,3.6,Not Completed,1,3,0,0,1,2,3,1
19735,STU119735,Arjun Verma,Male,30,Bachelor,Employed,Lucknow,Mobile,Low,C108,Excel for Business,Business,Beginner,25,4.1,4,32,41.3,1,0.5,1,4,4.9,5,5,3,56.4,48.7,46.9,4,30-11-2023,Credit Card,Yes,No,3241,38,2,2,3.6,Not Completed,1,0,0,1,1,1,0,0
19736,STU119736,Kavya Kumar,Female,22,Bachelor,Employed,Kolkata,Laptop,Medium,C103,Introduction to AI,Programming,Intermediate,75,4.5,10,25,51.7,2,1.1,5,2,6.0,5,5,4,73.9,72.3,51.7,3,20-01-2024,Free,No,No,0,49,1,1,4.7,Completed,0,0,0,0,2,2,4,2
19737,STU119737,Nikhil Gupta,Male,17,Bachelor,Student,Nagpur,Mobile,Medium,C104,Digital Marketing Essentials,Marketing,Beginner,30,4.3,4,36,34.3,2,0.5,2,4,6.6,3,6,2,44.8,74.6,33.7,0,21-06-2024,Credit Card,Yes,No,3218,63,3,0,4.3,Not Completed,1,0,2,1,2,1,2,0
19738,STU119738,Rahul Nair,Female,30,Diploma,Student,Pune,Laptop,Medium,C106,Machine Learning A-Z,Programming,Advanced,90,4.6,6,19,26.8,1,1.3,1,6,6.7,6,4,6,67.9,75.3,49.1,1,07-09-2024,NetBanking,Yes,No,7043,53,4,0,5.0,Not Completed,0,1,2,0,2,0,4,3
19739,STU119739,Nikhil Singh,Male,17,Bachelor,Student,Mumbai,Laptop,Medium,C101,Python Basics,Programming,Beginner,45,4.6,3,25,81.7,4,1.3,2,7,6.0,5,5,4,82.9,72.2,62.2,5,19-03-2025,UPI,Yes,Yes,3445,48,4,2,5.0,Not Completed,1,0,2,0,2,1,4,5
19740,STU119740,Neha Bhardwaj,Female,17,Bachelor,Student,Kolkata,Laptop,High,C101,Python Basics,Programming,Beginner,45,4.6,3,46,12.6,2,6.6,0,6,5.3,6,4,7,64.5,58.6,43.3,4,23-12-2023,UPI,Yes,No,4441,60,1,2,4.2,Not Completed,0,0,2,0,0,1,4,5
19741,STU119741,Nikhil Bhardwaj,Male,32,Bachelor,Student,Bengaluru,Laptop,High,C103,Introduction to AI,Programming,Intermediate,75,4.5,3,25,53.0,3,6.5,1,5,7.2,3,7,2,78.3,41.9,38.6,1,15-09-2024,Free,No,Yes,0,67,1,0,5.0,Completed,1,0,2,0,0,2,4,2
19742,STU119742,Vihaan Sharma,Female,32,PhD,Employed,Kolkata,Mobile,Medium,C101,Python Basics,Programming,Beginner,45,4.6,4,27,37.2,1,12.4,5,8,7.7,2,8,5,62.1,57.3,27.9,4,14-08-2024,Credit Card,Yes,No,4450,39,7,3,3.6,Completed,0,4,0,1,2,1,4,0
19743,STU119743,Aarav Shah,Male,33,Bachelor,Employed,Pune,Mobile,High,C102,Data Analysis with Python,Programming,Intermediate,60,4.7,3,38,51.0,2,0.5,1,4,5.8,4,6,3,51.0,70.8,45.4,1,18-04-2025,Credit Card,Yes,No,4676,43,3,1,4.1,Completed,1,0,0,1,0,2,4,0
19744,STU119744,Kavya Joshi,Male,25,Bachelor,Student,Nagpur,Laptop,Medium,C105,UI/UX Design Fundamentals,Design,Beginner,40,4.4,4,33,81.4,1,4.8,1,6,3.1,5,5,7,69.5,71.3,62.1,3,11-01-2025,Debit Card,Yes,No,4331,85,1,1,4.1,Completed,1,0,2,0,2,1,1,1
19745,STU119745,Krishna Bose,Male,26,Bachelor,Employed,Indore,Mobile,High,C101,Python Basics,Programming,Beginner,45,4.6,6,56,71.4,3,5.4,0,4,7.5,5,5,3,87.8,82.0,59.1,6,02-02-2024,Free,No,No,0,55,1,0,3.2,Completed,1,0,0,1,0,1,4,2
19746,STU119746,Vivaan Sharma,Female,30,Master,Student,Kolkata,Laptop,High,C103,Introduction to AI,Programming,Intermediate,75,4.5,6,45,74.3,3,7.2,2,6,6.8,6,4,6,83.4,78.7,65.9,2,19-10-2023,UPI,Yes,Yes,5337,68,3,1,4.7,Completed,0,3,2,0,0,2,4,5
19747,STU119747,Sai Reddy,Female,27,HighSchool,Employed,Jaipur,Laptop,High,C101,Python Basics,Programming,Beginner,45,4.6,5,23,68.8,4,2.8,0,4,7.9,6,4,2,57.1,79.8,64.1,3,29-02-2024,UPI,Yes,No,4100,65,5,0,4.8,Not Completed,0,2,0,0,0,1,4,5
19748,STU119748,Isha Sharma,Male,24,Bachelor,Employed,Hyderabad,Laptop,Medium,C102,Data Analysis with Python,Programming,Intermediate,60,4.7,5,47,47.4,3,8.6,9,7,2.9,5,4,2,87.5,49.6,49.1,2,12-07-2025,Credit Card,Yes,No,4867,44,3,2,3.7,Not Completed,1,0,0,0,2,2,4,0
19749,STU119749,Ritika Bose,Male,22,Master,Student,Bhopal,Mobile,Medium,C105,UI/UX Design Fundamentals,Design,Beginner,40,4.4,6,40,49.8,1,11.1,2,5,5.3,4,6,2,74.7,62.9,44.6,1,30-11-2024,NetBanking,Yes,No,3648,57,2,1,3.3,Completed,1,3,2,1,2,1,1,3
19750,STU119750,Sakshi Shah,Male,24,HighSchool,Student,Delhi,Mobile,Medium,C101,Python Basics,Programming,Beginner,45,4.6,3,49,60.2,2,0.5,0,6,7.5,4,6,0,78.4,78.9,49.0,3,12-06-2025,NetBanking,Yes,No,3974,60,3,1,4.4,Completed,1,2,2,1,2,1,4,3
19751,STU119751,Krishna Kumar,Female,24,Diploma,Student,Surat,Mobile,High,C101,Python Basics,Programming,Beginner,45,4.6,8,36,74.6,4,3.2,0,10,4.3,5,5,6,66.0,99.7,61.1,2,16-12-2023,UPI,Yes,Yes,3545,57,2,1,4.8,Completed,0,1,2,1,0,1,4,5
19752,STU119752,Rohan Singh,Male,23,Bachelor,Employed,Ahmedabad,Mobile,Low,C105,UI/UX Design Fundamentals,Design,Beginner,40,4.4,4,45,88.6,1,0.5,0,3,9.3,4,6,4,65.5,49.8,57.5,0,19-05-2024,UPI,Yes,Yes,3167,62,4,0,2.9,Completed,1,0,0,1,1,1,1,5
19753,STU119753,Nikhil Singh,Female,27,HighSchool,Student,Delhi,Mobile,High,C105,UI/UX Design Fundamentals,Design,Beginner,40,4.4,8,41,25.3,3,9.6,5,5,6.4,7,3,3,79.5,89.6,55.3,1,29-08-2024,UPI,Yes,Yes,3723,79,3,0,4.9,Completed,0,2,2,1,0,1,1,5
19754,STU119754,Arjun Verma,Male,25,Master,Student,Delhi,Mobile,Medium,C103,Introduction to AI,Programming,Intermediate,75,4.5,6,34,24.9,7,3.7,5,5,4.8,5,5,4,74.2,72.3,42.3,0,04-06-2025,UPI,Yes,No,5815,76,5,1,3.9,Not Completed,1,3,2,1,2,2,4,5
19755,STU119755,Ritika Sharma,Male,20,Master,Student,Delhi,Laptop,Low,C103,Introduction to AI,Programming,Intermediate,75,4.5,6,53,54.2,2,7.2,1,7,7.8,4,6,6,65.2,51.6,45.6,3,16-02-2025,Scholarship,No,No,1223,48,2,3,4.0,Not Completed,1,3,2,0,1,2,4,4
19756,STU119756,Nikhil Desai,Female,27,Bachelor,Student,Delhi,Laptop,High,C108,Excel for Business,Business,Beginner,25,4.1,5,29,60.9,0,12.2,6,7,3.6,6,4,7,68.7,78.0,61.2,6,16-11-2024,UPI,Yes,No,3299,88,1,0,4.7,Not Completed,0,0,2,0,0,1,0,5
19757,STU119757,Kavya Iyer,Female,31,HighSchool,Employed,Surat,Mobile,High,C105,UI/UX Design Fundamentals,Design,Beginner,40,4.4,6,26,36.0,3,0.5,2,2,5.8,2,8,1,86.0,61.9,27.7,2,30-09-2024,UPI,Yes,No,4116,100,2,1,5.0,Not Completed,0,2,0,1,0,1,1,5
19758,STU119758,Rohan Shah,Female,22,Diploma,Student,Nagpur,Mobile,High,C107,Statistics for Data Science,Math,Intermediate,50,4.2,6,42,62.4,2,4.6,11,4,8.3,5,5,2,78.3,51.6,54.4,5,29-06-2025,Free,No,No,0,70,4,2,4.9,Not Completed,0,1,2,1,0,2,3,2
19759,STU119759,Arjun Gupta,Female,20,Bachelor,Unemployed,Mumbai,Mobile,High,C103,Introduction to AI,Programming,Intermediate,75,4.5,4,44,37.1,1,9.6,0,8,8.0,3,7,3,66.0,51.0,33.5,4,19-06-2024,UPI,Yes,No,5562,48,2,1,5.0,Completed,0,0,3,1,0,2,4,5
19760,STU119760,Sakshi Bose,Female,35,Bachelor,Student,Chennai,Mobile,High,C106,Machine Learning A-Z,Programming,Advanced,90,4.6,2,36,62.4,5,0.5,6,8,7.4,5,5,5,76.7,50.2,54.4,4,01-03-2024,NetBanking,Yes,No,6271,49,3,1,3.6,Not Completed,0,0,2,1,0,0,4,3
19761,STU119761,Neha Gupta,Female,18,Bachelor,Student,Delhi,Mobile,Medium,C104,Digital Marketing Essentials,Marketing,Beginner,30,4.3,5,43,43.8,2,13.5,4,7,6.6,5,5,4,66.5,88.7,49.8,3,29-07-2025,UPI,Yes,No,3738,74,2,0,3.7,Not Completed,0,0,2,1,2,1,2,5
19762,STU119762,Sai Bhardwaj,Male,28,Bachelor,Employed,Kolkata,Tablet,Medium,C101,Python Basics,Programming,Beginner,45,4.6,2,29,63.1,3,0.5,4,12,6.8,6,4,3,68.2,68.0,61.5,3,25-12-2023,Free,No,No,0,77,1,1,4.3,Completed,1,0,0,2,2,1,4,2
19763,STU119763,Aditya Iyer,Female,26,Bachelor,Employed,Hyderabad,Mobile,High,C106,Machine Learning A-Z,Programming,Advanced,90,4.6,4,24,60.8,4,3.3,14,4,4.5,6,4,2,80.1,54.1,60.0,4,06-04-2024,Credit Card,Yes,Yes,5432,50,2,0,5.0,Completed,0,0,0,1,0,0,4,0
19764,STU119764,Pooja Patel,Male,25,Master,Employed,Surat,Mobile,High,C102,Data Analysis with Python,Programming,Intermediate,60,4.7,3,13,75.0,0,0.5,0,7,8.2,5,5,1,81.9,47.4,58.6,3,21-05-2024,UPI,Yes,No,5480,64,1,1,4.1,Completed,1,3,0,1,0,2,4,5
19765,STU119765,Neha Iyer,Male,24,Diploma,Student,Bengaluru,Laptop,Medium,C101,Python Basics,Programming,Beginner,45,4.6,6,60,26.0,2,6.2,11,5,4.4,3,7,2,62.2,73.5,30.8,2,14-02-2024,Free,No,No,0,58,2,4,3.4,Not Completed,1,1,2,0,2,1,4,2
19766,STU119766,Sai Sharma,Male,31,Bachelor,Student,Indore,Mobile,High,C104,Digital Marketing Essentials,Marketing,Beginner,30,4.3,2,41,78.5,5,0.5,0,8,7.1,5,5,5,60.1,58.1,60.4,1,21-04-2024,Free,No,No,0,99,4,1,4.2,Completed,1,0,2,1,0,1,2,2
19767,STU119767,Rahul Gupta,Female,26,HighSchool,Employed,Indore,Laptop,Medium,C107,Statistics for Data Science,Math,Intermediate,50,4.2,5,33,54.2,3,5.9,11,2,10.0,6,3,4,69.6,85.7,59.2,3,09-06-2025,Debit Card,Yes,No,4723,86,0,1,3.9,Completed,0,2,0,0,2,2,3,1
19768,STU119768,Vihaan Kumar,Other,27,HighSchool,Student,Hyderabad,Mobile,Low,C102,Data Analysis with Python,Programming,Intermediate,60,4.7,3,38,58.6,2,2.4,3,7,10.0,6,4,7,83.4,77.7,60.4,2,07-02-2025,UPI,Yes,Yes,4359,55,1,0,4.9,Completed,2,2,2,1,1,2,4,5
19769,STU119769,Vivaan Iyer,Female,29,HighSchool,Employed,Lucknow,Laptop,High,C102,Data Analysis with Python,Programming,Intermediate,60,4.7,8,26,66.6,2,6.9,11,4,4.9,5,5,6,83.2,53.2,56.0,0,01-08-2024,UPI,Yes,No,4735,71,4,1,3.7,Completed,0,2,0,0,0,2,4,5
19770,STU119770,Rohan Singh,Female,26,Diploma,Employed,Bengaluru,Mobile,High,C101,Python Basics,Programming,Beginner,45,4.6,7,26,80.4,2,11.2,9,5,3.8,7,3,3,56.0,78.2,74.0,1,09-09-2024,Scholarship,No,No,1397,42,1,1,2.6,Not Completed,0,1,0,1,0,1,4,4
19771,STU119771,Nikhil Nair,Female,20,PhD,Employed,Hyderabad,Laptop,Medium,C105,UI/UX Design Fundamentals,Design,Beginner,40,4.4,3,5,59.0,3,1.2,9,1,3.6,5,5,6,69.6,46.8,53.0,4,12-08-2024,Credit Card,Yes,Yes,3317,97,2,1,5.0,Completed,0,4,0,0,2,1,1,0
19772,STU119772,Krishna Verma,Female,29,Bachelor,Employed,Bhopal,Mobile,High,C106,Machine Learning A-Z,Programming,Advanced,90,4.6,3,42,55.6,3,0.5,11,0,8.4,3,7,5,71.4,57.2,40.3,4,11-08-2024,UPI,Yes,No,5937,85,0,0,5.0,Completed,0,0,0,1,0,0,4,5
19773,STU119773,Krishna Nair,Male,30,HighSchool,Student,Jaipur,Mobile,Medium,C102,Data Analysis with Python,Programming,Intermediate,60,4.7,4,18,58.0,2,3.3,1,3,10.0,6,4,4,73.3,82.3,60.4,3,17-12-2023,Free,No,No,0,28,2,0,4.8,Not Completed,1,2,2,1,2,2,4,2
19774,STU119774,Kavya Gupta,Male,32,Master,Student,Lucknow,Laptop,High,C105,UI/UX Design Fundamentals,Design,Beginner,40,4.4,4,32,71.7,2,3.4,9,10,6.4,5,5,5,82.9,68.9,58.5,2,11-11-2023,Scholarship,No,No,223,77,2,1,4.2,Not Completed,1,3,2,0,0,1,1,4
19775,STU119775,Pooja Nair,Male,19,Bachelor,Employed,Bhopal,Mobile,High,C101,Python Basics,Programming,Beginner,45,4.6,4,20,88.4,2,8.5,9,3,10.0,2,8,2,60.1,83.2,47.1,2,30-04-2025,NetBanking,Yes,No,4280,62,3,0,4.4,Completed,1,0,0,1,0,1,4,3
19776,STU119776,Nikhil Gupta,Male,17,Master,Student,Indore,Mobile,High,C106,Machine Learning A-Z,Programming,Advanced,90,4.6,8,49,57.6,3,7.8,9,4,7.0,3,7,5,91.1,54.9,40.9,2,19-07-2024,Credit Card,Yes,No,6357,97,1,0,4.8,Completed,1,3,2,1,0,0,4,0
19777,STU119777,Vivaan Nair,Male,21,Master,Employed,Surat,Mobile,Low,C106,Machine Learning A-Z,Programming,Advanced,90,4.6,6,33,59.1,2,0.5,4,9,4.5,4,6,3,79.6,82.7,48.8,7,09-01-2024,Scholarship,No,No,2203,59,3,2,4.7,Not Completed,1,3,0,1,1,0,4,4
19778,STU119778,Priya Iyer,Female,28,Bachelor,Employed,Kolkata,Mobile,Medium,C101,Python Basics,Programming,Beginner,45,4.6,3,30,42.4,4,3.7,9,7,6.4,2,8,2,93.2,59.3,29.8,2,23-05-2024,Debit Card,Yes,No,4532,72,1,0,4.2,Not Completed,0,0,0,1,2,1,4,1
19779,STU119779,Priya Bhardwaj,Female,24,HighSchool,Employed,Pune,Mobile,Medium,C103,Introduction to AI,Programming,Intermediate,75,4.5,3,48,57.0,2,7.5,5,4,9.0,5,5,2,69.5,81.1,54.0,6,30-11-2023,Credit Card,Yes,No,5998,100,6,2,2.3,Completed,0,2,0,1,2,2,4,0
19780,STU119780,Kavya Singh,Male,30,Master,Student,Surat,Laptop,Medium,C103,Introduction to AI,Programming,Intermediate,75,4.5,7,32,40.0,3,7.8,6,11,6.8,7,3,2,100.0,66.3,59.3,1,05-09-2024,Credit Card,Yes,No,5808,43,1,0,3.7,Not Completed,1,3,2,0,2,2,4,0
19781,STU119781,Krishna Kumar,Male,18,Bachelor,Employed,Lucknow,Laptop,Low,C102,Data Analysis with Python,Programming,Intermediate,60,4.7,4,25,38.5,1,7.0,7,1,7.5,2,8,4,65.2,57.9,28.4,0,24-12-2024,UPI,Yes,No,5012,68,5,0,4.8,Not Completed,1,0,0,0,1,2,4,5
19782,STU119782,Meera Bose,Other,32,Master,Employed,Vadodara,Mobile,Medium,C105,UI/UX Design Fundamentals,Design,Beginner,40,4.4,5,41,44.4,1,1.2,10,6,3.7,4,6,6,66.2,60.1,42.6,3,29-12-2023,Debit Card,Yes,No,3910,55,0,2,5.0,Not Completed,2,3,0,1,2,1,1,1
19783,STU119783,Sneha Kumar,Male,18,Bachelor,Student,Bhopal,Laptop,High,C106,Machine Learning A-Z,Programming,Advanced,90,4.6,4,23,57.8,5,0.5,4,8,8.1,4,6,2,60.1,98.0,49.1,1,08-07-2025,NetBanking,Yes,No,7066,54,2,1,4.1,Completed,1,0,2,0,0,0,4,3
19784,STU119784,Ananya Mehta,Male,25,Diploma,Student,Delhi,Laptop,Medium,C103,Introduction to AI,Programming,Intermediate,75,4.5,5,42,68.1,7,13.1,6,5,2.0,3,7,6,75.8,50.7,44.4,2,27-10-2024,Debit Card,Yes,No,5449,79,1,0,4.4,Completed,1,1,2,0,2,2,4,1
19785,STU119785,Pooja Mehta,Male,32,Master,Employed,Pune,Laptop,Medium,C107,Statistics for Data Science,Math,Intermediate,50,4.2,5,33,54.3,1,0.5,2,2,6.5,4,6,6,73.1,63.7,46.2,0,07-05-2025,Credit Card,Yes,No,4544,49,2,1,4.3,Completed,1,3,0,0,2,2,3,0
19786,STU119786,Vivaan Sharma,Male,27,Bachelor,Employed,Surat,Laptop,Medium,C104,Digital Marketing Essentials,Marketing,Beginner,30,4.3,3,44,78.7,1,0.5,7,6,4.0,6,4,3,67.6,85.1,67.8,5,24-01-2024,Credit Card,Yes,Yes,3037,71,1,1,4.2,Completed,1,0,0,0,2,1,2,0
19787,STU119787,Pooja Sharma,Male,31,Bachelor,Student,Pune,Laptop,High,C107,Statistics for Data Science,Math,Intermediate,50,4.2,6,26,35.7,2,0.5,7,4,7.0,3,7,1,65.8,93.7,35.2,1,25-10-2023,UPI,Yes,No,4286,67,3,0,4.1,Not Completed,1,0,2,0,0,2,3,5
19788,STU119788,Aarav Mehta,Male,30,Master,Student,Pune,Mobile,Low,C102,Data Analysis with Python,Programming,Intermediate,60,4.7,6,40,49.5,4,12.1,6,3,5.0,7,3,1,81.2,80.2,63.3,1,14-06-2025,NetBanking,Yes,Yes,3831,85,2,1,4.2,Completed,1,3,2,1,1,2,4,3
19789,STU119789,Isha Desai,Female,38,Bachelor,Student,Delhi,Mobile,Medium,C102,Data Analysis with Python,Programming,Intermediate,60,4.7,2,40,92.7,3,8.1,4,4,6.8,4,6,6,97.1,100.0,61.5,2,07-08-2025,Credit Card,Yes,No,4763,99,4,2,4.2,Not Completed,0,0,2,1,2,2,4,0
19790,STU119790,Nikhil Bhardwaj,Female,20,Master,Employed,Bengaluru,Mobile,Medium,C103,Introduction to AI,Programming,Intermediate,75,4.5,6,39,65.0,6,3.7,0,7,6.7,4,6,5,66.1,78.7,50.7,0,17-03-2024,Credit Card,Yes,Yes,4823,75,2,3,3.8,Not Completed,0,3,0,1,2,2,4,0
19791,STU119791,Rohan Desai,Female,30,Bachelor,Student,Chennai,Mobile,High,C101,Python Basics,Programming,Beginner,45,4.6,7,51,65.0,5,1.8,10,5,5.0,4,6,4,79.9,52.1,49.4,4,07-02-2024,UPI,Yes,Yes,3683,99,2,0,3.7,Not Completed,0,0,2,1,0,1,4,5
19792,STU119792,Sneha Reddy,Male,29,Master,Self-Employed,Jaipur,Mobile,Low,C104,Digital Marketing Essentials,Marketing,Beginner,30,4.3,5,38,86.6,3,7.0,3,3,4.0,3,7,5,85.6,92.5,52.9,0,06-12-2024,UPI,Yes,Yes,2914,73,2,2,4.2,Completed,1,3,1,1,1,1,2,5
19793,STU119793,Ananya Bose,Female,22,Master,Employed,Bengaluru,Laptop,Medium,C102,Data Analysis with Python,Programming,Intermediate,60,4.7,4,40,54.5,2,8.6,1,4,5.6,4,6,2,69.9,62.1,46.2,4,12-04-2025,UPI,Yes,No,4693,92,1,2,4.7,Completed,0,3,0,0,2,2,4,5
19794,STU119794,Ritika Joshi,Male,21,Bachelor,Student,Mumbai,Laptop,Medium,C104,Digital Marketing Essentials,Marketing,Beginner,30,4.3,2,9,19.2,1,1.4,0,2,4.6,5,5,3,49.6,44.6,39.0,0,15-05-2025,UPI,Yes,No,3490,84,0,2,2.8,Completed,1,0,2,0,2,1,2,5
19795,STU119795,Aarav Iyer,Male,21,Diploma,Student,Lucknow,Mobile,Medium,C108,Excel for Business,Business,Beginner,25,4.1,6,43,91.4,4,4.2,1,2,7.3,5,5,4,76.6,48.5,64.4,1,30-01-2025,UPI,Yes,No,3176,68,2,1,3.3,Completed,1,1,2,1,2,1,0,5
19796,STU119796,Sneha Joshi,Female,28,HighSchool,Student,Bengaluru,Mobile,Medium,C102,Data Analysis with Python,Programming,Intermediate,60,4.7,10,25,28.8,1,13.4,25,8,5.1,1,9,2,79.8,92.5,20.7,0,26-10-2023,Debit Card,Yes,No,5264,64,1,1,3.8,Not Completed,0,2,2,1,2,2,4,1
19797,STU119797,Rohan Shah,Male,27,Bachelor,Employed,Pune,Laptop,High,C106,Machine Learning A-Z,Programming,Advanced,90,4.6,6,31,45.6,4,0.5,6,3,7.6,4,6,2,65.2,89.5,44.4,4,01-09-2024,Debit Card,Yes,No,6318,100,3,0,5.0,Not Completed,1,0,0,0,0,0,4,1
19798,STU119798,Aarav Sharma,Female,20,Bachelor,Employed,Bengaluru,Mobile,High,C102,Data Analysis with Python,Programming,Intermediate,60,4.7,6,36,80.8,0,10.4,14,2,7.2,4,6,3,57.5,42.3,54.4,2,21-05-2025,UPI,Yes,No,4837,94,1,0,4.1,Completed,0,0,0,1,0,2,4,5
19799,STU119799,Aarav Shah,Female,17,HighSchool,Employed,Mumbai,Laptop,Low,C107,Statistics for Data Science,Math,Intermediate,50,4.2,5,49,48.2,0,0.5,11,3,6.6,2,8,4,75.2,52.0,31.5,2,13-02-2024,UPI,Yes,Yes,3603,79,2,2,3.0,Not Completed,0,2,0,0,1,2,3,5
19800,STU119800,Sai Desai,Male,26,Master,Student,Ahmedabad,Laptop,Medium,C105,UI/UX Design Fundamentals,Design,Beginner,40,4.4,3,38,66.7,4,3.4,6,6,4.7,3,7,6,56.9,52.2,43.9,4,29-07-2024,Credit Card,Yes,No,3810,68,2,3,4.8,Completed,1,3,2,0,2,1,1,0
19801,STU119801,Vihaan Iyer,Male,28,Bachelor,Employed,Hyderabad,Mobile,High,C106,Machine Learning A-Z,Programming,Advanced,90,4.6,6,31,66.5,3,0.5,1,6,6.8,6,3,3,49.1,62.0,62.4,3,19-03-2024,Free,No,No,0,67,4,0,4.3,Completed,1,0,0,1,0,0,4,2
19802,STU119802,Arjun Sharma,Male,26,Bachelor,Student,Nagpur,Mobile,Low,C101,Python Basics,Programming,Beginner,45,4.6,3,37,40.5,3,0.5,8,3,4.4,8,2,1,56.5,76.8,66.0,2,10-01-2024,UPI,Yes,No,4594,71,2,0,4.1,Completed,1,0,2,1,1,1,4,5
19803,STU119803,Sneha Sharma,Female,22,Bachelor,Employed,Delhi,Mobile,High,C101,Python Basics,Programming,Beginner,45,4.6,3,22,64.2,4,3.8,6,5,6.0,6,4,8,62.3,32.6,60.1,1,22-04-2025,Free,No,No,0,83,1,0,5.0,Completed,0,0,0,1,0,1,4,2
19804,STU119804,Aarav Nair,Female,27,Master,Student,Jaipur,Mobile,High,C104,Digital Marketing Essentials,Marketing,Beginner,30,4.3,6,29,70.1,1,8.4,1,7,9.7,9,1,5,80.2,81.0,82.6,0,02-10-2024,UPI,Yes,No,3160,71,4,0,3.4,Completed,0,3,2,1,0,1,2,5
19805,STU119805,Vivaan Mehta,Male,21,Bachelor,Student,Chennai,Laptop,Medium,C107,Statistics for Data Science,Math,Intermediate,50,4.2,4,34,88.6,4,0.5,2,7,2.3,6,4,6,69.0,67.4,70.4,5,23-06-2025,UPI,Yes,No,4123,25,3,1,4.8,Completed,1,0,2,0,2,2,3,5
19806,STU119806,Rohan Joshi,Female,20,Bachelor,Student,Chennai,Mobile,High,C107,Statistics for Data Science,Math,Intermediate,50,4.2,6,48,97.9,2,3.6,0,7,9.7,7,3,8,79.5,85.4,80.5,2,19-07-2024,UPI,Yes,No,4584,32,6,0,4.1,Completed,0,0,2,1,0,2,3,5
19807,STU119807,Vivaan Patel,Female,22,Bachelor,Employed,Surat,Mobile,High,C106,Machine Learning A-Z,Programming,Advanced,90,4.6,6,32,66.8,4,0.5,12,4,4.5,4,6,4,76.0,57.7,50.3,3,20-08-2024,NetBanking,Yes,No,6424,69,3,0,4.7,Not Completed,0,0,0,1,0,0,4,3
19808,STU119808,Sneha Verma,Female,28,Bachelor,Employed,Bhopal,Mobile,High,C105,UI/UX Design Fundamentals,Design,Beginner,40,4.4,3,28,65.3,3,0.8,5,6,8.3,7,3,8,67.8,78.8,68.8,3,03-05-2025,Debit Card,Yes,No,4347,63,1,1,3.4,Completed,0,0,0,1,0,1,1,1
19809,STU119809,Priya Patel,Male,33,HighSchool,Employed,Chennai,Laptop,Medium,C104,Digital Marketing Essentials,Marketing,Beginner,30,4.3,4,27,48.9,2,0.5,4,2,5.0,2,8,3,81.1,92.5,33.7,2,24-03-2024,UPI,Yes,Yes,2996,55,3,2,4.7,Completed,1,2,0,0,2,1,2,5
19810,STU119810,Aditya Reddy,Female,28,HighSchool,Self-Employed,Indore,Mobile,Medium,C102,Data Analysis with Python,Programming,Intermediate,60,4.7,3,34,59.1,1,5.4,5,5,7.1,7,3,5,67.6,60.5,65.7,2,03-03-2025,Free,No,No,0,78,1,0,4.4,Completed,0,2,1,1,2,2,4,2
19811,STU119811,Aarav Bose,Female,20,Bachelor,Employed,Kolkata,Mobile,High,C102,Data Analysis with Python,Programming,Intermediate,60,4.7,5,19,59.7,4,0.5,2,3,9.0,5,5,1,90.3,58.9,53.9,0,31-08-2025,Credit Card,Yes,No,5296,33,1,0,3.2,Completed,0,0,0,1,0,2,4,0
19812,STU119812,Pooja Verma,Female,17,Bachelor,Employed,Bengaluru,Mobile,Medium,C102,Data Analysis with Python,Programming,Intermediate,60,4.7,3,35,17.1,0,1.3,10,3,1.6,4,6,1,80.3,54.7,32.7,2,11-07-2025,Scholarship,No,No,1860,46,0,1,3.6,Not Completed,0,0,0,1,2,2,4,4
19813,STU119813,Neha Iyer,Male,28,Bachelor,Employed,Jaipur,Mobile,Medium,C105,UI/UX Design Fundamentals,Design,Beginner,40,4.4,5,19,55.1,0,1.1,5,8,8.9,4,6,4,89.7,72.0,46.9,1,01-06-2025,UPI,Yes,Yes,3566,81,2,1,4.9,Completed,1,0,0,1,2,1,1,5
19814,STU119814,Kavya Mehta,Male,33,HighSchool,Student,Bhopal,Mobile,Medium,C102,Data Analysis with Python,Programming,Intermediate,60,4.7,4,47,67.4,2,5.6,0,4,7.4,5,5,5,81.9,67.2,56.9,3,17-02-2024,UPI,Yes,No,5003,92,1,1,3.8,Completed,1,2,2,1,2,2,4,5
19815,STU119815,Priya Patel,Female,21,Bachelor,Student,Mumbai,Mobile,Medium,C103,Introduction to AI,Programming,Intermediate,75,4.5,6,52,35.7,3,0.5,1,6,9.0,6,4,6,72.6,89.0,52.9,2,21-05-2025,UPI,Yes,No,6067,60,3,0,4.8,Not Completed,0,0,2,1,2,2,4,5
19816,STU119816,Ananya Sharma,Female,26,Bachelor,Student,Indore,Mobile,Low,C103,Introduction to AI,Programming,Intermediate,75,4.5,12,38,47.9,0,7.9,9,6,4.6,6,4,2,82.1,64.3,56.0,1,11-09-2025,Credit Card,Yes,Yes,4681,83,8,2,4.3,Completed,0,0,2,1,1,2,4,0
19817,STU119817,Rahul Reddy,Male,33,HighSchool,Student,Mumbai,Mobile,Medium,C106,Machine Learning A-Z,Programming,Advanced,90,4.6,7,47,52.3,2,6.3,4,7,5.4,5,5,1,59.9,79.7,52.3,1,30-12-2023,UPI,Yes,Yes,5092,44,1,0,4.7,Not Completed,1,2,2,1,2,0,4,5
19818,STU119818,Sneha Verma,Female,17,Diploma,Student,Bhopal,Mobile,Medium,C105,UI/UX Design Fundamentals,Design,Beginner,40,4.4,5,44,71.3,2,3.4,3,4,4.5,5,5,3,82.5,69.8,58.5,3,09-12-2023,UPI,Yes,No,3949,82,5,1,4.9,Completed,0,1,2,1,2,1,1,5
19819,STU119819,Isha Singh,Male,28,HighSchool,Student,Vadodara,Mobile,High,C107,Statistics for Data Science,Math,Intermediate,50,4.2,6,36,31.5,1,0.9,1,5,4.3,2,8,3,71.2,49.2,25.5,2,16-08-2024,Free,No,No,0,46,3,0,3.7,Completed,1,2,2,1,0,2,3,2
19820,STU119820,Vihaan Iyer,Female,17,Master,Student,Nagpur,Mobile,High,C106,Machine Learning A-Z,Programming,Advanced,90,4.6,5,26,53.7,0,0.5,3,5,8.1,5,5,2,55.9,72.0,52.4,6,02-01-2025,UPI,Yes,Yes,5838,67,2,0,4.5,Not Completed,0,3,2,1,0,0,4,5
19821,STU119821,Kavya Gupta,Female,21,HighSchool,Student,Lucknow,Tablet,High,C103,Introduction to AI,Programming,Intermediate,75,4.5,5,44,45.9,3,6.1,5,4,5.5,5,5,3,46.3,58.8,49.0,4,12-11-2023,Free,No,No,0,76,1,1,4.7,Not Completed,0,2,2,2,0,2,4,2
19822,STU119822,Neha Kumar,Female,24,Bachelor,Employed,Hyderabad,Mobile,Medium,C103,Introduction to AI,Programming,Intermediate,75,4.5,4,47,80.5,5,3.2,12,2,6.4,2,8,6,100.0,83.1,44.3,3,04-10-2024,Debit Card,Yes,No,5470,100,2,0,4.9,Completed,0,0,0,1,2,2,4,1
19823,STU119823,Nikhil Gupta,Male,28,Bachelor,Employed,Bhopal,Mobile,High,C108,Excel for Business,Business,Beginner,25,4.1,4,43,80.5,1,8.9,11,5,5.7,2,8,3,65.9,65.5,43.4,2,13-09-2025,Free,No,Yes,0,65,3,0,3.4,Completed,1,0,0,1,0,1,0,2
19824,STU119824,Aditya Gupta,Female,27,Bachelor,Student,Lucknow,Mobile,Medium,C107,Statistics for Data Science,Math,Intermediate,50,4.2,6,26,55.4,3,6.8,2,6,10.0,4,6,4,62.7,65.1,46.7,1,22-06-2024,UPI,Yes,No,4193,87,2,1,3.9,Completed,0,0,2,1,2,2,3,5
19825,STU119825,Arjun Iyer,Female,17,Bachelor,Student,Ahmedabad,Mobile,Medium,C106,Machine Learning A-Z,Programming,Advanced,90,4.6,4,34,50.4,5,14.0,6,4,6.3,7,3,5,44.8,55.1,62.4,2,18-05-2024,UPI,Yes,No,6857,54,8,0,4.2,Completed,0,0,2,1,2,0,4,5
19826,STU119826,Krishna Joshi,Female,26,Bachelor,Employed,Mumbai,Mobile,High,C108,Excel for Business,Business,Beginner,25,4.1,4,39,82.1,3,0.5,33,8,5.7,7,3,2,83.5,67.9,74.1,3,18-08-2025,Credit Card,Yes,No,3079,81,4,2,3.5,Completed,0,0,0,1,0,1,0,0
19827,STU119827,Sneha Sharma,Female,22,Bachelor,Student,Nagpur,Laptop,High,C101,Python Basics,Programming,Beginner,45,4.6,7,42,69.6,4,3.3,2,8,8.7,6,4,5,96.5,87.3,64.7,1,03-02-2025,Free,No,No,0,49,9,0,4.4,Not Completed,0,0,2,0,0,1,4,2
19828,STU119828,Neha Bose,Female,28,Diploma,Employed,Surat,Laptop,Medium,C108,Excel for Business,Business,Beginner,25,4.1,4,27,73.5,2,3.0,5,13,10.0,8,2,3,82.9,68.6,77.2,2,27-01-2024,NetBanking,Yes,No,3166,55,4,0,5.0,Not Completed,0,1,0,0,2,1,0,3
19829,STU119829,Priya Verma,Male,33,Diploma,Employed,Chennai,Mobile,Medium,C106,Machine Learning A-Z,Programming,Advanced,90,4.6,10,36,80.8,0,4.0,1,6,5.4,3,6,3,82.8,53.0,48.9,1,17-07-2025,Debit Card,Yes,No,6886,81,5,0,5.0,Not Completed,1,1,0,1,2,0,4,1
19830,STU119830,Ritika Joshi,Male,28,Bachelor,Employed,Bengaluru,Mobile,Medium,C108,Excel for Business,Business,Beginner,25,4.1,3,35,32.6,1,0.5,1,1,7.5,5,5,3,66.6,59.1,44.4,1,11-11-2023,Debit Card,Yes,No,2998,63,4,1,3.7,Completed,1,0,0,1,2,1,0,1
19831,STU119831,Pooja Mehta,Female,29,Bachelor,Employed,Lucknow,Mobile,Medium,C103,Introduction to AI,Programming,Intermediate,75,4.5,4,27,62.9,1,4.9,5,5,6.0,3,7,4,84.9,21.3,41.1,1,22-09-2024,Credit Card,Yes,No,6313,45,4,0,4.5,Completed,0,0,0,1,2,2,4,0
19832,STU119832,Nikhil Bhardwaj,Female,23,Bachelor,Student,Jaipur,Mobile,Medium,C106,Machine Learning A-Z,Programming,Advanced,90,4.6,3,31,48.7,3,5.4,8,2,5.0,2,8,1,77.2,63.0,32.2,1,02-05-2024,Debit Card,Yes,Yes,5916,65,2,2,5.0,Not Completed,0,0,2,1,2,0,4,1
19833,STU119833,Arjun Bose,Male,20,Bachelor,Employed,Lucknow,Mobile,High,C101,Python Basics,Programming,Beginner,45,4.6,7,23,70.1,1,11.1,14,6,7.1,5,5,1,63.9,88.9,59.0,2,01-02-2025,Scholarship,No,No,679,85,2,1,3.4,Not Completed,1,0,0,1,0,1,4,4
19834,STU119834,Neha Mehta,Female,22,Diploma,Employed,Hyderabad,Mobile,High,C108,Excel for Business,Business,Beginner,25,4.1,3,26,77.6,4,0.5,7,7,6.4,5,5,2,69.4,67.0,60.5,2,15-05-2024,UPI,Yes,No,3233,52,4,2,4.8,Completed,0,1,0,1,0,1,0,5
19835,STU119835,Ritika Verma,Male,22,Bachelor,Student,Hyderabad,Mobile,High,C103,Introduction to AI,Programming,Intermediate,75,4.5,6,23,53.1,1,0.5,7,6,6.7,6,4,3,60.6,87.0,58.9,1,03-12-2023,Debit Card,Yes,Yes,4742,68,1,0,4.9,Not Completed,1,0,2,1,0,2,4,1
19836,STU119836,Sai Desai,Female,36,Bachelor,Student,Surat,Tablet,Medium,C103,Introduction to AI,Programming,Intermediate,75,4.5,2,34,70.6,1,5.9,5,5,5.8,6,4,2,74.5,97.1,65.6,2,22-11-2024,Credit Card,Yes,No,5928,68,3,0,5.0,Not Completed,0,0,2,2,2,2,4,0
19837,STU119837,Aditya Desai,Male,39,Bachelor,Employed,Indore,Laptop,High,C105,UI/UX Design Fundamentals,Design,Beginner,40,4.4,5,39,72.6,1,1.7,2,9,5.5,3,7,3,88.2,43.6,45.6,3,13-12-2024,Free,No,No,0,72,1,1,3.9,Not Completed,1,0,0,0,0,1,1,2
19838,STU119838,Rahul Sharma,Female,22,Master,Employed,Pune,Mobile,High,C104,Digital Marketing Essentials,Marketing,Beginner,30,4.3,4,38,59.4,4,3.8,1,9,0.0,5,4,5,69.9,61.4,53.9,4,13-02-2024,Credit Card,Yes,No,3188,70,1,1,5.0,Not Completed,0,3,0,1,0,1,2,0
19839,STU119839,Aarav Verma,Male,25,Master,Student,Lucknow,Mobile,High,C101,Python Basics,Programming,Beginner,45,4.6,7,38,77.2,3,4.5,3,4,7.8,3,6,3,68.0,42.3,47.1,0,11-03-2025,UPI,Yes,No,4492,86,4,0,2.4,Not Completed,1,3,2,1,0,1,4,5
19840,STU119840,Ananya Patel,Male,25,Master,Employed,Bengaluru,Mobile,Medium,C108,Excel for Business,Business,Beginner,25,4.1,7,53,64.8,1,8.1,12,4,3.6,6,4,2,70.4,60.4,61.7,2,11-06-2025,Debit Card,Yes,No,3468,31,2,1,4.4,Completed,1,3,0,1,2,1,0,1
19841,STU119841,Nikhil Singh,Female,24,Bachelor,Student,Nagpur,Mobile,Low,C103,Introduction to AI,Programming,Intermediate,75,4.5,7,47,64.9,2,2.6,7,5,7.0,3,7,3,100.0,56.8,43.5,4,07-08-2025,UPI,Yes,No,5429,100,1,0,4.2,Completed,0,0,2,1,1,2,4,5
19842,STU119842,Aarav Patel,Male,26,Diploma,Student,Indore,Mobile,High,C106,Machine Learning A-Z,Programming,Advanced,90,4.6,3,43,70.1,2,0.7,9,4,7.0,8,1,3,89.7,81.0,76.6,8,28-06-2024,UPI,Yes,Yes,5680,100,4,1,5.0,Completed,1,1,2,1,0,0,4,5
19843,STU119843,Aditya Bhardwaj,Female,19,Bachelor,Student,Mumbai,Tablet,Medium,C104,Digital Marketing Essentials,Marketing,Beginner,30,4.3,6,15,54.0,1,0.5,5,3,3.7,6,3,4,93.4,61.8,58.0,5,26-01-2025,Debit Card,Yes,No,3729,89,4,1,4.1,Completed,0,0,2,2,2,1,2,1
19844,STU119844,Rahul Bose,Male,17,Master,Employed,Nagpur,Mobile,Medium,C104,Digital Marketing Essentials,Marketing,Beginner,30,4.3,6,21,89.7,1,2.0,10,5,5.7,3,7,4,60.8,62.0,52.5,3,05-09-2024,UPI,Yes,No,3323,78,0,1,5.0,Not Completed,1,3,0,1,2,1,2,5
19845,STU119845,Ritika Kumar,Female,26,Master,Student,Nagpur,Laptop,High,C101,Python Basics,Programming,Beginner,45,4.6,1,24,67.9,1,0.5,24,7,5.0,3,7,4,74.1,77.0,45.6,3,05-11-2023,Debit Card,Yes,No,4055,81,2,0,4.6,Not Completed,0,3,2,0,0,1,4,1
19846,STU119846,Ritika Bose,Male,23,Master,Student,Lucknow,Mobile,Medium,C103,Introduction to AI,Programming,Intermediate,75,4.5,6,58,73.6,2,10.1,3,4,8.7,2,8,4,60.4,94.6,42.5,4,23-02-2024,Debit Card,Yes,No,5971,68,3,3,4.1,Not Completed,1,3,2,1,2,2,4,1
19847,STU119847,Vivaan Reddy,Male,21,Bachelor,Employed,Kolkata,Laptop,Medium,C102,Data Analysis with Python,Programming,Intermediate,60,4.7,4,51,85.3,3,17.2,8,5,9.7,3,7,4,96.7,61.6,50.9,5,04-04-2025,Debit Card,Yes,No,5022,92,5,1,4.4,Not Completed,1,0,0,0,2,2,4,1
19848,STU119848,Priya Patel,Male,29,Master,Employed,Bengaluru,Mobile,Medium,C103,Introduction to AI,Programming,Intermediate,75,4.5,9,32,56.5,4,4.7,10,4,6.6,6,4,4,100.0,67.7,59.2,6,06-12-2024,NetBanking,Yes,No,5901,77,1,2,4.9,Completed,1,3,0,1,2,2,4,3
19849,STU119849,Rohan Reddy,Female,25,Master,Student,Nagpur,Mobile,Medium,C104,Digital Marketing Essentials,Marketing,Beginner,30,4.3,4,36,92.1,0,8.4,0,3,6.3,4,6,6,65.7,70.2,59.7,1,20-01-2024,Free,No,No,0,64,2,1,5.0,Completed,0,3,2,1,2,1,2,2
19850,STU119850,Aditya Shah,Female,19,Bachelor,Student,Indore,Mobile,Medium,C105,UI/UX Design Fundamentals,Design,Beginner,40,4.4,6,27,62.9,1,4.0,2,8,6.9,5,5,2,72.6,54.5,54.8,6,17-11-2024,Debit Card,Yes,No,3649,49,1,1,4.8,Completed,0,0,2,1,2,1,1,1
19851,STU119851,Nikhil Patel,Male,37,Bachelor,Employed,Lucknow,Tablet,High,C105,UI/UX Design Fundamentals,Design,Beginner,40,4.4,6,41,31.1,2,13.6,3,5,4.9,4,6,4,66.2,79.5,38.9,0,17-03-2024,UPI,Yes,Yes,3694,39,2,0,4.2,Not Completed,1,0,0,2,0,1,1,5
19852,STU119852,Kavya Singh,Male,27,Bachelor,Student,Bengaluru,Mobile,Medium,C105,UI/UX Design Fundamentals,Design,Beginner,40,4.4,5,25,80.3,5,4.0,9,5,7.1,6,4,4,77.6,61.3,67.2,2,30-10-2024,Free,No,No,0,100,4,0,4.7,Completed,1,0,2,1,2,1,1,2
19853,STU119853,Sneha Shah,Male,29,Bachelor,Student,Vadodara,Mobile,Medium,C104,Digital Marketing Essentials,Marketing,Beginner,30,4.3,4,52,55.0,3,10.8,11,2,5.0,6,4,2,55.4,42.7,57.4,3,31-01-2025,UPI,Yes,No,3771,87,4,0,4.0,Not Completed,1,0,2,1,2,1,2,5
19854,STU119854,Nikhil Bose,Female,26,Bachelor,Employed,Kolkata,Mobile,High,C102,Data Analysis with Python,Programming,Intermediate,60,4.7,7,35,63.0,2,7.0,6,7,5.2,3,7,6,80.6,98.0,45.0,2,03-07-2024,NetBanking,Yes,No,4986,100,2,0,4.1,Not Completed,0,0,0,1,0,2,4,3
19855,STU119855,Aarav Gupta,Female,26,Bachelor,Unemployed,Hyderabad,Laptop,High,C101,Python Basics,Programming,Beginner,45,4.6,5,25,28.9,0,11.5,0,1,4.1,4,6,2,68.7,94.7,38.9,1,18-04-2024,Credit Card,Yes,No,4614,50,2,2,3.7,Completed,0,0,3,0,0,1,4,0
19856,STU119856,Ritika Mehta,Male,24,Master,Employed,Delhi,Laptop,High,C108,Excel for Business,Business,Beginner,25,4.1,3,46,74.9,0,0.5,6,8,6.6,4,6,1,90.6,85.4,54.5,3,09-04-2025,Scholarship,No,No,547,61,2,0,4.0,Completed,1,3,0,0,0,1,0,4
19857,STU119857,Arjun Reddy,Male,37,Bachelor,Self-Employed,Bengaluru,Tablet,Medium,C103,Introduction to AI,Programming,Intermediate,75,4.5,5,39,57.8,3,0.5,12,6,4.5,5,5,5,65.3,58.3,53.2,4,23-10-2023,Credit Card,Yes,No,6022,74,2,0,4.5,Not Completed,1,0,1,2,2,2,4,0
19858,STU119858,Priya Joshi,Male,19,Master,Student,Kolkata,Laptop,Medium,C103,Introduction to AI,Programming,Intermediate,75,4.5,7,42,73.8,4,7.8,0,4,8.3,6,4,3,77.3,64.6,65.1,3,28-03-2024,Credit Card,Yes,No,6143,59,2,1,5.0,Completed,1,3,2,0,2,2,4,0
19859,STU119859,Sakshi Bose,Male,17,Master,Student,Jaipur,Laptop,Medium,C106,Machine Learning A-Z,Programming,Advanced,90,4.6,4,30,59.7,3,0.9,0,7,4.7,6,4,4,96.3,46.4,59.2,2,09-02-2025,Free,No,No,0,27,0,0,3.7,Completed,1,3,2,0,2,0,4,2
19860,STU119860,Arjun Gupta,Male,38,Master,Employed,Bengaluru,Laptop,Medium,C107,Statistics for Data Science,Math,Intermediate,50,4.2,4,28,67.0,6,0.5,4,9,6.4,2,8,5,72.1,68.4,38.9,2,26-08-2024,Free,No,No,0,78,2,2,3.0,Completed,1,3,0,0,2,2,3,2
19861,STU119861,Vihaan Shah,Female,36,Diploma,Student,Indore,Mobile,Medium,C106,Machine Learning A-Z,Programming,Advanced,90,4.6,8,35,74.7,5,4.1,4,4,4.9,5,5,2,82.1,50.5,58.7,5,17-07-2025,Scholarship,No,No,520,94,0,2,4.1,Not Completed,0,1,2,1,2,0,4,4
19862,STU119862,Kavya Gupta,Male,31,Bachelor,Employed,Indore,Laptop,Medium,C107,Statistics for Data Science,Math,Intermediate,50,4.2,4,43,32.0,2,0.5,1,6,4.7,3,7,5,71.8,85.7,33.5,3,18-03-2025,NetBanking,Yes,No,4335,83,4,1,3.3,Completed,1,0,0,0,2,2,3,3
19863,STU119863,Vivaan Kumar,Female,25,Bachelor,Employed,Bengaluru,Mobile,Medium,C104,Digital Marketing Essentials,Marketing,Beginner,30,4.3,2,25,74.0,2,0.5,6,2,4.5,7,2,5,88.2,59.6,70.9,0,01-03-2025,NetBanking,Yes,No,3213,69,3,0,4.8,Not Completed,0,0,0,1,2,1,2,3
19864,STU119864,Ritika Iyer,Male,30,Bachelor,Self-Employed,Jaipur,Mobile,High,C101,Python Basics,Programming,Beginner,45,4.6,8,40,31.9,3,2.9,2,8,7.5,5,5,2,68.8,94.9,45.9,2,22-05-2025,UPI,Yes,No,3877,34,8,1,4.7,Not Completed,1,0,1,1,0,1,4,5
19865,STU119865,Ritika Mehta,Female,27,Master,Student,Bhopal,Mobile,High,C103,Introduction to AI,Programming,Intermediate,75,4.5,6,39,42.4,3,5.8,4,3,6.2,3,7,7,57.8,38.1,34.7,1,23-03-2024,Free,No,No,0,76,2,0,3.2,Not Completed,0,3,2,1,0,2,4,2
19866,STU119866,Ananya Sharma,Male,24,Master,Student,Bhopal,Mobile,Low,C105,UI/UX Design Fundamentals,Design,Beginner,40,4.4,2,31,38.8,4,6.3,0,4,7.3,7,3,5,77.3,59.8,58.6,1,07-08-2024,Debit Card,Yes,No,4392,81,1,2,3.6,Not Completed,1,3,2,1,1,1,1,1
19867,STU119867,Vihaan Iyer,Male,22,Bachelor,Student,Hyderabad,Tablet,High,C104,Digital Marketing Essentials,Marketing,Beginner,30,4.3,6,17,75.5,1,4.2,7,3,2.6,3,7,5,75.2,60.5,47.5,3,14-02-2025,UPI,Yes,No,3189,80,2,0,4.2,Completed,1,0,2,2,0,1,2,5
19868,STU119868,Isha Verma,Female,21,Bachelor,Unemployed,Chennai,Laptop,Medium,C104,Digital Marketing Essentials,Marketing,Beginner,30,4.3,5,49,97.7,5,3.7,21,4,8.0,8,2,4,77.4,90.7,86.7,3,01-02-2025,Debit Card,Yes,Yes,2797,99,5,0,4.9,Completed,0,0,3,0,2,1,2,1
19869,STU119869,Sai Desai,Male,29,PhD,Employed,Surat,Mobile,Medium,C108,Excel for Business,Business,Beginner,25,4.1,8,28,92.9,4,1.9,2,7,3.3,7,3,4,94.3,51.2,77.1,5,05-03-2024,Debit Card,Yes,Yes,2519,67,2,3,4.3,Not Completed,1,4,0,1,2,1,0,1
19870,STU119870,Sneha Reddy,Male,28,Bachelor,Employed,Chennai,Laptop,High,C107,Statistics for Data Science,Math,Intermediate,50,4.2,5,27,62.4,1,0.5,1,7,6.8,2,8,4,70.9,82.9,38.0,4,07-10-2024,Credit Card,Yes,Yes,3885,56,5,0,5.0,Not Completed,1,0,0,0,0,2,3,0
19871,STU119871,Pooja Shah,Male,29,Master,Employed,Hyderabad,Mobile,Medium,C108,Excel for Business,Business,Beginner,25,4.1,3,41,43.6,8,0.5,5,2,9.4,5,5,6,71.0,40.1,47.3,2,12-07-2024,Debit Card,Yes,Yes,2573,68,4,0,4.9,Completed,1,3,0,1,2,1,0,1
19872,STU119872,Isha Bose,Male,34,Bachelor,Student,Hyderabad,Laptop,Medium,C105,UI/UX Design Fundamentals,Design,Beginner,40,4.4,1,17,84.1,4,6.7,2,6,2.6,6,4,1,92.7,73.4,69.1,1,17-03-2025,Free,No,No,0,73,1,0,3.9,Completed,1,0,2,0,2,1,1,2
19873,STU119873,Rohan Sharma,Female,22,Bachelor,Employed,Ahmedabad,Laptop,Medium,C102,Data Analysis with Python,Programming,Intermediate,60,4.7,3,32,79.4,2,2.7,8,2,5.3,8,1,2,85.6,89.3,80.2,1,14-12-2023,Free,No,No,0,62,0,2,3.6,Not Completed,0,0,0,0,2,2,4,2
19874,STU119874,Sakshi Bose,Female,22,Bachelor,Employed,Jaipur,Laptop,High,C108,Excel for Business,Business,Beginner,25,4.1,7,17,74.4,1,2.2,8,6,7.4,5,5,2,57.9,79.3,60.0,2,07-06-2024,NetBanking,Yes,Yes,2991,76,4,0,3.9,Completed,0,0,0,0,0,1,0,3
19875,STU119875,Sai Sharma,Male,23,Bachelor,Student,Surat,Mobile,Medium,C104,Digital Marketing Essentials,Marketing,Beginner,30,4.3,6,42,44.9,2,6.4,6,3,9.1,5,5,3,71.7,91.7,50.3,0,15-06-2024,Scholarship,No,No,563,57,2,2,3.0,Not Completed,1,0,2,1,2,1,2,4
19876,STU119876,Vihaan Shah,Male,28,Master,Student,Lucknow,Mobile,Low,C108,Excel for Business,Business,Beginner,25,4.1,4,43,73.6,3,2.7,3,2,7.0,5,4,7,67.7,69.6,59.2,3,18-09-2025,Free,No,Yes,0,41,4,2,4.5,Completed,1,3,2,1,1,1,0,2
19877,STU119877,Rohan Patel,Male,24,Master,Employed,Hyderabad,Mobile,Medium,C106,Machine Learning A-Z,Programming,Advanced,90,4.6,5,40,50.4,0,0.7,2,5,6.6,5,5,3,75.0,80.1,51.6,2,09-11-2024,UPI,Yes,No,5877,47,0,2,4.2,Not Completed,1,3,0,1,2,0,4,5
19878,STU119878,Sneha Kumar,Male,24,Bachelor,Employed,Surat,Mobile,Low,C102,Data Analysis with Python,Programming,Intermediate,60,4.7,5,41,42.6,2,8.6,0,7,5.8,4,6,3,72.6,40.1,40.9,3,09-06-2024,NetBanking,Yes,No,5160,75,3,2,4.9,Completed,1,0,0,1,1,2,4,3
19879,STU119879,Ritika Gupta,Male,25,Bachelor,Employed,Mumbai,Mobile,Medium,C103,Introduction to AI,Programming,Intermediate,75,4.5,6,23,27.1,4,0.5,9,5,4.4,4,6,2,80.5,75.0,37.2,1,05-02-2024,NetBanking,Yes,Yes,5003,48,1,1,4.7,Not Completed,1,0,0,1,2,2,4,3
19880,STU119880,Sakshi Sharma,Female,23,Master,Student,Kolkata,Mobile,Medium,C102,Data Analysis with Python,Programming,Intermediate,60,4.7,3,37,95.0,1,8.9,15,3,3.9,7,3,6,71.8,88.3,79.7,2,23-10-2024,Scholarship,No,No,1797,44,3,2,4.6,Completed,0,3,2,1,2,2,4,4
19881,STU119881,Aditya Gupta,Male,20,Master,Student,Nagpur,Mobile,High,C105,UI/UX Design Fundamentals,Design,Beginner,40,4.4,9,55,80.0,4,12.1,5,6,8.7,4,6,3,83.7,73.6,55.7,4,16-07-2025,NetBanking,Yes,No,4379,80,1,0,3.4,Completed,1,3,2,1,0,1,1,3
19882,STU119882,Kavya Nair,Female,18,Master,Student,Hyderabad,Mobile,Medium,C106,Machine Learning A-Z,Programming,Advanced,90,4.6,6,27,82.1,1,6.0,0,8,6.8,7,3,4,90.1,56.3,73.5,5,07-11-2024,UPI,Yes,No,6449,100,0,1,4.1,Not Completed,0,3,2,1,2,0,4,5
19883,STU119883,Meera Sharma,Female,29,Bachelor,Student,Nagpur,Mobile,Medium,C108,Excel for Business,Business,Beginner,25,4.1,4,43,87.5,0,3.6,30,5,7.5,4,6,5,67.0,63.4,57.8,4,21-01-2025,Free,No,No,0,65,6,0,3.4,Not Completed,0,0,2,1,2,1,0,2
19884,STU119884,Sneha Shah,Male,22,Bachelor,Employed,Indore,Mobile,Low,C101,Python Basics,Programming,Beginner,45,4.6,4,30,67.8,1,0.5,5,4,3.8,5,4,6,62.2,50.9,56.3,3,05-09-2025,Scholarship,No,No,915,100,0,1,4.0,Not Completed,1,0,0,1,1,1,4,4
19885,STU119885,Vivaan Bhardwaj,Male,30,Bachelor,Employed,Kolkata,Mobile,Medium,C106,Machine Learning A-Z,Programming,Advanced,90,4.6,8,31,47.9,2,3.3,1,8,4.7,5,5,4,68.9,75.5,50.5,2,29-03-2025,Debit Card,Yes,No,6599,77,1,1,4.4,Completed,1,0,0,1,2,0,4,1
19886,STU119886,Priya Sharma,Female,30,Diploma,Employed,Vadodara,Mobile,Medium,C102,Data Analysis with Python,Programming,Intermediate,60,4.7,4,24,47.5,1,0.5,27,5,1.8,3,7,0,72.9,60.0,37.6,3,16-05-2025,Scholarship,No,No,2123,82,1,0,2.1,Not Completed,0,1,0,1,2,2,4,4
19887,STU119887,Rohan Kumar,Female,31,Bachelor,Student,Bhopal,Laptop,Medium,C104,Digital Marketing Essentials,Marketing,Beginner,30,4.3,10,30,51.0,5,5.2,12,13,6.2,5,4,6,88.8,63.9,51.0,3,28-08-2025,Debit Card,Yes,No,3662,56,3,2,4.6,Not Completed,0,0,2,0,2,1,2,1
19888,STU119888,Nikhil Joshi,Female,40,Bachelor,Unemployed,Nagpur,Mobile,Medium,C108,Excel for Business,Business,Beginner,25,4.1,5,19,55.2,3,8.7,1,2,5.7,4,6,2,77.6,53.5,46.0,3,05-12-2023,UPI,Yes,No,3123,51,1,1,5.0,Not Completed,0,0,3,1,2,1,0,5
19889,STU119889,Ananya Kumar,Male,17,Bachelor,Student,Nagpur,Mobile,Low,C101,Python Basics,Programming,Beginner,45,4.6,2,36,67.5,3,0.5,13,8,4.7,3,7,3,63.4,59.3,44.6,3,17-10-2024,UPI,Yes,No,4447,100,2,0,2.6,Not Completed,1,0,2,1,1,1,4,5
19890,STU119890,Vivaan Patel,Female,18,Bachelor,Employed,Indore,Mobile,Low,C106,Machine Learning A-Z,Programming,Advanced,90,4.6,3,32,69.0,0,2.4,0,3,5.4,5,5,2,64.5,52.5,56.8,0,23-11-2023,Free,No,No,0,86,2,1,3.8,Not Completed,0,0,0,1,1,0,4,2
19891,STU119891,Krishna Patel,Male,24,Bachelor,Student,Kolkata,Mobile,Medium,C108,Excel for Business,Business,Beginner,25,4.1,6,37,43.7,5,4.5,8,3,4.7,6,4,4,53.8,58.6,54.2,3,18-08-2025,Debit Card,Yes,No,2970,64,0,1,5.0,Not Completed,1,0,2,1,2,1,0,1
19892,STU119892,Sakshi Gupta,Female,19,HighSchool,Student,Ahmedabad,Mobile,High,C102,Data Analysis with Python,Programming,Intermediate,60,4.7,8,28,56.6,3,0.5,4,4,5.2,5,4,4,76.5,73.9,53.5,3,05-11-2024,UPI,Yes,No,4976,76,3,1,3.7,Completed,0,2,2,1,0,2,4,5
19893,STU119893,Rohan Shah,Female,24,Bachelor,Student,Ahmedabad,Laptop,Low,C104,Digital Marketing Essentials,Marketing,Beginner,30,4.3,4,31,71.8,1,5.6,3,4,6.5,3,7,3,56.0,58.8,46.1,3,09-01-2024,Scholarship,No,No,762,94,4,2,4.8,Completed,0,0,2,0,1,1,2,4
19894,STU119894,Pooja Nair,Female,22,Master,Employed,Chennai,Mobile,Medium,C102,Data Analysis with Python,Programming,Intermediate,60,4.7,10,21,68.3,3,1.4,14,7,8.0,6,4,7,62.4,61.0,62.9,1,22-03-2025,Credit Card,Yes,No,5046,53,2,0,4.4,Completed,0,3,0,1,2,2,4,0
19895,STU119895,Meera Bhardwaj,Male,28,Bachelor,Self-Employed,Vadodara,Tablet,Low,C102,Data Analysis with Python,Programming,Intermediate,60,4.7,4,34,50.8,1,0.5,10,6,7.2,3,7,2,82.7,46.5,38.1,5,17-11-2023,NetBanking,Yes,Yes,4263,36,2,2,3.7,Completed,1,0,1,2,1,2,4,3
19896,STU119896,Neha Gupta,Female,27,Diploma,Employed,Chennai,Laptop,High,C105,UI/UX Design Fundamentals,Design,Beginner,40,4.4,4,32,73.8,4,0.5,4,6,3.3,7,3,5,70.0,96.6,72.7,2,27-06-2024,UPI,Yes,No,4166,100,4,1,5.0,Completed,0,1,0,0,0,1,1,5
19897,STU119897,Rahul Nair,Male,31,Bachelor,Student,Ahmedabad,Mobile,High,C101,Python Basics,Programming,Beginner,45,4.6,8,35,77.4,2,11.8,3,5,9.4,8,2,3,71.2,93.8,79.8,2,14-02-2025,Credit Card,Yes,No,4220,48,0,2,5.0,Not Completed,1,0,2,1,0,1,4,0
19898,STU119898,Aarav Reddy,Female,29,Bachelor,Student,Surat,Mobile,Medium,C104,Digital Marketing Essentials,Marketing,Beginner,30,4.3,5,19,23.0,0,0.5,21,2,6.9,4,6,3,51.3,92.0,36.7,0,07-06-2024,Debit Card,Yes,No,3555,70,6,4,3.6,Completed,0,0,2,1,2,1,2,1
19899,STU119899,Krishna Shah,Male,27,Bachelor,Student,Mumbai,Mobile,Medium,C106,Machine Learning A-Z,Programming,Advanced,90,4.6,5,37,56.1,3,0.5,1,5,7.6,9,1,1,71.1,66.5,77.0,2,14-01-2024,NetBanking,Yes,No,6609,67,8,0,4.3,Completed,1,0,2,1,2,0,4,3
19900,STU119900,Neha Sharma,Female,22,Bachelor,Student,Delhi,Mobile,High,C104,Digital Marketing Essentials,Marketing,Beginner,30,4.3,6,18,48.0,5,7.2,21,7,6.4,4,6,4,90.2,92.3,45.4,0,16-11-2024,NetBanking,Yes,No,3528,94,0,1,3.1,Not Completed,0,0,2,1,0,1,2,3
19901,STU119901,Vivaan Mehta,Male,30,Bachelor,Employed,Indore,Laptop,Medium,C101,Python Basics,Programming,Beginner,45,4.6,3,44,92.8,2,6.4,0,9,4.4,5,5,7,79.6,52.0,65.1,3,17-11-2024,Free,No,No,0,73,2,1,4.2,Not Completed,1,0,0,0,2,1,4,2
19902,STU119902,Ritika Verma,Male,22,Diploma,Student,Bhopal,Mobile,High,C106,Machine Learning A-Z,Programming,Advanced,90,4.6,6,47,87.1,1,1.4,10,8,4.8,6,4,7,71.9,100.0,71.5,2,07-01-2024,UPI,Yes,No,5985,83,2,0,3.6,Completed,1,1,2,1,0,0,4,5
19903,STU119903,Meera Bhardwaj,Male,34,HighSchool,Employed,Kolkata,Laptop,Medium,C108,Excel for Business,Business,Beginner,25,4.1,4,36,33.9,3,4.8,5,5,4.1,3,7,3,72.7,58.6,32.8,2,22-07-2024,NetBanking,Yes,No,3348,86,3,0,4.0,Completed,1,2,0,0,2,1,0,3
19904,STU119904,Priya Reddy,Male,17,Bachelor,Employed,Mumbai,Laptop,Medium,C106,Machine Learning A-Z,Programming,Advanced,90,4.6,6,30,68.4,0,3.5,5,1,7.1,4,6,4,74.1,67.6,51.3,1,02-10-2024,Scholarship,No,No,2571,100,1,1,5.0,Not Completed,1,0,0,0,2,0,4,4
19905,STU119905,Meera Desai,Male,29,Bachelor,Student,Ahmedabad,Mobile,High,C108,Excel for Business,Business,Beginner,25,4.1,6,33,95.7,5,6.0,21,4,9.4,6,4,2,80.9,76.2,73.3,7,17-10-2023,UPI,Yes,No,3003,50,3,0,4.6,Completed,1,0,2,1,0,1,0,5
19906,STU119906,Sneha Patel,Female,27,Bachelor,Employed,Lucknow,Mobile,Medium,C101,Python Basics,Programming,Beginner,45,4.6,1,35,72.0,1,6.9,1,4,8.1,3,7,2,58.0,64.8,46.4,3,24-11-2023,Scholarship,No,Yes,479,95,1,2,4.0,Not Completed,0,0,0,1,2,1,4,4
19907,STU119907,Aarav Patel,Male,20,Master,Student,Delhi,Mobile,Medium,C104,Digital Marketing Essentials,Marketing,Beginner,30,4.3,4,19,39.7,1,0.8,2,11,8.7,4,6,5,69.9,51.7,40.5,3,20-03-2024,Debit Card,Yes,No,3768,78,0,0,3.8,Not Completed,1,3,2,1,2,1,2,1
19908,STU119908,Isha Patel,Female,33,HighSchool,Unemployed,Indore,Mobile,Medium,C103,Introduction to AI,Programming,Intermediate,75,4.5,6,19,64.2,3,5.1,2,6,7.7,5,5,4,69.9,94.7,57.2,0,19-12-2023,UPI,Yes,No,5666,81,3,0,4.0,Completed,0,2,3,1,2,2,4,5
19909,STU119909,Vihaan Sharma,Male,21,Master,Student,Jaipur,Mobile,High,C105,UI/UX Design Fundamentals,Design,Beginner,40,4.4,6,49,56.1,3,0.5,3,6,7.9,8,2,6,57.6,68.7,71.1,1,12-11-2024,Scholarship,No,No,750,80,2,4,5.0,Completed,1,3,2,1,0,1,1,4
19910,STU119910,Rahul Gupta,Male,24,Bachelor,Employed,Kolkata,Mobile,Medium,C108,Excel for Business,Business,Beginner,25,4.1,6,25,52.8,2,11.2,7,8,6.1,5,5,5,90.7,66.2,51.8,0,29-06-2025,Debit Card,Yes,No,3130,72,1,0,4.3,Completed,1,0,0,1,2,1,0,1
19911,STU119911,Vivaan Bhardwaj,Male,36,Bachelor,Employed,Mumbai,Mobile,High,C107,Statistics for Data Science,Math,Intermediate,50,4.2,2,17,45.6,0,7.5,1,3,4.2,3,7,3,52.7,84.8,38.2,1,01-04-2024,Debit Card,Yes,No,4495,64,2,0,4.7,Completed,1,0,0,1,0,2,3,1
19912,STU119912,Rohan Verma,Male,18,Bachelor,Employed,Chennai,Laptop,Medium,C106,Machine Learning A-Z,Programming,Advanced,90,4.6,2,45,57.1,3,5.8,0,6,5.3,3,7,6,63.7,47.3,40.3,2,13-12-2024,UPI,Yes,No,5982,79,2,0,3.9,Completed,1,0,0,0,2,0,4,5
19913,STU119913,Rohan Nair,Female,26,Diploma,Employed,Ahmedabad,Mobile,High,C103,Introduction to AI,Programming,Intermediate,75,4.5,4,32,39.3,3,0.5,4,5,5.5,4,6,4,79.2,42.2,39.9,2,28-08-2024,Scholarship,No,No,1651,84,5,1,4.6,Not Completed,0,1,0,1,0,2,4,4
19914,STU119914,Pooja Patel,Female,22,Bachelor,Student,Lucknow,Mobile,Medium,C105,UI/UX Design Fundamentals,Design,Beginner,40,4.4,4,31,50.4,4,8.6,5,7,8.2,4,6,4,71.4,50.3,44.1,5,20-11-2023,Credit Card,Yes,No,3925,70,4,0,5.0,Not Completed,0,0,2,1,2,1,1,0
19915,STU119915,Meera Bhardwaj,Female,17,Master,Employed,Lucknow,Mobile,Medium,C102,Data Analysis with Python,Programming,Intermediate,60,4.7,8,32,37.8,2,3.1,5,8,4.7,4,6,2,81.1,67.8,40.6,4,15-03-2024,NetBanking,Yes,No,4978,84,2,0,3.3,Completed,0,3,0,1,2,2,4,3
19916,STU119916,Sneha Shah,Female,29,Bachelor,Employed,Jaipur,Laptop,High,C101,Python Basics,Programming,Beginner,45,4.6,6,37,46.3,3,5.8,2,5,4.9,3,7,6,70.5,74.9,37.9,2,01-11-2023,UPI,Yes,No,4173,82,3,0,4.4,Completed,0,0,0,0,0,1,4,5
19917,STU119917,Sai Sharma,Male,29,Master,Employed,Pune,Laptop,Medium,C105,UI/UX Design Fundamentals,Design,Beginner,40,4.4,6,36,49.3,3,4.7,19,3,7.9,5,5,9,83.1,62.6,50.4,4,15-09-2024,NetBanking,Yes,No,4350,87,1,1,4.4,Completed,1,3,0,0,2,1,1,3
19918,STU119918,Arjun Patel,Male,17,Master,Student,Kolkata,Mobile,Low,C107,Statistics for Data Science,Math,Intermediate,50,4.2,3,32,44.7,1,0.5,8,3,4.3,6,4,6,89.6,68.2,55.1,0,11-07-2024,Free,No,No,0,68,0,3,3.9,Not Completed,1,3,2,1,1,2,3,2
19919,STU119919,Rohan Joshi,Male,24,Bachelor,Employed,Jaipur,Laptop,High,C102,Data Analysis with Python,Programming,Intermediate,60,4.7,4,34,73.3,0,1.8,1,6,9.1,6,4,2,83.0,90.0,66.2,2,25-10-2024,UPI,Yes,No,5242,52,3,0,4.8,Completed,1,0,0,0,0,2,4,5
19920,STU119920,Isha Bose,Female,29,Bachelor,Student,Delhi,Mobile,Medium,C108,Excel for Business,Business,Beginner,25,4.1,4,37,64.7,3,3.8,4,5,4.8,2,8,6,68.2,74.0,38.3,2,21-03-2025,Credit Card,Yes,No,3185,100,2,1,3.8,Completed,0,0,2,1,2,1,0,0
19921,STU119921,Krishna Nair,Male,22,Bachelor,Employed,Nagpur,Mobile,Medium,C104,Digital Marketing Essentials,Marketing,Beginner,30,4.3,4,25,84.9,1,0.5,3,2,3.3,1,8,3,72.6,54.6,38.4,0,21-02-2024,Credit Card,Yes,Yes,3025,67,1,2,3.7,Not Completed,1,0,0,1,2,1,2,0
19922,STU119922,Pooja Reddy,Female,21,Bachelor,Student,Nagpur,Mobile,High,C107,Statistics for Data Science,Math,Intermediate,50,4.2,4,38,40.5,1,2.2,3,1,7.4,4,6,7,88.1,85.6,42.5,0,25-08-2024,Free,No,No,0,68,2,1,2.6,Not Completed,0,0,2,1,0,2,3,2
19923,STU119923,Ananya Sharma,Male,24,Bachelor,Employed,Lucknow,Mobile,High,C103,Introduction to AI,Programming,Intermediate,75,4.5,2,28,87.1,2,2.4,1,2,4.9,8,2,4,58.0,74.0,82.2,1,23-12-2024,UPI,Yes,No,5520,62,3,0,4.9,Completed,1,0,0,1,0,2,4,5
19924,STU119924,Arjun Sharma,Female,29,Bachelor,Student,Ahmedabad,Mobile,Medium,C106,Machine Learning A-Z,Programming,Advanced,90,4.6,7,37,68.9,4,3.0,6,4,10.0,4,6,1,68.4,99.1,53.1,3,16-05-2025,Credit Card,Yes,No,6829,29,2,0,4.4,Completed,0,0,2,1,2,0,4,0
19925,STU119925,Ritika Kumar,Female,26,Bachelor,Student,Lucknow,Mobile,High,C105,UI/UX Design Fundamentals,Design,Beginner,40,4.4,2,38,55.7,3,0.5,13,4,8.9,4,6,5,82.5,70.0,47.0,0,01-10-2025,Scholarship,No,Yes,1066,50,2,1,2.9,Completed,0,0,2,1,0,1,1,4
19926,STU119926,Neha Reddy,Female,27,Bachelor,Student,Lucknow,Laptop,High,C101,Python Basics,Programming,Beginner,45,4.6,3,39,88.8,5,9.2,2,5,5.1,3,7,4,84.1,80.1,53.1,1,02-08-2025,Credit Card,Yes,No,4451,94,1,1,3.7,Completed,0,0,2,0,0,1,4,0
19927,STU119927,Nikhil Nair,Male,35,Master,Student,Pune,Mobile,High,C103,Introduction to AI,Programming,Intermediate,75,4.5,7,38,69.8,1,0.5,2,5,7.8,6,4,3,78.0,63.4,63.6,2,25-01-2024,UPI,Yes,No,6049,70,4,0,4.7,Not Completed,1,3,2,1,0,2,4,5
19928,STU119928,Meera Iyer,Female,22,Bachelor,Employed,Hyderabad,Mobile,High,C103,Introduction to AI,Programming,Intermediate,75,4.5,4,53,92.9,5,9.7,2,3,7.6,5,5,7,87.5,90.7,67.1,1,08-04-2024,NetBanking,Yes,No,5914,39,3,1,2.6,Not Completed,0,0,0,1,0,2,4,3
19929,STU119929,Priya Gupta,Male,33,Bachelor,Employed,Nagpur,Laptop,Medium,C106,Machine Learning A-Z,Programming,Advanced,90,4.6,4,21,63.1,5,0.5,0,1,7.1,2,8,2,65.0,33.5,35.8,3,07-07-2024,Debit Card,Yes,Yes,5627,61,1,2,4.8,Completed,1,0,0,0,2,0,4,1
19930,STU119930,Vihaan Joshi,Male,31,Master,Student,Hyderabad,Laptop,Medium,C105,UI/UX Design Fundamentals,Design,Beginner,40,4.4,4,18,84.9,3,5.0,2,4,3.8,6,4,4,76.8,71.2,69.3,1,13-01-2024,NetBanking,Yes,Yes,3384,35,5,0,4.2,Completed,1,3,2,0,2,1,1,3
19931,STU119931,Ananya Joshi,Female,17,Master,Employed,Nagpur,Mobile,Medium,C104,Digital Marketing Essentials,Marketing,Beginner,30,4.3,4,21,54.0,3,9.9,0,7,4.4,4,6,6,72.1,68.1,46.3,3,29-10-2023,NetBanking,Yes,Yes,2882,53,1,0,4.8,Not Completed,0,3,0,1,2,1,2,3
19932,STU119932,Ananya Iyer,Female,19,Bachelor,Student,Mumbai,Mobile,Medium,C107,Statistics for Data Science,Math,Intermediate,50,4.2,5,28,38.4,3,9.2,0,3,10.0,6,4,8,66.2,37.4,51.3,2,24-02-2025,Debit Card,Yes,No,4620,75,5,1,3.3,Completed,0,0,2,1,2,2,3,1
19933,STU119933,Krishna Iyer,Male,18,Bachelor,Employed,Pune,Mobile,High,C104,Digital Marketing Essentials,Marketing,Beginner,30,4.3,2,6,70.5,3,4.9,10,7,7.5,6,4,5,69.7,68.9,64.1,3,07-06-2025,UPI,Yes,Yes,3171,50,5,2,4.7,Not Completed,1,0,0,1,0,1,2,5
19934,STU119934,Aditya Sharma,Female,22,Bachelor,Employed,Lucknow,Mobile,Medium,C102,Data Analysis with Python,Programming,Intermediate,60,4.7,5,47,69.6,6,7.0,14,4,5.7,6,4,3,61.6,93.5,65.0,4,18-07-2025,Debit Card,Yes,Yes,4272,84,1,0,2.3,Completed,0,0,0,1,2,2,4,1
19935,STU119935,Isha Nair,Female,21,HighSchool,Employed,Delhi,Mobile,High,C102,Data Analysis with Python,Programming,Intermediate,60,4.7,4,41,20.6,3,0.5,3,5,6.4,5,5,1,82.2,56.5,40.0,0,03-04-2025,UPI,Yes,Yes,4359,83,3,0,3.7,Not Completed,0,2,0,1,0,2,4,5
19936,STU119936,Ritika Singh,Male,18,Master,Self-Employed,Jaipur,Laptop,Medium,C103,Introduction to AI,Programming,Intermediate,75,4.5,7,38,55.2,4,7.7,1,6,3.5,7,3,8,60.0,59.5,64.3,1,17-01-2025,UPI,Yes,Yes,5187,84,3,0,4.1,Not Completed,1,3,1,0,2,2,4,5
19937,STU119937,Vivaan Sharma,Female,21,Master,Student,Chennai,Laptop,Medium,C101,Python Basics,Programming,Beginner,45,4.6,5,35,79.4,1,13.4,2,8,10.0,5,5,3,86.9,70.8,61.3,6,27-12-2024,Debit Card,Yes,Yes,3369,81,1,2,4.4,Completed,0,3,2,0,2,1,4,1
19938,STU119938,Aditya Iyer,Female,26,HighSchool,Employed,Jaipur,Mobile,High,C105,UI/UX Design Fundamentals,Design,Beginner,40,4.4,4,34,70.4,1,1.7,1,6,6.4,2,7,2,51.8,71.1,40.2,0,29-10-2024,Free,No,No,0,62,0,0,4.9,Not Completed,0,2,0,1,0,1,1,2
19939,STU119939,Nikhil Kumar,Male,21,Bachelor,Employed,Bengaluru,Tablet,High,C103,Introduction to AI,Programming,Intermediate,75,4.5,5,24,30.1,2,0.7,10,2,2.8,0,10,2,42.1,60.4,13.6,3,28-06-2024,Credit Card,Yes,No,5446,45,1,1,3.3,Not Completed,1,0,0,2,0,2,4,0
19940,STU119940,Pooja Desai,Male,25,Bachelor,Student,Bengaluru,Mobile,Medium,C107,Statistics for Data Science,Math,Intermediate,50,4.2,3,45,81.2,2,5.4,4,7,2.8,7,3,9,75.6,67.9,73.8,3,15-06-2024,NetBanking,Yes,Yes,3734,82,4,0,4.0,Completed,1,0,2,1,2,2,3,3
19941,STU119941,Kavya Patel,Male,20,HighSchool,Student,Jaipur,Mobile,High,C102,Data Analysis with Python,Programming,Intermediate,60,4.7,5,25,40.3,3,8.1,9,6,10.0,5,5,2,73.5,73.1,47.7,2,15-11-2023,UPI,Yes,No,5072,79,3,0,4.2,Completed,1,2,2,1,0,2,4,5
19942,STU119942,Priya Joshi,Male,26,Master,Student,Jaipur,Mobile,High,C107,Statistics for Data Science,Math,Intermediate,50,4.2,4,23,76.9,3,0.8,4,10,9.7,7,3,5,100.0,71.3,72.5,1,08-06-2025,UPI,Yes,No,4845,43,1,1,4.4,Completed,1,3,2,1,0,2,3,5
19943,STU119943,Pooja Iyer,Male,28,HighSchool,Employed,Lucknow,Mobile,Medium,C102,Data Analysis with Python,Programming,Intermediate,60,4.7,2,38,40.1,2,0.5,24,3,8.2,5,4,2,72.1,69.2,47.5,4,24-07-2024,Free,No,No,0,68,1,1,3.6,Not Completed,1,2,0,1,2,2,4,2
19944,STU119944,Aarav Gupta,Male,28,Bachelor,Employed,Mumbai,Laptop,Medium,C106,Machine Learning A-Z,Programming,Advanced,90,4.6,7,39,77.8,6,7.2,2,2,6.2,3,7,4,72.9,63.5,48.4,1,03-06-2025,NetBanking,Yes,No,5897,78,4,0,4.8,Not Completed,1,0,0,0,2,0,4,3
19945,STU119945,Pooja Gupta,Female,33,Master,Student,Jaipur,Laptop,High,C101,Python Basics,Programming,Beginner,45,4.6,6,41,46.5,2,1.3,6,8,8.4,3,7,2,90.6,69.6,37.7,0,25-08-2025,Debit Card,Yes,No,3961,75,2,0,4.1,Not Completed,0,3,2,0,0,1,4,1
19946,STU119946,Ritika Verma,Male,26,Bachelor,Student,Nagpur,Mobile,Low,C101,Python Basics,Programming,Beginner,45,4.6,6,35,45.4,1,7.8,4,7,9.4,5,5,4,62.5,42.6,48.0,0,23-09-2024,UPI,Yes,No,4255,84,2,0,4.6,Not Completed,1,0,2,1,1,1,4,5
19947,STU119947,Ananya Shah,Male,27,HighSchool,Employed,Vadodara,Mobile,Medium,C105,UI/UX Design Fundamentals,Design,Beginner,40,4.4,3,36,44.2,2,0.5,24,3,6.0,1,9,0,71.1,63.5,24.6,1,06-08-2025,Debit Card,Yes,No,3980,38,4,2,4.2,Completed,1,2,0,1,2,1,1,1
19948,STU119948,Isha Singh,Male,24,Bachelor,Employed,Mumbai,Mobile,Medium,C104,Digital Marketing Essentials,Marketing,Beginner,30,4.3,4,29,74.3,3,3.2,4,4,4.7,4,6,4,72.9,43.8,52.2,3,30-06-2025,Scholarship,No,No,672,37,2,1,5.0,Not Completed,1,0,0,1,2,1,2,4
19949,STU119949,Meera Reddy,Female,19,Bachelor,Employed,Bengaluru,Mobile,Medium,C105,UI/UX Design Fundamentals,Design,Beginner,40,4.4,4,38,67.0,0,1.0,7,2,10.0,4,6,3,71.7,63.3,50.6,4,28-09-2024,Credit Card,Yes,No,3713,82,3,2,4.7,Not Completed,0,0,0,1,2,1,1,0
19950,STU119950,Vihaan Gupta,Male,23,Master,Student,Bhopal,Mobile,Low,C104,Digital Marketing Essentials,Marketing,Beginner,30,4.3,5,63,43.5,7,6.3,1,6,5.5,4,6,3,83.5,62.2,42.3,5,02-05-2024,Debit Card,Yes,No,3376,69,4,0,3.5,Not Completed,1,3,2,1,1,1,2,1
19951,STU119951,Rahul Iyer,Female,17,Bachelor,Employed,Jaipur,Mobile,Low,C103,Introduction to AI,Programming,Intermediate,75,4.5,7,48,74.5,4,9.7,35,5,7.0,4,6,4,58.1,100.0,55.1,0,21-08-2024,Credit Card,Yes,No,6174,77,4,1,4.5,Not Completed,0,0,0,1,1,2,4,0
19952,STU119952,Nikhil Sharma,Female,17,Bachelor,Employed,Mumbai,Laptop,High,C102,Data Analysis with Python,Programming,Intermediate,60,4.7,2,34,30.4,3,0.5,5,3,6.9,3,6,3,68.1,75.2,32.4,2,17-11-2024,UPI,Yes,No,5163,71,1,2,3.4,Completed,0,0,0,0,0,2,4,5
19953,STU119953,Rohan Bhardwaj,Male,17,Bachelor,Employed,Surat,Mobile,High,C106,Machine Learning A-Z,Programming,Advanced,90,4.6,3,23,95.8,2,0.5,15,10,5.9,6,4,5,79.2,95.2,74.3,3,06-08-2024,NetBanking,Yes,No,5908,47,4,1,5.0,Completed,1,0,0,1,0,0,4,3
19954,STU119954,Nikhil Singh,Female,17,Master,Student,Hyderabad,Tablet,Medium,C102,Data Analysis with Python,Programming,Intermediate,60,4.7,9,29,81.6,2,8.6,4,3,7.5,7,3,3,61.5,87.0,74.9,2,15-06-2025,Free,No,Yes,0,79,1,0,4.9,Completed,0,3,2,2,2,2,4,2
19955,STU119955,Sakshi Iyer,Female,30,Master,Student,Kolkata,Mobile,High,C101,Python Basics,Programming,Beginner,45,4.6,5,50,70.8,2,0.5,0,4,7.8,4,6,4,82.8,70.5,52.3,3,28-09-2024,Credit Card,Yes,No,4346,62,2,3,5.0,Not Completed,0,3,2,1,0,1,4,0
19956,STU119956,Pooja Kumar,Female,20,Diploma,Unemployed,Hyderabad,Mobile,High,C102,Data Analysis with Python,Programming,Intermediate,60,4.7,6,29,67.9,4,0.9,1,1,7.7,5,5,8,55.6,68.5,57.2,1,28-04-2025,Debit Card,Yes,No,4849,68,2,1,3.6,Not Completed,0,1,3,1,0,2,4,1
19957,STU119957,Sai Verma,Female,23,HighSchool,Employed,Pune,Laptop,Medium,C105,UI/UX Design Fundamentals,Design,Beginner,40,4.4,4,31,68.3,2,7.5,4,5,6.7,4,6,4,62.4,88.8,52.3,3,21-07-2024,Free,No,No,0,85,2,1,5.0,Completed,0,2,0,0,2,1,1,2
19958,STU119958,Aarav Bhardwaj,Male,19,Bachelor,Employed,Delhi,Mobile,Medium,C103,Introduction to AI,Programming,Intermediate,75,4.5,4,27,37.0,4,11.3,5,4,6.6,2,8,4,83.5,55.9,27.7,1,14-03-2025,Free,No,Yes,0,65,2,1,4.5,Completed,1,0,0,1,2,2,4,2
19959,STU119959,Nikhil Joshi,Female,21,Bachelor,Student,Bhopal,Laptop,Medium,C108,Excel for Business,Business,Beginner,25,4.1,4,54,35.1,0,0.5,6,4,7.3,4,6,5,79.2,93.0,40.9,5,24-08-2024,Debit Card,Yes,No,3031,54,3,0,3.9,Completed,0,0,2,0,2,1,0,1
19960,STU119960,Krishna Gupta,Male,30,Bachelor,Unemployed,Bengaluru,Laptop,Low,C103,Introduction to AI,Programming,Intermediate,75,4.5,4,36,70.0,2,6.2,0,8,7.8,3,7,3,59.8,46.9,44.8,6,10-04-2025,Scholarship,No,No,358,64,2,2,4.7,Completed,1,0,3,0,1,2,4,4
19961,STU119961,Arjun Gupta,Female,19,HighSchool,Employed,Bengaluru,Laptop,Low,C103,Introduction to AI,Programming,Intermediate,75,4.5,6,38,55.2,2,3.5,3,3,8.0,7,3,3,86.1,65.3,64.6,0,02-06-2025,Free,No,No,0,94,2,0,5.0,Not Completed,0,2,0,0,1,2,4,2
19962,STU119962,Ritika Bose,Male,21,Bachelor,Employed,Kolkata,Mobile,Medium,C103,Introduction to AI,Programming,Intermediate,75,4.5,4,35,30.4,1,4.4,0,1,4.8,3,7,1,78.0,73.4,32.3,1,01-12-2023,Free,No,No,0,87,4,0,3.2,Completed,1,0,0,1,2,2,4,2
19963,STU119963,Kavya Bhardwaj,Male,29,Bachelor,Student,Surat,Mobile,Low,C106,Machine Learning A-Z,Programming,Advanced,90,4.6,7,44,79.9,3,1.7,1,6,5.4,3,7,6,40.9,52.5,48.6,0,02-12-2023,Debit Card,Yes,No,6319,57,2,3,3.0,Not Completed,1,0,2,1,1,0,4,1
19964,STU119964,Sneha Sharma,Female,34,Bachelor,Student,Indore,Mobile,Low,C102,Data Analysis with Python,Programming,Intermediate,60,4.7,8,36,80.1,0,2.7,2,9,8.6,4,6,4,65.3,95.1,56.8,3,26-08-2024,Credit Card,Yes,No,4651,100,2,0,4.7,Completed,0,0,2,1,1,2,4,0
19965,STU119965,Isha Bhardwaj,Male,32,Bachelor,Unemployed,Nagpur,Laptop,Medium,C101,Python Basics,Programming,Beginner,45,4.6,4,35,83.0,3,10.5,8,3,9.4,4,6,4,95.4,69.4,56.5,1,17-07-2025,UPI,Yes,Yes,3877,79,1,2,4.2,Not Completed,1,0,3,0,2,1,4,5
19966,STU119966,Rohan Singh,Male,22,Bachelor,Employed,Lucknow,Mobile,High,C104,Digital Marketing Essentials,Marketing,Beginner,30,4.3,4,31,77.3,2,0.5,32,3,5.5,3,7,3,66.3,92.9,49.7,2,06-09-2025,Debit Card,Yes,No,3264,83,4,1,4.0,Not Completed,1,0,0,1,0,1,2,1
19967,STU119967,Krishna Kumar,Male,26,Bachelor,Student,Hyderabad,Laptop,High,C104,Digital Marketing Essentials,Marketing,Beginner,30,4.3,3,29,48.8,2,7.5,2,6,7.0,7,3,2,79.7,60.7,62.1,4,07-04-2024,Scholarship,No,No,194,87,2,0,5.0,Completed,1,0,2,0,0,1,2,4
19968,STU119968,Rohan Mehta,Other,31,PhD,Employed,Vadodara,Laptop,High,C102,Data Analysis with Python,Programming,Intermediate,60,4.7,4,18,41.1,0,5.0,1,4,8.1,2,8,6,59.8,49.9,28.9,3,04-11-2024,NetBanking,Yes,No,5031,64,2,3,5.0,Completed,2,4,0,0,0,2,4,3
19969,STU119969,Arjun Gupta,Female,19,Bachelor,Employed,Hyderabad,Mobile,Low,C106,Machine Learning A-Z,Programming,Advanced,90,4.6,4,21,54.1,6,0.5,8,8,2.0,3,7,4,69.1,80.7,41.0,4,14-03-2025,Debit Card,Yes,No,6787,80,1,1,5.0,Completed,0,0,0,1,1,0,4,1
19970,STU119970,Ananya Bose,Female,21,PhD,Student,Lucknow,Mobile,Medium,C107,Statistics for Data Science,Math,Intermediate,50,4.2,4,33,65.3,1,1.1,2,3,3.9,4,6,3,78.3,91.8,51.4,1,26-04-2025,Debit Card,Yes,No,4723,78,2,2,2.6,Completed,0,4,2,1,2,2,3,1
19971,STU119971,Aditya Sharma,Male,27,Master,Unemployed,Nagpur,Mobile,High,C105,UI/UX Design Fundamentals,Design,Beginner,40,4.4,6,35,56.2,0,2.7,20,5,8.0,8,2,4,81.6,46.4,70.0,4,01-11-2024,Credit Card,Yes,No,4323,56,4,1,5.0,Not Completed,1,3,3,1,0,1,1,0
19972,STU119972,Meera Joshi,Male,17,Bachelor,Employed,Surat,Mobile,Medium,C106,Machine Learning A-Z,Programming,Advanced,90,4.6,5,39,71.8,2,14.5,6,7,7.1,4,6,4,81.8,77.3,53.0,0,01-06-2024,UPI,Yes,Yes,5300,75,4,0,4.5,Not Completed,1,0,0,1,2,0,4,5
19973,STU119973,Rahul Bose,Male,28,HighSchool,Student,Chennai,Mobile,Low,C108,Excel for Business,Business,Beginner,25,4.1,5,17,72.5,1,6.6,5,5,6.0,5,5,7,87.4,68.8,58.8,2,07-04-2025,NetBanking,Yes,No,3147,57,0,0,4.7,Completed,1,2,2,1,1,1,0,3
19974,STU119974,Aarav Joshi,Male,31,Master,Student,Mumbai,Mobile,High,C106,Machine Learning A-Z,Programming,Advanced,90,4.6,5,43,63.1,2,3.5,3,2,5.8,5,5,1,83.1,59.0,55.0,2,20-08-2024,Free,No,No,0,100,0,0,3.4,Completed,1,3,2,1,0,0,4,2
19975,STU119975,Pooja Sharma,Female,25,Bachelor,Student,Delhi,Mobile,High,C103,Introduction to AI,Programming,Intermediate,75,4.5,9,16,52.2,7,11.1,1,2,7.4,2,8,4,64.9,57.2,33.1,2,12-08-2024,UPI,Yes,No,5711,90,3,0,4.1,Completed,0,0,2,1,0,2,4,5
19976,STU119976,Kavya Shah,Male,24,Bachelor,Student,Delhi,Mobile,Medium,C108,Excel for Business,Business,Beginner,25,4.1,9,27,44.5,0,8.5,2,1,4.0,6,4,5,87.4,92.0,56.2,3,09-01-2025,UPI,Yes,Yes,2537,63,3,2,3.5,Completed,1,0,2,1,2,1,0,5
19977,STU119977,Aditya Desai,Male,21,Master,Employed,Bhopal,Laptop,Medium,C101,Python Basics,Programming,Beginner,45,4.6,4,23,88.5,2,0.5,11,3,7.3,4,6,1,54.0,68.4,58.4,5,25-11-2023,Free,No,No,0,70,1,0,3.2,Not Completed,1,3,0,0,2,1,4,2
19978,STU119978,Aarav Desai,Female,23,Master,Employed,Pune,Mobile,Low,C101,Python Basics,Programming,Beginner,45,4.6,4,32,20.8,2,1.9,2,3,8.5,5,5,2,83.4,47.5,39.7,3,09-12-2023,Debit Card,Yes,No,4199,92,4,1,4.0,Not Completed,0,3,0,1,1,1,4,1
19979,STU119979,Rohan Joshi,Female,30,Bachelor,Employed,Lucknow,Laptop,High,C101,Python Basics,Programming,Beginner,45,4.6,8,33,20.6,1,8.4,2,6,5.2,6,4,4,53.7,51.9,45.8,1,21-08-2025,Credit Card,Yes,No,3972,52,4,2,3.9,Completed,0,0,0,0,0,1,4,0
19980,STU119980,Meera Joshi,Female,19,Bachelor,Employed,Delhi,Laptop,Low,C104,Digital Marketing Essentials,Marketing,Beginner,30,4.3,6,28,62.4,3,4.0,2,4,8.1,4,6,2,63.8,50.6,48.4,2,10-04-2024,Free,No,No,0,74,1,1,3.4,Not Completed,0,0,0,0,1,1,2,2
19981,STU119981,Ritika Mehta,Male,21,Bachelor,Employed,Pune,Mobile,Medium,C101,Python Basics,Programming,Beginner,45,4.6,5,38,70.2,2,0.5,0,7,2.8,2,8,6,62.6,90.7,41.1,5,17-07-2025,Credit Card,Yes,No,4056,63,2,1,4.1,Completed,1,0,0,1,2,1,4,0
19982,STU119982,Ananya Desai,Male,30,HighSchool,Employed,Nagpur,Laptop,High,C104,Digital Marketing Essentials,Marketing,Beginner,30,4.3,6,24,48.5,3,0.5,0,5,5.6,4,6,4,75.3,99.0,45.9,1,30-09-2025,UPI,Yes,Yes,3016,53,3,2,3.9,Completed,1,2,0,0,0,1,2,5
19983,STU119983,Ritika Bose,Female,26,Diploma,Student,Pune,Laptop,High,C103,Introduction to AI,Programming,Intermediate,75,4.5,5,28,66.6,4,7.4,6,7,6.7,6,3,3,50.3,76.7,63.2,4,24-11-2023,UPI,Yes,No,5670,75,3,0,2.7,Completed,0,1,2,0,0,2,4,5
19984,STU119984,Vivaan Bose,Male,25,Bachelor,Student,Bengaluru,Mobile,Low,C105,UI/UX Design Fundamentals,Design,Beginner,40,4.4,3,24,38.0,3,0.5,0,9,6.7,8,2,0,100.0,71.9,64.9,2,22-08-2024,Credit Card,Yes,No,3803,61,2,0,3.9,Completed,1,0,2,1,1,1,1,0
19985,STU119985,Sneha Iyer,Male,31,HighSchool,Employed,Hyderabad,Mobile,Medium,C106,Machine Learning A-Z,Programming,Advanced,90,4.6,7,12,21.5,6,4.9,5,4,9.7,5,5,1,64.1,64.0,40.7,1,22-04-2024,Free,No,No,0,59,3,0,5.0,Not Completed,1,2,0,1,2,0,4,2
19986,STU119986,Ritika Sharma,Female,20,Master,Employed,Ahmedabad,Mobile,Medium,C106,Machine Learning A-Z,Programming,Advanced,90,4.6,2,23,63.5,1,0.5,6,4,5.6,3,7,4,81.2,89.8,44.7,1,22-07-2025,Debit Card,Yes,No,6161,61,5,1,4.3,Not Completed,0,3,0,1,2,0,4,1
19987,STU119987,Vihaan Reddy,Female,18,Bachelor,Employed,Nagpur,Laptop,Low,C108,Excel for Business,Business,Beginner,25,4.1,4,36,46.3,1,0.5,1,4,5.1,4,6,3,66.6,65.7,43.5,2,05-04-2024,Free,No,No,0,50,1,0,2.6,Not Completed,0,0,0,0,1,1,0,2
19988,STU119988,Meera Patel,Male,23,Bachelor,Employed,Delhi,Laptop,Medium,C104,Digital Marketing Essentials,Marketing,Beginner,30,4.3,5,40,58.0,1,4.1,25,8,5.6,4,6,5,63.7,65.5,47.6,3,13-02-2024,Free,No,No,0,64,0,1,4.8,Not Completed,1,0,0,0,2,1,2,2
19989,STU119989,Krishna Gupta,Female,25,Bachelor,Student,Surat,Mobile,Medium,C104,Digital Marketing Essentials,Marketing,Beginner,30,4.3,6,44,43.6,4,4.7,6,3,2.6,4,5,5,56.9,85.9,43.5,1,22-02-2024,NetBanking,Yes,No,3447,88,4,1,4.0,Completed,0,0,2,1,2,1,2,3
19990,STU119990,Vihaan Reddy,Female,30,Master,Employed,Lucknow,Mobile,Medium,C101,Python Basics,Programming,Beginner,45,4.6,4,16,87.5,1,0.5,1,6,7.2,7,3,3,75.3,80.6,76.7,3,23-04-2025,Credit Card,Yes,Yes,3352,22,2,0,3.8,Not Completed,0,3,0,1,2,1,4,0
19991,STU119991,Rohan Mehta,Female,25,Master,Employed,Mumbai,Mobile,High,C103,Introduction to AI,Programming,Intermediate,75,4.5,5,26,79.2,3,2.9,7,3,4.4,2,7,2,81.9,58.3,42.6,1,09-11-2024,Free,No,No,0,80,3,2,3.9,Not Completed,0,3,0,1,0,2,4,2
19992,STU119992,Isha Shah,Female,17,Master,Student,Surat,Laptop,High,C108,Excel for Business,Business,Beginner,25,4.1,8,43,80.3,2,7.0,3,8,3.8,3,7,3,58.7,56.1,48.9,1,22-07-2024,Credit Card,Yes,Yes,2730,54,2,2,3.5,Completed,0,3,2,0,0,1,0,0
19993,STU119993,Neha Gupta,Male,20,Bachelor,Student,Kolkata,Tablet,Medium,C105,UI/UX Design Fundamentals,Design,Beginner,40,4.4,5,23,20.8,1,7.7,3,7,6.2,4,6,2,61.5,50.0,33.8,1,02-07-2025,NetBanking,Yes,No,4311,58,3,3,2.7,Not Completed,1,0,2,2,2,1,1,3
19994,STU119994,Rohan Sharma,Female,23,Master,Student,Kolkata,Mobile,Medium,C102,Data Analysis with Python,Programming,Intermediate,60,4.7,4,37,14.3,2,0.5,2,9,3.1,1,9,2,89.1,52.3,13.6,2,02-03-2024,NetBanking,Yes,No,5036,87,2,1,4.9,Not Completed,0,3,2,1,2,2,4,3
19995,STU119995,Arjun Patel,Female,30,Diploma,Student,Chennai,Mobile,Low,C107,Statistics for Data Science,Math,Intermediate,50,4.2,4,14,26.6,3,3.5,8,3,3.3,4,6,5,72.1,82.2,37.4,5,28-07-2024,UPI,Yes,Yes,3534,50,5,0,3.3,Not Completed,0,1,2,1,1,2,3,5
19996,STU119996,Rahul Patel,Female,18,Master,Employed,Kolkata,Mobile,High,C108,Excel for Business,Business,Beginner,25,4.1,5,41,27.4,6,3.7,6,7,3.9,5,5,2,78.9,53.6,42.3,4,26-01-2025,Debit Card,Yes,No,3283,74,2,1,4.1,Not Completed,0,3,0,1,0,1,0,1
19997,STU119997,Ananya Singh,Male,31,Bachelor,Student,Hyderabad,Laptop,High,C107,Statistics for Data Science,Math,Intermediate,50,4.2,3,21,50.6,4,1.7,6,4,5.1,4,6,1,76.0,70.4,45.2,2,10-09-2025,Scholarship,No,No,1219,57,6,2,5.0,Not Completed,1,0,2,0,0,2,3,4
19998,STU119998,Sneha Mehta,Female,30,HighSchool,Employed,Jaipur,Mobile,Medium,C102,Data Analysis with Python,Programming,Intermediate,60,4.7,4,40,75.8,1,0.5,3,7,3.4,5,5,5,65.1,60.1,59.5,1,24-02-2024,UPI,Yes,No,4635,28,0,0,4.7,Not Completed,0,2,0,1,2,2,4,5
19999,STU119999,Ritika Reddy,Male,39,PhD,Employed,Indore,Mobile,High,C108,Excel for Business,Business,Beginner,25,4.1,6,31,59.6,2,1.3,11,7,5.7,6,3,4,99.4,84.7,61.1,3,14-07-2024,Credit Card,Yes,Yes,2643,85,1,1,4.1,Not Completed,1,4,0,1,0,1,0,0
20000,STU120000,Rohan Bose,Female,21,HighSchool,Employed,Vadodara,Laptop,High,C102,Data Analysis with Python,Programming,Intermediate,60,4.7,6,31,52.6,2,8.0,3,4,10.0,2,8,3,86.6,50.5,32.9,4,09-12-2023,Free,No,No,0,61,0,0,3.3,Completed,0,2,0,0,0,2,4,2
20001,STU120001,Pooja Patel,Male,26,Bachelor,Student,Bengaluru,Mobile,High,C102,Data Analysis with Python,Programming,Intermediate,60,4.7,4,32,82.0,1,0.5,0,1,8.9,5,4,3,76.2,88.2,63.1,2,05-06-2025,Debit Card,Yes,No,4725,58,0,1,4.4,Not Completed,1,0,2,1,0,2,4,1
20002,STU120002,Aarav Joshi,Male,19,Bachelor,Employed,Mumbai,Mobile,Medium,C104,Digital Marketing Essentials,Marketing,Beginner,30,4.3,4,45,92.5,2,2.5,6,6,6.2,8,2,5,60.3,49.8,82.9,2,19-05-2024,Debit Card,Yes,Yes,2747,98,4,0,3.7,Completed,1,0,0,1,2,1,2,1
20003,STU120003,Ananya Joshi,Female,25,Master,Student,Mumbai,Mobile,High,C102,Data Analysis with Python,Programming,Intermediate,60,4.7,6,44,36.0,2,7.9,12,8,3.3,4,6,11,48.5,79.0,40.6,4,21-01-2025,Credit Card,Yes,No,5445,70,3,1,5.0,Completed,0,3,2,1,0,2,4,0
20004,STU120004,Rohan Joshi,Female,34,Bachelor,Student,Mumbai,Mobile,Medium,C105,UI/UX Design Fundamentals,Design,Beginner,40,4.4,6,37,23.3,1,5.6,0,3,5.5,4,6,3,94.0,86.1,36.4,3,14-08-2025,Free,No,No,0,81,3,0,4.0,Completed,0,0,2,1,2,1,1,2
20005,STU120005,Priya Bose,Male,32,Bachelor,Student,Vadodara,Mobile,High,C104,Digital Marketing Essentials,Marketing,Beginner,30,4.3,5,29,91.1,2,7.9,8,3,9.0,5,5,1,64.9,76.8,65.7,4,02-10-2024,Credit Card,Yes,No,3204,33,0,3,3.9,Completed,1,0,2,1,0,1,2,0
20006,STU120006,Sai Mehta,Male,27,Bachelor,Student,Delhi,Laptop,Medium,C104,Digital Marketing Essentials,Marketing,Beginner,30,4.3,3,14,68.2,1,0.5,4,7,8.8,5,5,3,59.3,84.6,58.1,1,10-01-2024,Free,No,No,0,100,3,2,3.2,Completed,1,0,2,0,2,1,2,2
20007,STU120007,Sneha Shah,Female,34,Bachelor,Student,Ahmedabad,Laptop,High,C101,Python Basics,Programming,Beginner,45,4.6,5,31,89.4,2,10.3,1,2,6.0,5,4,6,82.1,73.8,65.0,3,26-04-2025,Credit Card,Yes,No,4270,58,0,0,5.0,Completed,0,0,2,0,0,1,4,0
20008,STU120008,Arjun Bose,Female,21,HighSchool,Employed,Indore,Mobile,High,C102,Data Analysis with Python,Programming,Intermediate,60,4.7,5,23,86.6,5,0.5,6,5,10.0,6,4,6,67.6,81.3,70.4,3,19-09-2025,UPI,Yes,No,5485,44,0,1,4.7,Completed,0,2,0,1,0,2,4,5
20009,STU120009,Ritika Reddy,Male,23,Master,Self-Employed,Mumbai,Mobile,Medium,C101,Python Basics,Programming,Beginner,45,4.6,4,43,58.8,2,0.5,17,11,8.0,3,7,5,63.1,35.5,40.4,1,25-12-2023,Free,No,No,0,99,5,0,4.0,Not Completed,1,3,1,1,2,1,4,2
20010,STU120010,Krishna Mehta,Female,30,Bachelor,Student,Vadodara,Mobile,Medium,C105,UI/UX Design Fundamentals,Design,Beginner,40,4.4,4,26,61.7,0,3.8,3,6,7.4,4,6,1,63.5,60.5,48.6,1,25-05-2024,NetBanking,Yes,No,4270,56,2,0,5.0,Not Completed,0,0,2,1,2,1,1,3
20011,STU120011,Sakshi Bhardwaj,Male,37,Bachelor,Self-Employed,Jaipur,Mobile,High,C107,Statistics for Data Science,Math,Intermediate,50,4.2,4,44,89.6,1,2.5,7,4,4.1,7,3,2,75.0,80.1,77.4,2,17-05-2024,UPI,Yes,No,4144,91,2,1,4.9,Completed,1,0,1,1,0,2,3,5
20012,STU120012,Arjun Bose,Female,25,Bachelor,Employed,Pune,Laptop,High,C105,UI/UX Design Fundamentals,Design,Beginner,40,4.4,3,32,61.5,1,0.5,0,7,4.4,5,5,2,85.6,62.3,54.6,5,16-03-2025,UPI,Yes,No,3687,99,3,2,4.7,Not Completed,0,0,0,0,0,1,1,5
20013,STU120013,Kavya Shah,Female,26,Diploma,Employed,Indore,Mobile,Medium,C102,Data Analysis with Python,Programming,Intermediate,60,4.7,3,50,68.5,0,2.1,9,6,5.2,9,1,1,65.8,63.3,81.2,5,09-09-2025,Credit Card,Yes,No,5361,67,1,0,3.2,Completed,0,1,0,1,2,2,4,0
20014,STU120014,Ananya Joshi,Female,27,Bachelor,Employed,Delhi,Laptop,Medium,C108,Excel for Business,Business,Beginner,25,4.1,4,21,83.3,3,0.5,1,3,6.7,6,4,3,57.7,54.9,67.9,3,29-03-2024,UPI,Yes,No,3334,99,4,0,4.4,Not Completed,0,0,0,0,2,1,0,5
20015,STU120015,Arjun Reddy,Male,18,Bachelor,Student,Chennai,Mobile,High,C105,UI/UX Design Fundamentals,Design,Beginner,40,4.4,8,34,81.4,2,16.2,0,5,8.5,4,5,1,76.9,67.4,55.9,5,22-08-2025,Free,No,No,0,73,0,0,4.5,Completed,1,0,2,1,0,1,1,2
20016,STU120016,Aarav Shah,Male,18,Bachelor,Student,Nagpur,Mobile,Medium,C104,Digital Marketing Essentials,Marketing,Beginner,30,4.3,4,38,39.4,5,4.1,2,4,7.8,4,6,3,81.5,70.8,41.3,5,16-04-2025,Scholarship,No,Yes,755,97,5,0,3.8,Not Completed,1,0,2,1,2,1,2,4
20017,STU120017,Isha Mehta,Male,17,Master,Student,Mumbai,Mobile,Low,C108,Excel for Business,Business,Beginner,25,4.1,5,24,67.9,2,1.7,4,4,7.6,2,8,4,100.0,66.1,39.1,5,30-09-2025,Debit Card,Yes,No,3530,84,3,0,4.0,Not Completed,1,3,2,1,1,1,0,1
20018,STU120018,Priya Kumar,Male,22,Bachelor,Student,Ahmedabad,Laptop,Medium,C105,UI/UX Design Fundamentals,Design,Beginner,40,4.4,4,35,46.5,1,3.2,8,4,5.5,6,4,4,79.1,62.0,55.4,1,24-02-2024,UPI,Yes,No,3923,80,8,0,3.0,Not Completed,1,0,2,0,2,1,1,5
20019,STU120019,Aarav Bose,Female,28,Bachelor,Student,Kolkata,Mobile,High,C101,Python Basics,Programming,Beginner,45,4.6,2,30,56.4,1,8.3,25,7,6.4,1,9,8,55.7,59.4,28.7,1,28-02-2025,Free,No,No,0,50,4,1,4.4,Not Completed,0,0,2,1,0,1,4,2
20020,STU120020,Vihaan Singh,Male,23,Master,Employed,Lucknow,Mobile,Low,C103,Introduction to AI,Programming,Intermediate,75,4.5,5,31,34.4,0,8.5,0,2,7.2,2,8,1,62.7,81.9,28.1,3,25-05-2025,Debit Card,Yes,No,5675,70,1,4,3.3,Completed,1,3,0,1,1,2,4,1
20021,STU120021,Sakshi Verma,Female,20,Bachelor,Self-Employed,Indore,Laptop,Medium,C102,Data Analysis with Python,Programming,Intermediate,60,4.7,5,47,63.0,3,2.0,5,3,2.4,4,5,3,86.0,66.4,49.4,3,25-06-2024,Credit Card,Yes,No,5020,33,2,1,3.7,Not Completed,0,0,1,0,2,2,4,0
20022,STU120022,Aditya Verma,Female,29,Bachelor,Self-Employed,Surat,Mobile,Low,C105,UI/UX Design Fundamentals,Design,Beginner,40,4.4,5,34,65.8,0,5.8,4,5,6.2,3,7,5,83.6,65.8,44.3,7,12-03-2025,Debit Card,Yes,No,4214,100,1,1,4.0,Completed,0,0,1,1,1,1,1,1
20023,STU120023,Pooja Sharma,Female,19,Bachelor,Employed,Delhi,Mobile,High,C104,Digital Marketing Essentials,Marketing,Beginner,30,4.3,4,20,52.9,3,0.5,38,4,2.6,6,4,5,65.6,73.4,58.2,1,30-12-2024,Free,No,Yes,0,51,4,3,4.3,Not Completed,0,0,0,1,0,1,2,2
20024,STU120024,Aarav Joshi,Male,27,Bachelor,Unemployed,Ahmedabad,Laptop,Medium,C101,Python Basics,Programming,Beginner,45,4.6,6,29,40.3,0,0.5,4,3,5.9,3,6,3,70.2,59.4,35.1,5,02-01-2024,Free,No,No,0,100,4,1,4.7,Not Completed,1,0,3,0,2,1,4,2
20025,STU120025,Vihaan Iyer,Male,34,HighSchool,Employed,Bengaluru,Mobile,Medium,C103,Introduction to AI,Programming,Intermediate,75,4.5,2,32,86.6,4,3.5,7,6,7.2,3,7,1,80.9,74.8,52.1,3,08-03-2024,Free,No,No,0,76,1,1,3.3,Completed,1,2,0,1,2,2,4,2
20026,STU120026,Sneha Desai,Male,22,Bachelor,Student,Kolkata,Mobile,Medium,C102,Data Analysis with Python,Programming,Intermediate,60,4.7,3,45,77.9,2,0.5,7,7,7.3,5,5,5,87.8,63.8,60.5,1,25-03-2025,NetBanking,Yes,No,5069,93,2,0,4.4,Not Completed,1,0,2,1,2,2,4,3
20027,STU120027,Sakshi Bose,Male,17,Bachelor,Student,Bhopal,Mobile,Medium,C102,Data Analysis with Python,Programming,Intermediate,60,4.7,7,40,58.4,0,1.8,0,5,8.0,6,4,4,68.4,45.0,58.7,1,01-12-2024,Free,No,No,0,48,2,2,5.0,Not Completed,1,0,2,1,2,2,4,2
20028,STU120028,Meera Kumar,Male,23,Master,Employed,Chennai,Mobile,Medium,C106,Machine Learning A-Z,Programming,Advanced,90,4.6,8,35,73.8,3,5.8,4,3,9.0,5,5,5,82.7,46.8,58.2,3,01-10-2024,Credit Card,Yes,No,6715,100,4,2,3.2,Completed,1,3,0,1,2,0,4,0
20029,STU120029,Aarav Joshi,Female,28,Bachelor,Student,Kolkata,Mobile,Medium,C102,Data Analysis with Python,Programming,Intermediate,60,4.7,5,8,52.7,2,0.5,6,5,5.8,4,6,2,70.9,58.8,45.4,1,20-12-2023,Credit Card,Yes,No,4630,89,1,0,3.9,Not Completed,0,0,2,1,2,2,4,0
20030,STU120030,Nikhil Kumar,Female,33,Master,Student,Pune,Mobile,Medium,C102,Data Analysis with Python,Programming,Intermediate,60,4.7,7,44,34.3,4,1.5,6,6,6.5,7,2,3,100.0,71.6,57.6,6,25-09-2024,Debit Card,Yes,No,5237,95,5,0,4.7,Completed,0,3,2,1,2,2,4,1
20031,STU120031,Neha Gupta,Male,25,Master,Employed,Bengaluru,Mobile,High,C105,UI/UX Design Fundamentals,Design,Beginner,40,4.4,2,28,86.4,5,0.5,1,3,7.2,5,5,4,54.4,81.5,64.3,6,28-08-2025,Free,No,Yes,0,55,0,0,5.0,Not Completed,1,3,0,1,0,1,1,2
20032,STU120032,Aarav Gupta,Female,34,Bachelor,Student,Hyderabad,Mobile,High,C106,Machine Learning A-Z,Programming,Advanced,90,4.6,4,30,58.8,2,7.3,11,7,3.2,7,3,4,60.4,66.2,65.9,4,20-12-2023,UPI,Yes,Yes,5561,73,2,1,4.8,Not Completed,0,0,2,1,0,0,4,5
20033,STU120033,Aditya Joshi,Female,22,PhD,Student,Ahmedabad,Laptop,Medium,C107,Statistics for Data Science,Math,Intermediate,50,4.2,7,12,19.0,1,0.5,39,5,1.8,4,6,1,58.8,65.8,34.0,1,14-07-2024,Debit Card,Yes,Yes,3446,70,0,0,3.5,Not Completed,0,4,2,0,2,2,3,1
20034,STU120034,Kavya Nair,Male,27,Diploma,Student,Nagpur,Laptop,Medium,C107,Statistics for Data Science,Math,Intermediate,50,4.2,6,36,73.2,3,4.8,1,5,7.8,8,2,5,71.5,78.0,77.5,5,25-10-2023,NetBanking,Yes,No,4528,72,2,0,3.9,Completed,1,1,2,0,2,2,3,3
20035,STU120035,Ananya Mehta,Female,34,Bachelor,Student,Bhopal,Laptop,Medium,C108,Excel for Business,Business,Beginner,25,4.1,3,26,43.6,3,5.9,2,4,6.1,4,6,0,66.7,54.2,42.0,4,30-10-2024,UPI,Yes,No,3247,76,0,1,5.0,Not Completed,0,0,2,0,2,1,0,5
20036,STU120036,Krishna Kumar,Male,29,Bachelor,Student,Nagpur,Mobile,Medium,C102,Data Analysis with Python,Programming,Intermediate,60,4.7,4,30,47.4,3,0.5,6,4,3.6,5,5,5,66.3,89.3,51.0,3,19-08-2024,UPI,Yes,No,4877,94,2,0,4.0,Not Completed,1,0,2,1,2,2,4,5
20037,STU120037,Arjun Verma,Female,19,Diploma,Employed,Vadodara,Mobile,High,C104,Digital Marketing Essentials,Marketing,Beginner,30,4.3,4,38,67.0,4,7.5,5,3,5.9,4,5,4,65.8,79.0,51.4,2,09-11-2023,UPI,Yes,No,3813,55,5,0,3.9,Not Completed,0,1,0,1,0,1,2,5
20038,STU120038,Rohan Nair,Female,28,Bachelor,Student,Bengaluru,Tablet,High,C103,Introduction to AI,Programming,Intermediate,75,4.5,5,61,83.9,3,11.7,8,7,6.1,3,7,3,69.3,69.0,50.8,3,08-04-2024,UPI,Yes,No,5212,55,1,1,4.1,Not Completed,0,0,2,2,0,2,4,5
20039,STU120039,Nikhil Reddy,Female,34,Bachelor,Student,Lucknow,Mobile,Medium,C106,Machine Learning A-Z,Programming,Advanced,90,4.6,2,26,53.4,1,0.5,1,2,8.2,5,5,2,85.2,82.7,52.8,2,08-08-2024,Free,No,No,0,53,1,0,5.0,Completed,0,0,2,1,2,0,4,2
20040,STU120040,Rahul Patel,Male,31,Master,Student,Nagpur,Laptop,Medium,C102,Data Analysis with Python,Programming,Intermediate,60,4.7,4,42,72.8,1,1.3,2,2,5.6,4,6,4,91.3,67.6,52.9,1,16-06-2025,UPI,Yes,No,4533,52,2,0,3.8,Not Completed,1,3,2,0,2,2,4,5
20041,STU120041,Isha Nair,Male,25,Bachelor,Employed,Nagpur,Mobile,High,C107,Statistics for Data Science,Math,Intermediate,50,4.2,4,16,58.8,4,1.2,3,8,4.3,3,7,4,52.9,74.5,42.3,5,06-05-2025,Free,No,No,0,95,1,2,4.1,Not Completed,1,0,0,1,0,2,3,2
20042,STU120042,Kavya Iyer,Male,24,Bachelor,Employed,Nagpur,Laptop,High,C102,Data Analysis with Python,Programming,Intermediate,60,4.7,6,14,35.1,3,5.8,26,6,4.7,2,8,0,76.3,60.5,27.3,3,16-05-2024,Free,No,No,0,74,3,0,3.8,Not Completed,1,0,0,0,0,2,4,2
20043,STU120043,Sneha Verma,Male,20,Master,Student,Mumbai,Laptop,Medium,C101,Python Basics,Programming,Beginner,45,4.6,3,35,82.2,3,0.5,4,6,2.5,4,6,6,70.1,48.4,55.2,2,02-05-2025,UPI,Yes,No,4029,57,2,4,3.8,Completed,1,3,2,0,2,1,4,5
20044,STU120044,Sakshi Reddy,Female,27,Bachelor,Student,Chennai,Mobile,Medium,C107,Statistics for Data Science,Math,Intermediate,50,4.2,6,44,46.4,2,0.5,0,11,4.0,7,3,2,83.9,81.0,62.3,4,12-01-2024,UPI,Yes,No,4377,100,1,0,4.8,Not Completed,0,0,2,1,2,2,3,5
20045,STU120045,Vivaan Iyer,Female,24,Bachelor,Employed,Bhopal,Mobile,High,C105,UI/UX Design Fundamentals,Design,Beginner,40,4.4,5,37,36.7,1,1.8,0,10,6.9,3,7,1,84.9,94.7,35.6,2,02-01-2025,Scholarship,No,No,1796,56,4,0,3.5,Not Completed,0,0,0,1,0,1,1,4
20046,STU120046,Krishna Patel,Male,29,Bachelor,Employed,Bengaluru,Laptop,Medium,C107,Statistics for Data Science,Math,Intermediate,50,4.2,6,24,68.3,1,1.8,0,3,4.2,4,6,2,68.4,86.3,52.2,2,22-12-2024,NetBanking,Yes,No,4473,67,1,2,4.5,Completed,1,0,0,0,2,2,3,3
20047,STU120047,Isha Shah,Male,30,Bachelor,Student,Indore,Mobile,Medium,C107,Statistics for Data Science,Math,Intermediate,50,4.2,5,30,96.3,11,9.0,3,6,5.8,5,5,2,87.9,92.4,68.3,5,12-08-2025,Debit Card,Yes,No,4937,86,1,2,4.5,Not Completed,1,0,2,1,2,2,3,1
20048,STU120048,Sneha Singh,Male,17,HighSchool,Student,Hyderabad,Mobile,Medium,C108,Excel for Business,Business,Beginner,25,4.1,4,31,23.2,0,5.9,16,2,6.4,4,6,2,49.3,58.7,35.1,1,21-08-2025,Free,No,Yes,0,84,3,1,4.5,Not Completed,1,2,2,1,2,1,0,2
20049,STU120049,Rahul Sharma,Female,22,Bachelor,Employed,Surat,Mobile,Medium,C107,Statistics for Data Science,Math,Intermediate,50,4.2,8,33,66.1,3,7.6,8,6,8.3,6,4,5,86.0,53.2,61.8,2,31-05-2025,UPI,Yes,No,4130,80,3,0,4.2,Completed,0,0,0,1,2,2,3,5
20050,STU120050,Rahul Joshi,Female,30,Bachelor,Student,Nagpur,Laptop,High,C107,Statistics for Data Science,Math,Intermediate,50,4.2,5,27,49.8,1,0.5,13,6,7.3,5,5,4,79.4,81.6,51.5,3,03-02-2025,NetBanking,Yes,No,4663,70,0,0,4.6,Not Completed,0,0,2,0,0,2,3,3
20051,STU120051,Sakshi Bose,Male,24,HighSchool,Student,Delhi,Mobile,High,C105,UI/UX Design Fundamentals,Design,Beginner,40,4.4,12,52,36.2,3,11.2,4,6,7.6,5,5,6,79.2,77.6,46.6,5,27-03-2024,Debit Card,Yes,No,4385,87,3,0,3.4,Not Completed,1,2,2,1,0,1,1,1
20052,STU120052,Aditya Kumar,Female,30,Bachelor,Student,Surat,Mobile,Medium,C103,Introduction to AI,Programming,Intermediate,75,4.5,2,27,45.2,2,0.5,7,4,6.5,5,5,4,53.9,38.7,47.8,3,17-04-2025,Free,No,Yes,0,77,2,1,5.0,Completed,0,0,2,1,2,2,4,2
20053,STU120053,Sai Iyer,Male,18,HighSchool,Student,Pune,Laptop,High,C104,Digital Marketing Essentials,Marketing,Beginner,30,4.3,7,47,83.9,0,0.5,11,7,7.5,2,8,2,77.9,78.8,45.3,5,16-10-2024,Debit Card,Yes,No,3293,77,3,0,4.0,Not Completed,1,2,2,0,0,1,2,1
20054,STU120054,Sneha Sharma,Male,18,Bachelor,Unemployed,Lucknow,Laptop,Low,C103,Introduction to AI,Programming,Intermediate,75,4.5,4,44,57.6,0,0.5,4,4,8.9,6,4,3,60.4,46.2,58.5,1,15-11-2023,Credit Card,Yes,No,5261,33,1,1,4.1,Not Completed,1,0,3,0,1,2,4,0
20055,STU120055,Nikhil Singh,Female,25,HighSchool,Student,Bhopal,Laptop,Low,C102,Data Analysis with Python,Programming,Intermediate,60,4.7,5,30,57.1,3,4.2,3,3,5.1,5,5,6,58.9,41.3,52.1,2,23-12-2024,Debit Card,Yes,No,5410,72,2,1,4.4,Completed,0,2,2,0,1,2,4,1
20056,STU120056,Kavya Singh,Female,26,Master,Student,Mumbai,Laptop,High,C104,Digital Marketing Essentials,Marketing,Beginner,30,4.3,2,21,84.8,3,1.6,0,7,7.6,3,7,4,72.9,45.5,49.9,3,22-04-2025,UPI,Yes,No,3412,52,2,0,4.7,Completed,0,3,2,0,0,1,2,5
20057,STU120057,Aarav Kumar,Male,24,HighSchool,Unemployed,Surat,Mobile,High,C106,Machine Learning A-Z,Programming,Advanced,90,4.6,3,48,88.6,1,0.5,7,8,6.5,3,7,10,92.9,79.3,53.0,3,10-04-2025,UPI,Yes,No,7005,76,3,0,5.0,Completed,1,2,3,1,0,0,4,5
20058,STU120058,Aditya Verma,Male,31,Bachelor,Student,Indore,Mobile,Medium,C104,Digital Marketing Essentials,Marketing,Beginner,30,4.3,8,23,82.9,5,0.8,6,6,7.4,2,8,5,75.1,67.1,44.4,2,25-02-2024,Free,No,No,0,100,3,1,5.0,Not Completed,1,0,2,1,2,1,2,2
20059,STU120059,Meera Nair,Female,22,Diploma,Student,Ahmedabad,Mobile,Medium,C103,Introduction to AI,Programming,Intermediate,75,4.5,5,36,50.4,1,12.8,8,0,8.5,5,5,3,83.2,66.2,50.9,3,28-11-2023,NetBanking,Yes,No,6021,75,0,0,5.0,Not Completed,0,1,2,1,2,2,4,3
20060,STU120060,Aditya Desai,Male,21,HighSchool,Student,Delhi,Mobile,Medium,C101,Python Basics,Programming,Beginner,45,4.6,4,14,83.1,6,6.9,6,8,6.3,5,5,4,76.0,82.4,63.2,1,04-01-2025,Debit Card,Yes,No,4581,76,2,1,4.1,Completed,1,2,2,1,2,1,4,1
20061,STU120061,Isha Singh,Female,18,Bachelor,Self-Employed,Lucknow,Mobile,High,C101,Python Basics,Programming,Beginner,45,4.6,6,32,61.7,7,5.7,7,7,6.6,6,4,3,81.1,64.3,60.8,4,22-12-2023,Free,No,No,0,80,4,1,4.2,Completed,0,0,1,1,0,1,4,2
20062,STU120062,Aarav Nair,Male,23,Bachelor,Student,Bhopal,Mobile,Medium,C108,Excel for Business,Business,Beginner,25,4.1,5,27,93.1,0,3.9,12,7,7.6,1,9,3,87.8,81.0,42.6,1,16-07-2024,Scholarship,No,No,796,82,1,2,2.9,Completed,1,0,2,1,2,1,0,4
20063,STU120063,Rahul Joshi,Male,24,HighSchool,Student,Hyderabad,Mobile,Low,C104,Digital Marketing Essentials,Marketing,Beginner,30,4.3,2,36,82.6,1,0.5,25,2,5.3,6,4,3,70.7,63.8,68.1,3,29-06-2025,UPI,Yes,No,3186,57,1,2,4.9,Not Completed,1,2,2,1,1,1,2,5
20064,STU120064,Krishna Shah,Male,25,Bachelor,Student,Jaipur,Laptop,Medium,C106,Machine Learning A-Z,Programming,Advanced,90,4.6,3,30,46.2,2,0.5,12,8,9.1,3,7,3,99.9,62.4,37.3,3,02-06-2024,Credit Card,Yes,No,6198,41,3,1,3.6,Completed,1,0,2,0,2,0,4,0
20065,STU120065,Ritika Sharma,Male,29,Bachelor,Employed,Bhopal,Mobile,Medium,C101,Python Basics,Programming,Beginner,45,4.6,6,39,84.3,2,9.2,2,7,5.9,4,6,1,67.1,62.6,56.6,3,05-11-2023,UPI,Yes,No,4035,81,2,3,4.3,Completed,1,0,0,1,2,1,4,5
20066,STU120066,Vihaan Desai,Male,37,Bachelor,Student,Ahmedabad,Mobile,High,C104,Digital Marketing Essentials,Marketing,Beginner,30,4.3,4,53,70.4,4,2.1,1,3,10.0,5,5,6,69.3,67.1,58.0,2,15-11-2024,Debit Card,Yes,No,3244,96,2,0,4.6,Completed,1,0,2,1,0,1,2,1
20067,STU120067,Nikhil Mehta,Male,20,Bachelor,Employed,Ahmedabad,Mobile,High,C104,Digital Marketing Essentials,Marketing,Beginner,30,4.3,7,58,61.1,4,6.6,32,5,9.2,5,5,5,88.4,67.2,54.8,1,31-12-2024,UPI,Yes,Yes,2790,66,5,1,4.1,Not Completed,1,0,0,1,0,1,2,5
20068,STU120068,Aditya Shah,Male,28,Bachelor,Employed,Hyderabad,Mobile,Medium,C105,UI/UX Design Fundamentals,Design,Beginner,40,4.4,3,33,58.1,2,0.5,7,3,5.4,6,4,2,93.2,45.8,58.6,1,13-11-2023,Credit Card,Yes,Yes,3199,53,7,0,4.1,Not Completed,1,0,0,1,2,1,1,0
20069,STU120069,Vihaan Kumar,Female,24,Bachelor,Employed,Hyderabad,Mobile,Medium,C101,Python Basics,Programming,Beginner,45,4.6,6,49,82.3,3,0.5,4,7,3.6,7,2,5,80.9,69.0,74.2,1,26-05-2025,Free,No,No,0,100,2,0,4.0,Completed,0,0,0,1,2,1,4,2
20070,STU120070,Kavya Iyer,Female,29,Bachelor,Student,Vadodara,Mobile,Low,C101,Python Basics,Programming,Beginner,45,4.6,9,26,71.3,4,4.9,1,2,6.3,5,5,2,64.8,47.6,57.3,2,26-08-2025,UPI,Yes,No,3858,47,4,0,5.0,Not Completed,0,0,2,1,1,1,4,5
20071,STU120071,Krishna Nair,Male,20,Bachelor,Employed,Mumbai,Mobile,High,C102,Data Analysis with Python,Programming,Intermediate,60,4.7,7,47,94.3,1,0.5,7,6,7.4,7,3,4,74.8,87.0,79.3,0,05-09-2025,Free,No,Yes,0,54,1,1,4.1,Completed,1,0,0,1,0,2,4,2
20072,STU120072,Vihaan Bose,Female,30,Bachelor,Student,Vadodara,Mobile,Medium,C108,Excel for Business,Business,Beginner,25,4.1,5,36,76.6,2,1.2,14,4,7.0,5,5,2,77.3,75.5,60.6,0,28-04-2024,UPI,Yes,Yes,2691,59,2,0,5.0,Not Completed,0,0,2,1,2,1,0,5
20073,STU120073,Ritika Shah,Female,31,Master,Student,Kolkata,Mobile,Medium,C108,Excel for Business,Business,Beginner,25,4.1,3,40,48.3,3,0.5,4,4,8.6,4,6,1,71.0,87.8,45.3,2,24-10-2023,Credit Card,Yes,No,3297,77,1,1,4.2,Completed,0,3,2,1,2,1,0,0
20074,STU120074,Nikhil Singh,Female,17,Bachelor,Student,Delhi,Mobile,Medium,C105,UI/UX Design Fundamentals,Design,Beginner,40,4.4,7,34,80.5,2,7.8,1,4,7.3,6,4,3,77.8,53.6,66.9,6,10-12-2024,Scholarship,No,No,1751,89,4,1,3.1,Completed,0,0,2,1,2,1,1,4
20075,STU120075,Vihaan Reddy,Male,36,Bachelor,Student,Pune,Laptop,Medium,C103,Introduction to AI,Programming,Intermediate,75,4.5,5,41,58.3,1,4.3,9,3,6.3,5,4,5,55.3,40.9,52.5,1,04-10-2024,Free,No,No,0,65,3,1,4.2,Completed,1,0,2,0,2,2,4,2
20076,STU120076,Sakshi Bhardwaj,Female,26,Bachelor,Employed,Kolkata,Mobile,High,C101,Python Basics,Programming,Beginner,45,4.6,2,27,77.9,1,4.5,2,2,4.9,4,5,5,62.6,63.6,54.4,0,17-02-2025,UPI,Yes,No,4573,45,0,0,2.7,Not Completed,0,0,0,1,0,1,4,5
20077,STU120077,Meera Reddy,Male,19,Diploma,Unemployed,Bengaluru,Mobile,Medium,C107,Statistics for Data Science,Math,Intermediate,50,4.2,6,57,65.7,1,5.0,2,2,8.1,2,8,6,69.8,81.6,39.1,4,29-12-2024,Debit Card,Yes,No,4776,58,4,0,3.2,Completed,1,1,3,1,2,2,3,1
20078,STU120078,Priya Kumar,Female,17,Diploma,Student,Mumbai,Mobile,High,C108,Excel for Business,Business,Beginner,25,4.1,6,51,80.6,1,1.9,14,6,8.6,8,2,8,100.0,71.5,79.8,7,05-01-2024,UPI,Yes,No,3462,70,5,2,4.0,Completed,0,1,2,1,0,1,0,5
20079,STU120079,Priya Verma,Female,30,Master,Employed,Hyderabad,Mobile,High,C104,Digital Marketing Essentials,Marketing,Beginner,30,4.3,5,30,41.6,5,8.7,26,2,5.2,6,4,1,61.8,62.1,53.7,1,04-05-2024,Debit Card,Yes,Yes,2760,92,4,0,2.8,Not Completed,0,3,0,1,0,1,2,1
20080,STU120080,Neha Joshi,Female,37,Diploma,Self-Employed,Ahmedabad,Mobile,Medium,C104,Digital Marketing Essentials,Marketing,Beginner,30,4.3,5,25,75.6,1,0.5,4,4,6.2,7,3,6,92.1,76.8,72.3,3,12-02-2025,Credit Card,Yes,No,3459,66,1,1,5.0,Completed,0,1,1,1,2,1,2,0
20081,STU120081,Arjun Gupta,Male,21,PhD,Employed,Bhopal,Mobile,High,C106,Machine Learning A-Z,Programming,Advanced,90,4.6,4,37,80.1,1,10.4,1,2,8.8,5,4,1,94.4,70.7,61.6,1,17-11-2023,Free,No,No,0,60,1,2,2.9,Not Completed,1,4,0,1,0,0,4,2
20082,STU120082,Ritika Shah,Male,24,Master,Student,Jaipur,Mobile,Medium,C106,Machine Learning A-Z,Programming,Advanced,90,4.6,5,27,81.4,2,5.9,18,5,6.1,7,3,9,91.3,86.4,74.8,4,03-05-2024,Credit Card,Yes,No,6644,64,1,0,3.9,Not Completed,1,3,2,1,2,0,4,0
20083,STU120083,Meera Verma,Female,17,Diploma,Employed,Hyderabad,Mobile,Low,C104,Digital Marketing Essentials,Marketing,Beginner,30,4.3,5,31,73.4,0,0.8,13,6,5.5,5,5,1,65.4,67.7,59.1,4,29-12-2024,Credit Card,Yes,No,3544,66,4,0,4.4,Not Completed,0,1,0,1,1,1,2,0
20084,STU120084,Vihaan Mehta,Female,28,Bachelor,Employed,Indore,Mobile,Medium,C104,Digital Marketing Essentials,Marketing,Beginner,30,4.3,2,46,96.3,1,2.5,9,6,6.5,5,5,8,85.7,56.5,66.5,3,14-05-2025,Credit Card,Yes,No,3752,63,2,1,3.2,Completed,0,0,0,1,2,1,2,0
20085,STU120085,Krishna Shah,Male,27,Diploma,Student,Kolkata,Mobile,Medium,C106,Machine Learning A-Z,Programming,Advanced,90,4.6,2,28,81.2,3,0.5,0,6,5.9,3,7,4,74.2,80.3,50.4,3,03-11-2023,Credit Card,Yes,No,6318,95,0,0,4.8,Not Completed,1,1,2,1,2,0,4,0
20086,STU120086,Vihaan Kumar,Female,28,Master,Student,Surat,Laptop,Medium,C108,Excel for Business,Business,Beginner,25,4.1,3,31,87.5,3,0.5,2,5,4.4,8,1,5,80.7,65.7,81.9,3,05-09-2025,Free,No,Yes,0,87,3,0,3.6,Completed,0,3,2,0,2,1,0,2
20087,STU120087,Vivaan Bose,Male,17,Bachelor,Employed,Bengaluru,Mobile,Medium,C104,Digital Marketing Essentials,Marketing,Beginner,30,4.3,9,63,80.4,2,5.4,4,5,8.0,6,4,2,47.8,43.5,66.3,2,14-09-2025,Credit Card,Yes,No,3514,84,0,3,3.5,Completed,1,0,0,1,2,1,2,0
20088,STU120088,Rohan Mehta,Female,17,Bachelor,Self-Employed,Nagpur,Mobile,Medium,C102,Data Analysis with Python,Programming,Intermediate,60,4.7,7,34,49.5,0,7.5,0,4,7.8,6,4,4,60.6,54.5,56.0,2,05-12-2024,NetBanking,Yes,No,5298,46,3,1,4.7,Not Completed,0,0,1,1,2,2,4,3
20089,STU120089,Sneha Nair,Female,20,Bachelor,Employed,Kolkata,Laptop,Medium,C103,Introduction to AI,Programming,Intermediate,75,4.5,2,17,62.0,3,0.5,16,5,5.8,1,9,1,63.5,72.2,31.3,2,22-07-2025,UPI,Yes,No,6255,49,0,0,4.2,Completed,0,0,0,0,2,2,4,5
20090,STU120090,Vivaan Joshi,Male,27,Bachelor,Student,Bengaluru,Mobile,Medium,C107,Statistics for Data Science,Math,Intermediate,50,4.2,4,33,66.3,3,1.2,0,5,9.1,3,7,4,89.2,64.7,44.4,6,11-04-2024,UPI,Yes,No,4186,80,6,0,3.2,Completed,1,0,2,1,2,2,3,5
20091,STU120091,Krishna Iyer,Male,31,Bachelor,Self-Employed,Bhopal,Mobile,High,C104,Digital Marketing Essentials,Marketing,Beginner,30,4.3,5,26,48.8,1,0.5,14,4,4.7,7,3,1,72.5,45.4,61.4,4,04-10-2024,Free,No,No,0,73,3,2,3.9,Not Completed,1,0,1,1,0,1,2,2
20092,STU120092,Ananya Bose,Male,31,Master,Employed,Pune,Laptop,High,C108,Excel for Business,Business,Beginner,25,4.1,7,36,87.4,3,0.5,14,5,5.1,6,4,5,83.3,59.4,69.6,3,25-08-2024,NetBanking,Yes,Yes,2795,60,2,0,4.2,Not Completed,1,3,0,0,0,1,0,3
20093,STU120093,Meera Reddy,Female,22,Bachelor,Student,Surat,Laptop,High,C108,Excel for Business,Business,Beginner,25,4.1,7,34,85.6,1,7.8,16,7,9.2,5,5,3,85.4,80.9,64.0,4,13-12-2023,UPI,Yes,No,3284,78,3,1,4.4,Completed,0,0,2,0,0,1,0,5
20094,STU120094,Vihaan Joshi,Other,19,Bachelor,Self-Employed,Bengaluru,Mobile,Medium,C103,Introduction to AI,Programming,Intermediate,75,4.5,3,44,48.5,2,0.5,6,5,3.6,6,4,1,60.4,37.9,54.9,4,19-08-2025,Credit Card,Yes,No,5980,55,0,0,3.0,Not Completed,2,0,1,1,2,2,4,0
20095,STU120095,Aarav Reddy,Female,26,HighSchool,Employed,Ahmedabad,Mobile,Medium,C104,Digital Marketing Essentials,Marketing,Beginner,30,4.3,9,30,80.8,2,9.9,4,13,8.5,8,2,8,78.0,63.2,79.5,6,18-05-2025,Free,No,No,0,55,3,1,5.0,Completed,0,2,0,1,2,1,2,2
20096,STU120096,Sakshi Singh,Male,23,Master,Employed,Hyderabad,Laptop,Medium,C104,Digital Marketing Essentials,Marketing,Beginner,30,4.3,4,27,91.9,1,10.7,2,5,5.5,4,6,2,76.8,60.7,59.2,0,03-04-2025,Free,No,No,0,60,1,1,3.7,Completed,1,3,0,0,2,1,2,2
20097,STU120097,Krishna Bhardwaj,Male,17,Bachelor,Student,Kolkata,Laptop,Medium,C106,Machine Learning A-Z,Programming,Advanced,90,4.6,10,30,76.6,2,4.8,2,8,4.3,5,5,6,60.0,55.7,59.6,4,15-07-2024,Debit Card,Yes,No,6893,82,4,1,5.0,Completed,1,0,2,0,2,0,4,1
20098,STU120098,Kavya Bhardwaj,Female,24,Diploma,Student,Delhi,Laptop,Medium,C108,Excel for Business,Business,Beginner,25,4.1,5,33,62.2,5,3.9,10,5,8.5,3,7,4,83.5,90.3,44.3,3,16-09-2025,Scholarship,No,No,923,95,2,0,4.5,Completed,0,1,2,0,2,1,0,4
20099,STU120099,Priya Bose,Female,21,Bachelor,Employed,Chennai,Laptop,Medium,C108,Excel for Business,Business,Beginner,25,4.1,4,42,84.4,4,2.0,10,4,7.0,5,5,6,83.9,51.6,62.1,3,23-05-2025,NetBanking,Yes,No,3060,96,4,2,2.6,Completed,0,0,0,0,2,1,0,3
20100,STU120100,Aditya Kumar,Male,32,Diploma,Employed,Ahmedabad,Mobile,Medium,C102,Data Analysis with Python,Programming,Intermediate,60,4.7,3,21,53.2,3,8.9,6,1,6.6,5,5,4,77.0,64.2,51.8,0,03-11-2023,Credit Card,Yes,No,4532,96,0,0,3.1,Completed,1,1,0,1,2,2,4,0
20101,STU120101,Rohan Verma,Female,20,Diploma,Employed,Indore,Laptop,High,C102,Data Analysis with Python,Programming,Intermediate,60,4.7,3,23,61.1,2,0.5,6,6,6.0,8,2,6,81.6,77.8,73.3,4,17-03-2024,UPI,Yes,No,4575,100,3,1,5.0,Not Completed,0,1,0,0,0,2,4,5
20102,STU120102,Neha Iyer,Male,18,Bachelor,Student,Surat,Laptop,High,C108,Excel for Business,Business,Beginner,25,4.1,9,27,63.4,1,5.8,2,4,7.5,7,3,3,67.9,65.2,67.5,1,18-05-2025,UPI,Yes,No,3223,77,2,1,3.4,Completed,1,0,2,0,0,1,0,5
20103,STU120103,Vihaan Desai,Male,27,Bachelor,Student,Ahmedabad,Laptop,High,C107,Statistics for Data Science,Math,Intermediate,50,4.2,6,40,56.3,6,5.5,3,5,6.5,6,4,5,94.6,64.0,58.9,1,28-02-2025,Debit Card,Yes,Yes,3789,70,2,0,4.4,Not Completed,1,0,2,0,0,2,3,1
20104,STU120104,Neha Verma,Male,28,HighSchool,Unemployed,Bhopal,Mobile,High,C106,Machine Learning A-Z,Programming,Advanced,90,4.6,4,36,36.0,0,6.9,1,3,10.0,5,5,6,65.0,84.3,46.8,0,17-03-2025,Free,No,Yes,0,89,2,0,4.7,Not Completed,1,2,3,1,0,0,4,2
20105,STU120105,Nikhil Sharma,Male,27,Bachelor,Unemployed,Hyderabad,Mobile,Medium,C107,Statistics for Data Science,Math,Intermediate,50,4.2,8,52,86.1,2,9.0,7,6,9.8,5,5,9,71.4,88.1,64.5,5,09-11-2024,Debit Card,Yes,No,4553,100,3,1,4.6,Not Completed,1,0,3,1,2,2,3,1
20106,STU120106,Pooja Kumar,Female,17,PhD,Student,Hyderabad,Mobile,Medium,C108,Excel for Business,Business,Beginner,25,4.1,5,37,72.6,4,2.2,0,5,7.1,2,8,4,95.1,45.2,39.7,2,24-04-2025,NetBanking,Yes,No,3558,26,2,2,5.0,Not Completed,0,4,2,1,2,1,0,3
20107,STU120107,Arjun Desai,Other,28,HighSchool,Employed,Kolkata,Mobile,Medium,C108,Excel for Business,Business,Beginner,25,4.1,6,51,54.5,2,0.5,4,6,6.6,4,6,2,69.2,62.7,46.2,2,28-01-2025,Debit Card,Yes,Yes,2879,45,1,1,4.6,Completed,2,2,0,1,2,1,0,1
20108,STU120108,Sai Patel,Male,40,Bachelor,Student,Ahmedabad,Laptop,High,C101,Python Basics,Programming,Beginner,45,4.6,8,40,44.7,2,0.8,2,7,9.8,5,5,5,68.0,48.0,48.0,5,19-03-2025,Credit Card,Yes,No,4532,59,2,1,4.9,Not Completed,1,0,2,0,0,1,4,0
20109,STU120109,Nikhil Singh,Male,21,Bachelor,Student,Jaipur,Mobile,Medium,C106,Machine Learning A-Z,Programming,Advanced,90,4.6,7,22,75.5,3,0.5,3,5,5.4,4,6,4,87.2,53.3,53.1,2,05-04-2024,UPI,Yes,Yes,6042,64,3,0,2.8,Completed,1,0,2,1,2,0,4,5
20110,STU120110,Neha Sharma,Male,29,Bachelor,Employed,Surat,Mobile,Medium,C108,Excel for Business,Business,Beginner,25,4.1,4,43,36.9,4,0.5,7,3,9.0,4,6,4,73.3,67.5,40.3,1,04-11-2023,Free,No,No,0,68,4,0,3.5,Completed,1,0,0,1,2,1,0,2
20111,STU120111,Ananya Gupta,Male,27,HighSchool,Student,Jaipur,Laptop,Medium,C107,Statistics for Data Science,Math,Intermediate,50,4.2,8,41,68.3,6,6.0,2,2,8.4,5,5,3,65.3,76.1,57.7,3,28-10-2023,Debit Card,Yes,No,4060,49,4,2,5.0,Completed,1,2,2,0,2,2,3,1
20112,STU120112,Priya Patel,Female,26,Bachelor,Employed,Chennai,Mobile,Medium,C104,Digital Marketing Essentials,Marketing,Beginner,30,4.3,7,45,56.4,5,10.7,13,5,8.3,6,4,8,83.7,53.6,58.4,4,07-04-2025,NetBanking,Yes,No,3585,83,3,0,5.0,Completed,0,0,0,1,2,1,2,3
20113,STU120113,Meera Mehta,Male,18,Bachelor,Student,Bengaluru,Laptop,Medium,C102,Data Analysis with Python,Programming,Intermediate,60,4.7,8,54,75.4,3,0.5,0,6,6.6,5,4,4,77.5,62.7,59.5,4,20-03-2025,NetBanking,Yes,No,4982,79,2,1,4.3,Not Completed,1,0,2,0,2,2,4,3
20114,STU120114,Arjun Gupta,Male,19,Bachelor,Student,Pune,Mobile,Medium,C108,Excel for Business,Business,Beginner,25,4.1,7,59,48.5,3,9.5,1,9,7.3,3,7,4,89.2,69.6,38.5,3,24-05-2024,UPI,Yes,No,3076,78,4,1,3.7,Completed,1,0,2,1,2,1,0,5
20115,STU120115,Vivaan Patel,Female,26,HighSchool,Student,Lucknow,Mobile,High,C105,UI/UX Design Fundamentals,Design,Beginner,40,4.4,5,23,39.9,0,0.5,19,4,6.9,2,8,4,63.1,51.9,28.6,1,08-02-2025,UPI,Yes,No,4157,66,1,0,3.7,Not Completed,0,2,2,1,0,1,1,5
20116,STU120116,Krishna Singh,Female,21,Bachelor,Employed,Surat,Laptop,Low,C102,Data Analysis with Python,Programming,Intermediate,60,4.7,3,35,64.7,2,0.5,19,10,3.8,5,5,4,80.6,65.4,55.9,1,10-05-2025,UPI,Yes,No,4686,69,0,1,4.6,Not Completed,0,0,0,0,1,2,4,5
20117,STU120117,Sakshi Shah,Female,40,Master,Self-Employed,Bengaluru,Mobile,Medium,C107,Statistics for Data Science,Math,Intermediate,50,4.2,3,55,36.3,1,4.5,3,5,9.4,4,6,4,67.3,67.4,40.1,4,05-03-2025,UPI,Yes,No,4458,82,3,0,5.0,Completed,0,3,1,1,2,2,3,5
20118,STU120118,Aarav Shah,Male,33,Master,Unemployed,Bengaluru,Laptop,Medium,C106,Machine Learning A-Z,Programming,Advanced,90,4.6,3,39,47.8,4,0.5,7,6,6.8,4,6,7,90.5,94.9,45.5,0,29-11-2024,UPI,Yes,No,6747,72,4,2,3.9,Not Completed,1,3,3,0,2,0,4,5
20119,STU120119,Meera Verma,Female,33,Bachelor,Student,Delhi,Laptop,High,C104,Digital Marketing Essentials,Marketing,Beginner,30,4.3,9,44,95.5,3,6.0,0,4,2.4,4,6,4,82.2,78.1,61.3,0,12-10-2024,UPI,Yes,No,3585,53,4,0,3.8,Completed,0,0,2,0,0,1,2,5
20120,STU120120,Meera Bose,Female,26,Bachelor,Employed,Nagpur,Mobile,Medium,C101,Python Basics,Programming,Beginner,45,4.6,3,37,73.4,2,6.3,0,3,4.0,8,2,3,57.3,69.6,77.2,3,19-10-2024,Free,No,Yes,0,67,2,2,4.4,Not Completed,0,0,0,1,2,1,4,2
20121,STU120121,Kavya Reddy,Female,21,Bachelor,Student,Pune,Laptop,Medium,C106,Machine Learning A-Z,Programming,Advanced,90,4.6,9,14,49.7,3,3.0,1,6,6.2,4,6,3,52.9,69.2,44.8,2,19-02-2025,Scholarship,No,Yes,1732,83,0,0,4.5,Not Completed,0,0,2,0,2,0,4,4
20122,STU120122,Pooja Singh,Male,21,PhD,Employed,Vadodara,Mobile,Low,C103,Introduction to AI,Programming,Intermediate,75,4.5,6,22,47.0,1,3.1,15,8,7.3,5,5,2,47.3,68.7,49.9,1,01-07-2025,Scholarship,No,Yes,1161,73,2,0,4.6,Completed,1,4,0,1,1,2,4,4
20123,STU120123,Kavya Gupta,Male,23,Bachelor,Employed,Vadodara,Mobile,Medium,C103,Introduction to AI,Programming,Intermediate,75,4.5,5,34,15.6,0,0.5,13,2,5.7,5,4,2,56.7,71.2,39.0,2,16-06-2025,NetBanking,Yes,No,5866,13,2,2,4.1,Completed,1,0,0,1,2,2,4,3
20124,STU120124,Vivaan Singh,Female,28,Bachelor,Employed,Chennai,Laptop,Medium,C101,Python Basics,Programming,Beginner,45,4.6,7,52,48.1,1,0.5,8,11,6.8,4,6,3,74.5,42.4,42.9,2,08-04-2025,UPI,Yes,No,4326,71,5,2,3.6,Not Completed,0,0,0,0,2,1,4,5
20125,STU120125,Neha Singh,Female,22,HighSchool,Student,Jaipur,Mobile,High,C106,Machine Learning A-Z,Programming,Advanced,90,4.6,6,29,82.5,8,3.4,7,4,4.1,6,3,7,62.6,98.8,69.8,4,17-04-2025,UPI,Yes,No,6236,100,4,0,4.9,Completed,0,2,2,1,0,0,4,5
20126,STU120126,Sai Verma,Female,20,HighSchool,Employed,Vadodara,Mobile,High,C105,UI/UX Design Fundamentals,Design,Beginner,40,4.4,4,26,63.5,0,7.2,3,3,6.1,7,3,3,95.6,100.0,69.2,1,17-08-2025,UPI,Yes,No,3902,74,4,1,4.1,Completed,0,2,0,1,0,1,1,5
20127,STU120127,Krishna Singh,Female,19,Master,Employed,Chennai,Mobile,High,C105,UI/UX Design Fundamentals,Design,Beginner,40,4.4,3,44,66.1,0,1.2,0,7,6.2,2,8,1,59.1,55.4,37.9,1,08-06-2025,UPI,Yes,No,4009,76,4,2,3.6,Not Completed,0,3,0,1,0,1,1,5
20128,STU120128,Pooja Reddy,Female,25,HighSchool,Employed,Delhi,Laptop,Medium,C104,Digital Marketing Essentials,Marketing,Beginner,30,4.3,3,24,78.1,2,0.5,2,6,5.4,5,5,4,64.3,53.1,60.0,1,16-05-2024,UPI,Yes,No,3410,57,3,0,4.3,Not Completed,0,2,0,0,2,1,2,5
20129,STU120129,Aarav Patel,Male,22,Bachelor,Employed,Indore,Mobile,Medium,C102,Data Analysis with Python,Programming,Intermediate,60,4.7,3,35,11.3,4,6.9,18,3,9.4,4,6,6,80.6,68.5,31.4,1,22-07-2025,Scholarship,No,No,1439,59,4,0,3.7,Not Completed,1,0,0,1,2,2,4,4
20130,STU120130,Sneha Mehta,Female,24,Master,Employed,Ahmedabad,Mobile,High,C102,Data Analysis with Python,Programming,Intermediate,60,4.7,6,13,78.4,0,0.5,16,5,5.7,3,6,4,76.3,45.7,47.7,3,10-09-2024,Credit Card,Yes,No,4902,92,0,0,2.6,Completed,0,3,0,1,0,2,4,0
20131,STU120131,Rahul Bhardwaj,Female,35,Bachelor,Self-Employed,Chennai,Mobile,High,C104,Digital Marketing Essentials,Marketing,Beginner,30,4.3,5,40,96.7,4,8.7,5,7,8.7,8,2,2,91.3,70.3,85.3,4,19-09-2025,Scholarship,No,No,1661,60,5,0,4.1,Not Completed,0,0,1,1,0,1,2,4
20132,STU120132,Meera Shah,Female,24,Bachelor,Employed,Ahmedabad,Mobile,Medium,C104,Digital Marketing Essentials,Marketing,Beginner,30,4.3,7,27,82.6,2,5.6,7,7,7.5,5,4,2,83.2,74.5,62.6,5,19-08-2025,Credit Card,Yes,No,3774,78,0,3,3.0,Completed,0,0,0,1,2,1,2,0
20133,STU120133,Rahul Reddy,Female,23,Bachelor,Employed,Hyderabad,Laptop,High,C108,Excel for Business,Business,Beginner,25,4.1,3,21,42.6,3,8.4,0,2,5.3,5,5,3,63.1,72.6,48.5,1,18-04-2025,Free,No,No,0,100,2,0,4.0,Not Completed,0,0,0,0,0,1,0,2
20134,STU120134,Krishna Bose,Male,27,Master,Student,Lucknow,Mobile,High,C106,Machine Learning A-Z,Programming,Advanced,90,4.6,8,32,76.2,1,14.7,0,6,6.4,2,8,4,97.5,39.0,40.6,0,24-01-2024,Credit Card,Yes,Yes,5574,57,1,2,4.7,Completed,1,3,2,1,0,0,4,0
20135,STU120135,Rahul Bose,Female,25,HighSchool,Employed,Nagpur,Mobile,High,C105,UI/UX Design Fundamentals,Design,Beginner,40,4.4,5,43,48.0,4,0.5,23,5,5.8,2,8,5,63.1,40.4,30.8,1,03-09-2025,Scholarship,No,Yes,1595,100,3,0,5.0,Not Completed,0,2,0,1,0,1,1,4
20136,STU120136,Sakshi Patel,Female,30,Bachelor,Employed,Indore,Laptop,High,C106,Machine Learning A-Z,Programming,Advanced,90,4.6,5,13,53.5,1,0.5,10,6,4.7,3,7,5,89.4,62.1,39.8,3,13-01-2024,UPI,Yes,No,7026,71,6,0,4.7,Not Completed,0,0,0,0,0,0,4,5
20137,STU120137,Pooja Nair,Female,20,Master,Employed,Kolkata,Mobile,Medium,C102,Data Analysis with Python,Programming,Intermediate,60,4.7,4,14,78.9,3,2.5,0,3,8.2,4,6,4,61.2,92.6,56.2,1,30-07-2025,UPI,Yes,No,5373,38,1,3,4.8,Completed,0,3,0,1,2,2,4,5
20138,STU120138,Arjun Patel,Male,34,Master,Employed,Surat,Mobile,Medium,C108,Excel for Business,Business,Beginner,25,4.1,3,44,45.3,1,5.5,1,2,4.9,5,5,2,86.0,56.4,48.7,2,04-10-2025,Free,No,No,0,73,1,0,4.7,Not Completed,1,3,0,1,2,1,0,2
20139,STU120139,Isha Bose,Male,24,Bachelor,Employed,Delhi,Laptop,Medium,C107,Statistics for Data Science,Math,Intermediate,50,4.2,4,23,55.8,5,8.5,1,6,6.2,6,4,5,63.1,53.5,58.2,3,06-11-2024,NetBanking,Yes,No,4691,65,1,0,4.3,Completed,1,0,0,0,2,2,3,3
20140,STU120140,Sai Verma,Male,30,HighSchool,Student,Surat,Laptop,Medium,C104,Digital Marketing Essentials,Marketing,Beginner,30,4.3,4,32,82.5,4,0.5,4,4,5.9,5,5,3,54.9,85.3,63.1,1,07-08-2024,Credit Card,Yes,No,3735,74,3,0,4.7,Completed,1,2,2,0,2,1,2,0
20141,STU120141,Meera Singh,Female,19,Bachelor,Employed,Delhi,Laptop,Medium,C108,Excel for Business,Business,Beginner,25,4.1,4,28,37.4,0,6.5,7,5,6.2,7,3,5,100.0,60.8,58.1,4,01-11-2023,Debit Card,Yes,No,2973,78,5,0,3.3,Completed,0,0,0,0,2,1,0,1
20142,STU120142,Nikhil Gupta,Male,32,Master,Employed,Nagpur,Laptop,High,C101,Python Basics,Programming,Beginner,45,4.6,4,39,60.7,3,0.5,7,5,7.6,4,6,3,67.6,74.6,49.0,2,13-08-2024,Credit Card,Yes,Yes,3925,66,1,2,4.7,Not Completed,1,3,0,0,0,1,4,0
20143,STU120143,Ritika Shah,Male,24,HighSchool,Student,Delhi,Mobile,High,C103,Introduction to AI,Programming,Intermediate,75,4.5,6,40,68.5,5,9.6,0,4,9.2,5,5,5,71.5,92.3,58.6,2,21-12-2023,UPI,Yes,No,6286,93,1,0,4.4,Not Completed,1,2,2,1,0,2,4,5
20144,STU120144,Krishna Singh,Male,17,Master,Employed,Chennai,Laptop,High,C108,Excel for Business,Business,Beginner,25,4.1,6,36,82.4,2,11.0,0,9,5.0,5,5,6,72.9,43.2,61.0,2,09-05-2025,Free,No,No,0,100,0,1,4.3,Not Completed,1,3,0,0,0,1,0,2
20145,STU120145,Rahul Iyer,Female,32,HighSchool,Student,Nagpur,Mobile,High,C106,Machine Learning A-Z,Programming,Advanced,90,4.6,6,52,62.0,3,11.6,15,8,3.2,7,3,9,88.7,73.2,67.4,5,29-10-2024,Credit Card,Yes,No,5922,36,6,2,5.0,Not Completed,0,2,2,1,0,0,4,0
20146,STU120146,Meera Desai,Female,33,HighSchool,Unemployed,Lucknow,Laptop,Low,C101,Python Basics,Programming,Beginner,45,4.6,5,33,68.7,2,10.8,5,3,3.0,3,7,2,61.0,52.3,44.7,2,01-11-2024,NetBanking,Yes,No,4584,62,2,0,4.3,Not Completed,0,2,3,0,1,1,4,3
20147,STU120147,Rahul Nair,Female,23,Master,Student,Bhopal,Laptop,Medium,C105,UI/UX Design Fundamentals,Design,Beginner,40,4.4,5,43,61.7,2,5.5,2,2,6.2,2,8,5,93.9,54.6,36.3,6,07-12-2024,UPI,Yes,No,4222,83,0,1,5.0,Not Completed,0,3,2,0,2,1,1,5
20148,STU120148,Meera Sharma,Male,25,Bachelor,Employed,Jaipur,Mobile,Medium,C103,Introduction to AI,Programming,Intermediate,75,4.5,5,41,66.4,2,0.5,1,1,5.9,7,3,6,75.5,77.3,69.1,2,28-03-2024,Credit Card,Yes,No,5396,75,5,0,4.3,Completed,1,0,0,1,2,2,4,0
20149,STU120149,Isha Iyer,Male,24,Bachelor,Employed,Pune,Mobile,Medium,C107,Statistics for Data Science,Math,Intermediate,50,4.2,3,36,86.5,2,0.5,8,7,6.2,4,6,3,90.0,67.3,57.6,3,26-10-2023,Credit Card,Yes,No,4914,66,4,0,4.7,Completed,1,0,0,1,2,2,3,0
20150,STU120150,Sai Iyer,Female,25,Bachelor,Student,Nagpur,Mobile,Medium,C103,Introduction to AI,Programming,Intermediate,75,4.5,5,23,83.0,2,0.5,9,6,10.0,6,4,6,70.4,82.2,69.2,1,20-12-2024,Scholarship,No,No,2609,79,2,1,4.8,Not Completed,0,0,2,1,2,2,4,4
20151,STU120151,Sakshi Gupta,Male,28,HighSchool,Student,Mumbai,Mobile,High,C107,Statistics for Data Science,Math,Intermediate,50,4.2,7,43,88.7,2,11.7,4,8,6.7,7,3,3,69.5,79.2,77.0,1,06-03-2024,Debit Card,Yes,No,4452,65,5,0,4.4,Completed,1,2,2,1,0,2,3,1
20152,STU120152,Kavya Nair,Female,23,Bachelor,Employed,Nagpur,Mobile,Medium,C108,Excel for Business,Business,Beginner,25,4.1,6,27,44.2,5,0.5,3,4,7.0,4,6,1,71.5,74.4,43.2,1,15-05-2025,NetBanking,Yes,No,2993,70,3,1,5.0,Completed,0,0,0,1,2,1,0,3
20153,STU120153,Nikhil Desai,Male,24,Bachelor,Unemployed,Chennai,Mobile,Medium,C103,Introduction to AI,Programming,Intermediate,75,4.5,7,54,67.8,4,3.8,0,4,7.9,5,5,4,89.2,95.8,58.5,1,16-04-2024,Free,No,Yes,0,55,4,1,3.5,Not Completed,1,0,3,1,2,2,4,2
20154,STU120154,Nikhil Patel,Female,28,Master,Employed,Jaipur,Mobile,Low,C101,Python Basics,Programming,Beginner,45,4.6,2,41,87.9,1,0.5,8,2,7.2,7,3,5,67.7,80.2,76.8,1,26-01-2025,NetBanking,Yes,No,4355,52,2,0,5.0,Completed,0,3,0,1,1,1,4,3
20155,STU120155,Ananya Sharma,Male,29,Diploma,Unemployed,Nagpur,Mobile,High,C101,Python Basics,Programming,Beginner,45,4.6,7,53,59.0,2,9.0,0,3,3.7,7,3,6,72.8,59.2,65.6,2,18-05-2024,UPI,Yes,No,4526,43,2,1,3.6,Not Completed,1,1,3,1,0,1,4,5
20156,STU120156,Nikhil Bose,Female,36,Bachelor,Employed,Lucknow,Laptop,High,C101,Python Basics,Programming,Beginner,45,4.6,4,28,91.5,3,3.3,3,7,6.8,8,2,4,66.5,72.9,83.7,0,11-01-2025,NetBanking,Yes,No,3847,82,1,3,4.3,Not Completed,0,0,0,0,0,1,4,3
20157,STU120157,Sneha Iyer,Male,28,Master,Student,Vadodara,Mobile,Low,C103,Introduction to AI,Programming,Intermediate,75,4.5,3,30,67.8,0,3.3,29,5,5.2,2,8,1,93.6,55.9,38.5,2,22-05-2024,UPI,Yes,No,5676,53,1,0,4.1,Completed,1,3,2,1,1,2,4,5
20158,STU120158,Pooja Patel,Female,27,Master,Employed,Lucknow,Laptop,Medium,C104,Digital Marketing Essentials,Marketing,Beginner,30,4.3,6,33,44.1,2,9.5,11,8,2.1,3,7,2,61.6,43.9,35.6,3,27-02-2024,Credit Card,Yes,No,3729,62,2,0,4.7,Not Completed,0,3,0,0,2,1,2,0
20159,STU120159,Aarav Shah,Male,23,Bachelor,Student,Indore,Tablet,High,C102,Data Analysis with Python,Programming,Intermediate,60,4.7,5,51,72.3,5,8.5,2,4,7.0,8,2,8,83.9,58.7,76.2,3,20-08-2025,NetBanking,Yes,No,4795,84,2,1,4.3,Completed,1,0,2,2,0,2,4,3
20160,STU120160,Rohan Patel,Male,26,Diploma,Employed,Delhi,Tablet,Medium,C105,UI/UX Design Fundamentals,Design,Beginner,40,4.4,4,46,51.3,0,0.5,0,4,7.7,8,2,1,83.9,88.7,70.4,1,12-07-2024,Free,No,Yes,0,88,3,0,3.9,Completed,1,1,0,2,2,1,1,2
20161,STU120161,Nikhil Iyer,Female,31,HighSchool,Employed,Mumbai,Mobile,High,C107,Statistics for Data Science,Math,Intermediate,50,4.2,7,40,59.3,4,0.5,9,6,6.6,5,5,8,65.6,40.7,52.8,1,29-07-2024,Scholarship,No,No,1459,77,1,1,3.1,Completed,0,2,0,1,0,2,3,4
20162,STU120162,Ritika Gupta,Male,31,Master,Student,Bengaluru,Mobile,Low,C102,Data Analysis with Python,Programming,Intermediate,60,4.7,6,47,61.3,2,7.6,0,6,6.7,6,4,3,83.5,88.3,61.9,4,29-04-2025,UPI,Yes,No,4592,65,1,2,4.4,Completed,1,3,2,1,1,2,4,5
20163,STU120163,Krishna Iyer,Female,28,Bachelor,Employed,Nagpur,Tablet,Medium,C102,Data Analysis with Python,Programming,Intermediate,60,4.7,4,21,74.4,4,4.2,5,4,9.7,2,8,4,85.0,89.4,42.5,5,19-12-2024,UPI,Yes,Yes,4573,54,3,0,5.0,Completed,0,0,0,2,2,2,4,5
20164,STU120164,Kavya Verma,Male,24,HighSchool,Employed,Mumbai,Laptop,Medium,C104,Digital Marketing Essentials,Marketing,Beginner,30,4.3,2,33,92.3,0,1.8,3,12,8.8,5,5,5,95.9,91.9,66.9,2,14-09-2025,NetBanking,Yes,No,3771,66,4,0,4.8,Not Completed,1,2,0,0,2,1,2,3
20165,STU120165,Aditya Desai,Female,20,Bachelor,Employed,Lucknow,Laptop,High,C105,UI/UX Design Fundamentals,Design,Beginner,40,4.4,4,23,33.7,2,6.0,0,5,6.1,7,3,5,72.5,86.7,58.1,1,05-02-2024,Scholarship,No,Yes,1968,62,1,1,3.4,Not Completed,0,0,0,0,0,1,1,4
20166,STU120166,Neha Nair,Male,31,Master,Student,Kolkata,Mobile,High,C102,Data Analysis with Python,Programming,Intermediate,60,4.7,7,40,53.9,7,5.6,0,2,6.3,6,4,7,88.4,62.6,58.0,3,26-07-2024,UPI,Yes,No,5012,52,0,0,5.0,Not Completed,1,3,2,1,0,2,4,5
20167,STU120167,Arjun Reddy,Female,31,Bachelor,Student,Bengaluru,Laptop,Low,C108,Excel for Business,Business,Beginner,25,4.1,5,35,23.4,2,11.3,0,7,4.8,4,6,4,70.9,95.8,37.0,1,11-04-2024,UPI,Yes,Yes,3023,36,1,1,4.6,Completed,0,0,2,0,1,1,0,5
20168,STU120168,Vivaan Gupta,Female,23,HighSchool,Employed,Jaipur,Laptop,Medium,C107,Statistics for Data Science,Math,Intermediate,50,4.2,4,33,72.7,5,4.8,0,3,7.2,5,5,0,82.2,56.0,58.2,1,19-04-2025,Scholarship,No,Yes,2058,55,1,2,3.6,Completed,0,2,0,0,2,2,3,4
20169,STU120169,Aarav Bhardwaj,Female,26,Bachelor,Student,Mumbai,Laptop,Medium,C105,UI/UX Design Fundamentals,Design,Beginner,40,4.4,6,25,71.5,4,0.5,2,6,6.7,6,3,6,71.9,69.5,64.5,2,20-10-2024,Scholarship,No,No,1489,84,5,1,2.8,Not Completed,0,0,2,0,2,1,1,4
20170,STU120170,Aditya Reddy,Female,25,PhD,Employed,Nagpur,Laptop,High,C102,Data Analysis with Python,Programming,Intermediate,60,4.7,3,51,53.9,0,2.8,4,6,7.9,5,4,3,72.1,67.2,52.2,1,21-04-2025,UPI,Yes,Yes,4366,39,3,4,3.8,Not Completed,0,4,0,0,0,2,4,5
20171,STU120171,Nikhil Gupta,Male,19,Diploma,Self-Employed,Chennai,Mobile,High,C101,Python Basics,Programming,Beginner,45,4.6,2,29,69.2,0,7.4,6,2,9.7,2,8,7,58.4,91.8,40.8,2,05-11-2023,Debit Card,Yes,No,4274,75,1,0,3.9,Not Completed,1,1,1,1,0,1,4,1
20172,STU120172,Isha Gupta,Other,25,Bachelor,Employed,Chennai,Mobile,Medium,C104,Digital Marketing Essentials,Marketing,Beginner,30,4.3,4,29,80.7,1,7.9,17,6,3.2,7,3,7,71.2,54.1,73.0,2,09-12-2024,Credit Card,Yes,No,3310,89,4,2,5.0,Completed,2,0,0,1,2,1,2,0
20173,STU120173,Neha Singh,Other,23,HighSchool,Student,Lucknow,Mobile,Medium,C104,Digital Marketing Essentials,Marketing,Beginner,30,4.3,6,32,46.8,4,2.9,1,6,6.2,7,3,7,81.7,89.6,62.9,3,15-07-2024,Free,No,Yes,0,90,5,0,4.7,Not Completed,2,2,2,1,2,1,2,2
20174,STU120174,Aditya Desai,Male,28,Diploma,Employed,Hyderabad,Mobile,High,C101,Python Basics,Programming,Beginner,45,4.6,12,38,82.8,2,0.5,3,2,6.6,7,3,2,81.8,76.7,74.8,2,17-10-2024,UPI,Yes,Yes,3723,64,3,1,5.0,Completed,1,1,0,1,0,1,4,5
20175,STU120175,Nikhil Gupta,Female,22,Bachelor,Student,Vadodara,Laptop,High,C108,Excel for Business,Business,Beginner,25,4.1,5,21,77.7,4,2.1,3,5,8.1,6,4,4,69.4,90.2,67.7,4,07-08-2025,Credit Card,Yes,No,2925,26,5,0,5.0,Not Completed,0,0,2,0,0,1,0,0
20176,STU120176,Vivaan Shah,Male,17,Bachelor,Employed,Bengaluru,Laptop,Medium,C108,Excel for Business,Business,Beginner,25,4.1,2,30,30.6,1,8.7,17,1,5.8,2,8,7,75.7,93.7,27.4,0,24-05-2025,Free,No,No,0,31,2,0,5.0,Not Completed,1,0,0,0,2,1,0,2
20177,STU120177,Vivaan Sharma,Male,37,Master,Employed,Chennai,Mobile,High,C106,Machine Learning A-Z,Programming,Advanced,90,4.6,6,33,43.1,2,7.1,26,5,8.6,8,2,3,77.3,83.7,67.3,2,30-11-2024,NetBanking,Yes,No,7059,61,2,0,3.7,Completed,1,3,0,1,0,0,4,3
20178,STU120178,Sneha Bose,Male,17,HighSchool,Employed,Delhi,Mobile,Medium,C103,Introduction to AI,Programming,Intermediate,75,4.5,5,30,36.1,1,3.0,7,3,3.5,6,4,3,74.6,66.2,52.0,0,02-02-2025,Credit Card,Yes,No,6133,36,1,1,4.4,Completed,1,2,0,1,2,2,4,0
20179,STU120179,Neha Reddy,Female,30,Bachelor,Employed,Kolkata,Mobile,High,C108,Excel for Business,Business,Beginner,25,4.1,3,23,87.7,3,0.9,0,4,5.1,6,4,3,64.7,50.8,69.2,3,28-03-2024,UPI,Yes,No,3002,82,1,2,4.6,Completed,0,0,0,1,0,1,0,5
20180,STU120180,Rohan Iyer,Male,34,Bachelor,Employed,Ahmedabad,Mobile,Medium,C102,Data Analysis with Python,Programming,Intermediate,60,4.7,6,38,52.9,1,5.0,0,4,5.7,5,5,5,72.5,66.0,51.8,2,16-09-2025,Credit Card,Yes,No,4893,63,2,0,3.7,Not Completed,1,0,0,1,2,2,4,0
20181,STU120181,Isha Mehta,Female,20,Bachelor,Student,Lucknow,Laptop,Medium,C103,Introduction to AI,Programming,Intermediate,75,4.5,7,31,65.9,3,7.8,1,2,7.1,7,3,4,63.3,86.8,69.4,0,07-01-2025,Credit Card,Yes,No,5263,36,3,0,3.5,Completed,0,0,2,0,2,2,4,0
20182,STU120182,Sakshi Gupta,Male,31,Bachelor,Student,Lucknow,Mobile,High,C107,Statistics for Data Science,Math,Intermediate,50,4.2,6,25,66.4,4,0.5,0,3,6.0,4,6,1,72.6,69.3,50.7,1,10-08-2024,UPI,Yes,No,4190,100,4,0,5.0,Not Completed,1,0,2,1,0,2,3,5
20183,STU120183,Isha Bose,Female,32,Diploma,Unemployed,Hyderabad,Tablet,Low,C107,Statistics for Data Science,Math,Intermediate,50,4.2,3,23,80.0,0,0.5,19,8,7.0,4,6,0,78.4,51.5,54.6,1,24-10-2023,Free,No,No,0,42,1,2,4.6,Completed,0,1,3,2,1,2,3,2
20184,STU120184,Krishna Singh,Female,17,Master,Employed,Hyderabad,Tablet,Medium,C101,Python Basics,Programming,Beginner,45,4.6,3,44,53.2,2,7.9,7,1,6.7,5,5,3,56.4,73.7,52.3,3,12-11-2024,UPI,Yes,No,4114,46,3,1,4.4,Not Completed,0,3,0,2,2,1,4,5
20185,STU120185,Ritika Desai,Female,27,Bachelor,Employed,Indore,Laptop,High,C101,Python Basics,Programming,Beginner,45,4.6,3,33,57.1,5,4.1,1,6,6.0,4,6,3,69.6,80.6,48.0,1,29-01-2024,NetBanking,Yes,Yes,3516,58,2,0,4.9,Completed,0,0,0,0,0,1,4,3
20186,STU120186,Pooja Nair,Male,27,Bachelor,Student,Bengaluru,Mobile,Medium,C103,Introduction to AI,Programming,Intermediate,75,4.5,8,26,80.5,3,0.5,2,1,5.1,2,8,4,93.6,79.8,44.2,2,05-12-2024,Free,No,No,0,68,3,0,4.8,Not Completed,1,0,2,1,2,2,4,2
20187,STU120187,Sneha Patel,Female,23,Bachelor,Employed,Jaipur,Laptop,Low,C107,Statistics for Data Science,Math,Intermediate,50,4.2,3,29,90.3,1,0.5,0,8,8.1,7,3,5,51.6,71.3,77.2,3,20-11-2023,Free,No,Yes,0,65,3,0,4.9,Not Completed,0,0,0,0,1,2,3,2
20188,STU120188,Rohan Patel,Male,26,Bachelor,Employed,Kolkata,Laptop,Medium,C107,Statistics for Data Science,Math,Intermediate,50,4.2,5,29,62.0,1,12.6,4,7,7.6,7,3,4,50.2,74.1,67.4,0,21-10-2024,Scholarship,No,No,549,73,1,1,4.2,Not Completed,1,0,0,0,2,2,3,4
20189,STU120189,Ritika Joshi,Male,28,Master,Student,Chennai,Mobile,High,C105,UI/UX Design Fundamentals,Design,Beginner,40,4.4,12,38,33.2,1,15.0,2,5,5.7,7,3,2,73.8,48.4,56.1,4,10-05-2024,UPI,Yes,No,3608,74,4,1,2.8,Completed,1,3,2,1,0,1,1,5
20190,STU120190,Sakshi Iyer,Male,26,Bachelor,Student,Chennai,Mobile,Medium,C108,Excel for Business,Business,Beginner,25,4.1,6,28,80.6,3,0.5,8,10,8.7,3,7,2,45.5,63.7,49.4,4,29-02-2024,Free,No,Yes,0,80,2,0,4.3,Not Completed,1,0,2,1,2,1,0,2
20191,STU120191,Sai Bhardwaj,Male,24,Bachelor,Employed,Jaipur,Mobile,High,C108,Excel for Business,Business,Beginner,25,4.1,5,15,63.6,2,4.5,22,5,5.9,4,6,5,84.5,58.8,49.2,1,30-06-2025,UPI,Yes,No,3302,65,2,0,4.1,Completed,1,0,0,1,0,1,0,5
20192,STU120192,Neha Nair,Male,28,Master,Employed,Lucknow,Laptop,High,C103,Introduction to AI,Programming,Intermediate,75,4.5,4,33,86.5,2,3.8,3,4,3.8,4,6,5,53.5,59.6,57.3,2,24-02-2025,Scholarship,No,No,2366,100,1,0,3.8,Not Completed,1,3,0,0,0,2,4,4
20193,STU120193,Priya Singh,Male,31,Master,Employed,Lucknow,Mobile,Low,C108,Excel for Business,Business,Beginner,25,4.1,4,28,20.4,1,0.5,7,8,6.2,4,6,5,85.3,93.7,35.8,3,27-05-2024,Scholarship,No,No,1356,79,1,1,3.2,Completed,1,3,0,1,1,1,0,4
20194,STU120194,Rohan Bhardwaj,Male,17,Bachelor,Employed,Jaipur,Mobile,Low,C106,Machine Learning A-Z,Programming,Advanced,90,4.6,4,16,67.3,2,3.2,2,5,6.5,3,7,0,64.9,68.0,45.0,0,27-12-2023,Free,No,No,0,79,3,3,3.2,Not Completed,1,0,0,1,1,0,4,2
20195,STU120195,Sai Singh,Female,27,Bachelor,Employed,Chennai,Laptop,High,C102,Data Analysis with Python,Programming,Intermediate,60,4.7,6,28,75.8,4,5.7,1,4,5.2,8,2,4,68.3,68.2,77.9,2,24-11-2023,Free,No,No,0,76,2,1,4.7,Completed,0,0,0,0,0,2,4,2
20196,STU120196,Isha Sharma,Male,24,Bachelor,Employed,Jaipur,Laptop,Medium,C102,Data Analysis with Python,Programming,Intermediate,60,4.7,4,32,72.9,1,2.0,0,3,7.9,4,6,9,78.5,47.4,51.9,2,14-01-2025,UPI,Yes,No,5450,52,3,2,3.9,Completed,1,0,0,0,2,2,4,5
20197,STU120197,Kavya Iyer,Male,37,Bachelor,Employed,Mumbai,Mobile,Medium,C103,Introduction to AI,Programming,Intermediate,75,4.5,6,29,37.0,1,0.5,2,10,6.5,5,5,3,77.1,52.9,45.6,3,06-07-2025,UPI,Yes,No,5547,92,6,0,5.0,Not Completed,1,0,0,1,2,2,4,5
20198,STU120198,Ritika Shah,Male,27,Bachelor,Unemployed,Kolkata,Laptop,High,C107,Statistics for Data Science,Math,Intermediate,50,4.2,4,28,58.3,2,3.5,2,5,6.6,6,4,3,77.0,72.9,60.0,0,04-12-2023,Credit Card,Yes,Yes,3762,59,0,1,3.6,Not Completed,1,0,3,0,0,2,3,0
20199,STU120199,Aditya Gupta,Male,24,HighSchool,Employed,Kolkata,Mobile,High,C107,Statistics for Data Science,Math,Intermediate,50,4.2,2,21,64.2,0,7.5,4,3,3.1,2,8,1,54.1,71.8,38.1,3,23-12-2023,UPI,Yes,No,4817,100,1,0,3.6,Completed,1,2,0,1,0,2,3,5
20200,STU120200,Isha Bose,Male,24,Diploma,Student,Chennai,Mobile,Medium,C105,UI/UX Design Fundamentals,Design,Beginner,40,4.4,4,46,55.8,1,1.6,4,8,6.2,4,5,5,80.1,74.3,47.3,2,22-05-2025,Credit Card,Yes,No,4215,58,0,0,3.8,Completed,1,1,2,1,2,1,1,0
20201,STU120201,Krishna Kumar,Male,31,Diploma,Employed,Lucknow,Mobile,Medium,C101,Python Basics,Programming,Beginner,45,4.6,5,39,30.9,0,0.5,11,6,6.1,4,6,0,83.4,66.9,38.2,5,18-09-2024,UPI,Yes,No,3851,82,4,1,4.6,Not Completed,1,1,0,1,2,1,4,5
20202,STU120202,Pooja Mehta,Female,22,Bachelor,Employed,Kolkata,Mobile,Medium,C106,Machine Learning A-Z,Programming,Advanced,90,4.6,3,14,74.4,3,0.5,2,3,8.1,4,6,6,72.8,75.1,53.8,1,02-04-2024,UPI,Yes,No,6589,68,2,0,3.8,Not Completed,0,0,0,1,2,0,4,5
20203,STU120203,Neha Verma,Female,23,Bachelor,Student,Kolkata,Laptop,High,C107,Statistics for Data Science,Math,Intermediate,50,4.2,8,25,80.8,1,10.5,19,7,9.8,5,5,5,35.3,70.8,61.8,2,28-02-2024,UPI,Yes,No,4420,71,1,2,3.7,Not Completed,0,0,2,0,0,2,3,5
20204,STU120204,Vivaan Bose,Female,29,Bachelor,Employed,Lucknow,Laptop,Medium,C105,UI/UX Design Fundamentals,Design,Beginner,40,4.4,10,43,35.2,1,18.5,24,1,8.1,5,5,3,82.5,60.0,45.3,5,24-03-2025,UPI,Yes,No,4045,100,1,1,4.8,Not Completed,0,0,0,0,2,1,1,5
20205,STU120205,Ananya Verma,Male,26,Bachelor,Student,Lucknow,Mobile,Medium,C104,Digital Marketing Essentials,Marketing,Beginner,30,4.3,6,48,59.7,2,3.8,5,7,10.0,3,6,2,82.1,59.3,41.9,0,28-01-2025,NetBanking,Yes,No,3212,43,5,0,2.5,Completed,1,0,2,1,2,1,2,3
20206,STU120206,Aditya Singh,Male,19,Bachelor,Student,Kolkata,Mobile,High,C107,Statistics for Data Science,Math,Intermediate,50,4.2,3,26,39.8,2,1.8,2,6,6.5,5,5,3,73.5,61.2,47.0,4,29-11-2024,Debit Card,Yes,No,4931,99,4,2,5.0,Completed,1,0,2,1,0,2,3,1
20207,STU120207,Ananya Gupta,Female,34,Bachelor,Student,Chennai,Tablet,High,C107,Statistics for Data Science,Math,Intermediate,50,4.2,5,5,80.1,5,2.2,1,3,4.4,4,6,5,81.5,62.8,55.2,3,09-02-2024,Scholarship,No,No,2055,67,1,1,3.0,Not Completed,0,0,2,2,0,2,3,4
20208,STU120208,Neha Shah,Male,26,HighSchool,Employed,Pune,Mobile,Medium,C103,Introduction to AI,Programming,Intermediate,75,4.5,4,30,86.3,4,0.5,1,4,7.4,4,6,3,94.1,86.0,58.5,4,14-04-2025,Credit Card,Yes,No,5842,74,2,1,4.1,Not Completed,1,2,0,1,2,2,4,0
20209,STU120209,Nikhil Bose,Male,21,Bachelor,Student,Pune,Mobile,High,C107,Statistics for Data Science,Math,Intermediate,50,4.2,4,18,50.1,3,0.5,9,5,5.9,7,3,3,67.4,68.1,62.9,2,10-01-2024,NetBanking,Yes,No,4436,100,3,1,2.1,Completed,1,0,2,1,0,2,3,3
20210,STU120210,Kavya Joshi,Male,33,Bachelor,Student,Bhopal,Mobile,High,C108,Excel for Business,Business,Beginner,25,4.1,6,14,29.1,2,6.4,3,3,5.3,3,7,1,64.5,70.1,31.7,1,28-10-2023,Debit Card,Yes,No,2941,98,3,2,4.9,Not Completed,1,0,2,1,0,1,0,1
20211,STU120211,Ritika Gupta,Female,22,Bachelor,Student,Lucknow,Mobile,High,C108,Excel for Business,Business,Beginner,25,4.1,5,31,50.7,2,0.5,0,6,8.3,7,3,4,67.5,93.9,64.5,6,22-09-2025,Debit Card,Yes,No,2963,48,4,0,4.2,Not Completed,0,0,2,1,0,1,0,1
20212,STU120212,Aarav Patel,Female,29,Bachelor,Student,Nagpur,Laptop,Medium,C101,Python Basics,Programming,Beginner,45,4.6,8,49,93.3,3,4.8,0,8,5.1,6,4,3,51.4,73.8,72.4,0,04-02-2024,UPI,Yes,No,4184,48,2,0,4.5,Not Completed,0,0,2,0,2,1,4,5
20213,STU120213,Ritika Gupta,Male,31,Bachelor,Employed,Bhopal,Mobile,Medium,C102,Data Analysis with Python,Programming,Intermediate,60,4.7,5,22,21.3,1,3.2,4,5,5.6,4,6,4,76.7,74.1,35.1,1,07-02-2024,UPI,Yes,No,4775,79,2,0,3.1,Completed,1,0,0,1,2,2,4,5
20214,STU120214,Priya Patel,Male,25,Diploma,Employed,Bengaluru,Laptop,Low,C106,Machine Learning A-Z,Programming,Advanced,90,4.6,5,25,66.0,2,8.0,1,2,6.5,4,6,5,75.4,46.8,49.4,3,28-06-2024,Scholarship,No,No,1983,52,1,1,4.3,Completed,1,1,0,0,1,0,4,4
20215,STU120215,Rohan Kumar,Female,33,Bachelor,Employed,Ahmedabad,Mobile,Low,C101,Python Basics,Programming,Beginner,45,4.6,4,13,64.2,2,0.5,6,6,4.2,6,4,1,65.0,74.3,62.2,0,11-02-2024,NetBanking,Yes,Yes,3810,62,3,1,3.4,Not Completed,0,0,0,1,1,1,4,3
20216,STU120216,Aarav Verma,Male,21,Bachelor,Student,Bengaluru,Laptop,Low,C101,Python Basics,Programming,Beginner,45,4.6,1,22,87.4,2,0.5,8,5,1.5,3,7,5,56.7,63.5,51.8,0,02-06-2024,UPI,Yes,No,4424,71,1,1,3.4,Completed,1,0,2,0,1,1,4,5
20217,STU120217,Nikhil Verma,Male,17,PhD,Student,Delhi,Mobile,High,C103,Introduction to AI,Programming,Intermediate,75,4.5,3,32,58.2,3,0.5,3,8,6.6,2,8,6,74.1,85.5,36.6,4,25-07-2025,Free,No,No,0,44,5,0,4.7,Not Completed,1,4,2,1,0,2,4,2
20218,STU120218,Nikhil Bose,Female,25,Bachelor,Employed,Bengaluru,Tablet,Medium,C101,Python Basics,Programming,Beginner,45,4.6,6,50,65.8,1,4.6,11,3,6.1,7,3,6,60.2,72.9,68.7,2,09-04-2025,Debit Card,Yes,No,4088,66,3,1,3.3,Completed,0,0,0,2,2,1,4,1
20219,STU120219,Sakshi Bose,Male,19,Master,Student,Pune,Laptop,Medium,C104,Digital Marketing Essentials,Marketing,Beginner,30,4.3,3,41,53.7,3,5.6,28,6,6.9,3,7,3,87.2,61.9,39.9,3,19-06-2025,Debit Card,Yes,No,3264,70,3,1,4.8,Not Completed,1,3,2,0,2,1,2,1
20220,STU120220,Sakshi Shah,Male,33,HighSchool,Employed,Kolkata,Laptop,Medium,C108,Excel for Business,Business,Beginner,25,4.1,5,26,53.5,2,9.9,0,7,4.2,2,8,1,67.1,88.6,35.1,3,18-12-2024,Scholarship,No,No,183,79,3,3,4.4,Not Completed,1,2,0,0,2,1,0,4
20221,STU120221,Rohan Singh,Other,40,Bachelor,Student,Bengaluru,Mobile,Medium,C104,Digital Marketing Essentials,Marketing,Beginner,30,4.3,8,21,53.9,2,2.0,5,4,2.4,7,3,5,67.1,85.7,65.2,1,31-05-2024,Free,No,No,0,81,4,0,5.0,Completed,2,0,2,1,2,1,2,2
20222,STU120222,Vivaan Bose,Female,27,Master,Student,Nagpur,Laptop,Medium,C101,Python Basics,Programming,Beginner,45,4.6,3,35,42.1,3,1.4,2,6,3.0,5,5,2,87.4,98.2,49.7,4,12-05-2024,Free,No,Yes,0,85,2,0,5.0,Not Completed,0,3,2,0,2,1,4,2
20223,STU120223,Sai Gupta,Male,29,Master,Student,Indore,Mobile,High,C102,Data Analysis with Python,Programming,Intermediate,60,4.7,5,45,59.6,1,0.5,17,2,2.2,5,5,5,84.1,83.3,55.0,3,16-02-2024,Free,No,Yes,0,51,1,1,4.8,Not Completed,1,3,2,1,0,2,4,2
20224,STU120224,Arjun Kumar,Male,24,Bachelor,Student,Mumbai,Laptop,Low,C101,Python Basics,Programming,Beginner,45,4.6,6,48,66.6,4,8.5,5,7,5.8,4,6,9,85.6,79.5,51.3,3,06-03-2024,Debit Card,Yes,Yes,3361,63,5,0,3.6,Completed,1,0,2,0,1,1,4,1
20225,STU120225,Arjun Kumar,Female,35,HighSchool,Student,Delhi,Laptop,Low,C104,Digital Marketing Essentials,Marketing,Beginner,30,4.3,2,61,74.7,0,0.5,3,4,4.6,1,9,8,90.9,95.1,36.9,6,22-08-2024,UPI,Yes,No,3820,66,2,1,3.3,Completed,0,2,2,0,1,1,2,5
20226,STU120226,Ritika Mehta,Other,21,Master,Self-Employed,Mumbai,Mobile,High,C101,Python Basics,Programming,Beginner,45,4.6,10,28,50.3,0,11.1,2,5,8.8,5,5,4,65.9,87.8,52.0,1,18-07-2024,Debit Card,Yes,No,4198,20,4,0,4.7,Not Completed,2,3,1,1,0,1,4,1
20227,STU120227,Nikhil Iyer,Female,20,Bachelor,Student,Surat,Mobile,Medium,C104,Digital Marketing Essentials,Marketing,Beginner,30,4.3,5,38,95.0,2,1.6,2,9,7.3,4,6,7,65.2,72.1,60.9,1,26-03-2024,Scholarship,No,No,1749,23,3,1,3.1,Completed,0,0,2,1,2,1,2,4
20228,STU120228,Neha Reddy,Male,36,Bachelor,Employed,Indore,Mobile,Medium,C103,Introduction to AI,Programming,Intermediate,75,4.5,2,34,74.8,4,2.6,2,6,7.3,3,7,2,66.9,93.4,48.8,4,11-11-2023,Credit Card,Yes,No,5921,82,3,3,4.1,Completed,1,0,0,1,2,2,4,0
20229,STU120229,Sai Bhardwaj,Male,19,Bachelor,Employed,Mumbai,Mobile,Low,C107,Statistics for Data Science,Math,Intermediate,50,4.2,4,35,82.2,4,15.2,3,8,4.4,5,5,3,74.7,69.7,62.2,3,13-04-2024,UPI,Yes,No,4215,70,2,2,4.4,Completed,1,0,0,1,1,2,3,5
20230,STU120230,Kavya Mehta,Male,20,Bachelor,Employed,Jaipur,Laptop,Medium,C106,Machine Learning A-Z,Programming,Advanced,90,4.6,4,45,48.5,2,3.4,3,7,5.6,3,7,4,77.1,42.0,37.1,5,03-06-2025,UPI,Yes,Yes,5629,99,2,1,5.0,Completed,1,0,0,0,2,0,4,5
20231,STU120231,Aarav Shah,Female,17,HighSchool,Student,Vadodara,Mobile,Medium,C107,Statistics for Data Science,Math,Intermediate,50,4.2,2,45,83.1,5,1.1,14,4,0.7,8,2,5,76.9,65.5,80.4,6,03-09-2024,UPI,Yes,Yes,4050,86,2,3,4.6,Completed,0,2,2,1,2,2,3,5
20232,STU120232,Vivaan Iyer,Female,34,Master,Employed,Surat,Laptop,Medium,C102,Data Analysis with Python,Programming,Intermediate,60,4.7,5,33,87.8,2,1.6,6,5,5.1,4,6,2,68.6,88.3,59.1,3,29-07-2025,Credit Card,Yes,No,4584,45,2,0,2.6,Not Completed,0,3,0,0,2,2,4,0
20233,STU120233,Sai Desai,Female,24,Bachelor,Employed,Vadodara,Laptop,Medium,C103,Introduction to AI,Programming,Intermediate,75,4.5,4,39,60.9,2,6.8,4,4,7.5,5,5,3,74.3,75.8,55.1,2,14-07-2025,Credit Card,Yes,No,5272,69,4,0,3.5,Completed,0,0,0,0,2,2,4,0
20234,STU120234,Arjun Reddy,Male,19,Bachelor,Employed,Surat,Laptop,Medium,C101,Python Basics,Programming,Beginner,45,4.6,3,51,42.4,5,1.1,0,8,7.2,5,5,4,65.9,83.9,49.0,3,12-09-2025,UPI,Yes,No,4466,64,1,2,3.3,Not Completed,1,0,0,0,2,1,4,5
20235,STU120235,Sakshi Reddy,Female,17,HighSchool,Employed,Bengaluru,Laptop,Medium,C107,Statistics for Data Science,Math,Intermediate,50,4.2,3,43,32.6,3,0.5,3,7,9.6,4,6,4,87.3,92.9,40.1,2,20-09-2024,Debit Card,Yes,No,4216,76,3,0,3.8,Completed,0,2,0,0,2,2,3,1
20236,STU120236,Krishna Bhardwaj,Male,17,Bachelor,Employed,Surat,Tablet,Medium,C102,Data Analysis with Python,Programming,Intermediate,60,4.7,1,28,45.8,2,3.1,3,2,6.1,4,6,2,66.6,65.5,43.3,3,01-03-2025,Debit Card,Yes,No,4983,62,1,1,5.0,Not Completed,1,0,0,2,2,2,4,1
20237,STU120237,Ananya Joshi,Female,29,Bachelor,Student,Pune,Mobile,Medium,C103,Introduction to AI,Programming,Intermediate,75,4.5,6,34,53.8,4,0.5,6,11,5.1,5,5,3,93.2,75.2,52.6,4,09-12-2023,Free,No,No,0,56,8,1,3.9,Not Completed,0,0,2,1,2,2,4,2
20238,STU120238,Aditya Nair,Female,22,Bachelor,Employed,Bengaluru,Mobile,Medium,C103,Introduction to AI,Programming,Intermediate,75,4.5,7,46,73.5,2,11.2,3,6,8.9,4,6,5,93.8,69.1,53.2,1,16-07-2024,UPI,Yes,Yes,4405,33,2,1,4.1,Completed,0,0,0,1,2,2,4,5
20239,STU120239,Sakshi Patel,Female,19,Bachelor,Student,Bhopal,Mobile,Medium,C108,Excel for Business,Business,Beginner,25,4.1,3,37,72.6,4,3.7,1,4,5.7,4,6,5,64.9,82.5,53.6,0,18-04-2025,Scholarship,No,No,761,55,4,3,4.1,Completed,0,0,2,1,2,1,0,4
20240,STU120240,Sneha Mehta,Male,27,Bachelor,Employed,Ahmedabad,Mobile,Medium,C102,Data Analysis with Python,Programming,Intermediate,60,4.7,2,26,52.6,1,0.5,0,9,9.4,4,6,5,66.5,48.8,44.9,0,10-08-2025,Free,No,Yes,0,74,4,0,2.6,Not Completed,1,0,0,1,2,2,4,2
20241,STU120241,Aarav Mehta,Male,27,Bachelor,Student,Vadodara,Laptop,Medium,C108,Excel for Business,Business,Beginner,25,4.1,3,35,92.0,3,0.5,5,7,6.8,5,5,5,54.7,47.5,64.6,1,15-07-2025,Credit Card,Yes,No,3055,30,5,2,4.0,Completed,1,0,2,0,2,1,0,0
20242,STU120242,Rohan Sharma,Male,24,Bachelor,Employed,Bengaluru,Mobile,High,C108,Excel for Business,Business,Beginner,25,4.1,6,40,49.3,1,9.8,0,7,8.7,5,4,4,78.5,61.9,50.3,3,30-03-2025,Credit Card,Yes,No,3307,44,2,0,4.0,Not Completed,1,0,0,1,0,1,0,0
20243,STU120243,Rohan Desai,Male,26,Bachelor,Student,Vadodara,Laptop,Medium,C104,Digital Marketing Essentials,Marketing,Beginner,30,4.3,3,38,45.6,1,0.5,5,7,2.7,3,7,7,67.8,80.0,38.0,2,15-04-2024,UPI,Yes,No,3551,93,2,0,3.9,Not Completed,1,0,2,0,2,1,2,5
20244,STU120244,Kavya Bhardwaj,Male,19,HighSchool,Employed,Mumbai,Laptop,High,C103,Introduction to AI,Programming,Intermediate,75,4.5,3,30,56.6,2,3.1,20,5,7.7,1,9,2,69.3,60.4,28.8,2,04-09-2024,Credit Card,Yes,Yes,4645,68,1,0,4.9,Not Completed,1,2,0,0,0,2,4,0
20245,STU120245,Ananya Joshi,Male,17,PhD,Student,Kolkata,Laptop,High,C102,Data Analysis with Python,Programming,Intermediate,60,4.7,5,49,43.1,1,6.5,6,5,8.8,4,6,7,80.8,44.2,41.3,1,03-09-2025,UPI,Yes,No,4728,97,0,0,4.5,Not Completed,1,4,2,0,0,2,4,5
20246,STU120246,Rahul Nair,Male,17,Master,Employed,Hyderabad,Mobile,High,C102,Data Analysis with Python,Programming,Intermediate,60,4.7,3,37,52.0,3,5.7,0,9,7.1,6,4,7,100.0,75.9,58.0,1,26-05-2024,UPI,Yes,No,4949,53,3,1,3.9,Not Completed,1,3,0,1,0,2,4,5
20247,STU120247,Arjun Singh,Male,32,Master,Student,Chennai,Mobile,Medium,C103,Introduction to AI,Programming,Intermediate,75,4.5,8,38,44.1,4,9.0,1,6,3.0,5,4,5,94.3,93.1,50.1,1,29-12-2023,UPI,Yes,Yes,5125,52,5,1,3.4,Completed,1,3,2,1,2,2,4,5
20248,STU120248,Isha Verma,Male,24,Master,Student,Nagpur,Laptop,Medium,C103,Introduction to AI,Programming,Intermediate,75,4.5,6,43,48.4,2,5.3,9,4,4.3,4,6,5,57.8,71.4,44.5,1,01-06-2024,UPI,Yes,Yes,4459,97,0,0,4.6,Completed,1,3,2,0,2,2,4,5
20249,STU120249,Vivaan Iyer,Female,28,Bachelor,Employed,Vadodara,Mobile,Low,C107,Statistics for Data Science,Math,Intermediate,50,4.2,4,34,98.4,2,8.3,0,4,4.5,8,2,3,50.6,49.1,84.9,0,04-05-2025,Free,No,No,0,87,0,0,2.8,Not Completed,0,0,0,1,1,2,3,2
20250,STU120250,Aditya Bhardwaj,Female,17,Bachelor,Employed,Lucknow,Laptop,High,C104,Digital Marketing Essentials,Marketing,Beginner,30,4.3,3,34,63.3,4,0.5,3,6,5.1,4,6,4,68.1,58.2,49.1,5,17-09-2025,NetBanking,Yes,Yes,3183,58,2,1,5.0,Completed,0,0,0,0,0,1,2,3
20251,STU120251,Krishna Nair,Male,26,Master,Student,Lucknow,Mobile,Low,C102,Data Analysis with Python,Programming,Intermediate,60,4.7,4,18,76.3,2,8.5,12,7,8.1,7,3,3,75.1,68.1,72.1,2,18-08-2024,Free,No,No,0,71,1,2,3.9,Not Completed,1,3,2,1,1,2,4,2
20252,STU120252,Pooja Verma,Female,17,Master,Student,Vadodara,Laptop,Medium,C101,Python Basics,Programming,Beginner,45,4.6,2,32,95.2,2,5.4,9,4,5.5,6,4,3,78.5,78.3,73.2,4,15-10-2024,NetBanking,Yes,No,4356,73,1,1,3.8,Completed,0,3,2,0,2,1,4,3
20253,STU120253,Arjun Kumar,Male,17,HighSchool,Student,Bengaluru,Mobile,High,C105,UI/UX Design Fundamentals,Design,Beginner,40,4.4,3,14,82.2,1,4.5,26,8,4.0,7,3,4,98.4,65.7,74.1,5,16-12-2023,Scholarship,No,No,1934,83,4,0,4.1,Completed,1,2,2,1,0,1,1,4
20254,STU120254,Sneha Verma,Female,24,Bachelor,Employed,Chennai,Laptop,Low,C106,Machine Learning A-Z,Programming,Advanced,90,4.6,7,29,54.8,2,0.5,4,5,4.6,7,2,5,67.8,49.1,63.6,3,10-05-2024,Credit Card,Yes,Yes,5501,45,2,2,2.3,Not Completed,0,0,0,0,1,0,4,0
20255,STU120255,Ritika Iyer,Male,29,Master,Employed,Vadodara,Mobile,Medium,C104,Digital Marketing Essentials,Marketing,Beginner,30,4.3,2,39,66.3,2,2.5,2,2,8.0,5,5,5,89.4,64.9,56.5,3,29-10-2023,NetBanking,Yes,Yes,2722,70,3,1,4.3,Completed,1,3,0,1,2,1,2,3
20256,STU120256,Kavya Desai,Male,23,Bachelor,Student,Chennai,Mobile,High,C106,Machine Learning A-Z,Programming,Advanced,90,4.6,5,56,71.7,4,6.6,16,5,6.3,7,3,4,70.1,78.6,71.0,0,27-06-2024,Credit Card,Yes,No,6596,100,6,1,2.1,Not Completed,1,0,2,1,0,0,4,0
20257,STU120257,Vihaan Iyer,Female,17,HighSchool,Student,Indore,Tablet,Medium,C104,Digital Marketing Essentials,Marketing,Beginner,30,4.3,6,34,89.1,2,11.8,2,4,10.0,8,2,3,75.0,66.3,82.5,6,14-02-2025,Credit Card,Yes,No,3389,48,4,2,3.0,Completed,0,2,2,2,2,1,2,0
20258,STU120258,Priya Singh,Female,20,PhD,Student,Lucknow,Mobile,Low,C107,Statistics for Data Science,Math,Intermediate,50,4.2,2,21,87.4,4,0.5,2,7,6.2,3,7,4,81.2,77.6,52.5,1,02-07-2025,NetBanking,Yes,No,4607,99,2,0,4.9,Not Completed,0,4,2,1,1,2,3,3
20259,STU120259,Pooja Kumar,Male,23,Diploma,Student,Indore,Mobile,Medium,C101,Python Basics,Programming,Beginner,45,4.6,4,52,24.7,0,0.5,3,1,6.3,5,4,8,74.4,89.4,43.1,1,09-04-2024,UPI,Yes,No,4340,62,2,0,4.7,Not Completed,1,1,2,1,2,1,4,5
20260,STU120260,Arjun Patel,Male,28,Master,Student,Indore,Laptop,High,C101,Python Basics,Programming,Beginner,45,4.6,3,39,82.3,2,9.0,0,6,5.7,5,5,5,97.4,57.1,61.6,4,03-01-2025,Free,No,Yes,0,72,3,4,3.8,Not Completed,1,3,2,0,0,1,4,2
20261,STU120261,Kavya Gupta,Male,19,HighSchool,Unemployed,Surat,Laptop,Low,C107,Statistics for Data Science,Math,Intermediate,50,4.2,6,29,51.0,2,1.6,3,8,8.5,7,3,6,73.3,53.1,62.5,4,07-06-2025,NetBanking,Yes,No,4621,73,2,0,4.6,Completed,1,2,3,0,1,2,3,3
20262,STU120262,Sneha Sharma,Male,20,Diploma,Student,Bengaluru,Mobile,High,C104,Digital Marketing Essentials,Marketing,Beginner,30,4.3,8,45,63.2,3,9.2,7,6,6.2,7,3,3,89.6,81.9,68.2,3,18-10-2023,UPI,Yes,No,3445,52,5,0,4.7,Completed,1,1,2,1,0,1,2,5
20263,STU120263,Pooja Reddy,Female,26,Bachelor,Student,Mumbai,Tablet,High,C106,Machine Learning A-Z,Programming,Advanced,90,4.6,4,29,46.7,5,12.6,11,9,6.8,3,7,6,93.7,100.0,39.3,5,22-02-2025,Credit Card,Yes,No,6665,93,2,1,4.5,Completed,0,0,2,2,0,0,4,0
20264,STU120264,Krishna Iyer,Female,26,Diploma,Student,Mumbai,Mobile,Low,C106,Machine Learning A-Z,Programming,Advanced,90,4.6,6,35,59.4,0,0.5,5,4,9.5,5,5,2,77.1,77.2,54.6,2,11-06-2024,Free,No,No,0,77,2,2,3.5,Not Completed,0,1,2,1,1,0,4,2
20265,STU120265,Ritika Shah,Male,31,Master,Self-Employed,Bengaluru,Mobile,Medium,C108,Excel for Business,Business,Beginner,25,4.1,4,33,63.4,3,4.9,13,4,5.5,6,3,8,69.5,58.6,61.1,0,16-12-2023,Free,No,No,0,61,5,1,4.3,Not Completed,1,3,1,1,2,1,0,2
20266,STU120266,Vivaan Patel,Female,23,Bachelor,Student,Lucknow,Laptop,High,C101,Python Basics,Programming,Beginner,45,4.6,2,34,22.8,1,6.7,3,7,6.4,5,4,6,92.0,58.4,40.9,1,09-06-2025,Credit Card,Yes,No,4626,33,0,2,4.3,Completed,0,0,2,0,0,1,4,0
20267,STU120267,Aarav Shah,Male,22,Bachelor,Employed,Delhi,Mobile,Low,C101,Python Basics,Programming,Beginner,45,4.6,5,11,79.8,2,12.1,0,1,7.9,5,5,1,75.9,44.1,60.1,1,11-05-2025,Debit Card,Yes,No,3842,63,3,0,5.0,Completed,1,0,0,1,1,1,4,1
20268,STU120268,Vivaan Patel,Male,27,Bachelor,Employed,Jaipur,Laptop,High,C108,Excel for Business,Business,Beginner,25,4.1,7,50,75.8,3,7.9,2,5,9.8,5,5,5,97.1,85.4,60.8,3,11-05-2025,Free,No,No,0,82,0,0,5.0,Not Completed,1,0,0,0,0,1,0,2
20269,STU120269,Sai Sharma,Female,30,Diploma,Employed,Vadodara,Mobile,Medium,C108,Excel for Business,Business,Beginner,25,4.1,4,21,49.7,3,0.5,3,7,5.0,3,7,2,70.6,80.4,39.4,4,20-10-2023,Debit Card,Yes,No,3053,90,2,1,3.7,Not Completed,0,1,0,1,2,1,0,1
20270,STU120270,Krishna Shah,Female,18,Bachelor,Student,Surat,Laptop,Low,C107,Statistics for Data Science,Math,Intermediate,50,4.2,1,35,37.5,1,0.5,3,4,6.1,3,7,4,55.0,54.4,33.8,1,11-04-2025,UPI,Yes,No,4565,78,0,0,3.8,Not Completed,0,0,2,0,1,2,3,5
20271,STU120271,Meera Gupta,Female,31,Bachelor,Student,Delhi,Mobile,High,C103,Introduction to AI,Programming,Intermediate,75,4.5,6,16,49.6,3,10.1,8,5,9.4,6,4,1,74.4,87.3,57.7,0,09-08-2024,UPI,Yes,Yes,4706,39,2,1,3.7,Completed,0,0,2,1,0,2,4,5
20272,STU120272,Vihaan Reddy,Other,23,Bachelor,Student,Surat,Laptop,Medium,C105,UI/UX Design Fundamentals,Design,Beginner,40,4.4,5,26,83.9,3,0.8,2,7,5.3,4,6,3,75.0,60.7,56.4,5,29-03-2024,Free,No,No,0,65,2,2,3.8,Not Completed,2,0,2,0,2,1,1,2
20273,STU120273,Isha Joshi,Male,26,Master,Student,Ahmedabad,Mobile,High,C108,Excel for Business,Business,Beginner,25,4.1,11,30,63.0,4,9.2,7,6,5.3,7,3,2,74.8,61.8,67.1,2,05-01-2024,UPI,Yes,No,3077,78,3,0,5.0,Completed,1,3,2,1,0,1,0,5
20274,STU120274,Priya Verma,Male,30,Master,Employed,Indore,Tablet,High,C102,Data Analysis with Python,Programming,Intermediate,60,4.7,2,56,40.8,2,3.3,4,10,9.4,4,6,2,59.9,78.9,42.2,3,07-03-2024,Free,No,No,0,89,3,3,4.5,Not Completed,1,3,0,2,0,2,4,2
20275,STU120275,Sakshi Joshi,Female,23,Master,Employed,Bhopal,Mobile,Low,C106,Machine Learning A-Z,Programming,Advanced,90,4.6,4,21,75.6,2,2.0,9,5,3.1,3,7,4,90.0,85.9,48.8,1,26-10-2024,UPI,Yes,No,6849,62,4,0,3.1,Completed,0,3,0,1,1,0,4,5
20276,STU120276,Sneha Bose,Female,29,HighSchool,Student,Pune,Mobile,Medium,C104,Digital Marketing Essentials,Marketing,Beginner,30,4.3,3,35,38.1,0,2.5,4,2,7.6,2,8,4,72.1,68.0,28.7,4,06-12-2023,Scholarship,No,No,1574,87,0,1,3.0,Not Completed,0,2,2,1,2,1,2,4
20277,STU120277,Nikhil Reddy,Male,24,PhD,Employed,Jaipur,Laptop,Medium,C101,Python Basics,Programming,Beginner,45,4.6,4,27,36.5,2,5.1,2,3,6.5,5,5,5,64.9,60.4,45.8,0,25-08-2025,Free,No,No,0,81,5,0,5.0,Not Completed,1,4,0,0,2,1,4,2
20278,STU120278,Ananya Verma,Female,23,Bachelor,Employed,Bengaluru,Mobile,Medium,C108,Excel for Business,Business,Beginner,25,4.1,6,37,86.8,0,4.8,7,5,3.3,2,7,6,59.7,68.9,45.8,1,08-12-2023,UPI,Yes,No,3432,98,3,1,4.6,Not Completed,0,0,0,1,2,1,0,5
20279,STU120279,Sneha Gupta,Male,18,Diploma,Unemployed,Lucknow,Tablet,Medium,C102,Data Analysis with Python,Programming,Intermediate,60,4.7,6,33,50.5,3,0.5,0,6,10.0,3,6,10,59.4,68.7,39.1,2,06-03-2024,Scholarship,No,No,947,76,8,1,3.8,Not Completed,1,1,3,2,2,2,4,4
20280,STU120280,Ritika Singh,Female,32,Bachelor,Student,Kolkata,Mobile,Medium,C101,Python Basics,Programming,Beginner,45,4.6,6,19,55.4,5,2.0,2,4,7.0,5,5,3,65.8,71.1,52.9,3,03-11-2024,NetBanking,Yes,No,3907,61,2,1,4.7,Not Completed,0,0,2,1,2,1,4,3
20281,STU120281,Ritika Bose,Male,24,HighSchool,Student,Kolkata,Mobile,Medium,C103,Introduction to AI,Programming,Intermediate,75,4.5,4,45,66.6,2,2.6,2,2,6.9,4,6,2,73.9,61.0,50.3,3,03-07-2024,Credit Card,Yes,No,5328,88,1,0,5.0,Not Completed,1,2,2,1,2,2,4,0
20282,STU120282,Sakshi Mehta,Female,24,Bachelor,Employed,Pune,Laptop,Medium,C102,Data Analysis with Python,Programming,Intermediate,60,4.7,2,36,41.9,2,0.5,11,7,7.6,4,6,2,82.3,70.9,42.2,3,19-03-2024,Free,No,No,0,79,2,1,3.9,Not Completed,0,0,0,0,2,2,4,2
20283,STU120283,Ananya Bose,Female,26,Diploma,Employed,Bhopal,Mobile,Medium,C103,Introduction to AI,Programming,Intermediate,75,4.5,5,40,45.8,1,6.6,4,1,7.0,6,4,6,73.0,69.9,55.5,1,15-12-2023,UPI,Yes,No,5369,95,1,1,4.8,Completed,0,1,0,1,2,2,4,5
20284,STU120284,Ananya Reddy,Male,38,Master,Student,Bengaluru,Laptop,Medium,C105,UI/UX Design Fundamentals,Design,Beginner,40,4.4,4,35,76.7,3,1.2,5,4,6.7,4,5,1,60.9,93.2,55.5,7,22-03-2025,UPI,Yes,No,3785,83,4,0,4.3,Completed,1,3,2,0,2,1,1,5
20285,STU120285,Neha Verma,Female,17,Bachelor,Student,Bengaluru,Mobile,High,C108,Excel for Business,Business,Beginner,25,4.1,5,31,49.1,3,0.5,1,4,4.9,5,5,3,49.7,38.8,49.1,2,07-07-2025,UPI,Yes,No,3262,29,4,2,4.4,Completed,0,0,2,1,0,1,0,5
20286,STU120286,Aarav Patel,Male,17,Diploma,Employed,Delhi,Laptop,Medium,C106,Machine Learning A-Z,Programming,Advanced,90,4.6,3,40,60.1,0,0.5,0,1,2.8,6,4,6,84.3,57.0,59.9,1,02-06-2024,NetBanking,Yes,No,6709,56,3,0,4.0,Completed,1,1,0,0,2,0,4,3
20287,STU120287,Vihaan Patel,Male,22,Diploma,Student,Delhi,Mobile,High,C103,Introduction to AI,Programming,Intermediate,75,4.5,5,12,69.8,4,4.0,1,2,8.4,8,2,0,64.0,79.6,76.4,5,18-12-2023,UPI,Yes,Yes,5167,54,2,1,5.0,Completed,1,1,2,1,0,2,4,5
20288,STU120288,Sakshi Reddy,Male,18,Master,Employed,Indore,Laptop,Medium,C101,Python Basics,Programming,Beginner,45,4.6,4,41,23.7,1,9.5,3,3,3.7,5,5,1,97.2,51.2,40.9,1,31-12-2024,UPI,Yes,No,4034,43,5,2,4.7,Completed,1,3,0,0,2,1,4,5
20289,STU120289,Kavya Iyer,Male,30,Diploma,Student,Mumbai,Mobile,Medium,C102,Data Analysis with Python,Programming,Intermediate,60,4.7,2,26,83.6,1,5.9,1,4,3.3,2,7,2,68.3,59.8,44.2,1,23-06-2024,UPI,Yes,No,4878,100,4,0,4.3,Completed,1,1,2,1,2,2,4,5
20290,STU120290,Aarav Verma,Female,25,Bachelor,Employed,Ahmedabad,Mobile,Medium,C101,Python Basics,Programming,Beginner,45,4.6,6,41,66.8,1,5.0,6,8,7.8,4,6,3,59.5,56.0,50.2,0,08-07-2025,Debit Card,Yes,No,4263,77,4,0,4.0,Completed,0,0,0,1,2,1,4,1
20291,STU120291,Krishna Bose,Male,22,Bachelor,Student,Hyderabad,Tablet,Medium,C101,Python Basics,Programming,Beginner,45,4.6,5,34,64.4,1,4.4,10,7,5.5,3,7,3,71.8,70.6,44.1,3,30-10-2023,UPI,Yes,No,4651,56,2,2,4.3,Completed,1,0,2,2,2,1,4,5
20292,STU120292,Sneha Kumar,Female,26,Bachelor,Employed,Nagpur,Mobile,High,C102,Data Analysis with Python,Programming,Intermediate,60,4.7,6,32,95.8,3,11.0,5,6,5.4,5,5,2,92.6,67.5,66.9,2,29-05-2024,Free,No,No,0,72,5,2,4.8,Completed,0,0,0,1,0,2,4,2
20293,STU120293,Sneha Reddy,Female,30,Master,Employed,Ahmedabad,Mobile,Medium,C101,Python Basics,Programming,Beginner,45,4.6,4,47,47.0,1,2.3,0,9,5.7,2,8,5,84.0,60.0,31.4,3,17-02-2024,Free,No,Yes,0,74,3,1,3.7,Not Completed,0,3,0,1,2,1,4,2
20294,STU120294,Rahul Desai,Female,24,Diploma,Employed,Vadodara,Mobile,High,C108,Excel for Business,Business,Beginner,25,4.1,1,29,67.8,3,0.5,5,4,5.0,5,5,1,84.8,28.7,55.2,1,19-02-2024,UPI,Yes,No,3053,73,1,1,2.7,Not Completed,0,1,0,1,0,1,0,5
20295,STU120295,Rohan Bose,Female,34,Bachelor,Employed,Nagpur,Mobile,Medium,C102,Data Analysis with Python,Programming,Intermediate,60,4.7,3,33,80.7,4,0.5,0,5,3.0,3,7,7,83.1,75.7,50.0,4,15-04-2024,NetBanking,Yes,No,5291,57,4,1,4.1,Not Completed,0,0,0,1,2,2,4,3
20296,STU120296,Rahul Iyer,Female,27,Diploma,Employed,Surat,Mobile,Medium,C101,Python Basics,Programming,Beginner,45,4.6,6,49,86.4,1,7.6,9,9,7.0,6,4,3,73.7,53.4,68.9,5,10-01-2024,UPI,Yes,No,4268,62,2,0,4.7,Completed,0,1,0,1,2,1,4,5
20297,STU120297,Neha Reddy,Male,22,Bachelor,Student,Indore,Laptop,High,C107,Statistics for Data Science,Math,Intermediate,50,4.2,5,38,93.5,5,6.0,1,6,7.7,5,5,9,92.0,88.6,67.1,0,19-05-2025,Debit Card,Yes,No,4457,63,6,0,4.2,Completed,1,0,2,0,0,2,3,1
20298,STU120298,Nikhil Patel,Female,34,HighSchool,Employed,Hyderabad,Mobile,High,C102,Data Analysis with Python,Programming,Intermediate,60,4.7,6,31,20.9,2,8.1,5,5,5.6,4,6,1,82.4,90.9,35.9,1,01-06-2025,Free,No,Yes,0,61,5,2,4.1,Not Completed,0,2,0,1,0,2,4,2
20299,STU120299,Nikhil Bhardwaj,Female,29,PhD,Employed,Delhi,Mobile,Medium,C106,Machine Learning A-Z,Programming,Advanced,90,4.6,3,30,58.6,2,0.5,4,6,10.0,4,6,2,86.4,85.9,48.8,3,21-08-2025,Debit Card,Yes,No,6921,59,6,1,3.9,Completed,0,4,0,1,2,0,4,1
20300,STU120300,Pooja Shah,Male,23,Diploma,Student,Kolkata,Laptop,High,C101,Python Basics,Programming,Beginner,45,4.6,4,21,71.2,1,5.6,0,5,4.9,4,6,3,73.2,47.1,51.3,1,22-02-2025,UPI,Yes,No,4213,100,2,1,4.5,Not Completed,1,1,2,0,0,1,4,5
20301,STU120301,Priya Gupta,Female,28,Master,Student,Ahmedabad,Mobile,Low,C105,UI/UX Design Fundamentals,Design,Beginner,40,4.4,4,35,69.8,1,9.2,1,1,8.0,6,4,4,55.9,68.1,63.8,1,26-01-2024,Debit Card,Yes,No,4262,26,2,0,3.1,Completed,0,3,2,1,1,1,1,1
20302,STU120302,Ritika Desai,Female,17,Bachelor,Employed,Delhi,Tablet,High,C103,Introduction to AI,Programming,Intermediate,75,4.5,6,38,88.0,1,2.3,3,3,3.9,5,5,7,82.1,58.7,63.7,3,07-05-2025,Scholarship,No,No,1773,85,4,0,4.4,Completed,0,0,0,2,0,2,4,4
20303,STU120303,Sai Mehta,Female,18,Bachelor,Unemployed,Delhi,Mobile,High,C107,Statistics for Data Science,Math,Intermediate,50,4.2,5,31,63.1,0,5.3,0,4,6.5,6,4,2,66.3,75.7,61.9,1,07-05-2024,UPI,Yes,Yes,4072,67,2,0,4.2,Completed,0,0,3,1,0,2,3,5
20304,STU120304,Priya Verma,Male,27,Master,Employed,Ahmedabad,Mobile,Medium,C102,Data Analysis with Python,Programming,Intermediate,60,4.7,5,38,38.6,2,7.3,8,7,7.9,6,3,4,67.3,80.0,53.5,2,10-08-2024,Debit Card,Yes,Yes,4241,50,2,0,3.0,Completed,1,3,0,1,2,2,4,1
20305,STU120305,Vihaan Bhardwaj,Male,28,Bachelor,Student,Delhi,Mobile,Medium,C104,Digital Marketing Essentials,Marketing,Beginner,30,4.3,5,40,34.2,2,0.5,2,4,7.1,3,7,5,91.1,64.1,33.2,3,02-09-2025,Free,No,No,0,55,3,1,4.2,Not Completed,1,0,2,1,2,1,2,2
20306,STU120306,Krishna Nair,Female,25,Bachelor,Student,Vadodara,Mobile,High,C104,Digital Marketing Essentials,Marketing,Beginner,30,4.3,5,28,64.6,1,6.2,7,7,6.3,4,6,2,67.7,74.1,50.3,6,17-05-2025,UPI,Yes,Yes,2990,72,1,0,5.0,Completed,0,0,2,1,0,1,2,5
20307,STU120307,Rohan Verma,Female,19,Bachelor,Employed,Jaipur,Mobile,Low,C103,Introduction to AI,Programming,Intermediate,75,4.5,1,26,10.1,2,0.7,11,0,3.1,2,7,3,57.9,68.2,18.9,1,24-08-2024,Credit Card,Yes,No,6142,82,2,2,4.8,Not Completed,0,0,0,1,1,2,4,0
20308,STU120308,Neha Nair,Female,22,Bachelor,Employed,Bhopal,Mobile,Medium,C106,Machine Learning A-Z,Programming,Advanced,90,4.6,5,43,69.9,1,2.9,8,3,6.4,3,7,3,78.1,76.3,46.3,6,24-09-2024,Credit Card,Yes,No,6641,63,2,0,3.2,Not Completed,0,0,0,1,2,0,4,0
20309,STU120309,Pooja Kumar,Male,24,HighSchool,Student,Vadodara,Mobile,Medium,C105,UI/UX Design Fundamentals,Design,Beginner,40,4.4,4,40,80.7,6,7.0,15,3,4.0,4,6,4,67.0,50.7,54.8,1,15-06-2024,Credit Card,Yes,No,4323,42,1,0,3.7,Completed,1,2,2,1,2,1,1,0
20310,STU120310,Arjun Sharma,Female,21,Bachelor,Employed,Surat,Laptop,High,C102,Data Analysis with Python,Programming,Intermediate,60,4.7,4,42,69.1,2,1.1,2,6,7.3,5,5,2,74.5,72.4,57.8,1,07-11-2023,Free,No,Yes,0,51,1,1,4.8,Completed,0,0,0,0,0,2,4,2
20311,STU120311,Aarav Shah,Female,22,Bachelor,Student,Vadodara,Mobile,Medium,C107,Statistics for Data Science,Math,Intermediate,50,4.2,3,21,24.0,4,0.5,5,7,7.1,6,3,1,56.1,74.8,48.1,3,20-11-2024,Debit Card,Yes,No,4506,45,3,0,4.2,Not Completed,0,0,2,1,2,2,3,1
20312,STU120312,Arjun Mehta,Male,25,Master,Student,Surat,Mobile,High,C107,Statistics for Data Science,Math,Intermediate,50,4.2,2,26,81.1,3,1.7,3,5,8.7,2,8,7,46.5,82.3,44.5,2,22-01-2024,Credit Card,Yes,No,4497,59,1,3,3.7,Not Completed,1,3,2,1,0,2,3,0
20313,STU120313,Vivaan Gupta,Female,17,Master,Student,Bhopal,Mobile,High,C107,Statistics for Data Science,Math,Intermediate,50,4.2,3,27,76.5,2,4.3,18,4,8.1,5,5,3,70.6,86.7,61.1,1,18-08-2024,UPI,Yes,Yes,3588,48,2,1,5.0,Not Completed,0,3,2,1,0,2,3,5
20314,STU120314,Ananya Shah,Male,31,Diploma,Student,Kolkata,Mobile,High,C103,Introduction to AI,Programming,Intermediate,75,4.5,2,27,46.2,1,0.5,20,1,3.1,6,4,1,78.7,46.0,54.5,0,24-11-2023,Credit Card,Yes,No,6165,73,2,0,4.2,Not Completed,1,1,2,1,0,2,4,0
20315,STU120315,Meera Reddy,Male,29,HighSchool,Employed,Jaipur,Laptop,High,C104,Digital Marketing Essentials,Marketing,Beginner,30,4.3,7,25,45.8,3,0.5,0,3,8.8,3,7,6,83.3,54.3,36.7,2,05-06-2025,Free,No,No,0,59,5,3,5.0,Not Completed,1,2,0,0,0,1,2,2
20316,STU120316,Ritika Bhardwaj,Female,25,Bachelor,Employed,Chennai,Mobile,Medium,C106,Machine Learning A-Z,Programming,Advanced,90,4.6,4,11,36.0,0,1.8,9,5,5.5,5,5,10,58.7,65.3,45.9,1,26-03-2024,Credit Card,Yes,No,7097,76,2,0,3.7,Completed,0,0,0,1,2,0,4,0
20317,STU120317,Ritika Mehta,Male,39,Bachelor,Employed,Kolkata,Mobile,High,C108,Excel for Business,Business,Beginner,25,4.1,4,38,70.1,2,4.5,0,4,7.9,4,6,2,70.7,49.9,51.0,1,27-05-2024,UPI,Yes,No,3191,92,4,1,4.8,Not Completed,1,0,0,1,0,1,0,5
20318,STU120318,Rohan Singh,Female,18,Bachelor,Employed,Nagpur,Laptop,Medium,C106,Machine Learning A-Z,Programming,Advanced,90,4.6,10,31,62.4,2,0.5,0,6,3.5,4,6,8,64.2,60.5,48.9,3,05-08-2025,Credit Card,Yes,No,6892,82,0,0,4.0,Completed,0,0,0,0,2,0,4,0
20319,STU120319,Rahul Nair,Male,32,Diploma,Student,Jaipur,Mobile,Medium,C108,Excel for Business,Business,Beginner,25,4.1,6,31,50.8,0,7.1,3,6,7.3,3,6,3,79.3,62.4,38.9,2,02-04-2025,Debit Card,Yes,No,3386,41,4,1,3.7,Not Completed,1,1,2,1,2,1,0,1
20320,STU120320,Pooja Shah,Female,23,Bachelor,Student,Vadodara,Laptop,High,C106,Machine Learning A-Z,Programming,Advanced,90,4.6,4,48,59.3,3,4.0,1,5,8.0,3,7,4,87.1,54.7,41.5,0,08-09-2024,Debit Card,Yes,No,6984,36,2,1,4.7,Completed,0,0,2,0,0,0,4,1
20321,STU120321,Rahul Gupta,Female,31,Bachelor,Student,Mumbai,Mobile,High,C102,Data Analysis with Python,Programming,Intermediate,60,4.7,5,27,66.3,3,1.5,1,7,7.4,7,3,5,72.3,69.1,68.7,2,18-08-2025,Debit Card,Yes,No,5037,97,2,0,3.8,Completed,0,0,2,1,0,2,4,1
20322,STU120322,Priya Nair,Male,27,HighSchool,Student,Bengaluru,Mobile,Medium,C103,Introduction to AI,Programming,Intermediate,75,4.5,6,39,20.3,1,4.0,6,8,8.2,7,3,4,76.3,73.4,52.8,3,14-10-2024,Debit Card,Yes,No,5652,70,4,0,5.0,Completed,1,2,2,1,2,2,4,1
20323,STU120323,Pooja Bose,Male,24,HighSchool,Employed,Surat,Mobile,Medium,C101,Python Basics,Programming,Beginner,45,4.6,8,45,71.5,3,7.4,2,9,6.4,2,8,1,43.6,62.8,40.2,3,26-06-2024,Free,No,No,0,90,3,0,4.2,Not Completed,1,2,0,1,2,1,4,2
20324,STU120324,Vihaan Desai,Other,21,Bachelor,Self-Employed,Hyderabad,Laptop,High,C102,Data Analysis with Python,Programming,Intermediate,60,4.7,3,30,43.1,0,9.0,15,3,6.3,2,7,2,72.7,74.2,30.8,0,24-09-2024,UPI,Yes,No,5167,54,1,1,4.9,Not Completed,2,0,1,0,0,2,4,5
20325,STU120325,Krishna Sharma,Female,26,Bachelor,Employed,Indore,Mobile,Medium,C102,Data Analysis with Python,Programming,Intermediate,60,4.7,4,17,49.5,3,0.5,0,4,8.2,4,6,3,73.0,77.4,45.2,2,21-05-2024,Credit Card,Yes,No,4902,53,0,0,3.6,Completed,0,0,0,1,2,2,4,0
20326,STU120326,Sneha Shah,Female,28,Master,Employed,Bengaluru,Mobile,Medium,C101,Python Basics,Programming,Beginner,45,4.6,3,32,61.0,4,0.5,1,2,5.9,8,2,6,58.8,68.0,72.8,3,18-03-2025,Debit Card,Yes,No,4375,50,4,0,4.5,Not Completed,0,3,0,1,2,1,4,1
20327,STU120327,Pooja Iyer,Female,17,Master,Student,Kolkata,Laptop,Medium,C108,Excel for Business,Business,Beginner,25,4.1,5,29,65.3,3,2.6,11,4,8.5,5,5,2,95.6,99.4,57.8,4,02-01-2024,Debit Card,Yes,No,3238,76,2,0,4.6,Completed,0,3,2,0,2,1,0,1
20328,STU120328,Kavya Kumar,Female,32,Bachelor,Student,Pune,Mobile,Medium,C106,Machine Learning A-Z,Programming,Advanced,90,4.6,5,49,39.2,4,13.8,33,2,6.1,4,6,2,82.9,72.0,41.3,2,21-12-2023,NetBanking,Yes,No,6376,59,2,0,4.9,Completed,0,0,2,1,2,0,4,3
20329,STU120329,Sakshi Shah,Male,17,Bachelor,Student,Bengaluru,Tablet,Medium,C108,Excel for Business,Business,Beginner,25,4.1,3,26,83.4,1,10.8,0,4,2.2,4,6,1,57.0,68.7,56.6,1,23-07-2025,Debit Card,Yes,No,3199,63,1,1,3.8,Completed,1,0,2,2,2,1,0,1
20330,STU120330,Isha Verma,Female,38,Bachelor,Employed,Delhi,Laptop,Low,C108,Excel for Business,Business,Beginner,25,4.1,4,31,51.9,2,4.2,6,6,5.8,6,4,2,46.9,67.5,57.5,1,17-01-2025,Credit Card,Yes,No,3406,67,3,0,4.4,Not Completed,0,0,0,0,1,1,0,0
20331,STU120331,Rohan Sharma,Male,17,HighSchool,Student,Ahmedabad,Laptop,High,C103,Introduction to AI,Programming,Intermediate,75,4.5,3,47,86.7,2,3.0,22,4,6.7,6,4,3,72.5,58.8,69.3,2,19-04-2024,Credit Card,Yes,No,5414,100,1,0,4.8,Not Completed,1,2,2,0,0,2,4,0
20332,STU120332,Isha Iyer,Female,30,Bachelor,Employed,Hyderabad,Laptop,High,C102,Data Analysis with Python,Programming,Intermediate,60,4.7,5,24,90.1,0,0.5,5,4,8.7,7,3,4,81.5,81.3,77.6,1,12-09-2024,Credit Card,Yes,No,5300,100,4,0,5.0,Completed,0,0,0,0,0,2,4,0
20333,STU120333,Ritika Iyer,Male,33,Bachelor,Student,Chennai,Mobile,Medium,C106,Machine Learning A-Z,Programming,Advanced,90,4.6,5,23,81.4,4,0.5,2,4,4.0,6,4,6,79.3,65.9,67.8,3,20-10-2023,Scholarship,No,No,928,81,2,0,5.0,Not Completed,1,0,2,1,2,0,4,4
20334,STU120334,Vihaan Bhardwaj,Male,19,Bachelor,Student,Lucknow,Mobile,Medium,C108,Excel for Business,Business,Beginner,25,4.1,1,39,69.1,0,0.5,6,1,7.7,8,2,6,75.7,63.6,75.4,2,12-07-2024,NetBanking,Yes,Yes,2801,89,1,1,3.2,Completed,1,0,2,1,2,1,0,3
20335,STU120335,Priya Bose,Female,23,Bachelor,Self-Employed,Indore,Mobile,Medium,C101,Python Basics,Programming,Beginner,45,4.6,8,37,82.3,3,3.8,2,6,7.9,6,3,3,73.1,100.0,69.8,3,23-12-2024,UPI,Yes,No,4564,90,6,0,4.4,Completed,0,0,1,1,2,1,4,5
20336,STU120336,Aarav Gupta,Male,24,HighSchool,Student,Delhi,Mobile,High,C107,Statistics for Data Science,Math,Intermediate,50,4.2,7,47,80.1,5,10.9,16,7,4.9,5,5,2,59.3,66.3,61.4,3,24-02-2025,Debit Card,Yes,Yes,3632,62,1,1,3.1,Completed,1,2,2,1,0,2,3,1
20337,STU120337,Ananya Iyer,Female,24,Diploma,Employed,Hyderabad,Mobile,Low,C108,Excel for Business,Business,Beginner,25,4.1,4,38,83.9,2,6.3,0,6,5.2,4,6,3,54.0,50.6,55.9,2,14-10-2024,UPI,Yes,No,3148,66,5,2,5.0,Completed,0,1,0,1,1,1,0,5
20338,STU120338,Ananya Iyer,Female,18,Bachelor,Student,Nagpur,Laptop,High,C104,Digital Marketing Essentials,Marketing,Beginner,30,4.3,5,30,81.2,3,0.5,14,6,7.1,7,3,5,80.6,97.3,75.3,2,03-12-2024,UPI,Yes,No,3429,88,2,1,4.7,Completed,0,0,2,0,0,1,2,5
20339,STU120339,Vihaan Iyer,Female,23,HighSchool,Employed,Nagpur,Laptop,High,C106,Machine Learning A-Z,Programming,Advanced,90,4.6,6,33,62.0,0,0.6,11,4,8.2,5,5,4,46.2,77.6,55.6,1,18-09-2024,UPI,Yes,No,6146,79,2,2,4.0,Not Completed,0,2,0,0,0,0,4,5
20340,STU120340,Vivaan Bose,Male,30,Bachelor,Self-Employed,Surat,Mobile,High,C103,Introduction to AI,Programming,Intermediate,75,4.5,6,31,68.0,6,0.5,5,6,6.4,6,4,5,71.4,88.7,64.2,2,07-02-2024,Credit Card,Yes,No,6024,77,1,0,3.4,Completed,1,0,1,1,0,2,4,0
20341,STU120341,Aditya Patel,Male,28,Master,Student,Nagpur,Laptop,Medium,C105,UI/UX Design Fundamentals,Design,Beginner,40,4.4,5,40,80.4,0,0.5,4,4,5.9,5,5,4,58.5,69.7,61.6,1,19-04-2025,UPI,Yes,No,3745,47,2,3,3.9,Completed,1,3,2,0,2,1,1,5
20342,STU120342,Aarav Shah,Female,28,HighSchool,Student,Nagpur,Laptop,Medium,C102,Data Analysis with Python,Programming,Intermediate,60,4.7,4,40,48.0,1,2.8,0,2,8.1,5,5,5,67.0,68.2,50.2,2,30-11-2024,Debit Card,Yes,No,5286,24,3,0,4.0,Not Completed,0,2,2,0,2,2,4,1
20343,STU120343,Vihaan Joshi,Female,21,Bachelor,Student,Ahmedabad,Mobile,High,C104,Digital Marketing Essentials,Marketing,Beginner,30,4.3,6,29,86.6,5,0.5,1,3,8.2,8,2,6,68.9,84.4,82.5,3,18-12-2023,UPI,Yes,No,3595,61,4,0,5.0,Not Completed,0,0,2,1,0,1,2,5
20344,STU120344,Pooja Reddy,Male,24,Bachelor,Self-Employed,Surat,Mobile,Medium,C104,Digital Marketing Essentials,Marketing,Beginner,30,4.3,6,37,49.9,2,13.7,3,6,5.0,7,3,2,66.4,42.4,61.6,4,18-12-2023,UPI,Yes,No,3150,100,2,0,3.5,Not Completed,1,0,1,1,2,1,2,5
20345,STU120345,Rohan Iyer,Male,17,Master,Student,Kolkata,Laptop,Medium,C101,Python Basics,Programming,Beginner,45,4.6,4,31,77.5,5,0.5,6,11,7.7,5,5,6,91.3,53.6,59.8,7,07-02-2024,NetBanking,Yes,No,4329,68,6,2,3.3,Completed,1,3,2,0,2,1,4,3
20346,STU120346,Aditya Bose,Male,26,Bachelor,Student,Vadodara,Mobile,High,C105,UI/UX Design Fundamentals,Design,Beginner,40,4.4,3,15,42.5,3,0.5,15,6,4.8,4,6,6,78.8,97.5,43.8,0,01-08-2025,Credit Card,Yes,Yes,3469,70,4,2,3.5,Not Completed,1,0,2,1,0,1,1,0
20347,STU120347,Arjun Bose,Female,30,Master,Student,Indore,Mobile,Medium,C104,Digital Marketing Essentials,Marketing,Beginner,30,4.3,6,25,80.9,3,3.0,0,6,6.0,5,5,3,62.3,76.9,62.2,2,01-12-2023,Credit Card,Yes,No,3634,21,1,2,4.6,Not Completed,0,3,2,1,2,1,2,0
20348,STU120348,Vivaan Singh,Female,23,Bachelor,Employed,Chennai,Mobile,High,C107,Statistics for Data Science,Math,Intermediate,50,4.2,7,50,64.5,1,14.3,12,8,5.6,6,4,3,66.0,60.8,61.6,2,31-12-2024,Credit Card,Yes,Yes,4099,47,5,1,4.1,Completed,0,0,0,1,0,2,3,0
20349,STU120349,Aarav Mehta,Female,32,Bachelor,Employed,Pune,Laptop,High,C101,Python Basics,Programming,Beginner,45,4.6,4,30,66.8,2,2.6,8,6,8.5,4,6,1,69.1,44.0,49.6,1,05-10-2025,Scholarship,No,No,1156,60,3,0,3.8,Completed,0,0,0,0,0,1,4,4
20350,STU120350,Meera Bhardwaj,Female,18,Bachelor,Employed,Surat,Mobile,Medium,C104,Digital Marketing Essentials,Marketing,Beginner,30,4.3,8,61,47.3,3,9.9,2,4,4.3,5,5,4,84.0,68.0,49.9,1,10-10-2024,Debit Card,Yes,No,3580,59,3,0,4.2,Not Completed,0,0,0,1,2,1,2,1
20351,STU120351,Nikhil Kumar,Male,29,Master,Employed,Indore,Laptop,High,C108,Excel for Business,Business,Beginner,25,4.1,4,26,81.4,1,0.5,5,5,6.7,5,5,3,70.5,48.7,60.9,2,25-09-2024,NetBanking,Yes,No,3210,49,1,3,2.8,Not Completed,1,3,0,0,0,1,0,3
20352,STU120352,Isha Nair,Male,23,Master,Employed,Mumbai,Laptop,High,C103,Introduction to AI,Programming,Intermediate,75,4.5,3,26,71.7,3,6.1,1,2,8.5,6,4,5,90.3,47.9,63.5,3,28-07-2025,NetBanking,Yes,No,5304,100,3,0,4.3,Completed,1,3,0,0,0,2,4,3
20353,STU120353,Pooja Joshi,Female,24,Bachelor,Student,Lucknow,Mobile,Medium,C108,Excel for Business,Business,Beginner,25,4.1,6,45,45.9,4,7.1,3,6,8.0,3,7,2,78.4,46.6,36.4,3,14-06-2025,UPI,Yes,No,2961,100,2,2,4.0,Not Completed,0,0,2,1,2,1,0,5
20354,STU120354,Nikhil Desai,Male,33,Bachelor,Employed,Delhi,Mobile,Medium,C103,Introduction to AI,Programming,Intermediate,75,4.5,9,33,85.5,3,5.9,10,3,5.8,3,7,5,71.4,59.7,50.9,1,15-07-2024,Free,No,Yes,0,100,2,2,4.3,Completed,1,0,0,1,2,2,4,2
20355,STU120355,Sai Reddy,Female,35,Bachelor,Employed,Indore,Laptop,High,C102,Data Analysis with Python,Programming,Intermediate,60,4.7,4,42,89.5,2,0.5,0,8,8.0,4,6,8,70.2,78.9,59.3,1,16-12-2023,NetBanking,Yes,Yes,4670,52,3,1,3.9,Not Completed,0,0,0,0,0,2,4,3
20356,STU120356,Sakshi Patel,Male,25,Bachelor,Student,Delhi,Laptop,High,C103,Introduction to AI,Programming,Intermediate,75,4.5,10,34,80.4,5,0.5,12,11,5.7,5,5,3,62.9,69.7,61.6,4,31-07-2025,UPI,Yes,No,6015,57,0,0,4.2,Completed,1,0,2,0,0,2,4,5
20357,STU120357,Vihaan Joshi,Male,27,Bachelor,Employed,Pune,Laptop,Medium,C108,Excel for Business,Business,Beginner,25,4.1,6,30,23.7,2,15.1,0,2,5.6,4,5,7,74.5,95.7,37.1,2,12-09-2025,Debit Card,Yes,No,3537,51,2,1,5.0,Completed,1,0,0,0,2,1,0,1
20358,STU120358,Priya Kumar,Male,35,Bachelor,Employed,Ahmedabad,Laptop,Low,C106,Machine Learning A-Z,Programming,Advanced,90,4.6,2,41,68.1,1,0.5,1,4,8.8,5,5,7,97.4,80.8,57.9,0,23-12-2023,Debit Card,Yes,Yes,6040,77,4,0,4.6,Completed,1,0,0,0,1,0,4,1
20359,STU120359,Priya Verma,Male,17,Master,Student,Pune,Laptop,High,C101,Python Basics,Programming,Beginner,45,4.6,9,50,86.9,1,7.9,4,7,9.9,4,6,11,93.9,64.0,57.6,2,12-11-2023,NetBanking,Yes,No,4492,46,3,0,4.8,Completed,1,3,2,0,0,1,4,3
20360,STU120360,Rohan Patel,Female,35,Bachelor,Student,Mumbai,Laptop,High,C102,Data Analysis with Python,Programming,Intermediate,60,4.7,9,38,78.8,2,8.1,2,7,10.0,5,5,4,65.6,71.2,61.1,1,10-10-2024,Debit Card,Yes,No,5375,73,1,0,5.0,Completed,0,0,2,0,0,2,4,1
20361,STU120361,Sai Shah,Female,24,Bachelor,Student,Mumbai,Mobile,Medium,C104,Digital Marketing Essentials,Marketing,Beginner,30,4.3,5,40,48.7,1,0.5,15,5,6.1,4,6,6,67.9,60.1,44.0,3,27-03-2024,NetBanking,Yes,No,3511,79,1,1,4.8,Not Completed,0,0,2,1,2,1,2,3
20362,STU120362,Krishna Joshi,Male,29,Bachelor,Student,Mumbai,Mobile,Medium,C107,Statistics for Data Science,Math,Intermediate,50,4.2,3,25,70.4,1,0.5,0,5,7.3,8,2,0,69.7,69.3,76.1,2,11-07-2025,UPI,Yes,No,4933,64,3,1,4.8,Completed,1,0,2,1,2,2,3,5
20363,STU120363,Priya Gupta,Male,34,Bachelor,Self-Employed,Surat,Laptop,Medium,C108,Excel for Business,Business,Beginner,25,4.1,2,35,71.0,1,5.9,5,7,10.0,2,8,4,63.8,95.1,41.6,1,24-03-2025,Free,No,No,0,57,1,0,3.9,Not Completed,1,0,1,0,2,1,0,2
20364,STU120364,Rahul Nair,Male,26,Bachelor,Student,Vadodara,Laptop,Medium,C107,Statistics for Data Science,Math,Intermediate,50,4.2,3,46,87.5,1,11.6,4,3,4.4,4,5,8,69.4,63.3,57.8,2,24-12-2023,Credit Card,Yes,No,4915,72,2,0,4.8,Not Completed,1,0,2,0,2,2,3,0
20365,STU120365,Aditya Kumar,Male,18,Bachelor,Employed,Jaipur,Mobile,Low,C103,Introduction to AI,Programming,Intermediate,75,4.5,5,51,34.2,4,12.2,1,7,10.0,7,3,2,67.3,77.9,57.9,1,21-09-2025,Scholarship,No,Yes,1801,71,3,0,5.0,Completed,1,0,0,1,1,2,4,4
20366,STU120366,Ritika Mehta,Male,26,Bachelor,Unemployed,Kolkata,Mobile,Low,C103,Introduction to AI,Programming,Intermediate,75,4.5,2,32,35.7,1,0.5,0,3,10.0,4,6,2,66.3,72.1,40.1,2,04-07-2024,Credit Card,Yes,No,5329,26,5,1,4.5,Completed,1,0,3,1,1,2,4,0
20367,STU120367,Neha Kumar,Female,19,Diploma,Employed,Delhi,Mobile,Medium,C105,UI/UX Design Fundamentals,Design,Beginner,40,4.4,2,27,49.4,1,0.5,20,3,5.9,6,4,8,72.3,48.3,55.7,0,18-03-2024,UPI,Yes,Yes,3699,82,4,0,3.4,Not Completed,0,1,0,1,2,1,1,5
20368,STU120368,Vihaan Shah,Male,39,Bachelor,Student,Jaipur,Mobile,High,C107,Statistics for Data Science,Math,Intermediate,50,4.2,7,13,86.1,2,0.5,5,6,7.5,4,5,5,81.4,44.3,56.4,1,22-02-2025,NetBanking,Yes,No,4419,32,0,0,4.9,Completed,1,0,2,1,0,2,3,3
20369,STU120369,Vivaan Mehta,Male,17,Bachelor,Student,Bengaluru,Laptop,Medium,C107,Statistics for Data Science,Math,Intermediate,50,4.2,9,53,47.0,5,13.3,3,3,3.9,3,7,6,56.6,75.6,38.2,4,18-07-2025,Free,No,No,0,82,4,1,5.0,Not Completed,1,0,2,0,2,2,3,2
20370,STU120370,Vihaan Reddy,Male,24,Bachelor,Employed,Surat,Laptop,High,C108,Excel for Business,Business,Beginner,25,4.1,5,26,58.0,1,0.5,3,7,10.0,5,5,1,80.7,67.8,53.7,5,27-08-2024,UPI,Yes,No,3306,78,5,0,5.0,Completed,1,0,0,0,0,1,0,5
20371,STU120371,Arjun Bose,Male,28,Bachelor,Employed,Vadodara,Mobile,High,C103,Introduction to AI,Programming,Intermediate,75,4.5,3,41,40.8,0,7.5,9,4,3.5,4,6,2,78.3,78.5,42.2,1,20-10-2023,UPI,Yes,No,6084,51,4,0,5.0,Completed,1,0,0,1,0,2,4,5
20372,STU120372,Krishna Verma,Female,26,Master,Employed,Mumbai,Mobile,Medium,C101,Python Basics,Programming,Beginner,45,4.6,4,55,84.8,3,2.2,17,2,5.2,5,5,4,58.3,70.0,63.2,2,20-05-2024,Free,No,No,0,63,1,0,3.3,Completed,0,3,0,1,2,1,4,2
20373,STU120373,Nikhil Patel,Female,27,Master,Student,Bengaluru,Mobile,Low,C105,UI/UX Design Fundamentals,Design,Beginner,40,4.4,3,32,46.0,7,0.5,2,8,10.0,4,6,5,71.2,88.7,44.5,3,10-02-2024,UPI,Yes,No,4272,66,2,1,4.1,Not Completed,0,3,2,1,1,1,1,5
20374,STU120374,Pooja Kumar,Female,31,Master,Student,Bengaluru,Laptop,Medium,C103,Introduction to AI,Programming,Intermediate,75,4.5,6,41,67.3,4,5.9,1,4,8.7,6,4,4,85.7,87.5,63.9,3,30-08-2024,Free,No,Yes,0,33,5,0,4.6,Not Completed,0,3,2,0,2,2,4,2
20375,STU120375,Arjun Gupta,Male,28,Bachelor,Self-Employed,Pune,Tablet,Medium,C107,Statistics for Data Science,Math,Intermediate,50,4.2,6,50,78.8,1,7.6,0,5,9.5,3,6,1,89.0,83.9,49.8,2,01-10-2025,Credit Card,Yes,No,4409,30,1,1,4.9,Completed,1,0,1,2,2,2,3,0
20376,STU120376,Rahul Sharma,Male,29,Bachelor,Student,Delhi,Laptop,Low,C101,Python Basics,Programming,Beginner,45,4.6,3,42,64.3,3,14.8,5,2,5.3,7,3,4,67.3,51.1,67.1,0,19-11-2023,UPI,Yes,Yes,3400,75,3,0,4.9,Completed,1,0,2,0,1,1,4,5
20377,STU120377,Pooja Bhardwaj,Male,19,Bachelor,Student,Kolkata,Laptop,High,C108,Excel for Business,Business,Beginner,25,4.1,6,34,88.0,1,3.4,9,6,4.4,6,4,5,79.8,42.9,68.9,1,12-01-2024,Free,No,Yes,0,47,5,0,5.0,Completed,1,0,2,0,0,1,0,2
20378,STU120378,Sai Iyer,Male,29,Bachelor,Employed,Ahmedabad,Laptop,High,C106,Machine Learning A-Z,Programming,Advanced,90,4.6,5,28,75.7,3,2.5,5,3,7.1,4,6,5,74.9,100.0,55.5,5,20-03-2024,Free,No,No,0,65,5,0,5.0,Completed,1,0,0,0,0,0,4,2
20379,STU120379,Krishna Mehta,Male,30,Bachelor,Employed,Mumbai,Laptop,Medium,C106,Machine Learning A-Z,Programming,Advanced,90,4.6,7,36,31.3,4,6.0,3,8,6.9,5,5,2,93.7,68.6,44.4,2,07-09-2024,Credit Card,Yes,Yes,5496,65,3,3,5.0,Completed,1,0,0,0,2,0,4,0
20380,STU120380,Isha Reddy,Female,27,Bachelor,Employed,Pune,Mobile,Medium,C108,Excel for Business,Business,Beginner,25,4.1,2,31,64.9,3,6.2,3,3,4.9,5,5,2,55.2,53.2,55.4,1,17-04-2024,Free,No,Yes,0,54,0,1,4.6,Not Completed,0,0,0,1,2,1,0,2
20381,STU120381,Sai Bhardwaj,Male,26,Bachelor,Employed,Delhi,Mobile,High,C104,Digital Marketing Essentials,Marketing,Beginner,30,4.3,5,33,8.5,2,0.5,4,2,5.7,5,5,2,84.5,75.7,36.8,2,02-04-2024,Debit Card,Yes,No,3555,100,2,1,4.0,Completed,1,0,0,1,0,1,2,1
20382,STU120382,Rohan Nair,Male,31,Bachelor,Student,Bengaluru,Laptop,High,C101,Python Basics,Programming,Beginner,45,4.6,5,32,74.3,4,0.5,1,3,4.2,5,4,5,76.0,68.7,59.4,6,20-06-2025,NetBanking,Yes,No,4343,41,1,0,4.7,Completed,1,0,2,0,0,1,4,3
20383,STU120383,Pooja Shah,Female,28,Bachelor,Student,Hyderabad,Laptop,Medium,C108,Excel for Business,Business,Beginner,25,4.1,4,40,78.6,2,0.5,1,5,7.6,6,4,5,53.8,68.0,66.9,4,18-10-2023,Credit Card,Yes,No,3519,45,2,2,3.1,Completed,0,0,2,0,2,1,0,0
20384,STU120384,Sakshi Singh,Male,24,Master,Unemployed,Ahmedabad,Mobile,Low,C102,Data Analysis with Python,Programming,Intermediate,60,4.7,4,22,82.3,2,2.2,11,9,4.0,5,5,3,74.5,46.7,61.2,0,05-11-2024,Scholarship,No,No,2247,73,2,1,3.6,Completed,1,3,3,1,1,2,4,4
20385,STU120385,Ritika Iyer,Female,38,Master,Student,Vadodara,Tablet,Low,C104,Digital Marketing Essentials,Marketing,Beginner,30,4.3,6,47,67.5,0,4.5,0,4,5.6,3,7,6,94.0,100.0,46.6,3,16-12-2024,Debit Card,Yes,No,3559,41,4,1,5.0,Not Completed,0,3,2,2,1,1,2,1
20386,STU120386,Nikhil Sharma,Female,17,Bachelor,Employed,Ahmedabad,Mobile,High,C104,Digital Marketing Essentials,Marketing,Beginner,30,4.3,4,45,46.0,2,2.9,0,7,7.4,6,4,3,84.4,83.1,56.2,1,24-05-2024,UPI,Yes,No,3828,59,0,0,3.3,Completed,0,0,0,1,0,1,2,5
20387,STU120387,Aarav Mehta,Male,38,Bachelor,Student,Vadodara,Mobile,High,C103,Introduction to AI,Programming,Intermediate,75,4.5,4,32,79.5,1,8.8,8,9,4.6,3,7,4,62.5,40.4,47.9,0,26-11-2024,UPI,Yes,No,5458,68,2,0,4.1,Not Completed,1,0,2,1,0,2,4,5
20388,STU120388,Nikhil Singh,Female,30,Bachelor,Unemployed,Mumbai,Mobile,High,C106,Machine Learning A-Z,Programming,Advanced,90,4.6,7,49,56.2,5,7.6,0,2,7.6,4,6,6,100.0,90.4,48.2,4,27-07-2025,Debit Card,Yes,No,6816,68,3,0,5.0,Completed,0,0,3,1,0,0,4,1
20389,STU120389,Sakshi Patel,Female,23,Master,Employed,Pune,Mobile,High,C104,Digital Marketing Essentials,Marketing,Beginner,30,4.3,4,39,63.2,1,4.9,9,6,5.4,1,9,7,70.8,67.8,31.5,5,20-02-2025,Free,No,No,0,78,5,0,4.5,Not Completed,0,3,0,1,0,1,2,2
20390,STU120390,Pooja Iyer,Female,29,Bachelor,Employed,Hyderabad,Mobile,Medium,C103,Introduction to AI,Programming,Intermediate,75,4.5,3,40,47.2,4,0.7,2,1,6.3,2,8,3,47.1,37.9,30.4,2,19-01-2025,Credit Card,Yes,No,6024,74,1,2,4.7,Completed,0,0,0,1,2,2,4,0
20391,STU120391,Priya Bose,Male,23,Bachelor,Employed,Delhi,Laptop,Medium,C102,Data Analysis with Python,Programming,Intermediate,60,4.7,5,43,54.5,1,6.8,7,7,7.9,4,6,3,77.5,49.4,45.5,4,20-04-2024,Debit Card,Yes,No,5264,71,2,1,4.7,Completed,1,0,0,0,2,2,4,1
20392,STU120392,Rahul Verma,Female,36,Diploma,Employed,Pune,Laptop,High,C102,Data Analysis with Python,Programming,Intermediate,60,4.7,4,49,52.5,1,3.5,12,5,3.7,3,6,2,71.9,81.9,40.5,2,23-07-2024,UPI,Yes,No,4893,50,3,2,5.0,Not Completed,0,1,0,0,0,2,4,5
20393,STU120393,Neha Singh,Female,17,Diploma,Student,Nagpur,Laptop,High,C101,Python Basics,Programming,Beginner,45,4.6,3,44,79.1,2,0.5,4,7,4.0,5,5,2,64.2,86.9,62.0,4,30-06-2024,Credit Card,Yes,No,4394,46,2,1,4.3,Completed,0,1,2,0,0,1,4,0
20394,STU120394,Meera Sharma,Female,26,Bachelor,Student,Ahmedabad,Mobile,Medium,C102,Data Analysis with Python,Programming,Intermediate,60,4.7,6,41,69.8,7,2.8,9,7,10.0,7,3,4,70.9,35.9,68.2,5,01-03-2024,UPI,Yes,No,5446,77,1,0,4.1,Completed,0,0,2,1,2,2,4,5
20395,STU120395,Aarav Joshi,Male,23,Diploma,Employed,Delhi,Laptop,High,C106,Machine Learning A-Z,Programming,Advanced,90,4.6,8,21,60.1,4,1.1,4,9,5.9,4,6,4,92.1,81.3,49.1,4,01-05-2024,Free,No,No,0,66,2,0,4.0,Completed,1,1,0,0,0,0,4,2
20396,STU120396,Sakshi Joshi,Male,20,Diploma,Employed,Ahmedabad,Mobile,Low,C107,Statistics for Data Science,Math,Intermediate,50,4.2,5,40,76.2,3,5.6,19,2,10.0,5,5,3,56.6,56.1,59.5,2,09-08-2024,Scholarship,No,Yes,426,55,3,1,4.3,Not Completed,1,1,0,1,1,2,3,4
20397,STU120397,Nikhil Shah,Male,24,Bachelor,Student,Delhi,Mobile,High,C106,Machine Learning A-Z,Programming,Advanced,90,4.6,5,32,78.6,2,6.8,9,1,5.6,5,5,6,68.6,58.0,60.4,0,14-02-2024,Scholarship,No,No,3060,77,1,0,4.7,Not Completed,1,0,2,1,0,0,4,4
20398,STU120398,Aditya Sharma,Male,25,Master,Employed,Bengaluru,Laptop,Medium,C104,Digital Marketing Essentials,Marketing,Beginner,30,4.3,2,26,62.1,3,1.3,9,3,7.5,4,6,3,82.0,88.4,50.1,0,15-03-2024,Free,No,No,0,54,2,0,3.4,Completed,1,3,0,0,2,1,2,2
20399,STU120399,Pooja Bose,Male,33,Master,Student,Nagpur,Mobile,High,C107,Statistics for Data Science,Math,Intermediate,50,4.2,3,30,60.6,0,0.5,12,4,2.4,3,6,1,87.8,60.9,42.3,2,04-08-2025,UPI,Yes,No,4516,76,0,1,4.1,Completed,1,3,2,1,0,2,3,5
20400,STU120400,Aditya Bhardwaj,Female,38,Bachelor,Student,Chennai,Laptop,High,C107,Statistics for Data Science,Math,Intermediate,50,4.2,7,44,22.5,2,10.6,9,4,6.1,5,5,3,84.0,59.5,40.8,2,20-06-2024,UPI,Yes,Yes,3747,69,1,1,4.0,Not Completed,0,0,2,0,0,2,3,5
20401,STU120401,Arjun Iyer,Male,36,Bachelor,Student,Chennai,Mobile,High,C106,Machine Learning A-Z,Programming,Advanced,90,4.6,4,46,98.3,4,13.7,1,4,5.1,8,2,4,77.3,88.1,86.8,1,18-12-2024,UPI,Yes,No,6682,100,2,3,2.9,Completed,1,0,2,1,0,0,4,5
20402,STU120402,Arjun Joshi,Female,18,Master,Employed,Delhi,Tablet,Medium,C107,Statistics for Data Science,Math,Intermediate,50,4.2,6,38,93.1,3,5.6,4,5,3.9,3,7,4,74.5,100.0,55.6,2,07-02-2025,UPI,Yes,No,4051,68,0,0,3.6,Not Completed,0,3,0,2,2,2,3,5
20403,STU120403,Meera Verma,Male,17,Bachelor,Student,Kolkata,Laptop,High,C103,Introduction to AI,Programming,Intermediate,75,4.5,8,27,81.5,0,5.7,4,6,8.5,8,1,4,54.6,77.8,80.4,0,31-08-2025,NetBanking,Yes,Yes,4514,68,5,0,4.8,Not Completed,1,0,2,0,0,2,4,3
20404,STU120404,Sakshi Patel,Female,33,Bachelor,Student,Hyderabad,Mobile,High,C103,Introduction to AI,Programming,Intermediate,75,4.5,3,26,96.4,0,0.5,15,7,5.2,6,4,7,71.7,56.8,72.6,3,23-06-2025,UPI,Yes,No,5772,50,2,1,5.0,Completed,0,0,2,1,0,2,4,5
20405,STU120405,Aarav Shah,Female,19,Bachelor,Student,Surat,Mobile,High,C102,Data Analysis with Python,Programming,Intermediate,60,4.7,7,34,76.3,1,0.5,5,5,5.6,4,5,6,66.8,86.9,55.1,2,29-03-2025,UPI,Yes,Yes,4391,59,1,0,4.6,Not Completed,0,0,2,1,0,2,4,5
20406,STU120406,Krishna Sharma,Female,27,Bachelor,Employed,Mumbai,Laptop,Medium,C102,Data Analysis with Python,Programming,Intermediate,60,4.7,3,32,75.5,2,0.5,0,9,4.8,5,5,3,83.4,100.0,61.4,1,15-07-2024,Free,No,No,0,57,1,3,4.3,Completed,0,0,0,0,2,2,4,2
20407,STU120407,Ananya Mehta,Female,27,Bachelor,Employed,Jaipur,Mobile,Low,C102,Data Analysis with Python,Programming,Intermediate,60,4.7,4,24,20.7,2,0.5,4,4,7.3,7,2,4,70.1,62.6,52.4,1,14-12-2023,UPI,Yes,Yes,4205,100,2,0,4.0,Not Completed,0,0,0,1,1,2,4,5
20408,STU120408,Kavya Kumar,Female,29,Master,Student,Bhopal,Mobile,High,C105,UI/UX Design Fundamentals,Design,Beginner,40,4.4,4,33,70.3,3,4.9,6,8,6.3,2,8,3,85.6,81.2,40.7,1,14-03-2025,Debit Card,Yes,No,3926,87,1,0,3.3,Completed,0,3,2,1,0,1,1,1
20409,STU120409,Sai Patel,Female,17,Bachelor,Employed,Jaipur,Laptop,Medium,C107,Statistics for Data Science,Math,Intermediate,50,4.2,6,20,72.9,2,5.0,2,7,10.0,2,8,4,82.7,73.2,41.2,2,13-02-2025,UPI,Yes,Yes,3562,64,4,1,2.9,Completed,0,0,0,0,2,2,3,5
20410,STU120410,Priya Gupta,Male,31,Master,Employed,Delhi,Mobile,Medium,C108,Excel for Business,Business,Beginner,25,4.1,2,32,77.0,4,0.5,3,7,7.0,2,8,3,84.6,83.0,43.1,2,07-02-2025,UPI,Yes,No,3116,47,2,2,4.5,Completed,1,3,0,1,2,1,0,5
20411,STU120411,Ritika Gupta,Male,25,Diploma,Student,Surat,Laptop,High,C106,Machine Learning A-Z,Programming,Advanced,90,4.6,5,34,63.8,5,1.4,16,7,5.1,7,3,3,72.5,66.3,67.7,1,17-10-2023,Debit Card,Yes,No,6602,42,0,0,3.1,Completed,1,1,2,0,0,0,4,1
20412,STU120412,Aditya Iyer,Male,20,Master,Employed,Bengaluru,Mobile,Medium,C101,Python Basics,Programming,Beginner,45,4.6,5,36,89.4,0,0.5,6,7,9.7,4,6,7,84.1,63.1,58.4,1,14-07-2025,Credit Card,Yes,No,4267,60,5,1,2.6,Completed,1,3,0,1,2,1,4,0
20413,STU120413,Nikhil Joshi,Male,32,Diploma,Student,Delhi,Laptop,High,C108,Excel for Business,Business,Beginner,25,4.1,7,30,53.7,1,8.7,10,3,7.1,6,4,9,100.0,90.6,59.3,2,30-06-2025,Free,No,No,0,49,1,2,4.3,Not Completed,1,1,2,0,0,1,0,2
20414,STU120414,Vivaan Shah,Female,21,Diploma,Student,Nagpur,Laptop,Medium,C103,Introduction to AI,Programming,Intermediate,75,4.5,2,20,74.9,0,0.5,4,6,4.3,7,3,2,65.1,70.9,71.8,1,28-06-2025,Credit Card,Yes,Yes,5055,65,1,2,4.8,Completed,0,1,2,0,2,2,4,0
20415,STU120415,Ananya Kumar,Male,27,Diploma,Employed,Bengaluru,Mobile,High,C101,Python Basics,Programming,Beginner,45,4.6,2,15,85.9,2,1.3,22,8,1.2,6,4,5,73.4,51.3,68.6,2,11-04-2024,NetBanking,Yes,Yes,3702,57,1,1,4.4,Completed,1,1,0,1,0,1,4,3
20416,STU120416,Aarav Shah,Male,31,PhD,Employed,Pune,Tablet,Medium,C101,Python Basics,Programming,Beginner,45,4.6,4,30,39.7,4,0.5,3,3,4.9,5,5,1,63.5,62.7,47.0,1,26-09-2024,Free,No,Yes,0,83,3,0,5.0,Not Completed,1,4,0,2,2,1,4,2
20417,STU120417,Meera Bose,Male,22,Master,Employed,Nagpur,Mobile,Low,C101,Python Basics,Programming,Beginner,45,4.6,4,42,93.8,4,0.9,11,5,3.0,7,3,4,61.2,54.8,77.6,2,13-03-2024,Debit Card,Yes,Yes,3712,57,2,0,4.7,Not Completed,1,3,0,1,1,1,4,1
20418,STU120418,Rahul Reddy,Female,17,Bachelor,Self-Employed,Hyderabad,Mobile,Low,C106,Machine Learning A-Z,Programming,Advanced,90,4.6,4,29,75.2,2,2.7,0,5,5.5,3,6,5,50.6,48.1,46.7,2,27-05-2024,Debit Card,Yes,Yes,5934,52,1,1,3.5,Completed,0,0,1,1,1,0,4,1
20419,STU120419,Ananya Gupta,Male,19,HighSchool,Student,Mumbai,Mobile,Medium,C105,UI/UX Design Fundamentals,Design,Beginner,40,4.4,4,35,61.9,2,0.5,3,8,9.4,5,5,3,46.1,79.2,55.6,2,12-05-2025,UPI,Yes,Yes,3732,62,2,2,2.9,Not Completed,1,2,2,1,2,1,1,5
20420,STU120420,Aarav Sharma,Female,26,Bachelor,Employed,Pune,Mobile,Medium,C108,Excel for Business,Business,Beginner,25,4.1,3,27,91.9,6,0.5,1,3,4.5,5,5,2,76.4,63.5,65.3,2,13-12-2023,Free,No,No,0,79,1,2,4.3,Completed,0,0,0,1,2,1,0,2
20421,STU120421,Ananya Shah,Female,31,Master,Student,Jaipur,Laptop,Low,C102,Data Analysis with Python,Programming,Intermediate,60,4.7,4,37,60.7,5,0.5,1,9,5.6,3,7,4,63.8,66.9,42.6,0,07-07-2024,Free,No,No,0,25,2,0,4.0,Not Completed,0,3,2,0,1,2,4,2
20422,STU120422,Arjun Sharma,Female,29,Diploma,Employed,Ahmedabad,Mobile,Medium,C102,Data Analysis with Python,Programming,Intermediate,60,4.7,4,42,63.2,3,5.4,3,8,2.5,6,4,4,70.1,75.6,61.9,1,11-07-2024,Debit Card,Yes,No,4554,62,3,3,5.0,Completed,0,1,0,1,2,2,4,1
20423,STU120423,Rahul Verma,Female,29,Bachelor,Employed,Kolkata,Laptop,Medium,C101,Python Basics,Programming,Beginner,45,4.6,4,39,37.1,2,11.6,3,6,5.7,6,4,3,59.5,86.5,53.3,2,09-06-2025,Debit Card,Yes,No,3906,41,3,0,3.7,Not Completed,0,0,0,0,2,1,4,1
20424,STU120424,Rahul Patel,Female,18,Bachelor,Employed,Ahmedabad,Mobile,Medium,C102,Data Analysis with Python,Programming,Intermediate,60,4.7,7,33,72.0,1,7.0,9,6,8.0,8,2,2,83.1,83.0,77.3,3,23-11-2024,NetBanking,Yes,No,4885,78,0,1,5.0,Completed,0,0,0,1,2,2,4,3
20425,STU120425,Nikhil Verma,Female,19,Bachelor,Student,Bengaluru,Laptop,Low,C104,Digital Marketing Essentials,Marketing,Beginner,30,4.3,10,36,58.8,3,9.9,4,6,5.9,2,8,5,42.9,89.5,37.1,1,25-03-2024,NetBanking,Yes,No,3543,52,1,0,3.9,Completed,0,0,2,0,1,1,2,3
20426,STU120426,Sneha Shah,Male,24,Master,Employed,Surat,Laptop,High,C106,Machine Learning A-Z,Programming,Advanced,90,4.6,7,20,60.4,2,0.5,13,6,7.1,4,6,3,86.1,100.0,50.1,1,16-08-2024,UPI,Yes,No,6722,64,0,0,4.7,Not Completed,1,3,0,0,0,0,4,5
20427,STU120427,Meera Bose,Female,25,Master,Student,Lucknow,Mobile,High,C108,Excel for Business,Business,Beginner,25,4.1,1,33,60.9,0,0.5,7,2,2.5,2,8,2,35.6,66.2,36.6,2,20-02-2025,Debit Card,Yes,Yes,3027,47,2,1,4.1,Not Completed,0,3,2,1,0,1,0,1
20428,STU120428,Arjun Sharma,Female,31,Bachelor,Employed,Kolkata,Mobile,Medium,C107,Statistics for Data Science,Math,Intermediate,50,4.2,4,19,54.2,1,0.5,0,6,6.1,5,5,6,63.4,98.2,53.9,4,16-06-2025,UPI,Yes,Yes,3518,72,2,2,3.8,Not Completed,0,0,0,1,2,2,3,5
20429,STU120429,Nikhil Nair,Male,27,Bachelor,Student,Jaipur,Laptop,High,C103,Introduction to AI,Programming,Intermediate,75,4.5,5,56,65.6,1,8.1,1,7,8.9,4,6,3,97.3,56.1,49.8,3,13-12-2023,Credit Card,Yes,No,5308,63,2,1,5.0,Completed,1,0,2,0,0,2,4,0
20430,STU120430,Sneha Singh,Female,28,Diploma,Employed,Mumbai,Mobile,Low,C102,Data Analysis with Python,Programming,Intermediate,60,4.7,6,36,52.0,1,10.0,1,4,6.9,7,3,3,65.0,75.2,64.0,2,31-05-2024,Debit Card,Yes,No,4669,62,3,1,3.2,Completed,0,1,0,1,1,2,4,1
20431,STU120431,Aditya Iyer,Male,30,Master,Employed,Bhopal,Mobile,High,C105,UI/UX Design Fundamentals,Design,Beginner,40,4.4,5,40,60.3,3,0.5,1,7,1.6,7,3,1,90.8,100.0,68.1,2,19-08-2024,UPI,Yes,No,3955,78,3,0,3.8,Completed,1,3,0,1,0,1,1,5
20432,STU120432,Vivaan Mehta,Female,24,Master,Self-Employed,Pune,Mobile,High,C108,Excel for Business,Business,Beginner,25,4.1,6,40,79.7,2,3.6,10,6,6.1,7,3,0,86.6,79.2,73.8,3,07-08-2025,Free,No,Yes,0,86,6,1,5.0,Completed,0,3,1,1,0,1,0,2
20433,STU120433,Sakshi Joshi,Male,29,Bachelor,Employed,Jaipur,Laptop,Medium,C108,Excel for Business,Business,Beginner,25,4.1,6,25,36.6,6,8.5,6,5,7.1,5,5,1,74.7,62.9,46.0,2,19-02-2025,UPI,Yes,No,3016,75,3,0,2.5,Completed,1,0,0,0,2,1,0,5
20434,STU120434,Aarav Bose,Female,23,Diploma,Student,Mumbai,Mobile,High,C105,UI/UX Design Fundamentals,Design,Beginner,40,4.4,4,52,58.3,3,8.2,6,8,7.5,6,4,2,73.6,67.9,59.8,2,05-08-2024,Free,No,No,0,91,5,0,5.0,Not Completed,0,1,2,1,0,1,1,2
20435,STU120435,Vivaan Reddy,Female,28,Bachelor,Employed,Bhopal,Tablet,Medium,C102,Data Analysis with Python,Programming,Intermediate,60,4.7,6,19,68.4,4,6.2,16,4,8.9,5,5,2,61.4,62.1,57.1,1,21-05-2025,Free,No,No,0,50,1,0,3.1,Not Completed,0,0,0,2,2,2,4,2
20436,STU120436,Meera Singh,Male,25,Bachelor,Student,Hyderabad,Mobile,Low,C108,Excel for Business,Business,Beginner,25,4.1,4,32,19.4,2,0.5,6,4,5.9,3,7,6,85.8,58.8,27.7,4,11-11-2023,UPI,Yes,Yes,2839,54,2,3,5.0,Not Completed,1,0,2,1,1,1,0,5
20437,STU120437,Nikhil Patel,Male,24,Diploma,Student,Bhopal,Mobile,Low,C107,Statistics for Data Science,Math,Intermediate,50,4.2,4,39,84.0,1,0.5,2,3,9.3,7,3,5,73.2,85.4,75.7,2,08-05-2024,NetBanking,Yes,No,4056,57,3,3,3.4,Completed,1,1,2,1,1,2,3,3
20438,STU120438,Krishna Sharma,Male,32,Bachelor,Employed,Surat,Laptop,Medium,C103,Introduction to AI,Programming,Intermediate,75,4.5,3,36,60.1,2,4.9,4,8,5.3,5,5,4,79.4,72.4,54.7,3,25-03-2025,Scholarship,No,No,2835,71,6,0,4.1,Completed,1,0,0,0,2,2,4,4
20439,STU120439,Rohan Iyer,Male,31,HighSchool,Self-Employed,Jaipur,Mobile,Medium,C104,Digital Marketing Essentials,Marketing,Beginner,30,4.3,5,30,59.3,2,3.1,1,6,5.2,5,4,1,95.6,86.9,55.1,2,11-09-2024,UPI,Yes,No,3191,100,3,1,3.6,Not Completed,1,2,1,1,2,1,2,5
20440,STU120440,Nikhil Sharma,Female,33,Bachelor,Employed,Nagpur,Mobile,Medium,C102,Data Analysis with Python,Programming,Intermediate,60,4.7,5,55,49.8,1,6.9,12,4,7.7,3,7,7,73.0,62.5,38.6,4,12-11-2024,Free,No,No,0,89,1,0,4.8,Not Completed,0,0,0,1,2,2,4,2
20441,STU120441,Sakshi Singh,Male,24,Bachelor,Employed,Nagpur,Laptop,Medium,C103,Introduction to AI,Programming,Intermediate,75,4.5,6,38,72.1,6,9.8,2,9,6.0,6,4,5,74.0,95.1,66.0,3,18-11-2024,UPI,Yes,No,5948,50,6,1,4.2,Completed,1,0,0,0,2,2,4,5
20442,STU120442,Rohan Bhardwaj,Female,27,PhD,Self-Employed,Delhi,Laptop,Low,C106,Machine Learning A-Z,Programming,Advanced,90,4.6,6,23,78.9,2,5.7,1,8,5.6,5,5,5,64.2,66.5,60.9,1,27-05-2025,Debit Card,Yes,No,6299,41,0,1,4.4,Not Completed,0,4,1,0,1,0,4,1
20443,STU120443,Vivaan Patel,Female,28,Master,Employed,Jaipur,Laptop,Medium,C101,Python Basics,Programming,Beginner,45,4.6,3,51,35.0,9,5.9,7,7,7.4,6,4,2,75.0,100.0,53.2,2,02-10-2025,Credit Card,Yes,Yes,3355,62,2,0,3.7,Not Completed,0,3,0,0,2,1,4,0
20444,STU120444,Aarav Bose,Male,23,Bachelor,Employed,Kolkata,Mobile,Medium,C102,Data Analysis with Python,Programming,Intermediate,60,4.7,4,27,64.9,1,4.3,3,9,8.4,6,4,8,87.4,61.8,61.8,1,29-03-2024,Credit Card,Yes,No,4981,48,1,0,4.9,Completed,1,0,0,1,2,2,4,0
20445,STU120445,Vihaan Gupta,Male,25,Bachelor,Student,Jaipur,Laptop,Low,C108,Excel for Business,Business,Beginner,25,4.1,2,37,81.0,4,2.1,1,9,6.4,7,3,3,68.7,67.8,73.7,4,18-07-2025,Debit Card,Yes,No,3200,66,3,2,2.5,Completed,1,0,2,0,1,1,0,1
20446,STU120446,Sneha Sharma,Female,24,Bachelor,Employed,Ahmedabad,Mobile,High,C105,UI/UX Design Fundamentals,Design,Beginner,40,4.4,4,44,62.4,2,4.1,11,4,7.9,4,5,2,65.6,93.0,50.5,0,21-12-2023,Debit Card,Yes,No,3928,94,3,0,4.3,Completed,0,0,0,1,0,1,1,1
20447,STU120447,Sakshi Reddy,Male,20,HighSchool,Student,Indore,Laptop,Medium,C102,Data Analysis with Python,Programming,Intermediate,60,4.7,7,32,81.4,6,3.3,3,5,3.7,7,3,6,71.8,87.0,74.9,4,07-04-2025,Free,No,No,0,55,1,1,4.9,Completed,1,2,2,0,2,2,4,2
20448,STU120448,Priya Patel,Male,24,Master,Student,Kolkata,Mobile,Medium,C106,Machine Learning A-Z,Programming,Advanced,90,4.6,2,26,77.4,4,7.9,2,2,2.0,3,7,2,57.5,69.1,48.6,1,15-01-2024,Scholarship,No,No,849,72,1,1,4.9,Completed,1,3,2,1,2,0,4,4
20449,STU120449,Kavya Desai,Male,24,Diploma,Unemployed,Indore,Mobile,Medium,C104,Digital Marketing Essentials,Marketing,Beginner,30,4.3,6,54,60.1,1,6.1,0,2,9.9,4,5,5,65.3,56.3,47.9,2,09-08-2024,Debit Card,Yes,No,3764,17,0,0,3.6,Completed,1,1,3,1,2,1,2,1
20450,STU120450,Sneha Desai,Male,24,Master,Student,Vadodara,Mobile,High,C101,Python Basics,Programming,Beginner,45,4.6,7,29,60.6,3,3.8,23,7,4.6,3,6,4,82.4,59.9,42.2,2,30-07-2025,Debit Card,Yes,No,4299,77,4,0,2.6,Completed,1,3,2,1,0,1,4,1
20451,STU120451,Sneha Bose,Male,20,Master,Employed,Indore,Laptop,High,C103,Introduction to AI,Programming,Intermediate,75,4.5,6,43,67.3,7,15.9,4,11,3.9,5,4,4,86.7,51.9,56.1,1,20-08-2025,Credit Card,Yes,No,5594,54,1,1,3.3,Completed,1,3,0,0,0,2,4,0
20452,STU120452,Isha Gupta,Female,17,HighSchool,Student,Mumbai,Laptop,High,C102,Data Analysis with Python,Programming,Intermediate,60,4.7,6,36,69.3,3,7.4,4,2,6.9,3,7,8,88.0,86.9,46.6,1,01-03-2025,Credit Card,Yes,Yes,4206,65,4,0,2.9,Completed,0,2,2,0,0,2,4,0
20453,STU120453,Meera Bose,Male,23,Bachelor,Student,Indore,Mobile,Low,C108,Excel for Business,Business,Beginner,25,4.1,5,30,67.6,3,3.5,2,6,7.7,5,5,5,83.5,62.1,56.8,0,25-05-2025,Credit Card,Yes,Yes,2713,57,4,0,4.8,Completed,1,0,2,1,1,1,0,0
20454,STU120454,Vivaan Desai,Male,31,Bachelor,Employed,Indore,Laptop,Medium,C101,Python Basics,Programming,Beginner,45,4.6,5,44,40.1,3,6.7,8,2,9.8,5,5,0,77.2,56.6,46.9,1,23-07-2025,Scholarship,No,No,1782,93,1,2,3.2,Not Completed,1,0,0,0,2,1,4,4
20455,STU120455,Krishna Gupta,Male,21,Bachelor,Employed,Vadodara,Mobile,High,C106,Machine Learning A-Z,Programming,Advanced,90,4.6,3,46,72.3,4,4.9,4,3,8.9,3,7,6,59.2,58.7,46.2,0,22-10-2024,UPI,Yes,Yes,5052,70,1,1,5.0,Not Completed,1,0,0,1,0,0,4,5
20456,STU120456,Nikhil Reddy,Female,28,Bachelor,Student,Lucknow,Laptop,Low,C104,Digital Marketing Essentials,Marketing,Beginner,30,4.3,4,30,80.2,4,2.3,2,6,3.9,4,5,1,85.8,53.3,54.7,7,29-12-2023,Credit Card,Yes,No,3804,79,4,1,4.3,Completed,0,0,2,0,1,1,2,0
20457,STU120457,Nikhil Bose,Female,21,Bachelor,Employed,Nagpur,Laptop,Low,C108,Excel for Business,Business,Beginner,25,4.1,4,12,43.8,3,0.5,1,6,5.6,5,5,3,74.8,71.3,48.9,3,28-06-2024,UPI,Yes,No,3212,37,2,1,3.5,Completed,0,0,0,0,1,1,0,5
20458,STU120458,Sakshi Verma,Female,25,Diploma,Student,Delhi,Mobile,High,C101,Python Basics,Programming,Beginner,45,4.6,6,38,55.5,3,0.5,5,4,6.1,6,4,3,71.5,83.5,59.6,2,27-02-2025,UPI,Yes,Yes,3317,71,2,2,4.5,Completed,0,1,2,1,0,1,4,5
20459,STU120459,Vivaan Nair,Male,23,Diploma,Employed,Hyderabad,Mobile,Medium,C105,UI/UX Design Fundamentals,Design,Beginner,40,4.4,5,35,12.9,2,0.6,0,7,6.4,6,4,1,99.2,75.1,44.3,1,12-08-2024,UPI,Yes,No,3670,57,4,0,5.0,Not Completed,1,1,0,1,2,1,1,5
20460,STU120460,Priya Mehta,Female,17,Diploma,Student,Jaipur,Laptop,Medium,C103,Introduction to AI,Programming,Intermediate,75,4.5,1,20,77.5,2,2.7,3,4,5.0,5,5,6,74.8,79.0,61.1,2,07-07-2024,UPI,Yes,No,5986,71,3,0,2.9,Completed,0,1,2,0,2,2,4,5
20461,STU120461,Meera Bhardwaj,Male,38,Bachelor,Employed,Nagpur,Mobile,High,C104,Digital Marketing Essentials,Marketing,Beginner,30,4.3,5,64,43.1,1,5.2,36,5,3.0,3,7,1,55.6,100.0,38.1,1,18-05-2025,Free,No,No,0,76,0,0,2.9,Not Completed,1,0,0,1,0,1,2,2
20462,STU120462,Krishna Bose,Male,32,Master,Employed,Surat,Laptop,Low,C105,UI/UX Design Fundamentals,Design,Beginner,40,4.4,4,34,47.8,2,6.4,2,4,8.4,5,5,3,60.9,52.6,49.4,4,20-11-2024,Free,No,No,0,81,1,0,5.0,Not Completed,1,3,0,0,1,1,1,2
20463,STU120463,Sakshi Kumar,Male,17,Master,Student,Surat,Laptop,High,C101,Python Basics,Programming,Beginner,45,4.6,5,35,80.8,6,0.5,3,6,6.0,7,3,3,66.6,90.5,74.8,3,29-08-2025,Free,No,No,0,58,4,0,4.4,Not Completed,1,3,2,0,0,1,4,2
20464,STU120464,Rohan Nair,Male,30,HighSchool,Student,Hyderabad,Laptop,Medium,C108,Excel for Business,Business,Beginner,25,4.1,8,27,33.4,2,0.5,0,5,7.8,4,5,4,86.2,34.5,37.4,1,11-06-2025,UPI,Yes,No,3221,85,0,0,4.2,Completed,1,2,2,0,2,1,0,5
20465,STU120465,Sneha Nair,Male,26,PhD,Unemployed,Nagpur,Mobile,High,C107,Statistics for Data Science,Math,Intermediate,50,4.2,5,37,32.1,3,1.7,4,4,4.5,4,6,4,66.0,89.8,39.7,0,24-07-2025,Scholarship,No,Yes,531,100,2,0,2.4,Not Completed,1,4,3,1,0,2,3,4
20466,STU120466,Vivaan Iyer,Male,30,Bachelor,Student,Lucknow,Laptop,High,C101,Python Basics,Programming,Beginner,45,4.6,5,45,45.2,1,13.5,0,6,6.1,7,2,3,72.6,79.7,61.8,4,09-08-2024,NetBanking,Yes,No,4342,52,1,1,5.0,Not Completed,1,0,2,0,0,1,4,3
20467,STU120467,Pooja Singh,Male,29,Bachelor,Student,Mumbai,Mobile,Medium,C102,Data Analysis with Python,Programming,Intermediate,60,4.7,5,22,93.2,1,3.5,10,4,9.9,3,7,3,96.9,43.8,52.8,1,05-02-2024,Credit Card,Yes,No,5103,78,5,2,3.1,Completed,1,0,2,1,2,2,4,0
20468,STU120468,Ananya Nair,Female,18,Master,Student,Bhopal,Mobile,Medium,C106,Machine Learning A-Z,Programming,Advanced,90,4.6,5,34,66.4,1,0.5,12,5,8.0,5,5,5,85.4,71.5,56.8,4,12-01-2024,Credit Card,Yes,Yes,5307,55,4,1,5.0,Completed,0,3,2,1,2,0,4,0
20469,STU120469,Isha Nair,Female,22,Master,Student,Chennai,Mobile,Medium,C103,Introduction to AI,Programming,Intermediate,75,4.5,6,55,83.7,2,1.4,9,3,7.6,6,4,4,100.0,97.5,70.2,3,10-05-2025,Scholarship,No,Yes,1581,83,2,1,3.9,Completed,0,3,2,1,2,2,4,4
20470,STU120470,Nikhil Bose,Male,39,Bachelor,Employed,Jaipur,Mobile,High,C106,Machine Learning A-Z,Programming,Advanced,90,4.6,5,18,97.6,2,0.5,13,7,6.6,3,7,4,58.1,100.0,57.2,4,16-07-2025,Debit Card,Yes,No,6559,55,1,2,4.2,Completed,1,0,0,1,0,0,4,1
20471,STU120471,Neha Patel,Male,18,Bachelor,Employed,Pune,Mobile,High,C103,Introduction to AI,Programming,Intermediate,75,4.5,2,25,50.0,8,8.5,1,5,6.3,4,6,1,62.6,100.0,46.5,2,10-07-2024,Free,No,No,0,59,6,0,4.3,Completed,1,0,0,1,0,2,4,2
20472,STU120472,Vivaan Verma,Female,29,Master,Student,Jaipur,Tablet,Medium,C104,Digital Marketing Essentials,Marketing,Beginner,30,4.3,6,39,63.8,4,1.5,4,8,8.6,4,6,7,62.9,45.4,48.6,6,17-01-2024,Free,No,Yes,0,88,0,2,4.3,Not Completed,0,3,2,2,2,1,2,2
20473,STU120473,Isha Gupta,Male,31,Bachelor,Student,Kolkata,Laptop,High,C108,Excel for Business,Business,Beginner,25,4.1,6,48,79.1,3,6.3,1,2,4.0,8,2,4,61.5,61.9,78.8,6,10-05-2025,Credit Card,Yes,Yes,2773,73,3,1,4.0,Completed,1,0,2,0,0,1,0,0
20474,STU120474,Krishna Singh,Male,34,Bachelor,Student,Bengaluru,Laptop,High,C103,Introduction to AI,Programming,Intermediate,75,4.5,4,39,68.3,0,0.5,0,11,4.7,3,7,3,80.4,27.8,43.3,1,19-02-2024,Debit Card,Yes,No,6090,83,4,2,4.0,Not Completed,1,0,2,0,0,2,4,1
20475,STU120475,Aarav Patel,Male,29,Master,Employed,Pune,Mobile,High,C106,Machine Learning A-Z,Programming,Advanced,90,4.6,5,36,68.2,4,0.5,0,1,6.6,4,6,3,55.2,47.9,50.3,1,21-04-2025,Debit Card,Yes,No,6575,70,1,0,2.5,Completed,1,3,0,1,0,0,4,1
20476,STU120476,Pooja Gupta,Female,26,Master,Employed,Jaipur,Laptop,Medium,C102,Data Analysis with Python,Programming,Intermediate,60,4.7,5,41,73.7,3,2.0,2,9,6.9,5,5,3,73.8,58.0,58.7,2,26-02-2024,Debit Card,Yes,No,4937,100,3,2,4.7,Completed,0,3,0,0,2,2,4,1
20477,STU120477,Nikhil Sharma,Other,25,Bachelor,Student,Nagpur,Mobile,Medium,C103,Introduction to AI,Programming,Intermediate,75,4.5,5,33,89.9,3,4.2,2,2,5.1,6,4,7,76.5,83.1,71.6,1,27-01-2024,Credit Card,Yes,No,6032,35,2,1,4.0,Completed,2,0,2,1,2,2,4,0
20478,STU120478,Pooja Iyer,Male,24,Bachelor,Employed,Bengaluru,Laptop,Low,C101,Python Basics,Programming,Beginner,45,4.6,4,34,95.1,2,0.5,2,3,10.0,6,4,7,60.8,90.3,73.8,1,10-04-2025,Free,No,No,0,73,1,1,4.0,Completed,1,0,0,0,1,1,4,2
20479,STU120479,Krishna Mehta,Male,17,Bachelor,Employed,Indore,Laptop,Low,C101,Python Basics,Programming,Beginner,45,4.6,3,35,38.4,1,2.1,8,7,6.1,7,3,6,66.9,73.6,59.1,3,06-10-2025,NetBanking,Yes,No,4470,72,1,2,5.0,Completed,1,0,0,0,1,1,4,3
20480,STU120480,Aarav Gupta,Female,28,Bachelor,Student,Delhi,Mobile,Low,C106,Machine Learning A-Z,Programming,Advanced,90,4.6,5,31,69.3,2,2.2,1,5,6.4,7,2,0,68.4,70.2,69.8,3,01-02-2025,Scholarship,No,Yes,845,63,4,0,3.1,Completed,0,0,2,1,1,0,4,4
20481,STU120481,Arjun Nair,Other,34,Bachelor,Student,Chennai,Mobile,High,C101,Python Basics,Programming,Beginner,45,4.6,3,40,35.6,4,0.8,1,6,6.5,5,5,3,74.4,87.7,46.9,1,20-02-2025,Free,No,No,0,52,7,1,2.4,Not Completed,2,0,2,1,0,1,4,2
20482,STU120482,Isha Sharma,Female,23,Bachelor,Employed,Bengaluru,Laptop,High,C102,Data Analysis with Python,Programming,Intermediate,60,4.7,4,29,92.5,3,11.0,1,5,3.9,6,4,4,81.0,51.6,71.0,3,07-12-2023,Scholarship,No,No,890,84,1,1,2.7,Not Completed,0,0,0,0,0,2,4,4
20483,STU120483,Ananya Kumar,Male,27,Bachelor,Employed,Delhi,Laptop,Medium,C103,Introduction to AI,Programming,Intermediate,75,4.5,4,29,76.6,1,0.9,21,3,3.7,3,7,5,61.9,55.3,47.6,4,24-04-2025,UPI,Yes,No,5424,57,3,0,4.6,Completed,1,0,0,0,2,2,4,5
20484,STU120484,Arjun Shah,Male,26,Bachelor,Employed,Indore,Laptop,High,C105,UI/UX Design Fundamentals,Design,Beginner,40,4.4,11,43,71.0,5,8.0,1,8,7.3,7,3,5,78.7,100.0,71.8,4,17-12-2023,NetBanking,Yes,No,4304,28,3,0,4.0,Completed,1,0,0,0,0,1,1,3
20485,STU120485,Meera Verma,Male,25,Bachelor,Employed,Kolkata,Laptop,Medium,C106,Machine Learning A-Z,Programming,Advanced,90,4.6,3,15,24.4,2,0.5,17,4,8.6,7,3,3,76.0,67.8,53.9,1,17-06-2025,Credit Card,Yes,No,6692,49,0,1,5.0,Not Completed,1,0,0,0,2,0,4,0
20486,STU120486,Nikhil Bhardwaj,Female,24,Master,Employed,Lucknow,Mobile,Low,C104,Digital Marketing Essentials,Marketing,Beginner,30,4.3,3,17,47.5,1,0.5,2,3,4.6,2,8,1,62.0,70.3,32.1,2,24-05-2025,NetBanking,Yes,No,3591,70,3,0,4.5,Not Completed,0,3,0,1,1,1,2,3
20487,STU120487,Sakshi Kumar,Female,21,Diploma,Employed,Nagpur,Mobile,Low,C107,Statistics for Data Science,Math,Intermediate,50,4.2,5,42,33.7,1,0.5,18,2,6.2,6,3,1,94.8,59.6,50.8,3,12-12-2023,UPI,Yes,No,4915,72,2,1,3.1,Completed,0,1,0,1,1,2,3,5
20488,STU120488,Vihaan Nair,Female,27,Bachelor,Employed,Surat,Mobile,Medium,C105,UI/UX Design Fundamentals,Design,Beginner,40,4.4,6,42,60.4,1,3.1,1,5,7.0,5,5,4,79.6,62.5,54.3,3,02-04-2025,UPI,Yes,No,4251,50,4,1,2.6,Not Completed,0,0,0,1,2,1,1,5
20489,STU120489,Nikhil Shah,Male,25,Bachelor,Student,Bengaluru,Laptop,High,C103,Introduction to AI,Programming,Intermediate,75,4.5,5,45,69.8,3,2.5,0,1,9.3,6,4,2,83.4,82.9,64.6,0,19-04-2024,UPI,Yes,No,5513,75,2,1,4.2,Completed,1,0,2,0,0,2,4,5
20490,STU120490,Nikhil Singh,Female,19,Bachelor,Self-Employed,Vadodara,Mobile,High,C106,Machine Learning A-Z,Programming,Advanced,90,4.6,6,34,64.4,2,9.7,2,6,10.0,3,7,4,74.5,69.5,44.0,1,08-08-2025,Free,No,No,0,74,3,0,4.1,Not Completed,0,0,1,1,0,0,4,2
20491,STU120491,Priya Reddy,Female,30,Bachelor,Student,Ahmedabad,Mobile,Medium,C101,Python Basics,Programming,Beginner,45,4.6,4,30,69.4,2,0.5,39,7,8.0,6,4,3,76.9,37.5,62.2,0,17-08-2025,Debit Card,Yes,No,4323,11,4,0,4.7,Not Completed,0,0,2,1,2,1,4,1
20492,STU120492,Isha Joshi,Male,35,Bachelor,Employed,Chennai,Laptop,Medium,C108,Excel for Business,Business,Beginner,25,4.1,6,41,74.5,5,6.9,2,9,5.3,8,2,6,66.7,60.0,77.1,6,25-11-2023,Free,No,No,0,64,1,1,3.9,Completed,1,0,0,0,2,1,0,2
20493,STU120493,Aarav Desai,Female,31,HighSchool,Student,Bengaluru,Laptop,Low,C107,Statistics for Data Science,Math,Intermediate,50,4.2,5,32,86.2,2,0.5,1,4,8.5,5,5,5,41.7,68.4,63.6,2,17-04-2024,Credit Card,Yes,No,4477,51,1,0,2.7,Not Completed,0,2,2,0,1,2,3,0
20494,STU120494,Nikhil Joshi,Female,25,Bachelor,Employed,Vadodara,Laptop,Medium,C106,Machine Learning A-Z,Programming,Advanced,90,4.6,2,26,42.1,3,0.5,7,7,9.3,7,3,3,72.6,70.2,60.3,3,02-03-2025,Free,No,No,0,33,5,1,2.4,Not Completed,0,0,0,0,2,0,4,2
20495,STU120495,Aarav Singh,Female,31,Diploma,Student,Ahmedabad,Mobile,Low,C105,UI/UX Design Fundamentals,Design,Beginner,40,4.4,6,33,53.3,1,11.9,1,8,6.8,7,3,2,75.4,70.7,64.2,1,30-04-2024,UPI,Yes,No,3652,89,2,0,3.0,Not Completed,0,1,2,1,1,1,1,5
20496,STU120496,Sneha Nair,Female,32,Master,Employed,Hyderabad,Mobile,Medium,C102,Data Analysis with Python,Programming,Intermediate,60,4.7,5,44,81.5,1,7.1,2,3,2.9,5,5,4,73.5,78.8,62.5,0,14-02-2024,UPI,Yes,No,5385,51,2,0,2.4,Not Completed,0,3,0,1,2,2,4,5
20497,STU120497,Meera Mehta,Male,17,HighSchool,Unemployed,Mumbai,Mobile,Medium,C104,Digital Marketing Essentials,Marketing,Beginner,30,4.3,7,49,42.2,2,0.5,7,7,6.0,7,3,3,80.6,79.1,60.7,4,21-09-2025,Debit Card,Yes,No,3724,82,3,2,5.0,Completed,1,2,3,1,2,1,2,1
20498,STU120498,Ritika Reddy,Female,17,Bachelor,Student,Chennai,Laptop,Medium,C104,Digital Marketing Essentials,Marketing,Beginner,30,4.3,7,26,82.5,2,10.3,0,7,6.1,2,8,3,89.6,79.8,44.9,4,01-07-2025,UPI,Yes,No,3205,59,3,1,3.1,Completed,0,0,2,0,2,1,2,5
20499,STU120499,Rohan Bose,Male,21,Bachelor,Employed,Chennai,Laptop,Medium,C106,Machine Learning A-Z,Programming,Advanced,90,4.6,3,37,58.2,2,0.5,8,6,4.6,3,7,3,62.4,81.1,42.4,2,02-07-2025,Free,No,No,0,38,1,1,4.3,Not Completed,1,0,0,0,2,0,4,2
20500,STU120500,Vihaan Bose,Male,27,Master,Student,Jaipur,Mobile,High,C103,Introduction to AI,Programming,Intermediate,75,4.5,5,44,56.9,1,4.4,1,7,10.0,7,3,2,91.9,91.4,66.5,2,01-12-2023,UPI,Yes,Yes,4701,70,1,0,2.9,Completed,1,3,2,1,0,2,4,5
20501,STU120501,Nikhil Shah,Female,21,Bachelor,Employed,Surat,Mobile,High,C102,Data Analysis with Python,Programming,Intermediate,60,4.7,5,8,34.0,1,0.5,10,2,7.0,4,6,3,74.3,62.4,39.0,2,01-10-2025,Free,No,No,0,54,3,3,3.3,Not Completed,0,0,0,1,0,2,4,2
20502,STU120502,Rohan Bose,Female,29,Bachelor,Employed,Ahmedabad,Mobile,High,C104,Digital Marketing Essentials,Marketing,Beginner,30,4.3,4,43,72.2,8,5.6,3,6,7.9,6,4,1,77.6,56.8,64.1,3,06-02-2025,Debit Card,Yes,No,3569,85,1,0,4.4,Not Completed,0,0,0,1,0,1,2,1
20503,STU120503,Neha Sharma,Female,32,HighSchool,Student,Hyderabad,Mobile,High,C107,Statistics for Data Science,Math,Intermediate,50,4.2,5,19,74.3,0,6.9,2,6,3.4,4,6,2,84.2,100.0,55.0,1,29-12-2024,Free,No,No,0,100,0,2,3.8,Completed,0,2,2,1,0,2,3,2
20504,STU120504,Krishna Iyer,Female,30,HighSchool,Employed,Vadodara,Mobile,High,C102,Data Analysis with Python,Programming,Intermediate,60,4.7,6,25,9.1,4,0.5,19,6,5.6,8,2,7,70.3,60.2,54.2,1,12-09-2025,Credit Card,Yes,No,4545,100,3,3,4.3,Not Completed,0,2,0,1,0,2,4,0
20505,STU120505,Ananya Bose,Female,34,Diploma,Student,Indore,Laptop,Medium,C101,Python Basics,Programming,Beginner,45,4.6,5,39,71.6,1,0.5,7,7,6.0,5,5,7,68.9,60.1,58.1,2,23-11-2023,UPI,Yes,Yes,3264,89,1,1,5.0,Not Completed,0,1,2,0,2,1,4,5
20506,STU120506,Aditya Verma,Male,19,Bachelor,Employed,Surat,Laptop,High,C101,Python Basics,Programming,Beginner,45,4.6,2,34,54.9,2,0.5,3,3,4.7,4,6,2,36.9,51.1,45.8,1,16-04-2024,Debit Card,Yes,No,4619,100,2,2,3.0,Completed,1,0,0,0,0,1,4,1
20507,STU120507,Nikhil Sharma,Male,24,Bachelor,Employed,Ahmedabad,Mobile,Medium,C102,Data Analysis with Python,Programming,Intermediate,60,4.7,3,43,40.3,1,0.5,0,2,4.8,5,5,3,70.7,70.1,47.6,2,28-05-2025,Debit Card,Yes,Yes,4181,96,5,1,5.0,Not Completed,1,0,0,1,2,2,4,1
20508,STU120508,Neha Verma,Male,28,Bachelor,Employed,Vadodara,Mobile,Low,C101,Python Basics,Programming,Beginner,45,4.6,5,35,57.8,2,0.5,24,0,5.7,5,5,4,84.0,58.4,53.1,3,13-01-2025,Debit Card,Yes,No,4603,58,2,1,5.0,Not Completed,1,0,0,1,1,1,4,1
20509,STU120509,Neha Gupta,Female,26,Master,Employed,Mumbai,Mobile,High,C101,Python Basics,Programming,Beginner,45,4.6,4,35,75.4,0,2.6,1,3,8.1,5,5,2,60.5,73.5,60.1,1,19-10-2024,NetBanking,Yes,No,4389,94,1,0,4.4,Completed,0,3,0,1,0,1,4,3
20510,STU120510,Sakshi Reddy,Male,26,Bachelor,Employed,Bengaluru,Mobile,Low,C101,Python Basics,Programming,Beginner,45,4.6,5,43,45.1,1,4.9,0,8,5.2,4,6,4,82.1,83.3,44.0,3,14-11-2024,Credit Card,Yes,No,4239,40,2,1,3.6,Completed,1,0,0,1,1,1,4,0
20511,STU120511,Pooja Verma,Female,17,Master,Student,Bengaluru,Laptop,High,C104,Digital Marketing Essentials,Marketing,Beginner,30,4.3,4,32,79.5,3,1.8,9,6,6.2,6,4,4,71.7,69.9,67.3,5,05-01-2024,UPI,Yes,No,3783,56,2,0,4.5,Not Completed,0,3,2,0,0,1,2,5
20512,STU120512,Sakshi Verma,Male,17,Master,Employed,Indore,Mobile,Medium,C103,Introduction to AI,Programming,Intermediate,75,4.5,4,33,89.9,1,0.5,4,5,5.6,1,9,5,76.0,48.7,39.9,4,01-05-2025,UPI,Yes,No,5723,59,1,0,5.0,Completed,1,3,0,1,2,2,4,5
20513,STU120513,Aarav Reddy,Female,25,HighSchool,Student,Hyderabad,Laptop,High,C108,Excel for Business,Business,Beginner,25,4.1,4,38,65.0,5,4.4,4,6,4.5,3,7,4,80.1,93.7,45.4,3,16-08-2025,UPI,Yes,No,3566,100,1,2,3.9,Completed,0,2,2,0,0,1,0,5
20514,STU120514,Vivaan Bhardwaj,Female,27,Bachelor,Employed,Chennai,Mobile,Low,C104,Digital Marketing Essentials,Marketing,Beginner,30,4.3,2,43,71.7,2,4.6,5,6,6.4,4,6,2,68.5,54.0,51.8,0,25-03-2025,Debit Card,Yes,No,3551,81,2,2,3.4,Not Completed,0,0,0,1,1,1,2,1
20515,STU120515,Rohan Bose,Female,21,Bachelor,Employed,Pune,Mobile,High,C108,Excel for Business,Business,Beginner,25,4.1,3,45,88.5,0,15.2,1,1,6.3,2,8,6,50.0,73.7,46.6,0,09-04-2025,Credit Card,Yes,No,3335,47,1,0,4.3,Not Completed,0,0,0,1,0,1,0,0
20516,STU120516,Ritika Patel,Female,26,Bachelor,Student,Chennai,Laptop,Medium,C104,Digital Marketing Essentials,Marketing,Beginner,30,4.3,5,44,75.5,2,0.5,10,2,6.5,5,5,4,66.0,53.1,59.1,4,29-01-2025,Scholarship,No,No,1484,80,3,1,3.5,Not Completed,0,0,2,0,2,1,2,4
20517,STU120517,Rohan Desai,Female,21,Master,Employed,Nagpur,Tablet,Medium,C102,Data Analysis with Python,Programming,Intermediate,60,4.7,9,15,74.3,1,0.5,2,6,3.4,7,3,4,75.8,73.2,71.7,1,25-02-2024,NetBanking,Yes,No,4954,49,4,1,4.4,Not Completed,0,3,0,2,2,2,4,3
20518,STU120518,Ritika Reddy,Female,28,HighSchool,Self-Employed,Surat,Tablet,Medium,C106,Machine Learning A-Z,Programming,Advanced,90,4.6,4,30,91.5,1,6.9,6,6,10.0,5,5,6,73.1,100.0,67.0,1,31-07-2025,UPI,Yes,No,6373,36,3,0,3.8,Completed,0,2,1,2,2,0,4,5
20519,STU120519,Sakshi Iyer,Female,17,Master,Unemployed,Delhi,Mobile,High,C106,Machine Learning A-Z,Programming,Advanced,90,4.6,5,46,66.7,6,9.2,5,3,5.3,3,6,5,56.4,80.5,45.4,1,11-01-2025,Scholarship,No,Yes,2593,70,1,1,4.8,Not Completed,0,3,3,1,0,0,4,4
20520,STU120520,Arjun Singh,Female,17,Bachelor,Employed,Hyderabad,Laptop,High,C108,Excel for Business,Business,Beginner,25,4.1,6,28,51.5,1,11.6,2,3,3.5,2,8,6,53.3,51.8,32.6,2,10-05-2025,NetBanking,Yes,No,3505,96,6,1,4.5,Completed,0,0,0,0,0,1,0,3
20521,STU120521,Rahul Sharma,Male,27,Master,Self-Employed,Hyderabad,Mobile,Medium,C108,Excel for Business,Business,Beginner,25,4.1,6,31,21.5,3,0.5,5,14,6.7,6,4,5,100.0,70.4,47.1,3,23-01-2024,NetBanking,Yes,No,3078,93,2,1,5.0,Not Completed,1,3,1,1,2,1,0,3
20522,STU120522,Krishna Mehta,Female,24,Bachelor,Student,Jaipur,Laptop,Medium,C107,Statistics for Data Science,Math,Intermediate,50,4.2,4,53,74.7,5,11.7,8,4,8.2,7,3,4,64.8,82.0,72.3,5,07-04-2024,Scholarship,No,No,1048,100,3,0,4.5,Not Completed,0,0,2,0,2,2,3,4
20523,STU120523,Ritika Reddy,Male,25,Master,Student,Delhi,Mobile,High,C108,Excel for Business,Business,Beginner,25,4.1,5,30,94.9,4,8.0,7,2,7.5,5,5,1,86.5,71.6,66.8,2,11-11-2023,Free,No,No,0,57,5,0,3.4,Completed,1,3,2,1,0,1,0,2
20524,STU120524,Aarav Verma,Male,27,Diploma,Student,Pune,Laptop,Medium,C107,Statistics for Data Science,Math,Intermediate,50,4.2,5,27,64.8,0,0.5,0,7,7.6,7,3,7,83.3,83.3,68.9,6,31-05-2025,UPI,Yes,Yes,4073,60,1,3,4.4,Not Completed,1,1,2,0,2,2,3,5
20525,STU120525,Meera Shah,Female,27,Bachelor,Student,Kolkata,Laptop,Medium,C107,Statistics for Data Science,Math,Intermediate,50,4.2,3,15,69.0,2,5.0,4,6,8.3,6,4,2,55.7,92.8,64.8,4,18-07-2024,UPI,Yes,Yes,3674,69,1,0,3.2,Completed,0,0,2,0,2,2,3,5
20526,STU120526,Rohan Sharma,Male,35,Master,Student,Pune,Mobile,Low,C102,Data Analysis with Python,Programming,Intermediate,60,4.7,6,22,45.5,2,9.7,9,4,9.1,5,5,2,65.1,45.4,48.2,4,27-09-2025,UPI,Yes,Yes,4622,69,1,2,3.4,Completed,1,3,2,1,1,2,4,5
20527,STU120527,Sneha Sharma,Female,19,Bachelor,Employed,Chennai,Laptop,High,C102,Data Analysis with Python,Programming,Intermediate,60,4.7,4,33,85.0,3,6.0,3,5,4.7,7,3,4,85.2,51.9,74.3,0,25-03-2025,Debit Card,Yes,No,4798,25,0,0,4.0,Completed,0,0,0,0,0,2,4,1
20528,STU120528,Ritika Desai,Male,30,Master,Employed,Pune,Mobile,Medium,C102,Data Analysis with Python,Programming,Intermediate,60,4.7,3,30,69.9,3,0.5,2,7,5.9,3,7,5,91.6,61.9,45.5,1,02-07-2025,Free,No,No,0,18,1,2,3.4,Completed,1,3,0,1,2,2,4,2
20529,STU120529,Sakshi Reddy,Female,30,Bachelor,Student,Lucknow,Mobile,Medium,C107,Statistics for Data Science,Math,Intermediate,50,4.2,8,36,56.2,3,4.7,1,5,7.0,4,6,3,86.3,65.7,47.0,1,11-02-2024,Scholarship,No,No,644,68,1,1,4.5,Not Completed,0,0,2,1,2,2,3,4
20530,STU120530,Vivaan Joshi,Female,23,Bachelor,Employed,Kolkata,Mobile,Medium,C102,Data Analysis with Python,Programming,Intermediate,60,4.7,4,25,65.0,1,6.9,1,4,9.1,3,7,4,90.9,80.7,44.8,3,23-09-2025,Scholarship,No,No,1304,92,9,0,4.0,Not Completed,0,0,0,1,2,2,4,4
20531,STU120531,Sakshi Gupta,Female,35,Bachelor,Employed,Vadodara,Mobile,High,C101,Python Basics,Programming,Beginner,45,4.6,4,32,58.4,5,11.5,5,8,8.0,4,6,3,98.3,67.5,47.8,1,02-01-2024,UPI,Yes,No,3838,83,2,0,4.2,Completed,0,0,0,1,0,1,4,5
20532,STU120532,Rahul Patel,Male,21,Bachelor,Student,Jaipur,Mobile,High,C104,Digital Marketing Essentials,Marketing,Beginner,30,4.3,5,26,61.9,1,1.5,3,1,3.5,4,6,6,63.1,77.4,49.5,3,09-12-2024,Free,No,Yes,0,45,3,0,2.5,Not Completed,1,0,2,1,0,1,2,2
20533,STU120533,Isha Shah,Female,29,Bachelor,Student,Lucknow,Mobile,Medium,C108,Excel for Business,Business,Beginner,25,4.1,5,25,62.7,3,1.7,1,6,6.8,6,4,3,64.7,45.1,60.2,2,27-04-2025,Free,No,No,0,53,4,0,4.3,Completed,0,0,2,1,2,1,0,2
20534,STU120534,Nikhil Gupta,Male,38,Bachelor,Employed,Bhopal,Laptop,Medium,C105,UI/UX Design Fundamentals,Design,Beginner,40,4.4,4,41,94.0,3,0.9,23,5,5.8,4,6,2,72.9,72.9,60.5,2,25-06-2025,Credit Card,Yes,No,4149,64,3,1,4.2,Not Completed,1,0,0,0,2,1,1,0
20535,STU120535,Vihaan Nair,Female,25,Bachelor,Unemployed,Delhi,Laptop,High,C101,Python Basics,Programming,Beginner,45,4.6,6,41,65.1,5,0.8,18,14,8.0,8,2,5,97.3,92.2,75.4,5,08-02-2024,Free,No,Yes,0,88,5,1,5.0,Completed,0,0,3,0,0,1,4,2
20536,STU120536,Ananya Reddy,Male,29,Master,Student,Delhi,Mobile,High,C102,Data Analysis with Python,Programming,Intermediate,60,4.7,7,46,53.0,4,6.5,11,6,10.0,5,5,4,94.1,78.3,52.5,5,04-05-2025,Scholarship,No,No,2404,57,2,0,5.0,Completed,1,3,2,1,0,2,4,4
20537,STU120537,Ananya Patel,Male,34,Bachelor,Unemployed,Delhi,Mobile,Medium,C107,Statistics for Data Science,Math,Intermediate,50,4.2,6,39,85.1,1,10.7,38,3,3.7,1,9,3,83.0,79.7,39.8,1,17-01-2024,Credit Card,Yes,No,4721,65,0,3,4.6,Not Completed,1,0,3,1,2,2,3,0
20538,STU120538,Pooja Shah,Female,26,Bachelor,Employed,Lucknow,Mobile,High,C102,Data Analysis with Python,Programming,Intermediate,60,4.7,9,18,83.3,4,3.2,2,6,4.5,5,5,5,73.1,61.0,62.2,1,18-09-2025,Credit Card,Yes,Yes,4387,93,3,0,5.0,Not Completed,0,0,0,1,0,2,4,0
20539,STU120539,Krishna Singh,Male,38,Diploma,Self-Employed,Bhopal,Mobile,Medium,C103,Introduction to AI,Programming,Intermediate,75,4.5,5,46,64.4,2,4.5,0,6,5.6,5,5,5,67.9,70.8,56.1,4,24-12-2024,UPI,Yes,No,5496,23,1,0,4.8,Completed,1,1,1,1,2,2,4,5
20540,STU120540,Nikhil Patel,Female,17,HighSchool,Employed,Mumbai,Mobile,Medium,C108,Excel for Business,Business,Beginner,25,4.1,6,18,69.8,3,6.7,0,1,7.1,3,7,6,60.7,95.1,47.2,5,29-01-2025,NetBanking,Yes,No,3550,64,1,1,4.8,Not Completed,0,2,0,1,2,1,0,3
20541,STU120541,Vivaan Joshi,Female,20,PhD,Employed,Hyderabad,Laptop,Medium,C102,Data Analysis with Python,Programming,Intermediate,60,4.7,3,38,29.2,0,0.5,10,6,6.1,7,3,3,65.6,80.8,56.2,1,13-07-2025,Debit Card,Yes,Yes,4303,73,1,0,4.9,Completed,0,4,0,0,2,2,4,1
20542,STU120542,Isha Bose,Female,32,Bachelor,Employed,Bengaluru,Laptop,Medium,C106,Machine Learning A-Z,Programming,Advanced,90,4.6,4,42,11.4,2,0.5,1,5,7.6,5,5,9,71.6,70.5,37.5,6,16-01-2025,Free,No,No,0,84,3,1,3.8,Not Completed,0,0,0,0,2,0,4,2
20543,STU120543,Aditya Gupta,Female,37,Bachelor,Employed,Chennai,Mobile,High,C105,UI/UX Design Fundamentals,Design,Beginner,40,4.4,5,39,57.2,5,9.0,1,6,7.8,5,5,3,69.9,78.8,53.9,4,10-12-2024,Credit Card,Yes,No,4219,29,2,0,4.5,Not Completed,0,0,0,1,0,1,1,0
20544,STU120544,Rahul Bose,Female,27,Bachelor,Student,Pune,Tablet,High,C101,Python Basics,Programming,Beginner,45,4.6,5,43,70.0,5,0.5,1,8,7.8,9,1,9,98.1,88.2,82.9,3,14-01-2025,Debit Card,Yes,Yes,3882,100,2,0,4.4,Not Completed,0,0,2,2,0,1,4,1
20545,STU120545,Meera Mehta,Male,25,Bachelor,Employed,Bengaluru,Mobile,High,C103,Introduction to AI,Programming,Intermediate,75,4.5,5,36,33.1,3,0.5,4,2,6.9,4,6,3,52.3,51.1,38.2,2,04-07-2025,UPI,Yes,Yes,5235,79,1,1,3.7,Not Completed,1,0,0,1,0,2,4,5
20546,STU120546,Neha Nair,Female,17,Bachelor,Employed,Jaipur,Mobile,Low,C101,Python Basics,Programming,Beginner,45,4.6,3,48,92.7,0,1.5,10,2,7.1,4,6,5,76.5,38.9,58.4,1,19-02-2025,Free,No,No,0,80,1,2,3.9,Not Completed,0,0,0,1,1,1,4,2
20547,STU120547,Ananya Joshi,Male,17,Bachelor,Student,Pune,Laptop,Medium,C104,Digital Marketing Essentials,Marketing,Beginner,30,4.3,6,30,33.3,2,5.6,8,5,3.5,6,4,7,78.4,68.8,51.1,1,31-10-2024,Debit Card,Yes,No,3758,95,3,0,3.3,Not Completed,1,0,2,0,2,1,2,1
20548,STU120548,Priya Bhardwaj,Female,26,Diploma,Employed,Nagpur,Laptop,Low,C103,Introduction to AI,Programming,Intermediate,75,4.5,5,46,88.7,3,7.3,1,2,3.1,4,6,2,78.9,78.2,58.9,2,03-04-2024,UPI,Yes,Yes,4672,87,2,0,4.2,Completed,0,1,0,0,1,2,4,5
20549,STU120549,Priya Desai,Female,24,Bachelor,Employed,Bhopal,Laptop,High,C106,Machine Learning A-Z,Programming,Advanced,90,4.6,5,38,58.5,1,3.5,2,8,8.8,3,7,3,80.1,56.5,41.3,0,02-12-2024,Credit Card,Yes,No,6672,56,3,2,3.4,Not Completed,0,0,0,0,0,0,4,0
20550,STU120550,Sakshi Verma,Female,20,Bachelor,Employed,Surat,Mobile,High,C107,Statistics for Data Science,Math,Intermediate,50,4.2,6,33,69.5,3,5.3,32,5,9.1,5,5,2,89.8,40.0,56.3,0,05-11-2023,Free,No,No,0,84,0,2,3.5,Not Completed,0,0,0,1,0,2,3,2
20551,STU120551,Ananya Sharma,Male,26,HighSchool,Student,Kolkata,Mobile,Medium,C105,UI/UX Design Fundamentals,Design,Beginner,40,4.4,3,25,15.1,1,1.6,5,6,6.2,3,7,4,67.6,78.7,27.2,2,02-11-2024,UPI,Yes,Yes,3255,69,2,1,2.8,Not Completed,1,2,2,1,2,1,1,5
20552,STU120552,Rahul Gupta,Male,27,Bachelor,Student,Lucknow,Mobile,High,C106,Machine Learning A-Z,Programming,Advanced,90,4.6,9,39,73.7,2,4.6,2,8,5.6,5,5,6,63.4,70.0,59.3,2,27-05-2024,UPI,Yes,No,6316,68,3,2,5.0,Completed,1,0,2,1,0,0,4,5
20553,STU120553,Vivaan Singh,Female,28,Diploma,Unemployed,Pune,Laptop,Medium,C103,Introduction to AI,Programming,Intermediate,75,4.5,2,18,47.6,2,0.5,3,5,3.8,5,5,4,62.5,37.0,48.5,1,13-11-2023,Debit Card,Yes,No,5961,67,2,1,4.3,Not Completed,0,1,3,0,2,2,4,1
20554,STU120554,Krishna Reddy,Female,34,Diploma,Unemployed,Chennai,Mobile,High,C103,Introduction to AI,Programming,Intermediate,75,4.5,9,49,57.0,6,1.3,5,12,6.1,5,5,5,79.1,49.2,52.4,2,20-11-2023,Scholarship,No,Yes,2258,67,5,1,5.0,Completed,0,1,3,1,0,2,4,4
20555,STU120555,Sai Shah,Female,31,Master,Student,Surat,Mobile,Low,C107,Statistics for Data Science,Math,Intermediate,50,4.2,4,32,78.9,4,0.9,1,8,5.4,4,6,4,88.0,93.1,56.3,5,16-09-2024,Scholarship,No,No,635,72,1,3,5.0,Not Completed,0,3,2,1,1,2,3,4
20556,STU120556,Vivaan Singh,Male,22,Diploma,Employed,Surat,Laptop,Low,C107,Statistics for Data Science,Math,Intermediate,50,4.2,5,38,63.7,3,1.4,0,9,5.0,3,7,5,65.2,47.6,42.7,3,29-07-2024,NetBanking,Yes,No,4555,60,2,1,3.4,Not Completed,1,1,0,0,1,2,3,3
20557,STU120557,Kavya Desai,Female,22,HighSchool,Employed,Vadodara,Mobile,Medium,C101,Python Basics,Programming,Beginner,45,4.6,6,28,72.1,0,7.9,5,9,8.3,6,4,4,88.7,67.7,64.6,2,19-12-2024,Credit Card,Yes,No,4184,73,1,1,4.1,Completed,0,2,0,1,2,1,4,0
20558,STU120558,Ritika Iyer,Female,33,Bachelor,Self-Employed,Nagpur,Mobile,High,C108,Excel for Business,Business,Beginner,25,4.1,6,31,94.3,4,5.5,5,6,4.1,4,5,3,64.6,62.6,60.1,1,05-03-2025,Free,No,No,0,70,0,0,5.0,Not Completed,0,0,1,1,0,1,0,2
20559,STU120559,Krishna Desai,Male,28,Bachelor,Employed,Delhi,Mobile,Low,C108,Excel for Business,Business,Beginner,25,4.1,6,32,67.0,2,0.5,5,6,6.4,4,6,3,81.0,55.5,50.2,2,26-06-2024,Credit Card,Yes,No,3097,76,1,0,3.7,Completed,1,0,0,1,1,1,0,0
20560,STU120560,Isha Reddy,Female,19,Bachelor,Unemployed,Nagpur,Mobile,Medium,C108,Excel for Business,Business,Beginner,25,4.1,5,55,76.9,0,1.8,4,5,6.9,7,3,1,95.2,75.5,72.7,0,17-03-2024,Debit Card,Yes,No,3539,100,3,0,4.8,Completed,0,0,3,1,2,1,0,1
20561,STU120561,Rohan Nair,Male,24,Bachelor,Student,Delhi,Mobile,Medium,C101,Python Basics,Programming,Beginner,45,4.6,4,29,46.6,4,1.3,5,4,6.8,5,5,3,84.2,69.8,49.8,3,05-09-2025,Scholarship,No,No,1146,58,1,0,5.0,Not Completed,1,0,2,1,2,1,4,4
20562,STU120562,Vihaan Nair,Male,30,Master,Employed,Mumbai,Laptop,Medium,C105,UI/UX Design Fundamentals,Design,Beginner,40,4.4,4,44,49.4,3,6.5,0,7,6.3,6,4,4,84.4,79.4,57.3,3,12-10-2024,Free,No,No,0,68,4,1,3.9,Not Completed,1,3,0,0,2,1,1,2
20563,STU120563,Nikhil Reddy,Female,20,Master,Employed,Hyderabad,Mobile,High,C106,Machine Learning A-Z,Programming,Advanced,90,4.6,5,38,63.4,2,0.5,31,5,5.4,4,5,3,53.8,79.2,50.2,2,28-06-2024,UPI,Yes,Yes,5402,76,3,0,3.4,Not Completed,0,3,0,1,0,0,4,5
20564,STU120564,Aarav Sharma,Male,28,Bachelor,Employed,Bengaluru,Mobile,Medium,C101,Python Basics,Programming,Beginner,45,4.6,3,23,56.6,2,4.3,36,3,5.8,4,6,3,60.8,56.2,46.6,2,11-03-2025,Scholarship,No,No,222,59,0,2,5.0,Not Completed,1,0,0,1,2,1,4,4
20565,STU120565,Rohan Patel,Male,24,PhD,Student,Nagpur,Mobile,High,C104,Digital Marketing Essentials,Marketing,Beginner,30,4.3,5,26,77.9,0,0.5,1,8,5.2,3,7,6,65.1,75.1,49.0,2,04-11-2024,UPI,Yes,No,3816,40,3,1,3.5,Not Completed,1,4,2,1,0,1,2,5
20566,STU120566,Krishna Kumar,Female,17,Diploma,Student,Surat,Laptop,Medium,C101,Python Basics,Programming,Beginner,45,4.6,7,48,68.0,2,3.0,8,6,7.8,9,1,4,84.2,52.5,80.4,1,07-11-2023,Debit Card,Yes,Yes,3343,100,5,0,4.6,Not Completed,0,1,2,0,2,1,4,1
20567,STU120567,Pooja Patel,Male,19,HighSchool,Student,Bengaluru,Laptop,High,C106,Machine Learning A-Z,Programming,Advanced,90,4.6,3,39,48.9,6,0.9,8,5,10.0,6,4,5,78.9,73.0,56.7,4,05-04-2024,UPI,Yes,No,6557,69,7,0,5.0,Completed,1,2,2,0,0,0,4,5
20568,STU120568,Pooja Iyer,Female,26,Master,Student,Kolkata,Mobile,Medium,C107,Statistics for Data Science,Math,Intermediate,50,4.2,6,31,65.2,0,6.6,1,13,7.8,4,6,6,84.7,77.5,50.7,2,26-01-2025,Credit Card,Yes,No,4790,81,4,1,5.0,Not Completed,0,3,2,1,2,2,3,0
20569,STU120569,Sai Mehta,Female,21,Bachelor,Student,Delhi,Mobile,High,C107,Statistics for Data Science,Math,Intermediate,50,4.2,5,40,29.2,5,0.5,15,3,3.6,5,5,1,88.8,61.3,43.3,1,06-09-2024,Credit Card,Yes,No,4693,59,5,1,4.2,Completed,0,0,2,1,0,2,3,0
20570,STU120570,Rahul Nair,Male,21,Bachelor,Employed,Ahmedabad,Mobile,Medium,C107,Statistics for Data Science,Math,Intermediate,50,4.2,4,30,68.9,2,5.6,4,4,5.2,6,4,5,65.1,69.7,63.6,4,16-11-2024,UPI,Yes,No,4154,50,1,1,4.8,Not Completed,1,0,0,1,2,2,3,5
20571,STU120571,Vihaan Nair,Female,27,Master,Student,Bengaluru,Mobile,Medium,C108,Excel for Business,Business,Beginner,25,4.1,6,39,42.2,1,10.1,3,6,8.4,5,5,4,100.0,38.2,46.7,5,28-04-2024,Credit Card,Yes,No,3300,75,4,0,5.0,Not Completed,0,3,2,1,2,1,0,0
20572,STU120572,Sneha Gupta,Male,39,Bachelor,Student,Hyderabad,Mobile,Low,C107,Statistics for Data Science,Math,Intermediate,50,4.2,6,26,59.0,0,2.2,15,4,6.5,4,6,1,62.8,39.6,46.6,2,19-08-2025,Free,No,Yes,0,63,1,1,3.1,Not Completed,1,0,2,1,1,2,3,2
20573,STU120573,Arjun Kumar,Female,21,Bachelor,Employed,Pune,Mobile,Medium,C102,Data Analysis with Python,Programming,Intermediate,60,4.7,5,35,86.0,3,16.8,1,4,6.3,6,4,2,59.0,83.1,70.3,0,21-03-2024,Debit Card,Yes,No,4748,44,2,2,3.6,Not Completed,0,0,0,1,2,2,4,1
20574,STU120574,Arjun Gupta,Male,19,Bachelor,Student,Bhopal,Tablet,High,C107,Statistics for Data Science,Math,Intermediate,50,4.2,6,35,76.9,1,0.5,0,8,4.9,4,6,1,77.6,84.1,55.1,2,21-03-2025,Credit Card,Yes,No,4428,79,1,2,4.5,Completed,1,0,2,2,0,2,3,0
20575,STU120575,Pooja Reddy,Female,22,Master,Self-Employed,Chennai,Mobile,High,C108,Excel for Business,Business,Beginner,25,4.1,4,46,69.6,2,2.6,9,6,4.7,2,8,2,59.0,49.8,38.9,1,06-04-2024,Free,No,Yes,0,55,2,2,3.6,Not Completed,0,3,1,1,0,1,0,2
20576,STU120576,Krishna Mehta,Female,21,Master,Student,Bengaluru,Tablet,Low,C102,Data Analysis with Python,Programming,Intermediate,60,4.7,6,28,91.1,2,8.2,8,3,5.7,3,7,4,54.6,62.5,53.0,0,09-01-2024,Free,No,No,0,33,1,1,3.2,Not Completed,0,3,2,2,1,2,4,2
20577,STU120577,Isha Nair,Female,26,Bachelor,Student,Delhi,Laptop,High,C107,Statistics for Data Science,Math,Intermediate,50,4.2,5,32,58.1,1,13.4,2,3,9.0,6,4,3,62.1,69.3,59.8,0,28-09-2024,NetBanking,Yes,No,4789,100,2,0,4.2,Not Completed,0,0,2,0,0,2,3,3
20578,STU120578,Aarav Verma,Female,17,Bachelor,Employed,Ahmedabad,Laptop,High,C104,Digital Marketing Essentials,Marketing,Beginner,30,4.3,6,23,45.0,3,5.0,5,5,6.4,6,4,6,73.6,63.7,54.9,0,25-08-2025,Credit Card,Yes,No,3607,44,0,0,5.0,Not Completed,0,0,0,0,0,1,2,0
20579,STU120579,Pooja Shah,Male,17,Bachelor,Employed,Bhopal,Mobile,Medium,C102,Data Analysis with Python,Programming,Intermediate,60,4.7,8,7,72.4,1,0.5,5,7,9.0,4,6,6,42.5,56.0,52.1,3,14-04-2024,Credit Card,Yes,No,4837,78,1,0,4.9,Not Completed,1,0,0,1,2,2,4,0
20580,STU120580,Pooja Mehta,Male,33,Bachelor,Student,Surat,Mobile,Medium,C108,Excel for Business,Business,Beginner,25,4.1,8,49,26.6,1,0.5,0,8,7.3,5,5,7,74.2,59.7,42.3,1,24-09-2025,Scholarship,No,Yes,1557,47,3,1,4.4,Not Completed,1,0,2,1,2,1,0,4
20581,STU120581,Vivaan Gupta,Female,33,HighSchool,Employed,Surat,Mobile,Medium,C101,Python Basics,Programming,Beginner,45,4.6,5,29,65.6,1,0.5,26,6,5.1,4,6,3,75.2,91.3,51.5,3,28-09-2025,Debit Card,Yes,No,4200,77,0,0,3.5,Completed,0,2,0,1,2,1,4,1
20582,STU120582,Krishna Joshi,Female,31,Bachelor,Student,Nagpur,Mobile,High,C107,Statistics for Data Science,Math,Intermediate,50,4.2,3,37,62.0,3,0.5,0,8,5.3,4,6,4,82.0,54.1,48.4,1,19-02-2025,UPI,Yes,No,4385,88,3,1,5.0,Not Completed,0,0,2,1,0,2,3,5
20583,STU120583,Arjun Desai,Male,20,Diploma,Unemployed,Jaipur,Mobile,Medium,C104,Digital Marketing Essentials,Marketing,Beginner,30,4.3,6,42,51.6,2,0.5,3,7,7.8,6,4,4,47.1,47.1,56.4,0,20-07-2025,Debit Card,Yes,No,3373,50,2,2,4.5,Not Completed,1,1,3,1,2,1,2,1
20584,STU120584,Sakshi Gupta,Female,24,Bachelor,Employed,Bengaluru,Mobile,High,C101,Python Basics,Programming,Beginner,45,4.6,4,42,90.8,0,0.7,2,7,6.1,5,5,4,84.8,92.2,66.4,2,04-10-2024,Free,No,No,0,48,2,0,5.0,Not Completed,0,0,0,1,0,1,4,2
20585,STU120585,Ananya Sharma,Male,27,HighSchool,Employed,Pune,Mobile,Medium,C104,Digital Marketing Essentials,Marketing,Beginner,30,4.3,4,31,97.8,1,9.2,2,2,8.3,5,5,3,62.9,71.9,67.8,3,10-04-2024,Credit Card,Yes,Yes,2968,85,2,1,4.8,Completed,1,2,0,1,2,1,2,0
20586,STU120586,Rahul Verma,Female,23,Bachelor,Student,Jaipur,Mobile,Medium,C101,Python Basics,Programming,Beginner,45,4.6,7,26,59.6,4,1.6,10,7,6.1,7,3,6,92.0,64.0,66.1,3,08-01-2025,Free,No,Yes,0,53,2,0,4.8,Not Completed,0,0,2,1,2,1,4,2
20587,STU120587,Aditya Mehta,Female,17,Master,Employed,Bhopal,Mobile,High,C102,Data Analysis with Python,Programming,Intermediate,60,4.7,6,29,43.5,4,0.5,9,7,7.6,7,3,3,63.2,71.7,60.8,6,07-02-2024,NetBanking,Yes,No,5128,88,3,3,4.9,Not Completed,0,3,0,1,0,2,4,3
20588,STU120588,Priya Bhardwaj,Female,29,Bachelor,Student,Hyderabad,Mobile,Medium,C108,Excel for Business,Business,Beginner,25,4.1,6,23,76.4,3,0.5,11,5,2.1,3,7,4,69.9,69.7,48.2,3,05-08-2025,Free,No,No,0,69,1,0,5.0,Not Completed,0,0,2,1,2,1,0,2
20589,STU120589,Rahul Bose,Other,27,Bachelor,Employed,Mumbai,Mobile,Medium,C101,Python Basics,Programming,Beginner,45,4.6,5,11,58.9,3,7.7,0,11,9.5,6,4,4,50.2,81.7,60.7,1,10-12-2024,NetBanking,Yes,No,4196,48,0,1,3.1,Completed,2,0,0,1,2,1,4,3
20590,STU120590,Ritika Kumar,Female,26,Diploma,Student,Delhi,Laptop,Medium,C106,Machine Learning A-Z,Programming,Advanced,90,4.6,7,35,85.7,3,5.4,5,7,9.3,3,7,4,86.9,53.7,50.7,3,03-01-2024,UPI,Yes,No,6075,84,3,1,5.0,Completed,0,1,2,0,2,0,4,5
20591,STU120591,Isha Patel,Female,22,Master,Employed,Nagpur,Mobile,Medium,C101,Python Basics,Programming,Beginner,45,4.6,8,29,77.7,0,2.1,4,4,4.0,7,3,2,62.7,79.8,73.2,2,11-12-2023,Free,No,Yes,0,69,1,1,5.0,Not Completed,0,3,0,1,2,1,4,2
20592,STU120592,Aditya Verma,Male,22,Bachelor,Employed,Bengaluru,Mobile,High,C107,Statistics for Data Science,Math,Intermediate,50,4.2,6,26,51.6,1,0.5,4,7,1.3,7,3,3,84.7,71.7,63.6,3,05-03-2024,NetBanking,Yes,Yes,3978,65,1,0,4.5,Not Completed,1,0,0,1,0,2,3,3
20593,STU120593,Sneha Gupta,Female,22,Master,Employed,Bhopal,Laptop,Medium,C107,Statistics for Data Science,Math,Intermediate,50,4.2,4,23,63.8,4,3.9,9,6,8.7,6,4,6,66.0,46.0,60.6,2,02-03-2025,Debit Card,Yes,Yes,3682,72,2,1,3.4,Completed,0,3,0,0,2,2,3,1
20594,STU120594,Arjun Singh,Female,22,Bachelor,Unemployed,Surat,Laptop,High,C104,Digital Marketing Essentials,Marketing,Beginner,30,4.3,8,27,25.1,1,0.5,1,4,3.2,3,7,3,78.3,91.5,31.4,1,30-08-2024,UPI,Yes,No,3638,53,5,0,4.9,Not Completed,0,0,3,0,0,1,2,5
20595,STU120595,Ritika Shah,Female,28,Bachelor,Self-Employed,Bhopal,Laptop,Medium,C102,Data Analysis with Python,Programming,Intermediate,60,4.7,3,35,86.3,3,0.5,1,7,7.1,3,7,3,72.8,78.7,52.1,6,23-05-2025,UPI,Yes,Yes,4438,72,1,1,5.0,Completed,0,0,1,0,2,2,4,5
20596,STU120596,Rohan Desai,Female,33,Bachelor,Student,Lucknow,Mobile,High,C103,Introduction to AI,Programming,Intermediate,75,4.5,9,33,48.4,4,1.4,5,8,7.0,8,2,4,38.8,97.6,69.8,0,18-03-2025,Credit Card,Yes,No,5723,86,1,1,4.5,Not Completed,0,0,2,1,0,2,4,0
20597,STU120597,Aarav Nair,Female,19,Diploma,Student,Bengaluru,Mobile,High,C101,Python Basics,Programming,Beginner,45,4.6,5,31,65.4,1,2.0,2,4,8.5,3,7,4,82.0,41.2,42.9,7,03-12-2023,NetBanking,Yes,No,3987,48,1,1,4.4,Not Completed,0,1,2,1,0,1,4,3
20598,STU120598,Nikhil Sharma,Female,33,Bachelor,Student,Pune,Laptop,Medium,C103,Introduction to AI,Programming,Intermediate,75,4.5,4,21,36.1,5,5.6,4,3,6.7,3,7,3,67.8,83.1,34.8,1,06-02-2025,Debit Card,Yes,No,5887,69,5,0,3.8,Not Completed,0,0,2,0,2,2,4,1
20599,STU120599,Rahul Desai,Female,32,Bachelor,Student,Delhi,Mobile,Medium,C102,Data Analysis with Python,Programming,Intermediate,60,4.7,4,23,64.4,2,0.5,9,8,8.1,5,5,7,93.4,77.6,56.4,5,29-09-2025,UPI,Yes,No,4517,100,3,1,4.0,Not Completed,0,0,2,1,2,2,4,5
20600,STU120600,Neha Verma,Male,24,Master,Student,Vadodara,Mobile,High,C107,Statistics for Data Science,Math,Intermediate,50,4.2,5,51,54.1,3,1.0,11,8,7.1,3,7,4,97.7,98.3,41.8,1,23-08-2024,UPI,Yes,No,4158,76,1,3,3.2,Completed,1,3,2,1,0,2,3,5
20601,STU120601,Aditya Joshi,Female,24,Bachelor,Student,Vadodara,Laptop,Medium,C104,Digital Marketing Essentials,Marketing,Beginner,30,4.3,5,40,72.3,3,9.0,6,5,9.3,3,7,5,84.5,74.3,47.0,2,20-05-2025,Credit Card,Yes,No,3400,100,2,1,4.5,Completed,0,0,2,0,2,1,2,0
20602,STU120602,Sakshi Joshi,Male,23,Bachelor,Unemployed,Bengaluru,Mobile,Medium,C107,Statistics for Data Science,Math,Intermediate,50,4.2,5,39,56.7,3,0.5,0,3,6.4,4,6,5,50.5,85.9,48.1,1,18-12-2023,Free,No,Yes,0,91,2,3,4.0,Not Completed,1,0,3,1,2,2,3,2
20603,STU120603,Neha Mehta,Male,21,Master,Student,Vadodara,Mobile,Medium,C101,Python Basics,Programming,Beginner,45,4.6,1,31,25.8,3,0.5,6,1,5.1,4,5,5,59.0,66.0,36.3,4,14-07-2025,Free,No,No,0,88,1,1,4.0,Not Completed,1,3,2,1,2,1,4,2
20604,STU120604,Rahul Bhardwaj,Male,23,Bachelor,Student,Jaipur,Laptop,Medium,C101,Python Basics,Programming,Beginner,45,4.6,2,35,75.4,4,8.9,1,7,6.6,5,5,6,71.1,85.3,60.6,5,16-02-2024,UPI,Yes,No,3965,77,2,0,3.9,Not Completed,1,0,2,0,2,1,4,5
20605,STU120605,Vihaan Patel,Female,31,Master,Student,Lucknow,Mobile,High,C102,Data Analysis with Python,Programming,Intermediate,60,4.7,4,41,49.7,1,4.1,0,4,7.1,8,2,4,67.1,45.0,67.6,1,09-08-2024,Free,No,Yes,0,31,1,1,2.9,Not Completed,0,3,2,1,0,2,4,2
20606,STU120606,Meera Nair,Female,22,Bachelor,Employed,Lucknow,Laptop,Medium,C103,Introduction to AI,Programming,Intermediate,75,4.5,3,29,85.5,0,1.3,19,3,7.3,6,4,6,64.1,49.7,68.4,1,03-10-2025,Free,No,No,0,81,1,1,4.8,Not Completed,0,0,0,0,2,2,4,2
20607,STU120607,Vihaan Nair,Female,28,Diploma,Student,Nagpur,Laptop,Medium,C102,Data Analysis with Python,Programming,Intermediate,60,4.7,5,32,79.4,0,0.5,5,3,8.1,3,6,5,86.5,65.9,49.1,2,15-07-2024,NetBanking,Yes,No,4832,69,1,0,5.0,Completed,0,1,2,0,2,2,4,3
20608,STU120608,Krishna Kumar,Female,29,Bachelor,Student,Mumbai,Mobile,Medium,C103,Introduction to AI,Programming,Intermediate,75,4.5,3,36,63.6,4,9.9,8,3,4.7,2,8,0,75.3,50.5,36.8,2,06-01-2024,NetBanking,Yes,No,6231,56,3,2,3.7,Completed,0,0,2,1,2,2,4,3
20609,STU120609,Rohan Shah,Female,26,Bachelor,Employed,Vadodara,Mobile,High,C106,Machine Learning A-Z,Programming,Advanced,90,4.6,7,28,34.6,2,0.5,18,4,5.1,5,5,4,84.2,51.5,44.7,1,15-12-2024,Free,No,No,0,41,0,0,3.8,Not Completed,0,0,0,1,0,0,4,2
20610,STU120610,Ritika Sharma,Female,23,Bachelor,Self-Employed,Nagpur,Laptop,Medium,C105,UI/UX Design Fundamentals,Design,Beginner,40,4.4,5,40,58.6,4,5.1,1,7,6.9,5,5,2,68.1,95.8,55.3,6,09-09-2025,NetBanking,Yes,Yes,3247,63,1,0,4.2,Completed,0,0,1,0,2,1,1,3
20611,STU120611,Sneha Reddy,Female,22,Bachelor,Employed,Vadodara,Tablet,High,C102,Data Analysis with Python,Programming,Intermediate,60,4.7,3,14,69.3,2,1.9,19,8,10.0,8,2,3,61.6,30.9,73.8,3,06-07-2024,NetBanking,Yes,No,5436,71,6,6,4.8,Not Completed,0,0,0,2,0,2,4,3
20612,STU120612,Sneha Verma,Male,30,Bachelor,Student,Pune,Mobile,Medium,C102,Data Analysis with Python,Programming,Intermediate,60,4.7,5,40,93.7,1,5.9,2,6,9.2,6,4,1,77.6,64.1,72.0,4,24-03-2025,UPI,Yes,No,4834,61,1,2,4.3,Completed,1,0,2,1,2,2,4,5
20613,STU120613,Sakshi Reddy,Female,33,Master,Student,Bengaluru,Mobile,High,C105,UI/UX Design Fundamentals,Design,Beginner,40,4.4,8,31,83.8,6,9.7,4,9,10.0,8,2,7,94.1,70.8,80.9,2,04-09-2024,Scholarship,No,No,1397,74,5,0,4.8,Not Completed,0,3,2,1,0,1,1,4
20614,STU120614,Sneha Patel,Female,17,Bachelor,Student,Hyderabad,Mobile,Medium,C107,Statistics for Data Science,Math,Intermediate,50,4.2,3,42,96.1,4,0.5,17,8,9.9,3,7,5,71.7,93.7,56.3,4,15-03-2024,Debit Card,Yes,No,4593,38,3,0,3.2,Completed,0,0,2,1,2,2,3,1
20615,STU120615,Neha Sharma,Female,24,Bachelor,Student,Delhi,Mobile,Low,C101,Python Basics,Programming,Beginner,45,4.6,7,30,42.7,2,8.3,3,5,8.2,3,7,0,68.1,73.6,36.6,2,26-02-2025,Debit Card,Yes,No,3997,65,1,1,4.3,Completed,0,0,2,1,1,1,4,1
20616,STU120616,Aditya Joshi,Male,25,HighSchool,Student,Ahmedabad,Mobile,Medium,C101,Python Basics,Programming,Beginner,45,4.6,3,24,69.4,1,7.2,34,2,6.9,5,5,4,50.1,60.2,57.3,1,04-07-2025,UPI,Yes,No,4115,67,0,1,4.5,Not Completed,1,2,2,1,2,1,4,5
20617,STU120617,Nikhil Verma,Male,33,HighSchool,Employed,Bengaluru,Laptop,Medium,C105,UI/UX Design Fundamentals,Design,Beginner,40,4.4,2,29,53.5,0,0.5,17,2,8.6,6,4,4,61.3,69.3,58.2,2,17-09-2025,UPI,Yes,No,4032,88,0,1,4.3,Completed,1,2,0,0,2,1,1,5
20618,STU120618,Krishna Kumar,Female,29,Diploma,Employed,Chennai,Laptop,High,C103,Introduction to AI,Programming,Intermediate,75,4.5,5,28,54.8,6,0.5,1,2,7.7,4,6,4,73.5,66.0,46.5,3,19-06-2025,UPI,Yes,No,6132,78,4,1,3.9,Completed,0,1,0,0,0,2,4,5
20619,STU120619,Kavya Verma,Female,41,Diploma,Employed,Hyderabad,Mobile,High,C106,Machine Learning A-Z,Programming,Advanced,90,4.6,3,47,72.9,1,0.5,1,1,5.2,7,3,2,74.8,32.0,69.1,2,13-08-2024,Credit Card,Yes,Yes,5452,100,1,1,5.0,Completed,0,1,0,1,0,0,4,0
20620,STU120620,Rahul Singh,Male,37,Bachelor,Student,Hyderabad,Mobile,High,C102,Data Analysis with Python,Programming,Intermediate,60,4.7,7,41,48.3,5,9.1,0,4,4.9,4,6,2,78.2,82.2,45.0,1,30-10-2024,Credit Card,Yes,No,4940,58,3,3,3.5,Completed,1,0,2,1,0,2,4,0
20621,STU120621,Sakshi Bhardwaj,Female,18,Bachelor,Employed,Hyderabad,Laptop,High,C104,Digital Marketing Essentials,Marketing,Beginner,30,4.3,4,32,52.2,4,0.5,5,7,4.6,4,6,3,66.0,66.9,45.6,0,31-12-2024,Debit Card,Yes,No,3152,46,2,5,5.0,Completed,0,0,0,0,0,1,2,1
20622,STU120622,Krishna Kumar,Male,25,Bachelor,Employed,Surat,Laptop,Medium,C106,Machine Learning A-Z,Programming,Advanced,90,4.6,5,38,57.7,2,3.0,0,7,3.2,5,5,1,83.0,63.8,53.4,3,24-09-2024,UPI,Yes,No,6126,84,5,2,3.3,Not Completed,1,0,0,0,2,0,4,5
20623,STU120623,Aarav Patel,Female,26,Master,Student,Bengaluru,Mobile,Medium,C102,Data Analysis with Python,Programming,Intermediate,60,4.7,6,36,89.9,4,8.8,3,1,7.2,7,3,2,57.4,63.7,76.6,4,17-11-2023,Free,No,No,0,100,2,3,3.3,Completed,0,3,2,1,2,2,4,2
20624,STU120624,Sakshi Nair,Female,24,Bachelor,Student,Lucknow,Mobile,Low,C104,Digital Marketing Essentials,Marketing,Beginner,30,4.3,3,14,39.7,2,5.9,3,4,5.0,4,6,3,72.7,64.2,41.1,4,27-03-2024,Credit Card,Yes,No,3472,41,2,1,4.5,Not Completed,0,0,2,1,1,1,2,0
20625,STU120625,Sakshi Bose,Female,23,Bachelor,Employed,Chennai,Laptop,Medium,C106,Machine Learning A-Z,Programming,Advanced,90,4.6,8,20,72.7,3,4.3,3,4,1.0,4,6,3,69.1,69.7,52.9,1,20-04-2025,UPI,Yes,No,6419,96,2,1,4.6,Completed,0,0,0,0,2,0,4,5
20626,STU120626,Sai Gupta,Male,20,Bachelor,Student,Chennai,Laptop,Medium,C103,Introduction to AI,Programming,Intermediate,75,4.5,6,41,42.9,6,7.4,1,9,10.0,5,5,1,71.8,57.4,47.9,4,25-05-2025,Scholarship,No,Yes,2558,71,1,0,4.9,Not Completed,1,0,2,0,2,2,4,4
20627,STU120627,Ritika Verma,Male,41,HighSchool,Employed,Bhopal,Mobile,High,C104,Digital Marketing Essentials,Marketing,Beginner,30,4.3,4,38,37.1,3,2.5,1,3,5.2,5,5,1,86.3,54.5,45.7,3,16-07-2025,Scholarship,No,No,1500,55,2,3,3.4,Completed,1,2,0,1,0,1,2,4
20628,STU120628,Aarav Kumar,Female,32,Diploma,Student,Mumbai,Laptop,High,C103,Introduction to AI,Programming,Intermediate,75,4.5,5,29,83.1,9,8.1,7,7,7.1,7,3,7,100.0,84.6,75.3,3,10-12-2023,NetBanking,Yes,No,5951,98,4,2,3.1,Not Completed,0,1,2,0,0,2,4,3
20629,STU120629,Nikhil Iyer,Female,19,Master,Student,Ahmedabad,Laptop,Medium,C108,Excel for Business,Business,Beginner,25,4.1,7,42,88.9,2,1.3,12,6,8.2,8,2,5,82.5,54.3,81.8,6,28-05-2024,Debit Card,Yes,No,3531,48,2,1,4.2,Completed,0,3,2,0,2,1,0,1
20630,STU120630,Ananya Sharma,Female,33,HighSchool,Employed,Mumbai,Mobile,High,C108,Excel for Business,Business,Beginner,25,4.1,5,46,48.6,3,6.6,8,6,5.7,3,7,1,68.9,92.3,39.6,2,12-06-2024,UPI,Yes,No,3567,77,3,0,3.7,Completed,0,2,0,1,0,1,0,5
20631,STU120631,Aarav Sharma,Male,18,Bachelor,Employed,Vadodara,Tablet,High,C106,Machine Learning A-Z,Programming,Advanced,90,4.6,7,54,23.6,0,11.1,2,6,5.6,5,5,5,72.7,61.4,41.3,5,08-12-2023,Free,No,Yes,0,94,3,4,4.1,Completed,1,0,0,2,0,0,4,2
20632,STU120632,Vihaan Desai,Female,25,Master,Employed,Delhi,Laptop,Low,C102,Data Analysis with Python,Programming,Intermediate,60,4.7,1,18,54.0,3,0.5,19,2,6.1,4,6,4,48.8,33.6,44.6,1,18-11-2024,UPI,Yes,Yes,4465,77,0,1,3.1,Not Completed,0,3,0,0,1,2,4,5
20633,STU120633,Rohan Singh,Female,29,Bachelor,Unemployed,Jaipur,Laptop,Medium,C104,Digital Marketing Essentials,Marketing,Beginner,30,4.3,5,34,51.3,1,3.1,3,11,9.1,6,4,7,75.0,82.5,58.1,2,09-12-2024,UPI,Yes,No,3655,46,1,1,4.2,Completed,0,0,3,0,2,1,2,5
20634,STU120634,Ritika Kumar,Female,24,Master,Student,Jaipur,Laptop,Medium,C103,Introduction to AI,Programming,Intermediate,75,4.5,6,42,94.3,3,6.0,0,5,8.0,7,3,3,89.2,54.4,77.7,1,16-12-2024,Debit Card,Yes,Yes,4852,66,5,0,5.0,Completed,0,3,2,0,2,2,4,1
20635,STU120635,Ritika Mehta,Female,18,HighSchool,Employed,Kolkata,Mobile,High,C102,Data Analysis with Python,Programming,Intermediate,60,4.7,3,43,84.8,4,0.5,3,4,7.5,3,7,3,67.4,48.8,50.1,2,25-07-2024,UPI,Yes,No,5134,46,2,1,3.9,Completed,0,2,0,1,0,2,4,5
20636,STU120636,Ritika Sharma,Female,32,Diploma,Student,Nagpur,Laptop,Medium,C103,Introduction to AI,Programming,Intermediate,75,4.5,4,24,77.9,2,0.5,3,4,4.2,7,3,8,91.1,47.7,71.7,3,18-06-2024,Debit Card,Yes,No,6171,90,5,0,5.0,Not Completed,0,1,2,0,2,2,4,1
20637,STU120637,Nikhil Desai,Female,24,Bachelor,Employed,Vadodara,Tablet,High,C101,Python Basics,Programming,Beginner,45,4.6,6,51,70.6,1,2.9,7,5,7.6,0,10,4,76.8,83.3,28.9,5,06-04-2024,Debit Card,Yes,Yes,3487,65,4,3,5.0,Completed,0,0,0,2,0,1,4,1
20638,STU120638,Aditya Bhardwaj,Male,19,Master,Employed,Mumbai,Mobile,Medium,C102,Data Analysis with Python,Programming,Intermediate,60,4.7,3,26,57.5,2,0.5,2,6,10.0,5,5,3,68.1,64.5,53.4,5,01-10-2025,Debit Card,Yes,No,5365,57,2,0,5.0,Completed,1,3,0,1,2,2,4,1
20639,STU120639,Priya Patel,Female,26,Bachelor,Employed,Bhopal,Mobile,High,C102,Data Analysis with Python,Programming,Intermediate,60,4.7,3,47,50.5,1,6.2,2,6,7.1,6,4,3,57.2,52.4,56.3,4,23-05-2025,UPI,Yes,No,4898,81,3,3,3.1,Completed,0,0,0,1,0,2,4,5
20640,STU120640,Vivaan Kumar,Male,25,Bachelor,Student,Vadodara,Laptop,Medium,C102,Data Analysis with Python,Programming,Intermediate,60,4.7,2,31,27.5,7,0.5,2,7,9.3,4,6,1,81.7,68.0,37.0,3,04-10-2025,Debit Card,Yes,No,4772,46,5,0,3.9,Completed,1,0,2,0,2,2,4,1
20641,STU120641,Ananya Nair,Male,18,Bachelor,Student,Indore,Mobile,Medium,C102,Data Analysis with Python,Programming,Intermediate,60,4.7,8,20,38.5,0,0.5,1,4,5.0,7,3,3,84.2,42.0,57.6,0,24-08-2025,UPI,Yes,No,5150,100,2,0,5.0,Not Completed,1,0,2,1,2,2,4,5
20642,STU120642,Priya Desai,Female,25,Bachelor,Employed,Jaipur,Mobile,Medium,C102,Data Analysis with Python,Programming,Intermediate,60,4.7,5,35,57.2,2,14.6,1,6,7.9,4,6,5,82.4,62.6,47.1,2,05-03-2024,Scholarship,No,Yes,965,78,1,0,2.7,Completed,0,0,0,1,2,2,4,4
20643,STU120643,Aditya Nair,Female,24,Master,Employed,Delhi,Laptop,High,C101,Python Basics,Programming,Beginner,45,4.6,6,25,45.1,3,0.5,2,5,5.8,6,4,5,80.7,86.8,56.1,3,12-01-2025,NetBanking,Yes,No,3873,59,4,1,4.9,Completed,0,3,0,0,0,1,4,3
20644,STU120644,Aarav Bhardwaj,Male,32,Bachelor,Employed,Jaipur,Laptop,Medium,C105,UI/UX Design Fundamentals,Design,Beginner,40,4.4,7,21,31.7,1,2.1,5,6,3.2,5,5,4,98.3,56.7,43.9,1,19-10-2024,Debit Card,Yes,No,3687,69,5,0,4.2,Not Completed,1,0,0,0,2,1,1,1
20645,STU120645,Krishna Iyer,Female,25,Bachelor,Unemployed,Nagpur,Laptop,High,C101,Python Basics,Programming,Beginner,45,4.6,8,30,63.8,4,0.5,11,3,6.0,5,4,7,74.3,87.8,56.7,2,09-04-2024,NetBanking,Yes,Yes,3266,96,2,0,5.0,Not Completed,0,0,3,0,0,1,4,3
20646,STU120646,Isha Desai,Male,34,Bachelor,Employed,Bhopal,Mobile,High,C107,Statistics for Data Science,Math,Intermediate,50,4.2,5,47,55.9,1,12.0,5,4,7.8,6,4,4,67.7,88.7,60.0,1,16-01-2024,UPI,Yes,No,4179,91,5,0,4.5,Completed,1,0,0,1,0,2,3,5
20647,STU120647,Pooja Sharma,Female,31,Bachelor,Student,Lucknow,Laptop,Medium,C108,Excel for Business,Business,Beginner,25,4.1,4,46,81.6,0,3.8,6,5,8.4,4,6,1,42.6,87.1,56.9,3,31-01-2025,Credit Card,Yes,No,3142,44,1,3,4.9,Not Completed,0,0,2,0,2,1,0,0
20648,STU120648,Vihaan Patel,Female,21,Bachelor,Employed,Ahmedabad,Mobile,High,C101,Python Basics,Programming,Beginner,45,4.6,4,17,73.5,1,0.5,2,5,7.2,3,7,2,62.9,37.3,45.6,2,24-08-2024,Credit Card,Yes,No,3829,67,0,0,4.4,Completed,0,0,0,1,0,1,4,0
20649,STU120649,Neha Bose,Male,26,Bachelor,Employed,Chennai,Laptop,High,C102,Data Analysis with Python,Programming,Intermediate,60,4.7,5,18,44.7,1,1.7,8,7,4.4,2,8,3,76.6,54.4,30.4,1,30-11-2024,Free,No,No,0,70,2,2,3.2,Completed,1,0,0,0,0,2,4,2
20650,STU120650,Rohan Gupta,Male,30,Bachelor,Student,Jaipur,Laptop,High,C104,Digital Marketing Essentials,Marketing,Beginner,30,4.3,2,36,45.7,3,0.5,4,10,5.2,7,3,4,65.5,87.4,62.4,0,20-03-2024,Free,No,Yes,0,72,3,0,5.0,Not Completed,1,0,2,0,0,1,2,2
20651,STU120651,Arjun Gupta,Male,31,Diploma,Employed,Ahmedabad,Laptop,High,C101,Python Basics,Programming,Beginner,45,4.6,2,46,55.5,2,5.2,1,9,4.5,3,7,4,64.3,42.7,39.6,3,23-12-2023,Free,No,No,0,92,1,2,4.1,Completed,1,1,0,0,0,1,4,2
20652,STU120652,Ananya Nair,Female,22,Master,Student,Ahmedabad,Laptop,Medium,C106,Machine Learning A-Z,Programming,Advanced,90,4.6,6,34,37.8,1,0.5,1,7,7.1,4,6,5,95.8,74.6,41.0,5,08-07-2025,Debit Card,Yes,No,6941,46,6,1,2.7,Not Completed,0,3,2,0,2,0,4,1
20653,STU120653,Meera Bhardwaj,Male,27,Bachelor,Employed,Mumbai,Mobile,Medium,C106,Machine Learning A-Z,Programming,Advanced,90,4.6,2,29,83.4,2,0.5,14,5,5.5,3,6,2,70.1,61.0,50.3,1,20-08-2025,NetBanking,Yes,No,6214,41,5,0,4.0,Completed,1,0,0,1,2,0,4,3
20654,STU120654,Pooja Iyer,Female,30,Bachelor,Employed,Kolkata,Mobile,Medium,C108,Excel for Business,Business,Beginner,25,4.1,2,32,63.3,2,0.5,6,5,5.1,4,6,4,79.1,37.2,48.0,2,28-05-2024,NetBanking,Yes,No,3320,69,2,0,3.4,Not Completed,0,0,0,1,2,1,0,3
20655,STU120655,Pooja Gupta,Female,17,Master,Employed,Mumbai,Laptop,Medium,C103,Introduction to AI,Programming,Intermediate,75,4.5,4,35,72.3,2,1.4,2,8,3.0,3,6,5,79.2,79.9,47.3,2,18-07-2024,UPI,Yes,No,5705,69,2,0,4.2,Not Completed,0,3,0,0,2,2,4,5
20656,STU120656,Vihaan Mehta,Female,19,HighSchool,Employed,Pune,Mobile,High,C101,Python Basics,Programming,Beginner,45,4.6,3,28,64.6,1,7.1,17,2,4.1,4,6,2,49.3,49.6,49.1,4,24-06-2025,NetBanking,Yes,No,4619,83,1,1,3.3,Not Completed,0,2,0,1,0,1,4,3
20657,STU120657,Sai Bose,Male,27,Bachelor,Employed,Nagpur,Tablet,Medium,C103,Introduction to AI,Programming,Intermediate,75,4.5,3,39,58.6,1,4.7,1,8,5.3,5,5,2,68.0,80.7,54.5,3,16-10-2024,Free,No,Yes,0,71,0,0,5.0,Not Completed,1,0,0,2,2,2,4,2
20658,STU120658,Vivaan Desai,Female,20,HighSchool,Employed,Mumbai,Laptop,Medium,C103,Introduction to AI,Programming,Intermediate,75,4.5,5,32,48.6,1,0.8,6,2,9.2,3,7,1,88.6,52.8,37.6,1,06-09-2025,UPI,Yes,Yes,5186,58,0,2,3.2,Not Completed,0,2,0,0,2,2,4,5
20659,STU120659,Nikhil Shah,Male,29,HighSchool,Student,Bengaluru,Laptop,Medium,C101,Python Basics,Programming,Beginner,45,4.6,10,48,78.8,9,7.3,7,9,10.0,8,2,3,99.2,100.0,80.6,3,28-04-2024,Scholarship,No,No,489,77,3,1,4.4,Completed,1,2,2,0,2,1,4,4
20660,STU120660,Sakshi Iyer,Female,21,PhD,Employed,Mumbai,Laptop,Medium,C106,Machine Learning A-Z,Programming,Advanced,90,4.6,7,16,55.9,0,0.5,4,5,10.0,7,3,4,88.1,92.5,66.2,0,01-11-2023,UPI,Yes,No,6569,67,5,0,3.2,Completed,0,4,0,0,2,0,4,5
20661,STU120661,Pooja Bose,Male,26,Bachelor,Student,Mumbai,Laptop,Medium,C106,Machine Learning A-Z,Programming,Advanced,90,4.6,7,37,57.9,1,7.4,7,8,10.0,8,2,6,100.0,89.6,72.7,2,23-02-2025,Free,No,No,0,52,3,0,5.0,Not Completed,1,0,2,0,2,0,4,2
20662,STU120662,Ananya Desai,Female,28,Master,Student,Surat,Mobile,Medium,C108,Excel for Business,Business,Beginner,25,4.1,6,23,61.1,4,1.3,1,3,6.2,3,7,5,65.5,73.5,43.1,0,20-07-2025,Credit Card,Yes,No,3477,93,1,0,4.1,Completed,0,3,2,1,2,1,0,0
20663,STU120663,Vihaan Desai,Male,25,Master,Employed,Nagpur,Mobile,Medium,C103,Introduction to AI,Programming,Intermediate,75,4.5,6,43,82.5,2,4.2,11,6,8.0,5,4,3,64.1,74.7,62.6,5,19-04-2025,Debit Card,Yes,No,5566,86,6,1,4.8,Completed,1,3,0,1,2,2,4,1
20664,STU120664,Nikhil Patel,Female,28,Diploma,Student,Pune,Laptop,High,C106,Machine Learning A-Z,Programming,Advanced,90,4.6,4,33,46.1,1,0.5,1,4,6.1,7,3,3,72.8,63.8,61.3,1,12-06-2024,Credit Card,Yes,No,6482,37,1,1,3.1,Completed,0,1,2,0,0,0,4,0
20665,STU120665,Vivaan Bose,Male,24,Bachelor,Student,Pune,Mobile,High,C108,Excel for Business,Business,Beginner,25,4.1,3,34,30.2,2,5.2,4,3,5.6,5,5,2,60.9,81.5,44.7,4,13-06-2024,UPI,Yes,No,3179,78,3,0,4.2,Not Completed,1,0,2,1,0,1,0,5
20666,STU120666,Meera Joshi,Male,19,Bachelor,Student,Vadodara,Mobile,Medium,C105,UI/UX Design Fundamentals,Design,Beginner,40,4.4,6,32,54.0,0,6.9,2,9,5.9,6,4,3,82.6,66.3,58.2,1,23-03-2025,Credit Card,Yes,No,3743,75,5,1,4.4,Not Completed,1,0,2,1,2,1,1,0
20667,STU120667,Vihaan Desai,Male,23,Bachelor,Employed,Pune,Laptop,Medium,C106,Machine Learning A-Z,Programming,Advanced,90,4.6,4,29,38.4,3,0.5,4,2,7.3,5,4,1,75.3,93.1,48.1,1,22-09-2025,UPI,Yes,Yes,5902,100,6,0,4.4,Not Completed,1,0,0,0,2,0,4,5
20668,STU120668,Vihaan Shah,Female,37,Diploma,Student,Bengaluru,Mobile,High,C101,Python Basics,Programming,Beginner,45,4.6,4,41,87.7,0,6.0,0,9,5.9,5,5,4,78.5,61.9,63.8,1,09-11-2023,NetBanking,Yes,No,4194,60,2,4,3.3,Completed,0,1,2,1,0,1,4,3
20669,STU120669,Sakshi Bhardwaj,Female,26,Bachelor,Employed,Indore,Mobile,Low,C102,Data Analysis with Python,Programming,Intermediate,60,4.7,3,34,32.6,2,8.5,4,4,3.9,6,4,3,75.7,82.4,51.5,2,10-06-2025,Credit Card,Yes,Yes,3865,69,2,0,4.5,Not Completed,0,0,0,1,1,2,4,0
20670,STU120670,Pooja Bose,Female,23,PhD,Self-Employed,Kolkata,Laptop,Medium,C101,Python Basics,Programming,Beginner,45,4.6,6,34,52.1,2,1.7,5,6,8.3,3,7,7,73.6,49.7,38.7,2,22-12-2023,UPI,Yes,Yes,3283,53,5,1,5.0,Not Completed,0,4,1,0,2,1,4,5
20671,STU120671,Krishna Kumar,Female,20,Diploma,Employed,Delhi,Mobile,Low,C101,Python Basics,Programming,Beginner,45,4.6,5,30,86.6,0,2.1,9,5,5.8,2,8,3,62.0,85.1,46.6,3,18-06-2025,UPI,Yes,No,4190,81,4,1,3.4,Not Completed,0,1,0,1,1,1,4,5
20672,STU120672,Aarav Mehta,Male,27,Bachelor,Student,Delhi,Mobile,Medium,C108,Excel for Business,Business,Beginner,25,4.1,6,29,87.1,1,2.4,4,10,5.0,5,5,5,70.4,82.2,64.6,2,19-05-2025,UPI,Yes,No,3373,60,0,0,3.0,Completed,1,0,2,1,2,1,0,5
20673,STU120673,Vihaan Shah,Male,25,Bachelor,Employed,Indore,Mobile,Low,C104,Digital Marketing Essentials,Marketing,Beginner,30,4.3,2,23,28.9,1,1.8,8,7,6.1,5,4,4,84.8,65.9,43.4,3,21-09-2024,UPI,Yes,No,3814,100,2,0,4.9,Completed,1,0,0,1,1,1,2,5
20674,STU120674,Krishna Mehta,Female,25,HighSchool,Student,Delhi,Mobile,High,C101,Python Basics,Programming,Beginner,45,4.6,3,55,87.0,1,3.4,1,5,7.2,5,5,5,64.0,41.0,62.5,2,11-03-2025,UPI,Yes,No,4388,62,3,1,4.7,Not Completed,0,2,2,1,0,1,4,5
20675,STU120675,Aarav Reddy,Female,17,Bachelor,Self-Employed,Chennai,Mobile,Medium,C107,Statistics for Data Science,Math,Intermediate,50,4.2,6,26,36.8,2,1.8,2,8,3.1,4,6,4,82.8,51.6,39.5,3,06-11-2024,Debit Card,Yes,No,4239,100,3,1,4.2,Completed,0,0,1,1,2,2,3,1
20676,STU120676,Meera Patel,Female,28,Bachelor,Student,Bengaluru,Laptop,Medium,C103,Introduction to AI,Programming,Intermediate,75,4.5,7,29,40.7,1,2.4,3,5,7.1,7,3,1,73.4,72.9,59.9,3,10-04-2025,Free,No,No,0,72,2,3,4.5,Completed,0,0,2,0,2,2,4,2
20677,STU120677,Sakshi Sharma,Male,33,Diploma,Employed,Nagpur,Mobile,Medium,C101,Python Basics,Programming,Beginner,45,4.6,6,22,38.8,1,0.5,28,6,1.9,4,6,3,70.9,55.0,40.3,2,01-02-2024,Debit Card,Yes,No,4177,58,3,1,4.2,Not Completed,1,1,0,1,2,1,4,1
20678,STU120678,Meera Reddy,Female,27,Bachelor,Student,Pune,Laptop,Medium,C108,Excel for Business,Business,Beginner,25,4.1,6,16,52.6,2,1.5,0,7,5.2,3,7,8,84.9,47.9,38.8,5,26-03-2024,Free,No,No,0,67,1,1,3.1,Not Completed,0,0,2,0,2,1,0,2
20679,STU120679,Priya Gupta,Female,17,Bachelor,Student,Lucknow,Laptop,Medium,C103,Introduction to AI,Programming,Intermediate,75,4.5,5,39,74.4,5,6.5,12,9,8.8,7,3,6,67.6,87.8,72.4,4,05-08-2025,UPI,Yes,No,5438,61,7,0,5.0,Completed,0,0,2,0,2,2,4,5
20680,STU120680,Meera Gupta,Male,24,Master,Student,Vadodara,Laptop,Medium,C107,Statistics for Data Science,Math,Intermediate,50,4.2,1,18,61.0,2,2.4,14,1,7.3,2,8,4,75.8,61.8,36.4,4,17-12-2023,UPI,Yes,No,4212,54,1,5,3.2,Not Completed,1,3,2,0,2,2,3,5
20681,STU120681,Sneha Nair,Female,30,HighSchool,Student,Bengaluru,Mobile,Medium,C104,Digital Marketing Essentials,Marketing,Beginner,30,4.3,3,21,30.3,3,0.6,3,7,4.1,2,8,7,87.7,75.0,26.4,7,09-08-2024,Debit Card,Yes,No,3381,63,5,0,5.0,Completed,0,2,2,1,2,1,2,1
20682,STU120682,Aditya Mehta,Female,27,Bachelor,Student,Nagpur,Mobile,Low,C105,UI/UX Design Fundamentals,Design,Beginner,40,4.4,4,33,74.2,3,3.9,5,4,3.8,5,5,2,78.7,66.3,59.3,3,03-05-2025,Scholarship,No,No,1264,20,2,1,4.1,Completed,0,0,2,1,1,1,1,4
20683,STU120683,Isha Desai,Other,36,Master,Student,Pune,Mobile,Medium,C101,Python Basics,Programming,Beginner,45,4.6,2,49,44.6,2,0.5,9,7,7.3,4,6,6,62.2,50.4,42.1,0,12-03-2025,Free,No,Yes,0,93,2,1,4.4,Not Completed,2,3,2,1,2,1,4,2
20684,STU120684,Sneha Joshi,Female,29,Bachelor,Employed,Bengaluru,Mobile,High,C106,Machine Learning A-Z,Programming,Advanced,90,4.6,7,45,71.9,5,8.7,5,8,7.0,7,3,5,85.5,60.5,70.2,1,15-12-2024,UPI,Yes,No,6871,55,4,0,3.9,Completed,0,0,0,1,0,0,4,5
20685,STU120685,Kavya Mehta,Male,26,Bachelor,Self-Employed,Indore,Laptop,High,C104,Digital Marketing Essentials,Marketing,Beginner,30,4.3,3,35,72.5,0,0.5,1,3,7.3,2,8,2,94.1,93.7,42.1,2,08-01-2025,Scholarship,No,No,1481,35,1,1,4.8,Completed,1,0,1,0,0,1,2,4
20686,STU120686,Sakshi Iyer,Female,33,Master,Employed,Mumbai,Mobile,Medium,C102,Data Analysis with Python,Programming,Intermediate,60,4.7,4,52,77.8,1,4.1,0,10,6.6,5,4,4,59.6,64.9,60.5,0,19-08-2024,NetBanking,Yes,No,5385,38,1,0,4.9,Not Completed,0,3,0,1,2,2,4,3
20687,STU120687,Vihaan Bose,Male,37,PhD,Employed,Delhi,Mobile,High,C103,Introduction to AI,Programming,Intermediate,75,4.5,4,22,90.3,0,6.2,2,3,6.4,3,7,8,62.7,83.3,53.8,2,09-11-2024,Credit Card,Yes,No,5326,64,2,1,3.1,Completed,1,4,0,1,0,2,4,0
20688,STU120688,Sakshi Bose,Female,28,Diploma,Employed,Delhi,Mobile,Medium,C101,Python Basics,Programming,Beginner,45,4.6,3,20,88.3,3,6.0,2,3,2.0,3,7,3,61.7,58.0,51.8,1,17-10-2024,Free,No,No,0,8,1,0,5.0,Not Completed,0,1,0,1,2,1,4,2
20689,STU120689,Krishna Kumar,Male,33,Bachelor,Employed,Mumbai,Mobile,High,C108,Excel for Business,Business,Beginner,25,4.1,6,46,60.4,1,12.0,15,2,6.3,4,6,2,57.9,84.8,49.4,1,05-09-2024,UPI,Yes,No,3390,67,1,0,4.9,Not Completed,1,0,0,1,0,1,0,5
20690,STU120690,Arjun Desai,Female,21,Bachelor,Employed,Ahmedabad,Mobile,Medium,C101,Python Basics,Programming,Beginner,45,4.6,6,53,80.4,4,3.4,8,3,6.4,3,7,1,86.3,74.3,49.8,2,24-06-2025,UPI,Yes,No,4269,88,2,0,3.1,Not Completed,0,0,0,1,2,1,4,5
20691,STU120691,Sakshi Mehta,Female,31,Bachelor,Student,Lucknow,Mobile,High,C108,Excel for Business,Business,Beginner,25,4.1,7,29,60.8,2,0.5,0,4,9.7,9,1,3,81.6,33.3,76.9,5,31-12-2024,Debit Card,Yes,No,3285,100,3,0,5.0,Completed,0,0,2,1,0,1,0,1
20692,STU120692,Nikhil Bose,Female,24,Master,Student,Kolkata,Laptop,High,C103,Introduction to AI,Programming,Intermediate,75,4.5,11,52,80.9,6,9.3,3,9,6.1,6,4,5,85.7,80.2,68.3,2,27-12-2024,Free,No,No,0,100,3,1,4.3,Completed,0,3,2,0,0,2,4,2
20693,STU120693,Sakshi Desai,Female,25,Bachelor,Student,Jaipur,Mobile,Medium,C107,Statistics for Data Science,Math,Intermediate,50,4.2,7,48,69.1,3,6.9,0,10,4.5,6,4,3,72.0,55.8,63.0,5,08-12-2023,Scholarship,No,No,583,90,2,0,5.0,Not Completed,0,0,2,1,2,2,3,4
20694,STU120694,Kavya Gupta,Male,18,Bachelor,Student,Bengaluru,Laptop,High,C104,Digital Marketing Essentials,Marketing,Beginner,30,4.3,2,19,65.1,2,0.5,0,4,4.2,2,8,4,54.6,83.2,39.0,1,15-02-2024,Debit Card,Yes,No,3487,37,2,3,4.4,Not Completed,1,0,2,0,0,1,2,1
20695,STU120695,Priya Shah,Female,25,Master,Student,Mumbai,Laptop,Medium,C102,Data Analysis with Python,Programming,Intermediate,60,4.7,6,50,80.7,6,0.5,0,5,6.3,6,4,6,69.7,90.6,68.8,4,22-06-2024,Debit Card,Yes,No,5169,69,1,1,4.9,Not Completed,0,3,2,0,2,2,4,1
20696,STU120696,Meera Bhardwaj,Female,24,Diploma,Student,Nagpur,Laptop,High,C106,Machine Learning A-Z,Programming,Advanced,90,4.6,7,41,55.5,4,11.1,2,5,9.1,6,4,2,91.7,59.2,58.4,4,24-12-2024,Free,No,No,0,50,3,1,5.0,Not Completed,0,1,2,0,0,0,4,2
20697,STU120697,Neha Iyer,Female,23,Bachelor,Employed,Mumbai,Laptop,Medium,C102,Data Analysis with Python,Programming,Intermediate,60,4.7,6,40,91.2,3,4.2,4,3,4.5,4,5,4,75.6,71.7,59.5,4,18-05-2025,UPI,Yes,No,5198,50,2,1,1.9,Not Completed,0,0,0,0,2,2,4,5
20698,STU120698,Meera Patel,Female,29,Master,Student,Pune,Mobile,High,C104,Digital Marketing Essentials,Marketing,Beginner,30,4.3,4,40,41.8,2,1.3,2,9,4.1,6,3,8,77.7,94.9,55.4,1,24-08-2024,Credit Card,Yes,Yes,3249,70,4,2,2.9,Not Completed,0,3,2,1,0,1,2,0
20699,STU120699,Vihaan Patel,Male,23,Bachelor,Student,Pune,Laptop,Low,C101,Python Basics,Programming,Beginner,45,4.6,5,16,35.5,2,2.0,7,2,4.0,5,5,5,86.1,52.8,45.1,2,28-01-2024,Free,No,No,0,56,2,0,4.0,Completed,1,0,2,0,1,1,4,2
20700,STU120700,Aditya Joshi,Male,36,Bachelor,Employed,Hyderabad,Laptop,Medium,C104,Digital Marketing Essentials,Marketing,Beginner,30,4.3,7,30,45.3,3,11.2,2,3,10.0,4,6,6,84.7,56.2,42.7,6,30-07-2025,Free,No,No,0,81,3,0,3.1,Not Completed,1,0,0,0,2,1,2,2
20701,STU120701,Meera Patel,Male,34,Master,Employed,Delhi,Mobile,High,C104,Digital Marketing Essentials,Marketing,Beginner,30,4.3,10,38,80.5,3,11.2,7,6,6.9,7,3,7,75.9,71.7,73.8,2,29-10-2023,Scholarship,No,No,679,82,3,0,4.8,Completed,1,3,0,1,0,1,2,4
20702,STU120702,Meera Gupta,Male,24,HighSchool,Employed,Ahmedabad,Mobile,Medium,C105,UI/UX Design Fundamentals,Design,Beginner,40,4.4,7,43,58.0,1,6.7,3,9,5.9,4,6,1,71.1,72.7,47.9,2,06-11-2023,UPI,Yes,No,4260,59,0,1,2.6,Not Completed,1,2,0,1,2,1,1,5
20703,STU120703,Ritika Verma,Female,25,Master,Employed,Vadodara,Mobile,Medium,C102,Data Analysis with Python,Programming,Intermediate,60,4.7,3,33,90.9,4,0.5,21,5,3.6,6,4,4,68.8,94.5,72.5,2,05-10-2024,Credit Card,Yes,No,4648,58,2,1,5.0,Completed,0,3,0,1,2,2,4,0
20704,STU120704,Priya Patel,Female,20,Master,Student,Lucknow,Mobile,Medium,C107,Statistics for Data Science,Math,Intermediate,50,4.2,4,16,51.9,1,7.2,5,6,5.1,6,4,4,62.0,61.7,57.3,2,13-07-2025,UPI,Yes,No,4640,77,2,1,5.0,Completed,0,3,2,1,2,2,3,5
20705,STU120705,Ananya Bose,Male,17,HighSchool,Employed,Pune,Laptop,Low,C108,Excel for Business,Business,Beginner,25,4.1,6,30,50.7,1,0.5,2,3,4.6,3,6,4,57.1,52.4,38.4,2,11-11-2023,UPI,Yes,No,3056,49,1,0,4.2,Not Completed,1,2,0,0,1,1,0,5
20706,STU120706,Vihaan Singh,Male,29,Master,Student,Mumbai,Mobile,Medium,C101,Python Basics,Programming,Beginner,45,4.6,6,37,43.4,4,0.5,1,6,5.3,7,3,3,62.3,79.1,61.1,5,25-02-2024,Debit Card,Yes,No,4204,54,6,2,5.0,Not Completed,1,3,2,1,2,1,4,1
20707,STU120707,Krishna Bhardwaj,Female,32,Master,Student,Vadodara,Mobile,Medium,C105,UI/UX Design Fundamentals,Design,Beginner,40,4.4,6,33,68.6,1,0.5,13,7,5.5,4,5,6,83.9,80.3,52.0,4,12-08-2025,Scholarship,No,No,1147,61,4,0,3.4,Completed,0,3,2,1,2,1,1,4
20708,STU120708,Sneha Kumar,Female,19,Master,Student,Mumbai,Laptop,High,C102,Data Analysis with Python,Programming,Intermediate,60,4.7,7,24,37.4,2,0.5,0,7,6.0,3,7,4,81.3,48.3,33.5,2,20-01-2025,Free,No,No,0,59,3,1,3.7,Not Completed,0,3,2,0,0,2,4,2
20709,STU120709,Aditya Singh,Male,28,HighSchool,Student,Nagpur,Laptop,High,C102,Data Analysis with Python,Programming,Intermediate,60,4.7,4,39,54.4,1,0.6,6,3,5.6,4,6,4,69.9,66.7,46.4,1,12-05-2025,Credit Card,Yes,Yes,4577,60,4,0,4.4,Not Completed,1,2,2,0,0,2,4,0
20710,STU120710,Neha Bose,Male,17,Master,Student,Ahmedabad,Mobile,Medium,C104,Digital Marketing Essentials,Marketing,Beginner,30,4.3,6,25,77.1,0,0.5,13,6,5.8,3,7,2,61.7,41.4,47.0,2,19-07-2025,UPI,Yes,No,3814,52,3,1,3.0,Completed,1,3,2,1,2,1,2,5
20711,STU120711,Kavya Gupta,Male,18,Diploma,Employed,Delhi,Laptop,Medium,C101,Python Basics,Programming,Beginner,45,4.6,7,30,61.3,3,6.2,0,9,6.5,3,7,4,45.6,89.0,43.9,1,07-02-2024,NetBanking,Yes,No,4030,75,3,1,4.5,Not Completed,1,1,0,0,2,1,4,3
20712,STU120712,Sakshi Mehta,Male,31,Master,Student,Bhopal,Laptop,Low,C105,UI/UX Design Fundamentals,Design,Beginner,40,4.4,6,25,78.3,1,2.0,4,5,3.6,4,5,7,67.9,64.3,54.6,4,01-09-2024,Debit Card,Yes,No,4006,65,3,1,3.3,Completed,1,3,2,0,1,1,1,1
20713,STU120713,Meera Singh,Male,20,Master,Employed,Nagpur,Mobile,Medium,C103,Introduction to AI,Programming,Intermediate,75,4.5,6,37,61.5,2,14.5,0,8,7.7,4,6,0,68.1,39.3,47.5,2,12-01-2024,NetBanking,Yes,No,6160,71,3,0,4.9,Not Completed,1,3,0,1,2,2,4,3
20714,STU120714,Pooja Iyer,Male,23,Bachelor,Student,Ahmedabad,Laptop,Medium,C108,Excel for Business,Business,Beginner,25,4.1,7,17,62.6,2,1.8,12,8,2.5,5,5,4,52.2,80.7,55.9,4,09-11-2024,Free,No,Yes,0,64,5,0,4.8,Not Completed,1,0,2,0,2,1,0,2
20715,STU120715,Vivaan Iyer,Female,17,HighSchool,Student,Chennai,Mobile,High,C103,Introduction to AI,Programming,Intermediate,75,4.5,4,35,47.4,3,4.1,5,4,5.5,7,3,3,82.8,57.4,61.5,4,17-01-2025,Free,No,No,0,57,3,1,3.0,Not Completed,0,2,2,1,0,2,4,2
20716,STU120716,Isha Mehta,Female,30,Master,Student,Ahmedabad,Laptop,Medium,C104,Digital Marketing Essentials,Marketing,Beginner,30,4.3,6,29,37.2,2,5.0,0,3,6.4,5,5,6,53.0,65.1,46.3,3,15-03-2024,Debit Card,Yes,Yes,2774,23,3,1,5.0,Not Completed,0,3,2,0,2,1,2,1
20717,STU120717,Neha Singh,Male,17,Bachelor,Unemployed,Ahmedabad,Mobile,High,C106,Machine Learning A-Z,Programming,Advanced,90,4.6,8,37,88.6,3,0.5,5,2,6.5,4,6,5,88.0,67.9,58.4,2,04-12-2024,UPI,Yes,No,6561,72,2,1,5.0,Not Completed,1,0,3,1,0,0,4,5
20718,STU120718,Rahul Singh,Female,17,Diploma,Student,Ahmedabad,Mobile,High,C104,Digital Marketing Essentials,Marketing,Beginner,30,4.3,4,31,56.0,2,0.5,4,5,7.5,6,3,6,100.0,92.9,60.2,2,15-08-2024,Credit Card,Yes,Yes,3160,59,2,1,3.8,Completed,0,1,2,1,0,1,2,0
20719,STU120719,Nikhil Reddy,Male,25,Bachelor,Student,Hyderabad,Laptop,Medium,C101,Python Basics,Programming,Beginner,45,4.6,6,55,47.6,1,10.4,20,4,7.0,4,5,6,72.2,73.3,44.3,2,17-09-2024,UPI,Yes,No,4539,85,2,0,5.0,Completed,1,0,2,0,2,1,4,5
20720,STU120720,Meera Bhardwaj,Female,18,Bachelor,Employed,Surat,Laptop,High,C107,Statistics for Data Science,Math,Intermediate,50,4.2,4,33,26.3,2,0.5,0,3,5.1,7,3,5,90.6,64.5,54.4,3,11-11-2023,NetBanking,Yes,No,4363,50,2,0,4.7,Completed,0,0,0,0,0,2,3,3
20721,STU120721,Pooja Shah,Male,37,Master,Unemployed,Surat,Laptop,High,C102,Data Analysis with Python,Programming,Intermediate,60,4.7,3,15,59.0,2,2.5,8,4,4.6,4,6,2,82.2,83.0,48.8,3,22-12-2024,Free,No,No,0,56,1,2,2.7,Not Completed,1,3,3,0,0,2,4,2
20722,STU120722,Nikhil Reddy,Male,30,HighSchool,Student,Lucknow,Mobile,High,C102,Data Analysis with Python,Programming,Intermediate,60,4.7,7,44,85.5,4,8.8,4,3,6.0,5,5,7,80.3,62.3,63.0,2,09-12-2023,Debit Card,Yes,No,4518,52,3,2,3.3,Completed,1,2,2,1,0,2,4,1
20723,STU120723,Isha Bose,Female,17,HighSchool,Employed,Pune,Mobile,High,C108,Excel for Business,Business,Beginner,25,4.1,6,14,87.9,3,0.5,1,6,9.0,2,8,3,75.9,53.7,45.4,5,16-12-2023,UPI,Yes,No,3144,73,3,0,4.6,Not Completed,0,2,0,1,0,1,0,5
20724,STU120724,Aditya Reddy,Female,31,Bachelor,Student,Nagpur,Tablet,High,C108,Excel for Business,Business,Beginner,25,4.1,7,32,91.0,3,0.5,6,6,6.5,4,6,3,82.2,89.4,60.3,5,01-04-2025,UPI,Yes,No,3299,62,3,1,4.0,Not Completed,0,0,2,2,0,1,0,5
20725,STU120725,Arjun Shah,Male,23,HighSchool,Student,Indore,Mobile,Medium,C101,Python Basics,Programming,Beginner,45,4.6,2,43,69.9,2,5.2,5,4,7.4,6,4,4,77.7,82.0,64.6,4,27-11-2023,Debit Card,Yes,No,4513,29,3,0,5.0,Completed,1,2,2,1,2,1,4,1
20726,STU120726,Sakshi Joshi,Female,26,HighSchool,Student,Jaipur,Tablet,High,C102,Data Analysis with Python,Programming,Intermediate,60,4.7,4,44,50.9,1,3.8,3,5,4.2,7,3,6,72.4,74.3,63.5,3,06-05-2025,Credit Card,Yes,No,5427,74,5,1,4.3,Not Completed,0,2,2,2,0,2,4,0
20727,STU120727,Rohan Bose,Male,26,Bachelor,Employed,Indore,Mobile,Medium,C106,Machine Learning A-Z,Programming,Advanced,90,4.6,4,39,67.3,2,0.5,35,5,3.1,5,5,9,48.6,58.2,56.5,3,11-06-2024,Debit Card,Yes,No,6058,46,3,0,4.1,Not Completed,1,0,0,1,2,0,4,1
20728,STU120728,Sai Gupta,Female,34,Bachelor,Student,Hyderabad,Mobile,High,C105,UI/UX Design Fundamentals,Design,Beginner,40,4.4,7,26,64.2,3,0.5,14,1,4.4,5,5,4,88.1,84.4,56.7,1,03-10-2025,UPI,Yes,No,3732,88,4,0,2.6,Completed,0,0,2,1,0,1,1,5
20729,STU120729,Priya Shah,Female,19,Bachelor,Student,Surat,Mobile,Medium,C102,Data Analysis with Python,Programming,Intermediate,60,4.7,5,31,56.0,2,17.0,4,4,3.7,7,3,3,71.6,79.1,65.6,6,11-07-2024,Credit Card,Yes,No,5251,100,0,0,3.8,Completed,0,0,2,1,2,2,4,0
20730,STU120730,Pooja Sharma,Female,17,Bachelor,Student,Delhi,Mobile,High,C103,Introduction to AI,Programming,Intermediate,75,4.5,5,36,59.6,3,0.5,4,10,6.3,5,5,5,84.0,87.7,55.3,4,29-09-2025,Credit Card,Yes,No,5623,53,2,1,3.9,Not Completed,0,0,2,1,0,2,4,0
20731,STU120731,Aditya Nair,Male,38,Bachelor,Self-Employed,Mumbai,Laptop,High,C108,Excel for Business,Business,Beginner,25,4.1,7,16,21.3,2,9.8,1,5,5.9,5,5,3,66.7,68.6,40.9,6,13-11-2024,NetBanking,Yes,No,3296,87,0,0,4.6,Completed,1,0,1,0,0,1,0,3
20732,STU120732,Sneha Sharma,Female,26,Bachelor,Employed,Hyderabad,Mobile,Medium,C105,UI/UX Design Fundamentals,Design,Beginner,40,4.4,7,38,55.7,2,0.5,20,5,7.2,4,6,2,73.2,60.6,46.5,1,25-05-2024,Debit Card,Yes,No,4226,68,5,1,3.9,Not Completed,0,0,0,1,2,1,1,1
20733,STU120733,Ritika Verma,Other,23,Bachelor,Employed,Bhopal,Laptop,Low,C106,Machine Learning A-Z,Programming,Advanced,90,4.6,5,21,36.2,3,0.5,12,10,3.1,5,5,2,89.4,66.0,46.0,2,02-04-2024,UPI,Yes,No,6553,86,3,0,3.5,Not Completed,2,0,0,0,1,0,4,5
20734,STU120734,Isha Verma,Female,29,Bachelor,Employed,Jaipur,Mobile,Medium,C106,Machine Learning A-Z,Programming,Advanced,90,4.6,4,22,52.7,5,5.0,1,4,10.0,5,5,4,77.8,70.0,51.9,2,08-11-2024,Credit Card,Yes,No,6309,100,2,0,4.8,Not Completed,0,0,0,1,2,0,4,0
20735,STU120735,Pooja Gupta,Male,28,PhD,Employed,Surat,Mobile,Medium,C102,Data Analysis with Python,Programming,Intermediate,60,4.7,5,23,34.9,1,0.5,10,7,7.1,4,5,2,59.5,74.9,40.0,1,24-07-2024,UPI,Yes,No,4873,100,1,1,4.5,Not Completed,1,4,0,1,2,2,4,5
20736,STU120736,Sakshi Bose,Male,17,Bachelor,Employed,Jaipur,Mobile,High,C103,Introduction to AI,Programming,Intermediate,75,4.5,6,29,94.6,3,9.4,0,8,8.5,5,5,3,64.7,67.6,66.5,4,04-12-2023,Free,No,Yes,0,74,2,1,3.0,Completed,1,0,0,1,0,2,4,2
20737,STU120737,Pooja Verma,Male,29,Bachelor,Employed,Mumbai,Mobile,Medium,C106,Machine Learning A-Z,Programming,Advanced,90,4.6,4,51,30.7,1,10.5,13,4,7.3,4,6,2,46.6,54.6,37.5,1,21-08-2024,Free,No,No,0,72,2,0,3.1,Not Completed,1,0,0,1,2,0,4,2
20738,STU120738,Rahul Gupta,Male,24,Bachelor,Student,Bengaluru,Laptop,Low,C108,Excel for Business,Business,Beginner,25,4.1,4,39,69.3,1,0.5,19,4,5.0,4,6,3,79.5,40.2,50.3,1,13-03-2024,UPI,Yes,Yes,2527,79,1,2,4.4,Completed,1,0,2,0,1,1,0,5
20739,STU120739,Priya Shah,Female,34,HighSchool,Employed,Lucknow,Laptop,Medium,C104,Digital Marketing Essentials,Marketing,Beginner,30,4.3,4,52,76.8,2,1.2,1,7,5.1,5,5,4,85.7,58.6,59.8,2,23-06-2025,Free,No,No,0,85,3,1,4.3,Completed,0,2,0,0,2,1,2,2
20740,STU120740,Aditya Nair,Female,21,Bachelor,Employed,Pune,Mobile,High,C107,Statistics for Data Science,Math,Intermediate,50,4.2,2,32,57.1,2,7.6,19,5,4.7,5,5,5,79.0,66.5,53.3,4,13-03-2025,NetBanking,Yes,No,4857,63,3,2,2.8,Not Completed,0,0,0,1,0,2,3,3
20741,STU120741,Sneha Sharma,Female,25,Bachelor,Student,Hyderabad,Laptop,High,C104,Digital Marketing Essentials,Marketing,Beginner,30,4.3,5,31,78.5,4,6.4,1,10,10.0,3,7,4,71.9,59.3,48.4,3,29-05-2025,UPI,Yes,No,3364,91,1,0,5.0,Not Completed,0,0,2,0,0,1,2,5
20742,STU120742,Ananya Bose,Female,30,Bachelor,Student,Mumbai,Laptop,Medium,C105,UI/UX Design Fundamentals,Design,Beginner,40,4.4,9,34,73.5,0,8.9,5,2,10.0,3,7,3,61.4,89.7,48.2,1,27-03-2025,UPI,Yes,No,3982,81,1,1,2.1,Completed,0,0,2,0,2,1,1,5
20743,STU120743,Kavya Bose,Female,17,Bachelor,Employed,Delhi,Mobile,Low,C104,Digital Marketing Essentials,Marketing,Beginner,30,4.3,2,26,73.6,1,0.5,1,5,8.5,6,3,2,74.5,60.5,64.8,3,05-03-2024,Credit Card,Yes,No,3781,100,3,3,3.7,Completed,0,0,0,1,1,1,2,0
20744,STU120744,Sakshi Bhardwaj,Female,29,Master,Self-Employed,Delhi,Laptop,High,C105,UI/UX Design Fundamentals,Design,Beginner,40,4.4,7,25,71.9,1,6.5,6,8,7.1,7,3,3,91.3,100.0,72.2,2,15-04-2025,NetBanking,Yes,No,3798,87,5,0,4.8,Completed,0,3,1,0,0,1,1,3
20745,STU120745,Aarav Bose,Female,26,Bachelor,Employed,Vadodara,Mobile,High,C104,Digital Marketing Essentials,Marketing,Beginner,30,4.3,4,37,72.6,2,4.8,9,3,6.7,7,3,6,60.2,60.4,70.4,5,21-11-2024,UPI,Yes,No,3387,100,3,0,5.0,Not Completed,0,0,0,1,0,1,2,5
20746,STU120746,Isha Sharma,Female,29,Bachelor,Student,Bhopal,Mobile,High,C103,Introduction to AI,Programming,Intermediate,75,4.5,6,52,83.9,5,10.7,3,6,4.5,6,3,9,85.9,55.1,68.1,2,17-10-2024,Free,No,No,0,83,4,1,4.8,Completed,0,0,2,1,0,2,4,2
20747,STU120747,Ritika Nair,Female,21,Bachelor,Employed,Mumbai,Laptop,High,C108,Excel for Business,Business,Beginner,25,4.1,3,28,76.1,2,6.8,18,3,6.4,8,2,8,60.9,74.3,78.3,2,23-07-2025,UPI,Yes,No,3181,57,2,1,2.9,Completed,0,0,0,0,0,1,0,5
20748,STU120748,Isha Sharma,Male,29,Bachelor,Employed,Bhopal,Mobile,High,C104,Digital Marketing Essentials,Marketing,Beginner,30,4.3,2,46,56.9,2,0.5,5,3,7.6,9,1,4,86.1,61.0,77.0,1,09-12-2023,Credit Card,Yes,No,3485,56,1,1,3.9,Completed,1,0,0,1,0,1,2,0
20749,STU120749,Aarav Sharma,Male,21,HighSchool,Self-Employed,Pune,Mobile,High,C103,Introduction to AI,Programming,Intermediate,75,4.5,2,33,68.6,3,3.0,7,6,8.5,2,8,3,63.6,44.9,38.3,0,26-12-2023,Credit Card,Yes,No,6095,89,5,0,4.3,Not Completed,1,2,1,1,0,2,4,0
20750,STU120750,Arjun Verma,Male,28,Bachelor,Student,Mumbai,Mobile,High,C101,Python Basics,Programming,Beginner,45,4.6,5,29,50.4,4,10.1,8,4,6.3,3,7,2,66.8,52.9,38.3,1,11-05-2024,Debit Card,Yes,No,4533,75,3,0,3.7,Completed,1,0,2,1,0,1,4,1
20751,STU120751,Sneha Reddy,Male,36,PhD,Employed,Chennai,Tablet,Medium,C105,UI/UX Design Fundamentals,Design,Beginner,40,4.4,4,26,68.8,3,4.1,1,2,7.7,5,5,1,86.7,96.9,58.9,3,18-06-2024,Credit Card,Yes,Yes,3443,60,3,0,4.2,Not Completed,1,4,0,2,2,1,1,0
20752,STU120752,Priya Kumar,Female,37,Bachelor,Student,Lucknow,Mobile,Medium,C103,Introduction to AI,Programming,Intermediate,75,4.5,4,22,55.8,2,8.1,15,6,1.9,6,4,3,75.6,93.4,60.2,2,16-09-2025,UPI,Yes,Yes,5024,87,4,1,2.8,Completed,0,0,2,1,2,2,4,5
20753,STU120753,Pooja Bhardwaj,Female,18,Master,Student,Surat,Mobile,Medium,C107,Statistics for Data Science,Math,Intermediate,50,4.2,4,33,36.6,2,6.7,4,2,4.7,6,4,3,66.9,98.3,53.7,4,11-11-2024,Debit Card,Yes,Yes,4150,50,0,0,4.1,Not Completed,0,3,2,1,2,2,3,1
20754,STU120754,Rahul Kumar,Male,26,Bachelor,Employed,Bengaluru,Mobile,Medium,C107,Statistics for Data Science,Math,Intermediate,50,4.2,4,11,70.8,2,0.5,2,8,7.6,8,2,3,78.0,67.9,76.2,4,09-04-2024,Credit Card,Yes,Yes,3937,55,0,2,3.7,Completed,1,0,0,1,2,2,3,0
20755,STU120755,Arjun Gupta,Female,31,Master,Self-Employed,Bhopal,Mobile,Low,C108,Excel for Business,Business,Beginner,25,4.1,7,32,59.9,2,6.3,1,9,4.1,7,3,3,55.6,46.6,65.3,1,11-04-2025,Free,No,No,0,68,3,0,4.2,Not Completed,0,3,1,1,1,1,0,2
20756,STU120756,Pooja Singh,Male,33,Bachelor,Employed,Vadodara,Mobile,Medium,C102,Data Analysis with Python,Programming,Intermediate,60,4.7,4,53,64.7,1,11.0,0,9,7.4,3,7,1,77.2,87.6,45.0,2,30-06-2024,UPI,Yes,No,5373,89,2,0,2.9,Completed,1,0,0,1,2,2,4,5
20757,STU120757,Vihaan Kumar,Female,27,Bachelor,Student,Pune,Mobile,Medium,C101,Python Basics,Programming,Beginner,45,4.6,3,60,60.7,1,0.5,4,6,6.3,3,7,4,72.2,77.6,43.1,3,31-07-2025,NetBanking,Yes,No,4670,78,3,0,3.9,Completed,0,0,2,1,2,1,4,3
20758,STU120758,Nikhil Kumar,Male,23,Master,Student,Bengaluru,Mobile,Medium,C103,Introduction to AI,Programming,Intermediate,75,4.5,6,34,72.7,3,0.5,43,5,8.8,2,8,2,68.7,65.4,40.7,2,31-01-2025,Debit Card,Yes,No,5591,68,4,0,3.6,Not Completed,1,3,2,1,2,2,4,1
20759,STU120759,Rohan Mehta,Female,26,Bachelor,Employed,Pune,Mobile,Medium,C108,Excel for Business,Business,Beginner,25,4.1,2,24,67.3,2,0.5,1,5,4.0,6,4,4,79.7,70.1,63.1,3,14-09-2024,Scholarship,No,No,1465,100,2,0,4.5,Completed,0,0,0,1,2,1,0,4
20760,STU120760,Vihaan Joshi,Female,24,Diploma,Student,Pune,Mobile,High,C101,Python Basics,Programming,Beginner,45,4.6,7,19,83.2,5,0.5,0,5,2.1,4,6,5,58.6,64.9,56.4,2,12-07-2024,UPI,Yes,No,4014,56,3,0,3.5,Not Completed,0,1,2,1,0,1,4,5
20761,STU120761,Rohan Patel,Female,27,Bachelor,Self-Employed,Surat,Mobile,Low,C101,Python Basics,Programming,Beginner,45,4.6,2,23,79.6,1,0.5,3,4,7.5,7,3,3,54.3,53.5,72.5,0,09-09-2024,Scholarship,No,No,632,52,0,2,3.4,Completed,0,0,1,1,1,1,4,4
20762,STU120762,Rohan Sharma,Female,33,Master,Employed,Mumbai,Laptop,Medium,C106,Machine Learning A-Z,Programming,Advanced,90,4.6,2,13,63.9,2,0.5,3,3,6.6,8,2,3,71.9,51.3,72.9,1,08-04-2024,Scholarship,No,No,1203,66,3,0,3.4,Completed,0,3,0,0,2,0,4,4
20763,STU120763,Pooja Bhardwaj,Female,24,Master,Student,Mumbai,Mobile,Low,C102,Data Analysis with Python,Programming,Intermediate,60,4.7,4,37,52.1,2,0.5,2,0,4.7,3,7,2,67.2,84.7,40.5,1,31-10-2024,UPI,Yes,Yes,4077,80,1,3,4.5,Not Completed,0,3,2,1,1,2,4,5
20764,STU120764,Ananya Nair,Female,26,Bachelor,Employed,Vadodara,Laptop,Medium,C104,Digital Marketing Essentials,Marketing,Beginner,30,4.3,5,34,50.1,2,0.5,23,4,5.0,6,4,1,86.6,48.4,55.9,2,19-06-2025,NetBanking,Yes,No,3387,45,0,1,3.6,Not Completed,0,0,0,0,2,1,2,3
20765,STU120765,Aditya Reddy,Female,20,Bachelor,Employed,Delhi,Mobile,High,C108,Excel for Business,Business,Beginner,25,4.1,7,44,67.3,3,9.7,7,6,4.2,6,3,4,66.0,72.5,63.2,0,04-10-2024,Free,No,No,0,74,7,0,5.0,Not Completed,0,0,0,1,0,1,0,2
20766,STU120766,Nikhil Joshi,Female,17,Bachelor,Self-Employed,Delhi,Mobile,High,C105,UI/UX Design Fundamentals,Design,Beginner,40,4.4,2,29,34.3,5,1.7,3,6,6.2,6,4,5,49.0,74.9,51.7,3,19-03-2025,Debit Card,Yes,No,4321,70,2,1,4.4,Completed,0,0,1,1,0,1,1,1
20767,STU120767,Neha Mehta,Female,32,Bachelor,Student,Nagpur,Tablet,High,C105,UI/UX Design Fundamentals,Design,Beginner,40,4.4,8,30,70.4,2,10.7,4,6,6.3,6,4,7,60.9,86.0,64.9,6,30-01-2024,UPI,Yes,No,4382,37,3,0,4.1,Not Completed,0,0,2,2,0,1,1,5
20768,STU120768,Meera Verma,Female,20,Bachelor,Unemployed,Surat,Laptop,Medium,C102,Data Analysis with Python,Programming,Intermediate,60,4.7,3,32,83.9,4,2.2,5,10,4.7,3,7,3,93.5,80.2,51.4,2,12-01-2024,Free,No,No,0,67,3,1,4.3,Not Completed,0,0,3,0,2,2,4,2
20769,STU120769,Arjun Reddy,Female,39,HighSchool,Employed,Delhi,Laptop,High,C105,UI/UX Design Fundamentals,Design,Beginner,40,4.4,1,31,32.3,4,6.8,5,3,3.6,2,8,1,91.7,79.9,27.3,3,23-06-2025,Debit Card,Yes,No,3732,29,1,1,3.7,Completed,0,2,0,0,0,1,1,1
20770,STU120770,Arjun Reddy,Female,30,Bachelor,Student,Bengaluru,Mobile,Low,C107,Statistics for Data Science,Math,Intermediate,50,4.2,5,53,62.4,2,1.5,2,1,5.3,6,4,2,72.5,57.6,60.7,3,12-01-2024,Debit Card,Yes,No,4132,60,1,0,5.0,Not Completed,0,0,2,1,1,2,3,1
20771,STU120771,Sakshi Shah,Female,26,Bachelor,Student,Surat,Mobile,High,C106,Machine Learning A-Z,Programming,Advanced,90,4.6,5,34,87.5,5,2.9,3,6,8.2,5,5,2,70.4,61.5,63.7,5,20-04-2025,UPI,Yes,No,7028,100,1,0,4.0,Not Completed,0,0,2,1,0,0,4,5
20772,STU120772,Krishna Shah,Female,23,Bachelor,Student,Pune,Mobile,High,C102,Data Analysis with Python,Programming,Intermediate,60,4.7,5,33,30.1,1,11.7,8,4,3.4,4,6,3,87.4,26.0,35.8,0,12-12-2023,Credit Card,Yes,No,5191,76,2,1,5.0,Completed,0,0,2,1,0,2,4,0
20773,STU120773,Isha Joshi,Male,26,Bachelor,Employed,Hyderabad,Mobile,Low,C108,Excel for Business,Business,Beginner,25,4.1,2,14,81.9,3,3.4,1,1,5.7,4,6,3,69.4,45.6,55.0,0,13-07-2025,Free,No,No,0,80,2,0,3.1,Not Completed,1,0,0,1,1,1,0,2
20774,STU120774,Kavya Desai,Male,28,Bachelor,Student,Chennai,Mobile,Medium,C101,Python Basics,Programming,Beginner,45,4.6,8,27,61.3,2,2.1,0,7,8.2,5,5,3,69.8,67.2,54.8,1,15-10-2024,Scholarship,No,No,805,100,1,3,3.9,Not Completed,1,0,2,1,2,1,4,4
20775,STU120775,Pooja Verma,Male,22,Bachelor,Employed,Indore,Mobile,High,C101,Python Basics,Programming,Beginner,45,4.6,1,15,54.9,1,0.5,4,6,6.4,6,4,3,83.1,78.9,59.2,2,30-09-2025,Free,No,No,0,77,0,1,4.4,Not Completed,1,0,0,1,0,1,4,2
20776,STU120776,Arjun Bose,Female,37,Bachelor,Self-Employed,Bengaluru,Mobile,High,C108,Excel for Business,Business,Beginner,25,4.1,5,28,68.6,2,0.5,3,9,5.4,5,5,5,54.8,72.0,57.6,0,13-01-2025,Debit Card,Yes,Yes,2557,78,1,1,5.0,Not Completed,0,0,1,1,0,1,0,1
20777,STU120777,Sakshi Mehta,Female,38,Bachelor,Employed,Delhi,Mobile,High,C105,UI/UX Design Fundamentals,Design,Beginner,40,4.4,3,36,31.0,2,7.1,19,7,7.4,4,6,2,62.0,80.2,38.8,0,26-01-2025,Free,No,No,0,89,1,0,3.5,Not Completed,0,0,0,1,0,1,1,2
20778,STU120778,Aarav Patel,Male,34,Bachelor,Self-Employed,Delhi,Mobile,Low,C107,Statistics for Data Science,Math,Intermediate,50,4.2,4,41,47.7,3,1.9,4,8,9.3,1,9,5,62.1,92.7,27.3,1,15-04-2025,UPI,Yes,No,4554,85,5,1,2.8,Not Completed,1,0,1,1,1,2,3,5
20779,STU120779,Vivaan Gupta,Female,23,HighSchool,Employed,Hyderabad,Mobile,Medium,C107,Statistics for Data Science,Math,Intermediate,50,4.2,8,49,14.4,3,10.2,9,5,6.6,6,4,0,83.0,39.8,43.0,0,01-10-2024,Scholarship,No,No,851,76,3,0,3.5,Completed,0,2,0,1,2,2,3,4
20780,STU120780,Aditya Reddy,Male,25,Bachelor,Self-Employed,Bengaluru,Laptop,High,C105,UI/UX Design Fundamentals,Design,Beginner,40,4.4,6,41,24.0,2,4.7,1,5,5.8,8,2,3,90.3,81.5,60.5,1,20-07-2024,Credit Card,Yes,No,3897,71,5,0,5.0,Not Completed,1,0,1,0,0,1,1,0
20781,STU120781,Rahul Gupta,Other,33,Bachelor,Student,Indore,Mobile,Medium,C105,UI/UX Design Fundamentals,Design,Beginner,40,4.4,5,51,18.9,0,8.9,4,4,7.0,3,7,2,60.3,64.7,27.8,0,26-06-2024,Debit Card,Yes,No,3814,67,3,1,2.3,Not Completed,2,0,2,1,2,1,1,1
20782,STU120782,Rohan Nair,Male,17,Bachelor,Employed,Indore,Mobile,High,C101,Python Basics,Programming,Beginner,45,4.6,6,40,56.3,1,2.0,24,4,3.7,5,5,3,91.8,42.3,51.8,0,15-05-2025,NetBanking,Yes,No,4024,66,3,0,3.0,Completed,1,0,0,1,0,1,4,3
20783,STU120783,Ritika Bhardwaj,Female,30,Bachelor,Student,Chennai,Mobile,High,C104,Digital Marketing Essentials,Marketing,Beginner,30,4.3,7,36,41.3,3,0.5,0,8,7.2,7,3,1,47.6,55.1,59.2,1,22-10-2024,UPI,Yes,Yes,3213,76,5,1,4.0,Completed,0,0,2,1,0,1,2,5
20784,STU120784,Ananya Patel,Male,31,HighSchool,Student,Hyderabad,Mobile,Low,C101,Python Basics,Programming,Beginner,45,4.6,3,48,45.0,2,2.5,3,4,6.1,6,4,2,72.6,56.4,54.6,4,12-09-2024,UPI,Yes,Yes,3679,97,3,1,5.0,Completed,1,2,2,1,1,1,4,5
20785,STU120785,Priya Desai,Female,26,Master,Student,Ahmedabad,Mobile,High,C101,Python Basics,Programming,Beginner,45,4.6,4,35,27.4,5,11.1,4,7,5.5,7,3,7,51.3,51.7,54.2,4,15-11-2024,Debit Card,Yes,No,4326,81,2,0,2.9,Not Completed,0,3,2,1,0,1,4,1
20786,STU120786,Aarav Iyer,Female,27,Bachelor,Student,Hyderabad,Mobile,Medium,C103,Introduction to AI,Programming,Intermediate,75,4.5,4,34,43.3,4,0.5,2,4,10.0,6,4,4,63.3,50.7,53.7,1,17-05-2024,Free,No,Yes,0,66,1,0,4.4,Not Completed,0,0,2,1,2,2,4,2
20787,STU120787,Arjun Bose,Male,17,Diploma,Student,Jaipur,Laptop,Medium,C101,Python Basics,Programming,Beginner,45,4.6,2,33,53.6,2,1.6,3,10,5.5,7,3,1,65.3,75.3,64.5,0,23-03-2025,Free,No,Yes,0,93,2,0,3.2,Not Completed,1,1,2,0,2,1,4,2
20788,STU120788,Rahul Bhardwaj,Male,22,Master,Self-Employed,Hyderabad,Mobile,High,C108,Excel for Business,Business,Beginner,25,4.1,8,22,85.4,1,2.9,4,6,3.1,4,6,7,67.9,88.3,58.3,1,28-05-2025,NetBanking,Yes,No,3424,61,3,2,4.6,Completed,1,3,1,1,0,1,0,3
20789,STU120789,Aditya Joshi,Female,31,HighSchool,Employed,Kolkata,Mobile,Low,C106,Machine Learning A-Z,Programming,Advanced,90,4.6,2,29,76.1,4,0.5,25,4,3.1,5,5,3,57.3,71.0,60.2,3,10-03-2025,UPI,Yes,No,6944,65,1,1,3.4,Completed,0,2,0,1,1,0,4,5
20790,STU120790,Pooja Patel,Male,35,Master,Employed,Vadodara,Laptop,Medium,C106,Machine Learning A-Z,Programming,Advanced,90,4.6,7,38,89.4,4,0.5,0,4,6.4,5,4,4,71.3,99.6,66.3,2,05-10-2025,Debit Card,Yes,No,6533,80,3,0,4.9,Completed,1,3,0,0,2,0,4,1
20791,STU120791,Rohan Bose,Other,28,Diploma,Student,Lucknow,Laptop,Low,C103,Introduction to AI,Programming,Intermediate,75,4.5,0,15,68.3,1,6.7,15,5,7.1,6,4,3,50.9,60.8,63.0,3,21-03-2024,UPI,Yes,Yes,5172,70,1,2,4.1,Completed,2,1,2,0,1,2,4,5
20792,STU120792,Sakshi Gupta,Male,25,Bachelor,Unemployed,Bhopal,Tablet,Low,C102,Data Analysis with Python,Programming,Intermediate,60,4.7,6,31,31.8,0,0.5,5,9,4.0,4,6,3,59.4,93.5,39.8,1,30-03-2024,Scholarship,No,No,1763,73,2,0,3.2,Not Completed,1,0,3,2,1,2,4,4
20793,STU120793,Pooja Patel,Female,23,HighSchool,Self-Employed,Hyderabad,Mobile,Medium,C102,Data Analysis with Python,Programming,Intermediate,60,4.7,5,13,93.2,3,0.5,1,8,6.7,7,3,4,66.7,44.8,76.9,1,20-11-2024,Free,No,Yes,0,72,1,0,5.0,Not Completed,0,2,1,1,2,2,4,2
20794,STU120794,Pooja Shah,Male,25,Bachelor,Student,Pune,Laptop,Medium,C101,Python Basics,Programming,Beginner,45,4.6,5,44,80.3,3,1.8,2,6,7.1,7,3,4,83.6,72.1,73.7,4,04-05-2024,Debit Card,Yes,No,4071,80,4,0,3.3,Completed,1,0,2,0,2,1,4,1
20795,STU120795,Pooja Gupta,Female,29,Diploma,Employed,Ahmedabad,Laptop,Medium,C104,Digital Marketing Essentials,Marketing,Beginner,30,4.3,2,32,54.7,2,0.5,4,1,7.6,5,5,7,50.4,74.6,52.9,2,14-07-2024,UPI,Yes,No,3557,59,3,0,4.0,Not Completed,0,1,0,0,2,1,2,5
20796,STU120796,Arjun Patel,Male,25,Master,Employed,Jaipur,Mobile,Medium,C102,Data Analysis with Python,Programming,Intermediate,60,4.7,4,52,49.8,2,12.8,0,6,9.3,2,8,5,79.3,81.8,33.5,1,05-04-2025,Debit Card,Yes,No,5354,50,5,0,4.6,Completed,1,3,0,1,2,2,4,1
20797,STU120797,Neha Kumar,Male,29,Bachelor,Student,Ahmedabad,Laptop,Medium,C108,Excel for Business,Business,Beginner,25,4.1,2,33,39.8,2,0.5,6,4,5.5,5,5,4,99.8,86.9,48.3,2,25-03-2024,UPI,Yes,No,3081,65,5,0,5.0,Not Completed,1,0,2,0,2,1,0,5
20798,STU120798,Vivaan Kumar,Other,17,Bachelor,Employed,Nagpur,Laptop,Medium,C107,Statistics for Data Science,Math,Intermediate,50,4.2,6,32,78.6,4,11.9,1,5,4.0,5,5,1,77.2,55.5,60.3,1,27-08-2024,Debit Card,Yes,No,4436,93,1,0,3.5,Not Completed,2,0,0,0,2,2,3,1
20799,STU120799,Pooja Nair,Male,23,Bachelor,Student,Kolkata,Laptop,Low,C105,UI/UX Design Fundamentals,Design,Beginner,40,4.4,4,31,70.2,1,7.4,2,6,6.5,4,6,5,66.0,59.7,51.6,1,07-06-2025,Free,No,No,0,70,4,1,2.8,Completed,1,0,2,0,1,1,1,2
20800,STU120800,Kavya Verma,Other,34,HighSchool,Employed,Kolkata,Laptop,High,C102,Data Analysis with Python,Programming,Intermediate,60,4.7,5,34,92.2,2,14.6,5,4,3.8,9,1,0,86.4,65.9,89.6,1,14-01-2024,UPI,Yes,No,4812,54,6,1,3.2,Completed,2,2,0,0,0,2,4,5
20801,STU120801,Rohan Bose,Male,38,Bachelor,Student,Lucknow,Laptop,High,C107,Statistics for Data Science,Math,Intermediate,50,4.2,5,31,69.4,0,9.5,0,3,6.5,7,3,1,100.0,75.0,70.1,7,31-03-2024,Scholarship,No,Yes,1050,76,0,0,4.4,Not Completed,1,0,2,0,0,2,3,4
20802,STU120802,Aditya Sharma,Female,32,Master,Employed,Lucknow,Mobile,Medium,C104,Digital Marketing Essentials,Marketing,Beginner,30,4.3,5,26,67.7,1,1.5,7,3,4.8,8,2,3,74.4,60.0,74.7,2,22-03-2025,Free,No,Yes,0,81,5,0,2.9,Not Completed,0,3,0,1,2,1,2,2
20803,STU120803,Sai Iyer,Female,21,Bachelor,Employed,Jaipur,Laptop,Low,C102,Data Analysis with Python,Programming,Intermediate,60,4.7,3,48,73.0,8,0.5,1,6,6.7,4,6,4,88.2,77.2,53.4,4,24-04-2025,UPI,Yes,No,4589,69,6,1,3.8,Completed,0,0,0,0,1,2,4,5
20804,STU120804,Vivaan Reddy,Female,23,Bachelor,Student,Ahmedabad,Mobile,High,C102,Data Analysis with Python,Programming,Intermediate,60,4.7,7,12,80.3,0,0.5,2,3,7.9,5,5,2,75.3,70.6,61.6,0,02-10-2024,UPI,Yes,No,4792,73,2,2,4.6,Not Completed,0,0,2,1,0,2,4,5
20805,STU120805,Kavya Shah,Female,33,Bachelor,Student,Bengaluru,Mobile,High,C105,UI/UX Design Fundamentals,Design,Beginner,40,4.4,5,29,72.6,3,4.2,9,6,7.1,6,4,4,62.7,87.5,65.8,8,11-06-2024,Scholarship,No,No,623,69,3,2,4.2,Completed,0,0,2,1,0,1,1,4
20806,STU120806,Arjun Sharma,Female,24,Master,Student,Lucknow,Laptop,Medium,C103,Introduction to AI,Programming,Intermediate,75,4.5,3,28,64.6,3,0.8,6,5,3.6,6,3,3,69.8,86.8,62.9,3,19-02-2024,Debit Card,Yes,Yes,4932,55,2,0,3.1,Not Completed,0,3,2,0,2,2,4,1
20807,STU120807,Pooja Bose,Male,32,Bachelor,Student,Hyderabad,Laptop,Low,C103,Introduction to AI,Programming,Intermediate,75,4.5,5,24,63.3,0,4.1,0,5,10.0,6,4,2,63.3,81.8,62.3,3,25-01-2025,Debit Card,Yes,No,6257,45,2,0,3.2,Completed,1,0,2,0,1,2,4,1
20808,STU120808,Rohan Nair,Male,24,Bachelor,Employed,Pune,Mobile,Medium,C103,Introduction to AI,Programming,Intermediate,75,4.5,3,14,48.4,4,0.5,0,5,8.6,4,6,1,73.6,65.6,44.2,0,30-12-2023,Free,No,No,0,41,1,1,3.0,Not Completed,1,0,0,1,2,2,4,2
20809,STU120809,Vivaan Reddy,Male,24,Bachelor,Student,Bengaluru,Mobile,High,C107,Statistics for Data Science,Math,Intermediate,50,4.2,2,34,74.8,0,0.5,4,4,6.6,7,3,5,78.3,63.6,71.4,2,07-02-2025,UPI,Yes,No,4529,52,2,2,4.3,Not Completed,1,0,2,1,0,2,3,5
20810,STU120810,Rahul Shah,Female,23,Bachelor,Self-Employed,Indore,Tablet,Low,C106,Machine Learning A-Z,Programming,Advanced,90,4.6,2,20,85.4,1,0.5,0,3,4.7,5,5,1,89.6,68.9,63.3,2,17-12-2024,Debit Card,Yes,Yes,5771,96,3,0,4.2,Completed,0,0,1,2,1,0,4,1
20811,STU120811,Pooja Iyer,Female,31,Master,Student,Indore,Mobile,High,C105,UI/UX Design Fundamentals,Design,Beginner,40,4.4,5,35,31.7,5,11.1,1,2,10.0,4,6,2,77.5,49.1,37.5,1,28-02-2025,UPI,Yes,No,3659,55,3,0,3.9,Completed,0,3,2,1,0,1,1,5
20812,STU120812,Rohan Verma,Male,19,Diploma,Student,Ahmedabad,Laptop,High,C103,Introduction to AI,Programming,Intermediate,75,4.5,5,32,74.8,4,0.5,9,2,6.3,6,4,2,66.7,34.3,63.9,3,27-10-2024,UPI,Yes,No,6238,34,1,1,2.6,Not Completed,1,1,2,0,0,2,4,5
20813,STU120813,Meera Desai,Male,31,Bachelor,Employed,Bhopal,Mobile,Medium,C106,Machine Learning A-Z,Programming,Advanced,90,4.6,6,44,33.0,4,0.5,0,7,5.9,7,3,4,73.2,71.8,57.2,3,08-10-2024,UPI,Yes,Yes,5414,64,1,1,3.7,Completed,1,0,0,1,2,0,4,5
20814,STU120814,Aarav Bose,Male,17,Master,Employed,Bengaluru,Mobile,Medium,C106,Machine Learning A-Z,Programming,Advanced,90,4.6,4,22,47.7,4,3.1,5,6,7.4,4,6,7,82.6,58.8,43.6,1,22-01-2024,UPI,Yes,No,6881,48,1,1,5.0,Not Completed,1,3,0,1,2,0,4,5
20815,STU120815,Sakshi Verma,Female,23,Bachelor,Self-Employed,Hyderabad,Laptop,Low,C101,Python Basics,Programming,Beginner,45,4.6,3,36,64.3,3,5.3,1,8,4.6,6,4,3,65.4,95.9,63.3,1,29-10-2024,NetBanking,Yes,No,4577,42,2,2,5.0,Completed,0,0,1,0,1,1,4,3
20816,STU120816,Ritika Shah,Male,26,HighSchool,Employed,Nagpur,Mobile,Medium,C105,UI/UX Design Fundamentals,Design,Beginner,40,4.4,4,24,83.3,0,9.3,1,7,5.1,6,4,5,75.8,59.7,68.2,4,27-05-2024,UPI,Yes,Yes,3312,71,5,1,4.2,Completed,1,2,0,1,2,1,1,5
20817,STU120817,Priya Nair,Male,31,Bachelor,Unemployed,Surat,Mobile,High,C107,Statistics for Data Science,Math,Intermediate,50,4.2,5,35,58.6,1,0.5,3,5,6.8,2,8,4,82.5,44.5,34.7,2,18-09-2024,NetBanking,Yes,No,4081,31,0,1,3.9,Not Completed,1,0,3,1,0,2,3,3
20818,STU120818,Aditya Reddy,Female,28,HighSchool,Employed,Vadodara,Mobile,Low,C101,Python Basics,Programming,Beginner,45,4.6,5,32,65.7,2,0.5,3,5,3.9,7,3,3,59.1,71.7,68.6,0,16-03-2024,Credit Card,Yes,Yes,3506,57,1,1,2.9,Not Completed,0,2,0,1,1,1,4,0
20819,STU120819,Neha Bose,Male,23,Bachelor,Student,Lucknow,Mobile,High,C108,Excel for Business,Business,Beginner,25,4.1,3,26,20.2,0,2.1,22,1,5.8,3,6,3,46.7,34.5,26.8,1,12-10-2024,UPI,Yes,No,3525,65,2,0,3.6,Not Completed,1,0,2,1,0,1,0,5
20820,STU120820,Sneha Iyer,Male,24,Diploma,Employed,Nagpur,Mobile,Medium,C107,Statistics for Data Science,Math,Intermediate,50,4.2,3,31,84.0,6,0.5,7,7,2.8,6,4,3,87.0,59.3,68.4,1,04-11-2024,Free,No,Yes,0,91,0,0,4.4,Completed,1,1,0,1,2,2,3,2
20821,STU120821,Kavya Bose,Male,27,Master,Student,Ahmedabad,Mobile,Medium,C103,Introduction to AI,Programming,Intermediate,75,4.5,4,40,51.9,2,5.1,4,5,5.9,7,3,2,84.8,44.4,62.4,3,12-09-2025,Free,No,Yes,0,50,1,2,4.9,Completed,1,3,2,1,2,2,4,2
20822,STU120822,Rohan Kumar,Female,24,Master,Employed,Ahmedabad,Mobile,High,C102,Data Analysis with Python,Programming,Intermediate,60,4.7,6,45,90.5,4,4.0,5,5,8.7,7,3,7,79.2,71.1,77.2,5,28-02-2024,Scholarship,No,No,2441,53,2,0,2.3,Completed,0,3,0,1,0,2,4,4
20823,STU120823,Sai Gupta,Male,24,Diploma,Employed,Pune,Mobile,Medium,C103,Introduction to AI,Programming,Intermediate,75,4.5,2,44,76.1,1,14.0,4,1,9.0,6,4,1,75.3,79.2,66.6,4,08-04-2024,Free,No,No,0,100,3,3,3.0,Not Completed,1,1,0,1,2,2,4,2
20824,STU120824,Aditya Bose,Female,28,Bachelor,Student,Pune,Laptop,Low,C101,Python Basics,Programming,Beginner,45,4.6,7,38,40.8,4,6.1,6,4,5.5,7,3,4,77.1,66.5,59.6,2,04-09-2025,UPI,Yes,No,4021,78,2,3,3.2,Not Completed,0,0,2,0,1,1,4,5
20825,STU120825,Meera Singh,Female,36,Master,Student,Bengaluru,Mobile,High,C101,Python Basics,Programming,Beginner,45,4.6,3,22,64.9,3,0.5,1,4,3.1,1,9,3,54.4,70.3,32.2,0,17-11-2023,Credit Card,Yes,No,3945,65,2,1,4.8,Completed,0,3,2,1,0,1,4,0
20826,STU120826,Ananya Kumar,Female,34,Bachelor,Employed,Surat,Mobile,High,C102,Data Analysis with Python,Programming,Intermediate,60,4.7,4,32,45.6,3,2.3,6,1,7.0,3,7,6,68.3,75.6,37.7,2,04-08-2025,Debit Card,Yes,No,5424,85,2,1,5.0,Not Completed,0,0,0,1,0,2,4,1
20827,STU120827,Aarav Patel,Male,35,Bachelor,Student,Ahmedabad,Mobile,Medium,C103,Introduction to AI,Programming,Intermediate,75,4.5,7,29,75.6,4,8.2,11,8,10.0,4,5,4,93.5,53.1,53.1,1,19-08-2024,Scholarship,No,No,881,87,4,1,3.7,Completed,1,0,2,1,2,2,4,4
20828,STU120828,Ananya Kumar,Female,28,Bachelor,Employed,Chennai,Laptop,High,C107,Statistics for Data Science,Math,Intermediate,50,4.2,4,54,77.2,1,2.4,9,9,7.9,7,3,6,79.5,83.1,73.2,3,23-04-2024,NetBanking,Yes,No,4495,94,3,1,4.0,Completed,0,0,0,0,0,2,3,3
20829,STU120829,Sai Reddy,Male,24,HighSchool,Student,Indore,Mobile,Medium,C108,Excel for Business,Business,Beginner,25,4.1,5,27,41.2,5,4.2,4,3,7.0,7,3,5,83.6,84.4,60.6,5,26-06-2025,Credit Card,Yes,Yes,2515,58,1,2,4.6,Completed,1,2,2,1,2,1,0,0
20830,STU120830,Arjun Gupta,Female,30,Bachelor,Student,Delhi,Laptop,High,C104,Digital Marketing Essentials,Marketing,Beginner,30,4.3,4,27,75.0,2,0.5,14,5,6.4,4,6,5,70.0,41.9,52.4,2,23-02-2025,UPI,Yes,Yes,2851,96,0,0,3.6,Completed,0,0,2,0,0,1,2,5
20831,STU120831,Sai Kumar,Male,22,Bachelor,Unemployed,Vadodara,Mobile,Low,C102,Data Analysis with Python,Programming,Intermediate,60,4.7,3,28,56.1,3,9.5,3,6,5.7,4,6,3,81.4,58.3,46.6,0,11-07-2024,Debit Card,Yes,No,5465,100,6,0,3.9,Not Completed,1,0,3,1,1,2,4,1
20832,STU120832,Kavya Reddy,Male,32,PhD,Employed,Bengaluru,Laptop,High,C106,Machine Learning A-Z,Programming,Advanced,90,4.6,6,33,85.5,2,11.5,2,1,6.1,3,7,1,60.6,43.1,50.1,3,14-07-2024,Free,No,No,0,80,3,2,3.8,Not Completed,1,4,0,0,0,0,4,2
20833,STU120833,Rahul Desai,Female,23,Bachelor,Student,Indore,Mobile,Medium,C102,Data Analysis with Python,Programming,Intermediate,60,4.7,3,23,55.3,1,0.5,2,5,6.9,2,8,4,58.7,58.4,34.3,3,18-06-2024,Free,No,No,0,42,3,0,4.1,Not Completed,0,0,2,1,2,2,4,2
20834,STU120834,Meera Mehta,Female,34,Master,Student,Bhopal,Mobile,Medium,C107,Statistics for Data Science,Math,Intermediate,50,4.2,2,37,56.6,1,2.2,4,1,3.8,3,7,4,100.0,68.0,41.2,2,31-07-2025,Debit Card,Yes,No,4387,84,2,1,3.9,Completed,0,3,2,1,2,2,3,1
20835,STU120835,Rahul Shah,Female,30,Bachelor,Student,Bengaluru,Laptop,Medium,C103,Introduction to AI,Programming,Intermediate,75,4.5,8,37,34.6,4,8.8,0,4,7.6,8,2,7,95.2,90.5,64.6,5,27-10-2024,Debit Card,Yes,Yes,4739,66,2,0,2.8,Completed,0,0,2,0,2,2,4,1
20836,STU120836,Nikhil Bhardwaj,Female,32,Bachelor,Employed,Ahmedabad,Laptop,High,C107,Statistics for Data Science,Math,Intermediate,50,4.2,4,16,73.6,2,0.5,3,7,5.7,7,3,4,67.9,83.9,72.0,1,07-08-2024,Free,No,No,0,78,6,1,2.8,Completed,0,0,0,0,0,2,3,2
20837,STU120837,Rahul Verma,Female,24,Bachelor,Student,Indore,Laptop,High,C107,Statistics for Data Science,Math,Intermediate,50,4.2,5,65,58.4,4,5.3,4,5,6.0,6,4,11,92.9,74.5,60.2,5,08-03-2025,Free,No,Yes,0,54,2,2,5.0,Completed,0,0,2,0,0,2,3,2
20838,STU120838,Sneha Bhardwaj,Male,19,HighSchool,Employed,Chennai,Mobile,High,C103,Introduction to AI,Programming,Intermediate,75,4.5,3,12,31.7,1,0.5,8,3,7.9,5,5,1,44.7,77.6,45.0,0,17-06-2025,Debit Card,Yes,No,6084,80,2,0,4.7,Not Completed,1,2,0,1,0,2,4,1
20839,STU120839,Rahul Reddy,Female,31,Diploma,Employed,Chennai,Mobile,Low,C106,Machine Learning A-Z,Programming,Advanced,90,4.6,5,25,97.0,0,6.2,3,10,4.8,3,7,3,68.8,69.0,55.4,0,24-07-2025,Credit Card,Yes,No,6462,79,3,3,3.7,Completed,0,1,0,1,1,0,4,0
20840,STU120840,Nikhil Kumar,Female,29,Bachelor,Student,Delhi,Mobile,High,C108,Excel for Business,Business,Beginner,25,4.1,5,44,88.9,1,0.5,3,12,4.0,5,5,7,75.6,77.0,65.0,1,11-11-2023,UPI,Yes,No,3454,74,2,0,5.0,Not Completed,0,0,2,1,0,1,0,5
20841,STU120841,Aarav Gupta,Female,29,Master,Student,Vadodara,Mobile,Low,C106,Machine Learning A-Z,Programming,Advanced,90,4.6,2,42,51.9,4,1.8,4,5,6.9,3,7,1,54.4,49.2,38.6,3,08-01-2025,Scholarship,No,No,1429,53,1,1,3.4,Not Completed,0,3,2,1,1,0,4,4
20842,STU120842,Aditya Patel,Female,29,Bachelor,Employed,Chennai,Mobile,Medium,C101,Python Basics,Programming,Beginner,45,4.6,3,19,78.7,0,5.6,0,10,5.6,4,6,1,56.8,70.2,55.0,4,24-09-2024,Scholarship,No,No,459,57,1,0,2.9,Completed,0,0,0,1,2,1,4,4
20843,STU120843,Sakshi Iyer,Other,24,Bachelor,Student,Delhi,Mobile,Medium,C103,Introduction to AI,Programming,Intermediate,75,4.5,7,60,38.6,0,9.7,7,5,6.6,2,8,3,62.7,70.6,29.0,3,22-05-2024,Debit Card,Yes,No,5982,76,2,1,4.3,Not Completed,2,0,2,1,2,2,4,1
20844,STU120844,Vihaan Gupta,Female,20,Bachelor,Employed,Bengaluru,Laptop,Medium,C106,Machine Learning A-Z,Programming,Advanced,90,4.6,7,25,47.6,3,7.3,21,4,7.8,7,3,5,64.5,50.3,61.2,1,13-07-2024,UPI,Yes,No,6779,85,3,0,5.0,Not Completed,0,0,0,0,2,0,4,5
20845,STU120845,Neha Shah,Female,32,Bachelor,Employed,Vadodara,Mobile,Medium,C108,Excel for Business,Business,Beginner,25,4.1,5,30,62.9,0,5.6,3,3,7.6,6,4,6,46.1,60.6,61.0,1,05-09-2025,Debit Card,Yes,No,3539,65,5,0,5.0,Completed,0,0,0,1,2,1,0,1
20846,STU120846,Ananya Bhardwaj,Male,24,Bachelor,Employed,Hyderabad,Laptop,Medium,C107,Statistics for Data Science,Math,Intermediate,50,4.2,7,19,39.0,0,7.0,10,8,4.0,5,5,2,62.9,36.2,45.5,0,28-11-2024,Debit Card,Yes,Yes,3690,74,1,2,5.0,Not Completed,1,0,0,0,2,2,3,1
20847,STU120847,Priya Iyer,Male,30,Master,Student,Lucknow,Laptop,Medium,C108,Excel for Business,Business,Beginner,25,4.1,2,26,49.5,1,0.5,0,4,6.4,4,6,3,77.6,58.1,44.2,1,01-12-2024,Debit Card,Yes,No,3405,42,3,1,3.2,Not Completed,1,3,2,0,2,1,0,1
20848,STU120848,Isha Patel,Male,22,Master,Student,Bengaluru,Mobile,Medium,C106,Machine Learning A-Z,Programming,Advanced,90,4.6,4,36,29.4,2,0.5,0,5,5.5,7,3,6,88.6,58.3,55.2,3,05-03-2025,Credit Card,Yes,No,6717,91,1,3,5.0,Completed,1,3,2,1,2,0,4,0
20849,STU120849,Isha Iyer,Male,27,Diploma,Student,Bengaluru,Mobile,Medium,C102,Data Analysis with Python,Programming,Intermediate,60,4.7,4,34,64.0,3,2.3,4,7,7.2,5,4,7,88.6,76.2,56.2,4,01-09-2024,UPI,Yes,No,5274,50,3,0,5.0,Not Completed,1,1,2,1,2,2,4,5
20850,STU120850,Aditya Bose,Male,28,Master,Employed,Pune,Mobile,High,C106,Machine Learning A-Z,Programming,Advanced,90,4.6,6,25,61.1,2,0.5,6,4,5.0,5,5,5,54.4,54.4,54.1,1,03-06-2025,UPI,Yes,Yes,5107,45,6,1,4.3,Completed,1,3,0,1,0,0,4,5
20851,STU120851,Isha Sharma,Female,22,HighSchool,Student,Nagpur,Mobile,High,C106,Machine Learning A-Z,Programming,Advanced,90,4.6,4,24,73.8,3,3.9,7,6,5.6,6,4,8,84.6,74.4,65.6,1,30-01-2025,Scholarship,No,Yes,3218,61,3,0,3.8,Not Completed,0,2,2,1,0,0,4,4
20852,STU120852,Rohan Kumar,Male,21,Bachelor,Student,Indore,Tablet,High,C104,Digital Marketing Essentials,Marketing,Beginner,30,4.3,4,42,71.8,3,8.0,4,8,6.0,3,7,3,76.7,86.7,47.5,2,22-09-2024,NetBanking,Yes,No,3171,84,2,2,4.9,Completed,1,0,2,2,0,1,2,3
20853,STU120853,Meera Desai,Female,21,Bachelor,Unemployed,Jaipur,Laptop,Medium,C106,Machine Learning A-Z,Programming,Advanced,90,4.6,6,46,21.6,4,3.9,1,2,8.1,5,5,4,75.6,66.8,40.9,2,28-08-2024,Free,No,No,0,55,1,1,2.9,Completed,0,0,3,0,2,0,4,2
20854,STU120854,Sakshi Kumar,Male,23,Bachelor,Employed,Delhi,Mobile,High,C106,Machine Learning A-Z,Programming,Advanced,90,4.6,5,23,91.9,0,6.3,1,11,8.3,6,4,2,50.6,57.8,71.1,3,07-08-2024,Free,No,No,0,79,0,2,3.6,Not Completed,1,0,0,1,0,0,4,2
20855,STU120855,Ananya Verma,Female,20,Master,Unemployed,Chennai,Mobile,High,C102,Data Analysis with Python,Programming,Intermediate,60,4.7,6,26,95.7,2,0.5,12,5,8.2,7,3,6,82.0,82.6,79.6,1,26-07-2024,Credit Card,Yes,Yes,4353,60,4,0,4.7,Not Completed,0,3,3,1,0,2,4,0
20856,STU120856,Nikhil Iyer,Male,23,HighSchool,Student,Hyderabad,Laptop,Medium,C102,Data Analysis with Python,Programming,Intermediate,60,4.7,6,29,60.8,2,2.0,16,6,6.7,5,5,2,64.5,58.6,54.2,2,27-11-2023,UPI,Yes,No,4866,36,1,1,4.0,Completed,1,2,2,0,2,2,4,5
20857,STU120857,Sneha Reddy,Female,39,Diploma,Employed,Bhopal,Laptop,High,C107,Statistics for Data Science,Math,Intermediate,50,4.2,6,19,75.7,6,0.5,3,9,8.3,6,4,4,81.5,60.6,65.5,2,21-07-2024,NetBanking,Yes,No,4628,85,2,0,4.3,Completed,0,1,0,0,0,2,3,3
20858,STU120858,Sakshi Kumar,Female,36,Bachelor,Student,Delhi,Mobile,High,C103,Introduction to AI,Programming,Intermediate,75,4.5,8,30,21.1,0,5.4,8,6,6.5,4,6,3,62.6,26.4,32.7,4,31-01-2025,Free,No,No,0,97,0,1,5.0,Not Completed,0,0,2,1,0,2,4,2
20859,STU120859,Ananya Kumar,Male,29,Bachelor,Unemployed,Jaipur,Tablet,Medium,C101,Python Basics,Programming,Beginner,45,4.6,5,23,69.0,1,0.5,5,5,5.9,4,6,7,78.0,68.8,51.6,1,29-08-2025,Credit Card,Yes,No,4058,86,6,0,5.0,Completed,1,0,3,2,2,1,4,0
20860,STU120860,Aarav Verma,Female,22,Bachelor,Employed,Bengaluru,Laptop,High,C101,Python Basics,Programming,Beginner,45,4.6,3,38,58.1,4,3.8,0,4,5.9,4,6,6,52.4,71.2,47.9,1,18-06-2025,Debit Card,Yes,No,3972,66,1,1,5.0,Completed,0,0,0,0,0,1,4,1
20861,STU120861,Pooja Sharma,Female,25,Master,Student,Indore,Mobile,Medium,C104,Digital Marketing Essentials,Marketing,Beginner,30,4.3,2,30,59.5,1,0.8,5,8,3.0,3,7,1,77.9,83.8,43.0,2,01-11-2024,Free,No,No,0,30,4,2,3.5,Not Completed,0,3,2,1,2,1,2,2
20862,STU120862,Rahul Bhardwaj,Female,21,Master,Student,Kolkata,Laptop,Medium,C108,Excel for Business,Business,Beginner,25,4.1,6,32,5.0,3,11.3,37,4,9.8,6,4,2,76.6,66.5,41.1,3,27-03-2025,UPI,Yes,No,3033,91,0,2,4.3,Completed,0,3,2,0,2,1,0,5
20863,STU120863,Aditya Sharma,Female,31,Bachelor,Employed,Chennai,Mobile,High,C106,Machine Learning A-Z,Programming,Advanced,90,4.6,3,33,57.4,2,0.5,8,4,5.7,2,8,0,87.5,44.7,34.3,1,11-10-2024,UPI,Yes,No,6936,87,2,0,4.5,Not Completed,0,0,0,1,0,0,4,5
20864,STU120864,Aarav Shah,Male,28,Master,Student,Bhopal,Mobile,Medium,C106,Machine Learning A-Z,Programming,Advanced,90,4.6,5,47,81.4,3,10.8,3,4,8.5,4,6,7,72.4,50.8,55.0,2,30-06-2025,Credit Card,Yes,No,5941,73,7,2,3.2,Not Completed,1,3,2,1,2,0,4,0
20865,STU120865,Vihaan Kumar,Female,18,Bachelor,Employed,Jaipur,Mobile,Medium,C101,Python Basics,Programming,Beginner,45,4.6,2,35,43.3,3,0.5,5,4,0.0,5,5,4,78.7,28.1,46.6,3,05-04-2025,Debit Card,Yes,No,4104,29,2,3,4.3,Not Completed,0,0,0,1,2,1,4,1
20866,STU120866,Kavya Mehta,Male,26,Bachelor,Student,Jaipur,Tablet,Low,C104,Digital Marketing Essentials,Marketing,Beginner,30,4.3,3,25,39.8,2,3.6,6,10,10.0,5,5,4,99.3,90.5,48.5,5,31-10-2024,UPI,Yes,No,3622,82,5,1,4.1,Completed,1,0,2,2,1,1,2,5
20867,STU120867,Kavya Kumar,Male,24,Bachelor,Student,Surat,Mobile,High,C106,Machine Learning A-Z,Programming,Advanced,90,4.6,7,40,80.9,1,7.8,6,5,5.3,5,5,3,84.1,64.8,61.6,4,16-11-2023,Free,No,No,0,52,3,1,5.0,Completed,1,0,2,1,0,0,4,2
20868,STU120868,Vivaan Kumar,Female,28,Master,Student,Indore,Mobile,Low,C104,Digital Marketing Essentials,Marketing,Beginner,30,4.3,5,40,53.7,5,7.4,0,4,6.7,4,6,7,82.0,73.0,46.5,1,26-12-2024,UPI,Yes,No,3714,92,4,1,4.8,Not Completed,0,3,2,1,1,1,2,5
20869,STU120869,Nikhil Patel,Male,28,Diploma,Employed,Surat,Mobile,High,C106,Machine Learning A-Z,Programming,Advanced,90,4.6,4,34,53.7,5,0.5,0,4,7.8,9,1,9,73.6,57.1,75.6,3,23-03-2024,Free,No,No,0,72,4,0,5.0,Completed,1,1,0,1,0,0,4,2
20870,STU120870,Priya Shah,Male,32,Bachelor,Student,Kolkata,Tablet,High,C106,Machine Learning A-Z,Programming,Advanced,90,4.6,2,34,87.1,0,0.5,11,11,10.0,7,3,7,80.5,74.5,76.2,2,12-03-2024,Credit Card,Yes,No,6324,44,0,0,4.4,Completed,1,0,2,2,0,0,4,0
20871,STU120871,Sai Kumar,Male,27,Bachelor,Unemployed,Jaipur,Tablet,High,C101,Python Basics,Programming,Beginner,45,4.6,4,35,73.5,1,1.5,17,5,7.8,4,6,7,75.1,38.8,51.7,2,24-06-2025,Debit Card,Yes,Yes,3766,72,1,3,4.4,Completed,1,0,3,2,0,1,4,1
20872,STU120872,Rohan Kumar,Female,22,Bachelor,Student,Bengaluru,Laptop,High,C107,Statistics for Data Science,Math,Intermediate,50,4.2,5,52,52.6,4,1.0,2,10,6.2,8,2,4,71.5,74.7,70.1,2,11-03-2025,UPI,Yes,No,4138,50,7,0,4.1,Not Completed,0,0,2,0,0,2,3,5
20873,STU120873,Neha Bose,Male,37,Bachelor,Employed,Jaipur,Mobile,High,C103,Introduction to AI,Programming,Intermediate,75,4.5,2,33,73.3,3,1.3,1,5,4.4,4,5,3,91.2,57.6,52.5,3,16-03-2025,Scholarship,No,No,2450,59,2,0,4.2,Not Completed,1,0,0,1,0,2,4,4
20874,STU120874,Ananya Reddy,Male,19,Bachelor,Student,Hyderabad,Mobile,Medium,C102,Data Analysis with Python,Programming,Intermediate,60,4.7,2,13,85.6,1,2.2,0,5,4.6,3,7,3,63.9,72.2,51.6,2,16-03-2025,Free,No,No,0,72,2,0,5.0,Not Completed,1,0,2,1,2,2,4,2
20875,STU120875,Aditya Joshi,Female,23,Master,Student,Hyderabad,Mobile,Low,C101,Python Basics,Programming,Beginner,45,4.6,4,29,53.6,1,7.7,12,5,5.2,3,7,6,83.1,46.3,39.1,1,05-12-2024,Free,No,No,0,78,0,0,2.5,Not Completed,0,3,2,1,1,1,4,2
20876,STU120876,Sai Shah,Female,32,Bachelor,Employed,Lucknow,Laptop,Medium,C102,Data Analysis with Python,Programming,Intermediate,60,4.7,4,30,80.6,4,11.2,3,7,3.9,6,4,3,72.9,65.7,67.5,0,08-07-2025,UPI,Yes,No,4755,59,2,0,3.0,Completed,0,0,0,0,2,2,4,5
20877,STU120877,Rohan Nair,Male,17,Bachelor,Student,Kolkata,Mobile,Medium,C101,Python Basics,Programming,Beginner,45,4.6,4,18,65.5,4,0.5,2,7,8.6,3,7,6,87.6,94.0,45.6,1,23-06-2025,UPI,Yes,No,4007,49,7,0,4.4,Not Completed,1,0,2,1,2,1,4,5
20878,STU120878,Pooja Desai,Male,28,Bachelor,Student,Bhopal,Laptop,High,C106,Machine Learning A-Z,Programming,Advanced,90,4.6,6,42,84.0,2,8.1,1,5,9.6,6,3,5,93.6,51.7,68.0,2,22-09-2025,NetBanking,Yes,No,6028,60,7,0,4.9,Completed,1,0,2,0,0,0,4,3
20879,STU120879,Arjun Patel,Female,32,Master,Student,Ahmedabad,Tablet,Medium,C102,Data Analysis with Python,Programming,Intermediate,60,4.7,3,14,29.4,2,3.7,0,8,9.7,4,5,4,77.4,68.8,37.7,2,22-01-2024,UPI,Yes,No,4504,100,2,0,5.0,Not Completed,0,3,2,2,2,2,4,5
20880,STU120880,Priya Patel,Female,36,Master,Employed,Ahmedabad,Laptop,Low,C101,Python Basics,Programming,Beginner,45,4.6,5,28,61.3,2,5.4,1,5,6.1,3,7,6,61.0,93.9,44.1,0,14-12-2024,UPI,Yes,No,4246,100,1,1,4.8,Completed,0,3,0,0,1,1,4,5
20881,STU120881,Rohan Nair,Male,25,Bachelor,Student,Nagpur,Laptop,Low,C104,Digital Marketing Essentials,Marketing,Beginner,30,4.3,6,23,75.9,4,0.5,27,3,6.9,4,6,2,74.0,73.9,54.2,3,17-07-2025,Free,No,No,0,60,1,0,4.1,Not Completed,1,0,2,0,1,1,2,2
20882,STU120882,Sakshi Iyer,Female,21,Bachelor,Student,Vadodara,Mobile,Medium,C106,Machine Learning A-Z,Programming,Advanced,90,4.6,6,33,78.1,2,0.5,8,3,6.8,3,7,3,59.4,93.1,50.0,3,23-09-2025,UPI,Yes,Yes,5317,63,5,0,5.0,Completed,0,0,2,1,2,0,4,5
20883,STU120883,Sai Bhardwaj,Female,26,Bachelor,Student,Surat,Tablet,High,C102,Data Analysis with Python,Programming,Intermediate,60,4.7,5,48,92.5,1,7.0,7,3,7.5,7,3,5,84.0,81.3,78.4,5,20-07-2025,Free,No,Yes,0,65,0,0,3.2,Not Completed,0,0,2,2,0,2,4,2
20884,STU120884,Ritika Bose,Female,23,Diploma,Employed,Hyderabad,Laptop,Low,C104,Digital Marketing Essentials,Marketing,Beginner,30,4.3,3,32,68.3,3,5.5,8,5,4.0,7,3,4,77.7,70.8,69.5,0,30-09-2024,NetBanking,Yes,No,3820,31,5,0,4.0,Completed,0,1,0,0,1,1,2,3
20885,STU120885,Kavya Mehta,Female,30,Master,Student,Mumbai,Mobile,Low,C103,Introduction to AI,Programming,Intermediate,75,4.5,5,37,64.0,2,1.1,2,10,3.0,1,9,2,67.4,61.6,31.5,2,21-08-2025,UPI,Yes,No,5886,47,4,0,4.7,Not Completed,0,3,2,1,1,2,4,5
20886,STU120886,Pooja Reddy,Female,21,Bachelor,Employed,Hyderabad,Mobile,High,C105,UI/UX Design Fundamentals,Design,Beginner,40,4.4,5,43,87.1,0,6.6,7,3,6.4,5,5,6,84.2,63.5,63.7,0,28-05-2025,Scholarship,No,No,1096,75,2,0,2.9,Not Completed,0,0,0,1,0,1,1,4
20887,STU120887,Meera Joshi,Male,24,Bachelor,Employed,Indore,Laptop,Low,C102,Data Analysis with Python,Programming,Intermediate,60,4.7,6,41,65.2,3,5.4,9,3,5.7,3,7,1,71.2,57.4,43.7,2,12-07-2025,Debit Card,Yes,No,5050,74,5,0,4.4,Not Completed,1,0,0,0,1,2,4,1
20888,STU120888,Sai Shah,Female,29,Diploma,Student,Jaipur,Mobile,Medium,C106,Machine Learning A-Z,Programming,Advanced,90,4.6,4,38,72.3,1,0.5,6,2,8.0,4,6,5,66.9,81.3,53.4,4,09-01-2024,NetBanking,Yes,Yes,6047,64,2,2,3.8,Completed,0,1,2,1,2,0,4,3
20889,STU120889,Rahul Gupta,Male,20,Master,Student,Vadodara,Laptop,Low,C105,UI/UX Design Fundamentals,Design,Beginner,40,4.4,5,41,61.0,2,6.7,20,4,8.2,8,2,4,58.1,44.8,71.6,0,13-08-2025,Credit Card,Yes,No,3890,47,1,0,5.0,Not Completed,1,3,2,0,1,1,1,0
20890,STU120890,Vihaan Bhardwaj,Female,27,Bachelor,Employed,Ahmedabad,Mobile,Medium,C101,Python Basics,Programming,Beginner,45,4.6,3,41,88.0,4,0.9,7,5,5.2,8,2,3,85.8,51.4,81.4,4,30-07-2024,UPI,Yes,No,4633,100,3,1,3.2,Not Completed,0,0,0,1,2,1,4,5
20891,STU120891,Ritika Shah,Male,34,PhD,Employed,Ahmedabad,Mobile,Medium,C103,Introduction to AI,Programming,Intermediate,75,4.5,5,48,77.7,1,8.6,3,8,8.0,8,2,4,99.7,82.5,79.3,2,17-10-2024,UPI,Yes,No,6199,84,1,2,3.2,Completed,1,4,0,1,2,2,4,5
20892,STU120892,Sai Bhardwaj,Female,31,Master,Employed,Bhopal,Mobile,Medium,C101,Python Basics,Programming,Beginner,45,4.6,6,32,72.6,2,7.3,0,7,2.7,7,3,2,83.8,45.8,69.7,2,16-04-2025,UPI,Yes,No,4149,58,1,4,4.2,Completed,0,3,0,1,2,1,4,5
20893,STU120893,Nikhil Singh,Male,17,Bachelor,Employed,Hyderabad,Mobile,Medium,C104,Digital Marketing Essentials,Marketing,Beginner,30,4.3,5,43,35.1,3,9.1,34,4,8.6,4,5,2,71.5,51.2,38.8,2,25-10-2024,Free,No,No,0,92,2,0,3.7,Completed,1,0,0,1,2,1,2,2
20894,STU120894,Rahul Bose,Female,17,Master,Student,Pune,Laptop,Medium,C101,Python Basics,Programming,Beginner,45,4.6,5,45,29.1,3,2.4,3,5,3.2,3,7,5,66.6,68.9,31.6,4,14-11-2024,NetBanking,Yes,No,4121,77,5,0,4.3,Not Completed,0,3,2,0,2,1,4,3
20895,STU120895,Rahul Verma,Female,23,Diploma,Student,Lucknow,Tablet,Medium,C107,Statistics for Data Science,Math,Intermediate,50,4.2,7,38,48.0,1,8.9,7,5,7.2,5,5,2,82.2,67.3,50.2,1,06-09-2024,UPI,Yes,No,4358,79,2,1,3.6,Not Completed,0,1,2,2,2,2,3,5
20896,STU120896,Neha Shah,Female,26,Diploma,Employed,Bengaluru,Laptop,Medium,C103,Introduction to AI,Programming,Intermediate,75,4.5,2,9,38.3,1,0.5,12,9,2.5,7,3,4,63.3,69.2,58.9,4,09-03-2024,UPI,Yes,No,6038,97,0,0,4.6,Completed,0,1,0,0,2,2,4,5
20897,STU120897,Neha Kumar,Female,27,Diploma,Employed,Bengaluru,Mobile,Medium,C106,Machine Learning A-Z,Programming,Advanced,90,4.6,5,26,57.6,4,0.5,9,2,9.3,10,0,2,74.6,85.8,84.4,3,20-01-2024,UPI,Yes,Yes,5715,66,5,0,5.0,Not Completed,0,1,0,1,2,0,4,5
20898,STU120898,Meera Nair,Male,28,Master,Student,Pune,Laptop,Medium,C106,Machine Learning A-Z,Programming,Advanced,90,4.6,6,75,54.9,6,16.9,2,7,3.0,4,6,2,63.0,71.8,46.8,2,15-03-2025,Credit Card,Yes,No,6946,91,5,0,4.6,Completed,1,3,2,0,2,0,4,0
20899,STU120899,Ananya Bhardwaj,Female,27,Bachelor,Employed,Chennai,Laptop,Low,C101,Python Basics,Programming,Beginner,45,4.6,4,28,21.7,2,12.2,0,7,0.5,3,6,6,97.2,65.1,28.9,0,20-01-2025,NetBanking,Yes,No,4261,75,1,1,4.9,Not Completed,0,0,0,0,1,1,4,3
20900,STU120900,Neha Singh,Female,17,Master,Self-Employed,Indore,Laptop,High,C107,Statistics for Data Science,Math,Intermediate,50,4.2,6,32,94.5,0,7.7,5,3,4.9,6,4,1,66.1,43.5,71.2,2,11-12-2024,Credit Card,Yes,No,4602,70,2,0,2.9,Completed,0,3,1,0,0,2,3,0
20901,STU120901,Rahul Shah,Female,37,Bachelor,Employed,Indore,Laptop,Medium,C102,Data Analysis with Python,Programming,Intermediate,60,4.7,4,33,48.5,0,4.0,0,8,7.2,5,5,3,50.2,71.4,50.5,2,23-10-2024,Free,No,No,0,58,2,1,3.4,Not Completed,0,0,0,0,2,2,4,2
20902,STU120902,Vivaan Reddy,Male,17,Master,Self-Employed,Mumbai,Mobile,Medium,C101,Python Basics,Programming,Beginner,45,4.6,4,62,57.4,3,3.3,9,7,9.9,5,5,5,87.4,90.8,54.6,1,03-10-2025,UPI,Yes,No,4016,72,4,0,2.8,Not Completed,1,3,1,1,2,1,4,5
20903,STU120903,Ananya Verma,Male,24,Bachelor,Student,Vadodara,Laptop,High,C102,Data Analysis with Python,Programming,Intermediate,60,4.7,4,36,73.3,2,5.6,0,6,10.0,6,4,3,87.8,81.1,65.7,5,13-09-2024,UPI,Yes,No,4929,69,4,0,4.6,Completed,1,0,2,0,0,2,4,5
20904,STU120904,Pooja Nair,Male,30,Master,Employed,Mumbai,Laptop,High,C102,Data Analysis with Python,Programming,Intermediate,60,4.7,6,26,18.4,4,6.9,0,7,7.0,3,7,2,79.9,81.7,28.5,2,29-09-2025,NetBanking,Yes,No,5369,54,2,1,4.1,Completed,1,3,0,0,0,2,4,3
20905,STU120905,Aarav Joshi,Female,29,Bachelor,Student,Kolkata,Mobile,Medium,C106,Machine Learning A-Z,Programming,Advanced,90,4.6,3,50,73.3,0,7.5,2,2,6.1,5,5,4,93.6,72.8,59.3,1,07-02-2024,Free,No,No,0,61,1,0,3.7,Completed,0,0,2,1,2,0,4,2
20906,STU120906,Vivaan Shah,Female,28,Master,Employed,Nagpur,Mobile,Medium,C105,UI/UX Design Fundamentals,Design,Beginner,40,4.4,6,40,87.6,2,0.5,6,4,7.7,2,8,4,70.8,67.4,46.0,1,31-12-2024,NetBanking,Yes,No,3793,100,6,1,4.9,Not Completed,0,3,0,1,2,1,1,3
20907,STU120907,Arjun Patel,Female,30,Bachelor,Employed,Surat,Mobile,Medium,C108,Excel for Business,Business,Beginner,25,4.1,6,46,94.9,2,12.2,1,4,4.4,6,4,3,62.7,73.5,72.9,2,19-11-2023,Free,No,No,0,64,7,0,5.0,Completed,0,0,0,1,2,1,0,2
20908,STU120908,Arjun Patel,Female,41,Bachelor,Student,Delhi,Mobile,Low,C105,UI/UX Design Fundamentals,Design,Beginner,40,4.4,6,43,65.7,1,5.8,23,3,6.5,4,6,2,99.9,52.0,49.6,2,08-12-2023,NetBanking,Yes,No,3680,66,2,3,4.0,Not Completed,0,0,2,1,1,1,1,3
20909,STU120909,Neha Sharma,Other,21,Master,Student,Bengaluru,Mobile,Low,C108,Excel for Business,Business,Beginner,25,4.1,5,39,76.7,4,14.0,2,8,7.3,7,3,3,64.0,68.7,72.3,4,22-03-2025,NetBanking,Yes,No,3174,56,2,1,3.8,Completed,2,3,2,1,1,1,0,3
20910,STU120910,Ritika Bose,Female,33,Master,Employed,Chennai,Laptop,Medium,C106,Machine Learning A-Z,Programming,Advanced,90,4.6,4,37,31.3,0,2.1,1,6,3.4,5,5,1,78.6,61.2,44.0,1,10-08-2024,UPI,Yes,No,5902,67,0,3,4.3,Not Completed,0,3,0,0,2,0,4,5
20911,STU120911,Sakshi Iyer,Male,28,Bachelor,Student,Chennai,Mobile,High,C101,Python Basics,Programming,Beginner,45,4.6,1,45,48.2,0,1.5,16,4,6.4,1,9,3,69.3,93.5,27.5,4,05-08-2025,Credit Card,Yes,No,4517,75,1,1,2.6,Completed,1,0,2,1,0,1,4,0
20912,STU120912,Sai Joshi,Female,23,Master,Employed,Mumbai,Mobile,Low,C105,UI/UX Design Fundamentals,Design,Beginner,40,4.4,3,31,92.1,1,1.3,8,0,7.0,6,3,2,94.6,79.7,72.2,2,18-09-2025,UPI,Yes,No,4199,57,2,2,3.8,Completed,0,3,0,1,1,1,1,5
20913,STU120913,Aarav Sharma,Female,26,Bachelor,Employed,Delhi,Laptop,Low,C105,UI/UX Design Fundamentals,Design,Beginner,40,4.4,3,46,77.4,3,2.2,2,9,1.5,1,9,2,49.9,81.3,37.2,1,14-03-2025,Debit Card,Yes,No,4347,75,1,1,3.7,Not Completed,0,0,0,0,1,1,1,1
20914,STU120914,Pooja Joshi,Female,20,Bachelor,Student,Bengaluru,Mobile,High,C103,Introduction to AI,Programming,Intermediate,75,4.5,5,53,89.7,2,9.0,4,7,7.9,6,4,4,67.4,58.6,70.3,1,01-03-2025,Scholarship,No,No,2435,62,0,1,4.3,Completed,0,0,2,1,0,2,4,4
20915,STU120915,Arjun Gupta,Female,29,HighSchool,Student,Vadodara,Laptop,Medium,C106,Machine Learning A-Z,Programming,Advanced,90,4.6,3,10,61.7,2,4.3,10,5,10.0,5,5,4,96.8,84.4,55.8,0,01-03-2025,Credit Card,Yes,No,6295,54,0,0,3.8,Completed,0,2,2,0,2,0,4,0
20916,STU120916,Vivaan Verma,Male,25,HighSchool,Unemployed,Indore,Mobile,Medium,C103,Introduction to AI,Programming,Intermediate,75,4.5,3,38,58.4,2,1.1,1,3,5.0,7,3,6,82.5,68.7,65.9,2,16-02-2024,Free,No,No,0,84,4,1,3.3,Completed,1,2,3,1,2,2,4,2
20917,STU120917,Arjun Joshi,Female,37,Master,Employed,Jaipur,Mobile,High,C101,Python Basics,Programming,Beginner,45,4.6,5,15,43.9,2,4.3,8,8,8.5,3,7,3,74.7,37.8,35.2,4,09-01-2025,UPI,Yes,No,3867,44,1,2,4.1,Not Completed,0,3,0,1,0,1,4,5
20918,STU120918,Nikhil Reddy,Male,31,Bachelor,Student,Bhopal,Mobile,High,C103,Introduction to AI,Programming,Intermediate,75,4.5,2,12,92.7,3,0.5,1,2,1.5,5,5,1,71.7,86.6,66.8,1,21-10-2023,Credit Card,Yes,No,6002,89,1,0,4.6,Completed,1,0,2,1,0,2,4,0
20919,STU120919,Neha Patel,Male,24,Diploma,Student,Bengaluru,Mobile,Medium,C104,Digital Marketing Essentials,Marketing,Beginner,30,4.3,4,35,42.4,1,7.9,0,8,7.1,5,5,3,76.3,78.5,48.8,3,14-04-2025,Debit Card,Yes,No,3249,58,4,2,4.3,Not Completed,1,1,2,1,2,1,2,1
20920,STU120920,Krishna Desai,Male,23,Bachelor,Student,Mumbai,Mobile,Low,C107,Statistics for Data Science,Math,Intermediate,50,4.2,4,26,61.4,1,6.3,10,3,8.1,4,6,4,64.9,47.8,47.9,2,28-10-2023,UPI,Yes,No,4766,56,0,0,4.8,Completed,1,0,2,1,1,2,3,5
20921,STU120921,Vivaan Gupta,Male,20,Diploma,Employed,Lucknow,Laptop,High,C108,Excel for Business,Business,Beginner,25,4.1,5,31,67.2,2,2.6,0,4,8.0,3,7,0,95.1,74.3,45.2,2,05-06-2025,Free,No,No,0,67,3,0,4.0,Not Completed,1,1,0,0,0,1,0,2
20922,STU120922,Sneha Verma,Male,19,Bachelor,Employed,Hyderabad,Mobile,Medium,C108,Excel for Business,Business,Beginner,25,4.1,5,27,60.4,0,0.5,5,7,6.0,2,8,5,67.5,76.8,37.0,3,25-11-2023,NetBanking,Yes,No,3247,30,2,1,2.6,Completed,1,0,0,1,2,1,0,3
20923,STU120923,Aarav Nair,Male,23,PhD,Employed,Indore,Mobile,Medium,C102,Data Analysis with Python,Programming,Intermediate,60,4.7,6,28,83.0,4,0.5,5,6,8.3,4,5,3,76.5,83.8,57.3,0,31-08-2025,Free,No,No,0,42,3,1,4.3,Not Completed,1,4,0,1,2,2,4,2
20924,STU120924,Vihaan Desai,Male,28,Master,Employed,Lucknow,Mobile,High,C106,Machine Learning A-Z,Programming,Advanced,90,4.6,7,16,68.4,4,7.7,9,3,9.3,5,5,2,70.7,59.7,56.9,0,21-03-2025,NetBanking,Yes,Yes,4972,54,1,1,5.0,Completed,1,3,0,1,0,0,4,3
20925,STU120925,Sakshi Singh,Female,17,Bachelor,Student,Ahmedabad,Mobile,Medium,C106,Machine Learning A-Z,Programming,Advanced,90,4.6,7,37,56.0,2,9.5,0,3,7.9,4,5,4,65.3,58.8,46.6,2,04-03-2025,UPI,Yes,Yes,5064,74,1,1,5.0,Completed,0,0,2,1,2,0,4,5
20926,STU120926,Priya Shah,Female,26,Bachelor,Employed,Ahmedabad,Mobile,Medium,C104,Digital Marketing Essentials,Marketing,Beginner,30,4.3,3,30,91.2,3,6.7,4,3,6.5,6,4,3,68.3,83.9,72.1,3,12-01-2025,Scholarship,No,No,1675,60,2,0,3.7,Completed,0,0,0,1,2,1,2,4
20927,STU120927,Ritika Iyer,Female,28,Bachelor,Employed,Jaipur,Laptop,Low,C108,Excel for Business,Business,Beginner,25,4.1,10,35,59.6,5,3.4,0,5,6.5,6,4,2,83.9,50.1,59.4,3,13-07-2025,UPI,Yes,Yes,2873,66,5,1,3.9,Completed,0,0,0,0,1,1,0,5
20928,STU120928,Arjun Mehta,Female,25,Diploma,Student,Indore,Mobile,Medium,C106,Machine Learning A-Z,Programming,Advanced,90,4.6,2,31,85.5,3,2.3,5,6,6.9,4,6,4,60.2,51.9,56.5,3,01-06-2025,Scholarship,No,No,2137,89,2,1,5.0,Completed,0,1,2,1,2,0,4,4
20929,STU120929,Aditya Sharma,Male,21,Bachelor,Student,Chennai,Mobile,High,C105,UI/UX Design Fundamentals,Design,Beginner,40,4.4,3,48,65.2,0,6.1,0,4,7.2,6,4,3,71.3,78.7,62.7,2,23-09-2025,Free,No,Yes,0,71,4,2,3.7,Not Completed,1,0,2,1,0,1,1,2
20930,STU120930,Aditya Mehta,Female,26,Diploma,Unemployed,Indore,Mobile,Medium,C106,Machine Learning A-Z,Programming,Advanced,90,4.6,9,33,29.6,1,7.6,1,3,7.2,6,3,2,68.0,97.1,51.2,2,18-11-2024,UPI,Yes,No,6891,66,1,1,5.0,Not Completed,0,1,3,1,2,0,4,5
20931,STU120931,Priya Mehta,Female,25,Bachelor,Student,Lucknow,Mobile,High,C105,UI/UX Design Fundamentals,Design,Beginner,40,4.4,4,14,47.1,0,0.5,3,4,3.9,4,6,4,78.1,54.1,43.2,1,22-04-2024,UPI,Yes,No,3731,58,1,0,4.4,Not Completed,0,0,2,1,0,1,1,5
20932,STU120932,Isha Mehta,Male,35,HighSchool,Self-Employed,Pune,Laptop,Low,C106,Machine Learning A-Z,Programming,Advanced,90,4.6,4,46,44.3,3,3.7,1,8,7.0,5,5,2,79.6,54.8,48.3,3,07-01-2024,UPI,Yes,No,6938,78,4,0,5.0,Completed,1,2,1,0,1,0,4,5
20933,STU120933,Ritika Gupta,Male,18,Bachelor,Employed,Bengaluru,Mobile,High,C105,UI/UX Design Fundamentals,Design,Beginner,40,4.4,5,42,78.0,2,0.5,4,3,8.8,1,9,6,67.1,72.9,37.0,3,09-01-2025,Debit Card,Yes,No,3873,60,1,0,3.1,Completed,1,0,0,1,0,1,1,1
20934,STU120934,Ritika Shah,Female,33,HighSchool,Employed,Lucknow,Mobile,Medium,C107,Statistics for Data Science,Math,Intermediate,50,4.2,3,30,50.3,0,3.7,1,5,4.9,2,8,3,70.5,46.8,31.9,1,29-01-2025,UPI,Yes,Yes,4151,46,3,1,2.9,Not Completed,0,2,0,1,2,2,3,5
20935,STU120935,Priya Gupta,Male,19,Master,Employed,Indore,Mobile,Low,C107,Statistics for Data Science,Math,Intermediate,50,4.2,3,33,64.5,1,6.5,5,5,4.6,5,5,2,52.5,45.8,54.9,0,11-08-2024,Debit Card,Yes,Yes,3855,40,1,0,5.0,Not Completed,1,3,0,1,1,2,3,1
20936,STU120936,Sneha Gupta,Female,25,Bachelor,Student,Lucknow,Laptop,High,C102,Data Analysis with Python,Programming,Intermediate,60,4.7,2,30,70.4,3,5.2,11,5,5.4,6,4,8,78.0,89.8,65.1,3,07-09-2024,Scholarship,No,No,2495,48,5,1,5.0,Completed,0,0,2,0,0,2,4,4
20937,STU120937,Aditya Mehta,Male,31,Master,Employed,Chennai,Mobile,High,C108,Excel for Business,Business,Beginner,25,4.1,5,26,89.0,2,0.5,0,6,5.2,8,2,1,89.3,80.5,83.2,1,26-12-2024,Scholarship,No,No,398,97,2,1,3.3,Completed,1,3,0,1,0,1,0,4
20938,STU120938,Rohan Joshi,Female,28,Bachelor,Employed,Kolkata,Mobile,Medium,C107,Statistics for Data Science,Math,Intermediate,50,4.2,3,15,13.0,4,6.2,1,8,4.0,4,6,6,50.7,50.8,31.1,3,15-08-2024,Free,No,No,0,54,0,1,4.2,Not Completed,0,0,0,1,2,2,3,2
20939,STU120939,Ritika Desai,Male,20,Bachelor,Employed,Ahmedabad,Laptop,Medium,C103,Introduction to AI,Programming,Intermediate,75,4.5,4,38,58.3,0,2.1,0,3,5.1,3,7,4,77.4,79.0,42.3,3,18-08-2024,Credit Card,Yes,Yes,4580,42,2,1,5.0,Not Completed,1,0,0,0,2,2,4,0
20940,STU120940,Aarav Shah,Male,34,Bachelor,Unemployed,Hyderabad,Mobile,Low,C108,Excel for Business,Business,Beginner,25,4.1,5,33,74.1,0,0.5,4,3,7.9,4,6,4,53.4,77.8,53.8,3,09-02-2024,Free,No,No,0,70,1,0,3.2,Not Completed,1,0,3,1,1,1,0,2
20941,STU120941,Isha Gupta,Male,21,Bachelor,Student,Pune,Mobile,Low,C106,Machine Learning A-Z,Programming,Advanced,90,4.6,4,27,91.1,1,7.8,2,6,7.2,4,6,0,82.3,87.7,60.3,0,17-02-2024,Credit Card,Yes,No,6612,75,1,1,4.8,Completed,1,0,2,1,1,0,4,0
20942,STU120942,Neha Verma,Female,42,HighSchool,Student,Delhi,Mobile,High,C106,Machine Learning A-Z,Programming,Advanced,90,4.6,4,59,71.2,0,2.0,3,5,6.8,9,1,7,76.9,47.9,81.3,0,27-08-2024,Debit Card,Yes,No,7066,89,2,0,4.2,Completed,0,2,2,1,0,0,4,1
20943,STU120943,Kavya Verma,Female,34,Master,Employed,Lucknow,Mobile,Medium,C102,Data Analysis with Python,Programming,Intermediate,60,4.7,3,19,63.3,0,0.5,15,4,6.3,5,5,0,64.0,57.1,55.0,3,30-03-2025,UPI,Yes,No,4712,64,0,2,4.3,Completed,0,3,0,1,2,2,4,5
20944,STU120944,Vivaan Shah,Female,26,HighSchool,Employed,Pune,Laptop,Medium,C101,Python Basics,Programming,Beginner,45,4.6,4,23,69.3,2,0.5,0,5,7.7,7,3,2,67.2,63.1,69.4,2,06-12-2023,Debit Card,Yes,No,4125,100,0,3,2.2,Not Completed,0,2,0,0,2,1,4,1
20945,STU120945,Pooja Joshi,Male,32,Bachelor,Employed,Ahmedabad,Mobile,Medium,C102,Data Analysis with Python,Programming,Intermediate,60,4.7,2,39,65.2,0,0.5,12,4,6.9,4,6,6,71.0,68.8,50.2,3,07-04-2024,UPI,Yes,No,5009,54,6,0,4.8,Completed,1,0,0,1,2,2,4,5
20946,STU120946,Meera Kumar,Female,35,Master,Student,Bhopal,Mobile,Medium,C108,Excel for Business,Business,Beginner,25,4.1,5,21,54.6,2,6.4,1,6,6.7,4,6,4,59.7,67.9,46.5,3,11-04-2024,UPI,Yes,Yes,2884,71,3,2,4.8,Not Completed,0,3,2,1,2,1,0,5
20947,STU120947,Neha Singh,Female,21,Master,Student,Bengaluru,Mobile,Medium,C108,Excel for Business,Business,Beginner,25,4.1,3,28,52.7,4,7.2,2,4,3.5,6,4,4,84.5,40.9,56.5,2,20-09-2024,UPI,Yes,No,3280,48,4,1,4.5,Not Completed,0,3,2,1,2,1,0,5
20948,STU120948,Ritika Bhardwaj,Male,25,Bachelor,Student,Lucknow,Mobile,Medium,C101,Python Basics,Programming,Beginner,45,4.6,4,51,79.7,2,4.2,8,5,5.7,5,5,4,92.2,75.7,61.7,3,15-02-2025,Debit Card,Yes,Yes,3962,85,3,2,5.0,Not Completed,1,0,2,1,2,1,4,1
20949,STU120949,Sakshi Shah,Male,30,Diploma,Employed,Mumbai,Mobile,High,C105,UI/UX Design Fundamentals,Design,Beginner,40,4.4,6,32,37.3,3,11.2,5,5,6.9,6,4,2,73.6,73.9,52.8,2,11-08-2025,Free,No,No,0,47,1,0,4.1,Not Completed,1,1,0,1,0,1,1,2
20950,STU120950,Arjun Mehta,Female,17,Master,Student,Bhopal,Mobile,Low,C107,Statistics for Data Science,Math,Intermediate,50,4.2,7,47,46.6,2,10.4,3,7,4.8,4,6,2,79.2,97.1,45.2,5,08-09-2025,Debit Card,Yes,No,4759,51,2,2,4.9,Completed,0,3,2,1,1,2,3,1
20951,STU120951,Isha Sharma,Female,27,Master,Employed,Lucknow,Laptop,Low,C106,Machine Learning A-Z,Programming,Advanced,90,4.6,7,52,51.0,2,12.0,6,5,8.9,7,3,4,65.6,58.4,62.8,2,08-11-2024,Debit Card,Yes,No,6448,68,2,1,4.4,Completed,0,3,0,0,1,0,4,1
20952,STU120952,Kavya Mehta,Male,27,Bachelor,Employed,Pune,Mobile,Medium,C102,Data Analysis with Python,Programming,Intermediate,60,4.7,3,39,62.6,2,0.5,0,7,10.0,6,4,5,79.1,53.5,60.6,0,03-04-2025,NetBanking,Yes,No,4618,100,0,0,4.3,Not Completed,1,0,0,1,2,2,4,3
20953,STU120953,Sneha Verma,Male,17,Bachelor,Student,Bhopal,Laptop,Medium,C104,Digital Marketing Essentials,Marketing,Beginner,30,4.3,3,42,71.1,4,0.5,4,3,4.5,2,8,4,57.8,48.8,39.3,1,16-09-2025,NetBanking,Yes,No,3161,77,5,0,4.0,Not Completed,1,0,2,0,2,1,2,3
20954,STU120954,Arjun Bhardwaj,Male,20,Master,Student,Hyderabad,Tablet,High,C107,Statistics for Data Science,Math,Intermediate,50,4.2,9,46,46.0,3,11.3,6,6,9.5,5,5,3,81.5,80.9,50.2,4,24-10-2023,Free,No,No,0,68,4,1,5.0,Not Completed,1,3,2,2,0,2,3,2
20955,STU120955,Krishna Nair,Female,25,Master,Student,Lucknow,Tablet,Medium,C101,Python Basics,Programming,Beginner,45,4.6,3,42,96.0,1,0.5,0,12,7.4,5,5,3,99.2,75.4,67.4,3,18-03-2024,NetBanking,Yes,No,4191,60,3,1,3.1,Completed,0,3,2,2,2,1,4,3
20956,STU120956,Aarav Sharma,Female,28,Bachelor,Student,Pune,Laptop,Medium,C106,Machine Learning A-Z,Programming,Advanced,90,4.6,6,39,39.8,1,2.5,10,4,6.3,2,8,3,71.6,73.0,29.6,2,06-04-2024,Credit Card,Yes,No,7034,91,0,2,3.5,Not Completed,0,0,2,0,2,0,4,0
20957,STU120957,Meera Nair,Female,34,HighSchool,Employed,Jaipur,Tablet,High,C103,Introduction to AI,Programming,Intermediate,75,4.5,6,29,89.6,5,0.5,6,7,4.0,6,4,5,75.5,56.8,70.2,1,27-09-2024,Credit Card,Yes,No,5366,99,3,0,5.0,Completed,0,2,0,2,0,2,4,0
20958,STU120958,Sneha Desai,Male,27,Bachelor,Student,Jaipur,Laptop,High,C107,Statistics for Data Science,Math,Intermediate,50,4.2,4,39,78.7,2,0.5,1,9,10.0,4,6,4,80.2,95.5,56.3,3,10-09-2024,Credit Card,Yes,No,4609,66,2,0,3.9,Completed,1,0,2,0,0,2,3,0
20959,STU120959,Sai Sharma,Male,32,Bachelor,Student,Indore,Mobile,High,C101,Python Basics,Programming,Beginner,45,4.6,7,34,53.7,1,7.9,0,9,3.9,6,4,6,75.9,100.0,59.8,1,01-03-2025,NetBanking,Yes,No,4010,64,5,1,3.8,Completed,1,0,2,1,0,1,4,3
20960,STU120960,Rahul Shah,Female,19,Bachelor,Employed,Mumbai,Mobile,Medium,C101,Python Basics,Programming,Beginner,45,4.6,1,30,53.4,2,0.5,13,7,6.0,4,5,4,78.4,39.6,44.7,2,12-03-2025,UPI,Yes,No,4632,48,1,1,4.5,Completed,0,0,0,1,2,1,4,5
20961,STU120961,Vihaan Shah,Female,18,Master,Employed,Mumbai,Tablet,High,C102,Data Analysis with Python,Programming,Intermediate,60,4.7,3,44,95.4,2,0.8,0,11,6.9,5,5,1,65.7,55.9,66.2,2,15-05-2025,UPI,Yes,Yes,4356,84,0,0,4.8,Not Completed,0,3,0,2,0,2,4,5
20962,STU120962,Krishna Bhardwaj,Male,17,Bachelor,Student,Mumbai,Laptop,Medium,C107,Statistics for Data Science,Math,Intermediate,50,4.2,7,23,47.6,1,4.9,28,3,6.8,2,8,1,76.6,53.3,31.3,1,11-12-2023,Free,No,No,0,79,2,1,3.8,Not Completed,1,0,2,0,2,2,3,2
20963,STU120963,Priya Kumar,Male,22,Bachelor,Employed,Vadodara,Mobile,High,C106,Machine Learning A-Z,Programming,Advanced,90,4.6,9,30,57.0,1,2.8,3,2,8.5,4,6,5,69.4,74.0,47.7,2,05-11-2024,Debit Card,Yes,No,6173,67,3,0,3.7,Not Completed,1,0,0,1,0,0,4,1
20964,STU120964,Meera Iyer,Male,27,Bachelor,Employed,Vadodara,Mobile,High,C101,Python Basics,Programming,Beginner,45,4.6,6,20,57.2,2,3.4,7,11,8.7,3,7,1,90.0,100.0,43.0,1,09-01-2024,Free,No,No,0,95,1,0,3.9,Completed,1,0,0,1,0,1,4,2
20965,STU120965,Ananya Bhardwaj,Female,25,Bachelor,Student,Bengaluru,Mobile,Low,C107,Statistics for Data Science,Math,Intermediate,50,4.2,5,19,62.9,3,1.6,3,7,5.3,6,4,5,75.9,78.5,62.0,3,19-07-2025,UPI,Yes,No,4149,47,3,2,2.9,Completed,0,0,2,1,1,2,3,5
20966,STU120966,Sakshi Patel,Female,21,Bachelor,Self-Employed,Vadodara,Mobile,High,C104,Digital Marketing Essentials,Marketing,Beginner,30,4.3,4,16,79.2,1,3.1,11,5,6.4,5,5,4,91.0,40.1,59.7,2,26-04-2024,Scholarship,No,No,733,26,1,0,3.0,Completed,0,0,1,1,0,1,2,4
20967,STU120967,Neha Patel,Female,34,Master,Unemployed,Delhi,Laptop,High,C101,Python Basics,Programming,Beginner,45,4.6,5,56,61.9,0,6.4,4,6,7.4,6,4,2,63.7,34.8,59.4,1,29-01-2025,UPI,Yes,No,4185,43,0,1,4.5,Completed,0,3,3,0,0,1,4,5
20968,STU120968,Arjun Joshi,Female,24,Bachelor,Student,Lucknow,Laptop,High,C101,Python Basics,Programming,Beginner,45,4.6,4,29,96.0,1,2.6,5,4,0.4,5,5,3,82.4,85.8,67.9,5,18-02-2024,Scholarship,No,No,2036,45,3,0,4.3,Completed,0,0,2,0,0,1,4,4
20969,STU120969,Vivaan Bhardwaj,Male,27,Master,Student,Surat,Mobile,High,C108,Excel for Business,Business,Beginner,25,4.1,3,25,55.3,3,0.5,1,7,8.5,5,5,5,74.9,77.8,53.3,2,05-06-2025,Debit Card,Yes,No,3481,85,3,0,3.2,Completed,1,3,2,1,0,1,0,1
20970,STU120970,Krishna Patel,Male,39,Bachelor,Employed,Lucknow,Laptop,High,C103,Introduction to AI,Programming,Intermediate,75,4.5,3,31,35.5,1,6.4,3,2,6.4,3,7,3,83.9,62.7,33.6,2,18-10-2023,Free,No,No,0,73,4,2,2.9,Not Completed,1,0,0,0,0,2,4,2
20971,STU120971,Ritika Kumar,Male,28,Diploma,Student,Pune,Mobile,Medium,C104,Digital Marketing Essentials,Marketing,Beginner,30,4.3,4,31,39.2,1,2.9,3,6,5.9,3,7,4,48.9,42.7,33.8,0,16-03-2024,Scholarship,No,No,1457,87,2,3,4.9,Completed,1,1,2,1,2,1,2,4
20972,STU120972,Sakshi Sharma,Male,30,Bachelor,Employed,Pune,Mobile,High,C103,Introduction to AI,Programming,Intermediate,75,4.5,3,40,35.8,4,0.5,17,7,9.3,4,6,3,87.4,61.8,39.6,1,29-04-2024,Debit Card,Yes,No,5245,76,1,0,2.7,Completed,1,0,0,1,0,2,4,1
20973,STU120973,Nikhil Desai,Male,19,Diploma,Employed,Nagpur,Mobile,High,C102,Data Analysis with Python,Programming,Intermediate,60,4.7,6,48,43.2,5,10.0,7,6,7.5,4,6,6,78.2,73.5,42.8,5,17-01-2024,Scholarship,No,No,2217,85,3,0,5.0,Not Completed,1,1,0,1,0,2,4,4
20974,STU120974,Vihaan Gupta,Female,26,Bachelor,Employed,Nagpur,Mobile,High,C108,Excel for Business,Business,Beginner,25,4.1,6,50,48.1,0,0.5,0,5,8.1,5,5,3,84.4,100.0,51.9,2,23-02-2025,Free,No,No,0,76,2,1,4.8,Not Completed,0,0,0,1,0,1,0,2
20975,STU120975,Arjun Reddy,Male,28,Bachelor,Unemployed,Ahmedabad,Mobile,Medium,C102,Data Analysis with Python,Programming,Intermediate,60,4.7,7,58,40.1,3,2.8,0,8,5.3,6,4,4,74.0,84.1,54.3,3,28-06-2025,Free,No,No,0,67,1,0,3.2,Completed,1,0,3,1,2,2,4,2
20976,STU120976,Krishna Singh,Female,22,Bachelor,Employed,Vadodara,Mobile,Low,C101,Python Basics,Programming,Beginner,45,4.6,8,38,70.5,3,3.5,2,3,4.0,5,4,3,66.0,69.7,58.2,2,03-10-2024,UPI,Yes,No,4153,76,1,1,4.6,Completed,0,0,0,1,1,1,4,5
20977,STU120977,Isha Shah,Male,22,Bachelor,Employed,Delhi,Mobile,Medium,C102,Data Analysis with Python,Programming,Intermediate,60,4.7,4,44,89.6,3,4.5,1,6,7.4,4,6,5,63.6,76.1,59.2,1,06-05-2024,UPI,Yes,No,4643,93,1,1,3.7,Completed,1,0,0,1,2,2,4,5
20978,STU120978,Vihaan Sharma,Male,33,Diploma,Employed,Hyderabad,Mobile,High,C105,UI/UX Design Fundamentals,Design,Beginner,40,4.4,4,28,58.8,3,0.5,2,8,7.0,7,3,6,78.0,74.4,66.3,4,09-11-2024,UPI,Yes,No,4122,87,2,0,3.3,Not Completed,1,1,0,1,0,1,1,5
20979,STU120979,Sakshi Desai,Female,27,HighSchool,Employed,Hyderabad,Mobile,Medium,C105,UI/UX Design Fundamentals,Design,Beginner,40,4.4,5,34,74.4,3,0.5,4,6,8.1,5,5,4,89.3,87.6,60.4,3,23-08-2024,Credit Card,Yes,No,4326,64,1,1,5.0,Not Completed,0,2,0,1,2,1,1,0
20980,STU120980,Sakshi Iyer,Male,25,Master,Employed,Delhi,Laptop,High,C106,Machine Learning A-Z,Programming,Advanced,90,4.6,3,33,68.9,4,0.5,0,5,7.9,6,3,5,48.7,81.4,64.2,3,28-01-2025,Debit Card,Yes,Yes,5325,77,3,1,3.6,Not Completed,1,3,0,0,0,0,4,1
20981,STU120981,Rahul Patel,Female,22,Bachelor,Student,Surat,Laptop,Medium,C104,Digital Marketing Essentials,Marketing,Beginner,30,4.3,6,42,71.6,3,0.5,0,7,5.8,6,4,5,76.5,77.9,65.0,2,01-10-2024,Debit Card,Yes,No,3772,64,3,0,5.0,Completed,0,0,2,0,2,1,2,1
20982,STU120982,Meera Mehta,Male,25,Bachelor,Student,Pune,Mobile,High,C102,Data Analysis with Python,Programming,Intermediate,60,4.7,5,33,78.3,1,5.4,1,8,7.8,5,5,6,83.8,91.5,62.0,3,02-01-2025,NetBanking,Yes,No,5241,51,5,0,4.7,Completed,1,0,2,1,0,2,4,3
20983,STU120983,Sai Joshi,Female,18,Bachelor,Employed,Pune,Laptop,High,C101,Python Basics,Programming,Beginner,45,4.6,6,41,89.7,4,4.1,12,4,6.7,7,3,2,100.0,71.8,77.0,2,27-12-2024,Debit Card,Yes,No,4579,100,3,0,2.9,Not Completed,0,0,0,0,0,1,4,1
20984,STU120984,Neha Patel,Female,29,Master,Employed,Lucknow,Laptop,Medium,C102,Data Analysis with Python,Programming,Intermediate,60,4.7,6,19,73.6,3,0.5,0,6,7.5,6,4,2,90.0,100.0,66.8,2,18-05-2024,Free,No,No,0,99,2,1,4.0,Not Completed,0,3,0,0,2,2,4,2
20985,STU120985,Kavya Singh,Female,29,Master,Student,Jaipur,Laptop,Medium,C102,Data Analysis with Python,Programming,Intermediate,60,4.7,8,40,93.1,2,5.3,3,7,8.0,6,4,5,52.0,85.3,72.9,3,11-12-2023,Scholarship,No,No,1270,60,2,2,3.3,Not Completed,0,3,2,0,2,2,4,4
20986,STU120986,Neha Joshi,Male,23,Bachelor,Employed,Indore,Mobile,Medium,C108,Excel for Business,Business,Beginner,25,4.1,4,35,51.1,4,3.4,1,4,7.2,5,5,4,53.3,42.8,50.0,1,01-02-2025,UPI,Yes,No,3550,76,4,1,4.9,Not Completed,1,0,0,1,2,1,0,5
20987,STU120987,Neha Sharma,Male,29,Master,Employed,Lucknow,Laptop,High,C101,Python Basics,Programming,Beginner,45,4.6,10,26,70.2,2,5.8,0,7,6.9,7,3,11,98.5,86.4,70.9,2,08-05-2025,Scholarship,No,No,1402,55,3,0,4.8,Completed,1,3,0,0,0,1,4,4
20988,STU120988,Isha Patel,Female,28,Bachelor,Student,Indore,Laptop,High,C105,UI/UX Design Fundamentals,Design,Beginner,40,4.4,5,39,51.8,5,0.5,3,1,4.1,3,7,4,62.4,74.5,39.9,2,27-06-2024,UPI,Yes,No,3869,47,2,0,3.3,Not Completed,0,0,2,0,0,1,1,5
20989,STU120989,Meera Reddy,Female,17,PhD,Student,Bhopal,Laptop,Medium,C104,Digital Marketing Essentials,Marketing,Beginner,30,4.3,5,52,82.2,5,0.7,2,13,8.1,5,5,5,94.9,67.4,62.1,3,14-11-2023,UPI,Yes,Yes,2923,46,2,0,3.3,Not Completed,0,4,2,0,2,1,2,5
20990,STU120990,Pooja Kumar,Female,27,Bachelor,Student,Bengaluru,Mobile,Medium,C102,Data Analysis with Python,Programming,Intermediate,60,4.7,5,52,63.0,5,4.6,3,7,6.2,5,5,3,78.5,49.7,54.5,4,28-05-2024,Free,No,No,0,56,2,1,4.7,Not Completed,0,0,2,1,2,2,4,2
20991,STU120991,Aditya Reddy,Female,35,Bachelor,Unemployed,Lucknow,Mobile,Medium,C101,Python Basics,Programming,Beginner,45,4.6,3,29,56.3,3,2.6,14,6,8.4,5,5,3,59.9,36.6,51.5,1,26-02-2024,Credit Card,Yes,No,4632,100,2,2,5.0,Completed,0,0,3,1,2,1,4,0
20992,STU120992,Meera Reddy,Female,37,PhD,Employed,Bhopal,Mobile,Low,C104,Digital Marketing Essentials,Marketing,Beginner,30,4.3,3,32,82.3,2,5.3,5,2,6.3,7,3,2,55.3,52.3,73.4,2,10-04-2024,UPI,Yes,No,3239,44,3,0,3.5,Completed,0,4,0,1,1,1,2,5
20993,STU120993,Vihaan Shah,Male,25,Master,Student,Lucknow,Mobile,Low,C107,Statistics for Data Science,Math,Intermediate,50,4.2,4,37,37.1,4,6.5,8,6,9.9,7,3,3,61.1,81.2,59.1,6,14-09-2025,Debit Card,Yes,No,4896,63,4,0,3.7,Completed,1,3,2,1,1,2,3,1
20994,STU120994,Kavya Iyer,Female,30,Bachelor,Student,Surat,Mobile,Medium,C104,Digital Marketing Essentials,Marketing,Beginner,30,4.3,4,54,59.1,3,0.5,4,5,4.6,3,7,3,66.8,66.4,42.0,3,03-03-2025,NetBanking,Yes,No,3384,80,1,0,4.5,Not Completed,0,0,2,1,2,1,2,3
20995,STU120995,Arjun Gupta,Female,17,Bachelor,Student,Vadodara,Mobile,Medium,C104,Digital Marketing Essentials,Marketing,Beginner,30,4.3,8,45,77.0,2,1.2,0,6,8.4,5,5,2,85.6,81.8,61.1,3,23-03-2024,NetBanking,Yes,No,3331,70,2,1,4.2,Completed,0,0,2,1,2,1,2,3
20996,STU120996,Priya Joshi,Male,26,Bachelor,Student,Mumbai,Mobile,Medium,C101,Python Basics,Programming,Beginner,45,4.6,1,43,76.9,1,0.5,9,6,8.1,4,6,3,51.8,53.8,53.6,3,19-07-2025,UPI,Yes,No,3855,100,4,1,4.6,Completed,1,0,2,1,2,1,4,5
20997,STU120997,Krishna Sharma,Male,34,Diploma,Student,Indore,Mobile,High,C102,Data Analysis with Python,Programming,Intermediate,60,4.7,6,31,69.9,4,3.5,3,5,8.5,5,5,3,61.6,62.0,57.6,2,17-05-2024,UPI,Yes,No,5030,48,4,0,4.4,Not Completed,1,1,2,1,0,2,4,5
20998,STU120998,Sneha Shah,Male,32,Master,Employed,Ahmedabad,Laptop,Low,C104,Digital Marketing Essentials,Marketing,Beginner,30,4.3,3,39,69.7,1,3.3,16,6,6.9,6,3,3,56.5,63.3,63.5,1,09-06-2024,UPI,Yes,Yes,3049,86,3,1,5.0,Not Completed,1,3,0,0,1,1,2,5
20999,STU120999,Isha Mehta,Male,24,Diploma,Student,Bengaluru,Laptop,Medium,C102,Data Analysis with Python,Programming,Intermediate,60,4.7,4,33,30.3,2,6.3,8,5,9.1,5,5,7,100.0,79.1,44.5,2,10-07-2025,Debit Card,Yes,No,4853,72,2,0,3.7,Not Completed,1,1,2,0,2,2,4,1
21000,STU121000,Priya Reddy,Male,29,Bachelor,Student,Delhi,Laptop,Medium,C104,Digital Marketing Essentials,Marketing,Beginner,30,4.3,2,34,66.0,3,0.8,5,5,7.7,5,5,3,64.6,39.4,55.1,6,19-05-2024,Scholarship,No,No,1566,69,4,2,3.1,Not Completed,1,0,2,0,2,1,2,4
21001,STU121001,Arjun Desai,Male,24,Bachelor,Student,Pune,Mobile,Medium,C105,UI/UX Design Fundamentals,Design,Beginner,40,4.4,3,30,52.7,2,1.6,1,5,10.0,6,4,3,76.8,69.6,57.9,3,06-05-2024,Credit Card,Yes,No,3700,49,3,0,5.0,Not Completed,1,0,2,1,2,1,1,0
21002,STU121002,Aarav Verma,Male,23,Diploma,Student,Delhi,Laptop,Low,C103,Introduction to AI,Programming,Intermediate,75,4.5,3,16,41.7,2,4.1,16,5,6.3,7,3,3,70.4,83.8,60.8,2,22-05-2025,Scholarship,No,No,1023,71,1,1,3.3,Completed,1,1,2,0,1,2,4,4
21003,STU121003,Sneha Verma,Female,28,Bachelor,Employed,Bengaluru,Laptop,Medium,C102,Data Analysis with Python,Programming,Intermediate,60,4.7,4,39,60.7,3,7.1,0,9,4.2,6,4,2,79.4,37.8,59.1,0,14-06-2025,Credit Card,Yes,No,4957,100,5,2,4.7,Completed,0,0,0,0,2,2,4,0
21004,STU121004,Rohan Sharma,Female,20,Diploma,Student,Hyderabad,Mobile,Low,C105,UI/UX Design Fundamentals,Design,Beginner,40,4.4,8,26,51.8,2,8.1,7,3,9.0,5,5,3,68.0,80.4,52.1,1,25-08-2025,UPI,Yes,No,3964,100,4,0,4.9,Not Completed,0,1,2,1,1,1,1,5
21005,STU121005,Aditya Patel,Male,24,HighSchool,Employed,Hyderabad,Laptop,Medium,C106,Machine Learning A-Z,Programming,Advanced,90,4.6,8,20,57.1,2,4.3,4,2,5.7,5,4,3,76.2,44.3,52.2,5,26-04-2025,NetBanking,Yes,No,7019,76,2,1,4.0,Not Completed,1,2,0,0,2,0,4,3
21006,STU121006,Pooja Patel,Female,28,Master,Student,Lucknow,Laptop,High,C104,Digital Marketing Essentials,Marketing,Beginner,30,4.3,4,26,43.1,2,0.5,16,5,9.5,4,6,3,72.8,75.0,42.8,3,19-05-2025,Free,No,Yes,0,82,1,0,3.8,Not Completed,0,3,2,0,0,1,2,2
21007,STU121007,Meera Desai,Male,32,Bachelor,Employed,Bengaluru,Mobile,Low,C101,Python Basics,Programming,Beginner,45,4.6,5,27,59.0,1,1.2,1,5,5.9,3,7,2,51.2,55.6,41.4,3,28-01-2024,NetBanking,Yes,No,4016,61,5,1,4.9,Not Completed,1,0,0,1,1,1,4,3
21008,STU121008,Vivaan Nair,Female,23,Master,Employed,Surat,Laptop,Medium,C105,UI/UX Design Fundamentals,Design,Beginner,40,4.4,5,32,55.2,1,11.6,0,1,6.6,6,4,3,76.4,44.4,57.5,1,10-05-2025,UPI,Yes,Yes,3254,87,1,0,2.7,Completed,0,3,0,0,2,1,1,5
21009,STU121009,Ritika Reddy,Female,26,Bachelor,Student,Mumbai,Mobile,Low,C108,Excel for Business,Business,Beginner,25,4.1,3,24,64.7,1,0.5,2,4,5.7,2,8,4,100.0,63.7,37.8,1,22-06-2025,Free,No,No,0,68,4,0,4.1,Not Completed,0,0,2,1,1,1,0,2
21010,STU121010,Rahul Joshi,Female,25,Diploma,Employed,Mumbai,Laptop,High,C101,Python Basics,Programming,Beginner,45,4.6,4,36,65.2,0,0.7,7,3,5.8,6,4,7,56.7,100.0,63.8,3,06-12-2023,UPI,Yes,No,4458,62,2,0,4.2,Not Completed,0,1,0,0,0,1,4,5
21011,STU121011,Rohan Gupta,Male,24,Bachelor,Student,Surat,Mobile,Medium,C107,Statistics for Data Science,Math,Intermediate,50,4.2,3,38,56.2,3,7.4,0,4,7.5,8,2,2,98.1,60.0,70.7,0,04-07-2025,Debit Card,Yes,No,4184,85,4,2,4.1,Completed,1,0,2,1,2,2,3,1
21012,STU121012,Vihaan Sharma,Female,23,Bachelor,Employed,Indore,Mobile,High,C108,Excel for Business,Business,Beginner,25,4.1,5,37,52.7,2,5.4,4,7,6.3,3,7,2,79.0,83.2,40.6,2,25-02-2024,Free,No,No,0,71,2,0,5.0,Completed,0,0,0,1,0,1,0,2
21013,STU121013,Vivaan Singh,Male,17,Master,Student,Chennai,Laptop,Medium,C101,Python Basics,Programming,Beginner,45,4.6,5,33,82.3,1,6.6,3,8,5.7,7,3,1,64.7,78.4,74.7,1,24-11-2024,NetBanking,Yes,No,4536,59,2,1,4.7,Completed,1,3,2,0,2,1,4,3
21014,STU121014,Aarav Singh,Female,17,Bachelor,Unemployed,Pune,Mobile,Medium,C104,Digital Marketing Essentials,Marketing,Beginner,30,4.3,4,25,45.3,4,4.7,5,5,0.7,6,4,4,84.1,71.0,55.4,2,15-05-2025,UPI,Yes,No,3636,13,0,3,3.9,Not Completed,0,0,3,1,2,1,2,5
21015,STU121015,Priya Shah,Male,30,Master,Student,Delhi,Mobile,High,C108,Excel for Business,Business,Beginner,25,4.1,3,36,63.0,0,0.5,12,8,10.0,4,6,7,62.1,78.2,49.9,2,01-12-2024,Free,No,No,0,64,3,0,4.3,Not Completed,1,3,2,1,0,1,0,2
21016,STU121016,Nikhil Shah,Male,17,Bachelor,Student,Mumbai,Mobile,Medium,C103,Introduction to AI,Programming,Intermediate,75,4.5,4,47,72.4,5,0.9,29,8,4.3,5,5,9,63.5,75.2,59.1,2,14-03-2025,Free,No,No,0,70,0,1,5.0,Not Completed,1,0,2,1,2,2,4,2
21017,STU121017,Vivaan Bose,Female,30,Master,Employed,Kolkata,Mobile,High,C105,UI/UX Design Fundamentals,Design,Beginner,40,4.4,4,18,33.6,0,4.3,8,3,7.3,4,6,3,74.1,78.2,39.7,1,27-09-2025,Debit Card,Yes,No,3666,57,1,0,2.7,Not Completed,0,3,0,1,0,1,1,1
21018,STU121018,Ananya Shah,Female,17,Bachelor,Student,Ahmedabad,Laptop,Low,C107,Statistics for Data Science,Math,Intermediate,50,4.2,3,35,33.3,4,4.8,1,3,5.8,7,3,3,93.3,82.4,57.8,1,29-12-2024,UPI,Yes,No,4259,93,3,0,4.5,Completed,0,0,2,0,1,2,3,5
21019,STU121019,Sakshi Mehta,Female,37,HighSchool,Employed,Jaipur,Mobile,High,C101,Python Basics,Programming,Beginner,45,4.6,2,41,86.9,0,0.5,1,0,6.3,4,6,3,68.8,51.4,57.0,1,31-05-2025,UPI,Yes,No,4423,63,3,0,3.9,Not Completed,0,2,0,1,0,1,4,5
21020,STU121020,Vihaan Patel,Female,20,Bachelor,Student,Bengaluru,Mobile,Medium,C102,Data Analysis with Python,Programming,Intermediate,60,4.7,6,30,66.8,3,7.9,4,6,5.0,5,4,4,73.8,87.7,57.8,2,30-05-2025,UPI,Yes,No,5489,45,5,1,4.1,Completed,0,0,2,1,2,2,4,5
21021,STU121021,Rohan Reddy,Male,31,HighSchool,Student,Jaipur,Mobile,High,C106,Machine Learning A-Z,Programming,Advanced,90,4.6,3,35,80.8,0,0.5,2,6,8.5,7,2,6,53.6,70.9,73.8,1,30-07-2025,UPI,Yes,No,6414,71,2,1,4.2,Not Completed,1,2,2,1,0,0,4,5
21022,STU121022,Ritika Bose,Female,22,HighSchool,Employed,Nagpur,Laptop,High,C101,Python Basics,Programming,Beginner,45,4.6,7,24,47.9,0,2.3,14,4,7.2,3,7,0,54.2,81.8,38.9,0,17-07-2024,Scholarship,No,No,1492,54,0,1,1.8,Completed,0,2,0,0,0,1,4,4
21023,STU121023,Priya Patel,Male,28,PhD,Employed,Mumbai,Laptop,Medium,C104,Digital Marketing Essentials,Marketing,Beginner,30,4.3,5,39,62.1,3,15.7,10,4,4.2,6,4,4,75.4,54.2,60.4,2,27-05-2025,Free,No,No,0,74,4,0,5.0,Completed,1,4,0,0,2,1,2,2
21024,STU121024,Aditya Bose,Female,34,Bachelor,Student,Jaipur,Laptop,Medium,C108,Excel for Business,Business,Beginner,25,4.1,9,42,61.0,3,6.6,1,6,8.2,2,8,7,92.9,70.4,36.9,2,08-06-2025,UPI,Yes,No,3351,54,2,0,4.8,Not Completed,0,0,2,0,2,1,0,5
21025,STU121025,Sai Singh,Female,20,Bachelor,Student,Hyderabad,Mobile,High,C105,UI/UX Design Fundamentals,Design,Beginner,40,4.4,3,32,91.7,4,8.5,17,6,2.7,5,5,6,88.4,80.2,66.1,3,23-08-2025,Free,No,Yes,0,62,0,1,4.0,Completed,0,0,2,1,0,1,1,2
21026,STU121026,Sai Patel,Female,24,HighSchool,Employed,Bengaluru,Mobile,Medium,C104,Digital Marketing Essentials,Marketing,Beginner,30,4.3,6,37,57.7,1,3.3,2,2,8.3,6,4,5,71.9,59.6,59.2,4,19-05-2024,UPI,Yes,No,3159,73,3,0,3.2,Completed,0,2,0,1,2,1,2,5
21027,STU121027,Vivaan Desai,Male,26,Bachelor,Employed,Ahmedabad,Mobile,High,C107,Statistics for Data Science,Math,Intermediate,50,4.2,4,29,80.1,1,0.5,1,10,6.7,3,6,4,66.1,86.4,50.3,2,30-05-2025,Free,No,Yes,0,53,2,0,3.2,Not Completed,1,0,0,1,0,2,3,2
21028,STU121028,Nikhil Reddy,Female,35,Bachelor,Student,Surat,Mobile,Medium,C107,Statistics for Data Science,Math,Intermediate,50,4.2,7,30,43.6,3,6.4,8,6,9.3,4,6,2,85.9,70.9,42.8,4,17-09-2024,Credit Card,Yes,No,4118,58,3,0,3.6,Not Completed,0,0,2,1,2,2,3,0
21029,STU121029,Pooja Desai,Male,27,Master,Student,Mumbai,Mobile,Low,C101,Python Basics,Programming,Beginner,45,4.6,6,40,61.5,2,7.3,5,11,10.0,5,4,5,72.9,63.0,54.7,0,27-07-2024,UPI,Yes,No,4656,38,3,1,4.5,Completed,1,3,2,1,1,1,4,5
21030,STU121030,Rohan Patel,Female,29,Bachelor,Employed,Delhi,Mobile,High,C101,Python Basics,Programming,Beginner,45,4.6,5,28,39.0,2,5.7,3,8,8.1,6,4,4,77.3,57.9,52.6,2,24-12-2023,UPI,Yes,No,4268,58,2,0,3.3,Completed,0,0,0,1,0,1,4,5
21031,STU121031,Isha Reddy,Male,28,Master,Student,Mumbai,Mobile,Medium,C107,Statistics for Data Science,Math,Intermediate,50,4.2,4,22,71.4,4,0.5,0,5,3.8,4,6,1,75.7,91.1,53.5,4,01-02-2024,UPI,Yes,Yes,3637,51,2,0,3.7,Not Completed,1,3,2,1,2,2,3,5
21032,STU121032,Arjun Iyer,Male,19,Master,Unemployed,Delhi,Mobile,Medium,C101,Python Basics,Programming,Beginner,45,4.6,4,40,50.1,1,2.1,2,3,7.2,6,4,7,71.6,65.9,56.8,0,02-09-2024,Credit Card,Yes,Yes,3470,81,2,0,4.2,Completed,1,3,3,1,2,1,4,0
21033,STU121033,Rohan Joshi,Male,28,Bachelor,Self-Employed,Pune,Mobile,Medium,C103,Introduction to AI,Programming,Intermediate,75,4.5,5,26,34.8,6,5.5,24,6,5.9,4,6,6,84.7,91.7,40.8,4,11-09-2025,UPI,Yes,No,5617,56,2,0,3.4,Not Completed,1,0,1,1,2,2,4,5
21034,STU121034,Ananya Iyer,Male,22,Master,Employed,Bhopal,Mobile,Medium,C101,Python Basics,Programming,Beginner,45,4.6,3,41,40.5,3,3.7,0,5,4.4,5,5,4,69.2,80.5,48.2,3,25-06-2024,Credit Card,Yes,No,4313,100,2,4,4.0,Completed,1,3,0,1,2,1,4,0
21035,STU121035,Isha Joshi,Female,25,Bachelor,Employed,Lucknow,Laptop,High,C102,Data Analysis with Python,Programming,Intermediate,60,4.7,5,13,34.0,1,0.5,0,4,7.2,5,5,2,81.3,56.0,44.7,1,18-02-2025,UPI,Yes,Yes,4587,62,2,3,2.8,Not Completed,0,0,0,0,0,2,4,5
21036,STU121036,Sneha Joshi,Male,22,Diploma,Employed,Surat,Mobile,Low,C102,Data Analysis with Python,Programming,Intermediate,60,4.7,5,29,50.1,3,0.5,13,6,3.7,3,6,2,58.4,79.1,39.5,0,23-01-2024,Free,No,No,0,59,0,0,3.3,Completed,1,1,0,1,1,2,4,2
21037,STU121037,Arjun Iyer,Female,27,Bachelor,Employed,Surat,Tablet,Medium,C102,Data Analysis with Python,Programming,Intermediate,60,4.7,2,18,40.4,6,0.5,19,0,3.2,5,5,6,73.2,76.8,48.0,3,29-08-2024,Free,No,No,0,65,2,0,3.3,Completed,0,0,0,2,2,2,4,2
21038,STU121038,Sai Kumar,Female,21,Master,Employed,Jaipur,Laptop,Low,C101,Python Basics,Programming,Beginner,45,4.6,2,49,49.2,2,9.1,4,3,7.7,2,8,3,100.0,64.5,32.5,1,28-03-2025,UPI,Yes,Yes,3810,71,2,1,4.9,Completed,0,3,0,0,1,1,4,5
21039,STU121039,Pooja Shah,Male,17,Bachelor,Employed,Jaipur,Mobile,Medium,C103,Introduction to AI,Programming,Intermediate,75,4.5,4,41,84.4,1,10.1,0,4,9.3,4,6,3,66.2,66.0,56.8,1,19-03-2025,NetBanking,Yes,No,5949,21,3,0,3.7,Not Completed,1,0,0,1,2,2,4,3
21040,STU121040,Sakshi Kumar,Male,27,Bachelor,Employed,Nagpur,Mobile,Low,C103,Introduction to AI,Programming,Intermediate,75,4.5,6,14,28.4,0,1.3,9,4,4.8,6,4,1,80.0,76.4,49.7,1,17-08-2025,Free,No,Yes,0,85,2,2,3.4,Not Completed,1,0,0,1,1,2,4,2
21041,STU121041,Rahul Joshi,Female,25,Bachelor,Employed,Ahmedabad,Mobile,Low,C106,Machine Learning A-Z,Programming,Advanced,90,4.6,4,29,79.1,0,0.5,3,2,7.8,5,5,2,69.6,58.9,60.6,0,01-06-2024,Debit Card,Yes,No,6464,79,1,1,4.1,Completed,0,0,0,1,1,0,4,1
21042,STU121042,Sakshi Gupta,Female,25,Diploma,Student,Bhopal,Mobile,Medium,C104,Digital Marketing Essentials,Marketing,Beginner,30,4.3,4,42,79.8,2,5.2,4,7,6.1,7,3,3,73.6,87.5,74.3,0,11-08-2025,Debit Card,Yes,No,3566,46,7,0,4.0,Not Completed,0,1,2,1,2,1,2,1
21043,STU121043,Aarav Sharma,Male,25,Bachelor,Student,Chennai,Laptop,High,C101,Python Basics,Programming,Beginner,45,4.6,7,18,49.2,4,3.1,19,4,5.8,5,5,3,51.6,40.5,49.2,1,16-04-2024,Free,No,Yes,0,51,0,1,4.3,Not Completed,1,0,2,0,0,1,4,2
21044,STU121044,Meera Bose,Male,28,Diploma,Employed,Jaipur,Mobile,High,C101,Python Basics,Programming,Beginner,45,4.6,7,30,85.9,2,0.8,3,6,5.2,4,6,4,64.6,44.4,56.3,4,18-04-2024,Debit Card,Yes,No,4394,75,0,1,5.0,Not Completed,1,1,0,1,0,1,4,1
21045,STU121045,Priya Verma,Female,30,Bachelor,Student,Bhopal,Mobile,Medium,C104,Digital Marketing Essentials,Marketing,Beginner,30,4.3,7,40,73.7,1,9.7,2,6,5.0,8,2,3,84.0,73.0,77.5,5,06-01-2024,Free,No,No,0,84,3,1,5.0,Not Completed,0,0,2,1,2,1,2,2
21046,STU121046,Aditya Shah,Male,20,Bachelor,Student,Hyderabad,Mobile,High,C107,Statistics for Data Science,Math,Intermediate,50,4.2,9,40,83.4,2,13.7,14,1,7.4,5,5,5,69.1,67.4,62.6,3,06-11-2023,Free,No,Yes,0,53,2,0,4.6,Not Completed,1,0,2,1,0,2,3,2
21047,STU121047,Kavya Sharma,Female,34,Bachelor,Employed,Chennai,Mobile,Medium,C104,Digital Marketing Essentials,Marketing,Beginner,30,4.3,4,35,67.0,3,4.8,5,4,10.0,4,6,2,61.3,64.7,50.7,0,23-02-2024,UPI,Yes,Yes,2728,59,1,1,3.4,Completed,0,0,0,1,2,1,2,5
21048,STU121048,Krishna Verma,Female,27,Bachelor,Student,Vadodara,Laptop,Medium,C106,Machine Learning A-Z,Programming,Advanced,90,4.6,2,17,36.8,3,11.9,8,2,6.4,6,4,5,58.6,89.7,53.4,4,26-02-2025,Credit Card,Yes,No,7100,63,2,1,4.2,Not Completed,0,0,2,0,2,0,4,0
21049,STU121049,Vihaan Sharma,Female,25,Bachelor,Student,Ahmedabad,Laptop,Low,C103,Introduction to AI,Programming,Intermediate,75,4.5,6,52,66.8,0,7.1,1,4,4.6,5,5,3,71.5,69.0,56.8,2,03-02-2025,UPI,Yes,Yes,5006,29,2,1,5.0,Completed,0,0,2,0,1,2,4,5
21050,STU121050,Pooja Singh,Male,27,PhD,Unemployed,Mumbai,Mobile,Medium,C101,Python Basics,Programming,Beginner,45,4.6,3,5,88.5,1,0.5,0,3,6.0,4,6,2,71.7,87.8,59.4,3,03-09-2024,UPI,Yes,No,4267,100,3,3,4.5,Not Completed,1,4,3,1,2,1,4,5
21051,STU121051,Meera Patel,Male,23,Bachelor,Employed,Hyderabad,Mobile,Low,C103,Introduction to AI,Programming,Intermediate,75,4.5,8,39,43.7,0,12.8,4,3,6.7,5,5,1,62.9,60.8,48.3,2,23-11-2023,Credit Card,Yes,No,5483,65,2,3,4.9,Not Completed,1,0,0,1,1,2,4,0
21052,STU121052,Vihaan Kumar,Male,33,Bachelor,Employed,Pune,Laptop,Medium,C107,Statistics for Data Science,Math,Intermediate,50,4.2,7,40,72.7,1,5.9,24,8,4.2,5,5,4,65.4,58.7,58.4,3,08-11-2023,UPI,Yes,No,4392,100,0,1,4.0,Completed,1,0,0,0,2,2,3,5
21053,STU121053,Arjun Desai,Female,28,Bachelor,Employed,Kolkata,Mobile,Low,C107,Statistics for Data Science,Math,Intermediate,50,4.2,3,36,61.6,2,1.2,16,2,5.3,6,4,2,70.4,61.1,60.6,0,20-11-2024,Free,No,Yes,0,47,1,1,3.5,Completed,0,0,0,1,1,2,3,2
21054,STU121054,Kavya Iyer,Male,29,Bachelor,Student,Jaipur,Mobile,Medium,C105,UI/UX Design Fundamentals,Design,Beginner,40,4.4,5,40,84.2,2,9.9,3,4,3.8,7,3,7,80.0,42.2,73.6,5,23-05-2025,UPI,Yes,No,3984,76,6,0,4.4,Completed,1,0,2,1,2,1,1,5
21055,STU121055,Vihaan Iyer,Female,20,Bachelor,Student,Surat,Laptop,Medium,C101,Python Basics,Programming,Beginner,45,4.6,2,35,65.2,1,0.5,7,5,4.6,4,6,5,62.2,84.0,51.0,3,24-07-2024,NetBanking,Yes,No,4076,76,1,0,3.7,Completed,0,0,2,0,2,1,4,3
21056,STU121056,Aarav Kumar,Male,27,HighSchool,Student,Bhopal,Mobile,High,C101,Python Basics,Programming,Beginner,45,4.6,5,28,70.5,3,3.6,1,10,6.5,3,7,6,47.8,68.4,46.1,2,14-04-2025,NetBanking,Yes,Yes,3698,52,1,0,3.8,Completed,1,2,2,1,0,1,4,3
21057,STU121057,Rohan Verma,Female,24,Bachelor,Employed,Ahmedabad,Mobile,Medium,C102,Data Analysis with Python,Programming,Intermediate,60,4.7,5,22,51.7,1,1.3,8,5,6.7,5,5,6,69.7,79.3,52.1,5,12-11-2023,Credit Card,Yes,No,5142,100,3,1,4.7,Completed,0,0,0,1,2,2,4,0
21058,STU121058,Vivaan Bhardwaj,Female,31,Master,Employed,Hyderabad,Laptop,High,C102,Data Analysis with Python,Programming,Intermediate,60,4.7,4,26,48.4,2,0.5,0,4,5.6,2,8,5,52.9,40.1,30.9,1,25-11-2023,Free,No,Yes,0,46,3,0,4.2,Not Completed,0,3,0,0,0,2,4,2
21059,STU121059,Ritika Desai,Female,27,Master,Student,Bhopal,Laptop,Medium,C102,Data Analysis with Python,Programming,Intermediate,60,4.7,4,43,64.9,2,0.5,2,5,10.0,6,4,0,60.2,94.9,63.5,2,20-06-2025,Free,No,Yes,0,68,3,0,4.1,Completed,0,3,2,0,2,2,4,2
21060,STU121060,Kavya Bhardwaj,Female,43,Bachelor,Self-Employed,Indore,Laptop,High,C103,Introduction to AI,Programming,Intermediate,75,4.5,6,26,41.4,4,9.3,2,2,6.3,4,6,4,97.9,77.1,42.3,3,21-11-2024,UPI,Yes,No,5558,70,3,2,4.0,Completed,0,0,1,0,0,2,4,5
21061,STU121061,Ananya Verma,Male,29,Bachelor,Employed,Chennai,Mobile,High,C102,Data Analysis with Python,Programming,Intermediate,60,4.7,3,32,78.5,1,0.5,1,5,7.4,7,3,0,96.8,62.1,72.6,2,07-06-2024,Free,No,No,0,51,1,2,4.3,Not Completed,1,0,0,1,0,2,4,2
21062,STU121062,Krishna Sharma,Female,20,PhD,Employed,Pune,Mobile,High,C101,Python Basics,Programming,Beginner,45,4.6,3,49,73.7,4,3.8,3,11,5.8,4,6,3,84.2,46.9,52.1,2,15-12-2024,Debit Card,Yes,No,4596,82,2,2,3.0,Completed,0,4,0,1,0,1,4,1
21063,STU121063,Sai Sharma,Male,21,Bachelor,Student,Bhopal,Tablet,Low,C102,Data Analysis with Python,Programming,Intermediate,60,4.7,3,26,58.8,5,0.5,5,4,3.6,7,3,1,55.6,66.7,65.9,2,04-02-2025,Credit Card,Yes,No,4799,65,2,1,3.4,Not Completed,1,0,2,2,1,2,4,0
21064,STU121064,Neha Sharma,Male,27,Bachelor,Student,Bhopal,Laptop,Low,C108,Excel for Business,Business,Beginner,25,4.1,3,33,93.4,0,0.5,0,2,8.2,4,6,3,76.9,76.0,60.5,3,20-09-2025,Scholarship,No,No,908,84,4,1,3.7,Not Completed,1,0,2,0,1,1,0,4
21065,STU121065,Ananya Patel,Male,28,Bachelor,Student,Indore,Mobile,Low,C103,Introduction to AI,Programming,Intermediate,75,4.5,7,39,20.8,0,2.7,14,4,4.8,2,8,5,64.1,39.8,21.3,1,28-01-2024,Scholarship,No,No,575,67,2,3,3.8,Not Completed,1,0,2,1,1,2,4,4
21066,STU121066,Isha Bose,Male,31,Bachelor,Employed,Lucknow,Mobile,Medium,C106,Machine Learning A-Z,Programming,Advanced,90,4.6,4,23,24.5,2,2.1,2,4,3.6,6,4,2,81.5,77.5,48.4,6,27-06-2025,UPI,Yes,No,6570,87,5,1,4.4,Not Completed,1,0,0,1,2,0,4,5
21067,STU121067,Kavya Reddy,Male,34,Bachelor,Student,Bhopal,Mobile,Medium,C107,Statistics for Data Science,Math,Intermediate,50,4.2,3,32,83.2,3,4.1,11,5,5.0,6,4,2,86.0,90.9,69.7,5,05-07-2025,Debit Card,Yes,No,4611,73,4,1,4.5,Completed,1,0,2,1,2,2,3,1
21068,STU121068,Aditya Mehta,Male,26,Bachelor,Student,Delhi,Mobile,Medium,C106,Machine Learning A-Z,Programming,Advanced,90,4.6,5,19,87.2,2,0.5,8,6,7.4,7,3,7,69.7,66.9,75.9,2,20-12-2024,UPI,Yes,Yes,5862,87,3,1,3.6,Completed,1,0,2,1,2,0,4,5
21069,STU121069,Nikhil Singh,Male,17,Bachelor,Employed,Bhopal,Mobile,High,C107,Statistics for Data Science,Math,Intermediate,50,4.2,2,30,32.3,3,0.5,4,1,5.1,4,6,3,79.7,51.6,37.9,1,28-05-2025,NetBanking,Yes,No,4844,42,1,1,3.4,Completed,1,0,0,1,0,2,3,3
21070,STU121070,Isha Sharma,Male,29,Bachelor,Employed,Kolkata,Mobile,High,C108,Excel for Business,Business,Beginner,25,4.1,8,13,62.8,3,0.5,6,3,2.9,2,8,4,90.7,58.6,36.9,3,25-11-2024,Scholarship,No,No,1068,91,5,0,5.0,Completed,1,0,0,1,0,1,0,4
21071,STU121071,Neha Gupta,Female,25,Bachelor,Student,Kolkata,Laptop,Medium,C105,UI/UX Design Fundamentals,Design,Beginner,40,4.4,3,36,42.7,4,12.0,1,5,6.1,2,7,1,68.4,49.9,29.4,2,15-03-2025,NetBanking,Yes,No,4388,61,2,1,5.0,Not Completed,0,0,2,0,2,1,1,3
21072,STU121072,Sai Patel,Female,24,Master,Student,Kolkata,Laptop,High,C107,Statistics for Data Science,Math,Intermediate,50,4.2,3,50,61.5,2,0.5,7,5,9.5,7,3,8,96.6,55.0,66.3,5,08-06-2025,NetBanking,Yes,No,4180,68,3,0,5.0,Completed,0,3,2,0,0,2,3,3
21073,STU121073,Pooja Nair,Female,25,Master,Student,Indore,Laptop,Low,C107,Statistics for Data Science,Math,Intermediate,50,4.2,1,15,50.5,3,0.5,3,6,4.1,5,5,4,57.9,87.1,52.0,1,16-12-2023,NetBanking,Yes,No,4108,74,2,1,4.0,Completed,0,3,2,0,1,2,3,3
21074,STU121074,Meera Joshi,Male,31,Bachelor,Employed,Kolkata,Mobile,Medium,C101,Python Basics,Programming,Beginner,45,4.6,8,31,71.2,3,4.0,3,5,6.0,5,4,2,71.3,69.0,58.4,1,21-07-2025,Free,No,No,0,75,3,1,3.8,Not Completed,1,0,0,1,2,1,4,2
21075,STU121075,Priya Kumar,Male,29,Bachelor,Student,Surat,Mobile,High,C106,Machine Learning A-Z,Programming,Advanced,90,4.6,3,34,71.7,5,1.2,12,10,6.5,8,2,2,63.4,61.8,76.2,2,02-09-2025,Debit Card,Yes,No,5878,99,4,3,4.5,Not Completed,1,0,2,1,0,0,4,1
21076,STU121076,Kavya Sharma,Female,23,Bachelor,Employed,Bhopal,Mobile,High,C102,Data Analysis with Python,Programming,Intermediate,60,4.7,2,38,76.8,4,4.7,6,7,4.3,4,6,3,94.1,51.3,53.5,0,17-12-2023,UPI,Yes,No,5238,100,1,1,3.9,Not Completed,0,0,0,1,0,2,4,5
21077,STU121077,Krishna Reddy,Female,34,Master,Employed,Chennai,Laptop,Medium,C102,Data Analysis with Python,Programming,Intermediate,60,4.7,3,33,80.2,2,0.5,2,6,3.4,3,7,3,72.8,66.0,49.4,2,08-02-2024,Credit Card,Yes,No,4539,33,1,3,3.6,Not Completed,0,3,0,0,2,2,4,0
21078,STU121078,Meera Kumar,Female,27,Diploma,Student,Vadodara,Mobile,Medium,C104,Digital Marketing Essentials,Marketing,Beginner,30,4.3,3,38,25.9,4,0.5,1,4,7.0,3,7,1,83.5,46.2,29.4,3,08-12-2024,Free,No,No,0,65,3,0,3.5,Not Completed,0,1,2,1,2,1,2,2
21079,STU121079,Kavya Kumar,Male,17,HighSchool,Student,Pune,Mobile,High,C101,Python Basics,Programming,Beginner,45,4.6,4,11,70.1,0,8.8,28,11,6.3,4,6,2,63.5,60.1,51.6,3,14-03-2024,UPI,Yes,No,4139,37,4,0,3.3,Completed,1,2,2,1,0,1,4,5
21080,STU121080,Vihaan Nair,Female,28,Master,Student,Surat,Mobile,Medium,C102,Data Analysis with Python,Programming,Intermediate,60,4.7,2,25,60.1,1,5.5,9,7,3.6,4,6,4,82.9,66.9,48.4,4,20-03-2024,UPI,Yes,No,5375,65,1,2,4.9,Completed,0,3,2,1,2,2,4,5
21081,STU121081,Sneha Bhardwaj,Female,28,Bachelor,Student,Nagpur,Mobile,Medium,C103,Introduction to AI,Programming,Intermediate,75,4.5,4,17,51.6,2,5.5,0,9,8.2,8,2,3,69.7,63.7,69.2,1,01-06-2024,Free,No,No,0,71,1,3,5.0,Completed,0,0,2,1,2,2,4,2
21082,STU121082,Ananya Iyer,Male,30,Master,Employed,Kolkata,Mobile,High,C102,Data Analysis with Python,Programming,Intermediate,60,4.7,5,32,44.2,4,0.5,0,3,8.0,5,5,8,93.2,90.9,50.0,3,29-04-2024,Debit Card,Yes,Yes,3981,62,2,3,3.0,Not Completed,1,3,0,1,0,2,4,1
21083,STU121083,Vihaan Reddy,Male,32,Master,Employed,Vadodara,Laptop,High,C104,Digital Marketing Essentials,Marketing,Beginner,30,4.3,2,41,31.8,4,14.4,1,7,2.8,6,4,5,81.9,72.8,50.8,2,29-09-2025,Debit Card,Yes,No,3741,60,2,1,3.5,Not Completed,1,3,0,0,0,1,2,1
21084,STU121084,Aditya Shah,Female,26,Bachelor,Employed,Chennai,Mobile,Low,C105,UI/UX Design Fundamentals,Design,Beginner,40,4.4,8,33,77.5,2,5.4,0,2,0.6,3,7,3,72.6,56.8,48.0,3,29-06-2024,Scholarship,No,No,1378,80,6,0,5.0,Not Completed,0,0,0,1,1,1,1,4
21085,STU121085,Kavya Bose,Other,20,Bachelor,Student,Indore,Laptop,Medium,C103,Introduction to AI,Programming,Intermediate,75,4.5,7,34,77.2,2,9.4,8,8,6.0,7,3,5,42.0,75.1,72.8,0,05-11-2024,NetBanking,Yes,No,6017,73,1,3,4.8,Not Completed,2,0,2,0,2,2,4,3
21086,STU121086,Aarav Shah,Male,24,Bachelor,Unemployed,Jaipur,Mobile,High,C108,Excel for Business,Business,Beginner,25,4.1,6,41,86.2,2,0.5,10,4,4.4,6,4,4,53.8,50.5,68.7,9,19-09-2024,UPI,Yes,No,3152,89,2,2,3.4,Completed,1,0,3,1,0,1,0,5
21087,STU121087,Kavya Nair,Female,28,Bachelor,Employed,Indore,Tablet,Medium,C103,Introduction to AI,Programming,Intermediate,75,4.5,3,35,42.0,1,2.3,10,7,5.9,8,2,4,85.7,93.1,67.4,0,01-02-2024,NetBanking,Yes,No,5377,78,5,2,4.8,Completed,0,0,0,2,2,2,4,3
21088,STU121088,Sneha Reddy,Female,27,Master,Self-Employed,Jaipur,Mobile,High,C103,Introduction to AI,Programming,Intermediate,75,4.5,4,25,59.1,3,0.5,1,7,7.9,3,7,3,77.4,66.9,42.0,2,25-08-2025,Scholarship,No,No,1930,80,4,1,4.6,Not Completed,0,3,1,1,0,2,4,4
21089,STU121089,Neha Desai,Female,24,Bachelor,Employed,Bengaluru,Mobile,Medium,C104,Digital Marketing Essentials,Marketing,Beginner,30,4.3,5,39,59.1,2,2.9,6,6,6.9,5,5,4,74.7,85.9,55.0,1,21-04-2024,Debit Card,Yes,No,3842,89,4,0,5.0,Not Completed,0,0,0,1,2,1,2,1
21090,STU121090,Rohan Kumar,Male,17,Master,Student,Bengaluru,Mobile,Medium,C106,Machine Learning A-Z,Programming,Advanced,90,4.6,4,51,62.5,1,8.1,3,2,6.6,7,3,5,68.1,93.3,68.5,2,07-04-2024,UPI,Yes,No,6985,53,4,1,4.2,Not Completed,1,3,2,1,2,0,4,5
21091,STU121091,Vivaan Bhardwaj,Female,34,Bachelor,Unemployed,Kolkata,Mobile,Medium,C104,Digital Marketing Essentials,Marketing,Beginner,30,4.3,7,45,64.2,0,15.4,5,5,6.6,6,4,5,71.4,79.2,62.4,6,22-12-2024,Free,No,No,0,90,3,0,3.5,Completed,0,0,3,1,2,1,2,2
21092,STU121092,Arjun Verma,Male,27,Master,Student,Pune,Laptop,High,C106,Machine Learning A-Z,Programming,Advanced,90,4.6,3,15,80.3,1,0.9,14,5,5.4,3,7,3,82.6,54.6,48.8,0,08-06-2024,UPI,Yes,Yes,5741,84,2,2,3.7,Not Completed,1,3,2,0,0,0,4,5
21093,STU121093,Neha Nair,Male,20,Bachelor,Employed,Bengaluru,Laptop,Medium,C101,Python Basics,Programming,Beginner,45,4.6,6,26,89.9,2,3.0,2,6,4.3,4,6,8,74.1,57.5,58.4,4,01-06-2024,Free,No,Yes,0,71,3,0,4.8,Completed,1,0,0,0,2,1,4,2
21094,STU121094,Arjun Nair,Male,26,Bachelor,Employed,Surat,Laptop,Medium,C103,Introduction to AI,Programming,Intermediate,75,4.5,8,46,68.1,3,6.8,2,6,6.3,6,4,6,75.1,87.9,64.2,1,17-04-2025,Free,No,No,0,57,5,2,3.5,Not Completed,1,0,0,0,2,2,4,2
21095,STU121095,Meera Nair,Female,17,Master,Employed,Jaipur,Mobile,High,C105,UI/UX Design Fundamentals,Design,Beginner,40,4.4,3,22,42.4,1,1.7,2,5,1.8,4,6,2,70.0,47.4,41.2,3,09-03-2025,UPI,Yes,Yes,3719,73,0,0,4.6,Not Completed,0,3,0,1,0,1,1,5
21096,STU121096,Krishna Verma,Male,30,Bachelor,Student,Hyderabad,Tablet,High,C104,Digital Marketing Essentials,Marketing,Beginner,30,4.3,7,52,59.5,4,0.7,8,3,3.0,6,4,2,68.4,59.9,59.8,2,13-05-2025,Debit Card,Yes,Yes,2803,60,3,2,3.3,Not Completed,1,0,2,2,0,1,2,1
21097,STU121097,Nikhil Mehta,Male,19,Master,Unemployed,Mumbai,Mobile,Medium,C105,UI/UX Design Fundamentals,Design,Beginner,40,4.4,3,33,13.4,0,0.5,7,7,7.2,5,5,7,62.4,94.6,39.4,1,21-06-2024,NetBanking,Yes,No,4182,53,1,3,4.7,Not Completed,1,3,3,1,2,1,1,3
21098,STU121098,Sakshi Kumar,Male,18,Bachelor,Employed,Kolkata,Mobile,High,C103,Introduction to AI,Programming,Intermediate,75,4.5,3,28,37.8,3,5.3,0,4,4.3,6,4,2,65.2,74.1,52.9,1,02-11-2024,NetBanking,Yes,No,5759,51,2,0,3.5,Not Completed,1,0,0,1,0,2,4,3
21099,STU121099,Sakshi Gupta,Female,24,PhD,Student,Jaipur,Laptop,High,C102,Data Analysis with Python,Programming,Intermediate,60,4.7,6,33,43.0,4,0.5,5,4,3.7,4,6,5,69.9,74.2,42.8,3,09-07-2024,UPI,Yes,No,4723,81,3,0,3.5,Completed,0,4,2,0,0,2,4,5
21100,STU121100,Rohan Verma,Male,19,Master,Employed,Indore,Laptop,Medium,C104,Digital Marketing Essentials,Marketing,Beginner,30,4.3,6,43,47.3,3,17.3,0,3,9.9,2,8,6,65.0,54.5,31.3,4,26-01-2024,NetBanking,Yes,No,3192,39,3,2,3.9,Completed,1,3,0,0,2,1,2,3
21101,STU121101,Sakshi Kumar,Female,21,HighSchool,Student,Lucknow,Mobile,High,C101,Python Basics,Programming,Beginner,45,4.6,4,25,58.8,2,4.1,3,6,5.7,3,7,3,85.1,88.7,43.0,1,01-08-2024,Credit Card,Yes,No,4086,43,2,3,4.5,Completed,0,2,2,1,0,1,4,0
21102,STU121102,Sneha Sharma,Female,19,Bachelor,Student,Kolkata,Laptop,High,C104,Digital Marketing Essentials,Marketing,Beginner,30,4.3,6,39,67.1,5,3.3,3,7,6.9,6,4,3,88.2,100.0,64.5,6,09-11-2023,Debit Card,Yes,Yes,2887,80,3,2,4.0,Completed,0,0,2,0,0,1,2,1
21103,STU121103,Vihaan Reddy,Male,17,HighSchool,Employed,Delhi,Mobile,Medium,C103,Introduction to AI,Programming,Intermediate,75,4.5,3,27,78.6,0,8.3,1,10,2.3,6,3,1,83.2,75.8,67.3,1,01-08-2024,Free,No,No,0,56,3,0,3.7,Completed,1,2,0,1,2,2,4,2
21104,STU121104,Ritika Bhardwaj,Male,25,Bachelor,Employed,Ahmedabad,Laptop,High,C104,Digital Marketing Essentials,Marketing,Beginner,30,4.3,4,48,64.5,4,3.8,2,8,10.0,5,5,5,76.6,61.6,55.7,4,08-09-2024,Free,No,No,0,72,8,1,3.6,Completed,1,0,0,0,0,1,2,2
21105,STU121105,Vivaan Joshi,Male,28,Master,Employed,Pune,Mobile,Medium,C106,Machine Learning A-Z,Programming,Advanced,90,4.6,4,25,66.7,3,1.9,2,3,8.9,6,4,8,83.2,67.6,62.7,2,14-11-2024,UPI,Yes,No,7117,72,6,1,3.8,Not Completed,1,3,0,1,2,0,4,5
21106,STU121106,Arjun Bose,Female,26,Master,Student,Pune,Mobile,Medium,C103,Introduction to AI,Programming,Intermediate,75,4.5,3,35,50.2,2,2.7,3,6,6.8,4,6,0,79.7,61.9,44.7,2,31-10-2023,Free,No,Yes,0,55,1,0,2.6,Completed,0,3,2,1,2,2,4,2
21107,STU121107,Kavya Shah,Female,22,Bachelor,Employed,Chennai,Laptop,Medium,C104,Digital Marketing Essentials,Marketing,Beginner,30,4.3,9,39,75.9,2,8.5,1,8,6.8,4,6,3,76.5,89.0,55.0,2,02-01-2025,Free,No,No,0,57,2,1,4.8,Completed,0,0,0,0,2,1,2,2
21108,STU121108,Rohan Reddy,Other,19,Bachelor,Student,Ahmedabad,Mobile,Medium,C108,Excel for Business,Business,Beginner,25,4.1,3,21,14.5,2,4.9,9,2,5.9,4,5,4,69.8,62.6,32.2,5,05-11-2023,UPI,Yes,No,3038,72,0,0,2.5,Not Completed,2,0,2,1,2,1,0,5
21109,STU121109,Priya Gupta,Male,24,Master,Employed,Nagpur,Laptop,High,C106,Machine Learning A-Z,Programming,Advanced,90,4.6,8,47,41.5,1,4.4,0,8,6.8,7,3,6,88.9,92.2,61.1,3,14-09-2024,NetBanking,Yes,No,6625,57,1,0,5.0,Completed,1,3,0,0,0,0,4,3
21110,STU121110,Nikhil Mehta,Male,23,Master,Employed,Ahmedabad,Laptop,High,C103,Introduction to AI,Programming,Intermediate,75,4.5,6,11,93.2,0,4.2,11,7,3.4,6,4,2,78.9,100.0,73.6,1,06-03-2024,Free,No,No,0,86,5,0,2.7,Completed,1,3,0,0,0,2,4,2
21111,STU121111,Aditya Joshi,Male,34,Master,Student,Nagpur,Mobile,High,C104,Digital Marketing Essentials,Marketing,Beginner,30,4.3,6,61,72.1,2,6.6,9,9,5.4,4,6,7,71.3,73.0,52.9,3,14-03-2024,NetBanking,Yes,No,3189,94,1,0,4.7,Not Completed,1,3,2,1,0,1,2,3
21112,STU121112,Ananya Gupta,Male,26,PhD,Employed,Jaipur,Laptop,Low,C103,Introduction to AI,Programming,Intermediate,75,4.5,6,23,20.4,5,0.5,6,4,3.5,4,6,3,63.6,66.0,34.5,2,22-11-2024,Free,No,No,0,77,0,1,4.0,Not Completed,1,4,0,0,1,2,4,2
21113,STU121113,Pooja Kumar,Female,34,Diploma,Student,Chennai,Laptop,High,C102,Data Analysis with Python,Programming,Intermediate,60,4.7,5,45,38.5,3,2.0,2,7,5.7,6,4,4,67.0,65.9,52.8,4,19-06-2025,NetBanking,Yes,No,4782,64,1,0,4.3,Completed,0,1,2,0,0,2,4,3
21114,STU121114,Ritika Bose,Male,30,Bachelor,Self-Employed,Jaipur,Mobile,Low,C105,UI/UX Design Fundamentals,Design,Beginner,40,4.4,8,37,27.3,2,6.1,24,2,6.6,6,4,2,86.9,50.7,48.1,0,18-09-2025,Credit Card,Yes,No,4169,63,1,1,4.8,Completed,1,0,1,1,1,1,1,0
21115,STU121115,Sakshi Singh,Female,18,HighSchool,Student,Mumbai,Laptop,Medium,C106,Machine Learning A-Z,Programming,Advanced,90,4.6,4,38,37.5,3,0.5,2,14,8.9,5,5,3,68.9,84.8,47.4,2,21-10-2023,Debit Card,Yes,No,6943,67,3,3,3.6,Not Completed,0,2,2,0,2,0,4,1
21116,STU121116,Aarav Kumar,Female,28,Bachelor,Employed,Chennai,Mobile,High,C103,Introduction to AI,Programming,Intermediate,75,4.5,4,39,33.6,0,5.7,4,2,4.7,4,5,3,58.5,60.3,38.8,2,16-12-2023,Debit Card,Yes,No,6144,35,3,1,3.2,Not Completed,0,0,0,1,0,2,4,1
21117,STU121117,Sneha Iyer,Male,24,Bachelor,Employed,Bengaluru,Laptop,Medium,C101,Python Basics,Programming,Beginner,45,4.6,8,38,49.8,1,2.3,7,3,8.0,6,4,5,70.7,53.1,56.1,3,10-12-2024,UPI,Yes,No,4322,44,0,0,4.7,Not Completed,1,0,0,0,2,1,4,5
21118,STU121118,Vihaan Shah,Female,20,Master,Employed,Bhopal,Laptop,Low,C107,Statistics for Data Science,Math,Intermediate,50,4.2,7,37,86.7,0,1.8,9,5,6.0,4,6,5,84.6,50.7,56.9,3,19-08-2024,Free,No,Yes,0,79,0,1,4.0,Completed,0,3,0,0,1,2,3,2
21119,STU121119,Meera Sharma,Male,26,Bachelor,Employed,Pune,Mobile,Medium,C108,Excel for Business,Business,Beginner,25,4.1,6,23,72.9,2,0.5,7,9,6.3,6,4,3,82.7,81.9,65.6,3,08-11-2023,Free,No,No,0,87,4,3,3.8,Completed,1,0,0,1,2,1,0,2
21120,STU121120,Pooja Verma,Female,22,Bachelor,Self-Employed,Mumbai,Mobile,High,C103,Introduction to AI,Programming,Intermediate,75,4.5,5,50,49.5,6,0.5,1,8,10.0,5,5,1,85.2,80.2,51.3,0,12-11-2023,Debit Card,Yes,Yes,5290,62,2,0,3.7,Completed,0,0,1,1,0,2,4,1
21121,STU121121,Nikhil Sharma,Female,29,Bachelor,Student,Jaipur,Tablet,Medium,C105,UI/UX Design Fundamentals,Design,Beginner,40,4.4,4,41,57.5,3,9.0,4,5,8.2,7,3,3,96.9,79.3,66.1,2,20-01-2025,UPI,Yes,No,3679,100,0,0,5.0,Completed,0,0,2,2,2,1,1,5
21122,STU121122,Aarav Mehta,Female,23,Bachelor,Student,Chennai,Laptop,Medium,C104,Digital Marketing Essentials,Marketing,Beginner,30,4.3,5,32,49.7,3,0.5,2,5,3.5,4,6,6,63.7,49.3,43.8,0,06-09-2024,Debit Card,Yes,No,3680,55,1,1,4.4,Completed,0,0,2,0,2,1,2,1
21123,STU121123,Ananya Gupta,Female,30,Master,Self-Employed,Jaipur,Mobile,Medium,C101,Python Basics,Programming,Beginner,45,4.6,7,41,67.7,2,5.0,12,7,6.7,7,3,7,68.3,96.7,70.5,4,17-08-2025,UPI,Yes,No,4123,71,6,3,3.6,Not Completed,0,3,1,1,2,1,4,5
21124,STU121124,Aarav Shah,Male,20,Bachelor,Employed,Bengaluru,Mobile,Medium,C107,Statistics for Data Science,Math,Intermediate,50,4.2,5,44,45.4,1,9.8,3,3,2.8,4,6,3,69.8,74.3,43.6,4,14-01-2024,Debit Card,Yes,No,4648,78,2,0,3.6,Not Completed,1,0,0,1,2,2,3,1
21125,STU121125,Vihaan Kumar,Female,20,Bachelor,Student,Indore,Mobile,High,C101,Python Basics,Programming,Beginner,45,4.6,4,61,94.7,3,8.0,14,3,6.4,5,5,2,62.4,71.6,66.7,2,11-06-2025,Free,No,No,0,91,1,2,4.6,Completed,0,0,2,1,0,1,4,2
21126,STU121126,Aditya Joshi,Male,26,Bachelor,Student,Hyderabad,Laptop,Medium,C107,Statistics for Data Science,Math,Intermediate,50,4.2,5,38,63.3,4,4.7,2,7,7.6,8,2,0,70.0,52.8,72.8,2,30-01-2024,Credit Card,Yes,No,4310,84,3,1,4.0,Completed,1,0,2,0,2,2,3,0
21127,STU121127,Priya Reddy,Male,28,Master,Employed,Bhopal,Mobile,High,C102,Data Analysis with Python,Programming,Intermediate,60,4.7,5,54,45.1,3,0.5,12,3,4.9,3,7,2,61.9,58.2,36.7,1,25-05-2024,Scholarship,No,No,1650,79,3,3,4.8,Completed,1,3,0,1,0,2,4,4
21128,STU121128,Rohan Bhardwaj,Male,29,Diploma,Student,Indore,Mobile,Medium,C105,UI/UX Design Fundamentals,Design,Beginner,40,4.4,7,40,65.1,4,0.5,1,11,6.3,4,6,3,94.8,77.2,50.7,1,25-01-2025,Debit Card,Yes,No,3848,38,3,1,4.0,Not Completed,1,1,2,1,2,1,1,1
21129,STU121129,Aarav Shah,Female,21,Bachelor,Student,Ahmedabad,Mobile,High,C105,UI/UX Design Fundamentals,Design,Beginner,40,4.4,4,47,15.4,5,9.7,10,6,4.3,4,6,2,76.0,70.2,32.9,1,29-03-2025,Credit Card,Yes,No,4020,83,3,1,4.4,Completed,0,0,2,1,0,1,1,0
21130,STU121130,Krishna Joshi,Female,25,HighSchool,Student,Chennai,Laptop,High,C107,Statistics for Data Science,Math,Intermediate,50,4.2,8,42,89.8,5,2.3,2,6,6.3,7,3,3,81.3,93.5,78.1,1,15-06-2024,Free,No,No,0,58,0,0,4.5,Not Completed,0,2,2,0,0,2,3,2
21131,STU121131,Sai Reddy,Female,21,Bachelor,Student,Kolkata,Mobile,High,C101,Python Basics,Programming,Beginner,45,4.6,4,31,43.1,1,8.5,2,2,7.1,4,6,5,73.5,79.9,43.1,1,05-12-2024,Debit Card,Yes,No,4256,38,5,0,5.0,Completed,0,0,2,1,0,1,4,1
21132,STU121132,Aditya Desai,Male,28,HighSchool,Employed,Vadodara,Laptop,Medium,C105,UI/UX Design Fundamentals,Design,Beginner,40,4.4,5,49,90.3,3,9.4,6,4,5.2,7,3,2,70.2,69.3,77.1,6,18-03-2024,Free,No,Yes,0,76,4,0,4.7,Not Completed,1,2,0,0,2,1,1,2
21133,STU121133,Ritika Gupta,Female,20,Bachelor,Employed,Vadodara,Laptop,Low,C107,Statistics for Data Science,Math,Intermediate,50,4.2,4,30,39.2,0,5.6,15,5,5.0,4,6,2,66.6,47.4,40.1,3,04-03-2025,NetBanking,Yes,No,4714,58,2,0,4.6,Not Completed,0,0,0,0,1,2,3,3
21134,STU121134,Pooja Bose,Female,24,Bachelor,Employed,Bengaluru,Mobile,High,C102,Data Analysis with Python,Programming,Intermediate,60,4.7,5,43,62.6,3,5.6,2,6,6.7,4,6,2,76.0,60.1,48.9,3,27-12-2024,Free,No,Yes,0,39,3,0,4.4,Not Completed,0,0,0,1,0,2,4,2
21135,STU121135,Rahul Shah,Male,29,Master,Student,Kolkata,Laptop,High,C103,Introduction to AI,Programming,Intermediate,75,4.5,4,32,94.8,3,0.5,3,10,9.5,7,3,7,73.2,65.7,78.5,7,22-08-2025,Credit Card,Yes,No,5423,89,3,0,5.0,Completed,1,3,2,0,0,2,4,0
21136,STU121136,Sai Mehta,Male,21,Bachelor,Employed,Ahmedabad,Mobile,High,C102,Data Analysis with Python,Programming,Intermediate,60,4.7,3,30,87.2,0,4.1,3,3,6.3,7,3,3,89.6,76.8,76.4,2,18-06-2025,Scholarship,No,Yes,722,67,5,0,5.0,Completed,1,0,0,1,0,2,4,4
21137,STU121137,Meera Bose,Male,41,Bachelor,Student,Indore,Mobile,High,C107,Statistics for Data Science,Math,Intermediate,50,4.2,3,51,98.0,4,3.3,7,8,9.2,4,6,7,95.8,71.5,61.9,2,14-06-2025,UPI,Yes,No,4832,97,2,1,3.8,Completed,1,0,2,1,0,2,3,5
21138,STU121138,Meera Nair,Female,32,Bachelor,Student,Hyderabad,Mobile,Medium,C101,Python Basics,Programming,Beginner,45,4.6,6,17,67.7,1,5.4,6,8,4.9,4,6,6,92.4,82.4,51.8,1,23-08-2024,UPI,Yes,Yes,3681,67,0,0,4.5,Completed,0,0,2,1,2,1,4,5
21139,STU121139,Arjun Sharma,Male,29,Diploma,Student,Kolkata,Mobile,Medium,C101,Python Basics,Programming,Beginner,45,4.6,4,26,36.5,2,0.5,2,2,1.9,7,2,4,80.6,54.2,57.5,1,26-06-2025,UPI,Yes,No,3980,65,0,2,4.5,Completed,1,1,2,1,2,1,4,5
21140,STU121140,Vihaan Mehta,Female,17,Bachelor,Student,Surat,Mobile,High,C102,Data Analysis with Python,Programming,Intermediate,60,4.7,4,47,50.2,1,0.5,1,9,6.3,3,7,7,73.3,58.5,38.5,4,27-06-2025,Free,No,No,0,81,2,1,3.9,Completed,0,0,2,1,0,2,4,2
21141,STU121141,Pooja Bhardwaj,Female,19,HighSchool,Student,Surat,Laptop,High,C108,Excel for Business,Business,Beginner,25,4.1,8,54,91.0,0,11.2,3,6,4.1,5,4,1,84.1,49.5,64.3,4,07-11-2024,UPI,Yes,Yes,2680,41,4,0,4.6,Completed,0,2,2,0,0,1,0,5
21142,STU121142,Krishna Bose,Male,27,PhD,Employed,Bhopal,Mobile,Medium,C107,Statistics for Data Science,Math,Intermediate,50,4.2,5,42,72.0,2,1.7,5,4,8.0,3,7,3,62.3,67.9,46.6,1,25-09-2025,UPI,Yes,No,4286,89,3,0,4.6,Not Completed,1,4,0,1,2,2,3,5
21143,STU121143,Nikhil Kumar,Female,17,Master,Employed,Lucknow,Laptop,High,C108,Excel for Business,Business,Beginner,25,4.1,7,35,81.9,2,0.5,4,5,10.0,7,3,4,85.2,66.1,74.0,5,06-07-2025,Debit Card,Yes,No,3271,97,3,2,4.6,Completed,0,3,0,0,0,1,0,1
21144,STU121144,Vivaan Joshi,Female,27,Bachelor,Employed,Indore,Mobile,High,C102,Data Analysis with Python,Programming,Intermediate,60,4.7,6,27,77.5,1,3.0,7,11,9.4,4,6,4,69.5,41.9,53.2,1,03-02-2025,Scholarship,No,Yes,552,73,3,0,3.3,Completed,0,0,0,1,0,2,4,4
21145,STU121145,Sneha Desai,Male,28,Master,Unemployed,Vadodara,Mobile,High,C105,UI/UX Design Fundamentals,Design,Beginner,40,4.4,2,35,68.8,1,0.5,9,3,3.8,3,7,4,59.1,89.4,46.6,5,05-09-2025,Free,No,No,0,56,1,0,5.0,Not Completed,1,3,3,1,0,1,1,2
21146,STU121146,Neha Bhardwaj,Female,25,Bachelor,Employed,Jaipur,Mobile,Low,C101,Python Basics,Programming,Beginner,45,4.6,7,28,32.1,3,0.5,1,1,5.7,7,2,6,73.4,78.2,57.1,2,27-06-2025,Debit Card,Yes,No,4647,73,2,1,4.9,Completed,0,0,0,1,1,1,4,1
21147,STU121147,Pooja Nair,Female,21,Bachelor,Employed,Delhi,Mobile,High,C106,Machine Learning A-Z,Programming,Advanced,90,4.6,4,39,96.5,2,3.8,1,8,5.2,3,7,7,77.0,69.9,55.3,3,04-07-2024,Free,No,No,0,87,1,0,4.3,Not Completed,0,0,0,1,0,0,4,2
21148,STU121148,Vihaan Bose,Male,30,Master,Employed,Mumbai,Mobile,Medium,C101,Python Basics,Programming,Beginner,45,4.6,5,39,78.3,2,0.5,2,5,3.9,5,5,3,93.2,76.6,61.3,4,04-05-2025,Credit Card,Yes,Yes,3546,56,2,2,5.0,Not Completed,1,3,0,1,2,1,4,0
21149,STU121149,Sakshi Nair,Male,20,Bachelor,Employed,Surat,Laptop,Low,C108,Excel for Business,Business,Beginner,25,4.1,4,24,96.1,3,2.8,2,8,4.6,3,7,2,88.6,72.8,55.3,0,06-08-2025,UPI,Yes,Yes,3017,86,1,1,3.9,Completed,1,0,0,0,1,1,0,5
21150,STU121150,Sai Mehta,Female,27,Master,Employed,Jaipur,Tablet,Medium,C106,Machine Learning A-Z,Programming,Advanced,90,4.6,6,35,67.5,0,7.9,3,4,6.3,4,6,4,87.0,56.7,50.4,2,10-10-2024,Credit Card,Yes,No,6096,74,3,0,4.8,Completed,0,3,0,2,2,0,4,0
21151,STU121151,Sakshi Desai,Male,24,HighSchool,Student,Ahmedabad,Mobile,Low,C103,Introduction to AI,Programming,Intermediate,75,4.5,3,35,46.2,3,0.5,11,8,7.3,3,7,2,70.8,75.8,37.9,4,09-05-2024,Scholarship,No,No,1825,97,0,1,4.3,Not Completed,1,2,2,1,1,2,4,4
21152,STU121152,Meera Singh,Male,34,Bachelor,Student,Jaipur,Mobile,Medium,C101,Python Basics,Programming,Beginner,45,4.6,4,26,34.8,4,3.3,0,8,7.5,4,6,3,72.3,72.8,39.8,4,05-11-2024,UPI,Yes,No,4435,57,2,1,5.0,Not Completed,1,0,2,1,2,1,4,5
21153,STU121153,Priya Mehta,Female,28,Bachelor,Student,Jaipur,Mobile,High,C103,Introduction to AI,Programming,Intermediate,75,4.5,3,32,82.6,2,3.2,2,7,6.7,5,5,4,75.0,61.3,62.0,2,18-09-2025,Free,No,No,0,79,1,1,4.8,Completed,0,0,2,1,0,2,4,2
21154,STU121154,Sakshi Gupta,Male,27,Master,Student,Delhi,Mobile,Medium,C105,UI/UX Design Fundamentals,Design,Beginner,40,4.4,7,34,43.2,1,0.5,1,6,2.7,4,5,3,76.0,54.8,41.9,7,09-05-2024,Credit Card,Yes,No,3881,100,1,1,5.0,Completed,1,3,2,1,2,1,1,0
21155,STU121155,Meera Nair,Female,19,Bachelor,Student,Mumbai,Mobile,Medium,C102,Data Analysis with Python,Programming,Intermediate,60,4.7,4,23,88.7,4,0.5,5,9,7.1,3,7,5,62.4,84.4,53.3,2,17-07-2024,UPI,Yes,No,5020,59,1,1,3.4,Not Completed,0,0,2,1,2,2,4,5
21156,STU121156,Meera Nair,Female,28,Bachelor,Employed,Pune,Mobile,Medium,C106,Machine Learning A-Z,Programming,Advanced,90,4.6,9,38,51.5,4,10.1,1,5,6.7,5,5,0,48.2,65.9,51.3,5,23-04-2024,Scholarship,No,Yes,893,48,3,2,4.1,Completed,0,0,0,1,2,0,4,4
21157,STU121157,Pooja Shah,Female,40,Bachelor,Student,Ahmedabad,Mobile,Medium,C105,UI/UX Design Fundamentals,Design,Beginner,40,4.4,4,33,61.4,1,0.5,9,4,6.7,5,5,1,80.0,40.2,53.5,3,07-03-2025,NetBanking,Yes,Yes,3495,84,2,1,3.2,Completed,0,0,2,1,2,1,1,3
21158,STU121158,Vivaan Reddy,Female,35,Bachelor,Employed,Hyderabad,Laptop,Medium,C101,Python Basics,Programming,Beginner,45,4.6,4,13,51.8,2,0.5,0,8,7.2,3,7,5,65.0,75.2,39.9,1,17-05-2025,NetBanking,Yes,No,4031,66,6,1,3.8,Not Completed,0,0,0,0,2,1,4,3
21159,STU121159,Meera Mehta,Male,29,HighSchool,Employed,Kolkata,Laptop,Low,C102,Data Analysis with Python,Programming,Intermediate,60,4.7,4,28,84.3,2,0.5,1,3,3.0,5,4,3,71.7,50.1,62.0,1,14-12-2023,UPI,Yes,Yes,3960,68,3,1,4.3,Not Completed,1,2,0,0,1,2,4,5
21160,STU121160,Arjun Gupta,Male,25,Bachelor,Employed,Chennai,Mobile,Medium,C104,Digital Marketing Essentials,Marketing,Beginner,30,4.3,5,28,38.3,3,0.5,2,6,2.5,6,4,2,79.1,65.7,52.7,2,22-01-2024,Scholarship,No,No,761,64,1,2,5.0,Not Completed,1,0,0,1,2,1,2,4
21161,STU121161,Isha Desai,Female,26,Bachelor,Student,Mumbai,Laptop,High,C108,Excel for Business,Business,Beginner,25,4.1,4,34,71.4,3,12.7,6,2,3.7,2,7,6,75.0,68.6,40.4,3,17-06-2024,Credit Card,Yes,No,3254,76,1,0,5.0,Not Completed,0,0,2,0,0,1,0,0
21162,STU121162,Aditya Bhardwaj,Female,27,PhD,Employed,Bhopal,Mobile,Medium,C107,Statistics for Data Science,Math,Intermediate,50,4.2,3,22,77.3,0,0.5,5,3,1.7,5,5,10,100.0,62.1,60.2,5,19-10-2024,NetBanking,Yes,Yes,3763,68,1,2,3.5,Completed,0,4,0,1,2,2,3,3
21163,STU121163,Vivaan Shah,Female,25,Master,Employed,Ahmedabad,Mobile,Low,C108,Excel for Business,Business,Beginner,25,4.1,4,37,36.9,1,10.5,2,10,8.0,6,4,2,58.7,80.7,53.0,1,15-02-2025,UPI,Yes,No,3402,85,0,0,4.7,Completed,0,3,0,1,1,1,0,5
21164,STU121164,Rahul Gupta,Male,26,Master,Student,Bengaluru,Laptop,Medium,C107,Statistics for Data Science,Math,Intermediate,50,4.2,7,52,81.3,4,2.7,1,10,6.5,7,3,3,89.7,77.5,74.3,2,22-10-2024,NetBanking,Yes,No,4811,56,2,1,2.9,Completed,1,3,2,0,2,2,3,3
21165,STU121165,Priya Iyer,Male,26,Bachelor,Student,Chennai,Laptop,High,C101,Python Basics,Programming,Beginner,45,4.6,2,33,54.6,3,7.6,3,7,6.5,5,5,4,88.4,78.4,53.0,1,22-04-2025,Scholarship,No,Yes,842,21,7,1,2.9,Completed,1,0,2,0,0,1,4,4
21166,STU121166,Sai Desai,Female,23,HighSchool,Employed,Ahmedabad,Mobile,High,C101,Python Basics,Programming,Beginner,45,4.6,7,51,89.3,6,9.6,8,3,10.0,7,3,5,61.2,63.2,76.4,3,01-04-2025,UPI,Yes,Yes,3254,55,2,0,4.8,Not Completed,0,2,0,1,0,1,4,5
21167,STU121167,Arjun Gupta,Male,23,PhD,Student,Vadodara,Mobile,Low,C106,Machine Learning A-Z,Programming,Advanced,90,4.6,5,31,76.1,0,0.5,26,3,6.3,4,6,1,68.0,85.5,54.9,1,29-02-2024,Credit Card,Yes,No,6300,100,2,1,2.5,Not Completed,1,4,2,1,1,0,4,0
21168,STU121168,Kavya Iyer,Male,25,HighSchool,Unemployed,Vadodara,Mobile,High,C102,Data Analysis with Python,Programming,Intermediate,60,4.7,6,39,66.3,2,3.3,5,7,8.7,4,6,2,61.5,65.3,50.5,3,24-11-2023,NetBanking,Yes,Yes,4305,39,0,1,3.1,Completed,1,2,3,1,0,2,4,3
21169,STU121169,Priya Kumar,Female,17,Bachelor,Student,Kolkata,Laptop,Medium,C107,Statistics for Data Science,Math,Intermediate,50,4.2,3,43,96.8,3,0.5,2,6,10.0,2,8,3,73.4,73.8,49.6,2,03-12-2023,UPI,Yes,No,4273,86,1,1,2.6,Completed,0,0,2,0,2,2,3,5
21170,STU121170,Rahul Gupta,Male,31,Master,Student,Kolkata,Laptop,Medium,C101,Python Basics,Programming,Beginner,45,4.6,2,27,80.9,3,0.5,0,5,7.2,6,4,6,72.9,76.0,68.1,1,09-08-2024,UPI,Yes,No,4281,29,1,0,3.6,Not Completed,1,3,2,0,2,1,4,5
21171,STU121171,Nikhil Sharma,Female,21,PhD,Student,Lucknow,Mobile,Medium,C103,Introduction to AI,Programming,Intermediate,75,4.5,5,29,85.4,3,0.5,0,5,5.2,7,3,6,86.4,70.0,75.4,5,09-11-2023,Scholarship,No,No,920,82,1,2,3.0,Completed,0,4,2,1,2,2,4,4
21172,STU121172,Meera Nair,Female,18,Bachelor,Unemployed,Pune,Mobile,Low,C108,Excel for Business,Business,Beginner,25,4.1,4,34,56.8,2,0.5,15,0,8.6,4,6,3,60.6,75.5,47.7,4,19-03-2024,Debit Card,Yes,No,3334,57,2,0,4.1,Not Completed,0,0,3,1,1,1,0,1
21173,STU121173,Meera Nair,Female,19,Diploma,Self-Employed,Bhopal,Mobile,High,C103,Introduction to AI,Programming,Intermediate,75,4.5,6,30,67.5,4,0.5,10,4,2.7,4,6,6,73.8,74.1,51.3,3,14-04-2025,Debit Card,Yes,No,5589,100,4,0,4.3,Completed,0,1,1,1,0,2,4,1
21174,STU121174,Meera Bhardwaj,Female,41,Master,Employed,Ahmedabad,Mobile,High,C108,Excel for Business,Business,Beginner,25,4.1,4,27,46.2,2,0.9,0,1,3.1,3,7,3,81.9,67.4,37.5,0,11-03-2024,Free,No,No,0,64,3,0,4.4,Not Completed,0,3,0,1,0,1,0,2
21175,STU121175,Aarav Joshi,Male,30,Master,Employed,Mumbai,Mobile,Medium,C101,Python Basics,Programming,Beginner,45,4.6,8,45,81.1,2,6.4,10,6,5.1,3,7,5,72.6,81.1,50.5,4,25-11-2023,UPI,Yes,No,4044,85,1,1,3.2,Completed,1,3,0,1,2,1,4,5
21176,STU121176,Sakshi Desai,Male,29,Bachelor,Employed,Lucknow,Mobile,High,C102,Data Analysis with Python,Programming,Intermediate,60,4.7,2,28,67.0,3,4.7,1,1,9.1,4,6,5,63.4,66.9,50.8,4,26-05-2024,NetBanking,Yes,No,5154,79,2,2,3.2,Completed,1,0,0,1,0,2,4,3
21177,STU121177,Priya Joshi,Male,30,HighSchool,Employed,Jaipur,Mobile,High,C103,Introduction to AI,Programming,Intermediate,75,4.5,6,35,54.7,0,2.9,3,8,6.2,5,5,0,69.6,54.5,51.9,0,18-10-2023,UPI,Yes,No,5702,85,3,2,2.1,Completed,1,2,0,1,0,2,4,5
21178,STU121178,Meera Joshi,Male,25,Bachelor,Employed,Ahmedabad,Mobile,High,C107,Statistics for Data Science,Math,Intermediate,50,4.2,4,28,63.6,2,2.4,0,2,5.1,4,6,5,100.0,66.5,49.6,0,04-10-2024,UPI,Yes,No,4084,93,2,0,4.8,Not Completed,1,0,0,1,0,2,3,5
21179,STU121179,Neha Nair,Male,23,Master,Student,Lucknow,Mobile,Medium,C102,Data Analysis with Python,Programming,Intermediate,60,4.7,3,50,69.1,3,8.5,2,5,7.7,6,4,3,57.1,47.8,62.6,4,20-05-2024,UPI,Yes,Yes,4355,65,1,0,4.4,Completed,1,3,2,1,2,2,4,5
21180,STU121180,Krishna Shah,Male,21,Bachelor,Student,Chennai,Mobile,Low,C101,Python Basics,Programming,Beginner,45,4.6,7,11,72.0,4,0.5,0,7,8.5,6,4,2,90.0,46.8,63.5,2,02-10-2025,UPI,Yes,No,3895,57,2,0,3.1,Not Completed,1,0,2,1,1,1,4,5
21181,STU121181,Nikhil Kumar,Male,19,Master,Student,Pune,Laptop,Medium,C107,Statistics for Data Science,Math,Intermediate,50,4.2,6,40,47.5,1,2.9,0,2,7.9,1,9,7,74.2,55.8,25.4,1,13-01-2025,UPI,Yes,Yes,3703,66,1,1,3.5,Not Completed,1,3,2,0,2,2,3,5
21182,STU121182,Arjun Bhardwaj,Female,34,Bachelor,Employed,Lucknow,Mobile,Medium,C103,Introduction to AI,Programming,Intermediate,75,4.5,5,19,72.8,3,2.2,15,2,8.1,5,5,1,93.6,52.4,58.1,3,20-09-2025,Debit Card,Yes,Yes,4915,51,0,2,3.6,Not Completed,0,0,0,1,2,2,4,1
21183,STU121183,Rohan Verma,Male,17,Bachelor,Unemployed,Bhopal,Laptop,Low,C101,Python Basics,Programming,Beginner,45,4.6,4,45,56.8,1,5.8,0,4,9.2,4,6,4,73.7,49.5,46.3,0,18-09-2024,UPI,Yes,No,4576,64,1,2,4.3,Completed,1,0,3,0,1,1,4,5
21184,STU121184,Arjun Bhardwaj,Male,28,Bachelor,Employed,Indore,Tablet,Medium,C105,UI/UX Design Fundamentals,Design,Beginner,40,4.4,6,27,91.0,3,0.5,1,8,7.8,3,7,5,74.8,71.0,53.4,3,26-05-2025,Scholarship,No,No,866,51,1,0,2.9,Not Completed,1,0,0,2,2,1,1,4
21185,STU121185,Priya Sharma,Male,28,Master,Student,Indore,Laptop,Medium,C107,Statistics for Data Science,Math,Intermediate,50,4.2,7,23,48.7,5,0.5,2,5,6.2,5,5,4,77.2,47.1,49.4,3,19-07-2025,UPI,Yes,No,4192,83,3,3,3.8,Not Completed,1,3,2,0,2,2,3,5
21186,STU121186,Vivaan Gupta,Female,35,Bachelor,Student,Surat,Mobile,Medium,C103,Introduction to AI,Programming,Intermediate,75,4.5,4,29,83.7,1,0.5,0,3,7.0,4,6,2,60.3,55.6,56.1,0,17-07-2024,UPI,Yes,No,5740,22,4,1,5.0,Completed,0,0,2,1,2,2,4,5
21187,STU121187,Rahul Nair,Female,22,HighSchool,Employed,Indore,Mobile,Medium,C101,Python Basics,Programming,Beginner,45,4.6,1,31,51.1,1,1.8,16,3,7.0,3,7,3,89.7,68.5,39.3,1,23-03-2025,Free,No,Yes,0,24,1,0,4.5,Completed,0,2,0,1,2,1,4,2
21188,STU121188,Arjun Mehta,Female,18,Bachelor,Student,Ahmedabad,Mobile,High,C105,UI/UX Design Fundamentals,Design,Beginner,40,4.4,2,37,81.6,1,0.5,5,4,3.5,3,7,4,81.3,78.0,50.5,2,23-08-2025,Free,No,No,0,42,2,2,3.9,Completed,0,0,2,1,0,1,1,2
21189,STU121189,Aarav Bose,Female,20,Master,Student,Lucknow,Mobile,Medium,C105,UI/UX Design Fundamentals,Design,Beginner,40,4.4,5,40,50.9,1,3.1,8,1,7.1,4,5,3,85.7,89.8,46.3,2,11-01-2024,UPI,Yes,No,4036,86,2,1,3.2,Completed,0,3,2,1,2,1,1,5
21190,STU121190,Sai Joshi,Female,23,Bachelor,Employed,Bhopal,Mobile,Medium,C102,Data Analysis with Python,Programming,Intermediate,60,4.7,6,14,56.8,4,3.3,2,5,8.3,5,5,9,65.0,66.5,53.2,3,07-03-2024,Free,No,No,0,50,1,1,3.5,Not Completed,0,0,0,1,2,2,4,2
21191,STU121191,Ananya Mehta,Male,25,Bachelor,Student,Pune,Mobile,High,C102,Data Analysis with Python,Programming,Intermediate,60,4.7,8,36,77.8,1,3.3,0,8,5.9,8,2,6,74.1,80.4,79.2,0,05-05-2024,Credit Card,Yes,No,5013,52,2,0,4.9,Completed,1,0,2,1,0,2,4,0
21192,STU121192,Ananya Joshi,Male,34,Master,Employed,Surat,Laptop,Low,C106,Machine Learning A-Z,Programming,Advanced,90,4.6,2,31,92.2,4,5.8,8,4,5.0,2,8,3,77.4,72.0,47.9,3,04-08-2024,UPI,Yes,Yes,5201,85,2,1,3.4,Completed,1,3,0,0,1,0,4,5
21193,STU121193,Aarav Bhardwaj,Female,25,Diploma,Student,Lucknow,Laptop,Medium,C106,Machine Learning A-Z,Programming,Advanced,90,4.6,6,27,97.9,5,1.8,0,9,6.5,3,7,0,75.8,56.6,55.1,4,24-07-2024,UPI,Yes,No,6283,97,2,1,4.5,Completed,0,1,2,0,2,0,4,5
21194,STU121194,Krishna Patel,Female,17,Bachelor,Employed,Surat,Mobile,Medium,C104,Digital Marketing Essentials,Marketing,Beginner,30,4.3,4,30,35.5,4,6.0,12,6,4.8,3,7,4,86.9,63.7,33.6,2,15-08-2024,Free,No,No,0,38,2,0,5.0,Not Completed,0,0,0,1,2,1,2,2
21195,STU121195,Rohan Iyer,Female,31,Master,Employed,Indore,Laptop,Low,C103,Introduction to AI,Programming,Intermediate,75,4.5,3,38,78.1,2,8.1,7,8,2.4,6,4,3,74.9,48.1,65.7,3,10-12-2024,UPI,Yes,No,5815,88,2,0,2.3,Not Completed,0,3,0,0,1,2,4,5
21196,STU121196,Isha Nair,Male,24,Master,Student,Ahmedabad,Mobile,High,C104,Digital Marketing Essentials,Marketing,Beginner,30,4.3,6,19,59.6,5,0.5,8,11,7.2,7,3,5,84.8,75.9,66.7,7,04-09-2025,UPI,Yes,No,3378,50,3,0,5.0,Not Completed,1,3,2,1,0,1,2,5
21197,STU121197,Vivaan Joshi,Female,28,Bachelor,Employed,Ahmedabad,Mobile,High,C106,Machine Learning A-Z,Programming,Advanced,90,4.6,7,23,66.0,1,3.2,24,3,3.4,3,7,3,95.1,66.7,44.4,1,24-01-2024,Debit Card,Yes,Yes,5418,53,4,2,4.1,Not Completed,0,0,0,1,0,0,4,1
21198,STU121198,Nikhil Bhardwaj,Male,27,Bachelor,Student,Chennai,Mobile,Low,C101,Python Basics,Programming,Beginner,45,4.6,6,34,77.2,0,0.5,1,6,6.7,5,5,3,91.8,89.5,61.5,1,23-09-2025,Credit Card,Yes,No,3877,88,3,0,4.9,Completed,1,0,2,1,1,1,4,0
21199,STU121199,Vivaan Mehta,Female,23,HighSchool,Student,Jaipur,Mobile,Medium,C103,Introduction to AI,Programming,Intermediate,75,4.5,5,38,66.1,1,0.5,13,6,6.8,3,7,0,72.1,70.0,44.6,3,25-09-2025,Credit Card,Yes,No,6106,76,1,1,3.7,Not Completed,0,2,2,1,2,2,4,0
21200,STU121200,Vivaan Reddy,Female,36,HighSchool,Employed,Delhi,Mobile,Low,C102,Data Analysis with Python,Programming,Intermediate,60,4.7,3,14,54.5,1,0.5,4,4,6.0,2,8,0,84.1,59.2,34.0,1,14-03-2025,Debit Card,Yes,Yes,4568,76,1,1,4.6,Not Completed,0,2,0,1,1,2,4,1
21201,STU121201,Aarav Bose,Male,32,HighSchool,Employed,Bengaluru,Laptop,High,C105,UI/UX Design Fundamentals,Design,Beginner,40,4.4,5,19,30.3,2,0.5,6,3,6.7,4,6,5,50.9,35.5,36.4,1,20-03-2025,UPI,Yes,Yes,3226,55,0,1,2.2,Not Completed,1,2,0,0,0,1,1,5
21202,STU121202,Meera Gupta,Male,20,Bachelor,Student,Hyderabad,Laptop,High,C101,Python Basics,Programming,Beginner,45,4.6,4,34,61.4,0,4.6,12,4,3.4,5,4,6,100.0,63.6,54.7,4,26-09-2025,Free,No,No,0,31,5,0,5.0,Completed,1,0,2,0,0,1,4,2
21203,STU121203,Arjun Nair,Female,22,Bachelor,Employed,Ahmedabad,Mobile,High,C102,Data Analysis with Python,Programming,Intermediate,60,4.7,3,30,62.4,3,1.5,2,4,9.6,6,4,2,84.9,69.1,61.3,1,17-11-2023,UPI,Yes,No,4824,67,5,1,4.7,Completed,0,0,0,1,0,2,4,5
21204,STU121204,Isha Bhardwaj,Male,31,HighSchool,Employed,Hyderabad,Mobile,Medium,C102,Data Analysis with Python,Programming,Intermediate,60,4.7,2,16,40.6,1,3.5,3,6,5.2,4,5,1,52.8,53.4,40.9,4,30-10-2024,Free,No,No,0,58,1,2,4.4,Not Completed,1,2,0,1,2,2,4,2
21205,STU121205,Aditya Reddy,Female,39,Master,Employed,Delhi,Laptop,Medium,C104,Digital Marketing Essentials,Marketing,Beginner,30,4.3,2,37,91.5,3,0.5,0,7,8.7,5,5,3,93.1,90.6,66.5,0,17-02-2024,Free,No,No,0,45,1,1,4.8,Completed,0,3,0,0,2,1,2,2
21206,STU121206,Rahul Gupta,Female,24,Diploma,Student,Bengaluru,Laptop,Low,C101,Python Basics,Programming,Beginner,45,4.6,3,53,34.2,4,0.5,8,4,5.9,3,7,3,76.6,51.7,32.6,1,26-06-2024,Free,No,No,0,97,2,0,4.2,Not Completed,0,1,2,0,1,1,4,2
21207,STU121207,Vihaan Reddy,Male,32,Bachelor,Student,Bengaluru,Laptop,Medium,C102,Data Analysis with Python,Programming,Intermediate,60,4.7,2,25,23.0,1,0.5,2,6,5.7,5,5,4,93.4,73.9,41.7,3,27-12-2023,UPI,Yes,No,4807,46,1,0,5.0,Completed,1,0,2,0,2,2,4,5
21208,STU121208,Krishna Verma,Male,17,Master,Employed,Bhopal,Laptop,Medium,C107,Statistics for Data Science,Math,Intermediate,50,4.2,5,44,58.9,3,0.5,3,5,10.0,7,3,4,87.3,66.1,65.9,2,26-04-2025,Free,No,Yes,0,77,1,0,5.0,Completed,1,3,0,0,2,2,3,2
21209,STU121209,Vivaan Patel,Other,19,PhD,Employed,Mumbai,Mobile,High,C106,Machine Learning A-Z,Programming,Advanced,90,4.6,4,38,26.8,3,0.7,2,6,8.6,3,7,3,97.5,74.1,31.1,2,22-06-2025,Debit Card,Yes,No,6607,59,2,0,3.6,Not Completed,2,4,0,1,0,0,4,1
21210,STU121210,Pooja Bhardwaj,Male,19,Diploma,Employed,Bhopal,Laptop,Medium,C108,Excel for Business,Business,Beginner,25,4.1,7,55,68.6,5,0.5,13,8,8.7,7,3,5,74.8,73.1,69.7,4,21-10-2023,Credit Card,Yes,No,3509,73,0,1,4.5,Completed,1,1,0,0,2,1,0,0
21211,STU121211,Ritika Iyer,Male,28,Bachelor,Student,Indore,Mobile,Medium,C108,Excel for Business,Business,Beginner,25,4.1,7,45,69.9,2,17.1,7,6,8.3,3,7,3,89.4,100.0,47.5,2,01-07-2024,Credit Card,Yes,Yes,2796,82,3,0,4.9,Not Completed,1,0,2,1,2,1,0,0
21212,STU121212,Sakshi Joshi,Male,30,Diploma,Student,Mumbai,Mobile,High,C102,Data Analysis with Python,Programming,Intermediate,60,4.7,6,18,81.3,6,0.5,3,4,8.1,2,8,3,64.0,51.9,43.0,1,03-07-2024,NetBanking,Yes,No,4845,74,1,0,3.9,Not Completed,1,1,2,1,0,2,4,3
21213,STU121213,Isha Reddy,Female,25,HighSchool,Student,Mumbai,Mobile,High,C103,Introduction to AI,Programming,Intermediate,75,4.5,3,28,85.9,1,1.6,6,4,8.8,5,5,1,49.5,88.5,64.5,2,18-01-2025,NetBanking,Yes,No,5661,95,3,2,4.3,Completed,0,2,2,1,0,2,4,3
21214,STU121214,Krishna Mehta,Female,28,Bachelor,Student,Lucknow,Mobile,Medium,C102,Data Analysis with Python,Programming,Intermediate,60,4.7,6,56,86.7,2,4.1,0,5,10.0,6,4,3,69.0,64.3,69.6,0,01-08-2024,Debit Card,Yes,No,4881,45,3,0,5.0,Completed,0,0,2,1,2,2,4,1
21215,STU121215,Vivaan Verma,Male,27,Master,Student,Bengaluru,Mobile,High,C103,Introduction to AI,Programming,Intermediate,75,4.5,6,45,70.2,3,2.9,2,4,6.3,3,7,8,77.4,84.7,46.8,3,07-10-2024,UPI,Yes,No,5616,47,1,0,3.5,Completed,1,3,2,1,0,2,4,5
21216,STU121216,Isha Desai,Female,24,Diploma,Student,Bengaluru,Laptop,Medium,C106,Machine Learning A-Z,Programming,Advanced,90,4.6,4,33,71.4,1,0.5,11,6,5.1,7,3,3,81.8,59.2,70.0,5,17-07-2025,Scholarship,No,No,2734,60,2,2,4.3,Completed,0,1,2,0,2,0,4,4
21217,STU121217,Neha Gupta,Male,36,HighSchool,Student,Nagpur,Laptop,Medium,C102,Data Analysis with Python,Programming,Intermediate,60,4.7,3,21,71.1,0,5.3,15,8,4.8,4,5,3,67.4,48.5,51.3,3,03-08-2025,Free,No,No,0,53,8,0,4.5,Completed,1,2,2,0,2,2,4,2
21218,STU121218,Priya Sharma,Female,29,HighSchool,Student,Vadodara,Mobile,High,C106,Machine Learning A-Z,Programming,Advanced,90,4.6,9,15,55.0,1,1.8,1,3,5.0,1,9,4,81.6,58.3,28.2,3,13-12-2023,UPI,Yes,Yes,5980,53,2,2,5.0,Not Completed,0,2,2,1,0,0,4,5
21219,STU121219,Arjun Gupta,Male,27,PhD,Self-Employed,Surat,Laptop,High,C101,Python Basics,Programming,Beginner,45,4.6,4,43,50.5,3,2.7,2,6,6.1,6,4,3,62.5,47.3,56.0,2,26-05-2024,UPI,Yes,No,3871,92,2,2,3.7,Not Completed,1,4,1,0,0,1,4,5
21220,STU121220,Nikhil Gupta,Female,27,Bachelor,Unemployed,Surat,Laptop,Medium,C106,Machine Learning A-Z,Programming,Advanced,90,4.6,6,17,63.1,2,0.5,3,4,10.0,7,3,4,65.9,63.0,67.2,2,01-05-2024,Credit Card,Yes,No,7065,46,1,2,3.9,Not Completed,0,0,3,0,2,0,4,0
21221,STU121221,Meera Reddy,Female,24,Bachelor,Employed,Nagpur,Laptop,High,C101,Python Basics,Programming,Beginner,45,4.6,7,26,74.3,3,1.4,10,4,10.0,4,6,5,69.2,96.3,54.8,3,31-01-2024,Free,No,No,0,65,6,0,4.7,Completed,0,0,0,0,0,1,4,2
21222,STU121222,Aditya Gupta,Female,30,Master,Student,Pune,Tablet,Medium,C105,UI/UX Design Fundamentals,Design,Beginner,40,4.4,4,37,86.2,4,0.5,3,3,8.0,5,5,8,70.2,87.8,64.5,4,08-08-2025,Credit Card,Yes,Yes,3187,78,1,0,5.0,Completed,0,3,2,2,2,1,1,0
21223,STU121223,Aditya Gupta,Male,28,Bachelor,Employed,Indore,Laptop,Low,C103,Introduction to AI,Programming,Intermediate,75,4.5,4,36,83.3,3,0.5,3,4,9.0,7,3,1,76.2,77.9,75.1,3,12-01-2024,UPI,Yes,Yes,4743,63,1,1,4.1,Completed,1,0,0,0,1,2,4,5
21224,STU121224,Meera Joshi,Female,32,Bachelor,Student,Lucknow,Mobile,Medium,C102,Data Analysis with Python,Programming,Intermediate,60,4.7,4,20,60.4,0,0.5,1,5,5.2,4,6,7,57.7,32.9,46.8,1,14-07-2025,Credit Card,Yes,No,4769,91,3,0,4.3,Not Completed,0,0,2,1,2,2,4,0
21225,STU121225,Meera Verma,Female,21,Bachelor,Student,Lucknow,Mobile,High,C101,Python Basics,Programming,Beginner,45,4.6,5,48,38.8,4,0.5,2,7,7.9,7,3,4,90.9,100.0,60.6,3,12-03-2025,NetBanking,Yes,Yes,3685,91,3,1,4.4,Completed,0,0,2,1,0,1,4,3
21226,STU121226,Priya Desai,Female,17,HighSchool,Employed,Nagpur,Mobile,High,C107,Statistics for Data Science,Math,Intermediate,50,4.2,4,40,49.0,1,3.6,2,5,2.5,3,7,2,82.2,57.9,38.1,4,25-01-2024,UPI,Yes,Yes,3971,36,3,1,5.0,Not Completed,0,2,0,1,0,2,3,5
21227,STU121227,Rahul Verma,Female,32,Master,Student,Mumbai,Laptop,High,C106,Machine Learning A-Z,Programming,Advanced,90,4.6,4,45,58.1,3,2.5,0,6,6.1,8,2,2,61.1,84.0,72.6,3,28-12-2023,Credit Card,Yes,No,5953,43,5,3,5.0,Not Completed,0,3,2,0,0,0,4,0
21228,STU121228,Arjun Desai,Male,36,Diploma,Unemployed,Jaipur,Laptop,High,C106,Machine Learning A-Z,Programming,Advanced,90,4.6,6,40,78.2,5,11.4,3,7,5.9,3,7,7,73.7,70.9,48.9,3,07-03-2024,UPI,Yes,No,6169,100,4,0,5.0,Not Completed,1,1,3,0,0,0,4,5
21229,STU121229,Pooja Patel,Male,20,Bachelor,Self-Employed,Chennai,Laptop,Medium,C107,Statistics for Data Science,Math,Intermediate,50,4.2,4,34,66.3,2,3.6,5,6,5.0,0,10,2,77.7,75.8,27.0,2,08-06-2025,UPI,Yes,No,4914,75,0,0,3.6,Completed,1,0,1,0,2,2,3,5
21230,STU121230,Rahul Iyer,Male,26,HighSchool,Student,Nagpur,Mobile,Medium,C102,Data Analysis with Python,Programming,Intermediate,60,4.7,6,29,25.9,1,0.5,5,2,10.0,3,7,4,83.6,83.5,31.2,3,21-12-2023,Credit Card,Yes,No,5007,59,6,1,4.6,Not Completed,1,2,2,1,2,2,4,0
21231,STU121231,Neha Nair,Male,30,Bachelor,Student,Lucknow,Laptop,High,C106,Machine Learning A-Z,Programming,Advanced,90,4.6,5,33,60.5,5,0.5,1,5,9.6,4,6,5,60.8,71.3,48.7,1,25-10-2024,Credit Card,Yes,No,6460,94,5,2,4.1,Completed,1,0,2,0,0,0,4,0
21232,STU121232,Isha Shah,Female,34,Master,Student,Nagpur,Mobile,Low,C108,Excel for Business,Business,Beginner,25,4.1,3,33,76.8,1,4.9,0,6,4.0,4,6,4,80.6,83.9,55.1,1,10-05-2025,UPI,Yes,Yes,2524,63,2,0,3.8,Completed,0,3,2,1,1,1,0,5
21233,STU121233,Isha Bose,Female,24,Bachelor,Unemployed,Pune,Laptop,High,C101,Python Basics,Programming,Beginner,45,4.6,6,31,78.0,3,3.4,2,1,6.0,4,6,4,59.3,86.2,55.6,5,09-12-2024,Free,No,No,0,52,1,1,3.6,Not Completed,0,0,3,0,0,1,4,2
21234,STU121234,Rahul Shah,Female,31,Master,Employed,Kolkata,Laptop,High,C108,Excel for Business,Business,Beginner,25,4.1,3,11,82.1,1,0.5,0,8,3.8,5,5,3,75.3,71.7,62.3,2,23-10-2023,Debit Card,Yes,No,3013,35,1,2,3.7,Not Completed,0,3,0,0,0,1,0,1
21235,STU121235,Neha Nair,Female,32,Diploma,Employed,Nagpur,Laptop,High,C108,Excel for Business,Business,Beginner,25,4.1,3,43,51.0,1,0.5,11,5,6.4,6,4,1,81.9,65.8,57.1,2,24-01-2024,UPI,Yes,No,3385,74,2,1,4.1,Completed,0,1,0,0,0,1,0,5
21236,STU121236,Sneha Sharma,Male,27,Bachelor,Employed,Chennai,Laptop,Low,C106,Machine Learning A-Z,Programming,Advanced,90,4.6,3,23,72.1,2,5.9,4,3,6.1,4,6,1,51.2,52.5,51.9,3,05-06-2025,NetBanking,Yes,Yes,5361,56,4,0,4.1,Completed,1,0,0,0,1,0,4,3
21237,STU121237,Pooja Joshi,Female,30,Bachelor,Student,Pune,Mobile,Medium,C105,UI/UX Design Fundamentals,Design,Beginner,40,4.4,4,35,38.7,1,0.5,10,7,6.4,8,2,6,72.6,70.1,65.0,3,12-01-2024,UPI,Yes,No,3790,87,2,0,4.2,Completed,0,0,2,1,2,1,1,5
21238,STU121238,Rahul Sharma,Male,22,Bachelor,Student,Nagpur,Tablet,High,C106,Machine Learning A-Z,Programming,Advanced,90,4.6,5,34,43.9,2,12.6,1,5,8.7,4,6,7,60.3,72.3,43.0,3,11-09-2025,Debit Card,Yes,No,6051,76,4,0,4.0,Not Completed,1,0,2,2,0,0,4,1
21239,STU121239,Arjun Kumar,Female,35,HighSchool,Employed,Nagpur,Mobile,Medium,C103,Introduction to AI,Programming,Intermediate,75,4.5,2,31,55.8,1,4.1,11,4,3.8,2,8,3,85.3,40.4,33.5,1,19-08-2025,Scholarship,No,No,798,88,2,2,3.7,Completed,0,2,0,1,2,2,4,4
21240,STU121240,Ritika Iyer,Female,18,Bachelor,Employed,Surat,Mobile,Medium,C101,Python Basics,Programming,Beginner,45,4.6,3,13,43.0,1,0.5,7,2,4.1,4,5,2,71.7,67.7,42.5,0,20-04-2025,UPI,Yes,No,4488,31,2,0,3.4,Not Completed,0,0,0,1,2,1,4,5
21241,STU121241,Rahul Bhardwaj,Male,23,Master,Student,Jaipur,Mobile,Medium,C101,Python Basics,Programming,Beginner,45,4.6,6,21,55.7,3,4.8,1,2,6.2,6,3,1,100.0,64.9,58.7,5,10-12-2023,UPI,Yes,No,4621,80,0,1,4.7,Completed,1,3,2,1,2,1,4,5
21242,STU121242,Kavya Reddy,Male,17,Master,Employed,Pune,Laptop,High,C101,Python Basics,Programming,Beginner,45,4.6,3,29,39.0,4,0.5,1,5,5.5,6,4,4,72.0,75.8,53.5,4,14-05-2025,Credit Card,Yes,No,4012,66,1,3,4.8,Not Completed,1,3,0,0,0,1,4,0
21243,STU121243,Rohan Bhardwaj,Female,33,Bachelor,Employed,Bengaluru,Mobile,Medium,C108,Excel for Business,Business,Beginner,25,4.1,6,26,84.2,1,0.5,4,8,6.0,6,4,6,59.6,54.7,68.2,2,15-04-2024,Credit Card,Yes,No,3500,49,1,2,4.9,Not Completed,0,0,0,1,2,1,0,0
21244,STU121244,Sai Gupta,Female,34,Bachelor,Employed,Bengaluru,Laptop,Medium,C101,Python Basics,Programming,Beginner,45,4.6,2,48,81.3,2,3.9,4,2,3.9,2,8,2,45.8,49.6,43.0,0,23-10-2023,Credit Card,Yes,No,4442,57,1,0,3.8,Not Completed,0,0,0,0,2,1,4,0
21245,STU121245,Arjun Sharma,Female,29,Diploma,Employed,Nagpur,Mobile,Low,C108,Excel for Business,Business,Beginner,25,4.1,2,37,91.1,1,6.6,3,5,4.4,5,5,4,83.0,55.1,64.6,3,18-03-2024,UPI,Yes,Yes,2549,66,3,1,5.0,Not Completed,0,1,0,1,1,1,0,5
21246,STU121246,Krishna Kumar,Male,34,Master,Employed,Lucknow,Laptop,High,C107,Statistics for Data Science,Math,Intermediate,50,4.2,8,44,59.4,4,15.0,3,4,6.7,6,4,4,100.0,74.4,60.5,4,24-08-2024,UPI,Yes,No,4299,56,3,0,4.9,Completed,1,3,0,0,0,2,3,5
21247,STU121247,Vihaan Reddy,Female,31,Diploma,Student,Indore,Mobile,Medium,C106,Machine Learning A-Z,Programming,Advanced,90,4.6,6,24,47.1,4,0.5,1,6,8.2,4,6,3,67.9,69.1,43.9,4,05-02-2024,NetBanking,Yes,Yes,5429,84,2,0,5.0,Completed,0,1,2,1,2,0,4,3
21248,STU121248,Nikhil Singh,Other,29,Bachelor,Employed,Bengaluru,Laptop,High,C108,Excel for Business,Business,Beginner,25,4.1,4,56,51.9,4,0.5,0,7,5.2,5,5,4,86.7,68.8,51.6,4,31-03-2024,Debit Card,Yes,Yes,2743,58,5,1,5.0,Not Completed,2,0,0,0,0,1,0,1
21249,STU121249,Pooja Reddy,Male,34,Bachelor,Student,Delhi,Mobile,Medium,C103,Introduction to AI,Programming,Intermediate,75,4.5,5,25,57.8,1,11.8,1,11,7.3,5,5,5,59.9,75.6,54.0,1,22-06-2025,NetBanking,Yes,No,5474,50,2,0,4.1,Completed,1,0,2,1,2,2,4,3
21250,STU121250,Aditya Gupta,Male,24,Bachelor,Employed,Hyderabad,Mobile,Low,C101,Python Basics,Programming,Beginner,45,4.6,5,45,55.8,1,5.9,0,8,10.0,7,2,1,62.9,38.0,63.4,3,25-08-2024,UPI,Yes,No,4106,78,2,0,4.6,Not Completed,1,0,0,1,1,1,4,5
21251,STU121251,Vihaan Bhardwaj,Female,18,Bachelor,Student,Kolkata,Laptop,High,C106,Machine Learning A-Z,Programming,Advanced,90,4.6,1,26,41.7,1,7.6,8,7,4.6,4,6,4,96.6,83.6,42.8,1,03-06-2024,Free,No,No,0,47,3,2,4.8,Not Completed,0,0,2,0,0,0,4,2
21252,STU121252,Arjun Patel,Female,26,Master,Student,Pune,Laptop,Low,C103,Introduction to AI,Programming,Intermediate,75,4.5,7,26,86.9,0,4.9,2,4,8.6,5,5,3,77.8,75.2,64.2,2,19-02-2025,UPI,Yes,No,5545,64,2,0,5.0,Not Completed,0,3,2,0,1,2,4,5
21253,STU121253,Vihaan Shah,Male,23,HighSchool,Student,Ahmedabad,Mobile,Medium,C105,UI/UX Design Fundamentals,Design,Beginner,40,4.4,5,39,67.0,3,7.9,0,8,6.8,4,6,8,80.9,70.9,51.0,6,04-04-2025,Debit Card,Yes,Yes,3442,44,3,1,5.0,Not Completed,1,2,2,1,2,1,1,1
21254,STU121254,Kavya Patel,Female,23,Bachelor,Employed,Nagpur,Mobile,Medium,C102,Data Analysis with Python,Programming,Intermediate,60,4.7,4,49,42.4,1,6.7,8,2,5.1,4,6,8,60.7,90.8,43.4,0,11-04-2025,Scholarship,No,No,485,64,2,2,4.3,Completed,0,0,0,1,2,2,4,4
21255,STU121255,Neha Desai,Female,18,Bachelor,Employed,Ahmedabad,Mobile,Low,C103,Introduction to AI,Programming,Intermediate,75,4.5,2,30,62.3,2,0.5,0,5,4.4,8,2,3,74.1,51.7,72.4,1,29-07-2025,Free,No,No,0,46,2,2,5.0,Not Completed,0,0,0,1,1,2,4,2
21256,STU121256,Isha Iyer,Male,22,Master,Employed,Kolkata,Laptop,High,C108,Excel for Business,Business,Beginner,25,4.1,6,45,72.7,3,3.4,12,3,5.2,4,6,2,60.4,47.3,51.8,1,03-01-2025,UPI,Yes,Yes,2965,79,2,0,3.6,Completed,1,3,0,0,0,1,0,5
21257,STU121257,Krishna Sharma,Female,26,Diploma,Student,Indore,Mobile,Medium,C102,Data Analysis with Python,Programming,Intermediate,60,4.7,5,37,89.4,1,6.7,8,4,3.8,4,6,3,85.8,81.6,59.4,4,05-10-2025,Scholarship,No,No,584,78,4,1,4.4,Not Completed,0,1,2,1,2,2,4,4
21258,STU121258,Krishna Iyer,Female,28,Master,Student,Delhi,Mobile,Medium,C106,Machine Learning A-Z,Programming,Advanced,90,4.6,4,27,62.5,4,4.5,0,9,5.0,8,2,5,100.0,86.2,74.2,1,10-04-2024,Credit Card,Yes,Yes,5385,74,4,0,3.4,Not Completed,0,3,2,1,2,0,4,0
21259,STU121259,Sakshi Bhardwaj,Female,26,Bachelor,Student,Vadodara,Mobile,Medium,C102,Data Analysis with Python,Programming,Intermediate,60,4.7,2,22,74.9,3,3.6,4,5,4.9,5,5,2,72.9,70.8,59.8,4,15-04-2024,UPI,Yes,No,4728,33,2,1,4.0,Completed,0,0,2,1,2,2,4,5
21260,STU121260,Rohan Bhardwaj,Male,17,Master,Student,Ahmedabad,Mobile,Low,C106,Machine Learning A-Z,Programming,Advanced,90,4.6,5,24,55.2,3,4.5,12,5,6.6,6,4,5,62.5,62.4,58.4,2,28-08-2025,Debit Card,Yes,No,6887,44,1,3,3.0,Not Completed,1,3,2,1,1,0,4,1
21261,STU121261,Rahul Patel,Female,31,Bachelor,Student,Nagpur,Mobile,Medium,C107,Statistics for Data Science,Math,Intermediate,50,4.2,7,28,77.0,0,0.5,1,3,4.7,6,4,1,64.9,82.4,67.1,2,06-12-2023,Debit Card,Yes,Yes,3753,51,1,1,4.0,Completed,0,0,2,1,2,2,3,1
21262,STU121262,Sneha Patel,Female,17,Bachelor,Employed,Bhopal,Mobile,Medium,C106,Machine Learning A-Z,Programming,Advanced,90,4.6,4,14,33.0,2,1.6,3,2,7.0,4,6,3,67.1,84.5,39.8,0,07-01-2025,UPI,Yes,No,6059,76,5,0,5.0,Not Completed,0,0,0,1,2,0,4,5
21263,STU121263,Vihaan Joshi,Female,18,Master,Employed,Nagpur,Mobile,Medium,C103,Introduction to AI,Programming,Intermediate,75,4.5,4,32,91.3,5,16.2,17,2,7.9,6,4,3,51.7,78.4,71.9,5,04-12-2024,Free,No,No,0,44,3,1,4.4,Not Completed,0,3,0,1,2,2,4,2
21264,STU121264,Krishna Mehta,Male,17,Master,Student,Surat,Mobile,High,C106,Machine Learning A-Z,Programming,Advanced,90,4.6,4,32,63.0,2,0.5,10,5,7.4,5,5,3,88.0,96.1,56.9,8,30-12-2024,Free,No,Yes,0,65,4,2,3.7,Completed,1,3,2,1,0,0,4,2
21265,STU121265,Ritika Gupta,Female,21,HighSchool,Employed,Lucknow,Laptop,Medium,C101,Python Basics,Programming,Beginner,45,4.6,5,28,20.4,2,0.5,3,6,6.9,4,6,3,81.8,61.8,34.2,3,20-12-2023,Scholarship,No,No,1649,63,2,1,4.5,Not Completed,0,2,0,0,2,1,4,4
21266,STU121266,Vivaan Bhardwaj,Female,22,Master,Student,Lucknow,Laptop,Low,C107,Statistics for Data Science,Math,Intermediate,50,4.2,7,34,52.9,3,11.8,13,8,8.3,2,8,6,74.2,52.6,33.1,1,28-06-2025,UPI,Yes,No,4452,63,6,5,3.0,Not Completed,0,3,2,0,1,2,3,5
21267,STU121267,Sakshi Reddy,Male,24,Diploma,Student,Vadodara,Mobile,High,C102,Data Analysis with Python,Programming,Intermediate,60,4.7,2,36,80.7,2,6.3,0,2,3.8,4,6,3,82.9,59.9,55.2,3,16-04-2025,Free,No,No,0,44,2,0,5.0,Completed,1,1,2,1,0,2,4,2
21268,STU121268,Sai Bhardwaj,Female,17,Diploma,Student,Mumbai,Laptop,Low,C108,Excel for Business,Business,Beginner,25,4.1,4,15,49.1,1,0.5,4,5,3.7,4,6,1,88.8,86.5,45.5,4,20-10-2024,UPI,Yes,No,2970,75,2,0,5.0,Not Completed,0,1,2,0,1,1,0,5
21269,STU121269,Aarav Bose,Female,30,Bachelor,Employed,Hyderabad,Mobile,High,C104,Digital Marketing Essentials,Marketing,Beginner,30,4.3,4,38,45.6,1,0.5,0,6,6.3,4,5,3,63.8,52.2,42.6,0,24-02-2024,Free,No,No,0,61,0,1,4.8,Not Completed,0,0,0,1,0,1,2,2
21270,STU121270,Isha Iyer,Female,23,Bachelor,Employed,Chennai,Mobile,Low,C102,Data Analysis with Python,Programming,Intermediate,60,4.7,2,39,69.3,3,9.7,6,6,9.1,3,7,3,81.2,94.1,47.0,2,18-10-2024,Debit Card,Yes,No,4605,32,5,0,3.9,Completed,0,0,0,1,1,2,4,1
21271,STU121271,Isha Verma,Female,23,Master,Student,Lucknow,Mobile,Medium,C103,Introduction to AI,Programming,Intermediate,75,4.5,8,28,48.4,3,0.5,0,7,8.2,8,2,8,69.5,79.1,68.9,1,15-06-2025,Credit Card,Yes,Yes,5317,70,5,0,3.9,Completed,0,3,2,1,2,2,4,0
21272,STU121272,Kavya Verma,Male,24,Bachelor,Employed,Bengaluru,Mobile,Low,C107,Statistics for Data Science,Math,Intermediate,50,4.2,1,48,71.9,1,0.5,2,2,8.2,1,9,2,47.0,56.6,34.0,1,12-05-2024,Credit Card,Yes,No,4841,78,0,1,3.7,Not Completed,1,0,0,1,1,2,3,0
21273,STU121273,Meera Patel,Female,17,PhD,Employed,Jaipur,Mobile,High,C107,Statistics for Data Science,Math,Intermediate,50,4.2,7,42,82.8,4,6.3,6,8,4.1,3,7,4,80.8,42.3,49.1,0,18-07-2024,UPI,Yes,No,4320,85,1,0,4.0,Not Completed,0,4,0,1,0,2,3,5
21274,STU121274,Ananya Verma,Male,20,Bachelor,Employed,Lucknow,Mobile,Medium,C105,UI/UX Design Fundamentals,Design,Beginner,40,4.4,4,28,49.5,4,0.5,6,4,6.6,8,2,3,94.7,100.0,70.3,3,28-03-2025,Debit Card,Yes,No,4166,90,2,1,4.1,Completed,1,0,0,1,2,1,1,1
21275,STU121275,Neha Joshi,Female,27,Bachelor,Student,Nagpur,Mobile,High,C104,Digital Marketing Essentials,Marketing,Beginner,30,4.3,4,38,71.3,3,1.4,0,9,5.6,7,3,1,68.7,73.0,70.6,2,20-05-2024,Scholarship,No,No,357,71,3,2,3.0,Completed,0,0,2,1,0,1,2,4
