,round,namespace,pod_name,container_name,joules
0,0,client19,client19-56fccdb4d9-8c7lt,linkerd-init,0.0
1,0,client20,client20-65f8864f77-svj45,client20,714.162
2,0,client20,client20-65f8864f77-svj45,linkerd-init,0.0
3,0,client20,client20-65f8864f77-svj45,sidecar,659.838
4,0,client20,client20-65f8864f77-svj45,linkerd-proxy,713.8200000000002
5,0,server,server-656f98b57f-cw5v7,linkerd-proxy,501.303
6,0,server,server-656f98b57f-cw5v7,linkerd-init,0.0
7,0,client8,client8-5845965f99-rfm7q,client8,863.4239999999999
8,0,client8,client8-5845965f99-rfm7q,sidecar,796.935
9,0,client8,client8-5845965f99-rfm7q,linkerd-proxy,862.9410000000001
10,0,client8,client8-5845965f99-rfm7q,linkerd-init,0.0
11,0,client14,client14-856b5b5576-5k67j,sidecar,810.234
12,0,client14,client14-856b5b5576-5k67j,client14,812.2500000000001
13,0,client14,client14-856b5b5576-5k67j,linkerd-init,0.0
14,0,client14,client14-856b5b5576-5k67j,linkerd-proxy,811.8419999999999
15,0,client10,client10-694b6b97b4-hdndm,sidecar,668.622
16,0,client10,client10-694b6b97b4-hdndm,linkerd-proxy,812.9399999999999
17,0,client10,client10-694b6b97b4-hdndm,client10,813.291
18,0,client10,client10-694b6b97b4-hdndm,linkerd-init,0.0
19,0,api-gateway,api-gateway-6bf76d45b7-57zzf,linkerd-proxy,436.2209999999999
20,0,orchestrator,policy-enforcer-cb8dccbd8-ks275,linkerd-proxy,417.98100000000005
21,0,orchestrator,orchestrator-555f7b7c9d-hzdw9,linkerd-proxy,417.96000000000004
22,0,api-gateway,api-gateway-6bf76d45b7-57zzf,linkerd-init,0.0
23,0,orchestrator,orchestrator-555f7b7c9d-hzdw9,linkerd-init,0.0
24,0,orchestrator,policy-enforcer-cb8dccbd8-ks275,linkerd-init,0.0
25,0,client6,client6-785d875985-2qrc8,client6,899.817
26,0,client6,client6-785d875985-2qrc8,sidecar,897.2429999999999
27,0,client6,client6-785d875985-2qrc8,linkerd-proxy,899.2949999999998
28,0,client6,client6-785d875985-2qrc8,linkerd-init,0.0
29,0,client4,client4-744474fb99-5qgzz,client4,838.278
30,0,client4,client4-744474fb99-5qgzz,sidecar,835.704
31,0,client4,client4-744474fb99-5qgzz,linkerd-proxy,838.0230000000001
32,0,client4,client4-744474fb99-5qgzz,linkerd-init,0.0
33,0,client17,client17-69b85b5ccf-cqlvc,sidecar,610.281
34,0,client17,client17-69b85b5ccf-cqlvc,client17,668.2289999999999
35,0,client17,client17-69b85b5ccf-cqlvc,linkerd-init,0.0
36,0,client17,client17-69b85b5ccf-cqlvc,linkerd-proxy,663.927
37,0,client15,client15-79c969ddf-fwzsg,client15,698.7209999999999
38,0,client15,client15-79c969ddf-fwzsg,sidecar,697.2869999999998
39,0,client15,client15-79c969ddf-fwzsg,linkerd-proxy,698.538
40,0,client15,client15-79c969ddf-fwzsg,linkerd-init,0.0
41,0,client9,client9-d68fb99b4-759gp,linkerd-init,0.0
42,0,client9,client9-d68fb99b4-759gp,client9,686.31
43,0,client9,client9-d68fb99b4-759gp,sidecar,599.598
44,0,client9,client9-d68fb99b4-759gp,linkerd-proxy,683.028
45,0,client5,client5-7d5ff7f8b4-7dnpx,linkerd-proxy,633.057
46,0,client5,client5-7d5ff7f8b4-7dnpx,client5,637.029
47,0,client5,client5-7d5ff7f8b4-7dnpx,sidecar,555.543
48,0,client5,client5-7d5ff7f8b4-7dnpx,linkerd-init,0.0
49,0,client12,client12-79bc8d5846-q7vqg,linkerd-init,0.0
50,0,client12,client12-79bc8d5846-q7vqg,sidecar,628.428
51,0,client12,client12-79bc8d5846-q7vqg,linkerd-proxy,708.306
52,0,client12,client12-79bc8d5846-q7vqg,client12,708.321
53,0,client16,client16-6dc7f87f54-pffhl,client16,688.041
54,0,client16,client16-6dc7f87f54-pffhl,linkerd-init,0.0
55,0,client16,client16-6dc7f87f54-pffhl,linkerd-proxy,687.8609999999999
56,0,client16,client16-6dc7f87f54-pffhl,sidecar,686.031
57,0,client2,client2-86cd6d8cf7-k56gc,client2,684.96
58,0,client2,client2-86cd6d8cf7-k56gc,sidecar,683.358
59,0,client2,client2-86cd6d8cf7-k56gc,linkerd-init,0.0
60,0,client2,client2-86cd6d8cf7-k56gc,linkerd-proxy,684.7079999999999
61,0,client3,client3-58c68898cd-d6vxr,sidecar,698.127
62,0,client3,client3-58c68898cd-d6vxr,client3,700.1639999999999
63,0,client3,client3-58c68898cd-d6vxr,linkerd-init,0.0
64,0,client3,client3-58c68898cd-d6vxr,linkerd-proxy,700.026
65,0,client18,client18-69db77c748-rpjf9,client18,697.872
66,0,client18,client18-69db77c748-rpjf9,sidecar,696.2729999999999
67,0,client18,client18-69db77c748-rpjf9,linkerd-init,0.0
68,0,client18,client18-69db77c748-rpjf9,linkerd-proxy,697.5540000000001
69,0,client7,client7-544486cc98-vfcw4,sidecar,724.5630000000001
70,0,client7,client7-544486cc98-vfcw4,linkerd-proxy,725.4630000000001
71,0,client7,client7-544486cc98-vfcw4,linkerd-init,0.0
72,0,client7,client7-544486cc98-vfcw4,client7,725.9339999999999
73,0,client11,client11-565c48c7c7-fv6s2,sidecar,703.416
74,0,client11,client11-565c48c7c7-fv6s2,linkerd-init,0.0
75,0,client11,client11-565c48c7c7-fv6s2,client11,704.847
76,0,client11,client11-565c48c7c7-fv6s2,linkerd-proxy,704.6519999999998
77,0,client19,client19-56fccdb4d9-8c7lt,client19,688.608
78,0,client19,client19-56fccdb4d9-8c7lt,sidecar,687.0390000000001
79,0,client19,client19-56fccdb4d9-8c7lt,linkerd-proxy,688.335
80,0,client1,client1-7b9db886dd-dmxv5,linkerd-proxy,670.845
81,0,client1,client1-7b9db886dd-dmxv5,sidecar,609.8520000000001
82,0,client1,client1-7b9db886dd-dmxv5,linkerd-init,0.0
83,0,client1,client1-7b9db886dd-dmxv5,client1,673.665
84,0,client13,client13-7bf86f4f87-zd66n,client13,659.613
85,0,client13,client13-7bf86f4f87-zd66n,sidecar,606.972
86,0,client13,client13-7bf86f4f87-zd66n,linkerd-init,0.0
87,0,client13,client13-7bf86f4f87-zd66n,linkerd-proxy,653.385
88,0,server,server-656f98b57f-cw5v7,server,523.377
89,0,server,server-656f98b57f-cw5v7,sidecar,410.628
90,0,orchestrator,orchestrator-555f7b7c9d-hzdw9,orchestrator,242.78099999999998
91,0,orchestrator,orchestrator-555f7b7c9d-hzdw9,sidecar,295.62899999999996
92,0,orchestrator,policy-enforcer-cb8dccbd8-ks275,policy-enforcer,305.57099999999997
93,0,orchestrator,policy-enforcer-cb8dccbd8-ks275,sidecar,320.721
94,0,api-gateway,api-gateway-6bf76d45b7-57zzf,api-gateway,414.414
95,0,api-gateway,api-gateway-6bf76d45b7-57zzf,sidecar,379.0559999999999
96,0,server,maurits-dijk-f9bdae8bserver1-d84vt,hfl-train-model,826.914
97,0,server,maurits-dijk-f9bdae8bserver1-d84vt,sidecar,365.058
98,0,server,maurits-dijk-f9bdae8bserver1-d84vt,hfl-train,497.781
99,0,client17,maurits-dijk-f9bdae8bclient171-lbgvh,sidecar,581.046
100,0,client17,maurits-dijk-f9bdae8bclient171-lbgvh,hfl-train-model,660.7470000000001
101,0,client17,maurits-dijk-f9bdae8bclient171-lbgvh,hfl-train,694.812
102,0,client9,maurits-dijk-f9bdae8bclient91-8xfzw,hfl-train,719.6069999999999
103,0,client9,maurits-dijk-f9bdae8bclient91-8xfzw,hfl-train-model,678.66
104,0,client9,maurits-dijk-f9bdae8bclient91-8xfzw,sidecar,635.595
105,0,client5,maurits-dijk-f9bdae8bclient51-wrbcs,sidecar,563.226
106,0,client5,maurits-dijk-f9bdae8bclient51-wrbcs,hfl-train,664.356
107,0,client5,maurits-dijk-f9bdae8bclient51-wrbcs,hfl-train-model,630.6479999999999
108,0,client1,maurits-dijk-f9bdae8bclient11-dswbz,sidecar,488.4150000000001
109,0,client1,maurits-dijk-f9bdae8bclient11-dswbz,hfl-train-model,665.892
110,0,client1,maurits-dijk-f9bdae8bclient11-dswbz,hfl-train,699.9300000000001
111,0,client13,maurits-dijk-f9bdae8bclient131-rf7k8,hfl-train,701.454
112,0,client13,maurits-dijk-f9bdae8bclient131-rf7k8,sidecar,609.0899999999999
113,0,client13,maurits-dijk-f9bdae8bclient131-rf7k8,hfl-train-model,650.5920000000001
114,1,client19,client19-56fccdb4d9-8c7lt,linkerd-init,0.0
115,1,client20,client20-65f8864f77-svj45,client20,805.623
116,1,client20,client20-65f8864f77-svj45,linkerd-init,0.0
117,1,client20,client20-65f8864f77-svj45,sidecar,724.8120000000001
118,1,client20,client20-65f8864f77-svj45,linkerd-proxy,805.512
119,1,server,server-656f98b57f-cw5v7,linkerd-proxy,455.02200000000005
120,1,server,server-656f98b57f-cw5v7,linkerd-init,0.0
121,1,client8,client8-5845965f99-rfm7q,client8,704.7090000000003
122,1,client8,client8-5845965f99-rfm7q,sidecar,611.6010000000001
123,1,client8,client8-5845965f99-rfm7q,linkerd-proxy,704.3789999999997
124,1,client8,client8-5845965f99-rfm7q,linkerd-init,0.0
125,1,client14,client14-856b5b5576-5k67j,sidecar,702.537
126,1,client14,client14-856b5b5576-5k67j,client14,704.1389999999999
127,1,client14,client14-856b5b5576-5k67j,linkerd-init,0.0
128,1,client14,client14-856b5b5576-5k67j,linkerd-proxy,703.8509999999999
129,1,client10,client10-694b6b97b4-hdndm,sidecar,657.0480000000001
130,1,client10,client10-694b6b97b4-hdndm,linkerd-proxy,733.068
131,1,client10,client10-694b6b97b4-hdndm,client10,733.1790000000001
132,1,client10,client10-694b6b97b4-hdndm,linkerd-init,0.0
133,1,api-gateway,api-gateway-6bf76d45b7-57zzf,linkerd-proxy,372.8610000000001
134,1,orchestrator,policy-enforcer-cb8dccbd8-ks275,linkerd-proxy,353.097
135,1,orchestrator,orchestrator-555f7b7c9d-hzdw9,linkerd-proxy,352.923
136,1,api-gateway,api-gateway-6bf76d45b7-57zzf,linkerd-init,0.0
137,1,orchestrator,orchestrator-555f7b7c9d-hzdw9,linkerd-init,0.0
138,1,orchestrator,policy-enforcer-cb8dccbd8-ks275,linkerd-init,0.0
139,1,client6,client6-785d875985-2qrc8,client6,699.4199999999998
140,1,client6,client6-785d875985-2qrc8,sidecar,697.5540000000001
141,1,client6,client6-785d875985-2qrc8,linkerd-proxy,699.2460000000001
142,1,client6,client6-785d875985-2qrc8,linkerd-init,0.0
143,1,client4,client4-744474fb99-5qgzz,client4,672.306
144,1,client4,client4-744474fb99-5qgzz,sidecar,670.281
145,1,client4,client4-744474fb99-5qgzz,linkerd-proxy,672.1709999999998
146,1,client4,client4-744474fb99-5qgzz,linkerd-init,0.0
147,1,client17,client17-69b85b5ccf-cqlvc,sidecar,622.335
148,1,client17,client17-69b85b5ccf-cqlvc,client17,728.355
149,1,client17,client17-69b85b5ccf-cqlvc,linkerd-init,0.0
150,1,client17,client17-69b85b5ccf-cqlvc,linkerd-proxy,725.7030000000002
151,1,client15,client15-79c969ddf-fwzsg,client15,895.1010000000001
152,1,client15,client15-79c969ddf-fwzsg,sidecar,893.2320000000002
153,1,client15,client15-79c969ddf-fwzsg,linkerd-proxy,894.8309999999999
154,1,client15,client15-79c969ddf-fwzsg,linkerd-init,0.0
155,1,client9,client9-d68fb99b4-759gp,linkerd-init,0.0
156,1,client9,client9-d68fb99b4-759gp,client9,792.8129999999999
157,1,client9,client9-d68fb99b4-759gp,sidecar,620.3340000000002
158,1,client9,client9-d68fb99b4-759gp,linkerd-proxy,791.751
159,1,client5,client5-7d5ff7f8b4-7dnpx,linkerd-proxy,714.9209999999998
160,1,client5,client5-7d5ff7f8b4-7dnpx,client5,719.553
161,1,client5,client5-7d5ff7f8b4-7dnpx,sidecar,585.9570000000001
162,1,client5,client5-7d5ff7f8b4-7dnpx,linkerd-init,0.0
163,1,client12,client12-79bc8d5846-q7vqg,linkerd-init,0.0
164,1,client12,client12-79bc8d5846-q7vqg,sidecar,754.4850000000001
165,1,client12,client12-79bc8d5846-q7vqg,linkerd-proxy,865.7430000000002
166,1,client12,client12-79bc8d5846-q7vqg,client12,865.866
167,1,client16,client16-6dc7f87f54-pffhl,client16,820.3139999999999
168,1,client16,client16-6dc7f87f54-pffhl,linkerd-init,0.0
169,1,client16,client16-6dc7f87f54-pffhl,linkerd-proxy,820.0140000000001
170,1,client16,client16-6dc7f87f54-pffhl,sidecar,817.8960000000002
171,1,client2,client2-86cd6d8cf7-k56gc,client2,917.0699999999999
172,1,client2,client2-86cd6d8cf7-k56gc,sidecar,915.3510000000001
173,1,client2,client2-86cd6d8cf7-k56gc,linkerd-init,0.0
174,1,client2,client2-86cd6d8cf7-k56gc,linkerd-proxy,916.9469999999999
175,1,client3,client3-58c68898cd-d6vxr,sidecar,842.604
176,1,client3,client3-58c68898cd-d6vxr,client3,845.0010000000002
177,1,client3,client3-58c68898cd-d6vxr,linkerd-init,0.0
178,1,client3,client3-58c68898cd-d6vxr,linkerd-proxy,844.8810000000001
179,1,client18,client18-69db77c748-rpjf9,client18,865.962
180,1,client18,client18-69db77c748-rpjf9,sidecar,864.096
181,1,client18,client18-69db77c748-rpjf9,linkerd-init,0.0
182,1,client18,client18-69db77c748-rpjf9,linkerd-proxy,865.7280000000001
183,1,client7,client7-544486cc98-vfcw4,sidecar,820.278
184,1,client7,client7-544486cc98-vfcw4,linkerd-proxy,821.499
185,1,client7,client7-544486cc98-vfcw4,linkerd-init,0.0
186,1,client7,client7-544486cc98-vfcw4,client7,821.8650000000002
187,1,client11,client11-565c48c7c7-fv6s2,sidecar,760.4580000000001
188,1,client11,client11-565c48c7c7-fv6s2,linkerd-init,0.0
189,1,client11,client11-565c48c7c7-fv6s2,client11,762.1800000000001
190,1,client11,client11-565c48c7c7-fv6s2,linkerd-proxy,762.1770000000001
191,1,client19,client19-56fccdb4d9-8c7lt,client19,809.5230000000001
192,1,client19,client19-56fccdb4d9-8c7lt,sidecar,807.684
193,1,client19,client19-56fccdb4d9-8c7lt,linkerd-proxy,809.2769999999998
194,1,client1,client1-7b9db886dd-dmxv5,linkerd-proxy,865.914
195,1,client1,client1-7b9db886dd-dmxv5,sidecar,822.6959999999999
196,1,client1,client1-7b9db886dd-dmxv5,linkerd-init,0.0
197,1,client1,client1-7b9db886dd-dmxv5,client1,865.989
198,1,client13,client13-7bf86f4f87-zd66n,client13,756.2369999999999
199,1,client13,client13-7bf86f4f87-zd66n,sidecar,652.161
200,1,client13,client13-7bf86f4f87-zd66n,linkerd-init,0.0
201,1,client13,client13-7bf86f4f87-zd66n,linkerd-proxy,752.0489999999998
202,1,server,server-656f98b57f-cw5v7,server,472.1460000000001
203,1,server,server-656f98b57f-cw5v7,sidecar,344.85900000000004
204,1,orchestrator,orchestrator-555f7b7c9d-hzdw9,orchestrator,227.16900000000004
205,1,orchestrator,orchestrator-555f7b7c9d-hzdw9,sidecar,259.46999999999997
206,1,orchestrator,policy-enforcer-cb8dccbd8-ks275,policy-enforcer,191.49600000000004
207,1,orchestrator,policy-enforcer-cb8dccbd8-ks275,sidecar,292.29900000000004
208,1,api-gateway,api-gateway-6bf76d45b7-57zzf,api-gateway,384.198
209,1,api-gateway,api-gateway-6bf76d45b7-57zzf,sidecar,243.05700000000013
210,1,server,maurits-dijk-f9bdae8bserver1-d84vt,hfl-train-model,852.3690000000001
211,1,server,maurits-dijk-f9bdae8bserver1-d84vt,sidecar,281.256
212,1,server,maurits-dijk-f9bdae8bserver1-d84vt,hfl-train,448.9859999999999
213,1,client17,maurits-dijk-f9bdae8bclient171-lbgvh,sidecar,592.2239999999998
214,1,client17,maurits-dijk-f9bdae8bclient171-lbgvh,hfl-train-model,722.6549999999999
215,1,client17,maurits-dijk-f9bdae8bclient171-lbgvh,hfl-train,762.087
216,1,client9,maurits-dijk-f9bdae8bclient91-8xfzw,hfl-train,823.221
217,1,client9,maurits-dijk-f9bdae8bclient91-8xfzw,hfl-train-model,784.2750000000001
218,1,client9,maurits-dijk-f9bdae8bclient91-8xfzw,sidecar,745.077
219,1,client5,maurits-dijk-f9bdae8bclient51-wrbcs,sidecar,573.27
220,1,client5,maurits-dijk-f9bdae8bclient51-wrbcs,hfl-train,744.7350000000001
221,1,client5,maurits-dijk-f9bdae8bclient51-wrbcs,hfl-train-model,712.6920000000001
222,1,client1,maurits-dijk-f9bdae8bclient11-dswbz,sidecar,589.5840000000001
223,1,client1,maurits-dijk-f9bdae8bclient11-dswbz,hfl-train-model,860.088
224,1,client1,maurits-dijk-f9bdae8bclient11-dswbz,hfl-train,892.644
225,1,client13,maurits-dijk-f9bdae8bclient131-rf7k8,hfl-train,796.674
226,1,client13,maurits-dijk-f9bdae8bclient131-rf7k8,sidecar,602.2020000000001
227,1,client13,maurits-dijk-f9bdae8bclient131-rf7k8,hfl-train-model,748.8059999999999
228,2,client19,client19-56fccdb4d9-8c7lt,linkerd-init,0.0
229,2,client20,client20-65f8864f77-svj45,client20,670.6980000000001
230,2,client20,client20-65f8864f77-svj45,linkerd-init,0.0
231,2,client20,client20-65f8864f77-svj45,sidecar,589.8599999999999
232,2,client20,client20-65f8864f77-svj45,linkerd-proxy,670.4400000000003
233,2,server,server-656f98b57f-cw5v7,linkerd-proxy,603.2669999999998
234,2,server,server-656f98b57f-cw5v7,linkerd-init,0.0
235,2,client8,client8-5845965f99-rfm7q,client8,872.8289999999997
236,2,client8,client8-5845965f99-rfm7q,sidecar,745.6349999999998
237,2,client8,client8-5845965f99-rfm7q,linkerd-proxy,872.3820000000005
238,2,client8,client8-5845965f99-rfm7q,linkerd-init,0.0
239,2,client14,client14-856b5b5576-5k67j,sidecar,858.0419999999999
240,2,client14,client14-856b5b5576-5k67j,client14,859.9679999999996
241,2,client14,client14-856b5b5576-5k67j,linkerd-init,0.0
242,2,client14,client14-856b5b5576-5k67j,linkerd-proxy,859.7670000000003
243,2,client10,client10-694b6b97b4-hdndm,sidecar,728.4569999999999
244,2,client10,client10-694b6b97b4-hdndm,linkerd-proxy,879.4110000000001
245,2,client10,client10-694b6b97b4-hdndm,client10,879.531
246,2,client10,client10-694b6b97b4-hdndm,linkerd-init,0.0
247,2,api-gateway,api-gateway-6bf76d45b7-57zzf,linkerd-proxy,416.5140000000001
248,2,orchestrator,policy-enforcer-cb8dccbd8-ks275,linkerd-proxy,397.04099999999994
249,2,orchestrator,orchestrator-555f7b7c9d-hzdw9,linkerd-proxy,396.822
250,2,api-gateway,api-gateway-6bf76d45b7-57zzf,linkerd-init,0.0
251,2,orchestrator,orchestrator-555f7b7c9d-hzdw9,linkerd-init,0.0
252,2,orchestrator,policy-enforcer-cb8dccbd8-ks275,linkerd-init,0.0
253,2,client6,client6-785d875985-2qrc8,client6,677.5079999999998
254,2,client6,client6-785d875985-2qrc8,sidecar,675.6929999999998
255,2,client6,client6-785d875985-2qrc8,linkerd-proxy,677.2290000000003
256,2,client6,client6-785d875985-2qrc8,linkerd-init,0.0
257,2,client4,client4-744474fb99-5qgzz,client4,680.7989999999998
258,2,client4,client4-744474fb99-5qgzz,sidecar,678.6749999999997
259,2,client4,client4-744474fb99-5qgzz,linkerd-proxy,680.7060000000004
260,2,client4,client4-744474fb99-5qgzz,linkerd-init,0.0
261,2,client17,client17-69b85b5ccf-cqlvc,sidecar,600.6360000000002
262,2,client17,client17-69b85b5ccf-cqlvc,client17,623.6190000000004
263,2,client17,client17-69b85b5ccf-cqlvc,linkerd-init,0.0
264,2,client17,client17-69b85b5ccf-cqlvc,linkerd-proxy,620.1299999999997
265,2,client15,client15-79c969ddf-fwzsg,client15,694.2959999999998
266,2,client15,client15-79c969ddf-fwzsg,sidecar,692.7149999999997
267,2,client15,client15-79c969ddf-fwzsg,linkerd-proxy,694.0709999999997
268,2,client15,client15-79c969ddf-fwzsg,linkerd-init,0.0
269,2,client9,client9-d68fb99b4-759gp,linkerd-init,0.0
270,2,client9,client9-d68fb99b4-759gp,client9,678.9570000000003
271,2,client9,client9-d68fb99b4-759gp,sidecar,592.6199999999997
272,2,client9,client9-d68fb99b4-759gp,linkerd-proxy,673.9079999999999
273,2,client5,client5-7d5ff7f8b4-7dnpx,linkerd-proxy,609.1319999999998
274,2,client5,client5-7d5ff7f8b4-7dnpx,client5,611.8500000000001
275,2,client5,client5-7d5ff7f8b4-7dnpx,sidecar,473.3729999999998
276,2,client5,client5-7d5ff7f8b4-7dnpx,linkerd-init,0.0
277,2,client12,client12-79bc8d5846-q7vqg,linkerd-init,0.0
278,2,client12,client12-79bc8d5846-q7vqg,sidecar,650.5049999999997
279,2,client12,client12-79bc8d5846-q7vqg,linkerd-proxy,748.1639999999998
280,2,client12,client12-79bc8d5846-q7vqg,client12,748.1339999999998
281,2,client16,client16-6dc7f87f54-pffhl,client16,725.5620000000001
282,2,client16,client16-6dc7f87f54-pffhl,linkerd-init,0.0
283,2,client16,client16-6dc7f87f54-pffhl,linkerd-proxy,725.5319999999997
284,2,client16,client16-6dc7f87f54-pffhl,sidecar,723.4859999999996
285,2,client2,client2-86cd6d8cf7-k56gc,client2,725.9189999999999
286,2,client2,client2-86cd6d8cf7-k56gc,sidecar,724.422
287,2,client2,client2-86cd6d8cf7-k56gc,linkerd-init,0.0
288,2,client2,client2-86cd6d8cf7-k56gc,linkerd-proxy,725.7450000000003
289,2,client3,client3-58c68898cd-d6vxr,sidecar,717.8639999999996
290,2,client3,client3-58c68898cd-d6vxr,client3,720.0989999999999
291,2,client3,client3-58c68898cd-d6vxr,linkerd-init,0.0
292,2,client3,client3-58c68898cd-d6vxr,linkerd-proxy,719.9490000000001
293,2,client18,client18-69db77c748-rpjf9,client18,747.057
294,2,client18,client18-69db77c748-rpjf9,sidecar,745.5180000000003
295,2,client18,client18-69db77c748-rpjf9,linkerd-init,0.0
296,2,client18,client18-69db77c748-rpjf9,linkerd-proxy,746.7869999999998
297,2,client7,client7-544486cc98-vfcw4,sidecar,721.7909999999999
298,2,client7,client7-544486cc98-vfcw4,linkerd-proxy,722.883
299,2,client7,client7-544486cc98-vfcw4,linkerd-init,0.0
300,2,client7,client7-544486cc98-vfcw4,client7,723.2579999999996
301,2,client11,client11-565c48c7c7-fv6s2,sidecar,717.4049999999997
302,2,client11,client11-565c48c7c7-fv6s2,linkerd-init,0.0
303,2,client11,client11-565c48c7c7-fv6s2,client11,718.8269999999998
304,2,client11,client11-565c48c7c7-fv6s2,linkerd-proxy,718.7640000000001
305,2,client19,client19-56fccdb4d9-8c7lt,client19,693.9449999999999
306,2,client19,client19-56fccdb4d9-8c7lt,sidecar,692.4329999999998
307,2,client19,client19-56fccdb4d9-8c7lt,linkerd-proxy,693.7950000000003
308,2,client1,client1-7b9db886dd-dmxv5,linkerd-proxy,709.491
309,2,client1,client1-7b9db886dd-dmxv5,sidecar,704.2050000000004
310,2,client1,client1-7b9db886dd-dmxv5,linkerd-init,0.0
311,2,client1,client1-7b9db886dd-dmxv5,client1,710.9010000000003
312,2,client13,client13-7bf86f4f87-zd66n,client13,609.2640000000004
313,2,client13,client13-7bf86f4f87-zd66n,sidecar,582.8340000000003
314,2,client13,client13-7bf86f4f87-zd66n,linkerd-init,0.0
315,2,client13,client13-7bf86f4f87-zd66n,linkerd-proxy,604.2840000000001
316,2,server,server-656f98b57f-cw5v7,server,612.354
317,2,server,server-656f98b57f-cw5v7,sidecar,575.4479999999999
318,2,orchestrator,orchestrator-555f7b7c9d-hzdw9,orchestrator,289.245
319,2,orchestrator,orchestrator-555f7b7c9d-hzdw9,sidecar,350.9580000000002
320,2,orchestrator,policy-enforcer-cb8dccbd8-ks275,policy-enforcer,288.0809999999999
321,2,orchestrator,policy-enforcer-cb8dccbd8-ks275,sidecar,369.21299999999997
322,2,api-gateway,api-gateway-6bf76d45b7-57zzf,api-gateway,415.24199999999996
323,2,api-gateway,api-gateway-6bf76d45b7-57zzf,sidecar,275.1629999999998
324,2,server,maurits-dijk-f9bdae8bserver1-d84vt,hfl-train-model,865.971
325,2,server,maurits-dijk-f9bdae8bserver1-d84vt,sidecar,335.06100000000015
326,2,server,maurits-dijk-f9bdae8bserver1-d84vt,hfl-train,598.7280000000001
327,2,client17,maurits-dijk-f9bdae8bclient171-lbgvh,sidecar,519.7350000000001
328,2,client17,maurits-dijk-f9bdae8bclient171-lbgvh,hfl-train-model,617.238
329,2,client17,maurits-dijk-f9bdae8bclient171-lbgvh,hfl-train,650.7359999999996
330,2,client9,maurits-dijk-f9bdae8bclient91-8xfzw,hfl-train,705.8820000000001
331,2,client9,maurits-dijk-f9bdae8bclient91-8xfzw,hfl-train-model,668.7420000000002
332,2,client9,maurits-dijk-f9bdae8bclient91-8xfzw,sidecar,624.6210000000001
333,2,client5,maurits-dijk-f9bdae8bclient51-wrbcs,sidecar,429.55500000000006
334,2,client5,maurits-dijk-f9bdae8bclient51-wrbcs,hfl-train,638.6790000000001
335,2,client5,maurits-dijk-f9bdae8bclient51-wrbcs,hfl-train-model,606.6660000000002
336,2,client1,maurits-dijk-f9bdae8bclient11-dswbz,sidecar,446.8979999999999
337,2,client1,maurits-dijk-f9bdae8bclient11-dswbz,hfl-train-model,704.2710000000002
338,2,client1,maurits-dijk-f9bdae8bclient11-dswbz,hfl-train,737.1930000000002
339,2,client13,maurits-dijk-f9bdae8bclient131-rf7k8,hfl-train,648.7289999999998
340,2,client13,maurits-dijk-f9bdae8bclient131-rf7k8,sidecar,498.30600000000004
341,2,client13,maurits-dijk-f9bdae8bclient131-rf7k8,hfl-train-model,601.392
342,3,client19,client19-56fccdb4d9-8c7lt,linkerd-init,0.0
343,3,client20,client20-65f8864f77-svj45,client20,693.5879999999997
344,3,client20,client20-65f8864f77-svj45,linkerd-init,0.0
345,3,client20,client20-65f8864f77-svj45,sidecar,605.4479999999999
346,3,client20,client20-65f8864f77-svj45,linkerd-proxy,693.3959999999993
347,3,server,server-656f98b57f-cw5v7,linkerd-proxy,472.932
348,3,server,server-656f98b57f-cw5v7,linkerd-init,0.0
349,3,client8,client8-5845965f99-rfm7q,client8,687.0510000000004
350,3,client8,client8-5845965f99-rfm7q,sidecar,616.1820000000002
351,3,client8,client8-5845965f99-rfm7q,linkerd-proxy,686.6489999999999
352,3,client8,client8-5845965f99-rfm7q,linkerd-init,0.0
353,3,client14,client14-856b5b5576-5k67j,sidecar,698.4900000000002
354,3,client14,client14-856b5b5576-5k67j,client14,700.1040000000003
355,3,client14,client14-856b5b5576-5k67j,linkerd-init,0.0
356,3,client14,client14-856b5b5576-5k67j,linkerd-proxy,699.777
357,3,client10,client10-694b6b97b4-hdndm,sidecar,652.335
358,3,client10,client10-694b6b97b4-hdndm,linkerd-proxy,731.3669999999997
359,3,client10,client10-694b6b97b4-hdndm,client10,731.6759999999999
360,3,client10,client10-694b6b97b4-hdndm,linkerd-init,0.0
361,3,api-gateway,api-gateway-6bf76d45b7-57zzf,linkerd-proxy,346.1999999999998
362,3,orchestrator,policy-enforcer-cb8dccbd8-ks275,linkerd-proxy,328.39200000000005
363,3,orchestrator,orchestrator-555f7b7c9d-hzdw9,linkerd-proxy,328.2059999999999
364,3,api-gateway,api-gateway-6bf76d45b7-57zzf,linkerd-init,0.0
365,3,orchestrator,orchestrator-555f7b7c9d-hzdw9,linkerd-init,0.0
366,3,orchestrator,policy-enforcer-cb8dccbd8-ks275,linkerd-init,0.0
367,3,client6,client6-785d875985-2qrc8,client6,826.8840000000005
368,3,client6,client6-785d875985-2qrc8,sidecar,824.2980000000002
369,3,client6,client6-785d875985-2qrc8,linkerd-proxy,826.5629999999996
370,3,client6,client6-785d875985-2qrc8,linkerd-init,0.0
371,3,client4,client4-744474fb99-5qgzz,client4,774.8310000000001
372,3,client4,client4-744474fb99-5qgzz,sidecar,772.4100000000003
373,3,client4,client4-744474fb99-5qgzz,linkerd-proxy,774.6149999999993
374,3,client4,client4-744474fb99-5qgzz,linkerd-init,0.0
375,3,client17,client17-69b85b5ccf-cqlvc,sidecar,759.1199999999999
376,3,client17,client17-69b85b5ccf-cqlvc,client17,827.5319999999997
377,3,client17,client17-69b85b5ccf-cqlvc,linkerd-init,0.0
378,3,client17,client17-69b85b5ccf-cqlvc,linkerd-proxy,823.3380000000002
379,3,client15,client15-79c969ddf-fwzsg,client15,877.0080000000003
380,3,client15,client15-79c969ddf-fwzsg,sidecar,875.1090000000004
381,3,client15,client15-79c969ddf-fwzsg,linkerd-proxy,876.7500000000005
382,3,client15,client15-79c969ddf-fwzsg,linkerd-init,0.0
383,3,client9,client9-d68fb99b4-759gp,linkerd-init,0.0
384,3,client9,client9-d68fb99b4-759gp,client9,854.058
385,3,client9,client9-d68fb99b4-759gp,sidecar,734.6310000000003
386,3,client9,client9-d68fb99b4-759gp,linkerd-proxy,852.8909999999996
387,3,client5,client5-7d5ff7f8b4-7dnpx,linkerd-proxy,747.5610000000001
388,3,client5,client5-7d5ff7f8b4-7dnpx,client5,751.6709999999998
389,3,client5,client5-7d5ff7f8b4-7dnpx,sidecar,615.4140000000002
390,3,client5,client5-7d5ff7f8b4-7dnpx,linkerd-init,0.0
391,3,client12,client12-79bc8d5846-q7vqg,linkerd-init,0.0
392,3,client12,client12-79bc8d5846-q7vqg,sidecar,772.1280000000002
393,3,client12,client12-79bc8d5846-q7vqg,linkerd-proxy,862.3589999999999
394,3,client12,client12-79bc8d5846-q7vqg,client12,862.5420000000004
395,3,client16,client16-6dc7f87f54-pffhl,client16,785.9699999999998
396,3,client16,client16-6dc7f87f54-pffhl,linkerd-init,0.0
397,3,client16,client16-6dc7f87f54-pffhl,linkerd-proxy,785.7000000000003
398,3,client16,client16-6dc7f87f54-pffhl,sidecar,783.5040000000004
399,3,client2,client2-86cd6d8cf7-k56gc,client2,671.781
400,3,client2,client2-86cd6d8cf7-k56gc,sidecar,670.2089999999998
401,3,client2,client2-86cd6d8cf7-k56gc,linkerd-init,0.0
402,3,client2,client2-86cd6d8cf7-k56gc,linkerd-proxy,671.6519999999996
403,3,client3,client3-58c68898cd-d6vxr,sidecar,722.9190000000003
404,3,client3,client3-58c68898cd-d6vxr,client3,725.0100000000002
405,3,client3,client3-58c68898cd-d6vxr,linkerd-init,0.0
406,3,client3,client3-58c68898cd-d6vxr,linkerd-proxy,724.9949999999999
407,3,client18,client18-69db77c748-rpjf9,client18,791.2710000000002
408,3,client18,client18-69db77c748-rpjf9,sidecar,789.7919999999999
409,3,client18,client18-69db77c748-rpjf9,linkerd-init,0.0
410,3,client18,client18-69db77c748-rpjf9,linkerd-proxy,791.136
411,3,client7,client7-544486cc98-vfcw4,sidecar,685.8539999999998
412,3,client7,client7-544486cc98-vfcw4,linkerd-proxy,686.8800000000001
413,3,client7,client7-544486cc98-vfcw4,linkerd-init,0.0
414,3,client7,client7-544486cc98-vfcw4,client7,687.2730000000001
415,3,client11,client11-565c48c7c7-fv6s2,sidecar,725.826
416,3,client11,client11-565c48c7c7-fv6s2,linkerd-init,0.0
417,3,client11,client11-565c48c7c7-fv6s2,client11,727.3050000000003
418,3,client11,client11-565c48c7c7-fv6s2,linkerd-proxy,727.212
419,3,client19,client19-56fccdb4d9-8c7lt,client19,741.0629999999996
420,3,client19,client19-56fccdb4d9-8c7lt,sidecar,739.4789999999998
421,3,client19,client19-56fccdb4d9-8c7lt,linkerd-proxy,740.9099999999999
422,3,client1,client1-7b9db886dd-dmxv5,linkerd-proxy,687.4200000000001
423,3,client1,client1-7b9db886dd-dmxv5,sidecar,672.3209999999999
424,3,client1,client1-7b9db886dd-dmxv5,linkerd-init,0.0
425,3,client1,client1-7b9db886dd-dmxv5,client1,687.864
426,3,client13,client13-7bf86f4f87-zd66n,client13,611.8229999999994
427,3,client13,client13-7bf86f4f87-zd66n,sidecar,581.3579999999997
428,3,client13,client13-7bf86f4f87-zd66n,linkerd-init,0.0
429,3,client13,client13-7bf86f4f87-zd66n,linkerd-proxy,607.0590000000002
430,3,server,server-656f98b57f-cw5v7,server,489.327
431,3,server,server-656f98b57f-cw5v7,sidecar,442.55099999999993
432,3,orchestrator,orchestrator-555f7b7c9d-hzdw9,orchestrator,220.9079999999999
433,3,orchestrator,orchestrator-555f7b7c9d-hzdw9,sidecar,297.08399999999983
434,3,orchestrator,policy-enforcer-cb8dccbd8-ks275,policy-enforcer,262.3290000000002
435,3,orchestrator,policy-enforcer-cb8dccbd8-ks275,sidecar,310.6410000000001
436,3,api-gateway,api-gateway-6bf76d45b7-57zzf,api-gateway,325.5870000000002
437,3,api-gateway,api-gateway-6bf76d45b7-57zzf,sidecar,231.88200000000006
438,3,server,maurits-dijk-f9bdae8bserver1-d84vt,hfl-train-model,722.373
439,3,server,maurits-dijk-f9bdae8bserver1-d84vt,sidecar,396.75599999999986
440,3,server,maurits-dijk-f9bdae8bserver1-d84vt,hfl-train,471.33900000000017
441,3,client17,maurits-dijk-f9bdae8bclient171-lbgvh,sidecar,661.02
442,3,client17,maurits-dijk-f9bdae8bclient171-lbgvh,hfl-train-model,820.098
443,3,client17,maurits-dijk-f9bdae8bclient171-lbgvh,hfl-train,860.0100000000002
444,3,client9,maurits-dijk-f9bdae8bclient91-8xfzw,hfl-train,883.0290000000005
445,3,client9,maurits-dijk-f9bdae8bclient91-8xfzw,hfl-train-model,847.0619999999999
446,3,client9,maurits-dijk-f9bdae8bclient91-8xfzw,sidecar,745.0589999999997
447,3,client5,maurits-dijk-f9bdae8bclient51-wrbcs,sidecar,530.1510000000001
448,3,client5,maurits-dijk-f9bdae8bclient51-wrbcs,hfl-train,777.0749999999998
449,3,client5,maurits-dijk-f9bdae8bclient51-wrbcs,hfl-train-model,745.4549999999999
450,3,client1,maurits-dijk-f9bdae8bclient11-dswbz,sidecar,430.9799999999998
451,3,client1,maurits-dijk-f9bdae8bclient11-dswbz,hfl-train-model,682.2509999999997
452,3,client1,maurits-dijk-f9bdae8bclient11-dswbz,hfl-train,723.3779999999997
453,3,client13,maurits-dijk-f9bdae8bclient131-rf7k8,hfl-train,654.9390000000003
454,3,client13,maurits-dijk-f9bdae8bclient131-rf7k8,sidecar,479.1029999999996
455,3,client13,maurits-dijk-f9bdae8bclient131-rf7k8,hfl-train-model,603.8159999999998
456,4,client19,client19-56fccdb4d9-8c7lt,linkerd-init,0.0
457,4,client20,client20-65f8864f77-svj45,client20,784.0260000000003
458,4,client20,client20-65f8864f77-svj45,linkerd-init,0.0
459,4,client20,client20-65f8864f77-svj45,sidecar,706.4969999999998
460,4,client20,client20-65f8864f77-svj45,linkerd-proxy,783.8610000000003
461,4,server,server-656f98b57f-cw5v7,linkerd-proxy,484.0110000000004
462,4,server,server-656f98b57f-cw5v7,linkerd-init,0.0
463,4,client8,client8-5845965f99-rfm7q,client8,686.6309999999994
464,4,client8,client8-5845965f99-rfm7q,sidecar,622.6079999999997
465,4,client8,client8-5845965f99-rfm7q,linkerd-proxy,686.2229999999995
466,4,client8,client8-5845965f99-rfm7q,linkerd-init,0.0
467,4,client14,client14-856b5b5576-5k67j,sidecar,675.8639999999996
468,4,client14,client14-856b5b5576-5k67j,client14,677.3399999999997
469,4,client14,client14-856b5b5576-5k67j,linkerd-init,0.0
470,4,client14,client14-856b5b5576-5k67j,linkerd-proxy,677.2019999999998
471,4,client10,client10-694b6b97b4-hdndm,sidecar,637.065
472,4,client10,client10-694b6b97b4-hdndm,linkerd-proxy,704.1660000000006
473,4,client10,client10-694b6b97b4-hdndm,client10,704.3220000000001
474,4,client10,client10-694b6b97b4-hdndm,linkerd-init,0.0
475,4,api-gateway,api-gateway-6bf76d45b7-57zzf,linkerd-proxy,354.1590000000001
476,4,orchestrator,policy-enforcer-cb8dccbd8-ks275,linkerd-proxy,336.2640000000001
477,4,orchestrator,orchestrator-555f7b7c9d-hzdw9,linkerd-proxy,336.08400000000006
478,4,api-gateway,api-gateway-6bf76d45b7-57zzf,linkerd-init,0.0
479,4,orchestrator,orchestrator-555f7b7c9d-hzdw9,linkerd-init,0.0
480,4,orchestrator,policy-enforcer-cb8dccbd8-ks275,linkerd-init,0.0
481,4,client6,client6-785d875985-2qrc8,client6,716.5080000000003
482,4,client6,client6-785d875985-2qrc8,sidecar,714.3180000000007
483,4,client6,client6-785d875985-2qrc8,linkerd-proxy,716.2829999999994
484,4,client6,client6-785d875985-2qrc8,linkerd-init,0.0
485,4,client4,client4-744474fb99-5qgzz,client4,650.4360000000001
486,4,client4,client4-744474fb99-5qgzz,sidecar,648.2760000000003
487,4,client4,client4-744474fb99-5qgzz,linkerd-proxy,650.4930000000004
488,4,client4,client4-744474fb99-5qgzz,linkerd-init,0.0
489,4,client17,client17-69b85b5ccf-cqlvc,sidecar,676.6109999999999
490,4,client17,client17-69b85b5ccf-cqlvc,client17,743.3129999999996
491,4,client17,client17-69b85b5ccf-cqlvc,linkerd-init,0.0
492,4,client17,client17-69b85b5ccf-cqlvc,linkerd-proxy,739.3830000000003
493,4,client15,client15-79c969ddf-fwzsg,client15,658.7099999999996
494,4,client15,client15-79c969ddf-fwzsg,sidecar,657.1379999999995
495,4,client15,client15-79c969ddf-fwzsg,linkerd-proxy,658.4279999999999
496,4,client15,client15-79c969ddf-fwzsg,linkerd-init,0.0
497,4,client9,client9-d68fb99b4-759gp,linkerd-init,0.0
498,4,client9,client9-d68fb99b4-759gp,client9,659.31
499,4,client9,client9-d68fb99b4-759gp,sidecar,541.8899999999999
500,4,client9,client9-d68fb99b4-759gp,linkerd-proxy,656.0430000000006
501,4,client5,client5-7d5ff7f8b4-7dnpx,linkerd-proxy,649.7790000000005
502,4,client5,client5-7d5ff7f8b4-7dnpx,client5,654.2730000000001
503,4,client5,client5-7d5ff7f8b4-7dnpx,sidecar,540.4889999999996
504,4,client5,client5-7d5ff7f8b4-7dnpx,linkerd-init,0.0
505,4,client12,client12-79bc8d5846-q7vqg,linkerd-init,0.0
506,4,client12,client12-79bc8d5846-q7vqg,sidecar,600.7620000000002
507,4,client12,client12-79bc8d5846-q7vqg,linkerd-proxy,733.9679999999994
508,4,client12,client12-79bc8d5846-q7vqg,client12,734.1480000000001
509,4,client16,client16-6dc7f87f54-pffhl,client16,681.3090000000002
510,4,client16,client16-6dc7f87f54-pffhl,linkerd-init,0.0
511,4,client16,client16-6dc7f87f54-pffhl,linkerd-proxy,681.288
512,4,client16,client16-6dc7f87f54-pffhl,sidecar,679.3319999999999
513,4,client2,client2-86cd6d8cf7-k56gc,client2,803.3190000000009
514,4,client2,client2-86cd6d8cf7-k56gc,sidecar,801.5280000000007
515,4,client2,client2-86cd6d8cf7-k56gc,linkerd-init,0.0
516,4,client2,client2-86cd6d8cf7-k56gc,linkerd-proxy,803.181000000001
517,4,client3,client3-58c68898cd-d6vxr,sidecar,922.4190000000003
518,4,client3,client3-58c68898cd-d6vxr,client3,924.9719999999998
519,4,client3,client3-58c68898cd-d6vxr,linkerd-init,0.0
520,4,client3,client3-58c68898cd-d6vxr,linkerd-proxy,924.819
521,4,client18,client18-69db77c748-rpjf9,client18,917.0370000000003
522,4,client18,client18-69db77c748-rpjf9,sidecar,915.2849999999999
523,4,client18,client18-69db77c748-rpjf9,linkerd-init,0.0
524,4,client18,client18-69db77c748-rpjf9,linkerd-proxy,916.9200000000005
525,4,client7,client7-544486cc98-vfcw4,sidecar,833.6670000000004
526,4,client7,client7-544486cc98-vfcw4,linkerd-proxy,834.9659999999999
527,4,client7,client7-544486cc98-vfcw4,linkerd-init,0.0
528,4,client7,client7-544486cc98-vfcw4,client7,835.2390000000005
529,4,client11,client11-565c48c7c7-fv6s2,sidecar,783.7829999999999
530,4,client11,client11-565c48c7c7-fv6s2,linkerd-init,0.0
531,4,client11,client11-565c48c7c7-fv6s2,client11,785.52
532,4,client11,client11-565c48c7c7-fv6s2,linkerd-proxy,785.2109999999998
533,4,client19,client19-56fccdb4d9-8c7lt,client19,953.2410000000004
534,4,client19,client19-56fccdb4d9-8c7lt,sidecar,951.4170000000004
535,4,client19,client19-56fccdb4d9-8c7lt,linkerd-proxy,953.1659999999997
536,4,client1,client1-7b9db886dd-dmxv5,linkerd-proxy,763.3590000000004
537,4,client1,client1-7b9db886dd-dmxv5,sidecar,703.1099999999997
538,4,client1,client1-7b9db886dd-dmxv5,linkerd-init,0.0
539,4,client1,client1-7b9db886dd-dmxv5,client1,763.9169999999999
540,4,client13,client13-7bf86f4f87-zd66n,client13,741.5670000000005
541,4,client13,client13-7bf86f4f87-zd66n,sidecar,677.085
542,4,client13,client13-7bf86f4f87-zd66n,linkerd-init,0.0
543,4,client13,client13-7bf86f4f87-zd66n,linkerd-proxy,738.8429999999998
544,4,server,server-656f98b57f-cw5v7,server,501.4140000000002
545,4,server,server-656f98b57f-cw5v7,sidecar,445.8810000000003
546,4,orchestrator,orchestrator-555f7b7c9d-hzdw9,orchestrator,213.68100000000004
547,4,orchestrator,orchestrator-555f7b7c9d-hzdw9,sidecar,310.58100000000013
548,4,orchestrator,policy-enforcer-cb8dccbd8-ks275,policy-enforcer,267.02099999999973
549,4,orchestrator,policy-enforcer-cb8dccbd8-ks275,sidecar,313.71900000000005
550,4,api-gateway,api-gateway-6bf76d45b7-57zzf,api-gateway,355.68899999999985
551,4,api-gateway,api-gateway-6bf76d45b7-57zzf,sidecar,249.73800000000006
552,4,server,maurits-dijk-f9bdae8bserver1-d84vt,hfl-train-model,772.2959999999998
553,4,server,maurits-dijk-f9bdae8bserver1-d84vt,sidecar,399.9000000000001
554,4,server,maurits-dijk-f9bdae8bserver1-d84vt,hfl-train,480.87599999999975
555,4,client17,maurits-dijk-f9bdae8bclient171-lbgvh,sidecar,530.7150000000001
556,4,client17,maurits-dijk-f9bdae8bclient171-lbgvh,hfl-train-model,735.9990000000003
557,4,client17,maurits-dijk-f9bdae8bclient171-lbgvh,hfl-train,776.3790000000004
558,4,client9,maurits-dijk-f9bdae8bclient91-8xfzw,hfl-train,687.3449999999993
559,4,client9,maurits-dijk-f9bdae8bclient91-8xfzw,hfl-train-model,650.6309999999999
560,4,client9,maurits-dijk-f9bdae8bclient91-8xfzw,sidecar,599.8380000000002
561,4,client5,maurits-dijk-f9bdae8bclient51-wrbcs,sidecar,508.07699999999977
562,4,client5,maurits-dijk-f9bdae8bclient51-wrbcs,hfl-train,679.0529999999999
563,4,client5,maurits-dijk-f9bdae8bclient51-wrbcs,hfl-train-model,647.3759999999997
564,4,client1,maurits-dijk-f9bdae8bclient11-dswbz,sidecar,521.8980000000001
565,4,client1,maurits-dijk-f9bdae8bclient11-dswbz,hfl-train-model,758.1390000000001
566,4,client1,maurits-dijk-f9bdae8bclient11-dswbz,hfl-train,796.3590000000004
567,4,client13,maurits-dijk-f9bdae8bclient131-rf7k8,hfl-train,784.6109999999999
568,4,client13,maurits-dijk-f9bdae8bclient131-rf7k8,sidecar,566.8710000000001
569,4,client13,maurits-dijk-f9bdae8bclient131-rf7k8,hfl-train-model,735.7560000000003
570,5,client19,client19-56fccdb4d9-8c7lt,linkerd-init,0.0
571,5,client20,client20-65f8864f77-svj45,client20,689.414999999999
572,5,client20,client20-65f8864f77-svj45,linkerd-init,0.0
573,5,client20,client20-65f8864f77-svj45,sidecar,627.4110000000001
574,5,client20,client20-65f8864f77-svj45,linkerd-proxy,689.2379999999994
575,5,server,server-656f98b57f-cw5v7,linkerd-proxy,572.4359999999997
576,5,server,server-656f98b57f-cw5v7,linkerd-init,0.0
577,5,client8,client8-5845965f99-rfm7q,client8,788.9130000000005
578,5,client8,client8-5845965f99-rfm7q,sidecar,714.906
579,5,client8,client8-5845965f99-rfm7q,linkerd-proxy,788.433
580,5,client8,client8-5845965f99-rfm7q,linkerd-init,0.0
581,5,client14,client14-856b5b5576-5k67j,sidecar,889.4850000000001
582,5,client14,client14-856b5b5576-5k67j,client14,891.3540000000003
583,5,client14,client14-856b5b5576-5k67j,linkerd-init,0.0
584,5,client14,client14-856b5b5576-5k67j,linkerd-proxy,891.2039999999997
585,5,client10,client10-694b6b97b4-hdndm,sidecar,724.1460000000002
586,5,client10,client10-694b6b97b4-hdndm,linkerd-proxy,864.146999999999
587,5,client10,client10-694b6b97b4-hdndm,client10,864.2759999999998
588,5,client10,client10-694b6b97b4-hdndm,linkerd-init,0.0
589,5,api-gateway,api-gateway-6bf76d45b7-57zzf,linkerd-proxy,414.28200000000015
590,5,orchestrator,policy-enforcer-cb8dccbd8-ks275,linkerd-proxy,395.19900000000007
591,5,orchestrator,orchestrator-555f7b7c9d-hzdw9,linkerd-proxy,394.845
592,5,api-gateway,api-gateway-6bf76d45b7-57zzf,linkerd-init,0.0
593,5,orchestrator,orchestrator-555f7b7c9d-hzdw9,linkerd-init,0.0
594,5,orchestrator,policy-enforcer-cb8dccbd8-ks275,linkerd-init,0.0
595,5,client6,client6-785d875985-2qrc8,client6,659.6790000000001
596,5,client6,client6-785d875985-2qrc8,sidecar,657.6210000000001
597,5,client6,client6-785d875985-2qrc8,linkerd-proxy,659.5290000000005
598,5,client6,client6-785d875985-2qrc8,linkerd-init,0.0
599,5,client4,client4-744474fb99-5qgzz,client4,700.5899999999992
600,5,client4,client4-744474fb99-5qgzz,sidecar,698.474999999999
601,5,client4,client4-744474fb99-5qgzz,linkerd-proxy,700.4549999999999
602,5,client4,client4-744474fb99-5qgzz,linkerd-init,0.0
603,5,client17,client17-69b85b5ccf-cqlvc,sidecar,625.6889999999994
604,5,client17,client17-69b85b5ccf-cqlvc,client17,669.7440000000006
605,5,client17,client17-69b85b5ccf-cqlvc,linkerd-init,0.0
606,5,client17,client17-69b85b5ccf-cqlvc,linkerd-proxy,665.1240000000003
607,5,client15,client15-79c969ddf-fwzsg,client15,747.2940000000008
608,5,client15,client15-79c969ddf-fwzsg,sidecar,745.8270000000011
609,5,client15,client15-79c969ddf-fwzsg,linkerd-proxy,747.1469999999999
610,5,client15,client15-79c969ddf-fwzsg,linkerd-init,0.0
611,5,client9,client9-d68fb99b4-759gp,linkerd-init,0.0
612,5,client9,client9-d68fb99b4-759gp,client9,603.7979999999998
613,5,client9,client9-d68fb99b4-759gp,sidecar,525.906
614,5,client9,client9-d68fb99b4-759gp,linkerd-proxy,602.1090000000004
615,5,client5,client5-7d5ff7f8b4-7dnpx,linkerd-proxy,658.7730000000001
616,5,client5,client5-7d5ff7f8b4-7dnpx,client5,661.6200000000008
617,5,client5,client5-7d5ff7f8b4-7dnpx,sidecar,584.1690000000003
618,5,client5,client5-7d5ff7f8b4-7dnpx,linkerd-init,0.0
619,5,client12,client12-79bc8d5846-q7vqg,linkerd-init,0.0
620,5,client12,client12-79bc8d5846-q7vqg,sidecar,590.5620000000004
621,5,client12,client12-79bc8d5846-q7vqg,linkerd-proxy,671.7180000000008
622,5,client12,client12-79bc8d5846-q7vqg,client12,671.8139999999994
623,5,client16,client16-6dc7f87f54-pffhl,client16,691.779
624,5,client16,client16-6dc7f87f54-pffhl,linkerd-init,0.0
625,5,client16,client16-6dc7f87f54-pffhl,linkerd-proxy,691.7640000000006
626,5,client16,client16-6dc7f87f54-pffhl,sidecar,689.7150000000001
627,5,client2,client2-86cd6d8cf7-k56gc,client2,654.4109999999991
628,5,client2,client2-86cd6d8cf7-k56gc,sidecar,652.8989999999985
629,5,client2,client2-86cd6d8cf7-k56gc,linkerd-init,0.0
630,5,client2,client2-86cd6d8cf7-k56gc,linkerd-proxy,654.3179999999993
631,5,client3,client3-58c68898cd-d6vxr,sidecar,673.8239999999996
632,5,client3,client3-58c68898cd-d6vxr,client3,676.0049999999992
633,5,client3,client3-58c68898cd-d6vxr,linkerd-init,0.0
634,5,client3,client3-58c68898cd-d6vxr,linkerd-proxy,675.96
635,5,client18,client18-69db77c748-rpjf9,client18,720.9299999999994
636,5,client18,client18-69db77c748-rpjf9,sidecar,719.6129999999994
637,5,client18,client18-69db77c748-rpjf9,linkerd-init,0.0
638,5,client18,client18-69db77c748-rpjf9,linkerd-proxy,720.8219999999992
639,5,client7,client7-544486cc98-vfcw4,sidecar,746.8890000000001
640,5,client7,client7-544486cc98-vfcw4,linkerd-proxy,747.9749999999995
641,5,client7,client7-544486cc98-vfcw4,linkerd-init,0.0
642,5,client7,client7-544486cc98-vfcw4,client7,748.2179999999998
643,5,client11,client11-565c48c7c7-fv6s2,sidecar,608.1419999999998
644,5,client11,client11-565c48c7c7-fv6s2,linkerd-init,0.0
645,5,client11,client11-565c48c7c7-fv6s2,client11,609.4139999999998
646,5,client11,client11-565c48c7c7-fv6s2,linkerd-proxy,609.3930000000009
647,5,client19,client19-56fccdb4d9-8c7lt,client19,709.1909999999998
648,5,client19,client19-56fccdb4d9-8c7lt,sidecar,707.7570000000005
649,5,client19,client19-56fccdb4d9-8c7lt,linkerd-proxy,709.1910000000007
650,5,client1,client1-7b9db886dd-dmxv5,linkerd-proxy,640.8569999999991
651,5,client1,client1-7b9db886dd-dmxv5,linkerd-init,0.0
652,5,client1,client1-7b9db886dd-dmxv5,sidecar,578.5950000000007
653,5,client1,client1-7b9db886dd-dmxv5,client1,635.1419999999998
654,5,client13,client13-7bf86f4f87-zd66n,client13,607.0830000000005
655,5,client13,client13-7bf86f4f87-zd66n,sidecar,600.7440000000001
656,5,client13,client13-7bf86f4f87-zd66n,linkerd-init,0.0
657,5,client13,client13-7bf86f4f87-zd66n,linkerd-proxy,603.7139999999999
658,5,server,server-656f98b57f-cw5v7,server,582.1979999999994
659,5,server,server-656f98b57f-cw5v7,sidecar,490.6619999999998
660,5,orchestrator,orchestrator-555f7b7c9d-hzdw9,orchestrator,211.26300000000015
661,5,orchestrator,orchestrator-555f7b7c9d-hzdw9,sidecar,369.0959999999998
662,5,orchestrator,policy-enforcer-cb8dccbd8-ks275,policy-enforcer,338.26800000000026
663,5,orchestrator,policy-enforcer-cb8dccbd8-ks275,sidecar,285.144
664,5,api-gateway,api-gateway-6bf76d45b7-57zzf,api-gateway,413.73600000000033
665,5,api-gateway,api-gateway-6bf76d45b7-57zzf,sidecar,361.43100000000004
666,5,server,maurits-dijk-f9bdae8bserver1-d84vt,hfl-train-model,846.0240000000003
667,5,server,maurits-dijk-f9bdae8bserver1-d84vt,sidecar,514.7819999999999
668,5,server,maurits-dijk-f9bdae8bserver1-d84vt,hfl-train,568.3560000000002
669,5,client17,maurits-dijk-f9bdae8bclient171-lbgvh,sidecar,578.0700000000002
670,5,client17,maurits-dijk-f9bdae8bclient171-lbgvh,hfl-train-model,662.163
671,5,client17,maurits-dijk-f9bdae8bclient171-lbgvh,hfl-train,699.594
672,5,client9,maurits-dijk-f9bdae8bclient91-8xfzw,hfl-train,633.6840000000002
673,5,client9,maurits-dijk-f9bdae8bclient91-8xfzw,hfl-train-model,596.7449999999999
674,5,client9,maurits-dijk-f9bdae8bclient91-8xfzw,sidecar,507.12000000000035
675,5,client5,maurits-dijk-f9bdae8bclient51-wrbcs,sidecar,543.7710000000002
676,5,client5,maurits-dijk-f9bdae8bclient51-wrbcs,hfl-train,688.5299999999997
677,5,client5,maurits-dijk-f9bdae8bclient51-wrbcs,hfl-train-model,657.0779999999995
678,5,client1,maurits-dijk-f9bdae8bclient11-dswbz,sidecar,430.86900000000014
679,5,client1,maurits-dijk-f9bdae8bclient11-dswbz,hfl-train-model,635.355
680,5,client1,maurits-dijk-f9bdae8bclient11-dswbz,hfl-train,667.5929999999998
681,5,client13,maurits-dijk-f9bdae8bclient131-rf7k8,hfl-train,648.2339999999995
682,5,client13,maurits-dijk-f9bdae8bclient131-rf7k8,sidecar,463.68899999999985
683,5,client13,maurits-dijk-f9bdae8bclient131-rf7k8,hfl-train-model,600.8069999999998
684,6,client19,client19-56fccdb4d9-8c7lt,linkerd-init,0.0
685,6,client20,client20-65f8864f77-svj45,client20,703.7820000000011
686,6,client20,client20-65f8864f77-svj45,linkerd-init,0.0
687,6,client20,client20-65f8864f77-svj45,sidecar,702.3210000000008
688,6,client20,client20-65f8864f77-svj45,linkerd-proxy,703.5960000000005
689,6,server,server-656f98b57f-cw5v7,linkerd-proxy,442.0949999999998
690,6,server,server-656f98b57f-cw5v7,linkerd-init,0.0
691,6,client8,client8-5845965f99-rfm7q,client8,673.1729999999998
692,6,client8,client8-5845965f99-rfm7q,sidecar,583.9680000000008
693,6,client8,client8-5845965f99-rfm7q,linkerd-proxy,672.8730000000005
694,6,client8,client8-5845965f99-rfm7q,linkerd-init,0.0
695,6,client14,client14-856b5b5576-5k67j,sidecar,738.8909999999996
696,6,client14,client14-856b5b5576-5k67j,client14,740.5919999999996
697,6,client14,client14-856b5b5576-5k67j,linkerd-init,0.0
698,6,client14,client14-856b5b5576-5k67j,linkerd-proxy,740.3460000000005
699,6,client10,client10-694b6b97b4-hdndm,sidecar,596.8649999999998
700,6,client10,client10-694b6b97b4-hdndm,linkerd-proxy,724.3200000000006
701,6,client10,client10-694b6b97b4-hdndm,client10,724.473
702,6,client10,client10-694b6b97b4-hdndm,linkerd-init,0.0
703,6,api-gateway,api-gateway-6bf76d45b7-57zzf,linkerd-proxy,353.24999999999955
704,6,orchestrator,policy-enforcer-cb8dccbd8-ks275,linkerd-proxy,334.99199999999973
705,6,orchestrator,orchestrator-555f7b7c9d-hzdw9,linkerd-proxy,334.8209999999999
706,6,api-gateway,api-gateway-6bf76d45b7-57zzf,linkerd-init,0.0
707,6,orchestrator,orchestrator-555f7b7c9d-hzdw9,linkerd-init,0.0
708,6,orchestrator,policy-enforcer-cb8dccbd8-ks275,linkerd-init,0.0
709,6,client6,client6-785d875985-2qrc8,client6,763.0769999999993
710,6,client6,client6-785d875985-2qrc8,sidecar,760.6619999999994
711,6,client6,client6-785d875985-2qrc8,linkerd-proxy,762.8370000000004
712,6,client6,client6-785d875985-2qrc8,linkerd-init,0.0
713,6,client4,client4-744474fb99-5qgzz,client4,805.4970000000012
714,6,client4,client4-744474fb99-5qgzz,sidecar,802.8720000000012
715,6,client4,client4-744474fb99-5qgzz,linkerd-proxy,805.3919999999998
716,6,client4,client4-744474fb99-5qgzz,linkerd-init,0.0
717,6,client17,client17-69b85b5ccf-cqlvc,sidecar,765.7260000000006
718,6,client17,client17-69b85b5ccf-cqlvc,client17,772.2150000000001
719,6,client17,client17-69b85b5ccf-cqlvc,linkerd-init,0.0
720,6,client17,client17-69b85b5ccf-cqlvc,linkerd-proxy,767.7749999999996
721,6,client15,client15-79c969ddf-fwzsg,client15,800.3759999999993
722,6,client15,client15-79c969ddf-fwzsg,sidecar,798.5999999999995
723,6,client15,client15-79c969ddf-fwzsg,linkerd-proxy,800.0729999999994
724,6,client15,client15-79c969ddf-fwzsg,linkerd-init,0.0
725,6,client9,client9-d68fb99b4-759gp,linkerd-init,0.0
726,6,client9,client9-d68fb99b4-759gp,client9,763.4639999999999
727,6,client9,client9-d68fb99b4-759gp,sidecar,642.0810000000001
728,6,client9,client9-d68fb99b4-759gp,linkerd-proxy,761.3369999999995
729,6,client5,client5-7d5ff7f8b4-7dnpx,linkerd-proxy,771.951
730,6,client5,client5-7d5ff7f8b4-7dnpx,client5,775.9409999999989
731,6,client5,client5-7d5ff7f8b4-7dnpx,sidecar,665.4689999999996
732,6,client5,client5-7d5ff7f8b4-7dnpx,linkerd-init,0.0
733,6,client12,client12-79bc8d5846-q7vqg,linkerd-init,0.0
734,6,client12,client12-79bc8d5846-q7vqg,sidecar,864.6390000000001
735,6,client12,client12-79bc8d5846-q7vqg,linkerd-proxy,1020.9360000000006
736,6,client12,client12-79bc8d5846-q7vqg,client12,1021.0740000000005
737,6,client16,client16-6dc7f87f54-pffhl,client16,922.491
738,6,client16,client16-6dc7f87f54-pffhl,linkerd-init,0.0
739,6,client16,client16-6dc7f87f54-pffhl,linkerd-proxy,922.3379999999988
740,6,client16,client16-6dc7f87f54-pffhl,sidecar,920.1450000000004
741,6,client2,client2-86cd6d8cf7-k56gc,client2,668.6369999999997
742,6,client2,client2-86cd6d8cf7-k56gc,sidecar,667.1580000000004
743,6,client2,client2-86cd6d8cf7-k56gc,linkerd-init,0.0
744,6,client2,client2-86cd6d8cf7-k56gc,linkerd-proxy,668.4479999999994
745,6,client3,client3-58c68898cd-d6vxr,sidecar,735.7049999999999
746,6,client3,client3-58c68898cd-d6vxr,client3,737.9640000000009
747,6,client3,client3-58c68898cd-d6vxr,linkerd-init,0.0
748,6,client3,client3-58c68898cd-d6vxr,linkerd-proxy,737.9040000000005
749,6,client18,client18-69db77c748-rpjf9,client18,673.5900000000001
750,6,client18,client18-69db77c748-rpjf9,sidecar,672.2160000000003
751,6,client18,client18-69db77c748-rpjf9,linkerd-init,0.0
752,6,client18,client18-69db77c748-rpjf9,linkerd-proxy,673.4220000000005
753,6,client7,client7-544486cc98-vfcw4,sidecar,684.3029999999999
754,6,client7,client7-544486cc98-vfcw4,linkerd-proxy,685.3890000000001
755,6,client7,client7-544486cc98-vfcw4,linkerd-init,0.0
756,6,client7,client7-544486cc98-vfcw4,client7,685.6769999999997
757,6,client11,client11-565c48c7c7-fv6s2,sidecar,688.9110000000001
758,6,client11,client11-565c48c7c7-fv6s2,linkerd-init,0.0
759,6,client11,client11-565c48c7c7-fv6s2,client11,690.3299999999999
760,6,client11,client11-565c48c7c7-fv6s2,linkerd-proxy,690.2849999999999
761,6,client19,client19-56fccdb4d9-8c7lt,client19,629.844
762,6,client19,client19-56fccdb4d9-8c7lt,sidecar,628.3379999999997
763,6,client19,client19-56fccdb4d9-8c7lt,linkerd-proxy,629.5649999999996
764,6,client1,client1-7b9db886dd-dmxv5,linkerd-proxy,610.3290000000006
765,6,client1,client1-7b9db886dd-dmxv5,linkerd-init,0.0
766,6,client1,client1-7b9db886dd-dmxv5,sidecar,580.1069999999991
767,6,client1,client1-7b9db886dd-dmxv5,client1,609.3539999999994
768,6,client13,client13-7bf86f4f87-zd66n,client13,671.3069999999998
769,6,client13,client13-7bf86f4f87-zd66n,sidecar,665.8559999999998
770,6,client13,client13-7bf86f4f87-zd66n,linkerd-init,0.0
771,6,client13,client13-7bf86f4f87-zd66n,linkerd-proxy,668.1959999999999
772,6,server,server-656f98b57f-cw5v7,server,454.6440000000007
773,6,server,server-656f98b57f-cw5v7,sidecar,420.39900000000034
774,6,orchestrator,orchestrator-555f7b7c9d-hzdw9,orchestrator,210.6959999999999
775,6,orchestrator,orchestrator-555f7b7c9d-hzdw9,sidecar,315.28200000000015
776,6,orchestrator,policy-enforcer-cb8dccbd8-ks275,policy-enforcer,278.1869999999999
777,6,orchestrator,policy-enforcer-cb8dccbd8-ks275,sidecar,273.9419999999998
778,6,api-gateway,api-gateway-6bf76d45b7-57zzf,api-gateway,341.1029999999996
779,6,api-gateway,api-gateway-6bf76d45b7-57zzf,sidecar,278.22900000000004
780,6,server,maurits-dijk-f9bdae8bserver1-d84vt,hfl-train-model,696.9269999999997
781,6,server,maurits-dijk-f9bdae8bserver1-d84vt,sidecar,373.78499999999985
782,6,server,maurits-dijk-f9bdae8bserver1-d84vt,hfl-train,437.2710000000002
783,6,client17,maurits-dijk-f9bdae8bclient171-lbgvh,sidecar,626.4720000000002
784,6,client17,maurits-dijk-f9bdae8bclient171-lbgvh,hfl-train-model,765.4319999999998
785,6,client17,maurits-dijk-f9bdae8bclient171-lbgvh,hfl-train,799.5029999999997
786,6,client9,maurits-dijk-f9bdae8bclient91-8xfzw,hfl-train,792.9000000000005
787,6,client9,maurits-dijk-f9bdae8bclient91-8xfzw,hfl-train-model,754.7849999999999
788,6,client9,maurits-dijk-f9bdae8bclient91-8xfzw,sidecar,673.1730000000002
789,6,client5,maurits-dijk-f9bdae8bclient51-wrbcs,sidecar,590.6999999999998
790,6,client5,maurits-dijk-f9bdae8bclient51-wrbcs,hfl-train,801.8069999999998
791,6,client5,maurits-dijk-f9bdae8bclient51-wrbcs,hfl-train-model,769.8990000000003
792,6,client1,maurits-dijk-f9bdae8bclient11-dswbz,sidecar,428.57699999999977
793,6,client1,maurits-dijk-f9bdae8bclient11-dswbz,hfl-train-model,604.3949999999995
794,6,client1,maurits-dijk-f9bdae8bclient11-dswbz,hfl-train,637.4999999999991
795,6,client13,maurits-dijk-f9bdae8bclient131-rf7k8,hfl-train,712.6770000000006
796,6,client13,maurits-dijk-f9bdae8bclient131-rf7k8,sidecar,426.7890000000002
797,6,client13,maurits-dijk-f9bdae8bclient131-rf7k8,hfl-train-model,665.1899999999996
798,7,client19,client19-56fccdb4d9-8c7lt,linkerd-init,0.0
799,7,client20,client20-65f8864f77-svj45,client20,825.887999999999
800,7,client20,client20-65f8864f77-svj45,linkerd-init,0.0
801,7,client20,client20-65f8864f77-svj45,sidecar,824.0939999999991
802,7,client20,client20-65f8864f77-svj45,linkerd-proxy,825.8009999999995
803,7,server,server-656f98b57f-cw5v7,linkerd-proxy,479.33400000000074
804,7,server,server-656f98b57f-cw5v7,linkerd-init,0.0
805,7,client8,client8-5845965f99-rfm7q,client8,725.8560000000007
806,7,client8,client8-5845965f99-rfm7q,sidecar,644.7599999999993
807,7,client8,client8-5845965f99-rfm7q,linkerd-proxy,725.5709999999999
808,7,client8,client8-5845965f99-rfm7q,linkerd-init,0.0
809,7,client14,client14-856b5b5576-5k67j,sidecar,666.3360000000002
810,7,client14,client14-856b5b5576-5k67j,client14,668.0730000000003
811,7,client14,client14-856b5b5576-5k67j,linkerd-init,0.0
812,7,client14,client14-856b5b5576-5k67j,linkerd-proxy,667.7849999999999
813,7,client10,client10-694b6b97b4-hdndm,sidecar,543.9180000000006
814,7,client10,client10-694b6b97b4-hdndm,linkerd-proxy,694.2150000000001
815,7,client10,client10-694b6b97b4-hdndm,client10,694.4279999999999
816,7,client10,client10-694b6b97b4-hdndm,linkerd-init,0.0
817,7,api-gateway,api-gateway-6bf76d45b7-57zzf,linkerd-proxy,353.8800000000001
818,7,orchestrator,policy-enforcer-cb8dccbd8-ks275,linkerd-proxy,335.47800000000007
819,7,orchestrator,orchestrator-555f7b7c9d-hzdw9,linkerd-proxy,335.2650000000003
820,7,api-gateway,api-gateway-6bf76d45b7-57zzf,linkerd-init,0.0
821,7,orchestrator,orchestrator-555f7b7c9d-hzdw9,linkerd-init,0.0
822,7,orchestrator,policy-enforcer-cb8dccbd8-ks275,linkerd-init,0.0
823,7,client6,client6-785d875985-2qrc8,client6,721.317
824,7,client6,client6-785d875985-2qrc8,sidecar,719.0190000000002
825,7,client6,client6-785d875985-2qrc8,linkerd-proxy,721.0020000000004
826,7,client6,client6-785d875985-2qrc8,linkerd-init,0.0
827,7,client4,client4-744474fb99-5qgzz,client4,693.4829999999993
828,7,client4,client4-744474fb99-5qgzz,sidecar,691.3679999999995
829,7,client4,client4-744474fb99-5qgzz,linkerd-proxy,693.4080000000004
830,7,client4,client4-744474fb99-5qgzz,linkerd-init,0.0
831,7,client17,client17-69b85b5ccf-cqlvc,sidecar,652.5030000000006
832,7,client17,client17-69b85b5ccf-cqlvc,client17,657.6779999999999
833,7,client17,client17-69b85b5ccf-cqlvc,linkerd-init,0.0
834,7,client17,client17-69b85b5ccf-cqlvc,linkerd-proxy,654.6599999999999
835,7,client15,client15-79c969ddf-fwzsg,client15,724.5389999999998
836,7,client15,client15-79c969ddf-fwzsg,sidecar,723.0599999999995
837,7,client15,client15-79c969ddf-fwzsg,linkerd-proxy,724.3290000000006
838,7,client15,client15-79c969ddf-fwzsg,linkerd-init,0.0
839,7,client9,client9-d68fb99b4-759gp,linkerd-init,0.0
840,7,client9,client9-d68fb99b4-759gp,client9,603.6749999999993
841,7,client9,client9-d68fb99b4-759gp,sidecar,532.7910000000002
842,7,client9,client9-d68fb99b4-759gp,linkerd-proxy,602.6879999999992
843,7,client5,client5-7d5ff7f8b4-7dnpx,linkerd-proxy,604.0709999999999
844,7,client5,client5-7d5ff7f8b4-7dnpx,client5,608.4420000000009
845,7,client5,client5-7d5ff7f8b4-7dnpx,sidecar,505.125
846,7,client5,client5-7d5ff7f8b4-7dnpx,linkerd-init,0.0
847,7,client12,client12-79bc8d5846-q7vqg,linkerd-init,0.0
848,7,client12,client12-79bc8d5846-q7vqg,sidecar,654.8189999999995
849,7,client12,client12-79bc8d5846-q7vqg,linkerd-proxy,721.1610000000001
850,7,client12,client12-79bc8d5846-q7vqg,client12,721.1700000000001
851,7,client16,client16-6dc7f87f54-pffhl,client16,697.8689999999997
852,7,client16,client16-6dc7f87f54-pffhl,linkerd-init,0.0
853,7,client16,client16-6dc7f87f54-pffhl,linkerd-proxy,697.7160000000003
854,7,client16,client16-6dc7f87f54-pffhl,sidecar,695.7719999999999
855,7,client2,client2-86cd6d8cf7-k56gc,client2,804.5520000000006
856,7,client2,client2-86cd6d8cf7-k56gc,sidecar,802.5660000000007
857,7,client2,client2-86cd6d8cf7-k56gc,linkerd-init,0.0
858,7,client2,client2-86cd6d8cf7-k56gc,linkerd-proxy,804.228000000001
859,7,client3,client3-58c68898cd-d6vxr,sidecar,873.174
860,7,client3,client3-58c68898cd-d6vxr,client3,875.7539999999999
861,7,client3,client3-58c68898cd-d6vxr,linkerd-init,0.0
862,7,client3,client3-58c68898cd-d6vxr,linkerd-proxy,875.7509999999993
863,7,client18,client18-69db77c748-rpjf9,client18,817.6379999999999
864,7,client18,client18-69db77c748-rpjf9,sidecar,815.8739999999998
865,7,client18,client18-69db77c748-rpjf9,linkerd-init,0.0
866,7,client18,client18-69db77c748-rpjf9,linkerd-proxy,817.4249999999993
867,7,client7,client7-544486cc98-vfcw4,sidecar,808.9200000000001
868,7,client7,client7-544486cc98-vfcw4,linkerd-proxy,810.2670000000007
869,7,client7,client7-544486cc98-vfcw4,linkerd-init,0.0
870,7,client7,client7-544486cc98-vfcw4,client7,810.4470000000001
871,7,client11,client11-565c48c7c7-fv6s2,sidecar,830.0280000000002
872,7,client11,client11-565c48c7c7-fv6s2,linkerd-init,0.0
873,7,client11,client11-565c48c7c7-fv6s2,client11,831.8400000000001
874,7,client11,client11-565c48c7c7-fv6s2,linkerd-proxy,831.5819999999994
875,7,client19,client19-56fccdb4d9-8c7lt,client19,784.719
876,7,client19,client19-56fccdb4d9-8c7lt,sidecar,783.0869999999995
877,7,client19,client19-56fccdb4d9-8c7lt,linkerd-proxy,784.6019999999999
878,7,client1,client1-7b9db886dd-dmxv5,linkerd-proxy,768.7169999999996
879,7,client1,client1-7b9db886dd-dmxv5,linkerd-init,0.0
880,7,client1,client1-7b9db886dd-dmxv5,sidecar,697.5749999999998
881,7,client1,client1-7b9db886dd-dmxv5,client1,769.6230000000005
882,7,client13,client13-7bf86f4f87-zd66n,client13,756.0449999999992
883,7,client13,client13-7bf86f4f87-zd66n,sidecar,749.3339999999998
884,7,client13,client13-7bf86f4f87-zd66n,linkerd-init,0.0
885,7,client13,client13-7bf86f4f87-zd66n,linkerd-proxy,752.0430000000006
886,7,server,server-656f98b57f-cw5v7,server,490.80299999999943
887,7,server,server-656f98b57f-cw5v7,sidecar,397.4849999999997
888,7,orchestrator,orchestrator-555f7b7c9d-hzdw9,orchestrator,173.17200000000003
889,7,orchestrator,orchestrator-555f7b7c9d-hzdw9,sidecar,316.60499999999956
890,7,orchestrator,policy-enforcer-cb8dccbd8-ks275,policy-enforcer,287.1089999999999
891,7,orchestrator,policy-enforcer-cb8dccbd8-ks275,sidecar,273.84000000000015
892,7,api-gateway,api-gateway-6bf76d45b7-57zzf,api-gateway,351.9870000000001
893,7,api-gateway,api-gateway-6bf76d45b7-57zzf,sidecar,298.5989999999997
894,7,server,maurits-dijk-f9bdae8bserver1-d84vt,hfl-train-model,745.3770000000004
895,7,server,maurits-dijk-f9bdae8bserver1-d84vt,sidecar,429.27599999999984
896,7,server,maurits-dijk-f9bdae8bserver1-d84vt,hfl-train,474.0389999999993
897,7,client17,maurits-dijk-f9bdae8bclient171-lbgvh,sidecar,478.73699999999917
898,7,client17,maurits-dijk-f9bdae8bclient171-lbgvh,hfl-train-model,652.2449999999999
899,7,client17,maurits-dijk-f9bdae8bclient171-lbgvh,hfl-train,686.817
900,7,client9,maurits-dijk-f9bdae8bclient91-8xfzw,hfl-train,637.4879999999994
901,7,client9,maurits-dijk-f9bdae8bclient91-8xfzw,hfl-train-model,597.8400000000001
902,7,client9,maurits-dijk-f9bdae8bclient91-8xfzw,sidecar,525.9119999999994
903,7,client5,maurits-dijk-f9bdae8bclient51-wrbcs,sidecar,503.3130000000001
904,7,client5,maurits-dijk-f9bdae8bclient51-wrbcs,hfl-train,632.7030000000004
905,7,client5,maurits-dijk-f9bdae8bclient51-wrbcs,hfl-train-model,602.2259999999997
906,7,client1,maurits-dijk-f9bdae8bclient11-dswbz,sidecar,483.3000000000002
907,7,client1,maurits-dijk-f9bdae8bclient11-dswbz,hfl-train-model,763.4970000000003
908,7,client1,maurits-dijk-f9bdae8bclient11-dswbz,hfl-train,798.732
909,7,client13,maurits-dijk-f9bdae8bclient131-rf7k8,hfl-train,798.0690000000004
910,7,client13,maurits-dijk-f9bdae8bclient131-rf7k8,sidecar,506.82299999999987
911,7,client13,maurits-dijk-f9bdae8bclient131-rf7k8,hfl-train-model,749.094
912,8,client19,client19-56fccdb4d9-8c7lt,linkerd-init,0.0
913,8,client20,client20-65f8864f77-svj45,client20,689.0280000000002
914,8,client20,client20-65f8864f77-svj45,linkerd-init,0.0
915,8,client20,client20-65f8864f77-svj45,sidecar,687.6090000000004
916,8,client20,client20-65f8864f77-svj45,linkerd-proxy,688.884
917,8,server,server-656f98b57f-cw5v7,linkerd-proxy,554.6279999999997
918,8,server,server-656f98b57f-cw5v7,linkerd-init,0.0
919,8,client8,client8-5845965f99-rfm7q,client8,889.0199999999995
920,8,client8,client8-5845965f99-rfm7q,sidecar,820.9050000000007
921,8,client8,client8-5845965f99-rfm7q,linkerd-proxy,888.6809999999996
922,8,client8,client8-5845965f99-rfm7q,linkerd-init,0.0
923,8,client14,client14-856b5b5576-5k67j,sidecar,827.7330000000002
924,8,client14,client14-856b5b5576-5k67j,client14,829.8270000000002
925,8,client14,client14-856b5b5576-5k67j,linkerd-init,0.0
926,8,client14,client14-856b5b5576-5k67j,linkerd-proxy,829.4369999999999
927,8,client10,client10-694b6b97b4-hdndm,sidecar,641.2319999999991
928,8,client10,client10-694b6b97b4-hdndm,linkerd-proxy,864.3869999999997
929,8,client10,client10-694b6b97b4-hdndm,client10,864.4380000000001
930,8,client10,client10-694b6b97b4-hdndm,linkerd-init,0.0
931,8,api-gateway,api-gateway-6bf76d45b7-57zzf,linkerd-proxy,417.741
932,8,orchestrator,policy-enforcer-cb8dccbd8-ks275,linkerd-proxy,398.8979999999997
933,8,orchestrator,orchestrator-555f7b7c9d-hzdw9,linkerd-proxy,398.7599999999993
934,8,api-gateway,api-gateway-6bf76d45b7-57zzf,linkerd-init,0.0
935,8,orchestrator,orchestrator-555f7b7c9d-hzdw9,linkerd-init,0.0
936,8,orchestrator,policy-enforcer-cb8dccbd8-ks275,linkerd-init,0.0
937,8,client6,client6-785d875985-2qrc8,client6,652.9949999999999
938,8,client6,client6-785d875985-2qrc8,sidecar,650.835
939,8,client6,client6-785d875985-2qrc8,linkerd-proxy,652.9349999999995
940,8,client6,client6-785d875985-2qrc8,linkerd-init,0.0
941,8,client4,client4-744474fb99-5qgzz,client4,674.1269999999995
942,8,client4,client4-744474fb99-5qgzz,sidecar,671.9789999999994
943,8,client4,client4-744474fb99-5qgzz,linkerd-proxy,674.0820000000003
944,8,client4,client4-744474fb99-5qgzz,linkerd-init,0.0
945,8,client17,client17-69b85b5ccf-cqlvc,sidecar,649.6919999999991
946,8,client17,client17-69b85b5ccf-cqlvc,client17,655.0050000000001
947,8,client17,client17-69b85b5ccf-cqlvc,linkerd-init,0.0
948,8,client17,client17-69b85b5ccf-cqlvc,linkerd-proxy,652.1310000000003
949,8,client15,client15-79c969ddf-fwzsg,client15,673.9950000000008
950,8,client15,client15-79c969ddf-fwzsg,sidecar,672.5640000000003
951,8,client15,client15-79c969ddf-fwzsg,linkerd-proxy,673.7939999999999
952,8,client15,client15-79c969ddf-fwzsg,linkerd-init,0.0
953,8,client9,client9-d68fb99b4-759gp,linkerd-init,0.0
954,8,client9,client9-d68fb99b4-759gp,client9,622.2930000000006
955,8,client9,client9-d68fb99b4-759gp,sidecar,521.9070000000002
956,8,client9,client9-d68fb99b4-759gp,linkerd-proxy,620.5170000000007
957,8,client5,client5-7d5ff7f8b4-7dnpx,linkerd-proxy,597.7950000000001
958,8,client5,client5-7d5ff7f8b4-7dnpx,client5,601.9079999999994
959,8,client5,client5-7d5ff7f8b4-7dnpx,sidecar,525.357
960,8,client5,client5-7d5ff7f8b4-7dnpx,linkerd-init,0.0
961,8,client12,client12-79bc8d5846-q7vqg,linkerd-init,0.0
962,8,client12,client12-79bc8d5846-q7vqg,sidecar,711.183
963,8,client12,client12-79bc8d5846-q7vqg,linkerd-proxy,744.1199999999999
964,8,client12,client12-79bc8d5846-q7vqg,client12,744.1499999999996
965,8,client16,client16-6dc7f87f54-pffhl,client16,774.21
966,8,client16,client16-6dc7f87f54-pffhl,linkerd-init,0.0
967,8,client16,client16-6dc7f87f54-pffhl,linkerd-proxy,774.1650000000009
968,8,client16,client16-6dc7f87f54-pffhl,sidecar,772.0919999999996
969,8,client2,client2-86cd6d8cf7-k56gc,client2,711.1500000000005
970,8,client2,client2-86cd6d8cf7-k56gc,sidecar,709.6530000000002
971,8,client2,client2-86cd6d8cf7-k56gc,linkerd-init,0.0
972,8,client2,client2-86cd6d8cf7-k56gc,linkerd-proxy,711.0569999999989
973,8,client3,client3-58c68898cd-d6vxr,sidecar,725.3850000000002
974,8,client3,client3-58c68898cd-d6vxr,client3,727.3860000000004
975,8,client3,client3-58c68898cd-d6vxr,linkerd-init,0.0
976,8,client3,client3-58c68898cd-d6vxr,linkerd-proxy,727.3559999999998
977,8,client18,client18-69db77c748-rpjf9,client18,678.54
978,8,client18,client18-69db77c748-rpjf9,sidecar,676.9679999999998
979,8,client18,client18-69db77c748-rpjf9,linkerd-init,0.0
980,8,client18,client18-69db77c748-rpjf9,linkerd-proxy,678.3600000000006
981,8,client7,client7-544486cc98-vfcw4,sidecar,672.2219999999998
982,8,client7,client7-544486cc98-vfcw4,linkerd-proxy,673.3649999999998
983,8,client7,client7-544486cc98-vfcw4,linkerd-init,0.0
984,8,client7,client7-544486cc98-vfcw4,client7,673.5390000000007
985,8,client11,client11-565c48c7c7-fv6s2,sidecar,631.9499999999998
986,8,client11,client11-565c48c7c7-fv6s2,linkerd-init,0.0
987,8,client11,client11-565c48c7c7-fv6s2,client11,633.5519999999997
988,8,client11,client11-565c48c7c7-fv6s2,linkerd-proxy,633.4170000000004
989,8,client19,client19-56fccdb4d9-8c7lt,client19,683.8019999999997
990,8,client19,client19-56fccdb4d9-8c7lt,sidecar,682.335
991,8,client19,client19-56fccdb4d9-8c7lt,linkerd-proxy,683.6669999999995
992,8,client1,client1-7b9db886dd-dmxv5,linkerd-proxy,659.6099999999997
993,8,client1,client1-7b9db886dd-dmxv5,linkerd-init,0.0
994,8,client1,client1-7b9db886dd-dmxv5,sidecar,595.206000000001
995,8,client1,client1-7b9db886dd-dmxv5,client1,660.8970000000008
996,8,client13,client13-7bf86f4f87-zd66n,client13,620.8260000000009
997,8,client13,client13-7bf86f4f87-zd66n,sidecar,615.3840000000009
998,8,client13,client13-7bf86f4f87-zd66n,linkerd-init,0.0
999,8,client13,client13-7bf86f4f87-zd66n,linkerd-proxy,617.9309999999987
1000,8,server,server-656f98b57f-cw5v7,server,569.9669999999996
1001,8,server,server-656f98b57f-cw5v7,sidecar,498.62699999999995
1002,8,orchestrator,orchestrator-555f7b7c9d-hzdw9,orchestrator,196.64400000000023
1003,8,orchestrator,orchestrator-555f7b7c9d-hzdw9,sidecar,367.5750000000003
1004,8,orchestrator,policy-enforcer-cb8dccbd8-ks275,policy-enforcer,327.8220000000001
1005,8,orchestrator,policy-enforcer-cb8dccbd8-ks275,sidecar,370.5540000000001
1006,8,api-gateway,api-gateway-6bf76d45b7-57zzf,api-gateway,414.6840000000002
1007,8,api-gateway,api-gateway-6bf76d45b7-57zzf,sidecar,372.9210000000003
1008,8,server,maurits-dijk-f9bdae8bserver1-d84vt,hfl-train-model,828.7079999999987
1009,8,server,maurits-dijk-f9bdae8bserver1-d84vt,sidecar,492.3000000000002
1010,8,server,maurits-dijk-f9bdae8bserver1-d84vt,hfl-train,551.8469999999998
1011,8,client17,maurits-dijk-f9bdae8bclient171-lbgvh,sidecar,575.7570000000005
1012,8,client17,maurits-dijk-f9bdae8bclient171-lbgvh,hfl-train-model,648.7800000000007
1013,8,client17,maurits-dijk-f9bdae8bclient171-lbgvh,hfl-train,692.3370000000004
1014,8,client9,maurits-dijk-f9bdae8bclient91-8xfzw,hfl-train,648.5700000000006
1015,8,client9,maurits-dijk-f9bdae8bclient91-8xfzw,hfl-train-model,615.7710000000006
1016,8,client9,maurits-dijk-f9bdae8bclient91-8xfzw,sidecar,538.0469999999996
1017,8,client5,maurits-dijk-f9bdae8bclient51-wrbcs,sidecar,530.6280000000006
1018,8,client5,maurits-dijk-f9bdae8bclient51-wrbcs,hfl-train,628.3019999999997
1019,8,client5,maurits-dijk-f9bdae8bclient51-wrbcs,hfl-train-model,596.0130000000008
1020,8,client1,maurits-dijk-f9bdae8bclient11-dswbz,sidecar,450.1109999999999
1021,8,client1,maurits-dijk-f9bdae8bclient11-dswbz,hfl-train-model,654.7350000000006
1022,8,client1,maurits-dijk-f9bdae8bclient11-dswbz,hfl-train,687.1890000000012
1023,8,client13,maurits-dijk-f9bdae8bclient131-rf7k8,hfl-train,664.0349999999999
1024,8,client13,maurits-dijk-f9bdae8bclient131-rf7k8,sidecar,461.09400000000005
1025,8,client13,maurits-dijk-f9bdae8bclient131-rf7k8,hfl-train-model,615.072000000001
1026,9,client19,client19-56fccdb4d9-8c7lt,linkerd-init,0.0
1027,9,client20,client20-65f8864f77-svj45,client20,747.8790000000008
1028,9,client20,client20-65f8864f77-svj45,linkerd-init,0.0
1029,9,client20,client20-65f8864f77-svj45,sidecar,746.3579999999993
1030,9,client20,client20-65f8864f77-svj45,linkerd-proxy,747.7290000000012
1031,9,server,server-656f98b57f-cw5v7,linkerd-proxy,461.2379999999994
1032,9,server,server-656f98b57f-cw5v7,linkerd-init,0.0
1033,9,client8,client8-5845965f99-rfm7q,client8,735.1469999999999
1034,9,client8,client8-5845965f99-rfm7q,sidecar,680.7240000000002
1035,9,client8,client8-5845965f99-rfm7q,linkerd-proxy,734.8020000000006
1036,9,client8,client8-5845965f99-rfm7q,linkerd-init,0.0
1037,9,client14,client14-856b5b5576-5k67j,sidecar,687.2429999999995
1038,9,client14,client14-856b5b5576-5k67j,client14,688.9139999999998
1039,9,client14,client14-856b5b5576-5k67j,linkerd-init,0.0
1040,9,client14,client14-856b5b5576-5k67j,linkerd-proxy,688.6530000000002
1041,9,client10,client10-694b6b97b4-hdndm,sidecar,576.2310000000007
1042,9,client10,client10-694b6b97b4-hdndm,linkerd-proxy,643.9350000000004
1043,9,client10,client10-694b6b97b4-hdndm,client10,644.0790000000006
1044,9,client10,client10-694b6b97b4-hdndm,linkerd-init,0.0
1045,9,api-gateway,api-gateway-6bf76d45b7-57zzf,linkerd-proxy,366.64800000000014
1046,9,orchestrator,policy-enforcer-cb8dccbd8-ks275,linkerd-proxy,348.6690000000003
1047,9,orchestrator,orchestrator-555f7b7c9d-hzdw9,linkerd-proxy,348.5400000000004
1048,9,api-gateway,api-gateway-6bf76d45b7-57zzf,linkerd-init,0.0
1049,9,orchestrator,orchestrator-555f7b7c9d-hzdw9,linkerd-init,0.0
1050,9,orchestrator,policy-enforcer-cb8dccbd8-ks275,linkerd-init,0.0
1051,9,client6,client6-785d875985-2qrc8,client6,835.0680000000002
1052,9,client6,client6-785d875985-2qrc8,sidecar,832.4880000000003
1053,9,client6,client6-785d875985-2qrc8,linkerd-proxy,834.7079999999996
1054,9,client6,client6-785d875985-2qrc8,linkerd-init,0.0
1055,9,client4,client4-744474fb99-5qgzz,client4,823.8000000000002
1056,9,client4,client4-744474fb99-5qgzz,sidecar,821.3220000000001
1057,9,client4,client4-744474fb99-5qgzz,linkerd-proxy,823.6800000000003
1058,9,client4,client4-744474fb99-5qgzz,linkerd-init,0.0
1059,9,client17,client17-69b85b5ccf-cqlvc,sidecar,695.625
1060,9,client17,client17-69b85b5ccf-cqlvc,client17,783.1769999999997
1061,9,client17,client17-69b85b5ccf-cqlvc,linkerd-init,0.0
1062,9,client17,client17-69b85b5ccf-cqlvc,linkerd-proxy,781.6889999999994
1063,9,client15,client15-79c969ddf-fwzsg,client15,817.5899999999992
1064,9,client15,client15-79c969ddf-fwzsg,sidecar,815.8559999999998
1065,9,client15,client15-79c969ddf-fwzsg,linkerd-proxy,817.3589999999995
1066,9,client15,client15-79c969ddf-fwzsg,linkerd-init,0.0
1067,9,client9,client9-d68fb99b4-759gp,linkerd-init,0.0
1068,9,client9,client9-d68fb99b4-759gp,client9,750.9240000000009
1069,9,client9,client9-d68fb99b4-759gp,sidecar,600.375
1070,9,client9,client9-d68fb99b4-759gp,linkerd-proxy,751.3319999999994
1071,9,client5,client5-7d5ff7f8b4-7dnpx,linkerd-proxy,741.4830000000002
1072,9,client5,client5-7d5ff7f8b4-7dnpx,client5,745.1610000000001
1073,9,client5,client5-7d5ff7f8b4-7dnpx,sidecar,595.2660000000005
1074,9,client5,client5-7d5ff7f8b4-7dnpx,linkerd-init,0.0
1075,9,client12,client12-79bc8d5846-q7vqg,linkerd-init,0.0
1076,9,client12,client12-79bc8d5846-q7vqg,sidecar,807.3600000000006
1077,9,client12,client12-79bc8d5846-q7vqg,linkerd-proxy,838.6169999999993
1078,9,client12,client12-79bc8d5846-q7vqg,client12,838.9800000000005
1079,9,client16,client16-6dc7f87f54-pffhl,client16,856.2330000000011
1080,9,client16,client16-6dc7f87f54-pffhl,linkerd-init,0.0
1081,9,client16,client16-6dc7f87f54-pffhl,linkerd-proxy,856.2029999999995
1082,9,client16,client16-6dc7f87f54-pffhl,sidecar,853.8030000000008
1083,9,client2,client2-86cd6d8cf7-k56gc,client2,826.3619999999992
1084,9,client2,client2-86cd6d8cf7-k56gc,sidecar,824.570999999999
1085,9,client2,client2-86cd6d8cf7-k56gc,linkerd-init,0.0
1086,9,client2,client2-86cd6d8cf7-k56gc,linkerd-proxy,826.179000000001
1087,9,client3,client3-58c68898cd-d6vxr,sidecar,855.6300000000001
1088,9,client3,client3-58c68898cd-d6vxr,client3,858.3210000000008
1089,9,client3,client3-58c68898cd-d6vxr,linkerd-init,0.0
1090,9,client3,client3-58c68898cd-d6vxr,linkerd-proxy,858.0659999999989
1091,9,client18,client18-69db77c748-rpjf9,client18,736.7640000000001
1092,9,client18,client18-69db77c748-rpjf9,sidecar,735.21
1093,9,client18,client18-69db77c748-rpjf9,linkerd-init,0.0
1094,9,client18,client18-69db77c748-rpjf9,linkerd-proxy,736.5659999999998
1095,9,client7,client7-544486cc98-vfcw4,sidecar,709.4279999999999
1096,9,client7,client7-544486cc98-vfcw4,linkerd-proxy,710.4179999999997
1097,9,client7,client7-544486cc98-vfcw4,linkerd-init,0.0
1098,9,client7,client7-544486cc98-vfcw4,client7,710.7869999999994
1099,9,client11,client11-565c48c7c7-fv6s2,sidecar,642.9960000000001
1100,9,client11,client11-565c48c7c7-fv6s2,linkerd-init,0.0
1101,9,client11,client11-565c48c7c7-fv6s2,client11,644.4750000000004
1102,9,client11,client11-565c48c7c7-fv6s2,linkerd-proxy,644.2739999999994
1103,9,client19,client19-56fccdb4d9-8c7lt,client19,639.1949999999997
1104,9,client19,client19-56fccdb4d9-8c7lt,sidecar,637.6409999999996
1105,9,client19,client19-56fccdb4d9-8c7lt,linkerd-proxy,639.0450000000001
1106,9,client1,client1-7b9db886dd-dmxv5,linkerd-proxy,667.2839999999997
1107,9,client1,client1-7b9db886dd-dmxv5,linkerd-init,0.0
1108,9,client1,client1-7b9db886dd-dmxv5,sidecar,607.884
1109,9,client1,client1-7b9db886dd-dmxv5,client1,669.3599999999997
1110,9,client13,client13-7bf86f4f87-zd66n,client13,618.5370000000003
1111,9,client13,client13-7bf86f4f87-zd66n,sidecar,526.3619999999992
1112,9,client13,client13-7bf86f4f87-zd66n,linkerd-init,0.0
1113,9,client13,client13-7bf86f4f87-zd66n,linkerd-proxy,615.2850000000008
1114,9,server,server-656f98b57f-cw5v7,server,474.6840000000002
1115,9,server,server-656f98b57f-cw5v7,sidecar,388.48199999999997
1116,9,orchestrator,orchestrator-555f7b7c9d-hzdw9,orchestrator,175.1909999999998
1117,9,orchestrator,orchestrator-555f7b7c9d-hzdw9,sidecar,315.6510000000003
1118,9,orchestrator,policy-enforcer-cb8dccbd8-ks275,policy-enforcer,232.35600000000022
1119,9,orchestrator,policy-enforcer-cb8dccbd8-ks275,sidecar,328.28099999999995
1120,9,api-gateway,api-gateway-6bf76d45b7-57zzf,api-gateway,369.32099999999946
1121,9,api-gateway,api-gateway-6bf76d45b7-57zzf,sidecar,347.70600000000013
1122,9,server,maurits-dijk-f9bdae8bserver1-d84vt,hfl-train-model,735.3090000000011
1123,9,server,maurits-dijk-f9bdae8bserver1-d84vt,sidecar,407.9880000000003
1124,9,server,maurits-dijk-f9bdae8bserver1-d84vt,hfl-train,456.01800000000094
1125,9,client17,maurits-dijk-f9bdae8bclient171-lbgvh,sidecar,648.906
1126,9,client17,maurits-dijk-f9bdae8bclient171-lbgvh,hfl-train-model,778.4129999999996
1127,9,client17,maurits-dijk-f9bdae8bclient171-lbgvh,hfl-train,816.9359999999997
1128,9,client9,maurits-dijk-f9bdae8bclient91-8xfzw,hfl-train,779.7629999999999
1129,9,client9,maurits-dijk-f9bdae8bclient91-8xfzw,hfl-train-model,744.4469999999992
1130,9,client9,maurits-dijk-f9bdae8bclient91-8xfzw,sidecar,616.8060000000005
1131,9,client5,maurits-dijk-f9bdae8bclient51-wrbcs,sidecar,637.1219999999994
1132,9,client5,maurits-dijk-f9bdae8bclient51-wrbcs,hfl-train,770.2020000000002
1133,9,client5,maurits-dijk-f9bdae8bclient51-wrbcs,hfl-train-model,739.2209999999995
1134,9,client1,maurits-dijk-f9bdae8bclient11-dswbz,sidecar,559.0259999999998
1135,9,client1,maurits-dijk-f9bdae8bclient11-dswbz,hfl-train-model,662.3069999999998
1136,9,client1,maurits-dijk-f9bdae8bclient11-dswbz,hfl-train,695.0009999999993
1137,9,client13,maurits-dijk-f9bdae8bclient131-rf7k8,hfl-train,659.4359999999997
1138,9,client13,maurits-dijk-f9bdae8bclient131-rf7k8,sidecar,524.3639999999996
1139,9,client13,maurits-dijk-f9bdae8bclient131-rf7k8,hfl-train-model,612.1439999999993
1140,10,client19,client19-56fccdb4d9-8c7lt,linkerd-init,0.0
1141,10,client20,client20-65f8864f77-svj45,client20,863.4210000000003
1142,10,client20,client20-65f8864f77-svj45,linkerd-init,0.0
1143,10,client20,client20-65f8864f77-svj45,sidecar,861.594000000001
1144,10,client20,client20-65f8864f77-svj45,linkerd-proxy,863.2799999999988
1145,10,server,server-656f98b57f-cw5v7,linkerd-proxy,461.3640000000005
1146,10,server,server-656f98b57f-cw5v7,linkerd-init,0.0
1147,10,client8,client8-5845965f99-rfm7q,client8,759.3539999999994
1148,10,client8,client8-5845965f99-rfm7q,sidecar,704.7719999999999
1149,10,client8,client8-5845965f99-rfm7q,linkerd-proxy,759.0569999999998
1150,10,client8,client8-5845965f99-rfm7q,linkerd-init,0.0
1151,10,client14,client14-856b5b5576-5k67j,sidecar,715.4850000000006
1152,10,client14,client14-856b5b5576-5k67j,client14,717.1890000000003
1153,10,client14,client14-856b5b5576-5k67j,linkerd-init,0.0
1154,10,client14,client14-856b5b5576-5k67j,linkerd-proxy,717.0479999999998
1155,10,client10,client10-694b6b97b4-hdndm,sidecar,721.5539999999992
1156,10,client10,client10-694b6b97b4-hdndm,linkerd-proxy,751.2689999999993
1157,10,client10,client10-694b6b97b4-hdndm,client10,751.0889999999999
1158,10,client10,client10-694b6b97b4-hdndm,linkerd-init,0.0
1159,10,api-gateway,api-gateway-6bf76d45b7-57zzf,linkerd-proxy,358.2359999999999
1160,10,orchestrator,policy-enforcer-cb8dccbd8-ks275,linkerd-proxy,340.5269999999996
1161,10,orchestrator,orchestrator-555f7b7c9d-hzdw9,linkerd-proxy,340.33200000000033
1162,10,api-gateway,api-gateway-6bf76d45b7-57zzf,linkerd-init,0.0
1163,10,orchestrator,orchestrator-555f7b7c9d-hzdw9,linkerd-init,0.0
1164,10,orchestrator,policy-enforcer-cb8dccbd8-ks275,linkerd-init,0.0
1165,10,client6,client6-785d875985-2qrc8,client6,713.2529999999988
1166,10,client6,client6-785d875985-2qrc8,sidecar,711.0539999999983
1167,10,client6,client6-785d875985-2qrc8,linkerd-proxy,713.1330000000007
1168,10,client6,client6-785d875985-2qrc8,linkerd-init,0.0
1169,10,client4,client4-744474fb99-5qgzz,client4,710.3040000000001
1170,10,client4,client4-744474fb99-5qgzz,sidecar,708.1470000000008
1171,10,client4,client4-744474fb99-5qgzz,linkerd-proxy,710.2439999999997
1172,10,client4,client4-744474fb99-5qgzz,linkerd-init,0.0
1173,10,client17,client17-69b85b5ccf-cqlvc,sidecar,608.6490000000003
1174,10,client17,client17-69b85b5ccf-cqlvc,client17,640.9560000000001
1175,10,client17,client17-69b85b5ccf-cqlvc,linkerd-init,0.0
1176,10,client17,client17-69b85b5ccf-cqlvc,linkerd-proxy,638.808
1177,10,client15,client15-79c969ddf-fwzsg,client15,707.0160000000005
1178,10,client15,client15-79c969ddf-fwzsg,sidecar,705.5190000000011
1179,10,client15,client15-79c969ddf-fwzsg,linkerd-proxy,706.7910000000002
1180,10,client15,client15-79c969ddf-fwzsg,linkerd-init,0.0
1181,10,client9,client9-d68fb99b4-759gp,linkerd-init,0.0
1182,10,client9,client9-d68fb99b4-759gp,client9,655.9439999999995
1183,10,client9,client9-d68fb99b4-759gp,sidecar,568.8270000000002
1184,10,client9,client9-d68fb99b4-759gp,linkerd-proxy,652.3260000000009
1185,10,client5,client5-7d5ff7f8b4-7dnpx,linkerd-proxy,665.7389999999996
1186,10,client5,client5-7d5ff7f8b4-7dnpx,client5,667.4310000000005
1187,10,client5,client5-7d5ff7f8b4-7dnpx,sidecar,537.8280000000004
1188,10,client5,client5-7d5ff7f8b4-7dnpx,linkerd-init,0.0
1189,10,client12,client12-79bc8d5846-q7vqg,linkerd-init,0.0
1190,10,client12,client12-79bc8d5846-q7vqg,sidecar,693.5759999999991
1191,10,client12,client12-79bc8d5846-q7vqg,linkerd-proxy,716.4539999999997
1192,10,client12,client12-79bc8d5846-q7vqg,client12,716.6970000000001
1193,10,client16,client16-6dc7f87f54-pffhl,client16,731.2829999999985
1194,10,client16,client16-6dc7f87f54-pffhl,linkerd-init,0.0
1195,10,client16,client16-6dc7f87f54-pffhl,linkerd-proxy,731.2529999999997
1196,10,client16,client16-6dc7f87f54-pffhl,sidecar,729.3239999999996
1197,10,client2,client2-86cd6d8cf7-k56gc,client2,714.7800000000007
1198,10,client2,client2-86cd6d8cf7-k56gc,sidecar,713.3430000000008
1199,10,client2,client2-86cd6d8cf7-k56gc,linkerd-init,0.0
1200,10,client2,client2-86cd6d8cf7-k56gc,linkerd-proxy,714.7709999999997
1201,10,client3,client3-58c68898cd-d6vxr,sidecar,689.030999999999
1202,10,client3,client3-58c68898cd-d6vxr,client3,691.244999999999
1203,10,client3,client3-58c68898cd-d6vxr,linkerd-init,0.0
1204,10,client3,client3-58c68898cd-d6vxr,linkerd-proxy,691.215000000002
1205,10,client18,client18-69db77c748-rpjf9,client18,931.6530000000002
1206,10,client18,client18-69db77c748-rpjf9,sidecar,929.706000000002
1207,10,client18,client18-69db77c748-rpjf9,linkerd-init,0.0
1208,10,client18,client18-69db77c748-rpjf9,linkerd-proxy,931.4639999999999
1209,10,client7,client7-544486cc98-vfcw4,sidecar,804.5100000000002
1210,10,client7,client7-544486cc98-vfcw4,linkerd-proxy,805.8270000000002
1211,10,client7,client7-544486cc98-vfcw4,linkerd-init,0.0
1212,10,client7,client7-544486cc98-vfcw4,client7,806.1419999999998
1213,10,client11,client11-565c48c7c7-fv6s2,sidecar,797.679000000001
1214,10,client11,client11-565c48c7c7-fv6s2,linkerd-init,0.0
1215,10,client11,client11-565c48c7c7-fv6s2,client11,799.5509999999995
1216,10,client11,client11-565c48c7c7-fv6s2,linkerd-proxy,799.4849999999988
1217,10,client19,client19-56fccdb4d9-8c7lt,client19,899.5469999999996
1218,10,client19,client19-56fccdb4d9-8c7lt,sidecar,897.6300000000001
1219,10,client19,client19-56fccdb4d9-8c7lt,linkerd-proxy,899.3550000000014
1220,10,client1,client1-7b9db886dd-dmxv5,linkerd-proxy,790.4850000000006
1221,10,client1,client1-7b9db886dd-dmxv5,linkerd-init,0.0
1222,10,client1,client1-7b9db886dd-dmxv5,sidecar,750.1889999999994
1223,10,client1,client1-7b9db886dd-dmxv5,client1,790.6589999999997
1224,10,client13,client13-7bf86f4f87-zd66n,client13,785.4389999999994
1225,10,client13,client13-7bf86f4f87-zd66n,sidecar,778.2870000000003
1226,10,client13,client13-7bf86f4f87-zd66n,linkerd-init,0.0
1227,10,client13,client13-7bf86f4f87-zd66n,linkerd-proxy,780.7199999999993
1228,10,server,server-656f98b57f-cw5v7,server,475.10400000000027
1229,10,server,server-656f98b57f-cw5v7,sidecar,411.9359999999997
1230,10,orchestrator,orchestrator-555f7b7c9d-hzdw9,orchestrator,161.51700000000028
1231,10,orchestrator,orchestrator-555f7b7c9d-hzdw9,sidecar,316.4939999999997
1232,10,orchestrator,policy-enforcer-cb8dccbd8-ks275,policy-enforcer,224.1599999999994
1233,10,orchestrator,policy-enforcer-cb8dccbd8-ks275,sidecar,316.7579999999998
1234,10,api-gateway,api-gateway-6bf76d45b7-57zzf,api-gateway,363.9270000000006
1235,10,api-gateway,api-gateway-6bf76d45b7-57zzf,sidecar,339.46500000000015
1236,10,server,maurits-dijk-f9bdae8bserver1-d84vt,hfl-train-model,761.1899999999987
1237,10,server,maurits-dijk-f9bdae8bserver1-d84vt,sidecar,409.5720000000001
1238,10,server,maurits-dijk-f9bdae8bserver1-d84vt,hfl-train,458.85300000000007
1239,10,client17,maurits-dijk-f9bdae8bclient171-lbgvh,sidecar,537.4769999999999
1240,10,client17,maurits-dijk-f9bdae8bclient171-lbgvh,hfl-train-model,635.7780000000002
1241,10,client17,maurits-dijk-f9bdae8bclient171-lbgvh,hfl-train,669.3269999999993
1242,10,client9,maurits-dijk-f9bdae8bclient91-8xfzw,hfl-train,681.0659999999989
1243,10,client9,maurits-dijk-f9bdae8bclient91-8xfzw,hfl-train-model,647.5799999999999
1244,10,client9,maurits-dijk-f9bdae8bclient91-8xfzw,sidecar,572.1719999999996
1245,10,client5,maurits-dijk-f9bdae8bclient51-wrbcs,sidecar,592.9889999999996
1246,10,client5,maurits-dijk-f9bdae8bclient51-wrbcs,hfl-train,695.0070000000005
1247,10,client5,maurits-dijk-f9bdae8bclient51-wrbcs,hfl-train-model,663.8610000000008
1248,10,client1,maurits-dijk-f9bdae8bclient11-dswbz,sidecar,608.3909999999996
1249,10,client1,maurits-dijk-f9bdae8bclient11-dswbz,hfl-train-model,785.3999999999996
1250,10,client1,maurits-dijk-f9bdae8bclient11-dswbz,hfl-train,819.0509999999995
1251,10,client13,maurits-dijk-f9bdae8bclient131-rf7k8,hfl-train,824.7389999999996
1252,10,client13,maurits-dijk-f9bdae8bclient131-rf7k8,sidecar,677.6940000000004
1253,10,client13,maurits-dijk-f9bdae8bclient131-rf7k8,hfl-train-model,777.6629999999996
1254,11,client19,client19-56fccdb4d9-8c7lt,linkerd-init,0.0
1255,11,client20,client20-65f8864f77-svj45,client20,671.3670000000002
1256,11,client20,client20-65f8864f77-svj45,linkerd-init,0.0
1257,11,client20,client20-65f8864f77-svj45,sidecar,669.9300000000003
1258,11,client20,client20-65f8864f77-svj45,linkerd-proxy,671.3310000000001
1259,11,server,server-656f98b57f-cw5v7,linkerd-proxy,542.5169999999998
1260,11,server,server-656f98b57f-cw5v7,linkerd-init,0.0
1261,11,client8,client8-5845965f99-rfm7q,client8,795.7379999999994
1262,11,client8,client8-5845965f99-rfm7q,sidecar,702.5249999999987
1263,11,client8,client8-5845965f99-rfm7q,linkerd-proxy,795.255000000001
1264,11,client8,client8-5845965f99-rfm7q,linkerd-init,0.0
1265,11,client14,client14-856b5b5576-5k67j,sidecar,875.7839999999997
1266,11,client14,client14-856b5b5576-5k67j,client14,877.7189999999991
1267,11,client14,client14-856b5b5576-5k67j,linkerd-init,0.0
1268,11,client14,client14-856b5b5576-5k67j,linkerd-proxy,877.3500000000004
1269,11,client10,client10-694b6b97b4-hdndm,sidecar,797.5200000000013
1270,11,client10,client10-694b6b97b4-hdndm,linkerd-proxy,834.7950000000001
1271,11,client10,client10-694b6b97b4-hdndm,client10,834.7080000000005
1272,11,client10,client10-694b6b97b4-hdndm,linkerd-init,0.0
1273,11,api-gateway,api-gateway-6bf76d45b7-57zzf,linkerd-proxy,424.7610000000004
1274,11,orchestrator,policy-enforcer-cb8dccbd8-ks275,linkerd-proxy,406.0530000000008
1275,11,orchestrator,orchestrator-555f7b7c9d-hzdw9,linkerd-proxy,405.8609999999999
1276,11,api-gateway,api-gateway-6bf76d45b7-57zzf,linkerd-init,0.0
1277,11,orchestrator,orchestrator-555f7b7c9d-hzdw9,linkerd-init,0.0
1278,11,orchestrator,policy-enforcer-cb8dccbd8-ks275,linkerd-init,0.0
1279,11,client6,client6-785d875985-2qrc8,client6,664.4459999999999
1280,11,client6,client6-785d875985-2qrc8,sidecar,662.2080000000005
1281,11,client6,client6-785d875985-2qrc8,linkerd-proxy,664.1909999999989
1282,11,client6,client6-785d875985-2qrc8,linkerd-init,0.0
1283,11,client4,client4-744474fb99-5qgzz,client4,693.3270000000011
1284,11,client4,client4-744474fb99-5qgzz,sidecar,691.3349999999991
1285,11,client4,client4-744474fb99-5qgzz,linkerd-proxy,693.2219999999998
1286,11,client4,client4-744474fb99-5qgzz,linkerd-init,0.0
1287,11,client17,client17-69b85b5ccf-cqlvc,sidecar,567.6089999999995
1288,11,client17,client17-69b85b5ccf-cqlvc,client17,584.8199999999997
1289,11,client17,client17-69b85b5ccf-cqlvc,linkerd-init,0.0
1290,11,client17,client17-69b85b5ccf-cqlvc,linkerd-proxy,582.4169999999995
1291,11,client15,client15-79c969ddf-fwzsg,client15,646.8719999999994
1292,11,client15,client15-79c969ddf-fwzsg,sidecar,645.3899999999994
1293,11,client15,client15-79c969ddf-fwzsg,linkerd-proxy,646.7010000000009
1294,11,client15,client15-79c969ddf-fwzsg,linkerd-init,0.0
1295,11,client9,client9-d68fb99b4-759gp,linkerd-init,0.0
1296,11,client9,client9-d68fb99b4-759gp,client9,603.9269999999997
1297,11,client9,client9-d68fb99b4-759gp,sidecar,533.2649999999994
1298,11,client9,client9-d68fb99b4-759gp,linkerd-proxy,602.7329999999984
1299,11,client5,client5-7d5ff7f8b4-7dnpx,linkerd-proxy,686.1690000000008
1300,11,client5,client5-7d5ff7f8b4-7dnpx,client5,688.8719999999985
1301,11,client5,client5-7d5ff7f8b4-7dnpx,sidecar,581.0819999999994
1302,11,client5,client5-7d5ff7f8b4-7dnpx,linkerd-init,0.0
1303,11,client12,client12-79bc8d5846-q7vqg,linkerd-init,0.0
1304,11,client12,client12-79bc8d5846-q7vqg,sidecar,775.2750000000005
1305,11,client12,client12-79bc8d5846-q7vqg,linkerd-proxy,793.4520000000011
1306,11,client12,client12-79bc8d5846-q7vqg,client12,793.4399999999987
1307,11,client16,client16-6dc7f87f54-pffhl,client16,750.9060000000009
1308,11,client16,client16-6dc7f87f54-pffhl,linkerd-init,0.0
1309,11,client16,client16-6dc7f87f54-pffhl,linkerd-proxy,750.723
1310,11,client16,client16-6dc7f87f54-pffhl,sidecar,748.8510000000006
1311,11,client2,client2-86cd6d8cf7-k56gc,client2,743.6490000000013
1312,11,client2,client2-86cd6d8cf7-k56gc,sidecar,742.0920000000006
1313,11,client2,client2-86cd6d8cf7-k56gc,linkerd-init,0.0
1314,11,client2,client2-86cd6d8cf7-k56gc,linkerd-proxy,743.4599999999991
1315,11,client3,client3-58c68898cd-d6vxr,sidecar,723.1080000000002
1316,11,client3,client3-58c68898cd-d6vxr,client3,725.1989999999987
1317,11,client3,client3-58c68898cd-d6vxr,linkerd-init,0.0
1318,11,client3,client3-58c68898cd-d6vxr,linkerd-proxy,725.1209999999992
1319,11,client18,client18-69db77c748-rpjf9,client18,837.2939999999999
1320,11,client18,client18-69db77c748-rpjf9,sidecar,835.6769999999997
1321,11,client18,client18-69db77c748-rpjf9,linkerd-init,0.0
1322,11,client18,client18-69db77c748-rpjf9,linkerd-proxy,837.0360000000001
1323,11,client7,client7-544486cc98-vfcw4,sidecar,683.5799999999999
1324,11,client7,client7-544486cc98-vfcw4,linkerd-proxy,684.5519999999997
1325,11,client7,client7-544486cc98-vfcw4,linkerd-init,0.0
1326,11,client7,client7-544486cc98-vfcw4,client7,684.8819999999996
1327,11,client11,client11-565c48c7c7-fv6s2,sidecar,653.6880000000001
1328,11,client11,client11-565c48c7c7-fv6s2,linkerd-init,0.0
1329,11,client11,client11-565c48c7c7-fv6s2,client11,655.1550000000007
1330,11,client11,client11-565c48c7c7-fv6s2,linkerd-proxy,654.9540000000015
1331,11,client19,client19-56fccdb4d9-8c7lt,client19,809.8140000000021
1332,11,client19,client19-56fccdb4d9-8c7lt,sidecar,808.3919999999998
1333,11,client19,client19-56fccdb4d9-8c7lt,linkerd-proxy,809.6939999999995
1334,11,client1,client1-7b9db886dd-dmxv5,linkerd-proxy,615.357
1335,11,client1,client1-7b9db886dd-dmxv5,linkerd-init,0.0
1336,11,client1,client1-7b9db886dd-dmxv5,sidecar,594.8519999999999
1337,11,client1,client1-7b9db886dd-dmxv5,client1,615.2699999999986
1338,11,client13,client13-7bf86f4f87-zd66n,client13,644.3249999999989
1339,11,client13,client13-7bf86f4f87-zd66n,sidecar,637.6110000000008
1340,11,client13,client13-7bf86f4f87-zd66n,linkerd-init,0.0
1341,11,client13,client13-7bf86f4f87-zd66n,linkerd-proxy,640.3710000000019
1342,11,server,server-656f98b57f-cw5v7,server,554.8980000000001
1343,11,server,server-656f98b57f-cw5v7,sidecar,477.4800000000005
1344,11,orchestrator,orchestrator-555f7b7c9d-hzdw9,orchestrator,208.4399999999996
1345,11,orchestrator,orchestrator-555f7b7c9d-hzdw9,sidecar,370.5210000000002
1346,11,orchestrator,policy-enforcer-cb8dccbd8-ks275,policy-enforcer,323.3760000000002
1347,11,orchestrator,policy-enforcer-cb8dccbd8-ks275,sidecar,381.60599999999977
1348,11,api-gateway,api-gateway-6bf76d45b7-57zzf,api-gateway,409.0590000000002
1349,11,api-gateway,api-gateway-6bf76d45b7-57zzf,sidecar,404.87099999999964
1350,11,server,maurits-dijk-f9bdae8bserver1-d84vt,hfl-train-model,821.0070000000014
1351,11,server,maurits-dijk-f9bdae8bserver1-d84vt,sidecar,473.5679999999993
1352,11,server,maurits-dijk-f9bdae8bserver1-d84vt,hfl-train,537.1259999999993
1353,11,client17,maurits-dijk-f9bdae8bclient171-lbgvh,sidecar,479.5679999999993
1354,11,client17,maurits-dijk-f9bdae8bclient171-lbgvh,hfl-train-model,579.9179999999997
1355,11,client17,maurits-dijk-f9bdae8bclient171-lbgvh,hfl-train,614.0519999999997
1356,11,client9,maurits-dijk-f9bdae8bclient91-8xfzw,hfl-train,634.6980000000003
1357,11,client9,maurits-dijk-f9bdae8bclient91-8xfzw,hfl-train-model,596.9639999999999
1358,11,client9,maurits-dijk-f9bdae8bclient91-8xfzw,sidecar,526.3950000000004
1359,11,client5,maurits-dijk-f9bdae8bclient51-wrbcs,sidecar,654.7530000000006
1360,11,client5,maurits-dijk-f9bdae8bclient51-wrbcs,hfl-train,714.8820000000005
1361,11,client5,maurits-dijk-f9bdae8bclient51-wrbcs,hfl-train-model,683.9340000000002
1362,11,client1,maurits-dijk-f9bdae8bclient11-dswbz,sidecar,453.6990000000005
1363,11,client1,maurits-dijk-f9bdae8bclient11-dswbz,hfl-train-model,609.7980000000007
1364,11,client1,maurits-dijk-f9bdae8bclient11-dswbz,hfl-train,648.5070000000014
1365,11,client13,maurits-dijk-f9bdae8bclient131-rf7k8,hfl-train,688.7820000000011
1366,11,client13,maurits-dijk-f9bdae8bclient131-rf7k8,sidecar,588.1260000000002
1367,11,client13,maurits-dijk-f9bdae8bclient131-rf7k8,hfl-train-model,637.3680000000013
1368,12,client19,client19-56fccdb4d9-8c7lt,linkerd-init,0.0
1369,12,client20,client20-65f8864f77-svj45,client20,657.9300000000003
1370,12,client20,client20-65f8864f77-svj45,linkerd-init,0.0
1371,12,client20,client20-65f8864f77-svj45,sidecar,656.3759999999984
1372,12,client20,client20-65f8864f77-svj45,linkerd-proxy,657.7860000000001
1373,12,server,server-656f98b57f-cw5v7,linkerd-proxy,471.2579999999998
1374,12,server,server-656f98b57f-cw5v7,linkerd-init,0.0
1375,12,client8,client8-5845965f99-rfm7q,client8,678.1110000000026
1376,12,client8,client8-5845965f99-rfm7q,sidecar,596.889000000001
1377,12,client8,client8-5845965f99-rfm7q,linkerd-proxy,677.744999999999
1378,12,client8,client8-5845965f99-rfm7q,linkerd-init,0.0
1379,12,client14,client14-856b5b5576-5k67j,sidecar,794.4809999999998
1380,12,client14,client14-856b5b5576-5k67j,client14,796.2870000000003
1381,12,client14,client14-856b5b5576-5k67j,linkerd-init,0.0
1382,12,client14,client14-856b5b5576-5k67j,linkerd-proxy,795.9179999999997
1383,12,client10,client10-694b6b97b4-hdndm,sidecar,687.6869999999999
1384,12,client10,client10-694b6b97b4-hdndm,linkerd-proxy,715.0320000000011
1385,12,client10,client10-694b6b97b4-hdndm,client10,715.2929999999997
1386,12,client10,client10-694b6b97b4-hdndm,linkerd-init,0.0
1387,12,api-gateway,api-gateway-6bf76d45b7-57zzf,linkerd-proxy,361.71000000000004
1388,12,orchestrator,policy-enforcer-cb8dccbd8-ks275,linkerd-proxy,344.012999999999
1389,12,orchestrator,orchestrator-555f7b7c9d-hzdw9,linkerd-proxy,343.7519999999995
1390,12,api-gateway,api-gateway-6bf76d45b7-57zzf,linkerd-init,0.0
1391,12,orchestrator,orchestrator-555f7b7c9d-hzdw9,linkerd-init,0.0
1392,12,orchestrator,policy-enforcer-cb8dccbd8-ks275,linkerd-init,0.0
1393,12,client6,client6-785d875985-2qrc8,client6,819.6270000000022
1394,12,client6,client6-785d875985-2qrc8,sidecar,816.9120000000003
1395,12,client6,client6-785d875985-2qrc8,linkerd-proxy,819.2220000000016
1396,12,client6,client6-785d875985-2qrc8,linkerd-init,0.0
1397,12,client4,client4-744474fb99-5qgzz,client4,823.5059999999994
1398,12,client4,client4-744474fb99-5qgzz,sidecar,821.0580000000009
1399,12,client4,client4-744474fb99-5qgzz,linkerd-proxy,823.4129999999986
1400,12,client4,client4-744474fb99-5qgzz,linkerd-init,0.0
1401,12,client17,client17-69b85b5ccf-cqlvc,sidecar,615.1830000000009
1402,12,client17,client17-69b85b5ccf-cqlvc,client17,704.8830000000016
1403,12,client17,client17-69b85b5ccf-cqlvc,linkerd-init,0.0
1404,12,client17,client17-69b85b5ccf-cqlvc,linkerd-proxy,702.1320000000014
1405,12,client15,client15-79c969ddf-fwzsg,client15,853.5360000000001
1406,12,client15,client15-79c969ddf-fwzsg,sidecar,851.6970000000001
1407,12,client15,client15-79c969ddf-fwzsg,linkerd-proxy,853.1850000000013
1408,12,client15,client15-79c969ddf-fwzsg,linkerd-init,0.0
1409,12,client9,client9-d68fb99b4-759gp,linkerd-init,0.0
1410,12,client9,client9-d68fb99b4-759gp,client9,826.9110000000001
1411,12,client9,client9-d68fb99b4-759gp,sidecar,716.4269999999997
1412,12,client9,client9-d68fb99b4-759gp,linkerd-proxy,824.1660000000011
1413,12,client5,client5-7d5ff7f8b4-7dnpx,linkerd-proxy,781.0409999999993
1414,12,client5,client5-7d5ff7f8b4-7dnpx,client5,783.2010000000009
1415,12,client5,client5-7d5ff7f8b4-7dnpx,sidecar,629.781
1416,12,client5,client5-7d5ff7f8b4-7dnpx,linkerd-init,0.0
1417,12,client12,client12-79bc8d5846-q7vqg,linkerd-init,0.0
1418,12,client12,client12-79bc8d5846-q7vqg,sidecar,857.3909999999996
1419,12,client12,client12-79bc8d5846-q7vqg,linkerd-proxy,888.164999999999
1420,12,client12,client12-79bc8d5846-q7vqg,client12,888.2880000000005
1421,12,client16,client16-6dc7f87f54-pffhl,client16,888.5010000000002
1422,12,client16,client16-6dc7f87f54-pffhl,linkerd-init,0.0
1423,12,client16,client16-6dc7f87f54-pffhl,linkerd-proxy,888.4799999999996
1424,12,client16,client16-6dc7f87f54-pffhl,sidecar,886.1459999999988
1425,12,client2,client2-86cd6d8cf7-k56gc,client2,877.8899999999976
1426,12,client2,client2-86cd6d8cf7-k56gc,sidecar,876.1859999999979
1427,12,client2,client2-86cd6d8cf7-k56gc,linkerd-init,0.0
1428,12,client2,client2-86cd6d8cf7-k56gc,linkerd-proxy,877.764000000001
1429,12,client3,client3-58c68898cd-d6vxr,sidecar,889.116
1430,12,client3,client3-58c68898cd-d6vxr,client3,891.4800000000014
1431,12,client3,client3-58c68898cd-d6vxr,linkerd-init,0.0
1432,12,client3,client3-58c68898cd-d6vxr,linkerd-proxy,891.5550000000003
1433,12,client18,client18-69db77c748-rpjf9,client18,729.6779999999999
1434,12,client18,client18-69db77c748-rpjf9,sidecar,728.1119999999992
1435,12,client18,client18-69db77c748-rpjf9,linkerd-init,0.0
1436,12,client18,client18-69db77c748-rpjf9,linkerd-proxy,729.4409999999989
1437,12,client7,client7-544486cc98-vfcw4,sidecar,684.0840000000007
1438,12,client7,client7-544486cc98-vfcw4,linkerd-proxy,685.2209999999995
1439,12,client7,client7-544486cc98-vfcw4,linkerd-init,0.0
1440,12,client7,client7-544486cc98-vfcw4,client7,685.4880000000012
1441,12,client11,client11-565c48c7c7-fv6s2,sidecar,725.7689999999984
1442,12,client11,client11-565c48c7c7-fv6s2,linkerd-init,0.0
1443,12,client11,client11-565c48c7c7-fv6s2,client11,727.3679999999986
1444,12,client11,client11-565c48c7c7-fv6s2,linkerd-proxy,727.2000000000007
1445,12,client19,client19-56fccdb4d9-8c7lt,client19,762.2279999999992
1446,12,client19,client19-56fccdb4d9-8c7lt,sidecar,760.719000000001
1447,12,client19,client19-56fccdb4d9-8c7lt,linkerd-proxy,762.0569999999989
1448,12,client1,client1-7b9db886dd-dmxv5,linkerd-proxy,623.5619999999999
1449,12,client1,client1-7b9db886dd-dmxv5,linkerd-init,0.0
1450,12,client1,client1-7b9db886dd-dmxv5,sidecar,596.0249999999996
1451,12,client1,client1-7b9db886dd-dmxv5,client1,624.7740000000013
1452,12,client13,client13-7bf86f4f87-zd66n,client13,617.0670000000009
1453,12,client13,client13-7bf86f4f87-zd66n,sidecar,553.1909999999998
1454,12,client13,client13-7bf86f4f87-zd66n,linkerd-init,0.0
1455,12,client13,client13-7bf86f4f87-zd66n,linkerd-proxy,613.5360000000001
1456,12,server,server-656f98b57f-cw5v7,server,485.1149999999998
1457,12,server,server-656f98b57f-cw5v7,sidecar,403.89300000000003
1458,12,orchestrator,orchestrator-555f7b7c9d-hzdw9,orchestrator,173.5709999999999
1459,12,orchestrator,orchestrator-555f7b7c9d-hzdw9,sidecar,308.30700000000024
1460,12,orchestrator,policy-enforcer-cb8dccbd8-ks275,policy-enforcer,253.74299999999994
1461,12,orchestrator,policy-enforcer-cb8dccbd8-ks275,sidecar,321.83100000000104
1462,12,api-gateway,api-gateway-6bf76d45b7-57zzf,api-gateway,359.66699999999946
1463,12,api-gateway,api-gateway-6bf76d45b7-57zzf,sidecar,342.91799999999967
1464,12,server,maurits-dijk-f9bdae8bserver1-d84vt,hfl-train-model,743.7780000000002
1465,12,server,maurits-dijk-f9bdae8bserver1-d84vt,sidecar,399.1260000000002
1466,12,server,maurits-dijk-f9bdae8bserver1-d84vt,hfl-train,467.78700000000117
1467,12,client17,maurits-dijk-f9bdae8bclient171-lbgvh,sidecar,580.9920000000011
1468,12,client17,maurits-dijk-f9bdae8bclient171-lbgvh,hfl-train-model,699.75
1469,12,client17,maurits-dijk-f9bdae8bclient171-lbgvh,hfl-train,732.594000000001
1470,12,client9,maurits-dijk-f9bdae8bclient91-8xfzw,hfl-train,849.4380000000001
1471,12,client9,maurits-dijk-f9bdae8bclient91-8xfzw,hfl-train-model,817.3050000000003
1472,12,client9,maurits-dijk-f9bdae8bclient91-8xfzw,sidecar,739.5840000000007
1473,12,client5,maurits-dijk-f9bdae8bclient51-wrbcs,sidecar,722.7060000000001
1474,12,client5,maurits-dijk-f9bdae8bclient51-wrbcs,hfl-train,810.3089999999993
1475,12,client5,maurits-dijk-f9bdae8bclient51-wrbcs,hfl-train-model,779.0100000000002
1476,12,client1,maurits-dijk-f9bdae8bclient11-dswbz,sidecar,519.5069999999996
1477,12,client1,maurits-dijk-f9bdae8bclient11-dswbz,hfl-train-model,616.8089999999993
1478,12,client1,maurits-dijk-f9bdae8bclient11-dswbz,hfl-train,657.521999999999
1479,12,client13,maurits-dijk-f9bdae8bclient131-rf7k8,hfl-train,658.0650000000005
1480,12,client13,maurits-dijk-f9bdae8bclient131-rf7k8,sidecar,531.2129999999997
1481,12,client13,maurits-dijk-f9bdae8bclient131-rf7k8,hfl-train-model,610.5630000000001
1482,13,client19,client19-56fccdb4d9-8c7lt,linkerd-init,0.0
1483,13,client20,client20-65f8864f77-svj45,client20,865.0229999999992
1484,13,client20,client20-65f8864f77-svj45,linkerd-init,0.0
1485,13,client20,client20-65f8864f77-svj45,sidecar,863.1959999999999
1486,13,client20,client20-65f8864f77-svj45,linkerd-proxy,864.878999999999
1487,13,server,server-656f98b57f-cw5v7,linkerd-proxy,547.9650000000001
1488,13,server,server-656f98b57f-cw5v7,linkerd-init,0.0
1489,13,client8,client8-5845965f99-rfm7q,client8,671.0759999999973
1490,13,client8,client8-5845965f99-rfm7q,sidecar,631.9830000000002
1491,13,client8,client8-5845965f99-rfm7q,linkerd-proxy,670.7849999999999
1492,13,client8,client8-5845965f99-rfm7q,linkerd-init,0.0
1493,13,client14,client14-856b5b5576-5k67j,sidecar,680.232
1494,13,client14,client14-856b5b5576-5k67j,client14,681.6570000000011
1495,13,client14,client14-856b5b5576-5k67j,linkerd-init,0.0
1496,13,client14,client14-856b5b5576-5k67j,linkerd-proxy,681.4589999999989
1497,13,client10,client10-694b6b97b4-hdndm,sidecar,705.7199999999993
1498,13,client10,client10-694b6b97b4-hdndm,linkerd-proxy,736.143
1499,13,client10,client10-694b6b97b4-hdndm,client10,736.3289999999997
1500,13,client10,client10-694b6b97b4-hdndm,linkerd-init,0.0
1501,13,api-gateway,api-gateway-6bf76d45b7-57zzf,linkerd-proxy,349.04399999999987
1502,13,orchestrator,policy-enforcer-cb8dccbd8-ks275,linkerd-proxy,330.6660000000011
1503,13,orchestrator,orchestrator-555f7b7c9d-hzdw9,linkerd-proxy,330.4410000000007
1504,13,api-gateway,api-gateway-6bf76d45b7-57zzf,linkerd-init,0.0
1505,13,orchestrator,orchestrator-555f7b7c9d-hzdw9,linkerd-init,0.0
1506,13,orchestrator,policy-enforcer-cb8dccbd8-ks275,linkerd-init,0.0
1507,13,client6,client6-785d875985-2qrc8,client6,765.0210000000006
1508,13,client6,client6-785d875985-2qrc8,sidecar,762.9540000000015
1509,13,client6,client6-785d875985-2qrc8,linkerd-proxy,764.6729999999989
1510,13,client6,client6-785d875985-2qrc8,linkerd-init,0.0
1511,13,client4,client4-744474fb99-5qgzz,client4,679.6350000000002
1512,13,client4,client4-744474fb99-5qgzz,sidecar,677.6339999999982
1513,13,client4,client4-744474fb99-5qgzz,linkerd-proxy,679.6740000000009
1514,13,client4,client4-744474fb99-5qgzz,linkerd-init,0.0
1515,13,client17,client17-69b85b5ccf-cqlvc,sidecar,597.4439999999995
1516,13,client17,client17-69b85b5ccf-cqlvc,client17,651.5519999999997
1517,13,client17,client17-69b85b5ccf-cqlvc,linkerd-init,0.0
1518,13,client17,client17-69b85b5ccf-cqlvc,linkerd-proxy,648.5100000000002
1519,13,client15,client15-79c969ddf-fwzsg,client15,648.264000000001
1520,13,client15,client15-79c969ddf-fwzsg,sidecar,646.7849999999999
1521,13,client15,client15-79c969ddf-fwzsg,linkerd-proxy,648.0239999999994
1522,13,client15,client15-79c969ddf-fwzsg,linkerd-init,0.0
1523,13,client9,client9-d68fb99b4-759gp,linkerd-init,0.0
1524,13,client9,client9-d68fb99b4-759gp,client9,618.4560000000001
1525,13,client9,client9-d68fb99b4-759gp,sidecar,518.9880000000003
1526,13,client9,client9-d68fb99b4-759gp,linkerd-proxy,614.8559999999998
1527,13,client5,client5-7d5ff7f8b4-7dnpx,linkerd-proxy,605.853000000001
1528,13,client5,client5-7d5ff7f8b4-7dnpx,client5,607.362000000001
1529,13,client5,client5-7d5ff7f8b4-7dnpx,sidecar,543.0719999999992
1530,13,client5,client5-7d5ff7f8b4-7dnpx,linkerd-init,0.0
1531,13,client12,client12-79bc8d5846-q7vqg,linkerd-init,0.0
1532,13,client12,client12-79bc8d5846-q7vqg,sidecar,656.3040000000001
1533,13,client12,client12-79bc8d5846-q7vqg,linkerd-proxy,686.2470000000012
1534,13,client12,client12-79bc8d5846-q7vqg,client12,686.360999999999
1535,13,client16,client16-6dc7f87f54-pffhl,client16,693.8579999999984
1536,13,client16,client16-6dc7f87f54-pffhl,linkerd-init,0.0
1537,13,client16,client16-6dc7f87f54-pffhl,linkerd-proxy,693.5610000000015
1538,13,client16,client16-6dc7f87f54-pffhl,sidecar,691.8089999999993
1539,13,client2,client2-86cd6d8cf7-k56gc,client2,707.0820000000022
1540,13,client2,client2-86cd6d8cf7-k56gc,sidecar,705.6600000000017
1541,13,client2,client2-86cd6d8cf7-k56gc,linkerd-init,0.0
1542,13,client2,client2-86cd6d8cf7-k56gc,linkerd-proxy,706.985999999999
1543,13,client3,client3-58c68898cd-d6vxr,sidecar,678.6779999999999
1544,13,client3,client3-58c68898cd-d6vxr,client3,680.7749999999996
1545,13,client3,client3-58c68898cd-d6vxr,linkerd-init,0.0
1546,13,client3,client3-58c68898cd-d6vxr,linkerd-proxy,680.7299999999996
1547,13,client18,client18-69db77c748-rpjf9,client18,814.4189999999999
1548,13,client18,client18-69db77c748-rpjf9,sidecar,812.5769999999993
1549,13,client18,client18-69db77c748-rpjf9,linkerd-init,0.0
1550,13,client18,client18-69db77c748-rpjf9,linkerd-proxy,814.1220000000012
1551,13,client7,client7-544486cc98-vfcw4,sidecar,885.2549999999992
1552,13,client7,client7-544486cc98-vfcw4,linkerd-proxy,886.6679999999997
1553,13,client7,client7-544486cc98-vfcw4,linkerd-init,0.0
1554,13,client7,client7-544486cc98-vfcw4,client7,886.902
1555,13,client11,client11-565c48c7c7-fv6s2,sidecar,902.8739999999998
1556,13,client11,client11-565c48c7c7-fv6s2,linkerd-init,0.0
1557,13,client11,client11-565c48c7c7-fv6s2,client11,904.7010000000009
1558,13,client11,client11-565c48c7c7-fv6s2,linkerd-proxy,904.5299999999988
1559,13,client19,client19-56fccdb4d9-8c7lt,client19,805.6800000000003
1560,13,client19,client19-56fccdb4d9-8c7lt,sidecar,803.8680000000004
1561,13,client19,client19-56fccdb4d9-8c7lt,linkerd-proxy,805.5870000000014
1562,13,client1,client1-7b9db886dd-dmxv5,linkerd-proxy,732.0540000000001
1563,13,client1,client1-7b9db886dd-dmxv5,linkerd-init,0.0
1564,13,client1,client1-7b9db886dd-dmxv5,sidecar,690.4560000000001
1565,13,client1,client1-7b9db886dd-dmxv5,client1,732.630000000001
1566,13,client13,client13-7bf86f4f87-zd66n,client13,713.7420000000002
1567,13,client13,client13-7bf86f4f87-zd66n,sidecar,675.8220000000001
1568,13,client13,client13-7bf86f4f87-zd66n,linkerd-init,0.0
1569,13,client13,client13-7bf86f4f87-zd66n,linkerd-proxy,710.0100000000002
1570,13,server,server-656f98b57f-cw5v7,server,563.6130000000003
1571,13,server,server-656f98b57f-cw5v7,sidecar,438.1259999999993
1572,13,orchestrator,orchestrator-555f7b7c9d-hzdw9,orchestrator,155.0250000000001
1573,13,orchestrator,orchestrator-555f7b7c9d-hzdw9,sidecar,305.41799999999967
1574,13,orchestrator,policy-enforcer-cb8dccbd8-ks275,policy-enforcer,233.76900000000023
1575,13,orchestrator,policy-enforcer-cb8dccbd8-ks275,sidecar,296.89799999999923
1576,13,api-gateway,api-gateway-6bf76d45b7-57zzf,api-gateway,341.1959999999999
1577,13,api-gateway,api-gateway-6bf76d45b7-57zzf,sidecar,329.5470000000005
1578,13,server,maurits-dijk-f9bdae8bserver1-d84vt,hfl-train-model,864.896999999999
1579,13,server,maurits-dijk-f9bdae8bserver1-d84vt,sidecar,459.8879999999999
1580,13,server,maurits-dijk-f9bdae8bserver1-d84vt,hfl-train,544.3079999999991
1581,13,client17,maurits-dijk-f9bdae8bclient171-lbgvh,sidecar,619.6679999999997
1582,13,client17,maurits-dijk-f9bdae8bclient171-lbgvh,hfl-train-model,646.1309999999994
1583,13,client17,maurits-dijk-f9bdae8bclient171-lbgvh,hfl-train,684.512999999999
1584,13,client9,maurits-dijk-f9bdae8bclient91-8xfzw,hfl-train,649.8389999999999
1585,13,client9,maurits-dijk-f9bdae8bclient91-8xfzw,hfl-train-model,609.3780000000006
1586,13,client9,maurits-dijk-f9bdae8bclient91-8xfzw,sidecar,532.4969999999994
1587,13,client5,maurits-dijk-f9bdae8bclient51-wrbcs,sidecar,516.0059999999994
1588,13,client5,maurits-dijk-f9bdae8bclient51-wrbcs,hfl-train,634.5029999999988
1589,13,client5,maurits-dijk-f9bdae8bclient51-wrbcs,hfl-train-model,603.3719999999976
1590,13,client1,maurits-dijk-f9bdae8bclient11-dswbz,sidecar,638.7690000000002
1591,13,client1,maurits-dijk-f9bdae8bclient11-dswbz,hfl-train-model,726.5369999999984
1592,13,client1,maurits-dijk-f9bdae8bclient11-dswbz,hfl-train,765.503999999999
1593,13,client13,maurits-dijk-f9bdae8bclient131-rf7k8,hfl-train,756.1589999999997
1594,13,client13,maurits-dijk-f9bdae8bclient131-rf7k8,sidecar,604.3919999999998
1595,13,client13,maurits-dijk-f9bdae8bclient131-rf7k8,hfl-train-model,706.7819999999992
1596,14,client19,client19-56fccdb4d9-8c7lt,linkerd-init,0.0
1597,14,client20,client20-65f8864f77-svj45,client20,705.2879999999986
1598,14,client20,client20-65f8864f77-svj45,linkerd-init,0.0
1599,14,client20,client20-65f8864f77-svj45,sidecar,703.764000000001
1600,14,client20,client20-65f8864f77-svj45,linkerd-proxy,705.2250000000022
1601,14,server,server-656f98b57f-cw5v7,linkerd-proxy,482.22899999999936
1602,14,server,server-656f98b57f-cw5v7,linkerd-init,0.0
1603,14,client8,client8-5845965f99-rfm7q,client8,912.3690000000006
1604,14,client8,client8-5845965f99-rfm7q,sidecar,910.757999999998
1605,14,client8,client8-5845965f99-rfm7q,linkerd-proxy,912.0210000000006
1606,14,client8,client8-5845965f99-rfm7q,linkerd-init,0.0
1607,14,client14,client14-856b5b5576-5k67j,sidecar,854.3339999999989
1608,14,client14,client14-856b5b5576-5k67j,client14,856.3679999999986
1609,14,client14,client14-856b5b5576-5k67j,linkerd-init,0.0
1610,14,client14,client14-856b5b5576-5k67j,linkerd-proxy,856.2780000000021
1611,14,client10,client10-694b6b97b4-hdndm,sidecar,790.8119999999999
1612,14,client10,client10-694b6b97b4-hdndm,linkerd-proxy,906.8490000000002
1613,14,client10,client10-694b6b97b4-hdndm,client10,907.0409999999993
1614,14,client10,client10-694b6b97b4-hdndm,linkerd-init,0.0
1615,14,api-gateway,api-gateway-6bf76d45b7-57zzf,linkerd-proxy,417.192
1616,14,orchestrator,policy-enforcer-cb8dccbd8-ks275,linkerd-proxy,398.98199999999906
1617,14,orchestrator,orchestrator-555f7b7c9d-hzdw9,linkerd-proxy,398.84099999999944
1618,14,api-gateway,api-gateway-6bf76d45b7-57zzf,linkerd-init,0.0
1619,14,orchestrator,orchestrator-555f7b7c9d-hzdw9,linkerd-init,0.0
1620,14,orchestrator,policy-enforcer-cb8dccbd8-ks275,linkerd-init,0.0
1621,14,client6,client6-785d875985-2qrc8,client6,831.9239999999972
1622,14,client6,client6-785d875985-2qrc8,sidecar,829.7219999999979
1623,14,client6,client6-785d875985-2qrc8,linkerd-proxy,831.5159999999996
1624,14,client6,client6-785d875985-2qrc8,linkerd-init,0.0
1625,14,client4,client4-744474fb99-5qgzz,client4,822.887999999999
1626,14,client4,client4-744474fb99-5qgzz,sidecar,820.2540000000008
1627,14,client4,client4-744474fb99-5qgzz,linkerd-proxy,822.8430000000008
1628,14,client4,client4-744474fb99-5qgzz,linkerd-init,0.0
1629,14,client17,client17-69b85b5ccf-cqlvc,sidecar,741.4440000000013
1630,14,client17,client17-69b85b5ccf-cqlvc,client17,811.8539999999994
1631,14,client17,client17-69b85b5ccf-cqlvc,linkerd-init,0.0
1632,14,client17,client17-69b85b5ccf-cqlvc,linkerd-proxy,810.9479999999985
1633,14,client15,client15-79c969ddf-fwzsg,client15,875.5889999999999
1634,14,client15,client15-79c969ddf-fwzsg,sidecar,873.8250000000007
1635,14,client15,client15-79c969ddf-fwzsg,linkerd-proxy,875.3729999999978
1636,14,client15,client15-79c969ddf-fwzsg,linkerd-init,0.0
1637,14,client9,client9-d68fb99b4-759gp,linkerd-init,0.0
1638,14,client9,client9-d68fb99b4-759gp,client9,772.5839999999989
1639,14,client9,client9-d68fb99b4-759gp,sidecar,695.2919999999995
1640,14,client9,client9-d68fb99b4-759gp,linkerd-proxy,772.1669999999995
1641,14,client5,client5-7d5ff7f8b4-7dnpx,linkerd-proxy,697.1579999999976
1642,14,client5,client5-7d5ff7f8b4-7dnpx,client5,700.902
1643,14,client5,client5-7d5ff7f8b4-7dnpx,sidecar,557.5350000000017
1644,14,client5,client5-7d5ff7f8b4-7dnpx,linkerd-init,0.0
1645,14,client12,client12-79bc8d5846-q7vqg,linkerd-init,0.0
1646,14,client12,client12-79bc8d5846-q7vqg,sidecar,714.348
1647,14,client12,client12-79bc8d5846-q7vqg,linkerd-proxy,742.6080000000002
1648,14,client12,client12-79bc8d5846-q7vqg,client12,742.6230000000014
1649,14,client16,client16-6dc7f87f54-pffhl,client16,689.8020000000015
1650,14,client16,client16-6dc7f87f54-pffhl,linkerd-init,0.0
1651,14,client16,client16-6dc7f87f54-pffhl,linkerd-proxy,689.7839999999978
1652,14,client16,client16-6dc7f87f54-pffhl,sidecar,687.723
1653,14,client2,client2-86cd6d8cf7-k56gc,client2,682.6259999999984
1654,14,client2,client2-86cd6d8cf7-k56gc,sidecar,681.1769999999997
1655,14,client2,client2-86cd6d8cf7-k56gc,linkerd-init,0.0
1656,14,client2,client2-86cd6d8cf7-k56gc,linkerd-proxy,682.5750000000007
1657,14,client3,client3-58c68898cd-d6vxr,sidecar,727.8060000000005
1658,14,client3,client3-58c68898cd-d6vxr,client3,730.1129999999994
1659,14,client3,client3-58c68898cd-d6vxr,linkerd-init,0.0
1660,14,client3,client3-58c68898cd-d6vxr,linkerd-proxy,730.0229999999992
1661,14,client18,client18-69db77c748-rpjf9,client18,652.7939999999999
1662,14,client18,client18-69db77c748-rpjf9,sidecar,651.3270000000011
1663,14,client18,client18-69db77c748-rpjf9,linkerd-init,0.0
1664,14,client18,client18-69db77c748-rpjf9,linkerd-proxy,652.7339999999986
1665,14,client7,client7-544486cc98-vfcw4,sidecar,752.478000000001
1666,14,client7,client7-544486cc98-vfcw4,linkerd-proxy,753.6149999999998
1667,14,client7,client7-544486cc98-vfcw4,linkerd-init,0.0
1668,14,client7,client7-544486cc98-vfcw4,client7,753.8549999999996
1669,14,client11,client11-565c48c7c7-fv6s2,sidecar,728.9670000000006
1670,14,client11,client11-565c48c7c7-fv6s2,linkerd-init,0.0
1671,14,client11,client11-565c48c7c7-fv6s2,client11,730.4760000000006
1672,14,client11,client11-565c48c7c7-fv6s2,linkerd-proxy,730.3860000000004
1673,14,client19,client19-56fccdb4d9-8c7lt,client19,704.6219999999994
1674,14,client19,client19-56fccdb4d9-8c7lt,sidecar,703.1699999999983
1675,14,client19,client19-56fccdb4d9-8c7lt,linkerd-proxy,704.6489999999994
1676,14,client1,client1-7b9db886dd-dmxv5,linkerd-proxy,610.8690000000006
1677,14,client1,client1-7b9db886dd-dmxv5,linkerd-init,0.0
1678,14,client1,client1-7b9db886dd-dmxv5,sidecar,572.7720000000008
1679,14,client1,client1-7b9db886dd-dmxv5,client1,612.9089999999997
1680,14,client13,client13-7bf86f4f87-zd66n,client13,635.0369999999984
1681,14,client13,client13-7bf86f4f87-zd66n,sidecar,577.719000000001
1682,14,client13,client13-7bf86f4f87-zd66n,linkerd-init,0.0
1683,14,client13,client13-7bf86f4f87-zd66n,linkerd-proxy,632.3999999999996
1684,14,server,server-656f98b57f-cw5v7,server,490.3829999999998
1685,14,server,server-656f98b57f-cw5v7,sidecar,412.947000000001
1686,14,orchestrator,orchestrator-555f7b7c9d-hzdw9,orchestrator,262.65599999999995
1687,14,orchestrator,orchestrator-555f7b7c9d-hzdw9,sidecar,392.15099999999984
1688,14,orchestrator,policy-enforcer-cb8dccbd8-ks275,policy-enforcer,206.88900000000012
1689,14,orchestrator,policy-enforcer-cb8dccbd8-ks275,sidecar,355.20899999999983
1690,14,api-gateway,api-gateway-6bf76d45b7-57zzf,api-gateway,409.2600000000002
1691,14,api-gateway,api-gateway-6bf76d45b7-57zzf,sidecar,377.6970000000001
1692,14,server,maurits-dijk-f9bdae8bserver1-d84vt,hfl-train-model,848.8889999999992
1693,14,server,maurits-dijk-f9bdae8bserver1-d84vt,sidecar,379.7370000000001
1694,14,server,maurits-dijk-f9bdae8bserver1-d84vt,hfl-train,477.89400000000023
1695,14,client17,maurits-dijk-f9bdae8bclient171-lbgvh,sidecar,675.9480000000003
1696,14,client17,maurits-dijk-f9bdae8bclient171-lbgvh,hfl-train-model,807.6659999999993
1697,14,client17,maurits-dijk-f9bdae8bclient171-lbgvh,hfl-train,841.5630000000001
1698,14,client9,maurits-dijk-f9bdae8bclient91-8xfzw,hfl-train,800.4840000000004
1699,14,client9,maurits-dijk-f9bdae8bclient91-8xfzw,hfl-train-model,765.3240000000005
1700,14,client9,maurits-dijk-f9bdae8bclient91-8xfzw,sidecar,685.9349999999995
1701,14,client5,maurits-dijk-f9bdae8bclient51-wrbcs,sidecar,560.433
1702,14,client5,maurits-dijk-f9bdae8bclient51-wrbcs,hfl-train,726.2430000000004
1703,14,client5,maurits-dijk-f9bdae8bclient51-wrbcs,hfl-train-model,695.505000000001
1704,14,client1,maurits-dijk-f9bdae8bclient11-dswbz,sidecar,481.1940000000004
1705,14,client1,maurits-dijk-f9bdae8bclient11-dswbz,hfl-train-model,605.853000000001
1706,14,client1,maurits-dijk-f9bdae8bclient11-dswbz,hfl-train,650.112000000001
1707,14,client13,maurits-dijk-f9bdae8bclient131-rf7k8,hfl-train,678.4709999999995
1708,14,client13,maurits-dijk-f9bdae8bclient131-rf7k8,sidecar,415.20600000000104
1709,14,client13,maurits-dijk-f9bdae8bclient131-rf7k8,hfl-train-model,629.6010000000006
1710,15,client19,client19-56fccdb4d9-8c7lt,linkerd-init,0.0
1711,15,client20,client20-65f8864f77-svj45,client20,913.6769999999997
1712,15,client20,client20-65f8864f77-svj45,linkerd-init,0.0
1713,15,client20,client20-65f8864f77-svj45,sidecar,911.7360000000008
1714,15,client20,client20-65f8864f77-svj45,linkerd-proxy,913.4339999999993
1715,15,server,server-656f98b57f-cw5v7,linkerd-proxy,463.65600000000086
1716,15,server,server-656f98b57f-cw5v7,linkerd-init,0.0
1717,15,client8,client8-5845965f99-rfm7q,client8,748.3649999999998
1718,15,client8,client8-5845965f99-rfm7q,sidecar,746.991
1719,15,client8,client8-5845965f99-rfm7q,linkerd-proxy,748.0049999999992
1720,15,client8,client8-5845965f99-rfm7q,linkerd-init,0.0
1721,15,client14,client14-856b5b5576-5k67j,sidecar,688.2780000000002
1722,15,client14,client14-856b5b5576-5k67j,client14,689.9429999999993
1723,15,client14,client14-856b5b5576-5k67j,linkerd-init,0.0
1724,15,client14,client14-856b5b5576-5k67j,linkerd-proxy,689.7029999999995
1725,15,client10,client10-694b6b97b4-hdndm,sidecar,652.3919999999998
1726,15,client10,client10-694b6b97b4-hdndm,linkerd-proxy,715.9199999999983
1727,15,client10,client10-694b6b97b4-hdndm,client10,716.0910000000003
1728,15,client10,client10-694b6b97b4-hdndm,linkerd-init,0.0
1729,15,api-gateway,api-gateway-6bf76d45b7-57zzf,linkerd-proxy,357.72599999999966
1730,15,orchestrator,policy-enforcer-cb8dccbd8-ks275,linkerd-proxy,339.4380000000001
1731,15,orchestrator,orchestrator-555f7b7c9d-hzdw9,linkerd-proxy,339.33600000000024
1732,15,api-gateway,api-gateway-6bf76d45b7-57zzf,linkerd-init,0.0
1733,15,orchestrator,orchestrator-555f7b7c9d-hzdw9,linkerd-init,0.0
1734,15,orchestrator,policy-enforcer-cb8dccbd8-ks275,linkerd-init,0.0
1735,15,client6,client6-785d875985-2qrc8,client6,741.2970000000023
1736,15,client6,client6-785d875985-2qrc8,sidecar,739.5180000000018
1737,15,client6,client6-785d875985-2qrc8,linkerd-proxy,741.2070000000003
1738,15,client6,client6-785d875985-2qrc8,linkerd-init,0.0
1739,15,client4,client4-744474fb99-5qgzz,client4,695.0820000000003
1740,15,client4,client4-744474fb99-5qgzz,sidecar,693.0450000000001
1741,15,client4,client4-744474fb99-5qgzz,linkerd-proxy,694.9770000000008
1742,15,client4,client4-744474fb99-5qgzz,linkerd-init,0.0
1743,15,client17,client17-69b85b5ccf-cqlvc,sidecar,608.4809999999998
1744,15,client17,client17-69b85b5ccf-cqlvc,client17,655.8209999999981
1745,15,client17,client17-69b85b5ccf-cqlvc,linkerd-init,0.0
1746,15,client17,client17-69b85b5ccf-cqlvc,linkerd-proxy,654.126000000002
1747,15,client15,client15-79c969ddf-fwzsg,client15,648.8429999999989
1748,15,client15,client15-79c969ddf-fwzsg,sidecar,647.2739999999994
1749,15,client15,client15-79c969ddf-fwzsg,linkerd-proxy,648.5820000000022
1750,15,client15,client15-79c969ddf-fwzsg,linkerd-init,0.0
1751,15,client9,client9-d68fb99b4-759gp,linkerd-init,0.0
1752,15,client9,client9-d68fb99b4-759gp,client9,596.9010000000017
1753,15,client9,client9-d68fb99b4-759gp,sidecar,484.40999999999985
1754,15,client9,client9-d68fb99b4-759gp,linkerd-proxy,594.8880000000026
1755,15,client5,client5-7d5ff7f8b4-7dnpx,linkerd-proxy,574.3469999999998
1756,15,client5,client5-7d5ff7f8b4-7dnpx,client5,576.5100000000002
1757,15,client5,client5-7d5ff7f8b4-7dnpx,sidecar,394.59000000000015
1758,15,client5,client5-7d5ff7f8b4-7dnpx,linkerd-init,0.0
1759,15,client12,client12-79bc8d5846-q7vqg,linkerd-init,0.0
1760,15,client12,client12-79bc8d5846-q7vqg,sidecar,824.5079999999998
1761,15,client12,client12-79bc8d5846-q7vqg,linkerd-proxy,943.7189999999991
1762,15,client12,client12-79bc8d5846-q7vqg,client12,943.8420000000006
1763,15,client16,client16-6dc7f87f54-pffhl,client16,802.9229999999989
1764,15,client16,client16-6dc7f87f54-pffhl,linkerd-init,0.0
1765,15,client16,client16-6dc7f87f54-pffhl,linkerd-proxy,802.746000000001
1766,15,client16,client16-6dc7f87f54-pffhl,sidecar,800.4420000000009
1767,15,client2,client2-86cd6d8cf7-k56gc,client2,818.4840000000004
1768,15,client2,client2-86cd6d8cf7-k56gc,sidecar,816.6149999999998
1769,15,client2,client2-86cd6d8cf7-k56gc,linkerd-init,0.0
1770,15,client2,client2-86cd6d8cf7-k56gc,linkerd-proxy,818.2469999999994
1771,15,client3,client3-58c68898cd-d6vxr,sidecar,865.9260000000013
1772,15,client3,client3-58c68898cd-d6vxr,client3,868.5570000000007
1773,15,client3,client3-58c68898cd-d6vxr,linkerd-init,0.0
1774,15,client3,client3-58c68898cd-d6vxr,linkerd-proxy,868.3020000000015
1775,15,client18,client18-69db77c748-rpjf9,client18,771.0780000000013
1776,15,client18,client18-69db77c748-rpjf9,sidecar,769.2690000000002
1777,15,client18,client18-69db77c748-rpjf9,linkerd-init,0.0
1778,15,client18,client18-69db77c748-rpjf9,linkerd-proxy,770.9100000000017
1779,15,client7,client7-544486cc98-vfcw4,sidecar,869.1629999999986
1780,15,client7,client7-544486cc98-vfcw4,linkerd-proxy,870.492000000002
1781,15,client7,client7-544486cc98-vfcw4,linkerd-init,0.0
1782,15,client7,client7-544486cc98-vfcw4,client7,870.8639999999996
1783,15,client11,client11-565c48c7c7-fv6s2,sidecar,792.7289999999994
1784,15,client11,client11-565c48c7c7-fv6s2,linkerd-init,0.0
1785,15,client11,client11-565c48c7c7-fv6s2,client11,794.5349999999999
1786,15,client11,client11-565c48c7c7-fv6s2,linkerd-proxy,794.3220000000001
1787,15,client19,client19-56fccdb4d9-8c7lt,client19,797.844000000001
1788,15,client19,client19-56fccdb4d9-8c7lt,sidecar,796.0800000000017
1789,15,client19,client19-56fccdb4d9-8c7lt,linkerd-proxy,797.7450000000008
1790,15,client1,client1-7b9db886dd-dmxv5,linkerd-proxy,718.2299999999996
1791,15,client1,client1-7b9db886dd-dmxv5,linkerd-init,0.0
1792,15,client1,client1-7b9db886dd-dmxv5,sidecar,690.8520000000008
1793,15,client1,client1-7b9db886dd-dmxv5,client1,718.9199999999983
1794,15,client13,client13-7bf86f4f87-zd66n,client13,703.8360000000011
1795,15,client13,client13-7bf86f4f87-zd66n,sidecar,659.9459999999981
1796,15,client13,client13-7bf86f4f87-zd66n,linkerd-init,0.0
1797,15,client13,client13-7bf86f4f87-zd66n,linkerd-proxy,700.7609999999986
1798,15,server,server-656f98b57f-cw5v7,server,477.1800000000012
1799,15,server,server-656f98b57f-cw5v7,sidecar,420.59400000000005
1800,15,orchestrator,orchestrator-555f7b7c9d-hzdw9,orchestrator,276.7260000000001
1801,15,orchestrator,orchestrator-555f7b7c9d-hzdw9,sidecar,312.3660000000009
1802,15,orchestrator,policy-enforcer-cb8dccbd8-ks275,policy-enforcer,231.39599999999973
1803,15,orchestrator,policy-enforcer-cb8dccbd8-ks275,sidecar,338.4960000000001
1804,15,api-gateway,api-gateway-6bf76d45b7-57zzf,api-gateway,350.1060000000007
1805,15,api-gateway,api-gateway-6bf76d45b7-57zzf,sidecar,322.29599999999937
1806,15,server,maurits-dijk-f9bdae8bserver1-d84vt,hfl-train-model,808.0590000000011
1807,15,server,maurits-dijk-f9bdae8bserver1-d84vt,sidecar,389.15099999999984
1808,15,server,maurits-dijk-f9bdae8bserver1-d84vt,hfl-train,459.84299999999985
1809,15,client17,maurits-dijk-f9bdae8bclient171-lbgvh,sidecar,484.6740000000009
1810,15,client17,maurits-dijk-f9bdae8bclient171-lbgvh,hfl-train-model,651.5220000000027
1811,15,client17,maurits-dijk-f9bdae8bclient171-lbgvh,hfl-train,683.2230000000018
1812,15,client9,maurits-dijk-f9bdae8bclient91-8xfzw,hfl-train,621.9899999999998
1813,15,client9,maurits-dijk-f9bdae8bclient91-8xfzw,hfl-train-model,589.7819999999974
1814,15,client9,maurits-dijk-f9bdae8bclient91-8xfzw,sidecar,540.9359999999997
1815,15,client5,maurits-dijk-f9bdae8bclient51-wrbcs,sidecar,525.4620000000014
1816,15,client5,maurits-dijk-f9bdae8bclient51-wrbcs,hfl-train,603.2669999999998
1817,15,client5,maurits-dijk-f9bdae8bclient51-wrbcs,hfl-train-model,572.2559999999994
1818,15,client1,maurits-dijk-f9bdae8bclient11-dswbz,sidecar,631.7250000000013
1819,15,client1,maurits-dijk-f9bdae8bclient11-dswbz,hfl-train-model,713.130000000001
1820,15,client1,maurits-dijk-f9bdae8bclient11-dswbz,hfl-train,745.4760000000006
1821,15,client13,maurits-dijk-f9bdae8bclient131-rf7k8,hfl-train,745.9650000000001
1822,15,client13,maurits-dijk-f9bdae8bclient131-rf7k8,sidecar,520.1040000000003
1823,15,client13,maurits-dijk-f9bdae8bclient131-rf7k8,hfl-train-model,697.8989999999994
1824,16,client19,client19-56fccdb4d9-8c7lt,linkerd-init,0.0
1825,16,client20,client20-65f8864f77-svj45,client20,739.0080000000016
1826,16,client20,client20-65f8864f77-svj45,linkerd-init,0.0
1827,16,client20,client20-65f8864f77-svj45,sidecar,737.4089999999997
1828,16,client20,client20-65f8864f77-svj45,linkerd-proxy,738.7980000000007
1829,16,server,server-656f98b57f-cw5v7,linkerd-proxy,563.835000000001
1830,16,server,server-656f98b57f-cw5v7,linkerd-init,0.0
1831,16,client8,client8-5845965f99-rfm7q,client8,924.510000000002
1832,16,client8,client8-5845965f99-rfm7q,sidecar,922.8780000000006
1833,16,client8,client8-5845965f99-rfm7q,linkerd-proxy,924.1440000000002
1834,16,client8,client8-5845965f99-rfm7q,linkerd-init,0.0
1835,16,client14,client14-856b5b5576-5k67j,sidecar,915.0840000000007
1836,16,client14,client14-856b5b5576-5k67j,client14,917.0040000000008
1837,16,client14,client14-856b5b5576-5k67j,linkerd-init,0.0
1838,16,client14,client14-856b5b5576-5k67j,linkerd-proxy,916.8090000000011
1839,16,client10,client10-694b6b97b4-hdndm,sidecar,752.8649999999998
1840,16,client10,client10-694b6b97b4-hdndm,linkerd-proxy,824.2320000000018
1841,16,client10,client10-694b6b97b4-hdndm,client10,824.2799999999988
1842,16,client10,client10-694b6b97b4-hdndm,linkerd-init,0.0
1843,16,api-gateway,api-gateway-6bf76d45b7-57zzf,linkerd-proxy,409.1760000000004
1844,16,orchestrator,policy-enforcer-cb8dccbd8-ks275,linkerd-proxy,390.3240000000005
1845,16,orchestrator,orchestrator-555f7b7c9d-hzdw9,linkerd-proxy,390.1949999999997
1846,16,api-gateway,api-gateway-6bf76d45b7-57zzf,linkerd-init,0.0
1847,16,orchestrator,orchestrator-555f7b7c9d-hzdw9,linkerd-init,0.0
1848,16,orchestrator,policy-enforcer-cb8dccbd8-ks275,linkerd-init,0.0
1849,16,client6,client6-785d875985-2qrc8,client6,669.5999999999985
1850,16,client6,client6-785d875985-2qrc8,sidecar,667.3979999999992
1851,16,client6,client6-785d875985-2qrc8,linkerd-proxy,669.5550000000003
1852,16,client6,client6-785d875985-2qrc8,linkerd-init,0.0
1853,16,client4,client4-744474fb99-5qgzz,client4,695.5139999999992
1854,16,client4,client4-744474fb99-5qgzz,sidecar,693.4709999999995
1855,16,client4,client4-744474fb99-5qgzz,linkerd-proxy,695.498999999998
1856,16,client4,client4-744474fb99-5qgzz,linkerd-init,0.0
1857,16,client17,client17-69b85b5ccf-cqlvc,sidecar,610.775999999998
1858,16,client17,client17-69b85b5ccf-cqlvc,client17,625.8180000000011
1859,16,client17,client17-69b85b5ccf-cqlvc,linkerd-init,0.0
1860,16,client17,client17-69b85b5ccf-cqlvc,linkerd-proxy,624.4499999999989
1861,16,client15,client15-79c969ddf-fwzsg,client15,768.4410000000007
1862,16,client15,client15-79c969ddf-fwzsg,sidecar,766.8690000000006
1863,16,client15,client15-79c969ddf-fwzsg,linkerd-proxy,768.275999999998
1864,16,client15,client15-79c969ddf-fwzsg,linkerd-init,0.0
1865,16,client9,client9-d68fb99b4-759gp,linkerd-init,0.0
1866,16,client9,client9-d68fb99b4-759gp,client9,626.9609999999993
1867,16,client9,client9-d68fb99b4-759gp,sidecar,566.4720000000016
1868,16,client9,client9-d68fb99b4-759gp,linkerd-proxy,626.1569999999974
1869,16,client5,client5-7d5ff7f8b4-7dnpx,linkerd-proxy,604.1940000000013
1870,16,client5,client5-7d5ff7f8b4-7dnpx,client5,606.5939999999973
1871,16,client5,client5-7d5ff7f8b4-7dnpx,sidecar,548.480999999998
1872,16,client5,client5-7d5ff7f8b4-7dnpx,linkerd-init,0.0
1873,16,client12,client12-79bc8d5846-q7vqg,linkerd-init,0.0
1874,16,client12,client12-79bc8d5846-q7vqg,sidecar,643.3409999999985
1875,16,client12,client12-79bc8d5846-q7vqg,linkerd-proxy,727.253999999999
1876,16,client12,client12-79bc8d5846-q7vqg,client12,727.3289999999997
1877,16,client16,client16-6dc7f87f54-pffhl,client16,685.8000000000011
1878,16,client16,client16-6dc7f87f54-pffhl,linkerd-init,0.0
1879,16,client16,client16-6dc7f87f54-pffhl,linkerd-proxy,685.6949999999997
1880,16,client16,client16-6dc7f87f54-pffhl,sidecar,683.7389999999996
1881,16,client2,client2-86cd6d8cf7-k56gc,client2,718.710000000001
1882,16,client2,client2-86cd6d8cf7-k56gc,sidecar,717.1830000000009
1883,16,client2,client2-86cd6d8cf7-k56gc,linkerd-init,0.0
1884,16,client2,client2-86cd6d8cf7-k56gc,linkerd-proxy,718.590000000002
1885,16,client3,client3-58c68898cd-d6vxr,sidecar,774.6779999999981
1886,16,client3,client3-58c68898cd-d6vxr,client3,776.8680000000004
1887,16,client3,client3-58c68898cd-d6vxr,linkerd-init,0.0
1888,16,client3,client3-58c68898cd-d6vxr,linkerd-proxy,776.9130000000005
1889,16,client18,client18-69db77c748-rpjf9,client18,653.8500000000004
1890,16,client18,client18-69db77c748-rpjf9,sidecar,652.3529999999992
1891,16,client18,client18-69db77c748-rpjf9,linkerd-init,0.0
1892,16,client18,client18-69db77c748-rpjf9,linkerd-proxy,653.7989999999991
1893,16,client7,client7-544486cc98-vfcw4,sidecar,708.3420000000006
1894,16,client7,client7-544486cc98-vfcw4,linkerd-proxy,709.4969999999994
1895,16,client7,client7-544486cc98-vfcw4,linkerd-init,0.0
1896,16,client7,client7-544486cc98-vfcw4,client7,709.7009999999991
1897,16,client11,client11-565c48c7c7-fv6s2,sidecar,721.9650000000001
1898,16,client11,client11-565c48c7c7-fv6s2,linkerd-init,0.0
1899,16,client11,client11-565c48c7c7-fv6s2,client11,723.3420000000006
1900,16,client11,client11-565c48c7c7-fv6s2,linkerd-proxy,723.1440000000002
1901,16,client19,client19-56fccdb4d9-8c7lt,client19,640.6619999999984
1902,16,client19,client19-56fccdb4d9-8c7lt,sidecar,639.0599999999995
1903,16,client19,client19-56fccdb4d9-8c7lt,linkerd-proxy,640.4669999999987
1904,16,client1,client1-7b9db886dd-dmxv5,linkerd-proxy,672.869999999999
1905,16,client1,client1-7b9db886dd-dmxv5,linkerd-init,0.0
1906,16,client1,client1-7b9db886dd-dmxv5,sidecar,646.5119999999988
1907,16,client1,client1-7b9db886dd-dmxv5,client1,673.4010000000017
1908,16,client13,client13-7bf86f4f87-zd66n,client13,652.362000000001
1909,16,client13,client13-7bf86f4f87-zd66n,sidecar,629.5200000000004
1910,16,client13,client13-7bf86f4f87-zd66n,linkerd-init,0.0
1911,16,client13,client13-7bf86f4f87-zd66n,linkerd-proxy,649.7129999999997
1912,16,server,server-656f98b57f-cw5v7,server,579.5069999999996
1913,16,server,server-656f98b57f-cw5v7,sidecar,488.16600000000017
1914,16,orchestrator,orchestrator-555f7b7c9d-hzdw9,orchestrator,201.45299999999997
1915,16,orchestrator,orchestrator-555f7b7c9d-hzdw9,sidecar,365.72999999999956
1916,16,orchestrator,policy-enforcer-cb8dccbd8-ks275,policy-enforcer,311.45700000000033
1917,16,orchestrator,policy-enforcer-cb8dccbd8-ks275,sidecar,362.1120000000001
1918,16,api-gateway,api-gateway-6bf76d45b7-57zzf,api-gateway,408.15599999999995
1919,16,api-gateway,api-gateway-6bf76d45b7-57zzf,sidecar,389.08800000000065
1920,16,server,maurits-dijk-f9bdae8bserver1-d84vt,hfl-train-model,839.7119999999995
1921,16,server,maurits-dijk-f9bdae8bserver1-d84vt,sidecar,488.496000000001
1922,16,server,maurits-dijk-f9bdae8bserver1-d84vt,hfl-train,560.4659999999994
1923,16,client17,maurits-dijk-f9bdae8bclient171-lbgvh,sidecar,503.8349999999991
1924,16,client17,maurits-dijk-f9bdae8bclient171-lbgvh,hfl-train-model,621.7289999999994
1925,16,client17,maurits-dijk-f9bdae8bclient171-lbgvh,hfl-train,662.3999999999996
1926,16,client9,maurits-dijk-f9bdae8bclient91-8xfzw,hfl-train,653.9070000000011
1927,16,client9,maurits-dijk-f9bdae8bclient91-8xfzw,hfl-train-model,621.2880000000023
1928,16,client9,maurits-dijk-f9bdae8bclient91-8xfzw,sidecar,577.005000000001
1929,16,client5,maurits-dijk-f9bdae8bclient51-wrbcs,sidecar,544.1519999999982
1930,16,client5,maurits-dijk-f9bdae8bclient51-wrbcs,hfl-train,633.0630000000019
1931,16,client5,maurits-dijk-f9bdae8bclient51-wrbcs,hfl-train-model,601.4160000000011
1932,16,client1,maurits-dijk-f9bdae8bclient11-dswbz,sidecar,556.6199999999972
1933,16,client1,maurits-dijk-f9bdae8bclient11-dswbz,hfl-train-model,667.4670000000006
1934,16,client1,maurits-dijk-f9bdae8bclient11-dswbz,hfl-train,701.5770000000011
1935,16,client13,maurits-dijk-f9bdae8bclient131-rf7k8,hfl-train,694.2420000000002
1936,16,client13,maurits-dijk-f9bdae8bclient131-rf7k8,sidecar,453.6959999999981
1937,16,client13,maurits-dijk-f9bdae8bclient131-rf7k8,hfl-train-model,646.7430000000004
1938,17,client19,client19-56fccdb4d9-8c7lt,linkerd-init,0.0
1939,17,client20,client20-65f8864f77-svj45,client20,729.027
1940,17,client20,client20-65f8864f77-svj45,linkerd-init,0.0
1941,17,client20,client20-65f8864f77-svj45,sidecar,727.5149999999994
1942,17,client20,client20-65f8864f77-svj45,linkerd-proxy,728.8799999999992
1943,17,server,server-656f98b57f-cw5v7,linkerd-proxy,468.5549999999985
1944,17,server,server-656f98b57f-cw5v7,linkerd-init,0.0
1945,17,client8,client8-5845965f99-rfm7q,client8,730.6229999999978
1946,17,client8,client8-5845965f99-rfm7q,sidecar,729.2820000000011
1947,17,client8,client8-5845965f99-rfm7q,linkerd-proxy,730.2839999999997
1948,17,client8,client8-5845965f99-rfm7q,linkerd-init,0.0
1949,17,client14,client14-856b5b5576-5k67j,sidecar,662.121000000001
1950,17,client14,client14-856b5b5576-5k67j,client14,663.8070000000007
1951,17,client14,client14-856b5b5576-5k67j,linkerd-init,0.0
1952,17,client14,client14-856b5b5576-5k67j,linkerd-proxy,663.623999999998
1953,17,client10,client10-694b6b97b4-hdndm,sidecar,590.5949999999993
1954,17,client10,client10-694b6b97b4-hdndm,linkerd-proxy,654.9660000000003
1955,17,client10,client10-694b6b97b4-hdndm,client10,655.1940000000013
1956,17,client10,client10-694b6b97b4-hdndm,linkerd-init,0.0
1957,17,api-gateway,api-gateway-6bf76d45b7-57zzf,linkerd-proxy,349.54199999999946
1958,17,orchestrator,policy-enforcer-cb8dccbd8-ks275,linkerd-proxy,331.5479999999998
1959,17,orchestrator,orchestrator-555f7b7c9d-hzdw9,linkerd-proxy,331.4430000000002
1960,17,api-gateway,api-gateway-6bf76d45b7-57zzf,linkerd-init,0.0
1961,17,orchestrator,orchestrator-555f7b7c9d-hzdw9,linkerd-init,0.0
1962,17,orchestrator,policy-enforcer-cb8dccbd8-ks275,linkerd-init,0.0
1963,17,client6,client6-785d875985-2qrc8,client6,787.3289999999997
1964,17,client6,client6-785d875985-2qrc8,sidecar,785.2019999999993
1965,17,client6,client6-785d875985-2qrc8,linkerd-proxy,787.0139999999992
1966,17,client6,client6-785d875985-2qrc8,linkerd-init,0.0
1967,17,client4,client4-744474fb99-5qgzz,client4,846.4590000000007
1968,17,client4,client4-744474fb99-5qgzz,sidecar,844.0260000000017
1969,17,client4,client4-744474fb99-5qgzz,linkerd-proxy,846.3990000000013
1970,17,client4,client4-744474fb99-5qgzz,linkerd-init,0.0
1971,17,client17,client17-69b85b5ccf-cqlvc,sidecar,685.3470000000016
1972,17,client17,client17-69b85b5ccf-cqlvc,client17,723.2970000000005
1973,17,client17,client17-69b85b5ccf-cqlvc,linkerd-init,0.0
1974,17,client17,client17-69b85b5ccf-cqlvc,linkerd-proxy,721.7129999999997
1975,17,client15,client15-79c969ddf-fwzsg,client15,819.4650000000001
1976,17,client15,client15-79c969ddf-fwzsg,sidecar,817.7279999999992
1977,17,client15,client15-79c969ddf-fwzsg,linkerd-proxy,819.2160000000022
1978,17,client15,client15-79c969ddf-fwzsg,linkerd-init,0.0
1979,17,client9,client9-d68fb99b4-759gp,linkerd-init,0.0
1980,17,client9,client9-d68fb99b4-759gp,client9,751.143
1981,17,client9,client9-d68fb99b4-759gp,sidecar,698.9069999999992
1982,17,client9,client9-d68fb99b4-759gp,linkerd-proxy,750.0120000000006
1983,17,client5,client5-7d5ff7f8b4-7dnpx,linkerd-proxy,741.6239999999998
1984,17,client5,client5-7d5ff7f8b4-7dnpx,client5,744.9090000000015
1985,17,client5,client5-7d5ff7f8b4-7dnpx,sidecar,709.2720000000008
1986,17,client5,client5-7d5ff7f8b4-7dnpx,linkerd-init,0.0
1987,17,client12,client12-79bc8d5846-q7vqg,linkerd-init,0.0
1988,17,client12,client12-79bc8d5846-q7vqg,sidecar,775.6800000000021
1989,17,client12,client12-79bc8d5846-q7vqg,linkerd-proxy,950.4840000000004
1990,17,client12,client12-79bc8d5846-q7vqg,client12,950.8169999999991
1991,17,client16,client16-6dc7f87f54-pffhl,client16,850.0859999999993
1992,17,client16,client16-6dc7f87f54-pffhl,linkerd-init,0.0
1993,17,client16,client16-6dc7f87f54-pffhl,linkerd-proxy,849.9809999999998
1994,17,client16,client16-6dc7f87f54-pffhl,sidecar,847.5149999999994
1995,17,client2,client2-86cd6d8cf7-k56gc,client2,713.8379999999997
1996,17,client2,client2-86cd6d8cf7-k56gc,sidecar,712.2659999999996
1997,17,client2,client2-86cd6d8cf7-k56gc,linkerd-init,0.0
1998,17,client2,client2-86cd6d8cf7-k56gc,linkerd-proxy,713.6399999999994
1999,17,client3,client3-58c68898cd-d6vxr,sidecar,685.5540000000019
2000,17,client3,client3-58c68898cd-d6vxr,client3,687.7019999999993
2001,17,client3,client3-58c68898cd-d6vxr,linkerd-init,0.0
2002,17,client3,client3-58c68898cd-d6vxr,linkerd-proxy,687.5969999999998
2003,17,client18,client18-69db77c748-rpjf9,client18,666.4349999999977
2004,17,client18,client18-69db77c748-rpjf9,sidecar,664.6859999999997
2005,17,client18,client18-69db77c748-rpjf9,linkerd-init,0.0
2006,17,client18,client18-69db77c748-rpjf9,linkerd-proxy,666.2700000000004
2007,17,client7,client7-544486cc98-vfcw4,sidecar,767.1329999999998
2008,17,client7,client7-544486cc98-vfcw4,linkerd-proxy,768.3600000000006
2009,17,client7,client7-544486cc98-vfcw4,linkerd-init,0.0
2010,17,client7,client7-544486cc98-vfcw4,client7,768.5400000000009
2011,17,client11,client11-565c48c7c7-fv6s2,sidecar,727.6139999999996
2012,17,client11,client11-565c48c7c7-fv6s2,linkerd-init,0.0
2013,17,client11,client11-565c48c7c7-fv6s2,client11,729.0059999999994
2014,17,client11,client11-565c48c7c7-fv6s2,linkerd-proxy,728.8500000000004
2015,17,client19,client19-56fccdb4d9-8c7lt,client19,673.4099999999999
2016,17,client19,client19-56fccdb4d9-8c7lt,sidecar,671.8079999999991
2017,17,client19,client19-56fccdb4d9-8c7lt,linkerd-proxy,673.2270000000008
2018,17,client1,client1-7b9db886dd-dmxv5,linkerd-proxy,664.6530000000021
2019,17,client1,client1-7b9db886dd-dmxv5,linkerd-init,0.0
2020,17,client1,client1-7b9db886dd-dmxv5,sidecar,596.5019999999986
2021,17,client1,client1-7b9db886dd-dmxv5,client1,665.3219999999983
2022,17,client13,client13-7bf86f4f87-zd66n,client13,655.0319999999992
2023,17,client13,client13-7bf86f4f87-zd66n,sidecar,635.9699999999993
2024,17,client13,client13-7bf86f4f87-zd66n,linkerd-init,0.0
2025,17,client13,client13-7bf86f4f87-zd66n,linkerd-proxy,650.1570000000011
2026,17,server,server-656f98b57f-cw5v7,server,492.86699999999837
2027,17,server,server-656f98b57f-cw5v7,sidecar,414.02699999999913
2028,17,orchestrator,orchestrator-555f7b7c9d-hzdw9,orchestrator,170.48999999999978
2029,17,orchestrator,orchestrator-555f7b7c9d-hzdw9,sidecar,312.4889999999996
2030,17,orchestrator,policy-enforcer-cb8dccbd8-ks275,policy-enforcer,274.1759999999995
2031,17,orchestrator,policy-enforcer-cb8dccbd8-ks275,sidecar,288.29399999999987
2032,17,api-gateway,api-gateway-6bf76d45b7-57zzf,api-gateway,349.65299999999934
2033,17,api-gateway,api-gateway-6bf76d45b7-57zzf,sidecar,330.45899999999983
2034,17,server,maurits-dijk-f9bdae8bserver1-d84vt,hfl-train-model,749.3580000000002
2035,17,server,maurits-dijk-f9bdae8bserver1-d84vt,sidecar,438.11399999999867
2036,17,server,maurits-dijk-f9bdae8bserver1-d84vt,hfl-train,465.8819999999996
2037,17,client17,maurits-dijk-f9bdae8bclient171-lbgvh,sidecar,566.8229999999985
2038,17,client17,maurits-dijk-f9bdae8bclient171-lbgvh,hfl-train-model,718.8509999999987
2039,17,client17,maurits-dijk-f9bdae8bclient171-lbgvh,hfl-train,753.128999999999
2040,17,client9,maurits-dijk-f9bdae8bclient91-8xfzw,hfl-train,776.3580000000002
2041,17,client9,maurits-dijk-f9bdae8bclient91-8xfzw,hfl-train-model,744.2579999999998
2042,17,client9,maurits-dijk-f9bdae8bclient91-8xfzw,sidecar,655.994999999999
2043,17,client5,maurits-dijk-f9bdae8bclient51-wrbcs,sidecar,660.2010000000009
2044,17,client5,maurits-dijk-f9bdae8bclient51-wrbcs,hfl-train,776.1389999999992
2045,17,client5,maurits-dijk-f9bdae8bclient51-wrbcs,hfl-train-model,739.1040000000012
2046,17,client1,maurits-dijk-f9bdae8bclient11-dswbz,sidecar,525.6570000000011
2047,17,client1,maurits-dijk-f9bdae8bclient11-dswbz,hfl-train-model,658.8179999999993
2048,17,client1,maurits-dijk-f9bdae8bclient11-dswbz,hfl-train,691.4099999999999
2049,17,client13,maurits-dijk-f9bdae8bclient131-rf7k8,hfl-train,694.5749999999989
2050,17,client13,maurits-dijk-f9bdae8bclient131-rf7k8,sidecar,473.6100000000006
2051,17,client13,maurits-dijk-f9bdae8bclient131-rf7k8,hfl-train-model,647.0879999999997
2052,18,client19,client19-56fccdb4d9-8c7lt,linkerd-init,0.0
2053,18,client20,client20-65f8864f77-svj45,client20,826.3829999999998
2054,18,client20,client20-65f8864f77-svj45,linkerd-init,0.0
2055,18,client20,client20-65f8864f77-svj45,sidecar,824.652
2056,18,client20,client20-65f8864f77-svj45,linkerd-proxy,826.3680000000004
2057,18,server,server-656f98b57f-cw5v7,linkerd-proxy,491.771999999999
2058,18,server,server-656f98b57f-cw5v7,linkerd-init,0.0
2059,18,client8,client8-5845965f99-rfm7q,client8,759.5580000000009
2060,18,client8,client8-5845965f99-rfm7q,sidecar,758.2739999999994
2061,18,client8,client8-5845965f99-rfm7q,linkerd-proxy,759.402
2062,18,client8,client8-5845965f99-rfm7q,linkerd-init,0.0
2063,18,client14,client14-856b5b5576-5k67j,sidecar,745.2780000000002
2064,18,client14,client14-856b5b5576-5k67j,client14,746.9790000000012
2065,18,client14,client14-856b5b5576-5k67j,linkerd-init,0.0
2066,18,client14,client14-856b5b5576-5k67j,linkerd-proxy,746.7479999999996
2067,18,client10,client10-694b6b97b4-hdndm,sidecar,583.0500000000011
2068,18,client10,client10-694b6b97b4-hdndm,linkerd-proxy,662.4299999999985
2069,18,client10,client10-694b6b97b4-hdndm,client10,662.7840000000015
2070,18,client10,client10-694b6b97b4-hdndm,linkerd-init,0.0
2071,18,api-gateway,api-gateway-6bf76d45b7-57zzf,linkerd-proxy,344.83800000000065
2072,18,orchestrator,policy-enforcer-cb8dccbd8-ks275,linkerd-proxy,326.3850000000002
2073,18,orchestrator,orchestrator-555f7b7c9d-hzdw9,linkerd-proxy,326.1989999999996
2074,18,api-gateway,api-gateway-6bf76d45b7-57zzf,linkerd-init,0.0
2075,18,orchestrator,orchestrator-555f7b7c9d-hzdw9,linkerd-init,0.0
2076,18,orchestrator,policy-enforcer-cb8dccbd8-ks275,linkerd-init,0.0
2077,18,client6,client6-785d875985-2qrc8,client6,695.1839999999993
2078,18,client6,client6-785d875985-2qrc8,sidecar,693.7950000000001
2079,18,client6,client6-785d875985-2qrc8,linkerd-proxy,695.0280000000002
2080,18,client6,client6-785d875985-2qrc8,linkerd-init,0.0
2081,18,client4,client4-744474fb99-5qgzz,client4,680.6730000000007
2082,18,client4,client4-744474fb99-5qgzz,sidecar,678.5220000000008
2083,18,client4,client4-744474fb99-5qgzz,linkerd-proxy,680.5979999999981
2084,18,client4,client4-744474fb99-5qgzz,linkerd-init,0.0
2085,18,client17,client17-69b85b5ccf-cqlvc,sidecar,635.4359999999997
2086,18,client17,client17-69b85b5ccf-cqlvc,client17,652.7189999999991
2087,18,client17,client17-69b85b5ccf-cqlvc,linkerd-init,0.0
2088,18,client17,client17-69b85b5ccf-cqlvc,linkerd-proxy,649.8090000000011
2089,18,client15,client15-79c969ddf-fwzsg,client15,776.2379999999994
2090,18,client15,client15-79c969ddf-fwzsg,sidecar,774.759
2091,18,client15,client15-79c969ddf-fwzsg,linkerd-proxy,776.0730000000003
2092,18,client15,client15-79c969ddf-fwzsg,linkerd-init,0.0
2093,18,client9,client9-d68fb99b4-759gp,linkerd-init,0.0
2094,18,client9,client9-d68fb99b4-759gp,client9,660.3119999999999
2095,18,client9,client9-d68fb99b4-759gp,sidecar,594.3269999999993
2096,18,client9,client9-d68fb99b4-759gp,linkerd-proxy,659.3279999999995
2097,18,client5,client5-7d5ff7f8b4-7dnpx,linkerd-proxy,582.1139999999996
2098,18,client5,client5-7d5ff7f8b4-7dnpx,client5,585.2279999999992
2099,18,client5,client5-7d5ff7f8b4-7dnpx,sidecar,541.5930000000008
2100,18,client5,client5-7d5ff7f8b4-7dnpx,linkerd-init,0.0
2101,18,client12,client12-79bc8d5846-q7vqg,linkerd-init,0.0
2102,18,client12,client12-79bc8d5846-q7vqg,sidecar,617.5619999999999
2103,18,client12,client12-79bc8d5846-q7vqg,linkerd-proxy,715.527
2104,18,client12,client12-79bc8d5846-q7vqg,client12,715.7070000000003
2105,18,client16,client16-6dc7f87f54-pffhl,client16,684.2909999999993
2106,18,client16,client16-6dc7f87f54-pffhl,linkerd-init,0.0
2107,18,client16,client16-6dc7f87f54-pffhl,linkerd-proxy,684.1410000000014
2108,18,client16,client16-6dc7f87f54-pffhl,sidecar,682.2330000000002
2109,18,client2,client2-86cd6d8cf7-k56gc,client2,858.3809999999976
2110,18,client2,client2-86cd6d8cf7-k56gc,sidecar,856.4969999999994
2111,18,client2,client2-86cd6d8cf7-k56gc,linkerd-init,0.0
2112,18,client2,client2-86cd6d8cf7-k56gc,linkerd-proxy,858.2999999999993
2113,18,client3,client3-58c68898cd-d6vxr,sidecar,858.503999999999
2114,18,client3,client3-58c68898cd-d6vxr,client3,860.8500000000004
2115,18,client3,client3-58c68898cd-d6vxr,linkerd-init,0.0
2116,18,client3,client3-58c68898cd-d6vxr,linkerd-proxy,860.8799999999992
2117,18,client18,client18-69db77c748-rpjf9,client18,785.769000000002
2118,18,client18,client18-69db77c748-rpjf9,sidecar,783.5460000000003
2119,18,client18,client18-69db77c748-rpjf9,linkerd-init,0.0
2120,18,client18,client18-69db77c748-rpjf9,linkerd-proxy,785.5589999999993
2121,18,client7,client7-544486cc98-vfcw4,sidecar,831.3449999999993
2122,18,client7,client7-544486cc98-vfcw4,linkerd-proxy,832.7039999999979
2123,18,client7,client7-544486cc98-vfcw4,linkerd-init,0.0
2124,18,client7,client7-544486cc98-vfcw4,client7,832.9140000000007
2125,18,client11,client11-565c48c7c7-fv6s2,sidecar,849.8549999999996
2126,18,client11,client11-565c48c7c7-fv6s2,linkerd-init,0.0
2127,18,client11,client11-565c48c7c7-fv6s2,client11,851.5889999999999
2128,18,client11,client11-565c48c7c7-fv6s2,linkerd-proxy,851.3849999999984
2129,18,client19,client19-56fccdb4d9-8c7lt,client19,869.0070000000014
2130,18,client19,client19-56fccdb4d9-8c7lt,sidecar,867.273000000001
2131,18,client19,client19-56fccdb4d9-8c7lt,linkerd-proxy,868.9169999999995
2132,18,client1,client1-7b9db886dd-dmxv5,linkerd-proxy,758.360999999999
2133,18,client1,client1-7b9db886dd-dmxv5,linkerd-init,0.0
2134,18,client1,client1-7b9db886dd-dmxv5,sidecar,730.8720000000012
2135,18,client1,client1-7b9db886dd-dmxv5,client1,758.2380000000012
2136,18,client13,client13-7bf86f4f87-zd66n,client13,752.8199999999997
2137,18,client13,client13-7bf86f4f87-zd66n,sidecar,722.0010000000002
2138,18,client13,client13-7bf86f4f87-zd66n,linkerd-init,0.0
2139,18,client13,client13-7bf86f4f87-zd66n,linkerd-proxy,748.8479999999981
2140,18,server,server-656f98b57f-cw5v7,server,507.0570000000025
2141,18,server,server-656f98b57f-cw5v7,sidecar,428.91600000000017
2142,18,orchestrator,orchestrator-555f7b7c9d-hzdw9,orchestrator,172.20600000000013
2143,18,orchestrator,orchestrator-555f7b7c9d-hzdw9,sidecar,307.2480000000005
2144,18,orchestrator,policy-enforcer-cb8dccbd8-ks275,policy-enforcer,270.0630000000001
2145,18,orchestrator,policy-enforcer-cb8dccbd8-ks275,sidecar,281.817
2146,18,api-gateway,api-gateway-6bf76d45b7-57zzf,api-gateway,352.509
2147,18,api-gateway,api-gateway-6bf76d45b7-57zzf,sidecar,325.3890000000001
2148,18,server,maurits-dijk-f9bdae8bserver1-d84vt,hfl-train-model,765.4140000000007
2149,18,server,maurits-dijk-f9bdae8bserver1-d84vt,sidecar,459.0090000000009
2150,18,server,maurits-dijk-f9bdae8bserver1-d84vt,hfl-train,488.1270000000022
2151,18,client17,maurits-dijk-f9bdae8bclient171-lbgvh,sidecar,531.2670000000016
2152,18,client17,maurits-dijk-f9bdae8bclient171-lbgvh,hfl-train-model,647.0490000000009
2153,18,client17,maurits-dijk-f9bdae8bclient171-lbgvh,hfl-train,679.0470000000005
2154,18,client9,maurits-dijk-f9bdae8bclient91-8xfzw,hfl-train,688.3619999999992
2155,18,client9,maurits-dijk-f9bdae8bclient91-8xfzw,hfl-train-model,655.244999999999
2156,18,client9,maurits-dijk-f9bdae8bclient91-8xfzw,sidecar,564.2970000000005
2157,18,client5,maurits-dijk-f9bdae8bclient51-wrbcs,sidecar,482.3730000000014
2158,18,client5,maurits-dijk-f9bdae8bclient51-wrbcs,hfl-train,610.5390000000007
2159,18,client5,maurits-dijk-f9bdae8bclient51-wrbcs,hfl-train-model,579.8490000000002
2160,18,client1,maurits-dijk-f9bdae8bclient11-dswbz,sidecar,585.8250000000007
2161,18,client1,maurits-dijk-f9bdae8bclient11-dswbz,hfl-train-model,752.6760000000013
2162,18,client1,maurits-dijk-f9bdae8bclient11-dswbz,hfl-train,785.7510000000002
2163,18,client13,maurits-dijk-f9bdae8bclient131-rf7k8,hfl-train,792.8160000000007
2164,18,client13,maurits-dijk-f9bdae8bclient131-rf7k8,sidecar,548.5470000000005
2165,18,client13,maurits-dijk-f9bdae8bclient131-rf7k8,hfl-train-model,745.6499999999996
2166,19,client19,client19-56fccdb4d9-8c7lt,linkerd-init,0.0
2167,19,client20,client20-65f8864f77-svj45,client20,706.2990000000009
2168,19,client20,client20-65f8864f77-svj45,linkerd-init,0.0
2169,19,client20,client20-65f8864f77-svj45,sidecar,704.7270000000008
2170,19,client20,client20-65f8864f77-svj45,linkerd-proxy,706.2089999999989
2171,19,server,server-656f98b57f-cw5v7,linkerd-proxy,558.1230000000014
2172,19,server,server-656f98b57f-cw5v7,linkerd-init,0.0
2173,19,client8,client8-5845965f99-rfm7q,client8,893.5500000000011
2174,19,client8,client8-5845965f99-rfm7q,sidecar,891.8580000000002
2175,19,client8,client8-5845965f99-rfm7q,linkerd-proxy,893.3220000000001
2176,19,client8,client8-5845965f99-rfm7q,linkerd-init,0.0
2177,19,client14,client14-856b5b5576-5k67j,sidecar,822.8760000000002
2178,19,client14,client14-856b5b5576-5k67j,client14,824.8499999999985
2179,19,client14,client14-856b5b5576-5k67j,linkerd-init,0.0
2180,19,client14,client14-856b5b5576-5k67j,linkerd-proxy,824.5590000000011
2181,19,client10,client10-694b6b97b4-hdndm,sidecar,703.5329999999994
2182,19,client10,client10-694b6b97b4-hdndm,linkerd-proxy,779.9670000000006
2183,19,client10,client10-694b6b97b4-hdndm,client10,779.8499999999985
2184,19,client10,client10-694b6b97b4-hdndm,linkerd-init,0.0
2185,19,api-gateway,api-gateway-6bf76d45b7-57zzf,linkerd-proxy,410.2529999999997
2186,19,orchestrator,policy-enforcer-cb8dccbd8-ks275,linkerd-proxy,391.45799999999963
2187,19,orchestrator,orchestrator-555f7b7c9d-hzdw9,linkerd-proxy,391.1730000000007
2188,19,api-gateway,api-gateway-6bf76d45b7-57zzf,linkerd-init,0.0
2189,19,orchestrator,orchestrator-555f7b7c9d-hzdw9,linkerd-init,0.0
2190,19,orchestrator,policy-enforcer-cb8dccbd8-ks275,linkerd-init,0.0
2191,19,client6,client6-785d875985-2qrc8,client6,744.5040000000008
2192,19,client6,client6-785d875985-2qrc8,sidecar,742.5120000000006
2193,19,client6,client6-785d875985-2qrc8,linkerd-proxy,744.1710000000003
2194,19,client6,client6-785d875985-2qrc8,linkerd-init,0.0
2195,19,client4,client4-744474fb99-5qgzz,client4,667.014000000001
2196,19,client4,client4-744474fb99-5qgzz,sidecar,664.8869999999988
2197,19,client4,client4-744474fb99-5qgzz,linkerd-proxy,667.014000000001
2198,19,client4,client4-744474fb99-5qgzz,linkerd-init,0.0
2199,19,client17,client17-69b85b5ccf-cqlvc,sidecar,545.7870000000003
2200,19,client17,client17-69b85b5ccf-cqlvc,client17,617.4719999999998
2201,19,client17,client17-69b85b5ccf-cqlvc,linkerd-init,0.0
2202,19,client17,client17-69b85b5ccf-cqlvc,linkerd-proxy,613.8359999999975
2203,19,client15,client15-79c969ddf-fwzsg,client15,686.6010000000006
2204,19,client15,client15-79c969ddf-fwzsg,sidecar,685.2089999999989
2205,19,client15,client15-79c969ddf-fwzsg,linkerd-proxy,686.4329999999991
2206,19,client15,client15-79c969ddf-fwzsg,linkerd-init,0.0
2207,19,client9,client9-d68fb99b4-759gp,linkerd-init,0.0
2208,19,client9,client9-d68fb99b4-759gp,client9,646.746000000001
2209,19,client9,client9-d68fb99b4-759gp,sidecar,515.9159999999993
2210,19,client9,client9-d68fb99b4-759gp,linkerd-proxy,646.8780000000006
2211,19,client5,client5-7d5ff7f8b4-7dnpx,linkerd-proxy,580.619999999999
2212,19,client5,client5-7d5ff7f8b4-7dnpx,client5,584.3490000000002
2213,19,client5,client5-7d5ff7f8b4-7dnpx,sidecar,546.3419999999987
2214,19,client5,client5-7d5ff7f8b4-7dnpx,linkerd-init,0.0
2215,19,client12,client12-79bc8d5846-q7vqg,linkerd-init,0.0
2216,19,client12,client12-79bc8d5846-q7vqg,sidecar,625.4580000000005
2217,19,client12,client12-79bc8d5846-q7vqg,linkerd-proxy,761.2800000000007
2218,19,client12,client12-79bc8d5846-q7vqg,client12,761.340000000002
2219,19,client16,client16-6dc7f87f54-pffhl,client16,695.8050000000021
2220,19,client16,client16-6dc7f87f54-pffhl,linkerd-init,0.0
2221,19,client16,client16-6dc7f87f54-pffhl,linkerd-proxy,695.8349999999991
2222,19,client16,client16-6dc7f87f54-pffhl,sidecar,693.6510000000017
2223,19,client2,client2-86cd6d8cf7-k56gc,client2,754.8870000000006
2224,19,client2,client2-86cd6d8cf7-k56gc,sidecar,753.2849999999999
2225,19,client2,client2-86cd6d8cf7-k56gc,linkerd-init,0.0
2226,19,client2,client2-86cd6d8cf7-k56gc,linkerd-proxy,754.6530000000002
2227,19,client3,client3-58c68898cd-d6vxr,sidecar,692.2920000000013
2228,19,client3,client3-58c68898cd-d6vxr,client3,694.4430000000011
2229,19,client3,client3-58c68898cd-d6vxr,linkerd-init,0.0
2230,19,client3,client3-58c68898cd-d6vxr,linkerd-proxy,694.4430000000011
2231,19,client18,client18-69db77c748-rpjf9,client18,693.0959999999995
2232,19,client18,client18-69db77c748-rpjf9,sidecar,691.2479999999996
2233,19,client18,client18-69db77c748-rpjf9,linkerd-init,0.0
2234,19,client18,client18-69db77c748-rpjf9,linkerd-proxy,693.0210000000006
2235,19,client7,client7-544486cc98-vfcw4,sidecar,656.9099999999999
2236,19,client7,client7-544486cc98-vfcw4,linkerd-proxy,658.1040000000012
2237,19,client7,client7-544486cc98-vfcw4,linkerd-init,0.0
2238,19,client7,client7-544486cc98-vfcw4,client7,658.3169999999991
2239,19,client11,client11-565c48c7c7-fv6s2,sidecar,668.5380000000005
2240,19,client11,client11-565c48c7c7-fv6s2,linkerd-init,0.0
2241,19,client11,client11-565c48c7c7-fv6s2,client11,669.8999999999996
2242,19,client11,client11-565c48c7c7-fv6s2,linkerd-proxy,669.8700000000008
2243,19,client19,client19-56fccdb4d9-8c7lt,client19,702.1499999999978
2244,19,client19,client19-56fccdb4d9-8c7lt,sidecar,700.7429999999986
2245,19,client19,client19-56fccdb4d9-8c7lt,linkerd-proxy,702.119999999999
2246,19,client1,client1-7b9db886dd-dmxv5,linkerd-proxy,591.7469999999994
2247,19,client1,client1-7b9db886dd-dmxv5,linkerd-init,0.0
2248,19,client1,client1-7b9db886dd-dmxv5,sidecar,574.4189999999999
2249,19,client1,client1-7b9db886dd-dmxv5,client1,590.3190000000013
2250,19,client13,client13-7bf86f4f87-zd66n,client13,634.116
2251,19,client13,client13-7bf86f4f87-zd66n,sidecar,559.4520000000011
2252,19,client13,client13-7bf86f4f87-zd66n,linkerd-init,0.0
2253,19,client13,client13-7bf86f4f87-zd66n,linkerd-proxy,628.9200000000019
2254,19,server,server-656f98b57f-cw5v7,server,575.6309999999994
2255,19,server,server-656f98b57f-cw5v7,sidecar,472.16100000000006
2256,19,orchestrator,orchestrator-555f7b7c9d-hzdw9,orchestrator,205.08899999999994
2257,19,orchestrator,orchestrator-555f7b7c9d-hzdw9,sidecar,365.5770000000002
2258,19,orchestrator,policy-enforcer-cb8dccbd8-ks275,policy-enforcer,278.3640000000005
2259,19,orchestrator,policy-enforcer-cb8dccbd8-ks275,sidecar,355.41899999999987
2260,19,api-gateway,api-gateway-6bf76d45b7-57zzf,api-gateway,397.4970000000003
2261,19,api-gateway,api-gateway-6bf76d45b7-57zzf,sidecar,390.0689999999995
2262,19,server,maurits-dijk-f9bdae8bserver1-d84vt,hfl-train-model,882.5339999999997
2263,19,server,maurits-dijk-f9bdae8bserver1-d84vt,sidecar,479.16899999999987
2264,19,server,maurits-dijk-f9bdae8bserver1-d84vt,hfl-train,554.003999999999
2265,19,client17,maurits-dijk-f9bdae8bclient171-lbgvh,sidecar,532.8359999999993
2266,19,client17,maurits-dijk-f9bdae8bclient171-lbgvh,hfl-train-model,610.9860000000008
2267,19,client17,maurits-dijk-f9bdae8bclient171-lbgvh,hfl-train,644.5709999999999
2268,19,client9,maurits-dijk-f9bdae8bclient91-8xfzw,hfl-train,677.844000000001
2269,19,client9,maurits-dijk-f9bdae8bclient91-8xfzw,hfl-train-model,642.594000000001
2270,19,client9,maurits-dijk-f9bdae8bclient91-8xfzw,sidecar,554.7000000000007
2271,19,client5,maurits-dijk-f9bdae8bclient51-wrbcs,sidecar,537.4889999999996
2272,19,client5,maurits-dijk-f9bdae8bclient51-wrbcs,hfl-train,611.2259999999987
2273,19,client5,maurits-dijk-f9bdae8bclient51-wrbcs,hfl-train-model,578.7419999999984
2274,19,client1,maurits-dijk-f9bdae8bclient11-dswbz,sidecar,522.0630000000001
2275,19,client1,maurits-dijk-f9bdae8bclient11-dswbz,hfl-train-model,586.3229999999985
2276,19,client1,maurits-dijk-f9bdae8bclient11-dswbz,hfl-train,618.9419999999991
2277,19,client13,maurits-dijk-f9bdae8bclient131-rf7k8,hfl-train,675.4349999999995
2278,19,client13,maurits-dijk-f9bdae8bclient131-rf7k8,sidecar,526.0469999999987
2279,19,client13,maurits-dijk-f9bdae8bclient131-rf7k8,hfl-train-model,625.5
2280,20,client19,client19-56fccdb4d9-8c7lt,linkerd-init,0.0
2281,20,client20,client20-65f8864f77-svj45,client20,698.5199999999986
2282,20,client20,client20-65f8864f77-svj45,linkerd-init,0.0
2283,20,client20,client20-65f8864f77-svj45,sidecar,696.8580000000002
2284,20,client20,client20-65f8864f77-svj45,linkerd-proxy,698.1959999999999
2285,20,server,server-656f98b57f-cw5v7,linkerd-proxy,471.7379999999994
2286,20,server,server-656f98b57f-cw5v7,linkerd-init,0.0
2287,20,client8,client8-5845965f99-rfm7q,client8,689.7240000000002
2288,20,client8,client8-5845965f99-rfm7q,sidecar,688.235999999999
2289,20,client8,client8-5845965f99-rfm7q,linkerd-proxy,689.4689999999991
2290,20,client8,client8-5845965f99-rfm7q,linkerd-init,0.0
2291,20,client14,client14-856b5b5576-5k67j,sidecar,711.348
2292,20,client14,client14-856b5b5576-5k67j,client14,712.8870000000024
2293,20,client14,client14-856b5b5576-5k67j,linkerd-init,0.0
2294,20,client14,client14-856b5b5576-5k67j,linkerd-proxy,712.764000000001
2295,20,client10,client10-694b6b97b4-hdndm,sidecar,651.3690000000006
2296,20,client10,client10-694b6b97b4-hdndm,linkerd-proxy,744.4319999999989
2297,20,client10,client10-694b6b97b4-hdndm,client10,744.4470000000001
2298,20,client10,client10-694b6b97b4-hdndm,linkerd-init,0.0
2299,20,api-gateway,api-gateway-6bf76d45b7-57zzf,linkerd-proxy,356.0460000000003
2300,20,orchestrator,policy-enforcer-cb8dccbd8-ks275,linkerd-proxy,338.27999999999975
2301,20,orchestrator,orchestrator-555f7b7c9d-hzdw9,linkerd-proxy,338.1209999999992
2302,20,api-gateway,api-gateway-6bf76d45b7-57zzf,linkerd-init,0.0
2303,20,orchestrator,orchestrator-555f7b7c9d-hzdw9,linkerd-init,0.0
2304,20,orchestrator,policy-enforcer-cb8dccbd8-ks275,linkerd-init,0.0
2305,20,client6,client6-785d875985-2qrc8,client6,805.1010000000006
2306,20,client6,client6-785d875985-2qrc8,sidecar,802.7549999999992
2307,20,client6,client6-785d875985-2qrc8,linkerd-proxy,804.6180000000004
2308,20,client6,client6-785d875985-2qrc8,linkerd-init,0.0
2309,20,client4,client4-744474fb99-5qgzz,client4,807.788999999997
2310,20,client4,client4-744474fb99-5qgzz,sidecar,805.2569999999996
2311,20,client4,client4-744474fb99-5qgzz,linkerd-proxy,807.8040000000001
2312,20,client4,client4-744474fb99-5qgzz,linkerd-init,0.0
2313,20,client17,client17-69b85b5ccf-cqlvc,sidecar,694.8029999999999
2314,20,client17,client17-69b85b5ccf-cqlvc,client17,752.5020000000022
2315,20,client17,client17-69b85b5ccf-cqlvc,linkerd-init,0.0
2316,20,client17,client17-69b85b5ccf-cqlvc,linkerd-proxy,749.6370000000006
2317,20,client15,client15-79c969ddf-fwzsg,client15,777.2700000000004
2318,20,client15,client15-79c969ddf-fwzsg,sidecar,775.6230000000014
2319,20,client15,client15-79c969ddf-fwzsg,linkerd-proxy,777.1229999999996
2320,20,client15,client15-79c969ddf-fwzsg,linkerd-init,0.0
2321,20,client9,client9-d68fb99b4-759gp,linkerd-init,0.0
2322,20,client9,client9-d68fb99b4-759gp,client9,762.7139999999999
2323,20,client9,client9-d68fb99b4-759gp,sidecar,605.2590000000018
2324,20,client9,client9-d68fb99b4-759gp,linkerd-proxy,762.4410000000007
2325,20,client5,client5-7d5ff7f8b4-7dnpx,linkerd-proxy,711.0720000000019
2326,20,client5,client5-7d5ff7f8b4-7dnpx,client5,713.5949999999993
2327,20,client5,client5-7d5ff7f8b4-7dnpx,sidecar,684.1290000000008
2328,20,client5,client5-7d5ff7f8b4-7dnpx,linkerd-init,0.0
2329,20,client12,client12-79bc8d5846-q7vqg,linkerd-init,0.0
2330,20,client12,client12-79bc8d5846-q7vqg,sidecar,695.1239999999998
2331,20,client12,client12-79bc8d5846-q7vqg,linkerd-proxy,795.3419999999969
2332,20,client12,client12-79bc8d5846-q7vqg,client12,795.5130000000008
2333,20,client16,client16-6dc7f87f54-pffhl,client16,808.7969999999987
2334,20,client16,client16-6dc7f87f54-pffhl,linkerd-init,0.0
2335,20,client16,client16-6dc7f87f54-pffhl,linkerd-proxy,808.646999999999
2336,20,client16,client16-6dc7f87f54-pffhl,sidecar,806.4509999999991
2337,20,client2,client2-86cd6d8cf7-k56gc,client2,919.5570000000007
2338,20,client2,client2-86cd6d8cf7-k56gc,sidecar,917.8649999999998
2339,20,client2,client2-86cd6d8cf7-k56gc,linkerd-init,0.0
2340,20,client2,client2-86cd6d8cf7-k56gc,linkerd-proxy,919.527
2341,20,client3,client3-58c68898cd-d6vxr,sidecar,871.364999999998
2342,20,client3,client3-58c68898cd-d6vxr,client3,873.7949999999983
2343,20,client3,client3-58c68898cd-d6vxr,linkerd-init,0.0
2344,20,client3,client3-58c68898cd-d6vxr,linkerd-proxy,873.8400000000001
2345,20,client18,client18-69db77c748-rpjf9,client18,854.9069999999992
2346,20,client18,client18-69db77c748-rpjf9,sidecar,852.6869999999999
2347,20,client18,client18-69db77c748-rpjf9,linkerd-init,0.0
2348,20,client18,client18-69db77c748-rpjf9,linkerd-proxy,854.613000000003
2349,20,client7,client7-544486cc98-vfcw4,sidecar,841.2750000000015
2350,20,client7,client7-544486cc98-vfcw4,linkerd-proxy,842.6489999999994
2351,20,client7,client7-544486cc98-vfcw4,linkerd-init,0.0
2352,20,client7,client7-544486cc98-vfcw4,client7,842.8590000000004
2353,20,client11,client11-565c48c7c7-fv6s2,sidecar,866.7060000000001
2354,20,client11,client11-565c48c7c7-fv6s2,linkerd-init,0.0
2355,20,client11,client11-565c48c7c7-fv6s2,client11,868.3500000000004
2356,20,client11,client11-565c48c7c7-fv6s2,linkerd-proxy,868.0560000000005
2357,20,client19,client19-56fccdb4d9-8c7lt,client19,662.9910000000018
2358,20,client19,client19-56fccdb4d9-8c7lt,sidecar,661.389000000001
2359,20,client19,client19-56fccdb4d9-8c7lt,linkerd-proxy,662.8830000000016
2360,20,client1,client1-7b9db886dd-dmxv5,linkerd-proxy,614.358000000002
2361,20,client1,client1-7b9db886dd-dmxv5,linkerd-init,0.0
2362,20,client1,client1-7b9db886dd-dmxv5,sidecar,558.3270000000011
2363,20,client1,client1-7b9db886dd-dmxv5,client1,616.6079999999984
2364,20,client13,client13-7bf86f4f87-zd66n,client13,662.1090000000004
2365,20,client13,client13-7bf86f4f87-zd66n,sidecar,589.116
2366,20,client13,client13-7bf86f4f87-zd66n,linkerd-init,0.0
2367,20,client13,client13-7bf86f4f87-zd66n,linkerd-proxy,658.4489999999987
2368,20,server,server-656f98b57f-cw5v7,server,483.9329999999991
2369,20,server,server-656f98b57f-cw5v7,sidecar,394.4160000000011
2370,20,orchestrator,orchestrator-555f7b7c9d-hzdw9,orchestrator,187.73999999999978
2371,20,orchestrator,orchestrator-555f7b7c9d-hzdw9,sidecar,309.59699999999884
2372,20,orchestrator,policy-enforcer-cb8dccbd8-ks275,policy-enforcer,157.1189999999997
2373,20,orchestrator,policy-enforcer-cb8dccbd8-ks275,sidecar,314.5470000000005
2374,20,api-gateway,api-gateway-6bf76d45b7-57zzf,api-gateway,361.4249999999993
2375,20,api-gateway,api-gateway-6bf76d45b7-57zzf,sidecar,298.5630000000001
2376,20,server,maurits-dijk-f9bdae8bserver1-d84vt,hfl-train-model,831.5399999999972
2377,20,server,maurits-dijk-f9bdae8bserver1-d84vt,sidecar,416.54399999999987
2378,20,server,maurits-dijk-f9bdae8bserver1-d84vt,hfl-train,467.27399999999943
2379,20,client17,maurits-dijk-f9bdae8bclient171-lbgvh,sidecar,613.2749999999996
2380,20,client17,maurits-dijk-f9bdae8bclient171-lbgvh,hfl-train-model,746.4449999999997
2381,20,client17,maurits-dijk-f9bdae8bclient171-lbgvh,hfl-train,778.8989999999994
2382,20,client9,maurits-dijk-f9bdae8bclient91-8xfzw,hfl-train,793.9409999999989
2383,20,client9,maurits-dijk-f9bdae8bclient91-8xfzw,hfl-train-model,756.8790000000008
2384,20,client9,maurits-dijk-f9bdae8bclient91-8xfzw,sidecar,678.8429999999989
2385,20,client5,maurits-dijk-f9bdae8bclient51-wrbcs,sidecar,653.1809999999987
2386,20,client5,maurits-dijk-f9bdae8bclient51-wrbcs,hfl-train,739.0439999999999
2387,20,client5,maurits-dijk-f9bdae8bclient51-wrbcs,hfl-train-model,708.6000000000004
2388,20,client1,maurits-dijk-f9bdae8bclient11-dswbz,sidecar,530.607
2389,20,client1,maurits-dijk-f9bdae8bclient11-dswbz,hfl-train-model,608.7180000000008
2390,20,client1,maurits-dijk-f9bdae8bclient11-dswbz,hfl-train,647.0579999999991
2391,20,client13,maurits-dijk-f9bdae8bclient131-rf7k8,hfl-train,704.2800000000007
2392,20,client13,maurits-dijk-f9bdae8bclient131-rf7k8,sidecar,551.523000000001
2393,20,client13,maurits-dijk-f9bdae8bclient131-rf7k8,hfl-train-model,655.0139999999992
2394,21,client19,client19-56fccdb4d9-8c7lt,linkerd-init,0.0
2395,21,client20,client20-65f8864f77-svj45,client20,814.4459999999999
2396,21,client20,client20-65f8864f77-svj45,linkerd-init,0.0
2397,21,client20,client20-65f8864f77-svj45,sidecar,812.5860000000011
2398,21,client20,client20-65f8864f77-svj45,linkerd-proxy,814.2900000000027
2399,21,server,server-656f98b57f-cw5v7,linkerd-proxy,552.348
2400,21,server,server-656f98b57f-cw5v7,linkerd-init,0.0
2401,21,client8,client8-5845965f99-rfm7q,client8,803.489999999998
2402,21,client8,client8-5845965f99-rfm7q,sidecar,801.7290000000012
2403,21,client8,client8-5845965f99-rfm7q,linkerd-proxy,803.1599999999999
2404,21,client8,client8-5845965f99-rfm7q,linkerd-init,0.0
2405,21,client14,client14-856b5b5576-5k67j,sidecar,813.3389999999999
2406,21,client14,client14-856b5b5576-5k67j,client14,815.2019999999975
2407,21,client14,client14-856b5b5576-5k67j,linkerd-init,0.0
2408,21,client14,client14-856b5b5576-5k67j,linkerd-proxy,814.8689999999988
2409,21,client10,client10-694b6b97b4-hdndm,sidecar,696.3719999999994
2410,21,client10,client10-694b6b97b4-hdndm,linkerd-proxy,795.3029999999999
2411,21,client10,client10-694b6b97b4-hdndm,client10,795.501000000002
2412,21,client10,client10-694b6b97b4-hdndm,linkerd-init,0.0
2413,21,api-gateway,api-gateway-6bf76d45b7-57zzf,linkerd-proxy,344.1330000000007
2414,21,orchestrator,policy-enforcer-cb8dccbd8-ks275,linkerd-proxy,325.89300000000094
2415,21,orchestrator,orchestrator-555f7b7c9d-hzdw9,linkerd-proxy,325.6200000000008
2416,21,api-gateway,api-gateway-6bf76d45b7-57zzf,linkerd-init,0.0
2417,21,orchestrator,orchestrator-555f7b7c9d-hzdw9,linkerd-init,0.0
2418,21,orchestrator,policy-enforcer-cb8dccbd8-ks275,linkerd-init,0.0
2419,21,client6,client6-785d875985-2qrc8,client6,711.5609999999979
2420,21,client6,client6-785d875985-2qrc8,sidecar,709.755000000001
2421,21,client6,client6-785d875985-2qrc8,linkerd-proxy,711.2610000000004
2422,21,client6,client6-785d875985-2qrc8,linkerd-init,0.0
2423,21,client4,client4-744474fb99-5qgzz,client4,715.269000000002
2424,21,client4,client4-744474fb99-5qgzz,sidecar,713.0580000000027
2425,21,client4,client4-744474fb99-5qgzz,linkerd-proxy,715.134
2426,21,client4,client4-744474fb99-5qgzz,linkerd-init,0.0
2427,21,client17,client17-69b85b5ccf-cqlvc,sidecar,604.3050000000003
2428,21,client17,client17-69b85b5ccf-cqlvc,client17,659.2859999999982
2429,21,client17,client17-69b85b5ccf-cqlvc,linkerd-init,0.0
2430,21,client17,client17-69b85b5ccf-cqlvc,linkerd-proxy,656.9760000000006
2431,21,client15,client15-79c969ddf-fwzsg,client15,709.2900000000009
2432,21,client15,client15-79c969ddf-fwzsg,sidecar,707.7960000000021
2433,21,client15,client15-79c969ddf-fwzsg,linkerd-proxy,709.1069999999963
2434,21,client15,client15-79c969ddf-fwzsg,linkerd-init,0.0
2435,21,client9,client9-d68fb99b4-759gp,linkerd-init,0.0
2436,21,client9,client9-d68fb99b4-759gp,client9,662.9159999999993
2437,21,client9,client9-d68fb99b4-759gp,sidecar,619.6709999999985
2438,21,client9,client9-d68fb99b4-759gp,linkerd-proxy,663.1229999999978
2439,21,client5,client5-7d5ff7f8b4-7dnpx,linkerd-proxy,610.2180000000008
2440,21,client5,client5-7d5ff7f8b4-7dnpx,client5,613.2930000000015
2441,21,client5,client5-7d5ff7f8b4-7dnpx,sidecar,578.7389999999996
2442,21,client5,client5-7d5ff7f8b4-7dnpx,linkerd-init,0.0
2443,21,client12,client12-79bc8d5846-q7vqg,linkerd-init,0.0
2444,21,client12,client12-79bc8d5846-q7vqg,sidecar,618.7469999999994
2445,21,client12,client12-79bc8d5846-q7vqg,linkerd-proxy,711.9510000000009
2446,21,client12,client12-79bc8d5846-q7vqg,client12,712.0109999999986
2447,21,client16,client16-6dc7f87f54-pffhl,client16,718.1460000000006
2448,21,client16,client16-6dc7f87f54-pffhl,linkerd-init,0.0
2449,21,client16,client16-6dc7f87f54-pffhl,linkerd-proxy,717.8130000000019
2450,21,client16,client16-6dc7f87f54-pffhl,sidecar,716.3729999999996
2451,21,client2,client2-86cd6d8cf7-k56gc,client2,708.1499999999996
2452,21,client2,client2-86cd6d8cf7-k56gc,sidecar,706.655999999999
2453,21,client2,client2-86cd6d8cf7-k56gc,linkerd-init,0.0
2454,21,client2,client2-86cd6d8cf7-k56gc,linkerd-proxy,707.9549999999981
2455,21,client3,client3-58c68898cd-d6vxr,sidecar,699.0390000000007
2456,21,client3,client3-58c68898cd-d6vxr,client3,701.1539999999986
2457,21,client3,client3-58c68898cd-d6vxr,linkerd-init,0.0
2458,21,client3,client3-58c68898cd-d6vxr,linkerd-proxy,701.1839999999975
2459,21,client18,client18-69db77c748-rpjf9,client18,710.0519999999997
2460,21,client18,client18-69db77c748-rpjf9,sidecar,708.0780000000013
2461,21,client18,client18-69db77c748-rpjf9,linkerd-init,0.0
2462,21,client18,client18-69db77c748-rpjf9,linkerd-proxy,709.8059999999969
2463,21,client7,client7-544486cc98-vfcw4,sidecar,726.1139999999978
2464,21,client7,client7-544486cc98-vfcw4,linkerd-proxy,727.3410000000003
2465,21,client7,client7-544486cc98-vfcw4,linkerd-init,0.0
2466,21,client7,client7-544486cc98-vfcw4,client7,727.5659999999989
2467,21,client11,client11-565c48c7c7-fv6s2,sidecar,676.3859999999986
2468,21,client11,client11-565c48c7c7-fv6s2,linkerd-init,0.0
2469,21,client11,client11-565c48c7c7-fv6s2,client11,677.5829999999969
2470,21,client11,client11-565c48c7c7-fv6s2,linkerd-proxy,677.4089999999997
2471,21,client19,client19-56fccdb4d9-8c7lt,client19,828.9540000000015
2472,21,client19,client19-56fccdb4d9-8c7lt,sidecar,827.0700000000015
2473,21,client19,client19-56fccdb4d9-8c7lt,linkerd-proxy,828.7169999999969
2474,21,client1,client1-7b9db886dd-dmxv5,linkerd-proxy,789.989999999998
2475,21,client1,client1-7b9db886dd-dmxv5,linkerd-init,0.0
2476,21,client1,client1-7b9db886dd-dmxv5,sidecar,712.0349999999999
2477,21,client1,client1-7b9db886dd-dmxv5,client1,792.5580000000009
2478,21,client13,client13-7bf86f4f87-zd66n,client13,821.3790000000008
2479,21,client13,client13-7bf86f4f87-zd66n,sidecar,746.4779999999992
2480,21,client13,client13-7bf86f4f87-zd66n,linkerd-init,0.0
2481,21,client13,client13-7bf86f4f87-zd66n,linkerd-proxy,817.9680000000008
2482,21,server,server-656f98b57f-cw5v7,server,568.6260000000002
2483,21,server,server-656f98b57f-cw5v7,sidecar,472.766999999998
2484,21,orchestrator,orchestrator-555f7b7c9d-hzdw9,orchestrator,254.9340000000002
2485,21,orchestrator,orchestrator-555f7b7c9d-hzdw9,sidecar,324.7980000000007
2486,21,orchestrator,policy-enforcer-cb8dccbd8-ks275,policy-enforcer,159.53700000000026
2487,21,orchestrator,policy-enforcer-cb8dccbd8-ks275,sidecar,306.75
2488,21,api-gateway,api-gateway-6bf76d45b7-57zzf,api-gateway,338.6730000000007
2489,21,api-gateway,api-gateway-6bf76d45b7-57zzf,sidecar,285.7559999999994
2490,21,server,maurits-dijk-f9bdae8bserver1-d84vt,hfl-train-model,916.9770000000026
2491,21,server,maurits-dijk-f9bdae8bserver1-d84vt,sidecar,523.4549999999999
2492,21,server,maurits-dijk-f9bdae8bserver1-d84vt,hfl-train,548.4030000000002
2493,21,client17,maurits-dijk-f9bdae8bclient171-lbgvh,sidecar,480.51300000000083
2494,21,client17,maurits-dijk-f9bdae8bclient171-lbgvh,hfl-train-model,653.789999999999
2495,21,client17,maurits-dijk-f9bdae8bclient171-lbgvh,hfl-train,691.7160000000003
2496,21,client9,maurits-dijk-f9bdae8bclient91-8xfzw,hfl-train,692.4959999999992
2497,21,client9,maurits-dijk-f9bdae8bclient91-8xfzw,hfl-train-model,658.4279999999981
2498,21,client9,maurits-dijk-f9bdae8bclient91-8xfzw,sidecar,578.4179999999997
2499,21,client5,maurits-dijk-f9bdae8bclient51-wrbcs,sidecar,503.78700000000026
2500,21,client5,maurits-dijk-f9bdae8bclient51-wrbcs,hfl-train,640.7010000000009
2501,21,client5,maurits-dijk-f9bdae8bclient51-wrbcs,hfl-train-model,608.2650000000012
2502,21,client1,maurits-dijk-f9bdae8bclient11-dswbz,sidecar,703.9230000000007
2503,21,client1,maurits-dijk-f9bdae8bclient11-dswbz,hfl-train-model,784.2929999999978
2504,21,client1,maurits-dijk-f9bdae8bclient11-dswbz,hfl-train,822.6000000000004
2505,21,client13,maurits-dijk-f9bdae8bclient131-rf7k8,hfl-train,861.2069999999985
2506,21,client13,maurits-dijk-f9bdae8bclient131-rf7k8,sidecar,665.6669999999995
2507,21,client13,maurits-dijk-f9bdae8bclient131-rf7k8,hfl-train-model,814.482
2508,22,client19,client19-56fccdb4d9-8c7lt,linkerd-init,0.0
2509,22,client20,client20-65f8864f77-svj45,client20,689.4959999999992
2510,22,client20,client20-65f8864f77-svj45,linkerd-init,0.0
2511,22,client20,client20-65f8864f77-svj45,sidecar,688.0889999999999
2512,22,client20,client20-65f8864f77-svj45,linkerd-proxy,689.4510000000009
2513,22,server,server-656f98b57f-cw5v7,linkerd-proxy,468.7410000000018
2514,22,server,server-656f98b57f-cw5v7,linkerd-init,0.0
2515,22,client8,client8-5845965f99-rfm7q,client8,692.0310000000027
2516,22,client8,client8-5845965f99-rfm7q,sidecar,690.5040000000008
2517,22,client8,client8-5845965f99-rfm7q,linkerd-proxy,691.7609999999986
2518,22,client8,client8-5845965f99-rfm7q,linkerd-init,0.0
2519,22,client14,client14-856b5b5576-5k67j,sidecar,739.0920000000006
2520,22,client14,client14-856b5b5576-5k67j,client14,740.7030000000013
2521,22,client14,client14-856b5b5576-5k67j,linkerd-init,0.0
2522,22,client14,client14-856b5b5576-5k67j,linkerd-proxy,740.4779999999992
2523,22,client10,client10-694b6b97b4-hdndm,sidecar,696.2549999999992
2524,22,client10,client10-694b6b97b4-hdndm,linkerd-proxy,779.898000000001
2525,22,client10,client10-694b6b97b4-hdndm,client10,780.0959999999977
2526,22,client10,client10-694b6b97b4-hdndm,linkerd-init,0.0
2527,22,api-gateway,api-gateway-6bf76d45b7-57zzf,linkerd-proxy,414.8309999999983
2528,22,orchestrator,policy-enforcer-cb8dccbd8-ks275,linkerd-proxy,396.9989999999998
2529,22,orchestrator,orchestrator-555f7b7c9d-hzdw9,linkerd-proxy,396.71099999999933
2530,22,api-gateway,api-gateway-6bf76d45b7-57zzf,linkerd-init,0.0
2531,22,orchestrator,orchestrator-555f7b7c9d-hzdw9,linkerd-init,0.0
2532,22,orchestrator,policy-enforcer-cb8dccbd8-ks275,linkerd-init,0.0
2533,22,client6,client6-785d875985-2qrc8,client6,829.1130000000012
2534,22,client6,client6-785d875985-2qrc8,sidecar,826.280999999999
2535,22,client6,client6-785d875985-2qrc8,linkerd-proxy,828.8279999999977
2536,22,client6,client6-785d875985-2qrc8,linkerd-init,0.0
2537,22,client4,client4-744474fb99-5qgzz,client4,838.7069999999985
2538,22,client4,client4-744474fb99-5qgzz,sidecar,836.3069999999971
2539,22,client4,client4-744474fb99-5qgzz,linkerd-proxy,838.5540000000001
2540,22,client4,client4-744474fb99-5qgzz,linkerd-init,0.0
2541,22,client17,client17-69b85b5ccf-cqlvc,sidecar,735.7860000000001
2542,22,client17,client17-69b85b5ccf-cqlvc,client17,763.0529999999999
2543,22,client17,client17-69b85b5ccf-cqlvc,linkerd-init,0.0
2544,22,client17,client17-69b85b5ccf-cqlvc,linkerd-proxy,760.6770000000015
2545,22,client15,client15-79c969ddf-fwzsg,client15,854.2259999999987
2546,22,client15,client15-79c969ddf-fwzsg,sidecar,852.4619999999995
2547,22,client15,client15-79c969ddf-fwzsg,linkerd-proxy,853.9650000000038
2548,22,client15,client15-79c969ddf-fwzsg,linkerd-init,0.0
2549,22,client9,client9-d68fb99b4-759gp,linkerd-init,0.0
2550,22,client9,client9-d68fb99b4-759gp,client9,755.1179999999986
2551,22,client9,client9-d68fb99b4-759gp,sidecar,680.715000000002
2552,22,client9,client9-d68fb99b4-759gp,linkerd-proxy,754.4820000000018
2553,22,client5,client5-7d5ff7f8b4-7dnpx,linkerd-proxy,780.3779999999988
2554,22,client5,client5-7d5ff7f8b4-7dnpx,client5,783.1769999999997
2555,22,client5,client5-7d5ff7f8b4-7dnpx,sidecar,683.6700000000019
2556,22,client5,client5-7d5ff7f8b4-7dnpx,linkerd-init,0.0
2557,22,client12,client12-79bc8d5846-q7vqg,linkerd-init,0.0
2558,22,client12,client12-79bc8d5846-q7vqg,sidecar,755.6490000000013
2559,22,client12,client12-79bc8d5846-q7vqg,linkerd-proxy,849.354000000003
2560,22,client12,client12-79bc8d5846-q7vqg,client12,849.2819999999992
2561,22,client16,client16-6dc7f87f54-pffhl,client16,878.0280000000021
2562,22,client16,client16-6dc7f87f54-pffhl,linkerd-init,0.0
2563,22,client16,client16-6dc7f87f54-pffhl,linkerd-proxy,877.6859999999979
2564,22,client16,client16-6dc7f87f54-pffhl,sidecar,875.8410000000003
2565,22,client2,client2-86cd6d8cf7-k56gc,client2,680.9130000000005
2566,22,client2,client2-86cd6d8cf7-k56gc,sidecar,679.4010000000017
2567,22,client2,client2-86cd6d8cf7-k56gc,linkerd-init,0.0
2568,22,client2,client2-86cd6d8cf7-k56gc,linkerd-proxy,680.7390000000014
2569,22,client3,client3-58c68898cd-d6vxr,sidecar,693.4140000000007
2570,22,client3,client3-58c68898cd-d6vxr,client3,695.4540000000015
2571,22,client3,client3-58c68898cd-d6vxr,linkerd-init,0.0
2572,22,client3,client3-58c68898cd-d6vxr,linkerd-proxy,695.4990000000034
2573,22,client18,client18-69db77c748-rpjf9,client18,702.8459999999977
2574,22,client18,client18-69db77c748-rpjf9,sidecar,701.1719999999987
2575,22,client18,client18-69db77c748-rpjf9,linkerd-init,0.0
2576,22,client18,client18-69db77c748-rpjf9,linkerd-proxy,702.6510000000017
2577,22,client7,client7-544486cc98-vfcw4,sidecar,789.1110000000008
2578,22,client7,client7-544486cc98-vfcw4,linkerd-proxy,790.2930000000015
2579,22,client7,client7-544486cc98-vfcw4,linkerd-init,0.0
2580,22,client7,client7-544486cc98-vfcw4,client7,790.5329999999994
2581,22,client11,client11-565c48c7c7-fv6s2,sidecar,649.0890000000036
2582,22,client11,client11-565c48c7c7-fv6s2,linkerd-init,0.0
2583,22,client11,client11-565c48c7c7-fv6s2,client11,650.3760000000038
2584,22,client11,client11-565c48c7c7-fv6s2,linkerd-proxy,650.1239999999998
2585,22,client19,client19-56fccdb4d9-8c7lt,client19,743.0999999999985
2586,22,client19,client19-56fccdb4d9-8c7lt,sidecar,741.632999999998
2587,22,client19,client19-56fccdb4d9-8c7lt,linkerd-proxy,742.9410000000025
2588,22,client1,client1-7b9db886dd-dmxv5,linkerd-proxy,620.6190000000006
2589,22,client1,client1-7b9db886dd-dmxv5,linkerd-init,0.0
2590,22,client1,client1-7b9db886dd-dmxv5,sidecar,568.2989999999991
2591,22,client1,client1-7b9db886dd-dmxv5,client1,622.1849999999995
2592,22,client13,client13-7bf86f4f87-zd66n,client13,641.6909999999989
2593,22,client13,client13-7bf86f4f87-zd66n,sidecar,595.0020000000004
2594,22,client13,client13-7bf86f4f87-zd66n,linkerd-init,0.0
2595,22,client13,client13-7bf86f4f87-zd66n,linkerd-proxy,636.2849999999999
2596,22,server,server-656f98b57f-cw5v7,server,486.39899999999943
2597,22,server,server-656f98b57f-cw5v7,sidecar,446.8680000000004
2598,22,orchestrator,orchestrator-555f7b7c9d-hzdw9,orchestrator,293.0430000000006
2599,22,orchestrator,orchestrator-555f7b7c9d-hzdw9,sidecar,366.54899999999907
2600,22,orchestrator,policy-enforcer-cb8dccbd8-ks275,policy-enforcer,282.77999999999975
2601,22,orchestrator,policy-enforcer-cb8dccbd8-ks275,sidecar,391.22400000000016
2602,22,api-gateway,api-gateway-6bf76d45b7-57zzf,api-gateway,393.3089999999993
2603,22,api-gateway,api-gateway-6bf76d45b7-57zzf,sidecar,346.58400000000074
2604,22,server,maurits-dijk-f9bdae8bserver1-d84vt,hfl-train-model,745.1369999999988
2605,22,server,maurits-dijk-f9bdae8bserver1-d84vt,sidecar,423.4380000000001
2606,22,server,maurits-dijk-f9bdae8bserver1-d84vt,hfl-train,464.3220000000001
2607,22,client17,maurits-dijk-f9bdae8bclient171-lbgvh,sidecar,663.5249999999996
2608,22,client17,maurits-dijk-f9bdae8bclient171-lbgvh,hfl-train-model,757.5570000000007
2609,22,client17,maurits-dijk-f9bdae8bclient171-lbgvh,hfl-train,796.4910000000018
2610,22,client9,maurits-dijk-f9bdae8bclient91-8xfzw,hfl-train,784.4280000000017
2611,22,client9,maurits-dijk-f9bdae8bclient91-8xfzw,hfl-train-model,748.2180000000008
2612,22,client9,maurits-dijk-f9bdae8bclient91-8xfzw,sidecar,717.8460000000014
2613,22,client5,maurits-dijk-f9bdae8bclient51-wrbcs,sidecar,696.0450000000001
2614,22,client5,maurits-dijk-f9bdae8bclient51-wrbcs,hfl-train,814.9590000000007
2615,22,client5,maurits-dijk-f9bdae8bclient51-wrbcs,hfl-train-model,778.4219999999987
2616,22,client1,maurits-dijk-f9bdae8bclient11-dswbz,sidecar,560.6579999999994
2617,22,client1,maurits-dijk-f9bdae8bclient11-dswbz,hfl-train-model,615.6000000000022
2618,22,client1,maurits-dijk-f9bdae8bclient11-dswbz,hfl-train,651.3690000000024
2619,22,client13,maurits-dijk-f9bdae8bclient131-rf7k8,hfl-train,679.9950000000008
2620,22,client13,maurits-dijk-f9bdae8bclient131-rf7k8,sidecar,485.53800000000047
2621,22,client13,maurits-dijk-f9bdae8bclient131-rf7k8,hfl-train-model,633.3000000000011
2622,23,client19,client19-56fccdb4d9-8c7lt,linkerd-init,0.0
2623,23,client20,client20-65f8864f77-svj45,client20,920.5950000000012
2624,23,client20,client20-65f8864f77-svj45,linkerd-init,0.0
2625,23,client20,client20-65f8864f77-svj45,sidecar,918.7829999999994
2626,23,client20,client20-65f8864f77-svj45,linkerd-proxy,920.3489999999983
2627,23,server,server-656f98b57f-cw5v7,linkerd-proxy,445.02599999999984
2628,23,server,server-656f98b57f-cw5v7,linkerd-init,0.0
2629,23,client8,client8-5845965f99-rfm7q,client8,661.994999999999
2630,23,client8,client8-5845965f99-rfm7q,sidecar,660.4859999999971
2631,23,client8,client8-5845965f99-rfm7q,linkerd-proxy,661.7250000000022
2632,23,client8,client8-5845965f99-rfm7q,linkerd-init,0.0
2633,23,client14,client14-856b5b5576-5k67j,sidecar,657.5489999999991
2634,23,client14,client14-856b5b5576-5k67j,client14,659.3099999999977
2635,23,client14,client14-856b5b5576-5k67j,linkerd-init,0.0
2636,23,client14,client14-856b5b5576-5k67j,linkerd-proxy,659.130000000001
2637,23,client10,client10-694b6b97b4-hdndm,sidecar,575.9730000000018
2638,23,client10,client10-694b6b97b4-hdndm,linkerd-proxy,654.1830000000009
2639,23,client10,client10-694b6b97b4-hdndm,client10,654.2880000000005
2640,23,client10,client10-694b6b97b4-hdndm,linkerd-init,0.0
2641,23,api-gateway,api-gateway-6bf76d45b7-57zzf,linkerd-proxy,357.2850000000017
2642,23,orchestrator,policy-enforcer-cb8dccbd8-ks275,linkerd-proxy,338.871000000001
2643,23,orchestrator,orchestrator-555f7b7c9d-hzdw9,linkerd-proxy,338.6100000000006
2644,23,api-gateway,api-gateway-6bf76d45b7-57zzf,linkerd-init,0.0
2645,23,orchestrator,orchestrator-555f7b7c9d-hzdw9,linkerd-init,0.0
2646,23,orchestrator,policy-enforcer-cb8dccbd8-ks275,linkerd-init,0.0
2647,23,client6,client6-785d875985-2qrc8,client6,676.5240000000013
2648,23,client6,client6-785d875985-2qrc8,sidecar,674.3400000000001
2649,23,client6,client6-785d875985-2qrc8,linkerd-proxy,676.3890000000029
2650,23,client6,client6-785d875985-2qrc8,linkerd-init,0.0
2651,23,client4,client4-744474fb99-5qgzz,client4,678.8820000000014
2652,23,client4,client4-744474fb99-5qgzz,sidecar,676.7129999999997
2653,23,client4,client4-744474fb99-5qgzz,linkerd-proxy,678.7770000000019
2654,23,client4,client4-744474fb99-5qgzz,linkerd-init,0.0
2655,23,client17,client17-69b85b5ccf-cqlvc,sidecar,643.2119999999995
2656,23,client17,client17-69b85b5ccf-cqlvc,client17,659.8709999999992
2657,23,client17,client17-69b85b5ccf-cqlvc,linkerd-init,0.0
2658,23,client17,client17-69b85b5ccf-cqlvc,linkerd-proxy,657.1619999999984
2659,23,client15,client15-79c969ddf-fwzsg,client15,768.0720000000001
2660,23,client15,client15-79c969ddf-fwzsg,sidecar,766.6800000000003
2661,23,client15,client15-79c969ddf-fwzsg,linkerd-proxy,767.8919999999998
2662,23,client15,client15-79c969ddf-fwzsg,linkerd-init,0.0
2663,23,client9,client9-d68fb99b4-759gp,linkerd-init,0.0
2664,23,client9,client9-d68fb99b4-759gp,client9,653.3010000000031
2665,23,client9,client9-d68fb99b4-759gp,sidecar,615.3899999999994
2666,23,client9,client9-d68fb99b4-759gp,linkerd-proxy,651.2669999999998
2667,23,client5,client5-7d5ff7f8b4-7dnpx,linkerd-proxy,633.1260000000002
2668,23,client5,client5-7d5ff7f8b4-7dnpx,client5,635.5529999999999
2669,23,client5,client5-7d5ff7f8b4-7dnpx,sidecar,590.8079999999991
2670,23,client5,client5-7d5ff7f8b4-7dnpx,linkerd-init,0.0
2671,23,client12,client12-79bc8d5846-q7vqg,linkerd-init,0.0
2672,23,client12,client12-79bc8d5846-q7vqg,sidecar,606.7559999999976
2673,23,client12,client12-79bc8d5846-q7vqg,linkerd-proxy,703.0649999999987
2674,23,client12,client12-79bc8d5846-q7vqg,client12,703.1849999999977
2675,23,client16,client16-6dc7f87f54-pffhl,client16,684.8849999999984
2676,23,client16,client16-6dc7f87f54-pffhl,linkerd-init,0.0
2677,23,client16,client16-6dc7f87f54-pffhl,linkerd-proxy,684.7170000000006
2678,23,client16,client16-6dc7f87f54-pffhl,sidecar,683.1030000000028
2679,23,client2,client2-86cd6d8cf7-k56gc,client2,838.4670000000006
2680,23,client2,client2-86cd6d8cf7-k56gc,sidecar,836.7750000000015
2681,23,client2,client2-86cd6d8cf7-k56gc,linkerd-init,0.0
2682,23,client2,client2-86cd6d8cf7-k56gc,linkerd-proxy,838.4010000000017
2683,23,client3,client3-58c68898cd-d6vxr,sidecar,837.6749999999993
2684,23,client3,client3-58c68898cd-d6vxr,client3,840.2280000000028
2685,23,client3,client3-58c68898cd-d6vxr,linkerd-init,0.0
2686,23,client3,client3-58c68898cd-d6vxr,linkerd-proxy,840.1800000000003
2687,23,client18,client18-69db77c748-rpjf9,client18,781.5660000000025
2688,23,client18,client18-69db77c748-rpjf9,sidecar,779.5770000000011
2689,23,client18,client18-69db77c748-rpjf9,linkerd-init,0.0
2690,23,client18,client18-69db77c748-rpjf9,linkerd-proxy,781.2929999999978
2691,23,client7,client7-544486cc98-vfcw4,sidecar,1021.9379999999983
2692,23,client7,client7-544486cc98-vfcw4,linkerd-proxy,1023.3089999999975
2693,23,client7,client7-544486cc98-vfcw4,linkerd-init,0.0
2694,23,client7,client7-544486cc98-vfcw4,client7,1023.6870000000017
2695,23,client11,client11-565c48c7c7-fv6s2,sidecar,801.2369999999974
2696,23,client11,client11-565c48c7c7-fv6s2,linkerd-init,0.0
2697,23,client11,client11-565c48c7c7-fv6s2,client11,802.9110000000001
2698,23,client11,client11-565c48c7c7-fv6s2,linkerd-proxy,802.6800000000003
2699,23,client19,client19-56fccdb4d9-8c7lt,client19,831.2160000000003
2700,23,client19,client19-56fccdb4d9-8c7lt,sidecar,829.1970000000001
2701,23,client19,client19-56fccdb4d9-8c7lt,linkerd-proxy,830.9490000000005
2702,23,client1,client1-7b9db886dd-dmxv5,linkerd-proxy,739.0289999999986
2703,23,client1,client1-7b9db886dd-dmxv5,linkerd-init,0.0
2704,23,client1,client1-7b9db886dd-dmxv5,sidecar,680.277
2705,23,client1,client1-7b9db886dd-dmxv5,client1,740.6730000000007
2706,23,client13,client13-7bf86f4f87-zd66n,client13,773.4209999999985
2707,23,client13,client13-7bf86f4f87-zd66n,sidecar,745.9650000000001
2708,23,client13,client13-7bf86f4f87-zd66n,linkerd-init,0.0
2709,23,client13,client13-7bf86f4f87-zd66n,linkerd-proxy,767.4570000000003
2710,23,server,server-656f98b57f-cw5v7,server,462.2340000000004
2711,23,server,server-656f98b57f-cw5v7,sidecar,420.9210000000003
2712,23,orchestrator,orchestrator-555f7b7c9d-hzdw9,orchestrator,172.48199999999906
2713,23,orchestrator,orchestrator-555f7b7c9d-hzdw9,sidecar,302.60100000000057
2714,23,orchestrator,policy-enforcer-cb8dccbd8-ks275,policy-enforcer,265.6710000000003
2715,23,orchestrator,policy-enforcer-cb8dccbd8-ks275,sidecar,317.3040000000001
2716,23,api-gateway,api-gateway-6bf76d45b7-57zzf,api-gateway,350.5560000000005
2717,23,api-gateway,api-gateway-6bf76d45b7-57zzf,sidecar,337.7429999999995
2718,23,server,maurits-dijk-f9bdae8bserver1-d84vt,hfl-train-model,728.8050000000003
2719,23,server,maurits-dijk-f9bdae8bserver1-d84vt,sidecar,408.5789999999997
2720,23,server,maurits-dijk-f9bdae8bserver1-d84vt,hfl-train,440.64300000000003
2721,23,client17,maurits-dijk-f9bdae8bclient171-lbgvh,sidecar,535.1400000000012
2722,23,client17,maurits-dijk-f9bdae8bclient171-lbgvh,hfl-train-model,654.0540000000001
2723,23,client17,maurits-dijk-f9bdae8bclient171-lbgvh,hfl-train,686.9159999999974
2724,23,client9,maurits-dijk-f9bdae8bclient91-8xfzw,hfl-train,684.3450000000012
2725,23,client9,maurits-dijk-f9bdae8bclient91-8xfzw,hfl-train-model,646.0679999999993
2726,23,client9,maurits-dijk-f9bdae8bclient91-8xfzw,sidecar,647.8469999999979
2727,23,client5,maurits-dijk-f9bdae8bclient51-wrbcs,sidecar,569.6279999999988
2728,23,client5,maurits-dijk-f9bdae8bclient51-wrbcs,hfl-train,661.775999999998
2729,23,client5,maurits-dijk-f9bdae8bclient51-wrbcs,hfl-train-model,630.6299999999992
2730,23,client1,maurits-dijk-f9bdae8bclient11-dswbz,sidecar,616.5
2731,23,client1,maurits-dijk-f9bdae8bclient11-dswbz,hfl-train-model,733.1700000000001
2732,23,client1,maurits-dijk-f9bdae8bclient11-dswbz,hfl-train,765.788999999997
2733,23,client13,maurits-dijk-f9bdae8bclient131-rf7k8,hfl-train,810.9269999999997
2734,23,client13,maurits-dijk-f9bdae8bclient131-rf7k8,sidecar,605.8770000000004
2735,23,client13,maurits-dijk-f9bdae8bclient131-rf7k8,hfl-train-model,764.3369999999995
2736,24,client19,client19-56fccdb4d9-8c7lt,linkerd-init,0.0
2737,24,client20,client20-65f8864f77-svj45,client20,770.5169999999998
2738,24,client20,client20-65f8864f77-svj45,linkerd-init,0.0
2739,24,client20,client20-65f8864f77-svj45,sidecar,768.9779999999992
2740,24,client20,client20-65f8864f77-svj45,linkerd-proxy,770.3819999999978
2741,24,server,server-656f98b57f-cw5v7,linkerd-proxy,523.2959999999985
2742,24,server,server-656f98b57f-cw5v7,linkerd-init,0.0
2743,24,client8,client8-5845965f99-rfm7q,client8,904.8899999999994
2744,24,client8,client8-5845965f99-rfm7q,sidecar,903.1860000000015
2745,24,client8,client8-5845965f99-rfm7q,linkerd-proxy,904.5510000000031
2746,24,client8,client8-5845965f99-rfm7q,linkerd-init,0.0
2747,24,client14,client14-856b5b5576-5k67j,sidecar,857.1059999999998
2748,24,client14,client14-856b5b5576-5k67j,client14,859.0169999999998
2749,24,client14,client14-856b5b5576-5k67j,linkerd-init,0.0
2750,24,client14,client14-856b5b5576-5k67j,linkerd-proxy,858.7829999999994
2751,24,client10,client10-694b6b97b4-hdndm,sidecar,755.9370000000017
2752,24,client10,client10-694b6b97b4-hdndm,linkerd-proxy,794.25
2753,24,client10,client10-694b6b97b4-hdndm,client10,794.4480000000003
2754,24,client10,client10-694b6b97b4-hdndm,linkerd-init,0.0
2755,24,api-gateway,api-gateway-6bf76d45b7-57zzf,linkerd-proxy,426.1409999999996
2756,24,orchestrator,policy-enforcer-cb8dccbd8-ks275,linkerd-proxy,408.0209999999988
2757,24,orchestrator,orchestrator-555f7b7c9d-hzdw9,linkerd-proxy,407.7059999999983
2758,24,api-gateway,api-gateway-6bf76d45b7-57zzf,linkerd-init,0.0
2759,24,orchestrator,orchestrator-555f7b7c9d-hzdw9,linkerd-init,0.0
2760,24,orchestrator,policy-enforcer-cb8dccbd8-ks275,linkerd-init,0.0
2761,24,client6,client6-785d875985-2qrc8,client6,733.7249999999985
2762,24,client6,client6-785d875985-2qrc8,sidecar,731.4089999999997
2763,24,client6,client6-785d875985-2qrc8,linkerd-proxy,733.484999999997
2764,24,client6,client6-785d875985-2qrc8,linkerd-init,0.0
2765,24,client4,client4-744474fb99-5qgzz,client4,698.1569999999992
2766,24,client4,client4-744474fb99-5qgzz,sidecar,696.137999999999
2767,24,client4,client4-744474fb99-5qgzz,linkerd-proxy,698.112000000001
2768,24,client4,client4-744474fb99-5qgzz,linkerd-init,0.0
2769,24,client17,client17-69b85b5ccf-cqlvc,sidecar,610.380000000001
2770,24,client17,client17-69b85b5ccf-cqlvc,client17,635.6939999999995
2771,24,client17,client17-69b85b5ccf-cqlvc,linkerd-init,0.0
2772,24,client17,client17-69b85b5ccf-cqlvc,linkerd-proxy,633.1529999999984
2773,24,client15,client15-79c969ddf-fwzsg,client15,705.5789999999979
2774,24,client15,client15-79c969ddf-fwzsg,sidecar,704.1299999999974
2775,24,client15,client15-79c969ddf-fwzsg,linkerd-proxy,705.375
2776,24,client15,client15-79c969ddf-fwzsg,linkerd-init,0.0
2777,24,client9,client9-d68fb99b4-759gp,linkerd-init,0.0
2778,24,client9,client9-d68fb99b4-759gp,client9,676.3469999999979
2779,24,client9,client9-d68fb99b4-759gp,sidecar,627.7199999999993
2780,24,client9,client9-d68fb99b4-759gp,linkerd-proxy,674.5409999999974
2781,24,client5,client5-7d5ff7f8b4-7dnpx,linkerd-proxy,588.4139999999989
2782,24,client5,client5-7d5ff7f8b4-7dnpx,client5,592.0679999999993
2783,24,client5,client5-7d5ff7f8b4-7dnpx,sidecar,547.784999999998
2784,24,client5,client5-7d5ff7f8b4-7dnpx,linkerd-init,0.0
2785,24,client12,client12-79bc8d5846-q7vqg,linkerd-init,0.0
2786,24,client12,client12-79bc8d5846-q7vqg,sidecar,697.7610000000022
2787,24,client12,client12-79bc8d5846-q7vqg,linkerd-proxy,764.6190000000024
2788,24,client12,client12-79bc8d5846-q7vqg,client12,764.7839999999997
2789,24,client16,client16-6dc7f87f54-pffhl,client16,690.8279999999977
2790,24,client16,client16-6dc7f87f54-pffhl,linkerd-init,0.0
2791,24,client16,client16-6dc7f87f54-pffhl,linkerd-proxy,690.5220000000008
2792,24,client16,client16-6dc7f87f54-pffhl,sidecar,688.8719999999958
2793,24,client2,client2-86cd6d8cf7-k56gc,client2,707.1029999999992
2794,24,client2,client2-86cd6d8cf7-k56gc,sidecar,705.4739999999983
2795,24,client2,client2-86cd6d8cf7-k56gc,linkerd-init,0.0
2796,24,client2,client2-86cd6d8cf7-k56gc,linkerd-proxy,706.8029999999999
2797,24,client3,client3-58c68898cd-d6vxr,sidecar,691.8960000000006
2798,24,client3,client3-58c68898cd-d6vxr,client3,693.9839999999967
2799,24,client3,client3-58c68898cd-d6vxr,linkerd-init,0.0
2800,24,client3,client3-58c68898cd-d6vxr,linkerd-proxy,693.8939999999966
2801,24,client18,client18-69db77c748-rpjf9,client18,695.0730000000003
2802,24,client18,client18-69db77c748-rpjf9,sidecar,693.3509999999987
2803,24,client18,client18-69db77c748-rpjf9,linkerd-init,0.0
2804,24,client18,client18-69db77c748-rpjf9,linkerd-proxy,694.8450000000012
2805,24,client7,client7-544486cc98-vfcw4,sidecar,804.9449999999997
2806,24,client7,client7-544486cc98-vfcw4,linkerd-proxy,806.1059999999998
2807,24,client7,client7-544486cc98-vfcw4,linkerd-init,0.0
2808,24,client7,client7-544486cc98-vfcw4,client7,806.2559999999976
2809,24,client11,client11-565c48c7c7-fv6s2,sidecar,655.9320000000007
2810,24,client11,client11-565c48c7c7-fv6s2,linkerd-init,0.0
2811,24,client11,client11-565c48c7c7-fv6s2,client11,657.3090000000011
2812,24,client11,client11-565c48c7c7-fv6s2,linkerd-proxy,657.0750000000007
2813,24,client19,client19-56fccdb4d9-8c7lt,client19,778.7129999999997
2814,24,client19,client19-56fccdb4d9-8c7lt,sidecar,777.155999999999
2815,24,client19,client19-56fccdb4d9-8c7lt,linkerd-proxy,778.6290000000008
2816,24,client1,client1-7b9db886dd-dmxv5,linkerd-proxy,585.6270000000004
2817,24,client1,client1-7b9db886dd-dmxv5,linkerd-init,0.0
2818,24,client1,client1-7b9db886dd-dmxv5,sidecar,529.1310000000012
2819,24,client1,client1-7b9db886dd-dmxv5,client1,586.3799999999974
2820,24,client13,client13-7bf86f4f87-zd66n,client13,626.4570000000022
2821,24,client13,client13-7bf86f4f87-zd66n,sidecar,592.3379999999997
2822,24,client13,client13-7bf86f4f87-zd66n,linkerd-init,0.0
2823,24,client13,client13-7bf86f4f87-zd66n,linkerd-proxy,622.206000000002
2824,24,server,server-656f98b57f-cw5v7,server,533.4240000000009
2825,24,server,server-656f98b57f-cw5v7,sidecar,506.4390000000003
2826,24,orchestrator,orchestrator-555f7b7c9d-hzdw9,orchestrator,186.27599999999984
2827,24,orchestrator,orchestrator-555f7b7c9d-hzdw9,sidecar,372.45900000000165
2828,24,orchestrator,policy-enforcer-cb8dccbd8-ks275,policy-enforcer,332.0819999999994
2829,24,orchestrator,policy-enforcer-cb8dccbd8-ks275,sidecar,385.04399999999896
2830,24,api-gateway,api-gateway-6bf76d45b7-57zzf,api-gateway,405.2549999999992
2831,24,api-gateway,api-gateway-6bf76d45b7-57zzf,sidecar,406.7310000000016
2832,24,server,maurits-dijk-f9bdae8bserver1-d84vt,hfl-train-model,774.8160000000025
2833,24,server,maurits-dijk-f9bdae8bserver1-d84vt,sidecar,487.5119999999988
2834,24,server,maurits-dijk-f9bdae8bserver1-d84vt,hfl-train,519.2129999999997
2835,24,client17,maurits-dijk-f9bdae8bclient171-lbgvh,sidecar,571.6859999999997
2836,24,client17,maurits-dijk-f9bdae8bclient171-lbgvh,hfl-train-model,630.2729999999974
2837,24,client17,maurits-dijk-f9bdae8bclient171-lbgvh,hfl-train,664.2479999999996
2838,24,client9,maurits-dijk-f9bdae8bclient91-8xfzw,hfl-train,707.9369999999981
2839,24,client9,maurits-dijk-f9bdae8bclient91-8xfzw,hfl-train-model,668.5800000000017
2840,24,client9,maurits-dijk-f9bdae8bclient91-8xfzw,sidecar,670.1160000000018
2841,24,client5,maurits-dijk-f9bdae8bclient51-wrbcs,sidecar,528.6450000000004
2842,24,client5,maurits-dijk-f9bdae8bclient51-wrbcs,hfl-train,617.5020000000004
2843,24,client5,maurits-dijk-f9bdae8bclient51-wrbcs,hfl-train-model,586.6290000000008
2844,24,client1,maurits-dijk-f9bdae8bclient11-dswbz,sidecar,468.9930000000004
2845,24,client1,maurits-dijk-f9bdae8bclient11-dswbz,hfl-train-model,580.0889999999999
2846,24,client1,maurits-dijk-f9bdae8bclient11-dswbz,hfl-train,612.7230000000018
2847,24,client13,maurits-dijk-f9bdae8bclient131-rf7k8,hfl-train,666.4080000000031
2848,24,client13,maurits-dijk-f9bdae8bclient131-rf7k8,sidecar,470.39999999999964
2849,24,client13,maurits-dijk-f9bdae8bclient131-rf7k8,hfl-train-model,619.1820000000007
