,round,namespace,pod_name,container_name,joules
0,0,client1,client1-7b9db886dd-jbg8t,linkerd-init,0.0
1,0,client20,client20-65f8864f77-vk8dc,client20,890.106
2,0,orchestrator,policy-enforcer-cb8dccbd8-6vw8c,policy-enforcer,290.64
3,0,client15,client15-79c969ddf-sh5bw,linkerd-init,0.0
4,0,client8,client8-5845965f99-9c4w8,sidecar,679.0620000000001
5,0,client7,client7-544486cc98-9868c,linkerd-init,0.0
6,0,client3,client3-58c68898cd-bdhkm,client3,799.113
7,0,client8,client8-5845965f99-9c4w8,linkerd-init,0.0
8,0,client13,client13-7bf86f4f87-hcszg,sidecar,725.355
9,0,client1,client1-7b9db886dd-jbg8t,linkerd-proxy,728.685
10,0,client1,maurits-dijk-6f807020client11-64jrn,hfl-train,751.4820000000001
11,0,client17,maurits-dijk-6f807020client171-twl6l,hfl-train,645.9839999999999
12,0,client17,maurits-dijk-6f807020client171-twl6l,sidecar,589.122
13,0,client2,client2-86cd6d8cf7-fhcn2,sidecar,869.874
14,0,client11,client11-565c48c7c7-lw7gs,client11,972.336
15,0,client12,client12-79bc8d5846-zzqc9,sidecar,679.932
16,0,client12,client12-79bc8d5846-zzqc9,client12,748.668
17,0,client18,client18-69db77c748-zd2nw,sidecar,840.588
18,0,client3,client3-58c68898cd-bdhkm,linkerd-init,0.0
19,0,client4,client4-744474fb99-gl9r2,linkerd-proxy,658.746
20,0,client10,client10-694b6b97b4-9qcj5,client10,639.3809999999999
21,0,client10,client10-694b6b97b4-9qcj5,sidecar,578.679
22,0,client5,client5-7d5ff7f8b4-brd9c,sidecar,495.831
23,0,server,server-656f98b57f-sk96x,linkerd-proxy,473.94600000000014
24,0,client7,client7-544486cc98-9868c,sidecar,959.3219999999999
25,0,client3,client3-58c68898cd-bdhkm,sidecar,796.71
26,0,api-gateway,api-gateway-6bf76d45b7-9lchh,api-gateway,381.01500000000004
27,0,client7,client7-544486cc98-9868c,client7,960.945
28,0,client13,client13-7bf86f4f87-hcszg,client13,770.277
29,0,client19,client19-56fccdb4d9-wjnk9,sidecar,855.738
30,0,client9,client9-d68fb99b4-k9vg6,linkerd-init,0.0
31,0,client8,client8-5845965f99-9c4w8,client8,740.6610000000001
32,0,client15,client15-79c969ddf-sh5bw,client15,682.722
33,0,client13,maurits-dijk-6f807020client131-84w9z,hfl-train,798.858
34,0,client17,maurits-dijk-6f807020client171-twl6l,hfl-train-model,617.2139999999999
35,0,orchestrator,orchestrator-555f7b7c9d-6h49d,linkerd-proxy,360.57900000000006
36,0,client18,client18-69db77c748-zd2nw,client18,842.2769999999999
37,0,client17,client17-69b85b5ccf-dvz4t,sidecar,489.162
38,0,client19,client19-56fccdb4d9-wjnk9,linkerd-init,0.0
39,0,client6,client6-785d875985-jhrvw,client6,741.7559999999999
40,0,client14,client14-856b5b5576-drb54,client14,670.626
41,0,client12,client12-79bc8d5846-zzqc9,linkerd-init,0.0
42,0,client15,client15-79c969ddf-sh5bw,linkerd-proxy,682.422
43,0,orchestrator,policy-enforcer-cb8dccbd8-6vw8c,linkerd-init,0.0
44,0,client11,client11-565c48c7c7-lw7gs,sidecar,970.5720000000001
45,0,client1,client1-7b9db886dd-jbg8t,client1,731.8530000000001
46,0,client5,client5-7d5ff7f8b4-brd9c,client5,605.571
47,0,client14,client14-856b5b5576-drb54,linkerd-proxy,670.338
48,0,client4,client4-744474fb99-gl9r2,sidecar,656.6669999999999
49,0,client14,client14-856b5b5576-drb54,sidecar,598.065
50,0,client2,client2-86cd6d8cf7-fhcn2,linkerd-proxy,871.443
51,0,client2,client2-86cd6d8cf7-fhcn2,client2,871.6830000000002
52,0,client6,client6-785d875985-jhrvw,sidecar,739.7909999999999
53,0,client17,client17-69b85b5ccf-dvz4t,client17,624.2760000000001
54,0,server,maurits-dijk-6f807020server1-7wfjx,hfl-train-model,733.5180000000001
55,0,orchestrator,orchestrator-555f7b7c9d-6h49d,orchestrator,202.68599999999998
56,0,client19,client19-56fccdb4d9-wjnk9,client19,857.469
57,0,client13,maurits-dijk-6f807020client131-84w9z,hfl-train-model,760.1309999999999
58,0,client14,client14-856b5b5576-drb54,linkerd-init,0.0
59,0,server,server-656f98b57f-sk96x,sidecar,416.514
60,0,client5,maurits-dijk-6f807020client51-vm9l9,hfl-train,627.753
61,0,client20,client20-65f8864f77-vk8dc,linkerd-proxy,889.8510000000001
62,0,server,maurits-dijk-6f807020server1-7wfjx,hfl-train,469.821
63,0,client16,client16-6dc7f87f54-6ds2v,client16,704.499
64,0,client20,client20-65f8864f77-vk8dc,sidecar,776.2710000000001
65,0,client9,client9-d68fb99b4-k9vg6,sidecar,597.789
66,0,client16,client16-6dc7f87f54-6ds2v,linkerd-init,0.0
67,0,api-gateway,api-gateway-6bf76d45b7-9lchh,linkerd-init,0.0
68,0,client17,client17-69b85b5ccf-dvz4t,linkerd-proxy,620.124
69,0,client5,maurits-dijk-6f807020client51-vm9l9,hfl-train-model,599.2740000000001
70,0,client15,client15-79c969ddf-sh5bw,sidecar,681.1830000000001
71,0,client4,client4-744474fb99-gl9r2,client4,658.656
72,0,client11,client11-565c48c7c7-lw7gs,linkerd-init,0.0
73,0,client9,client9-d68fb99b4-k9vg6,client9,613.992
74,0,client16,client16-6dc7f87f54-6ds2v,sidecar,703.11
75,0,client1,maurits-dijk-6f807020client11-64jrn,hfl-train-model,723.1590000000001
76,0,orchestrator,policy-enforcer-cb8dccbd8-6vw8c,linkerd-proxy,360.57900000000006
77,0,client3,client3-58c68898cd-bdhkm,linkerd-proxy,798.9630000000002
78,0,client1,maurits-dijk-6f807020client11-64jrn,sidecar,570.294
79,0,client7,client7-544486cc98-9868c,linkerd-proxy,960.5700000000002
80,0,client17,client17-69b85b5ccf-dvz4t,linkerd-init,0.0
81,0,client5,maurits-dijk-6f807020client51-vm9l9,sidecar,551.793
82,0,client11,client11-565c48c7c7-lw7gs,linkerd-proxy,972.0240000000001
83,0,client12,client12-79bc8d5846-zzqc9,linkerd-proxy,748.245
84,0,client9,maurits-dijk-6f807020client91-5jv2l,hfl-train-model,610.11
85,0,client13,client13-7bf86f4f87-hcszg,linkerd-proxy,763.1129999999999
86,0,client8,client8-5845965f99-9c4w8,linkerd-proxy,740.3790000000001
87,0,api-gateway,api-gateway-6bf76d45b7-9lchh,sidecar,260.54400000000004
88,0,server,maurits-dijk-6f807020server1-7wfjx,sidecar,396.375
89,0,client1,client1-7b9db886dd-jbg8t,sidecar,673.56
90,0,client16,client16-6dc7f87f54-6ds2v,linkerd-proxy,704.364
91,0,client13,maurits-dijk-6f807020client131-84w9z,sidecar,563.1659999999999
92,0,client13,client13-7bf86f4f87-hcszg,linkerd-init,0.0
93,0,orchestrator,policy-enforcer-cb8dccbd8-6vw8c,sidecar,270.39599999999996
94,0,client4,client4-744474fb99-gl9r2,linkerd-init,0.0
95,0,client19,client19-56fccdb4d9-wjnk9,linkerd-proxy,857.3490000000002
96,0,client10,client10-694b6b97b4-9qcj5,linkerd-init,0.0
97,0,server,server-656f98b57f-sk96x,linkerd-init,0.0
98,0,client2,client2-86cd6d8cf7-fhcn2,linkerd-init,0.0
99,0,client5,client5-7d5ff7f8b4-brd9c,linkerd-proxy,601.758
100,0,orchestrator,orchestrator-555f7b7c9d-6h49d,linkerd-init,0.0
101,0,client10,client10-694b6b97b4-9qcj5,linkerd-proxy,639.231
102,0,client20,client20-65f8864f77-vk8dc,linkerd-init,0.0
103,0,server,server-656f98b57f-sk96x,server,491.802
104,0,client18,client18-69db77c748-zd2nw,linkerd-proxy,842.0519999999999
105,0,api-gateway,api-gateway-6bf76d45b7-9lchh,linkerd-proxy,378.6089999999999
106,0,client9,maurits-dijk-6f807020client91-5jv2l,hfl-train,641.676
107,0,client9,maurits-dijk-6f807020client91-5jv2l,sidecar,465.711
108,0,client6,client6-785d875985-jhrvw,linkerd-proxy,741.564
109,0,client9,client9-d68fb99b4-k9vg6,linkerd-proxy,614.928
110,0,client18,client18-69db77c748-zd2nw,linkerd-init,0.0
111,0,orchestrator,orchestrator-555f7b7c9d-6h49d,sidecar,306.0
112,0,client5,client5-7d5ff7f8b4-brd9c,linkerd-init,0.0
113,0,client6,client6-785d875985-jhrvw,linkerd-init,0.0
114,1,client4,client4-744474fb99-gl9r2,linkerd-init,0.0
115,1,client17,client17-69b85b5ccf-dvz4t,linkerd-init,0.0
116,1,client15,client15-79c969ddf-sh5bw,linkerd-init,0.0
117,1,client9,client9-d68fb99b4-k9vg6,linkerd-init,0.0
118,1,client5,client5-7d5ff7f8b4-brd9c,sidecar,516.501
119,1,client5,client5-7d5ff7f8b4-brd9c,client5,606.6329999999999
120,1,client5,client5-7d5ff7f8b4-brd9c,linkerd-proxy,603.573
121,1,client5,client5-7d5ff7f8b4-brd9c,linkerd-init,0.0
122,1,client12,client12-79bc8d5846-zzqc9,linkerd-init,0.0
123,1,client16,client16-6dc7f87f54-6ds2v,client16,664.2930000000001
124,1,client16,client16-6dc7f87f54-6ds2v,linkerd-init,0.0
125,1,client16,client16-6dc7f87f54-6ds2v,linkerd-proxy,664.1880000000001
126,1,client16,client16-6dc7f87f54-6ds2v,sidecar,662.9190000000001
127,1,client2,client2-86cd6d8cf7-fhcn2,sidecar,810.8429999999998
128,1,client2,client2-86cd6d8cf7-fhcn2,linkerd-proxy,812.172
129,1,client2,client2-86cd6d8cf7-fhcn2,client2,812.2949999999998
130,1,client2,client2-86cd6d8cf7-fhcn2,linkerd-init,0.0
131,1,client3,client3-58c68898cd-bdhkm,linkerd-init,0.0
132,1,client3,client3-58c68898cd-bdhkm,linkerd-proxy,668.346
133,1,client3,client3-58c68898cd-bdhkm,client3,668.346
134,1,client3,client3-58c68898cd-bdhkm,sidecar,666.2819999999999
135,1,client18,client18-69db77c748-zd2nw,sidecar,633.3539999999998
136,1,client18,client18-69db77c748-zd2nw,client18,634.896
137,1,client18,client18-69db77c748-zd2nw,linkerd-proxy,634.7460000000001
138,1,client18,client18-69db77c748-zd2nw,linkerd-init,0.0
139,1,client7,client7-544486cc98-9868c,linkerd-init,0.0
140,1,client7,client7-544486cc98-9868c,sidecar,728.4959999999999
141,1,client7,client7-544486cc98-9868c,client7,730.0529999999997
142,1,client7,client7-544486cc98-9868c,linkerd-proxy,729.6299999999997
143,1,client11,client11-565c48c7c7-lw7gs,client11,779.1630000000002
144,1,client11,client11-565c48c7c7-lw7gs,sidecar,777.6960000000001
145,1,client11,client11-565c48c7c7-lw7gs,linkerd-init,0.0
146,1,client11,client11-565c48c7c7-lw7gs,linkerd-proxy,778.866
147,1,client19,client19-56fccdb4d9-wjnk9,sidecar,720.0329999999999
148,1,client19,client19-56fccdb4d9-wjnk9,linkerd-init,0.0
149,1,client19,client19-56fccdb4d9-wjnk9,client19,721.5719999999999
150,1,client19,client19-56fccdb4d9-wjnk9,linkerd-proxy,721.452
151,1,client1,client1-7b9db886dd-jbg8t,linkerd-init,0.0
152,1,client1,client1-7b9db886dd-jbg8t,linkerd-proxy,617.9789999999998
153,1,client13,client13-7bf86f4f87-hcszg,sidecar,672.5759999999998
154,1,client13,client13-7bf86f4f87-hcszg,client13,678.5069999999998
155,1,client13,client13-7bf86f4f87-hcszg,linkerd-proxy,674.769
156,1,client13,client13-7bf86f4f87-hcszg,linkerd-init,0.0
157,1,client20,client20-65f8864f77-vk8dc,client20,681.162
158,1,client20,client20-65f8864f77-vk8dc,linkerd-proxy,680.9190000000001
159,1,client20,client20-65f8864f77-vk8dc,sidecar,606.645
160,1,client20,client20-65f8864f77-vk8dc,linkerd-init,0.0
161,1,server,server-656f98b57f-sk96x,linkerd-proxy,558.261
162,1,server,server-656f98b57f-sk96x,linkerd-init,0.0
163,1,client8,client8-5845965f99-9c4w8,sidecar,903.4379999999999
164,1,client8,client8-5845965f99-9c4w8,linkerd-init,0.0
165,1,client8,client8-5845965f99-9c4w8,client8,975.9029999999998
166,1,client8,client8-5845965f99-9c4w8,linkerd-proxy,975.4679999999996
167,1,client14,client14-856b5b5576-drb54,linkerd-proxy,813.309
168,1,client14,client14-856b5b5576-drb54,sidecar,746.0069999999998
169,1,client14,client14-856b5b5576-drb54,linkerd-init,0.0
170,1,client14,client14-856b5b5576-drb54,client14,813.6659999999998
171,1,client10,client10-694b6b97b4-9qcj5,client10,809.6220000000001
172,1,client10,client10-694b6b97b4-9qcj5,sidecar,739.4579999999999
173,1,client10,client10-694b6b97b4-9qcj5,linkerd-init,0.0
174,1,client10,client10-694b6b97b4-9qcj5,linkerd-proxy,809.4179999999998
175,1,orchestrator,policy-enforcer-cb8dccbd8-6vw8c,policy-enforcer,275.83799999999997
176,1,orchestrator,orchestrator-555f7b7c9d-6h49d,linkerd-proxy,430.63199999999995
177,1,orchestrator,policy-enforcer-cb8dccbd8-6vw8c,linkerd-init,0.0
178,1,api-gateway,api-gateway-6bf76d45b7-9lchh,linkerd-init,0.0
179,1,orchestrator,policy-enforcer-cb8dccbd8-6vw8c,linkerd-proxy,430.55999999999995
180,1,orchestrator,policy-enforcer-cb8dccbd8-6vw8c,sidecar,384.44399999999996
181,1,orchestrator,orchestrator-555f7b7c9d-6h49d,linkerd-init,0.0
182,1,api-gateway,api-gateway-6bf76d45b7-9lchh,linkerd-proxy,450.1590000000001
183,1,client6,client6-785d875985-jhrvw,client6,750.114
184,1,client6,client6-785d875985-jhrvw,sidecar,748.017
185,1,client6,client6-785d875985-jhrvw,linkerd-proxy,749.847
186,1,client6,client6-785d875985-jhrvw,linkerd-init,0.0
187,1,client4,client4-744474fb99-gl9r2,linkerd-proxy,696.1019999999999
188,1,client4,client4-744474fb99-gl9r2,sidecar,694.1580000000001
189,1,client4,client4-744474fb99-gl9r2,client4,696.2520000000002
190,1,client17,client17-69b85b5ccf-dvz4t,sidecar,458.79600000000005
191,1,client17,client17-69b85b5ccf-dvz4t,client17,599.628
192,1,client17,client17-69b85b5ccf-dvz4t,linkerd-proxy,596.463
193,1,client15,client15-79c969ddf-sh5bw,client15,649.6950000000002
194,1,client15,client15-79c969ddf-sh5bw,linkerd-proxy,649.527
195,1,client15,client15-79c969ddf-sh5bw,sidecar,648.2909999999999
196,1,client9,client9-d68fb99b4-k9vg6,sidecar,630.9540000000001
197,1,client9,client9-d68fb99b4-k9vg6,client9,642.174
198,1,client9,client9-d68fb99b4-k9vg6,linkerd-proxy,639.258
199,1,client12,client12-79bc8d5846-zzqc9,sidecar,593.2440000000001
200,1,client12,client12-79bc8d5846-zzqc9,client12,680.877
201,1,client12,client12-79bc8d5846-zzqc9,linkerd-proxy,680.982
202,1,client1,client1-7b9db886dd-jbg8t,client1,614.9280000000001
203,1,client1,client1-7b9db886dd-jbg8t,sidecar,553.473
204,1,server,server-656f98b57f-sk96x,sidecar,447.735
205,1,server,server-656f98b57f-sk96x,server,581.3039999999999
206,1,api-gateway,api-gateway-6bf76d45b7-9lchh,api-gateway,458.052
207,1,orchestrator,orchestrator-555f7b7c9d-6h49d,orchestrator,328.407
208,1,api-gateway,api-gateway-6bf76d45b7-9lchh,sidecar,350.01000000000005
209,1,orchestrator,orchestrator-555f7b7c9d-6h49d,sidecar,392.037
210,1,client1,maurits-dijk-6f807020client11-64jrn,hfl-train,644.367
211,1,client1,maurits-dijk-6f807020client11-64jrn,hfl-train-model,612.2759999999998
212,1,client1,maurits-dijk-6f807020client11-64jrn,sidecar,547.1100000000002
213,1,client13,maurits-dijk-6f807020client131-84w9z,hfl-train,708.066
214,1,client13,maurits-dijk-6f807020client131-84w9z,hfl-train-model,671.7
215,1,client13,maurits-dijk-6f807020client131-84w9z,sidecar,610.185
216,1,server,maurits-dijk-6f807020server1-7wfjx,hfl-train-model,916.992
217,1,server,maurits-dijk-6f807020server1-7wfjx,hfl-train,553.3140000000001
218,1,server,maurits-dijk-6f807020server1-7wfjx,sidecar,437.76
219,1,client17,maurits-dijk-6f807020client171-twl6l,hfl-train,625.8240000000001
220,1,client17,maurits-dijk-6f807020client171-twl6l,sidecar,567.2100000000002
221,1,client17,maurits-dijk-6f807020client171-twl6l,hfl-train-model,593.721
222,1,client9,maurits-dijk-6f807020client91-5jv2l,hfl-train-model,635.1059999999999
223,1,client9,maurits-dijk-6f807020client91-5jv2l,hfl-train,664.5120000000002
224,1,client9,maurits-dijk-6f807020client91-5jv2l,sidecar,506.0369999999999
225,1,client5,maurits-dijk-6f807020client51-vm9l9,hfl-train,625.983
226,1,client5,maurits-dijk-6f807020client51-vm9l9,hfl-train-model,601.1849999999998
227,1,client5,maurits-dijk-6f807020client51-vm9l9,sidecar,566.4839999999999
228,2,client4,client4-744474fb99-gl9r2,linkerd-init,0.0
229,2,client17,client17-69b85b5ccf-dvz4t,linkerd-init,0.0
230,2,client15,client15-79c969ddf-sh5bw,linkerd-init,0.0
231,2,client9,client9-d68fb99b4-k9vg6,linkerd-init,0.0
232,2,client5,client5-7d5ff7f8b4-brd9c,sidecar,631.9950000000001
233,2,client5,client5-7d5ff7f8b4-brd9c,client5,747.645
234,2,client5,client5-7d5ff7f8b4-brd9c,linkerd-proxy,745.1580000000004
235,2,client5,client5-7d5ff7f8b4-brd9c,linkerd-init,0.0
236,2,client12,client12-79bc8d5846-zzqc9,linkerd-init,0.0
237,2,client16,client16-6dc7f87f54-6ds2v,client16,863.799
238,2,client16,client16-6dc7f87f54-6ds2v,linkerd-init,0.0
239,2,client16,client16-6dc7f87f54-6ds2v,linkerd-proxy,863.5139999999999
240,2,client16,client16-6dc7f87f54-6ds2v,sidecar,862.0649999999998
241,2,client2,client2-86cd6d8cf7-fhcn2,sidecar,922.3500000000001
242,2,client2,client2-86cd6d8cf7-fhcn2,linkerd-proxy,923.856
243,2,client2,client2-86cd6d8cf7-fhcn2,client2,924.0120000000002
244,2,client2,client2-86cd6d8cf7-fhcn2,linkerd-init,0.0
245,2,client3,client3-58c68898cd-bdhkm,linkerd-init,0.0
246,2,client3,client3-58c68898cd-bdhkm,linkerd-proxy,841.8449999999998
247,2,client3,client3-58c68898cd-bdhkm,client3,841.7730000000001
248,2,client3,client3-58c68898cd-bdhkm,sidecar,839.4300000000001
249,2,client18,client18-69db77c748-zd2nw,sidecar,815.0219999999999
250,2,client18,client18-69db77c748-zd2nw,client18,816.9089999999999
251,2,client18,client18-69db77c748-zd2nw,linkerd-proxy,816.624
252,2,client18,client18-69db77c748-zd2nw,linkerd-init,0.0
253,2,client7,client7-544486cc98-9868c,linkerd-init,0.0
254,2,client7,client7-544486cc98-9868c,sidecar,821.7870000000003
255,2,client7,client7-544486cc98-9868c,client7,823.5510000000004
256,2,client7,client7-544486cc98-9868c,linkerd-proxy,823.1280000000002
257,2,client11,client11-565c48c7c7-lw7gs,client11,817.9829999999997
258,2,client11,client11-565c48c7c7-lw7gs,sidecar,816.279
259,2,client11,client11-565c48c7c7-lw7gs,linkerd-init,0.0
260,2,client11,client11-565c48c7c7-lw7gs,linkerd-proxy,817.8449999999998
261,2,client19,client19-56fccdb4d9-wjnk9,sidecar,750.4380000000001
262,2,client19,client19-56fccdb4d9-wjnk9,linkerd-init,0.0
263,2,client19,client19-56fccdb4d9-wjnk9,client19,752.0609999999999
264,2,client19,client19-56fccdb4d9-wjnk9,linkerd-proxy,751.7609999999997
265,2,client1,client1-7b9db886dd-jbg8t,linkerd-init,0.0
266,2,client1,client1-7b9db886dd-jbg8t,linkerd-proxy,653.2440000000004
267,2,client13,client13-7bf86f4f87-hcszg,sidecar,570.2429999999999
268,2,client13,client13-7bf86f4f87-hcszg,client13,633.0540000000003
269,2,client13,client13-7bf86f4f87-hcszg,linkerd-proxy,630.4319999999998
270,2,client13,client13-7bf86f4f87-hcszg,linkerd-init,0.0
271,2,client20,client20-65f8864f77-vk8dc,client20,669.402
272,2,client20,client20-65f8864f77-vk8dc,linkerd-proxy,669.1319999999998
273,2,client20,client20-65f8864f77-vk8dc,sidecar,567.7559999999999
274,2,client20,client20-65f8864f77-vk8dc,linkerd-init,0.0
275,2,server,server-656f98b57f-sk96x,linkerd-proxy,472.82400000000007
276,2,server,server-656f98b57f-sk96x,linkerd-init,0.0
277,2,client8,client8-5845965f99-9c4w8,sidecar,672.6059999999998
278,2,client8,client8-5845965f99-9c4w8,linkerd-init,0.0
279,2,client8,client8-5845965f99-9c4w8,client8,755.721
280,2,client8,client8-5845965f99-9c4w8,linkerd-proxy,755.3340000000003
281,2,client14,client14-856b5b5576-drb54,linkerd-proxy,663.117
282,2,client14,client14-856b5b5576-drb54,sidecar,620.2469999999998
283,2,client14,client14-856b5b5576-drb54,linkerd-init,0.0
284,2,client14,client14-856b5b5576-drb54,client14,663.3
285,2,client10,client10-694b6b97b4-9qcj5,client10,706.8360000000002
286,2,client10,client10-694b6b97b4-9qcj5,sidecar,658.1610000000003
287,2,client10,client10-694b6b97b4-9qcj5,linkerd-init,0.0
288,2,client10,client10-694b6b97b4-9qcj5,linkerd-proxy,706.701
289,2,orchestrator,policy-enforcer-cb8dccbd8-6vw8c,policy-enforcer,201.28200000000004
290,2,orchestrator,orchestrator-555f7b7c9d-6h49d,linkerd-proxy,347.5020000000002
291,2,orchestrator,policy-enforcer-cb8dccbd8-6vw8c,linkerd-init,0.0
292,2,api-gateway,api-gateway-6bf76d45b7-9lchh,linkerd-init,0.0
293,2,orchestrator,policy-enforcer-cb8dccbd8-6vw8c,linkerd-proxy,347.4240000000001
294,2,orchestrator,policy-enforcer-cb8dccbd8-6vw8c,sidecar,313.644
295,2,orchestrator,orchestrator-555f7b7c9d-6h49d,linkerd-init,0.0
296,2,api-gateway,api-gateway-6bf76d45b7-9lchh,linkerd-proxy,365.36699999999996
297,2,client6,client6-785d875985-jhrvw,client6,889.7339999999999
298,2,client6,client6-785d875985-jhrvw,sidecar,886.9859999999999
299,2,client6,client6-785d875985-jhrvw,linkerd-proxy,889.1910000000003
300,2,client6,client6-785d875985-jhrvw,linkerd-init,0.0
301,2,client4,client4-744474fb99-gl9r2,linkerd-proxy,855.4950000000001
302,2,client4,client4-744474fb99-gl9r2,sidecar,853.1310000000001
303,2,client4,client4-744474fb99-gl9r2,client4,855.5430000000001
304,2,client17,client17-69b85b5ccf-dvz4t,sidecar,628.461
305,2,client17,client17-69b85b5ccf-dvz4t,client17,755.367
306,2,client17,client17-69b85b5ccf-dvz4t,linkerd-proxy,751.9440000000002
307,2,client15,client15-79c969ddf-sh5bw,client15,806.829
308,2,client15,client15-79c969ddf-sh5bw,linkerd-proxy,806.5350000000001
309,2,client15,client15-79c969ddf-sh5bw,sidecar,805.1070000000002
310,2,client9,client9-d68fb99b4-k9vg6,sidecar,788.2289999999998
311,2,client9,client9-d68fb99b4-k9vg6,client9,817.6290000000001
312,2,client9,client9-d68fb99b4-k9vg6,linkerd-proxy,816.6149999999998
313,2,client12,client12-79bc8d5846-zzqc9,sidecar,733.404
314,2,client12,client12-79bc8d5846-zzqc9,client12,824.0880000000004
315,2,client12,client12-79bc8d5846-zzqc9,linkerd-proxy,823.9980000000003
316,2,client1,client1-7b9db886dd-jbg8t,client1,654.3449999999998
317,2,client1,client1-7b9db886dd-jbg8t,sidecar,583.5899999999999
318,2,server,server-656f98b57f-sk96x,sidecar,373.68000000000006
319,2,server,server-656f98b57f-sk96x,server,483.201
320,2,api-gateway,api-gateway-6bf76d45b7-9lchh,api-gateway,356.37299999999993
321,2,orchestrator,orchestrator-555f7b7c9d-6h49d,orchestrator,308.60400000000004
322,2,api-gateway,api-gateway-6bf76d45b7-9lchh,sidecar,313.644
323,2,orchestrator,orchestrator-555f7b7c9d-6h49d,sidecar,247.39200000000017
324,2,client1,maurits-dijk-6f807020client11-64jrn,hfl-train,680.7090000000001
325,2,client1,maurits-dijk-6f807020client11-64jrn,hfl-train-model,646.8420000000003
326,2,client1,maurits-dijk-6f807020client11-64jrn,sidecar,424.59299999999985
327,2,client13,maurits-dijk-6f807020client131-84w9z,hfl-train,662.9940000000001
328,2,client13,maurits-dijk-6f807020client131-84w9z,hfl-train-model,627.4350000000002
329,2,client13,maurits-dijk-6f807020client131-84w9z,sidecar,538.0920000000001
330,2,server,maurits-dijk-6f807020server1-7wfjx,hfl-train-model,826.5360000000001
331,2,server,maurits-dijk-6f807020server1-7wfjx,hfl-train,467.53499999999985
332,2,server,maurits-dijk-6f807020server1-7wfjx,sidecar,364.3230000000001
333,2,client17,maurits-dijk-6f807020client171-twl6l,hfl-train,781.4849999999999
334,2,client17,maurits-dijk-6f807020client171-twl6l,sidecar,615.723
335,2,client17,maurits-dijk-6f807020client171-twl6l,hfl-train-model,749.0759999999996
336,2,client9,maurits-dijk-6f807020client91-5jv2l,hfl-train-model,810.471
337,2,client9,maurits-dijk-6f807020client91-5jv2l,hfl-train,838.3229999999999
338,2,client9,maurits-dijk-6f807020client91-5jv2l,sidecar,595.8779999999999
339,2,client5,maurits-dijk-6f807020client51-vm9l9,hfl-train,767.8980000000001
340,2,client5,maurits-dijk-6f807020client51-vm9l9,hfl-train-model,742.5150000000001
341,2,client5,maurits-dijk-6f807020client51-vm9l9,sidecar,730.701
342,3,client4,client4-744474fb99-gl9r2,linkerd-init,0.0
343,3,client17,client17-69b85b5ccf-dvz4t,linkerd-init,0.0
344,3,client15,client15-79c969ddf-sh5bw,linkerd-init,0.0
345,3,client9,client9-d68fb99b4-k9vg6,linkerd-init,0.0
346,3,client5,client5-7d5ff7f8b4-brd9c,sidecar,484.01399999999967
347,3,client5,client5-7d5ff7f8b4-brd9c,client5,637.5570000000002
348,3,client5,client5-7d5ff7f8b4-brd9c,linkerd-proxy,634.2869999999994
349,3,client5,client5-7d5ff7f8b4-brd9c,linkerd-init,0.0
350,3,client12,client12-79bc8d5846-zzqc9,linkerd-init,0.0
351,3,client16,client16-6dc7f87f54-6ds2v,client16,684.9929999999999
352,3,client16,client16-6dc7f87f54-6ds2v,linkerd-init,0.0
353,3,client16,client16-6dc7f87f54-6ds2v,linkerd-proxy,684.75
354,3,client16,client16-6dc7f87f54-6ds2v,sidecar,683.529
355,3,client2,client2-86cd6d8cf7-fhcn2,sidecar,676.056
356,3,client2,client2-86cd6d8cf7-fhcn2,linkerd-proxy,677.3009999999999
357,3,client2,client2-86cd6d8cf7-fhcn2,client2,677.5349999999999
358,3,client2,client2-86cd6d8cf7-fhcn2,linkerd-init,0.0
359,3,client3,client3-58c68898cd-bdhkm,linkerd-init,0.0
360,3,client3,client3-58c68898cd-bdhkm,linkerd-proxy,724.2239999999997
361,3,client3,client3-58c68898cd-bdhkm,client3,724.3649999999998
362,3,client3,client3-58c68898cd-bdhkm,sidecar,722.3249999999998
363,3,client18,client18-69db77c748-zd2nw,sidecar,697.7970000000005
364,3,client18,client18-69db77c748-zd2nw,client18,699.3630000000003
365,3,client18,client18-69db77c748-zd2nw,linkerd-proxy,699.1079999999997
366,3,client18,client18-69db77c748-zd2nw,linkerd-init,0.0
367,3,client7,client7-544486cc98-9868c,linkerd-init,0.0
368,3,client7,client7-544486cc98-9868c,sidecar,641.703
369,3,client7,client7-544486cc98-9868c,client7,643.1669999999999
370,3,client7,client7-544486cc98-9868c,linkerd-proxy,642.8070000000002
371,3,client11,client11-565c48c7c7-lw7gs,client11,650.6999999999998
372,3,client11,client11-565c48c7c7-lw7gs,sidecar,649.3409999999999
373,3,client11,client11-565c48c7c7-lw7gs,linkerd-init,0.0
374,3,client11,client11-565c48c7c7-lw7gs,linkerd-proxy,650.5770000000002
375,3,client19,client19-56fccdb4d9-wjnk9,sidecar,814.0920000000001
376,3,client19,client19-56fccdb4d9-wjnk9,linkerd-init,0.0
377,3,client19,client19-56fccdb4d9-wjnk9,client19,815.9700000000003
378,3,client19,client19-56fccdb4d9-wjnk9,linkerd-proxy,815.7810000000004
379,3,client1,client1-7b9db886dd-jbg8t,linkerd-init,0.0
380,3,client1,client1-7b9db886dd-jbg8t,linkerd-proxy,809.9159999999997
381,3,client13,client13-7bf86f4f87-hcszg,sidecar,717.3630000000003
382,3,client13,client13-7bf86f4f87-hcszg,client13,813.0839999999998
383,3,client13,client13-7bf86f4f87-hcszg,linkerd-proxy,809.0040000000004
384,3,client13,client13-7bf86f4f87-hcszg,linkerd-init,0.0
385,3,client20,client20-65f8864f77-vk8dc,client20,859.116
386,3,client20,client20-65f8864f77-vk8dc,linkerd-proxy,858.9000000000001
387,3,client20,client20-65f8864f77-vk8dc,sidecar,693.1710000000003
388,3,client20,client20-65f8864f77-vk8dc,linkerd-init,0.0
389,3,server,server-656f98b57f-sk96x,linkerd-proxy,571.5419999999997
390,3,server,server-656f98b57f-sk96x,linkerd-init,0.0
391,3,client8,client8-5845965f99-9c4w8,sidecar,554.6430000000005
392,3,client8,client8-5845965f99-9c4w8,linkerd-init,0.0
393,3,client8,client8-5845965f99-9c4w8,client8,691.9470000000001
394,3,client8,client8-5845965f99-9c4w8,linkerd-proxy,691.6949999999997
395,3,client14,client14-856b5b5576-drb54,linkerd-proxy,685.587
396,3,client14,client14-856b5b5576-drb54,sidecar,683.8200000000006
397,3,client14,client14-856b5b5576-drb54,linkerd-init,0.0
398,3,client14,client14-856b5b5576-drb54,client14,685.6920000000005
399,3,client10,client10-694b6b97b4-9qcj5,client10,627.6990000000001
400,3,client10,client10-694b6b97b4-9qcj5,sidecar,560.6669999999999
401,3,client10,client10-694b6b97b4-9qcj5,linkerd-init,0.0
402,3,client10,client10-694b6b97b4-9qcj5,linkerd-proxy,627.6390000000001
403,3,orchestrator,policy-enforcer-cb8dccbd8-6vw8c,policy-enforcer,185.78099999999984
404,3,orchestrator,orchestrator-555f7b7c9d-6h49d,linkerd-proxy,344.01599999999985
405,3,orchestrator,policy-enforcer-cb8dccbd8-6vw8c,linkerd-init,0.0
406,3,api-gateway,api-gateway-6bf76d45b7-9lchh,linkerd-init,0.0
407,3,orchestrator,policy-enforcer-cb8dccbd8-6vw8c,linkerd-proxy,343.87799999999993
408,3,orchestrator,policy-enforcer-cb8dccbd8-6vw8c,sidecar,319.4369999999999
409,3,orchestrator,orchestrator-555f7b7c9d-6h49d,linkerd-init,0.0
410,3,api-gateway,api-gateway-6bf76d45b7-9lchh,linkerd-proxy,361.6590000000001
411,3,client6,client6-785d875985-jhrvw,client6,756.741
412,3,client6,client6-785d875985-jhrvw,sidecar,754.212
413,3,client6,client6-785d875985-jhrvw,linkerd-proxy,756.4409999999998
414,3,client6,client6-785d875985-jhrvw,linkerd-init,0.0
415,3,client4,client4-744474fb99-gl9r2,linkerd-proxy,698.7060000000001
416,3,client4,client4-744474fb99-gl9r2,sidecar,696.6959999999999
417,3,client4,client4-744474fb99-gl9r2,client4,698.8559999999998
418,3,client17,client17-69b85b5ccf-dvz4t,sidecar,595.0229999999999
419,3,client17,client17-69b85b5ccf-dvz4t,client17,672.5429999999997
420,3,client17,client17-69b85b5ccf-dvz4t,linkerd-proxy,670.404
421,3,client15,client15-79c969ddf-sh5bw,client15,683.2859999999996
422,3,client15,client15-79c969ddf-sh5bw,linkerd-proxy,683.0999999999999
423,3,client15,client15-79c969ddf-sh5bw,sidecar,681.8069999999998
424,3,client9,client9-d68fb99b4-k9vg6,sidecar,651.5610000000001
425,3,client9,client9-d68fb99b4-k9vg6,client9,671.3519999999999
426,3,client9,client9-d68fb99b4-k9vg6,linkerd-proxy,670.065
427,3,client12,client12-79bc8d5846-zzqc9,sidecar,584.2649999999999
428,3,client12,client12-79bc8d5846-zzqc9,client12,695.8559999999998
429,3,client12,client12-79bc8d5846-zzqc9,linkerd-proxy,695.8709999999996
430,3,client1,client1-7b9db886dd-jbg8t,client1,811.5989999999997
431,3,client1,client1-7b9db886dd-jbg8t,sidecar,736.6410000000005
432,3,server,server-656f98b57f-sk96x,sidecar,470.1899999999998
433,3,server,server-656f98b57f-sk96x,server,584.6820000000002
434,3,api-gateway,api-gateway-6bf76d45b7-9lchh,api-gateway,367.6679999999999
435,3,orchestrator,orchestrator-555f7b7c9d-6h49d,orchestrator,296.472
436,3,api-gateway,api-gateway-6bf76d45b7-9lchh,sidecar,319.35299999999984
437,3,orchestrator,orchestrator-555f7b7c9d-6h49d,sidecar,247.2629999999997
438,3,client1,maurits-dijk-6f807020client11-64jrn,hfl-train,833.9639999999999
439,3,client1,maurits-dijk-6f807020client11-64jrn,hfl-train-model,803.0759999999996
440,3,client1,maurits-dijk-6f807020client11-64jrn,sidecar,603.5219999999997
441,3,client13,maurits-dijk-6f807020client131-84w9z,hfl-train,843.9569999999999
442,3,client13,maurits-dijk-6f807020client131-84w9z,hfl-train-model,805.8239999999996
443,3,client13,maurits-dijk-6f807020client131-84w9z,sidecar,649.5960000000002
444,3,server,maurits-dijk-6f807020server1-7wfjx,hfl-train-model,903.828
445,3,server,maurits-dijk-6f807020server1-7wfjx,hfl-train,567.2369999999999
446,3,server,maurits-dijk-6f807020server1-7wfjx,sidecar,465.9119999999998
447,3,client17,maurits-dijk-6f807020client171-twl6l,hfl-train,698.2530000000002
448,3,client17,maurits-dijk-6f807020client171-twl6l,sidecar,518.307
449,3,client17,maurits-dijk-6f807020client171-twl6l,hfl-train-model,667.9260000000004
450,3,client9,maurits-dijk-6f807020client91-5jv2l,hfl-train-model,665.4659999999999
451,3,client9,maurits-dijk-6f807020client91-5jv2l,hfl-train,691.2779999999998
452,3,client9,maurits-dijk-6f807020client91-5jv2l,sidecar,519.8790000000001
453,3,client5,maurits-dijk-6f807020client51-vm9l9,hfl-train,656.2980000000002
454,3,client5,maurits-dijk-6f807020client51-vm9l9,hfl-train-model,631.9200000000001
455,3,client5,maurits-dijk-6f807020client51-vm9l9,sidecar,593.6369999999997
456,4,client4,client4-744474fb99-gl9r2,linkerd-init,0.0
457,4,client17,client17-69b85b5ccf-dvz4t,linkerd-init,0.0
458,4,client15,client15-79c969ddf-sh5bw,linkerd-init,0.0
459,4,client9,client9-d68fb99b4-k9vg6,linkerd-init,0.0
460,4,client5,client5-7d5ff7f8b4-brd9c,sidecar,462.7710000000002
461,4,client5,client5-7d5ff7f8b4-brd9c,client5,620.7539999999995
462,4,client5,client5-7d5ff7f8b4-brd9c,linkerd-proxy,617.4840000000004
463,4,client5,client5-7d5ff7f8b4-brd9c,linkerd-init,0.0
464,4,client12,client12-79bc8d5846-zzqc9,linkerd-init,0.0
465,4,client16,client16-6dc7f87f54-6ds2v,client16,673.0349999999999
466,4,client16,client16-6dc7f87f54-6ds2v,linkerd-init,0.0
467,4,client16,client16-6dc7f87f54-6ds2v,linkerd-proxy,672.81
468,4,client16,client16-6dc7f87f54-6ds2v,sidecar,671.5980000000004
469,4,client2,client2-86cd6d8cf7-fhcn2,sidecar,673.8360000000002
470,4,client2,client2-86cd6d8cf7-fhcn2,linkerd-proxy,675.0990000000006
471,4,client2,client2-86cd6d8cf7-fhcn2,client2,675.2400000000002
472,4,client2,client2-86cd6d8cf7-fhcn2,linkerd-init,0.0
473,4,client3,client3-58c68898cd-bdhkm,linkerd-init,0.0
474,4,client3,client3-58c68898cd-bdhkm,linkerd-proxy,698.4929999999999
475,4,client3,client3-58c68898cd-bdhkm,client3,698.4630000000002
476,4,client3,client3-58c68898cd-bdhkm,sidecar,696.5100000000002
477,4,client18,client18-69db77c748-zd2nw,sidecar,742.4219999999996
478,4,client18,client18-69db77c748-zd2nw,client18,744.009
479,4,client18,client18-69db77c748-zd2nw,linkerd-proxy,743.9039999999995
480,4,client18,client18-69db77c748-zd2nw,linkerd-init,0.0
481,4,client7,client7-544486cc98-9868c,linkerd-init,0.0
482,4,client7,client7-544486cc98-9868c,sidecar,696.8100000000009
483,4,client7,client7-544486cc98-9868c,client7,698.2020000000007
484,4,client7,client7-544486cc98-9868c,linkerd-proxy,697.8899999999994
485,4,client11,client11-565c48c7c7-lw7gs,client11,682.6890000000008
486,4,client11,client11-565c48c7c7-lw7gs,sidecar,681.3719999999998
487,4,client11,client11-565c48c7c7-lw7gs,linkerd-init,0.0
488,4,client11,client11-565c48c7c7-lw7gs,linkerd-proxy,682.5779999999995
489,4,client19,client19-56fccdb4d9-wjnk9,sidecar,698.6279999999992
490,4,client19,client19-56fccdb4d9-wjnk9,linkerd-init,0.0
491,4,client19,client19-56fccdb4d9-wjnk9,client19,700.0499999999997
492,4,client19,client19-56fccdb4d9-wjnk9,linkerd-proxy,699.9749999999999
493,4,client1,client1-7b9db886dd-jbg8t,linkerd-init,0.0
494,4,client1,client1-7b9db886dd-jbg8t,linkerd-proxy,638.1179999999999
495,4,client13,client13-7bf86f4f87-hcszg,sidecar,595.0529999999999
496,4,client13,client13-7bf86f4f87-hcszg,client13,654.576
497,4,client13,client13-7bf86f4f87-hcszg,linkerd-proxy,650.163
498,4,client13,client13-7bf86f4f87-hcszg,linkerd-init,0.0
499,4,client20,client20-65f8864f77-vk8dc,client20,720.5699999999993
500,4,client20,client20-65f8864f77-vk8dc,linkerd-proxy,720.3899999999999
501,4,client20,client20-65f8864f77-vk8dc,sidecar,657.6959999999999
502,4,client20,client20-65f8864f77-vk8dc,linkerd-init,0.0
503,4,server,server-656f98b57f-sk96x,linkerd-proxy,470.7900000000004
504,4,server,server-656f98b57f-sk96x,linkerd-init,0.0
505,4,client8,client8-5845965f99-9c4w8,sidecar,697.7759999999994
506,4,client8,client8-5845965f99-9c4w8,linkerd-init,0.0
507,4,client8,client8-5845965f99-9c4w8,client8,832.1789999999996
508,4,client8,client8-5845965f99-9c4w8,linkerd-proxy,831.8159999999998
509,4,client14,client14-856b5b5576-drb54,linkerd-proxy,786.585
510,4,client14,client14-856b5b5576-drb54,sidecar,785.0549999999998
511,4,client14,client14-856b5b5576-drb54,linkerd-init,0.0
512,4,client14,client14-856b5b5576-drb54,client14,786.8399999999997
513,4,client10,client10-694b6b97b4-9qcj5,client10,833.6189999999997
514,4,client10,client10-694b6b97b4-9qcj5,sidecar,770.739
515,4,client10,client10-694b6b97b4-9qcj5,linkerd-init,0.0
516,4,client10,client10-694b6b97b4-9qcj5,linkerd-proxy,833.4960000000001
517,4,orchestrator,policy-enforcer-cb8dccbd8-6vw8c,policy-enforcer,267.90900000000033
518,4,orchestrator,orchestrator-555f7b7c9d-6h49d,linkerd-proxy,416.3129999999999
519,4,orchestrator,policy-enforcer-cb8dccbd8-6vw8c,linkerd-init,0.0
520,4,api-gateway,api-gateway-6bf76d45b7-9lchh,linkerd-init,0.0
521,4,orchestrator,policy-enforcer-cb8dccbd8-6vw8c,linkerd-proxy,416.28300000000013
522,4,orchestrator,policy-enforcer-cb8dccbd8-6vw8c,sidecar,380.12400000000025
523,4,orchestrator,orchestrator-555f7b7c9d-6h49d,linkerd-init,0.0
524,4,api-gateway,api-gateway-6bf76d45b7-9lchh,linkerd-proxy,434.91600000000017
525,4,client6,client6-785d875985-jhrvw,client6,944.6580000000004
526,4,client6,client6-785d875985-jhrvw,sidecar,941.9010000000003
527,4,client6,client6-785d875985-jhrvw,linkerd-proxy,944.2349999999997
528,4,client6,client6-785d875985-jhrvw,linkerd-init,0.0
529,4,client4,client4-744474fb99-gl9r2,linkerd-proxy,921.1500000000001
530,4,client4,client4-744474fb99-gl9r2,sidecar,918.7320000000004
531,4,client4,client4-744474fb99-gl9r2,client4,921.2400000000002
532,4,client17,client17-69b85b5ccf-dvz4t,sidecar,717.6150000000002
533,4,client17,client17-69b85b5ccf-dvz4t,client17,836.2139999999999
534,4,client17,client17-69b85b5ccf-dvz4t,linkerd-proxy,833.9699999999998
535,4,client15,client15-79c969ddf-sh5bw,client15,652.0650000000005
536,4,client15,client15-79c969ddf-sh5bw,linkerd-proxy,651.9780000000001
537,4,client15,client15-79c969ddf-sh5bw,sidecar,650.6879999999996
538,4,client9,client9-d68fb99b4-k9vg6,sidecar,620.844
539,4,client9,client9-d68fb99b4-k9vg6,client9,636.8340000000003
540,4,client9,client9-d68fb99b4-k9vg6,linkerd-proxy,636.1500000000005
541,4,client12,client12-79bc8d5846-zzqc9,sidecar,527.973
542,4,client12,client12-79bc8d5846-zzqc9,client12,688.3649999999998
543,4,client12,client12-79bc8d5846-zzqc9,linkerd-proxy,688.3650000000002
544,4,client1,client1-7b9db886dd-jbg8t,client1,638.4030000000002
545,4,client1,client1-7b9db886dd-jbg8t,sidecar,587.4299999999994
546,4,server,server-656f98b57f-sk96x,sidecar,415.884
547,4,server,server-656f98b57f-sk96x,server,492.2189999999996
548,4,api-gateway,api-gateway-6bf76d45b7-9lchh,api-gateway,451.36799999999994
549,4,orchestrator,orchestrator-555f7b7c9d-6h49d,orchestrator,287.481
550,4,api-gateway,api-gateway-6bf76d45b7-9lchh,sidecar,312.0450000000001
551,4,orchestrator,orchestrator-555f7b7c9d-6h49d,sidecar,323.6700000000003
552,4,client1,maurits-dijk-6f807020client11-64jrn,hfl-train,662.9610000000002
553,4,client1,maurits-dijk-6f807020client11-64jrn,hfl-train-model,631.8780000000002
554,4,client1,maurits-dijk-6f807020client11-64jrn,sidecar,524.067
555,4,client13,maurits-dijk-6f807020client131-84w9z,hfl-train,682.9200000000001
556,4,client13,maurits-dijk-6f807020client131-84w9z,hfl-train-model,647.136
557,4,client13,maurits-dijk-6f807020client131-84w9z,sidecar,515.4839999999999
558,4,server,maurits-dijk-6f807020server1-7wfjx,hfl-train-model,845.8710000000001
559,4,server,maurits-dijk-6f807020server1-7wfjx,hfl-train,470.60100000000057
560,4,server,maurits-dijk-6f807020server1-7wfjx,sidecar,366.5939999999998
561,4,client17,maurits-dijk-6f807020client171-twl6l,hfl-train,858.8220000000001
562,4,client17,maurits-dijk-6f807020client171-twl6l,sidecar,589.4760000000001
563,4,client17,maurits-dijk-6f807020client171-twl6l,hfl-train-model,831.3989999999999
564,4,client9,maurits-dijk-6f807020client91-5jv2l,hfl-train-model,631.4940000000006
565,4,client9,maurits-dijk-6f807020client91-5jv2l,hfl-train,657.3630000000003
566,4,client9,maurits-dijk-6f807020client91-5jv2l,sidecar,499.59000000000015
567,4,client5,maurits-dijk-6f807020client51-vm9l9,hfl-train,640.4819999999995
568,4,client5,maurits-dijk-6f807020client51-vm9l9,hfl-train-model,614.9789999999998
569,4,client5,maurits-dijk-6f807020client51-vm9l9,sidecar,521.7120000000004
570,5,client4,client4-744474fb99-gl9r2,linkerd-init,0.0
571,5,client17,client17-69b85b5ccf-dvz4t,linkerd-init,0.0
572,5,client15,client15-79c969ddf-sh5bw,linkerd-init,0.0
573,5,client9,client9-d68fb99b4-k9vg6,linkerd-init,0.0
574,5,client5,client5-7d5ff7f8b4-brd9c,sidecar,624.6690000000003
575,5,client5,client5-7d5ff7f8b4-brd9c,client5,729.7709999999997
576,5,client5,client5-7d5ff7f8b4-brd9c,linkerd-proxy,725.694
577,5,client5,client5-7d5ff7f8b4-brd9c,linkerd-init,0.0
578,5,client12,client12-79bc8d5846-zzqc9,linkerd-init,0.0
579,5,client16,client16-6dc7f87f54-6ds2v,client16,834.0329999999999
580,5,client16,client16-6dc7f87f54-6ds2v,linkerd-init,0.0
581,5,client16,client16-6dc7f87f54-6ds2v,linkerd-proxy,833.8349999999996
582,5,client16,client16-6dc7f87f54-6ds2v,sidecar,832.3739999999989
583,5,client2,client2-86cd6d8cf7-fhcn2,sidecar,858.8069999999998
584,5,client2,client2-86cd6d8cf7-fhcn2,linkerd-proxy,860.433
585,5,client2,client2-86cd6d8cf7-fhcn2,client2,860.5439999999999
586,5,client2,client2-86cd6d8cf7-fhcn2,linkerd-init,0.0
587,5,client3,client3-58c68898cd-bdhkm,linkerd-init,0.0
588,5,client3,client3-58c68898cd-bdhkm,linkerd-proxy,849.264000000001
589,5,client3,client3-58c68898cd-bdhkm,client3,849.2640000000001
590,5,client3,client3-58c68898cd-bdhkm,sidecar,846.7199999999993
591,5,client18,client18-69db77c748-zd2nw,sidecar,869.049
592,5,client18,client18-69db77c748-zd2nw,client18,871.0830000000005
593,5,client18,client18-69db77c748-zd2nw,linkerd-proxy,870.7380000000012
594,5,client18,client18-69db77c748-zd2nw,linkerd-init,0.0
595,5,client7,client7-544486cc98-9868c,linkerd-init,0.0
596,5,client7,client7-544486cc98-9868c,sidecar,873.6809999999996
597,5,client7,client7-544486cc98-9868c,client7,875.222999999999
598,5,client7,client7-544486cc98-9868c,linkerd-proxy,874.9380000000001
599,5,client11,client11-565c48c7c7-lw7gs,client11,842.9790000000003
600,5,client11,client11-565c48c7c7-lw7gs,sidecar,841.3620000000001
601,5,client11,client11-565c48c7c7-lw7gs,linkerd-init,0.0
602,5,client11,client11-565c48c7c7-lw7gs,linkerd-proxy,842.835
603,5,client19,client19-56fccdb4d9-wjnk9,sidecar,914.4719999999998
604,5,client19,client19-56fccdb4d9-wjnk9,linkerd-init,0.0
605,5,client19,client19-56fccdb4d9-wjnk9,client19,916.2389999999996
606,5,client19,client19-56fccdb4d9-wjnk9,linkerd-proxy,916.0679999999993
607,5,client1,client1-7b9db886dd-jbg8t,linkerd-init,0.0
608,5,client1,client1-7b9db886dd-jbg8t,linkerd-proxy,733.6109999999999
609,5,client13,client13-7bf86f4f87-hcszg,sidecar,511.509
610,5,client13,client13-7bf86f4f87-hcszg,client13,663.7350000000001
611,5,client13,client13-7bf86f4f87-hcszg,linkerd-proxy,661.1909999999998
612,5,client13,client13-7bf86f4f87-hcszg,linkerd-init,0.0
613,5,client20,client20-65f8864f77-vk8dc,client20,697.152000000001
614,5,client20,client20-65f8864f77-vk8dc,linkerd-proxy,697.0619999999999
615,5,client20,client20-65f8864f77-vk8dc,sidecar,633.7020000000007
616,5,client20,client20-65f8864f77-vk8dc,linkerd-init,0.0
617,5,server,server-656f98b57f-sk96x,linkerd-proxy,479.2829999999999
618,5,server,server-656f98b57f-sk96x,linkerd-init,0.0
619,5,client8,client8-5845965f99-9c4w8,sidecar,668.9219999999996
620,5,client8,client8-5845965f99-9c4w8,linkerd-init,0.0
621,5,client8,client8-5845965f99-9c4w8,client8,737.1420000000007
622,5,client8,client8-5845965f99-9c4w8,linkerd-proxy,736.8870000000006
623,5,client14,client14-856b5b5576-drb54,linkerd-proxy,679.7130000000002
624,5,client14,client14-856b5b5576-drb54,sidecar,678.3839999999996
625,5,client14,client14-856b5b5576-drb54,linkerd-init,0.0
626,5,client14,client14-856b5b5576-drb54,client14,679.9170000000008
627,5,client10,client10-694b6b97b4-9qcj5,client10,669.4439999999995
628,5,client10,client10-694b6b97b4-9qcj5,sidecar,620.9549999999999
629,5,client10,client10-694b6b97b4-9qcj5,linkerd-init,0.0
630,5,client10,client10-694b6b97b4-9qcj5,linkerd-proxy,669.5909999999999
631,5,orchestrator,policy-enforcer-cb8dccbd8-6vw8c,policy-enforcer,235.38599999999997
632,5,orchestrator,orchestrator-555f7b7c9d-6h49d,linkerd-proxy,344.86500000000024
633,5,orchestrator,policy-enforcer-cb8dccbd8-6vw8c,linkerd-init,0.0
634,5,api-gateway,api-gateway-6bf76d45b7-9lchh,linkerd-init,0.0
635,5,orchestrator,policy-enforcer-cb8dccbd8-6vw8c,linkerd-proxy,344.68499999999995
636,5,orchestrator,policy-enforcer-cb8dccbd8-6vw8c,sidecar,318.4709999999998
637,5,orchestrator,orchestrator-555f7b7c9d-6h49d,linkerd-init,0.0
638,5,api-gateway,api-gateway-6bf76d45b7-9lchh,linkerd-proxy,362.95799999999963
639,5,client6,client6-785d875985-jhrvw,client6,728.6429999999991
640,5,client6,client6-785d875985-jhrvw,sidecar,726.3389999999999
641,5,client6,client6-785d875985-jhrvw,linkerd-proxy,728.4030000000002
642,5,client6,client6-785d875985-jhrvw,linkerd-init,0.0
643,5,client4,client4-744474fb99-gl9r2,linkerd-proxy,726.3929999999991
644,5,client4,client4-744474fb99-gl9r2,sidecar,724.4489999999996
645,5,client4,client4-744474fb99-gl9r2,client4,726.4979999999996
646,5,client17,client17-69b85b5ccf-dvz4t,sidecar,545.2619999999997
647,5,client17,client17-69b85b5ccf-dvz4t,client17,585.2400000000007
648,5,client17,client17-69b85b5ccf-dvz4t,linkerd-proxy,581.6909999999998
649,5,client15,client15-79c969ddf-sh5bw,client15,886.8089999999997
650,5,client15,client15-79c969ddf-sh5bw,linkerd-proxy,886.4999999999991
651,5,client15,client15-79c969ddf-sh5bw,sidecar,885.0299999999997
652,5,client9,client9-d68fb99b4-k9vg6,sidecar,715.6949999999997
653,5,client9,client9-d68fb99b4-k9vg6,client9,759.5819999999999
654,5,client9,client9-d68fb99b4-k9vg6,linkerd-proxy,759.8309999999997
655,5,client12,client12-79bc8d5846-zzqc9,sidecar,601.5030000000002
656,5,client12,client12-79bc8d5846-zzqc9,client12,934.5330000000008
657,5,client12,client12-79bc8d5846-zzqc9,linkerd-proxy,934.4490000000005
658,5,client1,client1-7b9db886dd-jbg8t,client1,734.4630000000002
659,5,client1,client1-7b9db886dd-jbg8t,sidecar,647.4300000000003
660,5,server,server-656f98b57f-sk96x,sidecar,442.6949999999997
661,5,server,server-656f98b57f-sk96x,server,498.5070000000005
662,5,api-gateway,api-gateway-6bf76d45b7-9lchh,api-gateway,364.1880000000001
663,5,orchestrator,orchestrator-555f7b7c9d-6h49d,orchestrator,199.731
664,5,api-gateway,api-gateway-6bf76d45b7-9lchh,sidecar,250.6289999999999
665,5,orchestrator,orchestrator-555f7b7c9d-6h49d,sidecar,275.8199999999997
666,5,client1,maurits-dijk-6f807020client11-64jrn,hfl-train,757.7939999999999
667,5,client1,maurits-dijk-6f807020client11-64jrn,hfl-train-model,727.9589999999998
668,5,client1,maurits-dijk-6f807020client11-64jrn,sidecar,616.0320000000002
669,5,client13,maurits-dijk-6f807020client131-84w9z,hfl-train,695.8530000000001
670,5,client13,maurits-dijk-6f807020client131-84w9z,hfl-train-model,657.8160000000003
671,5,client13,maurits-dijk-6f807020client131-84w9z,sidecar,523.1399999999999
672,5,server,maurits-dijk-6f807020server1-7wfjx,hfl-train-model,795.9839999999995
673,5,server,maurits-dijk-6f807020server1-7wfjx,hfl-train,475.73099999999977
674,5,server,maurits-dijk-6f807020server1-7wfjx,sidecar,396.27000000000044
675,5,client17,maurits-dijk-6f807020client171-twl6l,hfl-train,609.8399999999992
676,5,client17,maurits-dijk-6f807020client171-twl6l,sidecar,463.40399999999954
677,5,client17,maurits-dijk-6f807020client171-twl6l,hfl-train-model,578.8410000000003
678,5,client9,maurits-dijk-6f807020client91-5jv2l,hfl-train-model,753.7769999999991
679,5,client9,maurits-dijk-6f807020client91-5jv2l,hfl-train,786.8850000000002
680,5,client9,maurits-dijk-6f807020client91-5jv2l,sidecar,574.8269999999998
681,5,client5,maurits-dijk-6f807020client51-vm9l9,hfl-train,748.3439999999996
682,5,client5,maurits-dijk-6f807020client51-vm9l9,hfl-train-model,723.3449999999998
683,5,client5,maurits-dijk-6f807020client51-vm9l9,sidecar,646.9169999999999
684,6,client4,client4-744474fb99-gl9r2,linkerd-init,0.0
685,6,client17,client17-69b85b5ccf-dvz4t,linkerd-init,0.0
686,6,client15,client15-79c969ddf-sh5bw,linkerd-init,0.0
687,6,client9,client9-d68fb99b4-k9vg6,linkerd-init,0.0
688,6,client5,client5-7d5ff7f8b4-brd9c,sidecar,517.4249999999997
689,6,client5,client5-7d5ff7f8b4-brd9c,client5,622.8030000000008
690,6,client5,client5-7d5ff7f8b4-brd9c,linkerd-proxy,619.4700000000003
691,6,client5,client5-7d5ff7f8b4-brd9c,linkerd-init,0.0
692,6,client12,client12-79bc8d5846-zzqc9,linkerd-init,0.0
693,6,client16,client16-6dc7f87f54-6ds2v,client16,676.6679999999997
694,6,client16,client16-6dc7f87f54-6ds2v,linkerd-init,0.0
695,6,client16,client16-6dc7f87f54-6ds2v,linkerd-proxy,676.4250000000002
696,6,client16,client16-6dc7f87f54-6ds2v,sidecar,675.1890000000012
697,6,client2,client2-86cd6d8cf7-fhcn2,sidecar,701.9850000000006
698,6,client2,client2-86cd6d8cf7-fhcn2,linkerd-proxy,703.3019999999988
699,6,client2,client2-86cd6d8cf7-fhcn2,client2,703.4850000000006
700,6,client2,client2-86cd6d8cf7-fhcn2,linkerd-init,0.0
701,6,client3,client3-58c68898cd-bdhkm,linkerd-init,0.0
702,6,client3,client3-58c68898cd-bdhkm,linkerd-proxy,687.1049999999996
703,6,client3,client3-58c68898cd-bdhkm,client3,687.1349999999993
704,6,client3,client3-58c68898cd-bdhkm,sidecar,684.8789999999999
705,6,client18,client18-69db77c748-zd2nw,sidecar,702.1800000000003
706,6,client18,client18-69db77c748-zd2nw,client18,703.6589999999997
707,6,client18,client18-69db77c748-zd2nw,linkerd-proxy,703.4430000000002
708,6,client18,client18-69db77c748-zd2nw,linkerd-init,0.0
709,6,client7,client7-544486cc98-9868c,linkerd-init,0.0
710,6,client7,client7-544486cc98-9868c,sidecar,734.4719999999988
711,6,client7,client7-544486cc98-9868c,client7,735.8760000000002
712,6,client7,client7-544486cc98-9868c,linkerd-proxy,735.5159999999996
713,6,client11,client11-565c48c7c7-lw7gs,client11,761.6249999999991
714,6,client11,client11-565c48c7c7-lw7gs,sidecar,760.3409999999994
715,6,client11,client11-565c48c7c7-lw7gs,linkerd-init,0.0
716,6,client11,client11-565c48c7c7-lw7gs,linkerd-proxy,761.3429999999998
717,6,client19,client19-56fccdb4d9-wjnk9,sidecar,680.661000000001
718,6,client19,client19-56fccdb4d9-wjnk9,linkerd-init,0.0
719,6,client19,client19-56fccdb4d9-wjnk9,client19,682.197000000001
720,6,client19,client19-56fccdb4d9-wjnk9,linkerd-proxy,682.0020000000004
721,6,client1,client1-7b9db886dd-jbg8t,linkerd-init,0.0
722,6,client1,client1-7b9db886dd-jbg8t,linkerd-proxy,660.1440000000002
723,6,client13,client13-7bf86f4f87-hcszg,sidecar,629.7840000000001
724,6,client13,client13-7bf86f4f87-hcszg,client13,763.8599999999997
725,6,client13,client13-7bf86f4f87-hcszg,linkerd-proxy,759.8220000000001
726,6,client13,client13-7bf86f4f87-hcszg,linkerd-init,0.0
727,6,client20,client20-65f8864f77-vk8dc,client20,788.6549999999997
728,6,client20,client20-65f8864f77-vk8dc,linkerd-proxy,788.3460000000005
729,6,client20,client20-65f8864f77-vk8dc,sidecar,697.6019999999999
730,6,client20,client20-65f8864f77-vk8dc,linkerd-init,0.0
731,6,server,server-656f98b57f-sk96x,linkerd-proxy,603.6299999999997
732,6,server,server-656f98b57f-sk96x,linkerd-init,0.0
733,6,client8,client8-5845965f99-9c4w8,sidecar,783.1950000000006
734,6,client8,client8-5845965f99-9c4w8,linkerd-init,0.0
735,6,client8,client8-5845965f99-9c4w8,client8,866.8499999999995
736,6,client8,client8-5845965f99-9c4w8,linkerd-proxy,866.4869999999992
737,6,client14,client14-856b5b5576-drb54,linkerd-proxy,808.271999999999
738,6,client14,client14-856b5b5576-drb54,sidecar,806.6189999999997
739,6,client14,client14-856b5b5576-drb54,linkerd-init,0.0
740,6,client14,client14-856b5b5576-drb54,client14,808.4579999999996
741,6,client10,client10-694b6b97b4-9qcj5,client10,800.2260000000006
742,6,client10,client10-694b6b97b4-9qcj5,sidecar,721.8690000000006
743,6,client10,client10-694b6b97b4-9qcj5,linkerd-init,0.0
744,6,client10,client10-694b6b97b4-9qcj5,linkerd-proxy,800.2079999999996
745,6,orchestrator,policy-enforcer-cb8dccbd8-6vw8c,policy-enforcer,259.1039999999998
746,6,orchestrator,orchestrator-555f7b7c9d-6h49d,linkerd-proxy,334.89300000000003
747,6,orchestrator,policy-enforcer-cb8dccbd8-6vw8c,linkerd-init,0.0
748,6,api-gateway,api-gateway-6bf76d45b7-9lchh,linkerd-init,0.0
749,6,orchestrator,policy-enforcer-cb8dccbd8-6vw8c,linkerd-proxy,334.92599999999993
750,6,orchestrator,policy-enforcer-cb8dccbd8-6vw8c,sidecar,334.1999999999998
751,6,orchestrator,orchestrator-555f7b7c9d-6h49d,linkerd-init,0.0
752,6,api-gateway,api-gateway-6bf76d45b7-9lchh,linkerd-proxy,353.7180000000003
753,6,client6,client6-785d875985-jhrvw,client6,782.478000000001
754,6,client6,client6-785d875985-jhrvw,sidecar,780.6000000000004
755,6,client6,client6-785d875985-jhrvw,linkerd-proxy,782.3280000000004
756,6,client6,client6-785d875985-jhrvw,linkerd-init,0.0
757,6,client4,client4-744474fb99-gl9r2,linkerd-proxy,811.5750000000007
758,6,client4,client4-744474fb99-gl9r2,sidecar,809.5529999999999
759,6,client4,client4-744474fb99-gl9r2,client4,811.8299999999999
760,6,client17,client17-69b85b5ccf-dvz4t,sidecar,576.7500000000005
761,6,client17,client17-69b85b5ccf-dvz4t,client17,594.521999999999
762,6,client17,client17-69b85b5ccf-dvz4t,linkerd-proxy,593.5230000000001
763,6,client15,client15-79c969ddf-sh5bw,client15,630.7349999999997
764,6,client15,client15-79c969ddf-sh5bw,linkerd-proxy,630.4800000000005
765,6,client15,client15-79c969ddf-sh5bw,sidecar,629.2410000000009
766,6,client9,client9-d68fb99b4-k9vg6,sidecar,591.9720000000007
767,6,client9,client9-d68fb99b4-k9vg6,client9,643.5330000000004
768,6,client9,client9-d68fb99b4-k9vg6,linkerd-proxy,641.9099999999999
769,6,client12,client12-79bc8d5846-zzqc9,sidecar,588.1019999999999
770,6,client12,client12-79bc8d5846-zzqc9,client12,695.012999999999
771,6,client12,client12-79bc8d5846-zzqc9,linkerd-proxy,694.9229999999989
772,6,client1,client1-7b9db886dd-jbg8t,client1,659.6670000000004
773,6,client1,client1-7b9db886dd-jbg8t,sidecar,644.0459999999998
774,6,server,server-656f98b57f-sk96x,sidecar,563.6400000000003
775,6,server,server-656f98b57f-sk96x,server,622.3619999999996
776,6,api-gateway,api-gateway-6bf76d45b7-9lchh,api-gateway,361.7249999999999
777,6,orchestrator,orchestrator-555f7b7c9d-6h49d,orchestrator,169.029
778,6,api-gateway,api-gateway-6bf76d45b7-9lchh,sidecar,261.7860000000005
779,6,orchestrator,orchestrator-555f7b7c9d-6h49d,sidecar,257.31600000000026
780,6,client1,maurits-dijk-6f807020client11-64jrn,hfl-train,680.4719999999998
781,6,client1,maurits-dijk-6f807020client11-64jrn,hfl-train-model,653.3160000000007
782,6,client1,maurits-dijk-6f807020client11-64jrn,sidecar,528.8009999999999
783,6,client13,maurits-dijk-6f807020client131-84w9z,hfl-train,792.8910000000005
784,6,client13,maurits-dijk-6f807020client131-84w9z,hfl-train-model,756.2370000000001
785,6,client13,maurits-dijk-6f807020client131-84w9z,sidecar,636.1260000000007
786,6,server,maurits-dijk-6f807020server1-7wfjx,hfl-train-model,859.8870000000006
787,6,server,maurits-dijk-6f807020server1-7wfjx,hfl-train,598.3229999999999
788,6,server,maurits-dijk-6f807020server1-7wfjx,sidecar,471.933
789,6,client17,maurits-dijk-6f807020client171-twl6l,hfl-train,618.4050000000007
790,6,client17,maurits-dijk-6f807020client171-twl6l,sidecar,475.97100000000046
791,6,client17,maurits-dijk-6f807020client171-twl6l,hfl-train-model,590.7839999999997
792,6,client9,maurits-dijk-6f807020client91-5jv2l,hfl-train-model,637.6949999999997
793,6,client9,maurits-dijk-6f807020client91-5jv2l,hfl-train,671.4719999999998
794,6,client9,maurits-dijk-6f807020client91-5jv2l,sidecar,581.2440000000001
795,6,client5,maurits-dijk-6f807020client51-vm9l9,hfl-train,642.8970000000008
796,6,client5,maurits-dijk-6f807020client51-vm9l9,hfl-train-model,616.6379999999999
797,6,client5,maurits-dijk-6f807020client51-vm9l9,sidecar,547.2959999999998
798,7,client4,client4-744474fb99-gl9r2,linkerd-init,0.0
799,7,client17,client17-69b85b5ccf-dvz4t,linkerd-init,0.0
800,7,client15,client15-79c969ddf-sh5bw,linkerd-init,0.0
801,7,client9,client9-d68fb99b4-k9vg6,linkerd-init,0.0
802,7,client5,client5-7d5ff7f8b4-brd9c,sidecar,488.84100000000035
803,7,client5,client5-7d5ff7f8b4-brd9c,client5,661.6979999999994
804,7,client5,client5-7d5ff7f8b4-brd9c,linkerd-proxy,658.9650000000001
805,7,client5,client5-7d5ff7f8b4-brd9c,linkerd-init,0.0
806,7,client12,client12-79bc8d5846-zzqc9,linkerd-init,0.0
807,7,client16,client16-6dc7f87f54-6ds2v,client16,686.4000000000005
808,7,client16,client16-6dc7f87f54-6ds2v,linkerd-init,0.0
809,7,client16,client16-6dc7f87f54-6ds2v,linkerd-proxy,686.1570000000011
810,7,client16,client16-6dc7f87f54-6ds2v,sidecar,684.933
811,7,client2,client2-86cd6d8cf7-fhcn2,sidecar,695.6459999999988
812,7,client2,client2-86cd6d8cf7-fhcn2,linkerd-proxy,696.9360000000006
813,7,client2,client2-86cd6d8cf7-fhcn2,client2,697.088999999999
814,7,client2,client2-86cd6d8cf7-fhcn2,linkerd-init,0.0
815,7,client3,client3-58c68898cd-bdhkm,linkerd-init,0.0
816,7,client3,client3-58c68898cd-bdhkm,linkerd-proxy,707.0099999999993
817,7,client3,client3-58c68898cd-bdhkm,client3,707.0280000000002
818,7,client3,client3-58c68898cd-bdhkm,sidecar,704.8260000000009
819,7,client18,client18-69db77c748-zd2nw,sidecar,679.7489999999998
820,7,client18,client18-69db77c748-zd2nw,client18,681.1859999999997
821,7,client18,client18-69db77c748-zd2nw,linkerd-proxy,681.1049999999987
822,7,client18,client18-69db77c748-zd2nw,linkerd-init,0.0
823,7,client7,client7-544486cc98-9868c,linkerd-init,0.0
824,7,client7,client7-544486cc98-9868c,sidecar,751.7460000000001
825,7,client7,client7-544486cc98-9868c,client7,753.2129999999997
826,7,client7,client7-544486cc98-9868c,linkerd-proxy,752.8380000000006
827,7,client11,client11-565c48c7c7-lw7gs,client11,794.6130000000003
828,7,client11,client11-565c48c7c7-lw7gs,sidecar,793.3410000000003
829,7,client11,client11-565c48c7c7-lw7gs,linkerd-init,0.0
830,7,client11,client11-565c48c7c7-lw7gs,linkerd-proxy,794.3700000000008
831,7,client19,client19-56fccdb4d9-wjnk9,sidecar,685.4639999999999
832,7,client19,client19-56fccdb4d9-wjnk9,linkerd-init,0.0
833,7,client19,client19-56fccdb4d9-wjnk9,client19,687.0359999999991
834,7,client19,client19-56fccdb4d9-wjnk9,linkerd-proxy,686.7299999999996
835,7,client1,client1-7b9db886dd-jbg8t,linkerd-init,0.0
836,7,client1,client1-7b9db886dd-jbg8t,linkerd-proxy,753.1319999999996
837,7,client13,client13-7bf86f4f87-hcszg,sidecar,531.6480000000001
838,7,client13,client13-7bf86f4f87-hcszg,client13,644.3369999999995
839,7,client13,client13-7bf86f4f87-hcszg,linkerd-proxy,640.3919999999998
840,7,client13,client13-7bf86f4f87-hcszg,linkerd-init,0.0
841,7,client20,client20-65f8864f77-vk8dc,client20,670.6319999999996
842,7,client20,client20-65f8864f77-vk8dc,linkerd-proxy,670.4639999999999
843,7,client20,client20-65f8864f77-vk8dc,sidecar,569.213999999999
844,7,client20,client20-65f8864f77-vk8dc,linkerd-init,0.0
845,7,server,server-656f98b57f-sk96x,linkerd-proxy,489.5279999999998
846,7,server,server-656f98b57f-sk96x,linkerd-init,0.0
847,7,client8,client8-5845965f99-9c4w8,sidecar,607.5990000000002
848,7,client8,client8-5845965f99-9c4w8,linkerd-init,0.0
849,7,client8,client8-5845965f99-9c4w8,client8,676.4040000000005
850,7,client8,client8-5845965f99-9c4w8,linkerd-proxy,676.0590000000011
851,7,client14,client14-856b5b5576-drb54,linkerd-proxy,732.3180000000011
852,7,client14,client14-856b5b5576-drb54,sidecar,731.0460000000003
853,7,client14,client14-856b5b5576-drb54,linkerd-init,0.0
854,7,client14,client14-856b5b5576-drb54,client14,732.6480000000001
855,7,client10,client10-694b6b97b4-9qcj5,client10,630.3540000000003
856,7,client10,client10-694b6b97b4-9qcj5,sidecar,562.6919999999991
857,7,client10,client10-694b6b97b4-9qcj5,linkerd-init,0.0
858,7,client10,client10-694b6b97b4-9qcj5,linkerd-proxy,630.3540000000003
859,7,orchestrator,policy-enforcer-cb8dccbd8-6vw8c,policy-enforcer,317.808
860,7,orchestrator,orchestrator-555f7b7c9d-6h49d,linkerd-proxy,412.7519999999995
861,7,orchestrator,policy-enforcer-cb8dccbd8-6vw8c,linkerd-init,0.0
862,7,api-gateway,api-gateway-6bf76d45b7-9lchh,linkerd-init,0.0
863,7,orchestrator,policy-enforcer-cb8dccbd8-6vw8c,linkerd-proxy,412.65899999999965
864,7,orchestrator,policy-enforcer-cb8dccbd8-6vw8c,sidecar,411.78300000000036
865,7,orchestrator,orchestrator-555f7b7c9d-6h49d,linkerd-init,0.0
866,7,api-gateway,api-gateway-6bf76d45b7-9lchh,linkerd-proxy,432.33899999999994
867,7,client6,client6-785d875985-jhrvw,client6,868.9440000000004
868,7,client6,client6-785d875985-jhrvw,sidecar,866.2110000000002
869,7,client6,client6-785d875985-jhrvw,linkerd-proxy,868.719
870,7,client6,client6-785d875985-jhrvw,linkerd-init,0.0
871,7,client4,client4-744474fb99-gl9r2,linkerd-proxy,831.5730000000003
872,7,client4,client4-744474fb99-gl9r2,sidecar,829.1279999999997
873,7,client4,client4-744474fb99-gl9r2,client4,831.6179999999995
874,7,client17,client17-69b85b5ccf-dvz4t,sidecar,720.3419999999996
875,7,client17,client17-69b85b5ccf-dvz4t,client17,769.4220000000005
876,7,client17,client17-69b85b5ccf-dvz4t,linkerd-proxy,765.8160000000007
877,7,client15,client15-79c969ddf-sh5bw,client15,900.5100000000002
878,7,client15,client15-79c969ddf-sh5bw,linkerd-proxy,900.1560000000009
879,7,client15,client15-79c969ddf-sh5bw,sidecar,898.7129999999988
880,7,client9,client9-d68fb99b4-k9vg6,sidecar,582.8940000000002
881,7,client9,client9-d68fb99b4-k9vg6,client9,645.1859999999997
882,7,client9,client9-d68fb99b4-k9vg6,linkerd-proxy,644.0159999999996
883,7,client12,client12-79bc8d5846-zzqc9,sidecar,575.1539999999995
884,7,client12,client12-79bc8d5846-zzqc9,client12,693.5280000000002
885,7,client12,client12-79bc8d5846-zzqc9,linkerd-proxy,693.5520000000006
886,7,client1,client1-7b9db886dd-jbg8t,client1,754.4279999999999
887,7,client1,client1-7b9db886dd-jbg8t,sidecar,719.7420000000002
888,7,server,server-656f98b57f-sk96x,sidecar,464.97900000000027
889,7,server,server-656f98b57f-sk96x,server,501.16499999999996
890,7,api-gateway,api-gateway-6bf76d45b7-9lchh,api-gateway,446.4210000000003
891,7,orchestrator,orchestrator-555f7b7c9d-6h49d,orchestrator,224.26499999999987
892,7,api-gateway,api-gateway-6bf76d45b7-9lchh,sidecar,327.50999999999976
893,7,orchestrator,orchestrator-555f7b7c9d-6h49d,sidecar,328.30499999999984
894,7,client1,maurits-dijk-6f807020client11-64jrn,hfl-train,778.491
895,7,client1,maurits-dijk-6f807020client11-64jrn,hfl-train-model,746.7659999999996
896,7,client1,maurits-dijk-6f807020client11-64jrn,sidecar,652.1099999999997
897,7,client13,maurits-dijk-6f807020client131-84w9z,hfl-train,678.4589999999989
898,7,client13,maurits-dijk-6f807020client131-84w9z,hfl-train-model,637.2539999999999
899,7,client13,maurits-dijk-6f807020client131-84w9z,sidecar,551.1839999999993
900,7,server,maurits-dijk-6f807020server1-7wfjx,hfl-train-model,809.2049999999999
901,7,server,maurits-dijk-6f807020server1-7wfjx,hfl-train,485.84699999999975
902,7,server,maurits-dijk-6f807020server1-7wfjx,sidecar,434.1809999999996
903,7,client17,maurits-dijk-6f807020client171-twl6l,hfl-train,789.9629999999997
904,7,client17,maurits-dijk-6f807020client171-twl6l,sidecar,677.3969999999995
905,7,client17,maurits-dijk-6f807020client171-twl6l,hfl-train-model,763.3859999999995
906,7,client9,maurits-dijk-6f807020client91-5jv2l,hfl-train-model,639.6030000000001
907,7,client9,maurits-dijk-6f807020client91-5jv2l,hfl-train,666.8490000000002
908,7,client9,maurits-dijk-6f807020client91-5jv2l,sidecar,589.9949999999994
909,7,client5,maurits-dijk-6f807020client51-vm9l9,hfl-train,681.5909999999994
910,7,client5,maurits-dijk-6f807020client51-vm9l9,hfl-train-model,656.9880000000003
911,7,client5,maurits-dijk-6f807020client51-vm9l9,sidecar,561.8549999999996
912,8,client4,client4-744474fb99-gl9r2,linkerd-init,0.0
913,8,client17,client17-69b85b5ccf-dvz4t,linkerd-init,0.0
914,8,client15,client15-79c969ddf-sh5bw,linkerd-init,0.0
915,8,client9,client9-d68fb99b4-k9vg6,linkerd-init,0.0
916,8,client5,client5-7d5ff7f8b4-brd9c,sidecar,613.7039999999997
917,8,client5,client5-7d5ff7f8b4-brd9c,client5,802.1610000000001
918,8,client5,client5-7d5ff7f8b4-brd9c,linkerd-proxy,799.1819999999998
919,8,client5,client5-7d5ff7f8b4-brd9c,linkerd-init,0.0
920,8,client12,client12-79bc8d5846-zzqc9,linkerd-init,0.0
921,8,client16,client16-6dc7f87f54-6ds2v,client16,869.0520000000006
922,8,client16,client16-6dc7f87f54-6ds2v,linkerd-init,0.0
923,8,client16,client16-6dc7f87f54-6ds2v,linkerd-proxy,868.8509999999997
924,8,client16,client16-6dc7f87f54-6ds2v,sidecar,867.3449999999993
925,8,client2,client2-86cd6d8cf7-fhcn2,sidecar,881.0910000000003
926,8,client2,client2-86cd6d8cf7-fhcn2,linkerd-proxy,882.6959999999999
927,8,client2,client2-86cd6d8cf7-fhcn2,client2,882.9300000000003
928,8,client2,client2-86cd6d8cf7-fhcn2,linkerd-init,0.0
929,8,client3,client3-58c68898cd-bdhkm,linkerd-init,0.0
930,8,client3,client3-58c68898cd-bdhkm,linkerd-proxy,905.3760000000002
931,8,client3,client3-58c68898cd-bdhkm,client3,905.4210000000003
932,8,client3,client3-58c68898cd-bdhkm,sidecar,902.8739999999998
933,8,client18,client18-69db77c748-zd2nw,sidecar,816.6839999999993
934,8,client18,client18-69db77c748-zd2nw,client18,818.3609999999999
935,8,client18,client18-69db77c748-zd2nw,linkerd-proxy,818.2710000000006
936,8,client18,client18-69db77c748-zd2nw,linkerd-init,0.0
937,8,client7,client7-544486cc98-9868c,linkerd-init,0.0
938,8,client7,client7-544486cc98-9868c,sidecar,981.2550000000001
939,8,client7,client7-544486cc98-9868c,client7,982.9769999999999
940,8,client7,client7-544486cc98-9868c,linkerd-proxy,982.6319999999996
941,8,client11,client11-565c48c7c7-lw7gs,client11,846.384
942,8,client11,client11-565c48c7c7-lw7gs,sidecar,844.7820000000002
943,8,client11,client11-565c48c7c7-lw7gs,linkerd-init,0.0
944,8,client11,client11-565c48c7c7-lw7gs,linkerd-proxy,846.1769999999997
945,8,client19,client19-56fccdb4d9-wjnk9,sidecar,854.0069999999996
946,8,client19,client19-56fccdb4d9-wjnk9,linkerd-init,0.0
947,8,client19,client19-56fccdb4d9-wjnk9,client19,855.594
948,8,client19,client19-56fccdb4d9-wjnk9,linkerd-proxy,855.5040000000008
949,8,client1,client1-7b9db886dd-jbg8t,linkerd-init,0.0
950,8,client1,client1-7b9db886dd-jbg8t,linkerd-proxy,782.4120000000003
951,8,client13,client13-7bf86f4f87-hcszg,sidecar,521.5259999999998
952,8,client13,client13-7bf86f4f87-hcszg,client13,633.2579999999998
953,8,client13,client13-7bf86f4f87-hcszg,linkerd-proxy,629.04
954,8,client13,client13-7bf86f4f87-hcszg,linkerd-init,0.0
955,8,client20,client20-65f8864f77-vk8dc,client20,698.2290000000003
956,8,client20,client20-65f8864f77-vk8dc,linkerd-proxy,698.094
957,8,client20,client20-65f8864f77-vk8dc,sidecar,635.1330000000007
958,8,client20,client20-65f8864f77-vk8dc,linkerd-init,0.0
959,8,server,server-656f98b57f-sk96x,linkerd-proxy,500.5020000000004
960,8,server,server-656f98b57f-sk96x,linkerd-init,0.0
961,8,client8,client8-5845965f99-9c4w8,sidecar,583.2059999999992
962,8,client8,client8-5845965f99-9c4w8,linkerd-init,0.0
963,8,client8,client8-5845965f99-9c4w8,client8,680.1660000000002
964,8,client8,client8-5845965f99-9c4w8,linkerd-proxy,679.9259999999995
965,8,client14,client14-856b5b5576-drb54,linkerd-proxy,685.9499999999998
966,8,client14,client14-856b5b5576-drb54,sidecar,684.603000000001
967,8,client14,client14-856b5b5576-drb54,linkerd-init,0.0
968,8,client14,client14-856b5b5576-drb54,client14,686.1449999999995
969,8,client10,client10-694b6b97b4-9qcj5,client10,749.7599999999993
970,8,client10,client10-694b6b97b4-9qcj5,sidecar,661.9830000000002
971,8,client10,client10-694b6b97b4-9qcj5,linkerd-init,0.0
972,8,client10,client10-694b6b97b4-9qcj5,linkerd-proxy,749.6190000000006
973,8,orchestrator,policy-enforcer-cb8dccbd8-6vw8c,policy-enforcer,251.80499999999984
974,8,orchestrator,orchestrator-555f7b7c9d-6h49d,linkerd-proxy,345.7440000000006
975,8,orchestrator,policy-enforcer-cb8dccbd8-6vw8c,linkerd-init,0.0
976,8,api-gateway,api-gateway-6bf76d45b7-9lchh,linkerd-init,0.0
977,8,orchestrator,policy-enforcer-cb8dccbd8-6vw8c,linkerd-proxy,345.77100000000064
978,8,orchestrator,policy-enforcer-cb8dccbd8-6vw8c,sidecar,344.98199999999997
979,8,orchestrator,orchestrator-555f7b7c9d-6h49d,linkerd-init,0.0
980,8,api-gateway,api-gateway-6bf76d45b7-9lchh,linkerd-proxy,364.4309999999996
981,8,client6,client6-785d875985-jhrvw,client6,800.918999999999
982,8,client6,client6-785d875985-jhrvw,sidecar,798.5819999999994
983,8,client6,client6-785d875985-jhrvw,linkerd-proxy,800.7539999999999
984,8,client6,client6-785d875985-jhrvw,linkerd-init,0.0
985,8,client4,client4-744474fb99-gl9r2,linkerd-proxy,721.5509999999995
986,8,client4,client4-744474fb99-gl9r2,sidecar,719.5650000000005
987,8,client4,client4-744474fb99-gl9r2,client4,721.6260000000011
988,8,client17,client17-69b85b5ccf-dvz4t,sidecar,708.2520000000004
989,8,client17,client17-69b85b5ccf-dvz4t,client17,715.5090000000009
990,8,client17,client17-69b85b5ccf-dvz4t,linkerd-proxy,710.7329999999993
991,8,client15,client15-79c969ddf-sh5bw,client15,652.6440000000002
992,8,client15,client15-79c969ddf-sh5bw,linkerd-proxy,652.3889999999992
993,8,client15,client15-79c969ddf-sh5bw,sidecar,651.1350000000002
994,8,client9,client9-d68fb99b4-k9vg6,sidecar,682.4489999999996
995,8,client9,client9-d68fb99b4-k9vg6,client9,766.71
996,8,client9,client9-d68fb99b4-k9vg6,linkerd-proxy,766.6140000000005
997,8,client12,client12-79bc8d5846-zzqc9,sidecar,772.2930000000006
998,8,client12,client12-79bc8d5846-zzqc9,client12,846.4920000000002
999,8,client12,client12-79bc8d5846-zzqc9,linkerd-proxy,846.4620000000004
1000,8,client1,client1-7b9db886dd-jbg8t,client1,783.723
1001,8,client1,client1-7b9db886dd-jbg8t,sidecar,745.3680000000004
1002,8,server,server-656f98b57f-sk96x,sidecar,485.82000000000016
1003,8,server,server-656f98b57f-sk96x,server,508.47000000000025
1004,8,api-gateway,api-gateway-6bf76d45b7-9lchh,api-gateway,368.7989999999995
1005,8,orchestrator,orchestrator-555f7b7c9d-6h49d,orchestrator,175.57499999999982
1006,8,api-gateway,api-gateway-6bf76d45b7-9lchh,sidecar,313.422
1007,8,orchestrator,orchestrator-555f7b7c9d-6h49d,sidecar,333.87599999999975
1008,8,client1,maurits-dijk-6f807020client11-64jrn,hfl-train,807.7230000000009
1009,8,client1,maurits-dijk-6f807020client11-64jrn,hfl-train-model,775.8990000000003
1010,8,client1,maurits-dijk-6f807020client11-64jrn,sidecar,660.6570000000002
1011,8,client13,maurits-dijk-6f807020client131-84w9z,hfl-train,661.6440000000002
1012,8,client13,maurits-dijk-6f807020client131-84w9z,hfl-train-model,625.6469999999999
1013,8,client13,maurits-dijk-6f807020client131-84w9z,sidecar,534.9720000000007
1014,8,server,maurits-dijk-6f807020server1-7wfjx,hfl-train-model,818.5619999999999
1015,8,server,maurits-dijk-6f807020server1-7wfjx,hfl-train,495.6149999999998
1016,8,server,maurits-dijk-6f807020server1-7wfjx,sidecar,438.12900000000036
1017,8,client17,maurits-dijk-6f807020client171-twl6l,hfl-train,735.8879999999999
1018,8,client17,maurits-dijk-6f807020client171-twl6l,sidecar,667.1220000000003
1019,8,client17,maurits-dijk-6f807020client171-twl6l,hfl-train-model,708.3150000000005
1020,8,client9,maurits-dijk-6f807020client91-5jv2l,hfl-train-model,761.4030000000002
1021,8,client9,maurits-dijk-6f807020client91-5jv2l,hfl-train,789.7799999999997
1022,8,client9,maurits-dijk-6f807020client91-5jv2l,sidecar,630.9540000000006
1023,8,client5,maurits-dijk-6f807020client51-vm9l9,hfl-train,822.3000000000002
1024,8,client5,maurits-dijk-6f807020client51-vm9l9,hfl-train-model,797.076
1025,8,client5,maurits-dijk-6f807020client51-vm9l9,sidecar,699.9630000000006
1026,9,client4,client4-744474fb99-gl9r2,linkerd-init,0.0
1027,9,client17,client17-69b85b5ccf-dvz4t,linkerd-init,0.0
1028,9,client15,client15-79c969ddf-sh5bw,linkerd-init,0.0
1029,9,client9,client9-d68fb99b4-k9vg6,linkerd-init,0.0
1030,9,client5,client5-7d5ff7f8b4-brd9c,sidecar,540.8909999999996
1031,9,client5,client5-7d5ff7f8b4-brd9c,client5,705.1140000000005
1032,9,client5,client5-7d5ff7f8b4-brd9c,linkerd-proxy,702.8609999999999
1033,9,client5,client5-7d5ff7f8b4-brd9c,linkerd-init,0.0
1034,9,client12,client12-79bc8d5846-zzqc9,linkerd-init,0.0
1035,9,client16,client16-6dc7f87f54-6ds2v,client16,695.9340000000002
1036,9,client16,client16-6dc7f87f54-6ds2v,linkerd-init,0.0
1037,9,client16,client16-6dc7f87f54-6ds2v,linkerd-proxy,695.8050000000003
1038,9,client16,client16-6dc7f87f54-6ds2v,sidecar,694.6199999999999
1039,9,client2,client2-86cd6d8cf7-fhcn2,sidecar,713.2349999999997
1040,9,client2,client2-86cd6d8cf7-fhcn2,linkerd-proxy,714.4650000000001
1041,9,client2,client2-86cd6d8cf7-fhcn2,client2,714.7439999999997
1042,9,client2,client2-86cd6d8cf7-fhcn2,linkerd-init,0.0
1043,9,client3,client3-58c68898cd-bdhkm,linkerd-init,0.0
1044,9,client3,client3-58c68898cd-bdhkm,linkerd-proxy,703.7520000000004
1045,9,client3,client3-58c68898cd-bdhkm,client3,703.7999999999993
1046,9,client3,client3-58c68898cd-bdhkm,sidecar,701.6099999999997
1047,9,client18,client18-69db77c748-zd2nw,sidecar,715.3170000000009
1048,9,client18,client18-69db77c748-zd2nw,client18,716.808
1049,9,client18,client18-69db77c748-zd2nw,linkerd-proxy,716.5829999999996
1050,9,client18,client18-69db77c748-zd2nw,linkerd-init,0.0
1051,9,client7,client7-544486cc98-9868c,linkerd-init,0.0
1052,9,client7,client7-544486cc98-9868c,sidecar,757.9260000000004
1053,9,client7,client7-544486cc98-9868c,client7,759.3899999999994
1054,9,client7,client7-544486cc98-9868c,linkerd-proxy,759.0450000000001
1055,9,client11,client11-565c48c7c7-lw7gs,client11,657.1710000000003
1056,9,client11,client11-565c48c7c7-lw7gs,sidecar,655.8420000000006
1057,9,client11,client11-565c48c7c7-lw7gs,linkerd-init,0.0
1058,9,client11,client11-565c48c7c7-lw7gs,linkerd-proxy,656.9489999999996
1059,9,client19,client19-56fccdb4d9-wjnk9,sidecar,663.4620000000004
1060,9,client19,client19-56fccdb4d9-wjnk9,linkerd-init,0.0
1061,9,client19,client19-56fccdb4d9-wjnk9,client19,664.9380000000001
1062,9,client19,client19-56fccdb4d9-wjnk9,linkerd-proxy,664.683
1063,9,client1,client1-7b9db886dd-jbg8t,linkerd-init,0.0
1064,9,client1,client1-7b9db886dd-jbg8t,linkerd-proxy,602.853000000001
1065,9,client13,client13-7bf86f4f87-hcszg,sidecar,642.3270000000002
1066,9,client13,client13-7bf86f4f87-hcszg,client13,738.4140000000007
1067,9,client13,client13-7bf86f4f87-hcszg,linkerd-proxy,733.6620000000003
1068,9,client13,client13-7bf86f4f87-hcszg,linkerd-init,0.0
1069,9,client20,client20-65f8864f77-vk8dc,client20,892.674
1070,9,client20,client20-65f8864f77-vk8dc,linkerd-proxy,892.3499999999995
1071,9,client20,client20-65f8864f77-vk8dc,sidecar,853.5959999999995
1072,9,client20,client20-65f8864f77-vk8dc,linkerd-init,0.0
1073,9,server,server-656f98b57f-sk96x,linkerd-proxy,577.3050000000003
1074,9,server,server-656f98b57f-sk96x,linkerd-init,0.0
1075,9,client8,client8-5845965f99-9c4w8,sidecar,643.398000000001
1076,9,client8,client8-5845965f99-9c4w8,linkerd-init,0.0
1077,9,client8,client8-5845965f99-9c4w8,client8,741.594
1078,9,client8,client8-5845965f99-9c4w8,linkerd-proxy,741.3690000000006
1079,9,client14,client14-856b5b5576-drb54,linkerd-proxy,729.9779999999992
1080,9,client14,client14-856b5b5576-drb54,sidecar,728.543999999999
1081,9,client14,client14-856b5b5576-drb54,linkerd-init,0.0
1082,9,client14,client14-856b5b5576-drb54,client14,730.1909999999998
1083,9,client10,client10-694b6b97b4-9qcj5,client10,682.8930000000009
1084,9,client10,client10-694b6b97b4-9qcj5,sidecar,577.0320000000002
1085,9,client10,client10-694b6b97b4-9qcj5,linkerd-init,0.0
1086,9,client10,client10-694b6b97b4-9qcj5,linkerd-proxy,682.7399999999998
1087,9,orchestrator,policy-enforcer-cb8dccbd8-6vw8c,policy-enforcer,246.68700000000035
1088,9,orchestrator,orchestrator-555f7b7c9d-6h49d,linkerd-proxy,334.8989999999999
1089,9,orchestrator,policy-enforcer-cb8dccbd8-6vw8c,linkerd-init,0.0
1090,9,api-gateway,api-gateway-6bf76d45b7-9lchh,linkerd-init,0.0
1091,9,orchestrator,policy-enforcer-cb8dccbd8-6vw8c,linkerd-proxy,334.9199999999996
1092,9,orchestrator,policy-enforcer-cb8dccbd8-6vw8c,sidecar,334.1220000000003
1093,9,orchestrator,orchestrator-555f7b7c9d-6h49d,linkerd-init,0.0
1094,9,api-gateway,api-gateway-6bf76d45b7-9lchh,linkerd-proxy,352.6170000000002
1095,9,client6,client6-785d875985-jhrvw,client6,718.482
1096,9,client6,client6-785d875985-jhrvw,sidecar,716.3009999999995
1097,9,client6,client6-785d875985-jhrvw,linkerd-proxy,718.1970000000001
1098,9,client6,client6-785d875985-jhrvw,linkerd-init,0.0
1099,9,client4,client4-744474fb99-gl9r2,linkerd-proxy,705.7860000000001
1100,9,client4,client4-744474fb99-gl9r2,sidecar,703.7939999999999
1101,9,client4,client4-744474fb99-gl9r2,client4,705.9210000000003
1102,9,client17,client17-69b85b5ccf-dvz4t,sidecar,616.3109999999997
1103,9,client17,client17-69b85b5ccf-dvz4t,client17,637.838999999999
1104,9,client17,client17-69b85b5ccf-dvz4t,linkerd-proxy,633.4049999999997
1105,9,client15,client15-79c969ddf-sh5bw,client15,800.8770000000004
1106,9,client15,client15-79c969ddf-sh5bw,linkerd-proxy,800.6460000000006
1107,9,client15,client15-79c969ddf-sh5bw,sidecar,799.4430000000002
1108,9,client9,client9-d68fb99b4-k9vg6,sidecar,557.0549999999994
1109,9,client9,client9-d68fb99b4-k9vg6,client9,629.0549999999994
1110,9,client9,client9-d68fb99b4-k9vg6,linkerd-proxy,626.6400000000003
1111,9,client12,client12-79bc8d5846-zzqc9,sidecar,642.4529999999995
1112,9,client12,client12-79bc8d5846-zzqc9,client12,672.156
1113,9,client12,client12-79bc8d5846-zzqc9,linkerd-proxy,672.2159999999994
1114,9,client1,client1-7b9db886dd-jbg8t,client1,604.0140000000001
1115,9,client1,client1-7b9db886dd-jbg8t,sidecar,587.1029999999992
1116,9,server,server-656f98b57f-sk96x,sidecar,527.0519999999997
1117,9,server,server-656f98b57f-sk96x,server,587.0639999999994
1118,9,api-gateway,api-gateway-6bf76d45b7-9lchh,api-gateway,353.6130000000003
1119,9,orchestrator,orchestrator-555f7b7c9d-6h49d,orchestrator,165.9720000000002
1120,9,api-gateway,api-gateway-6bf76d45b7-9lchh,sidecar,304.1099999999997
1121,9,orchestrator,orchestrator-555f7b7c9d-6h49d,sidecar,319.0170000000003
1122,9,client1,maurits-dijk-6f807020client11-64jrn,hfl-train,629.4929999999986
1123,9,client1,maurits-dijk-6f807020client11-64jrn,hfl-train-model,597.1289999999999
1124,9,client1,maurits-dijk-6f807020client11-64jrn,sidecar,530.1810000000005
1125,9,client13,maurits-dijk-6f807020client131-84w9z,hfl-train,768.4920000000002
1126,9,client13,maurits-dijk-6f807020client131-84w9z,hfl-train-model,730.1970000000001
1127,9,client13,maurits-dijk-6f807020client131-84w9z,sidecar,606.969
1128,9,server,maurits-dijk-6f807020server1-7wfjx,hfl-train-model,836.9130000000005
1129,9,server,maurits-dijk-6f807020server1-7wfjx,hfl-train,571.9590000000007
1130,9,server,maurits-dijk-6f807020server1-7wfjx,sidecar,483.3180000000002
1131,9,client17,maurits-dijk-6f807020client171-twl6l,hfl-train,662.223
1132,9,client17,maurits-dijk-6f807020client171-twl6l,sidecar,576.402
1133,9,client17,maurits-dijk-6f807020client171-twl6l,hfl-train-model,630.9089999999997
1134,9,client9,maurits-dijk-6f807020client91-5jv2l,hfl-train-model,621.8010000000004
1135,9,client9,maurits-dijk-6f807020client91-5jv2l,hfl-train,654.8879999999999
1136,9,client9,maurits-dijk-6f807020client91-5jv2l,sidecar,568.4159999999993
1137,9,client5,maurits-dijk-6f807020client51-vm9l9,hfl-train,725.643
1138,9,client5,maurits-dijk-6f807020client51-vm9l9,hfl-train-model,700.4969999999994
1139,9,client5,maurits-dijk-6f807020client51-vm9l9,sidecar,622.9259999999995
1140,10,client4,client4-744474fb99-gl9r2,linkerd-init,0.0
1141,10,client17,client17-69b85b5ccf-dvz4t,linkerd-init,0.0
1142,10,client15,client15-79c969ddf-sh5bw,linkerd-init,0.0
1143,10,client9,client9-d68fb99b4-k9vg6,linkerd-init,0.0
1144,10,client5,client5-7d5ff7f8b4-brd9c,sidecar,482.3790000000008
1145,10,client5,client5-7d5ff7f8b4-brd9c,client5,657.906
1146,10,client5,client5-7d5ff7f8b4-brd9c,linkerd-proxy,655.5209999999997
1147,10,client5,client5-7d5ff7f8b4-brd9c,linkerd-init,0.0
1148,10,client12,client12-79bc8d5846-zzqc9,linkerd-init,0.0
1149,10,client16,client16-6dc7f87f54-6ds2v,client16,706.0499999999993
1150,10,client16,client16-6dc7f87f54-6ds2v,linkerd-init,0.0
1151,10,client16,client16-6dc7f87f54-6ds2v,linkerd-proxy,705.8849999999984
1152,10,client16,client16-6dc7f87f54-6ds2v,sidecar,704.6279999999997
1153,10,client2,client2-86cd6d8cf7-fhcn2,sidecar,682.9260000000013
1154,10,client2,client2-86cd6d8cf7-fhcn2,linkerd-proxy,684.2849999999999
1155,10,client2,client2-86cd6d8cf7-fhcn2,client2,684.3930000000009
1156,10,client2,client2-86cd6d8cf7-fhcn2,linkerd-init,0.0
1157,10,client3,client3-58c68898cd-bdhkm,linkerd-init,0.0
1158,10,client3,client3-58c68898cd-bdhkm,linkerd-proxy,745.9049999999988
1159,10,client3,client3-58c68898cd-bdhkm,client3,745.6500000000015
1160,10,client3,client3-58c68898cd-bdhkm,sidecar,743.5110000000013
1161,10,client18,client18-69db77c748-zd2nw,sidecar,796.8989999999994
1162,10,client18,client18-69db77c748-zd2nw,client18,798.5279999999993
1163,10,client18,client18-69db77c748-zd2nw,linkerd-proxy,798.3840000000009
1164,10,client18,client18-69db77c748-zd2nw,linkerd-init,0.0
1165,10,client7,client7-544486cc98-9868c,linkerd-init,0.0
1166,10,client7,client7-544486cc98-9868c,sidecar,717.9809999999998
1167,10,client7,client7-544486cc98-9868c,client7,719.3580000000002
1168,10,client7,client7-544486cc98-9868c,linkerd-proxy,719.0879999999997
1169,10,client11,client11-565c48c7c7-lw7gs,client11,663.1499999999996
1170,10,client11,client11-565c48c7c7-lw7gs,sidecar,661.8479999999981
1171,10,client11,client11-565c48c7c7-lw7gs,linkerd-init,0.0
1172,10,client11,client11-565c48c7c7-lw7gs,linkerd-proxy,663.0630000000001
1173,10,client19,client19-56fccdb4d9-wjnk9,sidecar,689.7059999999992
1174,10,client19,client19-56fccdb4d9-wjnk9,linkerd-init,0.0
1175,10,client19,client19-56fccdb4d9-wjnk9,client19,691.1400000000003
1176,10,client19,client19-56fccdb4d9-wjnk9,linkerd-proxy,691.0470000000014
1177,10,client1,client1-7b9db886dd-jbg8t,linkerd-init,0.0
1178,10,client1,client1-7b9db886dd-jbg8t,linkerd-proxy,673.2329999999993
1179,10,client13,client13-7bf86f4f87-hcszg,sidecar,496.2419999999993
1180,10,client13,client13-7bf86f4f87-hcszg,client13,621.7170000000006
1181,10,client13,client13-7bf86f4f87-hcszg,linkerd-proxy,618.9389999999994
1182,10,client13,client13-7bf86f4f87-hcszg,linkerd-init,0.0
1183,10,client20,client20-65f8864f77-vk8dc,client20,716.2439999999997
1184,10,client20,client20-65f8864f77-vk8dc,linkerd-proxy,716.0130000000008
1185,10,client20,client20-65f8864f77-vk8dc,sidecar,714.6720000000005
1186,10,client20,client20-65f8864f77-vk8dc,linkerd-init,0.0
1187,10,server,server-656f98b57f-sk96x,linkerd-proxy,501.15899999999965
1188,10,server,server-656f98b57f-sk96x,linkerd-init,0.0
1189,10,client8,client8-5845965f99-9c4w8,sidecar,882.7349999999997
1190,10,client8,client8-5845965f99-9c4w8,linkerd-init,0.0
1191,10,client8,client8-5845965f99-9c4w8,client8,981.6989999999996
1192,10,client8,client8-5845965f99-9c4w8,linkerd-proxy,981.366
1193,10,client14,client14-856b5b5576-drb54,linkerd-proxy,838.6710000000012
1194,10,client14,client14-856b5b5576-drb54,sidecar,836.9070000000011
1195,10,client14,client14-856b5b5576-drb54,linkerd-init,0.0
1196,10,client14,client14-856b5b5576-drb54,client14,838.9530000000013
1197,10,client10,client10-694b6b97b4-9qcj5,client10,795.1829999999991
1198,10,client10,client10-694b6b97b4-9qcj5,sidecar,689.5770000000002
1199,10,client10,client10-694b6b97b4-9qcj5,linkerd-init,0.0
1200,10,client10,client10-694b6b97b4-9qcj5,linkerd-proxy,794.9279999999999
1201,10,orchestrator,policy-enforcer-cb8dccbd8-6vw8c,policy-enforcer,270.53099999999995
1202,10,orchestrator,orchestrator-555f7b7c9d-6h49d,linkerd-proxy,397.46700000000055
1203,10,orchestrator,policy-enforcer-cb8dccbd8-6vw8c,linkerd-init,0.0
1204,10,api-gateway,api-gateway-6bf76d45b7-9lchh,linkerd-init,0.0
1205,10,orchestrator,policy-enforcer-cb8dccbd8-6vw8c,linkerd-proxy,397.4370000000008
1206,10,orchestrator,policy-enforcer-cb8dccbd8-6vw8c,sidecar,396.462
1207,10,orchestrator,orchestrator-555f7b7c9d-6h49d,linkerd-init,0.0
1208,10,api-gateway,api-gateway-6bf76d45b7-9lchh,linkerd-proxy,416.7329999999997
1209,10,client6,client6-785d875985-jhrvw,client6,929.7030000000013
1210,10,client6,client6-785d875985-jhrvw,sidecar,927.3540000000012
1211,10,client6,client6-785d875985-jhrvw,linkerd-proxy,929.5679999999993
1212,10,client6,client6-785d875985-jhrvw,linkerd-init,0.0
1213,10,client4,client4-744474fb99-gl9r2,linkerd-proxy,794.6520000000019
1214,10,client4,client4-744474fb99-gl9r2,sidecar,792.1530000000002
1215,10,client4,client4-744474fb99-gl9r2,client4,794.6369999999997
1216,10,client17,client17-69b85b5ccf-dvz4t,sidecar,707.1120000000001
1217,10,client17,client17-69b85b5ccf-dvz4t,client17,713.0190000000002
1218,10,client17,client17-69b85b5ccf-dvz4t,linkerd-proxy,710.085
1219,10,client15,client15-79c969ddf-sh5bw,client15,808.3079999999991
1220,10,client15,client15-79c969ddf-sh5bw,linkerd-proxy,808.1669999999995
1221,10,client15,client15-79c969ddf-sh5bw,sidecar,806.6309999999994
1222,10,client9,client9-d68fb99b4-k9vg6,sidecar,558.0540000000001
1223,10,client9,client9-d68fb99b4-k9vg6,client9,642.8490000000011
1224,10,client9,client9-d68fb99b4-k9vg6,linkerd-proxy,640.1879999999992
1225,10,client12,client12-79bc8d5846-zzqc9,sidecar,730.8360000000002
1226,10,client12,client12-79bc8d5846-zzqc9,client12,757.8659999999991
1227,10,client12,client12-79bc8d5846-zzqc9,linkerd-proxy,757.9409999999989
1228,10,client1,client1-7b9db886dd-jbg8t,client1,672.9929999999995
1229,10,client1,client1-7b9db886dd-jbg8t,sidecar,628.4190000000008
1230,10,server,server-656f98b57f-sk96x,sidecar,487.64100000000053
1231,10,server,server-656f98b57f-sk96x,server,516.1379999999999
1232,10,api-gateway,api-gateway-6bf76d45b7-9lchh,api-gateway,436.64699999999993
1233,10,orchestrator,orchestrator-555f7b7c9d-6h49d,orchestrator,199.05000000000018
1234,10,api-gateway,api-gateway-6bf76d45b7-9lchh,sidecar,354.76800000000003
1235,10,orchestrator,orchestrator-555f7b7c9d-6h49d,sidecar,376.779
1236,10,client1,maurits-dijk-6f807020client11-64jrn,hfl-train,692.7480000000014
1237,10,client1,maurits-dijk-6f807020client11-64jrn,hfl-train-model,667.5359999999991
1238,10,client1,maurits-dijk-6f807020client11-64jrn,sidecar,597.2640000000001
1239,10,client13,maurits-dijk-6f807020client131-84w9z,hfl-train,652.6200000000008
1240,10,client13,maurits-dijk-6f807020client131-84w9z,hfl-train-model,615.8910000000005
1241,10,client13,maurits-dijk-6f807020client131-84w9z,sidecar,493.1399999999994
1242,10,server,maurits-dijk-6f807020server1-7wfjx,hfl-train-model,838.5239999999994
1243,10,server,maurits-dijk-6f807020server1-7wfjx,hfl-train,497.2649999999994
1244,10,server,maurits-dijk-6f807020server1-7wfjx,sidecar,422.72999999999956
1245,10,client17,maurits-dijk-6f807020client171-twl6l,hfl-train,735.4560000000001
1246,10,client17,maurits-dijk-6f807020client171-twl6l,sidecar,637.8209999999999
1247,10,client17,maurits-dijk-6f807020client171-twl6l,hfl-train-model,707.6730000000007
1248,10,client9,maurits-dijk-6f807020client91-5jv2l,hfl-train-model,634.9229999999998
1249,10,client9,maurits-dijk-6f807020client91-5jv2l,hfl-train,664.719
1250,10,client9,maurits-dijk-6f807020client91-5jv2l,sidecar,562.2990000000009
1251,10,client5,maurits-dijk-6f807020client51-vm9l9,hfl-train,677.9370000000008
1252,10,client5,maurits-dijk-6f807020client51-vm9l9,hfl-train-model,653.2140000000009
1253,10,client5,maurits-dijk-6f807020client51-vm9l9,sidecar,596.4540000000006
1254,11,client4,client4-744474fb99-gl9r2,linkerd-init,0.0
1255,11,client17,client17-69b85b5ccf-dvz4t,linkerd-init,0.0
1256,11,client15,client15-79c969ddf-sh5bw,linkerd-init,0.0
1257,11,client9,client9-d68fb99b4-k9vg6,linkerd-init,0.0
1258,11,client5,client5-7d5ff7f8b4-brd9c,sidecar,656.3399999999992
1259,11,client5,client5-7d5ff7f8b4-brd9c,client5,736.3649999999998
1260,11,client5,client5-7d5ff7f8b4-brd9c,linkerd-proxy,733.1099999999997
1261,11,client5,client5-7d5ff7f8b4-brd9c,linkerd-init,0.0
1262,11,client12,client12-79bc8d5846-zzqc9,linkerd-init,0.0
1263,11,client16,client16-6dc7f87f54-6ds2v,client16,806.6910000000007
1264,11,client16,client16-6dc7f87f54-6ds2v,linkerd-init,0.0
1265,11,client16,client16-6dc7f87f54-6ds2v,linkerd-proxy,806.5740000000023
1266,11,client16,client16-6dc7f87f54-6ds2v,sidecar,805.1190000000006
1267,11,client2,client2-86cd6d8cf7-fhcn2,sidecar,845.7240000000002
1268,11,client2,client2-86cd6d8cf7-fhcn2,linkerd-proxy,847.335000000001
1269,11,client2,client2-86cd6d8cf7-fhcn2,client2,847.518
1270,11,client2,client2-86cd6d8cf7-fhcn2,linkerd-init,0.0
1271,11,client3,client3-58c68898cd-bdhkm,linkerd-init,0.0
1272,11,client3,client3-58c68898cd-bdhkm,linkerd-proxy,851.7840000000015
1273,11,client3,client3-58c68898cd-bdhkm,client3,851.7089999999989
1274,11,client3,client3-58c68898cd-bdhkm,sidecar,849.1949999999979
1275,11,client18,client18-69db77c748-zd2nw,sidecar,855.8970000000008
1276,11,client18,client18-69db77c748-zd2nw,client18,857.991
1277,11,client18,client18-69db77c748-zd2nw,linkerd-proxy,857.8410000000003
1278,11,client18,client18-69db77c748-zd2nw,linkerd-init,0.0
1279,11,client7,client7-544486cc98-9868c,linkerd-init,0.0
1280,11,client7,client7-544486cc98-9868c,sidecar,888.6270000000004
1281,11,client7,client7-544486cc98-9868c,client7,890.331000000002
1282,11,client7,client7-544486cc98-9868c,linkerd-proxy,889.9410000000007
1283,11,client11,client11-565c48c7c7-lw7gs,client11,898.3470000000016
1284,11,client11,client11-565c48c7c7-lw7gs,sidecar,896.8200000000015
1285,11,client11,client11-565c48c7c7-lw7gs,linkerd-init,0.0
1286,11,client11,client11-565c48c7c7-lw7gs,linkerd-proxy,898.0020000000004
1287,11,client19,client19-56fccdb4d9-wjnk9,sidecar,880.8330000000005
1288,11,client19,client19-56fccdb4d9-wjnk9,linkerd-init,0.0
1289,11,client19,client19-56fccdb4d9-wjnk9,client19,882.6749999999993
1290,11,client19,client19-56fccdb4d9-wjnk9,linkerd-proxy,882.3839999999982
1291,11,client1,client1-7b9db886dd-jbg8t,linkerd-init,0.0
1292,11,client1,client1-7b9db886dd-jbg8t,linkerd-proxy,799.4070000000002
1293,11,client13,client13-7bf86f4f87-hcszg,sidecar,590.6910000000007
1294,11,client13,client13-7bf86f4f87-hcszg,client13,752.7240000000002
1295,11,client13,client13-7bf86f4f87-hcszg,linkerd-proxy,749.6699999999992
1296,11,client13,client13-7bf86f4f87-hcszg,linkerd-init,0.0
1297,11,client20,client20-65f8864f77-vk8dc,client20,685.2389999999996
1298,11,client20,client20-65f8864f77-vk8dc,linkerd-proxy,685.1639999999989
1299,11,client20,client20-65f8864f77-vk8dc,sidecar,683.8799999999992
1300,11,client20,client20-65f8864f77-vk8dc,linkerd-init,0.0
1301,11,server,server-656f98b57f-sk96x,linkerd-proxy,469.6260000000002
1302,11,server,server-656f98b57f-sk96x,linkerd-init,0.0
1303,11,client8,client8-5845965f99-9c4w8,sidecar,750.9959999999992
1304,11,client8,client8-5845965f99-9c4w8,linkerd-init,0.0
1305,11,client8,client8-5845965f99-9c4w8,client8,799.8629999999994
1306,11,client8,client8-5845965f99-9c4w8,linkerd-proxy,799.4429999999993
1307,11,client14,client14-856b5b5576-drb54,linkerd-proxy,756.9930000000004
1308,11,client14,client14-856b5b5576-drb54,sidecar,755.5139999999992
1309,11,client14,client14-856b5b5576-drb54,linkerd-init,0.0
1310,11,client14,client14-856b5b5576-drb54,client14,757.1759999999995
1311,11,client10,client10-694b6b97b4-9qcj5,client10,764.4809999999998
1312,11,client10,client10-694b6b97b4-9qcj5,sidecar,734.0819999999994
1313,11,client10,client10-694b6b97b4-9qcj5,linkerd-init,0.0
1314,11,client10,client10-694b6b97b4-9qcj5,linkerd-proxy,764.2559999999994
1315,11,orchestrator,policy-enforcer-cb8dccbd8-6vw8c,policy-enforcer,262.0140000000001
1316,11,orchestrator,orchestrator-555f7b7c9d-6h49d,linkerd-proxy,347.90699999999924
1317,11,orchestrator,policy-enforcer-cb8dccbd8-6vw8c,linkerd-init,0.0
1318,11,api-gateway,api-gateway-6bf76d45b7-9lchh,linkerd-init,0.0
1319,11,orchestrator,policy-enforcer-cb8dccbd8-6vw8c,linkerd-proxy,347.91299999999956
1320,11,orchestrator,policy-enforcer-cb8dccbd8-6vw8c,sidecar,347.0549999999994
1321,11,orchestrator,orchestrator-555f7b7c9d-6h49d,linkerd-init,0.0
1322,11,api-gateway,api-gateway-6bf76d45b7-9lchh,linkerd-proxy,367.0020000000004
1323,11,client6,client6-785d875985-jhrvw,client6,730.3739999999998
1324,11,client6,client6-785d875985-jhrvw,sidecar,728.1270000000004
1325,11,client6,client6-785d875985-jhrvw,linkerd-proxy,730.0290000000005
1326,11,client6,client6-785d875985-jhrvw,linkerd-init,0.0
1327,11,client4,client4-744474fb99-gl9r2,linkerd-proxy,715.2569999999978
1328,11,client4,client4-744474fb99-gl9r2,sidecar,713.3070000000007
1329,11,client4,client4-744474fb99-gl9r2,client4,715.380000000001
1330,11,client17,client17-69b85b5ccf-dvz4t,sidecar,666.3990000000003
1331,11,client17,client17-69b85b5ccf-dvz4t,client17,671.0759999999982
1332,11,client17,client17-69b85b5ccf-dvz4t,linkerd-proxy,669.0690000000004
1333,11,client15,client15-79c969ddf-sh5bw,client15,734.3099999999995
1334,11,client15,client15-79c969ddf-sh5bw,linkerd-proxy,734.1750000000011
1335,11,client15,client15-79c969ddf-sh5bw,sidecar,732.8430000000026
1336,11,client9,client9-d68fb99b4-k9vg6,sidecar,634.8390000000009
1337,11,client9,client9-d68fb99b4-k9vg6,client9,744.4259999999986
1338,11,client9,client9-d68fb99b4-k9vg6,linkerd-proxy,743.2200000000012
1339,11,client12,client12-79bc8d5846-zzqc9,sidecar,821.2560000000003
1340,11,client12,client12-79bc8d5846-zzqc9,client12,856.1010000000006
1341,11,client12,client12-79bc8d5846-zzqc9,linkerd-proxy,855.876000000002
1342,11,client1,client1-7b9db886dd-jbg8t,client1,799.6409999999996
1343,11,client1,client1-7b9db886dd-jbg8t,sidecar,793.7219999999988
1344,11,server,server-656f98b57f-sk96x,sidecar,438.5819999999994
1345,11,server,server-656f98b57f-sk96x,server,486.933
1346,11,api-gateway,api-gateway-6bf76d45b7-9lchh,api-gateway,383.2619999999997
1347,11,orchestrator,orchestrator-555f7b7c9d-6h49d,orchestrator,141.23099999999977
1348,11,api-gateway,api-gateway-6bf76d45b7-9lchh,sidecar,302.51099999999997
1349,11,orchestrator,orchestrator-555f7b7c9d-6h49d,sidecar,317.67300000000023
1350,11,client1,maurits-dijk-6f807020client11-64jrn,hfl-train,820.235999999999
1351,11,client1,maurits-dijk-6f807020client11-64jrn,hfl-train-model,793.3379999999988
1352,11,client1,maurits-dijk-6f807020client11-64jrn,sidecar,663.8670000000002
1353,11,client13,maurits-dijk-6f807020client131-84w9z,hfl-train,782.8049999999985
1354,11,client13,maurits-dijk-6f807020client131-84w9z,hfl-train-model,746.3069999999989
1355,11,client13,maurits-dijk-6f807020client131-84w9z,sidecar,564.1680000000006
1356,11,server,maurits-dijk-6f807020server1-7wfjx,hfl-train-model,758.7209999999995
1357,11,server,maurits-dijk-6f807020server1-7wfjx,hfl-train,465.09900000000016
1358,11,server,maurits-dijk-6f807020server1-7wfjx,sidecar,432.0750000000007
1359,11,client17,maurits-dijk-6f807020client171-twl6l,hfl-train,694.3920000000016
1360,11,client17,maurits-dijk-6f807020client171-twl6l,sidecar,615.3360000000002
1361,11,client17,maurits-dijk-6f807020client171-twl6l,hfl-train-model,666.7290000000003
1362,11,client9,maurits-dijk-6f807020client91-5jv2l,hfl-train-model,737.6910000000016
1363,11,client9,maurits-dijk-6f807020client91-5jv2l,hfl-train,764.5320000000011
1364,11,client9,maurits-dijk-6f807020client91-5jv2l,sidecar,631.0470000000005
1365,11,client5,maurits-dijk-6f807020client51-vm9l9,hfl-train,756.7769999999982
1366,11,client5,maurits-dijk-6f807020client51-vm9l9,hfl-train-model,730.8209999999999
1367,11,client5,maurits-dijk-6f807020client51-vm9l9,sidecar,665.991
1368,12,client4,client4-744474fb99-gl9r2,linkerd-init,0.0
1369,12,client17,client17-69b85b5ccf-dvz4t,linkerd-init,0.0
1370,12,client15,client15-79c969ddf-sh5bw,linkerd-init,0.0
1371,12,client9,client9-d68fb99b4-k9vg6,linkerd-init,0.0
1372,12,client5,client5-7d5ff7f8b4-brd9c,sidecar,521.8379999999997
1373,12,client5,client5-7d5ff7f8b4-brd9c,client5,607.6260000000002
1374,12,client5,client5-7d5ff7f8b4-brd9c,linkerd-proxy,604.4970000000012
1375,12,client5,client5-7d5ff7f8b4-brd9c,linkerd-init,0.0
1376,12,client12,client12-79bc8d5846-zzqc9,linkerd-init,0.0
1377,12,client16,client16-6dc7f87f54-6ds2v,client16,716.4269999999997
1378,12,client16,client16-6dc7f87f54-6ds2v,linkerd-init,0.0
1379,12,client16,client16-6dc7f87f54-6ds2v,linkerd-proxy,716.0759999999973
1380,12,client16,client16-6dc7f87f54-6ds2v,sidecar,714.9509999999991
1381,12,client2,client2-86cd6d8cf7-fhcn2,sidecar,702.7079999999987
1382,12,client2,client2-86cd6d8cf7-fhcn2,linkerd-proxy,704.0159999999996
1383,12,client2,client2-86cd6d8cf7-fhcn2,client2,704.1869999999999
1384,12,client2,client2-86cd6d8cf7-fhcn2,linkerd-init,0.0
1385,12,client3,client3-58c68898cd-bdhkm,linkerd-init,0.0
1386,12,client3,client3-58c68898cd-bdhkm,linkerd-proxy,737.232
1387,12,client3,client3-58c68898cd-bdhkm,client3,737.2170000000006
1388,12,client3,client3-58c68898cd-bdhkm,sidecar,735.0030000000006
1389,12,client18,client18-69db77c748-zd2nw,sidecar,700.9559999999983
1390,12,client18,client18-69db77c748-zd2nw,client18,702.5969999999998
1391,12,client18,client18-69db77c748-zd2nw,linkerd-proxy,702.4919999999984
1392,12,client18,client18-69db77c748-zd2nw,linkerd-init,0.0
1393,12,client7,client7-544486cc98-9868c,linkerd-init,0.0
1394,12,client7,client7-544486cc98-9868c,sidecar,697.0110000000004
1395,12,client7,client7-544486cc98-9868c,client7,698.3850000000002
1396,12,client7,client7-544486cc98-9868c,linkerd-proxy,698.1599999999999
1397,12,client11,client11-565c48c7c7-lw7gs,client11,771.9749999999985
1398,12,client11,client11-565c48c7c7-lw7gs,sidecar,770.6459999999988
1399,12,client11,client11-565c48c7c7-lw7gs,linkerd-init,0.0
1400,12,client11,client11-565c48c7c7-lw7gs,linkerd-proxy,771.8610000000008
1401,12,client19,client19-56fccdb4d9-wjnk9,sidecar,712.6650000000009
1402,12,client19,client19-56fccdb4d9-wjnk9,linkerd-init,0.0
1403,12,client19,client19-56fccdb4d9-wjnk9,client19,714.099000000002
1404,12,client19,client19-56fccdb4d9-wjnk9,linkerd-proxy,714.0390000000007
1405,12,client1,client1-7b9db886dd-jbg8t,linkerd-init,0.0
1406,12,client1,client1-7b9db886dd-jbg8t,linkerd-proxy,624.723
1407,12,client13,client13-7bf86f4f87-hcszg,sidecar,540.1889999999994
1408,12,client13,client13-7bf86f4f87-hcszg,client13,623.4809999999998
1409,12,client13,client13-7bf86f4f87-hcszg,linkerd-proxy,619.1880000000019
1410,12,client13,client13-7bf86f4f87-hcszg,linkerd-init,0.0
1411,12,client20,client20-65f8864f77-vk8dc,client20,762.7650000000012
1412,12,client20,client20-65f8864f77-vk8dc,linkerd-proxy,762.6690000000017
1413,12,client20,client20-65f8864f77-vk8dc,sidecar,761.0760000000009
1414,12,client20,client20-65f8864f77-vk8dc,linkerd-init,0.0
1415,12,server,server-656f98b57f-sk96x,linkerd-proxy,594.8609999999999
1416,12,server,server-656f98b57f-sk96x,linkerd-init,0.0
1417,12,client8,client8-5845965f99-9c4w8,sidecar,905.3010000000013
1418,12,client8,client8-5845965f99-9c4w8,linkerd-init,0.0
1419,12,client8,client8-5845965f99-9c4w8,client8,934.4310000000005
1420,12,client8,client8-5845965f99-9c4w8,linkerd-proxy,934.1610000000001
1421,12,client14,client14-856b5b5576-drb54,linkerd-proxy,852.3359999999993
1422,12,client14,client14-856b5b5576-drb54,sidecar,850.7130000000016
1423,12,client14,client14-856b5b5576-drb54,linkerd-init,0.0
1424,12,client14,client14-856b5b5576-drb54,client14,852.6119999999992
1425,12,client10,client10-694b6b97b4-9qcj5,client10,795.8520000000008
1426,12,client10,client10-694b6b97b4-9qcj5,sidecar,762.2459999999992
1427,12,client10,client10-694b6b97b4-9qcj5,linkerd-init,0.0
1428,12,client10,client10-694b6b97b4-9qcj5,linkerd-proxy,796.0020000000004
1429,12,orchestrator,policy-enforcer-cb8dccbd8-6vw8c,policy-enforcer,293.94599999999946
1430,12,orchestrator,orchestrator-555f7b7c9d-6h49d,linkerd-proxy,355.7610000000004
1431,12,orchestrator,policy-enforcer-cb8dccbd8-6vw8c,linkerd-init,0.0
1432,12,api-gateway,api-gateway-6bf76d45b7-9lchh,linkerd-init,0.0
1433,12,orchestrator,policy-enforcer-cb8dccbd8-6vw8c,linkerd-proxy,355.701
1434,12,orchestrator,policy-enforcer-cb8dccbd8-6vw8c,sidecar,333.1200000000008
1435,12,orchestrator,orchestrator-555f7b7c9d-6h49d,linkerd-init,0.0
1436,12,api-gateway,api-gateway-6bf76d45b7-9lchh,linkerd-proxy,374.58299999999963
1437,12,client6,client6-785d875985-jhrvw,client6,757.7459999999992
1438,12,client6,client6-785d875985-jhrvw,sidecar,755.643
1439,12,client6,client6-785d875985-jhrvw,linkerd-proxy,757.5659999999989
1440,12,client6,client6-785d875985-jhrvw,linkerd-init,0.0
1441,12,client4,client4-744474fb99-gl9r2,linkerd-proxy,682.6830000000009
1442,12,client4,client4-744474fb99-gl9r2,sidecar,680.6969999999983
1443,12,client4,client4-744474fb99-gl9r2,client4,682.757999999998
1444,12,client17,client17-69b85b5ccf-dvz4t,sidecar,601.9470000000001
1445,12,client17,client17-69b85b5ccf-dvz4t,client17,666.9210000000021
1446,12,client17,client17-69b85b5ccf-dvz4t,linkerd-proxy,661.2900000000009
1447,12,client15,client15-79c969ddf-sh5bw,client15,652.389000000001
1448,12,client15,client15-79c969ddf-sh5bw,linkerd-proxy,652.2209999999995
1449,12,client15,client15-79c969ddf-sh5bw,sidecar,650.9699999999993
1450,12,client9,client9-d68fb99b4-k9vg6,sidecar,623.0729999999985
1451,12,client9,client9-d68fb99b4-k9vg6,client9,656.1990000000005
1452,12,client9,client9-d68fb99b4-k9vg6,linkerd-proxy,651.6329999999998
1453,12,client12,client12-79bc8d5846-zzqc9,sidecar,668.6190000000006
1454,12,client12,client12-79bc8d5846-zzqc9,client12,694.4610000000011
1455,12,client12,client12-79bc8d5846-zzqc9,linkerd-proxy,694.235999999999
1456,12,client1,client1-7b9db886dd-jbg8t,client1,625.6710000000003
1457,12,client1,client1-7b9db886dd-jbg8t,sidecar,579.531
1458,12,server,server-656f98b57f-sk96x,sidecar,471.96599999999944
1459,12,server,server-656f98b57f-sk96x,server,608.5770000000002
1460,12,api-gateway,api-gateway-6bf76d45b7-9lchh,api-gateway,369.26400000000103
1461,12,orchestrator,orchestrator-555f7b7c9d-6h49d,orchestrator,222.2489999999998
1462,12,api-gateway,api-gateway-6bf76d45b7-9lchh,sidecar,326.83500000000095
1463,12,orchestrator,orchestrator-555f7b7c9d-6h49d,sidecar,313.38300000000027
1464,12,client1,maurits-dijk-6f807020client11-64jrn,hfl-train,651.3119999999999
1465,12,client1,maurits-dijk-6f807020client11-64jrn,hfl-train-model,618.8700000000008
1466,12,client1,maurits-dijk-6f807020client11-64jrn,sidecar,506.4929999999995
1467,12,client13,maurits-dijk-6f807020client131-84w9z,hfl-train,654.5760000000009
1468,12,client13,maurits-dijk-6f807020client131-84w9z,hfl-train-model,615.7350000000006
1469,12,client13,maurits-dijk-6f807020client131-84w9z,sidecar,526.4219999999996
1470,12,server,maurits-dijk-6f807020server1-7wfjx,hfl-train-model,872.982
1471,12,server,maurits-dijk-6f807020server1-7wfjx,hfl-train,590.1090000000004
1472,12,server,maurits-dijk-6f807020server1-7wfjx,sidecar,501.6779999999999
1473,12,client17,maurits-dijk-6f807020client171-twl6l,hfl-train,685.5359999999982
1474,12,client17,maurits-dijk-6f807020client171-twl6l,sidecar,619.7039999999997
1475,12,client17,maurits-dijk-6f807020client171-twl6l,hfl-train-model,658.7250000000004
1476,12,client9,maurits-dijk-6f807020client91-5jv2l,hfl-train-model,646.8179999999975
1477,12,client9,maurits-dijk-6f807020client91-5jv2l,hfl-train,677.9009999999998
1478,12,client9,maurits-dijk-6f807020client91-5jv2l,sidecar,582.6569999999992
1479,12,client5,maurits-dijk-6f807020client51-vm9l9,hfl-train,626.8470000000016
1480,12,client5,maurits-dijk-6f807020client51-vm9l9,hfl-train-model,602.3369999999995
1481,12,client5,maurits-dijk-6f807020client51-vm9l9,sidecar,562.4519999999993
1482,13,client4,client4-744474fb99-gl9r2,linkerd-init,0.0
1483,13,client17,client17-69b85b5ccf-dvz4t,linkerd-init,0.0
1484,13,client15,client15-79c969ddf-sh5bw,linkerd-init,0.0
1485,13,client9,client9-d68fb99b4-k9vg6,linkerd-init,0.0
1486,13,client5,client5-7d5ff7f8b4-brd9c,sidecar,504.14100000000053
1487,13,client5,client5-7d5ff7f8b4-brd9c,client5,604.6860000000015
1488,13,client5,client5-7d5ff7f8b4-brd9c,linkerd-proxy,601.7459999999992
1489,13,client5,client5-7d5ff7f8b4-brd9c,linkerd-init,0.0
1490,13,client12,client12-79bc8d5846-zzqc9,linkerd-init,0.0
1491,13,client16,client16-6dc7f87f54-6ds2v,client16,678.1229999999996
1492,13,client16,client16-6dc7f87f54-6ds2v,linkerd-init,0.0
1493,13,client16,client16-6dc7f87f54-6ds2v,linkerd-proxy,677.9130000000005
1494,13,client16,client16-6dc7f87f54-6ds2v,sidecar,676.7310000000016
1495,13,client2,client2-86cd6d8cf7-fhcn2,sidecar,678.4589999999989
1496,13,client2,client2-86cd6d8cf7-fhcn2,linkerd-proxy,679.7160000000003
1497,13,client2,client2-86cd6d8cf7-fhcn2,client2,679.9559999999983
1498,13,client2,client2-86cd6d8cf7-fhcn2,linkerd-init,0.0
1499,13,client3,client3-58c68898cd-bdhkm,linkerd-init,0.0
1500,13,client3,client3-58c68898cd-bdhkm,linkerd-proxy,749.4570000000003
1501,13,client3,client3-58c68898cd-bdhkm,client3,749.4119999999984
1502,13,client3,client3-58c68898cd-bdhkm,sidecar,747.2880000000005
1503,13,client18,client18-69db77c748-zd2nw,sidecar,728.2680000000018
1504,13,client18,client18-69db77c748-zd2nw,client18,729.9060000000027
1505,13,client18,client18-69db77c748-zd2nw,linkerd-proxy,729.7710000000006
1506,13,client18,client18-69db77c748-zd2nw,linkerd-init,0.0
1507,13,client7,client7-544486cc98-9868c,linkerd-init,0.0
1508,13,client7,client7-544486cc98-9868c,sidecar,731.1059999999998
1509,13,client7,client7-544486cc98-9868c,client7,732.5579999999991
1510,13,client7,client7-544486cc98-9868c,linkerd-proxy,732.2880000000005
1511,13,client11,client11-565c48c7c7-lw7gs,client11,790.4129999999986
1512,13,client11,client11-565c48c7c7-lw7gs,sidecar,789.1859999999997
1513,13,client11,client11-565c48c7c7-lw7gs,linkerd-init,0.0
1514,13,client11,client11-565c48c7c7-lw7gs,linkerd-proxy,790.3050000000003
1515,13,client19,client19-56fccdb4d9-wjnk9,sidecar,680.744999999999
1516,13,client19,client19-56fccdb4d9-wjnk9,linkerd-init,0.0
1517,13,client19,client19-56fccdb4d9-wjnk9,client19,682.4369999999981
1518,13,client19,client19-56fccdb4d9-wjnk9,linkerd-proxy,682.2420000000002
1519,13,client1,client1-7b9db886dd-jbg8t,linkerd-init,0.0
1520,13,client1,client1-7b9db886dd-jbg8t,linkerd-proxy,605.6039999999994
1521,13,client13,client13-7bf86f4f87-hcszg,sidecar,521.8260000000009
1522,13,client13,client13-7bf86f4f87-hcszg,client13,608.0580000000009
1523,13,client13,client13-7bf86f4f87-hcszg,linkerd-proxy,603.8279999999995
1524,13,client13,client13-7bf86f4f87-hcszg,linkerd-init,0.0
1525,13,client20,client20-65f8864f77-vk8dc,client20,657.2939999999999
1526,13,client20,client20-65f8864f77-vk8dc,linkerd-proxy,657.2489999999998
1527,13,client20,client20-65f8864f77-vk8dc,sidecar,655.7669999999998
1528,13,client20,client20-65f8864f77-vk8dc,linkerd-init,0.0
1529,13,server,server-656f98b57f-sk96x,linkerd-proxy,478.02000000000044
1530,13,server,server-656f98b57f-sk96x,linkerd-init,0.0
1531,13,client8,client8-5845965f99-9c4w8,sidecar,742.0619999999999
1532,13,client8,client8-5845965f99-9c4w8,linkerd-init,0.0
1533,13,client8,client8-5845965f99-9c4w8,client8,748.0949999999993
1534,13,client8,client8-5845965f99-9c4w8,linkerd-proxy,747.9269999999997
1535,13,client14,client14-856b5b5576-drb54,linkerd-proxy,735.1769999999997
1536,13,client14,client14-856b5b5576-drb54,sidecar,733.8149999999987
1537,13,client14,client14-856b5b5576-drb54,linkerd-init,0.0
1538,13,client14,client14-856b5b5576-drb54,client14,735.4470000000001
1539,13,client10,client10-694b6b97b4-9qcj5,client10,752.8649999999998
1540,13,client10,client10-694b6b97b4-9qcj5,sidecar,724.1160000000018
1541,13,client10,client10-694b6b97b4-9qcj5,linkerd-init,0.0
1542,13,client10,client10-694b6b97b4-9qcj5,linkerd-proxy,753.1499999999996
1543,13,orchestrator,policy-enforcer-cb8dccbd8-6vw8c,policy-enforcer,362.25300000000016
1544,13,orchestrator,orchestrator-555f7b7c9d-6h49d,linkerd-proxy,435.5100000000002
1545,13,orchestrator,policy-enforcer-cb8dccbd8-6vw8c,linkerd-init,0.0
1546,13,api-gateway,api-gateway-6bf76d45b7-9lchh,linkerd-init,0.0
1547,13,orchestrator,policy-enforcer-cb8dccbd8-6vw8c,linkerd-proxy,435.4979999999996
1548,13,orchestrator,policy-enforcer-cb8dccbd8-6vw8c,sidecar,429.08399999999983
1549,13,orchestrator,orchestrator-555f7b7c9d-6h49d,linkerd-init,0.0
1550,13,api-gateway,api-gateway-6bf76d45b7-9lchh,linkerd-proxy,455.1390000000001
1551,13,client6,client6-785d875985-jhrvw,client6,985.4610000000011
1552,13,client6,client6-785d875985-jhrvw,sidecar,982.8509999999987
1553,13,client6,client6-785d875985-jhrvw,linkerd-proxy,985.1010000000006
1554,13,client6,client6-785d875985-jhrvw,linkerd-init,0.0
1555,13,client4,client4-744474fb99-gl9r2,linkerd-proxy,908.9189999999999
1556,13,client4,client4-744474fb99-gl9r2,sidecar,906.5100000000002
1557,13,client4,client4-744474fb99-gl9r2,client4,909.0090000000018
1558,13,client17,client17-69b85b5ccf-dvz4t,sidecar,753.0509999999995
1559,13,client17,client17-69b85b5ccf-dvz4t,client17,774.0239999999994
1560,13,client17,client17-69b85b5ccf-dvz4t,linkerd-proxy,770.4660000000003
1561,13,client15,client15-79c969ddf-sh5bw,client15,826.7430000000004
1562,13,client15,client15-79c969ddf-sh5bw,linkerd-proxy,826.6949999999997
1563,13,client15,client15-79c969ddf-sh5bw,sidecar,825.1260000000002
1564,13,client9,client9-d68fb99b4-k9vg6,sidecar,548.3040000000001
1565,13,client9,client9-d68fb99b4-k9vg6,client9,604.7010000000009
1566,13,client9,client9-d68fb99b4-k9vg6,linkerd-proxy,604.2330000000002
1567,13,client12,client12-79bc8d5846-zzqc9,sidecar,743.6669999999995
1568,13,client12,client12-79bc8d5846-zzqc9,client12,782.0339999999997
1569,13,client12,client12-79bc8d5846-zzqc9,linkerd-proxy,782.0040000000008
1570,13,client1,client1-7b9db886dd-jbg8t,client1,606.8190000000013
1571,13,client1,client1-7b9db886dd-jbg8t,sidecar,580.2240000000002
1572,13,server,server-656f98b57f-sk96x,sidecar,422.83800000000065
1573,13,server,server-656f98b57f-sk96x,server,490.692
1574,13,api-gateway,api-gateway-6bf76d45b7-9lchh,api-gateway,450.97199999999975
1575,13,orchestrator,orchestrator-555f7b7c9d-6h49d,orchestrator,222.07800000000043
1576,13,api-gateway,api-gateway-6bf76d45b7-9lchh,sidecar,392.8049999999994
1577,13,orchestrator,orchestrator-555f7b7c9d-6h49d,sidecar,373.29599999999937
1578,13,client1,maurits-dijk-6f807020client11-64jrn,hfl-train,632.2919999999995
1579,13,client1,maurits-dijk-6f807020client11-64jrn,hfl-train-model,599.5470000000005
1580,13,client1,maurits-dijk-6f807020client11-64jrn,sidecar,508.5600000000004
1581,13,client13,maurits-dijk-6f807020client131-84w9z,hfl-train,637.0559999999987
1582,13,client13,maurits-dijk-6f807020client131-84w9z,hfl-train-model,600.6329999999998
1583,13,client13,maurits-dijk-6f807020client131-84w9z,sidecar,457.04099999999926
1584,13,server,maurits-dijk-6f807020server1-7wfjx,hfl-train-model,766.0800000000017
1585,13,server,maurits-dijk-6f807020server1-7wfjx,hfl-train,473.8199999999997
1586,13,server,maurits-dijk-6f807020server1-7wfjx,sidecar,392.186999999999
1587,13,client17,maurits-dijk-6f807020client171-twl6l,hfl-train,796.1910000000007
1588,13,client17,maurits-dijk-6f807020client171-twl6l,sidecar,700.9169999999995
1589,13,client17,maurits-dijk-6f807020client171-twl6l,hfl-train-model,768.0659999999989
1590,13,client9,maurits-dijk-6f807020client91-5jv2l,hfl-train-model,599.1540000000005
1591,13,client9,maurits-dijk-6f807020client91-5jv2l,hfl-train,628.6170000000002
1592,13,client9,maurits-dijk-6f807020client91-5jv2l,sidecar,498.09900000000016
1593,13,client5,maurits-dijk-6f807020client51-vm9l9,hfl-train,631.4249999999993
1594,13,client5,maurits-dijk-6f807020client51-vm9l9,hfl-train-model,599.6880000000001
1595,13,client5,maurits-dijk-6f807020client51-vm9l9,sidecar,534.530999999999
1596,14,client4,client4-744474fb99-gl9r2,linkerd-init,0.0
1597,14,client17,client17-69b85b5ccf-dvz4t,linkerd-init,0.0
1598,14,client15,client15-79c969ddf-sh5bw,linkerd-init,0.0
1599,14,client9,client9-d68fb99b4-k9vg6,linkerd-init,0.0
1600,14,client5,client5-7d5ff7f8b4-brd9c,sidecar,701.2110000000002
1601,14,client5,client5-7d5ff7f8b4-brd9c,client5,726.3719999999976
1602,14,client5,client5-7d5ff7f8b4-brd9c,linkerd-proxy,722.3370000000014
1603,14,client5,client5-7d5ff7f8b4-brd9c,linkerd-init,0.0
1604,14,client12,client12-79bc8d5846-zzqc9,linkerd-init,0.0
1605,14,client16,client16-6dc7f87f54-6ds2v,client16,876.3299999999999
1606,14,client16,client16-6dc7f87f54-6ds2v,linkerd-init,0.0
1607,14,client16,client16-6dc7f87f54-6ds2v,linkerd-proxy,876.1290000000008
1608,14,client16,client16-6dc7f87f54-6ds2v,sidecar,874.7279999999992
1609,14,client2,client2-86cd6d8cf7-fhcn2,sidecar,787.8270000000011
1610,14,client2,client2-86cd6d8cf7-fhcn2,linkerd-proxy,789.4979999999996
1611,14,client2,client2-86cd6d8cf7-fhcn2,client2,789.7290000000012
1612,14,client2,client2-86cd6d8cf7-fhcn2,linkerd-init,0.0
1613,14,client3,client3-58c68898cd-bdhkm,linkerd-init,0.0
1614,14,client3,client3-58c68898cd-bdhkm,linkerd-proxy,867.0149999999994
1615,14,client3,client3-58c68898cd-bdhkm,client3,866.9550000000017
1616,14,client3,client3-58c68898cd-bdhkm,sidecar,864.357
1617,14,client18,client18-69db77c748-zd2nw,sidecar,859.7729999999992
1618,14,client18,client18-69db77c748-zd2nw,client18,861.9599999999973
1619,14,client18,client18-69db77c748-zd2nw,linkerd-proxy,861.630000000001
1620,14,client18,client18-69db77c748-zd2nw,linkerd-init,0.0
1621,14,client7,client7-544486cc98-9868c,linkerd-init,0.0
1622,14,client7,client7-544486cc98-9868c,sidecar,872.8529999999992
1623,14,client7,client7-544486cc98-9868c,client7,874.5149999999994
1624,14,client7,client7-544486cc98-9868c,linkerd-proxy,874.3349999999991
1625,14,client11,client11-565c48c7c7-lw7gs,client11,894.6690000000017
1626,14,client11,client11-565c48c7c7-lw7gs,sidecar,893.0220000000008
1627,14,client11,client11-565c48c7c7-lw7gs,linkerd-init,0.0
1628,14,client11,client11-565c48c7c7-lw7gs,linkerd-proxy,894.5729999999985
1629,14,client19,client19-56fccdb4d9-wjnk9,sidecar,807.1769999999997
1630,14,client19,client19-56fccdb4d9-wjnk9,linkerd-init,0.0
1631,14,client19,client19-56fccdb4d9-wjnk9,client19,809.2109999999993
1632,14,client19,client19-56fccdb4d9-wjnk9,linkerd-proxy,809.0910000000003
1633,14,client1,client1-7b9db886dd-jbg8t,linkerd-init,0.0
1634,14,client1,client1-7b9db886dd-jbg8t,linkerd-proxy,740.1869999999999
1635,14,client13,client13-7bf86f4f87-hcszg,sidecar,692.3159999999989
1636,14,client13,client13-7bf86f4f87-hcszg,client13,752.3249999999989
1637,14,client13,client13-7bf86f4f87-hcszg,linkerd-proxy,749.7060000000001
1638,14,client13,client13-7bf86f4f87-hcszg,linkerd-init,0.0
1639,14,client20,client20-65f8864f77-vk8dc,client20,783.3510000000006
1640,14,client20,client20-65f8864f77-vk8dc,linkerd-proxy,783.3029999999999
1641,14,client20,client20-65f8864f77-vk8dc,sidecar,781.8539999999994
1642,14,client20,client20-65f8864f77-vk8dc,linkerd-init,0.0
1643,14,server,server-656f98b57f-sk96x,linkerd-proxy,491.65499999999975
1644,14,server,server-656f98b57f-sk96x,linkerd-init,0.0
1645,14,client8,client8-5845965f99-9c4w8,sidecar,734.7389999999996
1646,14,client8,client8-5845965f99-9c4w8,linkerd-init,0.0
1647,14,client8,client8-5845965f99-9c4w8,client8,736.1219999999994
1648,14,client8,client8-5845965f99-9c4w8,linkerd-proxy,735.8940000000002
1649,14,client14,client14-856b5b5576-drb54,linkerd-proxy,704.387999999999
1650,14,client14,client14-856b5b5576-drb54,sidecar,702.8940000000002
1651,14,client14,client14-856b5b5576-drb54,linkerd-init,0.0
1652,14,client14,client14-856b5b5576-drb54,client14,704.4779999999992
1653,14,client10,client10-694b6b97b4-9qcj5,client10,703.7940000000017
1654,14,client10,client10-694b6b97b4-9qcj5,sidecar,675.9569999999985
1655,14,client10,client10-694b6b97b4-9qcj5,linkerd-init,0.0
1656,14,client10,client10-694b6b97b4-9qcj5,linkerd-proxy,703.710000000001
1657,14,orchestrator,policy-enforcer-cb8dccbd8-6vw8c,policy-enforcer,305.38499999999976
1658,14,orchestrator,orchestrator-555f7b7c9d-6h49d,linkerd-proxy,354.52499999999964
1659,14,orchestrator,policy-enforcer-cb8dccbd8-6vw8c,linkerd-init,0.0
1660,14,api-gateway,api-gateway-6bf76d45b7-9lchh,linkerd-init,0.0
1661,14,orchestrator,policy-enforcer-cb8dccbd8-6vw8c,linkerd-proxy,354.5010000000002
1662,14,orchestrator,policy-enforcer-cb8dccbd8-6vw8c,sidecar,353.7570000000005
1663,14,orchestrator,orchestrator-555f7b7c9d-6h49d,linkerd-init,0.0
1664,14,api-gateway,api-gateway-6bf76d45b7-9lchh,linkerd-proxy,372.5039999999999
1665,14,client6,client6-785d875985-jhrvw,client6,764.7179999999989
1666,14,client6,client6-785d875985-jhrvw,sidecar,762.6630000000005
1667,14,client6,client6-785d875985-jhrvw,linkerd-proxy,764.6579999999994
1668,14,client6,client6-785d875985-jhrvw,linkerd-init,0.0
1669,14,client4,client4-744474fb99-gl9r2,linkerd-proxy,691.6110000000008
1670,14,client4,client4-744474fb99-gl9r2,sidecar,689.5020000000004
1671,14,client4,client4-744474fb99-gl9r2,client4,691.610999999999
1672,14,client17,client17-69b85b5ccf-dvz4t,sidecar,610.6170000000002
1673,14,client17,client17-69b85b5ccf-dvz4t,client17,617.3040000000001
1674,14,client17,client17-69b85b5ccf-dvz4t,linkerd-proxy,613.1219999999994
1675,14,client15,client15-79c969ddf-sh5bw,client15,674.8469999999998
1676,14,client15,client15-79c969ddf-sh5bw,linkerd-proxy,674.7569999999996
1677,14,client15,client15-79c969ddf-sh5bw,sidecar,673.4099999999999
1678,14,client9,client9-d68fb99b4-k9vg6,sidecar,627.9660000000003
1679,14,client9,client9-d68fb99b4-k9vg6,client9,729.2039999999997
1680,14,client9,client9-d68fb99b4-k9vg6,linkerd-proxy,728.9699999999993
1681,14,client12,client12-79bc8d5846-zzqc9,sidecar,751.280999999999
1682,14,client12,client12-79bc8d5846-zzqc9,client12,808.0619999999981
1683,14,client12,client12-79bc8d5846-zzqc9,linkerd-proxy,808.0769999999993
1684,14,client1,client1-7b9db886dd-jbg8t,client1,744.0810000000001
1685,14,client1,client1-7b9db886dd-jbg8t,sidecar,713.5860000000011
1686,14,server,server-656f98b57f-sk96x,sidecar,465.16799999999967
1687,14,server,server-656f98b57f-sk96x,server,502.34100000000035
1688,14,api-gateway,api-gateway-6bf76d45b7-9lchh,api-gateway,384.5789999999997
1689,14,orchestrator,orchestrator-555f7b7c9d-6h49d,orchestrator,171.9749999999999
1690,14,api-gateway,api-gateway-6bf76d45b7-9lchh,sidecar,308.7449999999999
1691,14,orchestrator,orchestrator-555f7b7c9d-6h49d,sidecar,320.5140000000001
1692,14,client1,maurits-dijk-6f807020client11-64jrn,hfl-train,768.9240000000009
1693,14,client1,maurits-dijk-6f807020client11-64jrn,hfl-train-model,733.8540000000012
1694,14,client1,maurits-dijk-6f807020client11-64jrn,sidecar,603.2370000000001
1695,14,client13,maurits-dijk-6f807020client131-84w9z,hfl-train,782.8140000000003
1696,14,client13,maurits-dijk-6f807020client131-84w9z,hfl-train-model,746.3760000000002
1697,14,client13,maurits-dijk-6f807020client131-84w9z,sidecar,563.9280000000017
1698,14,server,maurits-dijk-6f807020server1-7wfjx,hfl-train-model,761.7089999999989
1699,14,server,maurits-dijk-6f807020server1-7wfjx,hfl-train,489.0720000000001
1700,14,server,maurits-dijk-6f807020server1-7wfjx,sidecar,455.4810000000007
1701,14,client17,maurits-dijk-6f807020client171-twl6l,hfl-train,637.5749999999989
1702,14,client17,maurits-dijk-6f807020client171-twl6l,sidecar,552.4230000000007
1703,14,client17,maurits-dijk-6f807020client171-twl6l,hfl-train-model,610.527
1704,14,client9,maurits-dijk-6f807020client91-5jv2l,hfl-train-model,722.0430000000015
1705,14,client9,maurits-dijk-6f807020client91-5jv2l,hfl-train,752.7029999999995
1706,14,client9,maurits-dijk-6f807020client91-5jv2l,sidecar,604.1580000000004
1707,14,client5,maurits-dijk-6f807020client51-vm9l9,hfl-train,745.5240000000013
1708,14,client5,maurits-dijk-6f807020client51-vm9l9,hfl-train-model,720.3240000000005
1709,14,client5,maurits-dijk-6f807020client51-vm9l9,sidecar,649.5960000000014
1710,15,client4,client4-744474fb99-gl9r2,linkerd-init,0.0
1711,15,client17,client17-69b85b5ccf-dvz4t,linkerd-init,0.0
1712,15,client15,client15-79c969ddf-sh5bw,linkerd-init,0.0
1713,15,client9,client9-d68fb99b4-k9vg6,linkerd-init,0.0
1714,15,client5,client5-7d5ff7f8b4-brd9c,sidecar,641.3099999999995
1715,15,client5,client5-7d5ff7f8b4-brd9c,client5,672.018
1716,15,client5,client5-7d5ff7f8b4-brd9c,linkerd-proxy,668.2349999999988
1717,15,client5,client5-7d5ff7f8b4-brd9c,linkerd-init,0.0
1718,15,client12,client12-79bc8d5846-zzqc9,linkerd-init,0.0
1719,15,client16,client16-6dc7f87f54-6ds2v,client16,658.2510000000002
1720,15,client16,client16-6dc7f87f54-6ds2v,linkerd-init,0.0
1721,15,client16,client16-6dc7f87f54-6ds2v,linkerd-proxy,658.098
1722,15,client16,client16-6dc7f87f54-6ds2v,sidecar,656.9520000000011
1723,15,client2,client2-86cd6d8cf7-fhcn2,sidecar,681.9060000000009
1724,15,client2,client2-86cd6d8cf7-fhcn2,linkerd-proxy,683.1389999999992
1725,15,client2,client2-86cd6d8cf7-fhcn2,client2,683.3250000000007
1726,15,client2,client2-86cd6d8cf7-fhcn2,linkerd-init,0.0
1727,15,client3,client3-58c68898cd-bdhkm,linkerd-init,0.0
1728,15,client3,client3-58c68898cd-bdhkm,linkerd-proxy,740.4599999999991
1729,15,client3,client3-58c68898cd-bdhkm,client3,740.6399999999994
1730,15,client3,client3-58c68898cd-bdhkm,sidecar,738.4290000000001
1731,15,client18,client18-69db77c748-zd2nw,sidecar,702.6419999999998
1732,15,client18,client18-69db77c748-zd2nw,client18,704.2710000000006
1733,15,client18,client18-69db77c748-zd2nw,linkerd-proxy,703.9709999999977
1734,15,client18,client18-69db77c748-zd2nw,linkerd-init,0.0
1735,15,client7,client7-544486cc98-9868c,linkerd-init,0.0
1736,15,client7,client7-544486cc98-9868c,sidecar,876.1740000000009
1737,15,client7,client7-544486cc98-9868c,client7,877.6530000000002
1738,15,client7,client7-544486cc98-9868c,linkerd-proxy,877.353000000001
1739,15,client11,client11-565c48c7c7-lw7gs,client11,713.4809999999998
1740,15,client11,client11-565c48c7c7-lw7gs,sidecar,711.9719999999998
1741,15,client11,client11-565c48c7c7-lw7gs,linkerd-init,0.0
1742,15,client11,client11-565c48c7c7-lw7gs,linkerd-proxy,713.2739999999994
1743,15,client19,client19-56fccdb4d9-wjnk9,sidecar,642.7049999999999
1744,15,client19,client19-56fccdb4d9-wjnk9,linkerd-init,0.0
1745,15,client19,client19-56fccdb4d9-wjnk9,client19,644.139000000001
1746,15,client19,client19-56fccdb4d9-wjnk9,linkerd-proxy,643.8929999999982
1747,15,client1,client1-7b9db886dd-jbg8t,linkerd-init,0.0
1748,15,client1,client1-7b9db886dd-jbg8t,linkerd-proxy,612.8430000000008
1749,15,client13,client13-7bf86f4f87-hcszg,sidecar,521.3520000000008
1750,15,client13,client13-7bf86f4f87-hcszg,client13,610.0379999999986
1751,15,client13,client13-7bf86f4f87-hcszg,linkerd-proxy,605.9099999999999
1752,15,client13,client13-7bf86f4f87-hcszg,linkerd-init,0.0
1753,15,client20,client20-65f8864f77-vk8dc,client20,951.9689999999991
1754,15,client20,client20-65f8864f77-vk8dc,linkerd-proxy,951.7529999999988
1755,15,client20,client20-65f8864f77-vk8dc,sidecar,950.1450000000004
1756,15,client20,client20-65f8864f77-vk8dc,linkerd-init,0.0
1757,15,server,server-656f98b57f-sk96x,linkerd-proxy,579.8640000000005
1758,15,server,server-656f98b57f-sk96x,linkerd-init,0.0
1759,15,client8,client8-5845965f99-9c4w8,sidecar,881.8799999999992
1760,15,client8,client8-5845965f99-9c4w8,linkerd-init,0.0
1761,15,client8,client8-5845965f99-9c4w8,client8,883.4970000000012
1762,15,client8,client8-5845965f99-9c4w8,linkerd-proxy,883.2119999999995
1763,15,client14,client14-856b5b5576-drb54,linkerd-proxy,862.8810000000012
1764,15,client14,client14-856b5b5576-drb54,sidecar,861.2999999999993
1765,15,client14,client14-856b5b5576-drb54,linkerd-init,0.0
1766,15,client14,client14-856b5b5576-drb54,client14,863.139000000001
1767,15,client10,client10-694b6b97b4-9qcj5,client10,755.0429999999978
1768,15,client10,client10-694b6b97b4-9qcj5,sidecar,670.2990000000009
1769,15,client10,client10-694b6b97b4-9qcj5,linkerd-init,0.0
1770,15,client10,client10-694b6b97b4-9qcj5,linkerd-proxy,754.9680000000008
1771,15,orchestrator,policy-enforcer-cb8dccbd8-6vw8c,policy-enforcer,286.3560000000007
1772,15,orchestrator,orchestrator-555f7b7c9d-6h49d,linkerd-proxy,346.36199999999917
1773,15,orchestrator,policy-enforcer-cb8dccbd8-6vw8c,linkerd-init,0.0
1774,15,api-gateway,api-gateway-6bf76d45b7-9lchh,linkerd-init,0.0
1775,15,orchestrator,policy-enforcer-cb8dccbd8-6vw8c,linkerd-proxy,346.41899999999987
1776,15,orchestrator,policy-enforcer-cb8dccbd8-6vw8c,sidecar,345.677999999999
1777,15,orchestrator,orchestrator-555f7b7c9d-6h49d,linkerd-init,0.0
1778,15,api-gateway,api-gateway-6bf76d45b7-9lchh,linkerd-proxy,365.433
1779,15,client6,client6-785d875985-jhrvw,client6,793.4760000000006
1780,15,client6,client6-785d875985-jhrvw,sidecar,791.3430000000008
1781,15,client6,client6-785d875985-jhrvw,linkerd-proxy,793.2810000000009
1782,15,client6,client6-785d875985-jhrvw,linkerd-init,0.0
1783,15,client4,client4-744474fb99-gl9r2,linkerd-proxy,662.7479999999996
1784,15,client4,client4-744474fb99-gl9r2,sidecar,660.8909999999996
1785,15,client4,client4-744474fb99-gl9r2,client4,662.9879999999994
1786,15,client17,client17-69b85b5ccf-dvz4t,sidecar,641.4959999999992
1787,15,client17,client17-69b85b5ccf-dvz4t,client17,646.8510000000006
1788,15,client17,client17-69b85b5ccf-dvz4t,linkerd-proxy,644.844000000001
1789,15,client15,client15-79c969ddf-sh5bw,client15,686.2409999999982
1790,15,client15,client15-79c969ddf-sh5bw,linkerd-proxy,685.8360000000011
1791,15,client15,client15-79c969ddf-sh5bw,sidecar,684.6569999999992
1792,15,client9,client9-d68fb99b4-k9vg6,sidecar,601.4310000000005
1793,15,client9,client9-d68fb99b4-k9vg6,client9,657.8430000000008
1794,15,client9,client9-d68fb99b4-k9vg6,linkerd-proxy,654.860999999999
1795,15,client12,client12-79bc8d5846-zzqc9,sidecar,678.5070000000014
1796,15,client12,client12-79bc8d5846-zzqc9,client12,708.2910000000011
1797,15,client12,client12-79bc8d5846-zzqc9,linkerd-proxy,708.0959999999995
1798,15,client1,client1-7b9db886dd-jbg8t,client1,615.5669999999991
1799,15,client1,client1-7b9db886dd-jbg8t,sidecar,606.9929999999986
1800,15,server,server-656f98b57f-sk96x,sidecar,482.1750000000002
1801,15,server,server-656f98b57f-sk96x,server,594.6630000000005
1802,15,api-gateway,api-gateway-6bf76d45b7-9lchh,api-gateway,375.2370000000001
1803,15,orchestrator,orchestrator-555f7b7c9d-6h49d,orchestrator,162.86699999999973
1804,15,api-gateway,api-gateway-6bf76d45b7-9lchh,sidecar,301.6080000000002
1805,15,orchestrator,orchestrator-555f7b7c9d-6h49d,sidecar,307.7399999999998
1806,15,client1,maurits-dijk-6f807020client11-64jrn,hfl-train,635.6640000000007
1807,15,client1,maurits-dijk-6f807020client11-64jrn,hfl-train-model,606.0509999999995
1808,15,client1,maurits-dijk-6f807020client11-64jrn,sidecar,510.41699999999946
1809,15,client13,maurits-dijk-6f807020client131-84w9z,hfl-train,641.2560000000012
1810,15,client13,maurits-dijk-6f807020client131-84w9z,hfl-train-model,603.1260000000002
1811,15,client13,maurits-dijk-6f807020client131-84w9z,sidecar,460.99199999999837
1812,15,server,maurits-dijk-6f807020server1-7wfjx,hfl-train-model,841.3019999999997
1813,15,server,maurits-dijk-6f807020server1-7wfjx,hfl-train,575.4360000000006
1814,15,server,maurits-dijk-6f807020server1-7wfjx,sidecar,530.0339999999997
1815,15,client17,maurits-dijk-6f807020client171-twl6l,hfl-train,667.5360000000001
1816,15,client17,maurits-dijk-6f807020client171-twl6l,sidecar,522.0959999999995
1817,15,client17,maurits-dijk-6f807020client171-twl6l,hfl-train-model,641.7299999999996
1818,15,client9,maurits-dijk-6f807020client91-5jv2l,hfl-train-model,649.5119999999988
1819,15,client9,maurits-dijk-6f807020client91-5jv2l,hfl-train,680.8199999999997
1820,15,client9,maurits-dijk-6f807020client91-5jv2l,sidecar,548.2949999999983
1821,15,client5,maurits-dijk-6f807020client51-vm9l9,hfl-train,693.0360000000001
1822,15,client5,maurits-dijk-6f807020client51-vm9l9,hfl-train-model,666.393
1823,15,client5,maurits-dijk-6f807020client51-vm9l9,sidecar,617.9340000000011
1824,16,client4,client4-744474fb99-gl9r2,linkerd-init,0.0
1825,16,client17,client17-69b85b5ccf-dvz4t,linkerd-init,0.0
1826,16,client15,client15-79c969ddf-sh5bw,linkerd-init,0.0
1827,16,client9,client9-d68fb99b4-k9vg6,linkerd-init,0.0
1828,16,client5,client5-7d5ff7f8b4-brd9c,sidecar,638.2110000000011
1829,16,client5,client5-7d5ff7f8b4-brd9c,client5,686.2860000000019
1830,16,client5,client5-7d5ff7f8b4-brd9c,linkerd-proxy,683.5499999999993
1831,16,client5,client5-7d5ff7f8b4-brd9c,linkerd-init,0.0
1832,16,client12,client12-79bc8d5846-zzqc9,linkerd-init,0.0
1833,16,client16,client16-6dc7f87f54-6ds2v,client16,725.5349999999999
1834,16,client16,client16-6dc7f87f54-6ds2v,linkerd-init,0.0
1835,16,client16,client16-6dc7f87f54-6ds2v,linkerd-proxy,725.2290000000012
1836,16,client16,client16-6dc7f87f54-6ds2v,sidecar,723.9929999999986
1837,16,client2,client2-86cd6d8cf7-fhcn2,sidecar,750.4679999999989
1838,16,client2,client2-86cd6d8cf7-fhcn2,linkerd-proxy,751.8990000000013
1839,16,client2,client2-86cd6d8cf7-fhcn2,client2,752.0099999999984
1840,16,client2,client2-86cd6d8cf7-fhcn2,linkerd-init,0.0
1841,16,client3,client3-58c68898cd-bdhkm,linkerd-init,0.0
1842,16,client3,client3-58c68898cd-bdhkm,linkerd-proxy,681.0750000000007
1843,16,client3,client3-58c68898cd-bdhkm,client3,681.0149999999994
1844,16,client3,client3-58c68898cd-bdhkm,sidecar,678.8129999999983
1845,16,client18,client18-69db77c748-zd2nw,sidecar,678.3150000000005
1846,16,client18,client18-69db77c748-zd2nw,client18,679.9470000000019
1847,16,client18,client18-69db77c748-zd2nw,linkerd-proxy,679.8870000000006
1848,16,client18,client18-69db77c748-zd2nw,linkerd-init,0.0
1849,16,client7,client7-544486cc98-9868c,linkerd-init,0.0
1850,16,client7,client7-544486cc98-9868c,sidecar,758.6309999999994
1851,16,client7,client7-544486cc98-9868c,client7,760.1129999999994
1852,16,client7,client7-544486cc98-9868c,linkerd-proxy,759.7979999999989
1853,16,client11,client11-565c48c7c7-lw7gs,client11,701.3429999999989
1854,16,client11,client11-565c48c7c7-lw7gs,sidecar,699.8310000000001
1855,16,client11,client11-565c48c7c7-lw7gs,linkerd-init,0.0
1856,16,client11,client11-565c48c7c7-lw7gs,linkerd-proxy,701.1299999999992
1857,16,client19,client19-56fccdb4d9-wjnk9,sidecar,728.8680000000004
1858,16,client19,client19-56fccdb4d9-wjnk9,linkerd-init,0.0
1859,16,client19,client19-56fccdb4d9-wjnk9,client19,730.3260000000009
1860,16,client19,client19-56fccdb4d9-wjnk9,linkerd-proxy,730.3080000000009
1861,16,client1,client1-7b9db886dd-jbg8t,linkerd-init,0.0
1862,16,client1,client1-7b9db886dd-jbg8t,linkerd-proxy,637.3619999999992
1863,16,client13,client13-7bf86f4f87-hcszg,sidecar,558.7379999999994
1864,16,client13,client13-7bf86f4f87-hcszg,client13,642.0150000000012
1865,16,client13,client13-7bf86f4f87-hcszg,linkerd-proxy,637.0379999999986
1866,16,client13,client13-7bf86f4f87-hcszg,linkerd-init,0.0
1867,16,client20,client20-65f8864f77-vk8dc,client20,687.4980000000014
1868,16,client20,client20-65f8864f77-vk8dc,linkerd-proxy,687.4980000000014
1869,16,client20,client20-65f8864f77-vk8dc,sidecar,685.719000000001
1870,16,client20,client20-65f8864f77-vk8dc,linkerd-init,0.0
1871,16,server,server-656f98b57f-sk96x,linkerd-proxy,482.0189999999984
1872,16,server,server-656f98b57f-sk96x,linkerd-init,0.0
1873,16,client8,client8-5845965f99-9c4w8,sidecar,720.3120000000017
1874,16,client8,client8-5845965f99-9c4w8,linkerd-init,0.0
1875,16,client8,client8-5845965f99-9c4w8,client8,721.6950000000015
1876,16,client8,client8-5845965f99-9c4w8,linkerd-proxy,721.3649999999998
1877,16,client14,client14-856b5b5576-drb54,linkerd-proxy,710.6850000000013
1878,16,client14,client14-856b5b5576-drb54,sidecar,709.2690000000002
1879,16,client14,client14-856b5b5576-drb54,linkerd-init,0.0
1880,16,client14,client14-856b5b5576-drb54,client14,710.898000000001
1881,16,client10,client10-694b6b97b4-9qcj5,client10,688.8720000000012
1882,16,client10,client10-694b6b97b4-9qcj5,sidecar,620.7600000000002
1883,16,client10,client10-694b6b97b4-9qcj5,linkerd-init,0.0
1884,16,client10,client10-694b6b97b4-9qcj5,linkerd-proxy,689.0969999999998
1885,16,orchestrator,policy-enforcer-cb8dccbd8-6vw8c,policy-enforcer,329.067
1886,16,orchestrator,orchestrator-555f7b7c9d-6h49d,linkerd-proxy,423.14100000000053
1887,16,orchestrator,policy-enforcer-cb8dccbd8-6vw8c,linkerd-init,0.0
1888,16,api-gateway,api-gateway-6bf76d45b7-9lchh,linkerd-init,0.0
1889,16,orchestrator,policy-enforcer-cb8dccbd8-6vw8c,linkerd-proxy,423.183
1890,16,orchestrator,policy-enforcer-cb8dccbd8-6vw8c,sidecar,422.23199999999997
1891,16,orchestrator,orchestrator-555f7b7c9d-6h49d,linkerd-init,0.0
1892,16,api-gateway,api-gateway-6bf76d45b7-9lchh,linkerd-proxy,443.1300000000001
1893,16,client6,client6-785d875985-jhrvw,client6,872.0910000000003
1894,16,client6,client6-785d875985-jhrvw,sidecar,869.5049999999992
1895,16,client6,client6-785d875985-jhrvw,linkerd-proxy,872.0310000000009
1896,16,client6,client6-785d875985-jhrvw,linkerd-init,0.0
1897,16,client4,client4-744474fb99-gl9r2,linkerd-proxy,860.5049999999992
1898,16,client4,client4-744474fb99-gl9r2,sidecar,858.0390000000007
1899,16,client4,client4-744474fb99-gl9r2,client4,860.5349999999999
1900,16,client17,client17-69b85b5ccf-dvz4t,sidecar,717.3630000000012
1901,16,client17,client17-69b85b5ccf-dvz4t,client17,737.8979999999992
1902,16,client17,client17-69b85b5ccf-dvz4t,linkerd-proxy,734.6999999999989
1903,16,client15,client15-79c969ddf-sh5bw,client15,856.0980000000018
1904,16,client15,client15-79c969ddf-sh5bw,linkerd-proxy,855.8999999999978
1905,16,client15,client15-79c969ddf-sh5bw,sidecar,854.360999999999
1906,16,client9,client9-d68fb99b4-k9vg6,sidecar,642.887999999999
1907,16,client9,client9-d68fb99b4-k9vg6,client9,701.2709999999988
1908,16,client9,client9-d68fb99b4-k9vg6,linkerd-proxy,701.2290000000012
1909,16,client12,client12-79bc8d5846-zzqc9,sidecar,715.4609999999993
1910,16,client12,client12-79bc8d5846-zzqc9,client12,749.9639999999999
1911,16,client12,client12-79bc8d5846-zzqc9,linkerd-proxy,749.9639999999999
1912,16,client1,client1-7b9db886dd-jbg8t,client1,640.3649999999998
1913,16,client1,client1-7b9db886dd-jbg8t,sidecar,632.6550000000025
1914,16,server,server-656f98b57f-sk96x,sidecar,432.6390000000001
1915,16,server,server-656f98b57f-sk96x,server,495.78299999999945
1916,16,api-gateway,api-gateway-6bf76d45b7-9lchh,api-gateway,448.97100000000046
1917,16,orchestrator,orchestrator-555f7b7c9d-6h49d,orchestrator,206.9070000000006
1918,16,api-gateway,api-gateway-6bf76d45b7-9lchh,sidecar,380.22299999999905
1919,16,orchestrator,orchestrator-555f7b7c9d-6h49d,sidecar,383.16299999999956
1920,16,client1,maurits-dijk-6f807020client11-64jrn,hfl-train,665.378999999999
1921,16,client1,maurits-dijk-6f807020client11-64jrn,hfl-train-model,630.8279999999995
1922,16,client1,maurits-dijk-6f807020client11-64jrn,sidecar,533.4899999999998
1923,16,client13,maurits-dijk-6f807020client131-84w9z,hfl-train,669.5969999999998
1924,16,client13,maurits-dijk-6f807020client131-84w9z,hfl-train-model,633.8429999999989
1925,16,client13,maurits-dijk-6f807020client131-84w9z,sidecar,554.2710000000006
1926,16,server,maurits-dijk-6f807020server1-7wfjx,hfl-train-model,777.7109999999993
1927,16,server,maurits-dijk-6f807020server1-7wfjx,hfl-train,476.8860000000004
1928,16,server,maurits-dijk-6f807020server1-7wfjx,sidecar,424.4490000000005
1929,16,client17,maurits-dijk-6f807020client171-twl6l,hfl-train,760.8870000000006
1930,16,client17,maurits-dijk-6f807020client171-twl6l,sidecar,655.0380000000005
1931,16,client17,maurits-dijk-6f807020client171-twl6l,hfl-train-model,731.8500000000004
1932,16,client9,maurits-dijk-6f807020client91-5jv2l,hfl-train-model,695.7060000000001
1933,16,client9,maurits-dijk-6f807020client91-5jv2l,hfl-train,726.7049999999999
1934,16,client9,maurits-dijk-6f807020client91-5jv2l,sidecar,618.0510000000013
1935,16,client5,maurits-dijk-6f807020client51-vm9l9,hfl-train,708.3419999999987
1936,16,client5,maurits-dijk-6f807020client51-vm9l9,hfl-train-model,681.503999999999
1937,16,client5,maurits-dijk-6f807020client51-vm9l9,sidecar,610.2119999999995
1938,17,client4,client4-744474fb99-gl9r2,linkerd-init,0.0
1939,17,client17,client17-69b85b5ccf-dvz4t,linkerd-init,0.0
1940,17,client15,client15-79c969ddf-sh5bw,linkerd-init,0.0
1941,17,client9,client9-d68fb99b4-k9vg6,linkerd-init,0.0
1942,17,client5,client5-7d5ff7f8b4-brd9c,sidecar,721.8629999999994
1943,17,client5,client5-7d5ff7f8b4-brd9c,client5,747.8459999999977
1944,17,client5,client5-7d5ff7f8b4-brd9c,linkerd-proxy,745.7130000000016
1945,17,client5,client5-7d5ff7f8b4-brd9c,linkerd-init,0.0
1946,17,client12,client12-79bc8d5846-zzqc9,linkerd-init,0.0
1947,17,client16,client16-6dc7f87f54-6ds2v,client16,889.6949999999997
1948,17,client16,client16-6dc7f87f54-6ds2v,linkerd-init,0.0
1949,17,client16,client16-6dc7f87f54-6ds2v,linkerd-proxy,889.3289999999979
1950,17,client16,client16-6dc7f87f54-6ds2v,sidecar,887.8829999999998
1951,17,client2,client2-86cd6d8cf7-fhcn2,sidecar,911.7960000000003
1952,17,client2,client2-86cd6d8cf7-fhcn2,linkerd-proxy,913.3439999999991
1953,17,client2,client2-86cd6d8cf7-fhcn2,client2,913.6380000000008
1954,17,client2,client2-86cd6d8cf7-fhcn2,linkerd-init,0.0
1955,17,client3,client3-58c68898cd-bdhkm,linkerd-init,0.0
1956,17,client3,client3-58c68898cd-bdhkm,linkerd-proxy,877.491
1957,17,client3,client3-58c68898cd-bdhkm,client3,877.4310000000005
1958,17,client3,client3-58c68898cd-bdhkm,sidecar,874.9380000000019
1959,17,client18,client18-69db77c748-zd2nw,sidecar,831.0149999999994
1960,17,client18,client18-69db77c748-zd2nw,client18,832.9319999999989
1961,17,client18,client18-69db77c748-zd2nw,linkerd-proxy,832.7610000000004
1962,17,client18,client18-69db77c748-zd2nw,linkerd-init,0.0
1963,17,client7,client7-544486cc98-9868c,linkerd-init,0.0
1964,17,client7,client7-544486cc98-9868c,sidecar,857.3130000000001
1965,17,client7,client7-544486cc98-9868c,client7,858.9930000000004
1966,17,client7,client7-544486cc98-9868c,linkerd-proxy,858.6540000000005
1967,17,client11,client11-565c48c7c7-lw7gs,client11,862.3770000000004
1968,17,client11,client11-565c48c7c7-lw7gs,sidecar,860.7299999999996
1969,17,client11,client11-565c48c7c7-lw7gs,linkerd-init,0.0
1970,17,client11,client11-565c48c7c7-lw7gs,linkerd-proxy,862.1700000000019
1971,17,client19,client19-56fccdb4d9-wjnk9,sidecar,882.1860000000015
1972,17,client19,client19-56fccdb4d9-wjnk9,linkerd-init,0.0
1973,17,client19,client19-56fccdb4d9-wjnk9,client19,883.8780000000006
1974,17,client19,client19-56fccdb4d9-wjnk9,linkerd-proxy,883.7160000000003
1975,17,client1,client1-7b9db886dd-jbg8t,linkerd-init,0.0
1976,17,client1,client1-7b9db886dd-jbg8t,linkerd-proxy,727.125
1977,17,client13,client13-7bf86f4f87-hcszg,sidecar,574.0890000000018
1978,17,client13,client13-7bf86f4f87-hcszg,client13,621.0660000000007
1979,17,client13,client13-7bf86f4f87-hcszg,linkerd-proxy,617.5350000000017
1980,17,client13,client13-7bf86f4f87-hcszg,linkerd-init,0.0
1981,17,client20,client20-65f8864f77-vk8dc,client20,658.7729999999974
1982,17,client20,client20-65f8864f77-vk8dc,linkerd-proxy,658.7099999999991
1983,17,client20,client20-65f8864f77-vk8dc,sidecar,657.2759999999998
1984,17,client20,client20-65f8864f77-vk8dc,linkerd-init,0.0
1985,17,server,server-656f98b57f-sk96x,linkerd-proxy,475.2990000000009
1986,17,server,server-656f98b57f-sk96x,linkerd-init,0.0
1987,17,client8,client8-5845965f99-9c4w8,sidecar,708.9599999999991
1988,17,client8,client8-5845965f99-9c4w8,linkerd-init,0.0
1989,17,client8,client8-5845965f99-9c4w8,client8,710.4749999999985
1990,17,client8,client8-5845965f99-9c4w8,linkerd-proxy,710.0519999999997
1991,17,client14,client14-856b5b5576-drb54,linkerd-proxy,734.8349999999991
1992,17,client14,client14-856b5b5576-drb54,sidecar,733.4669999999987
1993,17,client14,client14-856b5b5576-drb54,linkerd-init,0.0
1994,17,client14,client14-856b5b5576-drb54,client14,735.1139999999978
1995,17,client10,client10-694b6b97b4-9qcj5,client10,696.6749999999993
1996,17,client10,client10-694b6b97b4-9qcj5,sidecar,612.393
1997,17,client10,client10-694b6b97b4-9qcj5,linkerd-init,0.0
1998,17,client10,client10-694b6b97b4-9qcj5,linkerd-proxy,696.6719999999987
1999,17,orchestrator,policy-enforcer-cb8dccbd8-6vw8c,policy-enforcer,280.9800000000005
2000,17,orchestrator,orchestrator-555f7b7c9d-6h49d,linkerd-proxy,344.6940000000004
2001,17,orchestrator,policy-enforcer-cb8dccbd8-6vw8c,linkerd-init,0.0
2002,17,api-gateway,api-gateway-6bf76d45b7-9lchh,linkerd-init,0.0
2003,17,orchestrator,policy-enforcer-cb8dccbd8-6vw8c,linkerd-proxy,344.799
2004,17,orchestrator,policy-enforcer-cb8dccbd8-6vw8c,sidecar,344.02199999999993
2005,17,orchestrator,orchestrator-555f7b7c9d-6h49d,linkerd-init,0.0
2006,17,api-gateway,api-gateway-6bf76d45b7-9lchh,linkerd-proxy,362.5680000000002
2007,17,client6,client6-785d875985-jhrvw,client6,825.6359999999986
2008,17,client6,client6-785d875985-jhrvw,sidecar,823.4369999999999
2009,17,client6,client6-785d875985-jhrvw,linkerd-proxy,825.5459999999985
2010,17,client6,client6-785d875985-jhrvw,linkerd-init,0.0
2011,17,client4,client4-744474fb99-gl9r2,linkerd-proxy,650.6100000000006
2012,17,client4,client4-744474fb99-gl9r2,sidecar,648.5189999999984
2013,17,client4,client4-744474fb99-gl9r2,client4,650.7000000000007
2014,17,client17,client17-69b85b5ccf-dvz4t,sidecar,618.8369999999995
2015,17,client17,client17-69b85b5ccf-dvz4t,client17,624.9449999999997
2016,17,client17,client17-69b85b5ccf-dvz4t,linkerd-proxy,621.3659999999982
2017,17,client15,client15-79c969ddf-sh5bw,client15,679.6170000000002
2018,17,client15,client15-79c969ddf-sh5bw,linkerd-proxy,679.3140000000003
2019,17,client15,client15-79c969ddf-sh5bw,sidecar,678.1229999999996
2020,17,client9,client9-d68fb99b4-k9vg6,sidecar,607.4280000000017
2021,17,client9,client9-d68fb99b4-k9vg6,client9,720.9030000000002
2022,17,client9,client9-d68fb99b4-k9vg6,linkerd-proxy,721.6380000000008
2023,17,client12,client12-79bc8d5846-zzqc9,sidecar,775.2690000000002
2024,17,client12,client12-79bc8d5846-zzqc9,client12,814.5840000000007
2025,17,client12,client12-79bc8d5846-zzqc9,linkerd-proxy,814.2810000000009
2026,17,client1,client1-7b9db886dd-jbg8t,client1,728.1720000000005
2027,17,client1,client1-7b9db886dd-jbg8t,sidecar,721.7819999999992
2028,17,server,server-656f98b57f-sk96x,sidecar,431.8080000000009
2029,17,server,server-656f98b57f-sk96x,server,492.2579999999998
2030,17,api-gateway,api-gateway-6bf76d45b7-9lchh,api-gateway,374.83799999999974
2031,17,orchestrator,orchestrator-555f7b7c9d-6h49d,orchestrator,174.0689999999995
2032,17,api-gateway,api-gateway-6bf76d45b7-9lchh,sidecar,308.78400000000147
2033,17,orchestrator,orchestrator-555f7b7c9d-6h49d,sidecar,313.59000000000015
2034,17,client1,maurits-dijk-6f807020client11-64jrn,hfl-train,753.348
2035,17,client1,maurits-dijk-6f807020client11-64jrn,hfl-train-model,720.8940000000002
2036,17,client1,maurits-dijk-6f807020client11-64jrn,sidecar,639.1560000000009
2037,17,client13,maurits-dijk-6f807020client131-84w9z,hfl-train,650.6399999999994
2038,17,client13,maurits-dijk-6f807020client131-84w9z,hfl-train-model,614.5349999999999
2039,17,client13,maurits-dijk-6f807020client131-84w9z,sidecar,497.40599999999904
2040,17,server,maurits-dijk-6f807020server1-7wfjx,hfl-train-model,763.9170000000013
2041,17,server,maurits-dijk-6f807020server1-7wfjx,hfl-train,471.65399999999863
2042,17,server,maurits-dijk-6f807020server1-7wfjx,sidecar,412.77599999999893
2043,17,client17,maurits-dijk-6f807020client171-twl6l,hfl-train,645.6779999999999
2044,17,client17,maurits-dijk-6f807020client171-twl6l,sidecar,551.2440000000006
2045,17,client17,maurits-dijk-6f807020client171-twl6l,hfl-train-model,618.9420000000009
2046,17,client9,maurits-dijk-6f807020client91-5jv2l,hfl-train-model,715.8539999999994
2047,17,client9,maurits-dijk-6f807020client91-5jv2l,hfl-train,742.7399999999998
2048,17,client9,maurits-dijk-6f807020client91-5jv2l,sidecar,631.2240000000002
2049,17,client5,maurits-dijk-6f807020client51-vm9l9,hfl-train,767.5920000000006
2050,17,client5,maurits-dijk-6f807020client51-vm9l9,hfl-train-model,743.2770000000019
2051,17,client5,maurits-dijk-6f807020client51-vm9l9,sidecar,611.3279999999995
2052,18,client4,client4-744474fb99-gl9r2,linkerd-init,0.0
2053,18,client17,client17-69b85b5ccf-dvz4t,linkerd-init,0.0
2054,18,client15,client15-79c969ddf-sh5bw,linkerd-init,0.0
2055,18,client9,client9-d68fb99b4-k9vg6,linkerd-init,0.0
2056,18,client5,client5-7d5ff7f8b4-brd9c,sidecar,550.2389999999996
2057,18,client5,client5-7d5ff7f8b4-brd9c,client5,594.135000000002
2058,18,client5,client5-7d5ff7f8b4-brd9c,linkerd-proxy,591.1979999999985
2059,18,client5,client5-7d5ff7f8b4-brd9c,linkerd-init,0.0
2060,18,client12,client12-79bc8d5846-zzqc9,linkerd-init,0.0
2061,18,client16,client16-6dc7f87f54-6ds2v,client16,720.2160000000003
2062,18,client16,client16-6dc7f87f54-6ds2v,linkerd-init,0.0
2063,18,client16,client16-6dc7f87f54-6ds2v,linkerd-proxy,720.081000000002
2064,18,client16,client16-6dc7f87f54-6ds2v,sidecar,718.8570000000018
2065,18,client2,client2-86cd6d8cf7-fhcn2,sidecar,692.5830000000005
2066,18,client2,client2-86cd6d8cf7-fhcn2,linkerd-proxy,694.0200000000004
2067,18,client2,client2-86cd6d8cf7-fhcn2,client2,694.107
2068,18,client2,client2-86cd6d8cf7-fhcn2,linkerd-init,0.0
2069,18,client3,client3-58c68898cd-bdhkm,linkerd-init,0.0
2070,18,client3,client3-58c68898cd-bdhkm,linkerd-proxy,696.5489999999991
2071,18,client3,client3-58c68898cd-bdhkm,client3,696.594000000001
2072,18,client3,client3-58c68898cd-bdhkm,sidecar,694.5330000000013
2073,18,client18,client18-69db77c748-zd2nw,sidecar,670.2060000000001
2074,18,client18,client18-69db77c748-zd2nw,client18,671.7299999999996
2075,18,client18,client18-69db77c748-zd2nw,linkerd-proxy,671.5950000000012
2076,18,client18,client18-69db77c748-zd2nw,linkerd-init,0.0
2077,18,client7,client7-544486cc98-9868c,linkerd-init,0.0
2078,18,client7,client7-544486cc98-9868c,sidecar,676.344000000001
2079,18,client7,client7-544486cc98-9868c,client7,677.7299999999996
2080,18,client7,client7-544486cc98-9868c,linkerd-proxy,677.4989999999998
2081,18,client11,client11-565c48c7c7-lw7gs,client11,710.2500000000018
2082,18,client11,client11-565c48c7c7-lw7gs,sidecar,708.8010000000013
2083,18,client11,client11-565c48c7c7-lw7gs,linkerd-init,0.0
2084,18,client11,client11-565c48c7c7-lw7gs,linkerd-proxy,709.9529999999995
2085,18,client19,client19-56fccdb4d9-wjnk9,sidecar,663.5339999999997
2086,18,client19,client19-56fccdb4d9-wjnk9,linkerd-init,0.0
2087,18,client19,client19-56fccdb4d9-wjnk9,client19,665.1449999999986
2088,18,client19,client19-56fccdb4d9-wjnk9,linkerd-proxy,664.875
2089,18,client1,client1-7b9db886dd-jbg8t,linkerd-init,0.0
2090,18,client1,client1-7b9db886dd-jbg8t,linkerd-proxy,619.5810000000001
2091,18,client13,client13-7bf86f4f87-hcszg,sidecar,677.7119999999995
2092,18,client13,client13-7bf86f4f87-hcszg,client13,813.1170000000002
2093,18,client13,client13-7bf86f4f87-hcszg,linkerd-proxy,809.4329999999991
2094,18,client13,client13-7bf86f4f87-hcszg,linkerd-init,0.0
2095,18,client20,client20-65f8864f77-vk8dc,client20,850.4340000000011
2096,18,client20,client20-65f8864f77-vk8dc,linkerd-proxy,850.280999999999
2097,18,client20,client20-65f8864f77-vk8dc,sidecar,848.598
2098,18,client20,client20-65f8864f77-vk8dc,linkerd-init,0.0
2099,18,server,server-656f98b57f-sk96x,linkerd-proxy,612.7439999999988
2100,18,server,server-656f98b57f-sk96x,linkerd-init,0.0
2101,18,client8,client8-5845965f99-9c4w8,sidecar,895.646999999999
2102,18,client8,client8-5845965f99-9c4w8,linkerd-init,0.0
2103,18,client8,client8-5845965f99-9c4w8,client8,897.2759999999998
2104,18,client8,client8-5845965f99-9c4w8,linkerd-proxy,896.9730000000018
2105,18,client14,client14-856b5b5576-drb54,linkerd-proxy,837.2639999999992
2106,18,client14,client14-856b5b5576-drb54,sidecar,835.6890000000021
2107,18,client14,client14-856b5b5576-drb54,linkerd-init,0.0
2108,18,client14,client14-856b5b5576-drb54,client14,837.648000000001
2109,18,client10,client10-694b6b97b4-9qcj5,client10,809.6730000000007
2110,18,client10,client10-694b6b97b4-9qcj5,sidecar,727.2209999999995
2111,18,client10,client10-694b6b97b4-9qcj5,linkerd-init,0.0
2112,18,client10,client10-694b6b97b4-9qcj5,linkerd-proxy,809.6190000000006
2113,18,orchestrator,policy-enforcer-cb8dccbd8-6vw8c,policy-enforcer,275.7059999999992
2114,18,orchestrator,orchestrator-555f7b7c9d-6h49d,linkerd-proxy,338.34899999999925
2115,18,orchestrator,policy-enforcer-cb8dccbd8-6vw8c,linkerd-init,0.0
2116,18,api-gateway,api-gateway-6bf76d45b7-9lchh,linkerd-init,0.0
2117,18,orchestrator,policy-enforcer-cb8dccbd8-6vw8c,linkerd-proxy,338.39999999999964
2118,18,orchestrator,policy-enforcer-cb8dccbd8-6vw8c,sidecar,337.6170000000002
2119,18,orchestrator,orchestrator-555f7b7c9d-6h49d,linkerd-init,0.0
2120,18,api-gateway,api-gateway-6bf76d45b7-9lchh,linkerd-proxy,356.39699999999993
2121,18,client6,client6-785d875985-jhrvw,client6,720.7019999999993
2122,18,client6,client6-785d875985-jhrvw,sidecar,718.9499999999989
2123,18,client6,client6-785d875985-jhrvw,linkerd-proxy,720.3600000000006
2124,18,client6,client6-785d875985-jhrvw,linkerd-init,0.0
2125,18,client4,client4-744474fb99-gl9r2,linkerd-proxy,759.2970000000005
2126,18,client4,client4-744474fb99-gl9r2,sidecar,757.3860000000022
2127,18,client4,client4-744474fb99-gl9r2,client4,759.5010000000002
2128,18,client17,client17-69b85b5ccf-dvz4t,sidecar,634.1370000000006
2129,18,client17,client17-69b85b5ccf-dvz4t,client17,639.5609999999997
2130,18,client17,client17-69b85b5ccf-dvz4t,linkerd-proxy,637.152
2131,18,client15,client15-79c969ddf-sh5bw,client15,767.1809999999987
2132,18,client15,client15-79c969ddf-sh5bw,linkerd-proxy,767.0400000000009
2133,18,client15,client15-79c969ddf-sh5bw,sidecar,765.8520000000026
2134,18,client9,client9-d68fb99b4-k9vg6,sidecar,603.1440000000002
2135,18,client9,client9-d68fb99b4-k9vg6,client9,656.2890000000007
2136,18,client9,client9-d68fb99b4-k9vg6,linkerd-proxy,654.0900000000001
2137,18,client12,client12-79bc8d5846-zzqc9,sidecar,620.3850000000002
2138,18,client12,client12-79bc8d5846-zzqc9,client12,701.3369999999995
2139,18,client12,client12-79bc8d5846-zzqc9,linkerd-proxy,701.3069999999989
2140,18,client1,client1-7b9db886dd-jbg8t,client1,620.8109999999997
2141,18,client1,client1-7b9db886dd-jbg8t,sidecar,614.4719999999998
2142,18,server,server-656f98b57f-sk96x,sidecar,527.405999999999
2143,18,server,server-656f98b57f-sk96x,server,627.2729999999992
2144,18,api-gateway,api-gateway-6bf76d45b7-9lchh,api-gateway,366.53999999999996
2145,18,orchestrator,orchestrator-555f7b7c9d-6h49d,orchestrator,170.625
2146,18,api-gateway,api-gateway-6bf76d45b7-9lchh,sidecar,301.3709999999992
2147,18,orchestrator,orchestrator-555f7b7c9d-6h49d,sidecar,305.45100000000093
2148,18,client1,maurits-dijk-6f807020client11-64jrn,hfl-train,640.6229999999996
2149,18,client1,maurits-dijk-6f807020client11-64jrn,hfl-train-model,614.1029999999992
2150,18,client1,maurits-dijk-6f807020client11-64jrn,sidecar,506.66699999999946
2151,18,client13,maurits-dijk-6f807020client131-84w9z,hfl-train,842.3279999999995
2152,18,client13,maurits-dijk-6f807020client131-84w9z,hfl-train-model,806.1750000000011
2153,18,client13,maurits-dijk-6f807020client131-84w9z,sidecar,708.264000000001
2154,18,server,maurits-dijk-6f807020server1-7wfjx,hfl-train-model,904.3499999999985
2155,18,server,maurits-dijk-6f807020server1-7wfjx,hfl-train,609.7260000000006
2156,18,server,maurits-dijk-6f807020server1-7wfjx,sidecar,538.599000000002
2157,18,client17,maurits-dijk-6f807020client171-twl6l,hfl-train,664.1700000000001
2158,18,client17,maurits-dijk-6f807020client171-twl6l,sidecar,513.9359999999997
2159,18,client17,maurits-dijk-6f807020client171-twl6l,hfl-train-model,634.4339999999993
2160,18,client9,maurits-dijk-6f807020client91-5jv2l,hfl-train-model,650.085000000001
2161,18,client9,maurits-dijk-6f807020client91-5jv2l,hfl-train,686.9759999999987
2162,18,client9,maurits-dijk-6f807020client91-5jv2l,sidecar,553.6260000000002
2163,18,client5,maurits-dijk-6f807020client51-vm9l9,hfl-train,613.7039999999997
2164,18,client5,maurits-dijk-6f807020client51-vm9l9,hfl-train-model,589.1039999999994
2165,18,client5,maurits-dijk-6f807020client51-vm9l9,sidecar,506.991
2166,19,client4,client4-744474fb99-gl9r2,linkerd-init,0.0
2167,19,client17,client17-69b85b5ccf-dvz4t,linkerd-init,0.0
2168,19,client15,client15-79c969ddf-sh5bw,linkerd-init,0.0
2169,19,client9,client9-d68fb99b4-k9vg6,linkerd-init,0.0
2170,19,client5,client5-7d5ff7f8b4-brd9c,sidecar,570.996000000001
2171,19,client5,client5-7d5ff7f8b4-brd9c,client5,587.6189999999988
2172,19,client5,client5-7d5ff7f8b4-brd9c,linkerd-proxy,585.3690000000006
2173,19,client5,client5-7d5ff7f8b4-brd9c,linkerd-init,0.0
2174,19,client12,client12-79bc8d5846-zzqc9,linkerd-init,0.0
2175,19,client16,client16-6dc7f87f54-6ds2v,client16,751.857
2176,19,client16,client16-6dc7f87f54-6ds2v,linkerd-init,0.0
2177,19,client16,client16-6dc7f87f54-6ds2v,linkerd-proxy,751.7819999999992
2178,19,client16,client16-6dc7f87f54-6ds2v,sidecar,750.512999999999
2179,19,client2,client2-86cd6d8cf7-fhcn2,sidecar,702.8819999999996
2180,19,client2,client2-86cd6d8cf7-fhcn2,linkerd-proxy,704.3310000000001
2181,19,client2,client2-86cd6d8cf7-fhcn2,client2,704.5139999999992
2182,19,client2,client2-86cd6d8cf7-fhcn2,linkerd-init,0.0
2183,19,client3,client3-58c68898cd-bdhkm,linkerd-init,0.0
2184,19,client3,client3-58c68898cd-bdhkm,linkerd-proxy,768.6990000000005
2185,19,client3,client3-58c68898cd-bdhkm,client3,768.7889999999989
2186,19,client3,client3-58c68898cd-bdhkm,sidecar,766.6679999999997
2187,19,client18,client18-69db77c748-zd2nw,sidecar,678.5460000000003
2188,19,client18,client18-69db77c748-zd2nw,client18,680.148000000001
2189,19,client18,client18-69db77c748-zd2nw,linkerd-proxy,680.0429999999978
2190,19,client18,client18-69db77c748-zd2nw,linkerd-init,0.0
2191,19,client7,client7-544486cc98-9868c,linkerd-init,0.0
2192,19,client7,client7-544486cc98-9868c,sidecar,690.8909999999996
2193,19,client7,client7-544486cc98-9868c,client7,692.2350000000006
2194,19,client7,client7-544486cc98-9868c,linkerd-proxy,692.0400000000009
2195,19,client11,client11-565c48c7c7-lw7gs,client11,752.3489999999983
2196,19,client11,client11-565c48c7c7-lw7gs,sidecar,751.0619999999999
2197,19,client11,client11-565c48c7c7-lw7gs,linkerd-init,0.0
2198,19,client11,client11-565c48c7c7-lw7gs,linkerd-proxy,752.2080000000005
2199,19,client19,client19-56fccdb4d9-wjnk9,sidecar,699.476999999999
2200,19,client19,client19-56fccdb4d9-wjnk9,linkerd-init,0.0
2201,19,client19,client19-56fccdb4d9-wjnk9,client19,701.0339999999997
2202,19,client19,client19-56fccdb4d9-wjnk9,linkerd-proxy,700.7609999999986
2203,19,client1,client1-7b9db886dd-jbg8t,linkerd-init,0.0
2204,19,client1,client1-7b9db886dd-jbg8t,linkerd-proxy,670.5900000000001
2205,19,client13,client13-7bf86f4f87-hcszg,sidecar,540.6839999999993
2206,19,client13,client13-7bf86f4f87-hcszg,client13,613.628999999999
2207,19,client13,client13-7bf86f4f87-hcszg,linkerd-proxy,609.8819999999996
2208,19,client13,client13-7bf86f4f87-hcszg,linkerd-init,0.0
2209,19,client20,client20-65f8864f77-vk8dc,client20,758.7569999999996
2210,19,client20,client20-65f8864f77-vk8dc,linkerd-proxy,758.5920000000006
2211,19,client20,client20-65f8864f77-vk8dc,sidecar,757.1999999999989
2212,19,client20,client20-65f8864f77-vk8dc,linkerd-init,0.0
2213,19,server,server-656f98b57f-sk96x,linkerd-proxy,495.8250000000007
2214,19,server,server-656f98b57f-sk96x,linkerd-init,0.0
2215,19,client8,client8-5845965f99-9c4w8,sidecar,760.4279999999999
2216,19,client8,client8-5845965f99-9c4w8,linkerd-init,0.0
2217,19,client8,client8-5845965f99-9c4w8,client8,761.8049999999985
2218,19,client8,client8-5845965f99-9c4w8,linkerd-proxy,761.5499999999993
2219,19,client14,client14-856b5b5576-drb54,linkerd-proxy,738.3029999999999
2220,19,client14,client14-856b5b5576-drb54,sidecar,736.9979999999996
2221,19,client14,client14-856b5b5576-drb54,linkerd-init,0.0
2222,19,client14,client14-856b5b5576-drb54,client14,738.5519999999997
2223,19,client10,client10-694b6b97b4-9qcj5,client10,776.5889999999981
2224,19,client10,client10-694b6b97b4-9qcj5,sidecar,652.3829999999998
2225,19,client10,client10-694b6b97b4-9qcj5,linkerd-init,0.0
2226,19,client10,client10-694b6b97b4-9qcj5,linkerd-proxy,776.6129999999994
2227,19,orchestrator,policy-enforcer-cb8dccbd8-6vw8c,policy-enforcer,311.9490000000005
2228,19,orchestrator,orchestrator-555f7b7c9d-6h49d,linkerd-proxy,404.77500000000055
2229,19,orchestrator,policy-enforcer-cb8dccbd8-6vw8c,linkerd-init,0.0
2230,19,api-gateway,api-gateway-6bf76d45b7-9lchh,linkerd-init,0.0
2231,19,orchestrator,policy-enforcer-cb8dccbd8-6vw8c,linkerd-proxy,404.862000000001
2232,19,orchestrator,policy-enforcer-cb8dccbd8-6vw8c,sidecar,380.77799999999934
2233,19,orchestrator,orchestrator-555f7b7c9d-6h49d,linkerd-init,0.0
2234,19,api-gateway,api-gateway-6bf76d45b7-9lchh,linkerd-proxy,423.9479999999994
2235,19,client6,client6-785d875985-jhrvw,client6,904.1910000000025
2236,19,client6,client6-785d875985-jhrvw,sidecar,901.7490000000016
2237,19,client6,client6-785d875985-jhrvw,linkerd-proxy,904.025999999998
2238,19,client6,client6-785d875985-jhrvw,linkerd-init,0.0
2239,19,client4,client4-744474fb99-gl9r2,linkerd-proxy,827.2049999999999
2240,19,client4,client4-744474fb99-gl9r2,sidecar,824.5829999999987
2241,19,client4,client4-744474fb99-gl9r2,client4,827.1599999999999
2242,19,client17,client17-69b85b5ccf-dvz4t,sidecar,746.4419999999991
2243,19,client17,client17-69b85b5ccf-dvz4t,client17,765.2700000000023
2244,19,client17,client17-69b85b5ccf-dvz4t,linkerd-proxy,760.8090000000011
2245,19,client15,client15-79c969ddf-sh5bw,client15,849.0780000000013
2246,19,client15,client15-79c969ddf-sh5bw,linkerd-proxy,848.9009999999998
2247,19,client15,client15-79c969ddf-sh5bw,sidecar,847.4039999999986
2248,19,client9,client9-d68fb99b4-k9vg6,sidecar,777.9509999999991
2249,19,client9,client9-d68fb99b4-k9vg6,client9,811.3199999999997
2250,19,client9,client9-d68fb99b4-k9vg6,linkerd-proxy,811.262999999999
2251,19,client12,client12-79bc8d5846-zzqc9,sidecar,622.1009999999987
2252,19,client12,client12-79bc8d5846-zzqc9,client12,716.8320000000003
2253,19,client12,client12-79bc8d5846-zzqc9,linkerd-proxy,716.6790000000001
2254,19,client1,client1-7b9db886dd-jbg8t,client1,670.7970000000005
2255,19,client1,client1-7b9db886dd-jbg8t,sidecar,665.652
2256,19,server,server-656f98b57f-sk96x,sidecar,442.83300000000054
2257,19,server,server-656f98b57f-sk96x,server,512.6520000000019
2258,19,api-gateway,api-gateway-6bf76d45b7-9lchh,api-gateway,439.3649999999998
2259,19,orchestrator,orchestrator-555f7b7c9d-6h49d,orchestrator,235.3710000000001
2260,19,api-gateway,api-gateway-6bf76d45b7-9lchh,sidecar,363.45300000000043
2261,19,orchestrator,orchestrator-555f7b7c9d-6h49d,sidecar,364.7460000000001
2262,19,client1,maurits-dijk-6f807020client11-64jrn,hfl-train,691.4700000000012
2263,19,client1,maurits-dijk-6f807020client11-64jrn,hfl-train-model,665.121000000001
2264,19,client1,maurits-dijk-6f807020client11-64jrn,sidecar,573.219000000001
2265,19,client13,maurits-dijk-6f807020client131-84w9z,hfl-train,642.8819999999996
2266,19,client13,maurits-dijk-6f807020client131-84w9z,hfl-train-model,606.9299999999985
2267,19,client13,maurits-dijk-6f807020client131-84w9z,sidecar,488.771999999999
2268,19,server,maurits-dijk-6f807020server1-7wfjx,hfl-train-model,773.4300000000003
2269,19,server,maurits-dijk-6f807020server1-7wfjx,hfl-train,490.3289999999997
2270,19,server,maurits-dijk-6f807020server1-7wfjx,sidecar,421.65899999999965
2271,19,client17,maurits-dijk-6f807020client171-twl6l,hfl-train,786.3060000000005
2272,19,client17,maurits-dijk-6f807020client171-twl6l,sidecar,710.6280000000006
2273,19,client17,maurits-dijk-6f807020client171-twl6l,hfl-train-model,758.2170000000006
2274,19,client9,maurits-dijk-6f807020client91-5jv2l,hfl-train-model,805.2990000000009
2275,19,client9,maurits-dijk-6f807020client91-5jv2l,hfl-train,831.8700000000008
2276,19,client9,maurits-dijk-6f807020client91-5jv2l,sidecar,732.101999999999
2277,19,client5,maurits-dijk-6f807020client51-vm9l9,hfl-train,607.0740000000005
2278,19,client5,maurits-dijk-6f807020client51-vm9l9,hfl-train-model,583.1700000000001
2279,19,client5,maurits-dijk-6f807020client51-vm9l9,sidecar,516.3359999999993
2280,20,client4,client4-744474fb99-gl9r2,linkerd-init,0.0
2281,20,client17,client17-69b85b5ccf-dvz4t,linkerd-init,0.0
2282,20,client15,client15-79c969ddf-sh5bw,linkerd-init,0.0
2283,20,client9,client9-d68fb99b4-k9vg6,linkerd-init,0.0
2284,20,client5,client5-7d5ff7f8b4-brd9c,sidecar,692.0969999999998
2285,20,client5,client5-7d5ff7f8b4-brd9c,client5,695.7749999999996
2286,20,client5,client5-7d5ff7f8b4-brd9c,linkerd-proxy,693.5580000000009
2287,20,client5,client5-7d5ff7f8b4-brd9c,linkerd-init,0.0
2288,20,client12,client12-79bc8d5846-zzqc9,linkerd-init,0.0
2289,20,client16,client16-6dc7f87f54-6ds2v,client16,826.482
2290,20,client16,client16-6dc7f87f54-6ds2v,linkerd-init,0.0
2291,20,client16,client16-6dc7f87f54-6ds2v,linkerd-proxy,826.2599999999984
2292,20,client16,client16-6dc7f87f54-6ds2v,sidecar,824.7299999999996
2293,20,client2,client2-86cd6d8cf7-fhcn2,sidecar,816.6599999999999
2294,20,client2,client2-86cd6d8cf7-fhcn2,linkerd-proxy,818.4540000000015
2295,20,client2,client2-86cd6d8cf7-fhcn2,client2,818.6520000000019
2296,20,client2,client2-86cd6d8cf7-fhcn2,linkerd-init,0.0
2297,20,client3,client3-58c68898cd-bdhkm,linkerd-init,0.0
2298,20,client3,client3-58c68898cd-bdhkm,linkerd-proxy,801.6570000000011
2299,20,client3,client3-58c68898cd-bdhkm,client3,801.6719999999987
2300,20,client3,client3-58c68898cd-bdhkm,sidecar,799.391999999998
2301,20,client18,client18-69db77c748-zd2nw,sidecar,829.371000000001
2302,20,client18,client18-69db77c748-zd2nw,client18,831.3329999999987
2303,20,client18,client18-69db77c748-zd2nw,linkerd-proxy,831.1260000000002
2304,20,client18,client18-69db77c748-zd2nw,linkerd-init,0.0
2305,20,client7,client7-544486cc98-9868c,linkerd-init,0.0
2306,20,client7,client7-544486cc98-9868c,sidecar,836.9310000000023
2307,20,client7,client7-544486cc98-9868c,client7,838.5780000000013
2308,20,client7,client7-544486cc98-9868c,linkerd-proxy,838.3979999999974
2309,20,client11,client11-565c48c7c7-lw7gs,client11,823.3439999999991
2310,20,client11,client11-565c48c7c7-lw7gs,sidecar,821.652
2311,20,client11,client11-565c48c7c7-lw7gs,linkerd-init,0.0
2312,20,client11,client11-565c48c7c7-lw7gs,linkerd-proxy,823.2630000000008
2313,20,client19,client19-56fccdb4d9-wjnk9,sidecar,813.5760000000009
2314,20,client19,client19-56fccdb4d9-wjnk9,linkerd-init,0.0
2315,20,client19,client19-56fccdb4d9-wjnk9,client19,815.4150000000009
2316,20,client19,client19-56fccdb4d9-wjnk9,linkerd-proxy,815.1779999999999
2317,20,client1,client1-7b9db886dd-jbg8t,linkerd-init,0.0
2318,20,client1,client1-7b9db886dd-jbg8t,linkerd-proxy,845.8170000000009
2319,20,client13,client13-7bf86f4f87-hcszg,sidecar,741.3089999999993
2320,20,client13,client13-7bf86f4f87-hcszg,client13,817.527
2321,20,client13,client13-7bf86f4f87-hcszg,linkerd-proxy,813.5370000000003
2322,20,client13,client13-7bf86f4f87-hcszg,linkerd-init,0.0
2323,20,client20,client20-65f8864f77-vk8dc,client20,675.8550000000014
2324,20,client20,client20-65f8864f77-vk8dc,linkerd-proxy,675.6870000000017
2325,20,client20,client20-65f8864f77-vk8dc,sidecar,674.2980000000007
2326,20,client20,client20-65f8864f77-vk8dc,linkerd-init,0.0
2327,20,server,server-656f98b57f-sk96x,linkerd-proxy,494.2530000000006
2328,20,server,server-656f98b57f-sk96x,linkerd-init,0.0
2329,20,client8,client8-5845965f99-9c4w8,sidecar,774.9300000000003
2330,20,client8,client8-5845965f99-9c4w8,linkerd-init,0.0
2331,20,client8,client8-5845965f99-9c4w8,client8,776.2920000000013
2332,20,client8,client8-5845965f99-9c4w8,linkerd-proxy,776.0519999999997
2333,20,client14,client14-856b5b5576-drb54,linkerd-proxy,661.8390000000018
2334,20,client14,client14-856b5b5576-drb54,sidecar,660.4409999999989
2335,20,client14,client14-856b5b5576-drb54,linkerd-init,0.0
2336,20,client14,client14-856b5b5576-drb54,client14,661.9979999999996
2337,20,client10,client10-694b6b97b4-9qcj5,client10,663.1860000000015
2338,20,client10,client10-694b6b97b4-9qcj5,sidecar,632.5259999999998
2339,20,client10,client10-694b6b97b4-9qcj5,linkerd-init,0.0
2340,20,client10,client10-694b6b97b4-9qcj5,linkerd-proxy,662.9880000000012
2341,20,orchestrator,policy-enforcer-cb8dccbd8-6vw8c,policy-enforcer,294.10499999999956
2342,20,orchestrator,orchestrator-555f7b7c9d-6h49d,linkerd-proxy,336.6930000000002
2343,20,orchestrator,policy-enforcer-cb8dccbd8-6vw8c,linkerd-init,0.0
2344,20,api-gateway,api-gateway-6bf76d45b7-9lchh,linkerd-init,0.0
2345,20,orchestrator,policy-enforcer-cb8dccbd8-6vw8c,linkerd-proxy,336.6779999999999
2346,20,orchestrator,policy-enforcer-cb8dccbd8-6vw8c,sidecar,335.9370000000008
2347,20,orchestrator,orchestrator-555f7b7c9d-6h49d,linkerd-init,0.0
2348,20,api-gateway,api-gateway-6bf76d45b7-9lchh,linkerd-proxy,356.02200000000084
2349,20,client6,client6-785d875985-jhrvw,client6,660.4889999999978
2350,20,client6,client6-785d875985-jhrvw,sidecar,658.4159999999974
2351,20,client6,client6-785d875985-jhrvw,linkerd-proxy,660.234000000004
2352,20,client6,client6-785d875985-jhrvw,linkerd-init,0.0
2353,20,client4,client4-744474fb99-gl9r2,linkerd-proxy,684.7349999999988
2354,20,client4,client4-744474fb99-gl9r2,sidecar,682.7400000000016
2355,20,client4,client4-744474fb99-gl9r2,client4,684.7950000000001
2356,20,client17,client17-69b85b5ccf-dvz4t,sidecar,597.5580000000009
2357,20,client17,client17-69b85b5ccf-dvz4t,client17,603.8909999999996
2358,20,client17,client17-69b85b5ccf-dvz4t,linkerd-proxy,600.7830000000013
2359,20,client15,client15-79c969ddf-sh5bw,client15,776.7780000000002
2360,20,client15,client15-79c969ddf-sh5bw,linkerd-proxy,776.6670000000013
2361,20,client15,client15-79c969ddf-sh5bw,sidecar,775.4159999999993
2362,20,client9,client9-d68fb99b4-k9vg6,sidecar,611.277
2363,20,client9,client9-d68fb99b4-k9vg6,client9,728.3159999999989
2364,20,client9,client9-d68fb99b4-k9vg6,linkerd-proxy,725.9520000000011
2365,20,client12,client12-79bc8d5846-zzqc9,sidecar,804.4050000000007
2366,20,client12,client12-79bc8d5846-zzqc9,client12,880.5929999999989
2367,20,client12,client12-79bc8d5846-zzqc9,linkerd-proxy,880.4520000000011
2368,20,client1,client1-7b9db886dd-jbg8t,client1,846.4709999999995
2369,20,client1,client1-7b9db886dd-jbg8t,sidecar,840.119999999999
2370,20,server,server-656f98b57f-sk96x,sidecar,388.0679999999993
2371,20,server,server-656f98b57f-sk96x,server,509.9549999999981
2372,20,api-gateway,api-gateway-6bf76d45b7-9lchh,api-gateway,372.2970000000005
2373,20,orchestrator,orchestrator-555f7b7c9d-6h49d,orchestrator,193.4430000000002
2374,20,api-gateway,api-gateway-6bf76d45b7-9lchh,sidecar,305.4449999999997
2375,20,orchestrator,orchestrator-555f7b7c9d-6h49d,sidecar,298.39799999999923
2376,20,client1,maurits-dijk-6f807020client11-64jrn,hfl-train,865.5300000000007
2377,20,client1,maurits-dijk-6f807020client11-64jrn,hfl-train-model,839.8919999999998
2378,20,client1,maurits-dijk-6f807020client11-64jrn,sidecar,768.2099999999991
2379,20,client13,maurits-dijk-6f807020client131-84w9z,hfl-train,846.0540000000019
2380,20,client13,maurits-dijk-6f807020client131-84w9z,hfl-train-model,810.1470000000008
2381,20,client13,maurits-dijk-6f807020client131-84w9z,sidecar,592.9799999999996
2382,20,server,maurits-dijk-6f807020server1-7wfjx,hfl-train-model,777.7740000000013
2383,20,server,maurits-dijk-6f807020server1-7wfjx,hfl-train,489.39899999999943
2384,20,server,maurits-dijk-6f807020server1-7wfjx,sidecar,440.0099999999984
2385,20,client17,maurits-dijk-6f807020client171-twl6l,hfl-train,628.0110000000004
2386,20,client17,maurits-dijk-6f807020client171-twl6l,sidecar,563.4719999999998
2387,20,client17,maurits-dijk-6f807020client171-twl6l,hfl-train-model,598.0529999999999
2388,20,client9,maurits-dijk-6f807020client91-5jv2l,hfl-train-model,720.5879999999979
2389,20,client9,maurits-dijk-6f807020client91-5jv2l,hfl-train,747.8009999999995
2390,20,client9,maurits-dijk-6f807020client91-5jv2l,sidecar,661.0709999999999
2391,20,client5,maurits-dijk-6f807020client51-vm9l9,hfl-train,716.5740000000005
2392,20,client5,maurits-dijk-6f807020client51-vm9l9,hfl-train-model,691.1759999999995
2393,20,client5,maurits-dijk-6f807020client51-vm9l9,sidecar,608.6460000000006
2394,21,client4,client4-744474fb99-gl9r2,linkerd-init,0.0
2395,21,client17,client17-69b85b5ccf-dvz4t,linkerd-init,0.0
2396,21,client15,client15-79c969ddf-sh5bw,linkerd-init,0.0
2397,21,client9,client9-d68fb99b4-k9vg6,linkerd-init,0.0
2398,21,client5,client5-7d5ff7f8b4-brd9c,sidecar,676.9529999999995
2399,21,client5,client5-7d5ff7f8b4-brd9c,client5,682.8630000000012
2400,21,client5,client5-7d5ff7f8b4-brd9c,linkerd-proxy,678.905999999999
2401,21,client5,client5-7d5ff7f8b4-brd9c,linkerd-init,0.0
2402,21,client12,client12-79bc8d5846-zzqc9,linkerd-init,0.0
2403,21,client16,client16-6dc7f87f54-6ds2v,client16,715.0379999999986
2404,21,client16,client16-6dc7f87f54-6ds2v,linkerd-init,0.0
2405,21,client16,client16-6dc7f87f54-6ds2v,linkerd-proxy,714.7679999999982
2406,21,client16,client16-6dc7f87f54-6ds2v,sidecar,713.5289999999986
2407,21,client2,client2-86cd6d8cf7-fhcn2,sidecar,680.085000000001
2408,21,client2,client2-86cd6d8cf7-fhcn2,linkerd-proxy,681.4439999999959
2409,21,client2,client2-86cd6d8cf7-fhcn2,client2,681.6539999999986
2410,21,client2,client2-86cd6d8cf7-fhcn2,linkerd-init,0.0
2411,21,client3,client3-58c68898cd-bdhkm,linkerd-init,0.0
2412,21,client3,client3-58c68898cd-bdhkm,linkerd-proxy,652.9320000000007
2413,21,client3,client3-58c68898cd-bdhkm,client3,653.0520000000033
2414,21,client3,client3-58c68898cd-bdhkm,sidecar,651.257999999998
2415,21,client18,client18-69db77c748-zd2nw,sidecar,663.4349999999959
2416,21,client18,client18-69db77c748-zd2nw,client18,664.9889999999996
2417,21,client18,client18-69db77c748-zd2nw,linkerd-proxy,664.7970000000005
2418,21,client18,client18-69db77c748-zd2nw,linkerd-init,0.0
2419,21,client7,client7-544486cc98-9868c,linkerd-init,0.0
2420,21,client7,client7-544486cc98-9868c,sidecar,712.482
2421,21,client7,client7-544486cc98-9868c,client7,713.8860000000022
2422,21,client7,client7-544486cc98-9868c,linkerd-proxy,713.7180000000008
2423,21,client11,client11-565c48c7c7-lw7gs,client11,735.117000000002
2424,21,client11,client11-565c48c7c7-lw7gs,sidecar,733.773000000001
2425,21,client11,client11-565c48c7c7-lw7gs,linkerd-init,0.0
2426,21,client11,client11-565c48c7c7-lw7gs,linkerd-proxy,734.9219999999987
2427,21,client19,client19-56fccdb4d9-wjnk9,sidecar,701.8709999999974
2428,21,client19,client19-56fccdb4d9-wjnk9,linkerd-init,0.0
2429,21,client19,client19-56fccdb4d9-wjnk9,client19,703.2299999999996
2430,21,client19,client19-56fccdb4d9-wjnk9,linkerd-proxy,703.1249999999982
2431,21,client1,client1-7b9db886dd-jbg8t,linkerd-init,0.0
2432,21,client1,client1-7b9db886dd-jbg8t,linkerd-proxy,643.5059999999994
2433,21,client13,client13-7bf86f4f87-hcszg,sidecar,547.5720000000001
2434,21,client13,client13-7bf86f4f87-hcszg,client13,627.1139999999996
2435,21,client13,client13-7bf86f4f87-hcszg,linkerd-proxy,624.0840000000007
2436,21,client13,client13-7bf86f4f87-hcszg,linkerd-init,0.0
2437,21,client20,client20-65f8864f77-vk8dc,client20,819.551999999996
2438,21,client20,client20-65f8864f77-vk8dc,linkerd-proxy,819.4469999999983
2439,21,client20,client20-65f8864f77-vk8dc,sidecar,817.7579999999998
2440,21,client20,client20-65f8864f77-vk8dc,linkerd-init,0.0
2441,21,server,server-656f98b57f-sk96x,linkerd-proxy,585.9480000000003
2442,21,server,server-656f98b57f-sk96x,linkerd-init,0.0
2443,21,client8,client8-5845965f99-9c4w8,sidecar,792.2190000000028
2444,21,client8,client8-5845965f99-9c4w8,linkerd-init,0.0
2445,21,client8,client8-5845965f99-9c4w8,client8,793.8630000000012
2446,21,client8,client8-5845965f99-9c4w8,linkerd-proxy,793.5000000000036
2447,21,client14,client14-856b5b5576-drb54,linkerd-proxy,832.7970000000005
2448,21,client14,client14-856b5b5576-drb54,sidecar,831.081000000002
2449,21,client14,client14-856b5b5576-drb54,linkerd-init,0.0
2450,21,client14,client14-856b5b5576-drb54,client14,833.130000000001
2451,21,client10,client10-694b6b97b4-9qcj5,client10,779.5949999999993
2452,21,client10,client10-694b6b97b4-9qcj5,sidecar,746.1239999999998
2453,21,client10,client10-694b6b97b4-9qcj5,linkerd-init,0.0
2454,21,client10,client10-694b6b97b4-9qcj5,linkerd-proxy,779.5949999999975
2455,21,orchestrator,policy-enforcer-cb8dccbd8-6vw8c,policy-enforcer,354.65999999999985
2456,21,orchestrator,orchestrator-555f7b7c9d-6h49d,linkerd-proxy,416.9279999999999
2457,21,orchestrator,policy-enforcer-cb8dccbd8-6vw8c,linkerd-init,0.0
2458,21,api-gateway,api-gateway-6bf76d45b7-9lchh,linkerd-init,0.0
2459,21,orchestrator,policy-enforcer-cb8dccbd8-6vw8c,linkerd-proxy,416.92199999999957
2460,21,orchestrator,policy-enforcer-cb8dccbd8-6vw8c,sidecar,382.6139999999996
2461,21,orchestrator,orchestrator-555f7b7c9d-6h49d,linkerd-init,0.0
2462,21,api-gateway,api-gateway-6bf76d45b7-9lchh,linkerd-proxy,436.65599999999904
2463,21,client6,client6-785d875985-jhrvw,client6,709.7220000000016
2464,21,client6,client6-785d875985-jhrvw,sidecar,707.4450000000033
2465,21,client6,client6-785d875985-jhrvw,linkerd-proxy,709.3769999999968
2466,21,client6,client6-785d875985-jhrvw,linkerd-init,0.0
2467,21,client4,client4-744474fb99-gl9r2,linkerd-proxy,648.869999999999
2468,21,client4,client4-744474fb99-gl9r2,sidecar,646.7879999999968
2469,21,client4,client4-744474fb99-gl9r2,client4,648.9449999999979
2470,21,client17,client17-69b85b5ccf-dvz4t,sidecar,602.2800000000007
2471,21,client17,client17-69b85b5ccf-dvz4t,client17,631.9979999999996
2472,21,client17,client17-69b85b5ccf-dvz4t,linkerd-proxy,628.0649999999987
2473,21,client15,client15-79c969ddf-sh5bw,client15,693.7980000000025
2474,21,client15,client15-79c969ddf-sh5bw,linkerd-proxy,693.5340000000015
2475,21,client15,client15-79c969ddf-sh5bw,sidecar,692.3040000000001
2476,21,client9,client9-d68fb99b4-k9vg6,sidecar,595.9770000000008
2477,21,client9,client9-d68fb99b4-k9vg6,client9,614.4240000000009
2478,21,client9,client9-d68fb99b4-k9vg6,linkerd-proxy,613.7219999999979
2479,21,client12,client12-79bc8d5846-zzqc9,sidecar,628.9140000000007
2480,21,client12,client12-79bc8d5846-zzqc9,client12,705.0750000000007
2481,21,client12,client12-79bc8d5846-zzqc9,linkerd-proxy,704.9039999999986
2482,21,client1,client1-7b9db886dd-jbg8t,client1,643.994999999999
2483,21,client1,client1-7b9db886dd-jbg8t,sidecar,621.1980000000003
2484,21,server,server-656f98b57f-sk96x,sidecar,511.8600000000006
2485,21,server,server-656f98b57f-sk96x,server,604.9290000000019
2486,21,api-gateway,api-gateway-6bf76d45b7-9lchh,api-gateway,436.4459999999981
2487,21,orchestrator,orchestrator-555f7b7c9d-6h49d,orchestrator,235.97400000000016
2488,21,api-gateway,api-gateway-6bf76d45b7-9lchh,sidecar,379.8719999999994
2489,21,orchestrator,orchestrator-555f7b7c9d-6h49d,sidecar,364.6199999999999
2490,21,client1,maurits-dijk-6f807020client11-64jrn,hfl-train,663.7919999999995
2491,21,client1,maurits-dijk-6f807020client11-64jrn,hfl-train-model,637.7160000000003
2492,21,client1,maurits-dijk-6f807020client11-64jrn,sidecar,599.0910000000003
2493,21,client13,maurits-dijk-6f807020client131-84w9z,hfl-train,656.9159999999993
2494,21,client13,maurits-dijk-6f807020client131-84w9z,hfl-train-model,620.9789999999994
2495,21,client13,maurits-dijk-6f807020client131-84w9z,sidecar,537.6330000000016
2496,21,server,maurits-dijk-6f807020server1-7wfjx,hfl-train-model,864.4739999999983
2497,21,server,maurits-dijk-6f807020server1-7wfjx,hfl-train,581.9069999999992
2498,21,server,maurits-dijk-6f807020server1-7wfjx,sidecar,480.228000000001
2499,21,client17,maurits-dijk-6f807020client171-twl6l,hfl-train,653.396999999999
2500,21,client17,maurits-dijk-6f807020client171-twl6l,sidecar,570.0749999999989
2501,21,client17,maurits-dijk-6f807020client171-twl6l,hfl-train-model,625.6709999999985
2502,21,client9,maurits-dijk-6f807020client91-5jv2l,hfl-train-model,608.6610000000001
2503,21,client9,maurits-dijk-6f807020client91-5jv2l,hfl-train,637.8570000000018
2504,21,client9,maurits-dijk-6f807020client91-5jv2l,sidecar,527.1540000000005
2505,21,client5,maurits-dijk-6f807020client51-vm9l9,hfl-train,700.3679999999986
2506,21,client5,maurits-dijk-6f807020client51-vm9l9,hfl-train-model,676.7250000000004
2507,21,client5,maurits-dijk-6f807020client51-vm9l9,sidecar,562.5779999999995
2508,22,client4,client4-744474fb99-gl9r2,linkerd-init,0.0
2509,22,client17,client17-69b85b5ccf-dvz4t,linkerd-init,0.0
2510,22,client15,client15-79c969ddf-sh5bw,linkerd-init,0.0
2511,22,client9,client9-d68fb99b4-k9vg6,linkerd-init,0.0
2512,22,client5,client5-7d5ff7f8b4-brd9c,sidecar,691.6980000000003
2513,22,client5,client5-7d5ff7f8b4-brd9c,client5,749.4689999999991
2514,22,client5,client5-7d5ff7f8b4-brd9c,linkerd-proxy,747.1710000000003
2515,22,client5,client5-7d5ff7f8b4-brd9c,linkerd-init,0.0
2516,22,client12,client12-79bc8d5846-zzqc9,linkerd-init,0.0
2517,22,client16,client16-6dc7f87f54-6ds2v,client16,816.7530000000006
2518,22,client16,client16-6dc7f87f54-6ds2v,linkerd-init,0.0
2519,22,client16,client16-6dc7f87f54-6ds2v,linkerd-proxy,816.5340000000033
2520,22,client16,client16-6dc7f87f54-6ds2v,sidecar,815.1209999999992
2521,22,client2,client2-86cd6d8cf7-fhcn2,sidecar,691.5840000000026
2522,22,client2,client2-86cd6d8cf7-fhcn2,linkerd-proxy,692.9700000000048
2523,22,client2,client2-86cd6d8cf7-fhcn2,client2,693.081000000002
2524,22,client2,client2-86cd6d8cf7-fhcn2,linkerd-init,0.0
2525,22,client3,client3-58c68898cd-bdhkm,linkerd-init,0.0
2526,22,client3,client3-58c68898cd-bdhkm,linkerd-proxy,631.9199999999983
2527,22,client3,client3-58c68898cd-bdhkm,client3,631.9859999999971
2528,22,client3,client3-58c68898cd-bdhkm,sidecar,630.3120000000017
2529,22,client18,client18-69db77c748-zd2nw,sidecar,667.7460000000065
2530,22,client18,client18-69db77c748-zd2nw,client18,669.1680000000015
2531,22,client18,client18-69db77c748-zd2nw,linkerd-proxy,669.0780000000013
2532,22,client18,client18-69db77c748-zd2nw,linkerd-init,0.0
2533,22,client7,client7-544486cc98-9868c,linkerd-init,0.0
2534,22,client7,client7-544486cc98-9868c,sidecar,690.1769999999997
2535,22,client7,client7-544486cc98-9868c,client7,691.8239999999969
2536,22,client7,client7-544486cc98-9868c,linkerd-proxy,691.3830000000016
2537,22,client11,client11-565c48c7c7-lw7gs,client11,648.7469999999994
2538,22,client11,client11-565c48c7c7-lw7gs,sidecar,647.25
2539,22,client11,client11-565c48c7c7-lw7gs,linkerd-init,0.0
2540,22,client11,client11-565c48c7c7-lw7gs,linkerd-proxy,648.4110000000001
2541,22,client19,client19-56fccdb4d9-wjnk9,sidecar,765.9360000000015
2542,22,client19,client19-56fccdb4d9-wjnk9,linkerd-init,0.0
2543,22,client19,client19-56fccdb4d9-wjnk9,client19,767.5800000000017
2544,22,client19,client19-56fccdb4d9-wjnk9,linkerd-proxy,767.502000000004
2545,22,client1,client1-7b9db886dd-jbg8t,linkerd-init,0.0
2546,22,client1,client1-7b9db886dd-jbg8t,linkerd-proxy,601.610999999999
2547,22,client13,client13-7bf86f4f87-hcszg,sidecar,635.514000000001
2548,22,client13,client13-7bf86f4f87-hcszg,client13,653.3279999999995
2549,22,client13,client13-7bf86f4f87-hcszg,linkerd-proxy,650.6190000000006
2550,22,client13,client13-7bf86f4f87-hcszg,linkerd-init,0.0
2551,22,client20,client20-65f8864f77-vk8dc,client20,729.3450000000012
2552,22,client20,client20-65f8864f77-vk8dc,linkerd-proxy,729.237000000001
2553,22,client20,client20-65f8864f77-vk8dc,sidecar,727.8630000000012
2554,22,client20,client20-65f8864f77-vk8dc,linkerd-init,0.0
2555,22,server,server-656f98b57f-sk96x,linkerd-proxy,555.5640000000003
2556,22,server,server-656f98b57f-sk96x,linkerd-init,0.0
2557,22,client8,client8-5845965f99-9c4w8,sidecar,672.2459999999992
2558,22,client8,client8-5845965f99-9c4w8,linkerd-init,0.0
2559,22,client8,client8-5845965f99-9c4w8,client8,673.6830000000009
2560,22,client8,client8-5845965f99-9c4w8,linkerd-proxy,673.382999999998
2561,22,client14,client14-856b5b5576-drb54,linkerd-proxy,647.288999999997
2562,22,client14,client14-856b5b5576-drb54,sidecar,645.9179999999978
2563,22,client14,client14-856b5b5576-drb54,linkerd-init,0.0
2564,22,client14,client14-856b5b5576-drb54,client14,647.5650000000023
2565,22,client10,client10-694b6b97b4-9qcj5,client10,639.0090000000018
2566,22,client10,client10-694b6b97b4-9qcj5,sidecar,607.5840000000007
2567,22,client10,client10-694b6b97b4-9qcj5,linkerd-init,0.0
2568,22,client10,client10-694b6b97b4-9qcj5,linkerd-proxy,638.979000000003
2569,22,orchestrator,policy-enforcer-cb8dccbd8-6vw8c,policy-enforcer,229.82700000000023
2570,22,orchestrator,orchestrator-555f7b7c9d-6h49d,linkerd-proxy,345.53100000000086
2571,22,orchestrator,policy-enforcer-cb8dccbd8-6vw8c,linkerd-init,0.0
2572,22,api-gateway,api-gateway-6bf76d45b7-9lchh,linkerd-init,0.0
2573,22,orchestrator,policy-enforcer-cb8dccbd8-6vw8c,linkerd-proxy,345.60599999999977
2574,22,orchestrator,policy-enforcer-cb8dccbd8-6vw8c,sidecar,317.6219999999994
2575,22,orchestrator,orchestrator-555f7b7c9d-6h49d,linkerd-init,0.0
2576,22,api-gateway,api-gateway-6bf76d45b7-9lchh,linkerd-proxy,363.96300000000156
2577,22,client6,client6-785d875985-jhrvw,client6,852.1529999999984
2578,22,client6,client6-785d875985-jhrvw,sidecar,849.8279999999977
2579,22,client6,client6-785d875985-jhrvw,linkerd-proxy,851.9400000000023
2580,22,client6,client6-785d875985-jhrvw,linkerd-init,0.0
2581,22,client4,client4-744474fb99-gl9r2,linkerd-proxy,826.2630000000026
2582,22,client4,client4-744474fb99-gl9r2,sidecar,823.7669999999998
2583,22,client4,client4-744474fb99-gl9r2,client4,826.4160000000011
2584,22,client17,client17-69b85b5ccf-dvz4t,sidecar,695.6009999999987
2585,22,client17,client17-69b85b5ccf-dvz4t,client17,779.8469999999998
2586,22,client17,client17-69b85b5ccf-dvz4t,linkerd-proxy,776.7029999999995
2587,22,client15,client15-79c969ddf-sh5bw,client15,827.4929999999949
2588,22,client15,client15-79c969ddf-sh5bw,linkerd-proxy,827.2379999999976
2589,22,client15,client15-79c969ddf-sh5bw,sidecar,825.7560000000012
2590,22,client9,client9-d68fb99b4-k9vg6,sidecar,775.482
2591,22,client9,client9-d68fb99b4-k9vg6,client9,781.976999999999
2592,22,client9,client9-d68fb99b4-k9vg6,linkerd-proxy,781.737000000001
2593,22,client12,client12-79bc8d5846-zzqc9,sidecar,703.364999999998
2594,22,client12,client12-79bc8d5846-zzqc9,client12,834.6690000000017
2595,22,client12,client12-79bc8d5846-zzqc9,linkerd-proxy,834.4500000000007
2596,22,client1,client1-7b9db886dd-jbg8t,client1,603.5610000000015
2597,22,client1,client1-7b9db886dd-jbg8t,sidecar,517.4220000000005
2598,22,server,server-656f98b57f-sk96x,sidecar,508.7430000000004
2599,22,server,server-656f98b57f-sk96x,server,576.4650000000001
2600,22,api-gateway,api-gateway-6bf76d45b7-9lchh,api-gateway,355.83300000000054
2601,22,orchestrator,orchestrator-555f7b7c9d-6h49d,orchestrator,263.3190000000004
2602,22,api-gateway,api-gateway-6bf76d45b7-9lchh,sidecar,297.97500000000036
2603,22,orchestrator,orchestrator-555f7b7c9d-6h49d,sidecar,344.8140000000003
2604,22,client1,maurits-dijk-6f807020client11-64jrn,hfl-train,626.8080000000009
2605,22,client1,maurits-dijk-6f807020client11-64jrn,hfl-train-model,595.9559999999983
2606,22,client1,maurits-dijk-6f807020client11-64jrn,sidecar,565.0229999999992
2607,22,client13,maurits-dijk-6f807020client131-84w9z,hfl-train,685.8690000000006
2608,22,client13,maurits-dijk-6f807020client131-84w9z,hfl-train-model,647.1330000000016
2609,22,client13,maurits-dijk-6f807020client131-84w9z,sidecar,527.3579999999984
2610,22,server,maurits-dijk-6f807020server1-7wfjx,hfl-train-model,891.612000000001
2611,22,server,maurits-dijk-6f807020server1-7wfjx,hfl-train,551.5470000000005
2612,22,server,maurits-dijk-6f807020server1-7wfjx,sidecar,448.08600000000115
2613,22,client17,maurits-dijk-6f807020client171-twl6l,hfl-train,809.1570000000011
2614,22,client17,maurits-dijk-6f807020client171-twl6l,sidecar,753.887999999999
2615,22,client17,maurits-dijk-6f807020client171-twl6l,hfl-train-model,773.7690000000002
2616,22,client9,maurits-dijk-6f807020client91-5jv2l,hfl-train-model,775.644000000002
2617,22,client9,maurits-dijk-6f807020client91-5jv2l,hfl-train,801.7200000000012
2618,22,client9,maurits-dijk-6f807020client91-5jv2l,sidecar,741.7470000000012
2619,22,client5,maurits-dijk-6f807020client51-vm9l9,hfl-train,769.9290000000001
2620,22,client5,maurits-dijk-6f807020client51-vm9l9,hfl-train-model,744.9150000000009
2621,22,client5,maurits-dijk-6f807020client51-vm9l9,sidecar,705.630000000001
2622,23,client4,client4-744474fb99-gl9r2,linkerd-init,0.0
2623,23,client17,client17-69b85b5ccf-dvz4t,linkerd-init,0.0
2624,23,client15,client15-79c969ddf-sh5bw,linkerd-init,0.0
2625,23,client9,client9-d68fb99b4-k9vg6,linkerd-init,0.0
2626,23,client5,client5-7d5ff7f8b4-brd9c,sidecar,533.414999999999
2627,23,client5,client5-7d5ff7f8b4-brd9c,client5,592.344000000001
2628,23,client5,client5-7d5ff7f8b4-brd9c,linkerd-proxy,588.8579999999984
2629,23,client5,client5-7d5ff7f8b4-brd9c,linkerd-init,0.0
2630,23,client12,client12-79bc8d5846-zzqc9,linkerd-init,0.0
2631,23,client16,client16-6dc7f87f54-6ds2v,client16,788.9040000000023
2632,23,client16,client16-6dc7f87f54-6ds2v,linkerd-init,0.0
2633,23,client16,client16-6dc7f87f54-6ds2v,linkerd-proxy,788.7089999999989
2634,23,client16,client16-6dc7f87f54-6ds2v,sidecar,787.5570000000007
2635,23,client2,client2-86cd6d8cf7-fhcn2,sidecar,887.8199999999961
2636,23,client2,client2-86cd6d8cf7-fhcn2,linkerd-proxy,889.4129999999968
2637,23,client2,client2-86cd6d8cf7-fhcn2,client2,889.6469999999972
2638,23,client2,client2-86cd6d8cf7-fhcn2,linkerd-init,0.0
2639,23,client3,client3-58c68898cd-bdhkm,linkerd-init,0.0
2640,23,client3,client3-58c68898cd-bdhkm,linkerd-proxy,856.2899999999972
2641,23,client3,client3-58c68898cd-bdhkm,client3,856.4490000000005
2642,23,client3,client3-58c68898cd-bdhkm,sidecar,854.4570000000022
2643,23,client18,client18-69db77c748-zd2nw,sidecar,900.6059999999998
2644,23,client18,client18-69db77c748-zd2nw,client18,902.8349999999991
2645,23,client18,client18-69db77c748-zd2nw,linkerd-proxy,902.6189999999988
2646,23,client18,client18-69db77c748-zd2nw,linkerd-init,0.0
2647,23,client7,client7-544486cc98-9868c,linkerd-init,0.0
2648,23,client7,client7-544486cc98-9868c,sidecar,840.614999999998
2649,23,client7,client7-544486cc98-9868c,client7,842.5469999999987
2650,23,client7,client7-544486cc98-9868c,linkerd-proxy,842.0610000000015
2651,23,client11,client11-565c48c7c7-lw7gs,client11,782.882999999998
2652,23,client11,client11-565c48c7c7-lw7gs,sidecar,781.280999999999
2653,23,client11,client11-565c48c7c7-lw7gs,linkerd-init,0.0
2654,23,client11,client11-565c48c7c7-lw7gs,linkerd-proxy,782.6910000000025
2655,23,client19,client19-56fccdb4d9-wjnk9,sidecar,807.7260000000024
2656,23,client19,client19-56fccdb4d9-wjnk9,linkerd-init,0.0
2657,23,client19,client19-56fccdb4d9-wjnk9,client19,809.6669999999976
2658,23,client19,client19-56fccdb4d9-wjnk9,linkerd-proxy,809.6519999999982
2659,23,client1,client1-7b9db886dd-jbg8t,linkerd-init,0.0
2660,23,client1,client1-7b9db886dd-jbg8t,linkerd-proxy,692.9310000000005
2661,23,client13,client13-7bf86f4f87-hcszg,sidecar,716.3009999999995
2662,23,client13,client13-7bf86f4f87-hcszg,client13,751.6770000000015
2663,23,client13,client13-7bf86f4f87-hcszg,linkerd-proxy,747.9779999999992
2664,23,client13,client13-7bf86f4f87-hcszg,linkerd-init,0.0
2665,23,client20,client20-65f8864f77-vk8dc,client20,803.5800000000017
2666,23,client20,client20-65f8864f77-vk8dc,linkerd-proxy,803.4029999999984
2667,23,client20,client20-65f8864f77-vk8dc,sidecar,801.1439999999966
2668,23,client20,client20-65f8864f77-vk8dc,linkerd-init,0.0
2669,23,server,server-656f98b57f-sk96x,linkerd-proxy,503.616
2670,23,server,server-656f98b57f-sk96x,linkerd-init,0.0
2671,23,client8,client8-5845965f99-9c4w8,sidecar,671.8919999999998
2672,23,client8,client8-5845965f99-9c4w8,linkerd-init,0.0
2673,23,client8,client8-5845965f99-9c4w8,client8,673.2539999999972
2674,23,client8,client8-5845965f99-9c4w8,linkerd-proxy,673.1039999999994
2675,23,client14,client14-856b5b5576-drb54,linkerd-proxy,694.7400000000016
2676,23,client14,client14-856b5b5576-drb54,sidecar,693.273000000001
2677,23,client14,client14-856b5b5576-drb54,linkerd-init,0.0
2678,23,client14,client14-856b5b5576-drb54,client14,694.934999999994
2679,23,client10,client10-694b6b97b4-9qcj5,client10,690.8489999999983
2680,23,client10,client10-694b6b97b4-9qcj5,sidecar,664.116
2681,23,client10,client10-694b6b97b4-9qcj5,linkerd-init,0.0
2682,23,client10,client10-694b6b97b4-9qcj5,linkerd-proxy,690.9209999999985
2683,23,orchestrator,policy-enforcer-cb8dccbd8-6vw8c,policy-enforcer,179.45399999999972
2684,23,orchestrator,orchestrator-555f7b7c9d-6h49d,linkerd-proxy,335.60699999999997
2685,23,orchestrator,policy-enforcer-cb8dccbd8-6vw8c,linkerd-init,0.0
2686,23,api-gateway,api-gateway-6bf76d45b7-9lchh,linkerd-init,0.0
2687,23,orchestrator,policy-enforcer-cb8dccbd8-6vw8c,linkerd-proxy,335.6820000000007
2688,23,orchestrator,policy-enforcer-cb8dccbd8-6vw8c,sidecar,307.38300000000163
2689,23,orchestrator,orchestrator-555f7b7c9d-6h49d,linkerd-init,0.0
2690,23,api-gateway,api-gateway-6bf76d45b7-9lchh,linkerd-proxy,353.72099999999773
2691,23,client6,client6-785d875985-jhrvw,client6,689.3100000000013
2692,23,client6,client6-785d875985-jhrvw,sidecar,687.6029999999992
2693,23,client6,client6-785d875985-jhrvw,linkerd-proxy,689.0550000000003
2694,23,client6,client6-785d875985-jhrvw,linkerd-init,0.0
2695,23,client4,client4-744474fb99-gl9r2,linkerd-proxy,776.525999999998
2696,23,client4,client4-744474fb99-gl9r2,sidecar,774.3180000000029
2697,23,client4,client4-744474fb99-gl9r2,client4,776.6160000000018
2698,23,client17,client17-69b85b5ccf-dvz4t,sidecar,549.101999999999
2699,23,client17,client17-69b85b5ccf-dvz4t,client17,613.4880000000012
2700,23,client17,client17-69b85b5ccf-dvz4t,linkerd-proxy,611.0910000000003
2701,23,client15,client15-79c969ddf-sh5bw,client15,708.9090000000033
2702,23,client15,client15-79c969ddf-sh5bw,linkerd-proxy,708.7439999999988
2703,23,client15,client15-79c969ddf-sh5bw,sidecar,707.3970000000008
2704,23,client9,client9-d68fb99b4-k9vg6,sidecar,622.848
2705,23,client9,client9-d68fb99b4-k9vg6,client9,699.831000000002
2706,23,client9,client9-d68fb99b4-k9vg6,linkerd-proxy,697.3769999999986
2707,23,client12,client12-79bc8d5846-zzqc9,sidecar,633.9030000000002
2708,23,client12,client12-79bc8d5846-zzqc9,client12,728.525999999998
2709,23,client12,client12-79bc8d5846-zzqc9,linkerd-proxy,728.5409999999974
2710,23,client1,client1-7b9db886dd-jbg8t,client1,695.8319999999967
2711,23,client1,client1-7b9db886dd-jbg8t,sidecar,631.6409999999996
2712,23,server,server-656f98b57f-sk96x,sidecar,454.9439999999977
2713,23,server,server-656f98b57f-sk96x,server,524.159999999998
2714,23,api-gateway,api-gateway-6bf76d45b7-9lchh,api-gateway,363.1110000000008
2715,23,orchestrator,orchestrator-555f7b7c9d-6h49d,orchestrator,270.6269999999986
2716,23,api-gateway,api-gateway-6bf76d45b7-9lchh,sidecar,334.77599999999984
2717,23,orchestrator,orchestrator-555f7b7c9d-6h49d,sidecar,334.8239999999996
2718,23,client1,maurits-dijk-6f807020client11-64jrn,hfl-train,714.1409999999996
2719,23,client1,maurits-dijk-6f807020client11-64jrn,hfl-train-model,687.2580000000016
2720,23,client1,maurits-dijk-6f807020client11-64jrn,sidecar,651.1980000000003
2721,23,client13,maurits-dijk-6f807020client131-84w9z,hfl-train,780.1709999999985
2722,23,client13,maurits-dijk-6f807020client131-84w9z,hfl-train-model,744.4799999999996
2723,23,client13,maurits-dijk-6f807020client131-84w9z,sidecar,655.7700000000023
2724,23,server,maurits-dijk-6f807020server1-7wfjx,hfl-train-model,843.969000000001
2725,23,server,maurits-dijk-6f807020server1-7wfjx,hfl-train,498.8730000000014
2726,23,server,maurits-dijk-6f807020server1-7wfjx,sidecar,397.9619999999977
2727,23,client17,maurits-dijk-6f807020client171-twl6l,hfl-train,636.2519999999968
2728,23,client17,maurits-dijk-6f807020client171-twl6l,sidecar,596.8650000000016
2729,23,client17,maurits-dijk-6f807020client171-twl6l,hfl-train-model,608.5800000000017
2730,23,client9,maurits-dijk-6f807020client91-5jv2l,hfl-train-model,692.9579999999987
2731,23,client9,maurits-dijk-6f807020client91-5jv2l,hfl-train,726.5009999999966
2732,23,client9,maurits-dijk-6f807020client91-5jv2l,sidecar,674.2229999999981
2733,23,client5,maurits-dijk-6f807020client51-vm9l9,hfl-train,610.8689999999988
2734,23,client5,maurits-dijk-6f807020client51-vm9l9,hfl-train-model,586.6919999999991
2735,23,client5,maurits-dijk-6f807020client51-vm9l9,sidecar,545.1269999999986
2736,24,client4,client4-744474fb99-gl9r2,linkerd-init,0.0
2737,24,client17,client17-69b85b5ccf-dvz4t,linkerd-init,0.0
2738,24,client15,client15-79c969ddf-sh5bw,linkerd-init,0.0
2739,24,client9,client9-d68fb99b4-k9vg6,linkerd-init,0.0
2740,24,client5,client5-7d5ff7f8b4-brd9c,sidecar,535.5060000000012
2741,24,client5,client5-7d5ff7f8b4-brd9c,client5,574.2779999999984
2742,24,client5,client5-7d5ff7f8b4-brd9c,linkerd-proxy,571.3500000000022
2743,24,client5,client5-7d5ff7f8b4-brd9c,linkerd-init,0.0
2744,24,client12,client12-79bc8d5846-zzqc9,linkerd-init,0.0
2745,24,client16,client16-6dc7f87f54-6ds2v,client16,696.155999999999
2746,24,client16,client16-6dc7f87f54-6ds2v,linkerd-init,0.0
2747,24,client16,client16-6dc7f87f54-6ds2v,linkerd-proxy,695.9010000000017
2748,24,client16,client16-6dc7f87f54-6ds2v,sidecar,694.7220000000016
2749,24,client2,client2-86cd6d8cf7-fhcn2,sidecar,709.0620000000017
2750,24,client2,client2-86cd6d8cf7-fhcn2,linkerd-proxy,710.3820000000014
2751,24,client2,client2-86cd6d8cf7-fhcn2,client2,710.6160000000018
2752,24,client2,client2-86cd6d8cf7-fhcn2,linkerd-init,0.0
2753,24,client3,client3-58c68898cd-bdhkm,linkerd-init,0.0
2754,24,client3,client3-58c68898cd-bdhkm,linkerd-proxy,709.0830000000024
2755,24,client3,client3-58c68898cd-bdhkm,client3,709.3379999999997
2756,24,client3,client3-58c68898cd-bdhkm,sidecar,707.3250000000007
2757,24,client18,client18-69db77c748-zd2nw,sidecar,685.3469999999979
2758,24,client18,client18-69db77c748-zd2nw,client18,687.155999999999
2759,24,client18,client18-69db77c748-zd2nw,linkerd-proxy,687.0629999999983
2760,24,client18,client18-69db77c748-zd2nw,linkerd-init,0.0
2761,24,client7,client7-544486cc98-9868c,linkerd-init,0.0
2762,24,client7,client7-544486cc98-9868c,sidecar,676.3140000000021
2763,24,client7,client7-544486cc98-9868c,client7,677.8380000000034
2764,24,client7,client7-544486cc98-9868c,linkerd-proxy,677.4239999999991
2765,24,client11,client11-565c48c7c7-lw7gs,client11,671.448000000004
2766,24,client11,client11-565c48c7c7-lw7gs,sidecar,669.7740000000013
2767,24,client11,client11-565c48c7c7-lw7gs,linkerd-init,0.0
2768,24,client11,client11-565c48c7c7-lw7gs,linkerd-proxy,671.033999999996
2769,24,client19,client19-56fccdb4d9-wjnk9,sidecar,687.0509999999995
2770,24,client19,client19-56fccdb4d9-wjnk9,linkerd-init,0.0
2771,24,client19,client19-56fccdb4d9-wjnk9,client19,688.6949999999997
2772,24,client19,client19-56fccdb4d9-wjnk9,linkerd-proxy,688.4789999999994
2773,24,client1,client1-7b9db886dd-jbg8t,linkerd-init,0.0
2774,24,client1,client1-7b9db886dd-jbg8t,linkerd-proxy,584.5920000000006
2775,24,client13,client13-7bf86f4f87-hcszg,sidecar,584.8199999999997
2776,24,client13,client13-7bf86f4f87-hcszg,client13,639.8009999999995
2777,24,client13,client13-7bf86f4f87-hcszg,linkerd-proxy,637.9290000000001
2778,24,client13,client13-7bf86f4f87-hcszg,linkerd-init,0.0
2779,24,client20,client20-65f8864f77-vk8dc,client20,695.6490000000013
2780,24,client20,client20-65f8864f77-vk8dc,linkerd-proxy,695.6010000000024
2781,24,client20,client20-65f8864f77-vk8dc,sidecar,693.7440000000024
2782,24,client20,client20-65f8864f77-vk8dc,linkerd-init,0.0
2783,24,server,server-656f98b57f-sk96x,linkerd-proxy,616.2630000000008
2784,24,server,server-656f98b57f-sk96x,linkerd-init,0.0
2785,24,client8,client8-5845965f99-9c4w8,sidecar,813.7230000000018
2786,24,client8,client8-5845965f99-9c4w8,linkerd-init,0.0
2787,24,client8,client8-5845965f99-9c4w8,client8,815.4570000000022
2788,24,client8,client8-5845965f99-9c4w8,linkerd-proxy,815.030999999999
2789,24,client14,client14-856b5b5576-drb54,linkerd-proxy,783.7289999999994
2790,24,client14,client14-856b5b5576-drb54,sidecar,782.0760000000009
2791,24,client14,client14-856b5b5576-drb54,linkerd-init,0.0
2792,24,client14,client14-856b5b5576-drb54,client14,784.0920000000042
2793,24,client10,client10-694b6b97b4-9qcj5,client10,777.5070000000014
2794,24,client10,client10-694b6b97b4-9qcj5,sidecar,735.3089999999993
2795,24,client10,client10-694b6b97b4-9qcj5,linkerd-init,0.0
2796,24,client10,client10-694b6b97b4-9qcj5,linkerd-proxy,777.3089999999975
2797,24,orchestrator,policy-enforcer-cb8dccbd8-6vw8c,policy-enforcer,213.90300000000025
2798,24,orchestrator,orchestrator-555f7b7c9d-6h49d,linkerd-proxy,419.47499999999854
2799,24,orchestrator,policy-enforcer-cb8dccbd8-6vw8c,linkerd-init,0.0
2800,24,api-gateway,api-gateway-6bf76d45b7-9lchh,linkerd-init,0.0
2801,24,orchestrator,policy-enforcer-cb8dccbd8-6vw8c,linkerd-proxy,419.3939999999984
2802,24,orchestrator,policy-enforcer-cb8dccbd8-6vw8c,sidecar,381.29099999999926
2803,24,orchestrator,orchestrator-555f7b7c9d-6h49d,linkerd-init,0.0
2804,24,api-gateway,api-gateway-6bf76d45b7-9lchh,linkerd-proxy,438.0120000000006
2805,24,client6,client6-785d875985-jhrvw,client6,861.650999999998
2806,24,client6,client6-785d875985-jhrvw,sidecar,859.0529999999999
2807,24,client6,client6-785d875985-jhrvw,linkerd-proxy,861.5159999999996
2808,24,client6,client6-785d875985-jhrvw,linkerd-init,0.0
2809,24,client4,client4-744474fb99-gl9r2,linkerd-proxy,706.6920000000027
2810,24,client4,client4-744474fb99-gl9r2,sidecar,704.6339999999982
2811,24,client4,client4-744474fb99-gl9r2,client4,706.8869999999988
2812,24,client17,client17-69b85b5ccf-dvz4t,sidecar,558.7500000000018
2813,24,client17,client17-69b85b5ccf-dvz4t,client17,635.4209999999985
2814,24,client17,client17-69b85b5ccf-dvz4t,linkerd-proxy,631.7700000000004
2815,24,client15,client15-79c969ddf-sh5bw,client15,726.8249999999971
2816,24,client15,client15-79c969ddf-sh5bw,linkerd-proxy,726.5190000000002
2817,24,client15,client15-79c969ddf-sh5bw,sidecar,725.3309999999983
2818,24,client9,client9-d68fb99b4-k9vg6,sidecar,570.9509999999991
2819,24,client9,client9-d68fb99b4-k9vg6,client9,628.0169999999998
2820,24,client9,client9-d68fb99b4-k9vg6,linkerd-proxy,625.5780000000013
2821,24,client12,client12-79bc8d5846-zzqc9,sidecar,720.3180000000029
2822,24,client12,client12-79bc8d5846-zzqc9,client12,788.1539999999986
2823,24,client12,client12-79bc8d5846-zzqc9,linkerd-proxy,787.9860000000008
2824,24,client1,client1-7b9db886dd-jbg8t,client1,585.9330000000009
2825,24,client1,client1-7b9db886dd-jbg8t,sidecar,542.1090000000022
2826,24,server,server-656f98b57f-sk96x,sidecar,586.6020000000026
2827,24,server,server-656f98b57f-sk96x,server,633.5429999999997
2828,24,api-gateway,api-gateway-6bf76d45b7-9lchh,api-gateway,429.76800000000003
2829,24,orchestrator,orchestrator-555f7b7c9d-6h49d,orchestrator,333.9210000000003
2830,24,api-gateway,api-gateway-6bf76d45b7-9lchh,sidecar,418.50900000000183
2831,24,orchestrator,orchestrator-555f7b7c9d-6h49d,sidecar,370.16399999999976
2832,24,client1,maurits-dijk-6f807020client11-64jrn,hfl-train,610.0800000000017
2833,24,client1,maurits-dijk-6f807020client11-64jrn,hfl-train-model,579.6630000000005
2834,24,client1,maurits-dijk-6f807020client11-64jrn,sidecar,502.6409999999996
2835,24,client13,maurits-dijk-6f807020client131-84w9z,hfl-train,670.4670000000006
2836,24,client13,maurits-dijk-6f807020client131-84w9z,hfl-train-model,634.7909999999974
2837,24,client13,maurits-dijk-6f807020client131-84w9z,sidecar,490.71599999999853
2838,24,server,maurits-dijk-6f807020server1-7wfjx,hfl-train-model,973.3949999999968
2839,24,server,maurits-dijk-6f807020server1-7wfjx,hfl-train,612.521999999999
2840,24,server,maurits-dijk-6f807020server1-7wfjx,sidecar,499.3050000000003
2841,24,client17,maurits-dijk-6f807020client171-twl6l,hfl-train,659.6340000000018
2842,24,client17,maurits-dijk-6f807020client171-twl6l,sidecar,577.4249999999993
2843,24,client17,maurits-dijk-6f807020client171-twl6l,hfl-train-model,629.1449999999968
2844,24,client9,maurits-dijk-6f807020client91-5jv2l,hfl-train-model,620.9940000000024
2845,24,client9,maurits-dijk-6f807020client91-5jv2l,hfl-train,652.0020000000004
2846,24,client9,maurits-dijk-6f807020client91-5jv2l,sidecar,503.6040000000012
2847,24,client5,maurits-dijk-6f807020client51-vm9l9,hfl-train,593.6850000000013
2848,24,client5,maurits-dijk-6f807020client51-vm9l9,hfl-train-model,568.9140000000025
2849,24,client5,maurits-dijk-6f807020client51-vm9l9,sidecar,541.3050000000003
