round,namespace,pod_name,container_name,joules,exp,K,Z,sigma_ed,sigma_iid,timestamp,anomaly_score
14,api-gateway,api-gateway-6bf76d45b7-f8b7f,api-gateway,325.21200000000044,exp1,5,15,1000.0,10,08-05-26-123027,0.03850592715109269
2,api-gateway,api-gateway-6bf76d45b7-f8b7f,linkerd-proxy,339.5490000000002,exp1,5,15,1000.0,10,08-05-26-123027,0.03605141698601616
14,api-gateway,api-gateway-6bf76d45b7-f8b7f,sidecar,240.70799999999872,exp1,5,15,1000.0,10,08-05-26-123027,0.05019569084488157
24,api-gateway,api-gateway-6bf76d45b7-ldtl9,api-gateway,342.70200000000114,exp1,5,15,1000.0,10,09-05-26-141047,0.0314090001122285
24,api-gateway,api-gateway-6bf76d45b7-ldtl9,linkerd-proxy,352.3590000000022,exp1,5,15,1000.0,10,09-05-26-141047,0.03304259788234204
0,api-gateway,api-gateway-6bf76d45b7-ldtl9,sidecar,262.66200000000003,exp1,5,15,1000.0,10,09-05-26-141047,0.05920387530110083
23,api-gateway,api-gateway-6bf76d45b7-zh2zg,api-gateway,340.7430000000004,exp1,5,15,1000.0,10,10-05-26-111252,0.03455202690436582
12,api-gateway,api-gateway-6bf76d45b7-zh2zg,linkerd-proxy,348.1859999999997,exp1,5,15,1000.0,10,10-05-26-111252,0.03155925551752595
6,api-gateway,api-gateway-6bf76d45b7-zh2zg,sidecar,244.78200000000007,exp1,5,15,1000.0,10,10-05-26-111252,0.06067828298007363
19,client1,client1-7b9db886dd-5db7j,client1,599.9220000000005,exp1,5,15,1000.0,10,10-05-26-111252,0.039783791069546465
19,client1,client1-7b9db886dd-5db7j,linkerd-proxy,597.6000000000022,exp1,5,15,1000.0,10,10-05-26-111252,0.04019750998808966
19,client1,client1-7b9db886dd-5db7j,sidecar,494.214,exp1,5,15,1000.0,10,10-05-26-111252,0.0495087301682203
11,client1,client1-7b9db886dd-cqsdh,client1,609.9840000000004,exp1,5,15,1000.0,10,08-05-26-123027,0.0372794678725642
11,client1,client1-7b9db886dd-cqsdh,linkerd-proxy,608.9160000000011,exp1,5,15,1000.0,10,08-05-26-123027,0.0373936471768746
18,client1,client1-7b9db886dd-cqsdh,sidecar,538.1340000000018,exp1,5,15,1000.0,10,08-05-26-123027,0.04514938565840815
15,client1,client1-7b9db886dd-t6thl,client1,609.4950000000008,exp1,5,15,1000.0,10,09-05-26-141047,0.0377352156239672
15,client1,client1-7b9db886dd-t6thl,linkerd-proxy,610.9860000000008,exp1,5,15,1000.0,10,09-05-26-141047,0.03725196917431331
15,client1,client1-7b9db886dd-t6thl,sidecar,560.8019999999997,exp1,5,15,1000.0,10,09-05-26-141047,0.04142038231922329
11,client1,maurits-dijk-3efc04ddclient11-8qttp,hfl-train,1074.7470000000012,exp1,5,15,1000.0,10,08-05-26-123027,0.0286162692954767
11,client1,maurits-dijk-3efc04ddclient11-8qttp,hfl-train-model,603.230999999998,exp1,5,15,1000.0,10,08-05-26-123027,0.03765081622226654
13,client1,maurits-dijk-3efc04ddclient11-8qttp,sidecar,729.9210000000021,exp1,5,15,1000.0,10,08-05-26-123027,0.0305319459784541
14,client1,maurits-dijk-ab40b6adclient11-5gq5d,hfl-train,1096.5509999999997,exp1,5,15,1000.0,10,10-05-26-111252,0.029133984144963043
19,client1,maurits-dijk-ab40b6adclient11-5gq5d,hfl-train-model,591.3780000000006,exp1,5,15,1000.0,10,10-05-26-111252,0.04064814383102361
9,client1,maurits-dijk-ab40b6adclient11-5gq5d,sidecar,455.2739999999994,exp1,5,15,1000.0,10,10-05-26-111252,0.056361251151949704
15,client1,maurits-dijk-ac6ea51cclient11-svqgc,hfl-train,1113.7589999999982,exp1,5,15,1000.0,10,09-05-26-141047,0.02130778910440992
15,client1,maurits-dijk-ac6ea51cclient11-svqgc,hfl-train-model,605.1929999999993,exp1,5,15,1000.0,10,09-05-26-141047,0.03757055214813182
2,client1,maurits-dijk-ac6ea51cclient11-svqgc,sidecar,451.3259999999998,exp1,5,15,1000.0,10,09-05-26-141047,0.06148742382941261
2,client10,client10-694b6b97b4-cssvh,client10,664.7160000000003,exp1,5,15,1000.0,10,08-05-26-123027,0.04077468536965834
2,client10,client10-694b6b97b4-cssvh,linkerd-proxy,664.6200000000003,exp1,5,15,1000.0,10,08-05-26-123027,0.04076430757821514
21,client10,client10-694b6b97b4-cssvh,sidecar,586.2959999999985,exp1,5,15,1000.0,10,08-05-26-123027,0.04401770152960413
6,client10,client10-694b6b97b4-jlg2c,client10,641.4660000000003,exp1,5,15,1000.0,10,09-05-26-141047,0.04270106187367656
6,client10,client10-694b6b97b4-jlg2c,linkerd-proxy,641.2979999999998,exp1,5,15,1000.0,10,09-05-26-141047,0.04272116868280973
12,client10,client10-694b6b97b4-jlg2c,sidecar,562.9050000000007,exp1,5,15,1000.0,10,09-05-26-141047,0.0422914336110726
17,client10,client10-694b6b97b4-sfvtb,client10,651.3359999999993,exp1,5,15,1000.0,10,10-05-26-111252,0.03683020279241836
17,client10,client10-694b6b97b4-sfvtb,linkerd-proxy,651.2909999999993,exp1,5,15,1000.0,10,10-05-26-111252,0.03683228396494323
17,client10,client10-694b6b97b4-sfvtb,sidecar,649.244999999999,exp1,5,15,1000.0,10,10-05-26-111252,0.03690811155158458
18,client11,client11-565c48c7c7-24jlj,client11,674.9340000000011,exp1,5,15,1000.0,10,08-05-26-123027,0.03517075234245781
18,client11,client11-565c48c7c7-24jlj,linkerd-proxy,674.7150000000001,exp1,5,15,1000.0,10,08-05-26-123027,0.03515671114891064
10,client11,client11-565c48c7c7-24jlj,sidecar,902.8349999999992,exp1,5,15,1000.0,10,08-05-26-123027,0.05129995733294143
17,client11,client11-565c48c7c7-c968c,client11,1004.625,exp1,5,15,1000.0,10,09-05-26-141047,0.044143085577023844
17,client11,client11-565c48c7c7-c968c,linkerd-proxy,1004.4239999999992,exp1,5,15,1000.0,10,09-05-26-141047,0.0441615183282392
22,client11,client11-565c48c7c7-c968c,sidecar,919.6800000000004,exp1,5,15,1000.0,10,09-05-26-141047,0.05502589168668601
4,client11,client11-565c48c7c7-wntg2,client11,655.6229999999991,exp1,5,15,1000.0,10,10-05-26-111252,0.03735288333167311
4,client11,client11-565c48c7c7-wntg2,linkerd-proxy,655.4850000000001,exp1,5,15,1000.0,10,10-05-26-111252,0.03733861305201017
3,client11,client11-565c48c7c7-wntg2,sidecar,858.9809999999998,exp1,5,15,1000.0,10,10-05-26-111252,0.0406514300836924
4,client12,client12-79bc8d5846-5wths,client12,643.4759999999997,exp1,5,15,1000.0,10,10-05-26-111252,0.042379337699076564
4,client12,client12-79bc8d5846-5wths,linkerd-proxy,643.2509999999997,exp1,5,15,1000.0,10,10-05-26-111252,0.042417605026150884
4,client12,client12-79bc8d5846-5wths,sidecar,641.7089999999994,exp1,5,15,1000.0,10,10-05-26-111252,0.04238243400665012
16,client12,client12-79bc8d5846-dckbb,client12,640.3650000000016,exp1,5,15,1000.0,10,09-05-26-141047,0.04032795484750609
16,client12,client12-79bc8d5846-dckbb,linkerd-proxy,640.3799999999992,exp1,5,15,1000.0,10,09-05-26-141047,0.04029933467792002
4,client12,client12-79bc8d5846-dckbb,sidecar,487.67999999999984,exp1,5,15,1000.0,10,09-05-26-141047,0.061065330223911835
6,client12,client12-79bc8d5846-f96wp,client12,673.8599999999997,exp1,5,15,1000.0,10,08-05-26-123027,0.035849325115266645
6,client12,client12-79bc8d5846-f96wp,linkerd-proxy,673.8690000000006,exp1,5,15,1000.0,10,08-05-26-123027,0.03583432629169178
6,client12,client12-79bc8d5846-f96wp,sidecar,510.1739999999991,exp1,5,15,1000.0,10,08-05-26-123027,0.05649565297329895
22,client13,client13-7bf86f4f87-58vpv,client13,623.5740000000005,exp1,5,15,1000.0,10,08-05-26-123027,0.03268361416279933
22,client13,client13-7bf86f4f87-58vpv,linkerd-proxy,619.0920000000006,exp1,5,15,1000.0,10,08-05-26-123027,0.033034132644936126
4,client13,client13-7bf86f4f87-58vpv,sidecar,501.462,exp1,5,15,1000.0,10,08-05-26-123027,0.048999349748968996
8,client13,client13-7bf86f4f87-9hvqk,client13,603.6509999999998,exp1,5,15,1000.0,10,09-05-26-141047,0.03776455289418712
8,client13,client13-7bf86f4f87-9hvqk,linkerd-proxy,599.6610000000001,exp1,5,15,1000.0,10,09-05-26-141047,0.03800331323341122
8,client13,client13-7bf86f4f87-9hvqk,sidecar,516.8580000000002,exp1,5,15,1000.0,10,09-05-26-141047,0.044721339385931036
19,client13,client13-7bf86f4f87-ps4kk,client13,624.6840000000011,exp1,5,15,1000.0,10,10-05-26-111252,0.032811569355994025
19,client13,client13-7bf86f4f87-ps4kk,linkerd-proxy,622.2780000000002,exp1,5,15,1000.0,10,10-05-26-111252,0.03261652249398503
8,client13,client13-7bf86f4f87-ps4kk,sidecar,538.664999999999,exp1,5,15,1000.0,10,10-05-26-111252,0.040358568715953225
22,client13,maurits-dijk-3efc04ddclient131-pcg2h,hfl-train,1308.4379999999946,exp1,5,15,1000.0,10,08-05-26-123027,0.01871093042035779
22,client13,maurits-dijk-3efc04ddclient131-pcg2h,hfl-train-model,616.1939999999995,exp1,5,15,1000.0,10,08-05-26-123027,0.03310788918749716
4,client13,maurits-dijk-3efc04ddclient131-pcg2h,sidecar,535.3950000000004,exp1,5,15,1000.0,10,08-05-26-123027,0.0431740358069041
19,client13,maurits-dijk-ab40b6adclient131-c49n6,hfl-train,1318.6259999999966,exp1,5,15,1000.0,10,10-05-26-111252,0.01657203525258419
19,client13,maurits-dijk-ab40b6adclient131-c49n6,hfl-train-model,618.9449999999997,exp1,5,15,1000.0,10,10-05-26-111252,0.032783821622202836
3,client13,maurits-dijk-ab40b6adclient131-c49n6,sidecar,585.6360000000004,exp1,5,15,1000.0,10,10-05-26-111252,0.030541541352597235
8,client13,maurits-dijk-ac6ea51cclient131-xw9q4,hfl-train,1293.5909999999983,exp1,5,15,1000.0,10,09-05-26-141047,0.019042533929238686
8,client13,maurits-dijk-ac6ea51cclient131-xw9q4,hfl-train-model,596.6610000000001,exp1,5,15,1000.0,10,09-05-26-141047,0.038115351650806956
8,client13,maurits-dijk-ac6ea51cclient131-xw9q4,sidecar,436.3890000000001,exp1,5,15,1000.0,10,09-05-26-141047,0.04905823638136342
24,client14,client14-856b5b5576-2rtt6,client14,684.1889999999985,exp1,5,15,1000.0,10,09-05-26-141047,0.03408132677252251
24,client14,client14-856b5b5576-2rtt6,linkerd-proxy,683.9249999999993,exp1,5,15,1000.0,10,09-05-26-141047,0.03410152927104346
24,client14,client14-856b5b5576-2rtt6,sidecar,682.5900000000001,exp1,5,15,1000.0,10,09-05-26-141047,0.03408749031738548
15,client14,client14-856b5b5576-b4rlq,client14,674.6040000000012,exp1,5,15,1000.0,10,08-05-26-123027,0.03828588386371645
15,client14,client14-856b5b5576-b4rlq,linkerd-proxy,674.3310000000001,exp1,5,15,1000.0,10,08-05-26-123027,0.03829558288945631
15,client14,client14-856b5b5576-b4rlq,sidecar,673.0110000000022,exp1,5,15,1000.0,10,08-05-26-123027,0.03830846869110935
12,client14,client14-856b5b5576-djw4c,client14,695.0429999999997,exp1,5,15,1000.0,10,10-05-26-111252,0.029332479707852854
12,client14,client14-856b5b5576-djw4c,linkerd-proxy,694.8449999999993,exp1,5,15,1000.0,10,10-05-26-111252,0.029329626426676303
1,client14,client14-856b5b5576-djw4c,sidecar,638.5710000000001,exp1,5,15,1000.0,10,10-05-26-111252,0.041513020099690906
7,client15,client15-79c969ddf-4l6p9,client15,695.9430000000002,exp1,5,15,1000.0,10,08-05-26-123027,0.02799495276410613
7,client15,client15-79c969ddf-4l6p9,linkerd-proxy,695.7509999999993,exp1,5,15,1000.0,10,08-05-26-123027,0.02798918673662229
0,client15,client15-79c969ddf-4l6p9,sidecar,619.578,exp1,5,15,1000.0,10,08-05-26-123027,0.04533069934300496
10,client15,client15-79c969ddf-krwzp,client15,661.9139999999989,exp1,5,15,1000.0,10,09-05-26-141047,0.03823113357853419
10,client15,client15-79c969ddf-krwzp,linkerd-proxy,661.7309999999998,exp1,5,15,1000.0,10,09-05-26-141047,0.038233499320728004
10,client15,client15-79c969ddf-krwzp,sidecar,660.3629999999994,exp1,5,15,1000.0,10,09-05-26-141047,0.03747993973775518
22,client15,client15-79c969ddf-mtzb8,client15,662.864999999998,exp1,5,15,1000.0,10,10-05-26-111252,0.04133079458105979
22,client15,client15-79c969ddf-mtzb8,linkerd-proxy,662.5710000000036,exp1,5,15,1000.0,10,10-05-26-111252,0.04135143313899367
22,client15,client15-79c969ddf-mtzb8,sidecar,661.3679999999986,exp1,5,15,1000.0,10,10-05-26-111252,0.03897731885856315
15,client16,client16-6dc7f87f54-7qgzx,client16,667.9409999999989,exp1,5,15,1000.0,10,10-05-26-111252,0.03696390140978001
15,client16,client16-6dc7f87f54-7qgzx,linkerd-proxy,667.6800000000021,exp1,5,15,1000.0,10,10-05-26-111252,0.036978016626454724
15,client16,client16-6dc7f87f54-7qgzx,sidecar,666.4290000000001,exp1,5,15,1000.0,10,10-05-26-111252,0.03698856678227963
16,client16,client16-6dc7f87f54-b4mcz,client16,705.164999999999,exp1,5,15,1000.0,10,09-05-26-141047,0.029027682509541047
16,client16,client16-6dc7f87f54-b4mcz,linkerd-proxy,705.2850000000017,exp1,5,15,1000.0,10,09-05-26-141047,0.029019282987889194
16,client16,client16-6dc7f87f54-b4mcz,sidecar,703.5029999999988,exp1,5,15,1000.0,10,09-05-26-141047,0.02894841971515727
18,client16,client16-6dc7f87f54-wnk56,client16,674.4419999999991,exp1,5,15,1000.0,10,08-05-26-123027,0.03694491437636596
18,client16,client16-6dc7f87f54-wnk56,linkerd-proxy,674.1959999999999,exp1,5,15,1000.0,10,08-05-26-123027,0.03695701743734145
18,client16,client16-6dc7f87f54-wnk56,sidecar,672.840000000002,exp1,5,15,1000.0,10,08-05-26-123027,0.036956440499431226
16,client17,client17-69b85b5ccf-6n9d5,client17,599.121000000001,exp1,5,15,1000.0,10,10-05-26-111252,0.04016696760475841
16,client17,client17-69b85b5ccf-6n9d5,linkerd-proxy,593.5650000000005,exp1,5,15,1000.0,10,10-05-26-111252,0.04093374645352066
16,client17,client17-69b85b5ccf-6n9d5,sidecar,487.70700000000033,exp1,5,15,1000.0,10,10-05-26-111252,0.052040379829874694
13,client17,client17-69b85b5ccf-ftp6g,client17,604.6020000000008,exp1,5,15,1000.0,10,08-05-26-123027,0.0392388544269566
13,client17,client17-69b85b5ccf-ftp6g,linkerd-proxy,600.4410000000007,exp1,5,15,1000.0,10,08-05-26-123027,0.03964298587428752
13,client17,client17-69b85b5ccf-ftp6g,sidecar,477.3150000000005,exp1,5,15,1000.0,10,08-05-26-123027,0.05193706187503072
10,client17,client17-69b85b5ccf-ztdgs,client17,576.1739999999991,exp1,5,15,1000.0,10,09-05-26-141047,0.04202299822441852
10,client17,client17-69b85b5ccf-ztdgs,linkerd-proxy,574.4850000000006,exp1,5,15,1000.0,10,09-05-26-141047,0.04182218902377066
10,client17,client17-69b85b5ccf-ztdgs,sidecar,466.0349999999989,exp1,5,15,1000.0,10,09-05-26-141047,0.05167249936455487
7,client17,maurits-dijk-3efc04ddclient171-5cjjt,hfl-train,1077.7080000000003,exp1,5,15,1000.0,10,08-05-26-123027,0.028812175565985476
13,client17,maurits-dijk-3efc04ddclient171-5cjjt,hfl-train-model,597.6419999999998,exp1,5,15,1000.0,10,08-05-26-123027,0.03970104149451592
7,client17,maurits-dijk-3efc04ddclient171-5cjjt,sidecar,397.47000000000025,exp1,5,15,1000.0,10,08-05-26-123027,0.058012344494285384
16,client17,maurits-dijk-ab40b6adclient171-b9jp7,hfl-train,1069.8150000000023,exp1,5,15,1000.0,10,10-05-26-111252,0.02693974593074791
16,client17,maurits-dijk-ab40b6adclient171-b9jp7,hfl-train-model,590.6700000000001,exp1,5,15,1000.0,10,10-05-26-111252,0.04114483932808857
10,client17,maurits-dijk-ab40b6adclient171-b9jp7,sidecar,509.1810000000005,exp1,5,15,1000.0,10,10-05-26-111252,0.04365430527210426
10,client17,maurits-dijk-ac6ea51cclient171-pkwst,hfl-train,1037.5499999999993,exp1,5,15,1000.0,10,09-05-26-141047,0.03060861364397796
10,client17,maurits-dijk-ac6ea51cclient171-pkwst,hfl-train-model,571.4970000000003,exp1,5,15,1000.0,10,09-05-26-141047,0.041957756317910405
4,client17,maurits-dijk-ac6ea51cclient171-pkwst,sidecar,478.66799999999967,exp1,5,15,1000.0,10,09-05-26-141047,0.0380263615955552
3,client18,client18-69db77c748-gtfwt,client18,665.0490000000004,exp1,5,15,1000.0,10,09-05-26-141047,0.03967443230959719
3,client18,client18-69db77c748-gtfwt,linkerd-proxy,664.8509999999997,exp1,5,15,1000.0,10,09-05-26-141047,0.039689584008634704
3,client18,client18-69db77c748-gtfwt,sidecar,663.5370000000003,exp1,5,15,1000.0,10,09-05-26-141047,0.039694244385113986
9,client18,client18-69db77c748-kzztd,client18,699.6240000000016,exp1,5,15,1000.0,10,10-05-26-111252,0.031263209904265926
9,client18,client18-69db77c748-kzztd,linkerd-proxy,699.3779999999997,exp1,5,15,1000.0,10,10-05-26-111252,0.031275077860936196
9,client18,client18-69db77c748-kzztd,sidecar,698.1600000000008,exp1,5,15,1000.0,10,10-05-26-111252,0.0312555428551847
18,client18,client18-69db77c748-xpdq5,client18,644.2259999999987,exp1,5,15,1000.0,10,08-05-26-123027,0.04377726969129478
18,client18,client18-69db77c748-xpdq5,linkerd-proxy,644.0490000000009,exp1,5,15,1000.0,10,08-05-26-123027,0.04379266553806299
18,client18,client18-69db77c748-xpdq5,sidecar,642.4619999999995,exp1,5,15,1000.0,10,08-05-26-123027,0.04386752733094146
23,client19,client19-56fccdb4d9-26bzf,client19,642.0930000000008,exp1,5,15,1000.0,10,08-05-26-123027,0.04479400132742195
23,client19,client19-56fccdb4d9-26bzf,linkerd-proxy,642.1080000000002,exp1,5,15,1000.0,10,08-05-26-123027,0.044764214545750386
23,client19,client19-56fccdb4d9-26bzf,sidecar,640.6409999999996,exp1,5,15,1000.0,10,08-05-26-123027,0.04481180352355793
19,client19,client19-56fccdb4d9-6bvnr,client19,719.2350000000006,exp1,5,15,1000.0,10,10-05-26-111252,0.029973711900275313
19,client19,client19-56fccdb4d9-6bvnr,linkerd-proxy,719.1599999999999,exp1,5,15,1000.0,10,10-05-26-111252,0.029960024994370754
19,client19,client19-56fccdb4d9-6bvnr,sidecar,717.8430000000008,exp1,5,15,1000.0,10,10-05-26-111252,0.029938969400755855
15,client19,client19-56fccdb4d9-p82vr,client19,637.0290000000023,exp1,5,15,1000.0,10,09-05-26-141047,0.04371806989175084
15,client19,client19-56fccdb4d9-p82vr,linkerd-proxy,636.9330000000009,exp1,5,15,1000.0,10,09-05-26-141047,0.043715862728301774
15,client19,client19-56fccdb4d9-p82vr,sidecar,635.5349999999999,exp1,5,15,1000.0,10,09-05-26-141047,0.043746981765782816
23,client2,client2-86cd6d8cf7-2q5bm,client2,979.4100000000036,exp1,5,15,1000.0,10,10-05-26-111252,0.0377778827018635
23,client2,client2-86cd6d8cf7-2q5bm,linkerd-proxy,979.3230000000004,exp1,5,15,1000.0,10,10-05-26-111252,0.03780527827284266
23,client2,client2-86cd6d8cf7-2q5bm,sidecar,977.643,exp1,5,15,1000.0,10,10-05-26-111252,0.03785593305441595
3,client2,client2-86cd6d8cf7-lsds9,client2,705.8939999999998,exp1,5,15,1000.0,10,09-05-26-141047,0.03754583325405003
3,client2,client2-86cd6d8cf7-lsds9,linkerd-proxy,705.663,exp1,5,15,1000.0,10,09-05-26-141047,0.03756003440536901
3,client2,client2-86cd6d8cf7-lsds9,sidecar,704.4119999999998,exp1,5,15,1000.0,10,09-05-26-141047,0.037557737450437056
12,client2,client2-86cd6d8cf7-qqnlc,client2,679.3140000000003,exp1,5,15,1000.0,10,08-05-26-123027,0.03306028354391927
12,client2,client2-86cd6d8cf7-qqnlc,linkerd-proxy,679.2689999999984,exp1,5,15,1000.0,10,08-05-26-123027,0.033038274879019724
12,client2,client2-86cd6d8cf7-qqnlc,sidecar,677.8320000000003,exp1,5,15,1000.0,10,08-05-26-123027,0.033069303913289105
4,client20,client20-65f8864f77-fmg9c,client20,609.8490000000002,exp1,5,15,1000.0,10,08-05-26-123027,0.04298164548191871
4,client20,client20-65f8864f77-fmg9c,linkerd-proxy,609.6990000000001,exp1,5,15,1000.0,10,08-05-26-123027,0.042982610394353665
4,client20,client20-65f8864f77-fmg9c,sidecar,531.489,exp1,5,15,1000.0,10,08-05-26-123027,0.05859402034688621
19,client20,client20-65f8864f77-k76r2,client20,624.8069999999971,exp1,5,15,1000.0,10,10-05-26-111252,0.04583977701716532
19,client20,client20-65f8864f77-k76r2,linkerd-proxy,624.7590000000018,exp1,5,15,1000.0,10,10-05-26-111252,0.045816757654510515
19,client20,client20-65f8864f77-k76r2,sidecar,623.4299999999985,exp1,5,15,1000.0,10,10-05-26-111252,0.04584119675508211
2,client20,client20-65f8864f77-wcw65,client20,690.0929999999998,exp1,5,15,1000.0,10,09-05-26-141047,0.0326044764381106
2,client20,client20-65f8864f77-wcw65,linkerd-proxy,689.8499999999999,exp1,5,15,1000.0,10,09-05-26-141047,0.032626699082317995
2,client20,client20-65f8864f77-wcw65,sidecar,688.5239999999999,exp1,5,15,1000.0,10,09-05-26-141047,0.032610542910806284
20,client3,client3-58c68898cd-8qr24,client3,678.5489999999991,exp1,5,15,1000.0,10,10-05-26-111252,0.037852789967539935
20,client3,client3-58c68898cd-8qr24,linkerd-proxy,678.3060000000005,exp1,5,15,1000.0,10,10-05-26-111252,0.03789755741836004
20,client3,client3-58c68898cd-8qr24,sidecar,676.4879999999976,exp1,5,15,1000.0,10,10-05-26-111252,0.03787769875664143
21,client3,client3-58c68898cd-g6m7b,client3,642.9419999999991,exp1,5,15,1000.0,10,09-05-26-141047,0.04286057509271474
21,client3,client3-58c68898cd-g6m7b,linkerd-proxy,643.0319999999992,exp1,5,15,1000.0,10,09-05-26-141047,0.04281877319473992
21,client3,client3-58c68898cd-g6m7b,sidecar,640.8539999999994,exp1,5,15,1000.0,10,09-05-26-141047,0.042896824048474336
18,client3,client3-58c68898cd-z9nbx,client3,707.3340000000007,exp1,5,15,1000.0,10,08-05-26-123027,0.02927066555020183
18,client3,client3-58c68898cd-z9nbx,linkerd-proxy,707.4209999999985,exp1,5,15,1000.0,10,08-05-26-123027,0.02924026878836622
18,client3,client3-58c68898cd-z9nbx,sidecar,705.1890000000003,exp1,5,15,1000.0,10,08-05-26-123027,0.029287937553076904
5,client4,client4-744474fb99-cmqpf,client4,678.7979999999998,exp1,5,15,1000.0,10,10-05-26-111252,0.0370344635551296
5,client4,client4-744474fb99-cmqpf,linkerd-proxy,678.8430000000008,exp1,5,15,1000.0,10,10-05-26-111252,0.03702108960566233
5,client4,client4-744474fb99-cmqpf,sidecar,676.8329999999996,exp1,5,15,1000.0,10,10-05-26-111252,0.037025253866577956
22,client4,client4-744474fb99-gv789,client4,667.2930000000015,exp1,5,15,1000.0,10,09-05-26-141047,0.03594323798253379
22,client4,client4-744474fb99-gv789,linkerd-proxy,667.0380000000005,exp1,5,15,1000.0,10,09-05-26-141047,0.03598810147574166
22,client4,client4-744474fb99-gv789,sidecar,665.1030000000028,exp1,5,15,1000.0,10,09-05-26-141047,0.0359872566406014
7,client4,client4-744474fb99-q47zg,client4,674.9070000000002,exp1,5,15,1000.0,10,08-05-26-123027,0.03744899482384889
7,client4,client4-744474fb99-q47zg,linkerd-proxy,674.7419999999993,exp1,5,15,1000.0,10,08-05-26-123027,0.03747757311300284
7,client4,client4-744474fb99-q47zg,sidecar,672.6899999999996,exp1,5,15,1000.0,10,08-05-26-123027,0.03749947916974786
19,client5,client5-7d5ff7f8b4-4vqw2,client5,569.5950000000012,exp1,5,15,1000.0,10,08-05-26-123027,0.04463445979163019
19,client5,client5-7d5ff7f8b4-4vqw2,linkerd-proxy,567.5040000000008,exp1,5,15,1000.0,10,08-05-26-123027,0.04445977572610557
6,client5,client5-7d5ff7f8b4-4vqw2,sidecar,515.8079999999991,exp1,5,15,1000.0,10,08-05-26-123027,0.038139656481921136
10,client5,client5-7d5ff7f8b4-8fgvg,client5,593.7870000000003,exp1,5,15,1000.0,10,09-05-26-141047,0.03679061884637283
10,client5,client5-7d5ff7f8b4-8fgvg,linkerd-proxy,591.027,exp1,5,15,1000.0,10,09-05-26-141047,0.03669847716900029
4,client5,client5-7d5ff7f8b4-8fgvg,sidecar,444.915,exp1,5,15,1000.0,10,09-05-26-141047,0.0568277967007699
21,client5,client5-7d5ff7f8b4-twhkj,client5,576.1890000000021,exp1,5,15,1000.0,10,10-05-26-111252,0.04207434000961094
21,client5,client5-7d5ff7f8b4-twhkj,linkerd-proxy,572.2049999999999,exp1,5,15,1000.0,10,10-05-26-111252,0.04234274329245999
10,client5,client5-7d5ff7f8b4-twhkj,sidecar,434.1269999999995,exp1,5,15,1000.0,10,10-05-26-111252,0.060113649136130404
19,client5,maurits-dijk-3efc04ddclient51-5hvmh,hfl-train,1015.0109999999986,exp1,5,15,1000.0,10,08-05-26-123027,0.035734197090146025
19,client5,maurits-dijk-3efc04ddclient51-5hvmh,hfl-train-model,565.3529999999992,exp1,5,15,1000.0,10,08-05-26-123027,0.044521633970238145
7,client5,maurits-dijk-3efc04ddclient51-5hvmh,sidecar,455.91600000000017,exp1,5,15,1000.0,10,08-05-26-123027,0.04687166307859755
21,client5,maurits-dijk-ab40b6adclient51-fpm4g,hfl-train,1036.6230000000032,exp1,5,15,1000.0,10,10-05-26-111252,0.029272797774095027
21,client5,maurits-dijk-ab40b6adclient51-fpm4g,hfl-train-model,569.7750000000015,exp1,5,15,1000.0,10,10-05-26-111252,0.04249295585369339
21,client5,maurits-dijk-ab40b6adclient51-fpm4g,sidecar,503.2259999999988,exp1,5,15,1000.0,10,10-05-26-111252,0.043723492267677244
22,client5,maurits-dijk-ac6ea51cclient51-8vhg7,hfl-train,1064.4659999999967,exp1,5,15,1000.0,10,09-05-26-141047,0.027899188530897373
10,client5,maurits-dijk-ac6ea51cclient51-8vhg7,hfl-train-model,588.6389999999983,exp1,5,15,1000.0,10,09-05-26-141047,0.03676861615233065
10,client5,maurits-dijk-ac6ea51cclient51-8vhg7,sidecar,450.0600000000004,exp1,5,15,1000.0,10,09-05-26-141047,0.05222235697495889
12,client6,client6-785d875985-dwddj,client6,997.0319999999992,exp1,5,15,1000.0,10,09-05-26-141047,0.040638570433296856
12,client6,client6-785d875985-dwddj,linkerd-proxy,996.5819999999984,exp1,5,15,1000.0,10,09-05-26-141047,0.040624108549527554
12,client6,client6-785d875985-dwddj,sidecar,994.5569999999988,exp1,5,15,1000.0,10,09-05-26-141047,0.04075034830501029
5,client6,client6-785d875985-pcl82,client6,654.3959999999997,exp1,5,15,1000.0,10,10-05-26-111252,0.04141777637114483
5,client6,client6-785d875985-pcl82,linkerd-proxy,654.0479999999998,exp1,5,15,1000.0,10,10-05-26-111252,0.0414503280027812
5,client6,client6-785d875985-pcl82,sidecar,652.5269999999991,exp1,5,15,1000.0,10,10-05-26-111252,0.041438701660423655
13,client6,client6-785d875985-zlwj6,client6,654.9390000000003,exp1,5,15,1000.0,10,08-05-26-123027,0.04115018883766086
13,client6,client6-785d875985-zlwj6,linkerd-proxy,654.6959999999999,exp1,5,15,1000.0,10,08-05-26-123027,0.041156733882137
13,client6,client6-785d875985-zlwj6,sidecar,652.6319999999996,exp1,5,15,1000.0,10,08-05-26-123027,0.04122681839284009
21,client7,client7-544486cc98-928vw,client7,662.3160000000025,exp1,5,15,1000.0,10,09-05-26-141047,0.04379608759174361
21,client7,client7-544486cc98-928vw,linkerd-proxy,662.030999999999,exp1,5,15,1000.0,10,09-05-26-141047,0.04379452979878454
21,client7,client7-544486cc98-928vw,sidecar,660.8189999999995,exp1,5,15,1000.0,10,09-05-26-141047,0.043842279660825906
5,client7,client7-544486cc98-hgvmk,client7,623.9549999999999,exp1,5,15,1000.0,10,08-05-26-123027,0.047626009718540474
5,client7,client7-544486cc98-hgvmk,linkerd-proxy,623.6399999999994,exp1,5,15,1000.0,10,08-05-26-123027,0.04763560217731988
5,client7,client7-544486cc98-hgvmk,sidecar,622.5360000000001,exp1,5,15,1000.0,10,08-05-26-123027,0.047669003737941446
14,client7,client7-544486cc98-thqz6,client7,670.9500000000007,exp1,5,15,1000.0,10,10-05-26-111252,0.03562695759076431
14,client7,client7-544486cc98-thqz6,linkerd-proxy,670.6499999999996,exp1,5,15,1000.0,10,10-05-26-111252,0.03562273840838273
14,client7,client7-544486cc98-thqz6,sidecar,669.4979999999996,exp1,5,15,1000.0,10,10-05-26-111252,0.03564529770640548
6,client8,client8-5845965f99-5kdwl,client8,691.0650000000005,exp1,5,15,1000.0,10,09-05-26-141047,0.04107028622539649
6,client8,client8-5845965f99-5kdwl,linkerd-proxy,690.8370000000004,exp1,5,15,1000.0,10,09-05-26-141047,0.04106553359873813
6,client8,client8-5845965f99-5kdwl,sidecar,575.8710000000001,exp1,5,15,1000.0,10,09-05-26-141047,0.060785900211483
2,client8,client8-5845965f99-kp87s,client8,666.2819999999997,exp1,5,15,1000.0,10,10-05-26-111252,0.035330221745816126
2,client8,client8-5845965f99-kp87s,linkerd-proxy,665.8920000000003,exp1,5,15,1000.0,10,10-05-26-111252,0.03536193928957579
21,client8,client8-5845965f99-kp87s,sidecar,940.2209999999995,exp1,5,15,1000.0,10,10-05-26-111252,0.04932399484845537
15,client8,client8-5845965f99-vzzrc,client8,661.4520000000011,exp1,5,15,1000.0,10,08-05-26-123027,0.04031838859240433
15,client8,client8-5845965f99-vzzrc,linkerd-proxy,661.2510000000002,exp1,5,15,1000.0,10,08-05-26-123027,0.04030355491697396
23,client8,client8-5845965f99-vzzrc,sidecar,954.7469999999994,exp1,5,15,1000.0,10,08-05-26-123027,0.04099965908682274
5,client9,client9-d68fb99b4-6m4n2,client9,936.2969999999996,exp1,5,15,1000.0,10,10-05-26-111252,0.043834075145555595
5,client9,client9-d68fb99b4-6m4n2,linkerd-proxy,934.2119999999996,exp1,5,15,1000.0,10,10-05-26-111252,0.04386573972932259
21,client9,client9-d68fb99b4-6m4n2,sidecar,543.7710000000006,exp1,5,15,1000.0,10,10-05-26-111252,0.04814590756635809
24,client9,client9-d68fb99b4-gpsfl,client9,632.877000000004,exp1,5,15,1000.0,10,08-05-26-123027,0.0338665795822988
24,client9,client9-d68fb99b4-gpsfl,linkerd-proxy,632.3820000000014,exp1,5,15,1000.0,10,08-05-26-123027,0.033641593662981695
22,client9,client9-d68fb99b4-gpsfl,sidecar,771.5729999999985,exp1,5,15,1000.0,10,08-05-26-123027,0.027892602157225804
10,client9,client9-d68fb99b4-jwx5n,client9,606.8130000000001,exp1,5,15,1000.0,10,09-05-26-141047,0.03959750831965966
10,client9,client9-d68fb99b4-jwx5n,linkerd-proxy,604.7070000000003,exp1,5,15,1000.0,10,09-05-26-141047,0.03977354083261711
10,client9,client9-d68fb99b4-jwx5n,sidecar,590.7150000000001,exp1,5,15,1000.0,10,09-05-26-141047,0.034801917271992444
12,client9,maurits-dijk-3efc04ddclient91-62fkb,hfl-train,1141.8659999999982,exp1,5,15,1000.0,10,08-05-26-123027,0.024505730926279806
24,client9,maurits-dijk-3efc04ddclient91-62fkb,hfl-train-model,628.5119999999988,exp1,5,15,1000.0,10,08-05-26-123027,0.03344845844001487
6,client9,maurits-dijk-3efc04ddclient91-62fkb,sidecar,507.2729999999992,exp1,5,15,1000.0,10,08-05-26-123027,0.04798495787449039
8,client9,maurits-dijk-ab40b6adclient91-vfmwl,hfl-train,1414.7610000000022,exp1,5,15,1000.0,10,10-05-26-111252,0.02248346713187016
5,client9,maurits-dijk-ab40b6adclient91-vfmwl,hfl-train-model,928.8359999999998,exp1,5,15,1000.0,10,10-05-26-111252,0.044210875574538455
4,client9,maurits-dijk-ab40b6adclient91-vfmwl,sidecar,530.8200000000002,exp1,5,15,1000.0,10,10-05-26-111252,0.033578337640017
10,client9,maurits-dijk-ac6ea51cclient91-jx8xd,hfl-train,1067.5919999999987,exp1,5,15,1000.0,10,09-05-26-141047,0.033026124387745354
10,client9,maurits-dijk-ac6ea51cclient91-jx8xd,hfl-train-model,600.9870000000001,exp1,5,15,1000.0,10,09-05-26-141047,0.039587469513634094
10,client9,maurits-dijk-ac6ea51cclient91-jx8xd,sidecar,534.5730000000003,exp1,5,15,1000.0,10,09-05-26-141047,0.04417838166968757
2,orchestrator,orchestrator-555f7b7c9d-789cp,linkerd-proxy,321.8789999999999,exp1,5,15,1000.0,10,08-05-26-123027,0.03735775037973532
19,orchestrator,orchestrator-555f7b7c9d-789cp,orchestrator,330.83399999999983,exp1,5,15,1000.0,10,08-05-26-123027,0.057839186782475155
2,orchestrator,orchestrator-555f7b7c9d-789cp,sidecar,269.30999999999983,exp1,5,15,1000.0,10,08-05-26-123027,0.04305895882305841
12,orchestrator,orchestrator-555f7b7c9d-9nb9x,linkerd-proxy,330.1109999999999,exp1,5,15,1000.0,10,10-05-26-111252,0.03278846300581967
6,orchestrator,orchestrator-555f7b7c9d-9nb9x,orchestrator,183.34500000000003,exp1,5,15,1000.0,10,10-05-26-111252,0.059341699109392354
1,orchestrator,orchestrator-555f7b7c9d-9nb9x,sidecar,268.80600000000004,exp1,5,15,1000.0,10,10-05-26-111252,0.05150212906649593
24,orchestrator,orchestrator-555f7b7c9d-lvgwc,linkerd-proxy,335.15699999999924,exp1,5,15,1000.0,10,09-05-26-141047,0.033987524997772356
12,orchestrator,orchestrator-555f7b7c9d-lvgwc,orchestrator,161.3399999999997,exp1,5,15,1000.0,10,09-05-26-141047,0.0746968714176746
24,orchestrator,orchestrator-555f7b7c9d-lvgwc,sidecar,275.8560000000016,exp1,5,15,1000.0,10,09-05-26-141047,0.04602819186829987
2,orchestrator,policy-enforcer-cb8dccbd8-mmnnz,linkerd-proxy,321.86400000000003,exp1,5,15,1000.0,10,08-05-26-123027,0.03735749050707585
6,orchestrator,policy-enforcer-cb8dccbd8-mmnnz,policy-enforcer,336.0930000000001,exp1,5,15,1000.0,10,08-05-26-123027,0.06415143085154804
8,orchestrator,policy-enforcer-cb8dccbd8-mmnnz,sidecar,405.1800000000003,exp1,5,15,1000.0,10,08-05-26-123027,0.02687786622526489
24,orchestrator,policy-enforcer-cb8dccbd8-p5969,linkerd-proxy,335.08799999999974,exp1,5,15,1000.0,10,09-05-26-141047,0.03399786673504121
20,orchestrator,policy-enforcer-cb8dccbd8-p5969,policy-enforcer,352.52399999999943,exp1,5,15,1000.0,10,09-05-26-141047,0.0684332169257996
6,orchestrator,policy-enforcer-cb8dccbd8-p5969,sidecar,277.0920000000005,exp1,5,15,1000.0,10,09-05-26-141047,0.041647517806940676
12,orchestrator,policy-enforcer-cb8dccbd8-pg2rz,linkerd-proxy,330.1170000000002,exp1,5,15,1000.0,10,10-05-26-111252,0.032774609746753613
23,orchestrator,policy-enforcer-cb8dccbd8-pg2rz,policy-enforcer,166.2119999999995,exp1,5,15,1000.0,10,10-05-26-111252,0.06953162396755447
12,orchestrator,policy-enforcer-cb8dccbd8-pg2rz,sidecar,264.28499999999985,exp1,5,15,1000.0,10,10-05-26-111252,0.04897087797911512
16,server,maurits-dijk-3efc04ddserver1-vt645,hfl-train,464.9940000000006,exp1,5,15,1000.0,10,08-05-26-123027,0.03417120145792818
16,server,maurits-dijk-3efc04ddserver1-vt645,hfl-train-model,745.7520000000004,exp1,5,15,1000.0,10,08-05-26-123027,0.028356868106683725
3,server,maurits-dijk-3efc04ddserver1-vt645,sidecar,378.84000000000015,exp1,5,15,1000.0,10,08-05-26-123027,0.04527489165395032
2,server,maurits-dijk-ab40b6adserver1-nkfqm,hfl-train,453.348,exp1,5,15,1000.0,10,10-05-26-111252,0.03198612007863233
2,server,maurits-dijk-ab40b6adserver1-nkfqm,hfl-train-model,726.5520000000001,exp1,5,15,1000.0,10,10-05-26-111252,0.02816295487090753
18,server,maurits-dijk-ab40b6adserver1-nkfqm,sidecar,366.3630000000003,exp1,5,15,1000.0,10,10-05-26-111252,0.02939134839285079
19,server,maurits-dijk-ac6ea51cserver1-cq66r,hfl-train,463.8240000000024,exp1,5,15,1000.0,10,09-05-26-141047,0.03497951328480947
19,server,maurits-dijk-ac6ea51cserver1-cq66r,hfl-train-model,775.7909999999974,exp1,5,15,1000.0,10,09-05-26-141047,0.022205120328291944
7,server,maurits-dijk-ac6ea51cserver1-cq66r,sidecar,371.0040000000004,exp1,5,15,1000.0,10,09-05-26-141047,0.04570457247487658
16,server,server-656f98b57f-6rcfc,linkerd-proxy,467.5650000000005,exp1,5,15,1000.0,10,08-05-26-123027,0.034617767699231944
16,server,server-656f98b57f-6rcfc,server,490.1250000000018,exp1,5,15,1000.0,10,08-05-26-123027,0.031719051826520434
22,server,server-656f98b57f-6rcfc,sidecar,403.3380000000016,exp1,5,15,1000.0,10,08-05-26-123027,0.03837664127088594
19,server,server-656f98b57f-8qskv,linkerd-proxy,466.9979999999996,exp1,5,15,1000.0,10,09-05-26-141047,0.03492636318433315
19,server,server-656f98b57f-8qskv,server,487.5959999999996,exp1,5,15,1000.0,10,09-05-26-141047,0.032795788264067066
1,server,server-656f98b57f-8qskv,sidecar,386.085,exp1,5,15,1000.0,10,09-05-26-141047,0.04147111380826862
2,server,server-656f98b57f-xqddk,linkerd-proxy,457.0590000000002,exp1,5,15,1000.0,10,10-05-26-111252,0.03193196754461852
7,server,server-656f98b57f-xqddk,server,473.72100000000046,exp1,5,15,1000.0,10,10-05-26-111252,0.031104135572842917
12,server,server-656f98b57f-xqddk,sidecar,390.5519999999997,exp1,5,15,1000.0,10,10-05-26-111252,0.034381624245143294
1,api-gateway,api-gateway-6bf76d45b7-nmr7c,api-gateway,341.595,exp1,5,30,1000.0,10,08-05-26-134913,0.029603484652894252
1,api-gateway,api-gateway-6bf76d45b7-nmr7c,linkerd-proxy,336.567,exp1,5,30,1000.0,10,08-05-26-134913,0.02919930730971293
10,api-gateway,api-gateway-6bf76d45b7-nmr7c,sidecar,410.5140000000001,exp1,5,30,1000.0,10,08-05-26-134913,0.04085934790581475
24,api-gateway,api-gateway-6bf76d45b7-qp8hq,api-gateway,469.902,exp1,5,30,1000.0,10,09-05-26-152933,0.029197046050395192
24,api-gateway,api-gateway-6bf76d45b7-qp8hq,linkerd-proxy,471.18299999999726,exp1,5,30,1000.0,10,09-05-26-152933,0.03433986389744936
3,api-gateway,api-gateway-6bf76d45b7-qp8hq,sidecar,252.801,exp1,5,30,1000.0,10,09-05-26-152933,0.05511583943083792
18,api-gateway,api-gateway-6bf76d45b7-x9bsl,api-gateway,339.6359999999995,exp1,5,30,1000.0,10,10-05-26-123039,0.02918560849359836
8,api-gateway,api-gateway-6bf76d45b7-x9bsl,linkerd-proxy,338.43899999999985,exp1,5,30,1000.0,10,10-05-26-123039,0.02782673246784395
1,api-gateway,api-gateway-6bf76d45b7-x9bsl,sidecar,247.539,exp1,5,30,1000.0,10,10-05-26-123039,0.05373125172935622
19,client1,client1-7b9db886dd-5nd2k,client1,874.5540000000001,exp1,5,30,1000.0,10,08-05-26-134913,0.04198380342161692
19,client1,client1-7b9db886dd-5nd2k,linkerd-proxy,874.1010000000006,exp1,5,30,1000.0,10,08-05-26-134913,0.04192988527606892
19,client1,client1-7b9db886dd-5nd2k,sidecar,829.0409999999993,exp1,5,30,1000.0,10,08-05-26-134913,0.043623005189827896
12,client1,client1-7b9db886dd-lcr7l,client1,594.9449999999997,exp1,5,30,1000.0,10,09-05-26-152933,0.03479020657048881
12,client1,client1-7b9db886dd-lcr7l,linkerd-proxy,594.5160000000014,exp1,5,30,1000.0,10,09-05-26-152933,0.03481663308894961
22,client1,client1-7b9db886dd-lcr7l,sidecar,562.0169999999998,exp1,5,30,1000.0,10,09-05-26-152933,0.03530206601223476
5,client1,client1-7b9db886dd-s4v8b,client1,606.6359999999995,exp1,5,30,1000.0,10,10-05-26-123039,0.03484161928944102
5,client1,client1-7b9db886dd-s4v8b,linkerd-proxy,606.1350000000007,exp1,5,30,1000.0,10,10-05-26-123039,0.03486154242924824
24,client1,client1-7b9db886dd-s4v8b,sidecar,551.3040000000001,exp1,5,30,1000.0,10,10-05-26-123039,0.03825799699939586
19,client1,maurits-dijk-29c296d0client11-5mzmt,hfl-train,1160.0010000000002,exp1,5,30,1000.0,10,08-05-26-134913,0.039808100735963775
19,client1,maurits-dijk-29c296d0client11-5mzmt,hfl-train-model,868.2090000000007,exp1,5,30,1000.0,10,08-05-26-134913,0.04219883998730797
19,client1,maurits-dijk-29c296d0client11-5mzmt,sidecar,803.1599999999999,exp1,5,30,1000.0,10,08-05-26-134913,0.06597167867476086
5,client1,maurits-dijk-880b301bclient11-txvdg,hfl-train,839.9579999999987,exp1,5,30,1000.0,10,10-05-26-123039,0.029306678437582723
5,client1,maurits-dijk-880b301bclient11-txvdg,hfl-train-model,600.7349999999992,exp1,5,30,1000.0,10,10-05-26-123039,0.035108103958731846
0,client1,maurits-dijk-880b301bclient11-txvdg,sidecar,378.516,exp1,5,30,1000.0,10,10-05-26-123039,0.06639485960076427
22,client1,maurits-dijk-b0fd3e53client11-bhcws,hfl-train,828.1679999999978,exp1,5,30,1000.0,10,09-05-26-152933,0.027509896695096014
12,client1,maurits-dijk-b0fd3e53client11-bhcws,hfl-train-model,588.8160000000007,exp1,5,30,1000.0,10,09-05-26-152933,0.035123222973417495
14,client1,maurits-dijk-b0fd3e53client11-bhcws,sidecar,798.4259999999995,exp1,5,30,1000.0,10,09-05-26-152933,0.061018326568137354
8,client10,client10-694b6b97b4-7f5t5,client10,900.8639999999996,exp1,5,30,1000.0,10,08-05-26-134913,0.030878821370295934
8,client10,client10-694b6b97b4-7f5t5,linkerd-proxy,900.8159999999998,exp1,5,30,1000.0,10,08-05-26-134913,0.030903512267817096
16,client10,client10-694b6b97b4-7f5t5,sidecar,563.2829999999994,exp1,5,30,1000.0,10,08-05-26-134913,0.03645400255444092
7,client10,client10-694b6b97b4-7wv4h,client10,957.3179999999992,exp1,5,30,1000.0,10,09-05-26-152933,0.039964015187180374
7,client10,client10-694b6b97b4-7wv4h,linkerd-proxy,956.9160000000002,exp1,5,30,1000.0,10,09-05-26-152933,0.03990304505053213
7,client10,client10-694b6b97b4-7wv4h,sidecar,858.4979999999996,exp1,5,30,1000.0,10,09-05-26-152933,0.04535293548753064
1,client10,client10-694b6b97b4-z4qwj,client10,621.06,exp1,5,30,1000.0,10,10-05-26-123039,0.03733401657280394
1,client10,client10-694b6b97b4-z4qwj,linkerd-proxy,620.7149999999999,exp1,5,30,1000.0,10,10-05-26-123039,0.03741581725731058
3,client10,client10-694b6b97b4-z4qwj,sidecar,871.3229999999999,exp1,5,30,1000.0,10,10-05-26-123039,0.056766824416514344
1,client11,client11-565c48c7c7-b4sx4,client11,949.3950000000002,exp1,5,30,1000.0,10,09-05-26-152933,0.04066823065670544
1,client11,client11-565c48c7c7-b4sx4,linkerd-proxy,949.218,exp1,5,30,1000.0,10,09-05-26-152933,0.0406917216616276
2,client11,client11-565c48c7c7-b4sx4,sidecar,502.743,exp1,5,30,1000.0,10,09-05-26-152933,0.052426056021330325
2,client11,client11-565c48c7c7-lf952,client11,625.8869999999997,exp1,5,30,1000.0,10,08-05-26-134913,0.03967177844307329
2,client11,client11-565c48c7c7-lf952,linkerd-proxy,625.6620000000003,exp1,5,30,1000.0,10,08-05-26-134913,0.03968543816035605
12,client11,client11-565c48c7c7-lf952,sidecar,554.3340000000007,exp1,5,30,1000.0,10,08-05-26-134913,0.04343177223877934
21,client11,client11-565c48c7c7-xqg29,client11,963.3509999999987,exp1,5,30,1000.0,10,10-05-26-123039,0.0444444606934708
21,client11,client11-565c48c7c7-xqg29,linkerd-proxy,963.0269999999946,exp1,5,30,1000.0,10,10-05-26-123039,0.044421979872876216
21,client11,client11-565c48c7c7-xqg29,sidecar,961.719000000001,exp1,5,30,1000.0,10,10-05-26-123039,0.0485192965280109
10,client12,client12-79bc8d5846-hgcdj,client12,609.1140000000005,exp1,5,30,1000.0,10,09-05-26-152933,0.038621547491392905
10,client12,client12-79bc8d5846-hgcdj,linkerd-proxy,608.8559999999989,exp1,5,30,1000.0,10,09-05-26-152933,0.038662543810804195
10,client12,client12-79bc8d5846-hgcdj,sidecar,544.1100000000006,exp1,5,30,1000.0,10,09-05-26-152933,0.044209925644026316
12,client12,client12-79bc8d5846-n4jgx,client12,923.7330000000002,exp1,5,30,1000.0,10,08-05-26-134913,0.03267660081757992
12,client12,client12-79bc8d5846-n4jgx,linkerd-proxy,923.6549999999988,exp1,5,30,1000.0,10,08-05-26-134913,0.0327064253243636
0,client12,client12-79bc8d5846-n4jgx,sidecar,541.77,exp1,5,30,1000.0,10,08-05-26-134913,0.04150586670714182
19,client12,client12-79bc8d5846-nt2ln,client12,972.146999999999,exp1,5,30,1000.0,10,10-05-26-123039,0.03973219055460814
19,client12,client12-79bc8d5846-nt2ln,linkerd-proxy,971.9969999999994,exp1,5,30,1000.0,10,10-05-26-123039,0.03972762744513508
10,client12,client12-79bc8d5846-nt2ln,sidecar,555.4170000000022,exp1,5,30,1000.0,10,10-05-26-123039,0.044007459998494064
9,client13,client13-7bf86f4f87-2trxl,client13,813.8489999999993,exp1,5,30,1000.0,10,08-05-26-134913,0.02948357004934321
9,client13,client13-7bf86f4f87-2trxl,linkerd-proxy,808.5180000000009,exp1,5,30,1000.0,10,08-05-26-134913,0.02922117797699114
4,client13,client13-7bf86f4f87-2trxl,sidecar,494.7059999999997,exp1,5,30,1000.0,10,08-05-26-134913,0.046072764701985125
9,client13,client13-7bf86f4f87-p6vm7,client13,615.0720000000001,exp1,5,30,1000.0,10,10-05-26-123039,0.028910433052219936
9,client13,client13-7bf86f4f87-p6vm7,linkerd-proxy,611.3280000000004,exp1,5,30,1000.0,10,10-05-26-123039,0.028994095988849
21,client13,client13-7bf86f4f87-p6vm7,sidecar,788.3279999999995,exp1,5,30,1000.0,10,10-05-26-123039,0.04366117762053681
22,client13,client13-7bf86f4f87-t5grf,client13,585.1949999999997,exp1,5,30,1000.0,10,09-05-26-152933,0.03581903531678307
22,client13,client13-7bf86f4f87-t5grf,linkerd-proxy,582.2579999999998,exp1,5,30,1000.0,10,09-05-26-152933,0.03578321456836084
0,client13,client13-7bf86f4f87-t5grf,sidecar,778.9110000000001,exp1,5,30,1000.0,10,09-05-26-152933,0.040474002819524596
9,client13,maurits-dijk-29c296d0client131-fz2ds,hfl-train,1155.2610000000004,exp1,5,30,1000.0,10,08-05-26-134913,0.020958901955866333
9,client13,maurits-dijk-29c296d0client131-fz2ds,hfl-train-model,805.4160000000002,exp1,5,30,1000.0,10,08-05-26-134913,0.029336016471145282
12,client13,maurits-dijk-29c296d0client131-fz2ds,sidecar,535.2120000000014,exp1,5,30,1000.0,10,08-05-26-134913,0.03645702756707994
9,client13,maurits-dijk-880b301bclient131-sznth,hfl-train,946.9590000000009,exp1,5,30,1000.0,10,10-05-26-123039,0.021017988123338355
9,client13,maurits-dijk-880b301bclient131-sznth,hfl-train-model,608.406,exp1,5,30,1000.0,10,10-05-26-123039,0.029047905726633794
17,client13,maurits-dijk-880b301bclient131-sznth,sidecar,458.1119999999992,exp1,5,30,1000.0,10,10-05-26-123039,0.05012140359069572
22,client13,maurits-dijk-b0fd3e53client131-cpsj7,hfl-train,924.9630000000034,exp1,5,30,1000.0,10,09-05-26-152933,0.024395275319489762
22,client13,maurits-dijk-b0fd3e53client131-cpsj7,hfl-train-model,579.1530000000002,exp1,5,30,1000.0,10,09-05-26-152933,0.035954906132030395
22,client13,maurits-dijk-b0fd3e53client131-cpsj7,sidecar,421.1969999999983,exp1,5,30,1000.0,10,09-05-26-152933,0.05290723019600005
18,client14,client14-856b5b5576-4tsrx,client14,662.0310000000009,exp1,5,30,1000.0,10,10-05-26-123039,0.0340236924014026
18,client14,client14-856b5b5576-4tsrx,linkerd-proxy,661.8029999999981,exp1,5,30,1000.0,10,10-05-26-123039,0.03403754085698035
18,client14,client14-856b5b5576-4tsrx,sidecar,660.4200000000001,exp1,5,30,1000.0,10,10-05-26-123039,0.0340499684948353
19,client14,client14-856b5b5576-bxpr9,client14,676.6770000000015,exp1,5,30,1000.0,10,09-05-26-152933,0.029310945198902538
19,client14,client14-856b5b5576-bxpr9,linkerd-proxy,676.5119999999988,exp1,5,30,1000.0,10,09-05-26-152933,0.02930525579710963
1,client14,client14-856b5b5576-bxpr9,sidecar,643.086,exp1,5,30,1000.0,10,09-05-26-152933,0.03628989106969552
1,client14,client14-856b5b5576-lx7wg,client14,688.5419999999999,exp1,5,30,1000.0,10,08-05-26-134913,0.03237066532330163
1,client14,client14-856b5b5576-lx7wg,linkerd-proxy,688.203,exp1,5,30,1000.0,10,08-05-26-134913,0.032401173678321155
1,client14,client14-856b5b5576-lx7wg,sidecar,642.6119999999999,exp1,5,30,1000.0,10,08-05-26-134913,0.04106144269761933
4,client15,client15-79c969ddf-7mhnd,client15,982.9199999999996,exp1,5,30,1000.0,10,08-05-26-134913,0.03636204046019209
4,client15,client15-79c969ddf-7mhnd,linkerd-proxy,982.686,exp1,5,30,1000.0,10,08-05-26-134913,0.03636895954430025
1,client15,client15-79c969ddf-7mhnd,sidecar,597.4199999999996,exp1,5,30,1000.0,10,08-05-26-134913,0.03584219288899501
1,client15,client15-79c969ddf-gkw82,client15,951.75,exp1,5,30,1000.0,10,09-05-26-152933,0.041558457818804045
1,client15,client15-79c969ddf-gkw82,linkerd-proxy,951.4200000000004,exp1,5,30,1000.0,10,09-05-26-152933,0.041554989629205064
14,client15,client15-79c969ddf-gkw82,sidecar,889.4850000000006,exp1,5,30,1000.0,10,09-05-26-152933,0.032740859403543265
8,client15,client15-79c969ddf-hb5rz,client15,651.1289999999999,exp1,5,30,1000.0,10,10-05-26-123039,0.03384232684958721
8,client15,client15-79c969ddf-hb5rz,linkerd-proxy,650.9429999999993,exp1,5,30,1000.0,10,10-05-26-123039,0.033840960118419194
8,client15,client15-79c969ddf-hb5rz,sidecar,649.71,exp1,5,30,1000.0,10,10-05-26-123039,0.03385985439284658
7,client16,client16-6dc7f87f54-vw2fq,client16,931.0410000000002,exp1,5,30,1000.0,10,08-05-26-134913,0.036012242811658185
7,client16,client16-6dc7f87f54-vw2fq,linkerd-proxy,930.7140000000009,exp1,5,30,1000.0,10,08-05-26-134913,0.03601184491047085
7,client16,client16-6dc7f87f54-vw2fq,sidecar,929.3069999999998,exp1,5,30,1000.0,10,08-05-26-134913,0.0360709041585191
20,client16,client16-6dc7f87f54-xfmgx,client16,653.4570000000022,exp1,5,30,1000.0,10,10-05-26-123039,0.034794504885806155
20,client16,client16-6dc7f87f54-xfmgx,linkerd-proxy,653.0939999999973,exp1,5,30,1000.0,10,10-05-26-123039,0.03484709583432874
20,client16,client16-6dc7f87f54-xfmgx,sidecar,651.9029999999984,exp1,5,30,1000.0,10,10-05-26-123039,0.034744921788614824
11,client16,client16-6dc7f87f54-xn46x,client16,920.5650000000004,exp1,5,30,1000.0,10,09-05-26-152933,0.03443182635814765
11,client16,client16-6dc7f87f54-xn46x,linkerd-proxy,920.8169999999992,exp1,5,30,1000.0,10,09-05-26-152933,0.03446807764713286
11,client16,client16-6dc7f87f54-xn46x,sidecar,918.402000000002,exp1,5,30,1000.0,10,09-05-26-152933,0.03456626028421306
3,client17,client17-69b85b5ccf-6p2sx,client17,528.3179999999998,exp1,5,30,1000.0,10,08-05-26-134913,0.049785973916587234
3,client17,client17-69b85b5ccf-6p2sx,linkerd-proxy,524.3400000000001,exp1,5,30,1000.0,10,08-05-26-134913,0.05021154270492223
3,client17,client17-69b85b5ccf-6p2sx,sidecar,451.056,exp1,5,30,1000.0,10,08-05-26-134913,0.05395681187301596
14,client17,client17-69b85b5ccf-nmk4l,client17,846.7110000000011,exp1,5,30,1000.0,10,09-05-26-152933,0.04095030828274657
14,client17,client17-69b85b5ccf-nmk4l,linkerd-proxy,841.5630000000001,exp1,5,30,1000.0,10,09-05-26-152933,0.040478522906837705
14,client17,client17-69b85b5ccf-nmk4l,sidecar,813.0450000000001,exp1,5,30,1000.0,10,09-05-26-152933,0.056462293047112144
21,client17,client17-69b85b5ccf-pdwds,client17,854.3369999999995,exp1,5,30,1000.0,10,10-05-26-123039,0.035781464371046956
21,client17,client17-69b85b5ccf-pdwds,linkerd-proxy,850.2839999999997,exp1,5,30,1000.0,10,10-05-26-123039,0.03570709108586115
6,client17,client17-69b85b5ccf-pdwds,sidecar,508.7489999999998,exp1,5,30,1000.0,10,10-05-26-123039,0.04456812316420955
3,client17,maurits-dijk-29c296d0client171-scwjc,hfl-train,787.1130000000003,exp1,5,30,1000.0,10,08-05-26-134913,0.035427814638630234
3,client17,maurits-dijk-29c296d0client171-scwjc,hfl-train-model,521.652,exp1,5,30,1000.0,10,08-05-26-134913,0.05031551064840892
14,client17,maurits-dijk-29c296d0client171-scwjc,sidecar,807.9810000000016,exp1,5,30,1000.0,10,08-05-26-134913,0.0679041253810948
21,client17,maurits-dijk-880b301bclient171-fgpx2,hfl-train,1108.199999999997,exp1,5,30,1000.0,10,10-05-26-123039,0.029205417458569888
21,client17,maurits-dijk-880b301bclient171-fgpx2,hfl-train-model,847.6530000000002,exp1,5,30,1000.0,10,10-05-26-123039,0.035881756854572455
8,client17,maurits-dijk-880b301bclient171-fgpx2,sidecar,488.3340000000008,exp1,5,30,1000.0,10,10-05-26-123039,0.042345355287762926
14,client17,maurits-dijk-b0fd3e53client171-ls6tr,hfl-train,1087.773000000001,exp1,5,30,1000.0,10,09-05-26-152933,0.03108111100678576
14,client17,maurits-dijk-b0fd3e53client171-ls6tr,hfl-train-model,838.5060000000012,exp1,5,30,1000.0,10,09-05-26-152933,0.040707791032390334
13,client17,maurits-dijk-b0fd3e53client171-ls6tr,sidecar,388.5239999999994,exp1,5,30,1000.0,10,09-05-26-152933,0.05001235619140934
3,client18,client18-69db77c748-7nbxj,client18,975.1949999999996,exp1,5,30,1000.0,10,10-05-26-123039,0.04602998758211907
3,client18,client18-69db77c748-7nbxj,linkerd-proxy,975.111,exp1,5,30,1000.0,10,10-05-26-123039,0.04606074675389965
3,client18,client18-69db77c748-7nbxj,sidecar,973.4009999999998,exp1,5,30,1000.0,10,10-05-26-123039,0.046097766360559594
19,client18,client18-69db77c748-bhkrv,client18,1034.0070000000014,exp1,5,30,1000.0,10,08-05-26-134913,0.060745140817759086
19,client18,client18-69db77c748-bhkrv,linkerd-proxy,1033.9049999999988,exp1,5,30,1000.0,10,08-05-26-134913,0.06078212262780783
19,client18,client18-69db77c748-bhkrv,sidecar,1032.255000000001,exp1,5,30,1000.0,10,08-05-26-134913,0.0608743173050757
12,client18,client18-69db77c748-j6scx,client18,617.4840000000022,exp1,5,30,1000.0,10,09-05-26-152933,0.04721849649460477
12,client18,client18-69db77c748-j6scx,linkerd-proxy,617.2469999999994,exp1,5,30,1000.0,10,09-05-26-152933,0.04724411890113958
12,client18,client18-69db77c748-j6scx,sidecar,616.0620000000017,exp1,5,30,1000.0,10,09-05-26-152933,0.04724149035251815
15,client19,client19-56fccdb4d9-f4ff7,client19,612.0600000000013,exp1,5,30,1000.0,10,09-05-26-152933,0.047124594964428085
15,client19,client19-56fccdb4d9-f4ff7,linkerd-proxy,611.8829999999998,exp1,5,30,1000.0,10,09-05-26-152933,0.047138970045007916
15,client19,client19-56fccdb4d9-f4ff7,sidecar,610.5509999999995,exp1,5,30,1000.0,10,09-05-26-152933,0.04717086779506213
8,client19,client19-56fccdb4d9-fx4cw,client19,910.4399999999996,exp1,5,30,1000.0,10,08-05-26-134913,0.030477956394586753
8,client19,client19-56fccdb4d9-fx4cw,linkerd-proxy,910.236,exp1,5,30,1000.0,10,08-05-26-134913,0.030469854685126835
8,client19,client19-56fccdb4d9-fx4cw,sidecar,908.6040000000004,exp1,5,30,1000.0,10,08-05-26-134913,0.03050900941874679
18,client19,client19-56fccdb4d9-mv9jd,client19,926.4539999999996,exp1,5,30,1000.0,10,10-05-26-123039,0.03457562725476429
18,client19,client19-56fccdb4d9-mv9jd,linkerd-proxy,926.196,exp1,5,30,1000.0,10,10-05-26-123039,0.03455923987368992
18,client19,client19-56fccdb4d9-mv9jd,sidecar,924.4799999999996,exp1,5,30,1000.0,10,10-05-26-123039,0.034573620511563985
16,client2,client2-86cd6d8cf7-4rfht,client2,1031.9940000000006,exp1,5,30,1000.0,10,09-05-26-152933,0.0457322137855328
16,client2,client2-86cd6d8cf7-4rfht,linkerd-proxy,1031.780999999999,exp1,5,30,1000.0,10,09-05-26-152933,0.04573316731913446
16,client2,client2-86cd6d8cf7-4rfht,sidecar,1030.2420000000002,exp1,5,30,1000.0,10,09-05-26-152933,0.04580964088085643
24,client2,client2-86cd6d8cf7-8q9l4,client2,978.3690000000024,exp1,5,30,1000.0,10,08-05-26-134913,0.04828587123965944
24,client2,client2-86cd6d8cf7-8q9l4,linkerd-proxy,978.4559999999984,exp1,5,30,1000.0,10,08-05-26-134913,0.04829649425918303
24,client2,client2-86cd6d8cf7-8q9l4,sidecar,976.6020000000026,exp1,5,30,1000.0,10,08-05-26-134913,0.048364909778183196
9,client2,client2-86cd6d8cf7-z7hfj,client2,1001.150999999998,exp1,5,30,1000.0,10,10-05-26-123039,0.045604807342545045
9,client2,client2-86cd6d8cf7-z7hfj,linkerd-proxy,1001.0009999999984,exp1,5,30,1000.0,10,10-05-26-123039,0.045611651427061334
9,client2,client2-86cd6d8cf7-z7hfj,sidecar,999.458999999998,exp1,5,30,1000.0,10,10-05-26-123039,0.04569397428431521
6,client20,client20-65f8864f77-5f579,client20,940.0259999999998,exp1,5,30,1000.0,10,09-05-26-152933,0.038740746801475795
6,client20,client20-65f8864f77-5f579,linkerd-proxy,939.87,exp1,5,30,1000.0,10,09-05-26-152933,0.03876245020540042
6,client20,client20-65f8864f77-5f579,sidecar,938.4089999999997,exp1,5,30,1000.0,10,09-05-26-152933,0.03884155291703506
17,client20,client20-65f8864f77-5zmk4,client20,974.919,exp1,5,30,1000.0,10,10-05-26-123039,0.036088726920750075
17,client20,client20-65f8864f77-5zmk4,linkerd-proxy,974.661,exp1,5,30,1000.0,10,10-05-26-123039,0.0360791336983477
17,client20,client20-65f8864f77-5zmk4,sidecar,973.0169999999998,exp1,5,30,1000.0,10,10-05-26-123039,0.041407788399649564
2,client20,client20-65f8864f77-l7nbm,client20,615.1860000000001,exp1,5,30,1000.0,10,08-05-26-134913,0.03828430405476829
2,client20,client20-65f8864f77-l7nbm,linkerd-proxy,614.9609999999998,exp1,5,30,1000.0,10,08-05-26-134913,0.038304742619912624
23,client20,client20-65f8864f77-l7nbm,sidecar,896.6759999999995,exp1,5,30,1000.0,10,08-05-26-134913,0.05248821116854532
1,client3,client3-58c68898cd-bhwgr,client3,973.1310000000004,exp1,5,30,1000.0,10,09-05-26-152933,0.04511587427101987
1,client3,client3-58c68898cd-bhwgr,linkerd-proxy,973.2960000000004,exp1,5,30,1000.0,10,09-05-26-152933,0.0451675144436392
1,client3,client3-58c68898cd-bhwgr,sidecar,970.8330000000004,exp1,5,30,1000.0,10,09-05-26-152933,0.045265807325207075
0,client3,client3-58c68898cd-dg76r,client3,642.696,exp1,5,30,1000.0,10,10-05-26-123039,0.038377593483329614
0,client3,client3-58c68898cd-dg76r,linkerd-proxy,642.483,exp1,5,30,1000.0,10,10-05-26-123039,0.03842727704791862
0,client3,client3-58c68898cd-dg76r,sidecar,640.6830000000002,exp1,5,30,1000.0,10,10-05-26-123039,0.03839316424888248
21,client3,client3-58c68898cd-fn6w2,client3,932.4029999999984,exp1,5,30,1000.0,10,08-05-26-134913,0.03795476775921525
21,client3,client3-58c68898cd-fn6w2,linkerd-proxy,932.3580000000002,exp1,5,30,1000.0,10,08-05-26-134913,0.037958925393862974
21,client3,client3-58c68898cd-fn6w2,sidecar,929.7479999999996,exp1,5,30,1000.0,10,08-05-26-134913,0.03800963273899169
12,client4,client4-744474fb99-bcxd6,client4,955.7430000000004,exp1,5,30,1000.0,10,09-05-26-152933,0.04348854846786651
12,client4,client4-744474fb99-bcxd6,linkerd-proxy,955.5930000000008,exp1,5,30,1000.0,10,09-05-26-152933,0.04348073764531335
12,client4,client4-744474fb99-bcxd6,sidecar,953.3160000000008,exp1,5,30,1000.0,10,09-05-26-152933,0.04358383515103803
8,client4,client4-744474fb99-jnf2x,client4,646.5689999999995,exp1,5,30,1000.0,10,08-05-26-134913,0.03886736390216794
8,client4,client4-744474fb99-jnf2x,linkerd-proxy,646.3889999999992,exp1,5,30,1000.0,10,08-05-26-134913,0.03889344121718624
8,client4,client4-744474fb99-jnf2x,sidecar,644.3369999999995,exp1,5,30,1000.0,10,08-05-26-134913,0.0389514440952452
9,client4,client4-744474fb99-kcx2l,client4,982.7670000000008,exp1,5,30,1000.0,10,10-05-26-123039,0.05052551450833542
9,client4,client4-744474fb99-kcx2l,linkerd-proxy,982.6770000000016,exp1,5,30,1000.0,10,10-05-26-123039,0.05052650542063883
9,client4,client4-744474fb99-kcx2l,sidecar,980.3880000000008,exp1,5,30,1000.0,10,10-05-26-123039,0.05065073868271283
23,client5,client5-7d5ff7f8b4-9w9xf,client5,587.0729999999967,exp1,5,30,1000.0,10,08-05-26-134913,0.0308984574878112
23,client5,client5-7d5ff7f8b4-9w9xf,linkerd-proxy,583.7130000000034,exp1,5,30,1000.0,10,08-05-26-134913,0.030993828263578577
15,client5,client5-7d5ff7f8b4-9w9xf,sidecar,487.5480000000007,exp1,5,30,1000.0,10,08-05-26-134913,0.039366422324019296
17,client5,client5-7d5ff7f8b4-hbzj2,client5,594.6119999999992,exp1,5,30,1000.0,10,10-05-26-123039,0.03696888698825471
17,client5,client5-7d5ff7f8b4-hbzj2,linkerd-proxy,591.9480000000003,exp1,5,30,1000.0,10,10-05-26-123039,0.03693220643615047
18,client5,client5-7d5ff7f8b4-hbzj2,sidecar,814.9560000000001,exp1,5,30,1000.0,10,10-05-26-123039,0.0505970657475224
23,client5,client5-7d5ff7f8b4-tvxvp,client5,587.7030000000013,exp1,5,30,1000.0,10,09-05-26-152933,0.03265718557250458
23,client5,client5-7d5ff7f8b4-tvxvp,linkerd-proxy,583.857,exp1,5,30,1000.0,10,09-05-26-152933,0.03284824784562093
22,client5,client5-7d5ff7f8b4-tvxvp,sidecar,769.5360000000001,exp1,5,30,1000.0,10,09-05-26-152933,0.049761375351208226
23,client5,maurits-dijk-29c296d0client51-bgrrh,hfl-train,813.4259999999995,exp1,5,30,1000.0,10,08-05-26-134913,0.027194314109495438
23,client5,maurits-dijk-29c296d0client51-bgrrh,hfl-train-model,581.9670000000006,exp1,5,30,1000.0,10,08-05-26-134913,0.030947022684645775
22,client5,maurits-dijk-29c296d0client51-bgrrh,sidecar,636.9480000000003,exp1,5,30,1000.0,10,08-05-26-134913,0.030416741828754396
18,client5,maurits-dijk-880b301bclient51-hh559,hfl-train,1102.1850000000013,exp1,5,30,1000.0,10,10-05-26-123039,0.027241674649712305
17,client5,maurits-dijk-880b301bclient51-hh559,hfl-train-model,590.1449999999986,exp1,5,30,1000.0,10,10-05-26-123039,0.036948199656057695
14,client5,maurits-dijk-880b301bclient51-hh559,sidecar,726.0299999999988,exp1,5,30,1000.0,10,10-05-26-123039,0.041296964145047466
10,client5,maurits-dijk-b0fd3e53client51-v2xkc,hfl-train,819.5490000000009,exp1,5,30,1000.0,10,09-05-26-152933,0.02666909033376999
23,client5,maurits-dijk-b0fd3e53client51-v2xkc,hfl-train-model,581.1450000000004,exp1,5,30,1000.0,10,09-05-26-152933,0.033047973299824035
2,client5,maurits-dijk-b0fd3e53client51-v2xkc,sidecar,475.779,exp1,5,30,1000.0,10,09-05-26-152933,0.049946571522190786
10,client6,client6-785d875985-2cqjf,client6,644.3369999999977,exp1,5,30,1000.0,10,10-05-26-123039,0.03525969270377094
10,client6,client6-785d875985-2cqjf,linkerd-proxy,644.141999999998,exp1,5,30,1000.0,10,10-05-26-123039,0.03526368114615416
21,client6,client6-785d875985-2cqjf,sidecar,869.5950000000012,exp1,5,30,1000.0,10,10-05-26-123039,0.040907725831285796
13,client6,client6-785d875985-kvttb,client6,653.4480000000003,exp1,5,30,1000.0,10,09-05-26-152933,0.03561193110586028
13,client6,client6-785d875985-kvttb,linkerd-proxy,653.4719999999998,exp1,5,30,1000.0,10,09-05-26-152933,0.03555862638715879
13,client6,client6-785d875985-kvttb,sidecar,651.4139999999989,exp1,5,30,1000.0,10,09-05-26-152933,0.0356648276298307
18,client6,client6-785d875985-w9xlq,client6,682.9140000000007,exp1,5,30,1000.0,10,08-05-26-134913,0.027910620097325534
18,client6,client6-785d875985-w9xlq,linkerd-proxy,682.6289999999972,exp1,5,30,1000.0,10,08-05-26-134913,0.02794710579181653
18,client6,client6-785d875985-w9xlq,sidecar,680.9040000000005,exp1,5,30,1000.0,10,08-05-26-134913,0.027907953407914465
5,client7,client7-544486cc98-bjklm,client7,986.0970000000008,exp1,5,30,1000.0,10,09-05-26-152933,0.04186495860709738
5,client7,client7-544486cc98-bjklm,linkerd-proxy,985.6980000000004,exp1,5,30,1000.0,10,09-05-26-152933,0.04186878222678897
5,client7,client7-544486cc98-bjklm,sidecar,984.5160000000004,exp1,5,30,1000.0,10,09-05-26-152933,0.04290981579424949
22,client7,client7-544486cc98-v2drc,client7,643.8390000000036,exp1,5,30,1000.0,10,10-05-26-123039,0.04225532332215942
22,client7,client7-544486cc98-v2drc,linkerd-proxy,643.6440000000002,exp1,5,30,1000.0,10,10-05-26-123039,0.042233872508069065
22,client7,client7-544486cc98-v2drc,sidecar,642.3870000000024,exp1,5,30,1000.0,10,10-05-26-123039,0.042303161695709385
24,client7,client7-544486cc98-v9fjj,client7,965.3940000000002,exp1,5,30,1000.0,10,08-05-26-134913,0.045374039790696485
24,client7,client7-544486cc98-v9fjj,linkerd-proxy,965.252999999997,exp1,5,30,1000.0,10,08-05-26-134913,0.045432135617645
24,client7,client7-544486cc98-v9fjj,sidecar,963.8550000000032,exp1,5,30,1000.0,10,08-05-26-134913,0.0454509569962884
5,client8,client8-5845965f99-fvd7r,client8,957.5969999999998,exp1,5,30,1000.0,10,08-05-26-134913,0.04265723852177583
5,client8,client8-5845965f99-fvd7r,linkerd-proxy,957.2669999999998,exp1,5,30,1000.0,10,08-05-26-134913,0.04268328619284914
21,client8,client8-5845965f99-fvd7r,sidecar,914.3070000000008,exp1,5,30,1000.0,10,08-05-26-134913,0.05005606658473799
21,client8,client8-5845965f99-jttb2,client8,642.3660000000018,exp1,5,30,1000.0,10,10-05-26-123039,0.04206248912088234
21,client8,client8-5845965f99-jttb2,linkerd-proxy,642.0509999999995,exp1,5,30,1000.0,10,10-05-26-123039,0.04207695775627024
6,client8,client8-5845965f99-jttb2,sidecar,586.8600000000006,exp1,5,30,1000.0,10,10-05-26-123039,0.04754619484609207
6,client8,client8-5845965f99-msr2j,client8,665.5319999999992,exp1,5,30,1000.0,10,09-05-26-152933,0.04067363497909643
6,client8,client8-5845965f99-msr2j,linkerd-proxy,665.2169999999996,exp1,5,30,1000.0,10,09-05-26-152933,0.0406814626050242
6,client8,client8-5845965f99-msr2j,sidecar,593.1600000000008,exp1,5,30,1000.0,10,09-05-26-152933,0.05042641391657243
15,client9,client9-d68fb99b4-28cgz,client9,591.6000000000004,exp1,5,30,1000.0,10,09-05-26-152933,0.0344925825488569
15,client9,client9-d68fb99b4-28cgz,linkerd-proxy,590.385000000002,exp1,5,30,1000.0,10,09-05-26-152933,0.034520726525424095
5,client9,client9-d68fb99b4-28cgz,sidecar,488.3309999999997,exp1,5,30,1000.0,10,09-05-26-152933,0.03866414183292882
3,client9,client9-d68fb99b4-9xqfd,client9,582.1020000000003,exp1,5,30,1000.0,10,08-05-26-134913,0.037786365126084104
3,client9,client9-d68fb99b4-9xqfd,linkerd-proxy,579.1620000000003,exp1,5,30,1000.0,10,08-05-26-134913,0.0382355417630639
0,client9,client9-d68fb99b4-9xqfd,sidecar,502.881,exp1,5,30,1000.0,10,08-05-26-134913,0.038506992414453184
2,client9,client9-d68fb99b4-rjql8,client9,885.81,exp1,5,30,1000.0,10,10-05-26-123039,0.04561498909479991
2,client9,client9-d68fb99b4-rjql8,linkerd-proxy,884.4030000000002,exp1,5,30,1000.0,10,10-05-26-123039,0.0456864085372323
0,client9,client9-d68fb99b4-rjql8,sidecar,481.3110000000001,exp1,5,30,1000.0,10,10-05-26-123039,0.04192934755089664
3,client9,maurits-dijk-29c296d0client91-gm2dp,hfl-train,811.212,exp1,5,30,1000.0,10,08-05-26-134913,0.03494618209949338
3,client9,maurits-dijk-29c296d0client91-gm2dp,hfl-train-model,574.8600000000001,exp1,5,30,1000.0,10,08-05-26-134913,0.03822960984049173
2,client9,maurits-dijk-29c296d0client91-gm2dp,sidecar,776.7209999999998,exp1,5,30,1000.0,10,08-05-26-134913,0.0497200434763303
2,client9,maurits-dijk-880b301bclient91-2sgdt,hfl-train,1123.1219999999994,exp1,5,30,1000.0,10,10-05-26-123039,0.029901563899998485
2,client9,maurits-dijk-880b301bclient91-2sgdt,hfl-train-model,878.9849999999999,exp1,5,30,1000.0,10,10-05-26-123039,0.045968774372829785
3,client9,maurits-dijk-880b301bclient91-2sgdt,sidecar,403.0799999999999,exp1,5,30,1000.0,10,10-05-26-123039,0.06249392273759985
15,client9,maurits-dijk-b0fd3e53client91-fcvmd,hfl-train,861.0779999999995,exp1,5,30,1000.0,10,09-05-26-152933,0.02385886750219593
15,client9,maurits-dijk-b0fd3e53client91-fcvmd,hfl-train-model,585.5789999999997,exp1,5,30,1000.0,10,09-05-26-152933,0.03458227736989139
7,client9,maurits-dijk-b0fd3e53client91-fcvmd,sidecar,445.656,exp1,5,30,1000.0,10,09-05-26-152933,0.04528636236645864
4,orchestrator,orchestrator-555f7b7c9d-p47g2,linkerd-proxy,428.9850000000001,exp1,5,30,1000.0,10,10-05-26-123039,0.028603549534387596
23,orchestrator,orchestrator-555f7b7c9d-p47g2,orchestrator,142.4309999999996,exp1,5,30,1000.0,10,10-05-26-123039,0.07557402538367314
6,orchestrator,orchestrator-555f7b7c9d-p47g2,sidecar,248.90699999999995,exp1,5,30,1000.0,10,10-05-26-123039,0.045969070538767226
24,orchestrator,orchestrator-555f7b7c9d-q7pb9,linkerd-proxy,451.0799999999981,exp1,5,30,1000.0,10,09-05-26-152933,0.03518869349872164
8,orchestrator,orchestrator-555f7b7c9d-q7pb9,orchestrator,153.85499999999956,exp1,5,30,1000.0,10,09-05-26-152933,0.045248664728079285
12,orchestrator,orchestrator-555f7b7c9d-q7pb9,sidecar,421.6499999999997,exp1,5,30,1000.0,10,09-05-26-152933,0.03575190412055751
1,orchestrator,orchestrator-555f7b7c9d-tnchh,linkerd-proxy,318.52200000000005,exp1,5,30,1000.0,10,08-05-26-134913,0.030366959992870285
5,orchestrator,orchestrator-555f7b7c9d-tnchh,orchestrator,352.9950000000001,exp1,5,30,1000.0,10,08-05-26-134913,0.06960155915348445
5,orchestrator,orchestrator-555f7b7c9d-tnchh,sidecar,428.502,exp1,5,30,1000.0,10,08-05-26-134913,0.048629656658199016
1,orchestrator,policy-enforcer-cb8dccbd8-fwl8f,linkerd-proxy,318.432,exp1,5,30,1000.0,10,08-05-26-134913,0.030414822732904606
5,orchestrator,policy-enforcer-cb8dccbd8-fwl8f,policy-enforcer,362.28899999999976,exp1,5,30,1000.0,10,08-05-26-134913,0.06929736790542329
5,orchestrator,policy-enforcer-cb8dccbd8-fwl8f,sidecar,422.3190000000002,exp1,5,30,1000.0,10,08-05-26-134913,0.04104129116339239
24,orchestrator,policy-enforcer-cb8dccbd8-k2msh,linkerd-proxy,451.1219999999976,exp1,5,30,1000.0,10,09-05-26-152933,0.03519518032573851
22,orchestrator,policy-enforcer-cb8dccbd8-k2msh,policy-enforcer,342.8670000000002,exp1,5,30,1000.0,10,09-05-26-152933,0.0828949034598008
6,orchestrator,policy-enforcer-cb8dccbd8-k2msh,sidecar,220.404,exp1,5,30,1000.0,10,09-05-26-152933,0.06880350942810301
4,orchestrator,policy-enforcer-cb8dccbd8-tsp2m,linkerd-proxy,429.0300000000002,exp1,5,30,1000.0,10,10-05-26-123039,0.02863181854502936
12,orchestrator,policy-enforcer-cb8dccbd8-tsp2m,policy-enforcer,323.48099999999977,exp1,5,30,1000.0,10,10-05-26-123039,0.06084273037019047
1,orchestrator,policy-enforcer-cb8dccbd8-tsp2m,sidecar,250.72799999999995,exp1,5,30,1000.0,10,10-05-26-123039,0.05540563880162233
24,server,maurits-dijk-29c296d0server1-5sgtk,hfl-train,471.1229999999996,exp1,5,30,1000.0,10,08-05-26-134913,0.030758246356335006
5,server,maurits-dijk-29c296d0server1-5sgtk,hfl-train-model,971.5680000000002,exp1,5,30,1000.0,10,08-05-26-134913,0.019924323141252448
4,server,maurits-dijk-29c296d0server1-5sgtk,sidecar,405.23400000000015,exp1,5,30,1000.0,10,08-05-26-134913,0.041296149727162584
7,server,maurits-dijk-880b301bserver1-kdhgn,hfl-train,450.9149999999995,exp1,5,30,1000.0,10,10-05-26-123039,0.028807334872264417
7,server,maurits-dijk-880b301bserver1-kdhgn,hfl-train-model,728.4269999999997,exp1,5,30,1000.0,10,10-05-26-123039,0.028356605711105126
7,server,maurits-dijk-880b301bserver1-kdhgn,sidecar,391.8000000000002,exp1,5,30,1000.0,10,10-05-26-123039,0.032958059185643596
22,server,maurits-dijk-b0fd3e53server1-c5q27,hfl-train,437.60100000000057,exp1,5,30,1000.0,10,09-05-26-152933,0.03565508172815171
24,server,maurits-dijk-b0fd3e53server1-c5q27,hfl-train-model,715.2089999999953,exp1,5,30,1000.0,10,09-05-26-152933,0.03206628072629397
20,server,maurits-dijk-b0fd3e53server1-c5q27,sidecar,595.7159999999985,exp1,5,30,1000.0,10,09-05-26-152933,0.04376397208654001
22,server,server-656f98b57f-7vl4v,linkerd-proxy,442.0229999999992,exp1,5,30,1000.0,10,09-05-26-152933,0.035296166340750945
22,server,server-656f98b57f-7vl4v,server,457.8719999999994,exp1,5,30,1000.0,10,09-05-26-152933,0.03426467759826185
20,server,server-656f98b57f-7vl4v,sidecar,559.8240000000005,exp1,5,30,1000.0,10,09-05-26-152933,0.03772436312790453
7,server,server-656f98b57f-s7nfk,linkerd-proxy,455.3399999999997,exp1,5,30,1000.0,10,10-05-26-123039,0.028622018838223656
7,server,server-656f98b57f-s7nfk,server,472.1160000000009,exp1,5,30,1000.0,10,10-05-26-123039,0.027658261958616592
16,server,server-656f98b57f-s7nfk,sidecar,395.9790000000002,exp1,5,30,1000.0,10,10-05-26-123039,0.03130357360688504
24,server,server-656f98b57f-tw55b,linkerd-proxy,475.8119999999999,exp1,5,30,1000.0,10,08-05-26-134913,0.030524552761013984
24,server,server-656f98b57f-tw55b,server,492.6360000000004,exp1,5,30,1000.0,10,08-05-26-134913,0.029390204548826432
4,server,server-656f98b57f-tw55b,sidecar,407.8410000000004,exp1,5,30,1000.0,10,08-05-26-134913,0.0330259988437093
10,api-gateway,api-gateway-6bf76d45b7-4g74g,api-gateway,448.8540000000002,exp1,5,60,1000.0,10,10-05-26-134626,0.029242404143097228
10,api-gateway,api-gateway-6bf76d45b7-4g74g,linkerd-proxy,442.40399999999954,exp1,5,60,1000.0,10,10-05-26-134626,0.0250036485298821
5,api-gateway,api-gateway-6bf76d45b7-4g74g,sidecar,259.9589999999996,exp1,5,60,1000.0,10,10-05-26-134626,0.04126288057170094
15,api-gateway,api-gateway-6bf76d45b7-wr226,api-gateway,346.0589999999993,exp1,5,60,1000.0,10,09-05-26-164520,0.0262300168346358
2,api-gateway,api-gateway-6bf76d45b7-wr226,linkerd-proxy,443.385,exp1,5,60,1000.0,10,09-05-26-164520,0.022760336180887242
1,api-gateway,api-gateway-6bf76d45b7-wr226,sidecar,243.66600000000005,exp1,5,60,1000.0,10,09-05-26-164520,0.050840703166257606
13,api-gateway,api-gateway-6bf76d45b7-xrsvc,api-gateway,454.7609999999986,exp1,5,60,1000.0,10,08-05-26-150457,0.03759004077316999
13,api-gateway,api-gateway-6bf76d45b7-xrsvc,linkerd-proxy,446.607,exp1,5,60,1000.0,10,08-05-26-150457,0.03024090266479304
4,api-gateway,api-gateway-6bf76d45b7-xrsvc,sidecar,254.60400000000004,exp1,5,60,1000.0,10,08-05-26-150457,0.04883735332502109
19,client1,client1-7b9db886dd-5dvgn,client1,841.7249999999985,exp1,5,60,1000.0,10,10-05-26-134626,0.03742101176284668
19,client1,client1-7b9db886dd-5dvgn,linkerd-proxy,839.1239999999998,exp1,5,60,1000.0,10,10-05-26-134626,0.03687567368320113
13,client1,client1-7b9db886dd-5dvgn,sidecar,776.3220000000001,exp1,5,60,1000.0,10,10-05-26-134626,0.04314740154605959
17,client1,client1-7b9db886dd-pqstb,client1,806.8589999999986,exp1,5,60,1000.0,10,08-05-26-150457,0.03219014297376907
17,client1,client1-7b9db886dd-pqstb,linkerd-proxy,805.9230000000007,exp1,5,60,1000.0,10,08-05-26-150457,0.03230668303954776
23,client1,client1-7b9db886dd-pqstb,sidecar,763.8030000000017,exp1,5,60,1000.0,10,08-05-26-150457,0.03585249551249611
15,client1,client1-7b9db886dd-zwn89,client1,825.5789999999997,exp1,5,60,1000.0,10,09-05-26-164520,0.037734721188876524
19,client1,client1-7b9db886dd-zwn89,linkerd-proxy,825.7139999999999,exp1,5,60,1000.0,10,09-05-26-164520,0.03804628623069736
2,client1,client1-7b9db886dd-zwn89,sidecar,513.7950000000001,exp1,5,60,1000.0,10,09-05-26-164520,0.04120968798759067
15,client1,maurits-dijk-07ac9879client11-88nrp,hfl-train,957.7979999999988,exp1,5,60,1000.0,10,09-05-26-164520,0.034263901456050544
19,client1,maurits-dijk-07ac9879client11-88nrp,hfl-train-model,820.1369999999988,exp1,5,60,1000.0,10,09-05-26-164520,0.03843175029030518
11,client1,maurits-dijk-07ac9879client11-88nrp,sidecar,747.813000000001,exp1,5,60,1000.0,10,09-05-26-164520,0.05393291873545156
19,client1,maurits-dijk-23d3fcf8client11-p27wv,hfl-train,974.1480000000028,exp1,5,60,1000.0,10,10-05-26-134626,0.03283704394185019
19,client1,maurits-dijk-23d3fcf8client11-p27wv,hfl-train-model,833.1180000000004,exp1,5,60,1000.0,10,10-05-26-134626,0.03698951998049019
19,client1,maurits-dijk-23d3fcf8client11-p27wv,sidecar,725.6489999999994,exp1,5,60,1000.0,10,10-05-26-134626,0.03659765690980624
13,client1,maurits-dijk-f85344daclient11-4qkt5,hfl-train,711.7919999999995,exp1,5,60,1000.0,10,08-05-26-150457,0.026189359687051966
17,client1,maurits-dijk-f85344daclient11-4qkt5,hfl-train-model,800.5320000000011,exp1,5,60,1000.0,10,08-05-26-150457,0.032598637852064793
23,client1,maurits-dijk-f85344daclient11-4qkt5,sidecar,761.2290000000012,exp1,5,60,1000.0,10,08-05-26-150457,0.03841977945265776
10,client10,client10-694b6b97b4-7lkd7,client10,855.8009999999995,exp1,5,60,1000.0,10,10-05-26-134626,0.03305379471798456
10,client10,client10-694b6b97b4-7lkd7,linkerd-proxy,855.6810000000005,exp1,5,60,1000.0,10,10-05-26-134626,0.03304427470333485
8,client10,client10-694b6b97b4-7lkd7,sidecar,780.2939999999999,exp1,5,60,1000.0,10,10-05-26-134626,0.04177056887113981
2,client10,client10-694b6b97b4-9h5k7,client10,942.3539999999998,exp1,5,60,1000.0,10,09-05-26-164520,0.04757520132742635
2,client10,client10-694b6b97b4-9h5k7,linkerd-proxy,942.294,exp1,5,60,1000.0,10,09-05-26-164520,0.04757307187451065
2,client10,client10-694b6b97b4-9h5k7,sidecar,940.068,exp1,5,60,1000.0,10,09-05-26-164520,0.047663064460617965
5,client10,client10-694b6b97b4-bl6bv,client10,950.7119999999996,exp1,5,60,1000.0,10,08-05-26-150457,0.04147987321710475
5,client10,client10-694b6b97b4-bl6bv,linkerd-proxy,950.6189999999996,exp1,5,60,1000.0,10,08-05-26-150457,0.04147213233629768
5,client10,client10-694b6b97b4-bl6bv,sidecar,865.9049999999997,exp1,5,60,1000.0,10,08-05-26-150457,0.05078272522305424
0,client11,client11-565c48c7c7-258ks,client11,952.998,exp1,5,60,1000.0,10,08-05-26-150457,0.051405254388187244
0,client11,client11-565c48c7c7-258ks,linkerd-proxy,952.686,exp1,5,60,1000.0,10,08-05-26-150457,0.05136583072748516
0,client11,client11-565c48c7c7-258ks,sidecar,951.369,exp1,5,60,1000.0,10,08-05-26-150457,0.05328463277286702
9,client11,client11-565c48c7c7-v26s6,client11,980.2260000000006,exp1,5,60,1000.0,10,10-05-26-134626,0.048046019028150894
9,client11,client11-565c48c7c7-v26s6,linkerd-proxy,980.103,exp1,5,60,1000.0,10,10-05-26-134626,0.04807381146852707
9,client11,client11-565c48c7c7-v26s6,sidecar,860.9549999999999,exp1,5,60,1000.0,10,10-05-26-134626,0.04505202249015797
21,client11,client11-565c48c7c7-vg972,client11,914.6760000000032,exp1,5,60,1000.0,10,09-05-26-164520,0.039933966320034514
21,client11,client11-565c48c7c7-vg972,linkerd-proxy,914.4569999999984,exp1,5,60,1000.0,10,09-05-26-164520,0.03995016195280099
1,client11,client11-565c48c7c7-vg972,sidecar,869.394,exp1,5,60,1000.0,10,09-05-26-164520,0.062091915207174
20,client12,client12-79bc8d5846-4pbrr,client12,983.412000000002,exp1,5,60,1000.0,10,08-05-26-150457,0.05238746726157564
20,client12,client12-79bc8d5846-4pbrr,linkerd-proxy,983.313,exp1,5,60,1000.0,10,08-05-26-150457,0.05238491545139082
20,client12,client12-79bc8d5846-4pbrr,sidecar,951.84,exp1,5,60,1000.0,10,08-05-26-150457,0.08048391941337571
17,client12,client12-79bc8d5846-fg7f4,client12,912.8790000000008,exp1,5,60,1000.0,10,09-05-26-164520,0.04538949794999789
17,client12,client12-79bc8d5846-fg7f4,linkerd-proxy,912.6360000000004,exp1,5,60,1000.0,10,09-05-26-164520,0.04536080374286333
23,client12,client12-79bc8d5846-fg7f4,sidecar,834.6359999999986,exp1,5,60,1000.0,10,09-05-26-164520,0.05965959450881714
23,client12,client12-79bc8d5846-zjq4m,client12,915.119999999999,exp1,5,60,1000.0,10,10-05-26-134626,0.03703784699467025
23,client12,client12-79bc8d5846-zjq4m,linkerd-proxy,915.1649999999972,exp1,5,60,1000.0,10,10-05-26-134626,0.03707906399856156
23,client12,client12-79bc8d5846-zjq4m,sidecar,912.5849999999992,exp1,5,60,1000.0,10,10-05-26-134626,0.037470016437959636
24,client13,client13-7bf86f4f87-6vnqk,client13,565.4489999999969,exp1,5,60,1000.0,10,08-05-26-150457,0.03669586194706104
24,client13,client13-7bf86f4f87-6vnqk,linkerd-proxy,563.0550000000003,exp1,5,60,1000.0,10,08-05-26-150457,0.03643311025797258
9,client13,client13-7bf86f4f87-6vnqk,sidecar,763.1819999999998,exp1,5,60,1000.0,10,08-05-26-150457,0.04798278046821117
19,client13,client13-7bf86f4f87-gw5cj,client13,787.3770000000004,exp1,5,60,1000.0,10,09-05-26-164520,0.025810234528654635
19,client13,client13-7bf86f4f87-gw5cj,linkerd-proxy,784.1610000000001,exp1,5,60,1000.0,10,09-05-26-164520,0.026105768119760786
19,client13,client13-7bf86f4f87-gw5cj,sidecar,751.7070000000003,exp1,5,60,1000.0,10,09-05-26-164520,0.038503305235408486
9,client13,client13-7bf86f4f87-z2vhg,client13,803.6220000000003,exp1,5,60,1000.0,10,10-05-26-134626,0.03177879433186437
9,client13,client13-7bf86f4f87-z2vhg,linkerd-proxy,798.5069999999996,exp1,5,60,1000.0,10,10-05-26-134626,0.03166858528703345
24,client13,client13-7bf86f4f87-z2vhg,sidecar,736.8959999999988,exp1,5,60,1000.0,10,10-05-26-134626,0.03700448380849308
19,client13,maurits-dijk-07ac9879client131-49m2m,hfl-train,949.2659999999996,exp1,5,60,1000.0,10,09-05-26-164520,0.020321798373591993
19,client13,maurits-dijk-07ac9879client131-49m2m,hfl-train-model,781.0320000000011,exp1,5,60,1000.0,10,09-05-26-164520,0.02622132830549595
0,client13,maurits-dijk-07ac9879client131-49m2m,sidecar,443.682,exp1,5,60,1000.0,10,09-05-26-164520,0.043241430531222785
9,client13,maurits-dijk-23d3fcf8client131-glgnl,hfl-train,972.0569999999998,exp1,5,60,1000.0,10,10-05-26-134626,0.026019992941912845
9,client13,maurits-dijk-23d3fcf8client131-glgnl,hfl-train-model,794.9039999999995,exp1,5,60,1000.0,10,10-05-26-134626,0.031671182207847925
15,client13,maurits-dijk-23d3fcf8client131-glgnl,sidecar,685.3439999999982,exp1,5,60,1000.0,10,10-05-26-134626,0.0573417426552518
24,client13,maurits-dijk-f85344daclient131-d5g64,hfl-train,726.768,exp1,5,60,1000.0,10,08-05-26-150457,0.03034185138755463
24,client13,maurits-dijk-f85344daclient131-d5g64,hfl-train-model,560.012999999999,exp1,5,60,1000.0,10,08-05-26-150457,0.03657518741172444
18,client13,maurits-dijk-f85344daclient131-d5g64,sidecar,402.1409999999996,exp1,5,60,1000.0,10,08-05-26-150457,0.05303863593791441
4,client14,client14-856b5b5576-d9cj8,client14,966.0209999999992,exp1,5,60,1000.0,10,09-05-26-164520,0.04910881524128968
4,client14,client14-856b5b5576-d9cj8,linkerd-proxy,965.823,exp1,5,60,1000.0,10,09-05-26-164520,0.049144535205256634
4,client14,client14-856b5b5576-d9cj8,sidecar,935.5829999999996,exp1,5,60,1000.0,10,09-05-26-164520,0.04473702786235553
1,client14,client14-856b5b5576-q69kq,client14,904.017,exp1,5,60,1000.0,10,08-05-26-150457,0.032422205602705895
1,client14,client14-856b5b5576-q69kq,linkerd-proxy,903.8459999999995,exp1,5,60,1000.0,10,08-05-26-150457,0.03245292129219732
2,client14,client14-856b5b5576-q69kq,sidecar,643.5059999999999,exp1,5,60,1000.0,10,08-05-26-150457,0.03314134101561131
24,client14,client14-856b5b5576-tflrl,client14,908.3820000000014,exp1,5,60,1000.0,10,10-05-26-134626,0.035931643831955906
24,client14,client14-856b5b5576-tflrl,linkerd-proxy,908.0400000000008,exp1,5,60,1000.0,10,10-05-26-134626,0.035919477198380956
24,client14,client14-856b5b5576-tflrl,sidecar,906.512999999999,exp1,5,60,1000.0,10,10-05-26-134626,0.04338596949885923
24,client15,client15-79c969ddf-2qhl4,client15,686.7000000000007,exp1,5,60,1000.0,10,10-05-26-134626,0.03310482358885064
24,client15,client15-79c969ddf-2qhl4,linkerd-proxy,686.4239999999991,exp1,5,60,1000.0,10,10-05-26-134626,0.033123413597409196
6,client15,client15-79c969ddf-2qhl4,sidecar,930.0239999999994,exp1,5,60,1000.0,10,10-05-26-134626,0.030983564184126594
17,client15,client15-79c969ddf-9zmnv,client15,894.0630000000001,exp1,5,60,1000.0,10,09-05-26-164520,0.03115285072429208
17,client15,client15-79c969ddf-9zmnv,linkerd-proxy,893.7179999999989,exp1,5,60,1000.0,10,09-05-26-164520,0.031134131216645267
17,client15,client15-79c969ddf-9zmnv,sidecar,892.1190000000006,exp1,5,60,1000.0,10,09-05-26-164520,0.031138742116972484
8,client15,client15-79c969ddf-p8879,client15,875.7840000000006,exp1,5,60,1000.0,10,08-05-26-150457,0.024859593641987116
8,client15,client15-79c969ddf-p8879,linkerd-proxy,875.5290000000014,exp1,5,60,1000.0,10,08-05-26-150457,0.024859160554424692
8,client15,client15-79c969ddf-p8879,sidecar,874.0259999999998,exp1,5,60,1000.0,10,08-05-26-150457,0.02486478502958059
14,client16,client16-6dc7f87f54-dsxvc,client16,669.3150000000005,exp1,5,60,1000.0,10,10-05-26-134626,0.03459475733568945
14,client16,client16-6dc7f87f54-dsxvc,linkerd-proxy,669.1350000000002,exp1,5,60,1000.0,10,10-05-26-134626,0.034603024466765525
14,client16,client16-6dc7f87f54-dsxvc,sidecar,667.4970000000012,exp1,5,60,1000.0,10,10-05-26-134626,0.034612118901977296
2,client16,client16-6dc7f87f54-k2nz6,client16,925.0950000000004,exp1,5,60,1000.0,10,09-05-26-164520,0.040489549211773945
2,client16,client16-6dc7f87f54-k2nz6,linkerd-proxy,924.9149999999996,exp1,5,60,1000.0,10,09-05-26-164520,0.04048427111938993
2,client16,client16-6dc7f87f54-k2nz6,sidecar,922.671,exp1,5,60,1000.0,10,09-05-26-164520,0.04052530460000048
14,client16,client16-6dc7f87f54-rwhrm,client16,936.357,exp1,5,60,1000.0,10,08-05-26-150457,0.03867942678527214
14,client16,client16-6dc7f87f54-rwhrm,linkerd-proxy,936.1260000000002,exp1,5,60,1000.0,10,08-05-26-150457,0.03869410204994153
14,client16,client16-6dc7f87f54-rwhrm,sidecar,934.5929999999988,exp1,5,60,1000.0,10,08-05-26-150457,0.03871632466023239
10,client17,client17-69b85b5ccf-jjgfq,client17,836.7780000000002,exp1,5,60,1000.0,10,09-05-26-164520,0.0395205547813057
10,client17,client17-69b85b5ccf-jjgfq,linkerd-proxy,833.1209999999992,exp1,5,60,1000.0,10,09-05-26-164520,0.03945541941632291
10,client17,client17-69b85b5ccf-jjgfq,sidecar,787.0019999999995,exp1,5,60,1000.0,10,09-05-26-164520,0.05236818975912408
8,client17,client17-69b85b5ccf-qr7qg,client17,801.6779999999999,exp1,5,60,1000.0,10,08-05-26-150457,0.030539826954786714
8,client17,client17-69b85b5ccf-qr7qg,linkerd-proxy,798.4499999999998,exp1,5,60,1000.0,10,08-05-26-150457,0.03066927911701242
10,client17,client17-69b85b5ccf-qr7qg,sidecar,746.1359999999995,exp1,5,60,1000.0,10,08-05-26-150457,0.038722790352401115
23,client17,client17-69b85b5ccf-s5vfl,client17,851.4779999999992,exp1,5,60,1000.0,10,10-05-26-134626,0.042940710659942094
23,client17,client17-69b85b5ccf-s5vfl,linkerd-proxy,848.6759999999995,exp1,5,60,1000.0,10,10-05-26-134626,0.04324312869357366
23,client17,client17-69b85b5ccf-s5vfl,sidecar,822.210000000001,exp1,5,60,1000.0,10,10-05-26-134626,0.06165059359058836
10,client17,maurits-dijk-07ac9879client171-sp7mj,hfl-train,948.7590000000018,exp1,5,60,1000.0,10,09-05-26-164520,0.03216929075625957
10,client17,maurits-dijk-07ac9879client171-sp7mj,hfl-train-model,830.1869999999999,exp1,5,60,1000.0,10,09-05-26-164520,0.03968772995211975
8,client17,maurits-dijk-07ac9879client171-sp7mj,sidecar,800.2889999999998,exp1,5,60,1000.0,10,09-05-26-164520,0.053953105513359606
23,client17,maurits-dijk-23d3fcf8client171-4nldw,hfl-train,992.0670000000028,exp1,5,60,1000.0,10,10-05-26-134626,0.04109911489916407
23,client17,maurits-dijk-23d3fcf8client171-4nldw,hfl-train-model,845.8169999999991,exp1,5,60,1000.0,10,10-05-26-134626,0.043437194672642065
23,client17,maurits-dijk-23d3fcf8client171-4nldw,sidecar,784.3019999999997,exp1,5,60,1000.0,10,10-05-26-134626,0.04304722337490749
8,client17,maurits-dijk-f85344daclient171-nlv9p,hfl-train,921.4050000000008,exp1,5,60,1000.0,10,08-05-26-150457,0.02737367251365172
8,client17,maurits-dijk-f85344daclient171-nlv9p,hfl-train-model,795.2880000000005,exp1,5,60,1000.0,10,08-05-26-150457,0.030767566869875196
11,client17,maurits-dijk-f85344daclient171-nlv9p,sidecar,451.6860000000006,exp1,5,60,1000.0,10,08-05-26-150457,0.05163191735899725
5,client18,client18-69db77c748-4z4s5,client18,899.1780000000003,exp1,5,60,1000.0,10,09-05-26-164520,0.035920122367278984
5,client18,client18-69db77c748-4z4s5,linkerd-proxy,898.902,exp1,5,60,1000.0,10,09-05-26-164520,0.03590631001431899
5,client18,client18-69db77c748-4z4s5,sidecar,897.2460000000001,exp1,5,60,1000.0,10,09-05-26-164520,0.0359446263856989
6,client18,client18-69db77c748-wcgt5,client18,929.8380000000006,exp1,5,60,1000.0,10,08-05-26-150457,0.042636460574239754
6,client18,client18-69db77c748-wcgt5,linkerd-proxy,929.5200000000004,exp1,5,60,1000.0,10,08-05-26-150457,0.042604562276371744
6,client18,client18-69db77c748-wcgt5,sidecar,927.8190000000004,exp1,5,60,1000.0,10,08-05-26-150457,0.04263482236679417
19,client18,client18-69db77c748-wt4qr,client18,925.2690000000002,exp1,5,60,1000.0,10,10-05-26-134626,0.03667127746049295
19,client18,client18-69db77c748-wt4qr,linkerd-proxy,925.0049999999992,exp1,5,60,1000.0,10,10-05-26-134626,0.036673555481366055
19,client18,client18-69db77c748-wt4qr,sidecar,923.2649999999994,exp1,5,60,1000.0,10,10-05-26-134626,0.036669592066158
0,client19,client19-56fccdb4d9-5x8ts,client19,942.351,exp1,5,60,1000.0,10,10-05-26-134626,0.043335640139775394
0,client19,client19-56fccdb4d9-5x8ts,linkerd-proxy,942.138,exp1,5,60,1000.0,10,10-05-26-134626,0.04334627989679124
0,client19,client19-56fccdb4d9-5x8ts,sidecar,940.557,exp1,5,60,1000.0,10,10-05-26-134626,0.043407008352351006
11,client19,client19-56fccdb4d9-7jztj,client19,927.6419999999998,exp1,5,60,1000.0,10,09-05-26-164520,0.038407971673804886
11,client19,client19-56fccdb4d9-7jztj,linkerd-proxy,927.5189999999984,exp1,5,60,1000.0,10,09-05-26-164520,0.03841961147796297
11,client19,client19-56fccdb4d9-7jztj,sidecar,925.7160000000022,exp1,5,60,1000.0,10,09-05-26-164520,0.038438738300694664
19,client19,client19-56fccdb4d9-fbhwl,client19,931.7669999999998,exp1,5,60,1000.0,10,08-05-26-150457,0.038601381152447045
19,client19,client19-56fccdb4d9-fbhwl,linkerd-proxy,931.6769999999996,exp1,5,60,1000.0,10,08-05-26-150457,0.03861657372786334
19,client19,client19-56fccdb4d9-fbhwl,sidecar,929.9580000000004,exp1,5,60,1000.0,10,08-05-26-150457,0.05329951391671428
1,client2,client2-86cd6d8cf7-hwdsb,client2,968.544,exp1,5,60,1000.0,10,09-05-26-164520,0.04455874428188533
1,client2,client2-86cd6d8cf7-hwdsb,linkerd-proxy,968.3010000000002,exp1,5,60,1000.0,10,09-05-26-164520,0.04455406344305976
1,client2,client2-86cd6d8cf7-hwdsb,sidecar,966.6329999999998,exp1,5,60,1000.0,10,09-05-26-164520,0.044601198491167365
4,client2,client2-86cd6d8cf7-phhhc,client2,936.042,exp1,5,60,1000.0,10,10-05-26-134626,0.0347119783395515
4,client2,client2-86cd6d8cf7-phhhc,linkerd-proxy,935.9879999999994,exp1,5,60,1000.0,10,10-05-26-134626,0.03474945233691268
4,client2,client2-86cd6d8cf7-phhhc,sidecar,934.3199999999996,exp1,5,60,1000.0,10,10-05-26-134626,0.03476054770197032
12,client2,client2-86cd6d8cf7-t6wl8,client2,939.962999999998,exp1,5,60,1000.0,10,08-05-26-150457,0.041805799602875504
12,client2,client2-86cd6d8cf7-t6wl8,linkerd-proxy,939.8099999999996,exp1,5,60,1000.0,10,08-05-26-150457,0.041819208505813
12,client2,client2-86cd6d8cf7-t6wl8,sidecar,938.1809999999988,exp1,5,60,1000.0,10,08-05-26-150457,0.04186251250544107
17,client20,client20-65f8864f77-f7g5b,client20,928.3500000000004,exp1,5,60,1000.0,10,09-05-26-164520,0.03856859565946294
17,client20,client20-65f8864f77-f7g5b,linkerd-proxy,928.1669999999996,exp1,5,60,1000.0,10,09-05-26-164520,0.03856581768466272
17,client20,client20-65f8864f77-f7g5b,sidecar,926.553,exp1,5,60,1000.0,10,09-05-26-164520,0.038606984263839406
22,client20,client20-65f8864f77-tsjdt,client20,985.0889999999964,exp1,5,60,1000.0,10,10-05-26-134626,0.04879853912301277
22,client20,client20-65f8864f77-tsjdt,linkerd-proxy,984.7980000000024,exp1,5,60,1000.0,10,10-05-26-134626,0.04879375525207752
22,client20,client20-65f8864f77-tsjdt,sidecar,983.2949999999984,exp1,5,60,1000.0,10,10-05-26-134626,0.04886628133972343
17,client20,client20-65f8864f77-wxtvg,client20,908.589,exp1,5,60,1000.0,10,08-05-26-150457,0.0360908658349855
17,client20,client20-65f8864f77-wxtvg,linkerd-proxy,908.4779999999992,exp1,5,60,1000.0,10,08-05-26-150457,0.03610465000215793
17,client20,client20-65f8864f77-wxtvg,sidecar,906.8249999999988,exp1,5,60,1000.0,10,08-05-26-150457,0.03614888268244065
13,client3,client3-58c68898cd-brlrb,client3,895.7639999999992,exp1,5,60,1000.0,10,10-05-26-134626,0.0350266740564405
13,client3,client3-58c68898cd-brlrb,linkerd-proxy,895.7789999999986,exp1,5,60,1000.0,10,10-05-26-134626,0.03504713461893755
13,client3,client3-58c68898cd-brlrb,sidecar,893.1870000000017,exp1,5,60,1000.0,10,10-05-26-134626,0.035056911605910235
10,client3,client3-58c68898cd-xlcr2,client3,922.581,exp1,5,60,1000.0,10,08-05-26-150457,0.03600918353183849
10,client3,client3-58c68898cd-xlcr2,linkerd-proxy,922.4460000000016,exp1,5,60,1000.0,10,08-05-26-150457,0.03600008100503105
10,client3,client3-58c68898cd-xlcr2,sidecar,919.9439999999996,exp1,5,60,1000.0,10,08-05-26-150457,0.0360381391982397
21,client3,client3-58c68898cd-zbgmx,client3,918.2790000000005,exp1,5,60,1000.0,10,09-05-26-164520,0.042431541820269286
21,client3,client3-58c68898cd-zbgmx,linkerd-proxy,918.4140000000008,exp1,5,60,1000.0,10,09-05-26-164520,0.042466879719856715
21,client3,client3-58c68898cd-zbgmx,sidecar,915.8999999999996,exp1,5,60,1000.0,10,09-05-26-164520,0.04249288455144101
6,client4,client4-744474fb99-2dhnc,client4,975.4920000000002,exp1,5,60,1000.0,10,09-05-26-164520,0.05107072733259535
6,client4,client4-744474fb99-2dhnc,linkerd-proxy,975.3720000000004,exp1,5,60,1000.0,10,09-05-26-164520,0.051056840978558005
6,client4,client4-744474fb99-2dhnc,sidecar,972.8850000000002,exp1,5,60,1000.0,10,09-05-26-164520,0.051133963982224806
9,client4,client4-744474fb99-54kqm,client4,629.360999999999,exp1,5,60,1000.0,10,08-05-26-150457,0.035687602531651125
9,client4,client4-744474fb99-54kqm,linkerd-proxy,629.268,exp1,5,60,1000.0,10,08-05-26-150457,0.03569110552158558
9,client4,client4-744474fb99-54kqm,sidecar,627.3329999999987,exp1,5,60,1000.0,10,08-05-26-150457,0.0357343099102915
2,client4,client4-744474fb99-l8dcb,client4,936.681,exp1,5,60,1000.0,10,10-05-26-134626,0.044308512594990135
2,client4,client4-744474fb99-l8dcb,linkerd-proxy,936.6660000000002,exp1,5,60,1000.0,10,10-05-26-134626,0.04432732120152588
2,client4,client4-744474fb99-l8dcb,sidecar,934.3529999999998,exp1,5,60,1000.0,10,10-05-26-134626,0.044430992685490334
19,client5,client5-7d5ff7f8b4-6nn5m,client5,801.3450000000012,exp1,5,60,1000.0,10,09-05-26-164520,0.03592936279732076
19,client5,client5-7d5ff7f8b4-6nn5m,linkerd-proxy,797.5290000000005,exp1,5,60,1000.0,10,09-05-26-164520,0.03597792876548275
23,client5,client5-7d5ff7f8b4-6nn5m,sidecar,759.348,exp1,5,60,1000.0,10,09-05-26-164520,0.06956807136288606
18,client5,client5-7d5ff7f8b4-f8bls,client5,789.3270000000011,exp1,5,60,1000.0,10,08-05-26-150457,0.03210800477142631
18,client5,client5-7d5ff7f8b4-f8bls,linkerd-proxy,784.8690000000006,exp1,5,60,1000.0,10,08-05-26-150457,0.03201102094682534
15,client5,client5-7d5ff7f8b4-f8bls,sidecar,462.54599999999846,exp1,5,60,1000.0,10,08-05-26-150457,0.045068429230589485
8,client5,client5-7d5ff7f8b4-kb9w6,client5,860.826,exp1,5,60,1000.0,10,10-05-26-134626,0.03944406588541788
8,client5,client5-7d5ff7f8b4-kb9w6,linkerd-proxy,857.4779999999992,exp1,5,60,1000.0,10,10-05-26-134626,0.039791210985724856
16,client5,client5-7d5ff7f8b4-kb9w6,sidecar,475.3919999999998,exp1,5,60,1000.0,10,10-05-26-134626,0.04294959109654814
19,client5,maurits-dijk-07ac9879client51-2h759,hfl-train,926.0880000000016,exp1,5,60,1000.0,10,09-05-26-164520,0.033450587950067
19,client5,maurits-dijk-07ac9879client51-2h759,hfl-train-model,794.5590000000011,exp1,5,60,1000.0,10,09-05-26-164520,0.03593756535335685
5,client5,maurits-dijk-07ac9879client51-2h759,sidecar,448.72800000000007,exp1,5,60,1000.0,10,09-05-26-164520,0.05443180402091419
8,client5,maurits-dijk-23d3fcf8client51-f558h,hfl-train,998.6279999999996,exp1,5,60,1000.0,10,10-05-26-134626,0.03811226905024767
8,client5,maurits-dijk-23d3fcf8client51-f558h,hfl-train-model,855.1319999999996,exp1,5,60,1000.0,10,10-05-26-134626,0.0400203083226717
8,client5,maurits-dijk-23d3fcf8client51-f558h,sidecar,759.8880000000008,exp1,5,60,1000.0,10,10-05-26-134626,0.038127691089507115
18,client5,maurits-dijk-f85344daclient51-g429f,hfl-train,903.5909999999984,exp1,5,60,1000.0,10,08-05-26-150457,0.026561806996725945
18,client5,maurits-dijk-f85344daclient51-g429f,hfl-train-model,781.9889999999996,exp1,5,60,1000.0,10,08-05-26-150457,0.031976954737055335
18,client5,maurits-dijk-f85344daclient51-g429f,sidecar,727.0469999999987,exp1,5,60,1000.0,10,08-05-26-150457,0.036830176781199486
16,client6,client6-785d875985-44dw6,client6,931.2000000000008,exp1,5,60,1000.0,10,09-05-26-164520,0.03692056241643768
16,client6,client6-785d875985-44dw6,linkerd-proxy,931.0949999999992,exp1,5,60,1000.0,10,09-05-26-164520,0.03698059734586567
16,client6,client6-785d875985-44dw6,sidecar,928.6319999999996,exp1,5,60,1000.0,10,09-05-26-164520,0.0369767164694082
15,client6,client6-785d875985-7h2n4,client6,649.4399999999987,exp1,5,60,1000.0,10,10-05-26-134626,0.03357522038586305
15,client6,client6-785d875985-7h2n4,linkerd-proxy,649.2750000000015,exp1,5,60,1000.0,10,10-05-26-134626,0.03356812702718734
15,client6,client6-785d875985-7h2n4,sidecar,647.1359999999986,exp1,5,60,1000.0,10,10-05-26-134626,0.033668207404742106
6,client6,client6-785d875985-8n5cl,client6,675.1859999999997,exp1,5,60,1000.0,10,08-05-26-150457,0.035816302583628
6,client6,client6-785d875985-8n5cl,linkerd-proxy,674.9309999999996,exp1,5,60,1000.0,10,08-05-26-150457,0.035817588292342495
6,client6,client6-785d875985-8n5cl,sidecar,673.0799999999999,exp1,5,60,1000.0,10,08-05-26-150457,0.03586210481371191
4,client7,client7-544486cc98-7flzf,client7,958.0679999999998,exp1,5,60,1000.0,10,08-05-26-150457,0.04827268489007794
4,client7,client7-544486cc98-7flzf,linkerd-proxy,957.732,exp1,5,60,1000.0,10,08-05-26-150457,0.04829261091011658
4,client7,client7-544486cc98-7flzf,sidecar,956.346,exp1,5,60,1000.0,10,08-05-26-150457,0.04831865348643305
1,client7,client7-544486cc98-pnwh6,client7,934.5870000000002,exp1,5,60,1000.0,10,09-05-26-164520,0.04008320963059961
1,client7,client7-544486cc98-pnwh6,linkerd-proxy,934.2720000000004,exp1,5,60,1000.0,10,09-05-26-164520,0.0400885618024108
1,client7,client7-544486cc98-pnwh6,sidecar,933.036,exp1,5,60,1000.0,10,09-05-26-164520,0.040206191820095466
20,client7,client7-544486cc98-v52bx,client7,655.7549999999992,exp1,5,60,1000.0,10,10-05-26-134626,0.034788743309944276
20,client7,client7-544486cc98-v52bx,linkerd-proxy,655.4700000000012,exp1,5,60,1000.0,10,10-05-26-134626,0.03479091440907445
20,client7,client7-544486cc98-v52bx,sidecar,654.2579999999998,exp1,5,60,1000.0,10,10-05-26-134626,0.034303117396425026
15,client8,client8-5845965f99-94cbj,client8,896.4869999999992,exp1,5,60,1000.0,10,08-05-26-150457,0.030861374888212167
15,client8,client8-5845965f99-94cbj,linkerd-proxy,896.1059999999998,exp1,5,60,1000.0,10,08-05-26-150457,0.030864106945550113
0,client8,client8-5845965f99-94cbj,sidecar,575.691,exp1,5,60,1000.0,10,08-05-26-150457,0.04442127496806875
12,client8,client8-5845965f99-9lw8q,client8,995.5440000000016,exp1,5,60,1000.0,10,10-05-26-134626,0.04711307814438365
12,client8,client8-5845965f99-9lw8q,linkerd-proxy,995.3070000000024,exp1,5,60,1000.0,10,10-05-26-134626,0.04714161633275671
15,client8,client8-5845965f99-9lw8q,sidecar,574.2330000000002,exp1,5,60,1000.0,10,10-05-26-134626,0.04580540656930682
4,client8,client8-5845965f99-c7gv7,client8,940.5480000000002,exp1,5,60,1000.0,10,09-05-26-164520,0.03938449202009209
4,client8,client8-5845965f99-c7gv7,linkerd-proxy,940.3380000000002,exp1,5,60,1000.0,10,09-05-26-164520,0.039427226813130045
7,client8,client8-5845965f99-c7gv7,sidecar,617.7239999999993,exp1,5,60,1000.0,10,09-05-26-164520,0.033515035276798305
19,client9,client9-d68fb99b4-8z6bk,client9,826.9800000000014,exp1,5,60,1000.0,10,10-05-26-134626,0.03557742312110393
19,client9,client9-d68fb99b4-8z6bk,linkerd-proxy,827.3700000000008,exp1,5,60,1000.0,10,10-05-26-134626,0.03612698382635565
19,client9,client9-d68fb99b4-8z6bk,sidecar,696.869999999999,exp1,5,60,1000.0,10,10-05-26-134626,0.03814909514154813
0,client9,client9-d68fb99b4-hnqp6,client9,880.1640000000001,exp1,5,60,1000.0,10,08-05-26-150457,0.05036681020271308
0,client9,client9-d68fb99b4-hnqp6,linkerd-proxy,877.299,exp1,5,60,1000.0,10,08-05-26-150457,0.05011024621174237
16,client9,client9-d68fb99b4-hnqp6,sidecar,755.4000000000015,exp1,5,60,1000.0,10,08-05-26-150457,0.04811247641624161
13,client9,client9-d68fb99b4-wnklx,client9,818.9339999999993,exp1,5,60,1000.0,10,09-05-26-164520,0.0343887960488351
13,client9,client9-d68fb99b4-wnklx,linkerd-proxy,817.1370000000006,exp1,5,60,1000.0,10,09-05-26-164520,0.034491841774761944
21,client9,client9-d68fb99b4-wnklx,sidecar,739.5390000000007,exp1,5,60,1000.0,10,09-05-26-164520,0.044130006202094396
13,client9,maurits-dijk-07ac9879client91-tpphj,hfl-train,963.9420000000008,exp1,5,60,1000.0,10,09-05-26-164520,0.0331313145329262
13,client9,maurits-dijk-07ac9879client91-tpphj,hfl-train-model,810.6389999999992,exp1,5,60,1000.0,10,09-05-26-164520,0.034512178561226875
24,client9,maurits-dijk-07ac9879client91-tpphj,sidecar,540.3509999999987,exp1,5,60,1000.0,10,09-05-26-164520,0.03296283956056997
19,client9,maurits-dijk-23d3fcf8client91-q45t8,hfl-train,947.4000000000016,exp1,5,60,1000.0,10,10-05-26-134626,0.0291781203524335
19,client9,maurits-dijk-23d3fcf8client91-q45t8,hfl-train-model,821.9580000000005,exp1,5,60,1000.0,10,10-05-26-134626,0.03638396067066155
21,client9,maurits-dijk-23d3fcf8client91-q45t8,sidecar,757.8870000000006,exp1,5,60,1000.0,10,10-05-26-134626,0.05270237284922569
0,client9,maurits-dijk-f85344daclient91-xx5qw,hfl-train,1025.58,exp1,5,60,1000.0,10,08-05-26-150457,0.04703675476405331
0,client9,maurits-dijk-f85344daclient91-xx5qw,hfl-train-model,871.41,exp1,5,60,1000.0,10,08-05-26-150457,0.05035555188693924
24,client9,maurits-dijk-f85344daclient91-xx5qw,sidecar,485.3550000000014,exp1,5,60,1000.0,10,08-05-26-150457,0.038816246575771984
13,orchestrator,orchestrator-555f7b7c9d-2k6j8,linkerd-proxy,427.67099999999937,exp1,5,60,1000.0,10,08-05-26-150457,0.031375105866621705
23,orchestrator,orchestrator-555f7b7c9d-2k6j8,orchestrator,157.39800000000105,exp1,5,60,1000.0,10,08-05-26-150457,0.055120169059845986
3,orchestrator,orchestrator-555f7b7c9d-2k6j8,sidecar,409.566,exp1,5,60,1000.0,10,08-05-26-150457,0.05801631800040083
13,orchestrator,orchestrator-555f7b7c9d-x6psh,linkerd-proxy,334.811999999999,exp1,5,60,1000.0,10,09-05-26-164520,0.02342544505194119
10,orchestrator,orchestrator-555f7b7c9d-x6psh,orchestrator,326.89800000000014,exp1,5,60,1000.0,10,09-05-26-164520,0.033833867367734416
10,orchestrator,orchestrator-555f7b7c9d-x6psh,sidecar,412.1879999999997,exp1,5,60,1000.0,10,09-05-26-164520,0.03463577461635717
10,orchestrator,orchestrator-555f7b7c9d-zn2rf,linkerd-proxy,424.0590000000002,exp1,5,60,1000.0,10,10-05-26-134626,0.02624485807795407
5,orchestrator,orchestrator-555f7b7c9d-zn2rf,orchestrator,178.66200000000003,exp1,5,60,1000.0,10,10-05-26-134626,0.03468875853796188
22,orchestrator,orchestrator-555f7b7c9d-zn2rf,sidecar,418.3770000000004,exp1,5,60,1000.0,10,10-05-26-134626,0.05238685128417561
10,orchestrator,policy-enforcer-cb8dccbd8-8tck9,linkerd-proxy,424.0740000000005,exp1,5,60,1000.0,10,10-05-26-134626,0.026268781355939907
0,orchestrator,policy-enforcer-cb8dccbd8-8tck9,policy-enforcer,139.91700000000003,exp1,5,60,1000.0,10,10-05-26-134626,0.05067067794897165
0,orchestrator,policy-enforcer-cb8dccbd8-8tck9,sidecar,254.82,exp1,5,60,1000.0,10,10-05-26-134626,0.05129821365000825
13,orchestrator,policy-enforcer-cb8dccbd8-b6nxg,linkerd-proxy,427.527,exp1,5,60,1000.0,10,08-05-26-150457,0.03140566132068057
3,orchestrator,policy-enforcer-cb8dccbd8-b6nxg,policy-enforcer,340.70399999999995,exp1,5,60,1000.0,10,08-05-26-150457,0.05354837713256355
0,orchestrator,policy-enforcer-cb8dccbd8-b6nxg,sidecar,226.578,exp1,5,60,1000.0,10,08-05-26-150457,0.06517718966183295
13,orchestrator,policy-enforcer-cb8dccbd8-kc7h5,linkerd-proxy,334.79699999999866,exp1,5,60,1000.0,10,09-05-26-164520,0.023414126956884967
16,orchestrator,policy-enforcer-cb8dccbd8-kc7h5,policy-enforcer,250.3620000000005,exp1,5,60,1000.0,10,09-05-26-164520,0.028511023487268444
3,orchestrator,policy-enforcer-cb8dccbd8-kc7h5,sidecar,274.0920000000003,exp1,5,60,1000.0,10,09-05-26-164520,0.04084755687264027
17,server,maurits-dijk-07ac9879server1-n7kt8,hfl-train,448.353000000001,exp1,5,60,1000.0,10,09-05-26-164520,0.027901185935757078
20,server,maurits-dijk-07ac9879server1-n7kt8,hfl-train-model,965.622000000003,exp1,5,60,1000.0,10,09-05-26-164520,0.0319629599875674
5,server,maurits-dijk-07ac9879server1-n7kt8,sidecar,517.7909999999997,exp1,5,60,1000.0,10,09-05-26-164520,0.042563572275977096
8,server,maurits-dijk-23d3fcf8server1-6x7s2,hfl-train,438.5460000000003,exp1,5,60,1000.0,10,10-05-26-134626,0.029156185427116094
16,server,maurits-dijk-23d3fcf8server1-6x7s2,hfl-train-model,937.0079999999998,exp1,5,60,1000.0,10,10-05-26-134626,0.025000139307430863
7,server,maurits-dijk-23d3fcf8server1-6x7s2,sidecar,560.1510000000003,exp1,5,60,1000.0,10,10-05-26-134626,0.03585936559176517
8,server,maurits-dijk-f85344daserver1-kgb9l,hfl-train,447.723,exp1,5,60,1000.0,10,08-05-26-150457,0.02618010257574349
8,server,maurits-dijk-f85344daserver1-kgb9l,hfl-train-model,711.1080000000002,exp1,5,60,1000.0,10,08-05-26-150457,0.02876334594598126
8,server,maurits-dijk-f85344daserver1-kgb9l,sidecar,373.5899999999997,exp1,5,60,1000.0,10,08-05-26-150457,0.03970246480761913
8,server,server-656f98b57f-8l82j,linkerd-proxy,443.8949999999995,exp1,5,60,1000.0,10,10-05-26-134626,0.028540705665227928
8,server,server-656f98b57f-8l82j,server,462.6930000000002,exp1,5,60,1000.0,10,10-05-26-134626,0.027007125234193907
24,server,server-656f98b57f-8l82j,sidecar,564.9510000000009,exp1,5,60,1000.0,10,10-05-26-134626,0.052732598972575984
8,server,server-656f98b57f-9rwtk,linkerd-proxy,451.5390000000007,exp1,5,60,1000.0,10,08-05-26-150457,0.026126830445475036
8,server,server-656f98b57f-9rwtk,server,464.8349999999991,exp1,5,60,1000.0,10,08-05-26-150457,0.02628407653876841
1,server,server-656f98b57f-9rwtk,sidecar,556.266,exp1,5,60,1000.0,10,08-05-26-150457,0.039953774928020935
17,server,server-656f98b57f-xcc8n,linkerd-proxy,451.5929999999989,exp1,5,60,1000.0,10,09-05-26-164520,0.02810751770278705
8,server,server-656f98b57f-xcc8n,server,625.1459999999997,exp1,5,60,1000.0,10,09-05-26-164520,0.030389060951691693
16,server,server-656f98b57f-xcc8n,sidecar,561.2910000000002,exp1,5,60,1000.0,10,09-05-26-164520,0.04227701126256303
10,api-gateway,api-gateway-6bf76d45b7-69zkm,api-gateway,435.28200000000015,exp1,5,90,1000.0,10,10-05-26-150011,0.03820197381197005
7,api-gateway,api-gateway-6bf76d45b7-69zkm,linkerd-proxy,436.002,exp1,5,90,1000.0,10,10-05-26-150011,0.036717125892338165
2,api-gateway,api-gateway-6bf76d45b7-69zkm,sidecar,240.309,exp1,5,90,1000.0,10,10-05-26-150011,0.05534241259357228
18,api-gateway,api-gateway-6bf76d45b7-7n8xp,api-gateway,433.35599999999977,exp1,5,90,1000.0,10,09-05-26-175908,0.031299854457349646
6,api-gateway,api-gateway-6bf76d45b7-7n8xp,linkerd-proxy,435.94200000000046,exp1,5,90,1000.0,10,09-05-26-175908,0.02997624528184209
18,api-gateway,api-gateway-6bf76d45b7-7n8xp,sidecar,406.20899999999983,exp1,5,90,1000.0,10,09-05-26-175908,0.05159383807704143
7,api-gateway,api-gateway-6bf76d45b7-fml68,api-gateway,440.25300000000016,exp1,5,90,1000.0,10,08-05-26-161845,0.030820165023516588
9,api-gateway,api-gateway-6bf76d45b7-fml68,linkerd-proxy,443.8139999999999,exp1,5,90,1000.0,10,08-05-26-161845,0.0299668134820594
4,api-gateway,api-gateway-6bf76d45b7-fml68,sidecar,257.6099999999999,exp1,5,90,1000.0,10,08-05-26-161845,0.04035897017350071
8,client1,client1-7b9db886dd-fsjl8,client1,805.5120000000006,exp1,5,90,1000.0,10,08-05-26-161845,0.037724050285885075
1,client1,client1-7b9db886dd-fsjl8,linkerd-proxy,803.925,exp1,5,90,1000.0,10,08-05-26-161845,0.037419547283109034
13,client1,client1-7b9db886dd-fsjl8,sidecar,763.1940000000004,exp1,5,90,1000.0,10,08-05-26-161845,0.061037443448010875
13,client1,client1-7b9db886dd-slb8p,client1,826.7910000000011,exp1,5,90,1000.0,10,10-05-26-150011,0.040360545982645935
13,client1,client1-7b9db886dd-slb8p,linkerd-proxy,824.6910000000007,exp1,5,90,1000.0,10,10-05-26-150011,0.039815984217092676
6,client1,client1-7b9db886dd-slb8p,sidecar,791.1030000000005,exp1,5,90,1000.0,10,10-05-26-150011,0.053301587870121764
19,client1,client1-7b9db886dd-zj5fz,client1,824.4750000000022,exp1,5,90,1000.0,10,09-05-26-175908,0.04007728298551233
19,client1,client1-7b9db886dd-zj5fz,linkerd-proxy,821.9430000000011,exp1,5,90,1000.0,10,09-05-26-175908,0.039669339383221563
17,client1,client1-7b9db886dd-zj5fz,sidecar,795.348,exp1,5,90,1000.0,10,09-05-26-175908,0.050643961094030604
13,client1,maurits-dijk-0da8b9c4client11-s4q7n,hfl-train,896.2830000000013,exp1,5,90,1000.0,10,10-05-26-150011,0.03499165636042395
13,client1,maurits-dijk-0da8b9c4client11-s4q7n,hfl-train-model,819.3570000000018,exp1,5,90,1000.0,10,10-05-26-150011,0.040251896091336475
13,client1,maurits-dijk-0da8b9c4client11-s4q7n,sidecar,636.1139999999996,exp1,5,90,1000.0,10,10-05-26-150011,0.055516492158537156
8,client1,maurits-dijk-18908de3client11-kw7z2,hfl-train,881.7690000000002,exp1,5,90,1000.0,10,08-05-26-161845,0.033059653129300315
1,client1,maurits-dijk-18908de3client11-kw7z2,hfl-train-model,797.925,exp1,5,90,1000.0,10,08-05-26-161845,0.037652067760873514
20,client1,maurits-dijk-18908de3client11-kw7z2,sidecar,744.3029999999981,exp1,5,90,1000.0,10,08-05-26-161845,0.07002001533460536
19,client1,maurits-dijk-f5730e85client11-vfvjs,hfl-train,916.8989999999994,exp1,5,90,1000.0,10,09-05-26-175908,0.03843201292780887
19,client1,maurits-dijk-f5730e85client11-vfvjs,hfl-train-model,815.3189999999995,exp1,5,90,1000.0,10,09-05-26-175908,0.03973838081246381
19,client1,maurits-dijk-f5730e85client11-vfvjs,sidecar,736.8330000000005,exp1,5,90,1000.0,10,09-05-26-175908,0.07429358233939365
3,client10,client10-694b6b97b4-2tnwq,client10,604.5839999999998,exp1,5,90,1000.0,10,08-05-26-161845,0.040575538619210316
3,client10,client10-694b6b97b4-2tnwq,linkerd-proxy,604.2690000000002,exp1,5,90,1000.0,10,08-05-26-161845,0.04062879162501826
3,client10,client10-694b6b97b4-2tnwq,sidecar,508.8810000000003,exp1,5,90,1000.0,10,08-05-26-161845,0.047617535308136116
22,client10,client10-694b6b97b4-lcsv8,client10,959.9489999999968,exp1,5,90,1000.0,10,09-05-26-175908,0.04862825182610883
22,client10,client10-694b6b97b4-lcsv8,linkerd-proxy,960.1260000000002,exp1,5,90,1000.0,10,09-05-26-175908,0.04869973081791995
22,client10,client10-694b6b97b4-lcsv8,sidecar,928.116,exp1,5,90,1000.0,10,09-05-26-175908,0.07195168620929737
14,client10,client10-694b6b97b4-r49kq,client10,870.4799999999996,exp1,5,90,1000.0,10,10-05-26-150011,0.05240852875748614
14,client10,client10-694b6b97b4-r49kq,linkerd-proxy,870.3689999999988,exp1,5,90,1000.0,10,10-05-26-150011,0.052436638643108185
10,client10,client10-694b6b97b4-r49kq,sidecar,765.3090000000002,exp1,5,90,1000.0,10,10-05-26-150011,0.044087614269197134
11,client11,client11-565c48c7c7-4v564,client11,976.4339999999992,exp1,5,90,1000.0,10,10-05-26-150011,0.05415900065560292
11,client11,client11-565c48c7c7-4v564,linkerd-proxy,976.089,exp1,5,90,1000.0,10,10-05-26-150011,0.054140449337725105
11,client11,client11-565c48c7c7-4v564,sidecar,853.5570000000007,exp1,5,90,1000.0,10,10-05-26-150011,0.04920043568206656
13,client11,client11-565c48c7c7-bn2tw,client11,929.1810000000004,exp1,5,90,1000.0,10,08-05-26-161845,0.04794844651690952
13,client11,client11-565c48c7c7-bn2tw,linkerd-proxy,929.039999999999,exp1,5,90,1000.0,10,08-05-26-161845,0.04794593288095511
13,client11,client11-565c48c7c7-bn2tw,sidecar,864.4229999999989,exp1,5,90,1000.0,10,08-05-26-161845,0.06323308787419588
7,client11,client11-565c48c7c7-tvdvw,client11,937.7400000000008,exp1,5,90,1000.0,10,09-05-26-175908,0.043824129594904865
7,client11,client11-565c48c7c7-tvdvw,linkerd-proxy,937.4400000000004,exp1,5,90,1000.0,10,09-05-26-175908,0.043806299838366786
7,client11,client11-565c48c7c7-tvdvw,sidecar,866.7329999999993,exp1,5,90,1000.0,10,09-05-26-175908,0.05579738532304021
14,client12,client12-79bc8d5846-5rns2,client12,912.3900000000012,exp1,5,90,1000.0,10,09-05-26-175908,0.04153179294761128
14,client12,client12-79bc8d5846-5rns2,linkerd-proxy,912.5190000000002,exp1,5,90,1000.0,10,09-05-26-175908,0.04157836483027391
7,client12,client12-79bc8d5846-5rns2,sidecar,804.6419999999998,exp1,5,90,1000.0,10,09-05-26-175908,0.03871238290982254
17,client12,client12-79bc8d5846-ntw8f,client12,924.777,exp1,5,90,1000.0,10,08-05-26-161845,0.03878180670372275
17,client12,client12-79bc8d5846-ntw8f,linkerd-proxy,924.7769999999982,exp1,5,90,1000.0,10,08-05-26-161845,0.03884739125648254
17,client12,client12-79bc8d5846-ntw8f,sidecar,886.4549999999999,exp1,5,90,1000.0,10,08-05-26-161845,0.05796430767987129
13,client12,client12-79bc8d5846-zcqc2,client12,924.5429999999978,exp1,5,90,1000.0,10,10-05-26-150011,0.041459740491679
13,client12,client12-79bc8d5846-zcqc2,linkerd-proxy,924.4230000000008,exp1,5,90,1000.0,10,10-05-26-150011,0.04147149692090085
13,client12,client12-79bc8d5846-zcqc2,sidecar,852.3750000000018,exp1,5,90,1000.0,10,10-05-26-150011,0.04502893812468389
15,client13,client13-7bf86f4f87-hjbx5,client13,800.9130000000005,exp1,5,90,1000.0,10,09-05-26-175908,0.03184269537802381
15,client13,client13-7bf86f4f87-hjbx5,linkerd-proxy,797.7510000000002,exp1,5,90,1000.0,10,09-05-26-175908,0.03213763251209811
0,client13,client13-7bf86f4f87-hjbx5,sidecar,777.549,exp1,5,90,1000.0,10,09-05-26-175908,0.04877540352489207
13,client13,client13-7bf86f4f87-mtgw4,client13,606.9239999999991,exp1,5,90,1000.0,10,10-05-26-150011,0.028706265448546625
13,client13,client13-7bf86f4f87-mtgw4,linkerd-proxy,604.848,exp1,5,90,1000.0,10,10-05-26-150011,0.028249165746683735
7,client13,client13-7bf86f4f87-mtgw4,sidecar,486.0060000000003,exp1,5,90,1000.0,10,10-05-26-150011,0.04721800361604919
11,client13,client13-7bf86f4f87-nqjlb,client13,791.652,exp1,5,90,1000.0,10,08-05-26-161845,0.031167102917777606
11,client13,client13-7bf86f4f87-nqjlb,linkerd-proxy,787.0409999999993,exp1,5,90,1000.0,10,08-05-26-161845,0.031077826977571082
19,client13,client13-7bf86f4f87-nqjlb,sidecar,513.996000000001,exp1,5,90,1000.0,10,08-05-26-161845,0.0353668798321623
0,client13,maurits-dijk-0da8b9c4client131-l98hg,hfl-train,879.786,exp1,5,90,1000.0,10,10-05-26-150011,0.025131109117254247
13,client13,maurits-dijk-0da8b9c4client131-l98hg,hfl-train-model,601.7010000000009,exp1,5,90,1000.0,10,10-05-26-150011,0.028374902676666813
5,client13,maurits-dijk-0da8b9c4client131-l98hg,sidecar,540.7349999999997,exp1,5,90,1000.0,10,10-05-26-150011,0.034192477362851775
11,client13,maurits-dijk-18908de3client131-whv59,hfl-train,901.764000000001,exp1,5,90,1000.0,10,08-05-26-161845,0.026473858391396765
11,client13,maurits-dijk-18908de3client131-whv59,hfl-train-model,783.6030000000001,exp1,5,90,1000.0,10,08-05-26-161845,0.031261478284447836
6,client13,maurits-dijk-18908de3client131-whv59,sidecar,705.4919999999997,exp1,5,90,1000.0,10,08-05-26-161845,0.042055146533147236
0,client13,maurits-dijk-f5730e85client131-9pht2,hfl-train,916.464,exp1,5,90,1000.0,10,09-05-26-175908,0.029487890647781928
15,client13,maurits-dijk-f5730e85client131-9pht2,hfl-train-model,794.8260000000009,exp1,5,90,1000.0,10,09-05-26-175908,0.03232980402690974
6,client13,maurits-dijk-f5730e85client131-9pht2,sidecar,422.10300000000007,exp1,5,90,1000.0,10,09-05-26-175908,0.047487442135337316
2,client14,client14-856b5b5576-hbbwv,client14,665.2470000000001,exp1,5,90,1000.0,10,09-05-26-175908,0.03171726249933274
2,client14,client14-856b5b5576-hbbwv,linkerd-proxy,665.0430000000003,exp1,5,90,1000.0,10,09-05-26-175908,0.03171315087020385
0,client14,client14-856b5b5576-hbbwv,sidecar,641.046,exp1,5,90,1000.0,10,09-05-26-175908,0.036153743779125336
3,client14,client14-856b5b5576-mnfjg,client14,924.8279999999996,exp1,5,90,1000.0,10,10-05-26-150011,0.0547406154744097
3,client14,client14-856b5b5576-mnfjg,linkerd-proxy,924.735,exp1,5,90,1000.0,10,10-05-26-150011,0.0547846772663301
3,client14,client14-856b5b5576-mnfjg,sidecar,923.1569999999996,exp1,5,90,1000.0,10,10-05-26-150011,0.05489150969866341
17,client14,client14-856b5b5576-nv768,client14,939.0570000000008,exp1,5,90,1000.0,10,08-05-26-161845,0.044721617852558904
17,client14,client14-856b5b5576-nv768,linkerd-proxy,938.8019999999996,exp1,5,90,1000.0,10,08-05-26-161845,0.04473373416742804
17,client14,client14-856b5b5576-nv768,sidecar,936.9989999999998,exp1,5,90,1000.0,10,08-05-26-161845,0.044743597225393894
15,client15,client15-79c969ddf-2sjvk,client15,897.8009999999995,exp1,5,90,1000.0,10,10-05-26-150011,0.046356082285272826
15,client15,client15-79c969ddf-2sjvk,linkerd-proxy,897.5010000000002,exp1,5,90,1000.0,10,10-05-26-150011,0.04634360122879114
15,client15,client15-79c969ddf-2sjvk,sidecar,896.0520000000015,exp1,5,90,1000.0,10,10-05-26-150011,0.05187702901847702
10,client15,client15-79c969ddf-jmhsm,client15,911.3099999999996,exp1,5,90,1000.0,10,08-05-26-161845,0.03892507264214143
10,client15,client15-79c969ddf-jmhsm,linkerd-proxy,911.0249999999996,exp1,5,90,1000.0,10,08-05-26-161845,0.03892124723426574
0,client15,client15-79c969ddf-jmhsm,sidecar,603.6510000000001,exp1,5,90,1000.0,10,08-05-26-161845,0.04054745481618588
2,client15,client15-79c969ddf-xlrrx,client15,891.1319999999996,exp1,5,90,1000.0,10,09-05-26-175908,0.03653888148041631
2,client15,client15-79c969ddf-xlrrx,linkerd-proxy,890.9190000000006,exp1,5,90,1000.0,10,09-05-26-175908,0.03655922004184031
21,client15,client15-79c969ddf-xlrrx,sidecar,864.8640000000014,exp1,5,90,1000.0,10,09-05-26-175908,0.03128664237210038
10,client16,client16-6dc7f87f54-ccftf,client16,926.6249999999992,exp1,5,90,1000.0,10,08-05-26-161845,0.04349319913161609
10,client16,client16-6dc7f87f54-ccftf,linkerd-proxy,926.835,exp1,5,90,1000.0,10,08-05-26-161845,0.043525327491020366
6,client16,client16-6dc7f87f54-ccftf,sidecar,547.2720000000008,exp1,5,90,1000.0,10,08-05-26-161845,0.04763623237054854
7,client16,client16-6dc7f87f54-dmksv,client16,900.3299999999999,exp1,5,90,1000.0,10,09-05-26-175908,0.02993794060005253
7,client16,client16-6dc7f87f54-dmksv,linkerd-proxy,900.1500000000005,exp1,5,90,1000.0,10,09-05-26-175908,0.029940390271656653
7,client16,client16-6dc7f87f54-dmksv,sidecar,897.896999999999,exp1,5,90,1000.0,10,09-05-26-175908,0.029937319212756136
15,client16,client16-6dc7f87f54-pvzcz,client16,900.4440000000013,exp1,5,90,1000.0,10,10-05-26-150011,0.04159870124506185
15,client16,client16-6dc7f87f54-pvzcz,linkerd-proxy,900.2909999999993,exp1,5,90,1000.0,10,10-05-26-150011,0.041629107787357705
15,client16,client16-6dc7f87f54-pvzcz,sidecar,898.2060000000001,exp1,5,90,1000.0,10,10-05-26-150011,0.04161583629995577
14,client17,client17-69b85b5ccf-5phhz,client17,861.6239999999998,exp1,5,90,1000.0,10,09-05-26-175908,0.05345678040436305
14,client17,client17-69b85b5ccf-5phhz,linkerd-proxy,857.6189999999988,exp1,5,90,1000.0,10,09-05-26-175908,0.0534047559980316
14,client17,client17-69b85b5ccf-5phhz,sidecar,808.2929999999997,exp1,5,90,1000.0,10,09-05-26-175908,0.07269634186334539
3,client17,client17-69b85b5ccf-h58kg,client17,789.7020000000002,exp1,5,90,1000.0,10,10-05-26-150011,0.0418437392783082
3,client17,client17-69b85b5ccf-h58kg,linkerd-proxy,785.4779999999996,exp1,5,90,1000.0,10,10-05-26-150011,0.04171653582454973
9,client17,client17-69b85b5ccf-h58kg,sidecar,474.0659999999998,exp1,5,90,1000.0,10,10-05-26-150011,0.04906165561626133
13,client17,client17-69b85b5ccf-k2k65,client17,578.0789999999997,exp1,5,90,1000.0,10,08-05-26-161845,0.028563957649155536
13,client17,client17-69b85b5ccf-k2k65,linkerd-proxy,575.6910000000007,exp1,5,90,1000.0,10,08-05-26-161845,0.02853361493652143
22,client17,client17-69b85b5ccf-k2k65,sidecar,734.7510000000002,exp1,5,90,1000.0,10,08-05-26-161845,0.045249703002950836
3,client17,maurits-dijk-0da8b9c4client171-kn7pv,hfl-train,861.9660000000003,exp1,5,90,1000.0,10,10-05-26-150011,0.036058090217002015
3,client17,maurits-dijk-0da8b9c4client171-kn7pv,hfl-train-model,782.9520000000002,exp1,5,90,1000.0,10,10-05-26-150011,0.041945759187976106
8,client17,maurits-dijk-0da8b9c4client171-kn7pv,sidecar,736.2330000000002,exp1,5,90,1000.0,10,10-05-26-150011,0.0612741981918101
24,client17,maurits-dijk-18908de3client171-5dwhj,hfl-train,853.8119999999981,exp1,5,90,1000.0,10,08-05-26-161845,0.02690283442569355
13,client17,maurits-dijk-18908de3client171-5dwhj,hfl-train-model,572.6130000000012,exp1,5,90,1000.0,10,08-05-26-161845,0.02863407817141167
24,client17,maurits-dijk-18908de3client171-5dwhj,sidecar,683.889000000001,exp1,5,90,1000.0,10,08-05-26-161845,0.07144335350414593
14,client17,maurits-dijk-f5730e85client171-5q4ng,hfl-train,934.2000000000008,exp1,5,90,1000.0,10,09-05-26-175908,0.045924091805878725
14,client17,maurits-dijk-f5730e85client171-5q4ng,hfl-train-model,854.1959999999999,exp1,5,90,1000.0,10,09-05-26-175908,0.05364549638190358
14,client17,maurits-dijk-f5730e85client171-5q4ng,sidecar,802.710000000001,exp1,5,90,1000.0,10,09-05-26-175908,0.060521854300916056
2,client18,client18-69db77c748-jwnb9,client18,982.59,exp1,5,90,1000.0,10,10-05-26-150011,0.0633431847645316
2,client18,client18-69db77c748-jwnb9,linkerd-proxy,982.296,exp1,5,90,1000.0,10,10-05-26-150011,0.0633328313883253
2,client18,client18-69db77c748-jwnb9,sidecar,980.73,exp1,5,90,1000.0,10,10-05-26-150011,0.06341275556259118
0,client18,client18-69db77c748-wt8nx,client18,923.166,exp1,5,90,1000.0,10,09-05-26-175908,0.040628366409318994
0,client18,client18-69db77c748-wt8nx,linkerd-proxy,922.8929999999998,exp1,5,90,1000.0,10,09-05-26-175908,0.0406032742892736
0,client18,client18-69db77c748-wt8nx,sidecar,921.264,exp1,5,90,1000.0,10,09-05-26-175908,0.04065110358010743
11,client18,client18-69db77c748-xf6nm,client18,929.1419999999998,exp1,5,90,1000.0,10,08-05-26-161845,0.04351336205579512
11,client18,client18-69db77c748-xf6nm,linkerd-proxy,928.8090000000012,exp1,5,90,1000.0,10,08-05-26-161845,0.04348485786856898
11,client18,client18-69db77c748-xf6nm,sidecar,927.3329999999988,exp1,5,90,1000.0,10,08-05-26-161845,0.04356860910636984
19,client19,client19-56fccdb4d9-cmsgk,client19,902.3339999999988,exp1,5,90,1000.0,10,09-05-26-175908,0.03429868793207938
19,client19,client19-56fccdb4d9-cmsgk,linkerd-proxy,902.085000000001,exp1,5,90,1000.0,10,09-05-26-175908,0.034282647558804114
19,client19,client19-56fccdb4d9-cmsgk,sidecar,900.3719999999994,exp1,5,90,1000.0,10,09-05-26-175908,0.03429326409740455
2,client19,client19-56fccdb4d9-l76wp,client19,1038.0840000000003,exp1,5,90,1000.0,10,10-05-26-150011,0.07771295717903581
2,client19,client19-56fccdb4d9-l76wp,linkerd-proxy,1037.7689999999998,exp1,5,90,1000.0,10,10-05-26-150011,0.07768938769497835
8,client19,client19-56fccdb4d9-l76wp,sidecar,576.3959999999997,exp1,5,90,1000.0,10,10-05-26-150011,0.04470213518577562
6,client19,client19-56fccdb4d9-r4c5h,client19,921.6209999999992,exp1,5,90,1000.0,10,08-05-26-161845,0.044863470350259116
6,client19,client19-56fccdb4d9-r4c5h,linkerd-proxy,921.5010000000012,exp1,5,90,1000.0,10,08-05-26-161845,0.04488574161771158
6,client19,client19-56fccdb4d9-r4c5h,sidecar,919.8569999999992,exp1,5,90,1000.0,10,08-05-26-161845,0.04493780261381969
12,client2,client2-86cd6d8cf7-6hxn8,client2,888.275999999998,exp1,5,90,1000.0,10,09-05-26-175908,0.032427644388238
12,client2,client2-86cd6d8cf7-6hxn8,linkerd-proxy,888.2250000000004,exp1,5,90,1000.0,10,09-05-26-175908,0.03244778449565605
12,client2,client2-86cd6d8cf7-6hxn8,sidecar,886.5719999999983,exp1,5,90,1000.0,10,09-05-26-175908,0.03247591485307197
18,client2,client2-86cd6d8cf7-djzw8,client2,924.9509999999992,exp1,5,90,1000.0,10,08-05-26-161845,0.04780682304201331
18,client2,client2-86cd6d8cf7-djzw8,linkerd-proxy,924.7230000000018,exp1,5,90,1000.0,10,08-05-26-161845,0.0477997716980989
18,client2,client2-86cd6d8cf7-djzw8,sidecar,923.1540000000005,exp1,5,90,1000.0,10,08-05-26-161845,0.04785996581635188
15,client2,client2-86cd6d8cf7-v89nz,client2,1006.4609999999992,exp1,5,90,1000.0,10,10-05-26-150011,0.06191346402684289
15,client2,client2-86cd6d8cf7-v89nz,linkerd-proxy,1006.280999999999,exp1,5,90,1000.0,10,10-05-26-150011,0.061931317850095785
15,client2,client2-86cd6d8cf7-v89nz,sidecar,1004.8139999999984,exp1,5,90,1000.0,10,10-05-26-150011,0.06202633843498731
21,client20,client20-65f8864f77-gdjs9,client20,956.2919999999976,exp1,5,90,1000.0,10,08-05-26-161845,0.05059367365694256
21,client20,client20-65f8864f77-gdjs9,linkerd-proxy,956.2859999999964,exp1,5,90,1000.0,10,08-05-26-161845,0.050638759146830914
21,client20,client20-65f8864f77-gdjs9,sidecar,954.5249999999996,exp1,5,90,1000.0,10,08-05-26-161845,0.050678199340237845
10,client20,client20-65f8864f77-psnzt,client20,942.504,exp1,5,90,1000.0,10,09-05-26-175908,0.04638495523045577
10,client20,client20-65f8864f77-psnzt,linkerd-proxy,942.1949999999996,exp1,5,90,1000.0,10,09-05-26-175908,0.04636367352140769
10,client20,client20-65f8864f77-psnzt,sidecar,940.4999999999992,exp1,5,90,1000.0,10,09-05-26-175908,0.04639507683156183
11,client20,client20-65f8864f77-qfgnj,client20,890.0699999999979,exp1,5,90,1000.0,10,10-05-26-150011,0.03504038479151145
11,client20,client20-65f8864f77-qfgnj,linkerd-proxy,889.9649999999983,exp1,5,90,1000.0,10,10-05-26-150011,0.03509034810743511
11,client20,client20-65f8864f77-qfgnj,sidecar,888.2819999999974,exp1,5,90,1000.0,10,10-05-26-150011,0.03504823173893917
15,client3,client3-58c68898cd-fw9z7,client3,1026.926999999998,exp1,5,90,1000.0,10,10-05-26-150011,0.07889989948566384
15,client3,client3-58c68898cd-fw9z7,linkerd-proxy,1026.942000000001,exp1,5,90,1000.0,10,10-05-26-150011,0.07892644888910702
15,client3,client3-58c68898cd-fw9z7,sidecar,1024.425000000001,exp1,5,90,1000.0,10,10-05-26-150011,0.07906136296853272
22,client3,client3-58c68898cd-h45xl,client3,895.3500000000022,exp1,5,90,1000.0,10,08-05-26-161845,0.033171870244059265
22,client3,client3-58c68898cd-h45xl,linkerd-proxy,895.2749999999978,exp1,5,90,1000.0,10,08-05-26-161845,0.0331727956883828
22,client3,client3-58c68898cd-h45xl,sidecar,892.8990000000013,exp1,5,90,1000.0,10,08-05-26-161845,0.03321698943588708
16,client3,client3-58c68898cd-tlnpz,client3,911.7989999999992,exp1,5,90,1000.0,10,09-05-26-175908,0.03680091730887014
16,client3,client3-58c68898cd-tlnpz,linkerd-proxy,911.7389999999978,exp1,5,90,1000.0,10,09-05-26-175908,0.03681184695004644
16,client3,client3-58c68898cd-tlnpz,sidecar,909.0869999999976,exp1,5,90,1000.0,10,09-05-26-175908,0.0368127413575797
17,client4,client4-744474fb99-qx4jt,client4,920.213999999998,exp1,5,90,1000.0,10,08-05-26-161845,0.03642967006534664
17,client4,client4-744474fb99-qx4jt,linkerd-proxy,920.2289999999977,exp1,5,90,1000.0,10,08-05-26-161845,0.03646852299329548
17,client4,client4-744474fb99-qx4jt,sidecar,917.8319999999984,exp1,5,90,1000.0,10,08-05-26-161845,0.036506503582892424
2,client4,client4-744474fb99-vsj8j,client4,971.607,exp1,5,90,1000.0,10,09-05-26-175908,0.05716731785740853
2,client4,client4-744474fb99-vsj8j,linkerd-proxy,971.397,exp1,5,90,1000.0,10,09-05-26-175908,0.05712774911345592
2,client4,client4-744474fb99-vsj8j,sidecar,969.096,exp1,5,90,1000.0,10,09-05-26-175908,0.05724707421889297
16,client4,client4-744474fb99-xk5ht,client4,660.5880000000016,exp1,5,90,1000.0,10,10-05-26-150011,0.035549409930058895
16,client4,client4-744474fb99-xk5ht,linkerd-proxy,660.6179999999986,exp1,5,90,1000.0,10,10-05-26-150011,0.03550996087854183
16,client4,client4-744474fb99-xk5ht,sidecar,658.5300000000007,exp1,5,90,1000.0,10,10-05-26-150011,0.0355968544042429
7,client5,client5-7d5ff7f8b4-bg8vm,client5,781.3409999999994,exp1,5,90,1000.0,10,09-05-26-175908,0.028060934649090236
7,client5,client5-7d5ff7f8b4-bg8vm,linkerd-proxy,778.5299999999997,exp1,5,90,1000.0,10,09-05-26-175908,0.02833196767027446
23,client5,client5-7d5ff7f8b4-bg8vm,sidecar,690.0239999999994,exp1,5,90,1000.0,10,09-05-26-175908,0.0555063136873718
13,client5,client5-7d5ff7f8b4-j7784,client5,810.4079999999994,exp1,5,90,1000.0,10,10-05-26-150011,0.04079499610956816
13,client5,client5-7d5ff7f8b4-j7784,linkerd-proxy,808.1490000000013,exp1,5,90,1000.0,10,10-05-26-150011,0.041301492523769995
15,client5,client5-7d5ff7f8b4-j7784,sidecar,717.7979999999989,exp1,5,90,1000.0,10,10-05-26-150011,0.05879900334074625
1,client5,client5-7d5ff7f8b4-zp4m9,client5,825.7470000000001,exp1,5,90,1000.0,10,08-05-26-161845,0.043811397818673214
1,client5,client5-7d5ff7f8b4-zp4m9,linkerd-proxy,823.1999999999998,exp1,5,90,1000.0,10,08-05-26-161845,0.04424862095576443
17,client5,client5-7d5ff7f8b4-zp4m9,sidecar,759.7350000000024,exp1,5,90,1000.0,10,08-05-26-161845,0.05977390948339187
13,client5,maurits-dijk-0da8b9c4client51-psh27,hfl-train,885.3209999999999,exp1,5,90,1000.0,10,10-05-26-150011,0.035551950844632974
13,client5,maurits-dijk-0da8b9c4client51-psh27,hfl-train-model,805.9290000000001,exp1,5,90,1000.0,10,10-05-26-150011,0.041532373509895554
13,client5,maurits-dijk-0da8b9c4client51-psh27,sidecar,755.0009999999993,exp1,5,90,1000.0,10,10-05-26-150011,0.05617254091931817
1,client5,maurits-dijk-18908de3client51-zh7sl,hfl-train,906.7980000000002,exp1,5,90,1000.0,10,08-05-26-161845,0.04015650332828316
1,client5,maurits-dijk-18908de3client51-zh7sl,hfl-train-model,820.8090000000001,exp1,5,90,1000.0,10,08-05-26-161845,0.04455111107697776
22,client5,maurits-dijk-18908de3client51-zh7sl,sidecar,729.1769999999997,exp1,5,90,1000.0,10,08-05-26-161845,0.047554550759599606
7,client5,maurits-dijk-f5730e85client51-cz8gz,hfl-train,852.3000000000002,exp1,5,90,1000.0,10,09-05-26-175908,0.024360873599501343
7,client5,maurits-dijk-f5730e85client51-cz8gz,hfl-train-model,775.8389999999999,exp1,5,90,1000.0,10,09-05-26-175908,0.028370753407244792
7,client5,maurits-dijk-f5730e85client51-cz8gz,sidecar,673.2929999999992,exp1,5,90,1000.0,10,09-05-26-175908,0.05398197177052974
0,client6,client6-785d875985-8gg87,client6,936.744,exp1,5,90,1000.0,10,08-05-26-161845,0.03948653542053199
0,client6,client6-785d875985-8gg87,linkerd-proxy,936.294,exp1,5,90,1000.0,10,08-05-26-161845,0.03946308219553707
0,client6,client6-785d875985-8gg87,sidecar,935.031,exp1,5,90,1000.0,10,08-05-26-161845,0.03957637792452812
15,client6,client6-785d875985-f7nrb,client6,918.9779999999992,exp1,5,90,1000.0,10,10-05-26-150011,0.04954912711416065
15,client6,client6-785d875985-f7nrb,linkerd-proxy,918.639000000001,exp1,5,90,1000.0,10,10-05-26-150011,0.049564803443847644
15,client6,client6-785d875985-f7nrb,sidecar,916.9499999999988,exp1,5,90,1000.0,10,10-05-26-150011,0.049769570859137635
23,client6,client6-785d875985-r8z92,client6,910.1039999999994,exp1,5,90,1000.0,10,09-05-26-175908,0.04248014303660744
23,client6,client6-785d875985-r8z92,linkerd-proxy,909.813000000002,exp1,5,90,1000.0,10,09-05-26-175908,0.042472985668687596
23,client6,client6-785d875985-r8z92,sidecar,907.911,exp1,5,90,1000.0,10,09-05-26-175908,0.042633620209922646
15,client7,client7-544486cc98-cvvvb,client7,1053.5519999999997,exp1,5,90,1000.0,10,10-05-26-150011,0.06867861359399485
15,client7,client7-544486cc98-cvvvb,linkerd-proxy,1053.366,exp1,5,90,1000.0,10,10-05-26-150011,0.06875841876370711
15,client7,client7-544486cc98-cvvvb,sidecar,1052.0130000000008,exp1,5,90,1000.0,10,10-05-26-150011,0.06879346760507643
0,client7,client7-544486cc98-k59x7,client7,995.595,exp1,5,90,1000.0,10,09-05-26-175908,0.04111512745452317
0,client7,client7-544486cc98-k59x7,linkerd-proxy,994.893,exp1,5,90,1000.0,10,09-05-26-175908,0.0410571623360024
14,client7,client7-544486cc98-k59x7,sidecar,955.0770000000012,exp1,5,90,1000.0,10,09-05-26-175908,0.05746807110152333
11,client7,client7-544486cc98-lqcvt,client7,923.25,exp1,5,90,1000.0,10,08-05-26-161845,0.042634442825624286
11,client7,client7-544486cc98-lqcvt,linkerd-proxy,922.7669999999998,exp1,5,90,1000.0,10,08-05-26-161845,0.042617878207832666
11,client7,client7-544486cc98-lqcvt,sidecar,921.5609999999996,exp1,5,90,1000.0,10,08-05-26-161845,0.04267535974411105
1,client8,client8-5845965f99-2g4pp,client8,933.732,exp1,5,90,1000.0,10,09-05-26-175908,0.04219005888841207
1,client8,client8-5845965f99-2g4pp,linkerd-proxy,933.276,exp1,5,90,1000.0,10,09-05-26-175908,0.04218868418888497
9,client8,client8-5845965f99-2g4pp,sidecar,584.3669999999993,exp1,5,90,1000.0,10,09-05-26-175908,0.0397084606403251
10,client8,client8-5845965f99-56ccp,client8,928.59,exp1,5,90,1000.0,10,10-05-26-150011,0.04153069447409846
10,client8,client8-5845965f99-56ccp,linkerd-proxy,928.1670000000012,exp1,5,90,1000.0,10,10-05-26-150011,0.04151549568108184
10,client8,client8-5845965f99-56ccp,sidecar,926.898,exp1,5,90,1000.0,10,10-05-26-150011,0.05906599146285865
21,client8,client8-5845965f99-snwt2,client8,919.2120000000032,exp1,5,90,1000.0,10,08-05-26-161845,0.03642511307483329
21,client8,client8-5845965f99-snwt2,linkerd-proxy,918.953999999998,exp1,5,90,1000.0,10,08-05-26-161845,0.036458009075114345
21,client8,client8-5845965f99-snwt2,sidecar,917.4750000000004,exp1,5,90,1000.0,10,08-05-26-161845,0.048871237182205596
12,client9,client9-d68fb99b4-47dbn,client9,872.460000000001,exp1,5,90,1000.0,10,09-05-26-175908,0.04139647033046881
12,client9,client9-d68fb99b4-47dbn,linkerd-proxy,872.5260000000017,exp1,5,90,1000.0,10,09-05-26-175908,0.041948607817275996
12,client9,client9-d68fb99b4-47dbn,sidecar,851.1869999999999,exp1,5,90,1000.0,10,09-05-26-175908,0.06253237713777515
1,client9,client9-d68fb99b4-jdgw8,client9,793.5029999999999,exp1,5,90,1000.0,10,10-05-26-150011,0.0397320639147995
1,client9,client9-d68fb99b4-jdgw8,linkerd-proxy,791.5290000000002,exp1,5,90,1000.0,10,10-05-26-150011,0.03969067214270133
12,client9,client9-d68fb99b4-jdgw8,sidecar,447.7410000000009,exp1,5,90,1000.0,10,10-05-26-150011,0.04818218344275574
22,client9,client9-d68fb99b4-jsrcd,client9,837.9540000000015,exp1,5,90,1000.0,10,08-05-26-161845,0.04126490819006645
22,client9,client9-d68fb99b4-jsrcd,linkerd-proxy,836.1209999999992,exp1,5,90,1000.0,10,08-05-26-161845,0.04120902011744887
3,client9,client9-d68fb99b4-jsrcd,sidecar,705.06,exp1,5,90,1000.0,10,08-05-26-161845,0.03167900362739068
1,client9,maurits-dijk-0da8b9c4client91-p4z4g,hfl-train,880.6020000000001,exp1,5,90,1000.0,10,10-05-26-150011,0.036092787600807086
1,client9,maurits-dijk-0da8b9c4client91-p4z4g,hfl-train-model,784.9620000000001,exp1,5,90,1000.0,10,10-05-26-150011,0.03976873306954143
8,client9,maurits-dijk-0da8b9c4client91-p4z4g,sidecar,692.6070000000009,exp1,5,90,1000.0,10,10-05-26-150011,0.05035365770667882
22,client9,maurits-dijk-18908de3client91-z7sf7,hfl-train,923.9940000000024,exp1,5,90,1000.0,10,08-05-26-161845,0.03785949509134462
22,client9,maurits-dijk-18908de3client91-z7sf7,hfl-train-model,829.5330000000013,exp1,5,90,1000.0,10,08-05-26-161845,0.041159183805180605
20,client9,maurits-dijk-18908de3client91-z7sf7,sidecar,753.3810000000012,exp1,5,90,1000.0,10,08-05-26-161845,0.033952347264564836
12,client9,maurits-dijk-f5730e85client91-72l2b,hfl-train,957.2130000000016,exp1,5,90,1000.0,10,09-05-26-175908,0.03761531685013894
12,client9,maurits-dijk-f5730e85client91-72l2b,hfl-train-model,866.2860000000001,exp1,5,90,1000.0,10,09-05-26-175908,0.042018807339971626
21,client9,maurits-dijk-f5730e85client91-72l2b,sidecar,784.4160000000011,exp1,5,90,1000.0,10,09-05-26-175908,0.04385755453652518
9,orchestrator,orchestrator-555f7b7c9d-29m2n,linkerd-proxy,424.3139999999999,exp1,5,90,1000.0,10,08-05-26-161845,0.030876590679931093
17,orchestrator,orchestrator-555f7b7c9d-29m2n,orchestrator,316.95300000000043,exp1,5,90,1000.0,10,08-05-26-161845,0.06687061354282067
9,orchestrator,orchestrator-555f7b7c9d-29m2n,sidecar,394.2689999999998,exp1,5,90,1000.0,10,08-05-26-161845,0.033417639111036124
6,orchestrator,orchestrator-555f7b7c9d-dsmdq,linkerd-proxy,417.636,exp1,5,90,1000.0,10,09-05-26-175908,0.03130038233896476
15,orchestrator,orchestrator-555f7b7c9d-dsmdq,orchestrator,315.0540000000001,exp1,5,90,1000.0,10,09-05-26-175908,0.06591006741624775
5,orchestrator,orchestrator-555f7b7c9d-dsmdq,sidecar,225.1800000000001,exp1,5,90,1000.0,10,09-05-26-175908,0.05749456964942218
7,orchestrator,orchestrator-555f7b7c9d-g6xtm,linkerd-proxy,416.4269999999997,exp1,5,90,1000.0,10,10-05-26-150011,0.0379294279445451
4,orchestrator,orchestrator-555f7b7c9d-g6xtm,orchestrator,156.17399999999998,exp1,5,90,1000.0,10,10-05-26-150011,0.06678227766895958
5,orchestrator,orchestrator-555f7b7c9d-g6xtm,sidecar,393.97799999999984,exp1,5,90,1000.0,10,10-05-26-150011,0.05006036121137314
9,orchestrator,policy-enforcer-cb8dccbd8-9qdz9,linkerd-proxy,424.2989999999995,exp1,5,90,1000.0,10,08-05-26-161845,0.030879653629373338
3,orchestrator,policy-enforcer-cb8dccbd8-9qdz9,policy-enforcer,159.16199999999992,exp1,5,90,1000.0,10,08-05-26-161845,0.05412359011829604
24,orchestrator,policy-enforcer-cb8dccbd8-9qdz9,sidecar,412.47599999999966,exp1,5,90,1000.0,10,08-05-26-161845,0.05293190816346538
7,orchestrator,policy-enforcer-cb8dccbd8-nv6jv,linkerd-proxy,416.3250000000003,exp1,5,90,1000.0,10,10-05-26-150011,0.03789323705599851
11,orchestrator,policy-enforcer-cb8dccbd8-nv6jv,policy-enforcer,182.4960000000001,exp1,5,90,1000.0,10,10-05-26-150011,0.057344899267383675
12,orchestrator,policy-enforcer-cb8dccbd8-nv6jv,sidecar,384.8850000000007,exp1,5,90,1000.0,10,10-05-26-150011,0.0527813387726202
6,orchestrator,policy-enforcer-cb8dccbd8-qtsbg,linkerd-proxy,417.654,exp1,5,90,1000.0,10,09-05-26-175908,0.03131274653312749
0,orchestrator,policy-enforcer-cb8dccbd8-qtsbg,policy-enforcer,150.10799999999998,exp1,5,90,1000.0,10,09-05-26-175908,0.061761544047456346
6,orchestrator,policy-enforcer-cb8dccbd8-qtsbg,sidecar,416.5830000000001,exp1,5,90,1000.0,10,09-05-26-175908,0.05734236997885217
14,server,maurits-dijk-0da8b9c4server1-xpm2f,hfl-train,590.3729999999996,exp1,5,90,1000.0,10,10-05-26-150011,0.0338336773213504
8,server,maurits-dijk-0da8b9c4server1-xpm2f,hfl-train-model,733.2420000000002,exp1,5,90,1000.0,10,10-05-26-150011,0.029541268444613467
3,server,maurits-dijk-0da8b9c4server1-xpm2f,sidecar,382.806,exp1,5,90,1000.0,10,10-05-26-150011,0.051886431334471406
0,server,maurits-dijk-18908de3server1-5jxrv,hfl-train,588.4259999999999,exp1,5,90,1000.0,10,08-05-26-161845,0.03561829641545933
0,server,maurits-dijk-18908de3server1-5jxrv,hfl-train-model,930.519,exp1,5,90,1000.0,10,08-05-26-161845,0.02862309283595668
8,server,maurits-dijk-18908de3server1-5jxrv,sidecar,345.27,exp1,5,90,1000.0,10,08-05-26-161845,0.04426823771093208
20,server,maurits-dijk-f5730e85server1-xrpls,hfl-train,622.7430000000004,exp1,5,90,1000.0,10,09-05-26-175908,0.0413721361494174
20,server,maurits-dijk-f5730e85server1-xrpls,hfl-train-model,943.7489999999998,exp1,5,90,1000.0,10,09-05-26-175908,0.026934717759432847
24,server,maurits-dijk-f5730e85server1-xrpls,sidecar,526.3049999999985,exp1,5,90,1000.0,10,09-05-26-175908,0.044565809454858246
20,server,server-656f98b57f-d7hjw,linkerd-proxy,626.1029999999992,exp1,5,90,1000.0,10,09-05-26-175908,0.04091556559205825
20,server,server-656f98b57f-d7hjw,server,641.2619999999988,exp1,5,90,1000.0,10,09-05-26-175908,0.03977469987775761
20,server,server-656f98b57f-d7hjw,sidecar,608.6700000000001,exp1,5,90,1000.0,10,09-05-26-175908,0.07578979552295284
14,server,server-656f98b57f-fbdzs,linkerd-proxy,593.808,exp1,5,90,1000.0,10,10-05-26-150011,0.03316661762666687
14,server,server-656f98b57f-fbdzs,server,608.4899999999998,exp1,5,90,1000.0,10,10-05-26-150011,0.03159958670503882
9,server,server-656f98b57f-fbdzs,sidecar,554.5019999999995,exp1,5,90,1000.0,10,10-05-26-150011,0.04311815222213092
0,server,server-656f98b57f-tr7sh,linkerd-proxy,592.713,exp1,5,90,1000.0,10,08-05-26-161845,0.035224752233073725
0,server,server-656f98b57f-tr7sh,server,617.952,exp1,5,90,1000.0,10,08-05-26-161845,0.037757875456964296
2,server,server-656f98b57f-tr7sh,sidecar,536.8559999999999,exp1,5,90,1000.0,10,08-05-26-161845,0.041499744343050426
17,api-gateway,api-gateway-6bf76d45b7-vpvf2,api-gateway,448.66200000000026,exp1,5,120,1000.0,10,09-05-26-191151,0.027245376697759033
0,api-gateway,api-gateway-6bf76d45b7-vpvf2,linkerd-proxy,443.973,exp1,5,120,1000.0,10,09-05-26-191151,0.027544172980222575
1,api-gateway,api-gateway-6bf76d45b7-vpvf2,sidecar,243.498,exp1,5,120,1000.0,10,09-05-26-191151,0.05404161957672032
4,api-gateway,api-gateway-6bf76d45b7-xj4z8,api-gateway,327.3150000000003,exp1,5,120,1000.0,10,10-05-26-155156,0.03172746765203724
10,api-gateway,api-gateway-6bf76d45b7-xj4z8,linkerd-proxy,440.1120000000001,exp1,5,120,1000.0,10,10-05-26-155156,0.022959542954538142
6,api-gateway,api-gateway-6bf76d45b7-xj4z8,sidecar,227.07600000000025,exp1,5,120,1000.0,10,10-05-26-155156,0.060554443690013254
3,api-gateway,api-gateway-6bf76d45b7-xqzwk,api-gateway,453.3989999999999,exp1,5,120,1000.0,10,08-05-26-173133,0.03321474030134436
3,api-gateway,api-gateway-6bf76d45b7-xqzwk,linkerd-proxy,446.337,exp1,5,120,1000.0,10,08-05-26-173133,0.03307825336759457
5,api-gateway,api-gateway-6bf76d45b7-xqzwk,sidecar,235.509,exp1,5,120,1000.0,10,08-05-26-173133,0.05694238072210561
0,client1,client1-7b9db886dd-6dw85,client1,812.337,exp1,5,120,1000.0,10,08-05-26-173133,0.03333857632104617
0,client1,client1-7b9db886dd-6dw85,linkerd-proxy,809.628,exp1,5,120,1000.0,10,08-05-26-173133,0.03277036190689983
0,client1,client1-7b9db886dd-6dw85,sidecar,771.8640000000001,exp1,5,120,1000.0,10,08-05-26-173133,0.03904458897606916
11,client1,client1-7b9db886dd-j8nhm,client1,802.4759999999997,exp1,5,120,1000.0,10,09-05-26-191151,0.034232486912281146
11,client1,client1-7b9db886dd-j8nhm,linkerd-proxy,800.2410000000009,exp1,5,120,1000.0,10,09-05-26-191151,0.033924398238422554
20,client1,client1-7b9db886dd-j8nhm,sidecar,526.1129999999994,exp1,5,120,1000.0,10,09-05-26-191151,0.03628316333839107
9,client1,client1-7b9db886dd-rhcdq,client1,858.0210000000006,exp1,5,120,1000.0,10,10-05-26-155156,0.045699284006522706
9,client1,client1-7b9db886dd-rhcdq,linkerd-proxy,856.4580000000005,exp1,5,120,1000.0,10,10-05-26-155156,0.04549517419073826
24,client1,client1-7b9db886dd-rhcdq,sidecar,807.6270000000004,exp1,5,120,1000.0,10,10-05-26-155156,0.05020794264198428
11,client1,maurits-dijk-38de2afcclient11-b2bgz,hfl-train,855.7829999999994,exp1,5,120,1000.0,10,09-05-26-191151,0.029861008066151967
11,client1,maurits-dijk-38de2afcclient11-b2bgz,hfl-train-model,794.7360000000008,exp1,5,120,1000.0,10,09-05-26-191151,0.0342189641366748
11,client1,maurits-dijk-38de2afcclient11-b2bgz,sidecar,751.482,exp1,5,120,1000.0,10,09-05-26-191151,0.05753546983450003
0,client1,maurits-dijk-45546096client11-fkmbf,hfl-train,871.1759999999999,exp1,5,120,1000.0,10,08-05-26-173133,0.029304805694342795
0,client1,maurits-dijk-45546096client11-fkmbf,hfl-train-model,804.9480000000001,exp1,5,120,1000.0,10,08-05-26-173133,0.03338778679481447
14,client1,maurits-dijk-45546096client11-fkmbf,sidecar,520.6170000000002,exp1,5,120,1000.0,10,08-05-26-173133,0.03977610627296793
9,client1,maurits-dijk-f92037faclient11-cnhzx,hfl-train,931.5119999999996,exp1,5,120,1000.0,10,10-05-26-155156,0.04531249285922731
9,client1,maurits-dijk-f92037faclient11-cnhzx,hfl-train-model,850.6620000000003,exp1,5,120,1000.0,10,10-05-26-155156,0.04582675231382197
4,client1,maurits-dijk-f92037faclient11-cnhzx,sidecar,714.8429999999998,exp1,5,120,1000.0,10,10-05-26-155156,0.05024580035916981
3,client10,client10-694b6b97b4-jgsjt,client10,908.8380000000002,exp1,5,120,1000.0,10,10-05-26-155156,0.04557991217454216
3,client10,client10-694b6b97b4-jgsjt,linkerd-proxy,908.5949999999998,exp1,5,120,1000.0,10,10-05-26-155156,0.04555847759396167
2,client10,client10-694b6b97b4-jgsjt,sidecar,510.9480000000001,exp1,5,120,1000.0,10,10-05-26-155156,0.042405657654654455
7,client10,client10-694b6b97b4-r2d4w,client10,624.0060000000003,exp1,5,120,1000.0,10,08-05-26-173133,0.0364179576731849
7,client10,client10-694b6b97b4-r2d4w,linkerd-proxy,623.9430000000002,exp1,5,120,1000.0,10,08-05-26-173133,0.03642271293377808
20,client10,client10-694b6b97b4-r2d4w,sidecar,857.8649999999998,exp1,5,120,1000.0,10,08-05-26-173133,0.04854945247355186
0,client10,client10-694b6b97b4-vzb9b,client10,922.1760000000002,exp1,5,120,1000.0,10,09-05-26-191151,0.03735327456559931
0,client10,client10-694b6b97b4-vzb9b,linkerd-proxy,922.0110000000002,exp1,5,120,1000.0,10,09-05-26-191151,0.037322686147717915
0,client10,client10-694b6b97b4-vzb9b,sidecar,811.4819999999997,exp1,5,120,1000.0,10,09-05-26-191151,0.03916168227412667
14,client11,client11-565c48c7c7-6wwrq,client11,945.219000000001,exp1,5,120,1000.0,10,10-05-26-155156,0.050781911672381025
14,client11,client11-565c48c7c7-6wwrq,linkerd-proxy,945.1529999999984,exp1,5,120,1000.0,10,10-05-26-155156,0.050829578862327585
14,client11,client11-565c48c7c7-6wwrq,sidecar,864.4830000000002,exp1,5,120,1000.0,10,10-05-26-155156,0.06156665065074385
0,client11,client11-565c48c7c7-ktwlw,client11,955.572,exp1,5,120,1000.0,10,08-05-26-173133,0.05086415762655358
0,client11,client11-565c48c7c7-ktwlw,linkerd-proxy,955.263,exp1,5,120,1000.0,10,08-05-26-173133,0.05085919582898224
7,client11,client11-565c48c7c7-ktwlw,sidecar,823.9769999999999,exp1,5,120,1000.0,10,08-05-26-173133,0.05574117490382094
20,client11,client11-565c48c7c7-rzfbl,client11,858.759,exp1,5,120,1000.0,10,09-05-26-191151,0.029810542650780203
20,client11,client11-565c48c7c7-rzfbl,linkerd-proxy,858.5130000000008,exp1,5,120,1000.0,10,09-05-26-191151,0.02979473976960384
20,client11,client11-565c48c7c7-rzfbl,sidecar,857.0400000000009,exp1,5,120,1000.0,10,09-05-26-191151,0.02979806055012113
20,client12,client12-79bc8d5846-9h8r4,client12,867.630000000001,exp1,5,120,1000.0,10,09-05-26-191151,0.04152766599106128
20,client12,client12-79bc8d5846-9h8r4,linkerd-proxy,867.4049999999988,exp1,5,120,1000.0,10,09-05-26-191151,0.04150324864734131
20,client12,client12-79bc8d5846-9h8r4,sidecar,834.5010000000002,exp1,5,120,1000.0,10,09-05-26-191151,0.054924892758925314
2,client12,client12-79bc8d5846-dxj72,client12,944.7809999999996,exp1,5,120,1000.0,10,08-05-26-173133,0.04462646486124272
2,client12,client12-79bc8d5846-dxj72,linkerd-proxy,944.625,exp1,5,120,1000.0,10,08-05-26-173133,0.04464254857634753
10,client12,client12-79bc8d5846-dxj72,sidecar,424.8270000000002,exp1,5,120,1000.0,10,08-05-26-173133,0.06470842752544795
6,client12,client12-79bc8d5846-zntmd,client12,955.2749999999996,exp1,5,120,1000.0,10,10-05-26-155156,0.04889783289779709
6,client12,client12-79bc8d5846-zntmd,linkerd-proxy,955.0409999999991,exp1,5,120,1000.0,10,10-05-26-155156,0.04888619444065523
6,client12,client12-79bc8d5846-zntmd,sidecar,925.7039999999996,exp1,5,120,1000.0,10,10-05-26-155156,0.06795906356405357
22,client13,client13-7bf86f4f87-4x6qh,client13,812.1870000000017,exp1,5,120,1000.0,10,08-05-26-173133,0.03259027605248668
22,client13,client13-7bf86f4f87-4x6qh,linkerd-proxy,807.1920000000009,exp1,5,120,1000.0,10,08-05-26-173133,0.032494001339230666
7,client13,client13-7bf86f4f87-4x6qh,sidecar,792.8550000000005,exp1,5,120,1000.0,10,08-05-26-173133,0.044640156936119973
7,client13,client13-7bf86f4f87-5tdb6,client13,812.0789999999997,exp1,5,120,1000.0,10,10-05-26-155156,0.033258992261956555
7,client13,client13-7bf86f4f87-5tdb6,linkerd-proxy,806.3999999999996,exp1,5,120,1000.0,10,10-05-26-155156,0.032940412130430474
19,client13,client13-7bf86f4f87-5tdb6,sidecar,715.8119999999999,exp1,5,120,1000.0,10,10-05-26-155156,0.035927845978038886
18,client13,client13-7bf86f4f87-96bfp,client13,817.5329999999994,exp1,5,120,1000.0,10,09-05-26-191151,0.03873037780185465
18,client13,client13-7bf86f4f87-96bfp,linkerd-proxy,811.6950000000015,exp1,5,120,1000.0,10,09-05-26-191151,0.03848760691319214
18,client13,client13-7bf86f4f87-96bfp,sidecar,808.4459999999999,exp1,5,120,1000.0,10,09-05-26-191151,0.060671738560595545
18,client13,maurits-dijk-38de2afcclient131-ncvdw,hfl-train,893.4239999999991,exp1,5,120,1000.0,10,09-05-26-191151,0.0338375980676745
18,client13,maurits-dijk-38de2afcclient131-ncvdw,hfl-train-model,808.7699999999986,exp1,5,120,1000.0,10,09-05-26-191151,0.03870599462060065
4,client13,maurits-dijk-38de2afcclient131-ncvdw,sidecar,721.0679999999998,exp1,5,120,1000.0,10,09-05-26-191151,0.04790075601632485
22,client13,maurits-dijk-45546096client131-vzgl2,hfl-train,893.7059999999983,exp1,5,120,1000.0,10,08-05-26-173133,0.029669656764504865
22,client13,maurits-dijk-45546096client131-vzgl2,hfl-train-model,804.3359999999993,exp1,5,120,1000.0,10,08-05-26-173133,0.03269712255929316
24,client13,maurits-dijk-45546096client131-vzgl2,sidecar,673.9860000000008,exp1,5,120,1000.0,10,08-05-26-173133,0.05764559646337292
7,client13,maurits-dijk-f92037faclient131-c7g5t,hfl-train,890.844,exp1,5,120,1000.0,10,10-05-26-155156,0.029434843048194576
7,client13,maurits-dijk-f92037faclient131-c7g5t,hfl-train-model,803.2830000000004,exp1,5,120,1000.0,10,10-05-26-155156,0.03309018395068786
18,client13,maurits-dijk-f92037faclient131-c7g5t,sidecar,424.005000000001,exp1,5,120,1000.0,10,10-05-26-155156,0.046755005591907345
20,client14,client14-856b5b5576-29nxh,client14,896.2500000000018,exp1,5,120,1000.0,10,10-05-26-155156,0.034399346477633125
20,client14,client14-856b5b5576-29nxh,linkerd-proxy,896.0100000000002,exp1,5,120,1000.0,10,10-05-26-155156,0.03441094816543164
20,client14,client14-856b5b5576-29nxh,sidecar,894.366,exp1,5,120,1000.0,10,10-05-26-155156,0.03956959643328731
7,client14,client14-856b5b5576-gthcp,client14,916.995,exp1,5,120,1000.0,10,09-05-26-191151,0.03955726135480489
7,client14,client14-856b5b5576-gthcp,linkerd-proxy,916.6769999999996,exp1,5,120,1000.0,10,09-05-26-191151,0.03954641569380335
7,client14,client14-856b5b5576-gthcp,sidecar,915.0509999999996,exp1,5,120,1000.0,10,09-05-26-191151,0.03960127546630071
22,client14,client14-856b5b5576-rtd5t,client14,921.1169999999984,exp1,5,120,1000.0,10,08-05-26-173133,0.03020024014230549
22,client14,client14-856b5b5576-rtd5t,linkerd-proxy,920.7720000000008,exp1,5,120,1000.0,10,08-05-26-173133,0.030193869022449082
22,client14,client14-856b5b5576-rtd5t,sidecar,919.0560000000004,exp1,5,120,1000.0,10,08-05-26-173133,0.030193709035101796
15,client15,client15-79c969ddf-n65ng,client15,896.5410000000011,exp1,5,120,1000.0,10,09-05-26-191151,0.031180928021291715
15,client15,client15-79c969ddf-n65ng,linkerd-proxy,896.3040000000001,exp1,5,120,1000.0,10,09-05-26-191151,0.031185973095947978
2,client15,client15-79c969ddf-n65ng,sidecar,598.3709999999999,exp1,5,120,1000.0,10,09-05-26-191151,0.042418398364165305
16,client15,client15-79c969ddf-t5dr9,client15,963.4740000000002,exp1,5,120,1000.0,10,08-05-26-173133,0.03990398825786401
16,client15,client15-79c969ddf-t5dr9,linkerd-proxy,963.3360000000011,exp1,5,120,1000.0,10,08-05-26-173133,0.03992318923284344
16,client15,client15-79c969ddf-t5dr9,sidecar,961.7070000000004,exp1,5,120,1000.0,10,08-05-26-173133,0.03992711283426151
13,client15,client15-79c969ddf-t77m4,client15,890.5109999999986,exp1,5,120,1000.0,10,10-05-26-155156,0.034289274100257144
13,client15,client15-79c969ddf-t77m4,linkerd-proxy,890.3130000000001,exp1,5,120,1000.0,10,10-05-26-155156,0.03431549355099722
13,client15,client15-79c969ddf-t77m4,sidecar,888.7439999999988,exp1,5,120,1000.0,10,10-05-26-155156,0.039205229238558736
18,client16,client16-6dc7f87f54-pdqck,client16,896.0910000000003,exp1,5,120,1000.0,10,10-05-26-155156,0.03196616815370018
18,client16,client16-6dc7f87f54-pdqck,linkerd-proxy,895.8180000000011,exp1,5,120,1000.0,10,10-05-26-155156,0.03197407463468499
18,client16,client16-6dc7f87f54-pdqck,sidecar,894.3420000000006,exp1,5,120,1000.0,10,10-05-26-155156,0.032031564536555424
7,client16,client16-6dc7f87f54-wf7cc,client16,896.4630000000006,exp1,5,120,1000.0,10,08-05-26-173133,0.031702525936309955
7,client16,client16-6dc7f87f54-wf7cc,linkerd-proxy,896.1780000000008,exp1,5,120,1000.0,10,08-05-26-173133,0.03167668341045707
7,client16,client16-6dc7f87f54-wf7cc,sidecar,894.2610000000004,exp1,5,120,1000.0,10,08-05-26-173133,0.03174687278190161
10,client16,client16-6dc7f87f54-wxjbb,client16,969.9779999999992,exp1,5,120,1000.0,10,09-05-26-191151,0.04246028029591403
10,client16,client16-6dc7f87f54-wxjbb,linkerd-proxy,970.0079999999998,exp1,5,120,1000.0,10,09-05-26-191151,0.042509147668657155
10,client16,client16-6dc7f87f54-wxjbb,sidecar,967.4849999999988,exp1,5,120,1000.0,10,09-05-26-191151,0.042470147221062904
12,client17,client17-69b85b5ccf-4n6mf,client17,825.3510000000006,exp1,5,120,1000.0,10,09-05-26-191151,0.03997526876216298
12,client17,client17-69b85b5ccf-4n6mf,linkerd-proxy,821.2919999999995,exp1,5,120,1000.0,10,09-05-26-191151,0.039823329450712874
17,client17,client17-69b85b5ccf-4n6mf,sidecar,770.9939999999988,exp1,5,120,1000.0,10,09-05-26-191151,0.04963391948285781
8,client17,client17-69b85b5ccf-cl8k9,client17,797.2679999999991,exp1,5,120,1000.0,10,10-05-26-155156,0.03269959252275173
8,client17,client17-69b85b5ccf-cl8k9,linkerd-proxy,792.7559999999994,exp1,5,120,1000.0,10,10-05-26-155156,0.03246049452783811
16,client17,client17-69b85b5ccf-cl8k9,sidecar,475.5659999999989,exp1,5,120,1000.0,10,10-05-26-155156,0.04469501279859173
21,client17,client17-69b85b5ccf-h7n9v,client17,812.6639999999989,exp1,5,120,1000.0,10,08-05-26-173133,0.04053564584201458
21,client17,client17-69b85b5ccf-h7n9v,linkerd-proxy,809.9909999999982,exp1,5,120,1000.0,10,08-05-26-173133,0.0408081608558265
18,client17,client17-69b85b5ccf-h7n9v,sidecar,735.2549999999992,exp1,5,120,1000.0,10,08-05-26-173133,0.049664106049795376
12,client17,maurits-dijk-38de2afcclient171-k8w95,hfl-train,890.8019999999997,exp1,5,120,1000.0,10,09-05-26-191151,0.03830200200222056
12,client17,maurits-dijk-38de2afcclient171-k8w95,hfl-train-model,818.121000000001,exp1,5,120,1000.0,10,09-05-26-191151,0.039990443428486316
23,client17,maurits-dijk-38de2afcclient171-k8w95,sidecar,461.2230000000018,exp1,5,120,1000.0,10,09-05-26-191151,0.04213655624119175
21,client17,maurits-dijk-45546096client171-f9qw7,hfl-train,866.6309999999994,exp1,5,120,1000.0,10,08-05-26-173133,0.03594954746204751
21,client17,maurits-dijk-45546096client171-f9qw7,hfl-train-model,807.5700000000015,exp1,5,120,1000.0,10,08-05-26-173133,0.04119903085936227
1,client17,maurits-dijk-45546096client171-f9qw7,sidecar,453.4709999999999,exp1,5,120,1000.0,10,08-05-26-173133,0.05161304196333613
8,client17,maurits-dijk-f92037faclient171-7rktp,hfl-train,864.4350000000004,exp1,5,120,1000.0,10,10-05-26-155156,0.031848090521864963
8,client17,maurits-dijk-f92037faclient171-7rktp,hfl-train-model,789.6959999999999,exp1,5,120,1000.0,10,10-05-26-155156,0.03249267450858445
8,client17,maurits-dijk-f92037faclient171-7rktp,sidecar,751.2150000000001,exp1,5,120,1000.0,10,10-05-26-155156,0.050978266450005805
13,client18,client18-69db77c748-2zvkk,client18,971.0009999999984,exp1,5,120,1000.0,10,09-05-26-191151,0.052800817137653666
13,client18,client18-69db77c748-2zvkk,linkerd-proxy,970.8419999999988,exp1,5,120,1000.0,10,09-05-26-191151,0.052813960560168016
13,client18,client18-69db77c748-2zvkk,sidecar,969.1889999999984,exp1,5,120,1000.0,10,09-05-26-191151,0.05287767255740816
7,client18,client18-69db77c748-v28dd,client18,1012.7879999999986,exp1,5,120,1000.0,10,08-05-26-173133,0.05804775166971496
7,client18,client18-69db77c748-v28dd,linkerd-proxy,1012.6229999999996,exp1,5,120,1000.0,10,08-05-26-173133,0.05805656731827219
7,client18,client18-69db77c748-v28dd,sidecar,1010.9939999999996,exp1,5,120,1000.0,10,08-05-26-173133,0.058129766428240415
9,client18,client18-69db77c748-zbcgp,client18,964.335,exp1,5,120,1000.0,10,10-05-26-155156,0.05258571655212549
9,client18,client18-69db77c748-zbcgp,linkerd-proxy,964.0649999999988,exp1,5,120,1000.0,10,10-05-26-155156,0.05259130291614367
9,client18,client18-69db77c748-zbcgp,sidecar,962.5470000000004,exp1,5,120,1000.0,10,10-05-26-155156,0.05267849415451309
15,client19,client19-56fccdb4d9-6z8ts,client19,942.585000000001,exp1,5,120,1000.0,10,08-05-26-173133,0.039371045761922185
15,client19,client19-56fccdb4d9-6z8ts,linkerd-proxy,942.585000000001,exp1,5,120,1000.0,10,08-05-26-173133,0.03939896539254614
15,client19,client19-56fccdb4d9-6z8ts,sidecar,940.9709999999995,exp1,5,120,1000.0,10,08-05-26-173133,0.0405347933485907
23,client19,client19-56fccdb4d9-ldwwr,client19,915.8700000000026,exp1,5,120,1000.0,10,09-05-26-191151,0.038289855209330675
23,client19,client19-56fccdb4d9-ldwwr,linkerd-proxy,915.8009999999996,exp1,5,120,1000.0,10,09-05-26-191151,0.03831950995331773
23,client19,client19-56fccdb4d9-ldwwr,sidecar,914.030999999999,exp1,5,120,1000.0,10,09-05-26-191151,0.03832653025834021
19,client19,client19-56fccdb4d9-nhknd,client19,884.5590000000011,exp1,5,120,1000.0,10,10-05-26-155156,0.03204250844452866
19,client19,client19-56fccdb4d9-nhknd,linkerd-proxy,884.387999999999,exp1,5,120,1000.0,10,10-05-26-155156,0.03205327544157763
19,client19,client19-56fccdb4d9-nhknd,sidecar,882.732,exp1,5,120,1000.0,10,10-05-26-155156,0.03206798656534485
14,client2,client2-86cd6d8cf7-d88kl,client2,994.5749999999988,exp1,5,120,1000.0,10,08-05-26-173133,0.05605550790501562
14,client2,client2-86cd6d8cf7-d88kl,linkerd-proxy,994.5840000000009,exp1,5,120,1000.0,10,08-05-26-173133,0.0560982518861953
24,client2,client2-86cd6d8cf7-d88kl,sidecar,809.8289999999997,exp1,5,120,1000.0,10,08-05-26-173133,0.06499298575251775
2,client2,client2-86cd6d8cf7-prz8w,client2,890.9609999999998,exp1,5,120,1000.0,10,10-05-26-155156,0.03682897874067098
2,client2,client2-86cd6d8cf7-prz8w,linkerd-proxy,890.751,exp1,5,120,1000.0,10,10-05-26-155156,0.036821024422083126
2,client2,client2-86cd6d8cf7-prz8w,sidecar,889.1069999999997,exp1,5,120,1000.0,10,10-05-26-155156,0.036849338676767596
8,client2,client2-86cd6d8cf7-xhtfk,client2,1004.4089999999997,exp1,5,120,1000.0,10,09-05-26-191151,0.0586961552627881
8,client2,client2-86cd6d8cf7-xhtfk,linkerd-proxy,1004.2019999999992,exp1,5,120,1000.0,10,09-05-26-191151,0.058697369067294586
8,client2,client2-86cd6d8cf7-xhtfk,sidecar,1002.6899999999996,exp1,5,120,1000.0,10,09-05-26-191151,0.058803370883663386
0,client20,client20-65f8864f77-h2mwk,client20,895.299,exp1,5,120,1000.0,10,08-05-26-173133,0.04052065564872981
0,client20,client20-65f8864f77-h2mwk,linkerd-proxy,894.96,exp1,5,120,1000.0,10,08-05-26-173133,0.04047120297438053
0,client20,client20-65f8864f77-h2mwk,sidecar,893.4629999999999,exp1,5,120,1000.0,10,08-05-26-173133,0.04056579614553632
14,client20,client20-65f8864f77-mn5x6,client20,1022.625,exp1,5,120,1000.0,10,10-05-26-155156,0.07068834502288801
14,client20,client20-65f8864f77-mn5x6,linkerd-proxy,1022.469000000001,exp1,5,120,1000.0,10,10-05-26-155156,0.07071365634967891
14,client20,client20-65f8864f77-mn5x6,sidecar,1020.9510000000008,exp1,5,120,1000.0,10,10-05-26-155156,0.07080616433803841
1,client20,client20-65f8864f77-rfwmt,client20,878.6549999999995,exp1,5,120,1000.0,10,09-05-26-191151,0.03743905999507563
1,client20,client20-65f8864f77-rfwmt,linkerd-proxy,878.394,exp1,5,120,1000.0,10,09-05-26-191151,0.03741210978858711
21,client20,client20-65f8864f77-rfwmt,sidecar,813.8279999999995,exp1,5,120,1000.0,10,09-05-26-191151,0.027888778542599774
0,client3,client3-58c68898cd-7rzl9,client3,960.4589999999998,exp1,5,120,1000.0,10,08-05-26-173133,0.047837971550403424
0,client3,client3-58c68898cd-7rzl9,linkerd-proxy,960.3390000000002,exp1,5,120,1000.0,10,08-05-26-173133,0.04784301911283159
0,client3,client3-58c68898cd-7rzl9,sidecar,958.188,exp1,5,120,1000.0,10,08-05-26-173133,0.047961660291776065
21,client3,client3-58c68898cd-h86ds,client3,904.7489999999998,exp1,5,120,1000.0,10,10-05-26-155156,0.039461385006327426
21,client3,client3-58c68898cd-h86ds,linkerd-proxy,904.6289999999972,exp1,5,120,1000.0,10,10-05-26-155156,0.03943150042614235
21,client3,client3-58c68898cd-h86ds,sidecar,902.1060000000016,exp1,5,120,1000.0,10,10-05-26-155156,0.03947390151495753
8,client3,client3-58c68898cd-z5ptc,client3,873.9449999999997,exp1,5,120,1000.0,10,09-05-26-191151,0.031105462737358952
8,client3,client3-58c68898cd-z5ptc,linkerd-proxy,874.1999999999998,exp1,5,120,1000.0,10,09-05-26-191151,0.0311718944098012
8,client3,client3-58c68898cd-z5ptc,sidecar,871.5,exp1,5,120,1000.0,10,09-05-26-191151,0.03114690978253315
13,client4,client4-744474fb99-4pdd4,client4,935.946,exp1,5,120,1000.0,10,10-05-26-155156,0.038080077480008245
13,client4,client4-744474fb99-4pdd4,linkerd-proxy,936.0959999999995,exp1,5,120,1000.0,10,10-05-26-155156,0.03814224275510117
13,client4,client4-744474fb99-4pdd4,sidecar,933.3449999999992,exp1,5,120,1000.0,10,10-05-26-155156,0.03810129185708233
7,client4,client4-744474fb99-g9r4v,client4,929.3999999999996,exp1,5,120,1000.0,10,09-05-26-191151,0.03619331575414825
7,client4,client4-744474fb99-g9r4v,linkerd-proxy,929.415,exp1,5,120,1000.0,10,09-05-26-191151,0.03622449643819961
7,client4,client4-744474fb99-g9r4v,sidecar,926.964,exp1,5,120,1000.0,10,09-05-26-191151,0.03625274536494999
21,client4,client4-744474fb99-xq9fb,client4,897.831000000002,exp1,5,120,1000.0,10,08-05-26-173133,0.035551631107636705
21,client4,client4-744474fb99-xq9fb,linkerd-proxy,897.7560000000012,exp1,5,120,1000.0,10,08-05-26-173133,0.035549203013472
21,client4,client4-744474fb99-xq9fb,sidecar,895.3290000000015,exp1,5,120,1000.0,10,08-05-26-173133,0.035587837117929705
16,client5,client5-7d5ff7f8b4-b9hrm,client5,775.4520000000011,exp1,5,120,1000.0,10,10-05-26-155156,0.034330896246969445
16,client5,client5-7d5ff7f8b4-b9hrm,linkerd-proxy,773.1119999999992,exp1,5,120,1000.0,10,10-05-26-155156,0.03483834714752554
16,client5,client5-7d5ff7f8b4-b9hrm,sidecar,725.1149999999998,exp1,5,120,1000.0,10,10-05-26-155156,0.050653560804398284
8,client5,client5-7d5ff7f8b4-pnjkh,client5,883.8090000000002,exp1,5,120,1000.0,10,09-05-26-191151,0.058289573662899
8,client5,client5-7d5ff7f8b4-pnjkh,linkerd-proxy,880.1130000000003,exp1,5,120,1000.0,10,09-05-26-191151,0.058410810063013824
22,client5,client5-7d5ff7f8b4-pnjkh,sidecar,767.4660000000003,exp1,5,120,1000.0,10,09-05-26-191151,0.06033929838206617
2,client5,client5-7d5ff7f8b4-vb6t8,client5,833.568,exp1,5,120,1000.0,10,08-05-26-173133,0.044232912216007586
2,client5,client5-7d5ff7f8b4-vb6t8,linkerd-proxy,829.6769999999999,exp1,5,120,1000.0,10,08-05-26-173133,0.044409063680475314
10,client5,client5-7d5ff7f8b4-vb6t8,sidecar,448.0740000000005,exp1,5,120,1000.0,10,08-05-26-173133,0.05015252425710354
8,client5,maurits-dijk-38de2afcclient51-2z96k,hfl-train,936.4800000000004,exp1,5,120,1000.0,10,09-05-26-191151,0.052998466922115295
8,client5,maurits-dijk-38de2afcclient51-2z96k,hfl-train-model,878.1750000000002,exp1,5,120,1000.0,10,09-05-26-191151,0.05874174527585155
22,client5,maurits-dijk-38de2afcclient51-2z96k,sidecar,719.3910000000014,exp1,5,120,1000.0,10,09-05-26-191151,0.06154445553793253
2,client5,maurits-dijk-45546096client51-bdx64,hfl-train,885.2640000000001,exp1,5,120,1000.0,10,08-05-26-173133,0.0398725532290686
2,client5,maurits-dijk-45546096client51-bdx64,hfl-train-model,827.373,exp1,5,120,1000.0,10,08-05-26-173133,0.044554086461595754
2,client5,maurits-dijk-45546096client51-bdx64,sidecar,798.3779999999997,exp1,5,120,1000.0,10,08-05-26-173133,0.04990372584250455
16,client5,maurits-dijk-f92037faclient51-jfh7j,hfl-train,828.9120000000003,exp1,5,120,1000.0,10,10-05-26-155156,0.030677800696362445
16,client5,maurits-dijk-f92037faclient51-jfh7j,hfl-train-model,770.8379999999997,exp1,5,120,1000.0,10,10-05-26-155156,0.03498108592037433
18,client5,maurits-dijk-f92037faclient51-jfh7j,sidecar,746.1089999999986,exp1,5,120,1000.0,10,10-05-26-155156,0.04758581995000685
18,client6,client6-785d875985-5dsl9,client6,984.4409999999988,exp1,5,120,1000.0,10,08-05-26-173133,0.05716263524470919
18,client6,client6-785d875985-5dsl9,linkerd-proxy,984.1110000000008,exp1,5,120,1000.0,10,08-05-26-173133,0.0571597134566694
18,client6,client6-785d875985-5dsl9,sidecar,981.768,exp1,5,120,1000.0,10,08-05-26-173133,0.057243763146789084
12,client6,client6-785d875985-stphf,client6,918.2970000000004,exp1,5,120,1000.0,10,09-05-26-191151,0.03678334786099849
12,client6,client6-785d875985-stphf,linkerd-proxy,918.1320000000014,exp1,5,120,1000.0,10,09-05-26-191151,0.036821848913189126
12,client6,client6-785d875985-stphf,sidecar,882.0509999999995,exp1,5,120,1000.0,10,09-05-26-191151,0.04414338250907229
23,client6,client6-785d875985-zg7lw,client6,892.1280000000006,exp1,5,120,1000.0,10,10-05-26-155156,0.0354764284126812
23,client6,client6-785d875985-zg7lw,linkerd-proxy,892.007999999998,exp1,5,120,1000.0,10,10-05-26-155156,0.03549517665005095
23,client6,client6-785d875985-zg7lw,sidecar,889.5120000000024,exp1,5,120,1000.0,10,10-05-26-155156,0.03548569742734142
13,client7,client7-544486cc98-8wlxh,client7,975.7980000000008,exp1,5,120,1000.0,10,09-05-26-191151,0.044988139166207614
13,client7,client7-544486cc98-8wlxh,linkerd-proxy,975.8279999999996,exp1,5,120,1000.0,10,09-05-26-191151,0.045025561947908355
13,client7,client7-544486cc98-8wlxh,sidecar,974.2710000000006,exp1,5,120,1000.0,10,09-05-26-191151,0.04505751370320854
2,client7,client7-544486cc98-96dns,client7,915.492,exp1,5,120,1000.0,10,10-05-26-155156,0.043343452937480875
2,client7,client7-544486cc98-96dns,linkerd-proxy,914.9339999999996,exp1,5,120,1000.0,10,10-05-26-155156,0.04331194383236334
2,client7,client7-544486cc98-96dns,sidecar,913.6349999999998,exp1,5,120,1000.0,10,10-05-26-155156,0.04335589902644907
5,client7,client7-544486cc98-dwqkj,client7,955.8179999999992,exp1,5,120,1000.0,10,08-05-26-173133,0.04805115758499895
5,client7,client7-544486cc98-dwqkj,linkerd-proxy,955.4130000000004,exp1,5,120,1000.0,10,08-05-26-173133,0.04805588205744535
5,client7,client7-544486cc98-dwqkj,sidecar,954.1139999999996,exp1,5,120,1000.0,10,08-05-26-173133,0.048104011978329475
19,client8,client8-5845965f99-h674h,client8,949.812,exp1,5,120,1000.0,10,09-05-26-191151,0.04119315459008405
19,client8,client8-5845965f99-h674h,linkerd-proxy,949.6170000000002,exp1,5,120,1000.0,10,09-05-26-191151,0.04124242118750823
19,client8,client8-5845965f99-h674h,sidecar,948.0599999999996,exp1,5,120,1000.0,10,09-05-26-191151,0.057174952760283504
0,client8,client8-5845965f99-j2l2m,client8,961.854,exp1,5,120,1000.0,10,10-05-26-155156,0.04989960384442049
0,client8,client8-5845965f99-j2l2m,linkerd-proxy,961.326,exp1,5,120,1000.0,10,10-05-26-155156,0.04987138166044264
22,client8,client8-5845965f99-j2l2m,sidecar,918.0420000000032,exp1,5,120,1000.0,10,10-05-26-155156,0.05187586439264441
13,client8,client8-5845965f99-r4gdg,client8,867.264000000001,exp1,5,120,1000.0,10,08-05-26-173133,0.030571289753902497
13,client8,client8-5845965f99-r4gdg,linkerd-proxy,866.8740000000016,exp1,5,120,1000.0,10,08-05-26-173133,0.03056044941820016
22,client8,client8-5845965f99-r4gdg,sidecar,827.9279999999999,exp1,5,120,1000.0,10,08-05-26-173133,0.045750230447289375
20,client9,client9-d68fb99b4-fhpl8,client9,865.3140000000003,exp1,5,120,1000.0,10,09-05-26-191151,0.04377337263339107
20,client9,client9-d68fb99b4-fhpl8,linkerd-proxy,864.5370000000021,exp1,5,120,1000.0,10,09-05-26-191151,0.04398800894395399
20,client9,client9-d68fb99b4-fhpl8,sidecar,795.9840000000004,exp1,5,120,1000.0,10,09-05-26-191151,0.05915261134827199
21,client9,client9-d68fb99b4-qdtjk,client9,863.4899999999998,exp1,5,120,1000.0,10,08-05-26-173133,0.047286518914604114
21,client9,client9-d68fb99b4-qdtjk,linkerd-proxy,864.0149999999994,exp1,5,120,1000.0,10,08-05-26-173133,0.04790616149627375
21,client9,client9-d68fb99b4-qdtjk,sidecar,821.7450000000008,exp1,5,120,1000.0,10,08-05-26-173133,0.07929063417946089
18,client9,client9-d68fb99b4-r2vz8,client9,850.2630000000008,exp1,5,120,1000.0,10,10-05-26-155156,0.04441773373465896
18,client9,client9-d68fb99b4-r2vz8,linkerd-proxy,850.0980000000018,exp1,5,120,1000.0,10,10-05-26-155156,0.04478779000898439
18,client9,client9-d68fb99b4-r2vz8,sidecar,790.5720000000001,exp1,5,120,1000.0,10,10-05-26-155156,0.04110063077667886
20,client9,maurits-dijk-38de2afcclient91-kqj2j,hfl-train,930.1800000000004,exp1,5,120,1000.0,10,09-05-26-191151,0.04083419114369469
20,client9,maurits-dijk-38de2afcclient91-kqj2j,hfl-train-model,859.1670000000013,exp1,5,120,1000.0,10,09-05-26-191151,0.044255946703759375
20,client9,maurits-dijk-38de2afcclient91-kqj2j,sidecar,789.8940000000002,exp1,5,120,1000.0,10,09-05-26-191151,0.05221954160738271
21,client9,maurits-dijk-45546096client91-r4dwh,hfl-train,918.3269999999992,exp1,5,120,1000.0,10,08-05-26-173133,0.0422321515371909
21,client9,maurits-dijk-45546096client91-r4dwh,hfl-train-model,858.5339999999978,exp1,5,120,1000.0,10,08-05-26-173133,0.04812673874067144
24,client9,maurits-dijk-45546096client91-r4dwh,sidecar,724.0770000000011,exp1,5,120,1000.0,10,08-05-26-173133,0.05669319503241055
18,client9,maurits-dijk-f92037faclient91-bvpxp,hfl-train,904.7610000000004,exp1,5,120,1000.0,10,10-05-26-155156,0.03913056417793573
18,client9,maurits-dijk-f92037faclient91-bvpxp,hfl-train-model,844.8599999999988,exp1,5,120,1000.0,10,10-05-26-155156,0.04521165527059082
18,client9,maurits-dijk-f92037faclient91-bvpxp,sidecar,787.1010000000006,exp1,5,120,1000.0,10,10-05-26-155156,0.0800047525481418
4,orchestrator,orchestrator-555f7b7c9d-bzmv7,linkerd-proxy,331.0229999999999,exp1,5,120,1000.0,10,10-05-26-155156,0.02395126515225371
8,orchestrator,orchestrator-555f7b7c9d-bzmv7,orchestrator,339.4860000000001,exp1,5,120,1000.0,10,10-05-26-155156,0.09472488435510629
2,orchestrator,orchestrator-555f7b7c9d-bzmv7,sidecar,249.87,exp1,5,120,1000.0,10,10-05-26-155156,0.0525800062304925
0,orchestrator,orchestrator-555f7b7c9d-hqbkn,linkerd-proxy,426.054,exp1,5,120,1000.0,10,09-05-26-191151,0.0292505762237093
19,orchestrator,orchestrator-555f7b7c9d-hqbkn,orchestrator,322.77900000000045,exp1,5,120,1000.0,10,09-05-26-191151,0.06298710297199436
5,orchestrator,orchestrator-555f7b7c9d-hqbkn,sidecar,411.39300000000026,exp1,5,120,1000.0,10,09-05-26-191151,0.04030606995246719
3,orchestrator,orchestrator-555f7b7c9d-lvg6s,linkerd-proxy,426.885,exp1,5,120,1000.0,10,08-05-26-173133,0.03420581116735791
21,orchestrator,orchestrator-555f7b7c9d-lvg6s,orchestrator,164.3729999999996,exp1,5,120,1000.0,10,08-05-26-173133,0.06559715062704635
0,orchestrator,orchestrator-555f7b7c9d-lvg6s,sidecar,226.59,exp1,5,120,1000.0,10,08-05-26-173133,0.05554514577035127
0,orchestrator,policy-enforcer-cb8dccbd8-9n2w2,linkerd-proxy,425.991,exp1,5,120,1000.0,10,09-05-26-191151,0.029262309297058336
18,orchestrator,policy-enforcer-cb8dccbd8-9n2w2,policy-enforcer,157.1940000000004,exp1,5,120,1000.0,10,09-05-26-191151,0.044875009158203694
1,orchestrator,policy-enforcer-cb8dccbd8-9n2w2,sidecar,217.065,exp1,5,120,1000.0,10,09-05-26-191151,0.06868586173615332
4,orchestrator,policy-enforcer-cb8dccbd8-n2mvm,linkerd-proxy,330.9179999999999,exp1,5,120,1000.0,10,10-05-26-155156,0.023978651118267913
4,orchestrator,policy-enforcer-cb8dccbd8-n2mvm,policy-enforcer,259.245,exp1,5,120,1000.0,10,10-05-26-155156,0.0252353007072246
22,orchestrator,policy-enforcer-cb8dccbd8-n2mvm,sidecar,420.1769999999988,exp1,5,120,1000.0,10,10-05-26-155156,0.045755131661801146
3,orchestrator,policy-enforcer-cb8dccbd8-r6vvp,linkerd-proxy,426.885,exp1,5,120,1000.0,10,08-05-26-173133,0.034195343166112446
20,orchestrator,policy-enforcer-cb8dccbd8-r6vvp,policy-enforcer,338.451,exp1,5,120,1000.0,10,08-05-26-173133,0.07663104621034181
11,orchestrator,policy-enforcer-cb8dccbd8-r6vvp,sidecar,394.743,exp1,5,120,1000.0,10,08-05-26-173133,0.04189427364096557
19,server,maurits-dijk-38de2afcserver1-zkgsb,hfl-train,597.75,exp1,5,120,1000.0,10,09-05-26-191151,0.031012748734738083
19,server,maurits-dijk-38de2afcserver1-zkgsb,hfl-train-model,945.4379999999984,exp1,5,120,1000.0,10,09-05-26-191151,0.02875054189403589
21,server,maurits-dijk-38de2afcserver1-zkgsb,sidecar,458.5980000000018,exp1,5,120,1000.0,10,09-05-26-191151,0.03777867239249974
17,server,maurits-dijk-45546096server1-2b749,hfl-train,589.0019999999986,exp1,5,120,1000.0,10,08-05-26-173133,0.029435701797949826
17,server,maurits-dijk-45546096server1-2b749,hfl-train-model,946.391999999998,exp1,5,120,1000.0,10,08-05-26-173133,0.027947769916839393
17,server,maurits-dijk-45546096server1-2b749,sidecar,563.9220000000005,exp1,5,120,1000.0,10,08-05-26-173133,0.05055459012617208
24,server,maurits-dijk-f92037faserver1-nfgbz,hfl-train,626.7120000000014,exp1,5,120,1000.0,10,10-05-26-155156,0.03774750765133561
23,server,maurits-dijk-f92037faserver1-nfgbz,hfl-train-model,987.5699999999996,exp1,5,120,1000.0,10,10-05-26-155156,0.03506307401874956
24,server,maurits-dijk-f92037faserver1-nfgbz,sidecar,628.4099999999999,exp1,5,120,1000.0,10,10-05-26-155156,0.060842146399121944
19,server,server-656f98b57f-6v29x,linkerd-proxy,603.521999999999,exp1,5,120,1000.0,10,09-05-26-191151,0.031342510585760264
19,server,server-656f98b57f-6v29x,server,618.363000000003,exp1,5,120,1000.0,10,09-05-26-191151,0.030097159603079487
18,server,server-656f98b57f-6v29x,sidecar,388.464,exp1,5,120,1000.0,10,09-05-26-191151,0.03409810512364786
17,server,server-656f98b57f-dr9f4,linkerd-proxy,593.2949999999983,exp1,5,120,1000.0,10,08-05-26-173133,0.02927867703151718
17,server,server-656f98b57f-dr9f4,server,607.482,exp1,5,120,1000.0,10,08-05-26-173133,0.02750915832437356
22,server,server-656f98b57f-dr9f4,sidecar,579.4740000000002,exp1,5,120,1000.0,10,08-05-26-173133,0.057784068636133334
24,server,server-656f98b57f-mr5xc,linkerd-proxy,630.0389999999989,exp1,5,120,1000.0,10,10-05-26-155156,0.03717173089583048
24,server,server-656f98b57f-mr5xc,server,647.0460000000003,exp1,5,120,1000.0,10,10-05-26-155156,0.036150614199018494
24,server,server-656f98b57f-mr5xc,sidecar,606.6750000000011,exp1,5,120,1000.0,10,10-05-26-155156,0.05278962660666439
2,api-gateway,api-gateway-6bf76d45b7-dxvn8,api-gateway,446.253,exp1,5,150,1000.0,10,08-05-26-184420,0.03332764792631898
2,api-gateway,api-gateway-6bf76d45b7-dxvn8,linkerd-proxy,445.6530000000001,exp1,5,150,1000.0,10,08-05-26-184420,0.032179744646116254
3,api-gateway,api-gateway-6bf76d45b7-dxvn8,sidecar,227.06699999999972,exp1,5,150,1000.0,10,08-05-26-184420,0.06058884971741896
21,api-gateway,api-gateway-6bf76d45b7-ll5ph,api-gateway,441.52199999999993,exp1,5,150,1000.0,10,09-05-26-202436,0.03299149000338558
21,api-gateway,api-gateway-6bf76d45b7-ll5ph,linkerd-proxy,433.04100000000017,exp1,5,150,1000.0,10,09-05-26-202436,0.028553230489713644
6,api-gateway,api-gateway-6bf76d45b7-ll5ph,sidecar,211.6709999999996,exp1,5,150,1000.0,10,09-05-26-202436,0.06854574537557712
15,api-gateway,api-gateway-6bf76d45b7-s8qqx,api-gateway,442.72499999999945,exp1,5,150,1000.0,10,10-05-26-170501,0.026393037861301094
23,api-gateway,api-gateway-6bf76d45b7-s8qqx,linkerd-proxy,438.7350000000006,exp1,5,150,1000.0,10,10-05-26-170501,0.02778735324008169
2,api-gateway,api-gateway-6bf76d45b7-s8qqx,sidecar,245.481,exp1,5,150,1000.0,10,10-05-26-170501,0.049864020793853575
17,client1,client1-7b9db886dd-6wq5t,client1,813.1709999999985,exp1,5,150,1000.0,10,10-05-26-170501,0.03479062000068911
17,client1,client1-7b9db886dd-6wq5t,linkerd-proxy,813.5699999999997,exp1,5,150,1000.0,10,10-05-26-170501,0.035131307178372984
17,client1,client1-7b9db886dd-6wq5t,sidecar,808.6650000000009,exp1,5,150,1000.0,10,10-05-26-170501,0.049543191712564355
24,client1,client1-7b9db886dd-gjs5m,client1,838.8719999999958,exp1,5,150,1000.0,10,08-05-26-184420,0.0390103165504844
24,client1,client1-7b9db886dd-gjs5m,linkerd-proxy,838.5299999999952,exp1,5,150,1000.0,10,08-05-26-184420,0.03909473919412207
9,client1,client1-7b9db886dd-gjs5m,sidecar,786.155999999999,exp1,5,150,1000.0,10,08-05-26-184420,0.04476360278763275
14,client1,client1-7b9db886dd-xvf2k,client1,846.1139999999996,exp1,5,150,1000.0,10,09-05-26-202436,0.04800919860660169
14,client1,client1-7b9db886dd-xvf2k,linkerd-proxy,843.3420000000006,exp1,5,150,1000.0,10,09-05-26-202436,0.04785259193574157
14,client1,client1-7b9db886dd-xvf2k,sidecar,764.7659999999996,exp1,5,150,1000.0,10,09-05-26-202436,0.04733131099708193
14,client1,maurits-dijk-17694accclient11-cnnjf,hfl-train,891.9209999999985,exp1,5,150,1000.0,10,09-05-26-202436,0.04348190230235721
14,client1,maurits-dijk-17694accclient11-cnnjf,hfl-train-model,836.6610000000001,exp1,5,150,1000.0,10,09-05-26-202436,0.04816711417779074
11,client1,maurits-dijk-17694accclient11-cnnjf,sidecar,737.6459999999988,exp1,5,150,1000.0,10,09-05-26-202436,0.07669355404615746
24,client1,maurits-dijk-55508128client11-jxfm9,hfl-train,881.0820000000022,exp1,5,150,1000.0,10,08-05-26-184420,0.03540129042844156
24,client1,maurits-dijk-55508128client11-jxfm9,hfl-train-model,832.5480000000025,exp1,5,150,1000.0,10,08-05-26-184420,0.039362821054552855
24,client1,maurits-dijk-55508128client11-jxfm9,sidecar,780.1740000000009,exp1,5,150,1000.0,10,08-05-26-184420,0.09613707359746584
17,client1,maurits-dijk-748e5a7fclient11-xdn7r,hfl-train,858.3960000000006,exp1,5,150,1000.0,10,10-05-26-170501,0.03245400277810989
17,client1,maurits-dijk-748e5a7fclient11-xdn7r,hfl-train-model,807.8999999999996,exp1,5,150,1000.0,10,10-05-26-170501,0.035441718314609794
22,client1,maurits-dijk-748e5a7fclient11-xdn7r,sidecar,740.2740000000013,exp1,5,150,1000.0,10,10-05-26-170501,0.055245970872134176
20,client10,client10-694b6b97b4-9xzjd,client10,854.5799999999999,exp1,5,150,1000.0,10,10-05-26-170501,0.038045805530518284
20,client10,client10-694b6b97b4-9xzjd,linkerd-proxy,854.2199999999993,exp1,5,150,1000.0,10,10-05-26-170501,0.03797201470607259
20,client10,client10-694b6b97b4-9xzjd,sidecar,818.6820000000025,exp1,5,150,1000.0,10,10-05-26-170501,0.0593670706311043
5,client10,client10-694b6b97b4-mrcqs,client10,866.3820000000001,exp1,5,150,1000.0,10,08-05-26-184420,0.029553106076021685
5,client10,client10-694b6b97b4-mrcqs,linkerd-proxy,866.2739999999994,exp1,5,150,1000.0,10,08-05-26-184420,0.02955182986896282
9,client10,client10-694b6b97b4-mrcqs,sidecar,544.2179999999998,exp1,5,150,1000.0,10,08-05-26-184420,0.05252129179666348
4,client10,client10-694b6b97b4-xm8r6,client10,956.8049999999998,exp1,5,150,1000.0,10,09-05-26-202436,0.04469294700406065
4,client10,client10-694b6b97b4-xm8r6,linkerd-proxy,956.6790000000004,exp1,5,150,1000.0,10,09-05-26-202436,0.044677029704743576
12,client10,client10-694b6b97b4-xm8r6,sidecar,840.0810000000001,exp1,5,150,1000.0,10,09-05-26-202436,0.046489295958670435
6,client11,client11-565c48c7c7-699rl,client11,861.7949999999992,exp1,5,150,1000.0,10,10-05-26-170501,0.03490752903756761
6,client11,client11-565c48c7c7-699rl,linkerd-proxy,861.5639999999994,exp1,5,150,1000.0,10,10-05-26-170501,0.03493103601210368
6,client11,client11-565c48c7c7-699rl,sidecar,785.4480000000003,exp1,5,150,1000.0,10,10-05-26-170501,0.044341232519930274
16,client11,client11-565c48c7c7-6lggr,client11,967.116,exp1,5,150,1000.0,10,08-05-26-184420,0.05203518343592953
16,client11,client11-565c48c7c7-6lggr,linkerd-proxy,966.7890000000008,exp1,5,150,1000.0,10,08-05-26-184420,0.05201932896623285
9,client11,client11-565c48c7c7-6lggr,sidecar,839.6700000000001,exp1,5,150,1000.0,10,08-05-26-184420,0.04426939759472989
20,client11,client11-565c48c7c7-dvwnv,client11,899.3430000000008,exp1,5,150,1000.0,10,09-05-26-202436,0.03949302197019797
20,client11,client11-565c48c7c7-dvwnv,linkerd-proxy,899.2950000000019,exp1,5,150,1000.0,10,09-05-26-202436,0.039532193043148534
20,client11,client11-565c48c7c7-dvwnv,sidecar,859.3200000000015,exp1,5,150,1000.0,10,09-05-26-202436,0.05795215630113831
24,client12,client12-79bc8d5846-8g2js,client12,997.1399999999994,exp1,5,150,1000.0,10,08-05-26-184420,0.05784779849911936
24,client12,client12-79bc8d5846-8g2js,linkerd-proxy,997.0170000000036,exp1,5,150,1000.0,10,08-05-26-184420,0.057853496499771395
24,client12,client12-79bc8d5846-8g2js,sidecar,995.4629999999996,exp1,5,150,1000.0,10,08-05-26-184420,0.05798445732094351
8,client12,client12-79bc8d5846-8n4gs,client12,926.2199999999992,exp1,5,150,1000.0,10,10-05-26-170501,0.03911521490138292
8,client12,client12-79bc8d5846-8n4gs,linkerd-proxy,925.9679999999998,exp1,5,150,1000.0,10,10-05-26-170501,0.0390864042524981
15,client12,client12-79bc8d5846-8n4gs,sidecar,480.0659999999989,exp1,5,150,1000.0,10,10-05-26-170501,0.061824000392571465
17,client12,client12-79bc8d5846-fqx89,client12,907.3739999999998,exp1,5,150,1000.0,10,09-05-26-202436,0.04801266514415484
17,client12,client12-79bc8d5846-fqx89,linkerd-proxy,907.4159999999991,exp1,5,150,1000.0,10,09-05-26-202436,0.04803337346380082
5,client12,client12-79bc8d5846-fqx89,sidecar,781.8840000000005,exp1,5,150,1000.0,10,09-05-26-202436,0.04371091113060374
9,client13,client13-7bf86f4f87-7p4vb,client13,828.8640000000005,exp1,5,150,1000.0,10,09-05-26-202436,0.03845736454171078
9,client13,client13-7bf86f4f87-7p4vb,linkerd-proxy,825.6060000000007,exp1,5,150,1000.0,10,09-05-26-202436,0.038888382403132526
20,client13,client13-7bf86f4f87-7p4vb,sidecar,761.1479999999992,exp1,5,150,1000.0,10,09-05-26-202436,0.044786065744668674
6,client13,client13-7bf86f4f87-cvdrk,client13,804.1530000000002,exp1,5,150,1000.0,10,10-05-26-170501,0.034128006160349916
6,client13,client13-7bf86f4f87-cvdrk,linkerd-proxy,800.1149999999998,exp1,5,150,1000.0,10,10-05-26-170501,0.03417678862889817
17,client13,client13-7bf86f4f87-cvdrk,sidecar,738.2369999999992,exp1,5,150,1000.0,10,10-05-26-170501,0.04017576115538271
21,client13,client13-7bf86f4f87-g8pqk,client13,823.728000000001,exp1,5,150,1000.0,10,08-05-26-184420,0.030053827600919014
21,client13,client13-7bf86f4f87-g8pqk,linkerd-proxy,818.6579999999994,exp1,5,150,1000.0,10,08-05-26-184420,0.029841582400501693
21,client13,client13-7bf86f4f87-g8pqk,sidecar,779.2439999999988,exp1,5,150,1000.0,10,08-05-26-184420,0.04300309979272818
9,client13,maurits-dijk-17694accclient131-bs9ft,hfl-train,891.8429999999998,exp1,5,150,1000.0,10,09-05-26-202436,0.03455761028040297
9,client13,maurits-dijk-17694accclient131-bs9ft,hfl-train-model,821.8379999999997,exp1,5,150,1000.0,10,09-05-26-202436,0.03902123317525777
2,client13,maurits-dijk-17694accclient131-bs9ft,sidecar,344.97900000000004,exp1,5,150,1000.0,10,09-05-26-202436,0.0657365950980491
21,client13,maurits-dijk-55508128client131-h69mf,hfl-train,889.3170000000027,exp1,5,150,1000.0,10,08-05-26-184420,0.027813906237055985
21,client13,maurits-dijk-55508128client131-h69mf,hfl-train-model,815.1900000000005,exp1,5,150,1000.0,10,08-05-26-184420,0.029977165074789536
19,client13,maurits-dijk-55508128client131-h69mf,sidecar,783.0509999999995,exp1,5,150,1000.0,10,08-05-26-184420,0.03531487588878812
6,client13,maurits-dijk-748e5a7fclient131-b7std,hfl-train,865.527,exp1,5,150,1000.0,10,10-05-26-170501,0.031210790943813904
6,client13,maurits-dijk-748e5a7fclient131-b7std,hfl-train-model,796.6469999999999,exp1,5,150,1000.0,10,10-05-26-170501,0.03434338592640776
11,client13,maurits-dijk-748e5a7fclient131-b7std,sidecar,412.6859999999997,exp1,5,150,1000.0,10,10-05-26-170501,0.0527181660915057
12,client14,client14-856b5b5576-2hjx2,client14,904.839,exp1,5,150,1000.0,10,09-05-26-202436,0.03808579209473523
12,client14,client14-856b5b5576-2hjx2,linkerd-proxy,904.5509999999996,exp1,5,150,1000.0,10,09-05-26-202436,0.03808427223315983
12,client14,client14-856b5b5576-2hjx2,sidecar,902.7450000000008,exp1,5,150,1000.0,10,09-05-26-202436,0.03810034598233958
1,client14,client14-856b5b5576-65phs,client14,910.9260000000002,exp1,5,150,1000.0,10,10-05-26-170501,0.04185651756494507
1,client14,client14-856b5b5576-65phs,linkerd-proxy,910.671,exp1,5,150,1000.0,10,10-05-26-170501,0.04187355365368797
1,client14,client14-856b5b5576-65phs,sidecar,909.0269999999998,exp1,5,150,1000.0,10,10-05-26-170501,0.04190735573961654
12,client14,client14-856b5b5576-67sh4,client14,935.0699999999996,exp1,5,150,1000.0,10,08-05-26-184420,0.04225498357160867
12,client14,client14-856b5b5576-67sh4,linkerd-proxy,934.9050000000008,exp1,5,150,1000.0,10,08-05-26-184420,0.04227292236771274
12,client14,client14-856b5b5576-67sh4,sidecar,933.2430000000004,exp1,5,150,1000.0,10,08-05-26-184420,0.042315634104853894
5,client15,client15-79c969ddf-2h8bf,client15,903.1290000000008,exp1,5,150,1000.0,10,10-05-26-170501,0.036786518688199876
5,client15,client15-79c969ddf-2h8bf,linkerd-proxy,902.7660000000004,exp1,5,150,1000.0,10,10-05-26-170501,0.036772773827231486
5,client15,client15-79c969ddf-2h8bf,sidecar,901.317,exp1,5,150,1000.0,10,10-05-26-170501,0.03681252361692322
21,client15,client15-79c969ddf-nf6nx,client15,935.4240000000008,exp1,5,150,1000.0,10,09-05-26-202436,0.04750937751532766
21,client15,client15-79c969ddf-nf6nx,linkerd-proxy,935.1329999999998,exp1,5,150,1000.0,10,09-05-26-202436,0.04750281884037147
21,client15,client15-79c969ddf-nf6nx,sidecar,933.6900000000004,exp1,5,150,1000.0,10,09-05-26-202436,0.04756733095824209
23,client15,client15-79c969ddf-p66qc,client15,890.211000000003,exp1,5,150,1000.0,10,08-05-26-184420,0.035665875363167954
23,client15,client15-79c969ddf-p66qc,linkerd-proxy,889.9710000000014,exp1,5,150,1000.0,10,08-05-26-184420,0.03568375113201702
23,client15,client15-79c969ddf-p66qc,sidecar,888.4319999999971,exp1,5,150,1000.0,10,08-05-26-184420,0.040343917079351005
11,client16,client16-6dc7f87f54-2tmfj,client16,953.2289999999994,exp1,5,150,1000.0,10,10-05-26-170501,0.04672869846714042
11,client16,client16-6dc7f87f54-2tmfj,linkerd-proxy,952.9499999999988,exp1,5,150,1000.0,10,10-05-26-170501,0.04671957756277381
11,client16,client16-6dc7f87f54-2tmfj,sidecar,951.146999999999,exp1,5,150,1000.0,10,10-05-26-170501,0.046819576459662754
18,client16,client16-6dc7f87f54-jrssc,client16,902.4779999999972,exp1,5,150,1000.0,10,08-05-26-184420,0.03467591906041251
18,client16,client16-6dc7f87f54-jrssc,linkerd-proxy,902.313,exp1,5,150,1000.0,10,08-05-26-184420,0.03467623027312422
18,client16,client16-6dc7f87f54-jrssc,sidecar,899.9309999999987,exp1,5,150,1000.0,10,08-05-26-184420,0.03465190242374702
24,client16,client16-6dc7f87f54-p5p95,client16,912.1200000000026,exp1,5,150,1000.0,10,09-05-26-202436,0.03941473628623218
24,client16,client16-6dc7f87f54-p5p95,linkerd-proxy,911.7749999999978,exp1,5,150,1000.0,10,09-05-26-202436,0.039370389862229405
24,client16,client16-6dc7f87f54-p5p95,sidecar,909.822,exp1,5,150,1000.0,10,09-05-26-202436,0.03946369929975779
24,client17,client17-69b85b5ccf-7gv2c,client17,815.5169999999998,exp1,5,150,1000.0,10,10-05-26-170501,0.03659954316287742
24,client17,client17-69b85b5ccf-7gv2c,linkerd-proxy,811.9229999999989,exp1,5,150,1000.0,10,10-05-26-170501,0.03671248814019312
10,client17,client17-69b85b5ccf-7gv2c,sidecar,425.48099999999977,exp1,5,150,1000.0,10,10-05-26-170501,0.05423667558914236
18,client17,client17-69b85b5ccf-bs7rb,client17,791.3880000000008,exp1,5,150,1000.0,10,08-05-26-184420,0.031052696593935614
18,client17,client17-69b85b5ccf-bs7rb,linkerd-proxy,788.3760000000002,exp1,5,150,1000.0,10,08-05-26-184420,0.03125076284525899
18,client17,client17-69b85b5ccf-bs7rb,sidecar,768.75,exp1,5,150,1000.0,10,08-05-26-184420,0.04999605619998909
13,client17,client17-69b85b5ccf-bwjrr,client17,766.3499999999985,exp1,5,150,1000.0,10,09-05-26-202436,0.030791488512880577
13,client17,client17-69b85b5ccf-bwjrr,linkerd-proxy,763.2810000000009,exp1,5,150,1000.0,10,09-05-26-202436,0.030870135560083056
14,client17,client17-69b85b5ccf-bwjrr,sidecar,462.70200000000114,exp1,5,150,1000.0,10,09-05-26-202436,0.05050716582748441
13,client17,maurits-dijk-17694accclient171-xgvb6,hfl-train,812.2530000000006,exp1,5,150,1000.0,10,09-05-26-202436,0.028681042254767336
13,client17,maurits-dijk-17694accclient171-xgvb6,hfl-train-model,759.9630000000016,exp1,5,150,1000.0,10,09-05-26-202436,0.031019359705084848
13,client17,maurits-dijk-17694accclient171-xgvb6,sidecar,749.7960000000003,exp1,5,150,1000.0,10,09-05-26-202436,0.05108052818605219
18,client17,maurits-dijk-55508128client171-g8s2z,hfl-train,832.9230000000007,exp1,5,150,1000.0,10,08-05-26-184420,0.028244813693770965
18,client17,maurits-dijk-55508128client171-g8s2z,hfl-train-model,784.8900000000012,exp1,5,150,1000.0,10,08-05-26-184420,0.03139618545808359
17,client17,maurits-dijk-55508128client171-g8s2z,sidecar,333.70800000000054,exp1,5,150,1000.0,10,08-05-26-184420,0.06404640057176741
24,client17,maurits-dijk-748e5a7fclient171-6w4bj,hfl-train,858.1320000000014,exp1,5,150,1000.0,10,10-05-26-170501,0.03357337427148502
24,client17,maurits-dijk-748e5a7fclient171-6w4bj,hfl-train-model,808.6860000000015,exp1,5,150,1000.0,10,10-05-26-170501,0.03682433552426212
24,client17,maurits-dijk-748e5a7fclient171-6w4bj,sidecar,717.2790000000023,exp1,5,150,1000.0,10,10-05-26-170501,0.059338957039587914
20,client18,client18-69db77c748-fqxlb,client18,911.7119999999976,exp1,5,150,1000.0,10,09-05-26-202436,0.04132453482706719
20,client18,client18-69db77c748-fqxlb,linkerd-proxy,911.5710000000016,exp1,5,150,1000.0,10,09-05-26-202436,0.0413404654687535
20,client18,client18-69db77c748-fqxlb,sidecar,909.9599999999992,exp1,5,150,1000.0,10,09-05-26-202436,0.04138254363873142
9,client18,client18-69db77c748-mshg5,client18,902.543999999999,exp1,5,150,1000.0,10,10-05-26-170501,0.035531779353052906
9,client18,client18-69db77c748-mshg5,linkerd-proxy,902.2439999999996,exp1,5,150,1000.0,10,10-05-26-170501,0.03552274009780235
9,client18,client18-69db77c748-mshg5,sidecar,900.7949999999992,exp1,5,150,1000.0,10,10-05-26-170501,0.03558260500815508
16,client18,client18-69db77c748-z8hr8,client18,922.9439999999996,exp1,5,150,1000.0,10,08-05-26-184420,0.03818015085597665
16,client18,client18-69db77c748-z8hr8,linkerd-proxy,922.8060000000004,exp1,5,150,1000.0,10,08-05-26-184420,0.03819698318257744
16,client18,client18-69db77c748-z8hr8,sidecar,921.101999999999,exp1,5,150,1000.0,10,08-05-26-184420,0.038227232637063985
14,client19,client19-56fccdb4d9-jkzvt,client19,919.7909999999991,exp1,5,150,1000.0,10,09-05-26-202436,0.04486222431441847
14,client19,client19-56fccdb4d9-jkzvt,linkerd-proxy,919.7009999999992,exp1,5,150,1000.0,10,09-05-26-202436,0.04489365355284877
14,client19,client19-56fccdb4d9-jkzvt,sidecar,917.9039999999986,exp1,5,150,1000.0,10,09-05-26-202436,0.04491223075978851
19,client19,client19-56fccdb4d9-xfrnd,client19,933.714,exp1,5,150,1000.0,10,10-05-26-170501,0.04618869419006322
19,client19,client19-56fccdb4d9-xfrnd,linkerd-proxy,933.483000000002,exp1,5,150,1000.0,10,10-05-26-170501,0.046178999915963026
19,client19,client19-56fccdb4d9-xfrnd,sidecar,931.9050000000008,exp1,5,150,1000.0,10,10-05-26-170501,0.05912569063817874
5,client19,client19-56fccdb4d9-xkt7t,client19,622.0230000000001,exp1,5,150,1000.0,10,08-05-26-184420,0.039673173942771284
5,client19,client19-56fccdb4d9-xkt7t,linkerd-proxy,621.9630000000006,exp1,5,150,1000.0,10,08-05-26-184420,0.03965680131506666
16,client19,client19-56fccdb4d9-xkt7t,sidecar,925.7909999999991,exp1,5,150,1000.0,10,08-05-26-184420,0.0538839020427094
3,client2,client2-86cd6d8cf7-9kz8v,client2,939.5370000000004,exp1,5,150,1000.0,10,08-05-26-184420,0.049336142283654294
3,client2,client2-86cd6d8cf7-9kz8v,linkerd-proxy,939.408,exp1,5,150,1000.0,10,08-05-26-184420,0.0493543394917311
3,client2,client2-86cd6d8cf7-9kz8v,sidecar,937.803,exp1,5,150,1000.0,10,08-05-26-184420,0.04941653055587389
24,client2,client2-86cd6d8cf7-krxlm,client2,915.6749999999992,exp1,5,150,1000.0,10,10-05-26-170501,0.03970087638093084
24,client2,client2-86cd6d8cf7-krxlm,linkerd-proxy,915.4170000000048,exp1,5,150,1000.0,10,10-05-26-170501,0.03969602222086599
24,client2,client2-86cd6d8cf7-krxlm,sidecar,913.8659999999982,exp1,5,150,1000.0,10,10-05-26-170501,0.03974060685445388
20,client2,client2-86cd6d8cf7-wkjs2,client2,989.7119999999996,exp1,5,150,1000.0,10,09-05-26-202436,0.05610538966566475
20,client2,client2-86cd6d8cf7-wkjs2,linkerd-proxy,989.652,exp1,5,150,1000.0,10,09-05-26-202436,0.05613725357950017
20,client2,client2-86cd6d8cf7-wkjs2,sidecar,987.8549999999996,exp1,5,150,1000.0,10,09-05-26-202436,0.05616933685185613
6,client20,client20-65f8864f77-2fdp8,client20,945.6509999999998,exp1,5,150,1000.0,10,09-05-26-202436,0.04975234169566631
6,client20,client20-65f8864f77-2fdp8,linkerd-proxy,945.3060000000004,exp1,5,150,1000.0,10,09-05-26-202436,0.049732497889750565
6,client20,client20-65f8864f77-2fdp8,sidecar,943.647,exp1,5,150,1000.0,10,09-05-26-202436,0.04976925857590547
12,client20,client20-65f8864f77-dsmw9,client20,912.3449999999992,exp1,5,150,1000.0,10,10-05-26-170501,0.044442658550866904
12,client20,client20-65f8864f77-dsmw9,linkerd-proxy,912.2070000000022,exp1,5,150,1000.0,10,10-05-26-170501,0.044466602889300155
12,client20,client20-65f8864f77-dsmw9,sidecar,910.5809999999984,exp1,5,150,1000.0,10,10-05-26-170501,0.04449245675986735
22,client20,client20-65f8864f77-gghkc,client20,914.6580000000032,exp1,5,150,1000.0,10,08-05-26-184420,0.043007975146148236
22,client20,client20-65f8864f77-gghkc,linkerd-proxy,914.5620000000016,exp1,5,150,1000.0,10,08-05-26-184420,0.04302826600865975
22,client20,client20-65f8864f77-gghkc,sidecar,912.7590000000018,exp1,5,150,1000.0,10,08-05-26-184420,0.04303400926978457
20,client3,client3-58c68898cd-2xzwd,client3,889.8209999999999,exp1,5,150,1000.0,10,09-05-26-202436,0.033801117838962724
20,client3,client3-58c68898cd-2xzwd,linkerd-proxy,889.9259999999995,exp1,5,150,1000.0,10,09-05-26-202436,0.033848154558229926
20,client3,client3-58c68898cd-2xzwd,sidecar,887.6129999999994,exp1,5,150,1000.0,10,09-05-26-202436,0.033899376662184594
24,client3,client3-58c68898cd-dtz8v,client3,886.9770000000026,exp1,5,150,1000.0,10,08-05-26-184420,0.03357115358439958
24,client3,client3-58c68898cd-dtz8v,linkerd-proxy,887.0369999999966,exp1,5,150,1000.0,10,08-05-26-184420,0.033597244794715514
24,client3,client3-58c68898cd-dtz8v,sidecar,884.4629999999997,exp1,5,150,1000.0,10,08-05-26-184420,0.03360028116584238
24,client3,client3-58c68898cd-zk9gx,client3,909.6900000000024,exp1,5,150,1000.0,10,10-05-26-170501,0.04094776758712146
24,client3,client3-58c68898cd-zk9gx,linkerd-proxy,909.6750000000028,exp1,5,150,1000.0,10,10-05-26-170501,0.04096989731976092
24,client3,client3-58c68898cd-zk9gx,sidecar,907.2360000000008,exp1,5,150,1000.0,10,10-05-26-170501,0.04102790524821592
3,client4,client4-744474fb99-gzrvn,client4,894.9059999999995,exp1,5,150,1000.0,10,08-05-26-184420,0.03541518879630012
3,client4,client4-744474fb99-gzrvn,linkerd-proxy,894.7380000000003,exp1,5,150,1000.0,10,08-05-26-184420,0.03539830027952459
3,client4,client4-744474fb99-gzrvn,sidecar,892.5239999999999,exp1,5,150,1000.0,10,08-05-26-184420,0.0354826843756432
24,client4,client4-744474fb99-k95jg,client4,995.8619999999974,exp1,5,150,1000.0,10,10-05-26-170501,0.06090238576185028
24,client4,client4-744474fb99-k95jg,linkerd-proxy,995.787000000004,exp1,5,150,1000.0,10,10-05-26-170501,0.060918619361354204
24,client4,client4-744474fb99-k95jg,sidecar,993.3389999999964,exp1,5,150,1000.0,10,10-05-26-170501,0.06100587737555058
4,client4,client4-744474fb99-sff54,client4,968.2709999999992,exp1,5,150,1000.0,10,09-05-26-202436,0.04704951922910883
4,client4,client4-744474fb99-sff54,linkerd-proxy,968.406,exp1,5,150,1000.0,10,09-05-26-202436,0.04712452527549607
4,client4,client4-744474fb99-sff54,sidecar,965.8799999999997,exp1,5,150,1000.0,10,09-05-26-202436,0.04706185346261843
19,client5,client5-7d5ff7f8b4-g7kqm,client5,828.1979999999985,exp1,5,150,1000.0,10,09-05-26-202436,0.04475550973278564
19,client5,client5-7d5ff7f8b4-g7kqm,linkerd-proxy,826.9019999999982,exp1,5,150,1000.0,10,09-05-26-202436,0.04550116212312966
19,client5,client5-7d5ff7f8b4-g7kqm,sidecar,727.5599999999995,exp1,5,150,1000.0,10,09-05-26-202436,0.04925877946942736
8,client5,client5-7d5ff7f8b4-khgb7,client5,782.1539999999995,exp1,5,150,1000.0,10,10-05-26-170501,0.03222052329348063
8,client5,client5-7d5ff7f8b4-khgb7,linkerd-proxy,780.1800000000003,exp1,5,150,1000.0,10,10-05-26-170501,0.032689789449666606
1,client5,client5-7d5ff7f8b4-khgb7,sidecar,465.03,exp1,5,150,1000.0,10,10-05-26-170501,0.0439848983466527
1,client5,client5-7d5ff7f8b4-v2mg4,client5,842.052,exp1,5,150,1000.0,10,08-05-26-184420,0.048289535961278385
1,client5,client5-7d5ff7f8b4-v2mg4,linkerd-proxy,837.8819999999998,exp1,5,150,1000.0,10,08-05-26-184420,0.048334349832854645
5,client5,client5-7d5ff7f8b4-v2mg4,sidecar,436.2030000000004,exp1,5,150,1000.0,10,08-05-26-184420,0.04712375632026572
19,client5,maurits-dijk-17694accclient51-t8j7b,hfl-train,871.3889999999992,exp1,5,150,1000.0,10,09-05-26-202436,0.041092649477058735
19,client5,maurits-dijk-17694accclient51-t8j7b,hfl-train-model,824.1180000000004,exp1,5,150,1000.0,10,09-05-26-202436,0.04564117795538419
5,client5,maurits-dijk-17694accclient51-t8j7b,sidecar,714.0060000000003,exp1,5,150,1000.0,10,09-05-26-202436,0.04646376360679355
1,client5,maurits-dijk-55508128client51-b2k9d,hfl-train,881.136,exp1,5,150,1000.0,10,08-05-26-184420,0.044647150237380834
1,client5,maurits-dijk-55508128client51-b2k9d,hfl-train-model,834.606,exp1,5,150,1000.0,10,08-05-26-184420,0.048380030160065424
1,client5,maurits-dijk-55508128client51-b2k9d,sidecar,803.112,exp1,5,150,1000.0,10,08-05-26-184420,0.06454876741938467
8,client5,maurits-dijk-748e5a7fclient51-vx296,hfl-train,824.1720000000005,exp1,5,150,1000.0,10,10-05-26-170501,0.02963350741023682
8,client5,maurits-dijk-748e5a7fclient51-vx296,hfl-train-model,777.7799999999997,exp1,5,150,1000.0,10,10-05-26-170501,0.03287155641743311
9,client5,maurits-dijk-748e5a7fclient51-vx296,sidecar,501.7110000000002,exp1,5,150,1000.0,10,10-05-26-170501,0.037365878496844224
2,client6,client6-785d875985-jkjpg,client6,890.3010000000002,exp1,5,150,1000.0,10,10-05-26-170501,0.033555034376191006
2,client6,client6-785d875985-jkjpg,linkerd-proxy,889.9529999999997,exp1,5,150,1000.0,10,10-05-26-170501,0.03353975414935878
24,client6,client6-785d875985-jkjpg,sidecar,867.4349999999977,exp1,5,150,1000.0,10,10-05-26-170501,0.041213685574335385
7,client6,client6-785d875985-sxl78,client6,878.4989999999998,exp1,5,150,1000.0,10,09-05-26-202436,0.030723646034550606
7,client6,client6-785d875985-sxl78,linkerd-proxy,878.3339999999989,exp1,5,150,1000.0,10,09-05-26-202436,0.03075902293110966
7,client6,client6-785d875985-sxl78,sidecar,875.8769999999995,exp1,5,150,1000.0,10,09-05-26-202436,0.03072188830817707
13,client6,client6-785d875985-z8cwb,client6,873.9210000000003,exp1,5,150,1000.0,10,08-05-26-184420,0.028706346917972997
13,client6,client6-785d875985-z8cwb,linkerd-proxy,873.8309999999983,exp1,5,150,1000.0,10,08-05-26-184420,0.0287587801863165
13,client6,client6-785d875985-z8cwb,sidecar,871.2239999999983,exp1,5,150,1000.0,10,08-05-26-184420,0.02869566987412983
11,client7,client7-544486cc98-nvh27,client7,928.215000000002,exp1,5,150,1000.0,10,10-05-26-170501,0.0403129114879234
11,client7,client7-544486cc98-nvh27,linkerd-proxy,927.7320000000018,exp1,5,150,1000.0,10,10-05-26-170501,0.040282265558977515
11,client7,client7-544486cc98-nvh27,sidecar,926.3580000000002,exp1,5,150,1000.0,10,10-05-26-170501,0.04029235723139707
18,client7,client7-544486cc98-qvcqs,client7,911.9940000000006,exp1,5,150,1000.0,10,08-05-26-184420,0.0416108434416565
18,client7,client7-544486cc98-qvcqs,linkerd-proxy,911.6579999999994,exp1,5,150,1000.0,10,08-05-26-184420,0.04163679331477915
18,client7,client7-544486cc98-qvcqs,sidecar,910.3080000000008,exp1,5,150,1000.0,10,08-05-26-184420,0.0416488430288226
0,client7,client7-544486cc98-v5lnk,client7,935.682,exp1,5,150,1000.0,10,09-05-26-202436,0.03927822602548789
0,client7,client7-544486cc98-v5lnk,linkerd-proxy,935.034,exp1,5,150,1000.0,10,09-05-26-202436,0.039214211057728654
0,client7,client7-544486cc98-v5lnk,sidecar,933.891,exp1,5,150,1000.0,10,09-05-26-202436,0.03927831466490911
12,client8,client8-5845965f99-2txjw,client8,960.3510000000006,exp1,5,150,1000.0,10,08-05-26-184420,0.047245797241390664
12,client8,client8-5845965f99-2txjw,linkerd-proxy,959.937,exp1,5,150,1000.0,10,08-05-26-184420,0.04724531452727096
12,client8,client8-5845965f99-2txjw,sidecar,958.6650000000008,exp1,5,150,1000.0,10,08-05-26-184420,0.05605537387189263
1,client8,client8-5845965f99-4pvxg,client8,909.9540000000002,exp1,5,150,1000.0,10,10-05-26-170501,0.04123791774923477
1,client8,client8-5845965f99-4pvxg,linkerd-proxy,909.483,exp1,5,150,1000.0,10,10-05-26-170501,0.04122485039392168
10,client8,client8-5845965f99-4pvxg,sidecar,904.8690000000006,exp1,5,150,1000.0,10,10-05-26-170501,0.05070597246065084
18,client8,client8-5845965f99-ktg8g,client8,952.866,exp1,5,150,1000.0,10,09-05-26-202436,0.04954272434186885
18,client8,client8-5845965f99-ktg8g,linkerd-proxy,952.581,exp1,5,150,1000.0,10,09-05-26-202436,0.049587697843955725
18,client8,client8-5845965f99-ktg8g,sidecar,951.0569999999988,exp1,5,150,1000.0,10,09-05-26-202436,0.06146811145058714
15,client9,client9-d68fb99b4-74gcs,client9,833.6550000000007,exp1,5,150,1000.0,10,08-05-26-184420,0.04187410113599141
15,client9,client9-d68fb99b4-74gcs,linkerd-proxy,831.228000000001,exp1,5,150,1000.0,10,08-05-26-184420,0.041668429675692814
3,client9,client9-d68fb99b4-74gcs,sidecar,788.9549999999999,exp1,5,150,1000.0,10,08-05-26-184420,0.046195224032077736
11,client9,client9-d68fb99b4-gcfp6,client9,841.2689999999993,exp1,5,150,1000.0,10,10-05-26-170501,0.03955873854800257
11,client9,client9-d68fb99b4-gcfp6,linkerd-proxy,840.7049999999999,exp1,5,150,1000.0,10,10-05-26-170501,0.040004192194351446
19,client9,client9-d68fb99b4-gcfp6,sidecar,703.5659999999989,exp1,5,150,1000.0,10,10-05-26-170501,0.03737769784313133
19,client9,client9-d68fb99b4-pwhzw,client9,836.0310000000009,exp1,5,150,1000.0,10,09-05-26-202436,0.0381609584078316
19,client9,client9-d68fb99b4-pwhzw,linkerd-proxy,833.0370000000003,exp1,5,150,1000.0,10,09-05-26-202436,0.037828761144867606
5,client9,client9-d68fb99b4-pwhzw,sidecar,753.4679999999998,exp1,5,150,1000.0,10,09-05-26-202436,0.05321869354163214
19,client9,maurits-dijk-17694accclient91-w28cg,hfl-train,884.7450000000008,exp1,5,150,1000.0,10,09-05-26-202436,0.03633654767414174
19,client9,maurits-dijk-17694accclient91-w28cg,hfl-train-model,826.4699999999993,exp1,5,150,1000.0,10,09-05-26-202436,0.037811805021570555
6,client9,maurits-dijk-17694accclient91-w28cg,sidecar,389.8440000000001,exp1,5,150,1000.0,10,09-05-26-202436,0.0646421922858548
15,client9,maurits-dijk-55508128client91-mr4hs,hfl-train,880.6949999999979,exp1,5,150,1000.0,10,08-05-26-184420,0.03871651419908617
15,client9,maurits-dijk-55508128client91-mr4hs,hfl-train-model,825.0989999999983,exp1,5,150,1000.0,10,08-05-26-184420,0.04184688703839884
13,client9,maurits-dijk-55508128client91-mr4hs,sidecar,729.8459999999995,exp1,5,150,1000.0,10,08-05-26-184420,0.059223727965635964
11,client9,maurits-dijk-748e5a7fclient91-pnjg6,hfl-train,884.607,exp1,5,150,1000.0,10,10-05-26-170501,0.03540964908334729
11,client9,maurits-dijk-748e5a7fclient91-pnjg6,hfl-train-model,835.2029999999995,exp1,5,150,1000.0,10,10-05-26-170501,0.04044259403575884
11,client9,maurits-dijk-748e5a7fclient91-pnjg6,sidecar,762.2999999999993,exp1,5,150,1000.0,10,10-05-26-170501,0.06137231026991291
21,orchestrator,orchestrator-555f7b7c9d-g4gwd,linkerd-proxy,414.1770000000006,exp1,5,150,1000.0,10,09-05-26-202436,0.029832616145759244
21,orchestrator,orchestrator-555f7b7c9d-g4gwd,orchestrator,295.7579999999998,exp1,5,150,1000.0,10,09-05-26-202436,0.09110372835033001
21,orchestrator,orchestrator-555f7b7c9d-g4gwd,sidecar,396.3239999999996,exp1,5,150,1000.0,10,09-05-26-202436,0.04754247859554753
23,orchestrator,orchestrator-555f7b7c9d-kmvgv,linkerd-proxy,420.09600000000137,exp1,5,150,1000.0,10,10-05-26-170501,0.029155699491643816
10,orchestrator,orchestrator-555f7b7c9d-kmvgv,orchestrator,340.5419999999999,exp1,5,150,1000.0,10,10-05-26-170501,0.08628748205348896
2,orchestrator,orchestrator-555f7b7c9d-kmvgv,sidecar,229.3530000000001,exp1,5,150,1000.0,10,10-05-26-170501,0.05623794929876949
2,orchestrator,orchestrator-555f7b7c9d-m4wrn,linkerd-proxy,425.874,exp1,5,150,1000.0,10,08-05-26-184420,0.03323920865403049
23,orchestrator,orchestrator-555f7b7c9d-m4wrn,orchestrator,322.0590000000002,exp1,5,150,1000.0,10,08-05-26-184420,0.04571671651660289
1,orchestrator,orchestrator-555f7b7c9d-m4wrn,sidecar,251.4299999999999,exp1,5,150,1000.0,10,08-05-26-184420,0.05001841910409552
23,orchestrator,policy-enforcer-cb8dccbd8-9brh6,linkerd-proxy,420.1290000000008,exp1,5,150,1000.0,10,10-05-26-170501,0.029161892699746866
20,orchestrator,policy-enforcer-cb8dccbd8-9brh6,policy-enforcer,167.3790000000008,exp1,5,150,1000.0,10,10-05-26-170501,0.06649956004294344
10,orchestrator,policy-enforcer-cb8dccbd8-9brh6,sidecar,400.6320000000005,exp1,5,150,1000.0,10,10-05-26-170501,0.05021046484082847
2,orchestrator,policy-enforcer-cb8dccbd8-p4wb7,linkerd-proxy,425.80500000000006,exp1,5,150,1000.0,10,08-05-26-184420,0.03326006191597855
23,orchestrator,policy-enforcer-cb8dccbd8-p4wb7,policy-enforcer,230.48700000000008,exp1,5,150,1000.0,10,08-05-26-184420,0.03119317356710888
20,orchestrator,policy-enforcer-cb8dccbd8-p4wb7,sidecar,372.2370000000001,exp1,5,150,1000.0,10,08-05-26-184420,0.04972203875183098
21,orchestrator,policy-enforcer-cb8dccbd8-stjhj,linkerd-proxy,414.15900000000056,exp1,5,150,1000.0,10,09-05-26-202436,0.029836839843854296
21,orchestrator,policy-enforcer-cb8dccbd8-stjhj,policy-enforcer,319.8060000000005,exp1,5,150,1000.0,10,09-05-26-202436,0.08968211564948217
21,orchestrator,policy-enforcer-cb8dccbd8-stjhj,sidecar,395.762999999999,exp1,5,150,1000.0,10,09-05-26-202436,0.0635765707008292
6,server,maurits-dijk-17694accserver1-sbmwl,hfl-train,634.0679999999998,exp1,5,150,1000.0,10,09-05-26-202436,0.04310491481721268
6,server,maurits-dijk-17694accserver1-sbmwl,hfl-train-model,965.8319999999994,exp1,5,150,1000.0,10,09-05-26-202436,0.03937858732573188
5,server,maurits-dijk-17694accserver1-sbmwl,sidecar,374.2380000000003,exp1,5,150,1000.0,10,09-05-26-202436,0.03748943024307272
7,server,maurits-dijk-55508128server1-d87rk,hfl-train,581.1060000000007,exp1,5,150,1000.0,10,08-05-26-184420,0.03387469538873053
23,server,maurits-dijk-55508128server1-d87rk,hfl-train-model,724.7490000000034,exp1,5,150,1000.0,10,08-05-26-184420,0.021600235597772938
7,server,maurits-dijk-55508128server1-d87rk,sidecar,487.72800000000007,exp1,5,150,1000.0,10,08-05-26-184420,0.04060881964900595
4,server,maurits-dijk-748e5a7fserver1-2w7c6,hfl-train,630.4140000000002,exp1,5,150,1000.0,10,10-05-26-170501,0.046421839528109715
20,server,maurits-dijk-748e5a7fserver1-2w7c6,hfl-train-model,939.5430000000016,exp1,5,150,1000.0,10,10-05-26-170501,0.03128452764772635
4,server,maurits-dijk-748e5a7fserver1-2w7c6,sidecar,633.807,exp1,5,150,1000.0,10,10-05-26-170501,0.07531950707059987
7,server,server-656f98b57f-54bfh,linkerd-proxy,586.2059999999997,exp1,5,150,1000.0,10,08-05-26-184420,0.03401516006786845
7,server,server-656f98b57f-54bfh,server,601.962,exp1,5,150,1000.0,10,08-05-26-184420,0.03341834206831065
7,server,server-656f98b57f-54bfh,sidecar,559.6169999999997,exp1,5,150,1000.0,10,08-05-26-184420,0.05217460718958983
6,server,server-656f98b57f-kc9w7,linkerd-proxy,639.3299999999999,exp1,5,150,1000.0,10,09-05-26-202436,0.04308622815871921
6,server,server-656f98b57f-kc9w7,server,650.2500000000005,exp1,5,150,1000.0,10,09-05-26-202436,0.04001297247872215
17,server,server-656f98b57f-kc9w7,sidecar,376.0319999999992,exp1,5,150,1000.0,10,09-05-26-202436,0.03976070477157137
4,server,server-656f98b57f-xrcgs,linkerd-proxy,637.8539999999998,exp1,5,150,1000.0,10,10-05-26-170501,0.04715743234629338
4,server,server-656f98b57f-xrcgs,server,652.344,exp1,5,150,1000.0,10,10-05-26-170501,0.044433629102201
20,server,server-656f98b57f-xrcgs,sidecar,562.7310000000016,exp1,5,150,1000.0,10,10-05-26-170501,0.06622919114343817
2,api-gateway,api-gateway-6bf76d45b7-7vkc7,api-gateway,440.073,exp1,5,190,1000.0,10,10-05-26-181748,0.030808053733991286
2,api-gateway,api-gateway-6bf76d45b7-7vkc7,linkerd-proxy,439.2389999999999,exp1,5,190,1000.0,10,10-05-26-181748,0.02866605220546295
13,api-gateway,api-gateway-6bf76d45b7-7vkc7,sidecar,407.2470000000003,exp1,5,190,1000.0,10,10-05-26-181748,0.047177542576195025
11,api-gateway,api-gateway-6bf76d45b7-gfshk,api-gateway,446.7539999999999,exp1,5,190,1000.0,10,09-05-26-213720,0.03707555177944291
0,api-gateway,api-gateway-6bf76d45b7-gfshk,linkerd-proxy,447.312,exp1,5,190,1000.0,10,09-05-26-213720,0.03492151239550853
11,api-gateway,api-gateway-6bf76d45b7-gfshk,sidecar,400.4099999999999,exp1,5,190,1000.0,10,09-05-26-213720,0.05468886314593052
9,api-gateway,api-gateway-6bf76d45b7-w2dj5,api-gateway,435.1529999999998,exp1,5,190,1000.0,10,08-05-26-195705,0.026983841111783508
15,api-gateway,api-gateway-6bf76d45b7-w2dj5,linkerd-proxy,439.84499999999935,exp1,5,190,1000.0,10,08-05-26-195705,0.029758634646847665
0,api-gateway,api-gateway-6bf76d45b7-w2dj5,sidecar,257.163,exp1,5,190,1000.0,10,08-05-26-195705,0.045727896460796474
4,client1,client1-7b9db886dd-r2p8z,client1,837.8879999999999,exp1,5,190,1000.0,10,10-05-26-181748,0.04798613065741142
4,client1,client1-7b9db886dd-r2p8z,linkerd-proxy,838.0379999999996,exp1,5,190,1000.0,10,10-05-26-181748,0.04821001209343062
4,client1,client1-7b9db886dd-r2p8z,sidecar,822.1289999999999,exp1,5,190,1000.0,10,10-05-26-181748,0.06007251181771375
18,client1,client1-7b9db886dd-rjv88,client1,877.5540000000001,exp1,5,190,1000.0,10,09-05-26-213720,0.05186247567276314
18,client1,client1-7b9db886dd-rjv88,linkerd-proxy,878.0820000000003,exp1,5,190,1000.0,10,09-05-26-213720,0.05234995046189042
15,client1,client1-7b9db886dd-rjv88,sidecar,791.5020000000004,exp1,5,190,1000.0,10,09-05-26-213720,0.045880444442865764
14,client1,client1-7b9db886dd-zfmgm,client1,820.2120000000014,exp1,5,190,1000.0,10,08-05-26-195705,0.03655058601734884
14,client1,client1-7b9db886dd-zfmgm,linkerd-proxy,819.3269999999993,exp1,5,190,1000.0,10,08-05-26-195705,0.03661225978444044
20,client1,client1-7b9db886dd-zfmgm,sidecar,757.4070000000011,exp1,5,190,1000.0,10,08-05-26-195705,0.05063886458217515
14,client1,maurits-dijk-2f65a136client11-85r67,hfl-train,853.0200000000004,exp1,5,190,1000.0,10,08-05-26-195705,0.033783969697724264
14,client1,maurits-dijk-2f65a136client11-85r67,hfl-train-model,814.3290000000015,exp1,5,190,1000.0,10,08-05-26-195705,0.03699007417165756
14,client1,maurits-dijk-2f65a136client11-85r67,sidecar,760.3770000000004,exp1,5,190,1000.0,10,08-05-26-195705,0.05602773274739434
18,client1,maurits-dijk-a1ae290bclient11-n9t2l,hfl-train,910.2090000000009,exp1,5,190,1000.0,10,09-05-26-213720,0.047789983190407864
18,client1,maurits-dijk-a1ae290bclient11-n9t2l,hfl-train-model,872.6880000000001,exp1,5,190,1000.0,10,09-05-26-213720,0.05300292661455552
9,client1,maurits-dijk-a1ae290bclient11-n9t2l,sidecar,710.6100000000006,exp1,5,190,1000.0,10,09-05-26-213720,0.03936564615544802
4,client1,maurits-dijk-c62aff21client11-vm8h7,hfl-train,870.1019999999999,exp1,5,190,1000.0,10,10-05-26-181748,0.045377285527767736
4,client1,maurits-dijk-c62aff21client11-vm8h7,hfl-train-model,832.4310000000005,exp1,5,190,1000.0,10,10-05-26-181748,0.048531434415543306
13,client1,maurits-dijk-c62aff21client11-vm8h7,sidecar,394.71,exp1,5,190,1000.0,10,10-05-26-181748,0.054472542214465264
0,client10,client10-694b6b97b4-5j2xl,client10,982.479,exp1,5,190,1000.0,10,09-05-26-213720,0.04685339171531058
0,client10,client10-694b6b97b4-5j2xl,linkerd-proxy,982.374,exp1,5,190,1000.0,10,09-05-26-213720,0.04685428726864188
6,client10,client10-694b6b97b4-5j2xl,sidecar,551.8170000000009,exp1,5,190,1000.0,10,09-05-26-213720,0.042648356862535486
21,client10,client10-694b6b97b4-6gglb,client10,875.4330000000027,exp1,5,190,1000.0,10,10-05-26-181748,0.03443895679036066
21,client10,client10-694b6b97b4-6gglb,linkerd-proxy,875.1029999999992,exp1,5,190,1000.0,10,10-05-26-181748,0.034387001784025484
10,client10,client10-694b6b97b4-6gglb,sidecar,825.3899999999994,exp1,5,190,1000.0,10,10-05-26-181748,0.04759713394651857
1,client10,client10-694b6b97b4-bkwpk,client10,941.736,exp1,5,190,1000.0,10,08-05-26-195705,0.04812408911720062
1,client10,client10-694b6b97b4-bkwpk,linkerd-proxy,941.7210000000002,exp1,5,190,1000.0,10,08-05-26-195705,0.04817911633643904
15,client10,client10-694b6b97b4-bkwpk,sidecar,832.5300000000007,exp1,5,190,1000.0,10,08-05-26-195705,0.04684175532795601
3,client11,client11-565c48c7c7-7nswx,client11,895.7790000000005,exp1,5,190,1000.0,10,08-05-26-195705,0.03963509271638818
3,client11,client11-565c48c7c7-7nswx,linkerd-proxy,895.509,exp1,5,190,1000.0,10,08-05-26-195705,0.03965227252758072
3,client11,client11-565c48c7c7-7nswx,sidecar,894.1800000000003,exp1,5,190,1000.0,10,08-05-26-195705,0.0398574721303743
14,client11,client11-565c48c7c7-nqf9q,client11,936.8340000000009,exp1,5,190,1000.0,10,10-05-26-181748,0.04447502062472572
14,client11,client11-565c48c7c7-nqf9q,linkerd-proxy,936.5940000000028,exp1,5,190,1000.0,10,10-05-26-181748,0.04448527115673567
3,client11,client11-565c48c7c7-nqf9q,sidecar,496.3020000000006,exp1,5,190,1000.0,10,10-05-26-181748,0.04751635801522125
9,client11,client11-565c48c7c7-q8xtl,client11,888.869999999999,exp1,5,190,1000.0,10,09-05-26-213720,0.040583409233251266
9,client11,client11-565c48c7c7-q8xtl,linkerd-proxy,888.567,exp1,5,190,1000.0,10,09-05-26-213720,0.040563620125106364
9,client11,client11-565c48c7c7-q8xtl,sidecar,851.3820000000005,exp1,5,190,1000.0,10,09-05-26-213720,0.05533601070317895
1,client12,client12-79bc8d5846-bzcv2,client12,929.2199999999998,exp1,5,190,1000.0,10,09-05-26-213720,0.045462728220385634
1,client12,client12-79bc8d5846-bzcv2,linkerd-proxy,929.007,exp1,5,190,1000.0,10,09-05-26-213720,0.045461880218044926
1,client12,client12-79bc8d5846-bzcv2,sidecar,852.1109999999999,exp1,5,190,1000.0,10,09-05-26-213720,0.05265807901781097
11,client12,client12-79bc8d5846-t726h,client12,930.5069999999996,exp1,5,190,1000.0,10,10-05-26-181748,0.04268784871601419
11,client12,client12-79bc8d5846-t726h,linkerd-proxy,930.2459999999992,exp1,5,190,1000.0,10,10-05-26-181748,0.04267238875609017
11,client12,client12-79bc8d5846-t726h,sidecar,896.8829999999989,exp1,5,190,1000.0,10,10-05-26-181748,0.06805656502155133
5,client12,client12-79bc8d5846-zl7cf,client12,919.0770000000002,exp1,5,190,1000.0,10,08-05-26-195705,0.03730536835542686
5,client12,client12-79bc8d5846-zl7cf,linkerd-proxy,919.0650000000004,exp1,5,190,1000.0,10,08-05-26-195705,0.03738865105202899
10,client12,client12-79bc8d5846-zl7cf,sidecar,848.0969999999998,exp1,5,190,1000.0,10,08-05-26-195705,0.03823623372519511
1,client13,client13-7bf86f4f87-4mz9b,client13,826.3170000000002,exp1,5,190,1000.0,10,09-05-26-213720,0.037078461915963035
1,client13,client13-7bf86f4f87-4mz9b,linkerd-proxy,821.3039999999999,exp1,5,190,1000.0,10,09-05-26-213720,0.03695909421099375
13,client13,client13-7bf86f4f87-4mz9b,sidecar,799.1519999999982,exp1,5,190,1000.0,10,09-05-26-213720,0.05419572656157265
8,client13,client13-7bf86f4f87-bqx56,client13,792.6660000000002,exp1,5,190,1000.0,10,08-05-26-195705,0.03235047250543041
8,client13,client13-7bf86f4f87-bqx56,linkerd-proxy,789.2400000000007,exp1,5,190,1000.0,10,08-05-26-195705,0.032540309759267666
0,client13,client13-7bf86f4f87-bqx56,sidecar,443.337,exp1,5,190,1000.0,10,08-05-26-195705,0.054225322716664276
4,client13,client13-7bf86f4f87-mr9k9,client13,843.549,exp1,5,190,1000.0,10,10-05-26-181748,0.03979133747815794
4,client13,client13-7bf86f4f87-mr9k9,linkerd-proxy,841.107,exp1,5,190,1000.0,10,10-05-26-181748,0.04030746740316424
22,client13,client13-7bf86f4f87-mr9k9,sidecar,745.8809999999994,exp1,5,190,1000.0,10,10-05-26-181748,0.03680547355019567
8,client13,maurits-dijk-2f65a136client131-kgdrr,hfl-train,842.1449999999995,exp1,5,190,1000.0,10,08-05-26-195705,0.030137854815895787
8,client13,maurits-dijk-2f65a136client131-kgdrr,hfl-train-model,785.8019999999988,exp1,5,190,1000.0,10,08-05-26-195705,0.03259334759100585
22,client13,maurits-dijk-2f65a136client131-kgdrr,sidecar,697.7729999999992,exp1,5,190,1000.0,10,08-05-26-195705,0.04651004059259242
1,client13,maurits-dijk-a1ae290bclient131-fwh4r,hfl-train,874.3979999999999,exp1,5,190,1000.0,10,09-05-26-213720,0.034139699001485085
1,client13,maurits-dijk-a1ae290bclient131-fwh4r,hfl-train-model,817.7819999999997,exp1,5,190,1000.0,10,09-05-26-213720,0.037002356947825304
13,client13,maurits-dijk-a1ae290bclient131-fwh4r,sidecar,729.9929999999986,exp1,5,190,1000.0,10,09-05-26-213720,0.04280377044519365
4,client13,maurits-dijk-c62aff21client131-fjlhb,hfl-train,893.7690000000002,exp1,5,190,1000.0,10,10-05-26-181748,0.037268727707199745
4,client13,maurits-dijk-c62aff21client131-fjlhb,hfl-train-model,838.1129999999998,exp1,5,190,1000.0,10,10-05-26-181748,0.04053573556914655
4,client13,maurits-dijk-c62aff21client131-fjlhb,sidecar,837.9870000000001,exp1,5,190,1000.0,10,10-05-26-181748,0.0550084767144387
1,client14,client14-856b5b5576-2xtwb,client14,888.135,exp1,5,190,1000.0,10,08-05-26-195705,0.03560457061733113
1,client14,client14-856b5b5576-2xtwb,linkerd-proxy,887.7239999999997,exp1,5,190,1000.0,10,08-05-26-195705,0.03557310170556657
1,client14,client14-856b5b5576-2xtwb,sidecar,886.185,exp1,5,190,1000.0,10,08-05-26-195705,0.03565480987884154
10,client14,client14-856b5b5576-94pcp,client14,920.7329999999992,exp1,5,190,1000.0,10,09-05-26-213720,0.04640694302089568
10,client14,client14-856b5b5576-94pcp,linkerd-proxy,920.5260000000007,exp1,5,190,1000.0,10,09-05-26-213720,0.04642357533902061
10,client14,client14-856b5b5576-94pcp,sidecar,918.8339999999998,exp1,5,190,1000.0,10,09-05-26-213720,0.04646370714689396
8,client14,client14-856b5b5576-jt6fg,client14,896.7390000000005,exp1,5,190,1000.0,10,10-05-26-181748,0.03539255597866253
8,client14,client14-856b5b5576-jt6fg,linkerd-proxy,896.469,exp1,5,190,1000.0,10,10-05-26-181748,0.03539224979078229
8,client14,client14-856b5b5576-jt6fg,sidecar,894.8100000000004,exp1,5,190,1000.0,10,10-05-26-181748,0.03542754366406256
10,client15,client15-79c969ddf-b2hw4,client15,953.4299999999994,exp1,5,190,1000.0,10,08-05-26-195705,0.04876779077370921
10,client15,client15-79c969ddf-b2hw4,linkerd-proxy,953.1960000000008,exp1,5,190,1000.0,10,08-05-26-195705,0.04878072023007218
10,client15,client15-79c969ddf-b2hw4,sidecar,951.7529999999996,exp1,5,190,1000.0,10,08-05-26-195705,0.04884575851741227
6,client15,client15-79c969ddf-csdff,client15,903.576,exp1,5,190,1000.0,10,09-05-26-213720,0.0398318908418242
6,client15,client15-79c969ddf-csdff,linkerd-proxy,903.2880000000004,exp1,5,190,1000.0,10,09-05-26-213720,0.039828948250449525
6,client15,client15-79c969ddf-csdff,sidecar,901.62,exp1,5,190,1000.0,10,09-05-26-213720,0.03981319904835395
16,client15,client15-79c969ddf-sxw9b,client15,882.5759999999991,exp1,5,190,1000.0,10,10-05-26-181748,0.031903146355693246
16,client15,client15-79c969ddf-sxw9b,linkerd-proxy,882.3630000000012,exp1,5,190,1000.0,10,10-05-26-181748,0.03191222658693235
16,client15,client15-79c969ddf-sxw9b,sidecar,880.7819999999992,exp1,5,190,1000.0,10,10-05-26-181748,0.03215296258095229
16,client16,client16-6dc7f87f54-hlzmm,client16,968.679000000002,exp1,5,190,1000.0,10,08-05-26-195705,0.046591368420899615
16,client16,client16-6dc7f87f54-hlzmm,linkerd-proxy,968.544,exp1,5,190,1000.0,10,08-05-26-195705,0.04661675876651736
16,client16,client16-6dc7f87f54-hlzmm,sidecar,965.928,exp1,5,190,1000.0,10,08-05-26-195705,0.046544629322892855
1,client16,client16-6dc7f87f54-nrkvh,client16,887.5740000000001,exp1,5,190,1000.0,10,09-05-26-213720,0.036353907767348925
1,client16,client16-6dc7f87f54-nrkvh,linkerd-proxy,887.2740000000001,exp1,5,190,1000.0,10,09-05-26-213720,0.03632232816727088
1,client16,client16-6dc7f87f54-nrkvh,sidecar,885.21,exp1,5,190,1000.0,10,09-05-26-213720,0.036383920689089355
9,client16,client16-6dc7f87f54-t8n99,client16,914.88,exp1,5,190,1000.0,10,10-05-26-181748,0.039171354666246744
9,client16,client16-6dc7f87f54-t8n99,linkerd-proxy,914.8199999999996,exp1,5,190,1000.0,10,10-05-26-181748,0.039225551700681704
9,client16,client16-6dc7f87f54-t8n99,sidecar,912.4829999999992,exp1,5,190,1000.0,10,10-05-26-181748,0.03914640208451206
23,client17,client17-69b85b5ccf-f7njx,client17,808.7070000000003,exp1,5,190,1000.0,10,09-05-26-213720,0.03923294341563699
23,client17,client17-69b85b5ccf-f7njx,linkerd-proxy,805.1370000000024,exp1,5,190,1000.0,10,09-05-26-213720,0.039309016202629
23,client17,client17-69b85b5ccf-f7njx,sidecar,754.7219999999979,exp1,5,190,1000.0,10,09-05-26-213720,0.041167436528735946
1,client17,client17-69b85b5ccf-kbcx6,client17,828.192,exp1,5,190,1000.0,10,10-05-26-181748,0.042122058561743225
1,client17,client17-69b85b5ccf-kbcx6,linkerd-proxy,824.667,exp1,5,190,1000.0,10,10-05-26-181748,0.042318406340506654
19,client17,client17-69b85b5ccf-kbcx6,sidecar,728.4390000000003,exp1,5,190,1000.0,10,10-05-26-181748,0.03952108115787348
7,client17,client17-69b85b5ccf-v8k4j,client17,817.1969999999992,exp1,5,190,1000.0,10,08-05-26-195705,0.03743009744982051
7,client17,client17-69b85b5ccf-v8k4j,linkerd-proxy,814.6049999999996,exp1,5,190,1000.0,10,08-05-26-195705,0.03773625183213003
8,client17,client17-69b85b5ccf-v8k4j,sidecar,438.34200000000055,exp1,5,190,1000.0,10,08-05-26-195705,0.05566762151234647
7,client17,maurits-dijk-2f65a136client171-vl6vw,hfl-train,856.170000000001,exp1,5,190,1000.0,10,08-05-26-195705,0.03705164682253964
7,client17,maurits-dijk-2f65a136client171-vl6vw,hfl-train-model,811.4400000000014,exp1,5,190,1000.0,10,08-05-26-195705,0.03788008003801027
21,client17,maurits-dijk-2f65a136client171-vl6vw,sidecar,751.0290000000005,exp1,5,190,1000.0,10,08-05-26-195705,0.046388735154089256
23,client17,maurits-dijk-a1ae290bclient171-fst4v,hfl-train,843.4199999999983,exp1,5,190,1000.0,10,09-05-26-213720,0.037569578813172105
23,client17,maurits-dijk-a1ae290bclient171-fst4v,hfl-train-model,801.8429999999989,exp1,5,190,1000.0,10,09-05-26-213720,0.03939948390005715
7,client17,maurits-dijk-a1ae290bclient171-fst4v,sidecar,407.3910000000005,exp1,5,190,1000.0,10,09-05-26-213720,0.050307413286511476
1,client17,maurits-dijk-c62aff21client171-827f4,hfl-train,862.3950000000002,exp1,5,190,1000.0,10,10-05-26-181748,0.03921055091804099
1,client17,maurits-dijk-c62aff21client171-827f4,hfl-train-model,821.5440000000001,exp1,5,190,1000.0,10,10-05-26-181748,0.042397771932524836
24,client17,maurits-dijk-c62aff21client171-827f4,sidecar,761.2229999999981,exp1,5,190,1000.0,10,10-05-26-181748,0.04551096597122206
17,client18,client18-69db77c748-2cxff,client18,935.5200000000004,exp1,5,190,1000.0,10,08-05-26-195705,0.0495545013350327
17,client18,client18-69db77c748-2cxff,linkerd-proxy,935.3280000000012,exp1,5,190,1000.0,10,08-05-26-195705,0.049545588402198054
17,client18,client18-69db77c748-2cxff,sidecar,933.7530000000006,exp1,5,190,1000.0,10,08-05-26-195705,0.0496375079799157
14,client18,client18-69db77c748-8tkrq,client18,925.4969999999994,exp1,5,190,1000.0,10,10-05-26-181748,0.03938570935154301
14,client18,client18-69db77c748-8tkrq,linkerd-proxy,925.2390000000014,exp1,5,190,1000.0,10,10-05-26-181748,0.03938843816948287
14,client18,client18-69db77c748-8tkrq,sidecar,923.616,exp1,5,190,1000.0,10,10-05-26-181748,0.03941290536648687
6,client18,client18-69db77c748-flz89,client18,1027.5749999999998,exp1,5,190,1000.0,10,09-05-26-213720,0.06926225989987994
6,client18,client18-69db77c748-flz89,linkerd-proxy,1027.245,exp1,5,190,1000.0,10,09-05-26-213720,0.0692406579442296
6,client18,client18-69db77c748-flz89,sidecar,1025.679,exp1,5,190,1000.0,10,09-05-26-213720,0.06935489851890853
11,client19,client19-56fccdb4d9-rr7pt,client19,970.2869999999984,exp1,5,190,1000.0,10,08-05-26-195705,0.05237195329256994
11,client19,client19-56fccdb4d9-rr7pt,linkerd-proxy,970.1009999999987,exp1,5,190,1000.0,10,08-05-26-195705,0.05238024769440772
11,client19,client19-56fccdb4d9-rr7pt,sidecar,968.5290000000005,exp1,5,190,1000.0,10,08-05-26-195705,0.052460077053820886
18,client19,client19-56fccdb4d9-xppnc,client19,961.6230000000014,exp1,5,190,1000.0,10,09-05-26-213720,0.04997437476203312
18,client19,client19-56fccdb4d9-xppnc,linkerd-proxy,961.5419999999996,exp1,5,190,1000.0,10,09-05-26-213720,0.05000539560684855
18,client19,client19-56fccdb4d9-xppnc,sidecar,959.814000000002,exp1,5,190,1000.0,10,09-05-26-213720,0.050036949677629394
1,client19,client19-56fccdb4d9-xrq8m,client19,974.5560000000004,exp1,5,190,1000.0,10,10-05-26-181748,0.05696787561180469
1,client19,client19-56fccdb4d9-xrq8m,linkerd-proxy,974.3729999999998,exp1,5,190,1000.0,10,10-05-26-181748,0.056972845577833636
1,client19,client19-56fccdb4d9-xrq8m,sidecar,972.744,exp1,5,190,1000.0,10,10-05-26-181748,0.05704455553198723
3,client2,client2-86cd6d8cf7-42t64,client2,921.4199999999996,exp1,5,190,1000.0,10,10-05-26-181748,0.04143139401602661
3,client2,client2-86cd6d8cf7-42t64,linkerd-proxy,921.279,exp1,5,190,1000.0,10,10-05-26-181748,0.04144573756796241
3,client2,client2-86cd6d8cf7-42t64,sidecar,919.656,exp1,5,190,1000.0,10,10-05-26-181748,0.041492060025999034
14,client2,client2-86cd6d8cf7-hf5z7,client2,1005.4979999999996,exp1,5,190,1000.0,10,08-05-26-195705,0.06603736510618813
14,client2,client2-86cd6d8cf7-hf5z7,linkerd-proxy,1005.4350000000012,exp1,5,190,1000.0,10,08-05-26-195705,0.06608003970246898
14,client2,client2-86cd6d8cf7-hf5z7,sidecar,1003.7009999999992,exp1,5,190,1000.0,10,08-05-26-195705,0.0661356337007388
21,client2,client2-86cd6d8cf7-ngwfh,client2,935.7870000000004,exp1,5,190,1000.0,10,09-05-26-213720,0.04145818437430954
21,client2,client2-86cd6d8cf7-ngwfh,linkerd-proxy,935.5590000000012,exp1,5,190,1000.0,10,09-05-26-213720,0.04145495246024464
21,client2,client2-86cd6d8cf7-ngwfh,sidecar,933.7829999999994,exp1,5,190,1000.0,10,09-05-26-213720,0.04145906236029537
8,client20,client20-65f8864f77-dxv9f,client20,870.5099999999993,exp1,5,190,1000.0,10,08-05-26-195705,0.029602889767331136
8,client20,client20-65f8864f77-dxv9f,linkerd-proxy,870.3539999999994,exp1,5,190,1000.0,10,08-05-26-195705,0.029603557645534018
8,client20,client20-65f8864f77-dxv9f,sidecar,868.6680000000006,exp1,5,190,1000.0,10,08-05-26-195705,0.029621799453785236
23,client20,client20-65f8864f77-hjckw,client20,643.2840000000033,exp1,5,190,1000.0,10,09-05-26-213720,0.029028957198260125
23,client20,client20-65f8864f77-hjckw,linkerd-proxy,643.163999999997,exp1,5,190,1000.0,10,09-05-26-213720,0.02902472302276926
23,client20,client20-65f8864f77-hjckw,sidecar,641.7270000000026,exp1,5,190,1000.0,10,09-05-26-213720,0.029082554350874312
7,client20,client20-65f8864f77-lzlqk,client20,921.5880000000006,exp1,5,190,1000.0,10,10-05-26-181748,0.043458872281196964
7,client20,client20-65f8864f77-lzlqk,linkerd-proxy,921.465,exp1,5,190,1000.0,10,10-05-26-181748,0.043491510205665246
7,client20,client20-65f8864f77-lzlqk,sidecar,919.8510000000006,exp1,5,190,1000.0,10,10-05-26-181748,0.043515251985019376
9,client3,client3-58c68898cd-jqjck,client3,873.2430000000004,exp1,5,190,1000.0,10,09-05-26-213720,0.034922981209614484
9,client3,client3-58c68898cd-jqjck,linkerd-proxy,873.018,exp1,5,190,1000.0,10,09-05-26-213720,0.034893856122414885
9,client3,client3-58c68898cd-jqjck,sidecar,870.6629999999996,exp1,5,190,1000.0,10,09-05-26-213720,0.034957310160519145
19,client3,client3-58c68898cd-w2z2m,client3,933.6569999999992,exp1,5,190,1000.0,10,10-05-26-181748,0.043401865986703037
19,client3,client3-58c68898cd-w2z2m,linkerd-proxy,933.4230000000008,exp1,5,190,1000.0,10,10-05-26-181748,0.04337821034886391
19,client3,client3-58c68898cd-w2z2m,sidecar,931.044,exp1,5,190,1000.0,10,10-05-26-181748,0.043437753808116486
8,client3,client3-58c68898cd-x277s,client3,885.6779999999999,exp1,5,190,1000.0,10,08-05-26-195705,0.03279990445058745
8,client3,client3-58c68898cd-x277s,linkerd-proxy,885.6900000000005,exp1,5,190,1000.0,10,08-05-26-195705,0.03282776023104372
8,client3,client3-58c68898cd-x277s,sidecar,807.576,exp1,5,190,1000.0,10,08-05-26-195705,0.03592056452755782
8,client4,client4-744474fb99-j6rqt,client4,950.031,exp1,5,190,1000.0,10,09-05-26-213720,0.04156631500877628
8,client4,client4-744474fb99-j6rqt,linkerd-proxy,949.9049999999996,exp1,5,190,1000.0,10,09-05-26-213720,0.04157472607851734
8,client4,client4-744474fb99-j6rqt,sidecar,948.2790000000005,exp1,5,190,1000.0,10,09-05-26-213720,0.04169942323439321
6,client4,client4-744474fb99-k2cwl,client4,910.8839999999992,exp1,5,190,1000.0,10,10-05-26-181748,0.04069623458110522
6,client4,client4-744474fb99-k2cwl,linkerd-proxy,910.5839999999988,exp1,5,190,1000.0,10,10-05-26-181748,0.040633869295703534
6,client4,client4-744474fb99-k2cwl,sidecar,908.1209999999992,exp1,5,190,1000.0,10,10-05-26-181748,0.04066408157087567
5,client4,client4-744474fb99-pxsm6,client4,913.9980000000004,exp1,5,190,1000.0,10,08-05-26-195705,0.039770062696303426
5,client4,client4-744474fb99-pxsm6,linkerd-proxy,913.938,exp1,5,190,1000.0,10,08-05-26-195705,0.03979366975419904
5,client4,client4-744474fb99-pxsm6,sidecar,911.466,exp1,5,190,1000.0,10,08-05-26-195705,0.03981388305745864
1,client5,client5-7d5ff7f8b4-5xc6q,client5,808.6139999999998,exp1,5,190,1000.0,10,09-05-26-213720,0.043483857536886716
1,client5,client5-7d5ff7f8b4-5xc6q,linkerd-proxy,804.0960000000001,exp1,5,190,1000.0,10,09-05-26-213720,0.0434545473606672
20,client5,client5-7d5ff7f8b4-5xc6q,sidecar,707.139000000001,exp1,5,190,1000.0,10,09-05-26-213720,0.057918175965623375
6,client5,client5-7d5ff7f8b4-bjqkk,client5,830.2169999999996,exp1,5,190,1000.0,10,10-05-26-181748,0.04887405692316063
6,client5,client5-7d5ff7f8b4-bjqkk,linkerd-proxy,826.5510000000004,exp1,5,190,1000.0,10,10-05-26-181748,0.04894861906879422
19,client5,client5-7d5ff7f8b4-bjqkk,sidecar,781.2479999999996,exp1,5,190,1000.0,10,10-05-26-181748,0.06586533638887487
2,client5,client5-7d5ff7f8b4-t4kmr,client5,791.0159999999998,exp1,5,190,1000.0,10,08-05-26-195705,0.03548332501208737
2,client5,client5-7d5ff7f8b4-t4kmr,linkerd-proxy,787.2090000000001,exp1,5,190,1000.0,10,08-05-26-195705,0.035584477744629
7,client5,client5-7d5ff7f8b4-t4kmr,sidecar,694.065,exp1,5,190,1000.0,10,08-05-26-195705,0.0413659989462031
2,client5,maurits-dijk-2f65a136client51-jqcq9,hfl-train,823.6620000000003,exp1,5,190,1000.0,10,08-05-26-195705,0.033306397573038826
2,client5,maurits-dijk-2f65a136client51-jqcq9,hfl-train-model,785.1210000000003,exp1,5,190,1000.0,10,08-05-26-195705,0.03577761286143963
2,client5,maurits-dijk-2f65a136client51-jqcq9,sidecar,730.2239999999999,exp1,5,190,1000.0,10,08-05-26-195705,0.062428062371275295
1,client5,maurits-dijk-a1ae290bclient51-b44hx,hfl-train,839.2740000000001,exp1,5,190,1000.0,10,09-05-26-213720,0.04054691883656297
1,client5,maurits-dijk-a1ae290bclient51-b44hx,hfl-train-model,802.14,exp1,5,190,1000.0,10,09-05-26-213720,0.04369497397317307
1,client5,maurits-dijk-a1ae290bclient51-b44hx,sidecar,761.2439999999999,exp1,5,190,1000.0,10,09-05-26-213720,0.05252665709159349
6,client5,maurits-dijk-c62aff21client51-kj6sp,hfl-train,862.6499999999987,exp1,5,190,1000.0,10,10-05-26-181748,0.04625601618819214
6,client5,maurits-dijk-c62aff21client51-kj6sp,hfl-train-model,824.6399999999994,exp1,5,190,1000.0,10,10-05-26-181748,0.04922747320112064
6,client5,maurits-dijk-c62aff21client51-kj6sp,sidecar,816.1890000000003,exp1,5,190,1000.0,10,10-05-26-181748,0.06309519138173239
14,client6,client6-785d875985-4q2t7,client6,985.9770000000008,exp1,5,190,1000.0,10,10-05-26-181748,0.046865071900348165
14,client6,client6-785d875985-4q2t7,linkerd-proxy,986.0820000000004,exp1,5,190,1000.0,10,10-05-26-181748,0.04696875926695876
21,client6,client6-785d875985-4q2t7,sidecar,934.7069999999984,exp1,5,190,1000.0,10,10-05-26-181748,0.04986212865436601
5,client6,client6-785d875985-dvnhx,client6,914.387999999999,exp1,5,190,1000.0,10,08-05-26-195705,0.035406074442360824
5,client6,client6-785d875985-dvnhx,linkerd-proxy,914.2080000000004,exp1,5,190,1000.0,10,08-05-26-195705,0.03541774350152238
7,client6,client6-785d875985-dvnhx,sidecar,846.96,exp1,5,190,1000.0,10,08-05-26-195705,0.05047252543219208
6,client6,client6-785d875985-z8gh2,client6,923.8079999999992,exp1,5,190,1000.0,10,09-05-26-213720,0.04130764122259145
6,client6,client6-785d875985-z8gh2,linkerd-proxy,923.4930000000004,exp1,5,190,1000.0,10,09-05-26-213720,0.04131945067385856
6,client6,client6-785d875985-z8gh2,sidecar,920.9609999999992,exp1,5,190,1000.0,10,09-05-26-213720,0.041265472405051684
17,client7,client7-544486cc98-9bpqr,client7,893.2379999999994,exp1,5,190,1000.0,10,10-05-26-181748,0.037465028215738494
17,client7,client7-544486cc98-9bpqr,linkerd-proxy,892.9049999999988,exp1,5,190,1000.0,10,10-05-26-181748,0.037483984409420606
17,client7,client7-544486cc98-9bpqr,sidecar,891.5910000000003,exp1,5,190,1000.0,10,10-05-26-181748,0.03750217577572029
0,client7,client7-544486cc98-lqjzk,client7,994.41,exp1,5,190,1000.0,10,08-05-26-195705,0.058556641263575265
0,client7,client7-544486cc98-lqjzk,linkerd-proxy,993.945,exp1,5,190,1000.0,10,08-05-26-195705,0.05854831118083256
0,client7,client7-544486cc98-lqjzk,sidecar,911.928,exp1,5,190,1000.0,10,08-05-26-195705,0.06044621954159507
18,client7,client7-544486cc98-m2z98,client7,1033.985999999999,exp1,5,190,1000.0,10,09-05-26-213720,0.055321952044913025
18,client7,client7-544486cc98-m2z98,linkerd-proxy,1033.6650000000009,exp1,5,190,1000.0,10,09-05-26-213720,0.05535431192405288
18,client7,client7-544486cc98-m2z98,sidecar,1032.4169999999976,exp1,5,190,1000.0,10,09-05-26-213720,0.05542168915825976
7,client8,client8-5845965f99-9jpl5,client8,958.8030000000008,exp1,5,190,1000.0,10,09-05-26-213720,0.04277388403942581
7,client8,client8-5845965f99-9jpl5,linkerd-proxy,958.5029999999996,exp1,5,190,1000.0,10,09-05-26-213720,0.04279643086130175
4,client8,client8-5845965f99-9jpl5,sidecar,583.2869999999998,exp1,5,190,1000.0,10,09-05-26-213720,0.042757954699479184
18,client8,client8-5845965f99-t89sb,client8,999.3239999999988,exp1,5,190,1000.0,10,10-05-26-181748,0.05985056819538134
18,client8,client8-5845965f99-t89sb,linkerd-proxy,998.8529999999992,exp1,5,190,1000.0,10,10-05-26-181748,0.059841309047003494
18,client8,client8-5845965f99-t89sb,sidecar,997.5,exp1,5,190,1000.0,10,10-05-26-181748,0.06833663787302355
12,client8,client8-5845965f99-vqtxx,client8,931.8780000000006,exp1,5,190,1000.0,10,08-05-26-195705,0.04817309241111897
12,client8,client8-5845965f99-vqtxx,linkerd-proxy,931.5120000000024,exp1,5,190,1000.0,10,08-05-26-195705,0.04818374653103186
12,client8,client8-5845965f99-vqtxx,sidecar,930.101999999999,exp1,5,190,1000.0,10,08-05-26-195705,0.04819722096560161
15,client9,client9-d68fb99b4-jtqss,client9,828.0839999999989,exp1,5,190,1000.0,10,09-05-26-213720,0.036330801796187
15,client9,client9-d68fb99b4-jtqss,linkerd-proxy,827.1810000000005,exp1,5,190,1000.0,10,09-05-26-213720,0.03657662832760744
23,client9,client9-d68fb99b4-jtqss,sidecar,735.1590000000015,exp1,5,190,1000.0,10,09-05-26-213720,0.04343215301051709
2,client9,client9-d68fb99b4-pn8zk,client9,871.404,exp1,5,190,1000.0,10,08-05-26-195705,0.048763497940752576
2,client9,client9-d68fb99b4-pn8zk,linkerd-proxy,869.2830000000001,exp1,5,190,1000.0,10,08-05-26-195705,0.04873045755622224
2,client9,client9-d68fb99b4-pn8zk,sidecar,750.627,exp1,5,190,1000.0,10,08-05-26-195705,0.049318843183912026
6,client9,client9-d68fb99b4-t5v62,client9,923.8740000000008,exp1,5,190,1000.0,10,10-05-26-181748,0.05372733031332816
6,client9,client9-d68fb99b4-t5v62,linkerd-proxy,922.893,exp1,5,190,1000.0,10,10-05-26-181748,0.05397873465691133
6,client9,client9-d68fb99b4-t5v62,sidecar,850.3290000000006,exp1,5,190,1000.0,10,10-05-26-181748,0.06722666368478558
2,client9,maurits-dijk-2f65a136client91-989xk,hfl-train,910.245,exp1,5,190,1000.0,10,08-05-26-195705,0.046667931842140964
2,client9,maurits-dijk-2f65a136client91-989xk,hfl-train-model,862.9799999999998,exp1,5,190,1000.0,10,08-05-26-195705,0.048934957758923064
2,client9,maurits-dijk-2f65a136client91-989xk,sidecar,749.298,exp1,5,190,1000.0,10,08-05-26-195705,0.051468874060239034
23,client9,maurits-dijk-a1ae290bclient91-hwgnj,hfl-train,862.9170000000013,exp1,5,190,1000.0,10,09-05-26-213720,0.03410405994770199
15,client9,maurits-dijk-a1ae290bclient91-hwgnj,hfl-train-model,821.4179999999997,exp1,5,190,1000.0,10,09-05-26-213720,0.03681817914466212
23,client9,maurits-dijk-a1ae290bclient91-hwgnj,sidecar,709.4879999999994,exp1,5,190,1000.0,10,09-05-26-213720,0.05722277143919144
6,client9,maurits-dijk-c62aff21client91-clh52,hfl-train,963.5069999999996,exp1,5,190,1000.0,10,10-05-26-181748,0.051715110866477426
6,client9,maurits-dijk-c62aff21client91-clh52,hfl-train-model,917.213999999999,exp1,5,190,1000.0,10,10-05-26-181748,0.05428601863761626
19,client9,maurits-dijk-c62aff21client91-clh52,sidecar,725.6610000000001,exp1,5,190,1000.0,10,10-05-26-181748,0.05485108500670979
0,orchestrator,orchestrator-555f7b7c9d-b8qvg,linkerd-proxy,429.558,exp1,5,190,1000.0,10,09-05-26-213720,0.037147721117015836
7,orchestrator,orchestrator-555f7b7c9d-b8qvg,orchestrator,141.2610000000002,exp1,5,190,1000.0,10,09-05-26-213720,0.08998067565504761
11,orchestrator,orchestrator-555f7b7c9d-b8qvg,sidecar,423.48,exp1,5,190,1000.0,10,09-05-26-213720,0.04696364661147656
2,orchestrator,orchestrator-555f7b7c9d-h7ldg,linkerd-proxy,419.823,exp1,5,190,1000.0,10,10-05-26-181748,0.029722630997351895
12,orchestrator,orchestrator-555f7b7c9d-h7ldg,orchestrator,148.71000000000004,exp1,5,190,1000.0,10,10-05-26-181748,0.03875314898964624
10,orchestrator,orchestrator-555f7b7c9d-h7ldg,sidecar,404.6909999999998,exp1,5,190,1000.0,10,10-05-26-181748,0.04306912675415084
15,orchestrator,orchestrator-555f7b7c9d-vclhk,linkerd-proxy,420.5249999999997,exp1,5,190,1000.0,10,08-05-26-195705,0.030647977329510162
21,orchestrator,orchestrator-555f7b7c9d-vclhk,orchestrator,322.77300000000014,exp1,5,190,1000.0,10,08-05-26-195705,0.08672461327752565
2,orchestrator,orchestrator-555f7b7c9d-vclhk,sidecar,230.89200000000005,exp1,5,190,1000.0,10,08-05-26-195705,0.058513311736461404
2,orchestrator,policy-enforcer-cb8dccbd8-2jtxj,linkerd-proxy,419.80500000000006,exp1,5,190,1000.0,10,10-05-26-181748,0.029721598941202715
24,orchestrator,policy-enforcer-cb8dccbd8-2jtxj,policy-enforcer,147.52800000000025,exp1,5,190,1000.0,10,10-05-26-181748,0.05050005907872751
8,orchestrator,policy-enforcer-cb8dccbd8-2jtxj,sidecar,417.32400000000007,exp1,5,190,1000.0,10,10-05-26-181748,0.061310440542797884
15,orchestrator,policy-enforcer-cb8dccbd8-54fft,linkerd-proxy,420.4949999999999,exp1,5,190,1000.0,10,08-05-26-195705,0.030664705051919178
20,orchestrator,policy-enforcer-cb8dccbd8-54fft,policy-enforcer,303.66899999999987,exp1,5,190,1000.0,10,08-05-26-195705,0.04478813290580061
23,orchestrator,policy-enforcer-cb8dccbd8-54fft,sidecar,374.7420000000011,exp1,5,190,1000.0,10,08-05-26-195705,0.038582047760778476
0,orchestrator,policy-enforcer-cb8dccbd8-5895d,linkerd-proxy,429.48,exp1,5,190,1000.0,10,09-05-26-213720,0.03711556385326151
6,orchestrator,policy-enforcer-cb8dccbd8-5895d,policy-enforcer,214.9950000000001,exp1,5,190,1000.0,10,09-05-26-213720,0.03713728925213092
4,orchestrator,policy-enforcer-cb8dccbd8-5895d,sidecar,238.326,exp1,5,190,1000.0,10,09-05-26-213720,0.04768824157163676
4,server,maurits-dijk-2f65a136server1-jn9z9,hfl-train,582.0570000000002,exp1,5,190,1000.0,10,08-05-26-195705,0.034842716085159126
1,server,maurits-dijk-2f65a136server1-jn9z9,hfl-train-model,895.8449999999998,exp1,5,190,1000.0,10,08-05-26-195705,0.026381480800484414
4,server,maurits-dijk-2f65a136server1-jn9z9,sidecar,559.9349999999997,exp1,5,190,1000.0,10,08-05-26-195705,0.05202426237176888
5,server,maurits-dijk-a1ae290bserver1-hkpc8,hfl-train,592.377,exp1,5,190,1000.0,10,09-05-26-213720,0.04283601632000367
7,server,maurits-dijk-a1ae290bserver1-hkpc8,hfl-train-model,889.2929999999997,exp1,5,190,1000.0,10,09-05-26-213720,0.029714413656018956
13,server,maurits-dijk-a1ae290bserver1-hkpc8,sidecar,527.2289999999994,exp1,5,190,1000.0,10,09-05-26-213720,0.04874171386831891
5,server,maurits-dijk-c62aff21server1-j9ntg,hfl-train,618.3900000000003,exp1,5,190,1000.0,10,10-05-26-181748,0.03409611845806762
2,server,maurits-dijk-c62aff21server1-j9ntg,hfl-train-model,940.344,exp1,5,190,1000.0,10,10-05-26-181748,0.02337976946156603
23,server,maurits-dijk-c62aff21server1-j9ntg,sidecar,574.7820000000011,exp1,5,190,1000.0,10,10-05-26-181748,0.040739052591926395
5,server,server-656f98b57f-26dvf,linkerd-proxy,596.181,exp1,5,190,1000.0,10,09-05-26-213720,0.04238882605864577
5,server,server-656f98b57f-26dvf,server,610.3530000000001,exp1,5,190,1000.0,10,09-05-26-213720,0.04108130456105094
10,server,server-656f98b57f-26dvf,sidecar,527.5020000000004,exp1,5,190,1000.0,10,09-05-26-213720,0.045664431627417734
4,server,server-656f98b57f-2mplx,linkerd-proxy,588.0899999999997,exp1,5,190,1000.0,10,08-05-26-195705,0.03509729133888945
4,server,server-656f98b57f-2mplx,server,606.846,exp1,5,190,1000.0,10,08-05-26-195705,0.03579535391511546
1,server,server-656f98b57f-2mplx,sidecar,535.9950000000001,exp1,5,190,1000.0,10,08-05-26-195705,0.04835260261525895
5,server,server-656f98b57f-7fsp7,linkerd-proxy,624.1499999999996,exp1,5,190,1000.0,10,10-05-26-181748,0.03428790246070973
5,server,server-656f98b57f-7fsp7,server,637.8600000000001,exp1,5,190,1000.0,10,10-05-26-181748,0.03230713958010378
14,server,server-656f98b57f-7fsp7,sidecar,346.53899999999976,exp1,5,190,1000.0,10,10-05-26-181748,0.04584200875068625
3,api-gateway,api-gateway-6bf76d45b7-57zzf,api-gateway,325.5870000000002,exp1,5,230,1000.0,10,08-05-26-210948,0.026296032718295753
0,api-gateway,api-gateway-6bf76d45b7-57zzf,linkerd-proxy,436.2209999999999,exp1,5,230,1000.0,10,08-05-26-210948,0.029180304520184386
3,api-gateway,api-gateway-6bf76d45b7-57zzf,sidecar,231.8820000000001,exp1,5,230,1000.0,10,08-05-26-210948,0.05907123051938748
9,api-gateway,api-gateway-6bf76d45b7-8km5j,api-gateway,445.4430000000002,exp1,5,230,1000.0,10,09-05-26-225009,0.03249169594760251
9,api-gateway,api-gateway-6bf76d45b7-8km5j,linkerd-proxy,441.5070000000005,exp1,5,230,1000.0,10,09-05-26-225009,0.030413676116997107
17,api-gateway,api-gateway-6bf76d45b7-8km5j,sidecar,405.2819999999992,exp1,5,230,1000.0,10,09-05-26-225009,0.05396948844689839
17,api-gateway,api-gateway-6bf76d45b7-9lwn6,api-gateway,450.2459999999992,exp1,5,230,1000.0,10,10-05-26-193034,0.03002110503470265
7,api-gateway,api-gateway-6bf76d45b7-9lwn6,linkerd-proxy,439.5780000000004,exp1,5,230,1000.0,10,10-05-26-193034,0.028601124357011037
19,api-gateway,api-gateway-6bf76d45b7-9lwn6,sidecar,405.83699999999953,exp1,5,230,1000.0,10,10-05-26-193034,0.05772402289286854
10,client1,client1-7b9db886dd-7bfzr,client1,782.112000000001,exp1,5,230,1000.0,10,10-05-26-193034,0.028519366386434736
10,client1,client1-7b9db886dd-7bfzr,linkerd-proxy,781.5930000000008,exp1,5,230,1000.0,10,10-05-26-193034,0.028535130479246634
17,client1,client1-7b9db886dd-7bfzr,sidecar,508.45200000000114,exp1,5,230,1000.0,10,10-05-26-193034,0.0393768038223008
1,client1,client1-7b9db886dd-dmxv5,client1,865.989,exp1,5,230,1000.0,10,08-05-26-210948,0.05163568714752392
1,client1,client1-7b9db886dd-dmxv5,linkerd-proxy,865.914,exp1,5,230,1000.0,10,08-05-26-210948,0.05184730765974821
1,client1,client1-7b9db886dd-dmxv5,sidecar,822.6959999999999,exp1,5,230,1000.0,10,08-05-26-210948,0.05573803755346121
2,client1,client1-7b9db886dd-l6bt7,client1,847.251,exp1,5,230,1000.0,10,09-05-26-225009,0.0423401919657386
2,client1,client1-7b9db886dd-l6bt7,linkerd-proxy,846.588,exp1,5,230,1000.0,10,09-05-26-225009,0.04256676074016105
8,client1,client1-7b9db886dd-l6bt7,sidecar,822.5519999999997,exp1,5,230,1000.0,10,09-05-26-225009,0.04868987255584356
2,client1,maurits-dijk-01decb0eclient11-nhwss,hfl-train,874.2779999999998,exp1,5,230,1000.0,10,09-05-26-225009,0.04020412052631381
2,client1,maurits-dijk-01decb0eclient11-nhwss,hfl-train-model,840.9000000000001,exp1,5,230,1000.0,10,09-05-26-225009,0.04298695105610978
2,client1,maurits-dijk-01decb0eclient11-nhwss,sidecar,704.3340000000001,exp1,5,230,1000.0,10,09-05-26-225009,0.05016636823409973
17,client1,maurits-dijk-f7ee15a6client11-95lfb,hfl-train,617.0819999999985,exp1,5,230,1000.0,10,10-05-26-193034,0.02668663354559539
10,client1,maurits-dijk-f7ee15a6client11-95lfb,hfl-train-model,776.0640000000003,exp1,5,230,1000.0,10,10-05-26-193034,0.028816730287843678
10,client1,maurits-dijk-f7ee15a6client11-95lfb,sidecar,720.174,exp1,5,230,1000.0,10,10-05-26-193034,0.04438814952197781
1,client1,maurits-dijk-f9bdae8bclient11-dswbz,hfl-train,892.644,exp1,5,230,1000.0,10,08-05-26-210948,0.048832588238496955
1,client1,maurits-dijk-f9bdae8bclient11-dswbz,hfl-train-model,860.088,exp1,5,230,1000.0,10,08-05-26-210948,0.052144236535714705
21,client1,maurits-dijk-f9bdae8bclient11-dswbz,sidecar,703.9230000000007,exp1,5,230,1000.0,10,08-05-26-210948,0.06533249731082963
14,client10,client10-694b6b97b4-hdndm,client10,907.0409999999991,exp1,5,230,1000.0,10,08-05-26-210948,0.03845326125241119
14,client10,client10-694b6b97b4-hdndm,linkerd-proxy,906.8490000000002,exp1,5,230,1000.0,10,08-05-26-210948,0.03844659631561306
7,client10,client10-694b6b97b4-hdndm,sidecar,543.9180000000006,exp1,5,230,1000.0,10,08-05-26-210948,0.03780900070403598
21,client10,client10-694b6b97b4-j8p8v,client10,677.0909999999967,exp1,5,230,1000.0,10,09-05-26-225009,0.028839424026158716
21,client10,client10-694b6b97b4-j8p8v,linkerd-proxy,677.2230000000054,exp1,5,230,1000.0,10,09-05-26-225009,0.02878525193139958
9,client10,client10-694b6b97b4-j8p8v,sidecar,873.4379999999992,exp1,5,230,1000.0,10,09-05-26-225009,0.0458009258310654
1,client10,client10-694b6b97b4-sc6zh,client10,829.6980000000001,exp1,5,230,1000.0,10,10-05-26-193034,0.031679087661982325
1,client10,client10-694b6b97b4-sc6zh,linkerd-proxy,829.7249999999999,exp1,5,230,1000.0,10,10-05-26-193034,0.031729121059371174
1,client10,client10-694b6b97b4-sc6zh,sidecar,827.097,exp1,5,230,1000.0,10,10-05-26-193034,0.03187645311876147
0,client11,client11-565c48c7c7-7l87m,client11,908.379,exp1,5,230,1000.0,10,10-05-26-193034,0.03776522921938008
0,client11,client11-565c48c7c7-7l87m,linkerd-proxy,908.166,exp1,5,230,1000.0,10,10-05-26-193034,0.037779877327472455
0,client11,client11-565c48c7c7-7l87m,sidecar,842.3880000000001,exp1,5,230,1000.0,10,10-05-26-193034,0.0466261018768061
13,client11,client11-565c48c7c7-fv6s2,client11,904.7010000000008,exp1,5,230,1000.0,10,08-05-26-210948,0.04624981413695925
13,client11,client11-565c48c7c7-fv6s2,linkerd-proxy,904.5299999999988,exp1,5,230,1000.0,10,08-05-26-210948,0.046257050728881116
13,client11,client11-565c48c7c7-fv6s2,sidecar,902.8739999999998,exp1,5,230,1000.0,10,08-05-26-210948,0.04626902421520776
13,client11,client11-565c48c7c7-m9dcb,client11,901.8450000000012,exp1,5,230,1000.0,10,09-05-26-225009,0.040637132218718314
13,client11,client11-565c48c7c7-m9dcb,linkerd-proxy,901.7010000000008,exp1,5,230,1000.0,10,09-05-26-225009,0.04063754644389336
0,client11,client11-565c48c7c7-m9dcb,sidecar,636.894,exp1,5,230,1000.0,10,09-05-26-225009,0.0289089852915424
12,client12,client12-79bc8d5846-jwjgx,client12,945.8849999999984,exp1,5,230,1000.0,10,10-05-26-193034,0.04708050835304273
12,client12,client12-79bc8d5846-jwjgx,linkerd-proxy,945.5879999999996,exp1,5,230,1000.0,10,10-05-26-193034,0.04703301712447108
12,client12,client12-79bc8d5846-jwjgx,sidecar,820.0349999999999,exp1,5,230,1000.0,10,10-05-26-193034,0.04193049180888753
6,client12,client12-79bc8d5846-q7vqg,client12,1021.0740000000004,exp1,5,230,1000.0,10,08-05-26-210948,0.059195217420309254
6,client12,client12-79bc8d5846-q7vqg,linkerd-proxy,1020.9360000000006,exp1,5,230,1000.0,10,08-05-26-210948,0.05919729775239496
6,client12,client12-79bc8d5846-q7vqg,sidecar,864.6390000000001,exp1,5,230,1000.0,10,08-05-26-210948,0.04543954320157487
15,client12,client12-79bc8d5846-z4hp9,client12,919.3709999999992,exp1,5,230,1000.0,10,09-05-26-225009,0.0408414947764687
15,client12,client12-79bc8d5846-z4hp9,linkerd-proxy,919.1820000000008,exp1,5,230,1000.0,10,09-05-26-225009,0.040815429524585334
23,client12,client12-79bc8d5846-z4hp9,sidecar,815.5499999999993,exp1,5,230,1000.0,10,09-05-26-225009,0.0451871199273057
18,client13,client13-7bf86f4f87-fz9lt,client13,832.0589999999993,exp1,5,230,1000.0,10,10-05-26-193034,0.03544469188399149
18,client13,client13-7bf86f4f87-fz9lt,linkerd-proxy,829.5300000000007,exp1,5,230,1000.0,10,10-05-26-193034,0.03587984390805429
18,client13,client13-7bf86f4f87-fz9lt,sidecar,786.6659999999993,exp1,5,230,1000.0,10,10-05-26-193034,0.05933716039883413
13,client13,client13-7bf86f4f87-rctrh,client13,835.7700000000004,exp1,5,230,1000.0,10,09-05-26-225009,0.03410716634653685
13,client13,client13-7bf86f4f87-rctrh,linkerd-proxy,832.1640000000007,exp1,5,230,1000.0,10,09-05-26-225009,0.03440724510730636
3,client13,client13-7bf86f4f87-rctrh,sidecar,417.1979999999997,exp1,5,230,1000.0,10,09-05-26-225009,0.06446634251090494
21,client13,client13-7bf86f4f87-zd66n,client13,821.3790000000008,exp1,5,230,1000.0,10,08-05-26-210948,0.04181127420086955
21,client13,client13-7bf86f4f87-zd66n,linkerd-proxy,817.9680000000008,exp1,5,230,1000.0,10,08-05-26-210948,0.04223873199308223
10,client13,client13-7bf86f4f87-zd66n,sidecar,778.2870000000003,exp1,5,230,1000.0,10,08-05-26-210948,0.043638434824118444
13,client13,maurits-dijk-01decb0eclient131-n9f6j,hfl-train,874.994999999999,exp1,5,230,1000.0,10,09-05-26-225009,0.03188306759845813
13,client13,maurits-dijk-01decb0eclient131-n9f6j,hfl-train-model,829.1190000000006,exp1,5,230,1000.0,10,09-05-26-225009,0.03456013574646466
21,client13,maurits-dijk-01decb0eclient131-n9f6j,sidecar,747.0510000000013,exp1,5,230,1000.0,10,09-05-26-225009,0.07714233716388613
18,client13,maurits-dijk-f7ee15a6client131-xj6bz,hfl-train,871.8450000000012,exp1,5,230,1000.0,10,10-05-26-193034,0.033807699459575846
18,client13,maurits-dijk-f7ee15a6client131-xj6bz,hfl-train-model,826.0020000000022,exp1,5,230,1000.0,10,10-05-26-193034,0.036025517239971966
0,client13,maurits-dijk-f7ee15a6client131-xj6bz,sidecar,790.401,exp1,5,230,1000.0,10,10-05-26-193034,0.04556066054017435
21,client13,maurits-dijk-f9bdae8bclient131-rf7k8,hfl-train,861.2069999999985,exp1,5,230,1000.0,10,08-05-26-210948,0.03906325549648523
21,client13,maurits-dijk-f9bdae8bclient131-rf7k8,hfl-train-model,814.482,exp1,5,230,1000.0,10,08-05-26-210948,0.04230715709094823
10,client13,maurits-dijk-f9bdae8bclient131-rf7k8,sidecar,677.6940000000004,exp1,5,230,1000.0,10,08-05-26-210948,0.055148423805536195
16,client14,client14-856b5b5576-5k67j,client14,917.0040000000008,exp1,5,230,1000.0,10,08-05-26-210948,0.03943971615373523
16,client14,client14-856b5b5576-5k67j,linkerd-proxy,916.8090000000012,exp1,5,230,1000.0,10,08-05-26-210948,0.039464960361231594
16,client14,client14-856b5b5576-5k67j,sidecar,915.0840000000009,exp1,5,230,1000.0,10,08-05-26-210948,0.0394917064678563
1,client14,client14-856b5b5576-5p2vt,client14,943.5749999999998,exp1,5,230,1000.0,10,10-05-26-193034,0.050116377316220345
1,client14,client14-856b5b5576-5p2vt,linkerd-proxy,943.1700000000004,exp1,5,230,1000.0,10,10-05-26-193034,0.050086466579654265
1,client14,client14-856b5b5576-5p2vt,sidecar,914.514,exp1,5,230,1000.0,10,10-05-26-193034,0.04908739789875713
19,client14,client14-856b5b5576-5qc8m,client14,902.9160000000012,exp1,5,230,1000.0,10,09-05-26-225009,0.0377438020875559
19,client14,client14-856b5b5576-5qc8m,linkerd-proxy,902.6189999999988,exp1,5,230,1000.0,10,09-05-26-225009,0.037745771439551795
19,client14,client14-856b5b5576-5qc8m,sidecar,900.9239999999992,exp1,5,230,1000.0,10,09-05-26-225009,0.037767326378071314
1,client15,client15-79c969ddf-fwzsg,client15,895.1010000000001,exp1,5,230,1000.0,10,08-05-26-210948,0.03744570543787634
1,client15,client15-79c969ddf-fwzsg,linkerd-proxy,894.8309999999999,exp1,5,230,1000.0,10,08-05-26-210948,0.03744335776600893
1,client15,client15-79c969ddf-fwzsg,sidecar,893.2320000000002,exp1,5,230,1000.0,10,08-05-26-210948,0.03745148746262772
12,client15,client15-79c969ddf-hq7sd,client15,961.7610000000004,exp1,5,230,1000.0,10,09-05-26-225009,0.04873070975798133
12,client15,client15-79c969ddf-hq7sd,linkerd-proxy,961.4400000000004,exp1,5,230,1000.0,10,09-05-26-225009,0.048729388213854224
12,client15,client15-79c969ddf-hq7sd,sidecar,959.9550000000016,exp1,5,230,1000.0,10,09-05-26-225009,0.04877493246070108
15,client15,client15-79c969ddf-lvk4k,client15,915.9179999999996,exp1,5,230,1000.0,10,10-05-26-193034,0.04179856044752753
15,client15,client15-79c969ddf-lvk4k,linkerd-proxy,915.5369999999984,exp1,5,230,1000.0,10,10-05-26-193034,0.041780327016228774
15,client15,client15-79c969ddf-lvk4k,sidecar,914.1239999999998,exp1,5,230,1000.0,10,10-05-26-193034,0.045912107874656716
18,client16,client16-6dc7f87f54-hjfmk,client16,896.0670000000009,exp1,5,230,1000.0,10,09-05-26-225009,0.035447693649810846
18,client16,client16-6dc7f87f54-hjfmk,linkerd-proxy,895.857,exp1,5,230,1000.0,10,09-05-26-225009,0.035425247970187174
18,client16,client16-6dc7f87f54-hjfmk,sidecar,893.9010000000017,exp1,5,230,1000.0,10,09-05-26-225009,0.03552901735150879
15,client16,client16-6dc7f87f54-kzbrz,client16,925.4310000000004,exp1,5,230,1000.0,10,10-05-26-193034,0.040516613903100546
15,client16,client16-6dc7f87f54-kzbrz,linkerd-proxy,925.1370000000006,exp1,5,230,1000.0,10,10-05-26-193034,0.040504616730954346
5,client16,client16-6dc7f87f54-kzbrz,sidecar,837.1170000000002,exp1,5,230,1000.0,10,10-05-26-193034,0.03454765151627273
6,client16,client16-6dc7f87f54-pffhl,client16,922.491,exp1,5,230,1000.0,10,08-05-26-210948,0.043858250575066204
6,client16,client16-6dc7f87f54-pffhl,linkerd-proxy,922.3379999999988,exp1,5,230,1000.0,10,08-05-26-210948,0.043863602444004335
6,client16,client16-6dc7f87f54-pffhl,sidecar,920.1450000000004,exp1,5,230,1000.0,10,08-05-26-210948,0.043932803533779596
3,client17,client17-69b85b5ccf-cqlvc,client17,827.5319999999997,exp1,5,230,1000.0,10,08-05-26-210948,0.03943742468633987
3,client17,client17-69b85b5ccf-cqlvc,linkerd-proxy,823.3380000000002,exp1,5,230,1000.0,10,08-05-26-210948,0.039196463695770234
6,client17,client17-69b85b5ccf-cqlvc,sidecar,765.7260000000006,exp1,5,230,1000.0,10,08-05-26-210948,0.03673326305597094
23,client17,client17-69b85b5ccf-xlmnf,client17,829.755000000001,exp1,5,230,1000.0,10,10-05-26-193034,0.038132558983100834
23,client17,client17-69b85b5ccf-xlmnf,linkerd-proxy,826.2390000000014,exp1,5,230,1000.0,10,10-05-26-193034,0.038185822155296756
23,client17,client17-69b85b5ccf-xlmnf,sidecar,774.4259999999995,exp1,5,230,1000.0,10,10-05-26-193034,0.05129470307728887
4,client17,client17-69b85b5ccf-xz6z6,client17,837.1229999999996,exp1,5,230,1000.0,10,09-05-26-225009,0.04930842937588195
23,client17,client17-69b85b5ccf-xz6z6,linkerd-proxy,834.521999999999,exp1,5,230,1000.0,10,09-05-26-225009,0.04951295706092779
23,client17,client17-69b85b5ccf-xz6z6,sidecar,804.7680000000018,exp1,5,230,1000.0,10,09-05-26-225009,0.07013230525939348
4,client17,maurits-dijk-01decb0eclient171-zrmdp,hfl-train,870.9570000000003,exp1,5,230,1000.0,10,09-05-26-225009,0.04832393794900153
23,client17,maurits-dijk-01decb0eclient171-zrmdp,hfl-train-model,831.7830000000013,exp1,5,230,1000.0,10,09-05-26-225009,0.04980390593656328
23,client17,maurits-dijk-01decb0eclient171-zrmdp,sidecar,819.5160000000014,exp1,5,230,1000.0,10,09-05-26-225009,0.08073719056117817
23,client17,maurits-dijk-f7ee15a6client171-cjdxj,hfl-train,858.7619999999988,exp1,5,230,1000.0,10,10-05-26-193034,0.036573414428567125
23,client17,maurits-dijk-f7ee15a6client171-cjdxj,hfl-train-model,823.5750000000007,exp1,5,230,1000.0,10,10-05-26-193034,0.038341669805804085
17,client17,maurits-dijk-f7ee15a6client171-cjdxj,sidecar,700.3680000000004,exp1,5,230,1000.0,10,10-05-26-193034,0.04478773369050501
3,client17,maurits-dijk-f9bdae8bclient171-lbgvh,hfl-train,860.0100000000002,exp1,5,230,1000.0,10,08-05-26-210948,0.03844571274398009
3,client17,maurits-dijk-f9bdae8bclient171-lbgvh,hfl-train-model,820.098,exp1,5,230,1000.0,10,08-05-26-210948,0.039268981315210755
14,client17,maurits-dijk-f9bdae8bclient171-lbgvh,sidecar,675.9480000000003,exp1,5,230,1000.0,10,08-05-26-210948,0.038306006547691424
23,client18,client18-69db77c748-jxcqz,client18,988.2089999999988,exp1,5,230,1000.0,10,10-05-26-193034,0.05926063588781777
23,client18,client18-69db77c748-jxcqz,linkerd-proxy,988.0290000000024,exp1,5,230,1000.0,10,10-05-26-193034,0.059289756051095155
23,client18,client18-69db77c748-jxcqz,sidecar,986.3610000000008,exp1,5,230,1000.0,10,10-05-26-193034,0.059335051776169295
10,client18,client18-69db77c748-rpjf9,client18,931.6530000000002,exp1,5,230,1000.0,10,08-05-26-210948,0.045866682275710086
10,client18,client18-69db77c748-rpjf9,linkerd-proxy,931.464,exp1,5,230,1000.0,10,08-05-26-210948,0.04588024469281471
10,client18,client18-69db77c748-rpjf9,sidecar,929.706000000002,exp1,5,230,1000.0,10,08-05-26-210948,0.045910416824390704
13,client18,client18-69db77c748-rv7kk,client18,878.5139999999992,exp1,5,230,1000.0,10,09-05-26-225009,0.03446429142143598
13,client18,client18-69db77c748-rv7kk,linkerd-proxy,878.3040000000001,exp1,5,230,1000.0,10,09-05-26-225009,0.034465360163522224
13,client18,client18-69db77c748-rv7kk,sidecar,876.7950000000001,exp1,5,230,1000.0,10,09-05-26-225009,0.034511814356556925
4,client19,client19-56fccdb4d9-8c7lt,client19,953.2410000000004,exp1,5,230,1000.0,10,08-05-26-210948,0.05261971573634058
4,client19,client19-56fccdb4d9-8c7lt,linkerd-proxy,953.1659999999996,exp1,5,230,1000.0,10,08-05-26-210948,0.05264753462970809
4,client19,client19-56fccdb4d9-8c7lt,sidecar,951.4170000000004,exp1,5,230,1000.0,10,08-05-26-210948,0.05268092319004081
3,client19,client19-56fccdb4d9-96vhk,client19,964.4129999999996,exp1,5,230,1000.0,10,10-05-26-193034,0.05172076340827983
3,client19,client19-56fccdb4d9-96vhk,linkerd-proxy,964.248,exp1,5,230,1000.0,10,10-05-26-193034,0.05173300335441422
24,client19,client19-56fccdb4d9-96vhk,sidecar,881.8140000000021,exp1,5,230,1000.0,10,10-05-26-193034,0.0512948715946458
5,client19,client19-56fccdb4d9-kgq6m,client19,920.4449999999996,exp1,5,230,1000.0,10,09-05-26-225009,0.0439606981679061
5,client19,client19-56fccdb4d9-kgq6m,linkerd-proxy,920.4149999999996,exp1,5,230,1000.0,10,09-05-26-225009,0.04400683057861257
5,client19,client19-56fccdb4d9-kgq6m,sidecar,918.63,exp1,5,230,1000.0,10,09-05-26-225009,0.04402638430363892
18,client2,client2-86cd6d8cf7-6c4xb,client2,979.8629999999994,exp1,5,230,1000.0,10,09-05-26-225009,0.047676389238420186
18,client2,client2-86cd6d8cf7-6c4xb,linkerd-proxy,979.6710000000004,exp1,5,230,1000.0,10,09-05-26-225009,0.04767731466148625
18,client2,client2-86cd6d8cf7-6c4xb,sidecar,978.0390000000008,exp1,5,230,1000.0,10,09-05-26-225009,0.04772318836238698
20,client2,client2-86cd6d8cf7-k56gc,client2,919.5570000000008,exp1,5,230,1000.0,10,08-05-26-210948,0.042875244417452135
20,client2,client2-86cd6d8cf7-k56gc,linkerd-proxy,919.527,exp1,5,230,1000.0,10,08-05-26-210948,0.04291583679390393
20,client2,client2-86cd6d8cf7-k56gc,sidecar,917.8649999999998,exp1,5,230,1000.0,10,08-05-26-210948,0.04294777458500959
23,client2,client2-86cd6d8cf7-zfjkn,client2,1053.3780000000006,exp1,5,230,1000.0,10,10-05-26-193034,0.07144667150210618
23,client2,client2-86cd6d8cf7-zfjkn,linkerd-proxy,1053.255000000001,exp1,5,230,1000.0,10,10-05-26-193034,0.0714585183903606
23,client2,client2-86cd6d8cf7-zfjkn,sidecar,1051.554,exp1,5,230,1000.0,10,10-05-26-193034,0.07154259165207619
14,client20,client20-65f8864f77-ljwt5,client20,898.4669999999987,exp1,5,230,1000.0,10,09-05-26-225009,0.03283932939021336
14,client20,client20-65f8864f77-ljwt5,linkerd-proxy,898.3860000000004,exp1,5,230,1000.0,10,09-05-26-225009,0.03286800428795206
2,client20,client20-65f8864f77-ljwt5,sidecar,636.5430000000001,exp1,5,230,1000.0,10,09-05-26-225009,0.03389575657551408
23,client20,client20-65f8864f77-svj45,client20,920.5950000000012,exp1,5,230,1000.0,10,08-05-26-210948,0.04338383878290489
23,client20,client20-65f8864f77-svj45,linkerd-proxy,920.3489999999985,exp1,5,230,1000.0,10,08-05-26-210948,0.04336967026395061
23,client20,client20-65f8864f77-svj45,sidecar,918.7829999999994,exp1,5,230,1000.0,10,08-05-26-210948,0.04903942383989682
0,client20,client20-65f8864f77-whpbw,client20,948.72,exp1,5,230,1000.0,10,10-05-26-193034,0.045748568884606405
0,client20,client20-65f8864f77-whpbw,linkerd-proxy,948.465,exp1,5,230,1000.0,10,10-05-26-193034,0.04574178477903204
0,client20,client20-65f8864f77-whpbw,sidecar,946.989,exp1,5,230,1000.0,10,10-05-26-193034,0.045827092420340027
21,client3,client3-58c68898cd-22xhq,client3,908.6160000000018,exp1,5,230,1000.0,10,09-05-26-225009,0.03968923359059584
21,client3,client3-58c68898cd-22xhq,linkerd-proxy,908.5859999999992,exp1,5,230,1000.0,10,09-05-26-225009,0.03970368201788968
21,client3,client3-58c68898cd-22xhq,sidecar,906.0210000000006,exp1,5,230,1000.0,10,09-05-26-225009,0.03973113025068842
4,client3,client3-58c68898cd-d6vxr,client3,924.9719999999998,exp1,5,230,1000.0,10,08-05-26-210948,0.04062072077417864
4,client3,client3-58c68898cd-d6vxr,linkerd-proxy,924.819,exp1,5,230,1000.0,10,08-05-26-210948,0.040599086063678624
4,client3,client3-58c68898cd-d6vxr,sidecar,922.4190000000004,exp1,5,230,1000.0,10,08-05-26-210948,0.04066774464100978
15,client3,client3-58c68898cd-pz8ps,client3,905.8139999999984,exp1,5,230,1000.0,10,10-05-26-193034,0.03977978079655611
15,client3,client3-58c68898cd-pz8ps,linkerd-proxy,905.553,exp1,5,230,1000.0,10,10-05-26-193034,0.039729367472611715
15,client3,client3-58c68898cd-pz8ps,sidecar,903.2249999999984,exp1,5,230,1000.0,10,10-05-26-193034,0.03982823801460639
17,client4,client4-744474fb99-5qgzz,client4,846.4590000000007,exp1,5,230,1000.0,10,08-05-26-210948,0.030300724250195615
17,client4,client4-744474fb99-5qgzz,linkerd-proxy,846.3990000000013,exp1,5,230,1000.0,10,08-05-26-210948,0.030310319699123095
17,client4,client4-744474fb99-5qgzz,sidecar,844.0260000000017,exp1,5,230,1000.0,10,08-05-26-210948,0.03034258540543916
10,client4,client4-744474fb99-bxnhl,client4,871.7249999999995,exp1,5,230,1000.0,10,10-05-26-193034,0.030820914324581866
10,client4,client4-744474fb99-bxnhl,linkerd-proxy,871.6020000000017,exp1,5,230,1000.0,10,10-05-26-193034,0.030825432894354632
10,client4,client4-744474fb99-bxnhl,sidecar,869.322000000001,exp1,5,230,1000.0,10,10-05-26-193034,0.03087552034471286
1,client4,client4-744474fb99-qjfgr,client4,960.6299999999997,exp1,5,230,1000.0,10,09-05-26-225009,0.04450044607456494
1,client4,client4-744474fb99-qjfgr,linkerd-proxy,960.4949999999995,exp1,5,230,1000.0,10,09-05-26-225009,0.04448340877595941
1,client4,client4-744474fb99-qjfgr,sidecar,958.1699999999998,exp1,5,230,1000.0,10,09-05-26-225009,0.04457349432807042
20,client5,client5-7d5ff7f8b4-79mqr,client5,807.7530000000006,exp1,5,230,1000.0,10,10-05-26-193034,0.038088520958301064
20,client5,client5-7d5ff7f8b4-79mqr,linkerd-proxy,803.6100000000006,exp1,5,230,1000.0,10,10-05-26-193034,0.03801600998375801
20,client5,client5-7d5ff7f8b4-79mqr,sidecar,782.3099999999995,exp1,5,230,1000.0,10,10-05-26-193034,0.06439791622345944
12,client5,client5-7d5ff7f8b4-7dnpx,client5,783.2010000000009,exp1,5,230,1000.0,10,08-05-26-210948,0.03500757676152136
12,client5,client5-7d5ff7f8b4-7dnpx,linkerd-proxy,781.0409999999993,exp1,5,230,1000.0,10,08-05-26-210948,0.03548610278551026
15,client5,client5-7d5ff7f8b4-7dnpx,sidecar,394.59000000000015,exp1,5,230,1000.0,10,08-05-26-210948,0.06180737717340071
18,client5,client5-7d5ff7f8b4-p6wnh,client5,781.1970000000001,exp1,5,230,1000.0,10,09-05-26-225009,0.033566701522239506
18,client5,client5-7d5ff7f8b4-p6wnh,linkerd-proxy,776.8259999999991,exp1,5,230,1000.0,10,09-05-26-225009,0.033529498018039255
15,client5,client5-7d5ff7f8b4-p6wnh,sidecar,751.1309999999994,exp1,5,230,1000.0,10,09-05-26-225009,0.05713962828128144
18,client5,maurits-dijk-01decb0eclient51-2qm72,hfl-train,813.2849999999999,exp1,5,230,1000.0,10,09-05-26-225009,0.03300088974530879
18,client5,maurits-dijk-01decb0eclient51-2qm72,hfl-train-model,773.6790000000001,exp1,5,230,1000.0,10,09-05-26-225009,0.0334243739135166
18,client5,maurits-dijk-01decb0eclient51-2qm72,sidecar,711.7950000000001,exp1,5,230,1000.0,10,09-05-26-225009,0.046800035450832
20,client5,maurits-dijk-f7ee15a6client51-hl27b,hfl-train,833.0339999999978,exp1,5,230,1000.0,10,10-05-26-193034,0.03612453180523292
20,client5,maurits-dijk-f7ee15a6client51-hl27b,hfl-train-model,801.476999999999,exp1,5,230,1000.0,10,10-05-26-193034,0.03820431481851638
20,client5,maurits-dijk-f7ee15a6client51-hl27b,sidecar,628.4879999999994,exp1,5,230,1000.0,10,10-05-26-193034,0.03835502813015862
22,client5,maurits-dijk-f9bdae8bclient51-wrbcs,hfl-train,814.9590000000007,exp1,5,230,1000.0,10,08-05-26-210948,0.035168134752160574
12,client5,maurits-dijk-f9bdae8bclient51-wrbcs,hfl-train-model,779.0100000000002,exp1,5,230,1000.0,10,08-05-26-210948,0.03563579316864246
12,client5,maurits-dijk-f9bdae8bclient51-wrbcs,sidecar,722.7060000000001,exp1,5,230,1000.0,10,08-05-26-210948,0.05482970870533935
4,client6,client6-785d875985-24l9p,client6,909.006,exp1,5,230,1000.0,10,09-05-26-225009,0.034971638744547784
4,client6,client6-785d875985-24l9p,linkerd-proxy,908.5470000000004,exp1,5,230,1000.0,10,09-05-26-225009,0.0349245348325645
4,client6,client6-785d875985-24l9p,sidecar,906.942,exp1,5,230,1000.0,10,09-05-26-225009,0.03503754318054633
0,client6,client6-785d875985-2qrc8,client6,899.817,exp1,5,230,1000.0,10,08-05-26-210948,0.041197581232693736
0,client6,client6-785d875985-2qrc8,linkerd-proxy,899.2949999999998,exp1,5,230,1000.0,10,08-05-26-210948,0.041143114339078246
0,client6,client6-785d875985-2qrc8,sidecar,897.2429999999999,exp1,5,230,1000.0,10,08-05-26-210948,0.04121845920463621
7,client6,client6-785d875985-7gb7f,client6,950.1870000000008,exp1,5,230,1000.0,10,10-05-26-193034,0.036709037737067185
7,client6,client6-785d875985-7gb7f,linkerd-proxy,949.8869999999996,exp1,5,230,1000.0,10,10-05-26-193034,0.03671289410456213
17,client6,client6-785d875985-7gb7f,sidecar,942.75,exp1,5,230,1000.0,10,10-05-26-193034,0.04997961851249744
5,client7,client7-544486cc98-7zjjf,client7,956.4390000000004,exp1,5,230,1000.0,10,09-05-26-225009,0.040062170412907216
5,client7,client7-544486cc98-7zjjf,linkerd-proxy,956.1089999999996,exp1,5,230,1000.0,10,09-05-26-225009,0.04009021789496123
5,client7,client7-544486cc98-7zjjf,sidecar,954.8369999999996,exp1,5,230,1000.0,10,09-05-26-225009,0.04012138185112532
18,client7,client7-544486cc98-bdr92,client7,920.955,exp1,5,230,1000.0,10,10-05-26-193034,0.032648874798842015
18,client7,client7-544486cc98-bdr92,linkerd-proxy,920.697000000002,exp1,5,230,1000.0,10,10-05-26-193034,0.03267698036731109
18,client7,client7-544486cc98-bdr92,sidecar,919.3259999999992,exp1,5,230,1000.0,10,10-05-26-193034,0.032671868748128136
23,client7,client7-544486cc98-vfcw4,client7,1023.6870000000016,exp1,5,230,1000.0,10,08-05-26-210948,0.06522779561109185
23,client7,client7-544486cc98-vfcw4,linkerd-proxy,1023.3089999999976,exp1,5,230,1000.0,10,08-05-26-210948,0.0652246113526859
23,client7,client7-544486cc98-vfcw4,sidecar,1021.9379999999984,exp1,5,230,1000.0,10,08-05-26-210948,0.06527840240910701
11,client8,client8-5845965f99-nq5x8,client8,966.9419999999992,exp1,5,230,1000.0,10,09-05-26-225009,0.042615522508279435
11,client8,client8-5845965f99-nq5x8,linkerd-proxy,966.4649999999984,exp1,5,230,1000.0,10,09-05-26-225009,0.04259762186558555
2,client8,client8-5845965f99-nq5x8,sidecar,579.7889999999998,exp1,5,230,1000.0,10,09-05-26-225009,0.050242907170612944
16,client8,client8-5845965f99-rfm7q,client8,924.510000000002,exp1,5,230,1000.0,10,08-05-26-210948,0.03985325504835921
16,client8,client8-5845965f99-rfm7q,linkerd-proxy,924.1440000000002,exp1,5,230,1000.0,10,08-05-26-210948,0.039864245230636974
16,client8,client8-5845965f99-rfm7q,sidecar,922.8780000000006,exp1,5,230,1000.0,10,08-05-26-210948,0.05333138198229337
7,client8,client8-5845965f99-rz5td,client8,925.9379999999992,exp1,5,230,1000.0,10,10-05-26-193034,0.039137118250319236
7,client8,client8-5845965f99-rz5td,linkerd-proxy,925.4280000000008,exp1,5,230,1000.0,10,10-05-26-193034,0.03910747693910008
22,client8,client8-5845965f99-rz5td,sidecar,904.9019999999982,exp1,5,230,1000.0,10,10-05-26-193034,0.04798962043711533
7,client9,client9-d68fb99b4-2trhh,client9,824.5349999999999,exp1,5,230,1000.0,10,10-05-26-193034,0.03709852007278219
7,client9,client9-d68fb99b4-2trhh,linkerd-proxy,822.4409999999998,exp1,5,230,1000.0,10,10-05-26-193034,0.03713804278751778
7,client9,client9-d68fb99b4-2trhh,sidecar,729.3869999999997,exp1,5,230,1000.0,10,10-05-26-193034,0.04454053155698709
3,client9,client9-d68fb99b4-759gp,client9,854.058,exp1,5,230,1000.0,10,08-05-26-210948,0.04677134941188174
3,client9,client9-d68fb99b4-759gp,linkerd-proxy,852.8909999999996,exp1,5,230,1000.0,10,08-05-26-210948,0.04701459501182753
3,client9,client9-d68fb99b4-759gp,sidecar,734.6310000000003,exp1,5,230,1000.0,10,08-05-26-210948,0.04534759564291441
18,client9,client9-d68fb99b4-tp6w5,client9,823.4609999999993,exp1,5,230,1000.0,10,09-05-26-225009,0.0388422519794307
18,client9,client9-d68fb99b4-tp6w5,linkerd-proxy,822.4620000000014,exp1,5,230,1000.0,10,09-05-26-225009,0.0390641427076146
1,client9,client9-d68fb99b4-tp6w5,sidecar,718.7549999999999,exp1,5,230,1000.0,10,09-05-26-225009,0.05033590454461173
18,client9,maurits-dijk-01decb0eclient91-77grk,hfl-train,856.5869999999977,exp1,5,230,1000.0,10,09-05-26-225009,0.03814780778930987
18,client9,maurits-dijk-01decb0eclient91-77grk,hfl-train-model,816.6029999999992,exp1,5,230,1000.0,10,09-05-26-225009,0.03929601825203333
19,client9,maurits-dijk-01decb0eclient91-77grk,sidecar,477.3090000000011,exp1,5,230,1000.0,10,09-05-26-225009,0.04198105153974355
7,client9,maurits-dijk-f7ee15a6client91-vg8lc,hfl-train,852.6030000000001,exp1,5,230,1000.0,10,10-05-26-193034,0.035085058155400306
7,client9,maurits-dijk-f7ee15a6client91-vg8lc,hfl-train-model,816.4949999999999,exp1,5,230,1000.0,10,10-05-26-193034,0.03729577375956375
19,client9,maurits-dijk-f7ee15a6client91-vg8lc,sidecar,474.6329999999998,exp1,5,230,1000.0,10,10-05-26-193034,0.041725615370529434
3,client9,maurits-dijk-f9bdae8bclient91-8xfzw,hfl-train,883.0290000000005,exp1,5,230,1000.0,10,08-05-26-210948,0.0449344873188674
3,client9,maurits-dijk-f9bdae8bclient91-8xfzw,hfl-train-model,847.0619999999999,exp1,5,230,1000.0,10,08-05-26-210948,0.0473058232705128
1,client9,maurits-dijk-f9bdae8bclient91-8xfzw,sidecar,745.077,exp1,5,230,1000.0,10,08-05-26-210948,0.04077790091809702
7,orchestrator,orchestrator-555f7b7c9d-8lxgd,linkerd-proxy,420.6839999999997,exp1,5,230,1000.0,10,10-05-26-193034,0.029734077109248663
19,orchestrator,orchestrator-555f7b7c9d-8lxgd,orchestrator,353.6850000000004,exp1,5,230,1000.0,10,10-05-26-193034,0.0668111685899096
19,orchestrator,orchestrator-555f7b7c9d-8lxgd,sidecar,405.91799999999967,exp1,5,230,1000.0,10,10-05-26-193034,0.050146547838850336
0,orchestrator,orchestrator-555f7b7c9d-hzdw9,linkerd-proxy,417.96,exp1,5,230,1000.0,10,08-05-26-210948,0.030833919025252204
22,orchestrator,orchestrator-555f7b7c9d-hzdw9,orchestrator,293.0430000000006,exp1,5,230,1000.0,10,08-05-26-210948,0.07812228241281294
1,orchestrator,orchestrator-555f7b7c9d-hzdw9,sidecar,259.47,exp1,5,230,1000.0,10,08-05-26-210948,0.04216326404603718
9,orchestrator,orchestrator-555f7b7c9d-vp7bn,linkerd-proxy,419.94000000000005,exp1,5,230,1000.0,10,09-05-26-225009,0.03029196416707272
11,orchestrator,orchestrator-555f7b7c9d-vp7bn,orchestrator,161.28300000000036,exp1,5,230,1000.0,10,09-05-26-225009,0.043465823328104725
12,orchestrator,orchestrator-555f7b7c9d-vp7bn,sidecar,389.1479999999997,exp1,5,230,1000.0,10,09-05-26-225009,0.03895391689520347
9,orchestrator,policy-enforcer-cb8dccbd8-9h6tn,linkerd-proxy,420.0060000000003,exp1,5,230,1000.0,10,09-05-26-225009,0.030351243960179713
18,orchestrator,policy-enforcer-cb8dccbd8-9h6tn,policy-enforcer,141.15299999999934,exp1,5,230,1000.0,10,09-05-26-225009,0.08871076955534306
9,orchestrator,policy-enforcer-cb8dccbd8-9h6tn,sidecar,418.94699999999966,exp1,5,230,1000.0,10,09-05-26-225009,0.05203655830999421
0,orchestrator,policy-enforcer-cb8dccbd8-ks275,linkerd-proxy,417.9810000000001,exp1,5,230,1000.0,10,08-05-26-210948,0.030721005542578922
20,orchestrator,policy-enforcer-cb8dccbd8-ks275,policy-enforcer,157.1189999999997,exp1,5,230,1000.0,10,08-05-26-210948,0.07931512970862786
22,orchestrator,policy-enforcer-cb8dccbd8-ks275,sidecar,391.22400000000016,exp1,5,230,1000.0,10,08-05-26-210948,0.039731615647176394
7,orchestrator,policy-enforcer-cb8dccbd8-ng7zp,linkerd-proxy,420.6420000000003,exp1,5,230,1000.0,10,10-05-26-193034,0.02971446771351713
13,orchestrator,policy-enforcer-cb8dccbd8-ng7zp,policy-enforcer,262.962,exp1,5,230,1000.0,10,10-05-26-193034,0.027028656293636016
17,orchestrator,policy-enforcer-cb8dccbd8-ng7zp,sidecar,408.9389999999994,exp1,5,230,1000.0,10,10-05-26-193034,0.04400209327445809
0,server,maurits-dijk-01decb0eserver1-c4psb,hfl-train,567.0540000000001,exp1,5,230,1000.0,10,09-05-26-225009,0.026887817455189228
4,server,maurits-dijk-01decb0eserver1-c4psb,hfl-train-model,706.755000000001,exp1,5,230,1000.0,10,09-05-26-225009,0.02341766130553699
16,server,maurits-dijk-01decb0eserver1-c4psb,sidecar,503.0249999999997,exp1,5,230,1000.0,10,09-05-26-225009,0.03517148835555653
14,server,maurits-dijk-f7ee15a6server1-slhgd,hfl-train,631.902,exp1,5,230,1000.0,10,10-05-26-193034,0.03754498998020131
14,server,maurits-dijk-f7ee15a6server1-slhgd,hfl-train-model,980.9610000000011,exp1,5,230,1000.0,10,10-05-26-193034,0.030281164581826087
14,server,maurits-dijk-f7ee15a6server1-slhgd,sidecar,544.0950000000003,exp1,5,230,1000.0,10,10-05-26-193034,0.06171639411642488
2,server,maurits-dijk-f9bdae8bserver1-d84vt,hfl-train,598.7280000000001,exp1,5,230,1000.0,10,08-05-26-210948,0.040488688836650244
21,server,maurits-dijk-f9bdae8bserver1-d84vt,hfl-train-model,916.9770000000026,exp1,5,230,1000.0,10,08-05-26-210948,0.029462096789660802
1,server,maurits-dijk-f9bdae8bserver1-d84vt,sidecar,281.256,exp1,5,230,1000.0,10,08-05-26-210948,0.06713881398269303
14,server,server-656f98b57f-69nws,linkerd-proxy,635.2680000000009,exp1,5,230,1000.0,10,10-05-26-193034,0.036884526121073374
14,server,server-656f98b57f-69nws,server,650.0970000000007,exp1,5,230,1000.0,10,10-05-26-193034,0.035648809227108
15,server,server-656f98b57f-69nws,sidecar,349.7340000000004,exp1,5,230,1000.0,10,10-05-26-193034,0.04529038717728334
2,server,server-656f98b57f-cw5v7,linkerd-proxy,603.2669999999998,exp1,5,230,1000.0,10,08-05-26-210948,0.04039624777263526
2,server,server-656f98b57f-cw5v7,server,612.354,exp1,5,230,1000.0,10,08-05-26-210948,0.03708041512729246
2,server,server-656f98b57f-cw5v7,sidecar,575.4479999999999,exp1,5,230,1000.0,10,08-05-26-210948,0.060634384677857533
3,server,server-656f98b57f-khmgg,linkerd-proxy,571.5659999999998,exp1,5,230,1000.0,10,09-05-26-225009,0.026549878785031983
3,server,server-656f98b57f-khmgg,server,587.9880000000003,exp1,5,230,1000.0,10,09-05-26-225009,0.02595275531673963
6,server,server-656f98b57f-khmgg,sidecar,537.3089999999997,exp1,5,230,1000.0,10,09-05-26-225009,0.04014483703552882
16,api-gateway,api-gateway-6bf76d45b7-7cff8,api-gateway,453.6450000000005,exp1,5,260,1000.0,10,10-05-26-204321,0.02919859696236332
16,api-gateway,api-gateway-6bf76d45b7-7cff8,linkerd-proxy,453.91799999999967,exp1,5,260,1000.0,10,10-05-26-204321,0.034135549674254445
1,api-gateway,api-gateway-6bf76d45b7-7cff8,sidecar,237.84000000000003,exp1,5,260,1000.0,10,10-05-26-204321,0.05802731323030355
20,api-gateway,api-gateway-6bf76d45b7-lxgtv,api-gateway,440.7390000000005,exp1,5,260,1000.0,10,08-05-26-222235,0.028754429041926072
18,api-gateway,api-gateway-6bf76d45b7-lxgtv,linkerd-proxy,437.451,exp1,5,260,1000.0,10,08-05-26-222235,0.030571951235136702
18,api-gateway,api-gateway-6bf76d45b7-lxgtv,sidecar,417.0479999999998,exp1,5,260,1000.0,10,08-05-26-222235,0.06491476925570241
4,api-gateway,api-gateway-6bf76d45b7-qhssl,api-gateway,454.566,exp1,5,260,1000.0,10,10-05-26-000257,0.035212701791775464
4,api-gateway,api-gateway-6bf76d45b7-qhssl,linkerd-proxy,449.21400000000017,exp1,5,260,1000.0,10,10-05-26-000257,0.03532355711974458
7,api-gateway,api-gateway-6bf76d45b7-qhssl,sidecar,401.8620000000001,exp1,5,260,1000.0,10,10-05-26-000257,0.048583638798893575
18,client1,client1-7b9db886dd-2plqw,client1,830.7600000000002,exp1,5,260,1000.0,10,10-05-26-204321,0.043355218366052994
18,client1,client1-7b9db886dd-2plqw,linkerd-proxy,831.6060000000016,exp1,5,260,1000.0,10,10-05-26-204321,0.0437270306690761
18,client1,client1-7b9db886dd-2plqw,sidecar,800.0910000000022,exp1,5,260,1000.0,10,10-05-26-204321,0.052882289633536445
0,client1,client1-7b9db886dd-bdxrx,client1,808.2,exp1,5,260,1000.0,10,08-05-26-222235,0.03477816780090648
0,client1,client1-7b9db886dd-bdxrx,linkerd-proxy,806.0339999999999,exp1,5,260,1000.0,10,08-05-26-222235,0.03447523247727016
0,client1,client1-7b9db886dd-bdxrx,sidecar,801.5010000000001,exp1,5,260,1000.0,10,08-05-26-222235,0.05227337051820238
6,client1,client1-7b9db886dd-hzgxw,client1,800.2709999999997,exp1,5,260,1000.0,10,10-05-26-000257,0.03571338259064408
6,client1,client1-7b9db886dd-hzgxw,linkerd-proxy,800.6760000000004,exp1,5,260,1000.0,10,10-05-26-000257,0.036017000507194086
14,client1,client1-7b9db886dd-hzgxw,sidecar,778.0589999999993,exp1,5,260,1000.0,10,10-05-26-000257,0.04752323761905586
0,client1,maurits-dijk-792545d4client11-zw8x5,hfl-train,832.17,exp1,5,260,1000.0,10,08-05-26-222235,0.03362426832996787
0,client1,maurits-dijk-792545d4client11-zw8x5,hfl-train-model,800.796,exp1,5,260,1000.0,10,08-05-26-222235,0.03493305077903017
2,client1,maurits-dijk-792545d4client11-zw8x5,sidecar,390.2850000000001,exp1,5,260,1000.0,10,08-05-26-222235,0.05593528625870134
18,client1,maurits-dijk-aab180edclient11-t4rcz,hfl-train,854.7090000000007,exp1,5,260,1000.0,10,10-05-26-204321,0.04159927492341209
18,client1,maurits-dijk-aab180edclient11-t4rcz,hfl-train-model,825.6510000000017,exp1,5,260,1000.0,10,10-05-26-204321,0.04405045053803025
18,client1,maurits-dijk-aab180edclient11-t4rcz,sidecar,730.4190000000017,exp1,5,260,1000.0,10,10-05-26-204321,0.05210374443059776
6,client1,maurits-dijk-e38e5913client11-pgj4v,hfl-train,829.098,exp1,5,260,1000.0,10,10-05-26-000257,0.03557000733647209
19,client1,maurits-dijk-e38e5913client11-pgj4v,hfl-train-model,794.0010000000002,exp1,5,260,1000.0,10,10-05-26-000257,0.03605464805087108
8,client1,maurits-dijk-e38e5913client11-pgj4v,sidecar,709.8869999999997,exp1,5,260,1000.0,10,10-05-26-000257,0.04390290255880122
15,client10,client10-694b6b97b4-6xkct,client10,944.753999999999,exp1,5,260,1000.0,10,10-05-26-000257,0.04054117498234194
15,client10,client10-694b6b97b4-6xkct,linkerd-proxy,944.523000000001,exp1,5,260,1000.0,10,10-05-26-000257,0.040493536605946706
12,client10,client10-694b6b97b4-6xkct,sidecar,832.0349999999999,exp1,5,260,1000.0,10,10-05-26-000257,0.04017231746959085
13,client10,client10-694b6b97b4-chdw9,client10,826.8390000000018,exp1,5,260,1000.0,10,10-05-26-204321,0.026253490376522776
13,client10,client10-694b6b97b4-chdw9,linkerd-proxy,827.0040000000008,exp1,5,260,1000.0,10,10-05-26-204321,0.026318186945850724
15,client10,client10-694b6b97b4-chdw9,sidecar,443.84400000000096,exp1,5,260,1000.0,10,10-05-26-204321,0.05890018929940952
15,client10,client10-694b6b97b4-rb2zz,client10,969.7080000000004,exp1,5,260,1000.0,10,08-05-26-222235,0.0534996536542581
15,client10,client10-694b6b97b4-rb2zz,linkerd-proxy,969.5579999999992,exp1,5,260,1000.0,10,08-05-26-222235,0.0534807053754042
15,client10,client10-694b6b97b4-rb2zz,sidecar,837.237000000001,exp1,5,260,1000.0,10,08-05-26-222235,0.04709026360971569
21,client11,client11-565c48c7c7-kf2hq,client11,932.0579999999972,exp1,5,260,1000.0,10,10-05-26-204321,0.0439437336561283
21,client11,client11-565c48c7c7-kf2hq,linkerd-proxy,931.8720000000012,exp1,5,260,1000.0,10,10-05-26-204321,0.04395483228626976
4,client11,client11-565c48c7c7-kf2hq,sidecar,829.8539999999998,exp1,5,260,1000.0,10,10-05-26-204321,0.0434846257561923
8,client11,client11-565c48c7c7-pwwgw,client11,912.6750000000002,exp1,5,260,1000.0,10,10-05-26-000257,0.04670190601312324
8,client11,client11-565c48c7c7-pwwgw,linkerd-proxy,912.75,exp1,5,260,1000.0,10,10-05-26-000257,0.04677631045266903
8,client11,client11-565c48c7c7-pwwgw,sidecar,872.8800000000001,exp1,5,260,1000.0,10,10-05-26-000257,0.05950454086099469
14,client11,client11-565c48c7c7-wlqw6,client11,961.08,exp1,5,260,1000.0,10,08-05-26-222235,0.051553864679518446
14,client11,client11-565c48c7c7-wlqw6,linkerd-proxy,960.9360000000016,exp1,5,260,1000.0,10,08-05-26-222235,0.051575347101204455
14,client11,client11-565c48c7c7-wlqw6,sidecar,897.1589999999997,exp1,5,260,1000.0,10,08-05-26-222235,0.06694850558701623
2,client12,client12-79bc8d5846-5gtt5,client12,925.2540000000004,exp1,5,260,1000.0,10,10-05-26-000257,0.04329761994099973
2,client12,client12-79bc8d5846-5gtt5,linkerd-proxy,925.0679999999998,exp1,5,260,1000.0,10,10-05-26-000257,0.04327724085989515
2,client12,client12-79bc8d5846-5gtt5,sidecar,821.3520000000003,exp1,5,260,1000.0,10,10-05-26-000257,0.05206022497201149
2,client12,client12-79bc8d5846-dnggd,client12,995.148,exp1,5,260,1000.0,10,08-05-26-222235,0.041431345060882196
2,client12,client12-79bc8d5846-dnggd,linkerd-proxy,994.8239999999996,exp1,5,260,1000.0,10,08-05-26-222235,0.041388657491945285
21,client12,client12-79bc8d5846-dnggd,sidecar,938.6010000000024,exp1,5,260,1000.0,10,08-05-26-222235,0.0515680903959615
3,client12,client12-79bc8d5846-xzc8d,client12,886.4610000000002,exp1,5,260,1000.0,10,10-05-26-204321,0.03617732980237237
3,client12,client12-79bc8d5846-xzc8d,linkerd-proxy,886.1280000000002,exp1,5,260,1000.0,10,10-05-26-204321,0.036120582810705765
5,client12,client12-79bc8d5846-xzc8d,sidecar,508.5659999999998,exp1,5,260,1000.0,10,10-05-26-204321,0.04148580761202886
24,client13,client13-7bf86f4f87-cf5b2,client13,811.8719999999994,exp1,5,260,1000.0,10,10-05-26-204321,0.03714368445401922
24,client13,client13-7bf86f4f87-cf5b2,linkerd-proxy,807.8340000000026,exp1,5,260,1000.0,10,10-05-26-204321,0.03731915183096787
24,client13,client13-7bf86f4f87-cf5b2,sidecar,798.3510000000006,exp1,5,260,1000.0,10,10-05-26-204321,0.05912695994627842
10,client13,client13-7bf86f4f87-drt44,client13,598.4399999999996,exp1,5,260,1000.0,10,10-05-26-000257,0.030296599486637515
10,client13,client13-7bf86f4f87-drt44,linkerd-proxy,594.7739999999994,exp1,5,260,1000.0,10,10-05-26-000257,0.03044880722130941
5,client13,client13-7bf86f4f87-drt44,sidecar,496.69500000000016,exp1,5,260,1000.0,10,10-05-26-000257,0.0435369824894109
19,client13,client13-7bf86f4f87-x5dnb,client13,829.4310000000005,exp1,5,260,1000.0,10,08-05-26-222235,0.03924939998008209
19,client13,client13-7bf86f4f87-x5dnb,linkerd-proxy,826.3140000000003,exp1,5,260,1000.0,10,08-05-26-222235,0.03961154553093199
19,client13,client13-7bf86f4f87-x5dnb,sidecar,758.4779999999992,exp1,5,260,1000.0,10,08-05-26-222235,0.04942762516486479
19,client13,maurits-dijk-792545d4client131-9gjzw,hfl-train,866.5439999999999,exp1,5,260,1000.0,10,08-05-26-222235,0.037917397538727055
19,client13,maurits-dijk-792545d4client131-9gjzw,hfl-train-model,822.6630000000005,exp1,5,260,1000.0,10,08-05-26-222235,0.03966306404891806
11,client13,maurits-dijk-792545d4client131-9gjzw,sidecar,680.1929999999993,exp1,5,260,1000.0,10,08-05-26-222235,0.05441513931580233
24,client13,maurits-dijk-aab180edclient131-bzwrd,hfl-train,844.9320000000007,exp1,5,260,1000.0,10,10-05-26-204321,0.03559473876289718
24,client13,maurits-dijk-aab180edclient131-bzwrd,hfl-train-model,804.354000000003,exp1,5,260,1000.0,10,10-05-26-204321,0.037527111751381514
9,client13,maurits-dijk-aab180edclient131-bzwrd,sidecar,724.4759999999997,exp1,5,260,1000.0,10,10-05-26-204321,0.06543622813619288
10,client13,maurits-dijk-e38e5913client131-zcddg,hfl-train,633.9660000000003,exp1,5,260,1000.0,10,10-05-26-000257,0.028899134368659485
10,client13,maurits-dijk-e38e5913client131-zcddg,hfl-train-model,591.3720000000003,exp1,5,260,1000.0,10,10-05-26-000257,0.030570231380797452
14,client13,maurits-dijk-e38e5913client131-zcddg,sidecar,624.018,exp1,5,260,1000.0,10,10-05-26-000257,0.04366992042301171
15,client14,client14-856b5b5576-566vr,client14,904.9950000000008,exp1,5,260,1000.0,10,10-05-26-000257,0.04053454847901258
15,client14,client14-856b5b5576-566vr,linkerd-proxy,904.7069999999984,exp1,5,260,1000.0,10,10-05-26-000257,0.04052821336597276
1,client14,client14-856b5b5576-566vr,sidecar,569.211,exp1,5,260,1000.0,10,10-05-26-000257,0.04594541644223496
22,client14,client14-856b5b5576-pj4mk,client14,903.0030000000006,exp1,5,260,1000.0,10,10-05-26-204321,0.037918205972129776
22,client14,client14-856b5b5576-pj4mk,linkerd-proxy,902.640000000003,exp1,5,260,1000.0,10,10-05-26-204321,0.03790400322761456
22,client14,client14-856b5b5576-pj4mk,sidecar,901.0409999999974,exp1,5,260,1000.0,10,10-05-26-204321,0.037939035591044695
17,client14,client14-856b5b5576-sb6zh,client14,889.8029999999999,exp1,5,260,1000.0,10,08-05-26-222235,0.03865343849492195
17,client14,client14-856b5b5576-sb6zh,linkerd-proxy,889.5119999999988,exp1,5,260,1000.0,10,08-05-26-222235,0.03865610485900017
17,client14,client14-856b5b5576-sb6zh,sidecar,887.871000000001,exp1,5,260,1000.0,10,08-05-26-222235,0.038701307181910755
2,client15,client15-79c969ddf-44zr4,client15,961.2210000000002,exp1,5,260,1000.0,10,08-05-26-222235,0.05432251076326819
2,client15,client15-79c969ddf-44zr4,linkerd-proxy,960.933,exp1,5,260,1000.0,10,08-05-26-222235,0.05432294842477753
2,client15,client15-79c969ddf-44zr4,sidecar,959.4720000000002,exp1,5,260,1000.0,10,08-05-26-222235,0.0543920276036485
2,client15,client15-79c969ddf-dcsxq,client15,920.3819999999996,exp1,5,260,1000.0,10,10-05-26-000257,0.042317789625317376
2,client15,client15-79c969ddf-dcsxq,linkerd-proxy,920.166,exp1,5,260,1000.0,10,10-05-26-000257,0.04233504418720571
2,client15,client15-79c969ddf-dcsxq,sidecar,918.6150000000002,exp1,5,260,1000.0,10,10-05-26-000257,0.04236089073032309
23,client15,client15-79c969ddf-ljc6d,client15,897.5489999999991,exp1,5,260,1000.0,10,10-05-26-204321,0.03916320371379464
23,client15,client15-79c969ddf-ljc6d,linkerd-proxy,897.3840000000018,exp1,5,260,1000.0,10,10-05-26-204321,0.03919402775076758
23,client15,client15-79c969ddf-ljc6d,sidecar,895.8420000000006,exp1,5,260,1000.0,10,10-05-26-204321,0.04275088898518342
23,client16,client16-6dc7f87f54-6phrm,client16,900.137999999999,exp1,5,260,1000.0,10,10-05-26-204321,0.03507670022501119
23,client16,client16-6dc7f87f54-6phrm,linkerd-proxy,899.9699999999975,exp1,5,260,1000.0,10,10-05-26-204321,0.035108035727088066
23,client16,client16-6dc7f87f54-6phrm,sidecar,898.5210000000006,exp1,5,260,1000.0,10,10-05-26-204321,0.03513751111752933
13,client16,client16-6dc7f87f54-kxg42,client16,937.116,exp1,5,260,1000.0,10,08-05-26-222235,0.04532672019380071
13,client16,client16-6dc7f87f54-kxg42,linkerd-proxy,936.7800000000008,exp1,5,260,1000.0,10,08-05-26-222235,0.045304260965523646
13,client16,client16-6dc7f87f54-kxg42,sidecar,935.3070000000008,exp1,5,260,1000.0,10,08-05-26-222235,0.045451037314753
21,client16,client16-6dc7f87f54-sw8hs,client16,969.6479999999992,exp1,5,260,1000.0,10,10-05-26-000257,0.05281472812252366
21,client16,client16-6dc7f87f54-sw8hs,linkerd-proxy,969.5280000000002,exp1,5,260,1000.0,10,10-05-26-000257,0.05282494984870734
21,client16,client16-6dc7f87f54-sw8hs,sidecar,967.188000000002,exp1,5,260,1000.0,10,10-05-26-000257,0.05283462220223051
21,client17,client17-69b85b5ccf-7x4fv,client17,829.2060000000001,exp1,5,260,1000.0,10,10-05-26-000257,0.042630700368431695
21,client17,client17-69b85b5ccf-7x4fv,linkerd-proxy,826.2960000000003,exp1,5,260,1000.0,10,10-05-26-000257,0.04270423338433124
21,client17,client17-69b85b5ccf-7x4fv,sidecar,803.460000000001,exp1,5,260,1000.0,10,10-05-26-000257,0.06345733138008777
11,client17,client17-69b85b5ccf-phw2l,client17,810.6119999999992,exp1,5,260,1000.0,10,10-05-26-204321,0.03451562735664887
11,client17,client17-69b85b5ccf-phw2l,linkerd-proxy,808.418999999999,exp1,5,260,1000.0,10,10-05-26-204321,0.034990476898474815
20,client17,client17-69b85b5ccf-phw2l,sidecar,733.2510000000002,exp1,5,260,1000.0,10,10-05-26-204321,0.04158730053932566
5,client17,client17-69b85b5ccf-z6gmk,client17,819.1620000000003,exp1,5,260,1000.0,10,08-05-26-222235,0.036276870542033546
5,client17,client17-69b85b5ccf-z6gmk,linkerd-proxy,816.5160000000001,exp1,5,260,1000.0,10,08-05-26-222235,0.03660012379943381
4,client17,client17-69b85b5ccf-z6gmk,sidecar,483.9749999999999,exp1,5,260,1000.0,10,08-05-26-222235,0.04069640342209291
5,client17,maurits-dijk-792545d4client171-hv5bs,hfl-train,846.7380000000003,exp1,5,260,1000.0,10,08-05-26-222235,0.03598889496605123
5,client17,maurits-dijk-792545d4client171-hv5bs,hfl-train-model,812.9340000000002,exp1,5,260,1000.0,10,08-05-26-222235,0.03667811739177393
18,client17,maurits-dijk-792545d4client171-hv5bs,sidecar,749.3370000000014,exp1,5,260,1000.0,10,08-05-26-222235,0.050427220016376784
11,client17,maurits-dijk-aab180edclient171-p2d22,hfl-train,841.7189999999991,exp1,5,260,1000.0,10,10-05-26-204321,0.0345253014352086
11,client17,maurits-dijk-aab180edclient171-p2d22,hfl-train-model,805.253999999999,exp1,5,260,1000.0,10,10-05-26-204321,0.03513365689252415
2,client17,maurits-dijk-aab180edclient171-p2d22,sidecar,470.0999999999999,exp1,5,260,1000.0,10,10-05-26-204321,0.047269682165535815
21,client17,maurits-dijk-e38e5913client171-lbc7q,hfl-train,852.4980000000014,exp1,5,260,1000.0,10,10-05-26-000257,0.04033775267099729
21,client17,maurits-dijk-e38e5913client171-lbc7q,hfl-train-model,822.860999999999,exp1,5,260,1000.0,10,10-05-26-000257,0.04291329474158245
21,client17,maurits-dijk-e38e5913client171-lbc7q,sidecar,760.5330000000013,exp1,5,260,1000.0,10,10-05-26-000257,0.07758651913582174
15,client18,client18-69db77c748-9548l,client18,908.8019999999996,exp1,5,260,1000.0,10,10-05-26-204321,0.035701806092006516
15,client18,client18-69db77c748-9548l,linkerd-proxy,908.6370000000006,exp1,5,260,1000.0,10,10-05-26-204321,0.03570735200808939
15,client18,client18-69db77c748-9548l,sidecar,906.9060000000007,exp1,5,260,1000.0,10,10-05-26-204321,0.035707370366295926
24,client18,client18-69db77c748-h4cct,client18,913.4670000000006,exp1,5,260,1000.0,10,08-05-26-222235,0.03787143734965254
24,client18,client18-69db77c748-h4cct,linkerd-proxy,913.538999999997,exp1,5,260,1000.0,10,08-05-26-222235,0.03786825725973478
24,client18,client18-69db77c748-h4cct,sidecar,911.7059999999984,exp1,5,260,1000.0,10,08-05-26-222235,0.03790940154386621
5,client18,client18-69db77c748-q6zfn,client18,965.3249999999998,exp1,5,260,1000.0,10,10-05-26-000257,0.05118987463014055
5,client18,client18-69db77c748-q6zfn,linkerd-proxy,965.1750000000002,exp1,5,260,1000.0,10,10-05-26-000257,0.051211063959716
5,client18,client18-69db77c748-q6zfn,sidecar,963.4979999999993,exp1,5,260,1000.0,10,10-05-26-000257,0.051247401408585525
12,client19,client19-56fccdb4d9-66dsz,client19,964.2600000000002,exp1,5,260,1000.0,10,10-05-26-204321,0.04914758415134424
12,client19,client19-56fccdb4d9-66dsz,linkerd-proxy,964.0559999999988,exp1,5,260,1000.0,10,10-05-26-204321,0.04915142690859087
12,client19,client19-56fccdb4d9-66dsz,sidecar,962.3909999999996,exp1,5,260,1000.0,10,10-05-26-204321,0.049196738468516715
6,client19,client19-56fccdb4d9-kfcj4,client19,965.8199999999996,exp1,5,260,1000.0,10,08-05-26-222235,0.05442507449656234
6,client19,client19-56fccdb4d9-kfcj4,linkerd-proxy,965.5260000000007,exp1,5,260,1000.0,10,08-05-26-222235,0.05440405893380343
6,client19,client19-56fccdb4d9-kfcj4,sidecar,963.8459999999995,exp1,5,260,1000.0,10,08-05-26-222235,0.054464857721158666
0,client19,client19-56fccdb4d9-mk2mg,client19,920.184,exp1,5,260,1000.0,10,10-05-26-000257,0.043600921244474816
0,client19,client19-56fccdb4d9-mk2mg,linkerd-proxy,920.004,exp1,5,260,1000.0,10,10-05-26-000257,0.04361126521779021
0,client19,client19-56fccdb4d9-mk2mg,sidecar,918.348,exp1,5,260,1000.0,10,10-05-26-000257,0.04364785125682663
12,client2,client2-86cd6d8cf7-454mw,client2,924.6690000000016,exp1,5,260,1000.0,10,10-05-26-204321,0.03603549017799568
12,client2,client2-86cd6d8cf7-454mw,linkerd-proxy,924.4500000000008,exp1,5,260,1000.0,10,10-05-26-204321,0.03602371988374678
12,client2,client2-86cd6d8cf7-454mw,sidecar,922.83,exp1,5,260,1000.0,10,10-05-26-204321,0.03605268235503156
23,client2,client2-86cd6d8cf7-4vhmb,client2,618.0869999999995,exp1,5,260,1000.0,10,10-05-26-000257,0.03921739907107619
23,client2,client2-86cd6d8cf7-4vhmb,linkerd-proxy,617.8379999999997,exp1,5,260,1000.0,10,10-05-26-000257,0.03924756374821725
23,client2,client2-86cd6d8cf7-4vhmb,sidecar,616.5599999999977,exp1,5,260,1000.0,10,10-05-26-000257,0.0392799865631466
0,client2,client2-86cd6d8cf7-p9d89,client2,898.1040000000002,exp1,5,260,1000.0,10,08-05-26-222235,0.037408780819847026
0,client2,client2-86cd6d8cf7-p9d89,linkerd-proxy,897.903,exp1,5,260,1000.0,10,08-05-26-222235,0.03740545736473816
0,client2,client2-86cd6d8cf7-p9d89,sidecar,896.355,exp1,5,260,1000.0,10,08-05-26-222235,0.03745834987704283
11,client20,client20-65f8864f77-48wnp,client20,965.1629999999986,exp1,5,260,1000.0,10,08-05-26-222235,0.05320912443364645
11,client20,client20-65f8864f77-48wnp,linkerd-proxy,964.9529999999976,exp1,5,260,1000.0,10,08-05-26-222235,0.05319874827392673
11,client20,client20-65f8864f77-48wnp,sidecar,963.2129999999996,exp1,5,260,1000.0,10,08-05-26-222235,0.0532438423804244
21,client20,client20-65f8864f77-lhfdl,client20,939.2820000000012,exp1,5,260,1000.0,10,10-05-26-204321,0.05029771779239389
21,client20,client20-65f8864f77-lhfdl,linkerd-proxy,939.1590000000032,exp1,5,260,1000.0,10,10-05-26-204321,0.05031972907669621
21,client20,client20-65f8864f77-lhfdl,sidecar,937.4640000000018,exp1,5,260,1000.0,10,10-05-26-204321,0.06115562990772733
1,client20,client20-65f8864f77-mkds2,client20,902.2800000000002,exp1,5,260,1000.0,10,10-05-26-000257,0.0420306179122385
1,client20,client20-65f8864f77-mkds2,linkerd-proxy,901.9800000000002,exp1,5,260,1000.0,10,10-05-26-000257,0.042007231298993086
0,client20,client20-65f8864f77-mkds2,sidecar,548.571,exp1,5,260,1000.0,10,10-05-26-000257,0.04432738469003128
22,client3,client3-58c68898cd-cdmvc,client3,1004.6609999999964,exp1,5,260,1000.0,10,08-05-26-222235,0.04709812897408425
22,client3,client3-58c68898cd-cdmvc,linkerd-proxy,1004.6130000000012,exp1,5,260,1000.0,10,08-05-26-222235,0.04711244059990655
22,client3,client3-58c68898cd-cdmvc,sidecar,1002.0509999999996,exp1,5,260,1000.0,10,08-05-26-222235,0.047152582049573705
24,client3,client3-58c68898cd-h4stf,client3,941.471999999998,exp1,5,260,1000.0,10,10-05-26-000257,0.04637976032732399
24,client3,client3-58c68898cd-h4stf,linkerd-proxy,941.3220000000038,exp1,5,260,1000.0,10,10-05-26-000257,0.04635717983374618
24,client3,client3-58c68898cd-h4stf,sidecar,938.9429999999955,exp1,5,260,1000.0,10,10-05-26-000257,0.046453209972060816
9,client3,client3-58c68898cd-v6dj7,client3,903.147,exp1,5,260,1000.0,10,10-05-26-204321,0.03611484702114598
9,client3,client3-58c68898cd-v6dj7,linkerd-proxy,903.0120000000006,exp1,5,260,1000.0,10,10-05-26-204321,0.03610025886526244
9,client3,client3-58c68898cd-v6dj7,sidecar,900.5159999999996,exp1,5,260,1000.0,10,10-05-26-204321,0.03614033719551821
2,client4,client4-744474fb99-csxx5,client4,909.7890000000002,exp1,5,260,1000.0,10,08-05-26-222235,0.0392878917383791
2,client4,client4-744474fb99-csxx5,linkerd-proxy,909.504,exp1,5,260,1000.0,10,08-05-26-222235,0.039240437629371155
2,client4,client4-744474fb99-csxx5,sidecar,907.17,exp1,5,260,1000.0,10,08-05-26-222235,0.039305228022041616
6,client4,client4-744474fb99-g84mf,client4,871.5810000000001,exp1,5,260,1000.0,10,10-05-26-204321,0.031014580725403057
6,client4,client4-744474fb99-g84mf,linkerd-proxy,871.491,exp1,5,260,1000.0,10,10-05-26-204321,0.03102360232926213
6,client4,client4-744474fb99-g84mf,sidecar,869.0969999999998,exp1,5,260,1000.0,10,10-05-26-204321,0.03102561784769428
2,client4,client4-744474fb99-z8lmh,client4,944.841,exp1,5,260,1000.0,10,10-05-26-000257,0.03716818691288759
2,client4,client4-744474fb99-z8lmh,linkerd-proxy,944.556,exp1,5,260,1000.0,10,10-05-26-000257,0.037120585275359635
2,client4,client4-744474fb99-z8lmh,sidecar,942.453,exp1,5,260,1000.0,10,10-05-26-000257,0.037228771620608864
16,client5,client5-7d5ff7f8b4-5nkzq,client5,846.1829999999991,exp1,5,260,1000.0,10,10-05-26-000257,0.04745935159505865
16,client5,client5-7d5ff7f8b4-5nkzq,linkerd-proxy,841.7579999999998,exp1,5,260,1000.0,10,10-05-26-000257,0.04728964147614012
16,client5,client5-7d5ff7f8b4-5nkzq,sidecar,767.862000000001,exp1,5,260,1000.0,10,10-05-26-000257,0.05640923242348661
21,client5,client5-7d5ff7f8b4-8c7vb,client5,806.3399999999983,exp1,5,260,1000.0,10,08-05-26-222235,0.038707869985954185
21,client5,client5-7d5ff7f8b4-8c7vb,linkerd-proxy,803.3009999999995,exp1,5,260,1000.0,10,08-05-26-222235,0.03897031814588517
16,client5,client5-7d5ff7f8b4-8c7vb,sidecar,724.5630000000001,exp1,5,260,1000.0,10,08-05-26-222235,0.04734483609557946
1,client5,client5-7d5ff7f8b4-cdwtj,client5,783.9029999999999,exp1,5,260,1000.0,10,10-05-26-204321,0.037060130356194765
1,client5,client5-7d5ff7f8b4-cdwtj,linkerd-proxy,781.1400000000001,exp1,5,260,1000.0,10,10-05-26-204321,0.03736631726142228
20,client5,client5-7d5ff7f8b4-cdwtj,sidecar,706.2060000000001,exp1,5,260,1000.0,10,10-05-26-204321,0.04427328085096591
21,client5,maurits-dijk-792545d4client51-b7rt8,hfl-train,828.6839999999993,exp1,5,260,1000.0,10,08-05-26-222235,0.037170425935094786
21,client5,maurits-dijk-792545d4client51-b7rt8,hfl-train-model,800.8709999999992,exp1,5,260,1000.0,10,08-05-26-222235,0.039097248299713394
2,client5,maurits-dijk-792545d4client51-b7rt8,sidecar,722.991,exp1,5,260,1000.0,10,08-05-26-222235,0.045810812468123546
1,client5,maurits-dijk-aab180edclient51-tgxj8,hfl-train,805.26,exp1,5,260,1000.0,10,10-05-26-204321,0.035608062387407324
1,client5,maurits-dijk-aab180edclient51-tgxj8,hfl-train-model,778.614,exp1,5,260,1000.0,10,10-05-26-204321,0.03754440382976351
4,client5,maurits-dijk-aab180edclient51-tgxj8,sidecar,465.88200000000006,exp1,5,260,1000.0,10,10-05-26-204321,0.04610882350188422
16,client5,maurits-dijk-e38e5913client51-nhlht,hfl-train,873.5070000000014,exp1,5,260,1000.0,10,10-05-26-000257,0.04648946221165756
16,client5,maurits-dijk-e38e5913client51-nhlht,hfl-train-model,838.4190000000017,exp1,5,260,1000.0,10,10-05-26-000257,0.04726443383638293
16,client5,maurits-dijk-e38e5913client51-nhlht,sidecar,740.8590000000004,exp1,5,260,1000.0,10,10-05-26-000257,0.058122495273179337
14,client6,client6-785d875985-2qxrj,client6,911.0579999999992,exp1,5,260,1000.0,10,10-05-26-204321,0.03126223825004615
14,client6,client6-785d875985-2qxrj,linkerd-proxy,910.9229999999988,exp1,5,260,1000.0,10,10-05-26-204321,0.031295349762897995
14,client6,client6-785d875985-2qxrj,sidecar,908.58,exp1,5,260,1000.0,10,10-05-26-204321,0.031319879349882424
24,client6,client6-785d875985-rp9sz,client6,942.1199999999952,exp1,5,260,1000.0,10,10-05-26-000257,0.04583837353240133
24,client6,client6-785d875985-rp9sz,linkerd-proxy,941.625,exp1,5,260,1000.0,10,10-05-26-000257,0.04579922484624993
24,client6,client6-785d875985-rp9sz,sidecar,939.3869999999988,exp1,5,260,1000.0,10,10-05-26-000257,0.045872688068468004
5,client6,client6-785d875985-zf45j,client6,965.9219999999996,exp1,5,260,1000.0,10,08-05-26-222235,0.0512196147942896
5,client6,client6-785d875985-zf45j,linkerd-proxy,965.817,exp1,5,260,1000.0,10,08-05-26-222235,0.051276005116582646
5,client6,client6-785d875985-zf45j,sidecar,963.5879999999996,exp1,5,260,1000.0,10,08-05-26-222235,0.05131542019662749
5,client7,client7-544486cc98-tmg5b,client7,899.6999999999998,exp1,5,260,1000.0,10,10-05-26-000257,0.03407128391277711
5,client7,client7-544486cc98-tmg5b,linkerd-proxy,899.433,exp1,5,260,1000.0,10,10-05-26-000257,0.03410273883316378
5,client7,client7-544486cc98-tmg5b,sidecar,898.1429999999991,exp1,5,260,1000.0,10,10-05-26-000257,0.034118997321072625
3,client7,client7-544486cc98-xrp2l,client7,925.824,exp1,5,260,1000.0,10,08-05-26-222235,0.043823780399307205
3,client7,client7-544486cc98-xrp2l,linkerd-proxy,925.4069999999992,exp1,5,260,1000.0,10,08-05-26-222235,0.04381178736777391
3,client7,client7-544486cc98-xrp2l,sidecar,924.0150000000004,exp1,5,260,1000.0,10,08-05-26-222235,0.043828768654459616
9,client7,client7-544486cc98-xtmhc,client7,920.0609999999996,exp1,5,260,1000.0,10,10-05-26-204321,0.034438146754733584
9,client7,client7-544486cc98-xtmhc,linkerd-proxy,919.6080000000002,exp1,5,260,1000.0,10,10-05-26-204321,0.03443259492850348
9,client7,client7-544486cc98-xtmhc,sidecar,918.3269999999984,exp1,5,260,1000.0,10,10-05-26-204321,0.03444240138707752
2,client8,client8-5845965f99-h6dnw,client8,984.858,exp1,5,260,1000.0,10,10-05-26-000257,0.05574235598749691
2,client8,client8-5845965f99-h6dnw,linkerd-proxy,984.288,exp1,5,260,1000.0,10,10-05-26-000257,0.05571767452825682
18,client8,client8-5845965f99-h6dnw,sidecar,924.759,exp1,5,260,1000.0,10,10-05-26-000257,0.05653670300113606
10,client8,client8-5845965f99-kjvvm,client8,885.8580000000002,exp1,5,260,1000.0,10,08-05-26-222235,0.03887210578725797
10,client8,client8-5845965f99-kjvvm,linkerd-proxy,885.4379999999992,exp1,5,260,1000.0,10,08-05-26-222235,0.038868424480219654
2,client8,client8-5845965f99-kjvvm,sidecar,554.319,exp1,5,260,1000.0,10,08-05-26-222235,0.04391732419923908
10,client8,client8-5845965f99-rrsjt,client8,946.5120000000006,exp1,5,260,1000.0,10,10-05-26-204321,0.03624277976321966
10,client8,client8-5845965f99-rrsjt,linkerd-proxy,946.2569999999996,exp1,5,260,1000.0,10,10-05-26-204321,0.03627272597884232
13,client8,client8-5845965f99-rrsjt,sidecar,942.09,exp1,5,260,1000.0,10,10-05-26-204321,0.04782921901629272
21,client9,client9-d68fb99b4-dqjgc,client9,833.4509999999991,exp1,5,260,1000.0,10,08-05-26-222235,0.04314006521733052
21,client9,client9-d68fb99b4-dqjgc,linkerd-proxy,832.0380000000005,exp1,5,260,1000.0,10,08-05-26-222235,0.04327125554838071
21,client9,client9-d68fb99b4-dqjgc,sidecar,776.4150000000009,exp1,5,260,1000.0,10,08-05-26-222235,0.061589615973249884
6,client9,client9-d68fb99b4-qd8z7,client9,798.1079999999993,exp1,5,260,1000.0,10,10-05-26-204321,0.03319515890204816
6,client9,client9-d68fb99b4-qd8z7,linkerd-proxy,796.9829999999993,exp1,5,260,1000.0,10,10-05-26-204321,0.03347597936681829
9,client9,client9-d68fb99b4-qd8z7,sidecar,732.4559999999992,exp1,5,260,1000.0,10,10-05-26-204321,0.046714339156623264
19,client9,client9-d68fb99b4-vphww,client9,879.0509999999995,exp1,5,260,1000.0,10,10-05-26-000257,0.04696034776635438
19,client9,client9-d68fb99b4-vphww,linkerd-proxy,878.9970000000012,exp1,5,260,1000.0,10,10-05-26-000257,0.04757678811814836
19,client9,client9-d68fb99b4-vphww,sidecar,812.7540000000008,exp1,5,260,1000.0,10,10-05-26-000257,0.04656436460009103
21,client9,maurits-dijk-792545d4client91-dftzf,hfl-train,854.6730000000007,exp1,5,260,1000.0,10,08-05-26-222235,0.039960887657423394
21,client9,maurits-dijk-792545d4client91-dftzf,hfl-train-model,826.0079999999998,exp1,5,260,1000.0,10,08-05-26-222235,0.04346944355221716
4,client9,maurits-dijk-792545d4client91-dftzf,sidecar,429.8669999999997,exp1,5,260,1000.0,10,08-05-26-222235,0.04725121627356271
6,client9,maurits-dijk-aab180edclient91-zs67x,hfl-train,823.5689999999995,exp1,5,260,1000.0,10,10-05-26-204321,0.03169678047357907
6,client9,maurits-dijk-aab180edclient91-zs67x,hfl-train-model,789.7470000000003,exp1,5,260,1000.0,10,10-05-26-204321,0.03324906370652103
23,client9,maurits-dijk-aab180edclient91-zs67x,sidecar,762.3179999999993,exp1,5,260,1000.0,10,10-05-26-204321,0.059179710389252516
19,client9,maurits-dijk-e38e5913client91-pfpdn,hfl-train,909.9629999999996,exp1,5,260,1000.0,10,10-05-26-000257,0.04673207169738111
19,client9,maurits-dijk-e38e5913client91-pfpdn,hfl-train-model,872.8020000000015,exp1,5,260,1000.0,10,10-05-26-000257,0.047769787158720295
10,client9,maurits-dijk-e38e5913client91-pfpdn,sidecar,815.3609999999999,exp1,5,260,1000.0,10,10-05-26-000257,0.0434204442439044
16,orchestrator,orchestrator-555f7b7c9d-5b2br,linkerd-proxy,435.41699999999946,exp1,5,260,1000.0,10,10-05-26-204321,0.035742826314232035
15,orchestrator,orchestrator-555f7b7c9d-5b2br,orchestrator,137.63399999999956,exp1,5,260,1000.0,10,10-05-26-204321,0.05339152103357192
16,orchestrator,orchestrator-555f7b7c9d-5b2br,sidecar,427.1100000000006,exp1,5,260,1000.0,10,10-05-26-204321,0.058779314390768445
18,orchestrator,orchestrator-555f7b7c9d-xn6vq,linkerd-proxy,418.02300000000014,exp1,5,260,1000.0,10,08-05-26-222235,0.031737507316351554
20,orchestrator,orchestrator-555f7b7c9d-xn6vq,orchestrator,347.25,exp1,5,260,1000.0,10,08-05-26-222235,0.07509106829459111
0,orchestrator,orchestrator-555f7b7c9d-xn6vq,sidecar,263.982,exp1,5,260,1000.0,10,08-05-26-222235,0.043337399567253576
4,orchestrator,orchestrator-555f7b7c9d-zxwn2,linkerd-proxy,430.5960000000002,exp1,5,260,1000.0,10,10-05-26-000257,0.03725089759721295
24,orchestrator,orchestrator-555f7b7c9d-zxwn2,orchestrator,153.92099999999937,exp1,5,260,1000.0,10,10-05-26-000257,0.047778696135524545
9,orchestrator,orchestrator-555f7b7c9d-zxwn2,sidecar,381.8609999999999,exp1,5,260,1000.0,10,10-05-26-000257,0.05437246566607526
18,orchestrator,policy-enforcer-cb8dccbd8-bzb9n,linkerd-proxy,417.9629999999997,exp1,5,260,1000.0,10,08-05-26-222235,0.031727764183105855
10,orchestrator,policy-enforcer-cb8dccbd8-bzb9n,policy-enforcer,328.12499999999955,exp1,5,260,1000.0,10,08-05-26-222235,0.03953494709648828
10,orchestrator,policy-enforcer-cb8dccbd8-bzb9n,sidecar,411.7919999999999,exp1,5,260,1000.0,10,08-05-26-222235,0.06207061093060223
16,orchestrator,policy-enforcer-cb8dccbd8-r4rxv,linkerd-proxy,435.3959999999997,exp1,5,260,1000.0,10,10-05-26-204321,0.035779002217330325
22,orchestrator,policy-enforcer-cb8dccbd8-r4rxv,policy-enforcer,343.3619999999992,exp1,5,260,1000.0,10,10-05-26-204321,0.06149623271007171
3,orchestrator,policy-enforcer-cb8dccbd8-r4rxv,sidecar,227.0250000000001,exp1,5,260,1000.0,10,10-05-26-204321,0.06052215899742244
4,orchestrator,policy-enforcer-cb8dccbd8-tkzpj,linkerd-proxy,430.845,exp1,5,260,1000.0,10,10-05-26-000257,0.0372993272685995
20,orchestrator,policy-enforcer-cb8dccbd8-tkzpj,policy-enforcer,154.38900000000012,exp1,5,260,1000.0,10,10-05-26-000257,0.05234335124881072
9,orchestrator,policy-enforcer-cb8dccbd8-tkzpj,sidecar,404.66100000000006,exp1,5,260,1000.0,10,10-05-26-000257,0.052361276213869296
6,server,maurits-dijk-792545d4server1-vbl8j,hfl-train,576.594,exp1,5,260,1000.0,10,08-05-26-222235,0.0333527255184729
17,server,maurits-dijk-792545d4server1-vbl8j,hfl-train-model,900.5849999999991,exp1,5,260,1000.0,10,08-05-26-222235,0.026342596520924855
9,server,maurits-dijk-792545d4server1-vbl8j,sidecar,524.5110000000004,exp1,5,260,1000.0,10,08-05-26-222235,0.06978140267328428
16,server,maurits-dijk-aab180edserver1-rfzgh,hfl-train,618.8940000000002,exp1,5,260,1000.0,10,10-05-26-204321,0.03864856132929653
19,server,maurits-dijk-aab180edserver1-rfzgh,hfl-train-model,928.152000000002,exp1,5,260,1000.0,10,10-05-26-204321,0.025210808731591594
19,server,maurits-dijk-aab180edserver1-rfzgh,sidecar,517.7999999999984,exp1,5,260,1000.0,10,10-05-26-204321,0.05084444612529665
20,server,maurits-dijk-e38e5913server1-b8zm9,hfl-train,571.7040000000015,exp1,5,260,1000.0,10,10-05-26-000257,0.032472925968747984
20,server,maurits-dijk-e38e5913server1-b8zm9,hfl-train-model,950.3970000000008,exp1,5,260,1000.0,10,10-05-26-000257,0.03682266204923862
23,server,maurits-dijk-e38e5913server1-b8zm9,sidecar,490.7430000000004,exp1,5,260,1000.0,10,10-05-26-000257,0.05635458311930708
20,server,server-656f98b57f-fcmwm,linkerd-proxy,577.610999999999,exp1,5,260,1000.0,10,10-05-26-000257,0.03273039623719631
20,server,server-656f98b57f-fcmwm,server,587.607,exp1,5,260,1000.0,10,10-05-26-000257,0.02999301592376219
14,server,server-656f98b57f-fcmwm,sidecar,373.1729999999998,exp1,5,260,1000.0,10,10-05-26-000257,0.035695846812410004
6,server,server-656f98b57f-hwd24,linkerd-proxy,581.8890000000001,exp1,5,260,1000.0,10,08-05-26-222235,0.033454450970648975
6,server,server-656f98b57f-hwd24,server,599.1239999999998,exp1,5,260,1000.0,10,08-05-26-222235,0.032777137563374054
22,server,server-656f98b57f-hwd24,sidecar,508.71900000000096,exp1,5,260,1000.0,10,08-05-26-222235,0.03542725411917838
16,server,server-656f98b57f-mt7ct,linkerd-proxy,623.3039999999983,exp1,5,260,1000.0,10,10-05-26-204321,0.038507910605764556
16,server,server-656f98b57f-mt7ct,server,644.5919999999987,exp1,5,260,1000.0,10,10-05-26-204321,0.03904069906819421
24,server,server-656f98b57f-mt7ct,sidecar,556.9889999999978,exp1,5,260,1000.0,10,10-05-26-204321,0.039836121602488506
1,api-gateway,api-gateway-6bf76d45b7-9lchh,api-gateway,458.052,exp1,5,300,1000.0,10,10-05-26-215608,0.03128551661026999
13,api-gateway,api-gateway-6bf76d45b7-9lchh,linkerd-proxy,455.1390000000001,exp1,5,300,1000.0,10,10-05-26-215608,0.03343646574380654
24,api-gateway,api-gateway-6bf76d45b7-9lchh,sidecar,418.5090000000018,exp1,5,300,1000.0,10,10-05-26-215608,0.05818889436264896
20,client1,client1-7b9db886dd-jbg8t,client1,846.4709999999995,exp1,5,300,1000.0,10,10-05-26-215608,0.047406617125801576
20,client1,client1-7b9db886dd-jbg8t,linkerd-proxy,845.8170000000009,exp1,5,300,1000.0,10,10-05-26-215608,0.047633900769790766
20,client1,client1-7b9db886dd-jbg8t,sidecar,840.119999999999,exp1,5,300,1000.0,10,10-05-26-215608,0.05937606307699783
20,client1,maurits-dijk-6f807020client11-64jrn,hfl-train,865.5300000000007,exp1,5,300,1000.0,10,10-05-26-215608,0.04482140432122336
20,client1,maurits-dijk-6f807020client11-64jrn,hfl-train-model,839.8919999999998,exp1,5,300,1000.0,10,10-05-26-215608,0.04807884381686822
20,client1,maurits-dijk-6f807020client11-64jrn,sidecar,768.2099999999991,exp1,5,300,1000.0,10,10-05-26-215608,0.0664890843601198
4,client10,client10-694b6b97b4-9qcj5,client10,833.6189999999997,exp1,5,300,1000.0,10,10-05-26-215608,0.028420523428385996
4,client10,client10-694b6b97b4-9qcj5,linkerd-proxy,833.4960000000001,exp1,5,300,1000.0,10,10-05-26-215608,0.028401991879458188
3,client10,client10-694b6b97b4-9qcj5,sidecar,560.6669999999999,exp1,5,300,1000.0,10,10-05-26-215608,0.032060073336876854
0,client11,client11-565c48c7c7-lw7gs,client11,972.336,exp1,5,300,1000.0,10,10-05-26-215608,0.0525527436097179
0,client11,client11-565c48c7c7-lw7gs,linkerd-proxy,972.024,exp1,5,300,1000.0,10,10-05-26-215608,0.052538745317287666
0,client11,client11-565c48c7c7-lw7gs,sidecar,970.572,exp1,5,300,1000.0,10,10-05-26-215608,0.052579412706573264
5,client12,client12-79bc8d5846-zzqc9,client12,934.5330000000008,exp1,5,300,1000.0,10,10-05-26-215608,0.04565132197192395
5,client12,client12-79bc8d5846-zzqc9,linkerd-proxy,934.4490000000004,exp1,5,300,1000.0,10,10-05-26-215608,0.04565867758358674
4,client12,client12-79bc8d5846-zzqc9,sidecar,527.973,exp1,5,300,1000.0,10,10-05-26-215608,0.04366445165515781
20,client13,client13-7bf86f4f87-hcszg,client13,817.527,exp1,5,300,1000.0,10,10-05-26-215608,0.038271336884613205
20,client13,client13-7bf86f4f87-hcszg,linkerd-proxy,813.5370000000003,exp1,5,300,1000.0,10,10-05-26-215608,0.03841234806999497
20,client13,client13-7bf86f4f87-hcszg,sidecar,741.3089999999993,exp1,5,300,1000.0,10,10-05-26-215608,0.0458150379249018
20,client13,maurits-dijk-6f807020client131-84w9z,hfl-train,846.0540000000019,exp1,5,300,1000.0,10,10-05-26-215608,0.03628172782097552
20,client13,maurits-dijk-6f807020client131-84w9z,hfl-train-model,810.1470000000008,exp1,5,300,1000.0,10,10-05-26-215608,0.038542029519816695
18,client13,maurits-dijk-6f807020client131-84w9z,sidecar,708.264000000001,exp1,5,300,1000.0,10,10-05-26-215608,0.05538717809392829
15,client14,client14-856b5b5576-drb54,client14,863.139000000001,exp1,5,300,1000.0,10,10-05-26-215608,0.031242984672567198
15,client14,client14-856b5b5576-drb54,linkerd-proxy,862.8810000000012,exp1,5,300,1000.0,10,10-05-26-215608,0.03124985417913373
0,client14,client14-856b5b5576-drb54,sidecar,598.065,exp1,5,300,1000.0,10,10-05-26-215608,0.03758750763428215
7,client15,client15-79c969ddf-sh5bw,client15,900.5100000000002,exp1,5,300,1000.0,10,10-05-26-215608,0.041631734903636364
7,client15,client15-79c969ddf-sh5bw,linkerd-proxy,900.1560000000009,exp1,5,300,1000.0,10,10-05-26-215608,0.041606160151880345
7,client15,client15-79c969ddf-sh5bw,sidecar,898.7129999999988,exp1,5,300,1000.0,10,10-05-26-215608,0.04164970539952351
17,client16,client16-6dc7f87f54-6ds2v,client16,889.6949999999997,exp1,5,300,1000.0,10,10-05-26-215608,0.0373814855978265
17,client16,client16-6dc7f87f54-6ds2v,linkerd-proxy,889.3289999999979,exp1,5,300,1000.0,10,10-05-26-215608,0.03735044387364503
17,client16,client16-6dc7f87f54-6ds2v,sidecar,887.8829999999998,exp1,5,300,1000.0,10,10-05-26-215608,0.0373735058835237
4,client17,client17-69b85b5ccf-dvz4t,client17,836.2139999999999,exp1,5,300,1000.0,10,10-05-26-215608,0.04697479550233652
4,client17,client17-69b85b5ccf-dvz4t,linkerd-proxy,833.9699999999998,exp1,5,300,1000.0,10,10-05-26-215608,0.04751789391188577
1,client17,client17-69b85b5ccf-dvz4t,sidecar,458.7960000000001,exp1,5,300,1000.0,10,10-05-26-215608,0.05401829989599907
4,client17,maurits-dijk-6f807020client171-twl6l,hfl-train,858.8220000000001,exp1,5,300,1000.0,10,10-05-26-215608,0.045336619456854105
4,client17,maurits-dijk-6f807020client171-twl6l,hfl-train-model,831.3989999999999,exp1,5,300,1000.0,10,10-05-26-215608,0.04771895108335783
22,client17,maurits-dijk-6f807020client171-twl6l,sidecar,753.887999999999,exp1,5,300,1000.0,10,10-05-26-215608,0.052933907208518205
23,client18,client18-69db77c748-zd2nw,client18,902.8349999999992,exp1,5,300,1000.0,10,10-05-26-215608,0.03984241912130268
23,client18,client18-69db77c748-zd2nw,linkerd-proxy,902.6189999999988,exp1,5,300,1000.0,10,10-05-26-215608,0.03984139873949441
23,client18,client18-69db77c748-zd2nw,sidecar,900.6059999999998,exp1,5,300,1000.0,10,10-05-26-215608,0.03979709783974178
5,client19,client19-56fccdb4d9-wjnk9,client19,916.2389999999996,exp1,5,300,1000.0,10,10-05-26-215608,0.042903373110251664
5,client19,client19-56fccdb4d9-wjnk9,linkerd-proxy,916.0679999999992,exp1,5,300,1000.0,10,10-05-26-215608,0.04291195426121683
5,client19,client19-56fccdb4d9-wjnk9,sidecar,914.4719999999998,exp1,5,300,1000.0,10,10-05-26-215608,0.042959747486396305
2,client2,client2-86cd6d8cf7-fhcn2,client2,924.0120000000002,exp1,5,300,1000.0,10,10-05-26-215608,0.04204615045525187
2,client2,client2-86cd6d8cf7-fhcn2,linkerd-proxy,923.856,exp1,5,300,1000.0,10,10-05-26-215608,0.0420639926071161
2,client2,client2-86cd6d8cf7-fhcn2,sidecar,922.35,exp1,5,300,1000.0,10,10-05-26-215608,0.04212274530374607
15,client20,client20-65f8864f77-vk8dc,client20,951.9689999999993,exp1,5,300,1000.0,10,10-05-26-215608,0.0528089976190691
15,client20,client20-65f8864f77-vk8dc,linkerd-proxy,951.7529999999988,exp1,5,300,1000.0,10,10-05-26-215608,0.05280409584954346
15,client20,client20-65f8864f77-vk8dc,sidecar,950.1450000000004,exp1,5,300,1000.0,10,10-05-26-215608,0.06486043579097195
8,client3,client3-58c68898cd-bdhkm,client3,905.4210000000004,exp1,5,300,1000.0,10,10-05-26-215608,0.038664955219653685
8,client3,client3-58c68898cd-bdhkm,linkerd-proxy,905.3760000000002,exp1,5,300,1000.0,10,10-05-26-215608,0.038661685010356106
8,client3,client3-58c68898cd-bdhkm,sidecar,902.8739999999998,exp1,5,300,1000.0,10,10-05-26-215608,0.03868557472296419
4,client4,client4-744474fb99-gl9r2,client4,921.2400000000002,exp1,5,300,1000.0,10,10-05-26-215608,0.044418181461392314
4,client4,client4-744474fb99-gl9r2,linkerd-proxy,921.15,exp1,5,300,1000.0,10,10-05-26-215608,0.044424390584381634
4,client4,client4-744474fb99-gl9r2,sidecar,918.7320000000004,exp1,5,300,1000.0,10,10-05-26-215608,0.04448276531763959
8,client5,client5-7d5ff7f8b4-brd9c,client5,802.1610000000001,exp1,5,300,1000.0,10,10-05-26-215608,0.04063178848655405
8,client5,client5-7d5ff7f8b4-brd9c,linkerd-proxy,799.1819999999998,exp1,5,300,1000.0,10,10-05-26-215608,0.040830571000735394
17,client5,client5-7d5ff7f8b4-brd9c,sidecar,721.8629999999994,exp1,5,300,1000.0,10,10-05-26-215608,0.04854786069217931
8,client5,maurits-dijk-6f807020client51-vm9l9,hfl-train,822.3000000000002,exp1,5,300,1000.0,10,10-05-26-215608,0.039448735244625416
8,client5,maurits-dijk-6f807020client51-vm9l9,hfl-train-model,797.076,exp1,5,300,1000.0,10,10-05-26-215608,0.041020777020956106
2,client5,maurits-dijk-6f807020client51-vm9l9,sidecar,730.701,exp1,5,300,1000.0,10,10-05-26-215608,0.0453257375087775
13,client6,client6-785d875985-jhrvw,client6,985.4610000000011,exp1,5,300,1000.0,10,10-05-26-215608,0.04561715589881021
13,client6,client6-785d875985-jhrvw,linkerd-proxy,985.1010000000006,exp1,5,300,1000.0,10,10-05-26-215608,0.04559998724301556
13,client6,client6-785d875985-jhrvw,sidecar,982.8509999999987,exp1,5,300,1000.0,10,10-05-26-215608,0.045664806668624575
8,client7,client7-544486cc98-9868c,client7,982.977,exp1,5,300,1000.0,10,10-05-26-215608,0.05156637603895001
8,client7,client7-544486cc98-9868c,linkerd-proxy,982.6319999999996,exp1,5,300,1000.0,10,10-05-26-215608,0.05158103381481918
8,client7,client7-544486cc98-9868c,sidecar,981.255,exp1,5,300,1000.0,10,10-05-26-215608,0.05162116554269405
10,client8,client8-5845965f99-9c4w8,client8,981.6989999999996,exp1,5,300,1000.0,10,10-05-26-215608,0.050020009842673296
10,client8,client8-5845965f99-9c4w8,linkerd-proxy,981.366,exp1,5,300,1000.0,10,10-05-26-215608,0.050032531177197026
3,client8,client8-5845965f99-9c4w8,sidecar,554.6430000000005,exp1,5,300,1000.0,10,10-05-26-215608,0.04967485697197224
2,client9,client9-d68fb99b4-k9vg6,client9,817.6290000000001,exp1,5,300,1000.0,10,10-05-26-215608,0.037476912916706934
2,client9,client9-d68fb99b4-k9vg6,linkerd-proxy,816.6149999999998,exp1,5,300,1000.0,10,10-05-26-215608,0.037619558289976485
2,client9,client9-d68fb99b4-k9vg6,sidecar,788.2289999999998,exp1,5,300,1000.0,10,10-05-26-215608,0.04884548704498126
2,client9,maurits-dijk-6f807020client91-5jv2l,hfl-train,838.3229999999999,exp1,5,300,1000.0,10,10-05-26-215608,0.035528762130081715
2,client9,maurits-dijk-6f807020client91-5jv2l,hfl-train-model,810.471,exp1,5,300,1000.0,10,10-05-26-215608,0.037615058239213156
22,client9,maurits-dijk-6f807020client91-5jv2l,sidecar,741.7470000000012,exp1,5,300,1000.0,10,10-05-26-215608,0.05361214134764286
13,orchestrator,orchestrator-555f7b7c9d-6h49d,linkerd-proxy,435.5100000000002,exp1,5,300,1000.0,10,10-05-26-215608,0.03461606431451855
11,orchestrator,orchestrator-555f7b7c9d-6h49d,orchestrator,141.23099999999977,exp1,5,300,1000.0,10,10-05-26-215608,0.04516921981058332
3,orchestrator,orchestrator-555f7b7c9d-6h49d,sidecar,247.2629999999997,exp1,5,300,1000.0,10,10-05-26-215608,0.047385018899045395
13,orchestrator,policy-enforcer-cb8dccbd8-6vw8c,linkerd-proxy,435.4979999999996,exp1,5,300,1000.0,10,10-05-26-215608,0.034615775539189875
23,orchestrator,policy-enforcer-cb8dccbd8-6vw8c,policy-enforcer,179.45399999999972,exp1,5,300,1000.0,10,10-05-26-215608,0.06674246280311083
0,orchestrator,policy-enforcer-cb8dccbd8-6vw8c,sidecar,270.396,exp1,5,300,1000.0,10,10-05-26-215608,0.0465548392599032
24,server,maurits-dijk-6f807020server1-7wfjx,hfl-train,612.521999999999,exp1,5,300,1000.0,10,10-05-26-215608,0.03488041491266444
24,server,maurits-dijk-6f807020server1-7wfjx,hfl-train-model,973.3949999999968,exp1,5,300,1000.0,10,10-05-26-215608,0.0343860181662789
18,server,maurits-dijk-6f807020server1-7wfjx,sidecar,538.599000000002,exp1,5,300,1000.0,10,10-05-26-215608,0.043437490980442306
24,server,server-656f98b57f-sk96x,linkerd-proxy,616.2630000000008,exp1,5,300,1000.0,10,10-05-26-215608,0.03443462666385427
24,server,server-656f98b57f-sk96x,server,633.5429999999997,exp1,5,300,1000.0,10,10-05-26-215608,0.03401784644093403
24,server,server-656f98b57f-sk96x,sidecar,586.6020000000026,exp1,5,300,1000.0,10,10-05-26-215608,0.05121886509036516
7,api-gateway,api-gateway-6bf76d45b7-6vf6d,api-gateway,445.221,exp1,5,330,1000.0,10,08-05-26-234107,0.06471176536955689
4,api-gateway,api-gateway-6bf76d45b7-6vf6d,linkerd-proxy,434.30099999999993,exp1,5,330,1000.0,10,08-05-26-234107,0.055233330293605803
7,api-gateway,api-gateway-6bf76d45b7-6vf6d,sidecar,366.1350000000002,exp1,5,330,1000.0,10,08-05-26-234107,0.05714598503331636
11,api-gateway,api-gateway-6bf76d45b7-k7mdl,api-gateway,442.1099999999997,exp1,5,330,1000.0,10,10-05-26-230852,0.033803429815406155
11,api-gateway,api-gateway-6bf76d45b7-k7mdl,linkerd-proxy,444.2129999999997,exp1,5,330,1000.0,10,10-05-26-230852,0.03567535568510502
11,api-gateway,api-gateway-6bf76d45b7-k7mdl,sidecar,380.8319999999999,exp1,5,330,1000.0,10,10-05-26-230852,0.04536838452347458
4,api-gateway,api-gateway-6bf76d45b7-rhbfs,api-gateway,451.836,exp1,5,330,1000.0,10,10-05-26-012033,0.03659045991445262
13,api-gateway,api-gateway-6bf76d45b7-rhbfs,linkerd-proxy,441.906,exp1,5,330,1000.0,10,10-05-26-012033,0.03090998124969932
24,api-gateway,api-gateway-6bf76d45b7-rhbfs,sidecar,386.2439999999988,exp1,5,330,1000.0,10,10-05-26-012033,0.0308230021144712
9,client1,client1-7b9db886dd-5pbv9,client1,816.1890000000003,exp1,5,330,1000.0,10,10-05-26-012033,0.03860924156515452
9,client1,client1-7b9db886dd-5pbv9,linkerd-proxy,814.7430000000004,exp1,5,330,1000.0,10,10-05-26-012033,0.03825571394550084
23,client1,client1-7b9db886dd-5pbv9,sidecar,744.6599999999999,exp1,5,330,1000.0,10,10-05-26-012033,0.03873345518245622
11,client1,client1-7b9db886dd-m7lwt,client1,800.9069999999992,exp1,5,330,1000.0,10,08-05-26-234107,0.05921429879303139
11,client1,client1-7b9db886dd-m7lwt,linkerd-proxy,801.2789999999986,exp1,5,330,1000.0,10,08-05-26-234107,0.05950775617799553
5,client1,client1-7b9db886dd-m7lwt,sidecar,705.21,exp1,5,330,1000.0,10,08-05-26-234107,0.05040936814517466
7,client1,client1-7b9db886dd-mm97b,client1,852.8460000000005,exp1,5,330,1000.0,10,10-05-26-230852,0.045216138400326594
7,client1,client1-7b9db886dd-mm97b,linkerd-proxy,852.4860000000008,exp1,5,330,1000.0,10,10-05-26-230852,0.04524211582701845
1,client1,client1-7b9db886dd-mm97b,sidecar,754.326,exp1,5,330,1000.0,10,10-05-26-230852,0.06296901390537657
11,client1,maurits-dijk-0329b7f7client11-lznm8,hfl-train,818.5109999999995,exp1,5,330,1000.0,10,08-05-26-234107,0.05701948657705941
11,client1,maurits-dijk-0329b7f7client11-lznm8,hfl-train-model,794.7179999999989,exp1,5,330,1000.0,10,08-05-26-234107,0.0596643241899579
11,client1,maurits-dijk-0329b7f7client11-lznm8,sidecar,738.7619999999997,exp1,5,330,1000.0,10,08-05-26-234107,0.07296496342540906
7,client1,maurits-dijk-0ae41388client11-jtj9z,hfl-train,872.3670000000002,exp1,5,330,1000.0,10,10-05-26-230852,0.04423576704815582
7,client1,maurits-dijk-0ae41388client11-jtj9z,hfl-train-model,847.5239999999994,exp1,5,330,1000.0,10,10-05-26-230852,0.04571196753908638
24,client1,maurits-dijk-0ae41388client11-jtj9z,sidecar,758.7059999999983,exp1,5,330,1000.0,10,10-05-26-230852,0.0715872679455476
9,client1,maurits-dijk-e2a11350client11-r2g9w,hfl-train,833.1930000000002,exp1,5,330,1000.0,10,10-05-26-012033,0.0370597836892429
9,client1,maurits-dijk-e2a11350client11-r2g9w,hfl-train-model,809.7029999999995,exp1,5,330,1000.0,10,10-05-26-012033,0.03868654698420124
3,client1,maurits-dijk-e2a11350client11-r2g9w,sidecar,752.3999999999999,exp1,5,330,1000.0,10,10-05-26-012033,0.04496437864689612
9,client10,client10-694b6b97b4-757qh,client10,863.5349999999999,exp1,5,330,1000.0,10,08-05-26-234107,0.05553618870283966
9,client10,client10-694b6b97b4-757qh,linkerd-proxy,863.4570000000003,exp1,5,330,1000.0,10,08-05-26-234107,0.055523516092798125
19,client10,client10-694b6b97b4-757qh,sidecar,419.1450000000005,exp1,5,330,1000.0,10,08-05-26-234107,0.05996355363749478
21,client10,client10-694b6b97b4-b5w8n,client10,948.9780000000028,exp1,5,330,1000.0,10,10-05-26-012033,0.044261033057015176
21,client10,client10-694b6b97b4-b5w8n,linkerd-proxy,948.704999999998,exp1,5,330,1000.0,10,10-05-26-012033,0.04422083912739119
13,client10,client10-694b6b97b4-b5w8n,sidecar,902.3669999999984,exp1,5,330,1000.0,10,10-05-26-012033,0.062391797924453485
8,client10,client10-694b6b97b4-w54qw,client10,868.8749999999991,exp1,5,330,1000.0,10,10-05-26-230852,0.029186056407006167
8,client10,client10-694b6b97b4-w54qw,linkerd-proxy,868.9170000000004,exp1,5,330,1000.0,10,10-05-26-230852,0.029197806872915233
11,client10,client10-694b6b97b4-w54qw,sidecar,829.527000000001,exp1,5,330,1000.0,10,10-05-26-230852,0.04322031255294129
16,client11,client11-565c48c7c7-kx54v,client11,896.9550000000017,exp1,5,330,1000.0,10,10-05-26-230852,0.04150836282965631
16,client11,client11-565c48c7c7-kx54v,linkerd-proxy,897.0989999999983,exp1,5,330,1000.0,10,10-05-26-230852,0.04159119936952235
21,client11,client11-565c48c7c7-kx54v,sidecar,797.3099999999995,exp1,5,330,1000.0,10,10-05-26-230852,0.04098288369885125
0,client11,client11-565c48c7c7-n8cg6,client11,898.9919999999998,exp1,5,330,1000.0,10,10-05-26-012033,0.03556222246372981
0,client11,client11-565c48c7c7-n8cg6,linkerd-proxy,898.6229999999999,exp1,5,330,1000.0,10,10-05-26-012033,0.03553929094118305
0,client11,client11-565c48c7c7-n8cg6,sidecar,897.288,exp1,5,330,1000.0,10,10-05-26-012033,0.03558845244648079
23,client11,client11-565c48c7c7-vxjss,client11,531.6420000000016,exp1,5,330,1000.0,10,08-05-26-234107,0.042004327650221274
23,client11,client11-565c48c7c7-vxjss,linkerd-proxy,531.4380000000019,exp1,5,330,1000.0,10,08-05-26-234107,0.04202572415180714
23,client11,client11-565c48c7c7-vxjss,sidecar,530.6550000000007,exp1,5,330,1000.0,10,08-05-26-234107,0.04198508199016113
9,client12,client12-79bc8d5846-h5lzv,client12,873.156,exp1,5,330,1000.0,10,10-05-26-230852,0.031252591126026436
9,client12,client12-79bc8d5846-h5lzv,linkerd-proxy,872.9430000000011,exp1,5,330,1000.0,10,10-05-26-230852,0.031221102218963986
24,client12,client12-79bc8d5846-h5lzv,sidecar,831.8579999999984,exp1,5,330,1000.0,10,10-05-26-230852,0.051330650827182106
7,client12,client12-79bc8d5846-lcj5s,client12,845.9130000000005,exp1,5,330,1000.0,10,08-05-26-234107,0.06142414172617308
7,client12,client12-79bc8d5846-lcj5s,linkerd-proxy,846.0,exp1,5,330,1000.0,10,08-05-26-234107,0.06147057531686467
7,client12,client12-79bc8d5846-lcj5s,sidecar,843.6330000000007,exp1,5,330,1000.0,10,08-05-26-234107,0.06149910911262177
8,client12,client12-79bc8d5846-q8qrj,client12,966.384,exp1,5,330,1000.0,10,10-05-26-012033,0.04989959991141821
8,client12,client12-79bc8d5846-q8qrj,linkerd-proxy,966.3359999999992,exp1,5,330,1000.0,10,10-05-26-012033,0.049935324466170355
8,client12,client12-79bc8d5846-q8qrj,sidecar,886.1369999999988,exp1,5,330,1000.0,10,10-05-26-012033,0.06011982181419587
18,client13,client13-7bf86f4f87-5t8nc,client13,802.4400000000005,exp1,5,330,1000.0,10,10-05-26-012033,0.035186265169632414
18,client13,client13-7bf86f4f87-5t8nc,linkerd-proxy,798.4830000000002,exp1,5,330,1000.0,10,10-05-26-012033,0.0353306190852391
15,client13,client13-7bf86f4f87-5t8nc,sidecar,766.9619999999995,exp1,5,330,1000.0,10,10-05-26-012033,0.047362513592742794
19,client13,client13-7bf86f4f87-bk55q,client13,777.1500000000015,exp1,5,330,1000.0,10,10-05-26-230852,0.030247439601803594
19,client13,client13-7bf86f4f87-bk55q,linkerd-proxy,774.1139999999996,exp1,5,330,1000.0,10,10-05-26-230852,0.030718450380947254
19,client13,client13-7bf86f4f87-bk55q,sidecar,696.4350000000013,exp1,5,330,1000.0,10,10-05-26-230852,0.04249687906053254
8,client13,client13-7bf86f4f87-fkx8m,client13,825.4080000000013,exp1,5,330,1000.0,10,08-05-26-234107,0.060137693953391025
8,client13,client13-7bf86f4f87-fkx8m,linkerd-proxy,821.3250000000007,exp1,5,330,1000.0,10,08-05-26-234107,0.060300996675582225
8,client13,client13-7bf86f4f87-fkx8m,sidecar,763.491,exp1,5,330,1000.0,10,08-05-26-234107,0.07220778617283982
8,client13,maurits-dijk-0329b7f7client131-6fgf2,hfl-train,852.8669999999993,exp1,5,330,1000.0,10,08-05-26-234107,0.05757436652776815
8,client13,maurits-dijk-0329b7f7client131-6fgf2,hfl-train-model,818.2259999999997,exp1,5,330,1000.0,10,08-05-26-234107,0.060735916490381764
8,client13,maurits-dijk-0329b7f7client131-6fgf2,sidecar,638.7840000000006,exp1,5,330,1000.0,10,08-05-26-234107,0.08364078980087333
19,client13,maurits-dijk-0ae41388client131-vq54q,hfl-train,803.9400000000005,exp1,5,330,1000.0,10,10-05-26-230852,0.02907160046353721
19,client13,maurits-dijk-0ae41388client131-vq54q,hfl-train-model,771.1949999999997,exp1,5,330,1000.0,10,10-05-26-230852,0.030903883261056225
1,client13,maurits-dijk-0ae41388client131-vq54q,sidecar,668.6340000000001,exp1,5,330,1000.0,10,10-05-26-230852,0.04391612525146285
18,client13,maurits-dijk-e2a11350client131-htldl,hfl-train,829.0320000000011,exp1,5,330,1000.0,10,10-05-26-012033,0.033806522754246615
18,client13,maurits-dijk-e2a11350client131-htldl,hfl-train-model,795.2279999999992,exp1,5,330,1000.0,10,10-05-26-012033,0.03546339621565653
23,client13,maurits-dijk-e2a11350client131-htldl,sidecar,680.5499999999993,exp1,5,330,1000.0,10,10-05-26-012033,0.051585680321203226
0,client14,client14-856b5b5576-4s485,client14,924.3060000000002,exp1,5,330,1000.0,10,10-05-26-230852,0.04287309807658782
0,client14,client14-856b5b5576-4s485,linkerd-proxy,923.961,exp1,5,330,1000.0,10,10-05-26-230852,0.04286270556064689
0,client14,client14-856b5b5576-4s485,sidecar,922.353,exp1,5,330,1000.0,10,10-05-26-230852,0.042911940884661604
9,client14,client14-856b5b5576-krrc7,client14,869.982,exp1,5,330,1000.0,10,08-05-26-234107,0.057745701424118556
9,client14,client14-856b5b5576-krrc7,linkerd-proxy,869.6730000000007,exp1,5,330,1000.0,10,08-05-26-234107,0.057736323506932086
9,client14,client14-856b5b5576-krrc7,sidecar,868.1580000000004,exp1,5,330,1000.0,10,08-05-26-234107,0.061001599043244176
21,client14,client14-856b5b5576-slj6d,client14,917.9760000000024,exp1,5,330,1000.0,10,10-05-26-012033,0.0392062509708411
21,client14,client14-856b5b5576-slj6d,linkerd-proxy,917.6760000000032,exp1,5,330,1000.0,10,10-05-26-012033,0.03920456387960958
21,client14,client14-856b5b5576-slj6d,sidecar,915.9900000000016,exp1,5,330,1000.0,10,10-05-26-012033,0.039220622381664405
23,client15,client15-79c969ddf-7cb99,client15,942.4680000000008,exp1,5,330,1000.0,10,10-05-26-230852,0.04535336780835761
23,client15,client15-79c969ddf-7cb99,linkerd-proxy,942.311999999998,exp1,5,330,1000.0,10,10-05-26-230852,0.045400971840790255
23,client15,client15-79c969ddf-7cb99,sidecar,940.8060000000004,exp1,5,330,1000.0,10,10-05-26-230852,0.045427813311820636
14,client15,client15-79c969ddf-84qdz,client15,927.0480000000008,exp1,5,330,1000.0,10,10-05-26-012033,0.04353858587735532
14,client15,client15-79c969ddf-84qdz,linkerd-proxy,926.880000000001,exp1,5,330,1000.0,10,10-05-26-012033,0.043566680213568826
14,client15,client15-79c969ddf-84qdz,sidecar,925.3109999999996,exp1,5,330,1000.0,10,10-05-26-012033,0.04386142421045283
11,client15,client15-79c969ddf-pjk2x,client15,957.5969999999998,exp1,5,330,1000.0,10,08-05-26-234107,0.08053664385465298
11,client15,client15-79c969ddf-pjk2x,linkerd-proxy,957.375,exp1,5,330,1000.0,10,08-05-26-234107,0.08055850396586003
11,client15,client15-79c969ddf-pjk2x,sidecar,955.8629999999994,exp1,5,330,1000.0,10,08-05-26-234107,0.08060768512512201
12,client16,client16-6dc7f87f54-ksxqf,client16,904.5209999999988,exp1,5,330,1000.0,10,10-05-26-230852,0.04160765937344976
12,client16,client16-6dc7f87f54-ksxqf,linkerd-proxy,904.2960000000004,exp1,5,330,1000.0,10,10-05-26-230852,0.04162243240750904
12,client16,client16-6dc7f87f54-ksxqf,sidecar,902.652,exp1,5,330,1000.0,10,10-05-26-230852,0.041617205130652174
11,client16,client16-6dc7f87f54-t8mtd,client16,885.9899999999998,exp1,5,330,1000.0,10,08-05-26-234107,0.06181438389178817
11,client16,client16-6dc7f87f54-t8mtd,linkerd-proxy,885.7739999999994,exp1,5,330,1000.0,10,08-05-26-234107,0.06181579782918073
11,client16,client16-6dc7f87f54-t8mtd,sidecar,794.9790000000003,exp1,5,330,1000.0,10,08-05-26-234107,0.05578877449181299
11,client16,client16-6dc7f87f54-zmsnw,client16,931.8089999999992,exp1,5,330,1000.0,10,10-05-26-012033,0.033568039747742556
11,client16,client16-6dc7f87f54-zmsnw,linkerd-proxy,931.7459999999992,exp1,5,330,1000.0,10,10-05-26-012033,0.03360624990159916
11,client16,client16-6dc7f87f54-zmsnw,sidecar,929.2980000000008,exp1,5,330,1000.0,10,10-05-26-012033,0.0335312758881218
22,client17,client17-69b85b5ccf-5ll7m,client17,789.8159999999989,exp1,5,330,1000.0,10,10-05-26-012033,0.03289151970958967
24,client17,client17-69b85b5ccf-5ll7m,linkerd-proxy,787.3890000000029,exp1,5,330,1000.0,10,10-05-26-012033,0.03324367001629644
2,client17,client17-69b85b5ccf-5ll7m,sidecar,781.863,exp1,5,330,1000.0,10,10-05-26-012033,0.05973481693008886
9,client17,client17-69b85b5ccf-kvp8f,client17,789.1379999999999,exp1,5,330,1000.0,10,10-05-26-230852,0.0325862931893692
9,client17,client17-69b85b5ccf-kvp8f,linkerd-proxy,786.0030000000006,exp1,5,330,1000.0,10,10-05-26-230852,0.032788817652700114
13,client17,client17-69b85b5ccf-kvp8f,sidecar,468.4679999999989,exp1,5,330,1000.0,10,10-05-26-230852,0.04347314362877308
7,client17,client17-69b85b5ccf-mgrmf,client17,766.3320000000003,exp1,5,330,1000.0,10,08-05-26-234107,0.05566796739147087
7,client17,client17-69b85b5ccf-mgrmf,linkerd-proxy,763.2269999999999,exp1,5,330,1000.0,10,08-05-26-234107,0.055943775648964966
2,client17,client17-69b85b5ccf-mgrmf,sidecar,704.733,exp1,5,330,1000.0,10,08-05-26-234107,0.058689952242865384
7,client17,maurits-dijk-0329b7f7client171-srgbk,hfl-train,782.7420000000002,exp1,5,330,1000.0,10,08-05-26-234107,0.053526390527295326
7,client17,maurits-dijk-0329b7f7client171-srgbk,hfl-train-model,759.9539999999997,exp1,5,330,1000.0,10,08-05-26-234107,0.05613278366915986
2,client17,maurits-dijk-0329b7f7client171-srgbk,sidecar,728.6400000000003,exp1,5,330,1000.0,10,08-05-26-234107,0.08050985533931271
9,client17,maurits-dijk-0ae41388client171-8s76b,hfl-train,816.4110000000001,exp1,5,330,1000.0,10,10-05-26-230852,0.03380302827105383
9,client17,maurits-dijk-0ae41388client171-8s76b,hfl-train-model,782.9580000000005,exp1,5,330,1000.0,10,10-05-26-230852,0.032844244097996966
9,client17,maurits-dijk-0ae41388client171-8s76b,sidecar,736.7579999999998,exp1,5,330,1000.0,10,10-05-26-230852,0.05387457943548335
22,client17,maurits-dijk-e2a11350client171-v7l82,hfl-train,813.4680000000008,exp1,5,330,1000.0,10,10-05-26-012033,0.033423989454720915
24,client17,maurits-dijk-e2a11350client171-v7l82,hfl-train-model,783.9330000000027,exp1,5,330,1000.0,10,10-05-26-012033,0.03333143827026128
24,client17,maurits-dijk-e2a11350client171-v7l82,sidecar,784.251000000002,exp1,5,330,1000.0,10,10-05-26-012033,0.06022487776754509
2,client18,client18-69db77c748-gbpq8,client18,937.4489999999998,exp1,5,330,1000.0,10,08-05-26-234107,0.06617113362885269
2,client18,client18-69db77c748-gbpq8,linkerd-proxy,937.284,exp1,5,330,1000.0,10,08-05-26-234107,0.06618107665017775
2,client18,client18-69db77c748-gbpq8,sidecar,935.7119999999996,exp1,5,330,1000.0,10,08-05-26-234107,0.06623913764768563
21,client18,client18-69db77c748-xg8mr,client18,926.8349999999992,exp1,5,330,1000.0,10,10-05-26-230852,0.04101879986179674
21,client18,client18-69db77c748-xg8mr,linkerd-proxy,926.7690000000002,exp1,5,330,1000.0,10,10-05-26-230852,0.041054207592887776
21,client18,client18-69db77c748-xg8mr,sidecar,924.9719999999998,exp1,5,330,1000.0,10,10-05-26-230852,0.04106813324187736
22,client18,client18-69db77c748-z5qkz,client18,916.9229999999952,exp1,5,330,1000.0,10,10-05-26-012033,0.043422270661228335
22,client18,client18-69db77c748-z5qkz,linkerd-proxy,916.7819999999992,exp1,5,330,1000.0,10,10-05-26-012033,0.04344245601766364
22,client18,client18-69db77c748-z5qkz,sidecar,915.1439999999966,exp1,5,330,1000.0,10,10-05-26-012033,0.04346835090090184
12,client19,client19-56fccdb4d9-2v4m4,client19,1006.7969999999988,exp1,5,330,1000.0,10,10-05-26-012033,0.05443676454858859
12,client19,client19-56fccdb4d9-2v4m4,linkerd-proxy,1006.7969999999988,exp1,5,330,1000.0,10,10-05-26-012033,0.05447654746797645
12,client19,client19-56fccdb4d9-2v4m4,sidecar,1005.018,exp1,5,330,1000.0,10,10-05-26-012033,0.05451416120927918
0,client19,client19-56fccdb4d9-j5qg8,client19,909.978,exp1,5,330,1000.0,10,08-05-26-234107,0.06667318329668537
0,client19,client19-56fccdb4d9-j5qg8,linkerd-proxy,909.696,exp1,5,330,1000.0,10,08-05-26-234107,0.06664225105353225
0,client19,client19-56fccdb4d9-j5qg8,sidecar,908.127,exp1,5,330,1000.0,10,08-05-26-234107,0.06671987941603266
21,client19,client19-56fccdb4d9-zrtcv,client19,894.6780000000017,exp1,5,330,1000.0,10,10-05-26-230852,0.03564326592367209
21,client19,client19-56fccdb4d9-zrtcv,linkerd-proxy,894.5730000000003,exp1,5,330,1000.0,10,10-05-26-230852,0.03566290140939343
21,client19,client19-56fccdb4d9-zrtcv,sidecar,892.9320000000025,exp1,5,330,1000.0,10,10-05-26-230852,0.03570018896638752
2,client2,client2-86cd6d8cf7-5x8fk,client2,899.5440000000001,exp1,5,330,1000.0,10,08-05-26-234107,0.055085759902324255
2,client2,client2-86cd6d8cf7-5x8fk,linkerd-proxy,899.2829999999997,exp1,5,330,1000.0,10,08-05-26-234107,0.05506704646105373
2,client2,client2-86cd6d8cf7-5x8fk,sidecar,897.6569999999999,exp1,5,330,1000.0,10,08-05-26-234107,0.055077121050274847
10,client2,client2-86cd6d8cf7-q295w,client2,970.4819999999992,exp1,5,330,1000.0,10,10-05-26-230852,0.05520659968066907
10,client2,client2-86cd6d8cf7-q295w,linkerd-proxy,970.2840000000006,exp1,5,330,1000.0,10,10-05-26-230852,0.055207665527101296
10,client2,client2-86cd6d8cf7-q295w,sidecar,968.6279999999988,exp1,5,330,1000.0,10,10-05-26-230852,0.05525582968549847
12,client2,client2-86cd6d8cf7-zn79x,client2,931.161,exp1,5,330,1000.0,10,10-05-26-012033,0.04672978573351638
12,client2,client2-86cd6d8cf7-zn79x,linkerd-proxy,931.0499999999992,exp1,5,330,1000.0,10,10-05-26-012033,0.046744233738816254
12,client2,client2-86cd6d8cf7-zn79x,sidecar,929.4419999999992,exp1,5,330,1000.0,10,10-05-26-012033,0.04679818283335646
7,client20,client20-65f8864f77-8cglk,client20,937.0110000000004,exp1,5,330,1000.0,10,10-05-26-230852,0.0515959134867853
7,client20,client20-65f8864f77-8cglk,linkerd-proxy,936.8850000000002,exp1,5,330,1000.0,10,10-05-26-230852,0.05162029967649759
13,client20,client20-65f8864f77-8cglk,sidecar,896.5110000000004,exp1,5,330,1000.0,10,10-05-26-230852,0.055377898127766334
3,client20,client20-65f8864f77-ccwqg,client20,951.6509999999998,exp1,5,330,1000.0,10,08-05-26-234107,0.08270930726568529
3,client20,client20-65f8864f77-ccwqg,linkerd-proxy,951.3990000000005,exp1,5,330,1000.0,10,08-05-26-234107,0.08269665301426102
3,client20,client20-65f8864f77-ccwqg,sidecar,806.8649999999998,exp1,5,330,1000.0,10,08-05-26-234107,0.05365807644686263
15,client20,client20-65f8864f77-hqjbb,client20,916.7219999999998,exp1,5,330,1000.0,10,10-05-26-012033,0.04167469740450386
15,client20,client20-65f8864f77-hqjbb,linkerd-proxy,916.601999999999,exp1,5,330,1000.0,10,10-05-26-012033,0.041700218275672024
15,client20,client20-65f8864f77-hqjbb,sidecar,914.8979999999992,exp1,5,330,1000.0,10,10-05-26-012033,0.055126737750973515
11,client3,client3-58c68898cd-6b4gn,client3,886.4610000000011,exp1,5,330,1000.0,10,08-05-26-234107,0.06208075774258626
11,client3,client3-58c68898cd-6b4gn,linkerd-proxy,886.4760000000006,exp1,5,330,1000.0,10,08-05-26-234107,0.06210175611346014
11,client3,client3-58c68898cd-6b4gn,sidecar,883.9620000000014,exp1,5,330,1000.0,10,08-05-26-234107,0.06211999954149458
13,client3,client3-58c68898cd-bdxjs,client3,916.6440000000002,exp1,5,330,1000.0,10,10-05-26-230852,0.04225013855465165
13,client3,client3-58c68898cd-bdxjs,linkerd-proxy,916.5989999999985,exp1,5,330,1000.0,10,10-05-26-230852,0.04225971061524772
13,client3,client3-58c68898cd-bdxjs,sidecar,914.1270000000004,exp1,5,330,1000.0,10,10-05-26-230852,0.04227193697105913
20,client3,client3-58c68898cd-gsmfd,client3,1002.3089999999976,exp1,5,330,1000.0,10,10-05-26-012033,0.050357921483500656
20,client3,client3-58c68898cd-gsmfd,linkerd-proxy,1002.2940000000016,exp1,5,330,1000.0,10,10-05-26-012033,0.05037077015925889
20,client3,client3-58c68898cd-gsmfd,sidecar,999.6389999999992,exp1,5,330,1000.0,10,10-05-26-012033,0.05041484416360917
11,client4,client4-744474fb99-22z7n,client4,934.226999999999,exp1,5,330,1000.0,10,10-05-26-012033,0.04346292374451172
11,client4,client4-744474fb99-22z7n,linkerd-proxy,934.1640000000008,exp1,5,330,1000.0,10,10-05-26-012033,0.04346686874813763
11,client4,client4-744474fb99-22z7n,sidecar,931.8779999999988,exp1,5,330,1000.0,10,10-05-26-012033,0.043563892668762816
11,client4,client4-744474fb99-fz26j,client4,939.09,exp1,5,330,1000.0,10,08-05-26-234107,0.06491966674373584
11,client4,client4-744474fb99-fz26j,linkerd-proxy,938.8950000000004,exp1,5,330,1000.0,10,08-05-26-234107,0.06487538404045179
11,client4,client4-744474fb99-fz26j,sidecar,936.5700000000016,exp1,5,330,1000.0,10,08-05-26-234107,0.06495418419332977
3,client4,client4-744474fb99-k44bn,client4,890.7119999999995,exp1,5,330,1000.0,10,10-05-26-230852,0.03883800072515339
3,client4,client4-744474fb99-k44bn,linkerd-proxy,890.5620000000004,exp1,5,330,1000.0,10,10-05-26-230852,0.038838649842951684
3,client4,client4-744474fb99-k44bn,sidecar,888.2999999999997,exp1,5,330,1000.0,10,10-05-26-230852,0.03890135515259413
6,client5,client5-7d5ff7f8b4-hd8t4,client5,864.7889999999998,exp1,5,330,1000.0,10,10-05-26-230852,0.05687621849877425
6,client5,client5-7d5ff7f8b4-hd8t4,linkerd-proxy,860.6789999999992,exp1,5,330,1000.0,10,10-05-26-230852,0.056877189851815196
18,client5,client5-7d5ff7f8b4-hd8t4,sidecar,711.5580000000009,exp1,5,330,1000.0,10,10-05-26-230852,0.04477559379977086
14,client5,client5-7d5ff7f8b4-ldr67,client5,797.9399999999987,exp1,5,330,1000.0,10,10-05-26-012033,0.038893510381430296
14,client5,client5-7d5ff7f8b4-ldr67,linkerd-proxy,795.0240000000013,exp1,5,330,1000.0,10,10-05-26-012033,0.03924362075914764
22,client5,client5-7d5ff7f8b4-ldr67,sidecar,681.6029999999992,exp1,5,330,1000.0,10,10-05-26-012033,0.041523108266400516
7,client5,client5-7d5ff7f8b4-sxbhq,client5,814.4939999999997,exp1,5,330,1000.0,10,08-05-26-234107,0.06949423846258873
7,client5,client5-7d5ff7f8b4-sxbhq,linkerd-proxy,810.612000000001,exp1,5,330,1000.0,10,08-05-26-234107,0.06959515519615742
7,client5,client5-7d5ff7f8b4-sxbhq,sidecar,710.8290000000002,exp1,5,330,1000.0,10,08-05-26-234107,0.08337647848248034
7,client5,maurits-dijk-0329b7f7client51-8bxbg,hfl-train,834.0239999999994,exp1,5,330,1000.0,10,08-05-26-234107,0.06808302508716171
7,client5,maurits-dijk-0329b7f7client51-8bxbg,hfl-train-model,808.2359999999999,exp1,5,330,1000.0,10,08-05-26-234107,0.069763988272629
11,client5,maurits-dijk-0329b7f7client51-8bxbg,sidecar,726.5160000000005,exp1,5,330,1000.0,10,08-05-26-234107,0.070673773427407
6,client5,maurits-dijk-0ae41388client51-zgng5,hfl-train,880.9290000000001,exp1,5,330,1000.0,10,10-05-26-230852,0.05457795785802458
6,client5,maurits-dijk-0ae41388client51-zgng5,hfl-train-model,858.4259999999995,exp1,5,330,1000.0,10,10-05-26-230852,0.05705980618546522
6,client5,maurits-dijk-0ae41388client51-zgng5,sidecar,821.7059999999997,exp1,5,330,1000.0,10,10-05-26-230852,0.059479217894215314
14,client5,maurits-dijk-e2a11350client51-86wzj,hfl-train,820.6650000000009,exp1,5,330,1000.0,10,10-05-26-012033,0.039059209461012906
14,client5,maurits-dijk-e2a11350client51-86wzj,hfl-train-model,792.6959999999999,exp1,5,330,1000.0,10,10-05-26-012033,0.03934773678490011
2,client5,maurits-dijk-e2a11350client51-86wzj,sidecar,718.8719999999998,exp1,5,330,1000.0,10,10-05-26-012033,0.056369275262325574
19,client6,client6-785d875985-8clh6,client6,893.8559999999998,exp1,5,330,1000.0,10,10-05-26-012033,0.037400545319487416
19,client6,client6-785d875985-8clh6,linkerd-proxy,893.9010000000017,exp1,5,330,1000.0,10,10-05-26-012033,0.03747130864361112
19,client6,client6-785d875985-8clh6,sidecar,891.4019999999982,exp1,5,330,1000.0,10,10-05-26-012033,0.03746978468654488
18,client6,client6-785d875985-crl4f,client6,919.8599999999988,exp1,5,330,1000.0,10,10-05-26-230852,0.044412691967239154
18,client6,client6-785d875985-crl4f,linkerd-proxy,919.6050000000014,exp1,5,330,1000.0,10,10-05-26-230852,0.044408089253969635
18,client6,client6-785d875985-crl4f,sidecar,917.1989999999988,exp1,5,330,1000.0,10,10-05-26-230852,0.04444454581729565
4,client6,client6-785d875985-jx7p5,client6,899.0640000000003,exp1,5,330,1000.0,10,08-05-26-234107,0.06955435989133099
4,client6,client6-785d875985-jx7p5,linkerd-proxy,898.779,exp1,5,330,1000.0,10,08-05-26-234107,0.0695439261966854
4,client6,client6-785d875985-jx7p5,sidecar,896.4330000000009,exp1,5,330,1000.0,10,08-05-26-234107,0.06960286140904395
16,client7,client7-544486cc98-48f8s,client7,912.348,exp1,5,330,1000.0,10,10-05-26-230852,0.04317132694029904
16,client7,client7-544486cc98-48f8s,linkerd-proxy,912.126000000002,exp1,5,330,1000.0,10,10-05-26-230852,0.04321854602971853
16,client7,client7-544486cc98-48f8s,sidecar,910.7909999999991,exp1,5,330,1000.0,10,10-05-26-230852,0.043231406559603225
8,client7,client7-544486cc98-6ql57,client7,938.4090000000006,exp1,5,330,1000.0,10,08-05-26-234107,0.06585805293799449
8,client7,client7-544486cc98-6ql57,linkerd-proxy,938.1239999999998,exp1,5,330,1000.0,10,08-05-26-234107,0.06589293958729059
8,client7,client7-544486cc98-6ql57,sidecar,936.7920000000004,exp1,5,330,1000.0,10,08-05-26-234107,0.06591279208551099
9,client7,client7-544486cc98-shgvd,client7,938.3820000000004,exp1,5,330,1000.0,10,10-05-26-012033,0.04533383462893062
9,client7,client7-544486cc98-shgvd,linkerd-proxy,938.0069999999996,exp1,5,330,1000.0,10,10-05-26-012033,0.04533419908504638
9,client7,client7-544486cc98-shgvd,sidecar,936.648000000001,exp1,5,330,1000.0,10,10-05-26-012033,0.04536589256246423
4,client8,client8-5845965f99-6h6pc,client8,970.2629999999996,exp1,5,330,1000.0,10,08-05-26-234107,0.07019561441948646
4,client8,client8-5845965f99-6h6pc,linkerd-proxy,969.896999999999,exp1,5,330,1000.0,10,08-05-26-234107,0.07017860627067193
9,client8,client8-5845965f99-6h6pc,sidecar,873.8100000000004,exp1,5,330,1000.0,10,08-05-26-234107,0.05603039577089386
24,client8,client8-5845965f99-gdll6,client8,905.3280000000012,exp1,5,330,1000.0,10,10-05-26-012033,0.04509555324139175
24,client8,client8-5845965f99-gdll6,linkerd-proxy,905.3100000000012,exp1,5,330,1000.0,10,10-05-26-012033,0.04513657533360621
24,client8,client8-5845965f99-gdll6,sidecar,903.7590000000018,exp1,5,330,1000.0,10,10-05-26-012033,0.05531367794724815
14,client8,client8-5845965f99-rzx9d,client8,884.4570000000003,exp1,5,330,1000.0,10,10-05-26-230852,0.033362261470486404
14,client8,client8-5845965f99-rzx9d,linkerd-proxy,884.2289999999994,exp1,5,330,1000.0,10,10-05-26-230852,0.03340195759046477
14,client8,client8-5845965f99-rzx9d,sidecar,882.8400000000001,exp1,5,330,1000.0,10,10-05-26-230852,0.04538101079184942
2,client9,client9-d68fb99b4-8kchv,client9,835.239,exp1,5,330,1000.0,10,08-05-26-234107,0.06863161284764913
2,client9,client9-d68fb99b4-8kchv,linkerd-proxy,833.454,exp1,5,330,1000.0,10,08-05-26-234107,0.06854308961239713
2,client9,client9-d68fb99b4-8kchv,sidecar,770.3099999999997,exp1,5,330,1000.0,10,08-05-26-234107,0.09607870086739531
14,client9,client9-d68fb99b4-gbbln,client9,837.1589999999997,exp1,5,330,1000.0,10,10-05-26-012033,0.03950149125894828
14,client9,client9-d68fb99b4-gbbln,linkerd-proxy,836.9879999999976,exp1,5,330,1000.0,10,10-05-26-012033,0.03993845262622059
22,client9,client9-d68fb99b4-gbbln,sidecar,736.773000000001,exp1,5,330,1000.0,10,10-05-26-012033,0.05681083555405991
15,client9,client9-d68fb99b4-j79h5,client9,860.0280000000002,exp1,5,330,1000.0,10,10-05-26-230852,0.03784181544687398
15,client9,client9-d68fb99b4-j79h5,linkerd-proxy,858.3450000000012,exp1,5,330,1000.0,10,10-05-26-230852,0.0378844089305396
15,client9,client9-d68fb99b4-j79h5,sidecar,812.1540000000005,exp1,5,330,1000.0,10,10-05-26-230852,0.05835927196095264
2,client9,maurits-dijk-0329b7f7client91-z2zzh,hfl-train,857.4150000000004,exp1,5,330,1000.0,10,08-05-26-234107,0.06692655482112203
2,client9,maurits-dijk-0329b7f7client91-z2zzh,hfl-train-model,826.4130000000002,exp1,5,330,1000.0,10,08-05-26-234107,0.06787805958686885
11,client9,maurits-dijk-0329b7f7client91-z2zzh,sidecar,693.155999999999,exp1,5,330,1000.0,10,08-05-26-234107,0.059653518766525
15,client9,maurits-dijk-0ae41388client91-p95jq,hfl-train,878.726999999999,exp1,5,330,1000.0,10,10-05-26-230852,0.0368649856582188
15,client9,maurits-dijk-0ae41388client91-p95jq,hfl-train-model,851.9160000000011,exp1,5,330,1000.0,10,10-05-26-230852,0.03791368613501825
24,client9,maurits-dijk-0ae41388client91-p95jq,sidecar,787.2360000000008,exp1,5,330,1000.0,10,10-05-26-230852,0.04844442459113965
14,client9,maurits-dijk-e2a11350client91-42ngh,hfl-train,851.9459999999999,exp1,5,330,1000.0,10,10-05-26-012033,0.037486577886363004
14,client9,maurits-dijk-e2a11350client91-42ngh,hfl-train-model,830.753999999999,exp1,5,330,1000.0,10,10-05-26-012033,0.040022319784274174
22,client9,maurits-dijk-e2a11350client91-42ngh,sidecar,802.8600000000006,exp1,5,330,1000.0,10,10-05-26-012033,0.06440182590127874
0,orchestrator,orchestrator-555f7b7c9d-nsvns,linkerd-proxy,425.793,exp1,5,330,1000.0,10,10-05-26-230852,0.037412982324526334
21,orchestrator,orchestrator-555f7b7c9d-nsvns,orchestrator,128.1030000000001,exp1,5,330,1000.0,10,10-05-26-230852,0.087527265723112
17,orchestrator,orchestrator-555f7b7c9d-nsvns,sidecar,363.9839999999994,exp1,5,330,1000.0,10,10-05-26-230852,0.03518065962104791
4,orchestrator,orchestrator-555f7b7c9d-nwq8k,linkerd-proxy,415.2540000000001,exp1,5,330,1000.0,10,08-05-26-234107,0.05655468323952531
15,orchestrator,orchestrator-555f7b7c9d-nwq8k,orchestrator,133.25999999999976,exp1,5,330,1000.0,10,08-05-26-234107,0.06020892144896085
7,orchestrator,orchestrator-555f7b7c9d-nwq8k,sidecar,366.096,exp1,5,330,1000.0,10,08-05-26-234107,0.05467863051330679
13,orchestrator,orchestrator-555f7b7c9d-vcqhd,linkerd-proxy,422.7030000000004,exp1,5,330,1000.0,10,10-05-26-012033,0.03219993061838344
15,orchestrator,orchestrator-555f7b7c9d-vcqhd,orchestrator,138.0359999999996,exp1,5,330,1000.0,10,10-05-26-012033,0.035495551056549404
16,orchestrator,orchestrator-555f7b7c9d-vcqhd,sidecar,401.85300000000007,exp1,5,330,1000.0,10,10-05-26-012033,0.04690358620587587
0,orchestrator,policy-enforcer-cb8dccbd8-mw69b,linkerd-proxy,425.8560000000001,exp1,5,330,1000.0,10,10-05-26-230852,0.03746552444110676
14,orchestrator,policy-enforcer-cb8dccbd8-mw69b,policy-enforcer,357.3929999999996,exp1,5,330,1000.0,10,10-05-26-230852,0.07963419080488895
1,orchestrator,policy-enforcer-cb8dccbd8-mw69b,sidecar,239.23200000000008,exp1,5,330,1000.0,10,10-05-26-230852,0.05698489339379384
13,orchestrator,policy-enforcer-cb8dccbd8-p9t6t,linkerd-proxy,422.5739999999996,exp1,5,330,1000.0,10,10-05-26-012033,0.03215538165290896
23,orchestrator,policy-enforcer-cb8dccbd8-p9t6t,policy-enforcer,151.02300000000014,exp1,5,330,1000.0,10,10-05-26-012033,0.0759673682166585
4,orchestrator,policy-enforcer-cb8dccbd8-p9t6t,sidecar,409.2450000000001,exp1,5,330,1000.0,10,10-05-26-012033,0.04577272737657828
4,orchestrator,policy-enforcer-cb8dccbd8-wqmcn,linkerd-proxy,415.212,exp1,5,330,1000.0,10,08-05-26-234107,0.056553257051988326
9,orchestrator,policy-enforcer-cb8dccbd8-wqmcn,policy-enforcer,326.3220000000001,exp1,5,330,1000.0,10,08-05-26-234107,0.06679678457458116
9,orchestrator,policy-enforcer-cb8dccbd8-wqmcn,sidecar,358.49699999999984,exp1,5,330,1000.0,10,08-05-26-234107,0.06469381844338687
0,server,maurits-dijk-0329b7f7server1-9c2bp,hfl-train,696.7470000000001,exp1,5,330,1000.0,10,08-05-26-234107,0.09672096981673445
0,server,maurits-dijk-0329b7f7server1-9c2bp,hfl-train-model,997.587,exp1,5,330,1000.0,10,08-05-26-234107,0.05870434581994688
6,server,maurits-dijk-0329b7f7server1-9c2bp,sidecar,583.9200000000005,exp1,5,330,1000.0,10,08-05-26-234107,0.08117664051494197
5,server,maurits-dijk-0ae41388server1-99vnk,hfl-train,591.3210000000004,exp1,5,330,1000.0,10,10-05-26-230852,0.03524386296974957
19,server,maurits-dijk-0ae41388server1-99vnk,hfl-train-model,890.0969999999998,exp1,5,330,1000.0,10,10-05-26-230852,0.0251099228348797
17,server,maurits-dijk-0ae41388server1-99vnk,sidecar,519.5880000000006,exp1,5,330,1000.0,10,10-05-26-230852,0.05909979352417985
23,server,maurits-dijk-e2a11350server1-rdvht,hfl-train,577.4129999999986,exp1,5,330,1000.0,10,10-05-26-012033,0.0290973090991678
18,server,maurits-dijk-e2a11350server1-rdvht,hfl-train-model,903.1740000000028,exp1,5,330,1000.0,10,10-05-26-012033,0.023020698990320998
2,server,maurits-dijk-e2a11350server1-rdvht,sidecar,338.6399999999999,exp1,5,330,1000.0,10,10-05-26-012033,0.05439671945334823
0,server,server-656f98b57f-5gz6d,linkerd-proxy,756.945,exp1,5,330,1000.0,10,08-05-26-234107,0.11773010479873613
0,server,server-656f98b57f-5gz6d,server,769.851,exp1,5,330,1000.0,10,08-05-26-234107,0.11417250033942941
15,server,server-656f98b57f-5gz6d,sidecar,287.9219999999996,exp1,5,330,1000.0,10,08-05-26-234107,0.04766180865322475
5,server,server-656f98b57f-865jx,linkerd-proxy,595.8449999999998,exp1,5,330,1000.0,10,10-05-26-230852,0.03531343501442394
11,server,server-656f98b57f-865jx,server,611.424,exp1,5,330,1000.0,10,10-05-26-230852,0.034425457266168885
22,server,server-656f98b57f-865jx,sidecar,530.6369999999988,exp1,5,330,1000.0,10,10-05-26-230852,0.03997850486019183
23,server,server-656f98b57f-dbmnl,linkerd-proxy,581.1750000000011,exp1,5,330,1000.0,10,10-05-26-012033,0.028777091234635704
23,server,server-656f98b57f-dbmnl,server,598.985999999999,exp1,5,330,1000.0,10,10-05-26-012033,0.029049665065934538
23,server,server-656f98b57f-dbmnl,sidecar,556.3170000000009,exp1,5,330,1000.0,10,10-05-26-012033,0.05362762196458287
9,api-gateway,api-gateway-6bf76d45b7-fnbgn,api-gateway,431.7300000000005,exp1,5,360,1000.0,10,11-05-26-002038,0.031054798745067225
9,api-gateway,api-gateway-6bf76d45b7-fnbgn,linkerd-proxy,443.118,exp1,5,360,1000.0,10,11-05-26-002038,0.031689398684364684
15,api-gateway,api-gateway-6bf76d45b7-fnbgn,sidecar,411.384,exp1,5,360,1000.0,10,11-05-26-002038,0.05056000258539334
17,api-gateway,api-gateway-6bf76d45b7-sj58l,api-gateway,433.902,exp1,5,360,1000.0,10,10-05-26-023318,0.032306990454858936
17,api-gateway,api-gateway-6bf76d45b7-sj58l,linkerd-proxy,438.183,exp1,5,360,1000.0,10,10-05-26-023318,0.029215222372752203
11,api-gateway,api-gateway-6bf76d45b7-sj58l,sidecar,408.75300000000016,exp1,5,360,1000.0,10,10-05-26-023318,0.051690646408210944
23,api-gateway,api-gateway-6bf76d45b7-xzpw7,api-gateway,463.7520000000004,exp1,5,360,1000.0,10,09-05-26-104246,0.03905675892844837
23,api-gateway,api-gateway-6bf76d45b7-xzpw7,linkerd-proxy,444.741,exp1,5,360,1000.0,10,09-05-26-104246,0.030732106993376584
1,api-gateway,api-gateway-6bf76d45b7-xzpw7,sidecar,256.773,exp1,5,360,1000.0,10,09-05-26-104246,0.04727588214835521
5,client1,client1-7b9db886dd-2kr2k,client1,856.9860000000003,exp1,5,360,1000.0,10,09-05-26-104246,0.0502507040671393
5,client1,client1-7b9db886dd-2kr2k,linkerd-proxy,855.5910000000008,exp1,5,360,1000.0,10,09-05-26-104246,0.050052074287895765
5,client1,client1-7b9db886dd-2kr2k,sidecar,791.6459999999997,exp1,5,360,1000.0,10,09-05-26-104246,0.04915410734232825
16,client1,client1-7b9db886dd-fcltx,client1,834.8910000000014,exp1,5,360,1000.0,10,10-05-26-023318,0.043529320051834824
16,client1,client1-7b9db886dd-fcltx,linkerd-proxy,833.7360000000008,exp1,5,360,1000.0,10,10-05-26-023318,0.043277600606684036
10,client1,client1-7b9db886dd-fcltx,sidecar,756.4079999999994,exp1,5,360,1000.0,10,10-05-26-023318,0.0390347310590593
11,client1,client1-7b9db886dd-vpmnq,client1,887.835000000001,exp1,5,360,1000.0,10,11-05-26-002038,0.05756111640653544
11,client1,client1-7b9db886dd-vpmnq,linkerd-proxy,885.6779999999999,exp1,5,360,1000.0,10,11-05-26-002038,0.05706476091799004
11,client1,client1-7b9db886dd-vpmnq,sidecar,866.5500000000002,exp1,5,360,1000.0,10,11-05-26-002038,0.06565510878181713
16,client1,maurits-dijk-7a1c376dclient11-pxgjq,hfl-train,854.9610000000011,exp1,5,360,1000.0,10,10-05-26-023318,0.0429606616263547
16,client1,maurits-dijk-7a1c376dclient11-pxgjq,hfl-train-model,827.5800000000017,exp1,5,360,1000.0,10,10-05-26-023318,0.043418833141997626
10,client1,maurits-dijk-7a1c376dclient11-pxgjq,sidecar,734.9100000000008,exp1,5,360,1000.0,10,10-05-26-023318,0.049411386934218204
5,client1,maurits-dijk-dd4ae495client11-6fr6s,hfl-train,870.4139999999993,exp1,5,360,1000.0,10,09-05-26-104246,0.04829719118599693
5,client1,maurits-dijk-dd4ae495client11-6fr6s,hfl-train-model,849.2999999999997,exp1,5,360,1000.0,10,09-05-26-104246,0.05027785873112933
13,client1,maurits-dijk-dd4ae495client11-6fr6s,sidecar,764.5019999999995,exp1,5,360,1000.0,10,09-05-26-104246,0.06465293800009297
11,client1,maurits-dijk-fa9221f4client11-s6cwx,hfl-train,900.8190000000012,exp1,5,360,1000.0,10,11-05-26-002038,0.05525088328447225
11,client1,maurits-dijk-fa9221f4client11-s6cwx,hfl-train-model,880.2810000000009,exp1,5,360,1000.0,10,11-05-26-002038,0.05749358983397426
17,client1,maurits-dijk-fa9221f4client11-s6cwx,sidecar,800.6579999999976,exp1,5,360,1000.0,10,11-05-26-002038,0.07403232504586693
20,client10,client10-694b6b97b4-69vdb,client10,1001.688,exp1,5,360,1000.0,10,09-05-26-104246,0.049027687805539316
20,client10,client10-694b6b97b4-69vdb,linkerd-proxy,1001.5949999999992,exp1,5,360,1000.0,10,09-05-26-104246,0.04903681879058683
3,client10,client10-694b6b97b4-69vdb,sidecar,908.8949999999996,exp1,5,360,1000.0,10,09-05-26-104246,0.049238695046198516
6,client10,client10-694b6b97b4-vkc6w,client10,896.1329999999998,exp1,5,360,1000.0,10,10-05-26-023318,0.03769111312661255
6,client10,client10-694b6b97b4-vkc6w,linkerd-proxy,896.2200000000003,exp1,5,360,1000.0,10,10-05-26-023318,0.03774431435490494
6,client10,client10-694b6b97b4-vkc6w,sidecar,893.781,exp1,5,360,1000.0,10,10-05-26-023318,0.037621250775121406
6,client10,client10-694b6b97b4-xgfkv,client10,948.4950000000008,exp1,5,360,1000.0,10,11-05-26-002038,0.03778428258769986
6,client10,client10-694b6b97b4-xgfkv,linkerd-proxy,948.4800000000004,exp1,5,360,1000.0,10,11-05-26-002038,0.037812404230631425
1,client10,client10-694b6b97b4-xgfkv,sidecar,864.231,exp1,5,360,1000.0,10,11-05-26-002038,0.044666430006599755
16,client11,client11-565c48c7c7-fql9l,client11,1035.300000000001,exp1,5,360,1000.0,10,11-05-26-002038,0.06041378409057929
16,client11,client11-565c48c7c7-fql9l,linkerd-proxy,1035.2339999999986,exp1,5,360,1000.0,10,11-05-26-002038,0.06045069350860735
4,client11,client11-565c48c7c7-fql9l,sidecar,541.6500000000001,exp1,5,360,1000.0,10,11-05-26-002038,0.045437525398271894
2,client11,client11-565c48c7c7-j6qpk,client11,931.0890000000002,exp1,5,360,1000.0,10,09-05-26-104246,0.046624095251802056
2,client11,client11-565c48c7c7-j6qpk,linkerd-proxy,930.903,exp1,5,360,1000.0,10,09-05-26-104246,0.046629428888298324
14,client11,client11-565c48c7c7-j6qpk,sidecar,547.3109999999997,exp1,5,360,1000.0,10,09-05-26-104246,0.03435039001800272
7,client11,client11-565c48c7c7-kcfgk,client11,916.2090000000009,exp1,5,360,1000.0,10,10-05-26-023318,0.03344723404806832
7,client11,client11-565c48c7c7-kcfgk,linkerd-proxy,915.9630000000006,exp1,5,360,1000.0,10,10-05-26-023318,0.0334364861648169
7,client11,client11-565c48c7c7-kcfgk,sidecar,914.505,exp1,5,360,1000.0,10,10-05-26-023318,0.03345523144764179
23,client12,client12-79bc8d5846-cfczd,client12,884.3430000000008,exp1,5,360,1000.0,10,10-05-26-023318,0.031402738380841344
23,client12,client12-79bc8d5846-cfczd,linkerd-proxy,884.3369999999995,exp1,5,360,1000.0,10,10-05-26-023318,0.03143783718117549
23,client12,client12-79bc8d5846-cfczd,sidecar,882.5790000000015,exp1,5,360,1000.0,10,10-05-26-023318,0.03150669344704715
1,client12,client12-79bc8d5846-ntshj,client12,843.006,exp1,5,360,1000.0,10,09-05-26-104246,0.03485854118339815
1,client12,client12-79bc8d5846-ntshj,linkerd-proxy,843.081,exp1,5,360,1000.0,10,09-05-26-104246,0.03488723221218756
1,client12,client12-79bc8d5846-ntshj,sidecar,840.7529999999999,exp1,5,360,1000.0,10,09-05-26-104246,0.03497108035965521
19,client12,client12-79bc8d5846-sznfd,client12,995.8319999999984,exp1,5,360,1000.0,10,11-05-26-002038,0.06258742978558496
19,client12,client12-79bc8d5846-sznfd,linkerd-proxy,995.6789999999984,exp1,5,360,1000.0,10,11-05-26-002038,0.06259305435994217
19,client12,client12-79bc8d5846-sznfd,sidecar,832.8869999999988,exp1,5,360,1000.0,10,11-05-26-002038,0.053518503154252856
22,client13,client13-7bf86f4f87-9g4ms,client13,833.4570000000003,exp1,5,360,1000.0,10,09-05-26-104246,0.04448251651227697
22,client13,client13-7bf86f4f87-9g4ms,linkerd-proxy,828.9210000000003,exp1,5,360,1000.0,10,09-05-26-104246,0.044419005858541055
22,client13,client13-7bf86f4f87-9g4ms,sidecar,797.3130000000001,exp1,5,360,1000.0,10,09-05-26-104246,0.06709528507920806
3,client13,client13-7bf86f4f87-q5hfz,client13,799.623,exp1,5,360,1000.0,10,11-05-26-002038,0.0349426951644366
3,client13,client13-7bf86f4f87-q5hfz,linkerd-proxy,795.7080000000001,exp1,5,360,1000.0,10,11-05-26-002038,0.035128275992915764
11,client13,client13-7bf86f4f87-q5hfz,sidecar,780.4800000000005,exp1,5,360,1000.0,10,11-05-26-002038,0.04630512853893462
24,client13,client13-7bf86f4f87-wqrzp,client13,783.0060000000012,exp1,5,360,1000.0,10,10-05-26-023318,0.03016129907897691
24,client13,client13-7bf86f4f87-wqrzp,linkerd-proxy,778.8120000000054,exp1,5,360,1000.0,10,10-05-26-023318,0.030236851869795467
8,client13,client13-7bf86f4f87-wqrzp,sidecar,415.71000000000095,exp1,5,360,1000.0,10,10-05-26-023318,0.05841754515332956
24,client13,maurits-dijk-7a1c376dclient131-rzr2h,hfl-train,806.5169999999998,exp1,5,360,1000.0,10,10-05-26-023318,0.028663729935392512
24,client13,maurits-dijk-7a1c376dclient131-rzr2h,hfl-train-model,775.4009999999998,exp1,5,360,1000.0,10,10-05-26-023318,0.030270600314818874
2,client13,maurits-dijk-7a1c376dclient131-rzr2h,sidecar,673.3889999999999,exp1,5,360,1000.0,10,10-05-26-023318,0.051519816002163904
22,client13,maurits-dijk-dd4ae495client131-hwk27,hfl-train,855.7620000000006,exp1,5,360,1000.0,10,09-05-26-104246,0.04262130255213861
22,client13,maurits-dijk-dd4ae495client131-hwk27,hfl-train-model,825.7830000000013,exp1,5,360,1000.0,10,09-05-26-104246,0.04458708069238704
22,client13,maurits-dijk-dd4ae495client131-hwk27,sidecar,793.9410000000007,exp1,5,360,1000.0,10,09-05-26-104246,0.10776781708890493
3,client13,maurits-dijk-fa9221f4client131-869dm,hfl-train,823.3590000000004,exp1,5,360,1000.0,10,11-05-26-002038,0.03401562011006795
3,client13,maurits-dijk-fa9221f4client131-869dm,hfl-train-model,792.3029999999999,exp1,5,360,1000.0,10,11-05-26-002038,0.03520003085648893
5,client13,maurits-dijk-fa9221f4client131-869dm,sidecar,397.5029999999993,exp1,5,360,1000.0,10,11-05-26-002038,0.06230139696376333
22,client14,client14-856b5b5576-nk8cl,client14,976.3830000000016,exp1,5,360,1000.0,10,10-05-26-023318,0.050864856557988614
22,client14,client14-856b5b5576-nk8cl,linkerd-proxy,976.0380000000004,exp1,5,360,1000.0,10,10-05-26-023318,0.05084899183220848
22,client14,client14-856b5b5576-nk8cl,sidecar,974.2109999999992,exp1,5,360,1000.0,10,10-05-26-023318,0.05086869757657436
6,client14,client14-856b5b5576-wsxfs,client14,938.5920000000006,exp1,5,360,1000.0,10,09-05-26-104246,0.04948882767223459
6,client14,client14-856b5b5576-wsxfs,linkerd-proxy,938.2949999999992,exp1,5,360,1000.0,10,09-05-26-104246,0.04949198193973575
23,client14,client14-856b5b5576-wsxfs,sidecar,870.9840000000004,exp1,5,360,1000.0,10,09-05-26-104246,0.037356044663479
23,client14,client14-856b5b5576-x4rlt,client14,903.119999999999,exp1,5,360,1000.0,10,11-05-26-002038,0.03886622535194284
23,client14,client14-856b5b5576-x4rlt,linkerd-proxy,903.015000000003,exp1,5,360,1000.0,10,11-05-26-002038,0.03891599031470391
23,client14,client14-856b5b5576-x4rlt,sidecar,901.1910000000024,exp1,5,360,1000.0,10,11-05-26-002038,0.040927736930254976
13,client15,client15-79c969ddf-lmzwp,client15,926.2380000000012,exp1,5,360,1000.0,10,11-05-26-002038,0.04824782959880672
13,client15,client15-79c969ddf-lmzwp,linkerd-proxy,925.9170000000012,exp1,5,360,1000.0,10,11-05-26-002038,0.048253016490263284
13,client15,client15-79c969ddf-lmzwp,sidecar,924.4559999999984,exp1,5,360,1000.0,10,11-05-26-002038,0.054311958345168526
6,client15,client15-79c969ddf-lxj5n,client15,895.4430000000002,exp1,5,360,1000.0,10,10-05-26-023318,0.03566214051621741
6,client15,client15-79c969ddf-lxj5n,linkerd-proxy,895.1249999999991,exp1,5,360,1000.0,10,10-05-26-023318,0.03565959282374245
6,client15,client15-79c969ddf-lxj5n,sidecar,893.7839999999997,exp1,5,360,1000.0,10,10-05-26-023318,0.036088649857025895
6,client15,client15-79c969ddf-m4scl,client15,867.201,exp1,5,360,1000.0,10,09-05-26-104246,0.03003783112207578
6,client15,client15-79c969ddf-m4scl,linkerd-proxy,866.8770000000004,exp1,5,360,1000.0,10,09-05-26-104246,0.030017100093674698
6,client15,client15-79c969ddf-m4scl,sidecar,865.2570000000005,exp1,5,360,1000.0,10,09-05-26-104246,0.030327169672280302
7,client16,client16-6dc7f87f54-69klp,client16,889.0620000000008,exp1,5,360,1000.0,10,09-05-26-104246,0.03534270686437188
7,client16,client16-6dc7f87f54-69klp,linkerd-proxy,889.0320000000002,exp1,5,360,1000.0,10,09-05-26-104246,0.03536697550421125
7,client16,client16-6dc7f87f54-69klp,sidecar,886.7759999999998,exp1,5,360,1000.0,10,09-05-26-104246,0.035401998980622906
8,client16,client16-6dc7f87f54-h762f,client16,895.527,exp1,5,360,1000.0,10,11-05-26-002038,0.0335052373454392
8,client16,client16-6dc7f87f54-h762f,linkerd-proxy,895.2930000000006,exp1,5,360,1000.0,10,11-05-26-002038,0.033511517971075794
8,client16,client16-6dc7f87f54-h762f,sidecar,893.7750000000005,exp1,5,360,1000.0,10,11-05-26-002038,0.033613804023178956
23,client16,client16-6dc7f87f54-vrzjd,client16,894.6510000000017,exp1,5,360,1000.0,10,10-05-26-023318,0.037016007414707675
23,client16,client16-6dc7f87f54-vrzjd,linkerd-proxy,894.5159999999996,exp1,5,360,1000.0,10,10-05-26-023318,0.03702363913928505
23,client16,client16-6dc7f87f54-vrzjd,sidecar,892.0499999999993,exp1,5,360,1000.0,10,10-05-26-023318,0.0370118653596406
6,client17,client17-69b85b5ccf-622r9,client17,862.902000000001,exp1,5,360,1000.0,10,10-05-26-023318,0.05327750637043269
6,client17,client17-69b85b5ccf-622r9,linkerd-proxy,859.1310000000012,exp1,5,360,1000.0,10,10-05-26-023318,0.05316590983566799
3,client17,client17-69b85b5ccf-622r9,sidecar,456.444,exp1,5,360,1000.0,10,10-05-26-023318,0.04651810031690126
13,client17,client17-69b85b5ccf-84td9,client17,807.0959999999995,exp1,5,360,1000.0,10,11-05-26-002038,0.03533209620662511
13,client17,client17-69b85b5ccf-84td9,linkerd-proxy,802.9319999999989,exp1,5,360,1000.0,10,11-05-26-002038,0.03538049392722101
21,client17,client17-69b85b5ccf-84td9,sidecar,740.7240000000002,exp1,5,360,1000.0,10,11-05-26-002038,0.0448134259644877
24,client17,client17-69b85b5ccf-b782b,client17,820.8359999999993,exp1,5,360,1000.0,10,09-05-26-104246,0.03901197365054354
24,client17,client17-69b85b5ccf-b782b,linkerd-proxy,816.7500000000036,exp1,5,360,1000.0,10,09-05-26-104246,0.03893139965170947
24,client17,client17-69b85b5ccf-b782b,sidecar,730.2659999999996,exp1,5,360,1000.0,10,09-05-26-104246,0.04508220064430696
6,client17,maurits-dijk-7a1c376dclient171-qwdvm,hfl-train,875.5919999999996,exp1,5,360,1000.0,10,10-05-26-023318,0.051202476392064794
6,client17,maurits-dijk-7a1c376dclient171-qwdvm,hfl-train-model,855.8729999999996,exp1,5,360,1000.0,10,10-05-26-023318,0.05350639666598592
1,client17,maurits-dijk-7a1c376dclient171-qwdvm,sidecar,681.0960000000001,exp1,5,360,1000.0,10,10-05-26-023318,0.05361927361216623
24,client17,maurits-dijk-dd4ae495client171-7v2qr,hfl-train,841.5719999999965,exp1,5,360,1000.0,10,09-05-26-104246,0.03926548963249965
24,client17,maurits-dijk-dd4ae495client171-7v2qr,hfl-train-model,813.4650000000001,exp1,5,360,1000.0,10,09-05-26-104246,0.039105554143922916
24,client17,maurits-dijk-dd4ae495client171-7v2qr,sidecar,814.7519999999986,exp1,5,360,1000.0,10,09-05-26-104246,0.059172233865952995
13,client17,maurits-dijk-fa9221f4client171-rfgf7,hfl-train,822.6689999999999,exp1,5,360,1000.0,10,11-05-26-002038,0.03412393921638651
13,client17,maurits-dijk-fa9221f4client171-rfgf7,hfl-train-model,800.3670000000002,exp1,5,360,1000.0,10,11-05-26-002038,0.03556172192819215
13,client17,maurits-dijk-fa9221f4client171-rfgf7,sidecar,724.5360000000001,exp1,5,360,1000.0,10,11-05-26-002038,0.0608272702306919
2,client18,client18-69db77c748-bqmqc,client18,915.6719999999996,exp1,5,360,1000.0,10,09-05-26-104246,0.04010225863960162
2,client18,client18-69db77c748-bqmqc,linkerd-proxy,915.327,exp1,5,360,1000.0,10,09-05-26-104246,0.04007006741169236
2,client18,client18-69db77c748-bqmqc,sidecar,913.7009999999998,exp1,5,360,1000.0,10,09-05-26-104246,0.040099127620186414
0,client18,client18-69db77c748-rh8rq,client18,923.448,exp1,5,360,1000.0,10,11-05-26-002038,0.040241135402103806
0,client18,client18-69db77c748-rh8rq,linkerd-proxy,923.115,exp1,5,360,1000.0,10,11-05-26-002038,0.04021138776129374
0,client18,client18-69db77c748-rh8rq,sidecar,921.672,exp1,5,360,1000.0,10,11-05-26-002038,0.04029577498943701
10,client18,client18-69db77c748-z54m7,client18,909.6660000000002,exp1,5,360,1000.0,10,10-05-26-023318,0.03834956492259395
10,client18,client18-69db77c748-z54m7,linkerd-proxy,909.531,exp1,5,360,1000.0,10,10-05-26-023318,0.03835628643483882
10,client18,client18-69db77c748-z54m7,sidecar,907.9140000000008,exp1,5,360,1000.0,10,10-05-26-023318,0.038406542354058465
13,client19,client19-56fccdb4d9-2j9sl,client19,990.9719999999998,exp1,5,360,1000.0,10,10-05-26-023318,0.04861617542300692
13,client19,client19-56fccdb4d9-2j9sl,linkerd-proxy,990.7110000000011,exp1,5,360,1000.0,10,10-05-26-023318,0.048597430717534584
13,client19,client19-56fccdb4d9-2j9sl,sidecar,989.0100000000002,exp1,5,360,1000.0,10,10-05-26-023318,0.04863057242900137
19,client19,client19-56fccdb4d9-h65n7,client19,986.8829999999998,exp1,5,360,1000.0,10,09-05-26-104246,0.055520284376173484
19,client19,client19-56fccdb4d9-h65n7,linkerd-proxy,986.8320000000004,exp1,5,360,1000.0,10,09-05-26-104246,0.05556112674130523
19,client19,client19-56fccdb4d9-h65n7,sidecar,985.1759999999996,exp1,5,360,1000.0,10,09-05-26-104246,0.055615761275981834
3,client19,client19-56fccdb4d9-tw48f,client19,921.561,exp1,5,360,1000.0,10,11-05-26-002038,0.04301544796695561
3,client19,client19-56fccdb4d9-tw48f,linkerd-proxy,921.2489999999998,exp1,5,360,1000.0,10,11-05-26-002038,0.042981802111574874
3,client19,client19-56fccdb4d9-tw48f,sidecar,919.6020000000004,exp1,5,360,1000.0,10,11-05-26-002038,0.04304122170815258
7,client2,client2-86cd6d8cf7-78snb,client2,942.9720000000008,exp1,5,360,1000.0,10,10-05-26-023318,0.049168146727011336
7,client2,client2-86cd6d8cf7-78snb,linkerd-proxy,942.7230000000008,exp1,5,360,1000.0,10,10-05-26-023318,0.049157948491725195
7,client2,client2-86cd6d8cf7-78snb,sidecar,941.0429999999996,exp1,5,360,1000.0,10,10-05-26-023318,0.049197529364731624
10,client2,client2-86cd6d8cf7-7whkq,client2,925.3199999999996,exp1,5,360,1000.0,10,09-05-26-104246,0.04520717054690185
10,client2,client2-86cd6d8cf7-7whkq,linkerd-proxy,925.1219999999994,exp1,5,360,1000.0,10,09-05-26-104246,0.045201604952242874
10,client2,client2-86cd6d8cf7-7whkq,sidecar,923.5110000000004,exp1,5,360,1000.0,10,09-05-26-104246,0.04523682537408749
14,client2,client2-86cd6d8cf7-p7zzz,client2,970.8510000000006,exp1,5,360,1000.0,10,11-05-26-002038,0.04699886088262001
14,client2,client2-86cd6d8cf7-p7zzz,linkerd-proxy,970.9230000000008,exp1,5,360,1000.0,10,11-05-26-002038,0.04705944367661796
14,client2,client2-86cd6d8cf7-p7zzz,sidecar,969.0870000000014,exp1,5,360,1000.0,10,11-05-26-002038,0.04705847738161981
2,client20,client20-65f8864f77-bzlnr,client20,962.2020000000002,exp1,5,360,1000.0,10,10-05-26-023318,0.04582028611433364
2,client20,client20-65f8864f77-bzlnr,linkerd-proxy,961.9920000000002,exp1,5,360,1000.0,10,10-05-26-023318,0.045822625847314
16,client20,client20-65f8864f77-bzlnr,sidecar,908.7810000000007,exp1,5,360,1000.0,10,10-05-26-023318,0.043533057626606586
12,client20,client20-65f8864f77-pwjcf,client20,949.812,exp1,5,360,1000.0,10,11-05-26-002038,0.05493608908726219
12,client20,client20-65f8864f77-pwjcf,linkerd-proxy,949.6409999999996,exp1,5,360,1000.0,10,11-05-26-002038,0.054960052462313
12,client20,client20-65f8864f77-pwjcf,sidecar,947.8230000000004,exp1,5,360,1000.0,10,11-05-26-002038,0.05497315498135549
8,client20,client20-65f8864f77-tnbxh,client20,915.678,exp1,5,360,1000.0,10,09-05-26-104246,0.04254502691154777
8,client20,client20-65f8864f77-tnbxh,linkerd-proxy,915.4050000000008,exp1,5,360,1000.0,10,09-05-26-104246,0.042527430390969956
8,client20,client20-65f8864f77-tnbxh,sidecar,913.8089999999992,exp1,5,360,1000.0,10,09-05-26-104246,0.04256721647595349
4,client3,client3-58c68898cd-c5cxx,client3,870.2339999999995,exp1,5,360,1000.0,10,10-05-26-023318,0.029237238900903517
4,client3,client3-58c68898cd-c5cxx,linkerd-proxy,870.1589999999997,exp1,5,360,1000.0,10,10-05-26-023318,0.029232845776331395
4,client3,client3-58c68898cd-c5cxx,sidecar,867.768,exp1,5,360,1000.0,10,10-05-26-023318,0.029273537391416
12,client3,client3-58c68898cd-f6n96,client3,909.887999999999,exp1,5,360,1000.0,10,09-05-26-104246,0.041160790664068386
12,client3,client3-58c68898cd-f6n96,linkerd-proxy,909.6299999999992,exp1,5,360,1000.0,10,09-05-26-104246,0.04112094965906385
12,client3,client3-58c68898cd-f6n96,sidecar,907.7340000000004,exp1,5,360,1000.0,10,09-05-26-104246,0.041251048565743575
14,client3,client3-58c68898cd-t5gb7,client3,923.2080000000004,exp1,5,360,1000.0,10,11-05-26-002038,0.048773753172328044
14,client3,client3-58c68898cd-t5gb7,linkerd-proxy,923.222999999998,exp1,5,360,1000.0,10,11-05-26-002038,0.04877515900408552
14,client3,client3-58c68898cd-t5gb7,sidecar,920.6039999999994,exp1,5,360,1000.0,10,11-05-26-002038,0.048819646219814855
23,client4,client4-744474fb99-jdsvp,client4,931.1849999999976,exp1,5,360,1000.0,10,10-05-26-023318,0.0462750187059639
23,client4,client4-744474fb99-jdsvp,linkerd-proxy,931.2750000000016,exp1,5,360,1000.0,10,10-05-26-023318,0.046318741026372345
23,client4,client4-744474fb99-jdsvp,sidecar,928.6949999999996,exp1,5,360,1000.0,10,10-05-26-023318,0.046337190119426525
12,client4,client4-744474fb99-qj9b5,client4,912.3180000000012,exp1,5,360,1000.0,10,09-05-26-104246,0.038533969459922573
12,client4,client4-744474fb99-qj9b5,linkerd-proxy,912.2729999999992,exp1,5,360,1000.0,10,09-05-26-104246,0.03855297321749346
12,client4,client4-744474fb99-qj9b5,sidecar,909.8850000000002,exp1,5,360,1000.0,10,09-05-26-104246,0.0385933884110502
13,client4,client4-744474fb99-s8hhm,client4,947.2379999999994,exp1,5,360,1000.0,10,11-05-26-002038,0.04791760657401434
13,client4,client4-744474fb99-s8hhm,linkerd-proxy,947.1629999999986,exp1,5,360,1000.0,10,11-05-26-002038,0.047919125281930014
13,client4,client4-744474fb99-s8hhm,sidecar,944.7209999999995,exp1,5,360,1000.0,10,11-05-26-002038,0.047999614275804015
9,client5,client5-7d5ff7f8b4-c4kqr,client5,781.6049999999996,exp1,5,360,1000.0,10,10-05-26-023318,0.036159588053139013
9,client5,client5-7d5ff7f8b4-c4kqr,linkerd-proxy,779.3249999999998,exp1,5,360,1000.0,10,10-05-26-023318,0.036597830926542146
5,client5,client5-7d5ff7f8b4-c4kqr,sidecar,460.9170000000004,exp1,5,360,1000.0,10,10-05-26-023318,0.04252895446963656
24,client5,client5-7d5ff7f8b4-pkfgc,client5,862.0529999999999,exp1,5,360,1000.0,10,09-05-26-104246,0.04827196765387398
24,client5,client5-7d5ff7f8b4-pkfgc,linkerd-proxy,859.8300000000054,exp1,5,360,1000.0,10,09-05-26-104246,0.04867612917391445
24,client5,client5-7d5ff7f8b4-pkfgc,sidecar,806.0820000000003,exp1,5,360,1000.0,10,09-05-26-104246,0.06654791062867585
8,client5,client5-7d5ff7f8b4-rcp68,client5,808.8690000000006,exp1,5,360,1000.0,10,11-05-26-002038,0.04152424455922871
8,client5,client5-7d5ff7f8b4-rcp68,linkerd-proxy,806.5259999999998,exp1,5,360,1000.0,10,11-05-26-002038,0.04184709064699785
19,client5,client5-7d5ff7f8b4-rcp68,sidecar,704.8320000000003,exp1,5,360,1000.0,10,11-05-26-002038,0.04795150736574649
9,client5,maurits-dijk-7a1c376dclient51-lg9l9,hfl-train,799.0200000000004,exp1,5,360,1000.0,10,10-05-26-023318,0.03534701689917813
9,client5,maurits-dijk-7a1c376dclient51-lg9l9,hfl-train-model,776.8199999999997,exp1,5,360,1000.0,10,10-05-26-023318,0.03665147297261506
23,client5,maurits-dijk-7a1c376dclient51-lg9l9,sidecar,726.960000000001,exp1,5,360,1000.0,10,10-05-26-023318,0.04154522570220934
24,client5,maurits-dijk-dd4ae495client51-jw25h,hfl-train,878.6909999999989,exp1,5,360,1000.0,10,09-05-26-104246,0.0469515474774472
24,client5,maurits-dijk-dd4ae495client51-jw25h,hfl-train-model,857.390999999996,exp1,5,360,1000.0,10,09-05-26-104246,0.0487725737731467
24,client5,maurits-dijk-dd4ae495client51-jw25h,sidecar,786.4050000000025,exp1,5,360,1000.0,10,09-05-26-104246,0.0597414817297279
8,client5,maurits-dijk-fa9221f4client51-jv9vj,hfl-train,825.7709999999988,exp1,5,360,1000.0,10,11-05-26-002038,0.04018568451602153
8,client5,maurits-dijk-fa9221f4client51-jv9vj,hfl-train-model,804.1319999999996,exp1,5,360,1000.0,10,11-05-26-002038,0.04207219943311
8,client5,maurits-dijk-fa9221f4client51-jv9vj,sidecar,721.2359999999999,exp1,5,360,1000.0,10,11-05-26-002038,0.05610131467852686
16,client6,client6-785d875985-7748b,client6,943.262999999999,exp1,5,360,1000.0,10,11-05-26-002038,0.04437111299171825
16,client6,client6-785d875985-7748b,linkerd-proxy,943.2179999999988,exp1,5,360,1000.0,10,11-05-26-002038,0.04442797306405549
16,client6,client6-785d875985-7748b,sidecar,940.8600000000006,exp1,5,360,1000.0,10,11-05-26-002038,0.04445485304855418
12,client6,client6-785d875985-k9wlz,client6,897.5010000000002,exp1,5,360,1000.0,10,09-05-26-104246,0.035703994559917934
12,client6,client6-785d875985-k9wlz,linkerd-proxy,897.101999999999,exp1,5,360,1000.0,10,09-05-26-104246,0.035671643234658795
12,client6,client6-785d875985-k9wlz,sidecar,895.7579999999998,exp1,5,360,1000.0,10,09-05-26-104246,0.03591720909056789
23,client6,client6-785d875985-wf9lm,client6,931.8810000000012,exp1,5,360,1000.0,10,10-05-26-023318,0.04729073753501928
23,client6,client6-785d875985-wf9lm,linkerd-proxy,931.8660000000018,exp1,5,360,1000.0,10,10-05-26-023318,0.04737054614594163
23,client6,client6-785d875985-wf9lm,sidecar,929.3700000000026,exp1,5,360,1000.0,10,10-05-26-023318,0.04737465447930794
7,client7,client7-544486cc98-h4xqj,client7,902.451,exp1,5,360,1000.0,10,09-05-26-104246,0.042581819172831076
7,client7,client7-544486cc98-h4xqj,linkerd-proxy,902.1329999999998,exp1,5,360,1000.0,10,09-05-26-104246,0.0426039761507615
7,client7,client7-544486cc98-h4xqj,sidecar,900.8640000000004,exp1,5,360,1000.0,10,09-05-26-104246,0.044061160444141684
11,client7,client7-544486cc98-jjpm7,client7,970.7970000000004,exp1,5,360,1000.0,10,11-05-26-002038,0.04396507176077413
11,client7,client7-544486cc98-jjpm7,linkerd-proxy,970.3919999999998,exp1,5,360,1000.0,10,11-05-26-002038,0.04395936193613589
11,client7,client7-544486cc98-jjpm7,sidecar,969.0750000000008,exp1,5,360,1000.0,10,11-05-26-002038,0.04398140235086523
13,client7,client7-544486cc98-vm68t,client7,946.5959999999995,exp1,5,360,1000.0,10,10-05-26-023318,0.048133333787368615
13,client7,client7-544486cc98-vm68t,linkerd-proxy,946.2900000000008,exp1,5,360,1000.0,10,10-05-26-023318,0.048156910931027
13,client7,client7-544486cc98-vm68t,sidecar,944.9339999999992,exp1,5,360,1000.0,10,10-05-26-023318,0.04817646460326233
22,client8,client8-5845965f99-6cmfk,client8,891.5820000000022,exp1,5,360,1000.0,10,10-05-26-023318,0.03853483733183807
22,client8,client8-5845965f99-6cmfk,linkerd-proxy,891.3809999999976,exp1,5,360,1000.0,10,10-05-26-023318,0.038516243950372675
22,client8,client8-5845965f99-6cmfk,sidecar,889.8750000000018,exp1,5,360,1000.0,10,10-05-26-023318,0.05518912291664563
0,client8,client8-5845965f99-hr675,client8,920.139,exp1,5,360,1000.0,10,09-05-26-104246,0.04078863023909174
0,client8,client8-5845965f99-hr675,linkerd-proxy,919.5479999999998,exp1,5,360,1000.0,10,09-05-26-104246,0.04072854012398114
23,client8,client8-5845965f99-hr675,sidecar,898.5900000000038,exp1,5,360,1000.0,10,09-05-26-104246,0.05081529195842474
15,client8,client8-5845965f99-rqkt2,client8,923.4150000000008,exp1,5,360,1000.0,10,11-05-26-002038,0.03512056857382284
15,client8,client8-5845965f99-rqkt2,linkerd-proxy,923.0370000000004,exp1,5,360,1000.0,10,11-05-26-002038,0.03511848498938061
15,client8,client8-5845965f99-rqkt2,sidecar,921.741,exp1,5,360,1000.0,10,11-05-26-002038,0.047294691437702985
2,client9,client9-d68fb99b4-2xvtx,client9,813.1320000000003,exp1,5,360,1000.0,10,11-05-26-002038,0.02988717255438078
2,client9,client9-d68fb99b4-2xvtx,linkerd-proxy,811.5810000000001,exp1,5,360,1000.0,10,11-05-26-002038,0.029961742883605813
24,client9,client9-d68fb99b4-2xvtx,sidecar,773.0190000000002,exp1,5,360,1000.0,10,11-05-26-002038,0.03565981552593733
20,client9,client9-d68fb99b4-8sf65,client9,841.2179999999989,exp1,5,360,1000.0,10,10-05-26-023318,0.04285997163619537
20,client9,client9-d68fb99b4-8sf65,linkerd-proxy,840.4800000000014,exp1,5,360,1000.0,10,10-05-26-023318,0.043307534365979894
18,client9,client9-d68fb99b4-8sf65,sidecar,767.7510000000002,exp1,5,360,1000.0,10,10-05-26-023318,0.0625879346154061
7,client9,client9-d68fb99b4-pglmb,client9,837.0029999999997,exp1,5,360,1000.0,10,09-05-26-104246,0.04208842731777565
7,client9,client9-d68fb99b4-pglmb,linkerd-proxy,836.6700000000001,exp1,5,360,1000.0,10,09-05-26-104246,0.042523302369968985
21,client9,client9-d68fb99b4-pglmb,sidecar,718.2209999999995,exp1,5,360,1000.0,10,09-05-26-104246,0.04622288307991346
20,client9,maurits-dijk-7a1c376dclient91-k2c47,hfl-train,856.2780000000002,exp1,5,360,1000.0,10,10-05-26-023318,0.04130772670419247
20,client9,maurits-dijk-7a1c376dclient91-k2c47,hfl-train-model,834.2160000000003,exp1,5,360,1000.0,10,10-05-26-023318,0.04352224139621255
20,client9,maurits-dijk-7a1c376dclient91-k2c47,sidecar,809.498999999998,exp1,5,360,1000.0,10,10-05-26-023318,0.0742169196090939
7,client9,maurits-dijk-dd4ae495client91-pnb2d,hfl-train,855.7530000000006,exp1,5,360,1000.0,10,09-05-26-104246,0.041236618931183494
7,client9,maurits-dijk-dd4ae495client91-pnb2d,hfl-train-model,830.7390000000005,exp1,5,360,1000.0,10,09-05-26-104246,0.04263513387926651
6,client9,maurits-dijk-dd4ae495client91-pnb2d,sidecar,358.8300000000004,exp1,5,360,1000.0,10,09-05-26-104246,0.06971470950987732
2,client9,maurits-dijk-fa9221f4client91-svgz2,hfl-train,831.4649999999997,exp1,5,360,1000.0,10,11-05-26-002038,0.029325066142330658
2,client9,maurits-dijk-fa9221f4client91-svgz2,hfl-train-model,804.8129999999996,exp1,5,360,1000.0,10,11-05-26-002038,0.02982010885917724
1,client9,maurits-dijk-fa9221f4client91-svgz2,sidecar,436.071,exp1,5,360,1000.0,10,11-05-26-002038,0.05114343383483344
23,orchestrator,orchestrator-555f7b7c9d-b6j6g,linkerd-proxy,425.871000000001,exp1,5,360,1000.0,10,09-05-26-104246,0.032033633308759996
23,orchestrator,orchestrator-555f7b7c9d-b6j6g,orchestrator,355.482,exp1,5,360,1000.0,10,09-05-26-104246,0.06787544611556814
11,orchestrator,orchestrator-555f7b7c9d-b6j6g,sidecar,407.1300000000001,exp1,5,360,1000.0,10,09-05-26-104246,0.06740301148704891
17,orchestrator,orchestrator-555f7b7c9d-fkldl,linkerd-proxy,419.59500000000025,exp1,5,360,1000.0,10,10-05-26-023318,0.030530779958942905
1,orchestrator,orchestrator-555f7b7c9d-fkldl,orchestrator,149.57399999999996,exp1,5,360,1000.0,10,10-05-26-023318,0.059516908561110554
2,orchestrator,orchestrator-555f7b7c9d-fkldl,sidecar,214.302,exp1,5,360,1000.0,10,10-05-26-023318,0.06508133280716749
9,orchestrator,orchestrator-555f7b7c9d-r5rtw,linkerd-proxy,424.3949999999995,exp1,5,360,1000.0,10,11-05-26-002038,0.03305967802538895
21,orchestrator,orchestrator-555f7b7c9d-r5rtw,orchestrator,309.8699999999999,exp1,5,360,1000.0,10,11-05-26-002038,0.0427242416017585
4,orchestrator,orchestrator-555f7b7c9d-r5rtw,sidecar,410.5319999999999,exp1,5,360,1000.0,10,11-05-26-002038,0.05294555026731515
9,orchestrator,policy-enforcer-cb8dccbd8-lwnrz,linkerd-proxy,424.2930000000001,exp1,5,360,1000.0,10,11-05-26-002038,0.03313045498936196
15,orchestrator,policy-enforcer-cb8dccbd8-lwnrz,policy-enforcer,331.2629999999999,exp1,5,360,1000.0,10,11-05-26-002038,0.0675768329071583
6,orchestrator,policy-enforcer-cb8dccbd8-lwnrz,sidecar,241.6199999999999,exp1,5,360,1000.0,10,11-05-26-002038,0.05029597844679179
17,orchestrator,policy-enforcer-cb8dccbd8-w6d6v,linkerd-proxy,419.7539999999999,exp1,5,360,1000.0,10,10-05-26-023318,0.030543499922311562
19,orchestrator,policy-enforcer-cb8dccbd8-w6d6v,policy-enforcer,326.7180000000008,exp1,5,360,1000.0,10,10-05-26-023318,0.06428620595787396
9,orchestrator,policy-enforcer-cb8dccbd8-w6d6v,sidecar,416.3730000000001,exp1,5,360,1000.0,10,10-05-26-023318,0.0581592577039268
23,orchestrator,policy-enforcer-cb8dccbd8-xkkxk,linkerd-proxy,425.7089999999989,exp1,5,360,1000.0,10,09-05-26-104246,0.03205690389759472
9,orchestrator,policy-enforcer-cb8dccbd8-xkkxk,policy-enforcer,333.50400000000013,exp1,5,360,1000.0,10,09-05-26-104246,0.05268785081319777
9,orchestrator,policy-enforcer-cb8dccbd8-xkkxk,sidecar,413.529,exp1,5,360,1000.0,10,09-05-26-104246,0.052098295680161916
24,server,maurits-dijk-7a1c376dserver1-hnnpk,hfl-train,587.3909999999996,exp1,5,360,1000.0,10,10-05-26-023318,0.03387432595319256
8,server,maurits-dijk-7a1c376dserver1-hnnpk,hfl-train-model,908.6940000000004,exp1,5,360,1000.0,10,10-05-26-023318,0.025088033947023886
2,server,maurits-dijk-7a1c376dserver1-hnnpk,sidecar,325.9619999999999,exp1,5,360,1000.0,10,10-05-26-023318,0.050515246781326045
3,server,maurits-dijk-dd4ae495server1-xk4wv,hfl-train,587.4659999999999,exp1,5,360,1000.0,10,09-05-26-104246,0.029932003414333497
13,server,maurits-dijk-dd4ae495server1-xk4wv,hfl-train-model,905.7030000000012,exp1,5,360,1000.0,10,09-05-26-104246,0.023921274344247484
4,server,maurits-dijk-dd4ae495server1-xk4wv,sidecar,354.7740000000001,exp1,5,360,1000.0,10,09-05-26-104246,0.042555352469511365
1,server,maurits-dijk-fa9221f4server1-5hrv4,hfl-train,573.297,exp1,5,360,1000.0,10,11-05-26-002038,0.03436831066199972
15,server,maurits-dijk-fa9221f4server1-5hrv4,hfl-train-model,890.7750000000015,exp1,5,360,1000.0,10,11-05-26-002038,0.025053314098394924
12,server,maurits-dijk-fa9221f4server1-5hrv4,sidecar,507.57900000000063,exp1,5,360,1000.0,10,11-05-26-002038,0.04955884187277493
24,server,server-656f98b57f-qdzgk,linkerd-proxy,592.0680000000011,exp1,5,360,1000.0,10,10-05-26-023318,0.03369683249596611
24,server,server-656f98b57f-qdzgk,server,606.2999999999993,exp1,5,360,1000.0,10,10-05-26-023318,0.03221741636904557
24,server,server-656f98b57f-qdzgk,sidecar,527.9580000000005,exp1,5,360,1000.0,10,10-05-26-023318,0.04536316861411768
1,server,server-656f98b57f-vbbqm,linkerd-proxy,577.1970000000001,exp1,5,360,1000.0,10,11-05-26-002038,0.033938718254233835
12,server,server-656f98b57f-vbbqm,server,590.9669999999996,exp1,5,360,1000.0,10,11-05-26-002038,0.031938638072678965
3,server,server-656f98b57f-vbbqm,sidecar,529.5510000000004,exp1,5,360,1000.0,10,11-05-26-002038,0.046431204707225726
3,server,server-656f98b57f-xzmsj,linkerd-proxy,594.423,exp1,5,360,1000.0,10,09-05-26-104246,0.030552918761835163
3,server,server-656f98b57f-xzmsj,server,609.7140000000002,exp1,5,360,1000.0,10,09-05-26-104246,0.02934514805498603
0,server,server-656f98b57f-xzmsj,sidecar,517.9769999999999,exp1,5,360,1000.0,10,09-05-26-104246,0.032693749487692214
17,api-gateway,api-gateway-6bf76d45b7-94vq7,api-gateway,426.7409999999991,exp1,5,400,1000.0,10,11-05-26-013325,0.029428358022540957
23,api-gateway,api-gateway-6bf76d45b7-94vq7,linkerd-proxy,435.5010000000002,exp1,5,400,1000.0,10,11-05-26-013325,0.028853302798313274
23,api-gateway,api-gateway-6bf76d45b7-94vq7,sidecar,415.65299999999934,exp1,5,400,1000.0,10,11-05-26-013325,0.049084880321601326
7,api-gateway,api-gateway-6bf76d45b7-jllxc,api-gateway,439.00499999999965,exp1,5,400,1000.0,10,09-05-26-115432,0.027730771483413214
7,api-gateway,api-gateway-6bf76d45b7-jllxc,linkerd-proxy,435.4290000000001,exp1,5,400,1000.0,10,09-05-26-115432,0.02846067151309456
7,api-gateway,api-gateway-6bf76d45b7-jllxc,sidecar,352.1279999999997,exp1,5,400,1000.0,10,09-05-26-115432,0.03644518662383622
15,api-gateway,api-gateway-6bf76d45b7-tkr7m,api-gateway,433.5839999999989,exp1,5,400,1000.0,10,10-05-26-034603,0.023915196112567705
21,api-gateway,api-gateway-6bf76d45b7-tkr7m,linkerd-proxy,429.4829999999984,exp1,5,400,1000.0,10,10-05-26-034603,0.02680680809139724
5,api-gateway,api-gateway-6bf76d45b7-tkr7m,sidecar,221.9460000000001,exp1,5,400,1000.0,10,10-05-26-034603,0.05882331793283785
18,client1,client1-7b9db886dd-9966w,client1,805.730999999998,exp1,5,400,1000.0,10,09-05-26-115432,0.03595570933564424
18,client1,client1-7b9db886dd-9966w,linkerd-proxy,805.2779999999984,exp1,5,400,1000.0,10,09-05-26-115432,0.03605296850371589
3,client1,client1-7b9db886dd-9966w,sidecar,742.134,exp1,5,400,1000.0,10,09-05-26-115432,0.05760841404232614
18,client1,client1-7b9db886dd-nv5r2,client1,836.2950000000001,exp1,5,400,1000.0,10,11-05-26-013325,0.05022194447906622
18,client1,client1-7b9db886dd-nv5r2,linkerd-proxy,835.2660000000014,exp1,5,400,1000.0,10,11-05-26-013325,0.05010881234953937
18,client1,client1-7b9db886dd-nv5r2,sidecar,802.3380000000016,exp1,5,400,1000.0,10,11-05-26-013325,0.05366866726055092
0,client1,client1-7b9db886dd-zbd4h,client1,858.9269999999999,exp1,5,400,1000.0,10,10-05-26-034603,0.04791678990313972
0,client1,client1-7b9db886dd-zbd4h,linkerd-proxy,857.3729999999998,exp1,5,400,1000.0,10,10-05-26-034603,0.04761463112282824
0,client1,client1-7b9db886dd-zbd4h,sidecar,847.6920000000001,exp1,5,400,1000.0,10,10-05-26-034603,0.06706470932829595
0,client1,maurits-dijk-81582614client11-gnkv6,hfl-train,872.724,exp1,5,400,1000.0,10,10-05-26-034603,0.0462734685422852
0,client1,maurits-dijk-81582614client11-gnkv6,hfl-train-model,851.8080000000001,exp1,5,400,1000.0,10,10-05-26-034603,0.047960238148521794
14,client1,maurits-dijk-81582614client11-gnkv6,sidecar,805.7969999999996,exp1,5,400,1000.0,10,10-05-26-034603,0.07979346113378125
18,client1,maurits-dijk-b239eae7client11-xkrxj,hfl-train,820.4279999999999,exp1,5,400,1000.0,10,09-05-26-115432,0.034962613365943834
18,client1,maurits-dijk-b239eae7client11-xkrxj,hfl-train-model,800.2859999999982,exp1,5,400,1000.0,10,09-05-26-115432,0.036449055876336706
5,client1,maurits-dijk-b239eae7client11-xkrxj,sidecar,367.0050000000001,exp1,5,400,1000.0,10,09-05-26-115432,0.06443540922973195
18,client1,maurits-dijk-bfb796c5client11-87mlt,hfl-train,852.9539999999997,exp1,5,400,1000.0,10,11-05-26-013325,0.049094750776052826
18,client1,maurits-dijk-bfb796c5client11-87mlt,hfl-train-model,829.7999999999993,exp1,5,400,1000.0,10,11-05-26-013325,0.050529423386785594
18,client1,maurits-dijk-bfb796c5client11-87mlt,sidecar,768.987000000001,exp1,5,400,1000.0,10,11-05-26-013325,0.0781307396354696
2,client10,client10-694b6b97b4-4kq7d,client10,914.9430000000002,exp1,5,400,1000.0,10,09-05-26-115432,0.041162874546878475
2,client10,client10-694b6b97b4-4kq7d,linkerd-proxy,914.841,exp1,5,400,1000.0,10,09-05-26-115432,0.04117719270609008
22,client10,client10-694b6b97b4-4kq7d,sidecar,754.1190000000006,exp1,5,400,1000.0,10,09-05-26-115432,0.04898119524301378
18,client10,client10-694b6b97b4-4ktpc,client10,933.4860000000008,exp1,5,400,1000.0,10,10-05-26-034603,0.04402505875598159
18,client10,client10-694b6b97b4-4ktpc,linkerd-proxy,933.2609999999986,exp1,5,400,1000.0,10,10-05-26-034603,0.04400860041535992
5,client10,client10-694b6b97b4-4ktpc,sidecar,556.998000000001,exp1,5,400,1000.0,10,10-05-26-034603,0.036165542440137144
5,client10,client10-694b6b97b4-5vk6n,client10,941.9700000000004,exp1,5,400,1000.0,10,11-05-26-013325,0.04884797234608465
5,client10,client10-694b6b97b4-5vk6n,linkerd-proxy,941.9430000000002,exp1,5,400,1000.0,10,11-05-26-013325,0.04886497046798796
8,client10,client10-694b6b97b4-5vk6n,sidecar,856.0349999999999,exp1,5,400,1000.0,10,11-05-26-013325,0.05253773882999285
0,client11,client11-565c48c7c7-8xqkj,client11,953.943,exp1,5,400,1000.0,10,09-05-26-115432,0.054827778634618046
0,client11,client11-565c48c7c7-8xqkj,linkerd-proxy,953.853,exp1,5,400,1000.0,10,09-05-26-115432,0.054857714583079475
0,client11,client11-565c48c7c7-8xqkj,sidecar,875.9850000000001,exp1,5,400,1000.0,10,09-05-26-115432,0.05680143980412802
22,client11,client11-565c48c7c7-jdh7g,client11,972.7259999999952,exp1,5,400,1000.0,10,10-05-26-034603,0.05425274978278144
22,client11,client11-565c48c7c7-jdh7g,linkerd-proxy,972.605999999996,exp1,5,400,1000.0,10,10-05-26-034603,0.05428731029751532
22,client11,client11-565c48c7c7-jdh7g,sidecar,907.6890000000004,exp1,5,400,1000.0,10,10-05-26-034603,0.0636820797428248
4,client11,client11-565c48c7c7-vfdrt,client11,912.0149999999994,exp1,5,400,1000.0,10,11-05-26-013325,0.04399822057025182
4,client11,client11-565c48c7c7-vfdrt,linkerd-proxy,911.868,exp1,5,400,1000.0,10,11-05-26-013325,0.04402453897316974
4,client11,client11-565c48c7c7-vfdrt,sidecar,876.5339999999997,exp1,5,400,1000.0,10,11-05-26-013325,0.0593917511857813
4,client12,client12-79bc8d5846-548tg,client12,906.933,exp1,5,400,1000.0,10,11-05-26-013325,0.038282319536512927
4,client12,client12-79bc8d5846-548tg,linkerd-proxy,906.813,exp1,5,400,1000.0,10,11-05-26-013325,0.03827966312813391
12,client12,client12-79bc8d5846-548tg,sidecar,838.7249999999985,exp1,5,400,1000.0,10,11-05-26-013325,0.051021858530611086
5,client12,client12-79bc8d5846-cd29h,client12,911.565,exp1,5,400,1000.0,10,10-05-26-034603,0.037444588330807216
5,client12,client12-79bc8d5846-cd29h,linkerd-proxy,911.3280000000004,exp1,5,400,1000.0,10,10-05-26-034603,0.037428156361362624
14,client12,client12-79bc8d5846-cd29h,sidecar,806.9940000000006,exp1,5,400,1000.0,10,10-05-26-034603,0.043713208895235584
8,client12,client12-79bc8d5846-qslll,client12,888.8850000000002,exp1,5,400,1000.0,10,09-05-26-115432,0.044631216317907146
8,client12,client12-79bc8d5846-qslll,linkerd-proxy,888.8850000000002,exp1,5,400,1000.0,10,09-05-26-115432,0.044660618211650766
23,client12,client12-79bc8d5846-qslll,sidecar,872.3040000000001,exp1,5,400,1000.0,10,09-05-26-115432,0.06545101734792536
15,client13,client13-7bf86f4f87-b8nmx,client13,806.7000000000007,exp1,5,400,1000.0,10,09-05-26-115432,0.03567918687742122
15,client13,client13-7bf86f4f87-b8nmx,linkerd-proxy,802.7549999999974,exp1,5,400,1000.0,10,09-05-26-115432,0.03588397079783945
15,client13,client13-7bf86f4f87-b8nmx,sidecar,709.2029999999995,exp1,5,400,1000.0,10,09-05-26-115432,0.03916818325099225
22,client13,client13-7bf86f4f87-gnldk,client13,789.3360000000011,exp1,5,400,1000.0,10,10-05-26-034603,0.03186859150266755
22,client13,client13-7bf86f4f87-gnldk,linkerd-proxy,786.3209999999981,exp1,5,400,1000.0,10,10-05-26-034603,0.03221311687599057
2,client13,client13-7bf86f4f87-gnldk,sidecar,467.328,exp1,5,400,1000.0,10,10-05-26-034603,0.045240642197108105
16,client13,client13-7bf86f4f87-q8mbf,client13,821.1779999999999,exp1,5,400,1000.0,10,11-05-26-013325,0.04058854566527298
16,client13,client13-7bf86f4f87-q8mbf,linkerd-proxy,818.2289999999994,exp1,5,400,1000.0,10,11-05-26-013325,0.04101419337114026
9,client13,client13-7bf86f4f87-q8mbf,sidecar,477.96,exp1,5,400,1000.0,10,11-05-26-013325,0.04912451094569065
22,client13,maurits-dijk-81582614client131-kx6jl,hfl-train,812.2649999999994,exp1,5,400,1000.0,10,10-05-26-034603,0.031480840640284
22,client13,maurits-dijk-81582614client131-kx6jl,hfl-train-model,783.0509999999995,exp1,5,400,1000.0,10,10-05-26-034603,0.032280660063272654
20,client13,maurits-dijk-81582614client131-kx6jl,sidecar,774.7080000000005,exp1,5,400,1000.0,10,10-05-26-034603,0.052458577173138565
15,client13,maurits-dijk-b239eae7client131-wtf6m,hfl-train,826.5990000000002,exp1,5,400,1000.0,10,09-05-26-115432,0.03420780937891646
15,client13,maurits-dijk-b239eae7client131-wtf6m,hfl-train-model,799.5030000000006,exp1,5,400,1000.0,10,09-05-26-115432,0.03605685170349435
11,client13,maurits-dijk-b239eae7client131-wtf6m,sidecar,367.0290000000005,exp1,5,400,1000.0,10,09-05-26-115432,0.05692736378081348
16,client13,maurits-dijk-bfb796c5client131-klcvf,hfl-train,843.0209999999988,exp1,5,400,1000.0,10,11-05-26-013325,0.03935009560848615
16,client13,maurits-dijk-bfb796c5client131-klcvf,hfl-train-model,815.0730000000003,exp1,5,400,1000.0,10,11-05-26-013325,0.041191788157287024
22,client13,maurits-dijk-bfb796c5client131-klcvf,sidecar,689.991,exp1,5,400,1000.0,10,11-05-26-013325,0.044322076822262885
13,client14,client14-856b5b5576-8q2xq,client14,887.9220000000005,exp1,5,400,1000.0,10,09-05-26-115432,0.037252683358801
13,client14,client14-856b5b5576-8q2xq,linkerd-proxy,887.6910000000007,exp1,5,400,1000.0,10,09-05-26-115432,0.037270767018159484
0,client14,client14-856b5b5576-8q2xq,sidecar,575.3789999999999,exp1,5,400,1000.0,10,09-05-26-115432,0.044158357297035294
10,client14,client14-856b5b5576-gzwfj,client14,887.7269999999999,exp1,5,400,1000.0,10,10-05-26-034603,0.039049760027817015
10,client14,client14-856b5b5576-gzwfj,linkerd-proxy,887.5140000000001,exp1,5,400,1000.0,10,10-05-26-034603,0.03907442006506448
10,client14,client14-856b5b5576-gzwfj,sidecar,885.7889999999998,exp1,5,400,1000.0,10,10-05-26-034603,0.03930089165253722
19,client14,client14-856b5b5576-lzq75,client14,873.1110000000008,exp1,5,400,1000.0,10,11-05-26-013325,0.031972985299768164
19,client14,client14-856b5b5576-lzq75,linkerd-proxy,872.7900000000009,exp1,5,400,1000.0,10,11-05-26-013325,0.03196684873781594
19,client14,client14-856b5b5576-lzq75,sidecar,871.152,exp1,5,400,1000.0,10,11-05-26-013325,0.031982644557794926
19,client15,client15-79c969ddf-5ww8g,client15,897.0720000000001,exp1,5,400,1000.0,10,10-05-26-034603,0.03527731830357739
19,client15,client15-79c969ddf-5ww8g,linkerd-proxy,896.9219999999987,exp1,5,400,1000.0,10,10-05-26-034603,0.035304693650966223
19,client15,client15-79c969ddf-5ww8g,sidecar,895.1849999999995,exp1,5,400,1000.0,10,10-05-26-034603,0.035451291142375274
11,client15,client15-79c969ddf-tjkt8,client15,876.4740000000002,exp1,5,400,1000.0,10,09-05-26-115432,0.032183494047364064
11,client15,client15-79c969ddf-tjkt8,linkerd-proxy,876.273000000001,exp1,5,400,1000.0,10,09-05-26-115432,0.03220431617780231
11,client15,client15-79c969ddf-tjkt8,sidecar,874.6320000000005,exp1,5,400,1000.0,10,09-05-26-115432,0.03451001793198727
23,client15,client15-79c969ddf-trcfm,client15,961.4519999999976,exp1,5,400,1000.0,10,11-05-26-013325,0.04487273321307572
23,client15,client15-79c969ddf-trcfm,linkerd-proxy,961.2870000000004,exp1,5,400,1000.0,10,11-05-26-013325,0.04489997486295891
23,client15,client15-79c969ddf-trcfm,sidecar,959.6549999999988,exp1,5,400,1000.0,10,11-05-26-013325,0.045432603417476014
3,client16,client16-6dc7f87f54-5whgt,client16,917.9189999999994,exp1,5,400,1000.0,10,09-05-26-115432,0.04473952043424698
3,client16,client16-6dc7f87f54-5whgt,linkerd-proxy,917.544,exp1,5,400,1000.0,10,09-05-26-115432,0.04469437745148877
3,client16,client16-6dc7f87f54-5whgt,sidecar,915.5909999999994,exp1,5,400,1000.0,10,09-05-26-115432,0.044800005748818095
9,client16,client16-6dc7f87f54-9cvvx,client16,944.6219999999994,exp1,5,400,1000.0,10,11-05-26-013325,0.04720034363952491
9,client16,client16-6dc7f87f54-9cvvx,linkerd-proxy,944.5020000000004,exp1,5,400,1000.0,10,11-05-26-013325,0.04722201655277966
9,client16,client16-6dc7f87f54-9cvvx,sidecar,942.2759999999988,exp1,5,400,1000.0,10,11-05-26-013325,0.04726239043446767
19,client16,client16-6dc7f87f54-jspbt,client16,907.2330000000002,exp1,5,400,1000.0,10,10-05-26-034603,0.034719672685851244
19,client16,client16-6dc7f87f54-jspbt,linkerd-proxy,907.1579999999994,exp1,5,400,1000.0,10,10-05-26-034603,0.03474832166050959
19,client16,client16-6dc7f87f54-jspbt,sidecar,904.7880000000004,exp1,5,400,1000.0,10,10-05-26-034603,0.03473963276520975
5,client17,client17-69b85b5ccf-7hzjw,client17,860.2889999999993,exp1,5,400,1000.0,10,09-05-26-115432,0.05323618794584223
5,client17,client17-69b85b5ccf-7hzjw,linkerd-proxy,858.21,exp1,5,400,1000.0,10,09-05-26-115432,0.053562134969741826
17,client17,client17-69b85b5ccf-7hzjw,sidecar,733.1820000000007,exp1,5,400,1000.0,10,09-05-26-115432,0.03728674150366634
5,client17,client17-69b85b5ccf-8sxsw,client17,835.1579999999999,exp1,5,400,1000.0,10,10-05-26-034603,0.050249337616089434
5,client17,client17-69b85b5ccf-8sxsw,linkerd-proxy,832.5510000000004,exp1,5,400,1000.0,10,10-05-26-034603,0.05034957719417038
19,client17,client17-69b85b5ccf-8sxsw,sidecar,749.5439999999999,exp1,5,400,1000.0,10,10-05-26-034603,0.046865145702241096
9,client17,client17-69b85b5ccf-k9sc7,client17,829.0140000000001,exp1,5,400,1000.0,10,11-05-26-013325,0.04027168129041317
9,client17,client17-69b85b5ccf-k9sc7,linkerd-proxy,825.347999999999,exp1,5,400,1000.0,10,11-05-26-013325,0.04042069844040275
20,client17,client17-69b85b5ccf-k9sc7,sidecar,806.4750000000004,exp1,5,400,1000.0,10,11-05-26-013325,0.0515669383023018
5,client17,maurits-dijk-81582614client171-c4l57,hfl-train,849.2249999999995,exp1,5,400,1000.0,10,10-05-26-034603,0.04857434127085916
5,client17,maurits-dijk-81582614client171-c4l57,hfl-train-model,829.3679999999999,exp1,5,400,1000.0,10,10-05-26-034603,0.05056500161690711
3,client17,maurits-dijk-81582614client171-c4l57,sidecar,409.2209999999998,exp1,5,400,1000.0,10,10-05-26-034603,0.04428247702154445
5,client17,maurits-dijk-b239eae7client171-n2wbr,hfl-train,876.5819999999994,exp1,5,400,1000.0,10,09-05-26-115432,0.05261463634043417
5,client17,maurits-dijk-b239eae7client171-n2wbr,hfl-train-model,855.1319999999992,exp1,5,400,1000.0,10,09-05-26-115432,0.05377769597549026
23,client17,maurits-dijk-b239eae7client171-n2wbr,sidecar,739.9170000000013,exp1,5,400,1000.0,10,09-05-26-115432,0.04339551534212327
20,client17,maurits-dijk-bfb796c5client171-ckzl4,hfl-train,845.9009999999998,exp1,5,400,1000.0,10,11-05-26-013325,0.039941407156981634
9,client17,maurits-dijk-bfb796c5client171-ckzl4,hfl-train-model,822.8670000000002,exp1,5,400,1000.0,10,11-05-26-013325,0.040658749191487153
21,client17,maurits-dijk-bfb796c5client171-ckzl4,sidecar,383.5949999999975,exp1,5,400,1000.0,10,11-05-26-013325,0.04299085679314796
17,client18,client18-69db77c748-flrnf,client18,966.8909999999996,exp1,5,400,1000.0,10,10-05-26-034603,0.057642044331642106
17,client18,client18-69db77c748-flrnf,linkerd-proxy,966.6299999999992,exp1,5,400,1000.0,10,10-05-26-034603,0.057627370192717825
17,client18,client18-69db77c748-flrnf,sidecar,965.1239999999998,exp1,5,400,1000.0,10,10-05-26-034603,0.05772021824932108
24,client18,client18-69db77c748-gr9sq,client18,951.140999999996,exp1,5,400,1000.0,10,09-05-26-115432,0.05972627207216197
24,client18,client18-69db77c748-gr9sq,linkerd-proxy,950.9339999999976,exp1,5,400,1000.0,10,09-05-26-115432,0.05972630446383809
24,client18,client18-69db77c748-gr9sq,sidecar,949.061999999998,exp1,5,400,1000.0,10,09-05-26-115432,0.05975342853203014
24,client18,client18-69db77c748-twg4z,client18,919.2540000000008,exp1,5,400,1000.0,10,11-05-26-013325,0.04447020191053899
24,client18,client18-69db77c748-twg4z,linkerd-proxy,919.025999999998,exp1,5,400,1000.0,10,11-05-26-013325,0.044470237954730235
24,client18,client18-69db77c748-twg4z,sidecar,917.2949999999984,exp1,5,400,1000.0,10,11-05-26-013325,0.05352451804669475
21,client19,client19-56fccdb4d9-c6qvh,client19,937.4340000000047,exp1,5,400,1000.0,10,11-05-26-013325,0.04489567393469168
21,client19,client19-56fccdb4d9-c6qvh,linkerd-proxy,937.4190000000016,exp1,5,400,1000.0,10,11-05-26-013325,0.04494165410768655
21,client19,client19-56fccdb4d9-c6qvh,sidecar,935.6849999999996,exp1,5,400,1000.0,10,11-05-26-013325,0.053250672044308056
21,client19,client19-56fccdb4d9-lfgws,client19,977.8140000000004,exp1,5,400,1000.0,10,09-05-26-115432,0.055900467084570804
21,client19,client19-56fccdb4d9-lfgws,linkerd-proxy,977.7330000000002,exp1,5,400,1000.0,10,09-05-26-115432,0.055922960063148314
21,client19,client19-56fccdb4d9-lfgws,sidecar,975.869999999999,exp1,5,400,1000.0,10,09-05-26-115432,0.05594707434403043
17,client19,client19-56fccdb4d9-pnlxz,client19,979.6140000000014,exp1,5,400,1000.0,10,10-05-26-034603,0.05104617864871955
17,client19,client19-56fccdb4d9-pnlxz,linkerd-proxy,979.655999999999,exp1,5,400,1000.0,10,10-05-26-034603,0.05109122202317201
17,client19,client19-56fccdb4d9-pnlxz,sidecar,978.3120000000016,exp1,5,400,1000.0,10,10-05-26-034603,0.051196697955404574
12,client2,client2-86cd6d8cf7-7ndsd,client2,926.6130000000012,exp1,5,400,1000.0,10,09-05-26-115432,0.0449229874536434
12,client2,client2-86cd6d8cf7-7ndsd,linkerd-proxy,926.396999999999,exp1,5,400,1000.0,10,09-05-26-115432,0.04491412438545064
12,client2,client2-86cd6d8cf7-7ndsd,sidecar,924.7890000000024,exp1,5,400,1000.0,10,09-05-26-115432,0.04495629039122989
3,client2,client2-86cd6d8cf7-7ntxv,client2,919.9289999999996,exp1,5,400,1000.0,10,10-05-26-034603,0.043592953357771136
3,client2,client2-86cd6d8cf7-7ntxv,linkerd-proxy,919.7850000000004,exp1,5,400,1000.0,10,10-05-26-034603,0.043610722340786556
3,client2,client2-86cd6d8cf7-7ntxv,sidecar,918.1049999999996,exp1,5,400,1000.0,10,10-05-26-034603,0.04362683463332723
1,client2,client2-86cd6d8cf7-l67gz,client2,918.276,exp1,5,400,1000.0,10,11-05-26-013325,0.042127969201078974
1,client2,client2-86cd6d8cf7-l67gz,linkerd-proxy,918.141,exp1,5,400,1000.0,10,11-05-26-013325,0.0421352320435785
1,client2,client2-86cd6d8cf7-l67gz,sidecar,916.452,exp1,5,400,1000.0,10,11-05-26-013325,0.04216657593066289
19,client20,client20-65f8864f77-9p58d,client20,946.9259999999996,exp1,5,400,1000.0,10,11-05-26-013325,0.04813069731145092
19,client20,client20-65f8864f77-9p58d,linkerd-proxy,946.7430000000004,exp1,5,400,1000.0,10,11-05-26-013325,0.048129069934898294
19,client20,client20-65f8864f77-9p58d,sidecar,944.9850000000006,exp1,5,400,1000.0,10,11-05-26-013325,0.057612648544691225
21,client20,client20-65f8864f77-ff2d6,client20,963.9869999999974,exp1,5,400,1000.0,10,09-05-26-115432,0.053413998987404676
21,client20,client20-65f8864f77-ff2d6,linkerd-proxy,963.7469999999994,exp1,5,400,1000.0,10,09-05-26-115432,0.05339521016763488
21,client20,client20-65f8864f77-ff2d6,sidecar,961.9679999999988,exp1,5,400,1000.0,10,09-05-26-115432,0.06138509220510929
20,client20,client20-65f8864f77-jnsck,client20,950.7750000000032,exp1,5,400,1000.0,10,10-05-26-034603,0.03867363617785727
20,client20,client20-65f8864f77-jnsck,linkerd-proxy,950.5170000000016,exp1,5,400,1000.0,10,10-05-26-034603,0.038656046201907907
20,client20,client20-65f8864f77-jnsck,sidecar,949.3079999999992,exp1,5,400,1000.0,10,10-05-26-034603,0.04965984982464797
0,client3,client3-58c68898cd-88w9f,client3,885.4649999999999,exp1,5,400,1000.0,10,09-05-26-115432,0.032291177798971116
0,client3,client3-58c68898cd-88w9f,linkerd-proxy,885.345,exp1,5,400,1000.0,10,09-05-26-115432,0.032263882115251746
0,client3,client3-58c68898cd-88w9f,sidecar,882.9779999999998,exp1,5,400,1000.0,10,09-05-26-115432,0.03231925615428857
19,client3,client3-58c68898cd-f7r9z,client3,889.8360000000011,exp1,5,400,1000.0,10,10-05-26-034603,0.03457247888746931
19,client3,client3-58c68898cd-f7r9z,linkerd-proxy,889.7160000000003,exp1,5,400,1000.0,10,10-05-26-034603,0.03456315594514647
19,client3,client3-58c68898cd-f7r9z,sidecar,887.1420000000016,exp1,5,400,1000.0,10,10-05-26-034603,0.03456698303610439
10,client3,client3-58c68898cd-s6n9c,client3,940.3979999999992,exp1,5,400,1000.0,10,11-05-26-013325,0.044528109658270754
10,client3,client3-58c68898cd-s6n9c,linkerd-proxy,940.2780000000002,exp1,5,400,1000.0,10,11-05-26-013325,0.0445277200342695
10,client3,client3-58c68898cd-s6n9c,sidecar,937.902,exp1,5,400,1000.0,10,11-05-26-013325,0.04459244564750672
5,client4,client4-744474fb99-jvf8k,client4,899.6880000000001,exp1,5,400,1000.0,10,09-05-26-115432,0.040675730213364875
5,client4,client4-744474fb99-jvf8k,linkerd-proxy,899.5050000000006,exp1,5,400,1000.0,10,09-05-26-115432,0.040664372354884376
5,client4,client4-744474fb99-jvf8k,sidecar,897.3959999999997,exp1,5,400,1000.0,10,09-05-26-115432,0.040781421371932414
5,client4,client4-744474fb99-klt9f,client4,870.3359999999993,exp1,5,400,1000.0,10,10-05-26-034603,0.032475842899360924
5,client4,client4-744474fb99-klt9f,linkerd-proxy,870.4109999999991,exp1,5,400,1000.0,10,10-05-26-034603,0.03251038847762444
5,client4,client4-744474fb99-klt9f,sidecar,867.9269999999997,exp1,5,400,1000.0,10,10-05-26-034603,0.032542271525009436
9,client4,client4-744474fb99-lrqjl,client4,922.3170000000008,exp1,5,400,1000.0,10,11-05-26-013325,0.0458823639526377
9,client4,client4-744474fb99-lrqjl,linkerd-proxy,922.2569999999996,exp1,5,400,1000.0,10,11-05-26-013325,0.04589724917957916
9,client4,client4-744474fb99-lrqjl,sidecar,919.8360000000002,exp1,5,400,1000.0,10,11-05-26-013325,0.04596404455330441
4,client5,client5-7d5ff7f8b4-4d9zq,client5,775.4730000000004,exp1,5,400,1000.0,10,11-05-26-013325,0.034916868799791084
4,client5,client5-7d5ff7f8b4-4d9zq,linkerd-proxy,771.5760000000005,exp1,5,400,1000.0,10,11-05-26-013325,0.035031464000707696
18,client5,client5-7d5ff7f8b4-4d9zq,sidecar,735.8009999999995,exp1,5,400,1000.0,10,11-05-26-013325,0.052581318228096724
11,client5,client5-7d5ff7f8b4-8mfk8,client5,781.3769999999995,exp1,5,400,1000.0,10,10-05-26-034603,0.03505765527752319
11,client5,client5-7d5ff7f8b4-8mfk8,linkerd-proxy,777.0959999999995,exp1,5,400,1000.0,10,10-05-26-034603,0.03492883597142524
14,client5,client5-7d5ff7f8b4-8mfk8,sidecar,691.5029999999988,exp1,5,400,1000.0,10,10-05-26-034603,0.040106043171103306
23,client5,client5-7d5ff7f8b4-f9lnw,client5,823.2119999999977,exp1,5,400,1000.0,10,09-05-26-115432,0.04084786545725311
23,client5,client5-7d5ff7f8b4-f9lnw,linkerd-proxy,821.0610000000015,exp1,5,400,1000.0,10,09-05-26-115432,0.04134213025821043
23,client5,client5-7d5ff7f8b4-f9lnw,sidecar,763.7700000000004,exp1,5,400,1000.0,10,09-05-26-115432,0.05266356144942508
11,client5,maurits-dijk-81582614client51-2pfdp,hfl-train,798.6180000000013,exp1,5,400,1000.0,10,10-05-26-034603,0.03489219340811067
11,client5,maurits-dijk-81582614client51-2pfdp,hfl-train-model,774.6330000000016,exp1,5,400,1000.0,10,10-05-26-034603,0.034995961963045996
14,client5,maurits-dijk-81582614client51-2pfdp,sidecar,747.3989999999994,exp1,5,400,1000.0,10,10-05-26-034603,0.05178275304824767
23,client5,maurits-dijk-b239eae7client51-hbpb5,hfl-train,838.6800000000003,exp1,5,400,1000.0,10,09-05-26-115432,0.04005509724403117
23,client5,maurits-dijk-b239eae7client51-hbpb5,hfl-train-model,818.6730000000007,exp1,5,400,1000.0,10,09-05-26-115432,0.041436124239967925
5,client5,maurits-dijk-b239eae7client51-hbpb5,sidecar,694.5059999999999,exp1,5,400,1000.0,10,09-05-26-115432,0.04198287369134998
4,client5,maurits-dijk-bfb796c5client51-rjxn5,hfl-train,789.348,exp1,5,400,1000.0,10,11-05-26-013325,0.033529900375835
4,client5,maurits-dijk-bfb796c5client51-rjxn5,hfl-train-model,769.6289999999999,exp1,5,400,1000.0,10,11-05-26-013325,0.03518637319706569
4,client5,maurits-dijk-bfb796c5client51-rjxn5,sidecar,730.29,exp1,5,400,1000.0,10,11-05-26-013325,0.04561904316118229
9,client6,client6-785d875985-9c2rl,client6,893.0729999999994,exp1,5,400,1000.0,10,11-05-26-013325,0.036769429293370015
9,client6,client6-785d875985-9c2rl,linkerd-proxy,892.9530000000004,exp1,5,400,1000.0,10,11-05-26-013325,0.03678682880838338
9,client6,client6-785d875985-9c2rl,sidecar,890.5649999999996,exp1,5,400,1000.0,10,11-05-26-013325,0.03679896651349296
5,client6,client6-785d875985-cqnjz,client6,926.2769999999992,exp1,5,400,1000.0,10,10-05-26-034603,0.042552299493932105
5,client6,client6-785d875985-cqnjz,linkerd-proxy,925.902,exp1,5,400,1000.0,10,10-05-26-034603,0.04253280924848388
5,client6,client6-785d875985-cqnjz,sidecar,923.3909999999996,exp1,5,400,1000.0,10,10-05-26-034603,0.0425420839457418
11,client6,client6-785d875985-mzcq6,client6,956.241,exp1,5,400,1000.0,10,09-05-26-115432,0.053386488701008594
11,client6,client6-785d875985-mzcq6,linkerd-proxy,956.1510000000015,exp1,5,400,1000.0,10,09-05-26-115432,0.05346052738217577
11,client6,client6-785d875985-mzcq6,sidecar,953.6220000000012,exp1,5,400,1000.0,10,09-05-26-115432,0.05346732180427008
19,client7,client7-544486cc98-7rnwn,client7,909.8640000000014,exp1,5,400,1000.0,10,10-05-26-034603,0.04251111676831265
19,client7,client7-544486cc98-7rnwn,linkerd-proxy,909.630000000001,exp1,5,400,1000.0,10,10-05-26-034603,0.04254679045277329
19,client7,client7-544486cc98-7rnwn,sidecar,908.2170000000006,exp1,5,400,1000.0,10,10-05-26-034603,0.04254887178021091
0,client7,client7-544486cc98-dnmvv,client7,953.055,exp1,5,400,1000.0,10,09-05-26-115432,0.05196480385206631
0,client7,client7-544486cc98-dnmvv,linkerd-proxy,952.59,exp1,5,400,1000.0,10,09-05-26-115432,0.05195359036571795
0,client7,client7-544486cc98-dnmvv,sidecar,951.384,exp1,5,400,1000.0,10,09-05-26-115432,0.05202540820178167
18,client7,client7-544486cc98-mvv77,client7,916.0859999999992,exp1,5,400,1000.0,10,11-05-26-013325,0.04080616922026162
18,client7,client7-544486cc98-mvv77,linkerd-proxy,915.732,exp1,5,400,1000.0,10,11-05-26-013325,0.040811864086411104
18,client7,client7-544486cc98-mvv77,sidecar,914.414999999999,exp1,5,400,1000.0,10,11-05-26-013325,0.0408341199049633
16,client8,client8-5845965f99-ds584,client8,877.3919999999998,exp1,5,400,1000.0,10,09-05-26-115432,0.03836770055039365
16,client8,client8-5845965f99-ds584,linkerd-proxy,877.0920000000006,exp1,5,400,1000.0,10,09-05-26-115432,0.038381866281759075
16,client8,client8-5845965f99-ds584,sidecar,875.8260000000009,exp1,5,400,1000.0,10,09-05-26-115432,0.05157816321827899
13,client8,client8-5845965f99-p25sh,client8,957.585000000001,exp1,5,400,1000.0,10,10-05-26-034603,0.050829804078211804
13,client8,client8-5845965f99-p25sh,linkerd-proxy,957.09,exp1,5,400,1000.0,10,10-05-26-034603,0.05080995901139612
13,client8,client8-5845965f99-p25sh,sidecar,955.8960000000023,exp1,5,400,1000.0,10,10-05-26-034603,0.059994338601532
5,client8,client8-5845965f99-p8mbp,client8,957.75,exp1,5,400,1000.0,10,11-05-26-013325,0.053035487167590295
5,client8,client8-5845965f99-p8mbp,linkerd-proxy,957.42,exp1,5,400,1000.0,10,11-05-26-013325,0.05304903599063501
5,client8,client8-5845965f99-p8mbp,sidecar,876.9989999999993,exp1,5,400,1000.0,10,11-05-26-013325,0.047516257154646524
19,client9,client9-d68fb99b4-gr84d,client9,801.7950000000001,exp1,5,400,1000.0,10,10-05-26-034603,0.03391364558121407
19,client9,client9-d68fb99b4-gr84d,linkerd-proxy,800.4629999999979,exp1,5,400,1000.0,10,10-05-26-034603,0.03408739729124863
0,client9,client9-d68fb99b4-gr84d,sidecar,778.548,exp1,5,400,1000.0,10,10-05-26-034603,0.045908681407674984
3,client9,client9-d68fb99b4-hjtc7,client9,826.8570000000004,exp1,5,400,1000.0,10,11-05-26-013325,0.036952290674893196
3,client9,client9-d68fb99b4-hjtc7,linkerd-proxy,826.5810000000001,exp1,5,400,1000.0,10,11-05-26-013325,0.03739714699566049
18,client9,client9-d68fb99b4-hjtc7,sidecar,718.7160000000003,exp1,5,400,1000.0,10,11-05-26-013325,0.04844754133705759
0,client9,client9-d68fb99b4-mgqrg,client9,843.6870000000001,exp1,5,400,1000.0,10,09-05-26-115432,0.03812176573622797
0,client9,client9-d68fb99b4-mgqrg,linkerd-proxy,840.4529999999999,exp1,5,400,1000.0,10,09-05-26-115432,0.037527992645991964
20,client9,client9-d68fb99b4-mgqrg,sidecar,743.367000000002,exp1,5,400,1000.0,10,09-05-26-115432,0.05312322547285936
19,client9,maurits-dijk-81582614client91-czhlm,hfl-train,816.7830000000013,exp1,5,400,1000.0,10,10-05-26-034603,0.033286014116301305
19,client9,maurits-dijk-81582614client91-czhlm,hfl-train-model,794.7089999999989,exp1,5,400,1000.0,10,10-05-26-034603,0.03425058722032848
19,client9,maurits-dijk-81582614client91-czhlm,sidecar,774.7080000000005,exp1,5,400,1000.0,10,10-05-26-034603,0.0474984256170555
0,client9,maurits-dijk-b239eae7client91-fs6fc,hfl-train,856.9620000000001,exp1,5,400,1000.0,10,09-05-26-115432,0.03655333953788101
0,client9,maurits-dijk-b239eae7client91-fs6fc,hfl-train-model,835.7429999999999,exp1,5,400,1000.0,10,09-05-26-115432,0.03793725010194973
4,client9,maurits-dijk-b239eae7client91-fs6fc,sidecar,474.50700000000006,exp1,5,400,1000.0,10,09-05-26-115432,0.052235306713955015
3,client9,maurits-dijk-bfb796c5client91-jx4hj,hfl-train,843.4409999999998,exp1,5,400,1000.0,10,11-05-26-013325,0.036562157427513814
3,client9,maurits-dijk-bfb796c5client91-jx4hj,hfl-train-model,820.4699999999998,exp1,5,400,1000.0,10,11-05-26-013325,0.03757606564238308
9,client9,maurits-dijk-bfb796c5client91-jx4hj,sidecar,774.5039999999999,exp1,5,400,1000.0,10,11-05-26-013325,0.05158618505672424
13,orchestrator,orchestrator-555f7b7c9d-c546k,linkerd-proxy,416.4299999999994,exp1,5,400,1000.0,10,09-05-26-115432,0.02951534907047587
1,orchestrator,orchestrator-555f7b7c9d-c546k,orchestrator,153.33300000000003,exp1,5,400,1000.0,10,09-05-26-115432,0.0624307901215469
1,orchestrator,orchestrator-555f7b7c9d-c546k,sidecar,251.44800000000004,exp1,5,400,1000.0,10,09-05-26-115432,0.04492958941359659
21,orchestrator,orchestrator-555f7b7c9d-mxmbg,linkerd-proxy,410.1689999999999,exp1,5,400,1000.0,10,10-05-26-034603,0.027697376126931073
22,orchestrator,orchestrator-555f7b7c9d-mxmbg,orchestrator,140.8800000000001,exp1,5,400,1000.0,10,10-05-26-034603,0.0814293910516544
3,orchestrator,orchestrator-555f7b7c9d-mxmbg,sidecar,231.4590000000001,exp1,5,400,1000.0,10,10-05-26-034603,0.05737509411373534
0,orchestrator,orchestrator-555f7b7c9d-z7lq7,linkerd-proxy,416.898,exp1,5,400,1000.0,10,11-05-26-013325,0.030325372712491028
23,orchestrator,orchestrator-555f7b7c9d-z7lq7,orchestrator,327.41100000000097,exp1,5,400,1000.0,10,11-05-26-013325,0.08405247744692329
7,orchestrator,orchestrator-555f7b7c9d-z7lq7,sidecar,224.5709999999999,exp1,5,400,1000.0,10,11-05-26-013325,0.05524739751560562
13,orchestrator,policy-enforcer-cb8dccbd8-72jc6,linkerd-proxy,416.2529999999997,exp1,5,400,1000.0,10,09-05-26-115432,0.029429794965787986
4,orchestrator,policy-enforcer-cb8dccbd8-72jc6,policy-enforcer,291.1200000000001,exp1,5,400,1000.0,10,09-05-26-115432,0.08107424837348542
4,orchestrator,policy-enforcer-cb8dccbd8-72jc6,sidecar,402.3480000000002,exp1,5,400,1000.0,10,09-05-26-115432,0.042904227262118566
21,orchestrator,policy-enforcer-cb8dccbd8-clc8d,linkerd-proxy,410.0729999999994,exp1,5,400,1000.0,10,10-05-26-034603,0.027652807744963565
23,orchestrator,policy-enforcer-cb8dccbd8-clc8d,policy-enforcer,335.7420000000002,exp1,5,400,1000.0,10,10-05-26-034603,0.0751701579059667
1,orchestrator,policy-enforcer-cb8dccbd8-clc8d,sidecar,238.152,exp1,5,400,1000.0,10,10-05-26-034603,0.05330437614367753
0,orchestrator,policy-enforcer-cb8dccbd8-rbjh9,linkerd-proxy,416.817,exp1,5,400,1000.0,10,11-05-26-013325,0.030294406804442175
8,orchestrator,policy-enforcer-cb8dccbd8-rbjh9,policy-enforcer,287.93100000000004,exp1,5,400,1000.0,10,11-05-26-013325,0.07039534270307535
0,orchestrator,policy-enforcer-cb8dccbd8-rbjh9,sidecar,207.096,exp1,5,400,1000.0,10,11-05-26-013325,0.06039378443308599
1,server,maurits-dijk-81582614server1-ps2jh,hfl-train,583.515,exp1,5,400,1000.0,10,10-05-26-034603,0.03405056691128852
1,server,maurits-dijk-81582614server1-ps2jh,hfl-train-model,962.511,exp1,5,400,1000.0,10,10-05-26-034603,0.035670132646932584
7,server,maurits-dijk-81582614server1-ps2jh,sidecar,536.433,exp1,5,400,1000.0,10,10-05-26-034603,0.04650948967627749
13,server,maurits-dijk-b239eae7server1-7wgtn,hfl-train,632.9009999999998,exp1,5,400,1000.0,10,09-05-26-115432,0.04644090126083161
4,server,maurits-dijk-b239eae7server1-7wgtn,hfl-train-model,918.2700000000004,exp1,5,400,1000.0,10,09-05-26-115432,0.026784389259474073
1,server,maurits-dijk-b239eae7server1-7wgtn,sidecar,517.398,exp1,5,400,1000.0,10,09-05-26-115432,0.04332891598918745
19,server,maurits-dijk-bfb796c5server1-f6zsr,hfl-train,578.844000000001,exp1,5,400,1000.0,10,11-05-26-013325,0.035628609351527674
13,server,maurits-dijk-bfb796c5server1-f6zsr,hfl-train-model,895.6620000000003,exp1,5,400,1000.0,10,11-05-26-013325,0.029037034823092306
13,server,maurits-dijk-bfb796c5server1-f6zsr,sidecar,479.607,exp1,5,400,1000.0,10,11-05-26-013325,0.04962677987718089
1,server,server-656f98b57f-6gmh8,linkerd-proxy,589.1999999999998,exp1,5,400,1000.0,10,10-05-26-034603,0.03429223394030015
1,server,server-656f98b57f-6gmh8,server,602.9760000000001,exp1,5,400,1000.0,10,10-05-26-034603,0.03242559900461239
23,server,server-656f98b57f-6gmh8,sidecar,548.0430000000015,exp1,5,400,1000.0,10,10-05-26-034603,0.04114265240043713
19,server,server-656f98b57f-gjfjl,linkerd-proxy,582.6449999999986,exp1,5,400,1000.0,10,11-05-26-013325,0.03526044855443031
19,server,server-656f98b57f-gjfjl,server,600.8189999999995,exp1,5,400,1000.0,10,11-05-26-013325,0.03535339989878794
2,server,server-656f98b57f-gjfjl,sidecar,528.393,exp1,5,400,1000.0,10,11-05-26-013325,0.04075761757222446
13,server,server-656f98b57f-n5z8p,linkerd-proxy,637.7640000000001,exp1,5,400,1000.0,10,09-05-26-115432,0.04627494945703331
13,server,server-656f98b57f-n5z8p,server,657.8280000000004,exp1,5,400,1000.0,10,09-05-26-115432,0.045880392147713916
13,server,server-656f98b57f-n5z8p,sidecar,578.6100000000006,exp1,5,400,1000.0,10,09-05-26-115432,0.04776757455231684
